id,61.0,111.0,188.0,285.0,361.0
0,0,0,3,7,5
1,0,0,3,7,5
10,0,0,0,22,104
100,0,1,1,5,8
1000,0,0,0,6,7
10000,7,383,1818,6213,5255
10001,0,2,71,6214,5256
10002,0,0,22,41,464
10003,2,28,3241,1530,9003
10004,2,28,3242,1531,9004
10005,0,6,7,101,286
10006,0,0,22,41,79
10007,0,0,0,58,285
10008,0,0,22,41,2074
10009,0,0,22,41,2075
1001,0,0,0,3,3
10010,0,0,37,65,134
10011,7,384,1819,6215,5257
10012,0,0,37,65,134
10013,7,1995,659,4018,2076
10014,0,0,37,65,134
10015,7,385,1820,6216,5258
10016,7,386,1821,6217,5259
10017,0,0,22,41,79
10018,2,1228,3243,1532,9005
10019,0,0,0,58,285
1002,0,0,0,2,1
10020,0,0,22,41,5260
10021,0,0,22,41,79
10022,0,2,71,6218,5261
10023,0,0,37,65,344
10024,7,1229,3244,1533,9006
10025,7,1230,3245,1534,9007
10026,0,0,1822,6219,5262
10027,0,6,7,101,286
10028,0,0,0,249,2077
10029,0,0,0,421,890
1003,0,0,0,6,17
10030,0,0,22,41,79
10031,0,0,22,41,79
10032,0,0,22,41,79
10033,0,0,22,41,79
10034,0,0,660,4019,2078
10035,0,0,22,41,5263
10036,0,0,22,41,79
10037,0,0,0,1535,9008
10038,0,0,0,38,45
10039,0,0,0,0,0
1004,0,1,1,5,8
10040,0,0,0,0,0
10041,0,0,0,0,0
10042,0,0,9,35,43
10043,0,0,40,87,123
10044,0,2,2,10,26
10045,0,0,40,87,123
10046,0,0,40,87,123
10047,0,0,0,3,3
10048,0,0,0,3,41
10049,0,1,1,224,672
1005,0,5,5,11,12
10050,0,1,1,224,672
10051,0,1,1,224,5264
10052,0,1,1,224,5265
10053,0,1,3246,1536,9009
10054,0,1,1,4,2079
10055,0,1,1,6220,5266
10056,0,0,0,3,3
10057,0,2,2,18,457
10058,0,1,1,1537,9010
10059,0,1,1,4,9011
1006,0,0,0,2,1
10060,0,2,2,1538,9012
10061,0,0,0,0,0
10062,0,6,3247,1539,9013
10063,0,0,0,0,0
10064,0,0,0,0,0
10065,0,0,0,6221,5267
10066,0,0,0,1540,9014
10067,0,0,0,0,0
10068,0,6,7,17,18
10069,0,0,0,6222,5268
1007,0,0,0,6,14
10070,0,0,0,6223,5269
10071,0,2,2,10,2080
10072,0,0,0,6224,5270
10073,0,0,3248,1541,9015
10074,0,0,0,0,0
10075,0,0,0,0,0
10076,0,0,0,0,0
10077,0,0,0,0,0
10078,0,1,1,422,891
10079,0,0,0,48,559
1008,0,0,0,6,7863
10080,0,0,0,0,0
10081,0,1,1,5,13
10082,0,387,1823,6225,5271
10083,0,0,661,4020,2081
10084,0,0,0,1,4
10085,0,0,0,1,2082
10086,0,4,4,8,20
10087,0,0,0,2,1
10088,0,1,1,21,86
10089,0,0,0,1,117
1009,0,1,1,5,8
10090,0,0,0,2,1
10091,0,4,4,153,5272
10092,0,0,0,6226,5273
10093,0,0,0,0,271
10094,0,2,2,10,5274
10095,0,0,0,0,0
10096,0,0,0,0,0
10097,0,0,0,0,0
10098,83,1231,3249,1542,9016
10099,84,1232,3250,1543,9017
101,0,1,1,3282,1028
1010,0,0,0,3,3
10100,2,31,104,6227,5275
10101,0,0,0,1544,9018
10102,0,0,0,0,0
10103,0,0,0,0,9019
10104,244,388,1824,6228,5276
10105,245,389,1825,6229,5277
10106,0,0,0,0,0
10107,0,6,7,17,2083
10108,0,0,0,0,0
10109,0,0,0,6230,5278
1011,0,1,1,4,6
10110,0,0,0,6231,5279
10111,0,0,0,0,0
10112,0,0,0,296,938
10113,0,0,0,0,0
10114,0,0,3251,1545,9020
10115,0,0,0,0,0
10116,0,390,1826,6232,5280
10117,0,0,0,0,0
10118,0,0,0,0,0
10119,0,0,0,0,9021
1012,0,1,1,4,4074
10120,0,0,0,0,0
10121,0,0,0,0,0
10122,0,0,0,0,0
10123,0,2,2,10,15
10124,0,3,6,1546,9022
10125,0,1,1,4,6
10126,0,3,6,4021,2084
10127,0,0,0,3,3
10128,0,3,6,1547,9023
10129,0,1,1,4,6
1013,0,0,0,3,3
10130,0,1,1,4,6
10131,0,3,6,4022,2085
10132,0,1,1,4,6
10133,0,0,0,3,41
10134,0,90,3252,1548,9024
10135,0,0,0,0,0
10136,0,0,0,0,0
10137,0,2,2,10,5281
10138,0,0,0,0,0
10139,0,0,0,0,0
1014,0,1,1,4,6
10140,0,391,1827,6233,5282
10141,0,6,7,1549,9025
10142,246,392,1828,6234,5283
10143,0,0,0,0,0
10144,0,0,0,0,0
10145,0,0,0,0,0
10146,0,0,0,0,892
10147,0,0,0,0,0
10148,0,0,0,0,0
10149,0,0,0,0,0
1015,0,1,1,4,6
10150,0,0,0,0,0
10151,0,0,0,0,0
10152,0,0,0,0,0
10153,0,0,0,1550,9026
10154,0,2,2,10,15
10155,0,6,7,17,458
10156,0,6,7,17,663
10157,0,0,0,4023,2086
10158,0,6,7,607,664
10159,0,0,0,0,0
1016,0,2,1408,5399,4075
10160,0,2,2,10,15
10161,0,0,0,0,0
10162,2,1996,662,4024,2087
10163,0,0,0,0,0
10164,2,393,1829,6235,5284
10165,0,0,0,0,0
10166,0,0,0,0,0
10167,0,0,0,0,0
10168,2,73,663,4025,2088
10169,0,0,0,0,0
1017,0,0,0,3,7864
10170,0,0,0,0,0
10171,0,0,0,0,0
10172,0,0,0,0,0
10173,0,0,0,0,0
10174,0,0,0,0,465
10175,0,0,0,0,465
10176,0,95,176,6236,5285
10177,0,0,9,280,551
10178,0,0,0,16,24
10179,0,0,0,14,435
1018,0,3,8,155,1112
10180,0,0,0,294,466
10181,0,0,0,0,0
10182,0,0,0,0,0
10183,0,0,0,0,0
10184,0,0,0,14,22
10185,0,2,2,10,68
10186,0,0,0,0,0
10187,0,0,0,0,0
10188,0,0,0,13,10
10189,0,1,1,4,6
1019,0,0,0,2,61
10190,0,1,1,4,6
10191,0,0,0,3,3
10192,0,0,0,3,3
10193,0,0,0,3,3
10194,0,0,0,3,3
10195,0,1,1,4,9027
10196,0,1,1,4,251
10197,0,1,1,4,6
10198,0,3,3253,1551,9028
10199,0,3,237,6237,5286
102,0,0,2779,644,7761
1020,0,0,2815,709,7865
10200,0,3,20,340,2089
10201,0,0,0,3,3
10202,0,3,20,340,2090
10203,0,3,3254,1552,9029
10204,0,3,664,4026,2091
10205,0,1,1,4,287
10206,0,3,6,26,5287
10207,0,1,1,4,5288
10208,0,3,6,6238,5289
10209,0,2,2,18,16
1021,0,0,0,3336,1113
10210,0,3,20,1553,9030
10211,0,3,20,340,9031
10212,0,1,1,4,33
10213,0,1,1,4,6
10214,0,3,237,4027,2092
10215,0,1,1,4,288
10216,0,1,1,4,6
10217,0,0,0,3,3
10218,0,1,1,4,6
10219,0,3,6,1554,9032
1022,0,1,1,4,6
10220,0,0,0,3,3
10221,0,3,8,4028,2093
10222,0,0,0,3,3
10223,0,0,0,3,3
10224,0,3,6,563,9033
10225,0,0,0,3,3
10226,0,1,1,4,6
10227,0,1,1,4,6
10228,0,0,0,0,0
10229,0,0,1830,6239,5290
1023,0,1,1,4,4076
10230,0,0,0,0,0
10231,0,0,0,3,41
10232,0,3,6,1555,9034
10233,0,0,0,6240,5291
10234,0,0,0,0,0
10235,0,0,0,0,0
10236,0,0,0,0,0
10237,0,0,0,0,0
10238,0,0,0,0,0
10239,0,0,0,0,2094
1024,0,1,1,4,6
10240,0,1997,665,4029,2095
10241,0,0,0,0,0
10242,0,6,7,17,18
10243,0,2,1831,6241,5292
10244,0,0,0,0,0
10245,0,0,0,0,0
10246,0,0,0,0,0
10247,0,0,0,0,0
10248,0,2,2,10,15
10249,0,0,0,0,0
1025,0,1,1,61,92
10250,0,0,0,0,0
10251,0,0,0,0,0
10252,0,0,0,0,0
10253,0,0,0,0,0
10254,0,0,0,1556,9035
10255,0,0,0,0,0
10256,0,0,0,0,0
10257,0,0,0,0,0
10258,0,0,0,0,0
10259,0,0,0,0,0
1026,0,1,1,62,7866
10260,0,0,0,0,0
10261,0,0,0,0,0
10262,0,0,0,0,0
10263,0,0,0,0,0
10264,0,0,0,0,0
10265,0,0,0,0,0
10266,0,0,0,0,0
10267,0,2,2,10,15
10268,0,2,2,10,15
10269,0,2,2,10,15
1027,0,1,1,4,6
10270,0,0,0,0,0
10271,0,0,0,0,0
10272,0,2,2,10,15
10273,2,1998,666,4030,2096
10274,0,2,2,10,15
10275,0,0,3255,1557,9036
10276,0,0,0,0,0
10277,0,0,0,0,0
10278,0,0,0,0,0
10279,0,0,0,0,0
1028,0,1,1,5400,4077
10280,0,0,0,0,0
10281,0,0,0,0,9037
10282,0,0,0,0,0
10283,0,0,0,0,5293
10284,0,0,0,0,0
10285,0,0,0,0,0
10286,0,0,0,1558,9038
10287,0,0,0,0,0
10288,0,0,0,0,0
10289,0,2,2,10,5294
1029,0,1,1,509,595
10290,0,0,0,0,0
10291,0,0,0,0,0
10292,0,0,0,0,0
10293,0,0,0,0,0
10294,0,0,0,0,0
10295,0,0,0,0,0
10296,0,0,0,0,0
10297,0,0,0,0,0
10298,0,0,0,0,0
10299,0,0,0,0,9039
103,0,5,5,11,270
1030,0,1,1,24,55
10300,0,2,2,4031,2097
10301,0,0,0,0,0
10302,0,0,0,0,660
10303,0,0,0,0,0
10304,0,0,0,0,0
10305,0,0,0,0,0
10306,0,0,0,0,0
10307,0,0,0,0,0
10308,0,0,0,0,887
10309,0,0,0,0,0
1031,0,3,1409,5401,4078
10310,0,0,0,0,0
10311,0,0,0,0,0
10312,0,0,0,0,0
10313,0,6,7,17,18
10314,0,0,0,0,0
10315,0,2,2,10,15
10316,0,0,0,0,0
10317,0,2,2,10,15
10318,0,0,0,0,0
10319,0,1233,3256,1559,9040
1032,0,0,0,3,41
10320,0,0,0,0,0
10321,0,0,0,0,0
10322,0,0,0,0,0
10323,0,0,0,0,0
10324,0,0,0,0,0
10325,0,0,0,0,0
10326,0,2,2,10,15
10327,0,6,7,17,18
10328,0,0,0,0,0
10329,0,2,2,10,5295
1033,0,1,1,330,1114
10330,0,0,0,0,0
10331,0,6,7,17,18
10332,0,6,7,17,18
10333,0,0,0,0,0
10334,0,0,0,0,0
10335,0,0,0,0,0
10336,0,0,0,0,0
10337,0,0,0,0,0
10338,0,2,2,10,2098
10339,0,6,7,17,18
1034,0,1,1410,5402,4079
10340,0,0,0,0,0
10341,0,0,0,0,0
10342,0,0,0,0,0
10343,0,0,0,0,0
10344,0,6,7,17,18
10345,0,0,0,0,2099
10346,0,0,0,0,0
10347,0,0,0,0,0
10348,0,0,0,6242,5296
10349,0,0,0,0,0
1035,0,1,1,213,7867
10350,0,0,0,1560,9041
10351,0,0,0,0,0
10352,0,0,0,0,0
10353,0,0,0,0,0
10354,0,0,0,1561,9042
10355,0,0,0,0,0
10356,0,0,0,0,0
10357,0,0,0,0,0
10358,0,0,0,0,0
10359,0,0,0,0,9043
1036,0,1,1,371,4080
10360,0,6,7,17,5297
10361,0,0,3257,1562,9044
10362,0,2,2,6243,5298
10363,0,2,2,10,15
10364,0,0,0,0,0
10365,0,0,0,0,0
10366,0,0,0,0,0
10367,0,0,0,0,0
10368,0,0,0,0,0
10369,0,0,0,0,0
1037,0,1,1,710,7868
10370,0,0,0,0,0
10371,0,6,7,17,18
10372,0,0,0,0,0
10373,0,0,0,0,0
10374,0,0,0,0,0
10375,0,2,2,10,15
10376,0,2,2,10,15
10377,0,0,0,0,0
10378,0,0,0,0,0
10379,0,0,0,0,0
1038,0,0,0,173,832
10380,0,6,7,17,18
10381,0,0,0,0,0
10382,0,0,0,0,0
10383,0,0,0,0,0
10384,0,0,0,0,0
10385,0,0,0,0,0
10386,0,0,0,0,0
10387,0,0,0,0,0
10388,0,0,3258,1563,9045
10389,0,6,7,17,18
1039,0,0,295,3337,1115
10390,0,0,0,0,0
10391,0,2,2,10,9046
10392,0,0,0,0,0
10393,0,0,0,0,0
10394,0,0,0,0,0
10395,0,2,2,4032,2100
10396,0,2,3259,1564,9047
10397,0,6,7,17,18
10398,0,0,0,0,0
10399,0,0,0,0,0
104,0,5,5,11,114
1040,0,0,0,173,611
10400,0,0,0,0,0
10401,0,2,2,4033,2101
10402,0,0,0,0,0
10403,0,2,2,10,9048
10404,0,0,0,0,5299
10405,0,0,0,6244,5300
10406,0,0,0,0,0
10407,0,0,0,0,0
10408,0,0,0,0,0
10409,0,0,0,0,368
1041,0,0,0,711,7869
10410,0,6,7,17,18
10411,0,0,0,1565,9049
10412,0,0,0,0,0
10413,0,0,0,0,0
10414,0,0,0,6245,5301
10415,0,0,0,0,5302
10416,0,0,0,0,5303
10417,0,0,0,1566,9050
10418,0,0,0,0,2102
10419,0,0,0,0,0
1042,0,0,296,3338,1116
10420,0,0,0,0,368
10421,0,0,0,0,0
10422,0,6,7,6246,5304
10423,0,0,0,0,0
10424,0,0,0,0,0
10425,0,0,0,0,0
10426,0,0,0,0,0
10427,0,0,0,0,0
10428,0,0,0,0,0
10429,0,6,7,17,18
1043,0,0,0,173,832
10430,0,0,0,0,0
10431,0,2,2,10,15
10432,0,0,0,0,0
10433,0,0,0,0,0
10434,0,0,0,6247,5305
10435,0,0,0,0,0
10436,0,0,0,0,0
10437,0,0,0,0,0
10438,0,0,0,0,0
10439,0,2,2,10,15
1044,0,12,14,3339,1117
10440,0,2,2,10,9051
10441,0,0,0,1567,9052
10442,0,1234,3260,1568,9053
10443,0,2,2,10,15
10444,0,0,0,6248,5306
10445,0,0,0,1569,9054
10446,0,0,0,0,0
10447,0,0,0,1570,9055
10448,0,0,0,0,0
10449,0,6,7,17,18
1045,0,0,0,173,7870
10450,0,0,1832,6249,5307
10451,0,0,0,1571,9056
10452,0,0,0,0,0
10453,0,0,0,0,0
10454,0,0,0,0,0
10455,0,0,0,0,0
10456,0,0,0,0,0
10457,0,0,0,0,0
10458,0,0,0,0,0
10459,0,0,0,0,0
1046,0,0,0,2,1
10460,0,0,0,0,0
10461,0,0,0,0,0
10462,0,0,0,0,0
10463,0,0,0,0,0
10464,0,6,7,17,18
10465,0,0,0,0,0
10466,0,2,2,10,15
10467,0,0,0,0,0
10468,0,2,2,10,15
10469,0,0,0,0,5308
1047,0,0,0,6,76
10470,0,2,2,10,15
10471,0,0,0,0,9057
10472,0,0,0,0,0
10473,0,0,0,0,0
10474,2,1235,3261,1572,9058
10475,0,0,0,0,0
10476,0,0,0,0,0
10477,0,0,0,0,0
10478,0,0,0,0,0
10479,0,0,0,0,0
1048,0,0,0,5403,4081
10480,0,0,0,0,0
10481,0,0,0,0,0
10482,0,2,2,10,15
10483,0,0,0,0,0
10484,0,0,0,0,0
10485,0,6,7,17,18
10486,0,6,7,17,18
10487,0,0,0,0,0
10488,0,0,0,0,0
10489,0,2,2,10,9059
1049,0,0,0,81,221
10490,0,2,2,10,15
10491,0,2,3262,1573,9060
10492,0,0,0,0,0
10493,0,2,1833,6250,5309
10494,0,0,0,0,0
10495,0,0,0,0,0
10496,0,0,0,0,0
10497,0,2,2,10,5310
10498,0,6,7,17,18
10499,0,0,0,0,0
105,0,5,5,11,12
1050,0,0,0,6,76
10500,0,0,0,0,0
10501,0,0,0,0,0
10502,0,394,1834,6251,5311
10503,0,0,0,0,9061
10504,0,0,0,0,9062
10505,0,1236,3263,1574,9063
10506,0,0,0,0,0
10507,0,6,7,17,18
10508,0,6,7,17,18
10509,0,0,0,0,0
1051,0,0,0,16,24
10510,0,0,0,0,0
10511,0,0,0,0,0
10512,0,0,0,0,0
10513,0,0,0,0,0
10514,0,0,0,4034,2103
10515,0,0,0,0,9064
10516,0,0,0,0,0
10517,0,0,0,0,0
10518,0,0,0,0,837
10519,0,5,5,11,12
1052,0,0,0,16,24
10520,0,1,1,5,8
10521,0,0,0,6,7
10522,0,0,0,6,9065
10523,0,0,0,6,14
10524,0,1,1,5,8
10525,0,5,5,11,12
10526,0,0,0,6,17
10527,0,1999,667,4035,2104
10528,0,0,0,1,2
10529,0,1,1,15,30
1053,0,9,15,712,7871
10530,0,0,0,9,11
10531,0,1237,3264,1575,9066
10532,0,0,0,1,2
10533,0,0,0,1,9067
10534,0,0,0,1,4
10535,0,1,1,5,13
10536,0,0,3,7,5
10537,0,4,4,8,5312
10538,0,0,0,2,2105
10539,0,2000,668,4036,2106
1054,0,2,2,25,102
10540,0,0,0,1,2
10541,0,1238,3265,1576,9068
10542,0,0,0,1,2
10543,0,0,0,2,1
10544,0,0,0,2,1
10545,0,1,1,5,8
10546,0,395,1835,6252,5313
10547,0,0,0,1,2
10548,0,0,0,2,1
10549,0,0,0,1,2
1055,0,0,297,3340,1118
10550,0,396,1836,6253,5314
10551,0,4,4,8,2107
10552,160,2001,669,4037,2108
10553,0,0,0,2,1
10554,0,397,1837,6254,5315
10555,0,0,0,1,2
10556,0,0,0,9,11
10557,0,1,1,5,13
10558,0,1,1,15,30
10559,0,4,4,4038,2109
1056,0,0,0,6,7
10560,0,0,0,0,0
10561,0,0,0,2,1
10562,0,0,0,2,1
10563,3,2002,670,4039,2110
10564,0,0,0,1,2
10565,0,1,1,5,29
10566,0,0,0,2,1
10567,0,1,1,19,143
10568,0,1239,3266,1577,9069
10569,0,0,0,1,2
1057,0,0,0,6,7
10570,0,0,0,2,1
10571,0,0,0,13,10
10572,0,0,3,7,5
10573,0,1,1,20,19
10574,0,0,3,7,5
10575,0,0,0,1,2
10576,0,0,0,1,2
10577,0,0,0,1578,9070
10578,0,1240,3267,1579,9071
10579,0,0,0,1,2
1058,0,0,0,6,7
10580,0,0,0,1,4
10581,0,0,0,1,2
10582,0,0,0,1,2
10583,0,0,0,1,2
10584,4,11,671,4040,2111
10585,0,0,0,1,4
10586,0,0,0,1,2
10587,247,398,1838,6255,5316
10588,0,0,1839,6256,5317
10589,0,0,0,1,4
1059,0,0,0,2,1
10590,0,0,0,1,2
10591,0,0,0,2,36
10592,0,0,0,6257,5318
10593,0,0,0,1580,9072
10594,0,0,0,1,2
10595,0,4,4,8,5319
10596,0,1241,3268,1581,9073
10597,0,0,3269,1582,9074
10598,0,0,0,1,117
10599,0,0,0,1,4
106,0,0,0,6,17
1060,0,0,0,6,17
10600,0,4,4,8,20
10601,13,36,3270,1583,9075
10602,0,0,0,9,11
10603,0,0,0,2,1
10604,0,1242,3271,1584,9076
10605,0,0,0,2,1
10606,0,0,0,1585,9077
10607,0,2003,672,4041,2112
10608,3,2004,673,4042,2113
10609,0,2005,674,4043,2114
1061,0,0,0,6,17
10610,0,0,0,1,2
10611,0,2006,675,4044,2115
10612,0,1,1,121,5320
10613,0,0,0,9,11
10614,0,0,0,2,1
10615,0,4,4,8,289
10616,0,4,3272,1586,9078
10617,0,2007,676,4045,2116
10618,0,0,0,1,2
10619,13,36,3273,1587,9079
1062,0,0,0,2,1
10620,0,0,0,2,511
10621,0,1,1,20,19
10622,0,0,0,1,2
10623,0,0,0,1,2
10624,0,0,3,7,5
10625,0,0,0,9,11
10626,161,2008,677,4046,2117
10627,0,0,0,1,2
10628,0,1,1,121,467
10629,0,0,0,1,2
1063,0,1,1,5,8
10630,0,1,1,5,13
10631,0,4,4,8,5321
10632,0,0,0,2,1
10633,0,0,3,7,5
10634,0,1,1,121,467
10635,1,1243,3274,1588,9080
10636,0,0,0,9,11
10637,0,0,3,7,5
10638,0,0,0,1,4
10639,0,0,0,1,2
1064,0,0,0,6,17
10640,0,0,0,6,14
10641,0,5,678,4047,2118
10642,0,0,0,2,1
10643,0,0,0,2,1
10644,0,0,0,9,11
10645,0,0,0,9,23
10646,0,0,0,1,2
10647,0,2009,679,4048,2119
10648,0,0,3,7,5
10649,0,0,11,28,5322
1065,0,0,0,5404,4082
10650,0,0,0,1,2
10651,0,0,0,2,1
10652,0,2,2,118,307
10653,0,0,11,28,154
10654,0,0,11,28,5323
10655,0,0,11,28,69
10656,0,0,11,28,154
10657,0,0,41,68,2120
10658,0,0,3275,1589,9081
10659,0,4,121,267,527
1066,0,1,1,5,8
10660,0,0,70,1590,9082
10661,0,5,5,11,127
10662,0,1,1,335,586
10663,0,0,3,7,5
10664,0,0,680,4049,2121
10665,0,1244,3276,1591,9083
10666,0,0,0,1,2
10667,0,0,41,68,124
10668,0,0,11,28,69
10669,0,0,11,28,69
1067,0,0,0,2,1
10670,0,0,11,28,69
10671,0,0,41,68,124
10672,0,0,11,28,108
10673,0,0,11,28,893
10674,4,37,681,4050,2122
10675,23,2010,682,4051,2123
10676,0,0,0,1,4
10677,0,1,1,21,129
10678,0,399,1840,6258,5324
10679,0,0,0,1,2
1068,0,5,5,5405,4083
10680,0,0,11,28,69
10681,0,0,11,28,69
10682,0,0,11,28,69
10683,0,0,0,1,2
10684,0,0,0,1,4
10685,0,0,0,1,2
10686,0,1245,3277,1592,9084
10687,0,0,0,1,2
10688,4,11,24,45,65
10689,0,0,3,7,5
1069,0,0,0,2,1
10690,0,0,0,2,1
10691,0,0,0,1593,9085
10692,0,0,0,1,4
10693,0,0,0,9,11
10694,0,0,0,9,11
10695,0,1246,3278,1594,9086
10696,0,0,0,1,2
10697,0,1,1,15,468
10698,0,1247,3279,1595,9087
10699,0,1,1,5,13
107,0,5,5,11,7762
1070,0,0,0,2,1
10700,0,0,0,1,2
10701,0,1,35,203,469
10702,0,0,0,1,2
10703,0,4,4,8,9088
10704,0,0,0,1,4
10705,0,0,0,2,1
10706,0,0,3,7,5
10707,0,0,0,6,7
10708,0,0,0,9,11
10709,0,0,0,2,1
1071,0,1,1,5,8
10710,0,0,0,1,4
10711,0,0,0,2,1
10712,0,0,3,7,5
10713,0,94,1841,6259,5325
10714,12,30,105,1596,9089
10715,0,400,1842,6260,5326
10716,0,0,0,1,2
10717,0,0,3,7,5
10718,0,0,0,1,4
10719,0,0,0,4052,2124
1072,0,5,5,11,12
10720,0,4,4,8,155
10721,0,0,3,7,5
10722,0,0,0,1,4
10723,0,2011,683,4053,2125
10724,0,0,0,1,4
10725,0,29,179,505,9090
10726,0,0,0,12,9
10727,1,401,1843,6261,5327
10728,0,0,0,1,2
10729,0,0,0,1,4
1073,0,0,0,2,1
10730,3,1248,3280,1597,9091
10731,0,0,0,1,2
10732,0,0,3,7,5
10733,0,0,0,1,2
10734,0,0,0,2,1
10735,0,0,0,1,4
10736,0,0,0,1,4
10737,0,0,0,2,1
10738,0,1,1,19,47
10739,1,2012,684,4054,2126
1074,0,1,1,5,8
10740,0,0,0,9,23
10741,0,0,0,1,2
10742,0,0,0,2,1
10743,0,1,1,5,29
10744,0,0,0,2,1
10745,0,0,3,7,5
10746,0,0,0,130,320
10747,0,4,4,8,20
10748,0,0,0,2,1
10749,0,0,0,130,625
1075,0,0,0,6,7
10750,0,0,0,12,9
10751,0,0,0,2,1
10752,0,0,3,7,5
10753,0,0,0,12,9
10754,0,1,1,19,93
10755,0,5,5,11,9092
10756,0,0,0,6,17
10757,0,0,0,6,17
10758,0,0,0,6,17
10759,0,0,0,6,7
1076,0,0,0,2,1
10760,0,2,99,286,894
10761,0,0,0,6,14
10762,0,0,0,2,1
10763,0,0,0,6,7
10764,0,0,0,1,2
10765,0,1,1,5,9093
10766,0,1,1,5,8
10767,0,0,0,9,11
10768,0,1,1,5,13
10769,0,1,1,21,57
1077,0,4,4,32,44
10770,0,4,4,8,9094
10771,0,4,4,8,9095
10772,0,0,0,2,1
10773,0,4,4,8,9096
10774,0,0,0,1,2
10775,0,0,0,1,2
10776,0,0,0,1,4
10777,0,0,0,2,1
10778,0,0,0,4055,2127
10779,0,0,0,1,2
1078,0,0,0,2,1
10780,0,0,3,7,5
10781,0,0,0,9,23
10782,0,0,0,1,4
10783,0,0,3,7,5
10784,1,402,1844,6262,5328
10785,0,403,1845,6263,5329
10786,0,0,3,7,5
10787,0,0,3,7,5
10788,0,0,0,1,4
10789,0,0,0,2,1
1079,0,1,1,5,8
10790,0,0,0,1,4
10791,0,4,4,8,155
10792,0,0,0,6,7
10793,0,0,3,7,5
10794,0,0,0,1,4
10795,0,1,1,19,93
10796,0,0,0,1,4
10797,0,1,1,5,29
10798,0,4,4,8,9097
10799,0,0,3,7,5
108,0,0,0,2,187
1080,0,4,4,32,44
10800,0,0,0,2,1
10801,0,0,0,27,35
10802,0,0,3,4056,2128
10803,0,0,0,6,7
10804,162,2013,685,4057,2129
10805,0,0,0,1,2
10806,0,1249,3281,1598,9098
10807,0,0,3,7,5
10808,0,4,4,4058,2130
10809,0,0,0,2,1
1081,0,1,1,5,8
10810,0,4,4,8,40
10811,0,0,0,1,4
10812,0,0,3282,1599,9099
10813,0,0,0,1,2
10814,0,404,1846,6264,5330
10815,0,0,0,1,2
10816,0,0,0,2,1
10817,0,0,0,2,1
10818,0,0,0,2,1
10819,0,0,3,7,5
1082,0,0,0,6,7
10820,0,0,0,2,1
10821,0,1250,3283,1600,9100
10822,0,0,3,7,5
10823,0,0,0,2,1
10824,0,0,0,1,4
10825,0,0,0,9,23
10826,0,0,3,7,9101
10827,0,0,0,2,1
10828,0,0,3,6265,5331
10829,0,0,0,6266,5332
1083,0,1,1,5,8
10830,4,1251,3284,1601,9102
10831,0,1252,3285,1602,9103
10832,0,0,0,1,4
10833,0,0,0,2,1
10834,0,0,0,6,17
10835,0,1,1,5,2131
10836,0,405,1847,6267,5333
10837,0,0,0,1,2
10838,0,5,5,11,12
10839,0,0,0,2,1
1084,0,0,0,6,17
10840,0,0,0,6,7
10841,0,0,0,6,7
10842,0,0,0,6,14
10843,0,0,0,6,17
10844,248,406,1848,6268,5334
10845,0,0,0,1,2
10846,0,0,0,6,17
10847,0,0,0,6,7
10848,0,0,0,6,7
10849,0,0,0,6,14
1085,0,0,0,2,1
10850,0,0,0,27,35
10851,0,0,0,6,17
10852,0,0,0,2,1
10853,0,0,0,6,7
10854,0,5,5,6269,5335
10855,0,5,5,1603,9104
10856,0,0,0,6,7
10857,0,0,0,6,7
10858,0,0,0,6,7
10859,0,0,0,6,7
1086,0,0,0,6,7
10860,0,0,0,2,1
10861,0,0,0,2,1
10862,0,0,0,6,7
10863,0,1,1,5,2132
10864,0,0,3,1604,9105
10865,0,0,3,6270,5336
10866,0,0,0,2,1
10867,0,1253,3286,1605,9106
10868,0,0,0,2,1
10869,0,1,1,5,8
1087,0,1,1,5,8
10870,0,0,0,6,7
10871,0,0,0,2,1
10872,0,0,0,1,2
10873,0,5,5,129,232
10874,0,0,0,71,116
10875,0,1,1,5,8
10876,0,407,1849,6271,5337
10877,0,0,0,2,1
10878,0,4,4,32,44
10879,0,0,0,6,14
1088,0,1,1,5,8
10880,0,0,0,6,17
10881,0,0,0,6,7
10882,0,0,0,6,7
10883,0,0,0,6,7
10884,0,1,1,5,8
10885,0,5,5,11,9107
10886,0,5,5,11,12
10887,0,5,5,11,12
10888,0,5,5,4059,2133
10889,0,0,0,6,7
1089,0,0,0,6,7
10890,0,0,0,2,1
10891,0,0,0,2,1
10892,0,0,0,6,17
10893,0,1,1,5,8
10894,0,0,0,27,35
10895,0,1,1,5,8
10896,0,5,5,11,12
10897,0,0,0,6,7
10898,0,4,4,32,44
10899,0,1,686,4060,2134
109,0,1,1,4,421
1090,0,0,0,6,14
10900,0,0,0,6,17
10901,0,1254,3287,1606,9108
10902,0,0,0,1,2
10903,0,0,0,2,1
10904,0,1,1,5,2135
10905,0,1,1,5,8
10906,0,0,0,27,35
10907,0,0,0,6,7
10908,0,1,1,5,8
10909,0,5,5,11,12
1091,0,0,1411,5406,4084
10910,0,1,1,4061,2136
10911,0,0,0,2,1
10912,0,5,5,11,12
10913,0,0,0,6,14
10914,0,0,0,6,7
10915,0,5,5,11,9109
10916,0,0,0,6,7
10917,0,0,0,6,7
10918,0,0,0,1,4
10919,0,0,0,9,23
1092,0,2,2,25,102
10920,0,0,0,1,9110
10921,0,0,0,2,1
10922,0,0,0,2,1
10923,0,0,0,2,1
10924,1,2014,687,4062,2137
10925,0,0,0,9,23
10926,0,0,0,9,23
10927,0,0,0,1,4
10928,0,1,1,5,5338
10929,0,0,0,27,35
1093,0,0,21,3341,1119
10930,0,0,0,27,35
10931,0,0,0,6,17
10932,0,1,1,5,8
10933,0,0,0,6,17
10934,0,0,0,2,1
10935,0,1,1,5,8
10936,0,0,0,6,7
10937,0,0,0,6,7
10938,163,2015,688,4063,2138
10939,0,0,0,6,14
1094,0,0,10,66,125
10940,0,1,1,5,8
10941,0,5,5,11,12
10942,0,0,0,2,1
10943,0,408,1850,6272,5339
10944,0,0,0,1,2
10945,4,1255,3288,1607,9111
10946,0,0,0,1608,9112
10947,0,409,1851,6273,5340
10948,0,0,0,1,2
10949,0,2016,689,4064,2139
1095,0,9,15,72,7872
10950,0,0,0,2,1
10951,0,0,0,9,11
10952,0,0,0,1,2
10953,0,2017,690,4065,2140
10954,0,1256,3289,1609,9113
10955,0,0,0,1,2
10956,0,0,0,1,4
10957,0,0,0,2,5341
10958,0,0,3,7,5
10959,0,0,0,1,4
1096,0,0,0,16,24
10960,0,1,1,19,47
10961,0,1257,3290,1610,9114
10962,0,0,0,1,2
10963,4,410,1852,6274,5342
10964,0,411,1853,6275,5343
10965,0,0,0,2,1
10966,0,412,1854,6276,5344
10967,0,0,0,1,2
10968,0,0,0,2,9115
10969,0,0,0,1,4
1097,5,145,1412,5407,4085
10970,0,4,4,8,155
10971,0,0,0,2,1
10972,0,2018,691,4066,2141
10973,0,1,1,19,47
10974,0,0,0,1,2
10975,0,0,0,9,23
10976,0,0,0,2,1
10977,0,0,3,7,5
10978,0,0,0,1611,9116
10979,0,0,0,2,1
1098,5,146,1413,5408,4086
10980,0,0,3,7,5
10981,0,0,0,2,1
10982,0,2019,692,4067,2142
10983,0,0,3,7,5
10984,0,0,0,1,2
10985,0,0,1855,6277,5345
10986,0,413,1856,6278,5346
10987,0,0,0,1,2
10988,0,0,0,4068,2143
10989,0,1258,3291,1612,9117
1099,0,0,0,713,7873
10990,0,0,0,1,2
10991,0,4,4,544,2144
10992,0,1,1,15,25
10993,0,0,0,2,1
10994,0,1,1,5,13
10995,0,1,1,5,345
10996,1,414,1857,6279,5347
10997,0,4,4,8,289
10998,0,0,0,1,2
10999,0,0,0,2,1
11,0,0,0,16,24
110,0,2,2,18,16
1100,0,1,1,20,19
11000,0,0,0,534,673
11001,0,0,0,1613,9118
11002,0,0,0,2,1
11003,0,0,0,1,4
11004,0,415,1858,6280,5348
11005,0,0,0,1,2
11006,0,0,0,1,117
11007,0,1,1,15,199
11008,0,0,0,9,11
11009,0,416,1859,6281,5349
1101,0,0,2816,714,7874
11010,0,0,0,1,2
11011,0,2020,693,4069,2145
11012,0,0,0,1,2
11013,0,0,0,2,1
11014,0,0,0,1,2
11015,0,1,1,15,199
11016,0,0,3,7,5
11017,0,0,0,6,7
11018,0,0,0,6,7
11019,0,0,0,6,7
1102,0,4,4,8,7875
11020,0,0,0,1,5350
11021,0,0,0,1614,9119
11022,0,0,0,1,4
11023,0,1,1,21,129
11024,0,1259,3292,1615,9120
11025,0,,,,
11026,0,1260,3293,1616,9121
11027,0,0,0,4070,2146
11028,0,0,0,1,2
11029,164,2021,694,4071,2147
1103,0,10,12,3342,1120
11030,0,0,0,1617,9122
11031,0,0,0,1,2
11032,0,0,0,2,1
11033,0,0,0,2,1
11034,0,0,0,4072,2148
11035,0,0,0,2,1
11036,0,0,0,1,2
11037,0,1261,3294,1618,9123
11038,0,0,0,1,2
11039,0,0,0,1,2
1104,0,0,298,3343,1121
11040,0,0,0,6,7
11041,0,0,3,7,5
11042,0,0,0,9,23
11043,0,1,1,121,467
11044,0,1,1,1619,9124
11045,0,0,0,9,11
11046,0,0,0,6,17
11047,0,0,0,6,17
11048,0,1,1,5,8
11049,1,2022,695,4073,2149
1105,0,4,4,8,20
11050,0,0,0,1,2
11051,0,0,0,1,4
11052,0,0,0,1,4
11053,0,0,3,7,5
11054,10,27,51,6282,5351
11055,0,0,0,1,132
11056,0,0,0,1,4
11057,0,1,1,19,163
11058,0,4,4,8,20
11059,0,0,3,7,5
1106,0,1,1,19,143
11060,0,0,0,2,1
11061,0,0,0,4074,2150
11062,0,1,1,15,25
11063,0,417,1860,6283,5352
11064,0,1,1,5,275
11065,0,0,0,1,4
11066,0,1,1,5,5353
11067,0,1,1,20,19
11068,0,0,3,7,5
11069,0,0,0,1,2
1107,0,0,0,0,4087
11070,0,0,0,2,1
11071,0,0,0,1,4
11072,0,0,0,1620,9125
11073,0,2023,696,4075,2151
11074,0,0,3,7,5
11075,0,0,0,1,2
11076,0,1,1,5,13
11077,0,2024,697,4076,2152
11078,0,0,0,1,2
11079,0,2025,698,4077,2153
1108,0,1,1,4,6
11080,0,0,0,1,2
11081,0,0,0,2,1
11082,0,1,1,15,95
11083,0,0,0,2,2154
11084,0,1,1,1621,9126
11085,0,5,5,11,12
11086,0,0,0,1622,9127
11087,0,0,0,6,7
11088,0,0,0,6,14
11089,0,0,0,2,1
1109,0,2,2,18,16
11090,0,0,0,6,17
11091,0,0,0,6,17
11092,165,2026,699,4078,2155
11093,0,0,0,6,14
11094,0,0,0,6,7
11095,0,1,1,5,8
11096,0,5,5,11,12
11097,0,1,1,5,8
11098,0,5,5,11,12
11099,0,1,1,5,2156
111,0,1,1,645,7763
1110,0,1,1,4,84
11100,0,0,0,6,17
11101,0,4,4,32,9128
11102,0,0,0,6,7
11103,0,5,5,11,12
11104,0,5,5,11,12
11105,0,0,0,6,17
11106,0,0,0,1,2
11107,0,0,0,2,1
11108,0,0,0,6,7
11109,0,1,1,5,5354
1111,0,1,1,4,1122
11110,0,418,1861,6284,5355
11111,0,0,0,1,103
11112,0,22,700,4079,2157
11113,0,0,0,2,1
11114,0,419,1862,6285,5356
11115,1,1262,3295,1623,9129
11116,0,0,0,1,2
11117,0,0,0,1,4
11118,0,0,0,1624,9130
11119,0,0,0,2,9131
1112,0,1,1,213,7876
11120,0,1263,3296,1625,9132
11121,0,0,0,6286,5357
11122,0,2027,701,4080,2158
11123,0,1264,3297,1626,9133
11124,0,0,0,1,2
11125,0,1,1,4081,2159
11126,0,0,0,2,1
11127,0,2028,702,4082,2160
11128,0,4,4,43,9134
11129,0,0,0,2,1
1113,0,0,0,3,67
11130,0,0,0,1,9135
11131,0,4,4,32,44
11132,0,5,5,11,9136
11133,0,1,1,5,8
11134,0,1,1,5,8
11135,0,0,0,6,7
11136,0,1265,3298,1627,9137
11137,0,0,0,1628,9138
11138,0,0,0,4083,2161
11139,0,1,1,5,8
1114,0,1,1,715,7877
11140,0,0,0,1,4
11141,0,5,5,11,12
11142,0,0,0,1,2
11143,0,0,0,27,35
11144,0,5,5,11,12
11145,0,0,0,6,17
11146,0,4,4,32,44
11147,0,0,0,6,7
11148,0,0,0,6,7
11149,0,0,0,6,14
1115,0,1,1,3344,1123
11150,0,5,5,11,12
11151,0,2029,703,4084,2162
11152,0,0,0,1,2
11153,0,0,0,6,7
11154,0,4,4,32,44
11155,0,0,0,6,7
11156,0,5,5,11,12
11157,0,5,5,11,12
11158,0,1,1,5,9139
11159,0,0,3299,1629,9140
1116,0,1,1,716,7878
11160,0,5,5,1630,9141
11161,0,0,704,4085,2163
11162,0,5,5,11,12
11163,0,4,4,32,2164
11164,0,5,5,11,12
11165,0,420,1863,6287,5358
11166,0,0,0,27,35
11167,0,1,1,5,137
11168,0,0,0,2,1
11169,0,5,5,11,12
1117,0,1,1,62,7879
11170,0,1,1,5,674
11171,0,1,1,5,8
11172,0,5,5,11,12
11173,0,1,1,5,5359
11174,0,1,1,5,137
11175,0,1,1,5,137
11176,0,0,0,6,7
11177,0,5,5,11,12
11178,0,0,0,27,35
11179,0,1,1,5,8
1118,0,1,1,5409,4088
11180,0,0,0,1,2
11181,0,1266,3300,1631,9142
11182,0,0,1864,6288,5360
11183,0,1267,3301,1632,9143
11184,0,0,0,1,2
11185,0,0,0,2,1
11186,0,1,1,545,810
11187,0,0,0,2,1
11188,0,1,1,60,2165
11189,0,0,0,12,9
1119,0,1,1,717,7880
11190,0,1,1,5,74
11191,0,0,0,12,9
11192,0,1,1,5,74
11193,0,1,1,1633,9144
11194,0,0,0,12,9
11195,0,0,0,2,1
11196,0,421,1865,6289,5361
11197,0,0,0,27,35
11198,0,0,0,1,4
11199,0,0,1866,6290,5362
112,0,1,1,4,6
1120,0,1,1,718,7881
11200,0,0,0,27,35
11201,0,0,0,1,4
11202,0,0,0,1634,9145
11203,0,0,0,27,35
11204,0,0,0,6,7
11205,0,0,0,6,14
11206,0,0,0,6,7
11207,0,1,1,5,137
11208,0,5,5,11,9146
11209,0,5,5,11,12
1121,0,1,1,3345,1124
11210,0,0,0,6,7
11211,0,0,0,2,1
11212,0,1,1,5,674
11213,0,0,0,6,17
11214,0,4,4,1635,9147
11215,0,4,4,32,44
11216,0,5,5,11,12
11217,0,0,0,2,1
11218,0,1,1,5,137
11219,0,0,0,4086,2166
1122,0,1,1,33,4089
11220,0,1,1,5,137
11221,0,1,1,5,137
11222,0,0,0,29,31
11223,0,1,1,1636,9148
11224,0,0,0,2,812
11225,0,0,0,1,4
11226,0,0,0,2,1
11227,0,0,0,1,2
11228,0,0,0,4087,2167
11229,0,422,1867,6291,5363
1123,0,3,6,719,7882
11230,0,0,0,1,2
11231,0,0,0,2,1
11232,0,1,1,4088,2168
11233,0,1,1,15,30
11234,0,0,3,7,5
11235,0,0,0,2,1
11236,0,1,1,5,895
11237,0,0,0,1,4
11238,0,0,0,1,5364
11239,0,0,0,12,9
1124,0,3,6,5410,4090
11240,0,0,0,12,9
11241,0,1,1,5,2169
11242,0,0,0,12,9
11243,0,2,2,423,5365
11244,0,1,1,5,8
11245,0,0,0,29,31
11246,0,5,5,117,403
11247,0,5,5,117,403
11248,0,0,0,2,1
11249,0,0,0,127,200
1125,0,0,0,3,41
11250,0,5,5,117,403
11251,0,1,1,5,313
11252,0,0,0,12,9
11253,0,0,0,29,31
11254,0,0,0,12,9
11255,0,0,0,29,31
11256,0,0,0,12,9
11257,0,0,0,12,9
11258,0,0,0,2,1
11259,0,1,1,5,74
1126,0,1,1,509,595
11260,0,2,2,77,219
11261,0,1,1,94,9149
11262,0,0,0,2,1
11263,0,0,0,12,9
11264,0,1,1,94,1002
11265,0,0,0,12,9
11266,0,0,0,12,9
11267,0,0,0,29,31
11268,0,1,1,60,142
11269,0,0,0,2,1
1127,0,1,1,24,429
11270,0,0,0,2,1
11271,0,0,0,12,9
11272,0,0,0,2,1
11273,0,0,0,12,9
11274,0,2,2,341,1003
11275,0,1,1,5,9150
11276,0,0,0,29,31
11277,0,0,0,29,31
11278,0,1,1,5,8
11279,0,0,0,12,9
1128,0,1,1,24,250
11280,0,1,1,94,5366
11281,0,0,0,9,11
11282,0,1,1,64,512
11283,0,0,0,2,1
11284,0,0,0,1,2
11285,0,1,1,21,86
11286,3,1268,3302,1637,9151
11287,0,0,0,1,2
11288,0,0,0,2,1
11289,0,423,1868,6292,5367
1129,0,1,1,24,429
11290,0,0,0,1,2
11291,0,424,1869,6293,5368
11292,0,0,0,1,2
11293,0,1,1,372,5369
11294,0,1,1,21,57
11295,0,0,3,7,5
11296,0,1,1,1638,9152
11297,0,4,4,6294,5370
11298,0,0,0,2,1
11299,0,2,2,423,2170
113,0,1,1,4,6
1130,0,1,1,5411,4091
11300,0,0,0,58,321
11301,0,0,0,29,31
11302,0,1,1,5,313
11303,0,1,1,5,313
11304,0,0,0,29,31
11305,0,1,1,5,8
11306,0,0,0,2,1
11307,0,0,0,12,9
11308,0,1,1,5,8
11309,0,2,2,77,219
1131,0,1,1,24,55
11310,0,1,1,5,74
11311,0,0,0,12,9
11312,0,0,0,29,31
11313,0,1,1,5,9153
11314,0,0,0,12,237
11315,0,1,1,5,74
11316,0,1,1,5,1004
11317,0,0,0,12,9
11318,0,0,0,12,9
11319,0,0,0,12,9
1132,0,1,1,24,4092
11320,4,11,24,45,5371
11321,0,425,1870,6295,5372
11322,0,0,0,1,4
11323,0,0,3,7,5
11324,0,0,0,2,1
11325,0,0,0,1,4
11326,0,1,1,5,21
11327,0,0,0,2,48
11328,0,1,1,5,21
11329,0,1,1,225,792
1133,0,1,1,4,4093
11330,0,0,3303,1639,9154
11331,0,1,1,5,21
11332,0,0,0,1640,9155
11333,0,2,18,6296,5373
11334,0,0,0,2,1
11335,0,426,1871,6297,5374
11336,0,1269,3304,1641,9156
11337,0,0,3,7,5
11338,0,0,0,2,1
11339,0,0,0,9,11
1134,0,1,1,4,265
11340,0,0,3,7,9157
11341,0,0,0,2,1
11342,0,0,3,7,5
11343,0,1,1,64,564
11344,0,0,0,2,1
11345,0,0,0,1,2
11346,0,427,1872,6298,5375
11347,0,1,1,5,13
11348,0,4,4,8,20
11349,0,1,1,20,19
1135,0,1,1,4,4094
11350,0,0,3,7,5
11351,0,1,1,64,564
11352,0,0,3,7,5
11353,0,1,1,64,564
11354,0,0,3,7,5
11355,0,0,0,1,5376
11356,0,0,0,2,1
11357,0,1,1,5,5377
11358,0,0,0,2,1
11359,0,1,1,5,8
1136,0,1,1,5412,4095
11360,0,0,0,1642,9158
11361,0,0,0,6,7
11362,0,5,5,11,12
11363,0,0,0,6,7
11364,0,0,0,6,14
11365,0,1,1,5,8
11366,0,0,0,6,7
11367,0,6,7,17,18
11368,0,0,0,0,0
11369,0,0,0,0,0
1137,0,1,1,3346,1125
11370,0,2,2,10,15
11371,0,0,0,14,32
11372,0,0,0,13,10
11373,0,0,0,0,0
11374,0,0,0,0,0
11375,0,0,0,0,0
11376,0,0,0,0,0
11377,0,0,0,0,0
11378,0,0,0,0,0
11379,0,0,0,0,0
1138,0,1,1,62,833
11380,0,0,0,0,0
11381,0,0,9,1643,9159
11382,0,1,1,24,346
11383,0,2,2,18,16
11384,0,1,1,4,51
11385,0,0,0,0,0
11386,0,2,2,10,15
11387,0,0,0,0,0
11388,0,0,0,0,0
11389,2,1270,3305,1644,9160
1139,0,1,1,61,92
11390,2,428,1873,6299,5378
11391,2,1271,3306,1645,9161
11392,0,6,705,4089,2171
11393,0,0,0,0,2172
11394,0,0,0,0,2173
11395,0,0,0,0,0
11396,0,0,0,0,0
11397,0,0,0,0,0
11398,0,0,0,0,0
11399,0,0,0,0,0
114,0,1,1,4,3985
1140,0,1,1,33,222
11400,0,6,7,4090,2174
11401,0,0,0,0,0
11402,0,0,0,0,5379
11403,0,0,0,0,0
11404,0,0,0,0,0
11405,0,0,0,0,9162
11406,0,0,0,0,0
11407,0,2,2,10,5380
11408,0,0,0,0,2175
11409,0,0,0,0,0
1141,0,1,1,24,429
11410,0,0,0,593,9163
11411,85,1272,3307,1646,9164
11412,0,0,3308,1647,9165
11413,0,0,0,0,9166
11414,0,0,0,0,0
11415,0,429,1874,6300,5381
11416,1,430,1875,6301,5382
11417,0,22,706,4091,2176
11418,0,0,0,1,2
11419,0,0,0,6302,5383
1142,0,3,2817,720,7883
11420,0,0,0,1,4
11421,0,0,0,1,4
11422,0,2030,707,4092,2177
11423,0,0,0,1,2
11424,0,0,0,1,4
11425,0,0,1876,6303,5384
11426,0,1,1,15,5385
11427,4,11,24,45,65
11428,0,1273,3309,1648,9167
11429,0,0,0,1,4
1143,0,1,1,721,7884
11430,0,1274,3310,1649,9168
11431,0,0,3,7,5
11432,0,0,0,1,4
11433,0,0,1877,6304,5386
11434,0,0,0,0,290
11435,0,0,0,0,0
11436,0,0,0,6305,5387
11437,0,0,0,4093,2178
11438,0,0,0,0,2179
11439,0,2031,708,4094,2180
1144,0,1,299,3347,1126
11440,0,0,180,1650,9169
11441,0,0,0,0,290
11442,0,0,0,4095,2181
11443,0,0,3311,1651,9170
11444,0,0,0,0,0
11445,0,0,0,0,9171
11446,0,2,2,10,411
11447,0,0,0,0,0
11448,0,0,0,16,24
11449,0,0,0,22,71
1145,0,1,1,24,1127
11450,0,0,0,13,10
11451,0,2,2,25,144
11452,0,0,0,0,83
11453,0,0,0,0,0
11454,0,0,0,0,83
11455,0,0,9,35,43
11456,0,0,0,0,0
11457,0,0,0,2,1
11458,0,0,0,0,0
11459,0,0,0,0,0
1146,0,1,1,371,1128
11460,0,0,709,4096,2182
11461,0,0,0,1652,9172
11462,0,2032,710,4097,2183
11463,0,0,0,16,24
11464,0,0,0,0,290
11465,0,99,181,424,675
11466,0,99,181,424,675
11467,0,0,0,0,290
11468,0,0,0,0,0
11469,0,0,0,0,290
1147,0,1,1,5413,4096
11470,0,0,3312,1653,9173
11471,0,0,0,0,0
11472,0,431,1878,6306,5388
11473,0,0,0,14,9174
11474,0,0,180,6307,5389
11475,0,0,0,0,2184
11476,0,0,0,0,0
11477,0,0,0,0,0
11478,0,0,0,0,0
11479,0,0,0,0,0
1148,0,1,1,4,265
11480,0,0,0,0,42
11481,0,0,9,54,175
11482,0,0,0,0,0
11483,0,0,0,0,0
11484,0,0,0,0,0
11485,0,0,0,0,0
11486,0,0,0,0,0
11487,0,0,0,0,145
11488,0,0,0,0,0
11489,0,0,0,191,291
1149,0,1,1,5414,4097
11490,0,0,0,0,145
11491,0,1,1,5,21
11492,0,0,0,14,22
11493,0,0,0,0,0
11494,0,0,9,301,565
11495,0,0,0,0,0
11496,0,0,0,0,0
11497,0,0,0,0,9175
11498,0,0,0,0,49
11499,0,0,0,0,0
115,0,1,1,4,7764
1150,0,1,1,33,222
11500,0,0,0,1654,9176
11501,0,0,0,0,0
11502,0,0,0,0,0
11503,0,0,0,0,347
11504,0,0,0,0,0
11505,0,0,28,6308,5390
11506,0,0,0,2,36
11507,7,2033,711,4098,2185
11508,7,432,1879,6309,5391
11509,7,1275,3313,1655,9177
1151,0,3,300,3348,1129
11510,7,1276,3314,1656,9178
11511,86,1277,3315,1657,9179
11512,7,433,1880,6310,5392
11513,7,1278,3316,1658,9180
11514,7,434,1881,6311,5393
11515,7,435,1882,6312,5394
11516,7,1279,3317,1659,9181
11517,0,0,37,65,134
11518,0,2,71,345,9182
11519,0,0,37,65,134
1152,0,3,6,5415,4098
11520,0,6,7,109,2186
11521,0,2,2,226,5395
11522,249,436,1883,6313,5396
11523,0,1280,3318,1660,9183
11524,0,0,0,1,4
11525,0,6,7,4099,2187
11526,0,437,1884,6314,5397
11527,0,0,1885,6315,5398
11528,0,0,0,3,742
11529,0,1,1,4100,2188
1153,0,1,1,3349,1130
11530,0,2,2,18,16
11531,0,0,0,608,676
11532,0,0,0,608,676
11533,0,3,6,1661,9184
11534,0,3,8,1662,9185
11535,0,1,1,4,6
11536,0,1,1,4,5399
11537,0,1,1,4,9186
11538,0,2,2,152,896
11539,0,0,0,0,0
1154,0,1,1,24,55
11540,0,0,3319,1663,9187
11541,0,2,2,10,15
11542,0,6,7,4101,2189
11543,0,6,7,109,5400
11544,0,0,0,3,3
11545,0,0,0,3,3
11546,0,0,0,6316,5401
11547,0,3,6,6317,5402
11548,0,0,1886,6318,5403
11549,0,0,1887,6319,5404
1155,0,1,1,295,7885
11550,0,438,1888,6320,5405
11551,0,0,0,0,0
11552,0,439,1889,6321,5406
11553,0,0,1890,6322,5407
11554,0,0,0,6323,5408
11555,0,0,0,0,0
11556,0,0,0,0,0
11557,0,0,0,1664,9188
11558,0,2,2,4102,2190
11559,0,0,0,0,0
1156,0,1,1,4,84
11560,0,0,0,4103,2191
11561,0,6,7,99,201
11562,0,3,6,1665,9189
11563,0,1,1,4,135
11564,0,1,1,1666,9190
11565,0,1,1,6324,5409
11566,0,0,0,3,3
11567,0,1,1,4,135
11568,0,1,1,4,6
11569,0,0,0,3,3
1157,0,1,1,4,96
11570,0,1,1,4,135
11571,0,1,1891,6325,5410
11572,0,2,2,18,16
11573,0,3,6,1667,9191
11574,0,1,1,4,6
11575,0,6,7,36,52
11576,0,0,0,0,0
11577,0,0,0,0,0
11578,0,7,13,51,2192
11579,0,1281,3320,1668,9192
1158,0,1,1,61,92
11580,0,0,1892,6326,5411
11581,18,2034,712,4104,2193
11582,0,2035,713,4105,2194
11583,0,1282,3321,1669,9193
11584,0,0,0,0,0
11585,0,0,0,0,0
11586,0,0,0,0,2195
11587,0,0,0,0,0
11588,0,0,0,0,0
11589,0,0,0,0,0
1159,0,1,1,62,1131
11590,0,0,0,0,0
11591,0,2,2,6327,5412
11592,0,0,0,0,0
11593,0,0,0,0,0
11594,87,1283,3322,1670,9194
11595,0,1,1,4,135
11596,0,1,1,4,135
11597,0,1,1,4,9195
11598,0,1,1,4,9196
11599,0,1,1,4,135
116,0,1,1,646,7765
1160,0,1,1,62,833
11600,0,0,3323,1671,9197
11601,0,0,0,0,0
11602,0,0,714,4106,2196
11603,0,0,0,0,2197
11604,0,0,0,1672,9198
11605,0,0,138,1673,9199
11606,0,0,0,0,5413
11607,0,0,0,0,9200
11608,0,0,138,1674,9201
11609,0,2,2,25,53
1161,0,1,1,33,222
11610,0,0,0,16,24
11611,0,0,10,426,2198
11612,0,0,0,1675,9202
11613,0,0,138,6328,5414
11614,0,0,0,4107,2199
11615,0,9,15,1676,9203
11616,0,0,0,6329,5415
11617,0,0,0,0,5416
11618,0,0,0,16,24
11619,0,0,0,16,24
1162,0,3,6,3350,1132
11620,0,0,0,4108,2200
11621,0,0,10,425,5417
11622,0,2,715,4109,2201
11623,0,0,0,22,5418
11624,0,0,0,4110,2202
11625,0,0,19,6330,5419
11626,0,0,10,425,5420
11627,0,440,1893,6331,5421
11628,0,6,7,1677,9204
11629,0,2,2,4111,2203
1163,0,1,301,3351,1133
11630,0,9,3324,1678,9205
11631,0,0,0,16,24
11632,5,2036,716,4112,2204
11633,5,2037,717,4113,2205
11634,0,0,718,4114,2206
11635,0,0,0,0,0
11636,0,2,2,25,53
11637,0,0,0,0,0
11638,0,0,0,16,24
11639,0,0,0,0,0
1164,0,1,1,330,7886
11640,0,0,19,6332,5422
11641,0,0,10,426,5423
11642,0,9,15,6333,5424
11643,0,0,0,1679,9206
11644,0,0,0,22,133
11645,0,0,0,0,0
11646,0,0,0,6334,5425
11647,0,0,0,0,2207
11648,0,0,0,4115,2208
11649,0,0,0,16,24
1165,0,1,1,62,7887
11650,0,0,0,16,24
11651,0,0,0,0,0
11652,0,2,2,25,53
11653,0,0,0,0,0
11654,0,0,10,209,399
11655,0,9,15,329,584
11656,0,0,19,162,292
11657,0,0,19,162,292
11658,0,441,1894,6335,5426
11659,0,0,19,162,292
1166,0,1,1,33,75
11660,0,0,0,0,0
11661,0,0,0,22,71
11662,0,0,0,6336,5427
11663,0,0,0,22,133
11664,0,0,0,1680,9207
11665,0,442,1895,6337,5428
11666,0,0,0,0,0
11667,0,0,3325,1681,9208
11668,0,0,19,609,677
11669,0,0,10,302,678
1167,0,1,1,24,250
11670,0,9,1896,6338,5429
11671,0,2,3326,1682,9209
11672,0,0,0,22,133
11673,0,0,0,22,133
11674,0,0,19,609,677
11675,0,0,10,302,678
11676,0,0,3327,1683,9210
11677,0,9,719,4116,2209
11678,166,2038,720,4117,2210
11679,0,0,0,16,24
1168,0,4,4,8,1134
11680,5,2039,721,4118,2211
11681,0,0,0,0,5430
11682,0,0,0,1684,9211
11683,0,2,2,25,5431
11684,0,0,3328,1685,9212
11685,45,443,1897,6339,5432
11686,0,2040,722,4119,2212
11687,0,0,3329,1686,9213
11688,0,0,723,4120,2213
11689,0,0,3330,1687,9214
1169,0,0,0,0,0
11690,0,0,10,4121,2214
11691,0,0,0,0,0
11692,0,0,10,98,224
11693,0,2,2,25,53
11694,0,0,10,98,224
11695,0,9,84,342,679
11696,0,0,0,0,0
11697,0,2,2,25,53
11698,0,0,0,0,5433
11699,0,0,0,0,0
117,0,1,265,3283,1029
1170,0,1,1,722,7888
11700,0,0,0,0,0
11701,0,0,0,0,0
11702,0,9,84,342,679
11703,250,444,1898,6340,5434
11704,0,0,0,22,71
11705,0,2,2,1688,9215
11706,0,2,2,10,68
11707,0,0,9,54,2215
11708,0,0,0,0,49
11709,0,0,0,0,0
1171,0,0,0,0,0
11710,0,0,0,0,0
11711,0,0,0,0,0
11712,0,0,0,0,42
11713,0,0,0,14,22
11714,0,0,0,0,0
11715,0,0,0,0,0
11716,0,0,0,0,0
11717,0,0,0,227,333
11718,0,0,0,14,284
11719,0,0,0,202,343
1172,0,1,1,5416,4099
11720,6,13,69,154,278
11721,0,0,0,268,508
11722,0,0,0,0,0
11723,0,0,0,0,0
11724,0,2,2,4122,2216
11725,0,0,0,150,470
11726,0,0,0,0,0
11727,0,0,3,7,5
11728,0,0,0,4123,2217
11729,0,6,7,36,52
1173,0,0,0,9,4100
11730,0,0,0,13,10
11731,0,0,0,0,0
11732,0,0,0,0,465
11733,0,0,0,0,0
11734,0,0,0,0,892
11735,0,0,0,0,0
11736,0,0,0,0,0
11737,0,0,0,0,0
11738,0,0,0,0,0
11739,0,0,0,0,0
1174,0,1007,2818,723,7889
11740,0,0,0,0,0
11741,0,0,0,4124,2218
11742,0,0,0,0,0
11743,0,0,0,0,0
11744,0,0,0,0,0
11745,0,0,0,0,0
11746,0,6,7,17,18
11747,0,0,0,0,9216
11748,0,0,0,0,0
11749,0,2,2,10,9217
1175,0,1,1,5,4101
11750,0,2,2,10,15
11751,0,1284,3331,1689,9218
11752,0,0,0,14,22
11753,0,0,0,13,10
11754,0,0,0,13,10
11755,0,0,0,13,10
11756,0,0,0,3,5435
11757,0,2,2,10,348
11758,0,0,0,13,10
11759,0,0,0,13,10
1176,0,147,1414,5417,4102
11760,0,0,0,13,10
11761,251,445,1899,6341,5436
11762,0,0,0,4125,2219
11763,0,0,9,297,2220
11764,0,0,0,0,0
11765,0,0,0,0,0
11766,0,0,0,0,0
11767,0,0,0,0,0
11768,0,0,0,0,0
11769,0,0,0,0,0
1177,0,1797,302,3352,1135
11770,0,0,0,0,0
11771,0,0,0,0,0
11772,0,0,0,0,0
11773,0,0,0,0,0
11774,0,2,2,10,15
11775,0,0,0,0,0
11776,0,0,0,0,0
11777,0,0,0,0,0
11778,0,0,0,0,0
11779,0,2,2,10,15
1178,0,2,303,3353,1136
11780,0,0,27,131,276
11781,0,6,7,17,18
11782,0,0,0,0,0
11783,0,1,724,4126,2221
11784,0,0,0,3,3
11785,0,0,0,6342,5437
11786,0,0,0,1690,9219
11787,0,1,1,4,6
11788,0,0,725,4127,2222
11789,0,0,0,4128,2223
1179,0,0,0,42,66
11790,0,0,0,6343,5438
11791,0,0,0,3,3
11792,0,1,1,6344,5439
11793,0,0,0,0,0
11794,0,0,0,0,0
11795,0,446,1900,6345,5440
11796,0,0,0,0,0
11797,0,0,0,1691,9220
11798,0,0,0,112,9221
11799,0,6,7,17,2224
118,0,1,1,4,6
1180,0,0,0,42,66
11800,0,1285,3332,1692,9222
11801,0,0,0,0,897
11802,0,0,0,0,0
11803,0,0,0,0,0
11804,0,0,0,0,0
11805,2,1286,3333,1693,9223
11806,0,2041,726,4129,2225
11807,0,0,0,0,897
11808,0,8,30,6346,5441
11809,0,8,61,1694,9224
1181,0,1,1,3354,1137
11810,0,24,72,4130,2226
11811,0,8,61,610,9225
11812,0,8,61,610,9226
11813,0,8,238,6347,5442
11814,0,0,0,0,0
11815,0,8,139,4131,2227
11816,0,8,144,6348,5443
11817,0,49,106,548,9227
11818,0,43,185,427,5444
11819,0,0,0,0,0
1182,0,0,0,2,1
11820,0,108,212,428,5445
11821,0,23,143,303,5446
11822,0,23,87,193,349
11823,0,0,17,53,62
11824,0,33,1901,6349,5447
11825,0,0,1902,6350,5448
11826,0,24,3334,1695,9228
11827,0,0,0,0,314
11828,0,0,0,0,0
11829,0,0,0,0,0
1183,0,0,0,1,2
11830,0,1287,3335,1696,9229
11831,0,0,0,0,0
11832,0,0,0,0,0
11833,0,0,0,4132,2228
11834,0,0,0,132,238
11835,0,0,0,14,202
11836,0,0,0,132,238
11837,0,0,0,132,238
11838,0,0,0,6351,5449
11839,0,0,52,186,316
1184,0,4,4,8,4103
11840,0,0,1903,6352,5450
11841,0,0,88,231,471
11842,0,0,74,160,240
11843,0,0,0,6353,5451
11844,0,0,0,0,0
11845,0,0,3336,1697,9230
11846,0,8,107,611,9231
11847,0,2,2,142,2229
11848,0,0,0,161,239
11849,0,0,182,571,9232
1185,0,4,4,43,4104
11850,0,0,17,314,573
11851,0,0,89,228,382
11852,0,0,0,0,0
11853,0,447,1904,6354,5452
11854,0,0,0,0,5453
11855,0,448,1905,6355,5454
11856,0,2042,727,4133,2230
11857,0,0,0,0,374
11858,0,24,72,4134,2231
11859,0,8,139,6356,5455
1186,0,0,0,2,1
11860,0,24,72,612,680
11861,0,0,120,429,772
11862,0,8,45,4135,2232
11863,0,8,64,546,2233
11864,0,8,30,304,5456
11865,0,0,44,305,515
11866,0,8,45,1698,9233
11867,0,65,1906,6357,5457
11868,0,0,108,306,9234
11869,0,8,45,361,9235
1187,0,1,1,5,4105
11870,0,0,108,306,733
11871,0,8,45,361,9236
11872,0,8,45,361,9237
11873,88,1288,3337,1699,9238
11874,0,1289,3338,1700,9239
11875,0,0,0,132,238
11876,0,49,106,6358,5458
11877,0,0,1907,6359,5459
11878,0,8,148,4136,2234
11879,0,0,52,313,472
1188,0,0,0,1,4
11880,18,2043,728,4137,2235
11881,0,8,30,4138,2236
11882,0,0,17,53,62
11883,0,0,3339,1701,9240
11884,0,0,1908,6360,5460
11885,167,2044,729,4139,2237
11886,0,0,17,53,62
11887,0,47,109,241,473
11888,0,0,110,251,350
11889,0,0,0,184,566
1189,0,0,0,2,1
11890,0,0,0,184,9241
11891,48,1290,3340,1702,9242
11892,0,2,730,4140,2238
11893,0,6,7,237,389
11894,0,0,0,42,66
11895,0,3,6,4141,2239
11896,0,0,0,3,459
11897,0,449,1909,6361,5461
11898,0,0,0,42,66
11899,0,3,731,4142,2240
119,0,0,0,3,3
1190,0,1,2819,724,7890
11900,0,0,0,3,3
11901,0,1,1,4,6
11902,0,1,1910,6362,5462
11903,0,1,1,4,5463
11904,0,1,1,4,9243
11905,0,0,0,3,3
11906,0,0,0,3,3
11907,0,1,1,4,351
11908,0,0,0,3,3
11909,0,3,3341,1703,9244
1191,0,4,4,8,7891
11910,0,3,1911,6363,5464
11911,0,67,149,307,519
11912,0,0,1912,6364,5465
11913,0,8,30,304,5466
11914,0,0,62,133,213
11915,0,0,94,229,412
11916,0,38,92,197,366
11917,0,14,32,4143,2241
11918,0,14,32,430,5467
11919,0,3,732,4144,2242
1192,0,0,0,2,1
11920,0,3,3342,1704,9245
11921,0,0,0,42,66
11922,0,0,0,42,9246
11923,0,3,3343,1705,9247
11924,0,1,1,4,33
11925,0,2,2,18,16
11926,0,2,2,1706,9248
11927,0,1,1,4145,2243
11928,0,1,1,4,9249
11929,0,3,733,4146,2244
1193,0,0,3,7,5
11930,0,3,20,431,5468
11931,0,3,20,1707,9250
11932,0,3,20,431,5469
11933,0,3,128,1708,9251
11934,0,1,1,4,6
11935,0,0,0,3,3
11936,0,1,1,4,6
11937,0,1,1,6365,5470
11938,0,1,1,4,6
11939,0,3,8,4147,2245
1194,0,1,1,20,19
11940,0,1,1,6366,5471
11941,0,3,6,1709,9252
11942,0,3,6,4148,2246
11943,0,3,6,4149,2247
11944,0,0,0,3,3
11945,0,2,2,18,16
11946,0,1,1,4,6
11947,0,0,0,3,41
11948,0,3,20,4150,2248
11949,0,3,6,1710,9253
1195,0,1008,2820,725,7892
11950,0,1,1,4,743
11951,0,1,1,4151,2249
11952,0,0,0,3,3
11953,0,1,1,4,109
11954,0,1,1,4,109
11955,0,1,1,4,109
11956,0,1,1,6367,5472
11957,0,3,6,1711,9254
11958,0,2,2,18,16
11959,0,3,8,1712,9255
1196,0,0,0,1,2
11960,0,1,1,4,109
11961,0,0,0,3,3
11962,0,1,1,4,2250
11963,0,1,1,4,109
11964,0,1,1,4,9256
11965,0,1,1,4,293
11966,0,0,0,0,0
11967,0,2,2,10,15
11968,0,2,2,10,15
11969,0,0,0,0,0
1197,0,148,1415,5418,4106
11970,0,6,7,17,18
11971,0,0,0,0,0
11972,0,16,25,141,218
11973,0,0,0,0,85
11974,0,0,0,0,0
11975,0,0,19,162,292
11976,0,3,6,6368,5473
11977,0,0,0,3,3
11978,0,0,0,3,165
11979,0,0,0,3,3
1198,0,0,304,3355,1138
11980,0,1,1,4,5474
11981,0,0,1913,6369,5475
11982,0,0,0,13,10
11983,0,0,189,547,2251
11984,0,0,0,0,0
11985,0,0,0,0,0
11986,0,0,0,0,0
11987,0,0,0,0,0
11988,0,0,0,0,0
11989,0,0,0,0,681
1199,0,0,0,9,11
11990,0,0,0,0,0
11991,0,0,0,0,0
11992,0,0,0,13,10
11993,0,0,0,0,0
11994,0,0,0,308,688
11995,0,1291,3344,1713,9257
11996,0,0,0,0,0
11997,0,0,0,0,2252
11998,0,0,0,0,567
11999,0,0,0,0,567
12,5,125,1377,5331,3975
120,0,0,0,3,3
1200,0,0,3,7,5
12000,0,1292,3345,1714,9258
12001,0,0,259,4152,2253
12002,0,0,259,4153,2254
12003,0,0,0,14,22
12004,0,0,0,0,0
12005,0,0,0,0,0
12006,0,2,2,10,898
12007,0,47,109,241,473
12008,0,8,30,4154,2255
12009,0,8,64,546,2256
1201,0,0,3,7,5
12010,0,0,0,0,0
12011,0,1293,3346,1715,9259
12012,0,0,0,0,0
12013,0,0,89,1716,9260
12014,0,0,0,0,306
12015,0,0,183,432,682
12016,0,0,94,229,412
12017,0,0,62,133,213
12018,0,23,143,303,732
12019,0,23,87,193,349
1202,0,0,0,2,1
12020,0,48,119,240,383
12021,0,0,3347,1717,9261
12022,0,8,45,1718,9262
12023,0,8,107,611,9263
12024,0,2,2,142,683
12025,0,0,0,0,314
12026,0,0,73,230,5476
12027,0,0,73,230,474
12028,0,0,73,1719,9264
12029,0,0,734,4155,2257
1203,0,0,0,726,7893
12030,0,65,184,1720,9265
12031,0,65,184,1721,9266
12032,0,0,63,185,315
12033,0,8,61,1722,9267
12034,0,0,0,161,239
12035,0,8,238,6370,5477
12036,0,8,30,1723,9268
12037,0,8,30,6371,5478
12038,0,8,139,1724,9269
12039,0,0,120,6372,5479
1204,0,0,0,2,1
12040,0,43,185,427,9270
12041,0,49,106,548,2258
12042,0,0,0,0,0
12043,0,0,52,186,316
12044,0,8,186,613,684
12045,0,39,187,1725,9271
12046,0,0,88,231,471
12047,0,74,213,549,2259
12048,0,0,0,14,202
12049,0,0,0,0,0
1205,0,1,1,5,4107
12050,0,0,17,53,62
12051,0,53,1914,6373,5480
12052,0,24,1915,6374,5481
12053,0,51,111,252,352
12054,0,0,0,14,294
12055,0,0,74,160,240
12056,0,1294,3348,1726,9272
12057,0,0,0,0,0
12058,0,0,0,1727,9273
12059,0,0,17,314,573
1206,0,4,4,8,978
12060,0,0,183,432,682
12061,0,0,0,4156,2260
12062,0,0,0,0,2261
12063,0,0,44,305,515
12064,0,0,0,0,0
12065,0,43,1916,6375,5482
12066,0,0,0,1728,9274
12067,0,450,1917,6376,5483
12068,0,1295,3349,1729,9275
12069,0,0,52,186,316
1207,0,0,0,2,1
12070,0,8,1918,6377,5484
12071,0,0,0,0,0
12072,0,0,88,231,471
12073,0,0,0,0,0
12074,0,0,0,0,9276
12075,0,39,735,4157,2262
12076,0,0,52,4158,2263
12077,0,0,0,14,202
12078,0,0,736,4159,2264
12079,0,0,737,4160,2265
1208,0,1,1,727,7894
12080,0,0,112,254,353
12081,0,0,74,160,240
12082,0,0,0,0,314
12083,0,0,0,1730,9277
12084,0,0,0,0,0
12085,0,0,0,0,0
12086,0,0,120,4161,2266
12087,0,0,17,53,62
12088,0,2,2,142,9278
12089,0,0,17,6378,5485
1209,0,0,0,0,0
12090,0,0,108,6379,5486
12091,0,0,738,4162,2267
12092,0,0,63,185,315
12093,0,8,113,1731,9279
12094,0,0,739,4163,2268
12095,0,8,113,1732,9280
12096,0,8,188,6380,5487
12097,0,8,188,1733,9281
12098,0,0,63,6381,5488
12099,0,0,62,133,213
121,0,0,0,3,3
1210,0,0,0,6,14
12100,0,53,3350,1734,9282
12101,0,0,17,1735,9283
12102,0,8,1919,6382,5489
12103,0,8,113,1736,9284
12104,0,8,113,6383,5490
12105,0,0,0,161,239
12106,0,451,1920,6384,5491
12107,0,0,0,161,239
12108,0,0,0,0,0
12109,0,0,0,13,475
1211,0,2,18,128,220
12110,0,0,0,0,0
12111,0,0,0,0,42
12112,0,0,0,0,0
12113,0,6,7,17,18
12114,0,0,0,0,0
12115,0,0,0,13,685
12116,0,0,0,14,22
12117,0,0,0,0,0
12118,0,0,0,0,0
12119,0,0,0,0,0
1212,0,0,0,2,1
12120,0,2,2,10,15
12121,168,2045,740,4164,2269
12122,0,0,0,0,0
12123,0,0,0,0,0
12124,0,0,0,0,0
12125,0,6,7,17,883
12126,0,0,0,0,0
12127,0,0,27,433,5492
12128,0,2,2,10,2270
12129,0,1,1,4,211
1213,0,0,3,7,5
12130,0,0,0,3,3
12131,0,3,6,1737,9285
12132,0,6,741,4165,2271
12133,0,0,0,3,3
12134,0,1,1,4,9286
12135,0,1,1,1738,9287
12136,0,0,134,4166,2272
12137,0,2,2,10,15
12138,0,2,2,10,15
12139,0,0,0,0,0
1214,0,0,0,2,1
12140,0,0,0,4167,2273
12141,0,0,0,3,3
12142,0,0,0,3,3
12143,0,0,0,3,3
12144,0,1,1,1739,9288
12145,0,2,2,18,16
12146,0,1,1,4,2274
12147,0,2,2,10,15
12148,0,0,0,0,0
12149,0,1296,3351,1740,9289
1215,0,1,1,5,29
12150,0,6,7,17,18
12151,0,0,0,0,0
12152,0,0,0,0,0
12153,0,0,0,0,0
12154,0,0,0,0,0
12155,0,6,7,1741,9290
12156,0,0,3352,1742,9291
12157,0,12,14,83,686
12158,0,12,14,83,686
12159,0,1,50,115,188
1216,0,0,0,1,4
12160,0,0,0,1,9292
12161,0,452,1921,6385,5493
12162,0,1,50,115,188
12163,0,0,3,7,2275
12164,0,0,0,1,2
12165,0,0,3,6386,5494
12166,0,0,3,7,5495
12167,0,1,1,359,424
12168,0,1,50,115,188
12169,0,0,3353,1743,9293
1217,0,1,1,15,25
12170,0,0,0,0,0
12171,0,0,3354,1744,9294
12172,0,0,0,1745,9295
12173,0,0,3355,1746,9296
12174,0,0,0,14,22
12175,0,0,742,4168,2276
12176,0,0,0,6,281
12177,0,0,1922,6387,5496
12178,0,1,1,15,97
12179,0,75,743,4169,2277
1218,0,0,305,3356,1139
12180,1,1297,3356,1747,9297
12181,0,0,0,1,2
12182,0,1,1,15,97
12183,0,0,3,7,5
12184,0,4,4,8,2278
12185,0,0,0,12,9
12186,0,0,46,110,156
12187,0,2,2,434,899
12188,0,0,11,28,69
12189,0,0,11,1748,9298
1219,0,1,1,5,13
12190,0,0,11,28,69
12191,0,0,11,28,154
12192,0,0,11,28,69
12193,0,0,11,28,69
12194,0,2,2,434,899
12195,0,1298,3357,1749,9299
12196,0,0,11,4170,2279
12197,0,0,0,2,1
12198,0,0,46,110,156
12199,0,0,46,110,156
122,0,0,0,647,7766
1220,0,0,0,1,2
12200,0,0,41,68,5497
12201,0,0,46,110,156
12202,0,0,0,2,2280
12203,0,0,11,28,108
12204,0,0,0,12,9
12205,0,0,41,68,124
12206,0,0,0,12,9
12207,0,2,2,118,5498
12208,0,0,46,110,156
12209,0,0,0,1750,9300
1221,0,0,0,2,1
12210,0,0,0,2,1
12211,0,0,11,28,69
12212,0,0,46,110,156
12213,0,2,2,118,307
12214,0,0,0,2,1
12215,0,0,0,2,1
12216,0,0,0,12,9
12217,0,0,41,68,124
12218,0,0,41,68,124
12219,0,0,41,68,124
1222,0,0,0,9,11
12220,0,0,11,28,69
12221,0,0,0,1751,9301
12222,0,0,0,2,1
12223,0,0,11,28,108
12224,0,0,11,28,69
12225,0,0,11,28,108
12226,0,0,11,28,108
12227,0,0,0,1752,9302
12228,0,0,3358,1753,9303
12229,0,0,11,6388,5499
1223,0,0,0,1,4108
12230,0,0,11,28,108
12231,0,0,3359,1754,9304
12232,0,453,1923,6389,5500
12233,0,0,11,28,9305
12234,0,0,0,2,2281
12235,0,0,0,2,1
12236,0,1,1,21,57
12237,0,0,0,1,2
12238,0,0,0,1,4
12239,0,1,1,5,5501
1224,0,0,0,2,1
12240,0,454,1924,6390,5502
12241,0,455,1925,6391,5503
12242,0,456,1926,6392,5504
12243,0,0,0,1,2
12244,0,1299,3360,1755,9306
12245,0,0,0,1,2
12246,0,1300,3361,1756,9307
12247,0,1301,3362,1757,9308
12248,0,457,1927,6393,5505
12249,0,1,1,614,687
1225,0,0,0,0,0
12250,0,0,3363,1758,9309
12251,0,4,4,6394,5506
12252,0,1,1,5,13
12253,0,1,1,21,9310
12254,0,0,0,9,11
12255,0,0,0,2,1
12256,0,0,0,1,2
12257,0,0,0,1,4
12258,0,0,3,7,5
12259,0,0,0,0,0
1226,0,0,0,2,834
12260,0,0,0,0,0
12261,0,0,0,0,0
12262,0,0,0,0,0
12263,0,0,0,0,37
12264,0,0,0,0,5507
12265,0,0,0,14,22
12266,0,0,0,0,0
12267,0,0,0,0,0
12268,0,0,0,13,10
12269,0,0,0,0,476
1227,0,1009,2821,728,7895
12270,0,0,0,13,10
12271,0,0,0,0,73
12272,0,2,2,10,26
12273,0,0,9,56,119
12274,0,0,11,28,69
12275,0,0,11,28,69
12276,0,2,2,118,307
12277,0,2,2,118,9311
12278,0,0,41,68,124
12279,0,0,0,12,9
1228,0,0,0,1,2
12280,0,0,11,1759,9312
12281,0,0,0,12,9
12282,0,4,4,8,20
12283,0,0,3,7,5
12284,0,0,0,9,23
12285,0,4,4,8,20
12286,0,0,3,7,5
12287,0,1,1,614,687
12288,0,0,0,2,1
12289,0,0,0,6395,5508
1229,0,0,0,2,1140
12290,0,1,1,4171,2282
12291,0,1,1,1760,9313
12292,0,0,0,0,0
12293,0,0,0,0,476
12294,0,0,0,0,0
12295,0,0,0,0,476
12296,89,1302,3364,1761,9314
12297,0,0,0,0,0
12298,0,0,0,0,42
12299,0,0,0,14,22
123,0,0,0,5339,3986
1230,0,0,0,2,1
12300,0,0,0,4172,2283
12301,0,0,0,0,0
12302,0,0,3365,1762,9315
12303,0,0,0,0,567
12304,0,0,0,308,688
12305,33,458,1928,6396,5509
12306,0,0,0,308,2284
12307,33,2046,744,4173,2285
12308,0,0,0,0,0
12309,0,2,2,10,898
1231,0,0,0,2,1
12310,0,0,0,0,0
12311,0,0,0,14,22
12312,0,0,0,13,10
12313,0,0,0,0,0
12314,0,0,0,0,681
12315,0,0,189,547,9316
12316,0,0,0,13,10
12317,0,0,0,4174,2286
12318,0,2,2,10,26
12319,0,0,0,0,0
1232,0,0,0,1,4
12320,0,0,0,0,0
12321,0,0,0,14,22
12322,0,0,0,0,37
12323,0,0,0,0,37
12324,0,0,0,0,0
12325,0,0,0,0,0
12326,0,0,0,0,0
12327,0,0,0,0,0
12328,0,0,0,0,0
12329,0,0,0,0,0
1233,0,0,3,7,5
12330,0,0,0,0,0
12331,0,0,0,0,0
12332,0,0,0,0,0
12333,0,0,0,0,73
12334,0,0,0,0,0
12335,0,0,0,0,37
12336,0,0,0,0,0
12337,0,0,0,0,0
12338,0,0,0,0,0
12339,0,0,0,0,0
1234,0,0,0,1,4
12340,0,0,0,0,0
12341,0,0,0,0,0
12342,0,0,0,0,0
12343,0,2,2,10,26
12344,0,0,0,0,37
12345,0,0,0,0,0
12346,0,0,0,0,0
12347,0,0,0,0,73
12348,0,0,0,9,11
12349,3,459,1929,6397,5510
1235,0,0,0,2,834
12350,0,2047,745,4175,2287
12351,0,0,0,1,2
12352,0,4,4,8,20
12353,0,0,0,9,23
12354,0,0,3,7,5
12355,0,0,0,1,2
12356,0,1,1,5,546
12357,0,0,0,0,0
12358,0,0,0,0,0
12359,0,0,0,4176,2288
1236,0,0,0,2,1
12360,0,0,0,0,0
12361,0,0,0,4177,2289
12362,0,0,0,0,0
12363,0,0,0,0,0
12364,0,0,0,0,0
12365,0,0,0,0,0
12366,0,0,0,0,0
12367,0,0,0,0,0
12368,0,0,0,0,73
12369,0,0,0,0,0
1237,0,1,1,19,596
12370,0,0,0,0,0
12371,0,0,0,0,37
12372,0,0,0,0,0
12373,0,0,0,0,5511
12374,0,0,0,0,37
12375,0,0,0,0,37
12376,0,0,0,13,10
12377,0,0,0,13,10
12378,0,0,0,13,10
12379,0,0,0,14,22
1238,0,0,0,12,9
12380,0,0,0,0,37
12381,0,0,0,1,4
12382,169,2048,746,4178,2290
12383,0,0,0,1,2
12384,0,0,0,1,2
12385,0,0,3,7,5
12386,0,0,0,14,5512
12387,0,0,0,0,0
12388,0,0,0,0,0
12389,0,0,0,6398,5513
1239,0,0,3,7,5
12390,0,0,0,0,0
12391,0,0,0,0,0
12392,0,0,0,0,0
12393,0,0,0,550,802
12394,0,0,0,13,5514
12395,0,0,0,4179,2291
12396,0,0,0,13,10
12397,0,0,0,16,280
12398,0,0,0,0,0
12399,0,0,0,14,22
124,0,3,6,5340,3987
1240,0,0,0,1,2
12400,0,0,0,0,689
12401,0,0,0,0,689
12402,0,0,0,0,0
12403,0,2,2,6399,5515
12404,0,0,0,0,0
12405,0,0,0,0,0
12406,0,0,0,0,0
12407,0,0,0,0,0
12408,0,0,0,0,73
12409,0,0,0,0,0
1241,0,4,4,8,20
12410,0,0,0,0,0
12411,0,0,0,0,0
12412,0,0,0,0,0
12413,0,0,0,0,0
12414,0,2,2,10,26
12415,0,0,0,0,0
12416,0,0,0,0,0
12417,0,0,0,0,0
12418,0,0,0,13,10
12419,0,0,0,0,0
1242,0,0,0,1,4
12420,0,0,0,14,22
12421,0,0,0,13,10
12422,0,0,9,56,119
12423,0,0,0,0,0
12424,0,0,0,0,0
12425,0,0,0,13,10
12426,0,0,0,0,37
12427,0,0,0,13,10
12428,0,0,0,0,0
12429,0,0,0,0,0
1243,0,0,0,1,2
12430,0,0,0,16,280
12431,0,0,0,1763,9317
12432,0,0,9,1764,9318
12433,0,0,0,0,0
12434,0,0,0,0,0
12435,0,0,0,0,0
12436,0,0,0,0,0
12437,0,0,0,0,0
12438,0,0,0,0,0
12439,0,0,0,0,0
1244,0,0,0,2,1
12440,0,0,0,0,0
12441,0,0,0,13,10
12442,0,0,0,13,10
12443,0,0,9,56,119
12444,0,2,2,10,68
12445,0,0,0,0,42
12446,0,0,0,0,37
12447,0,0,0,0,37
12448,0,0,0,0,37
12449,0,0,0,0,0
1245,0,2,2,10,15
12450,0,0,0,0,0
12451,0,0,0,0,0
12452,0,0,0,0,0
12453,0,0,0,0,0
12454,0,0,0,0,0
12455,0,0,0,0,37
12456,0,0,0,0,0
12457,0,0,0,0,0
12458,0,0,0,0,2292
12459,0,0,0,13,10
1246,0,0,3,7,5
12460,0,0,747,4180,2293
12461,0,0,0,13,10
12462,0,0,0,13,10
12463,0,0,0,0,310
12464,0,0,1930,6400,5516
12465,0,0,0,0,0
12466,0,0,0,0,0
12467,0,0,0,0,73
12468,0,0,0,0,73
12469,0,2,3366,1765,9319
1247,0,0,3,7,5
12470,0,0,748,4181,2294
12471,0,2,2,10,26
12472,0,0,9,56,119
12473,0,2,2,10,26
12474,0,0,9,56,119
12475,0,0,3367,1766,9320
12476,0,0,0,0,9321
12477,0,0,0,13,10
12478,0,0,0,13,10
12479,0,0,0,13,10
1248,0,0,306,3357,1141
12480,0,0,0,13,10
12481,0,0,749,4182,2295
12482,0,0,0,0,0
12483,0,0,0,0,0
12484,0,0,0,0,0
12485,0,0,0,1767,9322
12486,0,0,0,0,5517
12487,0,0,0,0,37
12488,0,460,1931,6401,5518
12489,0,0,0,0,0
1249,0,0,3,7,5
12490,0,0,0,0,0
12491,0,0,0,0,0
12492,0,0,0,0,0
12493,0,0,0,0,0
12494,0,0,0,14,32
12495,0,0,0,0,0
12496,0,0,0,0,0
12497,0,0,0,0,310
12498,0,0,0,6402,5519
12499,0,0,0,0,310
125,0,3,6,26,7767
1250,0,0,3,7,5
12500,0,0,0,0,0
12501,0,0,0,13,10
12502,0,0,0,0,0
12503,0,0,0,0,0
12504,0,0,0,14,22
12505,0,0,0,0,0
12506,0,0,0,0,0
12507,0,0,0,0,0
12508,0,0,3368,1768,9323
12509,0,0,0,0,9324
1251,0,0,0,2,1
12510,0,0,0,6403,5520
12511,0,0,0,0,0
12512,0,0,0,0,0
12513,0,0,0,0,0
12514,0,0,0,0,0
12515,0,0,0,0,0
12516,0,0,0,0,0
12517,0,0,0,0,9325
12518,0,0,0,0,37
12519,0,0,0,2,48
1252,0,1010,2822,729,7896
12520,0,1,1,6404,5521
12521,0,1,1,5,21
12522,0,0,9,54,5522
12523,0,0,0,0,0
12524,0,0,0,0,0
12525,0,0,0,0,0
12526,0,2,2,10,68
12527,0,0,0,0,0
12528,0,0,0,0,42
12529,0,0,0,14,22
1253,0,1798,307,3358,1142
12530,0,3,6,6405,5523
12531,0,0,0,3,3
12532,0,0,100,6406,5524
12533,0,0,0,3,3
12534,0,1,1932,6407,5525
12535,0,0,0,148,266
12536,0,0,0,1,4
12537,0,0,750,4183,2296
12538,0,0,1933,6408,5526
12539,0,4,4,8,155
1254,0,1011,2823,730,7897
12540,0,0,751,4184,2297
12541,0,0,0,1,4
12542,0,0,3,7,5
12543,0,0,0,2,1
12544,0,0,0,2,1
12545,0,0,0,1,2
12546,0,0,0,1,5527
12547,0,0,0,16,24
12548,0,0,0,16,24
12549,0,2,2,25,138
1255,0,1012,2824,731,7898
12550,0,0,0,16,24
12551,0,0,0,22,5528
12552,0,4,4,8,9326
12553,0,0,21,92,900
12554,0,0,10,104,9327
12555,0,9,48,105,9328
12556,0,2,2,25,138
12557,0,0,0,0,0
12558,0,1,1,5,13
12559,0,0,3,7,5
1256,0,1013,2825,732,7899
12560,0,0,0,1,2
12561,0,1303,3369,1769,9329
12562,0,0,0,1,2
12563,0,0,0,1770,9330
12564,0,0,0,6409,5529
12565,0,0,0,1,9331
12566,0,4,4,8,5530
12567,0,0,0,1,2
12568,0,0,0,1,2
12569,0,0,0,2,1
1257,0,1014,2826,733,7900
12570,0,0,0,1,2
12571,0,1,1,15,95
12572,0,0,0,1,4
12573,0,461,1934,6410,5531
12574,0,0,0,1,2
12575,0,0,0,1,2
12576,0,0,752,4185,2298
12577,0,0,0,1,4
12578,0,1,1,15,25
12579,0,0,0,1,4
1258,0,4,4,8,978
12580,0,0,0,1,2
12581,0,4,4,43,115
12582,0,1,1,4186,2299
12583,0,1,1,435,901
12584,0,1,1,285,556
12585,0,0,0,6,17
12586,0,0,0,6,7
12587,0,0,0,2,1
12588,0,0,0,6,7
12589,0,1,1,5,8
1259,0,0,3,7,5
12590,0,0,0,12,9
12591,0,1,1,1771,9332
12592,0,0,0,6,14
12593,0,1,1,5,8
12594,0,5,5,11,12
12595,0,1,1,5,8
12596,0,0,0,6,7
12597,0,0,0,2,1
12598,0,1,1,5,478
12599,0,0,0,12,9
126,0,3,6,124,3988
1260,0,0,0,2,1
12600,0,0,0,44,63
12601,0,0,0,44,63
12602,0,0,0,12,9
12603,14,462,1935,6411,5532
12604,0,0,0,75,110
12605,0,0,0,6,14
12606,0,0,0,2,1
12607,0,1,1,5,8
12608,0,5,5,11,12
12609,0,0,0,6,7
1261,0,0,0,1,4
12610,0,0,0,6,7
12611,0,5,5,11,5533
12612,0,1,1,5,8
12613,0,0,0,6,17
12614,0,0,0,1,103
12615,0,0,0,1,103
12616,0,0,0,6,7
12617,0,1,1,5,8
12618,0,5,5,11,12
12619,0,0,0,2,1
1262,0,1,1,5,13
12620,0,1,1,5,8
12621,0,0,0,6,17
12622,0,1,1,5,8
12623,0,0,0,2,1
12624,0,0,0,1,4
12625,0,0,0,2,1
12626,0,0,0,1,2
12627,0,1,1,6412,5534
12628,0,2049,753,4187,2300
12629,0,0,3,7,5
1263,0,0,0,1,397
12630,0,0,0,1,2
12631,0,0,0,2,1
12632,0,0,0,1772,9333
12633,0,4,4,6413,5535
12634,0,0,0,1,4
12635,0,0,0,9,11
12636,0,1,1,15,30
12637,0,463,1936,6414,5536
12638,0,0,0,2,1
12639,0,0,0,2,1
1264,0,0,0,2,1
12640,0,0,0,9,11
12641,0,0,0,2,1
12642,0,0,0,1,2
12643,0,1,1,5,13
12644,0,1,35,6415,5537
12645,0,4,4,4188,2301
12646,0,4,4,436,5538
12647,0,1,1,4189,2302
12648,0,0,0,1,4
12649,0,0,3,7,5
1265,0,1,1,15,25
12650,0,0,0,9,5539
12651,0,4,4,8,9334
12652,0,0,0,2,1
12653,0,1,1,20,19
12654,0,0,0,1,4
12655,0,4,4,6416,5540
12656,0,1,1,15,97
12657,0,1304,3370,1773,9335
12658,0,0,0,1,2
12659,0,0,0,2,1
1266,0,4,4,8,94
12660,0,1,1,15,30
12661,0,0,0,1,4
12662,0,0,0,2,1
12663,0,0,0,2,1
12664,0,0,3,7,5
12665,0,0,0,9,11
12666,0,0,0,2,1
12667,0,1305,3371,1774,9336
12668,0,0,0,1,2
12669,0,0,3,7,5
1267,0,0,0,1,4
12670,0,1,1,5,59
12671,0,1,1,6417,5541
12672,0,1,1,15,30
12673,0,0,3,7,5
12674,0,464,1937,6418,5542
12675,0,0,0,1,2
12676,0,0,1938,6419,5543
12677,0,0,0,2,1
12678,0,0,0,1,2
12679,0,0,3,7,5
1268,0,0,3,7,5
12680,0,0,3,7,5
12681,0,1,1939,6420,5544
12682,0,1,754,4190,2303
12683,0,4,4,536,1000
12684,0,1306,3372,1775,9337
12685,0,465,1940,6421,5545
12686,0,0,0,1,2
12687,0,0,0,9,2304
12688,0,0,0,1,4
12689,0,1,1,20,19
1269,0,0,0,510,7901
12690,0,0,0,2,1
12691,0,0,0,1,2
12692,0,0,0,2,1
12693,0,1,1,5,2305
12694,0,0,0,1,4
12695,0,466,1941,6422,5546
12696,0,0,0,1,2
12697,0,0,3,7,5
12698,0,0,0,9,11
12699,0,0,0,2,1
127,0,4,4,8,20
1270,0,0,1416,5419,4109
12700,0,0,0,1,2
12701,0,0,0,1,4
12702,0,467,1942,6423,5547
12703,0,0,0,1,2
12704,0,468,1943,6424,5548
12705,0,0,0,1,2
12706,0,0,0,9,11
12707,0,4,4,6425,5549
12708,0,1,1,15,9338
12709,0,0,0,1,9339
1271,0,0,0,9,11
12710,0,4,4,535,2306
12711,0,0,0,1,2
12712,0,0,3,7,5
12713,0,0,0,1,4
12714,0,0,0,1,2
12715,0,0,0,1,2
12716,0,1307,3373,1776,9340
12717,0,0,0,1,2
12718,0,0,0,1,2
12719,0,4,4,8,279
1272,0,0,0,5420,4110
12720,0,1,1,84,2307
12721,0,4,4,43,5550
12722,0,0,0,2,1
12723,0,0,3,7,5
12724,0,0,3,7,5
12725,0,4,4,8,139
12726,0,0,0,1,4
12727,0,0,0,9,11
12728,0,0,0,2,1
12729,0,0,0,1,4
1273,0,0,3,7,5
12730,0,0,0,1,2
12731,0,1,1,5,2308
12732,0,1,1,6426,5551
12733,0,0,0,2,1
12734,0,1308,3374,1777,9341
12735,0,0,0,1,2
12736,90,1309,3375,1778,9342
12737,0,1,1,15,30
12738,0,469,1944,6427,5552
12739,0,0,0,1,2
1274,0,1799,308,3359,1143
12740,0,4,4,6428,5553
12741,0,0,0,2,1
12742,0,1,1,5,2309
12743,0,0,0,2,1
12744,0,0,0,2,1
12745,0,0,0,2,1
12746,0,0,3376,1779,9343
12747,0,0,3,7,5
12748,0,0,0,2,1
12749,0,1,1,15,30
1275,0,0,0,1,2
12750,0,1310,3377,1780,9344
12751,0,0,0,1,2
12752,0,0,3,7,5
12753,0,470,1945,6429,5554
12754,0,0,0,1,2
12755,0,1,1,15,30
12756,0,2050,755,4191,2310
12757,0,0,0,1,4
12758,0,0,0,2,1
12759,1,2051,756,4192,2311
1276,0,0,0,510,1144
12760,0,0,0,1,2
12761,0,0,0,1,2
12762,0,1,1,5,59
12763,0,0,0,1,2
12764,0,1,35,1781,9345
12765,0,1,1,4193,2312
12766,0,2052,757,4194,2313
12767,0,0,0,1782,9346
12768,0,0,0,1783,9347
12769,0,2053,758,4195,2314
1277,0,0,0,1,2
12770,0,0,0,1,2
12771,1,471,1946,6430,5555
12772,0,0,0,1,2
12773,1,472,1947,6431,5556
12774,0,0,0,1,2
12775,0,0,0,1,4
12776,0,1311,3378,1784,9348
12777,0,0,0,1,2
12778,0,0,0,1,2
12779,0,0,0,1,2
1278,0,0,0,2,1
12780,0,473,1948,6432,5557
12781,0,0,0,1,2
12782,0,0,0,2,1
12783,0,0,0,9,11
12784,0,0,0,1785,9349
12785,0,0,0,1786,9350
12786,0,0,0,2,5558
12787,0,474,1949,6433,5559
12788,0,0,0,1,4
12789,0,0,0,1,2
1279,0,1,1,5,4111
12790,0,0,3,7,5
12791,0,0,0,2,1
12792,0,0,0,2,1
12793,0,4,4,8,5560
12794,0,0,0,2,1
12795,0,1,1,5,13
12796,0,0,3,7,5
12797,0,0,0,9,23
12798,0,10,12,6434,5561
12799,0,475,1950,6435,5562
128,0,4,4,8,3989
1280,0,0,3,7,5
12800,0,0,0,1,2
12801,0,0,0,2,1
12802,0,0,0,2,1
12803,0,0,0,2,1
12804,0,0,3,7,5
12805,0,0,3,7,5
12806,0,0,0,2,1
12807,0,0,0,2,1
12808,0,1,1,19,47
12809,3,2054,759,4196,2315
1281,0,1,1,21,256
12810,3,2055,760,4197,2316
12811,0,0,0,6436,5563
12812,0,0,0,1,2
12813,0,4,4,8,20
12814,0,0,1951,6437,5564
12815,0,0,0,4198,2317
12816,0,0,0,1787,9351
12817,0,0,0,4199,2318
12818,0,1,1,15,30
12819,0,0,3,7,5
1282,0,2,18,78,430
12820,0,0,0,9,11
12821,0,1,49,89,9352
12822,0,4,4,8,20
12823,0,4,4,8,2319
12824,0,0,0,2,1
12825,0,1,1,19,5565
12826,0,0,0,2,1
12827,0,0,0,2,1
12828,0,0,0,2,1
12829,0,0,0,6,7
1283,0,0,3,7,5
12830,0,0,3,7,5
12831,0,2056,761,4200,2320
12832,0,0,0,1,2
12833,0,0,0,1,2
12834,0,0,0,9,11
12835,0,0,0,1,4
12836,0,1,1,15,25
12837,0,0,0,1,2
12838,0,0,3,7,5
12839,0,0,0,4201,2321
1284,0,4,4,8,1145
12840,0,4,4,8,155
12841,0,476,1952,6438,5566
12842,0,0,0,9,23
12843,0,0,0,1,4
12844,1,1312,3379,1788,9353
12845,0,0,0,1,2
12846,0,0,0,1,2
12847,0,0,0,1,2
12848,0,0,0,1,4
12849,0,0,0,1,4
1285,0,1,49,89,207
12850,0,0,0,1,117
12851,0,0,0,2,1
12852,0,0,0,2,1
12853,0,1,1,19,47
12854,0,0,0,1,2
12855,0,0,0,1,4
12856,0,0,0,1,9354
12857,12,30,105,6439,5567
12858,0,2057,762,4202,2322
12859,0,0,0,1,2
1286,0,0,3,7,5
12860,0,0,0,1789,9355
12861,0,0,0,1,2
12862,0,0,0,1,2
12863,0,0,0,6,7
12864,0,0,0,2,1
12865,0,1,1,4203,2323
12866,0,0,0,6,17
12867,0,0,0,6,7
12868,0,0,0,6,17
12869,0,0,0,2,1
1287,0,0,1417,5421,4112
12870,0,0,0,1,2
12871,0,0,0,6,7
12872,0,0,0,6,14
12873,0,5,5,11,12
12874,0,5,5,11,413
12875,0,0,0,2,1
12876,0,5,5,11,413
12877,0,1,1,5,8
12878,0,1,1,5,8
12879,0,4,4,4204,2324
1288,0,0,3,7,5
12880,0,1,1,5,8
12881,0,0,0,6,17
12882,0,5,5,1790,9356
12883,0,5,5,11,413
12884,0,0,0,44,63
12885,14,1313,3380,1791,9357
12886,0,0,0,75,110
12887,0,1,1,1792,9358
12888,0,0,0,12,9
12889,0,0,0,75,110
1289,0,0,0,2,1
12890,0,0,0,44,63
12891,0,1,1,1793,9359
12892,0,0,0,12,9
12893,0,0,0,44,63
12894,0,0,0,2,1
12895,0,0,0,6,14
12896,0,1,1,4205,2325
12897,0,5,1953,6440,5568
12898,0,1,1,5,8
12899,0,1,1,5,865
129,0,0,266,3284,1030
1290,0,1,1,5422,4113
12900,0,0,0,6,7
12901,0,5,5,11,12
12902,0,5,5,11,477
12903,0,0,0,6,7
12904,0,5,5,11,477
12905,0,5,5,11,298
12906,0,0,0,6,7
12907,0,5,5,11,12
12908,0,0,0,6,14
12909,0,0,0,2,1
1291,0,0,0,2,1
12910,0,0,0,6,7
12911,0,1,1,5,478
12912,0,1,1,5,203
12913,0,0,0,2,1
12914,0,1314,3381,1794,9360
12915,0,1,1,4206,2326
12916,0,1,1,5,8
12917,0,0,0,6,7
12918,0,0,0,6,17
12919,0,0,0,6,7
1292,0,0,0,6,7
12920,0,0,0,6,7
12921,0,0,0,71,116
12922,0,0,0,71,116
12923,0,0,0,27,35
12924,0,0,0,27,35
12925,0,477,1954,6441,5569
12926,0,1,1,1795,9361
12927,0,0,0,6,17
12928,0,0,0,27,35
12929,0,1,1,5,8
1293,0,1,1,19,126
12930,0,4,4,32,44
12931,0,4,4,6442,5570
12932,0,4,4,32,44
12933,0,1,1,5,8
12934,0,0,0,27,35
12935,0,0,0,6,7
12936,0,0,0,6,14
12937,0,478,1955,6443,5571
12938,0,0,0,1,2
12939,0,0,0,27,35
1294,0,0,0,0,0
12940,0,1,1,5,8
12941,0,0,0,2,1
12942,0,5,5,11,12
12943,0,0,0,6,7
12944,0,0,0,2,1
12945,0,1,1,5,5572
12946,0,0,0,2,1
12947,0,0,0,1,2
12948,0,0,0,1,2
12949,0,0,0,6,7
1295,0,0,0,0,0
12950,0,0,0,6,7
12951,0,0,0,6,17
12952,0,0,0,6,17
12953,0,0,0,6,17
12954,0,1,1,5,8
12955,0,0,0,6,7
12956,0,5,5,11,690
12957,0,5,5,11,690
12958,0,0,0,1,2
12959,0,5,5,4207,2327
1296,0,0,0,38,45
12960,0,1,1,5,8
12961,0,0,0,6,17
12962,0,0,0,2,1
12963,0,1,1,5,8
12964,0,1,1,5,8
12965,0,1,1,5,8
12966,0,0,0,6,7
12967,0,0,0,2,1
12968,0,1,1,5,2328
12969,0,5,5,11,12
1297,0,0,0,0,0
12970,0,0,0,6,7
12971,0,5,5,11,2329
12972,0,0,0,6,17
12973,0,0,26,91,902
12974,0,0,0,2,1
12975,0,0,26,91,902
12976,0,0,0,6,7
12977,0,1,1,5,8
12978,0,5,5,11,12
12979,0,0,0,6,7
1298,0,1015,2827,734,7902
12980,0,0,0,6,14
12981,4,1315,3382,1796,9362
12982,0,0,0,27,35
12983,0,5,5,11,2330
12984,0,0,0,2,1
12985,0,0,0,2,1
12986,0,0,0,6,17
12987,0,0,0,2,1
12988,0,0,0,6,7
12989,0,0,0,6,7
1299,0,0,0,0,0
12990,0,0,0,6,7
12991,0,0,0,2,1
12992,0,0,0,2,1
12993,0,1,1,5,8
12994,0,0,0,12,9
12995,0,1,1,5,203
12996,91,1316,3383,1797,9363
12997,0,1,1,1798,9364
12998,0,1,1,5,5573
12999,0,0,0,12,9
13,0,0,0,0,0
130,0,0,0,71,116
1300,0,2,309,3360,1146
13000,0,0,0,12,9
13001,0,0,0,12,2331
13002,0,0,0,12,2332
13003,0,0,0,44,63
13004,0,0,0,1,4
13005,0,0,3,7,5
13006,0,1,1,15,30
13007,0,1317,3384,1799,9365
13008,0,0,0,1,4
13009,0,0,3,7,5
1301,0,6,7,735,7903
13010,0,0,0,6,14
13011,0,0,0,6,7
13012,0,1,1,5,9366
13013,0,1,1,5,8
13014,1,479,1956,6444,5574
13015,0,0,0,1,2
13016,0,1,1,21,129
13017,0,480,1957,6445,5575
13018,0,0,0,9,23
13019,0,0,0,2,1
1302,0,0,0,5423,4114
13020,0,0,0,1,2
13021,0,0,0,1,4
13022,0,1,1,19,163
13023,0,0,0,2,1
13024,0,0,0,12,9
13025,0,1,1,1800,9367
13026,0,0,0,12,9
13027,0,0,0,44,63
13028,0,0,0,75,110
13029,0,1,1,5,203
1303,0,0,0,511,597
13030,0,0,0,44,63
13031,0,1,1,4208,2333
13032,0,0,0,12,9
13033,0,1,1,5,8
13034,0,0,0,1,103
13035,0,0,0,6,17
13036,0,5,5,11,12
13037,0,0,0,2,1
13038,0,0,0,2,1
13039,0,0,0,27,5576
1304,0,0,0,511,597
13040,0,0,0,6,14
13041,14,1318,3385,1801,9368
13042,0,0,0,75,110
13043,0,0,0,2,1
13044,0,0,0,12,9
13045,0,0,0,2,1
13046,0,2058,763,4209,2334
13047,0,481,1958,6446,5577
13048,0,0,0,9,11
13049,0,0,0,1,2
1305,0,0,0,2,253
13050,0,0,0,6,7
13051,0,0,3,7,5
13052,0,0,3,7,5
13053,0,0,0,1,4
13054,0,0,0,2,1
13055,0,0,0,1,4
13056,0,1,1,5,269
13057,0,0,0,12,9
13058,0,0,0,2,1
13059,0,0,0,12,9
1306,0,0,0,331,979
13060,0,0,0,6447,5578
13061,0,0,0,12,9
13062,0,0,0,12,2335
13063,0,0,1959,6448,5579
13064,0,0,0,6,28
13065,0,0,0,6,157
13066,0,0,0,6,34
13067,0,0,0,6449,5580
13068,0,0,0,187,302
13069,0,0,0,6,28
1307,0,0,0,3361,1147
13070,0,0,0,6,28
13071,0,0,0,2,1
13072,0,0,0,6,34
13073,0,0,0,6,34
13074,0,0,0,6,34
13075,0,0,0,75,110
13076,0,0,0,12,9
13077,0,0,0,12,9
13078,0,0,0,12,9
13079,0,1,1,6450,5581
1308,0,0,0,736,7904
13080,0,0,0,2,1
13081,0,0,0,44,63
13082,0,0,0,75,110
13083,0,0,0,12,9
13084,0,0,0,12,9
13085,0,0,0,1802,9369
13086,0,0,1960,6451,5582
13087,0,1,1,1803,9370
13088,0,0,0,12,9
13089,0,0,0,44,63
1309,6,1800,310,3362,1148
13090,0,0,0,12,9
13091,0,0,0,1804,9371
13092,0,1,1,5,203
13093,252,482,1961,6452,5583
13094,0,0,0,75,110
13095,0,1,1,5,269
13096,0,0,0,44,63
13097,0,0,0,12,9
13098,0,1,1,6453,5584
13099,0,1,1,6454,5585
131,0,0,0,6,14
1310,0,0,0,331,979
13100,0,0,0,44,9372
13101,0,1,1,5,478
13102,0,1,1,4210,2336
13103,0,0,0,6,34
13104,0,0,0,6,28
13105,0,0,0,437,788
13106,0,1,1,5,2337
13107,0,0,0,12,9
13108,0,1,1,5,203
13109,0,0,0,12,9
1311,0,0,0,210,400
13110,0,1,1,5,5586
13111,0,0,0,2,1
13112,0,0,0,12,9
13113,0,0,0,44,63
13114,14,483,1962,6455,5587
13115,0,0,0,2,1
13116,0,0,0,12,9
13117,0,0,0,12,9
13118,0,1,1,5,2338
13119,0,0,0,2,1
1312,0,0,0,332,431
13120,0,0,0,2,1
13121,0,4,4,8,20
13122,0,0,0,2,1
13123,0,0,0,2,1
13124,0,0,3,7,5
13125,0,1,1,20,19
13126,0,1,1,21,9373
13127,0,1,1,64,9374
13128,0,0,0,163,274
13129,0,1,1,5,21
1313,0,0,0,210,400
13130,0,0,0,2,1
13131,0,1319,3386,1805,9375
13132,0,1,1,5,21
13133,0,484,1963,6456,5588
13134,0,2,2,77,354
13135,0,1,1,5,141
13136,0,0,0,12,9
13137,0,0,0,12,9
13138,0,0,0,12,9
13139,0,1,1,5,141
1314,0,0,0,3363,1149
13140,0,0,0,12,9
13141,0,0,0,29,31
13142,0,0,0,6,7
13143,0,0,0,6,7
13144,0,0,0,6,7
13145,0,0,0,6,14
13146,0,0,0,6,7
13147,0,0,0,6,7
13148,0,5,5,11,12
13149,0,0,0,6,7
1315,0,0,0,210,400
13150,0,0,0,6,7
13151,0,5,5,11,12
13152,0,0,0,9,11
13153,0,0,0,6,76
13154,0,0,0,6,189
13155,0,0,764,4211,2339
13156,0,0,0,2,36
13157,6,40,3387,1806,9376
13158,0,0,0,48,9377
13159,0,0,1964,6457,5589
1316,0,0,0,332,431
13160,0,1,1,94,2340
13161,0,1,1,5,8
13162,0,1,1,60,142
13163,0,5,5,11,12
13164,0,5,5,11,12
13165,0,1,1,5,8
13166,0,1,1,5,9378
13167,0,0,0,6,7
13168,0,0,0,6,9379
13169,0,5,5,11,12
1317,0,0,2828,737,7905
13170,0,0,0,6,7
13171,0,0,0,6,7
13172,0,0,0,6,7
13173,0,1,1,5,9380
13174,0,5,5,11,2341
13175,0,1,1965,6458,5590
13176,0,0,0,2,1
13177,0,0,0,2,1
13178,0,0,0,2,1
13179,0,0,0,2,1
1318,0,2,2829,738,7906
13180,0,5,5,11,5591
13181,0,0,0,6459,5592
13182,0,5,5,11,12
13183,0,0,1966,6460,5593
13184,0,1,1,5,8
13185,0,0,0,2,1
13186,0,0,0,6,7
13187,0,1,1,5,5594
13188,0,1,1,6461,5595
13189,0,0,0,6,17
1319,0,0,0,210,400
13190,0,1,1,4212,2342
13191,0,0,0,6,14
13192,0,0,0,6,7
13193,0,5,5,6462,5596
13194,0,0,0,2,1
13195,0,0,0,1,103
13196,0,0,0,4213,2343
13197,0,0,0,6,14
13198,0,5,5,11,12
13199,0,0,0,1,4
132,0,5,5,648,7768
1320,0,0,0,332,431
13200,0,0,0,6,17
13201,0,0,0,6,7
13202,0,0,0,1,4
13203,0,0,3,7,5
13204,0,0,3,7,5597
13205,0,0,0,1,4
13206,0,0,0,1,4
13207,0,1,1,1807,9381
13208,0,0,0,6,7
13209,0,0,0,6,14
1321,0,149,1418,5424,4115
13210,0,0,0,6,7
13211,0,0,0,6,7
13212,0,485,1967,6463,5598
13213,0,0,0,71,9382
13214,0,1,1,5,9383
13215,0,0,0,6,7
13216,0,5,5,11,9384
13217,0,5,5,11,12
13218,0,5,5,11,12
13219,0,0,0,2,1
1322,0,0,0,1,2
13220,0,1,1,5,9385
13221,0,0,3,7,5
13222,0,0,0,6,7
13223,0,0,0,1,2
13224,0,1,1,19,47
13225,0,0,3,7,5
13226,0,0,0,2,1
13227,0,4,4,8,20
13228,0,2059,765,4214,2344
13229,0,0,0,1,2
1323,0,0,0,2,1
13230,0,0,3,7,5
13231,0,0,0,9,11
13232,0,4,4,6464,5599
13233,0,4,4,8,20
13234,0,0,0,2,1
13235,0,1,1,5,9386
13236,0,0,0,6465,5600
13237,0,0,0,2,1
13238,0,0,0,2,1
13239,0,1,1,5,29
1324,0,0,311,3364,1150
13240,0,4,4,8,5601
13241,0,0,0,6,7
13242,0,5,5,11,12
13243,0,0,0,2,1
13244,0,0,0,27,9387
13245,0,0,0,1,5602
13246,0,0,0,2,1
13247,0,1,1,5,29
13248,0,0,0,6,17
13249,0,1,1,5,8
1325,0,0,0,1,4116
13250,0,5,5,11,12
13251,0,0,0,6,14
13252,0,0,0,6,7
13253,0,1,1,5,5603
13254,0,0,0,6466,5604
13255,0,1,1,5,2345
13256,0,5,5,11,12
13257,0,0,766,4215,2346
13258,0,0,0,2,1
13259,0,5,5,11,12
1326,0,0,0,1,4
13260,0,0,0,6,295
13261,0,1,1,5,8
13262,0,1,1,5,8
13263,0,0,0,44,63
13264,0,0,0,12,9
13265,0,4,4,8,20
13266,253,486,1968,6467,5605
13267,0,0,0,2,1
13268,0,1,1,21,57
13269,0,4,4,1808,9388
1327,0,0,2830,739,7907
13270,0,0,3,7,5
13271,0,0,0,2,1
13272,0,0,0,9,11
13273,0,1,1,6468,5606
13274,0,1,1,5,5607
13275,0,4,4,8,20
13276,0,0,0,2,1
13277,0,1,1,4216,2347
13278,0,1,1,20,5608
13279,0,0,3,7,5
1328,0,0,0,2,1
13280,0,0,0,9,11
13281,0,0,0,4217,2348
13282,0,0,0,2,1
13283,0,1320,3388,1809,9389
13284,0,0,0,1,2
13285,0,487,1969,6469,5609
13286,0,0,0,1,2
13287,0,1,1,5,2349
13288,0,0,0,2,1
13289,0,4,4,1810,9390
1329,0,0,2831,740,7908
13290,0,0,3,7,5
13291,1,488,1970,6470,5610
13292,0,0,0,1,2
13293,0,0,0,1,4
13294,0,489,1971,6471,5611
13295,0,0,0,1,2
13296,0,0,0,6,7
13297,0,0,0,6,7
13298,0,1,1,5,2350
13299,0,1,1,4218,2351
133,0,0,0,2,1
1330,0,1,1,19,4117
13300,0,5,5,11,12
13301,0,1,1,5,269
13302,0,0,0,44,63
13303,0,0,0,75,110
13304,0,1,1,5,2352
13305,0,0,0,2,1
13306,0,0,0,2,5612
13307,0,2060,767,4219,2353
13308,0,0,0,1,2
13309,0,0,3,7,5
1331,0,0,0,9,23
13310,0,490,1972,6472,5613
13311,0,0,0,1,2
13312,0,1321,3389,1811,9391
13313,92,1322,3390,1812,9392
13314,0,4,4,6473,5614
13315,0,0,0,1,4
13316,0,0,0,9,23
13317,0,0,0,2,1
13318,0,0,0,1,4
13319,0,491,1973,6474,5615
1332,0,0,0,1,4
13320,0,1,1,19,47
13321,0,1323,3391,1813,9393
13322,0,1,1,15,2354
13323,0,75,768,4220,2355
13324,0,2061,769,4221,2356
13325,93,1324,3392,1814,9394
13326,0,0,0,1815,9395
13327,0,0,0,2,1
13328,0,0,0,1,2
13329,0,0,0,1816,9396
1333,0,1,1,19,1151
13330,0,0,0,1,2
13331,0,0,0,1817,9397
13332,0,0,0,1,5616
13333,0,0,0,9,11
13334,0,0,0,9,11
13335,0,0,0,2,1
13336,0,0,3,7,5
13337,0,0,1974,6475,5617
13338,0,1,50,115,188
13339,0,1,770,4222,2357
1334,0,0,0,1,4
13340,0,0,0,1,2
13341,0,0,0,1,2
13342,0,4,4,8,5618
13343,0,1,1,15,5619
13344,0,0,0,6476,5620
13345,0,1325,3393,1818,9398
13346,0,0,0,2,1
13347,0,1,1,20,857
13348,0,4,4,8,2358
13349,4,11,24,45,65
1335,0,0,0,2,4118
13350,0,4,4,8,9399
13351,0,0,3,7,5
13352,0,0,0,2,1
13353,0,1,1,5,29
13354,0,0,0,6477,5621
13355,0,1,1,19,93
13356,0,0,3,7,5
13357,0,0,0,1,2359
13358,0,0,0,1,4
13359,0,1,1,5,21
1336,0,150,1419,5425,4119
13360,0,0,0,48,327
13361,6,40,1975,6478,5622
13362,0,0,0,2,187
13363,0,1,1,5,9400
13364,0,1,1,19,47
13365,0,4,4,8,40
13366,0,0,3,7,5
13367,0,0,0,1,4
13368,0,0,0,2,1
13369,0,1,1,20,19
1337,0,0,0,1,2
13370,0,2062,771,4223,2360
13371,0,4,4,8,9401
13372,0,0,3,7,5
13373,0,1,1,20,192
13374,0,0,0,6479,5623
13375,0,1,1,5,13
13376,0,1,1,318,479
13377,0,4,4,8,480
13378,0,1326,3394,1819,9402
13379,0,0,0,1,2
1338,0,0,0,5426,4120
13380,0,10,12,6480,5624
13381,0,0,0,2,1
13382,0,0,3,7,5
13383,0,0,0,130,320
13384,0,0,0,12,9
13385,0,0,0,9,5625
13386,0,0,0,2,1
13387,0,0,0,48,327
13388,0,1,1,438,903
13389,0,1,1,5,21
1339,0,0,312,3365,1152
13390,0,1,1,6481,5626
13391,0,1,1,6482,5627
13392,0,1,1,5,21
13393,0,1,1,438,903
13394,0,0,0,2,187
13395,0,0,0,1,4
13396,0,1,1,31,91
13397,0,0,0,9,23
13398,0,0,0,2,1
13399,0,0,0,1,4
134,53,989,2780,649,7769
1340,0,1,1,21,4121
13400,0,0,3,7,5
13401,0,0,0,1,2
13402,0,0,0,1,4
13403,0,2,18,78,171
13404,0,1,1,21,60
13405,0,2063,772,4224,2361
13406,0,0,0,1,2
13407,0,0,0,2,1
13408,0,1327,3395,1820,9403
13409,0,0,0,1,2
1341,0,1,1,19,7909
13410,0,0,0,1,2
13411,0,492,1976,6483,5628
13412,0,0,0,1,2
13413,0,0,0,1,2
13414,0,4,4,8,20
13415,0,0,0,1,4
13416,0,0,0,2,691
13417,0,0,0,9,23
13418,0,0,0,1,4
13419,0,0,0,9,11
1342,0,0,3,7,5
13420,0,0,0,2,1
13421,1,2064,773,4225,2362
13422,0,493,1977,6484,5629
13423,0,0,0,1,2
13424,0,0,0,1,4
13425,0,0,0,1,4
13426,0,0,0,1,4
13427,0,4,4,8,9404
13428,3,494,1978,6485,5630
13429,3,495,1979,6486,5631
1343,0,0,2832,741,7910
13430,0,496,1980,6487,5632
13431,0,0,0,1,2
13432,0,1328,3396,1821,9405
13433,0,0,0,6488,5633
13434,0,497,1981,6489,5634
13435,0,0,0,2,1
13436,0,0,0,2,1
13437,1,498,1982,6490,5635
13438,0,0,0,1,2
13439,0,499,1983,6491,5636
1344,0,0,2833,742,7911
13440,0,0,0,1,5637
13441,0,0,0,1,4
13442,0,0,0,1,4
13443,0,0,0,2,1
13444,0,0,0,2,1
13445,0,0,0,1,2
13446,0,0,0,9,23
13447,4,11,24,6492,5638
13448,0,0,0,1,4
13449,0,1,1,19,47
1345,0,0,0,2,1
13450,0,4,4,8,20
13451,0,500,1984,6493,5639
13452,0,0,0,1,2
13453,0,0,3,7,5
13454,0,0,0,2,1
13455,0,0,0,2,1
13456,0,0,0,9,11
13457,0,0,0,1822,9406
13458,0,0,0,1,2
13459,0,0,0,2,1
1346,0,1801,313,3366,1153
13460,0,10,12,6494,5640
13461,0,0,0,1,4
13462,0,0,0,1,4
13463,0,0,0,1,4
13464,0,0,0,1,2
13465,0,0,0,1,4
13466,0,0,0,1,4
13467,0,0,0,1,4
13468,254,501,1985,6495,5641
13469,0,0,0,1,2
1347,0,0,0,1,2
13470,0,0,3,7,5
13471,0,0,0,6496,5642
13472,0,0,0,1,4
13473,0,0,0,1,4
13474,0,0,0,2,1
13475,0,0,0,1,4
13476,0,502,1986,6497,5643
13477,0,0,0,1,2
13478,0,1329,3397,1823,9407
13479,0,0,0,1,2
1348,0,0,0,1,4
13480,0,0,0,1,2
13481,0,0,0,9,23
13482,0,1330,3398,1824,9408
13483,0,0,0,1,2
13484,0,0,3,7,5
13485,0,503,1987,6498,5644
13486,0,0,0,2,1
13487,0,504,1988,6499,5645
13488,0,0,0,1,2
13489,0,0,0,1,4
1349,0,1,1,5,4122
13490,0,2065,774,4226,2363
13491,0,0,0,1,2
13492,0,1331,3399,1825,9409
13493,0,0,0,1,2
13494,0,0,0,1,4
13495,0,0,0,1,4
13496,0,1332,3400,1826,9410
13497,0,0,0,1,2
13498,0,0,0,9,23
13499,0,0,0,1827,9411
135,0,0,0,1,132
1350,0,0,0,1,4
13500,0,0,0,1,9412
13501,0,0,0,1,4
13502,0,0,3,7,5
13503,0,0,0,9,11
13504,0,1,1,5,13
13505,0,0,0,1,4
13506,0,0,0,2,1
13507,0,0,0,1828,9413
13508,0,0,0,1,4
13509,0,0,0,1,4
1351,0,0,0,1,2
13510,0,0,0,1,4
13511,0,0,0,1,819
13512,0,4,4,8,976
13513,0,4,4,8,20
13514,0,0,0,1,4
13515,0,1333,3401,1829,9414
13516,0,0,0,1,2
13517,0,0,3,6500,5646
13518,0,0,0,2,1
13519,0,0,0,1,4
1352,0,1802,314,3367,1154
13520,0,0,0,1,4
13521,0,0,3,7,5
13522,0,0,0,1,4
13523,4,11,24,45,65
13524,0,0,0,1,4
13525,255,505,1989,6501,5647
13526,0,2066,775,4227,2364
13527,0,0,0,1,2
13528,0,0,0,1,2
13529,0,0,0,2,1
1353,0,0,0,743,7912
13530,0,0,0,2,1
13531,0,4,4,4228,2365
13532,0,0,0,1,2
13533,0,0,1990,6502,5648
13534,0,0,0,1,4
13535,0,0,0,1,2
13536,0,506,1991,6503,5649
13537,0,0,0,9,11
13538,0,0,0,1,4
13539,0,0,0,1,2
1354,0,0,0,744,7913
13540,0,2067,776,4229,2366
13541,0,0,0,1,2
13542,0,0,0,1,4
13543,0,1,1,15,30
13544,12,30,105,4230,2367
13545,0,2068,777,4231,2368
13546,0,0,0,1,2
13547,0,1,1,5,904
13548,0,0,778,4232,2369
13549,0,0,3,7,5
1355,0,0,0,1,2
13550,0,0,3,7,5
13551,0,0,3,7,5
13552,3,507,1992,6504,5650
13553,3,508,1993,6505,5651
13554,0,509,1994,6506,5652
13555,0,0,0,1,2
13556,0,0,779,4233,2370
13557,0,0,0,6,7
13558,0,0,0,1,4
13559,0,510,1995,6507,5653
1356,0,1,1,5,8
13560,0,0,0,1,2
13561,0,0,0,2,1
13562,0,0,0,1830,9415
13563,0,0,0,9,11
13564,0,0,0,1,4
13565,0,0,0,1,9416
13566,0,4,4,8,20
13567,0,0,3,7,5
13568,0,1,1,19,47
13569,0,0,0,1,4
1357,0,0,0,27,4123
13570,0,0,0,1831,9417
13571,0,0,0,1,4
13572,0,0,0,1,2
13573,0,0,0,1,4
13574,0,0,0,1,4
13575,0,1334,3402,1832,9418
13576,0,0,0,1,2
13577,0,0,0,1,4
13578,4,11,3403,1833,9419
13579,0,0,0,1,4
1358,0,0,0,6,14
13580,0,0,0,2,1
13581,0,1335,3404,1834,9420
13582,0,0,0,1,4
13583,0,0,0,2,1
13584,0,0,3,7,5
13585,1,1336,3405,1835,9421
13586,0,0,0,1,2
13587,0,0,0,1836,9422
13588,0,1,1,5,904
13589,0,511,1996,6508,5654
1359,0,1,1,5,356
13590,0,0,3,7,5
13591,0,0,0,2,1
13592,1,1337,3406,1837,9423
13593,0,0,0,1,2
13594,0,0,3407,1838,9424
13595,0,0,0,2,1
13596,0,0,0,1,2
13597,0,0,0,1,2
13598,0,0,0,1,4
13599,0,0,0,2,1
136,0,0,0,2,1
1360,0,0,0,2,1
13600,0,512,1997,6509,5655
13601,0,0,0,1,2
13602,0,0,0,2,1
13603,0,0,3,7,5
13604,0,0,0,2,1
13605,0,0,0,2,1
13606,0,0,0,9,23
13607,0,0,0,1,4
13608,0,0,0,1,4
13609,0,0,0,2,1
1361,0,5,5,11,12
13610,0,0,0,2,1
13611,0,0,0,1,2
13612,0,0,0,2,1
13613,0,513,1998,6510,5656
13614,0,0,0,1,2
13615,0,0,0,1,2
13616,0,0,0,1,4
13617,0,0,0,2,1
13618,0,1,1,19,47
13619,0,2069,780,4234,2371
1362,0,0,0,6,7
13620,0,0,0,1,2
13621,3,1338,3408,1839,9425
13622,0,2070,781,4235,2372
13623,0,0,0,1,2
13624,0,0,3,7,5
13625,0,0,0,2,1
13626,0,2,18,6511,5657
13627,0,0,0,9,23
13628,0,0,3,7,5
13629,0,1,1,4236,2373
1363,0,0,0,2,1
13630,0,1,1,6512,5658
13631,0,0,0,9,11
13632,0,1,1,21,60
13633,0,4,4,8,20
13634,0,1,1,4237,2374
13635,0,0,0,1,4
13636,0,2071,782,4238,2375
13637,0,0,0,1,2
13638,0,0,0,1840,9426
13639,0,514,1999,6513,5659
1364,0,1,1,5,8
13640,0,0,0,6514,5660
13641,0,0,0,1841,9427
13642,0,0,0,1,4
13643,0,0,0,1,2376
13644,0,0,0,2,1
13645,0,0,0,6515,5661
13646,0,10,12,6516,5662
13647,0,0,0,2,1
13648,1,1339,3409,1842,9428
13649,0,0,0,1,2
1365,0,5,5,11,4124
13650,0,0,0,9,23
13651,0,0,3410,1843,9429
13652,0,0,0,13,10
13653,0,0,0,13,10
13654,0,0,0,1844,9430
13655,0,0,0,13,10
13656,0,0,0,2,1
13657,0,0,0,2,1
13658,0,0,0,2,5663
13659,0,4,4,8,480
1366,0,0,0,0,0
13660,0,0,0,1,2
13661,0,0,0,2,1
13662,0,0,3411,1845,9431
13663,0,0,0,1,4
13664,0,0,0,2,1
13665,0,0,3,7,5
13666,0,0,3,7,5
13667,0,1,1,19,5664
13668,0,1340,3412,1846,9432
13669,0,2072,783,4239,2377
1367,0,0,0,0,0
13670,0,0,0,1,2
13671,0,515,2000,6517,5665
13672,0,4,4,8,20
13673,0,0,0,14,22
13674,0,0,0,0,0
13675,0,0,0,0,0
13676,0,0,0,0,0
13677,0,0,0,0,0
13678,0,0,0,3,41
13679,0,3,6,6518,5666
1368,0,0,0,0,0
13680,0,3,6,4240,2378
13681,0,2,2,18,692
13682,0,1,1,4,501
13683,0,1,1,4,9433
13684,0,3,6,4241,2379
13685,0,3,6,6519,5667
13686,0,0,0,0,0
13687,0,6,7,17,18
13688,0,0,0,0,0
13689,0,0,0,0,0
1369,0,0,0,0,0
13690,0,0,0,0,0
13691,0,0,0,0,0
13692,2,1341,3413,1847,9434
13693,0,0,0,0,0
13694,0,1,1,6520,5668
13695,0,3,8,1848,9435
13696,0,3,6,1849,9436
13697,0,0,0,3,5669
13698,0,0,0,3,3
13699,0,1,1,4,693
137,0,1,1,21,129
1370,0,0,0,0,0
13700,0,2,2,18,16
13701,0,0,0,3,5670
13702,0,1,1,4,5671
13703,0,2,2,18,16
13704,0,1,1,4242,2380
13705,0,1,1,4,6
13706,0,3,6,1850,9437
13707,0,0,0,3,3
13708,0,1,1,4,33
13709,0,2,2,18,16
1371,0,0,0,2,187
13710,0,1,1,4,6
13711,0,1,1,4,6
13712,0,0,0,6521,5672
13713,0,0,0,3,3
13714,0,1,1,4243,2381
13715,0,1,1,4,6
13716,0,1,1,4,6
13717,0,2,2,10,15
13718,0,1,1,4,2382
13719,0,1,1,4,693
1372,0,0,0,6,14
13720,0,1,1,4,6
13721,0,1,1,1851,9438
13722,0,3,6,6522,5673
13723,0,1,1,4244,2383
13724,0,3,6,504,9439
13725,0,1,1,4,2384
13726,0,1,1,4,6
13727,0,1,1,4,6
13728,0,0,0,3,3
13729,0,0,0,3,3
1373,0,2,2,10,1155
13730,0,1,1,4,6
13731,0,6,239,6523,5674
13732,0,0,0,202,343
13733,0,0,0,0,0
13734,0,0,0,0,0
13735,0,0,0,0,0
13736,0,0,0,0,0
13737,0,0,0,0,5675
13738,0,0,0,0,0
13739,0,2,2,10,170
1374,0,87,161,745,7914
13740,0,0,0,14,284
13741,0,0,0,4245,2385
13742,0,0,0,150,5676
13743,0,0,0,0,0
13744,0,0,0,501,9440
13745,0,0,0,0,101
13746,0,0,0,16,24
13747,0,0,190,4246,2386
13748,0,0,190,1852,9441
13749,0,0,0,0,0
1375,0,0,0,0,0
13750,0,0,0,13,10
13751,0,0,0,0,2387
13752,0,0,0,389,5677
13753,0,0,0,0,0
13754,0,0,0,0,0
13755,0,0,0,0,0
13756,0,0,0,0,0
13757,0,0,0,14,5678
13758,0,516,2001,6524,5679
13759,0,1,1,4,6
1376,0,0,0,14,32
13760,0,1,1,4,6
13761,0,1,1,4,355
13762,0,1,1,6525,5680
13763,0,0,0,6526,5681
13764,0,0,2002,6527,5682
13765,0,2,2,4247,2388
13766,6,13,69,154,278
13767,0,0,0,0,0
13768,94,1342,3414,1853,9442
13769,0,0,0,227,333
1377,0,0,0,0,0
13770,0,0,0,6528,5683
13771,0,0,0,0,0
13772,0,0,0,0,0
13773,0,0,0,14,9443
13774,0,0,0,0,0
13775,0,0,0,0,0
13776,0,2,2,10,9444
13777,0,1,1,1854,9445
13778,0,1,1,377,840
13779,0,2,2,18,9446
1378,0,0,0,0,0
13780,0,1,3415,1855,9447
13781,0,2,2,18,9448
13782,0,1,1,4,6
13783,0,0,0,3,3
13784,0,0,0,3,9449
13785,0,0,0,1856,9450
13786,0,0,0,3,3
13787,0,0,0,1857,9451
13788,0,0,0,3,3
13789,0,0,2003,6529,5684
1379,0,0,0,0,0
13790,0,0,0,3,3
13791,0,0,0,3,3
13792,0,1,1,4,2389
13793,0,1,3416,1858,9452
13794,0,0,0,3,3
13795,0,0,0,4248,2390
13796,0,1,1,6530,5685
13797,0,2,2,10,9453
13798,0,0,0,0,0
13799,0,0,0,0,0
138,0,0,0,1,2
1380,0,0,0,0,0
13800,0,0,0,1859,9454
13801,0,0,0,3,3
13802,0,0,0,3,3
13803,0,0,0,3,3
13804,0,0,3417,1860,9455
13805,0,0,3418,1861,9456
13806,0,1,1,4,355
13807,0,1,1,4,5686
13808,0,0,0,0,0
13809,0,0,0,0,0
1381,0,0,0,0,0
13810,0,6,7,17,18
13811,0,0,0,0,0
13812,0,2,2,10,628
13813,0,6,7,17,9457
13814,0,2,2,10,15
13815,0,0,0,0,0
13816,0,0,0,0,0
13817,0,0,0,0,0
13818,0,0,0,0,0
13819,0,0,0,0,0
1382,0,0,0,0,0
13820,0,0,0,0,0
13821,0,0,0,0,0
13822,0,0,0,0,0
13823,0,0,0,0,5687
13824,0,0,0,0,0
13825,0,0,0,0,0
13826,0,0,0,0,0
13827,0,6,7,17,18
13828,0,0,0,3,3
13829,0,3,6,1862,9458
1383,0,0,0,13,10
13830,0,1,1,4,568
13831,0,1,1,4,5688
13832,0,0,0,3,3
13833,0,1,1,4249,2391
13834,0,1,1,4,9459
13835,0,1,1,4,6
13836,0,0,0,3,2392
13837,0,0,0,3,3
13838,0,0,0,3,3
13839,0,2,2,18,16
1384,0,0,0,0,0
13840,0,1,2004,6531,5689
13841,0,1,1,6532,5690
13842,0,2,2,18,16
13843,0,0,0,3,9460
13844,0,0,0,6,34
13845,0,0,0,6,34
13846,0,0,0,6,157
13847,0,0,0,2,1
13848,0,0,0,6,28
13849,0,0,0,6,28
1385,0,1803,315,3368,1156
13850,0,0,0,6,28
13851,0,0,0,6,157
13852,0,0,0,6,28
13853,0,0,0,6,28
13854,0,0,0,6,34
13855,0,0,0,6,34
13856,0,0,0,187,302
13857,0,0,3419,1863,9461
13858,0,1,1,5,8
13859,0,5,5,11,5691
1386,0,1804,316,3369,1157
13860,0,0,0,2,1
13861,0,5,5,11,5692
13862,0,0,0,6,7
13863,95,1343,3420,1864,9462
13864,0,1,1,5,356
13865,0,0,0,2,1
13866,0,5,5,11,12
13867,0,0,2005,6533,5693
13868,0,1,1,5,2393
13869,0,4,4,8,5694
1387,0,1016,2834,746,7915
13870,0,0,0,2,1
13871,0,4,4,43,905
13872,0,0,0,2,694
13873,0,0,0,2,1
13874,0,0,0,2,1
13875,0,1,1,1865,9463
13876,0,1,240,6534,5695
13877,0,0,0,1,5696
13878,0,1,1,19,93
13879,0,4,4,8,5697
1388,0,1,1,5,950
13880,0,0,0,2,1
13881,0,4,4,8,20
13882,0,0,0,2,1
13883,0,0,0,2,1
13884,0,0,0,2,1
13885,0,0,3,7,5
13886,0,0,0,1,2
13887,0,4,4,8,40
13888,0,10,12,6535,5698
13889,0,1,1,31,695
1389,0,0,0,3370,1158
13890,0,0,0,1866,9464
13891,0,0,0,1,2
13892,0,0,0,1,2
13893,0,0,0,2,694
13894,0,0,0,2,1
13895,0,0,0,1867,9465
13896,0,0,0,1,5699
13897,0,1,1,5,233
13898,0,0,0,6536,5700
13899,0,1,1,20,19
139,0,0,0,2,7770
1390,0,0,0,2,1
13900,0,0,0,9,481
13901,0,0,0,9,23
13902,0,0,0,1,4
13903,0,0,0,1,4
13904,0,0,0,1868,9466
13905,0,0,0,1,2
13906,0,0,3,7,5
13907,0,1,1,5,29
13908,0,0,0,1,2
13909,0,0,0,1,2
1391,0,1,1,5,598
13910,0,4,4,43,115
13911,0,4,4,43,115
13912,0,1,1,15,95
13913,0,1,1,6537,5701
13914,0,0,0,2,1
13915,0,4,4,8,176
13916,0,0,0,2,1
13917,0,0,0,0,0
13918,0,0,0,0,0
13919,0,0,0,0,0
1392,0,1,1,5,949
13920,0,0,0,3,3
13921,0,1,1,4,9467
13922,0,1,1,4,293
13923,0,1,1,4,696
13924,0,2,2,18,16
13925,0,3,6,1869,9468
13926,0,1,1,4,388
13927,0,0,0,3,3
13928,0,1,1,4,568
13929,0,2,2,18,16
1393,0,0,0,22,7916
13930,0,1,1,4,96
13931,0,1,1,24,9469
13932,0,1,1,33,75
13933,0,1,1,24,2394
13934,0,1,1,24,906
13935,0,1,1,33,2395
13936,0,1,1,4,9470
13937,0,1,1,33,75
13938,0,1,1,33,75
13939,0,1,1,4,2396
1394,0,0,0,0,0
13940,0,1,1,4,6
13941,0,1,3421,1870,9471
13942,0,1,1,4,2397
13943,0,1,1,4,2398
13944,0,0,0,13,10
13945,0,0,0,0,0
13946,0,0,0,0,0
13947,0,0,0,0,0
13948,0,0,0,0,0
13949,0,0,0,0,0
1395,0,0,101,211,318
13950,0,0,0,0,0
13951,0,0,0,14,32
13952,0,0,0,38,45
13953,0,0,0,0,0
13954,0,0,0,0,0
13955,0,0,0,0,0
13956,0,0,0,0,0
13957,0,0,0,0,0
13958,0,0,9,35,43
13959,0,3,6,574,9472
1396,0,0,10,265,319
13960,0,1,1,4,6
13961,0,3,6,1871,9473
13962,0,3,6,164,5702
13963,0,0,90,188,357
13964,0,0,47,232,358
13965,0,0,38,165,5703
13966,0,0,0,0,217
13967,0,0,0,0,0
13968,0,0,0,0,0
13969,0,0,0,0,0
1397,0,9,102,208,433
13970,0,0,0,0,0
13971,0,0,0,0,0
13972,2,1344,3422,1872,9474
13973,0,0,0,0,0
13974,0,0,47,4250,2399
13975,0,0,140,343,482
13976,0,0,140,343,482
13977,0,0,140,343,482
13978,0,0,47,551,1005
13979,0,0,47,6538,5704
1398,5,56,2835,747,7917
13980,0,1345,3423,1873,9475
13981,0,100,191,615,697
13982,0,0,0,0,9476
13983,0,0,0,0,136
13984,0,0,0,0,99
13985,0,0,38,165,483
13986,0,0,38,165,5705
13987,0,0,38,165,483
13988,0,0,0,0,217
13989,0,0,0,0,0
1399,5,77,1420,5427,4125
13990,0,0,0,0,336
13991,0,0,0,0,0
13992,0,0,0,0,0
13993,0,0,47,232,358
13994,0,0,47,232,358
13995,0,0,0,0,0
13996,0,0,38,166,296
13997,0,0,38,166,296
13998,0,0,38,166,296
13999,0,0,38,166,296
14,0,0,2774,633,7748
140,0,990,2781,650,7771
1400,0,0,0,22,258
14000,0,0,3424,1874,9477
14001,0,0,38,166,5706
14002,0,0,38,6539,5707
14003,0,0,38,165,9478
14004,0,0,90,188,357
14005,0,0,90,188,357
14006,0,0,90,188,357
14007,0,0,784,4251,2400
14008,0,0,785,4252,2401
14009,0,6,7,76,9479
1401,0,0,0,374,836
14010,0,0,0,0,0
14011,0,0,0,0,0
14012,0,1,1,5,5708
14013,0,1,1,20,19
14014,0,1346,3425,1875,9480
14015,0,0,0,1,2
14016,0,4,4,8,9481
14017,0,0,0,2,1
14018,1,517,2006,6540,5709
14019,0,0,0,1,2
1402,0,0,0,3371,1159
14020,1,1347,3426,1876,9482
14021,0,0,0,1,2
14022,0,1,1,20,19
14023,0,0,3,7,5
14024,0,0,0,1,4
14025,0,0,0,1,4
14026,0,0,0,2,1
14027,0,0,0,2,1
14028,0,0,0,1,2
14029,0,0,0,9,11
1403,0,0,0,0,0
14030,0,0,0,2,1
14031,0,0,786,4253,2402
14032,0,518,2007,6541,5710
14033,0,0,0,1,2
14034,1,1348,3427,1877,9483
14035,0,1349,3428,1878,9484
14036,0,0,0,1,4
14037,0,0,0,1,2
14038,0,0,0,2,1
14039,0,0,0,9,11
1404,0,0,0,0,0
14040,0,0,0,1,2
14041,0,0,0,2,1
14042,4,11,43,233,330
14043,3,2073,787,4254,2403
14044,0,0,0,1,2
14045,0,0,0,2,1
14046,0,1,1,15,25
14047,170,2074,788,4255,2404
14048,0,519,2008,6542,5711
14049,0,0,0,1,4
1405,2,1017,2836,748,7918
14050,0,0,0,1,4
14051,0,0,0,1,4
14052,0,0,3,7,5
14053,0,1,1,15,25
14054,0,0,0,2,1
14055,0,0,0,1,2
14056,1,520,2009,6543,5712
14057,0,2075,789,4256,2405
14058,0,0,0,6,7
14059,0,0,0,1,4
1406,0,0,0,16,432
14060,0,0,0,9,11
14061,0,0,0,2,1
14062,0,0,0,2,1
14063,0,0,46,110,156
14064,0,0,46,110,156
14065,0,1,1,5,21
14066,0,1,1,5,21
14067,0,0,0,2,48
14068,0,1,1,5,2406
14069,0,0,0,1,2
1407,0,0,0,81,221
14070,0,1,1,15,907
14071,0,2076,790,4257,2407
14072,0,1350,3429,1879,9485
14073,0,0,0,2,1
14074,0,0,3,7,5
14075,0,1,1,5,59
14076,0,0,0,1,9486
14077,10,27,51,119,191
14078,0,0,0,1,132
14079,0,0,46,110,156
1408,0,0,0,6,189
14080,0,1,35,146,5713
14081,0,4,4,8,139
14082,0,0,3,7,5
14083,0,0,0,1,4
14084,0,0,0,9,11
14085,0,0,0,4258,2408
14086,0,0,0,1,2
14087,0,0,0,2,1
14088,0,0,0,477,948
14089,0,1,1,5,21
1409,0,0,0,163,274
14090,0,7,13,51,5714
14091,0,0,0,48,518
14092,0,1,1,5,21
14093,0,0,91,552,702
14094,0,6,141,344,701
14095,0,6,7,269,698
14096,0,0,0,554,699
14097,0,7,13,51,5715
14098,0,6,141,344,9487
14099,0,6,192,553,700
141,0,0,0,1,2
1410,0,0,0,81,221
14100,0,6,141,344,701
14101,0,0,91,439,908
14102,0,6,7,269,698
14103,0,6,192,553,700
14104,0,0,0,554,699
14105,0,0,91,439,908
14106,0,6,7,269,761
14107,0,0,0,3,3
14108,0,3,6,6544,5716
14109,0,0,91,552,702
1411,0,0,0,6,835
14110,0,1,3430,1880,9488
14111,0,0,0,3,3
14112,0,0,0,3,3
14113,0,0,0,3,3
14114,0,0,0,3,3
14115,0,1,1,4,6
14116,0,1,1,4,6
14117,0,1,1,5,13
14118,0,1,1,616,9489
14119,0,0,0,2,1
1412,0,0,0,2,1
14120,0,1,1,15,95
14121,0,1351,3431,1881,9490
14122,0,0,0,0,0
14123,0,0,0,1882,9491
14124,0,0,27,108,703
14125,0,0,0,0,0
14126,0,0,0,2,1
14127,0,1352,3432,1883,9492
14128,0,0,0,1,2
14129,0,0,0,0,0
1413,0,0,0,2,1
14130,0,0,0,0,0
14131,0,1,1,1884,9493
14132,0,0,0,12,9
14133,0,1,1,5,100
14134,0,0,0,12,9
14135,0,0,0,12,9
14136,0,0,0,12,9
14137,0,1,1,201,704
14138,0,0,0,34,72
14139,0,1,1,106,241
1414,0,0,0,749,7919
14140,0,0,0,2,54
14141,0,1,1,5,166
14142,0,1,1,5,56
14143,0,1,1,201,704
14144,0,0,0,12,9
14145,0,0,3433,1885,9494
14146,0,0,0,12,9
14147,0,0,0,12,9
14148,0,1,1,6545,5717
14149,0,0,0,12,9
1415,0,0,26,91,161
14150,0,0,0,12,9
14151,0,1,1,5,56
14152,0,0,0,12,9
14153,0,1,1,5,100
14154,0,1,3434,1886,9495
14155,0,1,1,5,166
14156,0,0,0,12,9
14157,0,0,0,12,9
14158,0,0,0,34,72
14159,0,1,1,5,100
1416,0,0,0,2,1
14160,0,521,2010,6546,5718
14161,0,0,0,12,9
14162,0,1,1,5,107
14163,0,0,0,34,72
14164,0,1353,3435,1887,9496
14165,0,0,0,12,9
14166,0,0,0,12,9
14167,0,0,0,2,54
14168,0,1,1,5,9497
14169,0,0,0,12,9
1417,0,0,0,2,1
14170,0,0,0,12,9
14171,0,1,1,234,9498
14172,0,1,1,219,359
14173,0,0,0,12,9
14174,0,0,0,1888,9499
14175,0,1,1,234,705
14176,0,1,1,219,359
14177,0,1,1,5,337
14178,0,0,0,12,9
14179,0,0,0,12,9
1418,0,0,0,2,1
14180,0,1,1,5,9500
14181,0,0,0,1889,9501
14182,0,0,0,2,54
14183,0,0,0,12,9
14184,0,0,2011,6547,5719
14185,0,1,1,5,56
14186,0,0,0,12,9
14187,0,0,3436,1890,9502
14188,0,1,1,5,107
14189,0,1,1,5,166
1419,0,0,0,2,1
14190,0,0,0,2,54
14191,0,1,1,5,107
14192,0,0,0,12,9
14193,0,0,0,34,70
14194,0,0,0,12,9
14195,0,0,0,12,9
14196,0,0,0,12,9
14197,0,1,1,6548,5720
14198,0,0,0,12,9
14199,0,0,0,12,9
142,0,0,2782,651,7772
1420,0,0,0,6,7
14200,0,0,0,12,9
14201,0,1,1,1891,9503
14202,0,1,1,5,56
14203,0,4,4,8,5721
14204,0,0,0,34,70
14205,0,1,1,5,56
14206,0,1,1,5,337
14207,0,0,0,2,54
14208,0,0,0,12,2409
14209,0,1,1,219,359
1421,0,151,1421,5428,4126
14210,0,0,0,12,9
14211,0,1,1,5,337
14212,0,0,0,2,54
14213,0,1,1,5,9504
14214,0,522,2012,6549,5722
14215,0,1,1,234,705
14216,0,1,1,5,5723
14217,0,1354,3437,1892,9505
14218,0,0,0,12,9
14219,0,0,0,34,70
1422,0,0,0,6,7
14220,0,0,0,12,9
14221,0,0,0,34,72
14222,0,0,0,12,9
14223,0,0,0,12,9
14224,0,0,0,34,72
14225,0,0,0,12,9
14226,0,0,0,12,9
14227,0,1,1,5,166
14228,0,0,0,12,5724
14229,0,0,0,12,9
1423,0,1,1,5,7920
14230,0,1,1,5,100
14231,0,1,1,106,241
14232,0,0,0,12,9
14233,0,0,0,1,4
14234,0,0,0,12,9
14235,0,0,0,12,9
14236,0,0,0,12,9
14237,0,0,0,440,909
14238,0,1,1,6550,5725
14239,0,0,0,12,9
1424,0,2,2,5429,4127
14240,0,1,1,5,100
14241,0,0,0,12,9
14242,0,0,0,12,9
14243,0,0,0,2,54
14244,0,1,1,5,107
14245,0,1,1,5,56
14246,0,1,1,5,56
14247,0,0,0,2,54
14248,0,1,1,5,2410
14249,0,0,0,1893,9506
1425,0,0,0,0,0
14250,0,1,1,5,100
14251,0,0,0,12,9
14252,0,1,1,106,2411
14253,0,0,0,34,70
14254,0,0,0,12,2412
14255,0,0,0,12,9
14256,0,0,0,6551,5726
14257,0,0,0,34,70
14258,0,0,0,12,9
14259,0,0,0,34,72
1426,0,0,0,0,0
14260,0,1,1,5,5727
14261,0,0,0,34,70
14262,0,0,0,12,9
14263,0,0,0,12,9
14264,0,1,1,5,166
14265,0,0,0,2,54
14266,0,0,0,34,70
14267,0,0,0,12,9
14268,0,0,0,12,9
14269,0,0,0,12,9
1427,0,0,0,3372,1160
14270,0,0,0,12,9
14271,0,4,4,4259,2413
14272,0,1,1,5,56
14273,0,1,1,5,56
14274,0,0,0,12,2414
14275,0,0,0,12,9
14276,0,0,3438,1894,9507
14277,0,0,0,1,9508
14278,0,0,0,2,54
14279,0,0,0,34,70
1428,0,0,0,5430,4128
14280,0,0,0,2,1
14281,0,0,0,27,35
14282,0,0,0,6,7
14283,0,0,0,6,7
14284,0,0,0,6,14
14285,0,1,1,6552,5728
14286,0,0,0,2,9509
14287,0,0,2013,6553,5729
14288,0,5,5,11,12
14289,0,0,0,6,7
1429,0,0,0,14,22
14290,0,0,0,6,5730
14291,0,0,0,6,17
14292,0,0,0,4260,2415
14293,0,1,1,5,8
14294,0,1,1,5,8
14295,0,1,1,5,9510
14296,0,0,0,12,9
14297,0,1,1,5,107
14298,0,0,0,12,9
14299,0,1,1,5,56
143,0,128,1382,5341,3990
1430,0,0,0,5431,4129
14300,0,0,0,1,4
14301,0,0,0,1895,9511
14302,0,0,0,12,9
14303,0,0,0,12,9
14304,0,0,0,34,72
14305,0,0,0,12,9
14306,0,0,0,12,9
14307,0,0,0,12,9512
14308,0,1,1,5,56
14309,0,0,0,13,10
1431,0,2,2,18,4130
14310,0,0,0,282,9513
14311,0,0,0,0,0
14312,0,0,0,0,242
14313,0,2,2,10,910
14314,0,3,6,6554,5731
14315,0,1,1,4,6
14316,0,1,1,4,33
14317,0,2,2,10,26
14318,0,0,0,38,45
14319,0,0,0,0,0
1432,0,1,1,4,4131
14320,0,0,0,0,0
14321,0,0,0,0,0
14322,0,0,0,0,0
14323,0,0,0,0,0
14324,0,0,0,0,0
14325,0,0,0,0,0
14326,0,0,0,14,32
14327,171,2077,791,4261,2416
14328,0,0,0,0,0
14329,0,0,0,0,0
1433,0,1,1,4,7921
14330,0,0,0,0,0
14331,0,2,2,10,26
14332,0,0,0,0,0
14333,0,0,0,0,0
14334,0,0,0,0,0
14335,0,0,0,0,0
14336,0,0,9,35,911
14337,0,0,9,35,911
14338,0,0,0,38,45
14339,0,0,0,0,0
1434,0,152,1422,5432,4132
14340,0,0,0,0,0
14341,0,0,0,0,0
14342,0,0,0,0,0
14343,0,0,9,35,43
14344,0,0,0,221,484
14345,0,0,0,0,0
14346,0,0,0,0,0
14347,0,0,0,0,0
14348,0,0,0,0,0
14349,0,0,0,0,0
1435,0,0,0,3,3
14350,0,0,0,13,10
14351,0,0,0,0,0
14352,0,0,0,0,0
14353,0,2,2,10,26
14354,0,0,0,0,0
14355,0,0,172,1896,9514
14356,0,0,0,14,554
14357,0,0,0,0,0
14358,0,0,0,0,0
14359,0,0,0,13,10
1436,0,0,0,0,0
14360,0,0,0,38,45
14361,0,0,0,0,0
14362,0,0,0,0,0
14363,0,0,0,0,0
14364,0,0,0,0,0
14365,0,0,0,14,32
14366,0,0,0,0,0
14367,0,6,7,17,18
14368,0,2,2,10,15
14369,0,0,0,0,9515
1437,0,0,0,13,10
14370,0,0,0,0,0
14371,0,0,0,1897,9516
14372,0,0,0,0,2417
14373,0,0,0,14,32
14374,0,0,9,35,43
14375,0,0,0,0,0
14376,0,0,3,70,105
14377,0,0,0,2,1
14378,0,0,0,2,80
14379,0,0,0,2,80
1438,0,0,0,13,10
14380,0,0,0,2,80
14381,0,0,3,70,105
14382,0,0,0,2,80
14383,0,0,0,2,1
14384,0,0,0,1898,9517
14385,0,0,3,70,105
14386,0,0,0,2,1
14387,0,5,5,11,360
14388,0,0,3,70,105
14389,0,0,0,2,80
1439,0,0,0,13,10
14390,0,2,2,10,362
14391,0,0,0,9,11
14392,0,2,2,243,415
14393,0,0,0,16,24
14394,5,523,2014,6555,5732
14395,0,0,0,4262,2418
14396,0,0,3439,1899,9518
14397,96,1355,3440,1900,9519
14398,0,0,0,0,77
14399,0,0,0,235,335
144,0,0,0,1,2
1440,0,0,0,13,10
14400,0,0,0,1,4
14401,0,1,1,19,46
14402,0,0,0,1,2419
14403,0,0,0,1,2420
14404,0,0,0,1,4
14405,0,0,0,2,1
14406,0,1,1,4263,2421
14407,0,0,0,2,1
14408,0,0,0,1,4
14409,0,0,0,1,5733
1441,0,0,0,13,10
14410,0,1,1,19,46
14411,0,0,0,2,1
14412,0,4,4,8,20
14413,0,0,0,1,4
14414,0,0,2015,6556,5734
14415,0,0,0,1,4
14416,0,0,0,6557,5735
14417,0,4,4,8,706
14418,0,0,0,1,4
14419,0,0,0,1,4
1442,0,0,0,0,0
14420,0,1,1,19,46
14421,0,0,0,1,4
14422,0,0,0,1,5736
14423,0,0,0,1,2
14424,0,0,0,1,9520
14425,0,4,4,6558,5737
14426,0,524,2016,6559,5738
14427,0,0,0,1,2
14428,0,0,0,2,1
14429,1,2078,792,4264,2422
1443,0,0,0,0,0
14430,0,0,0,1,2
14431,0,1,1,19,46
14432,0,0,0,9,11
14433,0,4,4,8,5739
14434,0,0,3,7,5
14435,0,0,0,2,1
14436,0,1,1,5,297
14437,0,525,2017,6560,5740
14438,0,1356,3441,1901,9521
14439,0,1,1,19,46
1444,6,1805,317,3373,1161
14440,0,1,1,135,485
14441,0,4,4,8,5741
14442,0,0,0,2,1
14443,1,1357,3442,1902,9522
14444,0,1358,3443,1903,9523
14445,0,0,0,1,2
14446,0,526,2018,6561,5742
14447,0,1359,3444,1904,9524
14448,0,0,0,1,2
14449,0,527,2019,6562,5743
1445,0,0,0,0,0
14450,0,0,0,1,2
14451,0,0,0,1,4
14452,0,0,0,1,4
14453,0,0,0,1,4
14454,4,1360,3445,1905,9525
14455,0,0,3446,1906,9526
14456,0,0,3,7,5
14457,0,4,4,8,446
14458,0,0,0,1,2
14459,0,0,0,1,2
1446,0,0,0,0,0
14460,0,0,0,2,1
14461,0,1,1,19,2423
14462,0,0,0,1,4
14463,1,528,2020,6563,5744
14464,0,2079,793,4265,2424
14465,0,0,0,9,707
14466,0,4,4,8,2425
14467,0,1,49,89,2426
14468,0,1,1,19,46
14469,0,0,0,1,4
1447,0,0,0,0,0
14470,0,0,0,1,4
14471,0,529,2021,6564,5745
14472,0,0,0,1,2
14473,0,76,794,4266,2427
14474,1,2080,795,4267,2428
14475,0,0,0,1,2
14476,0,4,4,189,5746
14477,0,1,1,1907,9527
14478,1,1361,3447,1908,9528
14479,0,530,2022,6565,5747
1448,0,0,0,13,10
14480,0,0,0,1,2
14481,0,0,0,1909,9529
14482,0,0,0,1,4
14483,0,0,0,1,2
14484,0,0,0,2,1
14485,0,1,1,5,13
14486,0,4,4,8,20
14487,0,0,0,9,11
14488,3,1362,3448,1910,9530
14489,3,1363,3449,1911,9531
1449,0,0,0,13,4133
14490,0,531,2023,6566,5748
14491,0,0,0,1,2
14492,0,0,0,1,4
14493,0,1,1,4268,2429
14494,0,1364,3450,1912,9532
14495,0,0,0,1,2
14496,0,0,0,1,2
14497,0,0,3,7,5
14498,0,1,1,5,13
14499,0,532,2024,6567,5749
145,0,0,0,6,7
1450,0,0,0,13,10
14500,0,0,0,1,2
14501,0,0,0,9,11
14502,0,533,2025,6568,5750
14503,0,0,0,1,2
14504,0,0,3,7,5
14505,0,0,0,1,4
14506,0,4,4,6569,5751
14507,0,0,0,2,1
14508,3,2081,796,4269,2430
14509,3,1365,3451,1913,9533
1451,0,1806,318,3374,1162
14510,0,2082,797,4270,2431
14511,0,0,0,1,2
14512,0,1366,3452,1914,9534
14513,0,0,0,1,2
14514,0,0,0,1,2
14515,0,0,3,7,5
14516,0,0,0,9,708
14517,0,0,0,2,1
14518,0,0,0,9,11
14519,0,0,0,1,4
1452,215,153,1423,5433,4134
14520,0,0,0,1915,9535
14521,0,0,798,4271,2432
14522,0,0,0,2,1
14523,0,1,1,5,13
14524,0,4,4,8,20
14525,0,0,0,1,4
14526,0,0,0,1,2433
14527,0,0,0,2,1
14528,0,0,3,1916,9536
14529,9,19,39,88,158
1453,56,1018,2837,750,7922
14530,0,4,799,4272,2434
14531,0,1,1,5,2435
14532,0,0,0,1,5752
14533,0,0,0,1917,9537
14534,0,0,0,1,4
14535,0,0,0,1,2
14536,0,0,0,9,11
14537,0,0,0,2,1
14538,0,1,1,5,5753
14539,0,0,3,7,5
1454,0,2,1424,5434,4135
14540,0,1,1,19,143
14541,0,0,0,1918,9538
14542,0,0,0,1,4
14543,0,0,3453,1919,9539
14544,0,1,1,6570,5754
14545,0,1,1,4273,2436
14546,0,0,0,1,132
14547,0,0,0,1,2
14548,0,0,0,2,1
14549,0,534,2026,6571,5755
1455,143,1807,319,3375,1163
14550,0,0,0,1,2
14551,0,2083,800,4274,2437
14552,0,1,1,19,5756
14553,0,535,2027,6572,5757
14554,0,0,0,1,2
14555,0,0,0,2,1
14556,0,4,4,8,9540
14557,0,0,0,2,1
14558,3,536,2028,6573,5758
14559,3,1367,3454,1920,9541
1456,0,0,0,1,4136
14560,0,0,0,1,2
14561,0,0,0,1,4
14562,0,0,0,1,2
14563,0,0,0,1,4
14564,0,0,0,1,2438
14565,0,0,0,1,2
14566,0,1,1,19,2439
14567,0,0,0,2,1
14568,0,0,0,2,1
14569,0,4,4,8,20
1457,0,25,320,3376,1164
14570,0,4,4,8,40
14571,0,0,0,1,4
14572,0,0,0,1,2440
14573,0,0,0,1,4
14574,0,1,1,20,19
14575,0,1,1,31,967
14576,0,1,1,5,29
14577,0,1,1,4275,2441
14578,0,4,4,4276,2442
14579,0,0,0,2,1
1458,0,154,1425,5435,4137
14580,0,1,1,15,95
14581,0,4,4,6574,5759
14582,0,0,2029,6575,5760
14583,0,4,4,189,5761
14584,0,1,1,5,13
14585,0,0,0,1,4
14586,0,4,4,8,5762
14587,0,0,0,9,11
14588,0,1,1,19,46
14589,0,0,0,9,11
1459,0,0,0,1,103
14590,0,0,3,7,5
14591,0,0,0,1,4
14592,0,0,0,2,1
14593,0,0,0,2,1
14594,0,0,0,1,4
14595,0,2084,801,4277,2443
14596,0,0,0,1,2
14597,0,0,3,7,5
14598,0,1,1,19,1006
14599,0,0,0,1,2
146,0,0,0,1,1031
1460,0,0,0,58,321
14600,0,0,0,1,4
14601,0,1,1,19,912
14602,0,0,0,9,23
14603,0,0,0,6576,5763
14604,0,0,0,4278,2444
14605,0,4,4,8,2445
14606,0,0,2030,6577,5764
14607,0,4,4,1921,9542
14608,0,1,1,135,2446
14609,0,0,0,1,4
1461,0,0,0,42,66
14610,0,0,0,1,4
14611,0,0,0,2,1
14612,0,1,1,5,13
14613,0,0,0,6,14
14614,0,0,0,2,1
14615,0,0,0,2,1
14616,0,0,0,1922,9543
14617,0,0,0,0,242
14618,0,0,0,6578,5765
14619,0,0,3455,1923,9544
1462,0,1,1,276,4138
14620,0,2,2,272,317
14621,0,0,0,0,0
14622,0,0,0,22,258
14623,0,0,0,16,24
14624,5,56,3456,1924,9545
14625,5,77,802,4279,2447
14626,0,0,0,0,0
14627,0,0,0,0,0
14628,0,0,0,0,0
14629,0,0,0,0,0
1463,0,0,321,3377,1165
14630,0,0,0,80,590
14631,0,0,0,441,913
14632,0,0,0,0,0
14633,0,0,34,57,113
14634,0,0,0,0,101
14635,0,0,0,0,0
14636,0,0,65,134,215
14637,0,0,0,13,10
14638,0,0,0,0,0
14639,0,0,0,80,186
1464,6,13,33,136,257
14640,0,0,0,37,50
14641,0,0,0,0,85
14642,0,0,0,0,0
14643,0,16,25,1925,9546
14644,0,16,25,86,160
14645,0,1,1,5,13
14646,0,0,0,9,11
14647,0,1,1,21,5766
14648,0,0,0,2,1
14649,0,1,1,19,81
1465,6,13,33,136,257
14650,0,0,0,9,9547
14651,0,0,0,1,2
14652,0,4,4,8,20
14653,0,0,3,7,9548
14654,4,537,2031,6579,5767
14655,0,0,0,1,5768
14656,0,4,4,8,9549
14657,0,0,3,7,5
14658,0,0,0,2,1
14659,0,0,3,7,2448
1466,0,1,114,5436,4139
14660,0,0,3,7,5
14661,0,0,2032,6580,5769
14662,0,0,0,1,2
14663,0,0,0,2,1
14664,0,4,4,43,2449
14665,0,1,1,5,233
14666,0,4,4,1926,9550
14667,0,0,0,2,1
14668,0,0,0,2,1
14669,0,0,0,9,11
1467,0,0,2838,751,7923
14670,0,0,0,2,1
14671,0,1,1,15,5770
14672,0,1,1,4280,2450
14673,0,0,2033,6581,5771
14674,0,0,0,2,48
14675,0,1,1,5,21
14676,0,0,0,2,1
14677,0,0,0,2,1
14678,4,11,43,233,330
14679,0,0,0,2,1
1468,0,0,0,1,4
14680,0,0,0,2,1
14681,0,0,0,2,1
14682,0,0,0,6,7
14683,0,0,0,1927,9551
14684,0,1,1,5,21
14685,0,1,1,5,21
14686,0,0,0,1,2
14687,0,0,0,1928,9552
14688,0,0,0,1,9553
14689,0,0,0,1,2
1469,0,0,2839,752,7924
14690,0,0,0,1,2
14691,0,1,1,21,129
14692,0,1368,3457,1929,9554
14693,0,0,0,1,2
14694,0,538,2034,6582,5772
14695,0,2,2,18,16
14696,0,1,1,4,9555
14697,0,1,1,4,5773
14698,0,3,6,4281,2451
14699,0,1,1,4,6
147,0,6,7,3285,1032
1470,0,1,1,5,29
14700,0,0,0,3,3
14701,0,1,1,4,6
14702,0,2,2,18,16
14703,0,3,8,309,5774
14704,0,0,0,3,3
14705,0,1,1,6583,5775
14706,0,1,1,236,2452
14707,0,1,1,4,9556
14708,0,1,1,4,569
14709,0,1,1,4,569
1471,0,1,1,20,19
14710,0,1,1,1930,9557
14711,0,3,6,26,2453
14712,0,1,1,1931,9558
14713,0,1,1,4,9559
14714,0,1,1,236,5776
14715,0,1,1,236,9560
14716,0,1,3458,1932,9561
14717,0,1,1,4,6
14718,0,1,1,6584,5777
14719,0,1,1,1933,9562
1472,0,0,0,753,7925
14720,0,1,1,6585,5778
14721,0,1,1,4,9563
14722,0,1,1,236,9564
14723,0,0,0,1,2
14724,0,0,0,1,2
14725,0,2085,803,4282,2454
14726,0,0,0,6586,5779
14727,0,0,3,7,5
14728,0,0,0,2,1
14729,0,0,0,2,1
1473,0,0,0,1,4
14730,0,539,2035,6587,5780
14731,0,0,0,2,1
14732,0,0,0,2,1
14733,0,0,0,1,4
14734,0,0,3,7,5
14735,0,4,4,8,5781
14736,0,0,0,1934,9565
14737,0,0,0,1,5782
14738,0,0,0,1,4
14739,0,0,0,1,2
1474,0,0,0,1,4
14740,0,0,0,1,2
14741,0,0,0,9,11
14742,0,2,2036,6588,5783
14743,0,0,0,442,914
14744,0,0,3459,1935,9566
14745,0,0,0,1936,9567
14746,0,0,0,16,262
14747,97,1369,3460,1937,9568
14748,0,0,0,16,9569
14749,0,0,0,6589,5784
1475,0,1,1,20,19
14750,0,0,2037,6590,5785
14751,0,0,0,1938,9570
14752,0,0,0,16,5786
14753,0,1,1,4,109
14754,0,1,1,6591,5787
14755,0,1,1,4,5788
14756,0,3,6,1939,9571
14757,0,1,1,4,2455
14758,0,0,0,3,41
14759,0,2,2,18,5789
1476,0,0,0,1,2
14760,0,2,2,4283,2456
14761,0,0,164,594,9572
14762,0,0,0,0,0
14763,0,0,193,383,709
14764,0,0,10,520,985
14765,0,9,15,443,608
14766,0,0,0,22,984
14767,0,0,0,0,261
14768,0,2,2,382,846
14769,0,1,1,1940,9573
1477,0,1,1,19,93
14770,0,1,1,4,2457
14771,0,1,804,4284,2458
14772,0,2086,805,4285,2459
14773,0,1,1,24,243
14774,0,1,1,6592,5790
14775,0,1,1,4,5791
14776,0,1,1,4,96
14777,0,1,1,4,51
14778,0,2,2,18,16
14779,0,1,1,4,9574
1478,0,0,0,2,1
14780,0,1,1,24,55
14781,0,1,1,62,5792
14782,0,1,1,24,55
14783,0,1,1,97,9575
14784,0,1,1,24,55
14785,0,0,0,3,67
14786,0,1370,3461,1941,9576
14787,0,1,1,4,710
14788,0,3,6,1942,9577
14789,0,3,6,26,9578
1479,0,0,0,754,7926
14790,0,0,3462,1943,9579
14791,0,0,0,0,0
14792,0,0,0,13,10
14793,0,0,0,1944,9580
14794,0,0,0,0,2460
14795,0,0,0,13,10
14796,0,0,0,0,0
14797,0,0,2038,6593,5793
14798,0,2,2,10,15
14799,0,0,0,73,2461
148,0,2,2,364,3991
1480,0,0,2840,755,7927
14800,0,0,0,34,70
14801,0,0,0,440,909
14802,0,0,0,34,70
14803,0,0,0,12,9
14804,0,0,0,34,72
14805,0,1,1,5,56
14806,0,1,1,5,107
14807,0,1,1,5,166
14808,0,0,0,12,9
14809,0,0,0,12,9
1481,0,0,0,9,23
14810,0,1,1,5,100
14811,0,1,1,106,241
14812,0,1,1,5,56
14813,0,0,0,1,4
14814,0,0,0,12,9
14815,0,0,0,12,9
14816,0,0,0,12,9
14817,0,0,0,1,2462
14818,0,0,0,6,7
14819,0,0,0,27,5794
1482,0,1,1,5,29
14820,0,0,0,2,1
14821,0,0,0,6,17
14822,0,0,0,6,7
14823,0,0,0,6,14
14824,0,0,0,27,35
14825,0,4,4,8,2463
14826,0,0,0,6,17
14827,0,0,0,6,14
14828,0,0,0,2,1
14829,0,0,0,1,4
1483,0,1,1,20,19
14830,0,0,0,1,4
14831,0,1,1,20,19
14832,0,1,1,20,19
14833,0,0,0,1,4
14834,0,0,3,7,5
14835,0,4,4,1945,9581
14836,0,0,0,6,7
14837,0,0,0,6,7
14838,0,5,5,11,12
14839,0,5,5,11,12
1484,0,0,3,7,5
14840,0,0,0,6,7
14841,0,0,0,1,2
14842,0,1,1,19,570
14843,0,2087,806,4286,2464
14844,0,0,0,6594,5795
14845,0,0,0,1,379
14846,0,0,0,1,2
14847,0,0,0,1,2
14848,0,1,1,31,91
14849,0,0,0,1,4
1485,0,4,4,8,20
14850,0,1,1,19,244
14851,0,0,2039,6595,5796
14852,0,0,0,2,1
14853,0,0,0,1,2
14854,0,1,1,31,2465
14855,4,11,24,45,711
14856,0,0,0,4287,2466
14857,0,0,0,1,4
14858,0,1,1,5,29
14859,0,0,0,2,1
1486,0,0,3,7,5
14860,0,0,0,9,204
14861,1,1371,3463,1946,9582
14862,0,540,2040,6596,5797
14863,0,0,0,1,2
14864,0,0,0,1,2
14865,0,0,0,1,174
14866,0,0,3464,1947,9583
14867,0,0,0,1,2
14868,0,2088,807,4288,2467
14869,0,0,0,1,174
1487,0,0,0,2,1
14870,0,0,0,1,2468
14871,0,0,0,1,2
14872,1,2089,808,4289,2469
14873,0,1372,3465,1948,9584
14874,0,0,0,1,2
14875,0,0,0,1,2
14876,0,0,0,1,5798
14877,0,0,0,6597,5799
14878,0,0,0,6,7
14879,0,0,0,2,1
1488,0,1019,2841,756,7928
14880,0,0,0,27,35
14881,0,0,0,6,17
14882,0,1,1,5,9585
14883,0,0,2041,6598,5800
14884,0,0,0,1949,9586
14885,4,11,24,45,65
14886,0,0,0,1,4
14887,0,1,1,21,60
14888,0,0,3,7,915
14889,0,0,0,1,4
1489,0,2,232,5437,4140
14890,0,0,0,1,2
14891,0,0,0,6,14
14892,0,5,5,11,384
14893,0,2090,809,4290,2470
14894,0,0,0,2,1
14895,0,0,0,1,4
14896,0,0,3,7,5
14897,0,1,1,20,19
14898,0,0,0,1,2
14899,0,541,2042,6599,5801
149,0,0,67,143,225
1490,144,1808,322,3378,1166
14900,0,0,0,1,2
14901,0,0,0,1,4
14902,0,0,3,7,5
14903,0,0,0,1,2
14904,0,1373,3466,1950,9587
14905,0,0,0,1,2
14906,0,0,3467,1951,9588
14907,0,0,0,2,1
14908,0,4,4,8,20
14909,0,1374,3468,1952,9589
1491,0,1,126,512,599
14910,0,0,3,7,5
14911,0,0,0,1,4
14912,0,0,3,7,5
14913,0,0,0,1,4
14914,0,0,3,7,5
14915,0,1,1,19,47
14916,0,0,0,2,1
14917,0,0,2043,6600,5802
14918,0,0,0,1,4
14919,0,0,0,6,7
1492,0,155,1426,5438,4141
14920,0,0,0,1,2471
14921,0,0,3,7,5
14922,0,0,0,1,2
14923,0,1,1,15,30
14924,0,0,0,1,2
14925,0,0,0,2,1
14926,0,0,0,2,1
14927,0,0,0,1,5803
14928,0,2091,810,4291,2472
14929,0,0,0,4292,2473
1493,0,0,83,174,322
14930,0,0,811,4293,2474
14931,0,1,1,5,59
14932,0,0,3,7,5
14933,0,1,1,15,30
14934,0,78,812,4294,2475
14935,0,0,2044,6601,5804
14936,0,0,0,2,1
14937,0,0,3,7,5
14938,0,1,1,1953,9590
14939,0,0,0,1,2
1494,0,0,83,174,322
14940,0,0,0,9,11
14941,0,0,0,1954,9591
14942,0,0,0,1955,9592
14943,0,0,3,7,5
14944,0,1,1,15,30
14945,0,1,3469,1956,9593
14946,0,1,1,5,13
14947,0,4,4,8,20
14948,0,0,0,2,9594
14949,0,0,0,1,2
1495,0,0,0,58,321
14950,0,2,18,78,171
14951,0,0,0,4295,2476
14952,0,1,1,6602,5805
14953,0,0,0,1957,9595
14954,0,0,3,7,5
14955,0,0,0,2,1
14956,0,0,0,1,2
14957,0,5,5,11,12
14958,0,0,0,6,14
14959,0,0,0,6,7
1496,0,0,0,58,7929
14960,0,0,0,6,7
14961,0,0,0,6,17
14962,0,5,5,11,413
14963,0,0,0,6,7
14964,0,0,0,1,4
14965,0,1,1,5,434
14966,1,1375,3470,1958,9596
14967,0,1376,3471,1959,9597
14968,0,0,0,1,2
14969,4,542,2045,6603,5806
1497,0,1,126,512,599
14970,98,1377,3472,1960,9598
14971,0,0,0,1,4
14972,0,0,0,4296,2477
14973,0,0,3,7,5
14974,0,0,0,1,4
14975,0,0,0,1,2
14976,0,0,0,2,1
14977,0,0,0,1961,9599
14978,0,0,3,7,5
14979,0,0,0,1,2
1498,0,0,0,2,253
14980,0,0,0,2,1
14981,0,4,4,555,2478
14982,0,0,0,1,4
14983,0,0,0,2,1
14984,0,1,1,19,126
14985,0,2092,813,4297,2479
14986,0,0,0,1,2
14987,0,0,3,7,5
14988,0,4,4,4298,2480
14989,0,0,3,7,5
1499,0,0,0,2,253
14990,0,0,3,7,5
14991,0,0,0,9,11
14992,0,1,1,15,30
14993,0,1,1,5,8
14994,4,1378,3473,1962,9600
14995,0,0,0,6604,5807
14996,4,11,3474,1963,9601
14997,0,0,0,1,4
14998,0,0,0,2,1
14999,0,0,0,2,1
15,0,0,10,66,125
150,0,0,0,2,309
1500,0,0,0,2,1
15000,0,0,0,2,1
15001,0,0,0,2,1
15002,0,2093,814,4299,2481
15003,0,0,0,1,2
15004,0,0,0,1,4
15005,0,0,0,2,1
15006,0,0,0,1,4
15007,0,543,2046,6605,5808
15008,0,0,0,1,2
15009,0,1,1,4300,2482
1501,0,0,0,6,34
15010,0,1,1,5,13
15011,0,1,1,6606,5809
15012,0,1,1,20,19
15013,0,0,0,1,4
15014,0,0,3475,1964,9602
15015,0,0,0,4301,2483
15016,0,0,0,2,1
15017,0,1,1,5,13
15018,0,4,4,8,2484
15019,0,1,1,5,13
1502,0,0,0,6,28
15020,0,1,815,4302,2485
15021,0,4,4,8,5810
15022,0,544,2047,6607,5811
15023,0,0,0,1,2
15024,0,1379,3476,1965,9603
15025,0,0,0,1,2
15026,99,1380,3477,1966,9604
15027,0,0,0,1,2
15028,0,0,0,2,1
15029,0,545,2048,6608,5812
1503,0,0,0,757,7930
15030,0,0,0,1,2
15031,4,2094,816,4303,2486
15032,0,0,0,1,4
15033,0,0,0,9,11
15034,0,0,3,7,5
15035,0,0,0,1,4
15036,0,0,0,1,4
15037,0,0,0,1,5813
15038,0,0,0,1,2
15039,0,0,3,7,5
1504,0,0,0,6,34
15040,0,0,0,1,2
15041,0,0,0,2,2487
15042,0,0,0,2,1
15043,0,0,0,1,2
15044,0,0,0,2,1
15045,0,0,0,1,2
15046,0,0,0,1,4
15047,0,1,1,15,25
15048,0,0,0,1,2
15049,0,1,1,5,13
1505,0,0,0,6,34
15050,0,0,0,1,4
15051,0,1,1,20,19
15052,0,0,0,2,1
15053,0,1,75,214,2488
15054,0,1381,3478,1967,9605
15055,0,0,0,1,2
15056,0,0,0,2,1
15057,0,0,0,1,2
15058,0,0,0,9,11
15059,0,1,2049,6609,5814
1506,0,0,3,7,5
15060,0,0,3,7,5
15061,0,1,1,20,19
15062,0,0,0,1,4
15063,0,0,0,2,1
15064,0,0,0,2,1
15065,0,0,0,9,11
15066,0,1,1,5,13
15067,0,1,1,15,25
15068,0,1,1,5,5815
15069,0,4,4,8,2489
1507,0,1809,323,3379,1167
15070,0,0,0,1,4
15071,0,0,0,1,4
15072,0,0,0,2,1
15073,0,1382,3479,1968,9606
15074,0,0,0,1,4
15075,0,0,0,1,2
15076,0,0,3,7,5
15077,0,1,1,15,25
15078,0,0,0,2,1
15079,0,0,0,4304,2490
1508,0,0,0,1,2
15080,0,0,0,9,11
15081,0,0,0,1,4
15082,0,0,0,1,2
15083,0,0,0,1,2
15084,0,0,0,1,4
15085,0,546,2050,6610,5816
15086,0,0,0,1,2
15087,0,4,4,1969,9607
15088,0,1,1,20,19
15089,0,1,1,15,2491
1509,0,0,2842,758,7931
15090,0,1,1,6611,5817
15091,0,0,3,7,5
15092,0,0,3,7,5
15093,0,0,0,1,4
15094,0,0,0,1,2
15095,0,0,0,1,4
15096,0,0,0,1,2492
15097,0,2095,817,4305,2493
15098,0,0,0,1,2
15099,0,0,0,1,2
151,0,0,0,2,39
1510,0,0,3,7,5
15100,0,0,0,1,2
15101,0,0,0,1,2
15102,0,0,0,1,2
15103,0,0,0,2,1
15104,0,0,0,1,2
15105,0,547,2051,6612,5818
15106,0,0,0,1,2
15107,0,2096,818,4306,2494
15108,0,0,2052,6613,5819
15109,0,0,3,7,5
1511,0,0,0,2,1
15110,0,0,0,1,4
15111,0,0,0,2,1
15112,0,1,1,15,25
15113,0,4,4,8,2495
15114,0,0,3480,1970,9608
15115,0,548,2053,6614,5820
15116,0,1,1,5,13
15117,0,0,3481,1971,9609
15118,0,1,1,6615,5821
15119,0,1,1,5,9610
1512,0,4,4,8,94
15120,0,549,2054,6616,5822
15121,0,0,0,1,2
15122,0,0,0,1,4
15123,0,0,0,2,1
15124,0,0,819,4307,2496
15125,0,0,0,1,2
15126,0,2097,820,4308,2497
15127,0,0,0,1,2
15128,0,0,0,2,1
15129,0,0,0,1,4
1513,0,0,0,1,4
15130,0,0,0,9,11
15131,0,0,821,4309,2498
15132,0,1383,3482,1972,9611
15133,0,0,0,1,2
15134,0,0,3,7,5
15135,0,0,0,2,1
15136,0,1,1,5,9612
15137,0,4,4,8,9613
15138,0,0,0,1,2
15139,0,1,1,20,19
1514,0,0,0,327,980
15140,0,0,0,1,9614
15141,0,1,1,20,19
15142,0,0,0,1,2
15143,0,2098,822,4310,2499
15144,0,0,0,9,11
15145,0,0,3,7,5
15146,0,0,0,2,1
15147,0,1,1,20,19
15148,0,4,4,8,5823
15149,0,1,1,15,25
1515,0,1,1,5,13
15150,0,1,1,5,13
15151,0,1,1,5,29
15152,0,0,0,1,2
15153,0,1,1,15,25
15154,0,0,0,2,1
15155,0,0,0,1,4
15156,0,0,0,9,11
15157,0,0,0,9,11
15158,0,1,1,5,13
15159,0,1,1,20,19
1516,0,0,0,1,2
15160,0,1,1,5,29
15161,0,0,0,1,5824
15162,0,0,0,6617,5825
15163,0,0,0,1,2
15164,0,0,0,1,2
15165,0,0,0,1,4
15166,0,1,1,5,5826
15167,0,1,1,15,25
15168,0,4,4,8,5827
15169,0,1,1,15,25
1517,0,156,1427,5439,4142
15170,0,0,0,1,4
15171,0,0,0,1,2
15172,100,1384,3483,1973,9615
15173,0,0,0,1,2
15174,0,0,0,2,1
15175,0,1,1,15,25
15176,0,0,0,1,4
15177,0,0,0,1,9616
15178,0,1,75,617,9617
15179,0,0,0,2,1
1518,0,0,0,116,212
15180,0,0,0,9,11
15181,0,1385,3484,1974,9618
15182,0,0,0,2,1
15183,0,0,0,9,11
15184,0,0,0,2,1
15185,0,0,3,7,5
15186,0,1,1,20,19
15187,0,2099,823,4311,2500
15188,0,0,0,2,1
15189,0,2100,824,4312,2501
1519,0,0,0,6,157
15190,0,0,0,1,2
15191,0,1,75,214,486
15192,0,0,0,1,2
15193,0,0,0,1,4
15194,0,0,0,1,2
15195,0,0,0,1,5828
15196,0,0,0,2,1
15197,0,0,0,1,2
15198,0,0,0,2,1
15199,0,1,75,617,9619
152,0,6,7,36,439
1520,0,0,0,2,1
15200,0,0,3,7,5
15201,0,0,0,1,4
15202,0,1,1,20,19
15203,0,0,0,1,2
15204,0,1,1,20,9620
15205,0,0,0,1,2
15206,0,0,0,1,2
15207,0,0,0,1,4
15208,0,29,82,223,426
15209,0,0,0,2,1
1521,0,0,0,6,28
15210,0,0,0,2,1
15211,0,0,0,9,11
15212,0,1386,3485,1975,9621
15213,0,0,0,1,2
15214,0,4,4,8,2502
15215,0,0,0,1,2
15216,0,1,1,15,25
15217,0,550,2055,6618,5829
15218,0,2,2,10,9622
15219,0,0,0,0,9623
1522,0,0,0,6,34
15220,0,1,1,46,173
15221,0,1,1,46,173
15222,0,0,0,0,0
15223,0,0,3486,1976,9624
15224,0,0,0,6619,5830
15225,0,0,0,0,0
15226,0,0,0,0,9625
15227,0,0,0,0,0
15228,0,6,7,17,377
15229,0,0,0,0,0
1523,0,0,0,6,34
15230,0,0,0,0,0
15231,0,1,1,46,5831
15232,0,1,1,21,5832
15233,0,0,0,1977,9626
15234,0,1,1,5,13
15235,0,0,0,9,11
15236,0,0,3487,1978,9627
15237,0,0,0,1,4
15238,0,0,0,1,117
15239,0,0,0,1979,9628
1524,0,0,0,6,34
15240,0,0,0,1,2
15241,0,0,3,7,5
15242,0,2101,825,4313,2503
15243,0,0,0,4314,2504
15244,0,0,0,1,2
15245,0,0,0,2,1
15246,0,551,2056,6620,5833
15247,0,0,0,1,2
15248,0,1,1,46,230
15249,0,0,0,4315,2505
1525,0,0,0,6,28
15250,0,1,826,4316,2506
15251,0,0,0,310,713
15252,0,0,0,177,402
15253,0,0,0,93,712
15254,0,2,2,496,971
15255,0,1387,3488,1980,9629
15256,0,0,0,177,2507
15257,0,0,0,0,184
15258,0,2102,827,4317,2508
15259,0,0,0,93,361
1526,0,0,1428,5440,4143
15260,0,0,0,93,361
15261,0,0,0,93,361
15262,0,0,0,177,402
15263,0,0,2057,6621,5834
15264,0,0,0,93,9630
15265,0,0,0,356,9631
15266,0,0,0,0,184
15267,0,0,0,93,361
15268,0,0,0,198,487
15269,0,0,0,0,970
1527,0,0,0,14,22
15270,0,0,0,310,713
15271,0,0,0,93,712
15272,0,0,828,4318,2509
15273,0,0,0,310,2510
15274,0,0,0,0,184
15275,26,1388,3489,1981,9632
15276,0,0,0,177,402
15277,0,0,0,93,9633
15278,0,0,0,93,5835
15279,0,0,0,4319,2511
1528,0,0,1429,5441,4144
15280,0,6,7,334,488
15281,0,0,3,7,5
15282,0,1,1,582,9634
15283,0,0,0,0,0
15284,0,0,0,0,0
15285,0,0,0,0,0
15286,0,0,0,0,0
15287,0,0,0,0,0
15288,0,0,0,0,0
15289,0,0,0,0,0
1529,0,1020,2843,759,7932
15290,0,0,0,2,36
15291,0,0,0,2,36
15292,0,0,0,0,0
15293,0,0,0,0,0
15294,0,0,0,0,0
15295,0,6,7,17,18
15296,0,0,0,0,0
15297,0,0,0,0,0
15298,0,0,0,0,0
15299,0,0,0,0,0
153,0,15,23,59,7773
1530,0,0,0,3380,1168
15300,0,0,0,9,23
15301,0,0,0,0,0
15302,0,0,0,0,0
15303,0,6,7,1982,9635
15304,0,2,2,10,362
15305,0,3,6,4320,2512
15306,0,1,1,1983,9636
15307,0,0,0,2,1
15308,0,0,0,3,3
15309,0,2,2,10,362
1531,0,0,9,54,4145
15310,0,2,2,10,362
15311,0,0,0,3,3
15312,0,0,0,3,3
15313,0,2103,829,4321,2513
15314,0,0,0,0,0
15315,49,101,3490,1984,9637
15316,0,0,0,0,0
15317,0,0,0,0,0
15318,0,0,0,0,9638
15319,49,101,3491,1985,9639
1532,0,0,0,0,49
15320,0,0,0,1986,9640
15321,0,6,194,539,9641
15322,0,0,0,73,885
15323,0,0,830,4322,2514
15324,0,2,2,10,15
15325,0,0,0,0,0
15326,0,0,0,112,667
15327,5,121,2058,6622,5836
15328,0,0,0,0,0
15329,0,0,0,0,0
1533,0,0,0,0,0
15330,0,0,0,0,0
15331,0,0,0,0,0
15332,0,1,1,4,489
15333,0,0,0,0,2515
15334,0,0,0,0,0
15335,0,0,0,0,0
15336,0,0,0,0,0
15337,0,0,0,0,0
15338,0,0,0,6623,5837
15339,0,0,0,0,0
1534,0,0,0,0,0
15340,0,2,2,25,102
15341,0,0,2059,6624,5838
15342,0,0,0,16,24
15343,5,121,2060,6625,5839
15344,5,1389,3492,1987,9642
15345,0,0,0,22,714
15346,0,0,0,0,0
15347,0,0,0,0,0
15348,0,0,0,22,104
15349,0,0,21,103,159
1535,0,0,0,0,0
15350,0,0,10,66,125
15351,0,0,0,16,24
15352,5,1390,3493,1988,9643
15353,0,2,2,25,102
15354,0,0,0,148,266
15355,0,0,0,0,461
15356,0,0,0,2,1
15357,0,0,0,1,2
15358,0,0,3,1989,9644
15359,0,0,3494,1990,9645
1536,0,0,0,5442,4146
15360,0,0,0,1,2
15361,0,0,0,1,2
15362,0,0,3,7,5
15363,0,1391,3495,1991,9646
15364,0,552,2061,6626,5840
15365,0,0,0,1,2
15366,0,0,0,2,1
15367,0,0,0,1,2
15368,0,0,0,2,1
15369,0,0,0,6627,5841
1537,0,0,0,0,0
15370,0,1392,3496,1992,9647
15371,0,0,0,1,2
15372,0,0,3,7,5
15373,0,0,0,2,1
15374,0,0,0,1,2
15375,0,0,0,1,2
15376,0,1,1,1993,9648
15377,0,0,0,1,2
15378,0,0,0,1,2
15379,0,0,0,1,132
1538,0,0,0,13,10
15380,0,0,0,1,2
15381,0,0,3497,1994,9649
15382,0,553,2062,6628,5842
15383,0,3,6,1995,9650
15384,0,1393,3498,1996,9651
15385,0,2,2,444,781
15386,0,3,2063,6629,5843
15387,0,1,1,6630,5844
15388,0,1,1,4,715
15389,0,1,1,4,715
1539,0,0,0,760,7933
15390,0,0,3499,1997,9652
15391,0,3,6,4323,2516
15392,0,0,3,6631,5845
15393,0,0,0,2,1
15394,0,5,5,6632,5846
15395,0,0,0,0,0
15396,0,0,0,0,0
15397,0,0,0,0,0
15398,0,0,0,0,0
15399,0,0,0,0,0
154,0,7,153,365,3992
1540,0,0,0,0,0
15400,0,0,0,0,0
15401,0,0,0,0,0
15402,0,0,0,0,2517
15403,0,0,0,0,0
15404,0,2,2,10,26
15405,0,0,0,0,0
15406,0,0,0,0,88
15407,0,0,0,13,10
15408,0,0,0,0,88
15409,0,0,0,0,88
1541,0,0,9,35,43
15410,0,0,0,0,88
15411,0,0,0,6,7
15412,0,0,0,6,17
15413,0,5,5,1998,9653
15414,0,0,0,6,14
15415,0,0,0,0,0
15416,0,0,0,0,0
15417,0,0,0,0,0
15418,0,0,0,0,0
15419,0,0,0,14,22
1542,0,2,2,10,26
15420,0,0,0,0,0
15421,0,0,0,0,0
15422,0,0,0,0,37
15423,0,1,1,5,5847
15424,0,0,0,2,1
15425,0,0,0,6,17
15426,0,1,1,5,8
15427,0,1,1,5,8
15428,0,0,0,6,7
15429,0,5,5,11,12
1543,0,0,0,13,10
15430,0,0,0,6,7
15431,0,0,0,6,7
15432,0,0,0,6,7
15433,0,5,5,11,298
15434,0,1,1,5,8
15435,0,0,0,2,1
15436,0,1,1,4324,2518
15437,0,1,1,445,5848
15438,0,4,4,8,5849
15439,0,0,0,2,1
1544,0,0,0,0,0
15440,0,0,0,1,2
15441,0,4,4,4325,2519
15442,0,0,0,1,2
15443,0,1394,3500,1999,9654
15444,0,0,0,1,2
15445,0,0,3,7,5
15446,0,554,2064,6633,5850
15447,0,0,0,1,2520
15448,0,0,0,9,11
15449,0,555,2065,6634,5851
1545,0,0,0,5443,4147
15450,0,0,0,1,2
15451,0,0,3,7,5
15452,0,0,0,9,11
15453,0,1,1,5,13
15454,0,0,0,2,1
15455,0,0,0,2,1
15456,0,0,2066,6635,5852
15457,0,1,1,19,797
15458,0,0,0,1,2
15459,0,1,2067,6636,5853
1546,0,0,28,90,4148
15460,0,0,0,3,3
15461,0,0,0,6637,5854
15462,0,0,0,3,3
15463,0,3,6,4326,2521
15464,0,0,0,3,3
15465,0,0,2068,6638,5855
15466,0,4,4,8,304
15467,0,0,0,6,7
15468,0,1,1,5,9655
15469,0,0,0,1,2522
1547,0,0,0,22,71
15470,0,0,0,2,1
15471,0,0,0,1,2
15472,0,1,1,5,13
15473,256,556,2069,6639,5856
15474,0,0,0,1,2523
15475,0,0,0,1,4
15476,3,1395,3501,2000,9656
15477,3,557,2070,6640,5857
15478,0,0,0,1,2
15479,0,0,0,2,1
1548,0,0,0,0,0
15480,0,4,4,2001,9657
15481,10,27,51,119,191
15482,0,0,0,1,132
15483,0,1,1,19,231
15484,0,0,0,2,1
15485,0,3,6,164,2524
15486,0,1,1,39,490
15487,0,1,1,15,58
15488,0,1,1,4,6
15489,0,1,1,4327,2525
1549,0,2,2,25,53
15490,0,1,1,2002,9658
15491,0,1,3502,2003,9659
15492,0,1,1,4,6
15493,0,1,1,4,6
15494,0,1,3503,2004,9660
15495,0,0,0,3,3
15496,0,0,0,3,3
15497,0,0,0,3,3
15498,0,3,6,2005,9661
15499,0,3,6,26,5858
155,0,0,67,143,225
1550,0,2,2,5444,4149
15500,172,2104,831,4328,2526
15501,0,0,0,0,0
15502,0,0,0,0,0
15503,0,0,0,0,0
15504,0,0,0,0,0
15505,0,0,0,0,0
15506,0,1,1,15,58
15507,0,0,0,114,177
15508,0,1,1,39,592
15509,0,1,1,4,9662
1551,0,0,2844,761,7934
15510,0,0,0,3,3
15511,0,0,0,3,3
15512,0,0,9,35,43
15513,0,0,0,0,0
15514,0,0,0,0,0
15515,0,0,9,35,43
15516,0,0,0,38,9663
15517,0,0,0,4329,2527
15518,0,0,0,0,0
15519,0,0,0,13,10
1552,0,1021,2845,762,7935
15520,0,2,2,10,26
15521,0,0,0,0,0
15522,0,4,4,8,20
15523,0,0,0,9,11
15524,0,0,0,2,5859
15525,0,0,0,1,4
15526,0,0,3,7,5
15527,0,1,1,19,2528
15528,0,0,0,9,23
15529,0,1,1,5,29
1553,0,0,0,5445,4150
15530,3,558,2071,6641,5860
15531,0,559,2072,6642,5861
15532,0,0,0,1,2
15533,0,2,2,25,53
15534,0,0,19,521,2529
15535,0,0,10,386,2530
15536,0,0,10,2006,9664
15537,0,9,15,6643,5862
15538,0,0,0,0,0
15539,0,0,0,0,0
1554,0,0,2846,763,7936
15540,0,0,0,0,0
15541,0,0,0,0,0
15542,0,0,3504,2007,9665
15543,0,0,0,6,7
15544,0,0,0,6,7
15545,0,5,5,11,5863
15546,0,0,0,6,17
15547,0,0,0,0,0
15548,0,0,0,0,0
15549,0,0,0,14,32
1555,0,0,162,764,7937
15550,0,2,2,10,26
15551,0,0,0,0,0
15552,0,0,0,6644,5864
15553,0,0,0,0,0
15554,0,0,0,0,0
15555,0,0,0,0,0
15556,0,0,3,7,5
15557,0,0,0,2,1
15558,0,0,0,6,7
15559,0,0,0,2,1
1556,0,0,162,3381,1169
15560,0,0,3,7,5
15561,0,1,1,5,29
15562,0,0,0,2,1
15563,0,0,0,16,24
15564,5,2105,832,4330,2531
15565,5,2106,833,4331,2532
15566,0,0,0,0,0
15567,0,0,0,0,0
15568,0,9,15,618,716
15569,257,560,2073,6645,5865
1557,0,2,2,765,7938
15570,0,9,15,618,716
15571,0,0,0,22,264
15572,0,0,0,22,264
15573,0,5,5,11,12
15574,0,0,0,2,1
15575,0,0,0,6,7
15576,0,5,5,11,12
15577,0,0,0,6,14
15578,0,0,0,6,295
15579,0,5,5,4332,2533
1558,0,0,0,0,7939
15580,0,0,0,6,14
15581,0,0,0,6,295
15582,0,0,0,6,17
15583,0,0,0,6,295
15584,0,5,5,11,12
15585,0,5,5,2008,9666
15586,0,5,5,11,12
15587,0,5,5,11,12
15588,0,1,1,15,199
15589,0,0,0,1,2
1559,0,0,0,0,0
15590,0,0,0,9,11
15591,0,1,1,4333,2534
15592,0,0,0,2,1
15593,0,0,2074,6646,5866
15594,0,0,0,3,5867
15595,0,1,1,4,33
15596,0,1,1,4,363
15597,0,1,1,4,5868
15598,0,0,0,4334,2535
15599,0,1,1,4,363
156,0,15,23,59,7774
1560,0,0,0,22,71
15600,0,1,1,4,6
15601,0,1,1,4,363
15602,0,0,0,3,3
15603,0,0,0,3,3
15604,0,1,1,4,2536
15605,0,1,1,4,5869
15606,0,0,0,3,3
15607,0,0,0,3,3
15608,0,1,1,4,9667
15609,0,0,0,3,3
1561,0,0,0,13,10
15610,0,0,0,4335,2537
15611,0,0,0,3,3
15612,0,0,0,3,3
15613,0,3,6,6647,5870
15614,0,4,4,8,9668
15615,0,3,8,2009,9669
15616,0,0,3,7,5
15617,0,0,3,7,5
15618,0,0,0,2,1
15619,0,0,0,2,1
1562,0,0,0,0,1170
15620,0,0,0,9,23
15621,0,0,0,2,1
15622,0,0,0,6,7
15623,0,0,0,6,14
15624,0,4,4,8,289
15625,0,1,1,121,9670
15626,0,0,0,3,3
15627,0,0,3505,2010,9671
15628,0,0,0,2011,9672
15629,0,1,1,2012,9673
1563,0,0,0,14,22
15630,0,1,2075,6648,5871
15631,0,1,2076,6649,5872
15632,0,0,2077,6650,5873
15633,0,1,1,4,9674
15634,0,0,0,3,3
15635,0,0,0,2013,9675
15636,0,1396,3506,2014,9676
15637,0,0,0,1,2
15638,0,0,0,1,2
15639,0,0,0,2,1
1564,0,0,0,0,0
15640,0,0,0,1,2
15641,0,0,0,2,1
15642,0,0,0,1,4
15643,0,0,0,9,11
15644,0,4,4,8,40
15645,0,1397,3507,2015,9677
15646,0,0,0,1,2
15647,0,0,0,2,1
15648,0,0,3,7,5
15649,0,0,0,1,2
1565,0,0,0,0,0
15650,0,0,3,7,5
15651,0,1,1,135,9678
15652,0,1,1,5,13
15653,0,1,118,270,2538
15654,0,0,0,1,2
15655,0,0,0,9,23
15656,0,4,4,8,2539
15657,0,0,0,1,2
15658,0,0,3,7,5
15659,0,0,0,1,4
1566,0,0,0,0,0
15660,0,4,4,4336,2540
15661,0,4,4,4337,2541
15662,0,0,3,7,5
15663,0,0,0,1,4
15664,0,0,0,2,1
15665,0,0,0,1,2
15666,0,1,35,203,469
15667,0,1,1,15,491
15668,0,2107,834,4338,2542
15669,0,4,4,8,5874
1567,0,0,0,0,0
15670,0,1,1,19,46
15671,1,561,2078,6651,5875
15672,0,0,0,1,2
15673,0,0,0,1,2
15674,0,122,2079,6652,5876
15675,0,0,0,1,4
15676,0,1,1,5,13
15677,0,2108,835,4339,2543
15678,0,0,0,1,5877
15679,0,0,0,1,2
1568,0,0,0,0,0
15680,0,0,3,7,5
15681,0,1,1,5,297
15682,0,0,0,1,4
15683,0,1,836,4340,2544
15684,0,4,4,8,2545
15685,0,0,0,2,1
15686,0,562,2080,6653,5878
15687,0,1,1,5,13
15688,0,0,0,2,1
15689,0,0,0,1,9679
1569,0,0,0,13,10
15690,0,0,0,1,2
15691,0,4,4,8,20
15692,0,0,0,1,4
15693,0,1,1,2016,9680
15694,0,563,2081,6654,5879
15695,0,0,0,1,2
15696,0,0,0,9,5880
15697,0,1,1,5,13
15698,0,0,0,2,1
15699,0,0,0,1,4
157,0,7,36,273,3993
1570,0,0,0,13,10
15700,0,0,837,4341,2546
15701,0,1,1,446,916
15702,0,1,1,5,297
15703,0,0,0,1,4
15704,0,4,4,8,9681
15705,12,564,2082,6655,5881
15706,0,0,0,1,4
15707,0,4,4,8,9682
15708,0,1,1,19,46
15709,0,0,2083,6656,5882
1571,0,0,0,13,10
15710,0,1,1,19,1006
15711,0,0,3,7,5
15712,0,0,0,2,1
15713,0,0,0,2,1
15714,0,1,1,5,5883
15715,0,1,1,135,5884
15716,0,0,0,2,1
15717,0,0,0,9,11
15718,0,0,0,2,1
15719,0,4,4,8,40
1572,0,0,0,0,0
15720,0,0,0,2,1
15721,0,1,1,5,13
15722,0,0,0,1,4
15723,0,0,0,0,0
15724,0,0,9,35,43
15725,0,0,0,0,0
15726,0,0,0,0,5885
15727,0,0,0,0,0
15728,0,0,0,6657,5886
15729,0,0,0,0,2547
1573,0,0,0,0,0
15730,0,6,7,17,18
15731,0,0,3,7,5
15732,0,4,4,2017,9683
15733,0,0,0,1,4
15734,0,0,0,1,2
15735,0,0,0,2018,9684
15736,0,0,0,0,0
15737,2,565,2084,6658,5887
15738,0,0,0,0,0
15739,0,0,0,0,0
1574,0,1,1,3382,1171
15740,0,0,0,3,5888
15741,0,0,0,3,3
15742,0,0,0,3,3
15743,0,0,0,3,5889
15744,0,0,0,3,364
15745,0,0,0,2,1
15746,0,1,1,15,199
15747,0,1,1,2019,9685
15748,0,4,4,8,9686
15749,0,2109,838,4342,2548
1575,0,0,0,0,0
15750,0,0,0,1,2
15751,0,2,2,6659,5890
15752,0,0,3508,2020,9687
15753,0,6,7,17,18
15754,0,2,2,6660,5891
15755,0,0,0,0,0
15756,0,0,0,0,0
15757,0,0,0,6,14
15758,0,0,0,13,10
15759,0,10,12,258,9688
1576,0,2,2,10,87
15760,0,2,2,180,365
15761,0,1,1,2021,9689
15762,0,0,0,3,3
15763,0,1,1,63,151
15764,0,1,1,4,33
15765,0,1,1,63,917
15766,0,1,1,63,917
15767,0,1,1,4,111
15768,0,0,0,3,3
15769,0,0,0,3,3
1577,0,0,0,0,0
15770,0,1,1,4,9690
15771,0,0,839,4343,2549
15772,0,1,1,190,5892
15773,0,1,2085,6661,5893
15774,0,1,1,4,111
15775,0,0,0,3,3
15776,0,3,20,2022,9691
15777,0,1,3509,2023,9692
15778,0,1,1,447,9693
15779,0,1,1,2024,9694
1578,0,0,0,0,0
15780,0,1,1,447,5894
15781,0,1,1,4,6
15782,0,1,1,4344,2550
15783,0,1,1,448,717
15784,0,1,1,4,299
15785,0,1,1,448,717
15786,0,1,2086,6662,5895
15787,0,1,2087,6663,5896
15788,0,1,1,4345,2551
15789,0,0,0,3,5897
1579,0,1,1,20,19
15790,0,0,0,3,3
15791,0,0,840,4346,2552
15792,0,3,8,4347,2553
15793,0,0,0,3,3
15794,0,1,1,6664,5898
15795,0,1,1,4,6
15796,0,1,1,4,6
15797,0,0,0,3,3
15798,0,1,1,4,6
15799,0,0,0,3,3
158,0,7,31,149,7775
1580,0,0,0,1,4
15800,0,0,0,3,3
15801,0,1,1,4,6
15802,0,1,2088,6665,5899
15803,0,1398,3510,2025,9695
15804,0,1,2089,6666,5900
15805,0,1,1,6667,5901
15806,0,1,1,4,6
15807,0,1,1,4,9696
15808,0,0,0,3,3
15809,0,0,0,3,2554
1581,0,1,1,19,600
15810,0,0,0,3,3
15811,0,0,0,3,3
15812,0,0,0,3,3
15813,0,0,3511,2026,9697
15814,0,0,0,3,3
15815,0,1,1,2027,9698
15816,0,0,0,3,3
15817,0,0,0,4348,2555
15818,0,0,0,0,0
15819,0,0,0,0,5902
1582,0,0,3,7,5
15820,0,0,0,0,0
15821,0,0,0,0,0
15822,0,2110,841,4349,2556
15823,0,0,0,0,0
15824,0,0,0,0,0
15825,0,0,0,0,0
15826,0,0,0,6668,5903
15827,0,0,0,14,9699
15828,0,0,0,0,0
15829,0,0,0,6669,5904
1583,0,0,3,7,5
15830,0,0,3512,2028,9700
15831,0,0,0,0,9701
15832,0,566,2090,6670,5905
15833,0,0,9,6671,5906
15834,0,0,0,0,0
15835,0,0,0,0,0
15836,0,0,0,3,3
15837,0,0,0,4350,2557
15838,0,0,842,4351,2558
15839,0,0,0,3,3
1584,0,0,0,766,7940
15840,0,0,0,3,3
15841,0,2,155,409,876
15842,0,0,2091,6672,5907
15843,0,0,0,0,0
15844,0,0,0,0,0
15845,0,0,0,0,0
15846,0,0,0,6673,5908
15847,0,2,2,556,2559
15848,0,0,27,131,276
15849,0,0,0,0,0
1585,0,1,1,20,19
15850,0,0,0,0,0
15851,0,0,0,0,0
15852,0,3,6,6674,5909
15853,0,1,1,4,9702
15854,0,3,6,26,2560
15855,0,3,6,2029,9703
15856,0,3,6,4352,2561
15857,0,3,6,4353,2562
15858,0,0,0,2030,9704
15859,0,0,0,3,3
1586,0,10,12,3383,1172
15860,0,0,0,3,3
15861,0,2,2,18,16
15862,0,0,0,3,3
15863,0,0,0,3,3
15864,0,0,0,0,0
15865,0,0,0,0,0
15866,0,0,0,0,0
15867,2,567,2092,6675,5910
15868,2,1399,3513,2031,9705
15869,0,0,0,0,0
1587,0,0,0,1,2
15870,0,0,0,3,3
15871,0,0,3514,2032,9706
15872,0,0,0,2033,9707
15873,0,0,0,4354,2563
15874,0,0,0,3,3
15875,0,0,0,3,3
15876,0,1,1,4,6
15877,0,3,6,2034,9708
15878,0,0,0,4355,2564
15879,0,3,6,2035,9709
1588,0,0,0,1,4
15880,0,3,6,6676,5911
15881,0,3,6,4356,2565
15882,0,3,6,26,5912
15883,0,1,1,4,5913
15884,0,1,1,4,6
15885,0,0,0,3,3
15886,0,2,2,18,16
15887,0,3,8,2036,9710
15888,0,0,0,0,492
15889,0,0,0,0,492
1589,0,0,0,0,0
15890,0,0,0,0,492
15891,0,0,0,0,0
15892,0,6,7,2037,9711
15893,0,1400,3515,2038,9712
15894,0,0,0,0,0
15895,0,0,0,0,0
15896,0,0,0,0,0
15897,0,0,0,0,0
15898,0,6,7,17,5914
15899,0,0,0,0,0
159,0,7,13,585,7776
1590,0,0,0,14,32
15900,0,0,0,0,198
15901,0,2,2,10,15
15902,0,0,0,0,0
15903,0,0,0,0,0
15904,2,568,2093,6677,5915
15905,0,0,0,112,453
15906,0,1401,3516,2039,9713
15907,0,0,2094,6678,5916
15908,0,1,1,4,6
15909,0,1,1,6679,5917
1591,0,0,0,0,0
15910,0,1,1,4,6
15911,0,1,1,4,5918
15912,0,0,0,0,0
15913,0,0,0,0,0
15914,0,0,0,0,0
15915,2,2111,843,4357,2566
15916,0,0,0,0,2567
15917,0,0,0,0,198
15918,0,0,0,0,0
15919,0,0,0,13,10
1592,0,0,0,2,1
15920,0,0,0,0,0
15921,0,0,0,13,10
15922,0,0,0,14,22
15923,0,2,2,10,15
15924,0,0,0,0,0
15925,0,0,0,0,0
15926,0,0,0,0,0
15927,0,0,0,0,0
15928,0,0,0,0,0
15929,0,0,0,0,0
1593,0,0,0,1,4
15930,0,0,0,2040,9714
15931,0,0,0,0,0
15932,0,0,0,0,0
15933,0,6,7,17,18
15934,0,2,2,10,15
15935,0,0,0,0,0
15936,0,0,0,3,3
15937,0,1,844,4358,2568
15938,0,1,1,4,6
15939,0,3,8,6680,5919
1594,0,1022,2847,767,7941
15940,0,3,2095,6681,5920
15941,0,1,1,4359,2569
15942,0,0,0,2041,9715
15943,0,0,0,3,3
15944,0,3,6,245,2570
15945,0,1,1,4,5921
15946,0,1,1,6682,5922
15947,0,2,2,18,16
15948,0,0,0,3,3
15949,0,0,0,3,3
1595,0,0,0,1,2
15950,0,0,0,3,3
15951,0,1,1,5,8
15952,0,1,1,6683,5923
15953,0,0,0,1,2
15954,0,0,0,6,7
15955,0,0,0,6,7
15956,0,0,0,2,1
15957,10,27,51,119,9716
15958,0,0,26,346,718
15959,0,0,3517,2042,9717
1596,0,0,0,1,2
15960,0,1,1,5,8
15961,0,0,0,2043,9718
15962,0,0,0,4360,2571
15963,0,1,1,5,8
15964,0,0,26,346,718
15965,0,0,0,6,2572
15966,0,0,0,6,7
15967,0,0,0,2,1
15968,0,0,0,27,35
15969,0,0,0,27,9719
1597,0,0,40,87,123
15970,0,0,0,2,1
15971,0,0,0,6684,5924
15972,0,0,2096,6685,5925
15973,0,0,0,1,2
15974,0,0,0,6,7
15975,173,2112,845,4361,2573
15976,0,12,14,2044,9720
15977,0,0,2097,6686,5926
15978,0,0,0,23,27
15979,2,28,3518,2045,9721
1598,0,0,0,2,1
15980,2,28,846,4362,2574
15981,0,0,0,58,285
15982,0,0,37,65,134
15983,7,569,2098,6687,5927
15984,0,2,71,345,2575
15985,0,2,71,345,2576
15986,0,0,0,4363,2577
15987,0,0,0,0,5928
15988,0,0,0,0,0
15989,0,1,1,4,5929
1599,0,4,4,8,1173
15990,0,1,1,449,5930
15991,0,1,1,449,9722
15992,0,1,1,4364,2578
15993,0,1,1,6688,5931
15994,0,0,0,0,0
15995,0,0,847,4365,2579
15996,0,0,0,3,3
15997,0,0,0,3,3
15998,0,3,6,4366,2580
15999,0,1,1,4,5932
16,0,0,21,103,159
160,0,1,1,4,6
1600,0,1,1,31,91
16000,0,1,1,4,5933
16001,0,1,1,4,9723
16002,0,2,2,18,16
16003,0,0,0,2,1
16004,0,5,5,11,9724
16005,0,5,5,11,12
16006,0,5,5,4367,2581
16007,0,1,1,5,8
16008,0,5,5,11,12
16009,0,0,0,2,1
1601,0,0,0,9,23
16010,0,5,5,11,12
16011,0,0,0,6,7
16012,0,0,0,6,7
16013,0,1,1,5,8
16014,0,0,0,6,14
16015,0,0,0,1,4
16016,0,0,0,1,4
16017,0,1,1,5,13
16018,0,0,0,1,397
16019,0,0,0,9,11
1602,0,0,0,12,1174
16020,0,1,1,5,13
16021,4,1402,3519,2046,9725
16022,0,0,0,2047,9726
16023,0,1,1,15,25
16024,0,0,0,1,4
16025,0,0,0,1,4
16026,0,0,0,2,1
16027,0,2113,848,4368,2582
16028,0,0,0,1,2
16029,0,570,2099,6689,5934
1603,0,1,1,5,29
16030,0,0,0,1,2
16031,1,1403,3520,2048,9727
16032,0,0,0,1,2
16033,0,0,0,2,1
16034,0,0,0,1,4
16035,0,1404,3521,2049,9728
16036,0,0,0,1,4
16037,0,0,0,12,9
16038,0,1,1,5,2583
16039,0,0,0,2,1
1604,0,157,1430,5446,4151
16040,0,0,0,4369,2584
16041,0,0,0,44,63
16042,0,0,0,6690,5935
16043,0,0,0,44,63
16044,14,1405,3522,2050,9729
16045,0,0,0,75,110
16046,0,0,0,12,9
16047,0,0,0,6,7
16048,0,0,0,6,14
16049,0,5,5,11,12
1605,0,0,0,1,2
16050,0,0,3,7,5
16051,0,0,0,1,4
16052,0,0,0,1,2
16053,0,0,0,1,2
16054,0,1,2100,6691,5936
16055,0,1,1,6692,5937
16056,0,4,4,8,20
16057,0,0,0,1,4
16058,0,0,0,1,2
16059,0,2114,849,4370,2585
1606,0,0,0,1,4
16060,0,0,2101,6693,5938
16061,0,1,1,19,46
16062,10,27,51,119,191
16063,0,0,0,1,132
16064,0,0,0,2,1
16065,0,0,0,9,11
16066,0,1406,3523,2051,9730
16067,0,0,0,2,1
16068,0,0,850,4371,2586
16069,0,0,0,2,1
1607,0,0,0,1,1175
16070,0,0,0,1,2587
16071,0,1,1,5,8
16072,0,5,5,11,12
16073,0,5,5,11,12
16074,0,0,0,2,1
16075,0,4,4,8,5939
16076,0,1407,3524,2052,9731
16077,0,0,0,1,2
16078,0,0,3,7,5
16079,0,0,0,1,4
1608,3,1810,324,3384,1176
16080,0,0,0,1,2
16081,0,571,2102,6694,5940
16082,0,0,0,1,2
16083,0,0,2103,6695,5941
16084,0,0,0,12,9
16085,0,1,1,5,2588
16086,0,1,1,5,8
16087,0,0,0,1,2
16088,0,4,4,4372,2589
16089,0,0,0,2,1
1609,0,0,0,768,7942
16090,0,0,0,1,4
16091,0,1408,3525,2053,9732
16092,0,0,0,1,4
16093,0,0,0,1,4
16094,0,0,0,1,2
16095,0,0,0,2,1
16096,0,1,1,4,5942
16097,0,1,1,4373,2590
16098,0,2,2,18,16
16099,0,3,6,2054,9733
161,0,3,6,5342,3994
1610,0,158,1431,5447,4152
16100,0,1,1,4,6
16101,0,0,0,3,3
16102,0,1,1,4,9734
16103,0,0,0,3,3
16104,0,0,0,3,3
16105,0,1,1,4,6
16106,0,0,0,3,3
16107,0,1,1,4,6
16108,0,0,0,13,10
16109,0,0,0,0,0
1611,0,0,0,1,4
16110,0,0,0,0,719
16111,0,0,0,13,10
16112,0,0,0,0,0
16113,0,0,0,13,10
16114,0,2,2,10,87
16115,0,0,0,13,10
16116,0,0,0,2,1
16117,0,0,0,2,1
16118,0,1,1,20,19
16119,0,1,1,4374,2591
1612,0,0,3,7,5
16120,0,0,0,2,1
16121,0,0,0,1,4
16122,0,0,0,2,1
16123,0,1,1,20,2592
16124,0,1,1,20,19
16125,0,1,1,31,602
16126,0,0,0,2,1
16127,0,1,1,20,19
16128,0,0,0,1,2
16129,0,0,0,1,2
1613,0,0,0,1,4153
16130,0,572,2104,6696,5943
16131,0,0,0,9,11
16132,0,4,4,8,94
16133,0,0,0,6697,5944
16134,0,0,3,7,5
16135,0,0,0,1,4
16136,0,0,0,6698,5945
16137,0,0,3,7,5
16138,0,0,0,1,4
16139,4,11,43,2055,9735
1614,0,0,3,7,5
16140,0,0,0,1,4
16141,0,0,0,6,7
16142,0,0,0,2,1
16143,0,0,0,6,7
16144,0,0,0,6,7
16145,0,5,5,11,12
16146,0,1,1,5,8
16147,0,0,0,6,14
16148,0,0,2105,6699,5946
16149,0,0,0,16,24
1615,0,0,3,7,5
16150,5,1409,3526,2056,9736
16151,5,1410,3527,2057,9737
16152,174,2115,851,4375,2593
16153,0,0,3,7,5
16154,0,3,8,244,2594
16155,0,1,1,4,9738
16156,0,0,0,3,3
16157,0,1,1,4,6
16158,0,3,6,6700,5947
16159,0,0,0,13,10
1616,0,4,4,3385,1177
16160,0,0,0,13,10
16161,0,0,0,0,0
16162,0,0,0,14,22
16163,0,573,2106,6701,5948
16164,0,0,0,1,2
16165,0,1,1,5,13
16166,0,1,1,20,19
16167,0,0,0,1,4
16168,0,1,1,15,196
16169,0,1,1,20,19
1617,0,0,0,114,177
16170,0,1,1,5,13
16171,0,1,1,5,8
16172,0,0,0,6,14
16173,0,0,0,2,1
16174,0,0,0,6,7
16175,0,1,1,5,8
16176,0,0,0,6,7
16177,0,0,0,22,133
16178,0,0,0,0,0
16179,0,2,2,25,53
1618,0,1,1,513,1178
16180,0,574,2107,6702,5949
16181,0,0,0,0,0
16182,0,0,19,4376,2595
16183,0,0,10,302,2596
16184,0,575,2108,6703,5950
16185,0,0,0,22,133
16186,0,1,1,4,6
16187,0,3,8,6704,5951
16188,0,0,0,3,2597
16189,0,0,0,3,364
1619,0,1,2848,769,7943
16190,0,0,0,3,3
16191,0,0,2109,6705,5952
16192,0,0,0,3,3
16193,0,1,1,4,6
16194,0,0,0,3,364
16195,0,0,0,3,3
16196,0,0,0,3,364
16197,0,576,2110,6706,5953
16198,0,1,1,4,33
16199,0,0,0,0,0
162,0,7,13,215,1033
1620,0,0,0,3386,1179
16200,0,0,0,0,2598
16201,0,6,7,17,18
16202,0,0,0,0,5954
16203,0,0,0,2,48
16204,0,0,0,4377,2599
16205,0,0,0,3,3
16206,0,0,0,3,3
16207,0,1,1,4,9739
16208,0,1,1,4,9740
16209,0,0,0,3,3
1621,0,0,40,87,123
16210,0,14,32,6707,5955
16211,0,14,32,502,9741
16212,0,38,92,197,366
16213,0,2,195,2058,9742
16214,0,1,1,5,895
16215,0,1,1,5,313
16216,0,0,0,2,1
16217,0,0,0,29,31
16218,0,1,1,5,313
16219,0,0,0,127,200
1622,0,0,2849,770,7944
16220,0,0,0,12,9
16221,0,0,0,12,9
16222,0,1,1,4378,2600
16223,0,1,2111,6708,5956
16224,0,1,3528,2059,9743
16225,24,69,3529,2060,9744
16226,0,6,7,237,389
16227,0,0,0,184,566
16228,0,1,1,5,8
16229,0,0,0,12,9
1623,0,1,1,5,4154
16230,0,5,5,117,5957
16231,0,5,5,117,2601
16232,0,0,0,6709,5958
16233,0,0,0,3,3
16234,0,1,1,4,6
16235,0,0,0,3,3
16236,0,0,3530,2061,9745
16237,0,3,6,6710,5959
16238,0,0,0,3,9746
16239,0,0,0,3,3
1624,0,4,4,8,7945
16240,0,1,1,5,5960
16241,0,0,0,12,9
16242,0,0,0,3,3
16243,0,0,0,3,3
16244,0,1,1,5,74
16245,0,0,0,29,31
16246,0,0,0,2,1
16247,0,0,0,12,9
16248,0,0,0,0,0
16249,0,0,0,0,0
1625,0,0,0,2,1
16250,0,0,852,4379,2602
16251,0,2116,853,4380,2603
16252,0,0,0,191,291
16253,0,0,0,0,9747
16254,0,0,0,0,145
16255,0,0,0,0,0
16256,0,6,7,36,9748
16257,0,2117,854,4381,2604
16258,0,0,0,16,24
16259,0,2,2,25,5961
1626,0,0,0,0,0
16260,0,0,0,6711,5962
16261,0,0,0,3,3
16262,0,0,0,3,3
16263,0,0,0,12,9
16264,0,2,2,341,1003
16265,0,1411,3531,2062,9749
16266,0,1,1,5,1004
16267,0,0,0,2,1
16268,0,0,0,29,31
16269,0,1,1,5,9750
1627,0,1,1,372,4155
16270,0,0,0,0,5963
16271,0,0,0,0,0
16272,0,7,13,4382,2605
16273,0,2,2,6712,5964
16274,0,0,21,6713,5965
16275,0,0,10,66,125
16276,0,9,15,72,190
16277,0,2118,855,4383,2606
16278,0,4,4,6714,5966
16279,0,0,0,1,2
1628,0,0,0,2,1
16280,0,0,0,58,332
16281,101,1412,3532,2063,9751
16282,0,0,0,42,66
16283,0,577,2112,6715,5967
16284,0,0,0,1,103
16285,8,1413,3533,2064,9752
16286,8,1414,3534,2065,9753
16287,175,2119,856,4384,2607
16288,0,0,0,1,103
16289,0,1,114,2066,9754
1629,0,0,0,0,0
16290,0,1,16,6716,5968
16291,0,1,16,40,148
16292,0,1,16,40,404
16293,0,1,16,40,148
16294,0,5,5,6717,5969
16295,0,1,16,4385,2608
16296,0,1,16,40,148
16297,0,5,5,2067,9755
16298,0,1,131,284,441
16299,0,0,0,4386,2609
163,0,0,0,3,3
1630,0,0,9,54,175
16300,0,0,0,55,89
16301,0,1,16,40,148
16302,0,0,0,1,2610
16303,0,1,157,6718,5970
16304,0,0,0,42,66
16305,0,0,0,58,321
16306,0,1,16,40,404
16307,0,1,16,2068,9756
16308,0,5,5,6719,5971
16309,0,1,157,450,5972
1631,0,0,0,0,0
16310,0,0,0,6720,5973
16311,0,1,157,450,5974
16312,0,578,2113,6721,5975
16313,0,0,0,1,103
16314,6,13,33,136,257
16315,6,13,33,136,257
16316,6,13,33,451,918
16317,0,579,2114,6722,5976
16318,4,1415,3535,2069,9757
16319,0,2120,857,4387,2611
1632,0,0,0,0,0
16320,0,0,0,1,4
16321,0,0,0,1,721
16322,0,2,3536,2070,9758
16323,0,14,196,452,720
16324,0,0,0,1,721
16325,102,1416,3537,2071,9759
16326,6,13,33,2072,9760
16327,0,1417,3538,2073,9761
16328,6,13,33,136,2612
16329,0,14,196,452,720
1633,216,159,1432,5448,4156
16330,6,13,33,6723,5977
16331,0,0,0,331,9762
16332,6,13,33,2074,9763
16333,6,102,2115,6724,5978
16334,0,0,0,6,7
16335,0,0,0,2,1
16336,0,5,5,11,12
16337,0,0,0,6,7
16338,0,1,1,5,8
16339,0,0,0,2,1
1634,0,1023,2850,771,7946
16340,0,1,1,5,8
16341,0,0,0,6,14
16342,0,1,1,5,8
16343,0,5,5,11,2613
16344,0,5,5,11,12
16345,0,0,0,2,1
16346,0,1,1,5,8
16347,0,1,1,5,8
16348,0,0,0,6,17
16349,0,0,0,6,7
1635,0,160,1433,5449,4157
16350,0,0,0,6,7
16351,0,0,0,6,17
16352,0,0,0,6,7
16353,0,0,0,4388,2614
16354,0,0,0,2,1
16355,0,1,1,5,8
16356,0,1,1,5,8
16357,0,0,0,9,11
16358,0,0,0,2,1
16359,0,0,0,9,9764
1636,0,0,0,0,1180
16360,103,1418,3539,2075,9765
16361,0,1,1,2076,9766
16362,0,0,0,1,9767
16363,0,580,2116,6725,5979
16364,0,0,0,2077,9768
16365,0,5,2117,6726,5980
16366,0,2,2,2078,9769
16367,0,0,0,55,2615
16368,0,0,0,55,89
16369,0,1,16,40,300
1637,0,0,0,22,71
16370,0,1,16,40,300
16371,0,1,1,276,1007
16372,0,0,0,2079,9770
16373,0,0,0,42,66
16374,4,1419,3540,2080,9771
16375,0,2121,858,4389,2616
16376,0,0,0,1,4
16377,0,0,0,42,66
16378,0,0,0,42,66
16379,6,102,3541,2081,9772
1638,0,0,0,0,7947
16380,0,0,0,6,17
16381,0,0,0,6,7
16382,0,1,1,4,9773
16383,0,0,0,0,0
16384,0,0,0,4390,2617
16385,176,2122,859,4391,2618
16386,0,0,0,9,11
16387,0,0,0,2,1
16388,0,1,1,5,9774
16389,0,0,0,2,1
1639,0,2,2,3387,1181
16390,0,0,0,2,1
16391,0,0,3542,2082,9775
16392,0,0,0,1,4
16393,0,0,0,2083,9776
16394,0,1,1,15,25
16395,0,1,1,15,2619
16396,0,1,1,5,13
16397,0,0,0,2,1
16398,3,581,2118,6727,5981
16399,0,0,0,1,2
164,0,0,0,3,3
1640,0,0,0,0,601
16400,0,0,0,1,2
16401,0,0,3,7,5
16402,0,582,2119,6728,5982
16403,0,0,0,1,2
16404,0,0,0,2,1
16405,0,0,0,1,4
16406,0,0,0,1,2
16407,0,583,2120,6729,5983
16408,0,0,0,1,2
16409,0,1,1,5,13
1641,0,2,2,5450,4158
16410,3,584,2121,6730,5984
16411,0,585,2122,6731,5985
16412,0,0,0,1,2
16413,0,1,1,20,19
16414,0,0,0,1,9777
16415,0,0,0,1,9778
16416,0,0,0,4392,2620
16417,0,0,0,9,11
16418,0,0,0,2,1
16419,0,0,0,1,4
1642,0,0,0,16,24
16420,0,4,4,8,9779
16421,0,1,1,5,13
16422,0,1,1,15,25
16423,0,1,860,4393,2621
16424,0,0,0,2,1
16425,0,0,0,1,4
16426,0,586,2123,6732,5986
16427,0,0,0,1,2
16428,0,0,0,1,4
16429,0,0,0,6733,5987
1643,5,1024,2851,772,7948
16430,0,2123,861,4394,2622
16431,0,0,0,1,2
16432,0,0,0,557,1008
16433,0,0,0,1,2
16434,0,1,1,20,19
16435,0,1,1,5,29
16436,0,0,0,9,11
16437,0,0,0,2,1
16438,0,1,75,214,486
16439,0,0,0,1,4
1644,5,1025,2852,773,7949
16440,0,4,4,8,2623
16441,0,0,0,2,1
16442,0,0,0,1,4
16443,0,0,0,9,11
16444,0,0,3,7,5
16445,0,0,0,6734,5988
16446,0,0,3,7,5
16447,0,0,0,1,5989
16448,0,1420,3543,2084,9780
16449,0,0,0,1,2
1645,0,0,0,0,0
16450,0,0,0,2085,9781
16451,0,1,1,5,13
16452,0,1,1,15,25
16453,0,0,0,9,11
16454,0,0,0,1,2
16455,0,0,0,2,1
16456,0,0,0,1,9782
16457,0,0,0,1,2
16458,0,587,2124,6735,5990
16459,0,0,0,1,2
1646,0,0,233,373,4159
16460,0,0,0,1,2
16461,104,1421,3544,2086,9783
16462,0,4,4,8,178
16463,0,1,1,111,571
16464,0,1,1,113,2624
16465,0,1,1,102,5991
16466,0,0,0,3,3
16467,0,0,0,3,3
16468,0,1,1,4,607
16469,0,1,1,4,6
1647,0,0,0,22,4160
16470,0,0,3545,2087,9784
16471,0,0,0,3,3
16472,0,0,0,3,3
16473,0,0,0,3,3
16474,0,0,0,3,3
16475,0,0,0,3,3
16476,0,0,0,3,2625
16477,0,0,0,3,3
16478,0,0,0,3,3
16479,0,0,0,3,3
1648,0,0,0,16,24
16480,0,1,1,4,33
16481,0,2,2,18,16
16482,0,1,1,4,6
16483,0,0,0,1,4
16484,0,0,0,1,2
16485,0,4,4,8,9785
16486,0,1,1,20,19
16487,0,0,0,1,4
16488,0,0,0,1,4
16489,0,0,0,1,4
1649,0,0,0,3388,1182
16490,0,0,0,2,1
16491,0,0,0,1,4
16492,0,0,3,7,5
16493,0,0,0,1,4
16494,0,0,0,1,9786
16495,0,0,0,9,11
16496,0,0,0,1,4
16497,0,0,0,1,2
16498,0,1,1,20,5992
16499,0,1,1,6736,5993
165,0,0,0,3,3
1650,0,0,0,22,104
16500,0,1,862,4395,2626
16501,0,0,0,2,1
16502,0,0,0,2,1
16503,0,0,0,2,1
16504,0,4,4,6737,5994
16505,0,0,0,1,2
16506,0,0,0,2,1
16507,0,1,2125,6738,5995
16508,0,1,1,4,6
16509,0,1,1,4396,2627
1651,0,0,0,0,0
16510,0,3,6,26,5996
16511,0,0,0,3,3
16512,0,588,2126,6739,5997
16513,0,0,0,3,5998
16514,0,1,1,4,6
16515,0,1,1,4,5999
16516,0,0,0,3,3
16517,0,3,3546,2088,9787
16518,0,3,2127,6740,6000
16519,0,5,5,11,12
1652,0,0,0,16,24
16520,0,0,0,6,7
16521,0,0,0,6,17
16522,0,5,5,11,12
16523,0,5,5,11,12
16524,0,5,5,11,12
16525,0,0,0,6,7
16526,0,1,1,5,8
16527,0,5,5,11,12
16528,0,0,0,6,7
16529,0,5,5,11,12
1653,5,1811,325,3389,1183
16530,0,0,0,6,7
16531,0,5,5,11,12
16532,0,1,1,5,8
16533,0,1,1,5,8
16534,0,589,2128,6741,6001
16535,0,0,0,6,7
16536,0,4,4,2089,9788
16537,0,0,0,6,7
16538,0,0,0,2,1
16539,0,0,0,1,2
1654,5,1026,2853,774,7950
16540,1,2124,863,4397,2628
16541,0,590,2129,6742,6002
16542,0,0,0,1,2
16543,0,0,0,3,3
16544,0,0,0,6743,6003
16545,0,4,4,32,6004
16546,0,0,0,1,2
16547,0,0,0,1,4
16548,0,0,0,2,1
16549,0,0,0,6,7
1655,0,2,2,25,102
16550,0,0,0,6,7
16551,0,0,0,2,1
16552,0,0,0,6,17
16553,0,4,4,32,44
16554,0,5,5,11,12
16555,0,4,4,32,44
16556,0,0,0,6,14
16557,0,0,0,1,4
16558,0,0,0,6,17
16559,0,0,0,1,2
1656,0,0,0,22,7951
16560,0,0,0,6,17
16561,0,0,0,1,2
16562,0,0,0,1,4
16563,0,1,1,5,6005
16564,0,1,1,4398,2629
16565,0,5,5,11,6006
16566,0,0,0,6,14
16567,0,0,0,6,7
16568,0,5,5,4399,2630
16569,0,4,4,32,44
1657,0,0,10,5451,4161
16570,0,1,1,5,137
16571,0,1422,3547,2090,9789
16572,0,1,1,5,137
16573,0,1,1,5,6007
16574,0,0,0,6,7
16575,0,591,2130,6744,6008
16576,0,1,1,5,137
16577,0,5,5,11,12
16578,0,0,0,2,1
16579,0,0,0,2,6009
1658,0,9,15,72,190
16580,0,1,1,2091,9790
16581,0,592,2131,6745,6010
16582,0,0,0,1,2
16583,0,2125,864,4400,2631
16584,0,0,0,1,2
16585,0,0,0,6,17
16586,0,0,0,6,17
16587,0,1,1,2092,9791
16588,0,0,26,346,2632
16589,0,2126,865,4401,2633
1659,0,0,21,103,159
16590,0,0,0,6,14
16591,0,0,0,6,7
16592,0,5,5,11,2634
16593,0,5,5,11,12
16594,0,1423,3548,2093,9792
16595,0,0,0,1,2
16596,0,0,0,2,1
16597,0,1,1,5,9793
16598,0,5,5,11,12
16599,0,5,5,11,6011
166,0,0,0,3,3
1660,0,0,0,16,24
16600,0,5,5,11,12
16601,0,1,1,5,367
16602,0,1,3549,2094,9794
16603,4,1424,3550,2095,9795
16604,0,0,0,27,35
16605,0,5,5,11,12
16606,0,1,1,5,367
16607,0,1,1,5,367
16608,0,0,0,6,7
16609,0,0,0,6,14
1661,5,56,2854,775,7952
16610,0,0,0,6,7
16611,0,0,0,1,2
16612,0,0,0,2096,9796
16613,0,1,1,5,9797
16614,0,0,0,6746,6012
16615,0,5,5,11,12
16616,0,1,1,5,8
16617,0,0,0,6,7
16618,0,1,1,5,8
16619,0,1425,3551,2097,9798
1662,5,1027,2855,776,7953
16620,0,0,0,1,2
16621,0,0,0,6,6013
16622,0,4,4,32,44
16623,0,1,1,5,9799
16624,0,1426,3552,2098,9800
16625,0,0,0,1,2
16626,0,0,0,1,4
16627,0,1,1,5,9801
16628,0,1,1,5,2635
16629,0,0,2132,6747,6014
1663,0,0,0,22,258
16630,0,5,5,11,12
16631,0,5,5,11,12
16632,0,0,3553,2099,9802
16633,0,593,2133,6748,6015
16634,0,5,5,11,12
16635,0,4,4,32,44
16636,0,0,0,6,7
16637,0,1,1,5,8
16638,0,4,4,32,44
16639,0,1,1,5,8
1664,0,0,0,0,0
16640,0,0,0,2,1
16641,0,0,0,1,2
16642,0,5,5,11,12
16643,0,0,866,4402,2636
16644,0,0,0,6,7
16645,0,1,1,5,9803
16646,0,5,5,11,2637
16647,0,0,0,6,7
16648,0,0,0,1,2
16649,0,0,0,1,2
1665,0,2,2,272,317
16650,0,0,0,6,7
16651,0,1,1,5,367
16652,0,0,0,2,1
16653,0,0,0,6,17
16654,0,4,4,4403,2638
16655,0,2127,867,4404,2639
16656,0,0,0,1,2
16657,0,1,1,5,8
16658,0,0,0,6,17
16659,0,2128,868,4405,2640
1666,0,0,101,211,318
16660,0,0,0,6,14
16661,0,5,5,11,12
16662,0,0,0,6,17
16663,0,0,0,6,7
16664,0,0,0,2100,9804
16665,0,4,4,32,44
16666,0,5,5,11,12
16667,0,0,0,2,1
16668,0,0,0,2,1
16669,0,0,0,6,17
1667,0,0,10,265,319
16670,0,0,0,6,7
16671,0,5,5,11,12
16672,0,5,5,11,12
16673,0,1,1,5,8
16674,0,5,5,11,6016
16675,0,0,0,6,7
16676,0,1,2134,6749,6017
16677,0,4,4,32,44
16678,0,1,1,2101,9805
16679,0,0,0,1,2
1668,0,9,102,208,7954
16680,0,5,5,11,12
16681,0,0,0,1,2
16682,0,5,5,6750,6018
16683,0,5,5,11,12
16684,0,5,5,11,12
16685,0,5,5,11,12
16686,0,0,0,2,1
16687,0,1,1,5,2641
16688,0,4,4,32,9806
16689,0,0,0,6,17
1669,0,0,0,22,1184
16690,0,0,0,6,17
16691,0,0,0,1,2
16692,0,1,1,5,8
16693,0,4,4,32,44
16694,0,0,3554,2102,9807
16695,0,0,0,1,2
16696,0,4,4,32,9808
16697,0,0,0,2,1
16698,0,0,0,6,7
16699,0,1,1,5,8
167,0,0,0,3,3
1670,0,0,0,0,601
16700,0,3,6,2103,9809
16701,0,1,1,4,6019
16702,0,1,1,4,33
16703,0,1,1,2104,9810
16704,0,1,1,4,6020
16705,0,1,1,4,6
16706,0,1,1,4,919
16707,0,1,1,4,919
16708,0,1,1,4,6
16709,0,0,0,3,3
1671,0,0,0,16,24
16710,0,1427,3555,2105,9811
16711,0,1,1,4,6
16712,0,1,1,5,8
16713,0,5,5,11,12
16714,0,5,5,11,12
16715,0,5,5,2106,9812
16716,0,1,1,5,8
16717,0,0,0,6,7
16718,0,5,5,11,12
16719,0,1,1,5,8
1672,5,161,1434,5452,4162
16720,0,5,5,6751,6021
16721,0,5,5,11,2642
16722,0,5,5,11,12
16723,0,0,0,6,7
16724,0,1428,3556,2107,9813
16725,0,0,0,1,6022
16726,0,5,5,11,12
16727,0,0,0,6,14
16728,0,0,0,2,1
16729,0,0,0,6,7
1673,5,1812,326,3390,1185
16730,0,0,0,6,14
16731,0,3,8,6752,6023
16732,0,0,0,3,3
16733,0,2,2,18,16
16734,0,1,1,4,6
16735,0,1,1,4,6
16736,0,1,1,4,6
16737,0,1,1,4406,2643
16738,0,0,0,3,3
16739,0,0,0,3,3
1674,0,0,0,0,0
16740,0,0,0,3,3
16741,0,0,0,3,3
16742,0,0,0,6753,6024
16743,0,3,6,6754,6025
16744,0,1,1,5,493
16745,0,0,0,0,0
16746,0,0,0,0,0
16747,0,0,0,0,0
16748,0,0,0,0,0
16749,0,2,2,10,15
1675,0,2,2,25,4163
16750,0,6,7,17,18
16751,0,1,1,5,8
16752,0,5,5,11,114
16753,0,0,0,6,14
16754,0,5,5,11,130
16755,0,5,5,11,130
16756,0,0,0,2,1
16757,0,0,0,2,1
16758,0,0,0,6,7
16759,0,0,0,2,1
1676,0,0,233,373,4164
16760,0,5,5,11,270
16761,0,1,1,5,9814
16762,0,1,1,5,8
16763,0,1,1,5,8
16764,0,0,0,12,9
16765,0,0,0,2,1
16766,0,1,1,5,74
16767,0,0,0,12,9
16768,0,0,0,12,9
16769,0,0,0,2,1
1677,0,0,0,16,24
16770,0,0,0,12,722
16771,0,1,1,4,6
16772,0,1,3557,2108,9815
16773,0,0,0,6755,6026
16774,0,0,0,2,1
16775,0,0,0,0,0
16776,0,0,0,0,0
16777,0,0,0,0,0
16778,0,1,1,5,8
16779,0,0,0,2,1
1678,0,0,0,22,258
16780,0,0,0,6,7
16781,0,5,5,11,114
16782,0,5,5,11,12
16783,0,0,0,6,17
16784,0,1,1,5,8
16785,0,0,28,90,9816
16786,0,6,2135,6756,6027
16787,0,0,0,29,31
16788,0,1,1,5,6028
16789,0,2,2,341,2644
1679,0,2,2,272,317
16790,0,0,0,14,22
16791,0,0,0,0,42
16792,0,0,0,0,0
16793,0,0,0,0,0
16794,0,0,0,0,0
16795,0,0,0,0,0
16796,0,6,3558,2109,9817
16797,0,0,0,0,0
16798,0,0,0,0,0
16799,0,0,9,274,2645
168,0,1,1,4,6
1680,0,0,0,374,836
16800,0,0,0,2110,9818
16801,0,2,2,10,9819
16802,0,0,0,0,0
16803,0,0,0,0,0
16804,0,0,0,14,32
16805,0,0,0,0,0
16806,0,0,0,73,418
16807,0,0,0,0,0
16808,34,2129,869,4407,2646
16809,0,0,90,188,9820
1681,0,1813,327,3391,1186
16810,0,6,7,85,927
16811,0,0,0,0,0
16812,0,0,0,0,0
16813,0,0,47,4408,2647
16814,0,0,47,551,1005
16815,0,0,47,2111,9821
16816,0,0,0,0,0
16817,0,594,2136,6757,6029
16818,0,0,0,0,0
16819,0,100,191,615,697
1682,0,0,101,211,318
16820,0,0,0,0,0
16821,0,0,0,0,0
16822,0,0,0,0,0
16823,0,0,0,6758,6030
16824,0,0,0,13,10
16825,0,0,0,0,0
16826,0,0,0,4409,2648
16827,0,0,0,0,6031
16828,0,0,0,0,0
16829,0,0,0,13,10
1683,0,0,10,265,319
16830,0,6,7,2112,9822
16831,0,0,0,0,0
16832,0,0,0,0,0
16833,0,0,0,0,0
16834,0,0,0,0,0
16835,0,0,0,0,99
16836,0,0,0,0,0
16837,0,0,2137,6759,6032
16838,2,1429,3559,2113,9823
16839,0,0,0,0,0
1684,0,9,102,208,433
16840,0,0,38,165,483
16841,0,0,38,166,296
16842,0,0,0,0,0
16843,0,0,38,4410,2649
16844,0,0,47,4411,2650
16845,0,0,0,0,0
16846,0,0,0,0,0
16847,0,0,47,232,358
16848,0,0,0,0,0
16849,0,0,0,6760,6033
1685,0,0,0,0,0
16850,0,2,2,10,920
16851,0,0,0,0,0
16852,0,0,0,4412,2651
16853,0,0,0,0,0
16854,0,1430,3560,2114,9824
16855,0,0,0,0,0
16856,0,1,1,4,6034
16857,0,1,2138,6761,6035
16858,0,3,6,26,2652
16859,0,0,0,3,3
1686,0,0,0,0,4165
16860,0,3,6,6762,6036
16861,0,3,6,4413,2653
16862,0,1,1,4,6
16863,0,0,0,3,3
16864,0,3,8,6763,6037
16865,0,0,0,3,3
16866,0,3,8,481,9825
16867,0,1,1,2115,9826
16868,0,3,6,4414,2654
16869,0,2,2,18,16
1687,217,162,1435,5453,4166
16870,0,3,6,6764,6038
16871,0,1,1,4,723
16872,0,3,6,4415,2655
16873,0,0,0,3,3
16874,0,0,0,3,3
16875,0,0,0,3,3
16876,0,3,6,4416,2656
16877,0,0,0,3,3
16878,0,0,0,1,2
16879,0,4,4,8,20
1688,0,0,0,0,7955
16880,0,0,3,7,5
16881,0,2130,870,4417,2657
16882,0,0,0,1,2
16883,0,0,3,7,5
16884,0,0,2139,6765,6039
16885,0,0,0,6,7
16886,0,0,3561,2116,9827
16887,0,1,2140,6766,6040
16888,0,1,1,4,9828
16889,0,1,1,4,6
1689,0,0,0,5454,4167
16890,0,1,1,4,2658
16891,0,1,1,4,51
16892,0,1,1,4,6
16893,0,3,6,6767,6041
16894,0,0,0,3,67
16895,0,3,3562,2117,9829
16896,0,1,1,122,6042
16897,0,1,1,4418,2659
16898,0,3,6,4419,2660
16899,0,0,3,7,5
169,0,0,0,3,3
1690,0,1814,328,3392,1187
16900,0,595,2141,6768,6043
16901,0,0,0,1,2
16902,0,1,1,21,129
16903,0,2131,871,4420,2661
16904,0,1431,3563,2118,9830
16905,0,1,1,4,51
16906,0,1,1,24,9831
16907,0,1,1,122,6044
16908,0,1,1,24,346
16909,0,1,1,24,346
1691,0,0,0,777,7956
16910,0,1,1,4,96
16911,0,1,1,4,2662
16912,0,1,1,4,51
16913,0,1,1,2119,9832
16914,0,1,2142,6769,6045
16915,0,1,1,6770,6046
16916,0,1,1,61,92
16917,0,3,6,6771,6047
16918,0,0,0,1,4
16919,0,2132,872,4421,2663
1692,0,0,0,22,71
16920,8,596,2143,6772,6048
16921,8,597,2144,6773,6049
16922,0,0,0,23,27
16923,0,0,0,23,27
16924,0,0,0,23,27
16925,0,0,0,30,64
16926,0,0,0,30,180
16927,0,0,0,23,27
16928,0,0,0,30,205
16929,0,0,0,23,27
1693,0,2,2,25,144
16930,15,1432,3564,2120,9833
16931,0,12,14,49,6050
16932,0,0,0,23,27
16933,22,60,146,6774,6051
16934,0,0,0,23,27
16935,0,0,0,23,27
16936,0,2,2,10,15
16937,0,0,0,0,0
16938,0,0,0,0,0
16939,0,0,0,0,0
1694,0,1,1,24,250
16940,0,0,0,2,1
16941,0,0,0,1,2
16942,0,2133,873,4422,2664
16943,0,6,7,17,18
16944,0,0,874,4423,2665
16945,0,0,0,0,9834
16946,0,5,5,11,6052
16947,1,598,2145,6775,6053
16948,0,12,14,49,82
16949,0,0,93,2121,9835
1695,0,2,18,375,4168
16950,0,12,14,49,82
16951,0,0,0,23,9836
16952,0,12,3565,2122,9837
16953,0,0,0,30,64
16954,0,0,0,30,206
16955,0,0,0,1,2
16956,0,0,0,2,1
16957,0,0,0,9,11
16958,0,0,0,0,0
16959,0,0,0,6,14
1696,0,0,0,0,0
16960,0,5,5,11,6054
16961,0,6,7,36,52
16962,0,7,13,51,6055
16963,0,1433,3566,2123,9838
16964,0,0,0,1,2
16965,0,599,2146,6776,6056
16966,0,1434,3567,2124,9839
16967,0,0,0,1,4
16968,0,0,3,7,5
16969,0,600,2147,6777,6057
1697,0,0,0,0,0
16970,0,1435,3568,2125,9840
16971,0,0,0,2126,9841
16972,0,0,0,6,7
16973,0,0,0,2,1
16974,0,4,4,8,20
16975,0,0,0,1,2
16976,0,0,0,9,11
16977,0,0,0,1,4
16978,0,0,0,1,2
16979,0,0,0,0,0
1698,0,163,1436,5455,4169
16980,0,6,7,2127,9842
16981,0,0,0,0,0
16982,0,1436,3569,2128,9843
16983,0,0,3570,2129,9844
16984,0,0,0,0,0
16985,0,0,875,4424,2666
16986,0,0,3571,2130,9845
16987,0,2134,876,4425,2667
16988,0,2135,877,4426,2668
16989,105,1437,3572,2131,9846
1699,0,0,0,1,2
16990,0,0,0,0,6058
16991,0,6,7,311,2669
16992,0,601,2148,6778,6059
16993,0,0,2149,6779,6060
16994,0,0,0,0,0
16995,0,6,7,311,6061
16996,0,0,0,2132,9847
16997,0,0,0,0,0
16998,0,0,0,0,0
16999,0,0,0,0,0
17,5,126,1378,5332,3976
170,0,0,0,3,3
1700,0,0,0,0,0
17000,0,0,878,4427,2670
17001,0,0,0,0,0
17002,0,0,0,0,0
17003,0,0,0,0,0
17004,0,0,0,0,0
17005,0,0,0,0,6062
17006,2,2136,879,4428,2671
17007,0,2137,880,4429,2672
17008,0,0,0,0,0
17009,0,0,0,0,0
1701,0,0,0,13,10
17010,0,0,0,0,0
17011,0,0,0,0,0
17012,0,0,3,4430,2673
17013,0,0,0,2,1
17014,0,2,2,50,78
17015,0,0,0,1,2
17016,0,0,3,7,5
17017,0,0,0,0,0
17018,0,0,0,0,6063
17019,0,0,2150,6780,6064
1702,0,2,2,50,4170
17020,0,0,0,0,0
17021,0,6,7,6781,6065
17022,0,0,0,0,0
17023,0,0,0,0,0
17024,0,0,0,0,0
17025,2,602,2151,6782,6066
17026,106,1438,3573,2133,9848
17027,0,0,0,2134,9849
17028,0,0,0,0,0
17029,0,0,0,0,0
1703,0,6,7,36,52
17030,0,603,2152,6783,6067
17031,0,0,0,4431,2674
17032,0,0,0,0,0
17033,0,0,0,0,0
17034,0,0,0,0,0
17035,0,6,7,17,377
17036,0,0,0,38,45
17037,0,0,0,0,0
17038,0,0,0,14,32
17039,0,0,0,0,0
1704,0,0,0,2,36
17040,0,2,2,10,26
17041,0,0,9,35,43
17042,0,0,3,7,5
17043,0,0,0,1,2
17044,0,1,49,89,207
17045,0,1,1,5,13
17046,0,0,3,7,5
17047,0,0,0,9,11
17048,0,0,0,3,3
17049,0,3,6,26,208
1705,0,0,0,0,0
17050,0,0,0,3,3
17051,0,0,0,3,3
17052,0,1,3574,2135,9850
17053,0,1,1,4432,2675
17054,0,1,1,2136,9851
17055,0,1,3575,2137,9852
17056,0,1,3576,2138,9853
17057,0,0,0,3,3
17058,0,2,2,10,6068
17059,0,2138,881,4433,2676
1706,0,0,0,0,0
17060,258,604,2153,6784,6069
17061,0,0,0,0,0
17062,0,0,0,0,0
17063,0,0,0,0,0
17064,0,0,0,0,6070
17065,0,2,2,10,15
17066,0,1,1,46,173
17067,0,1,1,4434,2677
17068,0,0,0,0,0
17069,0,0,0,0,0
1707,0,0,0,0,0
17070,0,0,0,13,10
17071,0,0,0,0,0
17072,0,1,1,21,256
17073,0,2,18,78,430
17074,0,4,4,8,20
17075,0,1,1,19,126
17076,0,0,3,7,5
17077,0,4,4,8,40
17078,0,0,0,2,1
17079,0,0,0,2,1
1708,0,0,0,0,0
17080,0,1,1,21,6071
17081,0,0,0,3,3
17082,0,0,0,3,3
17083,0,0,0,3,3
17084,0,0,0,3,3
17085,0,0,0,4435,2678
17086,0,0,0,3,2679
17087,0,0,0,1,2
17088,0,1439,3577,2139,9854
17089,0,0,0,1,2
1709,0,0,0,0,145
17090,0,1440,3578,2140,9855
17091,0,0,0,1,2
17092,0,0,0,1,4
17093,0,0,0,2,1
17094,3,2139,882,4436,2680
17095,0,1441,3579,2141,9856
17096,0,1442,3580,2142,9857
17097,0,0,0,1,2
17098,0,1443,3581,2143,9858
17099,0,0,0,2,1
171,0,0,0,3,3
1710,0,0,0,0,0
17100,0,0,0,2,6072
17101,0,0,3582,2144,9859
17102,0,0,0,2,1
17103,0,1,1,121,944
17104,0,0,0,2145,9860
17105,0,1,1,2146,9861
17106,0,0,0,9,11
17107,0,0,0,3,3
17108,0,3,8,2147,9862
17109,0,1,1,6785,6073
1711,0,0,0,0,0
17110,0,0,883,4437,2681
17111,0,0,0,3,9863
17112,0,0,0,3,3
17113,0,0,0,3,3
17114,0,6,7,2148,9864
17115,0,605,2154,6786,6074
17116,0,0,0,1,2
17117,0,0,0,1,2
17118,0,4,4,8,289
17119,0,0,0,1,2
1712,0,0,0,1,4
17120,0,1,1,6787,6075
17121,0,1,1,4,6076
17122,2,1444,3583,2149,9865
17123,0,0,0,0,6077
17124,0,0,884,4438,2682
17125,0,0,28,6788,6078
17126,0,0,0,0,6079
17127,0,2140,885,4439,2683
17128,0,606,2155,6789,6080
17129,0,0,0,1,4
1713,0,0,0,6,7
17130,3,1445,3584,2150,9866
17131,3,2141,886,4440,2684
17132,0,0,0,1,2
17133,0,4,4,8,494
17134,0,0,0,1,2
17135,0,0,0,1,4
17136,0,0,0,1,2
17137,0,0,0,6790,6081
17138,0,4,4,8,20
17139,0,2142,887,4441,2685
1714,0,0,0,1,2
17140,0,0,0,1,2
17141,0,0,0,1,4
17142,0,0,0,2,1
17143,0,0,0,1,4
17144,0,4,4,8,6082
17145,0,0,0,1,2
17146,0,0,0,2,1
17147,0,607,2156,6791,6083
17148,0,0,0,1,2
17149,0,608,2157,6792,6084
1715,0,0,0,9,23
17150,0,0,0,1,2
17151,0,4,4,8,6085
17152,0,0,0,1,4
17153,0,1,1,5,13
17154,0,1,1,5,13
17155,1,2143,888,4442,2686
17156,0,0,0,1,2
17157,1,609,2158,6793,6086
17158,0,0,0,4443,2687
17159,0,1446,3585,2151,9867
1716,0,1,1,19,47
17160,0,0,0,1,2
17161,0,610,2159,6794,6087
17162,0,0,0,2,1
17163,0,1,1,19,6088
17164,0,2144,889,4444,2688
17165,0,0,0,1,2
17166,0,0,2160,6795,6089
17167,0,1447,3586,2152,9868
17168,0,0,0,1,9869
17169,0,1,1,19,231
1717,0,0,0,2,1
17170,0,0,0,2,1
17171,0,1448,3587,2153,9870
17172,0,0,0,1,2
17173,0,4,4,8,532
17174,0,4,4,8,20
17175,0,0,0,2,1
17176,0,0,3,7,5
17177,0,0,0,1,2
17178,0,0,0,9,11
17179,0,1,890,4445,2689
1718,0,0,3,7,5
17180,0,1,1,4446,2690
17181,0,4,4,8,20
17182,12,30,197,2154,9871
17183,0,0,0,9,23
17184,0,0,0,2,1
17185,0,1,1,5,13
17186,0,0,0,2,1
17187,0,611,2161,6796,6090
17188,0,612,2162,6797,6091
17189,0,1,1,19,46
1719,0,164,1437,5456,4171
17190,0,0,0,1,4
17191,0,0,0,2,1
17192,0,0,3,7,5
17193,0,0,0,1,2
17194,0,0,0,2,1
17195,0,0,0,1,2
17196,0,4,4,8,20
17197,0,0,3,7,5
17198,0,0,0,9,11
17199,0,0,0,1,4
172,0,0,0,3,3
1720,0,0,0,1,2
17200,0,0,0,1,4
17201,0,1,1,5,13
17202,4,11,24,45,65
17203,0,1449,3588,2155,9872
17204,0,0,0,1,4
17205,0,1,1,19,391
17206,0,0,0,1,4
17207,0,0,3,7,5
17208,0,0,0,1,2
17209,0,1450,3589,2156,9873
1721,3,1028,2856,778,7957
17210,0,0,0,1,2
17211,0,1,1,19,9874
17212,0,4,4,8,9875
17213,0,4,4,8,20
17214,0,0,3,7,5
17215,0,0,0,2,1
17216,0,0,0,2,1
17217,0,4,4,8,9876
17218,0,2145,891,4447,2691
17219,0,0,0,1,2
1722,3,165,1438,5457,4172
17220,0,0,2163,6798,6092
17221,0,4,4,8,532
17222,0,0,0,2,1
17223,0,0,0,2,1
17224,0,0,3,7,5
17225,0,0,0,2,1
17226,0,0,0,9,11
17227,0,0,0,1,2
17228,0,2146,892,4448,2692
17229,0,0,0,2,1
1723,0,0,0,1,2
17230,0,0,0,1,4
17231,0,613,2164,6799,6093
17232,0,0,0,2,1
17233,0,0,0,0,0
17234,0,0,0,0,0
17235,0,0,0,0,0
17236,0,1451,3590,2157,9877
17237,0,0,0,6800,6094
17238,0,0,0,0,6095
17239,0,0,0,0,0
1724,0,0,0,2,1
17240,0,0,0,0,0
17241,0,0,0,0,0
17242,0,0,0,0,0
17243,0,0,0,0,0
17244,0,0,0,0,0
17245,0,6,260,4449,2693
17246,0,0,0,0,374
17247,0,0,0,0,0
17248,0,14,3591,2158,9878
17249,0,0,0,9,11
1725,0,0,0,1,2
17250,0,1,1,19,391
17251,0,1,1,5,13
17252,0,0,0,1,4
17253,0,1,1,19,231
17254,107,1452,3592,2159,9879
17255,0,2147,893,4450,2694
17256,0,0,0,1,2
17257,0,1,1,5,13
17258,0,4,4,8,20
17259,0,0,0,0,0
1726,0,0,0,2,1
17260,0,0,0,0,414
17261,0,0,0,0,0
17262,0,0,0,0,0
17263,0,6,7,17,936
17264,0,0,0,6801,6096
17265,0,4,4,43,115
17266,0,1,1,5,6097
17267,0,1,1,15,95
17268,0,1,1,84,724
17269,0,0,0,1,2
1727,0,0,0,6,4173
17270,0,4,4,8,20
17271,0,0,0,2,1
17272,0,4,4,8,9880
17273,0,0,0,1,2
17274,259,614,2165,6802,6098
17275,0,0,0,2,1
17276,10,27,51,119,191
17277,0,615,2166,6803,6099
17278,0,0,3,7,5
17279,0,0,0,1,9881
1728,0,0,0,3,67
17280,0,0,0,1,2
17281,0,0,0,2,1
17282,0,1453,3593,2160,9882
17283,0,0,0,1,2
17284,0,0,0,2161,9883
17285,0,0,0,0,0
17286,0,0,0,0,0
17287,0,0,0,0,0
17288,0,0,0,0,0
17289,0,0,0,0,217
1729,0,2,2,18,16
17290,0,0,0,0,0
17291,177,2148,894,4451,2695
17292,0,6,7,76,371
17293,0,6,7,85,370
17294,0,6,7,76,398
17295,0,0,0,0,0
17296,0,0,0,315,2696
17297,0,2,2,10,15
17298,0,0,0,0,99
17299,0,0,0,238,372
173,0,1,267,3286,1034
1730,0,1,1439,5458,4174
17300,0,0,0,0,0
17301,0,0,0,0,0
17302,0,0,0,0,0
17303,2,79,895,4452,2697
17304,0,0,0,0,336
17305,0,0,0,0,0
17306,0,0,0,0,0
17307,0,4,4,8,176
17308,0,0,0,2,1
17309,0,0,0,1,2
1731,0,1,1,4,1188
17310,0,0,0,1,6100
17311,0,1,1,19,231
17312,0,0,0,0,0
17313,0,0,0,0,0
17314,0,6,7,85,9884
17315,0,6,7,2162,9885
17316,0,59,241,6804,6101
17317,0,0,0,0,0
17318,2,103,198,2163,9886
17319,0,0,0,4453,2698
1732,0,3,6,5459,4175
17320,0,0,0,0,136
17321,0,0,0,0,0
17322,0,0,0,0,0
17323,0,0,0,14,131
17324,0,50,3594,2164,9887
17325,0,0,0,0,0
17326,0,0,0,13,10
17327,0,2,2,10,348
17328,0,0,0,0,0
17329,0,0,0,0,0
1733,0,2,2,18,16
17330,0,0,0,14,32
17331,0,1,1,20,2699
17332,0,0,0,1,2
17333,0,1,1,19,47
17334,0,1,1,4,6
17335,0,0,0,3,3
17336,0,2149,896,4454,2700
17337,0,0,0,3,3
17338,0,0,0,3,3
17339,0,0,0,2,1
1734,0,0,0,0,0
17340,0,0,3595,2165,9888
17341,0,1,1,4,6
17342,0,0,0,3,3
17343,0,0,0,3,3
17344,0,616,2167,6805,6102
17345,0,0,0,3,3
17346,0,2,2,18,16
17347,0,0,0,1,4
17348,0,0,0,3,3
17349,0,3,8,6806,6103
1735,0,0,0,0,216
17350,0,3,897,4455,2701
17351,0,1,1,4,6104
17352,0,0,0,0,6105
17353,0,0,0,6807,6106
17354,0,0,0,0,9889
17355,0,0,0,0,0
17356,0,0,0,0,0
17357,0,0,0,0,9890
17358,0,0,0,6808,6107
17359,0,0,0,0,0
1736,0,1,1,4,547
17360,0,0,0,0,0
17361,0,0,0,0,0
17362,0,0,0,414,9891
17363,0,0,0,0,0
17364,0,0,0,0,0
17365,0,0,0,0,0
17366,0,0,0,0,0
17367,0,0,0,0,0
17368,0,3,6,6809,6108
17369,0,1,1,4,6
1737,0,1,1,4,6
17370,0,1,1,4,6
17371,0,0,898,4456,2702
17372,0,1,1,2166,9892
17373,0,0,0,6810,6109
17374,0,0,0,3,3
17375,0,1,1,4,921
17376,0,1,1,4,921
17377,0,3,6,4457,2703
17378,0,3,6,2167,9893
17379,0,3,6,2168,9894
1738,0,1,1,376,4176
17380,0,1,1,4,6
17381,0,1,1,4,6110
17382,0,1,1,4,6
17383,0,1,1,2169,9895
17384,0,1454,3596,2170,9896
17385,0,4,4,189,9897
17386,0,0,0,1,4
17387,0,0,0,1,4
17388,0,1455,3597,2171,9898
17389,0,1,1,5,297
1739,0,0,0,0,0
17390,0,0,0,1,2
17391,0,0,0,2,1
17392,0,0,3,7,5
17393,0,617,2168,6811,6111
17394,0,0,0,1,2
17395,0,0,0,1,4
17396,0,1,1,5,9899
17397,0,618,2169,6812,6112
17398,0,0,0,1,2
17399,0,1,1,4458,2704
174,0,1,1,4,6
1740,0,0,0,0,0
17400,0,0,0,1,4
17401,0,0,0,1,2
17402,0,0,0,2,1
17403,0,4,4,8,706
17404,0,0,0,1,4
17405,0,2150,899,4459,2705
17406,0,0,0,1,2
17407,0,0,0,1,2
17408,0,0,3,7,5
17409,0,0,0,1,4
1741,0,0,0,0,0
17410,0,1,1,5,13
17411,0,1456,3598,2172,9900
17412,0,0,0,1,2
17413,0,0,0,2,1
17414,0,0,0,2,1
17415,0,1457,3599,2173,9901
17416,0,0,0,1,2
17417,0,0,0,2,1
17418,0,1,1,5,6113
17419,0,1,1,19,46
1742,0,0,0,0,0
17420,0,0,3,7,5
17421,0,1,1,2174,9902
17422,0,0,0,2,1
17423,0,0,0,1,4
17424,0,0,0,2,1
17425,0,619,2170,6813,6114
17426,0,0,0,1,2
17427,0,0,0,2,1
17428,0,0,0,1,4
17429,0,0,0,1,4
1743,0,0,10,66,4177
17430,0,4,4,189,9903
17431,0,0,0,1,2
17432,0,1,1,19,46
17433,0,4,4,8,2706
17434,0,0,0,2,1
17435,0,0,0,1,2
17436,0,0,0,2,1
17437,0,0,0,1,4
17438,0,0,0,1,4
17439,0,1,1,19,46
1744,0,9,15,72,190
17440,0,4,4,8,20
17441,0,0,0,12,9
17442,0,0,0,1,4
17443,0,1,1,94,1002
17444,0,2,2,77,219
17445,0,0,0,2,1
17446,0,2,2,18,16
17447,0,1,1,4,6
17448,0,1,1,4,6
17449,0,3,8,4460,2707
1745,0,0,0,22,104
17450,0,1,1,4,6
17451,0,0,0,3,3
17452,0,1,1,4,6
17453,0,0,0,6814,6115
17454,0,0,0,6815,6116
17455,0,0,0,3,3
17456,0,0,0,3,3
17457,0,4,4,6816,6117
17458,0,0,0,1,4
17459,0,4,4,4461,2708
1746,0,2,2,25,144
17460,0,0,0,2,1
17461,0,0,3,7,5
17462,1,620,2171,6817,6118
17463,0,1458,3600,2175,9904
17464,0,0,0,1,2
17465,0,0,0,1,4
17466,0,0,0,1,4
17467,0,1,1,5,13
17468,0,0,0,1,4
17469,0,621,2172,6818,6119
1747,0,2,2,25,144
17470,0,0,0,1,2
17471,0,4,4,8,494
17472,0,0,0,2,1
17473,0,1,1,5,141
17474,0,0,0,2,1
17475,0,0,0,12,9
17476,0,0,0,3,3
17477,0,3,900,4462,2709
17478,0,0,0,3,9905
17479,0,0,0,2176,9906
1748,0,0,0,5460,4178
17480,0,0,0,3,9907
17481,0,0,0,2177,9908
17482,0,0,0,3,3
17483,0,2,2,18,16
17484,0,0,0,0,0
17485,0,2,2,10,26
17486,0,0,0,14,6120
17487,0,0,0,0,0
17488,0,0,0,0,0
17489,0,1,1,4,6
1749,0,0,0,0,1189
17490,0,0,0,0,0
17491,0,0,0,0,0
17492,0,0,0,0,0
17493,0,0,0,0,0
17494,0,0,0,0,0
17495,0,0,0,0,0
17496,0,0,0,13,10
17497,0,0,0,0,0
17498,0,0,0,0,0
17499,0,0,0,2,1
175,0,1,1,4,6
1750,0,0,0,22,71
17500,0,1,1,15,9909
17501,0,4,4,6819,6121
17502,0,0,0,2,1
17503,0,6,7,109,2710
17504,0,1,1,15,95
17505,0,2151,901,4463,2711
17506,0,6,199,619,725
17507,0,104,200,620,726
17508,0,0,3,7,915
17509,0,0,0,2,1
1751,0,0,0,3393,1190
17510,0,0,3,7,5
17511,0,1,1,21,60
17512,0,0,0,4464,2712
17513,0,0,3,7,5
17514,0,1,2173,6820,6122
17515,0,0,0,1,2
17516,0,0,0,0,0
17517,0,2,2,10,26
17518,0,0,0,0,0
17519,0,0,0,0,0
1752,0,2,2,144,259
17520,0,0,0,0,0
17521,0,0,0,0,0
17522,0,0,0,0,0
17523,0,4,4,8,6123
17524,0,4,4,43,115
17525,6,622,2174,6821,6124
17526,0,1,1,84,724
17527,0,6,7,109,922
17528,0,54,242,453,6125
17529,0,0,2175,6822,6126
1753,0,2,2,144,259
17530,0,0,0,2,6127
17531,0,0,0,2178,9910
17532,0,4,4,8,20
17533,0,4,4,239,387
17534,0,0,0,2,1
17535,0,0,0,0,0
17536,0,0,0,14,22
17537,0,10,12,4465,2713
17538,0,0,0,13,10
17539,0,0,0,2,36
1754,0,2,2,144,259
17540,0,1,1,5,2714
17541,0,0,0,6823,6128
17542,0,1459,3601,2179,9911
17543,0,0,0,6824,6129
17544,0,0,0,22,2715
17545,0,0,0,16,24
17546,5,1460,3602,2180,9912
17547,0,0,10,66,6130
17548,0,0,21,103,159
17549,0,0,0,0,572
1755,0,0,0,6,7958
17550,0,0,0,0,0
17551,0,0,0,73,2716
17552,0,0,0,0,136
17553,0,0,0,0,923
17554,0,0,3603,2181,9913
17555,0,0,0,0,0
17556,0,0,0,0,572
17557,0,0,0,112,6131
17558,0,0,0,0,0
17559,0,0,0,0,0
1756,0,0,0,6,28
17560,0,0,0,0,0
17561,0,0,0,2182,9914
17562,0,2,2,10,9915
17563,0,0,0,0,0
17564,0,0,0,0,417
17565,0,0,0,0,727
17566,0,0,0,0,0
17567,0,0,0,0,0
17568,0,0,0,0,0
17569,0,0,0,0,0
1757,0,0,0,0,4179
17570,0,6,7,6825,6132
17571,0,6,7,454,924
17572,0,1461,3604,2183,9916
17573,0,0,0,0,368
17574,0,1,1,102,179
17575,0,0,0,1,2
17576,0,1,1,113,248
17577,0,0,0,1,2
17578,0,0,0,2,1
17579,0,0,0,1,4
1758,0,0,0,0,0
17580,0,1,1,111,245
17581,0,0,0,2,247
17582,0,0,0,1,2
17583,0,2152,902,4466,2717
17584,0,0,0,1,4
17585,0,0,0,1,2
17586,0,4,4,4467,2718
17587,0,0,0,1,6133
17588,0,2153,903,4468,2719
17589,0,0,0,1,9917
1759,0,0,0,0,0
17590,0,4,4,312,6134
17591,0,0,0,1,2
17592,0,0,0,2,247
17593,0,0,0,1,2
17594,0,0,0,0,0
17595,0,0,0,0,495
17596,0,0,0,0,495
17597,0,2,2,10,15
17598,0,0,0,0,0
17599,0,1,1,113,248
176,0,2,2,18,16
1760,0,0,0,0,0
17600,0,0,0,1,2
17601,0,1,1,102,179
17602,0,0,0,1,9918
17603,0,623,2176,6826,6135
17604,0,0,0,1,2
17605,0,1,1,111,245
17606,0,0,0,1,4
17607,0,0,2177,6827,6136
17608,0,3,6,6828,6137
17609,0,1,3605,2184,9919
1761,0,0,0,147,311
17610,0,1,1,4,6
17611,0,2,2,6829,6138
17612,0,2,2,2185,9920
17613,0,3,6,2186,9921
17614,0,3,8,6830,6139
17615,0,1,1,4,6
17616,0,1,1,4,6
17617,0,3,6,26,6140
17618,0,3,6,2187,9922
17619,0,0,0,3,3
1762,0,0,0,0,49
17620,0,0,3606,2188,9923
17621,0,0,0,0,2720
17622,0,0,0,0,0
17623,0,2,2,10,210
17624,0,0,0,0,0
17625,0,6,7,99,928
17626,0,0,0,0,0
17627,0,0,0,14,131
17628,0,0,0,0,0
17629,0,0,904,4469,2721
1763,0,0,0,0,0
17630,0,0,0,0,0
17631,0,0,0,0,0
17632,0,0,0,0,0
17633,0,0,9,4470,2722
17634,0,624,2178,6831,6141
17635,0,0,0,0,0
17636,0,0,0,0,0
17637,0,50,905,4471,2723
17638,0,0,0,0,6142
17639,0,1,1,4,6
1764,0,0,0,0,0
17640,0,1,1,6832,6143
17641,0,1,1,4472,2724
17642,0,1,1,4,9924
17643,0,1,1,4,6
17644,0,1462,3607,2189,9925
17645,0,3,6,26,9926
17646,0,0,0,3,3
17647,0,0,0,3,3
17648,0,0,0,0,0
17649,0,0,0,0,0
1765,0,0,0,0,0
17650,0,0,0,6833,6144
17651,0,0,0,0,0
17652,0,0,0,0,549
17653,0,0,0,0,0
17654,0,2,2,10,15
17655,0,6,7,17,744
17656,0,0,0,0,0
17657,0,0,0,0,0
17658,0,0,0,0,146
17659,0,0,0,0,146
1766,0,0,0,0,7959
17660,260,625,2179,6834,6145
17661,0,0,0,0,0
17662,2,626,2180,6835,6146
17663,0,0,0,0,0
17664,0,0,0,0,0
17665,0,0,0,0,0
17666,0,0,0,6836,6147
17667,0,0,0,0,136
17668,0,0,0,0,925
17669,0,0,0,4473,2725
1767,0,0,0,3,3
17670,0,0,0,0,0
17671,0,0,906,4474,2726
17672,0,0,0,0,0
17673,2,81,2181,6837,6148
17674,0,0,27,108,741
17675,0,1,1,4,6
17676,0,1,1,4,301
17677,0,3,29,69,106
17678,0,1,1,4,287
17679,0,0,0,3,3
1768,0,1,1,4,299
17680,0,3,6,26,9927
17681,0,1,1,4,6149
17682,0,0,0,3,3
17683,0,0,0,3,3
17684,0,1,1,4,301
17685,0,3,6,2190,9928
17686,0,1,1,4,287
17687,0,1,1,4,9929
17688,0,3,29,69,106
17689,0,0,0,14,131
1769,0,1,1,4,548
17690,0,0,0,0,0
17691,0,0,0,4475,2727
17692,0,0,0,0,0
17693,2,627,2182,6838,6150
17694,0,0,0,0,0
17695,0,0,0,2191,9930
17696,0,0,0,0,0
17697,2,628,2183,6839,6151
17698,0,0,0,6840,6152
17699,0,0,0,2192,9931
177,0,1,1,4,6
1770,0,1,1,4,260
17700,0,0,0,0,0
17701,0,0,0,0,0
17702,0,1,1,4,6
17703,0,0,0,3,3
17704,0,2,2,18,16
17705,0,0,0,3,3
17706,0,1,1,4,496
17707,0,1,1,4,301
17708,0,1,1,2193,9932
17709,0,1,1,4,6
1771,0,1,1,63,151
17710,0,1,1,4,2728
17711,0,1,1,4,6
17712,0,1,1,63,9933
17713,0,1,1,4,6
17714,0,1,1,4,33
17715,0,0,0,3,3
17716,0,1,1,4,251
17717,0,1,2184,6841,6153
17718,0,1,1,4,6
17719,0,3,6,26,2729
1772,0,0,28,779,7960
17720,0,1,1,4,6
17721,0,1,1,63,151
17722,0,3,8,455,2730
17723,0,3,20,4476,2731
17724,0,1,1,4,260
17725,0,1,1,4,6
17726,0,1,1,4,299
17727,0,1,1,4,6
17728,0,3,8,455,6154
17729,0,3,20,192,437
1773,0,0,9,780,7961
17730,0,1,1,63,6155
17731,0,1,1,63,151
17732,0,0,0,3,3
17733,0,0,0,3,3
17734,0,0,0,3,3
17735,0,0,0,3,3
17736,0,0,0,2194,9934
17737,0,1,2185,6842,6156
17738,0,0,0,3,3
17739,0,0,0,3,3
1774,0,1029,2857,781,7962
17740,0,0,0,3,3
17741,0,0,0,3,3
17742,0,0,0,3,3
17743,0,1,1,4,33
17744,0,0,0,3,3
17745,0,0,0,3,3
17746,0,0,0,3,3
17747,0,0,0,3,3
17748,0,0,0,3,3
17749,0,0,0,3,3
1775,0,0,0,0,7963
17750,0,1,1,190,6157
17751,0,1,1,190,9935
17752,0,3,3608,2195,9936
17753,0,1,1,190,6158
17754,0,1,1,4,111
17755,0,1,1,190,2732
17756,0,1,1,2196,9937
17757,0,1,1,2197,9938
17758,0,3,6,2198,9939
17759,0,1,1,4,2733
1776,0,0,0,0,0
17760,0,1,1,4,6
17761,0,0,0,3,3
17762,0,0,0,3,3
17763,0,0,0,0,0
17764,0,0,0,0,0
17765,0,0,0,13,10
17766,0,3,907,4477,2734
17767,0,0,0,14,648
17768,0,0,0,13,10
17769,0,0,0,0,9940
1777,0,0,0,14,22
17770,0,0,0,0,9941
17771,0,0,0,2199,9942
17772,0,4,4,4478,2735
17773,0,0,0,0,0
17774,0,1,1,5,13
17775,0,1,1,19,126
17776,0,2,18,78,171
17777,0,0,0,1,4
17778,1,1463,3609,2200,9943
17779,0,1464,3610,2201,9944
1778,0,0,0,0,7964
17780,0,0,0,1,2
17781,0,1,1,19,81
17782,0,0,0,2,1
17783,0,0,3,7,966
17784,0,0,0,9,9945
17785,0,0,3,7,5
17786,0,1,1,20,19
17787,0,0,3,7,5
17788,0,4,4,8,20
17789,0,0,0,2,1
1779,0,0,0,5461,4180
17790,0,4,4,8,172
17791,0,1,1,5,2736
17792,0,0,3,7,5
17793,0,0,0,9,23
17794,0,0,0,2,1
17795,0,0,0,1,4
17796,0,0,0,1,4
17797,0,0,0,2,1
17798,0,0,0,1,2
17799,0,0,0,14,32
178,0,1,1,4,6
1780,0,0,0,0,0
17800,0,2,2,10,9946
17801,0,0,0,0,0
17802,0,0,0,558,728
17803,0,0,0,558,728
17804,0,1,1,4,6159
17805,0,1,1,4479,2737
17806,0,1,1,4,547
17807,0,0,0,3,3
17808,0,0,0,3,3
17809,0,0,0,0,0
1781,0,0,0,0,0
17810,0,1465,3611,2202,9947
17811,0,0,0,0,0
17812,0,0,0,0,0
17813,0,0,0,0,0
17814,0,0,0,0,0
17815,0,4,4,8,9948
17816,0,0,3,7,5
17817,0,0,0,2,1
17818,0,0,3,7,5
17819,0,10,12,6843,6160
1782,0,2,2,10,26
17820,0,0,0,2,729
17821,0,0,0,0,0
17822,0,0,0,0,0
17823,0,0,0,0,0
17824,0,0,0,0,0
17825,0,1,1,4,6
17826,0,0,0,3,3
17827,0,3,6,6844,6161
17828,0,0,0,3,3
17829,0,1,1,4,211
1783,0,0,0,0,0
17830,0,3,6,2203,9949
17831,0,3,6,4480,2738
17832,0,1,1,4,497
17833,0,2,2,18,16
17834,0,3,8,4481,2739
17835,0,0,0,3,3
17836,0,0,908,4482,2740
17837,0,3,8,4483,2741
17838,0,0,0,3,3
17839,0,0,0,3,3
1784,0,166,1440,5462,4181
17840,0,0,0,3,3
17841,0,0,3612,2204,9950
17842,0,0,0,3,3
17843,0,2,2,18,6162
17844,0,1,1,4,6
17845,0,1,1,4,2742
17846,0,2,2,18,16
17847,0,3,6,6845,6163
17848,0,0,0,3,3
17849,0,3,6,164,6164
1785,0,0,0,5463,4182
17850,0,1,3613,2205,9951
17851,0,3,6,4484,2743
17852,0,0,0,3,9952
17853,0,1,1,4,6
17854,0,2,2,18,16
17855,0,3,6,6846,6165
17856,0,0,3614,2206,9953
17857,0,0,0,3,3
17858,0,0,0,3,3
17859,0,0,0,456,6166
1786,0,1815,329,3394,1191
17860,0,0,0,3,3
17861,0,0,0,3,3
17862,0,0,0,3,3
17863,0,0,0,3,3
17864,0,0,0,4485,2744
17865,0,3,3615,2207,9954
17866,0,0,0,3,3
17867,0,1,1,2208,9955
17868,0,1,1,4,6
17869,0,0,0,6847,6167
1787,0,0,0,1,2
17870,0,0,0,3,3
17871,0,0,0,3,3
17872,0,0,0,3,3
17873,0,0,2186,6848,6168
17874,0,0,0,3,3
17875,0,0,0,2209,9956
17876,0,0,0,3,3
17877,0,0,0,456,6169
17878,0,0,0,3,3
17879,0,0,909,4486,2745
1788,0,0,1441,5464,4183
17880,0,629,2187,6849,6170
17881,0,1,1,4,2746
17882,0,2,2,18,16
17883,0,3,8,2210,9957
17884,0,0,0,4487,2747
17885,0,1,1,4,6
17886,0,3,8,2211,9958
17887,0,3,6,457,6171
17888,0,0,0,3,3
17889,0,0,0,2212,9959
1789,0,0,0,2,1
17890,0,1,1,4,135
17891,0,0,0,3,41
17892,0,2,2,18,16
17893,0,0,0,3,3
17894,0,1466,3616,2213,9960
17895,0,630,2188,6850,6172
17896,0,1,1,5,13
17897,0,4,4,8,6173
17898,0,1,1,2214,9961
17899,0,2,2,4488,2748
179,0,0,0,3,3
1790,0,0,0,9,11
17900,0,1,1,4,33
17901,0,1,1,2215,9962
17902,0,1,1,4,260
17903,0,1,1,4,730
17904,0,3,2189,6851,6174
17905,0,0,0,3,3
17906,0,0,0,3,3
17907,0,1,1,63,151
17908,0,1,1,63,151
17909,0,1,1,4489,2749
1791,0,0,0,1,2
17910,0,1,1,6852,6175
17911,0,1,910,4490,2750
17912,0,1,1,6853,6176
17913,0,1,1,4,6
17914,0,0,911,4491,2751
17915,0,0,0,3,3
17916,0,3,8,6854,6177
17917,0,0,912,4492,2752
17918,0,0,0,2,1
17919,0,1,1,5,9963
1792,0,1,1,5,13
17920,0,1,1,413,9964
17921,0,0,0,2,1
17922,0,0,0,1,4
17923,0,0,0,1,2
17924,0,4,4,4493,2753
17925,0,1,1,63,151
17926,0,3,20,192,6178
17927,0,1,1,4,6179
17928,0,1,1,4,6
17929,0,1,1,4,9965
1793,0,1,1,5,13
17930,0,1,1,24,530
17931,0,1,1,33,6180
17932,0,1,1,4494,2754
17933,0,3,6,2216,9966
17934,0,1,1,33,75
17935,0,1,1,24,2755
17936,0,1,1,4,6
17937,0,3,6,4495,2756
17938,0,1,1,4,9967
17939,0,1,1,4,51
1794,0,0,0,1,4
17940,0,1,1,2217,9968
17941,0,1,1,4,96
17942,0,1,1,4,6181
17943,0,0,0,3,67
17944,0,1,1,2218,9969
17945,0,8,913,4496,2757
17946,0,8,3617,2219,9970
17947,0,8,30,621,9971
17948,0,2154,914,4497,2758
17949,0,0,0,0,0
1795,0,1,1,20,19
17950,0,0,52,313,472
17951,0,0,62,133,213
17952,0,0,915,4498,2759
17953,0,8,30,4499,2760
17954,0,39,3618,2220,9972
17955,0,0,0,2221,9973
17956,0,0,2190,6855,6182
17957,0,48,119,240,383
17958,0,8,916,4500,2761
17959,0,8,917,4501,2762
1796,0,4,4,156,1192
17960,0,0,17,53,62
17961,0,0,17,314,573
17962,0,0,74,160,240
17963,0,8,30,621,9974
17964,0,0,0,0,0
17965,0,0,0,0,0
17966,0,0,3619,2222,9975
17967,261,631,2191,6856,6183
17968,0,8,2192,6857,6184
17969,0,0,918,4502,2763
1797,0,0,0,2,1
17970,0,52,142,478,731
17971,0,0,17,53,62
17972,0,0,0,0,0
17973,0,0,0,0,2764
17974,0,0,112,254,353
17975,0,632,2193,6858,6185
17976,0,0,0,0,0
17977,0,0,2194,6859,6186
17978,0,0,3620,2223,9976
17979,0,0,0,132,238
1798,0,0,0,1,4
17980,0,0,0,14,323
17981,0,0,3621,2224,9977
17982,18,1467,3622,2225,9978
17983,0,0,2195,6860,6187
17984,0,0,89,228,382
17985,0,0,3623,2226,9979
17986,0,0,3624,2227,9980
17987,0,47,109,241,473
17988,0,48,119,240,383
17989,0,43,201,2228,9981
1799,0,1,1,31,602
17990,0,43,201,2229,9982
17991,0,0,919,4503,2765
17992,0,0,17,53,62
17993,0,8,107,2230,9983
17994,0,8,30,4504,2766
17995,0,0,17,53,62
17996,0,0,44,4505,2767
17997,0,0,0,0,0
17998,0,0,0,132,9984
17999,0,23,143,303,732
18,0,0,0,16,24
180,0,3,6,5343,3995
1800,0,0,0,3395,1193
18000,0,23,87,193,349
18001,0,23,202,570,9985
18002,0,8,2196,6861,6188
18003,0,2,2,142,2768
18004,0,0,74,160,240
18005,0,2,2,2231,9986
18006,0,0,88,6862,6189
18007,0,0,108,306,733
18008,0,0,0,0,0
18009,0,0,17,53,62
1801,0,1,1,3396,1194
18010,0,0,52,186,316
18011,0,0,0,2232,9987
18012,0,0,0,0,9988
18013,0,0,122,242,6190
18014,0,0,0,0,0
18015,0,0,0,2233,9989
18016,0,0,0,0,0
18017,0,0,0,0,314
18018,0,0,110,251,350
18019,0,633,2197,6863,6191
1802,0,1,1,20,19
18020,0,0,17,53,62
18021,0,634,2198,6864,6192
18022,0,8,144,2234,9990
18023,0,0,3625,2235,9991
18024,0,0,3626,2236,9992
18025,0,0,0,14,294
18026,0,0,63,185,315
18027,0,51,111,252,352
18028,0,0,0,0,0
18029,0,0,0,0,0
1803,0,0,0,82,120
18030,0,0,0,0,0
18031,0,0,0,0,0
18032,0,0,0,0,0
18033,0,0,0,0,0
18034,0,0,0,0,0
18035,0,0,0,13,10
18036,0,0,0,0,0
18037,0,0,0,14,22
18038,0,0,9,56,119
18039,0,0,0,0,0
1804,0,1,1,5465,4184
18040,0,0,0,0,0
18041,0,0,0,0,0
18042,0,0,0,0,0
18043,0,0,0,0,0
18044,0,0,0,3,3
18045,0,2,2,10,87
18046,0,0,0,14,22
18047,0,0,0,0,0
18048,0,0,0,0,90
18049,0,0,0,0,90
1805,0,0,0,13,10
18050,0,2,3627,2237,9993
18051,0,0,0,2,9994
18052,0,7,13,51,6193
18053,0,2,2,18,16
18054,0,3,6,26,9995
18055,0,0,0,3,3
18056,0,1,1,4,6194
18057,0,1,3628,2238,9996
18058,0,0,0,3,3
18059,0,1,1,4506,2769
1806,0,4,4,8,4185
18060,0,1,1,4,6
18061,0,1,1,4507,2770
18062,0,0,0,4508,2771
18063,0,0,2199,6865,6195
18064,0,0,3629,2239,9997
18065,0,0,0,3,3
18066,0,0,0,3,3
18067,0,0,0,0,0
18068,0,0,0,0,0
18069,0,0,0,0,0
1807,0,0,0,782,7965
18070,0,0,0,0,49
18071,0,0,0,0,0
18072,0,0,0,0,0
18073,0,0,0,0,0
18074,0,0,0,0,42
18075,0,0,0,0,0
18076,0,0,0,0,0
18077,0,0,0,0,0
18078,0,0,0,14,22
18079,0,1,2200,6866,6196
1808,0,0,0,2,1
18080,0,0,920,4509,2772
18081,0,0,0,0,6197
18082,0,0,0,0,0
18083,0,0,0,0,0
18084,0,6,7,17,377
18085,0,1,1,46,230
18086,0,2,2,10,15
18087,0,6,7,17,18
18088,0,0,0,0,0
18089,0,0,0,6,6198
1809,0,0,0,1,2
18090,0,0,0,6,2773
18091,0,0,0,6867,6199
18092,0,0,921,4510,2774
18093,0,0,0,6,157
18094,0,0,0,2,1
18095,0,0,0,6,1009
18096,0,0,3630,2240,9998
18097,0,0,0,6,9999
18098,0,0,0,6,28
18099,0,0,0,6,28
181,0,0,0,3,3
1810,0,0,0,5466,4186
18100,0,0,0,6,6200
18101,0,0,0,6,6201
18102,0,0,0,6868,6202
18103,0,0,922,4511,2775
18104,0,0,0,6869,6203
18105,0,0,0,2241,10000
18106,0,0,0,6,34
18107,0,0,0,4512,2776
18108,0,0,0,6,34
18109,0,0,0,6,10001
1811,0,0,0,1,2
18110,0,0,0,187,302
18111,0,0,0,6,1009
18112,0,0,0,6,6204
18113,0,0,0,3,3
18114,0,2,2,18,16
18115,0,1,1,4,734
18116,0,3,8,6870,6205
18117,0,0,0,6871,6206
18118,0,0,0,3,3
18119,0,0,0,3,3
1812,0,1,1,783,7966
18120,0,0,0,3,3
18121,0,0,0,3,3
18122,0,0,0,3,3
18123,0,0,0,3,10002
18124,0,0,0,3,3
18125,0,0,0,3,2777
18126,0,0,0,3,3
18127,0,0,0,3,3
18128,0,0,0,3,3
18129,0,0,0,3,735
1813,0,17,42,514,981
18130,0,0,0,3,10003
18131,0,0,0,3,10004
18132,0,0,0,3,10005
18133,0,0,0,3,3
18134,0,0,0,4513,2778
18135,0,1,1,4,6
18136,0,1,1,4,6
18137,0,1,1,4,6
18138,0,2,2,18,6207
18139,0,2,2201,6872,6208
1814,0,17,2858,784,7967
18140,0,0,0,3,3
18141,0,3,6,26,208
18142,0,3,6,6873,6209
18143,0,3,6,6874,6210
18144,0,1,2202,6875,6211
18145,0,1,1,4514,2779
18146,0,1,2203,6876,6212
18147,0,6,7,36,52
18148,0,6,7,36,52
18149,0,7,13,51,2780
1815,0,17,42,5467,4187
18150,0,7,13,51,10006
18151,0,7,13,51,10007
18152,0,6,7,36,52
18153,0,6,7,36,52
18154,0,0,0,0,0
18155,0,0,0,16,24
18156,0,3,20,2242,10008
18157,0,3,20,2243,10009
18158,0,2,2,18,16
18159,0,3,20,4515,2781
1816,0,17,42,785,7968
18160,0,3,20,6877,6213
18161,0,3,77,4516,2782
18162,0,1,1,4,111
18163,0,3,29,69,106
18164,0,1,1,4,516
18165,0,3,6,6878,6214
18166,0,1,1,4,6215
18167,0,1,1,4,6
18168,0,1,1,4,10010
18169,0,3,3631,2244,10011
1817,0,17,42,786,7969
18170,0,3,20,6879,6216
18171,0,0,0,3,3
18172,0,0,0,3,3
18173,0,1,1,4,351
18174,0,0,0,3,3
18175,0,1,1,4517,2783
18176,0,1,1,4,6
18177,0,1,1,4,6
18178,0,1,3632,2245,10012
18179,0,0,0,3,3
1818,0,17,42,514,981
18180,0,1,1,4518,2784
18181,0,0,0,3,3
18182,0,0,0,3,3
18183,0,0,0,3,6217
18184,0,0,0,6880,6218
18185,0,0,0,3,3
18186,0,0,0,3,3
18187,0,2,2,18,16
18188,0,1,1,4,6
18189,0,3,6,4519,2785
1819,0,1030,2859,787,7970
18190,0,3,6,2246,10013
18191,0,3,8,6881,6219
18192,0,0,0,3,3
18193,0,1,1,4,10014
18194,0,1,1,4520,2786
18195,0,0,0,0,0
18196,0,6,7,6882,6220
18197,0,6,7,17,18
18198,0,0,0,0,0
18199,0,0,3633,2247,10015
182,0,0,0,3,3
1820,0,17,42,5468,4188
18200,0,0,0,0,0
18201,0,0,0,0,0
18202,108,1468,3634,2248,10016
18203,0,0,0,0,0
18204,0,2,2,458,6221
18205,0,1,2204,6883,6222
18206,0,0,0,0,0
18207,0,0,0,0,0
18208,0,0,0,14,22
18209,0,0,0,0,49
1821,0,17,2860,788,7971
18210,0,0,0,0,42
18211,0,0,0,0,0
18212,0,0,9,54,6223
18213,0,0,0,13,10
18214,0,0,0,0,49
18215,0,0,0,0,0
18216,0,0,0,0,42
18217,0,0,0,13,10
18218,0,0,0,0,0
18219,0,0,0,0,0
1822,0,17,330,3397,1195
18220,0,0,0,0,0
18221,0,0,0,0,0
18222,0,0,0,147,311
18223,0,0,0,14,22
18224,0,6,7,17,18
18225,0,0,0,0,0
18226,0,0,0,0,0
18227,0,0,0,0,0
18228,0,0,0,0,0
18229,0,0,0,0,0
1823,0,17,42,789,7972
18230,0,0,0,0,0
18231,0,0,0,0,0
18232,0,3,6,459,6224
18233,0,3,6,6884,6225
18234,0,0,0,3,3
18235,0,2,2,18,16
18236,0,1,1,4,6
18237,0,1469,3635,2249,10017
18238,0,0,0,3,3
18239,0,3,8,155,6226
1824,0,1031,2861,790,7973
18240,0,2,2,18,16
18241,0,1,1,4,251
18242,0,0,0,3,3
18243,0,1,1,4,301
18244,0,1,1,4,560
18245,0,1,1,4,496
18246,0,3,29,69,106
18247,0,0,0,3,3
18248,0,0,0,3,3
18249,0,0,0,3,3
1825,0,167,1442,5469,4189
18250,0,1,1,4,6227
18251,0,0,0,3,3
18252,0,1,1,63,151
18253,0,0,0,14,246
18254,0,0,0,0,98
18255,0,0,0,0,98
18256,0,0,0,2250,10018
18257,0,0,0,0,0
18258,0,0,0,0,0
18259,0,0,0,0,0
1826,0,17,331,3398,1196
18260,0,0,0,0,98
18261,0,1470,3636,2251,10019
18262,0,0,0,0,0
18263,0,635,2205,6885,6228
18264,0,0,0,0,0
18265,0,0,0,0,0
18266,0,2,2,10,140
18267,0,0,0,14,209
18268,0,0,0,3,3
18269,0,0,0,3,3
1827,0,17,42,5470,4190
18270,0,0,0,3,3
18271,0,0,0,3,3
18272,0,0,0,3,735
18273,0,0,0,3,10020
18274,0,0,0,3,3
18275,0,0,0,3,2787
18276,0,0,0,2252,10021
18277,0,0,0,2253,10022
18278,0,3,8,6886,6229
18279,0,0,3637,2254,10023
1828,0,0,0,5471,4191
18280,0,0,3638,2255,10024
18281,0,1,1,4,6
18282,0,2,2,18,16
18283,0,3,6,4521,2788
18284,0,1,1,4,6230
18285,0,0,145,559,1010
18286,0,0,145,2256,10025
18287,0,0,0,137,369
18288,0,0,0,137,574
18289,0,0,0,137,369
1829,0,17,42,5472,4192
18290,0,0,0,137,574
18291,0,0,0,137,369
18292,0,0,0,0,0
18293,0,0,0,0,0
18294,0,0,0,137,369
18295,0,0,145,559,1010
18296,0,0,0,137,574
18297,0,0,0,0,0
18298,0,0,0,0,0
18299,0,2,2,10,920
183,0,0,0,3,3
1830,0,17,42,791,7974
18300,0,0,0,0,0
18301,0,0,0,0,99
18302,0,0,0,0,0
18303,0,0,3639,2257,10026
18304,0,6,115,2258,10027
18305,0,0,0,0,0
18306,0,0,0,0,0
18307,0,0,0,138,926
18308,0,0,0,138,926
18309,0,0,0,0,0
1831,0,17,42,5473,4193
18310,0,0,0,138,6231
18311,0,0,0,0,0
18312,0,2155,923,4522,2789
18313,0,0,0,138,575
18314,0,0,0,138,575
18315,0,0,0,138,10028
18316,0,0,0,0,136
18317,0,0,0,2259,10029
18318,0,0,0,138,575
18319,0,6,7,85,927
1832,145,1816,332,3399,1197
18320,0,6,7,76,10030
18321,0,6,7,76,2790
18322,0,6,7,4523,2791
18323,0,0,0,0,0
18324,109,1471,3640,2260,10031
18325,0,6,7,17,18
18326,0,2,2,10,15
18327,0,0,0,0,0
18328,2,636,2206,6887,6232
18329,110,1472,3641,2261,10032
1833,0,17,42,3400,1198
18330,0,0,0,0,576
18331,0,0,0,6888,6233
18332,0,0,0,0,0
18333,0,0,0,0,0
18334,0,0,0,0,0
18335,0,0,9,35,43
18336,0,2,2,10,26
18337,0,0,0,0,0
18338,0,0,0,38,45
18339,0,0,0,0,10033
1834,218,168,1443,5474,4194
18340,0,0,0,0,0
18341,178,2156,924,4524,2792
18342,0,0,0,0,0
18343,0,0,0,0,0
18344,0,0,0,0,0
18345,0,6,7,99,928
18346,0,0,0,0,0
18347,0,0,0,0,0
18348,0,0,0,0,498
18349,0,0,0,14,131
1835,0,45,234,3401,1199
18350,0,0,9,4525,2793
18351,0,0,0,0,0
18352,0,0,0,0,0
18353,0,0,0,0,0
18354,0,0,0,0,0
18355,0,0,0,0,0
18356,0,0,0,0,0
18357,0,0,0,0,0
18358,0,0,0,0,0
18359,0,0,0,0,0
1836,0,0,0,0,0
18360,0,0,0,6889,6234
18361,0,0,0,6890,6235
18362,0,0,0,4526,2794
18363,0,0,0,0,0
18364,0,0,0,0,0
18365,0,0,0,0,0
18366,0,0,0,0,498
18367,0,0,0,0,10034
18368,0,0,0,0,0
18369,0,0,0,0,0
1837,0,0,0,0,0
18370,0,0,0,0,0
18371,0,0,0,0,10035
18372,0,0,0,0,0
18373,0,0,0,0,0
18374,0,0,0,2262,10036
18375,0,0,0,0,0
18376,0,0,0,0,0
18377,0,0,0,0,0
18378,0,0,0,0,0
18379,0,0,0,0,0
1838,0,26,60,5475,4195
18380,0,0,0,0,0
18381,0,0,0,0,498
18382,0,0,0,6891,6236
18383,0,0,0,0,0
18384,0,0,0,0,10037
18385,262,637,2207,6892,6237
18386,0,0,0,0,10038
18387,0,0,0,0,10039
18388,0,0,0,0,0
18389,0,0,0,0,0
1839,0,0,0,0,0
18390,0,2,2,10,210
18391,0,0,0,0,0
18392,0,0,0,6893,6238
18393,0,0,0,2263,10040
18394,0,2157,925,4527,2795
18395,0,0,0,0,0
18396,0,638,2208,6894,6239
18397,0,7,13,6895,6240
18398,0,6,7,36,10041
18399,0,2,2,2264,10042
184,0,0,0,3,3
1840,0,0,0,0,0
18400,0,6,7,17,18
18401,0,0,0,0,0
18402,0,0,0,0,0
18403,0,0,0,0,0
18404,0,3,6,6896,6241
18405,0,1,1,4,10043
18406,0,3,8,4528,2796
18407,0,1,1,4,6
18408,0,1,1,4,6
18409,0,1,926,4529,2797
1841,11,32,66,145,223
18410,0,1,2209,6897,6242
18411,0,1,1,4,6
18412,0,1,2210,6898,6243
18413,0,2,2,18,16
18414,0,1,1,4,6
18415,0,3,6,2265,10044
18416,0,0,0,3,10045
18417,0,0,0,3,3
18418,0,1,2211,6899,6244
18419,0,0,0,6900,6245
1842,11,32,66,145,223
18420,0,0,0,2266,10046
18421,0,0,0,0,0
18422,0,0,0,0,136
18423,0,0,927,4530,2798
18424,0,0,0,0,99
18425,0,0,0,0,99
18426,0,0,0,0,99
18427,0,0,0,0,0
18428,179,2158,928,4531,2799
18429,0,0,0,0,0
1843,0,26,60,5476,4196
18430,0,6,7,85,370
18431,0,6,7,76,398
18432,0,6,7,85,499
18433,0,6,7,76,371
18434,0,0,0,0,0
18435,0,59,241,4532,2800
18436,0,0,0,0,0
18437,0,0,0,0,6246
18438,0,0,0,6901,6247
18439,0,0,0,0,0
1844,0,26,60,333,603
18440,0,0,0,0,0
18441,0,6,115,2267,10047
18442,0,0,0,0,6248
18443,0,2,2,10,6249
18444,0,0,0,238,372
18445,0,0,0,0,0
18446,0,0,0,0,0
18447,2,79,929,4533,2801
18448,0,0,0,0,217
18449,0,0,0,238,372
1845,0,0,0,0,0
18450,180,2159,930,4534,2802
18451,0,6,7,85,370
18452,0,6,7,76,398
18453,0,6,7,85,499
18454,0,6,7,76,371
18455,0,6,115,6902,6250
18456,0,0,0,0,99
18457,0,0,0,0,10048
18458,0,0,2212,6903,6251
18459,0,0,0,315,6252
1846,0,26,60,333,603
18460,0,0,0,0,0
18461,0,0,0,0,0
18462,0,0,0,0,0
18463,0,0,0,0,0
18464,0,0,0,0,0
18465,0,0,3642,2268,10049
18466,0,0,0,0,0
18467,0,0,0,2269,10050
18468,0,0,0,0,6253
18469,0,0,0,0,0
1847,0,2,125,5477,4197
18470,0,0,0,0,0
18471,0,59,931,4535,2803
18472,0,0,0,0,0
18473,0,0,0,6904,6254
18474,0,0,0,0,0
18475,0,0,932,4536,2804
18476,0,2,2,10,15
18477,0,0,0,0,2805
18478,0,0,0,0,0
18479,0,0,0,0,0
1848,0,0,0,0,4198
18480,0,0,3643,2270,10051
18481,0,0,0,0,0
18482,0,0,0,6905,6255
18483,0,0,0,2271,10052
18484,0,0,2213,6906,6256
18485,181,2160,933,4537,2806
18486,0,0,0,0,6257
18487,0,0,2214,6907,6258
18488,0,1473,3644,2272,10053
18489,0,0,0,0,0
1849,0,0,0,792,7975
18490,0,0,0,0,10054
18491,0,0,0,6908,6259
18492,0,0,0,0,0
18493,0,0,0,14,209
18494,0,0,2215,6909,6260
18495,0,0,0,0,0
18496,0,2,2,6910,6261
18497,0,0,0,14,246
18498,0,0,0,0,0
18499,0,2,2,10,140
185,0,0,0,3,3
1850,11,32,66,145,223
18500,0,0,0,0,98
18501,0,0,0,0,0
18502,0,0,3645,2273,10055
18503,0,0,0,0,2807
18504,0,0,0,0,0
18505,0,0,0,0,0
18506,0,0,0,0,98
18507,0,0,0,0,0
18508,0,0,2216,6911,6262
18509,0,0,0,14,10056
1851,11,32,66,145,223
18510,0,0,0,2,1
18511,0,0,0,1,2
18512,0,0,0,2,1
18513,0,5,2217,6912,6263
18514,0,0,0,6,7
18515,0,0,0,2,1
18516,0,0,0,6,7
18517,0,5,5,11,12
18518,0,5,5,11,10057
18519,0,5,5,6913,6264
1852,11,32,66,145,223
18520,0,1,1,6914,6265
18521,0,1,1,5,10058
18522,0,1,1,2274,10059
18523,182,2161,934,4538,2808
18524,0,1,1,4,51
18525,0,1,1,4,6266
18526,0,1,1,4,6267
18527,0,1,1,4,10060
18528,0,1,1,24,6268
18529,0,0,0,3,67
1853,0,0,0,0,0
18530,0,1,1,2275,10061
18531,0,1,1,62,10062
18532,0,1,1,24,2809
18533,0,1,1,4539,2810
18534,0,3,6,349,10063
18535,0,3,6,6915,6269
18536,0,0,0,3,41
18537,0,1,1,4,6
18538,0,1,1,4,6
18539,0,1,1,4,51
1854,0,0,0,0,0
18540,0,1,1,4,6
18541,0,1,1,6916,6270
18542,0,1,1,6917,6271
18543,0,1,1,4,96
18544,0,1,1,24,10064
18545,0,1,1,33,10065
18546,0,1,1,24,929
18547,0,1,1,33,75
18548,0,1,1,33,6272
18549,0,1,1,4540,2811
1855,0,0,2862,793,7976
18550,0,3,6,2276,10066
18551,0,1,1,4541,2812
18552,0,1,1,24,55
18553,0,3,6,349,10067
18554,0,3,6,6918,6273
18555,0,1,1,61,92
18556,0,1,1,61,6274
18557,0,1,1,33,2813
18558,0,0,0,2,1
18559,0,0,0,6,76
1856,0,0,0,0,0
18560,0,0,0,6,189
18561,0,0,0,6919,6275
18562,0,0,0,81,221
18563,0,2,2,18,10068
18564,0,1,1,4,6276
18565,0,1,1,4542,2814
18566,0,1,1,4,6
18567,0,2,2,18,16
18568,0,0,0,3,3
18569,0,1,1,4,6
1857,0,0,0,0,0
18570,0,1,1,4,6
18571,0,0,0,3,3
18572,0,2,2,18,16
18573,0,0,0,3,3
18574,0,0,0,3,10069
18575,0,0,0,3,3
18576,0,0,0,3,3
18577,0,3,935,4543,2815
18578,0,3,6,4544,2816
18579,0,3,6,6920,6277
1858,0,45,234,5478,4199
18580,0,1,1,6921,6278
18581,0,1,1,4,6
18582,0,0,2218,6922,6279
18583,0,1,1,2277,10070
18584,0,1,1,6923,6280
18585,0,1,1,2278,10071
18586,0,0,3646,2279,10072
18587,0,1,3647,2280,10073
18588,0,0,0,2,10074
18589,0,1,3648,2281,10075
1859,0,0,0,0,0
18590,0,1,1,347,2817
18591,0,1,1,5,10076
18592,0,1,1,347,2818
18593,0,1,1,4545,2819
18594,0,1,1,6924,6281
18595,0,1,1,6925,6282
18596,0,1,1,2282,10077
18597,0,1,1,2283,10078
18598,0,1,1,347,10079
18599,6,40,936,4546,2820
186,0,0,0,3,3
1860,0,0,0,0,0
18600,0,0,0,48,303
18601,0,1,1,5,6283
18602,0,0,0,4547,2821
18603,0,0,0,2284,10080
18604,0,1,1,6926,6284
18605,0,1,1,5,21
18606,0,0,0,2,10081
18607,0,0,0,16,24
18608,5,639,2219,6927,6285
18609,5,2162,937,4548,2822
1861,0,26,60,333,7977
18610,0,0,0,0,77
18611,0,0,0,0,77
18612,0,0,0,235,335
18613,0,0,116,216,500
18614,0,0,10,217,373
18615,0,9,15,348,436
18616,0,0,0,0,77
18617,0,2,2,243,415
18618,0,0,0,0,6286
18619,0,0,2220,6928,6287
1862,0,26,60,3402,1200
18620,0,0,938,4549,2823
18621,0,0,0,4550,2824
18622,0,0,2221,6929,6288
18623,0,0,0,6930,6289
18624,0,2163,939,4551,2825
18625,0,0,0,16,24
18626,0,0,0,0,77
18627,0,0,0,235,335
18628,183,2164,940,4552,2826
18629,0,0,0,0,77
1863,0,26,60,794,7978
18630,0,0,116,216,500
18631,0,0,10,217,373
18632,0,9,15,348,436
18633,0,0,0,0,77
18634,0,2,2,243,415
18635,0,0,0,0,77
18636,0,6,7,17,18
18637,0,0,0,0,0
18638,0,0,0,0,0
18639,0,0,0,0,0
1864,0,0,0,2,48
18640,0,0,0,0,0
18641,0,1,1,406,10082
18642,0,1,1,4,283
18643,0,1,1,4,2827
18644,0,0,0,3,3
18645,0,0,0,3,3
18646,0,0,0,3,3
18647,0,0,0,2285,10083
18648,0,0,0,3,3
18649,0,0,941,4553,2828
1865,0,1,1,20,4200
18650,0,640,2222,6931,6290
18651,0,0,0,3,3
18652,0,0,0,2286,10084
18653,0,0,0,3,3
18654,0,0,0,3,2829
18655,0,0,0,3,3
18656,0,0,0,3,3
18657,0,0,0,3,3
18658,0,0,0,3,3
18659,0,0,0,3,3
1866,0,1,1,5,434
18660,0,3,6,6932,6291
18661,0,3,6,4554,2830
18662,0,3,8,338,10085
18663,0,1,1,2287,10086
18664,0,1,203,2288,10087
18665,0,2,2,18,16
18666,0,0,0,3,3
18667,0,0,0,52,118
18668,0,0,0,52,254
18669,0,0,3649,2289,10088
1867,0,0,0,2,1
18670,0,3,6,6933,6292
18671,0,2,2,10,15
18672,0,0,0,0,0
18673,0,0,0,0,0
18674,0,0,0,0,0
18675,0,0,0,0,0
18676,0,6,7,17,18
18677,0,0,0,0,0
18678,0,0,0,0,0
18679,0,0,0,0,0
1868,0,169,1444,5479,4201
18680,0,0,3650,2290,10089
18681,0,0,0,0,10090
18682,0,0,0,0,0
18683,0,0,942,4555,2831
18684,0,0,0,0,6293
18685,0,0,0,0,0
18686,0,0,0,0,0
18687,0,0,0,0,0
18688,0,0,0,0,0
18689,0,0,0,0,0
1869,0,0,0,1,2
18690,0,0,0,2291,10091
18691,0,0,0,0,0
18692,0,0,0,0,0
18693,0,0,0,14,209
18694,0,0,0,14,209
18695,0,0,0,0,0
18696,0,0,0,0,0
18697,0,0,0,0,0
18698,0,0,0,0,0
18699,0,0,0,0,0
187,0,3,6,5344,3996
1870,0,4,4,8,4202
18700,0,0,0,0,0
18701,0,2,2,10,140
18702,0,0,0,14,246
18703,0,0,0,0,98
18704,0,2,2,18,16
18705,0,1,1,4,2832
18706,0,0,0,3,3
18707,0,0,0,3,3
18708,0,0,0,3,2833
18709,0,0,0,3,3
1871,0,3,1445,5480,4203
18710,0,0,0,3,3
18711,0,1,1,4,6
18712,0,1,1,4,6
18713,0,1,1,4,10092
18714,0,1,1,6934,6294
18715,0,3,8,244,6295
18716,0,3,6,245,10093
18717,0,1,1,4,6296
18718,0,0,943,4556,2834
18719,2,80,944,4557,2835
1872,0,3,6,3403,1201
18720,0,0,0,2292,10094
18721,2,80,945,4558,2836
18722,0,0,0,4559,2837
18723,0,0,0,0,6297
18724,0,6,7,17,18
18725,0,6,7,17,18
18726,0,2,946,4560,2838
18727,0,2,2,18,10095
18728,0,1,1,4,6
18729,0,1,1,4,6
1873,0,1,1,5481,4204
18730,0,3,6,2293,10096
18731,0,3,6,26,6298
18732,0,0,0,3,3
18733,0,0,0,3,3
18734,0,0,0,3,3
18735,0,3,8,2294,10097
18736,0,1,1,4,6
18737,0,2,2,18,16
18738,0,3,947,4561,2839
18739,0,3,6,2295,10098
1874,0,1,1,4,489
18740,0,1,1,4,10099
18741,0,3,6,26,6299
18742,0,0,0,3,41
18743,0,0,0,0,0
18744,0,0,0,0,0
18745,0,0,0,0,0
18746,0,0,0,14,32
18747,0,0,0,2296,10100
18748,0,0,0,0,10101
18749,0,0,0,0,0
1875,0,0,0,2,36
18750,0,0,0,0,0
18751,0,6,948,4562,2840
18752,0,2,2,2297,10102
18753,0,6,7,2298,10103
18754,0,6,7,6935,6300
18755,0,6,204,460,6301
18756,0,6,204,460,10104
18757,13,70,258,4563,2841
18758,0,0,0,0,0
18759,0,0,0,0,0
1876,0,0,0,1,4
18760,0,0,0,0,6302
18761,0,0,0,0,0
18762,0,0,949,4564,2842
18763,0,0,0,0,0
18764,0,0,0,0,0
18765,0,0,0,0,0
18766,0,0,0,0,0
18767,0,0,0,0,0
18768,0,0,0,0,0
18769,0,0,0,4565,2843
1877,0,0,0,1,2
18770,0,0,0,0,0
18771,0,6,7,17,6303
18772,0,6,7,17,18
18773,0,2,2,10,15
18774,0,0,0,6936,6304
18775,0,2,2,10,348
18776,0,0,0,6937,6305
18777,0,0,0,14,32
18778,0,0,0,0,0
18779,0,0,9,297,6306
1878,0,0,0,1,4
18780,0,0,2223,6938,6307
18781,0,0,0,0,2844
18782,0,3,6,2299,10105
18783,0,3,2224,6939,6308
18784,0,3,6,2300,10106
18785,0,3,6,2301,10107
18786,0,2,2,18,692
18787,0,1,1,4,501
18788,0,1,1,4,2845
18789,0,1,1,4,501
1879,0,2,2,18,16
18790,0,1,1,4566,2846
18791,0,1,1,4,10108
18792,0,1,1,4,6
18793,0,0,0,3,736
18794,0,3,3651,2302,10109
18795,0,0,0,3,41
18796,0,1,1,4,109
18797,0,1,1,4,109
18798,0,1,1,4,10110
18799,0,1,1,4,6309
188,0,0,0,6,7
1880,0,3,6,164,7979
18800,0,0,0,3,41
18801,0,1,1,4,135
18802,0,1,1,4,6310
18803,0,1,1,4,6
18804,0,1,1,4,6
18805,0,2,2,18,16
18806,0,1,1,4,6
18807,0,1,1,4,6
18808,0,1,1,4,6
18809,0,3,6,6940,6311
1881,0,0,0,14,323
18810,0,3,6,6941,6312
18811,0,3,6,6942,6313
18812,0,3,6,6943,6314
18813,0,0,0,3,3
18814,0,3,8,6944,6315
18815,0,3,8,4567,2847
18816,0,0,0,2303,10111
18817,0,0,0,3,3
18818,0,0,0,3,3
18819,0,0,0,3,3
1882,0,0,0,0,0
18820,0,1,1,4,6
18821,0,0,0,3,3
18822,0,1,1,4,6
18823,0,0,0,3,3
18824,0,1,1,4,6
18825,0,0,0,0,2848
18826,0,0,0,0,37
18827,0,0,0,0,73
18828,0,0,0,0,0
18829,0,0,0,0,0
1883,0,0,0,0,0
18830,0,0,0,0,0
18831,0,0,0,13,10
18832,0,0,0,13,10
18833,0,0,9,56,119
18834,0,2,2,10,26
18835,0,0,0,0,6316
18836,0,0,0,0,0
18837,0,0,0,0,37
18838,0,0,0,0,0
18839,0,0,0,0,0
1884,0,0,228,515,811
18840,0,0,0,0,0
18841,0,0,2225,6945,6317
18842,0,0,0,0,0
18843,0,0,0,2304,10112
18844,0,0,0,2305,10113
18845,0,641,2226,6946,6318
18846,0,0,950,4568,2849
18847,0,0,0,0,37
18848,0,2,2,10,10114
18849,0,0,0,0,0
1885,0,0,0,0,0
18850,0,1474,3652,2306,10115
18851,0,0,0,6947,6319
18852,0,0,3653,2307,10116
18853,0,0,951,4569,2850
18854,0,0,0,0,0
18855,0,0,205,2308,10117
18856,0,0,0,4570,2851
18857,0,0,952,4571,2852
18858,0,0,0,0,0
18859,263,642,2227,6948,6320
1886,0,1,1,20,19
18860,0,0,0,0,0
18861,0,0,0,0,0
18862,0,0,0,13,10
18863,0,0,0,0,6321
18864,0,2,2,10,26
18865,0,0,0,2309,10118
18866,0,0,0,0,6322
18867,0,0,0,13,10
18868,0,0,0,0,73
18869,0,0,0,13,10
1887,0,0,0,5482,4205
18870,0,0,0,14,22
18871,0,0,0,622,10119
18872,0,0,0,0,37
18873,0,0,0,14,22
18874,0,0,205,6949,6323
18875,0,0,0,0,0
18876,0,0,0,0,0
18877,0,0,0,0,2853
18878,0,0,0,0,10120
18879,0,0,0,0,0
1888,0,0,0,1,2
18880,0,0,0,0,2854
18881,0,0,0,0,37
18882,0,0,0,0,0
18883,0,0,0,0,37
18884,0,0,0,0,2855
18885,0,0,2228,6950,6324
18886,0,0,2229,6951,6325
18887,0,0,3654,2310,10121
18888,0,0,0,0,0
18889,0,1,1,4,6326
1889,0,0,0,5483,4206
18890,0,3,8,6952,6327
18891,0,1,1,4,931
18892,0,1,1,4,6
18893,0,1,1,4,6
18894,0,1,1,4,2856
18895,0,0,0,3,3
18896,0,0,0,3,10122
18897,0,1,1,4,930
18898,0,1,1,4,6
18899,0,1,1,4572,2857
189,0,0,0,2,1
1890,0,0,0,1,4
18900,0,1,1,4573,2858
18901,0,1,1,4,6
18902,0,3,2230,6953,6328
18903,0,1,1,4,6
18904,0,1,1,4,6
18905,0,1,1,4,930
18906,0,1,1,4,6
18907,0,1,1,4,6
18908,0,1,1,4,10123
18909,0,1,1,4,6
1891,0,0,3,7,5
18910,0,0,0,3,3
18911,0,0,0,3,3
18912,0,0,0,3,3
18913,0,0,0,3,41
18914,0,3,8,6954,6329
18915,0,3,6,2311,10124
18916,0,1,1,4,6
18917,0,1,1,6955,6330
18918,0,1,953,4574,2859
18919,0,1,1,2312,10125
1892,0,0,0,1,2
18920,0,1,1,4,2860
18921,0,3,6,4575,2861
18922,0,0,0,3,10126
18923,0,1475,3655,2313,10127
18924,0,1,1,4,931
18925,0,1,954,4576,2862
18926,0,0,0,3,41
18927,0,2,2,18,16
18928,0,2165,955,4577,2863
18929,0,0,0,1,2
1893,0,0,0,1,2
18930,0,0,0,1,4
18931,0,2166,956,4578,2864
18932,0,0,0,1,2
18933,0,0,0,1,2
18934,0,0,0,1,4
18935,0,0,0,1,2
18936,0,0,0,1,2
18937,0,1476,3656,2314,10128
18938,0,0,0,1,2
18939,0,0,0,1,2
1894,0,1,1,15,25
18940,0,4,4,8,10129
18941,0,2167,957,4579,2865
18942,0,0,0,1,2
18943,0,0,0,2,1
18944,0,1,1,4580,2866
18945,1,643,2231,6956,6331
18946,0,0,0,1,2
18947,0,2168,958,4581,2867
18948,0,644,2232,6957,6332
18949,0,0,0,2,1
1895,0,0,0,1,4
18950,0,0,0,1,4
18951,0,0,0,9,23
18952,0,0,0,1,2
18953,0,0,0,1,4
18954,0,2169,959,4582,2868
18955,0,0,0,1,2
18956,0,1,1,5,13
18957,0,0,0,1,4
18958,0,0,0,1,4
18959,0,0,0,1,4
1896,0,170,1446,5484,4207
18960,0,1477,3657,2315,10130
18961,0,0,0,1,2
18962,0,4,4,8,20
18963,0,1,1,446,916
18964,0,0,0,1,4
18965,0,0,3,7,5
18966,0,0,0,1,4
18967,0,0,0,1,4
18968,0,0,0,2,1
18969,0,0,0,1,6333
1897,0,1,1,19,163
18970,0,4,4,6958,6334
18971,0,0,0,2,1
18972,0,0,0,9,11
18973,0,0,0,9,707
18974,0,0,3,7,5
18975,0,1,1,2316,10131
18976,0,645,2233,6959,6335
18977,0,0,0,1,2
18978,0,1478,3658,2317,10132
18979,0,0,0,1,2
1898,10,27,51,119,191
18980,0,1,1,19,46
18981,0,0,0,1,4
18982,0,0,0,1,2
18983,0,4,4,8,2869
18984,0,0,0,2,1
18985,0,1,1,84,2870
18986,0,0,0,2,1
18987,0,1,1,15,95
18988,0,4,4,8,176
18989,0,1,1,5,13
1899,0,1032,2863,795,7980
18990,0,0,0,3,3
18991,0,0,0,3,3
18992,0,2,2,18,16
18993,0,646,2234,6960,6336
18994,0,0,0,1,6337
18995,0,1,1,39,589
18996,0,0,0,114,177
18997,0,4,4,8,304
18998,0,1,1,15,58
18999,0,0,0,2,1
19,5,986,2775,634,7749
190,0,0,0,6,7
1900,0,0,0,1,2
19000,0,4,4,2318,10133
19001,0,1,1,15,95
19002,0,0,0,2,1
19003,0,4,4,6961,6338
19004,0,1,1,316,6339
19005,0,1,1,39,593
19006,0,0,0,114,177
19007,0,4,4,8,6340
19008,0,0,0,2,1
19009,0,1,1,15,58
1901,0,0,0,9,11
19010,0,0,0,0,0
19011,0,0,0,0,0
19012,0,0,0,1,2
19013,0,4,4,8,20
19014,0,0,0,1,4
19015,0,1479,3659,2319,10134
19016,111,1480,3660,2320,10135
19017,0,0,0,1,10136
19018,0,0,960,4583,2871
19019,0,0,0,2,1
1902,0,0,0,2,1
19020,0,1,1,111,571
19021,0,1,1,111,245
19022,0,2170,961,4584,2872
19023,0,0,0,1,2
19024,0,0,0,2,1
19025,0,1,1,102,179
19026,0,0,0,1,737
19027,0,4,4,8,178
19028,0,4,4,2321,10137
19029,0,4,4,312,2873
1903,0,1817,333,3404,1202
19030,0,1,1,113,248
19031,0,0,0,2,1
19032,0,1,1,102,179
19033,0,4,4,8,178
19034,0,1,1,113,6341
19035,0,0,0,2,1
19036,0,0,0,1,2
19037,0,0,0,2,1
19038,0,0,0,2,247
19039,0,1,1,102,179
1904,0,0,0,1,4
19040,0,0,2235,6962,6342
19041,0,1,1,102,2874
19042,0,0,0,2,247
19043,0,0,0,2,2875
19044,0,0,0,1,4
19045,0,0,0,2,1
19046,0,0,0,2,1
19047,0,1,1,111,245
19048,0,0,0,2,247
19049,0,647,2236,6963,6343
1905,0,1033,2864,796,7981
19050,0,4,4,312,6344
19051,0,1,1,113,248
19052,0,648,2237,6964,6345
19053,0,0,0,1,2
19054,264,649,2238,6965,6346
19055,0,0,0,1,737
19056,0,4,4,8,2876
19057,0,1,1,6966,6347
19058,0,0,0,2,1
19059,0,0,0,2,932
1906,0,171,1447,5485,4208
19060,0,1,1,113,10138
19061,0,4,4,4585,2877
19062,0,4,4,8,178
19063,0,0,0,1,2
19064,0,5,5,11,12
19065,0,0,0,6,7
19066,0,650,2239,6967,6348
19067,0,0,0,1,2
19068,0,0,0,1,2
19069,0,0,0,6,2878
1907,0,1034,2865,797,7982
19070,0,4,4,32,10139
19071,0,1,1,5,6349
19072,0,2171,962,4586,2879
19073,0,0,0,1,2
19074,0,0,0,6,7
19075,112,1481,3661,2322,10140
19076,0,5,5,11,2880
19077,0,5,5,11,12
19078,0,0,0,27,35
19079,0,0,0,27,2881
1908,0,0,0,1,2
19080,0,0,0,1,2
19081,0,0,0,2323,10141
19082,0,0,0,71,116
19083,0,0,0,6,7
19084,0,0,0,6,7
19085,0,0,0,6,7
19086,0,0,0,6,7
19087,0,0,0,6,7
19088,0,0,0,6,7
19089,0,0,0,2,1
1909,0,0,0,1,2
19090,0,0,0,6,7
19091,0,1,1,5,2882
19092,0,0,0,6,7
19093,0,0,0,6,7
19094,0,0,0,6,7
19095,0,0,0,2,1
19096,0,0,0,1,2
19097,0,0,0,6,17
19098,0,0,0,2,1
19099,0,4,4,32,2883
191,0,0,0,2,1
1910,0,0,0,0,0
19100,0,0,0,6,17
19101,0,1,1,5,10142
19102,0,1,1,5,8
19103,0,0,0,6,7
19104,0,0,0,6,14
19105,0,0,0,2324,10143
19106,0,0,0,6,7
19107,0,0,0,6,7
19108,0,0,0,6,14
19109,0,0,0,2,1
1911,0,0,0,0,0
19110,0,1,1,5,8
19111,0,0,40,87,123
19112,0,0,0,6,6350
19113,0,1,1,5,21
19114,0,1,1,5,8
19115,0,1,1,2325,10144
19116,0,0,0,2,1
19117,0,0,0,2,48
19118,0,5,5,11,12
19119,0,0,0,4587,2884
1912,0,0,0,0,0
19120,0,0,0,6,10145
19121,0,0,0,2,1
19122,0,1,1,5,8
19123,0,0,0,6,17
19124,0,0,0,6,14
19125,0,2,2,10,15
19126,0,0,0,0,0
19127,0,0,963,4588,2885
19128,0,0,0,2326,10146
19129,0,0,0,0,0
1913,0,0,0,0,0
19130,0,0,2240,6968,6351
19131,0,0,0,0,0
19132,0,0,0,0,0
19133,0,0,0,0,0
19134,0,0,0,0,0
19135,0,0,0,0,0
19136,2,2172,964,4589,2886
19137,0,0,0,3,3
19138,0,0,0,3,3
19139,0,651,2241,6969,6352
1914,0,0,0,0,0
19140,0,1,1,4,6353
19141,0,0,0,3,2887
19142,0,0,0,4590,2888
19143,0,0,0,3,3
19144,0,0,0,3,3
19145,0,0,0,3,3
19146,0,1,3662,2327,10147
19147,0,0,0,3,6354
19148,0,0,0,2328,10148
19149,0,2173,965,4591,2889
1915,0,0,0,0,0
19150,0,0,3663,2329,10149
19151,0,1,1,4592,2890
19152,0,3,3664,2330,10150
19153,0,1,1,6970,6355
19154,0,2,2,10,15
19155,0,0,0,0,0
19156,0,0,0,0,0
19157,0,0,0,0,0
19158,0,0,0,0,0
19159,0,6,7,6971,6356
1916,0,0,0,0,0
19160,0,0,3665,2331,10151
19161,0,0,0,0,0
19162,0,0,0,6972,6357
19163,0,0,0,0,576
19164,0,0,0,0,0
19165,0,0,0,0,576
19166,0,2174,966,4593,2891
19167,0,1,1,5,381
19168,0,0,0,2,1
19169,0,1,1,21,60
1917,0,0,0,0,0
19170,0,2175,967,4594,2892
19171,0,4,4,8,20
19172,0,0,0,2,1
19173,0,0,0,1,4
19174,0,652,2242,6973,6358
19175,0,0,0,1,2
19176,0,1482,3666,2332,10152
19177,0,0,0,1,2
19178,0,1,1,19,81
19179,0,0,0,2,1
1918,0,0,1448,5486,4209
19180,0,2176,968,4595,2893
19181,0,0,0,1,2
19182,0,4,4,8,172
19183,0,1,1,5,13
19184,0,0,0,1,4
19185,265,653,2243,6974,6359
19186,0,0,0,1,2
19187,0,0,0,1,4
19188,0,0,3,7,5
19189,0,1,1,5,738
1919,0,0,0,0,0
19190,0,4,4,8,20
19191,1,1483,3667,2333,10153
19192,0,0,0,1,2
19193,0,0,0,1,4
19194,0,0,0,1,4
19195,0,0,0,1,4
19196,0,10,12,2334,10154
19197,0,0,0,0,0
19198,0,0,0,0,0
19199,0,0,0,0,0
192,0,1,1,5,3997
1920,0,172,1449,5487,4210
19200,0,0,0,0,0
19201,0,0,0,0,10155
19202,0,0,0,0,0
19203,0,0,0,0,0
19204,0,50,969,4596,2894
19205,0,6,7,2335,10156
19206,0,6,7,99,201
19207,0,6,7,99,201
19208,0,0,0,529,739
19209,0,2,2,10,210
1921,0,0,0,0,0
19210,0,0,0,0,0
19211,0,0,0,0,0
19212,0,0,0,0,0
19213,0,0,0,2,514
19214,0,1484,3668,2336,10157
19215,0,0,970,4597,2895
19216,0,0,0,0,0
19217,266,654,2244,6975,6360
19218,0,0,0,0,0
19219,0,0,0,0,0
1922,0,0,0,0,0
19220,0,6,7,99,201
19221,0,0,0,0,0
19222,0,0,0,14,2896
19223,0,0,0,0,0
19224,0,0,0,0,0
19225,0,0,0,0,0
19226,0,0,0,14,131
19227,0,0,0,14,10158
19228,0,0,0,0,0
19229,0,0,0,0,0
1923,0,0,0,0,0
19230,0,0,0,0,0
19231,0,2,2,10,210
19232,0,0,3669,2337,10159
19233,0,0,0,0,0
19234,0,0,3670,2338,10160
19235,0,0,0,0,0
19236,0,0,0,0,0
19237,0,0,0,0,0
19238,0,0,0,0,0
19239,0,1485,3671,2339,10161
1924,0,0,0,0,0
19240,0,0,0,0,0
19241,0,0,0,0,0
19242,0,0,0,0,0
19243,0,50,3672,2340,10162
19244,0,5,5,11,127
19245,0,0,0,2341,10163
19246,0,0,0,0,0
19247,0,0,0,2,80
19248,0,0,0,2,1
19249,0,0,3,70,105
1925,0,0,0,0,0
19250,0,0,0,0,0
19251,0,0,0,0,0
19252,0,6,7,2342,10164
19253,0,0,0,0,0
19254,0,0,0,0,0
19255,0,0,0,0,0
19256,0,0,0,0,0
19257,0,0,0,0,0
19258,0,0,0,0,310
19259,0,0,0,0,0
1926,0,0,0,0,0
19260,0,0,0,14,32
19261,0,0,0,0,0
19262,0,0,0,0,0
19263,0,0,0,0,0
19264,0,0,0,0,0
19265,0,0,0,0,0
19266,0,2,2,10,15
19267,0,0,0,0,0
19268,0,0,0,0,0
19269,0,0,0,6976,6361
1927,0,0,1450,5488,4211
19270,0,1,1,4,293
19271,0,1,1,4,293
19272,0,1,1,4,6362
19273,0,1,1,6977,6363
19274,0,1,1,2343,10165
19275,0,0,0,0,0
19276,0,0,0,0,0
19277,0,0,0,0,0
19278,0,0,0,3,3
19279,0,0,0,0,502
1928,0,0,0,0,0
19280,0,0,0,3,3
19281,0,0,0,0,0
19282,0,1,971,4598,2897
19283,0,0,0,0,0
19284,0,0,0,0,0
19285,0,0,0,0,0
19286,0,0,0,0,0
19287,0,0,0,0,0
19288,0,0,0,0,0
19289,0,0,0,0,0
1929,0,0,0,0,0
19290,0,3,6,6978,6364
19291,0,3,6,2344,10166
19292,0,0,0,13,10
19293,0,0,0,0,0
19294,0,0,0,0,0
19295,0,0,0,14,22
19296,0,0,0,6979,6365
19297,0,1,1,4,33
19298,0,2,2,18,16
19299,0,0,0,0,0
193,0,0,0,6,7
1930,0,0,0,0,0
19300,0,3,2245,6980,6366
19301,0,3,3673,2345,10167
19302,0,2,972,4599,2898
19303,0,1,973,4600,2899
19304,0,1,206,2346,10168
19305,0,1,206,4601,2900
19306,2,2177,974,4602,2901
19307,0,2178,975,4603,2902
19308,0,6,7,2347,10169
19309,0,0,0,249,2903
1931,6,1035,2866,798,7983
19310,0,6,7,4604,2904
19311,0,0,2246,6981,6367
19312,0,2,3674,2348,10170
19313,0,0,0,13,10
19314,0,0,0,13,10
19315,0,0,0,13,10
19316,0,0,3675,2349,10171
19317,0,655,2247,6982,6368
19318,0,0,0,0,0
19319,0,0,0,0,0
1932,0,1,1,5,21
19320,0,0,9,56,740
19321,0,0,0,14,750
19322,0,0,0,0,0
19323,0,0,0,0,0
19324,0,0,0,0,0
19325,0,0,0,0,0
19326,0,2,2,10,26
19327,0,0,0,14,749
19328,0,0,0,0,0
19329,0,0,0,0,0
1933,0,0,0,48,303
19330,0,0,0,0,0
19331,0,0,0,0,0
19332,0,0,0,0,0
19333,0,0,0,0,0
19334,0,0,0,0,0
19335,0,2,2,18,16
19336,0,1,1,4,6
19337,0,1,1,4,6
19338,0,2,2,18,16
19339,0,3,6,4605,2905
1934,0,0,0,249,7984
19340,0,3,6,6983,6369
19341,0,0,0,3,3
19342,0,0,0,3,3
19343,0,0,0,3,3
19344,0,0,0,3,3
19345,0,0,0,3,3
19346,0,0,0,3,3
19347,0,0,0,3,3
19348,0,0,27,108,741
19349,0,0,0,0,0
1935,0,14,32,250,1203
19350,0,0,0,0,0
19351,0,0,3676,2350,10172
19352,0,1,1,4606,2906
19353,0,1,1,4,6
19354,0,0,0,3,742
19355,0,1,1,4,6370
19356,0,3,6,2351,10173
19357,0,3,976,4607,2907
19358,0,1,2248,6984,6371
19359,0,0,2249,6985,6372
1936,0,6,7,101,7985
19360,0,0,0,3,3
19361,0,0,0,4608,2908
19362,0,0,0,3,10174
19363,0,0,0,3,3
19364,0,0,0,4609,2909
19365,0,0,2250,6986,6373
19366,0,0,0,2352,10175
19367,0,0,2251,6987,6374
19368,0,0,0,2353,10176
19369,0,0,0,6988,6375
1937,0,1,1,5,594
19370,0,0,2252,6989,6376
19371,0,2,2,10,26
19372,0,0,0,13,10
19373,0,0,0,0,0
19374,0,0,0,38,45
19375,0,14,243,6990,6377
19376,0,1486,3677,2354,10177
19377,0,14,243,4610,2910
19378,0,2,3678,2355,10178
19379,0,14,3679,2356,10179
1938,0,14,32,250,7986
19380,0,0,40,87,123
19381,0,0,0,2,646
19382,0,0,0,1,4
19383,0,0,0,6991,6378
19384,0,0,0,1,2
19385,0,0,0,1,2
19386,0,2179,977,4611,2911
19387,0,1487,3680,2357,10180
19388,0,0,0,1,2
19389,0,656,2253,6992,6379
1939,0,1,1,5,604
19390,0,0,0,6993,6380
19391,0,0,0,2,1
19392,0,0,0,2,1
19393,0,0,3,70,105
19394,0,0,0,2,1
19395,0,0,0,2,1
19396,0,0,0,2,80
19397,0,0,0,2,80
19398,0,0,0,6,14
19399,0,0,0,2,1
194,0,0,0,6,7
1940,0,0,0,2,514
19400,0,0,0,2,1
19401,0,5,5,11,127
19402,0,0,3,70,105
19403,0,0,168,560,2912
19404,0,3,6,2358,10181
19405,0,2,2,18,16
19406,0,3,8,2359,10182
19407,0,0,0,3,3
19408,0,0,0,3,3
19409,0,1,1,4,2913
1941,0,0,0,1,4
19410,0,1,1,4,6381
19411,0,3,6,6994,6382
19412,0,1,1,21,60
19413,0,0,3,7,5
19414,0,1,1,5,6383
19415,0,0,0,9,11
19416,0,0,3,7,5
19417,0,0,0,9,23
19418,0,0,3,7,5
19419,0,1,1,20,19
1942,0,0,3,7,5
19420,0,4,4,8,172
19421,0,657,2254,6995,6384
19422,0,0,0,1,2
19423,0,1,1,19,81
19424,0,0,0,2,1
19425,0,0,0,6996,6385
19426,0,4,4,8,20
19427,0,0,0,1,2
19428,0,0,0,2,1
19429,0,1,1,322,1011
1943,0,0,0,3405,1204
19430,0,0,0,2,1
19431,0,0,0,1,4
19432,0,0,0,0,0
19433,0,0,0,0,0
19434,0,0,0,0,0
19435,0,0,3681,2360,10183
19436,0,0,0,0,0
19437,0,2,2,10,15
19438,0,2,2,10,15
19439,0,2,2,10,15
1944,0,1036,2867,799,7987
19440,0,0,0,0,0
19441,0,0,0,0,0
19442,0,0,0,0,0
19443,0,0,0,0,0
19444,0,0,0,0,0
19445,0,6,7,17,18
19446,0,0,0,0,0
19447,0,0,0,0,0
19448,0,0,0,0,0
19449,0,0,0,0,0
1945,0,0,0,1,2
19450,0,0,0,0,0
19451,0,6,7,17,18
19452,0,0,0,0,0
19453,0,0,0,0,0
19454,0,0,0,0,0
19455,2,658,2255,6997,6386
19456,2,1488,3682,2361,10184
19457,2,120,2256,6998,6387
19458,2,1489,3683,2362,10185
19459,0,6,7,2363,10186
1946,0,0,0,1,4
19460,0,0,3684,2364,10187
19461,0,0,0,0,0
19462,0,2,2,10,10188
19463,0,2,2,10,10189
19464,0,0,0,0,0
19465,0,0,0,2,1
19466,0,0,0,1,4
19467,0,1,1,20,19
19468,0,0,0,2,1
19469,0,0,3,7,5
1947,0,4,4,8,139
19470,0,1,1,20,10190
19471,0,0,0,1,6388
19472,0,659,2257,6999,6389
19473,0,0,0,1,2
19474,0,0,0,2365,10191
19475,0,1,1,5,29
19476,0,0,0,9,23
19477,0,0,0,2,1
19478,0,1,1,31,6390
19479,0,4,4,8,10192
1948,0,1,1,5,59
19480,0,1,1,31,695
19481,0,4,4,8,40
19482,0,0,0,2,1
19483,0,0,0,2,1
19484,267,660,2258,7000,6391
19485,0,661,2259,7001,6392
19486,0,0,0,9,481
19487,0,0,0,0,0
19488,0,0,0,0,0
19489,0,0,0,0,2914
1949,0,1,35,146,4212
19490,0,0,0,0,0
19491,0,0,0,0,654
19492,0,6,7,17,2915
19493,0,0,0,4612,2916
19494,0,0,0,0,0
19495,0,0,28,90,6393
19496,0,0,3685,2366,10193
19497,0,0,0,2,1
19498,0,0,0,2,1
19499,0,1,1,15,97
195,0,0,0,6,14
1950,1,1037,2868,800,7988
19500,0,1,3686,2367,10194
19501,0,0,0,2,1
19502,1,2180,978,4613,2917
19503,0,1490,3687,2368,10195
19504,0,0,0,1,2
19505,0,1,1,5,6394
19506,0,4,4,7002,6395
19507,0,4,4,2369,10196
19508,0,0,0,1,2
19509,0,0,0,0,0
1951,0,22,1451,5489,4213
19510,0,1,1,4,6
19511,0,0,0,3,3
19512,0,1,1,4,743
19513,0,0,0,3,3
19514,0,1,1,4,6
19515,0,1,1,4614,2918
19516,0,1,1,4,6
19517,0,0,0,3,3
19518,0,0,0,3,3
19519,0,1,1,4,10197
1952,0,0,0,1,2
19520,0,3,6,7003,6396
19521,0,1,1,4,6
19522,0,0,0,3,2919
19523,0,0,0,3,3
19524,0,0,0,4615,2920
19525,0,1,1,4,6
19526,0,0,0,3,3
19527,0,3,6,7004,6397
19528,0,3,6,26,10198
19529,0,1,1,4,10199
1953,0,0,3,7,5
19530,0,1,1,2370,10200
19531,0,3,6,4616,2921
19532,0,0,0,3,3
19533,0,3,8,309,6398
19534,0,2,2,18,16
19535,0,1,1,4,6
19536,0,0,0,3,3
19537,0,0,3688,2371,10201
19538,0,0,2260,7005,6399
19539,0,3,6,7006,6400
1954,0,0,0,1,2
19540,0,0,0,3,3
19541,0,0,979,4617,2922
19542,0,0,0,3,6401
19543,0,0,0,2372,10202
19544,0,0,0,3,3
19545,0,0,0,3,10203
19546,0,662,2261,7007,6402
19547,0,1,1,4,6403
19548,0,0,0,3,3
19549,0,0,3689,2373,10204
1955,0,0,3,7,5
19550,0,1,1,4,6
19551,0,0,0,2374,10205
19552,0,0,0,3,6404
19553,0,0,0,3,3
19554,0,3,6,124,2923
19555,0,3,6,7008,6405
19556,0,1,1,4,51
19557,0,1,1,4,10206
19558,0,1,1,4,10207
19559,0,1,1,4,6
1956,4,1818,334,3406,1205
19560,0,1,1,4,587
19561,0,1,1,33,2924
19562,0,1,1,4,51
19563,0,1,1,4,587
19564,0,3,6,2375,10208
19565,0,1,1,7009,6406
19566,0,3,6,349,2925
19567,0,1,1,24,55
19568,0,3,6,4618,2926
19569,0,3,6,7010,6407
1957,0,0,0,1,4
19570,0,1,1,24,55
19571,0,1,1,159,933
19572,0,1,1,4619,2927
19573,0,1,1,7011,6408
19574,0,1,1,159,933
19575,0,1,1,62,10209
19576,0,1,1,7012,6409
19577,0,1,1,61,92
19578,0,1,1,61,92
19579,0,0,0,3,67
1958,0,1,1,15,907
19580,0,1,1,24,243
19581,0,3,6,2376,10210
19582,0,0,0,0,0
19583,0,0,0,561,745
19584,0,0,980,4620,2928
19585,0,2,3690,2377,10211
19586,0,0,0,73,6410
19587,0,0,0,2378,10212
19588,0,0,0,2379,10213
19589,0,58,981,4621,2929
1959,0,0,0,1,2
19590,0,2181,982,4622,2930
19591,0,0,0,279,934
19592,0,0,244,461,6411
19593,0,0,0,0,549
19594,0,0,0,0,146
19595,0,663,2262,7013,6412
19596,0,0,3691,2380,10214
19597,0,0,0,0,146
19598,0,0,0,0,146
19599,0,664,2263,7014,6413
196,0,0,0,2,1
1960,0,0,0,1,4
19600,0,0,3692,2381,10215
19601,0,0,0,0,146
19602,0,0,0,0,0
19603,0,0,0,0,0
19604,2,81,983,4623,2931
19605,0,0,0,0,0
19606,0,6,7,17,744
19607,0,0,0,0,0
19608,0,0,0,0,0
19609,0,0,0,0,0
1961,0,173,1452,5490,4214
19610,0,58,2264,7015,6414
19611,0,665,2265,7016,6415
19612,0,0,0,279,934
19613,0,0,244,461,6416
19614,0,2182,984,4624,2932
19615,0,0,0,0,10216
19616,0,0,0,0,0
19617,0,0,0,0,0
19618,0,0,0,0,0
19619,2,1491,3693,2382,10217
1962,0,0,0,1,2
19620,0,0,0,2383,10218
19621,0,0,0,7017,6417
19622,0,0,0,0,0
19623,2,666,2266,7018,6418
19624,2,1492,3694,2384,10219
19625,0,667,2267,7019,6419
19626,0,0,0,561,745
19627,0,0,0,2385,10220
19628,0,0,3695,2386,10221
19629,0,0,985,4625,2933
1963,0,2,222,5491,4215
19630,0,0,0,0,0
19631,0,0,0,0,925
19632,0,0,3696,2387,10222
19633,0,0,986,4626,2934
19634,0,1493,3697,2388,10223
19635,0,1494,3698,2389,10224
19636,0,0,2268,7020,6420
19637,0,0,987,4627,2935
19638,0,0,3699,2390,10225
19639,0,1495,3700,2391,10226
1964,0,174,1453,5492,4216
19640,0,0,0,0,10227
19641,0,0,3701,2392,10228
19642,0,0,0,0,0
19643,0,0,0,13,10
19644,0,3,6,7021,6421
19645,0,3,2269,7022,6422
19646,0,2,2,18,16
19647,0,1,1,4,6
19648,0,2,2,10,15
19649,0,0,0,0,0
1965,0,175,1454,5493,4217
19650,2,2183,988,4628,2936
19651,2,1496,3702,2393,10229
19652,0,0,0,0,0
19653,0,0,0,0,0
19654,0,0,0,0,0
19655,0,0,0,0,0
19656,0,0,0,0,0
19657,0,0,0,13,10
19658,0,0,9,2394,10230
19659,0,6,7,17,18
1966,0,176,1455,5494,4218
19660,0,0,0,0,0
19661,0,0,0,14,32
19662,0,0,0,0,0
19663,0,0,0,4629,2937
19664,0,0,0,0,746
19665,0,0,0,0,0
19666,0,2184,989,4630,2938
19667,0,0,0,0,10231
19668,0,0,0,0,0
19669,0,0,0,0,0
1967,0,1,1,15,25
19670,0,0,0,0,0
19671,0,0,3703,2395,10232
19672,0,0,0,0,0
19673,0,0,0,3,3
19674,0,668,2270,7023,6423
19675,0,0,0,0,746
19676,0,2185,990,4631,2939
19677,0,2,2,18,16
19678,0,0,991,4632,2940
19679,0,0,0,3,3
1968,0,0,0,1,4
19680,0,0,0,3,3
19681,0,0,0,3,3
19682,0,0,0,3,3
19683,0,0,0,2396,10233
19684,0,0,0,3,10234
19685,0,0,992,4633,2941
19686,0,0,0,0,0
19687,0,0,0,13,10
19688,0,0,34,57,505
19689,0,0,0,0,101
1969,0,0,0,1,2
19690,0,0,0,0,0
19691,0,0,0,14,22
19692,0,0,0,0,0
19693,0,0,0,13,10
19694,0,0,0,13,10
19695,0,0,0,13,10
19696,0,0,0,13,10
19697,0,0,0,13,10
19698,0,0,0,0,0
19699,0,0,0,0,0
197,0,5,5,366,3998
1970,0,0,0,9,11
19700,0,0,0,0,0
19701,0,0,0,0,0
19702,0,0,0,0,0
19703,0,0,9,56,6424
19704,0,0,0,0,6425
19705,0,0,0,0,0
19706,0,0,0,2397,10235
19707,0,0,0,0,0
19708,0,2,2,10,26
19709,0,0,0,14,22
1971,0,177,1456,5495,4219
19710,0,0,0,0,0
19711,0,0,0,0,0
19712,0,0,0,0,0
19713,0,0,0,0,37
19714,0,0,0,0,10236
19715,0,0,0,0,747
19716,0,0,0,0,0
19717,0,0,0,0,747
19718,0,0,0,0,73
19719,0,0,0,0,0
1972,0,1,1,5,13
19720,0,0,0,0,0
19721,0,3,8,244,6426
19722,0,3,6,7024,6427
19723,0,1,1,4,661
19724,0,0,0,3,3
19725,0,1,1,4,6
19726,0,3,6,2398,10237
19727,0,0,0,3,3
19728,0,1,1,4,6428
19729,0,6,7,17,18
1973,0,0,0,1,2
19730,0,6,7,17,18
19731,0,0,0,0,0
19732,0,0,0,0,10238
19733,0,0,0,0,0
19734,0,0,0,0,0
19735,0,0,0,0,0
19736,0,2,2,10,15
19737,0,0,0,0,0
19738,2,1497,3704,2399,10239
19739,2,82,993,4634,2942
1974,0,0,0,1,2
19740,2,82,3705,2400,10240
19741,0,0,0,0,0
19742,0,0,0,3,3
19743,0,0,994,4635,2943
19744,0,1,1,4,6429
19745,0,1,1,4,6
19746,0,3,6,26,6430
19747,0,3,29,7025,6431
19748,0,3,6,26,2944
19749,0,1,1,4,6432
1975,0,0,0,1,2
19750,0,1,1,4,10241
19751,0,1,1,4,10242
19752,0,1,1,4,251
19753,0,0,0,3,3
19754,0,0,0,3,3
19755,0,0,0,3,3
19756,0,1,1,4,2945
19757,0,1,1,4,33
19758,0,3,6,26,208
19759,0,1,1,4,6
1976,0,0,0,0,0
19760,0,0,0,3,3
19761,0,0,0,3,3
19762,0,0,0,3,3
19763,0,3,6,7026,6433
19764,0,1,1,4,33
19765,0,2,2,18,16
19766,0,1498,3706,2401,10243
19767,0,1,1,4,6
19768,0,0,0,3,3
19769,0,0,0,3,3
1977,0,0,0,14,22
19770,0,3,6,245,6434
19771,0,0,2271,7027,6435
19772,0,1,1,4,10244
19773,0,669,2272,7028,6436
19774,0,0,0,2402,10245
19775,0,0,995,4636,2946
19776,0,1,1,4,6
19777,0,1,1,4,6
19778,0,3,8,378,6437
19779,0,1,1,4,10246
1978,0,0,0,2,1
19780,0,0,0,3,577
19781,0,2,2,18,583
19782,0,1,1,206,10247
19783,0,1,996,4637,2947
19784,0,1,1,206,10248
19785,0,1,1,623,10249
19786,0,1,1,4,6438
19787,0,1,1,4,748
19788,0,0,0,0,0
19789,0,2,2,10,26
1979,0,0,2869,801,7989
19790,0,0,0,14,2948
19791,0,0,0,14,10250
19792,0,0,0,0,0
19793,0,0,0,0,0
19794,0,0,0,0,0
19795,0,0,0,0,0
19796,0,0,0,0,0
19797,0,0,0,0,0
19798,2,670,2273,7029,6439
19799,0,0,0,0,0
198,0,1,1,5,8
1980,0,0,0,2,1
19800,0,0,0,82,120
19801,0,0,0,0,0
19802,0,0,0,0,0
19803,0,0,2274,7030,6440
19804,0,0,19,462,935
19805,0,0,10,98,410
19806,0,2,2,25,53
19807,0,0,19,462,935
19808,0,0,10,98,410
19809,0,9,177,463,6441
1981,0,0,0,1,2
19810,0,2,2,25,53
19811,0,2,2,4638,2949
19812,0,0,0,0,0
19813,0,0,3707,2403,10251
19814,0,0,997,4639,2950
19815,0,1499,3708,2404,10252
19816,0,0,0,0,0
19817,0,0,0,0,0
19818,0,0,0,0,0
19819,0,0,0,0,0
1982,0,0,0,81,324
19820,0,0,0,14,749
19821,0,0,0,14,750
19822,0,2,2,10,26
19823,0,0,0,0,0
19824,0,0,9,56,740
19825,0,0,0,0,0
19826,0,0,0,13,10
19827,0,0,0,13,10
19828,0,0,0,0,0
19829,0,0,0,0,0
1983,0,0,0,5496,4220
19830,0,0,0,0,0
19831,0,0,0,0,0
19832,0,0,0,0,0
19833,0,0,0,0,0
19834,0,0,0,0,0
19835,0,0,0,0,0
19836,0,2,2,10,10253
19837,0,0,2275,7031,6442
19838,0,0,0,3,3
19839,0,0,3709,2405,10254
1984,0,0,0,6,605
19840,0,0,9,35,43
19841,0,2,2,10,26
19842,0,0,0,0,0
19843,0,0,0,0,0
19844,0,0,0,38,45
19845,0,0,0,0,0
19846,0,0,0,0,0
19847,0,0,0,13,10
19848,0,0,0,0,0
19849,0,0,0,0,0
1985,0,0,0,81,324
19850,0,0,0,0,0
19851,0,0,0,0,503
19852,0,0,0,0,503
19853,0,0,0,0,0
19854,0,0,0,0,0
19855,0,0,0,14,32
19856,0,0,0,14,32
19857,0,0,0,221,484
19858,0,0,0,0,0
19859,0,0,998,4640,2951
1986,0,0,0,6,189
19860,0,0,0,7032,6443
19861,0,3,6,4641,2952
19862,0,1,1,4,10255
19863,0,2,2,18,16
19864,0,3,6,2406,10256
19865,0,3,6,7033,6444
19866,0,1,1,7034,6445
19867,0,1,1,562,10257
19868,0,1,1,562,2953
19869,0,1,1,4,6
1987,0,0,0,277,443
19870,0,1,1,4,6
19871,0,1,1,4,6
19872,0,1,1,4,6
19873,0,1,1,4,6446
19874,0,1,999,4642,2954
19875,0,3,8,4643,2955
19876,0,3,6,4644,2956
19877,0,0,0,3,3
19878,0,0,0,3,3
19879,0,0,0,3,3
1988,0,0,0,277,443
19880,0,0,0,3,3
19881,0,0,0,3,3
19882,0,0,0,3,3
19883,0,0,0,3,3
19884,0,1,1,4,6
19885,0,0,0,3,3
19886,0,0,0,3,3
19887,0,1,1,4,6
19888,0,1,1,4645,2957
19889,0,1,1,4,10258
1989,0,0,1457,5497,4221
19890,0,1,1,7035,6447
19891,0,6,7,36,52
19892,0,2,2,50,78
19893,0,7,13,51,10259
19894,0,0,0,3,577
19895,0,2,2,18,583
19896,0,1,1,4,748
19897,0,1,1,623,10260
19898,0,1,1,7036,6448
19899,0,1,1,4646,2958
199,0,5,5,366,7777
1990,0,0,0,0,0
19900,0,1,1,206,10261
19901,0,1,1,4,2959
19902,0,1,1,4,6
19903,0,0,3710,2407,10262
19904,0,1,3711,2408,10263
19905,0,3,6,4647,2960
19906,0,3,6,4648,2961
19907,0,1,1,4,6
19908,0,0,0,3,3
19909,0,0,0,3,3
1991,0,0,0,0,0
19910,0,0,0,3,3
19911,0,0,0,3,3
19912,0,0,0,3,3
19913,0,0,0,3,3
19914,0,0,0,3,3
19915,0,0,0,3,3
19916,0,0,3712,2409,10264
19917,0,3,6,563,2962
19918,0,3,2276,7037,6449
19919,1,2186,1000,4649,2963
1992,0,0,0,0,0
19920,0,12,14,49,82
19921,0,0,0,23,27
19922,0,0,0,23,27
19923,0,0,0,23,27
19924,0,0,0,23,27
19925,0,0,0,30,64
19926,0,0,0,23,27
19927,0,0,0,30,180
19928,0,0,0,23,27
19929,0,0,0,30,206
1993,0,6,7,3407,1206
19930,8,1500,3713,2410,10265
19931,8,2187,1001,4650,2964
19932,8,671,2277,7038,6450
19933,0,0,0,23,27
19934,22,60,146,2411,10266
19935,0,0,0,23,27
19936,0,0,0,23,27
19937,0,0,0,23,27
19938,0,0,0,23,27
19939,0,0,0,30,205
1994,0,2,2,10,15
19940,0,0,0,30,64
19941,8,2188,1002,4651,2965
19942,8,1501,3714,2412,10267
19943,8,2189,1003,4652,2966
19944,0,0,0,23,27
19945,0,0,0,30,180
19946,0,0,0,23,27
19947,0,0,0,23,27
19948,1,1502,3715,2413,10268
19949,1,2190,1004,4653,2967
1995,0,0,0,0,0
19950,0,12,14,49,10269
19951,0,0,93,624,10270
19952,0,0,93,624,10271
19953,0,0,0,23,27
19954,0,0,0,23,27
19955,0,0,0,30,64
19956,0,0,0,30,64
19957,0,0,0,30,64
19958,0,0,0,30,205
19959,1,1503,3716,2414,10272
1996,0,0,0,0,0
19960,1,2191,1005,4654,2968
19961,0,12,14,49,82
19962,1,672,2278,7039,6451
19963,8,2192,1006,4655,2969
19964,8,1504,3717,2415,10273
19965,0,0,0,23,27
19966,0,0,0,23,27
19967,15,1505,3718,2416,10274
19968,0,0,0,30,64
19969,0,0,0,30,64
1997,0,0,0,0,0
19970,0,0,0,30,64
19971,0,0,0,30,64
19972,0,2193,1007,4656,2970
19973,1,2194,1008,4657,2971
19974,0,12,14,49,82
19975,0,12,14,49,82
19976,0,0,0,23,504
19977,0,0,0,23,27
19978,1,673,2279,7040,6452
19979,0,12,14,49,82
1998,0,0,0,0,0
19980,0,0,0,23,27
19981,0,0,0,23,27
19982,0,0,0,23,27
19983,22,60,146,4658,2972
19984,0,0,0,23,504
19985,0,0,0,23,27
19986,15,674,2280,7041,6453
19987,0,0,0,30,64
19988,0,0,0,23,27
19989,0,0,0,23,27
1999,0,0,0,0,0
19990,0,0,0,30,205
19991,0,0,0,23,27
19992,0,0,0,23,27
19993,1,675,2281,7042,6454
19994,1,2195,1009,4659,2973
19995,0,12,14,49,82
19996,0,0,0,23,27
19997,0,0,0,30,64
19998,0,0,0,23,27
19999,0,0,0,30,206
2,0,1781,263,3278,1020
20,0,2,2,25,102
200,0,0,0,2,1
2000,0,2,2,10,15
20000,0,0,0,2417,10275
20001,0,0,0,23,27
20002,0,0,0,30,206
20003,0,0,0,23,27
20004,0,0,0,23,27
20005,0,0,0,23,27
20006,0,0,0,30,180
20007,0,0,0,30,180
20008,0,0,93,4660,2974
20009,0,0,0,23,27
2001,0,0,0,0,0
20010,0,0,0,23,27
20011,8,676,2282,7043,6455
20012,8,677,2283,7044,6456
20013,8,1506,3719,2418,10276
20014,0,0,0,23,2975
20015,1,678,2284,7045,6457
20016,0,12,14,49,82
20017,0,12,14,49,82
20018,1,1507,3720,2419,10277
20019,0,0,2285,7046,6458
2002,0,0,0,0,0
20020,0,12,3721,2420,10278
20021,0,0,93,7047,6459
20022,1,1508,3722,2421,10279
20023,0,12,14,49,82
20024,0,12,14,49,82
20025,0,0,0,23,27
20026,1,2196,1010,4661,2976
20027,0,12,14,49,82
20028,0,0,0,23,27
20029,0,0,0,23,27
2003,0,0,0,0,0
20030,1,2197,1011,4662,2977
20031,1,2198,1012,4663,2978
20032,0,12,14,49,82
20033,0,0,3723,2422,10280
20034,0,0,0,30,64
20035,0,0,0,23,27
20036,0,0,0,23,27
20037,0,1,1,4,6
20038,0,0,0,30,206
20039,0,0,0,23,27
2004,0,0,0,0,0
20040,0,0,0,23,10281
20041,8,679,2286,7048,6460
20042,8,680,2287,7049,6461
20043,8,681,2288,7050,6462
20044,0,0,0,23,27
20045,0,0,0,4664,2979
20046,0,0,0,30,180
20047,1,2199,1013,4665,2980
20048,1,1509,3724,2423,10282
20049,0,0,0,3,3
2005,0,6,7,17,18
20050,0,0,0,30,205
20051,0,1,1,4,6
20052,0,6,260,4666,2981
20053,0,0,0,0,374
20054,0,6,7,17,936
20055,0,0,0,0,414
20056,0,0,0,0,0
20057,0,0,0,0,0
20058,0,0,0,0,0
20059,0,0,0,0,0
2006,0,6,7,17,18
20060,0,0,0,0,0
20061,0,0,0,0,0
20062,0,0,0,0,414
20063,0,0,0,0,414
20064,0,0,0,0,0
20065,2,2200,1014,4667,2982
20066,0,0,0,4668,2983
20067,0,2,2,10,6463
20068,0,2,2,25,10283
20069,0,0,19,162,10284
2007,0,0,0,13,10
20070,0,0,3725,2424,10285
20071,0,2201,1015,4669,2984
20072,0,0,0,4670,2985
20073,0,2,2,10,15
20074,0,2,2,10,15
20075,0,0,0,0,0
20076,0,0,0,0,0
20077,0,0,1016,4671,2986
20078,0,0,9,363,10286
20079,0,2,1017,4672,2987
2008,0,0,0,5498,4222
20080,0,6,7,17,6464
20081,0,6,7,17,18
20082,0,0,0,0,0
20083,0,0,0,0,0
20084,0,0,0,0,2988
20085,0,0,0,0,0
20086,0,2,2,10,15
20087,0,0,0,0,0
20088,0,682,2289,7051,6465
20089,0,6,7,85,6466
2009,0,0,0,0,0
20090,0,6,115,7052,6467
20091,0,0,0,0,0
20092,0,0,2290,7053,6468
20093,0,0,0,0,0
20094,0,0,0,0,0
20095,0,0,0,3,3
20096,0,0,0,0,0
20097,0,0,0,0,0
20098,0,0,0,0,0
20099,184,2202,1018,4673,2989
201,0,1,1,5,8
2010,0,178,1458,5499,4223
20100,0,0,0,0,2990
20101,0,0,0,0,0
20102,0,0,0,0,0
20103,0,0,0,3,3
20104,0,0,0,3,3
20105,0,0,0,3,3
20106,0,0,0,3,3
20107,0,0,0,3,3
20108,0,0,0,3,3
20109,0,2,2,18,16
2011,0,0,0,0,0
20110,0,0,0,3,3
20111,0,0,0,3,3
20112,0,0,0,3,6469
20113,34,683,2291,7054,6470
20114,0,2,2,10,15
20115,185,2203,1019,4674,2991
20116,0,0,0,0,0
20117,0,0,0,0,99
20118,0,0,0,0,0
20119,2,1510,3726,2425,10287
2012,0,0,0,5500,4224
20120,0,0,0,73,418
20121,0,0,0,0,0
20122,0,0,0,0,0
20123,186,2204,1020,4675,2992
20124,0,0,0,0,0
20125,0,0,0,0,0
20126,0,0,0,0,0
20127,0,0,2292,7055,6471
20128,0,0,0,0,217
20129,0,0,0,0,0
2013,0,0,0,0,0
20130,0,0,0,0,375
20131,0,0,0,0,375
20132,0,0,0,0,375
20133,0,0,0,0,0
20134,0,0,0,0,0
20135,0,684,2293,7056,6472
20136,0,0,0,0,0
20137,0,0,0,0,0
20138,0,0,2294,7057,6473
20139,0,0,0,0,0
2014,0,0,0,3408,1207
20140,0,0,44,4676,2993
20141,0,2,2,10,140
20142,0,0,0,0,0
20143,0,0,0,0,0
20144,0,0,0,0,0
20145,0,0,0,2426,10288
20146,0,0,0,7058,6474
20147,0,0,0,7059,6475
20148,0,0,0,0,0
20149,0,0,0,0,0
2015,0,2,2,10,7990
20150,0,0,0,0,0
20151,0,0,0,0,0
20152,0,0,0,0,0
20153,0,0,0,4677,2994
20154,0,2,2,2427,10289
20155,0,0,1021,4678,2995
20156,0,0,0,0,10290
20157,0,0,0,0,6476
20158,0,0,1022,4679,2996
20159,0,0,1023,4680,2997
2016,0,0,0,5501,4225
20160,0,685,2295,7060,6477
20161,0,0,0,0,10291
20162,0,0,3727,2428,10292
20163,0,1511,3728,2429,10293
20164,0,0,0,4681,2998
20165,0,0,0,0,10294
20166,0,0,0,0,2999
20167,0,0,0,0,0
20168,113,1512,3729,2430,10295
20169,0,0,0,3,3
2017,0,0,0,0,0
20170,0,0,0,3,3
20171,0,0,0,0,0
20172,0,0,0,0,0
20173,0,0,0,14,32
20174,0,0,9,35,43
20175,268,686,2296,7061,6478
20176,0,0,0,38,45
20177,0,0,0,0,0
20178,0,2,2,10,26
20179,0,0,0,0,0
2018,0,0,0,5502,4226
20180,0,6,7,17,18
20181,0,0,0,0,0
20182,0,0,0,0,0
20183,0,0,0,0,0
20184,0,0,0,0,0
20185,0,0,0,0,0
20186,0,0,9,56,6479
20187,0,0,0,0,0
20188,0,0,0,14,22
20189,0,0,0,0,0
2019,0,0,0,0,0
20190,0,0,0,0,0
20191,0,0,0,0,0
20192,0,0,0,0,0
20193,0,0,0,0,0
20194,0,0,0,0,0
20195,0,0,0,0,0
20196,0,0,0,0,0
20197,0,0,0,0,502
20198,0,0,0,0,0
20199,0,0,0,0,0
202,0,5,5,11,12
2020,0,0,0,0,1208
20200,0,2,2,10,26
20201,0,0,0,13,10
20202,0,0,0,13,10
20203,0,0,0,0,0
20204,0,0,0,0,216
20205,0,0,0,0,0
20206,0,0,0,3,3
20207,0,0,0,3,3
20208,0,0,3730,2431,10296
20209,0,0,44,7062,6480
2021,0,1819,335,3409,1209
20210,0,0,0,0,0
20211,0,0,0,0,0
20212,0,0,0,0,0
20213,0,0,0,0,0
20214,0,0,0,0,0
20215,0,0,0,0,0
20216,0,0,0,0,0
20217,0,0,1024,4682,3000
20218,0,0,0,0,0
20219,0,0,0,14,3001
2022,0,0,0,0,0
20220,0,0,0,7063,6481
20221,0,0,0,0,0
20222,0,0,0,0,0
20223,0,2205,1025,4683,3002
20224,0,0,0,14,10297
20225,0,0,0,0,0
20226,0,0,0,2432,10298
20227,0,0,0,0,10299
20228,0,0,0,0,0
20229,0,0,0,0,336
2023,0,0,0,3410,1210
20230,0,0,0,0,99
20231,0,0,0,0,0
20232,0,0,0,0,6482
20233,0,0,0,0,0
20234,0,0,0,0,3003
20235,0,0,0,0,6483
20236,0,0,0,0,0
20237,0,0,0,7064,6484
20238,0,0,1026,4684,3004
20239,0,0,0,7065,6485
2024,0,0,0,5503,4227
20240,0,0,0,0,375
20241,0,0,2297,7066,6486
20242,0,21,245,464,937
20243,0,0,34,57,505
20244,0,0,0,0,0
20245,0,0,0,0,0
20246,0,0,0,0,0
20247,0,0,0,0,0
20248,0,2,2,10,376
20249,0,0,0,0,0
2025,0,0,336,3411,1211
20250,0,0,0,0,881
20251,0,0,0,0,0
20252,0,0,0,0,0
20253,0,0,0,0,0
20254,0,0,0,0,0
20255,0,0,2298,7067,6487
20256,0,0,0,3,3
20257,0,1,1,7068,6488
20258,0,0,9,35,43
20259,0,0,0,38,45
2026,0,0,0,0,837
20260,0,0,0,0,0
20261,0,0,0,0,0
20262,0,0,0,0,0
20263,0,0,0,0,0
20264,0,0,0,0,0
20265,0,0,0,14,32
20266,0,0,0,0,0
20267,0,0,0,0,0
20268,0,0,0,0,0
20269,0,2,2,18,16
2027,0,0,0,802,7991
20270,0,0,0,3,3
20271,0,0,0,3,3
20272,0,0,0,3,3
20273,0,1,1,4,234
20274,0,1,1,2433,10300
20275,0,1,1,4,10301
20276,0,1,1,4,884
20277,0,3,8,7069,6489
20278,0,0,0,13,10
20279,0,0,0,13,10
2028,0,0,0,0,0
20280,0,0,0,3,3
20281,0,0,0,0,0
20282,0,0,0,0,0
20283,0,0,0,0,0
20284,0,0,0,0,49
20285,0,0,0,0,0
20286,0,0,0,0,0
20287,0,0,0,0,0
20288,0,0,0,0,42
20289,0,0,0,0,0
2029,0,0,1459,5504,4228
20290,0,0,0,0,0
20291,0,0,0,14,22
20292,0,0,0,13,475
20293,0,0,0,13,751
20294,0,2,2,10,15
20295,0,0,0,0,0
20296,0,0,0,0,0
20297,0,1,1,4,10302
20298,0,3,6,7070,6490
20299,0,0,1027,4685,3005
203,0,0,0,2,1
2030,0,0,0,0,0
20300,0,1,1,2434,10303
20301,0,1,1,2435,10304
20302,0,1,1028,4686,3006
20303,0,1,1,4687,3007
20304,0,1,1,4,234
20305,0,1,2299,7071,6491
20306,0,1,1,625,10305
20307,0,1,1,7072,6492
20308,0,0,0,0,0
20309,0,0,0,0,42
2031,0,0,0,14,1212
20310,0,0,0,0,0
20311,0,0,0,0,0
20312,0,0,0,0,0
20313,0,1,236,7073,6493
20314,0,0,0,0,277
20315,0,0,0,0,0
20316,0,0,0,0,0
20317,0,0,0,0,0
20318,0,2,2,10,582
20319,0,1,1,4688,3008
2032,0,0,0,803,7992
20320,0,1,2300,7074,6494
20321,0,0,0,0,0
20322,0,1,1,7075,6495
20323,0,1,2301,7076,6496
20324,0,1,2302,7077,6497
20325,0,1,1,246,506
20326,0,1,246,465,6498
20327,0,1,246,465,3009
20328,0,1,1,246,10306
20329,0,1,1,246,506
2033,0,0,0,0,0
20330,0,0,0,0,338
20331,0,2,2,10,15
20332,0,0,0,0,0
20333,0,0,0,0,3010
20334,0,0,0,0,0
20335,0,0,0,0,0
20336,0,0,0,0,0
20337,0,0,0,13,10
20338,0,0,0,13,10
20339,0,0,0,0,90
2034,0,0,0,5505,4229
20340,0,0,0,0,0
20341,0,0,0,0,0
20342,0,0,0,0,0
20343,0,1,1,4,10307
20344,0,1,1,4,422
20345,0,1,1,181,6499
20346,0,1,1,181,409
20347,0,0,0,3,3
20348,0,0,0,3,3
20349,0,3,6,2436,10308
2035,0,0,0,14,131
20350,0,0,0,0,0
20351,0,0,0,0,0
20352,0,0,0,0,0
20353,0,0,0,0,0
20354,0,2,2,10,15
20355,0,6,7,17,18
20356,0,0,0,0,0
20357,0,0,0,0,0
20358,0,6,7,17,18
20359,0,0,0,13,10
2036,0,0,337,3412,1213
20360,0,0,0,13,10
20361,0,2,2,10,26
20362,0,0,0,0,37
20363,0,0,0,0,0
20364,0,0,0,0,0
20365,0,0,0,0,0
20366,0,0,0,0,73
20367,0,0,0,0,90
20368,0,0,0,0,0
20369,0,0,0,0,0
2037,0,0,0,3413,1214
20370,0,0,0,0,0
20371,0,0,0,0,0
20372,0,0,0,0,0
20373,0,0,0,0,37
20374,0,0,0,0,10309
20375,0,0,0,0,6500
20376,0,0,0,13,10
20377,0,0,0,0,507
20378,0,0,0,0,507
20379,0,0,0,0,6501
2038,0,0,0,804,7993
20380,0,0,0,0,507
20381,0,0,0,0,6502
20382,0,0,0,14,32
20383,0,0,0,0,0
20384,0,0,0,0,0
20385,0,0,9,499,3011
20386,0,0,0,0,0
20387,0,0,0,0,0
20388,0,0,0,0,0
20389,0,0,0,0,0
2039,0,0,0,805,7994
20390,0,0,0,0,0
20391,0,0,0,13,10
20392,0,0,0,0,0
20393,0,687,2303,7078,6503
20394,0,0,1029,4689,3012
20395,0,0,9,566,6504
20396,0,0,0,0,0
20397,0,0,0,0,0
20398,0,0,0,0,0
20399,0,2,2,10,6505
204,0,0,0,6,7
2040,0,0,338,3414,1215
20400,0,4,4,8,20
20401,0,0,0,2,1
20402,0,4,4,8,40
20403,0,0,3,7,5
20404,0,0,2304,7079,6506
20405,0,0,0,6,14
20406,0,0,0,2,1
20407,0,0,0,0,0
20408,0,0,2305,7080,6507
20409,0,0,2306,7081,6508
2041,0,0,0,2,36
20410,0,0,0,0,0
20411,0,0,3731,2437,10310
20412,0,0,2307,7082,6509
20413,0,0,3732,2438,10311
20414,0,0,0,7083,6510
20415,0,0,0,0,0
20416,0,0,0,4690,3013
20417,0,0,0,0,0
20418,0,0,0,0,0
20419,0,688,2308,7084,6511
2042,0,0,0,0,0
20420,0,0,0,0,0
20421,0,0,0,0,0
20422,269,689,2309,7085,6512
20423,0,0,0,0,0
20424,0,2206,1030,4691,3014
20425,0,0,3733,2439,10312
20426,0,2,1031,4692,3015
20427,0,0,1032,4693,3016
20428,0,0,56,466,6513
20429,0,690,2310,7086,6514
2043,0,0,0,5506,4230
20430,0,0,3734,2440,10313
20431,0,0,56,247,341
20432,0,0,56,247,341
20433,0,0,1033,4694,3017
20434,0,0,56,466,3018
20435,0,2,2,4695,3019
20436,0,691,2311,7087,6515
20437,0,0,0,0,0
20438,0,0,1034,4696,3020
20439,0,0,57,139,752
2044,0,0,0,0,1216
20440,0,0,57,139,753
20441,0,0,0,0,0
20442,0,0,57,139,752
20443,0,0,57,139,968
20444,0,0,0,0,0
20445,0,0,0,0,0
20446,0,0,0,22,10314
20447,0,0,0,0,0
20448,0,2,2,25,6516
20449,0,0,21,92,900
2045,0,0,0,3,3
20450,0,0,10,104,3021
20451,0,9,48,105,10315
20452,0,0,0,16,24
20453,5,2207,1035,4697,3022
20454,0,2,2,25,138
20455,0,2,2,25,6517
20456,0,0,0,0,0
20457,0,0,0,22,10316
20458,0,0,0,16,24
20459,5,692,2312,7088,6518
2046,0,1,1,4,6
20460,5,2208,1036,4698,3023
20461,0,0,21,92,3024
20462,0,0,10,7089,6519
20463,0,9,3735,2441,10317
20464,0,2,2,25,3025
20465,187,2209,1037,4699,3026
20466,0,6,7,101,6520
20467,0,2,76,167,249
20468,0,2,76,167,249
20469,0,2,76,167,249
2047,0,1,2870,806,7995
20470,0,2,76,167,249
20471,0,2,76,167,249
20472,0,0,0,3,3
20473,0,0,3736,2442,10318
20474,0,0,0,3,3
20475,0,0,0,0,0
20476,0,0,0,0,0
20477,0,0,0,296,938
20478,2,31,104,7090,6521
20479,0,0,0,0,0
2048,0,1,1460,5507,4231
20480,2,31,104,4700,3027
20481,0,0,0,0,0
20482,0,0,0,112,453
20483,0,2,2,4701,3028
20484,0,0,0,0,0
20485,0,0,0,0,0
20486,2,31,173,2443,10319
20487,0,0,0,0,198
20488,0,0,1038,4702,3029
20489,0,0,0,0,271
2049,0,1,2871,807,7996
20490,0,0,0,0,0
20491,0,0,0,0,0
20492,0,0,0,0,10320
20493,0,0,0,7091,6522
20494,0,0,0,0,0
20495,0,0,0,2444,10321
20496,0,0,0,7092,6523
20497,0,0,0,0,0
20498,270,693,2313,7093,6524
20499,0,0,0,0,6525
205,0,0,0,2,1
2050,0,3,6,3415,1217
20500,0,0,0,14,22
20501,0,0,0,0,88
20502,0,0,0,0,0
20503,0,6,7,17,18
20504,0,0,0,0,0
20505,0,0,0,0,0
20506,0,0,0,2,61
20507,0,0,0,2,61
20508,0,0,0,2,61
20509,0,1,1,15,754
2051,0,1,1,5508,4232
20510,0,0,3,7,5
20511,0,1,1,5,13
20512,0,0,0,0,0
20513,0,0,0,0,0
20514,114,1513,3737,2445,10322
20515,0,0,0,0,0
20516,0,0,0,14,22
20517,0,0,0,0,0
20518,0,0,0,13,10
20519,0,2,2,10,68
2052,0,1,1,4,6
20520,0,0,0,0,49
20521,0,0,0,0,0
20522,0,0,0,0,0
20523,0,0,0,0,0
20524,0,0,0,0,42
20525,0,0,0,0,0
20526,0,0,9,54,175
20527,0,6,7,7094,6526
20528,0,2,2,10,15
20529,0,0,0,0,0
2053,0,1,1461,5509,4233
20530,0,0,0,0,0
20531,0,0,0,0,0
20532,0,0,0,0,0
20533,0,0,0,0,0
20534,0,0,0,0,0
20535,0,0,0,2446,10323
20536,0,0,0,0,0
20537,0,0,0,7095,6527
20538,0,0,1039,4703,3030
20539,0,0,0,0,0
2054,0,1,1,808,7997
20540,0,0,0,0,0
20541,0,694,2314,7096,6528
20542,0,0,2315,7097,6529
20543,0,2,2,10,26
20544,0,0,0,0,6530
20545,0,0,0,0,0
20546,0,0,0,14,22
20547,188,2210,1040,4704,3031
20548,0,0,0,0,0
20549,0,0,0,0,0
2055,0,1,1,3416,1218
20550,0,0,0,0,0
20551,0,0,0,0,0
20552,0,0,0,0,755
20553,0,0,0,0,0
20554,0,695,2316,7098,6531
20555,0,0,0,13,10
20556,0,0,0,0,0
20557,0,0,0,0,0
20558,0,0,0,0,6532
20559,0,0,0,13,10
2056,0,1,1,4,111
20560,0,0,0,0,0
20561,0,0,0,0,10324
20562,0,1,1,4,6
20563,0,1,1,7099,6533
20564,0,1,1,4,6
20565,115,1514,3738,2447,10325
20566,0,1515,3739,2448,10326
20567,0,0,0,2449,10327
20568,0,0,0,0,0
20569,0,0,0,0,0
2057,0,1,1,4,6
20570,0,0,0,4705,3032
20571,0,0,0,0,6534
20572,0,0,1041,4706,3033
20573,0,0,0,0,0
20574,0,0,0,0,755
20575,0,1,1,4,3034
20576,0,1,1,4,10328
20577,0,1,1,7100,6535
20578,0,2,2,18,16
20579,0,0,0,3,3
2058,0,1,1,4,4234
20580,0,0,0,3,3
20581,0,0,0,7101,6536
20582,0,0,0,3,3
20583,0,3,6,7102,6537
20584,0,0,0,3,3
20585,0,0,0,3,3
20586,0,3,6,7103,6538
20587,0,1,1,4,10329
20588,0,3,6,4707,3035
20589,0,3,6,4708,3036
2059,0,3,127,3417,1219
20590,0,2,2,18,16
20591,0,1,1,4,6
20592,0,1,1,7104,6539
20593,0,1,1,4,6
20594,0,3,6,2450,10330
20595,0,3,6,2451,10331
20596,0,0,3740,2452,10332
20597,0,1,1,5,29
20598,0,0,0,2,1
20599,0,0,0,2,1
206,0,1,1,5,8
2060,0,3,127,516,7998
20600,0,2211,1042,4709,3037
20601,0,0,0,2453,10333
20602,0,0,0,7105,6540
20603,0,1516,3741,2454,10334
20604,0,0,2317,7106,6541
20605,0,0,0,0,0
20606,0,0,0,0,0
20607,0,0,0,7107,6542
20608,0,1517,3742,2455,10335
20609,116,1518,3743,2456,10336
2061,0,3,127,516,1220
20610,0,0,0,2457,10337
20611,0,696,2318,7108,6543
20612,0,0,2319,7109,6544
20613,0,0,0,0,3038
20614,0,0,0,2458,10338
20615,0,0,0,0,0
20616,0,0,3744,2459,10339
20617,0,697,2320,7110,6545
20618,0,0,0,4710,3039
20619,0,0,0,4711,3040
2062,0,1,1,3418,1221
20620,0,0,3745,2460,10340
20621,0,0,0,0,3041
20622,0,0,2321,7111,6546
20623,0,0,1043,4712,3042
20624,0,0,0,2461,10341
20625,0,698,2322,7112,6547
20626,0,0,0,0,308
20627,2,66,2323,7113,6548
20628,2,66,3746,2462,10342
20629,2,699,2324,7114,6549
2063,0,0,46,278,1019
20630,0,0,0,0,0
20631,2,85,207,2463,10343
20632,2,2212,1044,4713,3043
20633,0,0,0,0,0
20634,0,0,0,0,0
20635,0,0,0,0,308
20636,0,6,208,488,756
20637,0,0,11,4714,3044
20638,0,0,11,28,108
20639,0,0,0,12,9
2064,0,0,0,2,1
20640,0,2,2,118,307
20641,0,0,11,28,154
20642,0,0,11,7115,6550
20643,0,0,11,28,69
20644,0,0,11,28,10344
20645,0,0,0,2,1
20646,0,0,11,28,154
20647,0,0,11,28,154
20648,0,0,11,28,893
20649,0,0,0,0,0
2065,0,0,0,3,3
20650,0,0,0,7116,6551
20651,0,0,0,0,0
20652,0,0,0,0,0
20653,0,0,0,13,10
20654,0,0,0,0,0
20655,0,0,0,14,22
20656,0,0,0,0,49
20657,0,0,0,0,0
20658,0,0,0,0,0
20659,0,0,0,0,0
2066,0,1,1,4,6
20660,0,0,0,0,42
20661,0,2,2,50,78
20662,0,0,9,54,10345
20663,0,0,0,13,10
20664,0,2,2,7117,6552
20665,0,0,0,0,0
20666,0,0,0,0,0
20667,0,0,0,0,0
20668,0,0,0,0,0
20669,0,0,0,0,49
2067,0,0,0,3,3
20670,0,0,0,0,0
20671,0,0,0,0,0
20672,0,0,0,0,0
20673,0,0,0,0,42
20674,0,0,0,0,0
20675,0,0,0,0,0
20676,0,0,0,0,0
20677,0,1,3747,2464,10346
20678,0,1,1,46,173
20679,0,0,0,4715,3045
2068,0,0,0,3,3
20680,0,2,2,10,15
20681,0,1,1,46,230
20682,0,1,1,46,230
20683,0,1,1,46,10347
20684,0,0,0,0,0
20685,0,0,0,0,0
20686,0,1,1,46,230
20687,0,2,2,10,15
20688,0,6,7,17,377
20689,0,1,1,2465,10348
2069,0,0,0,0,0
20690,0,1,1,2466,10349
20691,0,0,0,7118,6553
20692,0,0,0,0,6554
20693,0,83,261,564,3046
20694,0,0,0,0,0
20695,0,0,0,0,0
20696,0,0,0,0,0
20697,0,83,261,564,3047
20698,0,1,1,5,21
20699,0,2,2,10,15
207,0,0,0,6,7
2070,0,0,0,0,0
20700,0,6,7,17,3048
20701,0,6,7,17,18
20702,0,6,3748,2467,10350
20703,0,0,0,0,0
20704,0,0,0,0,0
20705,117,1519,3749,2468,10351
20706,0,0,0,4716,3049
20707,0,0,0,0,0
20708,0,0,0,0,0
20709,0,6,7,17,18
2071,0,0,9,35,43
20710,0,0,28,90,6555
20711,0,12,14,467,6556
20712,0,0,28,90,10352
20713,0,12,14,4717,3050
20714,0,6,2325,7119,6557
20715,0,12,14,467,3051
20716,0,2,2,10,15
20717,0,0,3,7,5
20718,0,1,1,19,378
20719,0,0,0,1,4
2072,0,2,2,10,26
20720,0,0,0,1,2
20721,0,0,0,2,1
20722,0,4,4,8,40
20723,4,37,3750,2469,10353
20724,23,700,2326,7120,6558
20725,0,0,0,1,4
20726,0,1,1,5,3052
20727,0,0,0,1,4
20728,0,0,0,1,4
20729,0,0,0,9,305
2073,0,0,0,0,0
20730,0,1,1,19,255
20731,0,0,0,9,11
20732,0,0,0,2,1
20733,0,0,0,1,3053
20734,0,0,0,9,305
20735,0,0,0,1,4
20736,0,1,1,317,757
20737,0,4,4,8,40
20738,0,0,0,2,1
20739,0,0,3,7,5
2074,0,0,0,13,10
20740,0,0,0,1,2
20741,0,701,2327,7121,6559
20742,0,0,0,1,2
20743,0,0,0,2,1
20744,0,0,0,9,305
20745,0,0,0,1,4
20746,0,1,1,19,255
20747,0,0,0,2,1
20748,0,1,1,317,757
20749,4,11,2328,7122,6560
2075,0,0,0,14,32
20750,0,0,0,4718,3054
20751,0,0,0,1,2
20752,0,0,0,2470,10354
20753,0,0,2329,7123,6561
20754,0,1,1,4,6562
20755,0,0,2330,7124,6563
20756,0,1,1,4,3055
20757,0,1,1,4,6
20758,0,1,1,2471,10355
20759,0,3,3751,2472,10356
2076,0,0,0,38,45
20760,0,3,6,26,6564
20761,0,3,6,26,6565
20762,0,3,8,2473,10357
20763,0,3,6,2474,10358
20764,0,3,6,26,6566
20765,0,3,6,26,208
20766,0,0,0,0,0
20767,0,6,7,17,18
20768,0,0,0,0,6567
20769,0,0,0,0,3056
2077,0,0,0,0,0
20770,0,0,0,0,0
20771,0,0,0,9,11
20772,0,4,4,8,6568
20773,0,0,0,2,1
20774,0,0,0,1,10359
20775,0,0,0,1,2
20776,0,0,0,1,2
20777,0,1,1,7125,6569
20778,0,0,0,0,0
20779,0,0,0,3,3
2078,0,0,0,0,0
20780,0,0,0,3,3
20781,0,1,1,4,3057
20782,0,0,0,3,6570
20783,0,3,6,26,10360
20784,0,0,0,0,0
20785,0,0,0,0,0
20786,0,1,3752,2475,10361
20787,0,702,2331,7126,6571
20788,0,1,163,4719,3058
20789,0,1,3753,2476,10362
2079,0,1,1,5510,4235
20790,0,1,1045,4720,3059
20791,189,2213,1046,4721,3060
20792,0,1,209,530,758
20793,0,0,0,599,10363
20794,0,0,0,468,630
20795,0,5,5,4722,3061
20796,0,0,0,42,66
20797,0,1,1,276,1007
20798,0,0,0,55,1012
20799,6,13,33,7127,6572
208,0,0,0,6,7
2080,0,3,6,3419,1222
20800,6,13,33,136,257
20801,6,13,33,451,918
20802,0,0,0,27,10364
20803,0,0,0,55,1012
20804,0,0,0,2477,10365
20805,0,1,16,40,3062
20806,0,1,16,626,759
20807,0,1,114,469,6573
20808,0,1,114,469,3063
20809,0,1,16,40,148
2081,0,2,2,18,16
20810,0,0,0,55,89
20811,0,2,2,7128,6574
20812,0,1,16,40,939
20813,0,0,0,55,89
20814,118,1520,3754,2478,10366
20815,0,0,0,58,332
20816,0,0,0,55,89
20817,0,1,167,4723,3064
20818,0,1,16,40,939
20819,0,1,16,626,759
2082,0,2,2,5511,4236
20820,0,5,5,565,3065
20821,0,1,1047,4724,3066
20822,0,1,16,7129,6575
20823,0,0,0,2479,10367
20824,0,5,5,565,10368
20825,6,13,33,7130,6576
20826,0,0,0,1,2
20827,0,0,0,2,1
20828,1,1521,3755,2480,10369
20829,0,703,2332,7131,6577
2083,0,3,339,3420,1223
20830,0,0,0,1,3067
20831,0,4,4,4725,3068
20832,0,0,3756,2481,10370
20833,0,0,0,9,11
20834,0,0,0,2,1
20835,0,0,0,1,3069
20836,0,18,59,4726,3070
20837,0,1,1,15,196
20838,0,1,1,5,13
20839,0,0,0,2,1
2084,0,1,1,3421,1224
20840,0,1,1,4,6578
20841,0,1,1,335,586
20842,0,0,0,9,11
20843,0,0,0,2,1
20844,0,0,3,7,5
20845,0,3,6,4727,3071
20846,0,0,0,3,3
20847,0,0,0,3,3
20848,0,0,0,3,3
20849,0,0,0,3,3
2085,0,0,0,3,3
20850,0,1,1,4,6579
20851,0,1,1,4,6
20852,0,2,2,18,16
20853,0,1,1,5,3072
20854,0,0,0,1,4
20855,0,0,0,2,1
20856,0,10,12,4728,3073
20857,9,19,39,88,158
20858,0,0,0,12,9
20859,0,1,1,31,827
2086,0,0,0,3,3
20860,0,1,1,20,19
20861,0,0,3,7,5
20862,0,0,0,1,2
20863,0,0,0,1,4
20864,0,0,0,1,4
20865,0,1,1,5,6580
20866,0,1,1,31,10371
20867,0,1,1,31,91
20868,0,0,3,7,5
20869,0,0,0,1,2
2087,0,179,1462,5512,4237
20870,0,0,0,1,10372
20871,0,0,0,2,1
20872,0,1,1,19,255
20873,0,1,1,19,378
20874,0,704,2333,7132,6581
20875,0,1522,3757,2482,10373
20876,0,0,0,1,2
20877,0,0,0,7133,6582
20878,0,0,0,2,1
20879,0,0,0,1,4
2088,0,0,2872,809,7999
20880,0,4,4,8,181
20881,0,0,3,7,5
20882,0,1,1,7134,6583
20883,0,4,4,8,40
20884,190,2214,1048,4729,3074
20885,0,0,0,4730,3075
20886,0,0,0,2483,10374
20887,0,0,3758,2484,10375
20888,0,1,1,5,13
20889,0,0,0,1,4
2089,0,0,0,3,3
20890,0,0,0,1,2
20891,0,0,0,9,11
20892,0,1,1,5,10376
20893,0,1,3759,2485,10377
20894,0,0,3,7,5
20895,0,4,4,8,181
20896,0,0,0,9,11
20897,0,1,1,7135,6584
20898,0,4,4,8,181
20899,0,1,1,19,3076
209,0,5,5,11,3999
2090,0,1,1,3422,1225
20900,0,1,1,5,13
20901,0,0,0,9,11
20902,0,0,0,2,1
20903,0,1,1,5,760
20904,0,1,1,5,21
20905,0,1,1,5,760
20906,0,0,0,2,48
20907,0,2,2,10,3077
20908,0,0,0,0,0
20909,0,0,0,0,0
2091,0,1,1,4,33
20910,50,1523,3760,2486,10378
20911,0,2215,1049,4731,3078
20912,0,6,85,194,6585
20913,0,6,85,194,10379
20914,0,0,28,90,563
20915,0,0,0,0,461
20916,0,0,100,7136,6586
20917,0,0,100,7137,6587
20918,46,97,3761,2487,10380
20919,0,0,3762,2488,10381
2092,0,1,340,3423,1226
20920,0,0,28,4732,3079
20921,0,0,28,90,563
20922,0,3,117,7138,6588
20923,0,3,117,2489,10382
20924,0,3,117,2490,10383
20925,0,1,1,4,6
20926,0,3,6,2491,10384
20927,0,1,1,4,6
20928,0,1,1,4,408
20929,0,0,0,52,118
2093,0,6,7,17,18
20930,0,1,1,4,6
20931,0,0,0,52,6589
20932,0,0,0,3,6590
20933,0,0,0,4733,3080
20934,0,0,0,52,118
20935,0,1,1,2492,10385
20936,0,0,0,4734,3081
20937,0,0,0,3,3
20938,0,1,1,5,21
20939,0,1,1,5,21
2094,0,0,0,0,0
20940,0,0,0,2,48
20941,0,1,1,5,21
20942,0,1,1,5,21
20943,0,1,1,5,8
20944,0,0,0,6,14
20945,0,0,0,6,7
20946,0,0,0,2,1
20947,0,0,0,6,7
20948,0,0,0,2,1
20949,0,5,5,11,12
2095,0,5,5,3424,1227
20950,0,1,1,5,8
20951,0,1,1,5,8
20952,0,1,1,5,8
20953,0,2,2,458,10386
20954,0,0,9,35,43
20955,0,0,0,0,0
20956,0,0,0,0,0
20957,0,2,2,10,26
20958,0,0,0,38,45
20959,0,0,0,0,0
2096,0,2,18,517,8000
20960,0,0,0,0,0
20961,0,0,0,0,0
20962,0,0,0,13,10
20963,0,0,0,0,0
20964,0,0,0,0,0
20965,0,0,0,0,0
20966,0,0,0,14,32
20967,0,0,0,0,0
20968,0,0,0,0,0
20969,0,0,0,470,940
2097,0,0,0,6,14
20970,0,0,0,0,6591
20971,0,0,0,0,0
20972,0,0,0,471,816
20973,1,705,2334,7139,6592
20974,0,0,0,1,272
20975,0,0,0,0,0
20976,0,0,0,0,0
20977,0,0,0,0,0
20978,0,0,0,14,941
20979,0,2,2,10,411
2098,0,0,0,2,1
20980,0,0,0,0,0
20981,0,0,0,0,0
20982,0,0,0,0,0
20983,0,0,0,0,0
20984,0,0,0,0,0
20985,0,0,0,0,0
20986,0,0,0,0,0
20987,0,0,0,0,3082
20988,0,0,0,1,2
20989,0,0,0,12,9
2099,0,2,18,517,1228
20990,0,0,0,2,1
20991,0,0,0,12,9
20992,0,0,2335,7140,6593
20993,0,1,1,5,74
20994,0,0,0,12,9
20995,0,0,0,12,9
20996,0,0,0,2,1
20997,0,1,1,5,8
20998,0,0,0,29,31
20999,0,1,1,94,10387
21,0,0,0,1,2
210,0,5,5,11,1035
2100,0,5,5,810,8001
21000,0,2,2,77,219
21001,0,1,1,5,74
21002,0,0,0,12,9
21003,0,0,0,29,31
21004,0,1,1,60,142
21005,0,1,1,5,141
21006,0,0,0,1,4
21007,0,0,0,2,1
21008,0,0,0,2,1
21009,0,0,0,1,2
2101,0,0,0,2,1
21010,0,1,1,19,143
21011,0,0,3,7,5
21012,0,0,0,2,1
21013,0,0,0,9,11
21014,0,0,0,1,2
21015,0,0,0,1,2
21016,0,0,0,2,1
21017,0,4,4,8,20
21018,0,0,0,0,0
21019,0,0,0,0,0
2102,0,0,0,6,14
21020,0,0,0,0,0
21021,0,0,0,0,10388
21022,0,0,0,0,0
21023,0,0,2336,7141,6594
21024,0,2216,1050,4735,3083
21025,0,2,2,10,15
21026,0,0,0,9,11
21027,0,1,1,19,46
21028,0,4,4,8,20
21029,0,0,0,1,4
2103,0,0,0,6,14
21030,0,0,3,7,5
21031,0,0,0,1,2
21032,0,0,0,1,4
21033,0,0,0,2,1
21034,0,4,4,8,40
21035,0,0,0,2,1
21036,0,1,1,5,13
21037,0,1524,3763,2493,10389
21038,0,0,0,6,7
21039,0,0,0,1,2
2104,0,0,0,2,1
21040,0,1,1,5,8
21041,0,0,0,6,7
21042,0,4,4,32,44
21043,0,0,0,6,17
21044,0,4,4,32,3084
21045,0,5,5,11,12
21046,0,1,1,2494,10390
21047,0,0,0,6,14
21048,0,0,0,1,4
21049,0,0,3,7,5
2105,0,5,5,5513,4238
21050,0,0,0,4736,3085
21051,0,0,0,2,1
21052,0,2217,1051,4737,3086
21053,0,0,0,1,4
21054,3,706,2337,7142,6595
21055,0,0,0,1,2
21056,0,1,1,15,25
21057,0,0,0,3,3
21058,0,0,0,2495,10391
21059,0,1,1,4,6
2106,0,180,1463,5514,4239
21060,0,0,0,3,3
21061,0,1,1,4,211
21062,0,1,1,4,211
21063,0,1,1,4,211
21064,0,3,6,4738,3087
21065,6,1525,3764,2496,10392
21066,0,6,7,101,286
21067,0,0,0,1,10393
21068,0,1,1,5,3088
21069,0,0,0,2,10394
2107,0,0,0,71,116
21070,0,0,0,1,10395
21071,0,0,0,1,2
21072,0,0,0,2497,10396
21073,0,0,0,4739,3089
21074,0,1,1,5,13
21075,0,0,0,2,3090
21076,0,0,0,1,4
21077,0,1,1,7143,6596
21078,0,1,1,15,3091
21079,0,6,7,269,761
2108,0,0,0,6,14
21080,0,0,91,7144,6597
21081,0,0,0,2,6598
21082,0,0,0,2498,10397
21083,0,0,0,2,1
21084,0,0,0,9,11
21085,0,0,0,1,2
21086,0,1526,3765,2499,10398
21087,0,0,1052,4740,3092
21088,0,1,1,4,3093
21089,0,1,1,4,10399
2109,0,0,0,2,838
21090,0,2,2338,7145,6599
21091,0,6,7,2500,10400
21092,3,2218,1053,4741,3094
21093,0,0,0,1,2
21094,0,1,1,21,57
21095,0,707,2339,7146,6600
21096,0,0,0,1,2
21097,0,0,0,7147,6601
21098,0,0,0,44,63
21099,0,1,1,5,269
211,0,0,0,6,14
2110,0,2,18,375,8002
21100,14,2219,1054,4742,3095
21101,0,0,0,75,110
21102,0,1,1,5,203
21103,0,1,1,4,6
21104,0,2,2,18,16
21105,0,1,1,5,29
21106,0,0,0,0,0
21107,0,0,0,0,762
21108,0,0,0,14,22
21109,0,2,2,10,68
2111,0,0,0,6,14
21110,0,0,0,0,0
21111,0,1527,3766,2501,10401
21112,0,0,0,0,0
21113,0,1,1,5,21
21114,0,1,1,5,21
21115,0,0,0,48,327
21116,0,0,0,0,0
21117,0,0,0,0,0
21118,0,0,0,0,0
21119,0,0,0,0,0
2112,0,5,5,3425,1229
21120,0,0,0,0,0
21121,0,6,7,17,10402
21122,0,0,0,0,0
21123,0,0,0,0,0
21124,0,0,0,0,0
21125,0,0,0,0,0
21126,0,0,0,0,0
21127,0,0,0,0,0
21128,0,0,0,0,0
21129,0,2,2,4743,3096
2113,0,0,0,2,1
21130,0,0,2340,7148,6602
21131,0,0,0,3,3
21132,0,3,6,26,3097
21133,0,0,0,3,3
21134,0,0,0,3,3
21135,0,2,2,319,10403
21136,6,13,210,2502,10404
21137,0,0,0,42,66
21138,0,1,1,5,10405
21139,0,1,1,15,468
2114,0,2,18,811,8003
21140,0,1528,3767,2503,10406
21141,0,0,3,7,5
21142,0,0,0,2,1
21143,0,1,118,270,3098
21144,0,1,1,5,13
21145,0,4,4,8,767
21146,0,0,0,9,11
21147,0,1,1,7149,6603
21148,0,1,1,4,6
21149,0,3,6,26,6604
2115,0,0,0,6,14
21150,0,3,6,7150,6605
21151,0,3,6,124,6606
21152,0,3,8,7151,6607
21153,0,2220,1055,4744,3099
21154,0,0,0,2504,10407
21155,0,0,0,3,3
21156,0,0,0,3,3
21157,0,0,0,7152,6608
21158,0,0,0,3,3
21159,0,1,1,4,363
2116,0,0,0,2,838
21160,0,1,1,4,6
21161,0,1,1,4,6
21162,0,1,1,4,6
21163,0,2,2,18,16
21164,0,1,1,4,3100
21165,0,0,0,14,284
21166,0,0,0,0,0
21167,0,0,0,0,0
21168,0,0,44,178,463
21169,0,2,2,10,170
2117,0,1,1,218,982
21170,0,0,0,0,0
21171,6,13,69,154,6609
21172,0,0,0,0,0
21173,0,6,239,7153,6610
21174,0,0,0,150,470
21175,0,0,0,227,333
21176,0,0,0,202,343
21177,0,0,0,268,508
21178,0,0,0,1,2
21179,0,0,0,2,1
2118,0,1,1,175,8004
21180,0,0,0,2,1
21181,0,0,0,6,17
21182,0,0,0,6,17
21183,0,0,0,6,17
21184,0,0,0,6,7
21185,0,1,1,5,8
21186,0,0,0,6,7
21187,0,5,5,11,12
21188,0,5,5,11,12
21189,0,5,5,11,12
2119,0,4,4,8,860
21190,0,0,0,6,14
21191,191,2221,1056,4745,3101
21192,0,1,1,5,656
21193,0,0,0,2,1
21194,0,0,0,9,10408
21195,0,0,0,1,4
21196,0,1,1,5,10409
21197,0,0,0,12,9
21198,0,0,0,12,9
21199,0,0,0,12,9
212,0,0,0,13,10
2120,0,1820,341,3426,1230
21200,0,0,0,12,9
21201,0,0,0,12,9
21202,0,1,1,5,100
21203,0,1,1,201,3102
21204,0,4,4,8,3103
21205,0,1,1,106,241
21206,0,0,0,12,9
21207,0,0,0,12,9
21208,0,0,0,34,70
21209,0,0,0,34,72
2121,0,0,0,1,4
21210,0,1,1,5,166
21211,0,1,1,5,107
21212,0,0,0,2,54
21213,0,0,0,12,9
21214,0,0,0,2,1
21215,0,0,3,7,5
21216,0,0,0,1,379
21217,0,0,0,2505,10410
21218,0,0,0,0,0
21219,0,0,0,0,0
2122,146,1821,342,3427,1231
21220,0,0,0,0,0
21221,0,0,3768,2506,10411
21222,0,0,0,0,0
21223,0,0,0,0,0
21224,0,0,0,0,6611
21225,0,0,0,0,0
21226,0,0,0,0,3104
21227,0,0,0,7154,6612
21228,0,0,0,0,0
21229,0,0,0,0,6613
2123,0,0,0,1,2
21230,0,0,0,7155,6614
21231,0,0,0,14,32
21232,0,0,3769,2507,10412
21233,0,0,0,0,0
21234,0,0,0,0,0
21235,0,0,0,13,10
21236,0,0,9,2508,10413
21237,0,0,0,2509,10414
21238,0,0,0,0,10415
21239,0,0,0,0,0
2124,0,0,0,1,4
21240,0,0,0,0,0
21241,0,0,0,0,0
21242,0,1,1,5,8
21243,0,5,5,11,298
21244,0,0,0,6,7
21245,0,0,0,2,1
21246,0,1529,3770,2510,10416
21247,0,2,3771,2511,10417
21248,192,2222,1057,4746,3105
21249,0,1,3772,2512,10418
2125,0,0,0,1,2
21250,0,1,1,4,6615
21251,0,1,1,4,355
21252,0,1,1,7156,6616
21253,0,1,1,4,10419
21254,0,0,0,3,3106
21255,0,0,0,3,3
21256,0,0,0,3,3
21257,0,3,6,7157,6617
21258,0,1,1,4,6618
21259,0,0,0,7158,6619
2126,0,0,0,1,2
21260,0,0,0,3,3
21261,0,2,1058,4747,3107
21262,0,1530,3773,2513,10420
21263,0,0,0,2514,10421
21264,0,0,0,4748,3108
21265,0,6,3774,2515,10422
21266,0,6,7,2516,10423
21267,0,0,0,0,0
21268,0,0,0,0,0
21269,0,0,0,0,0
2127,0,0,0,1,4
21270,0,2,2,10,6620
21271,0,0,0,0,0
21272,2,708,2341,7159,6621
21273,0,0,0,0,0
21274,0,2223,1059,4749,3109
21275,0,0,0,0,3110
21276,0,0,0,0,0
21277,0,709,2342,7160,6622
21278,0,710,2343,7161,6623
21279,0,0,0,0,0
2128,0,0,0,1,4
21280,2,711,2344,7162,6624
21281,0,0,3775,2517,10424
21282,0,0,3776,2518,10425
21283,0,0,0,2519,10426
21284,0,0,0,0,0
21285,0,1531,3777,2520,10427
21286,0,0,0,0,0
21287,0,0,3778,2521,10428
21288,0,1532,3779,2522,10429
21289,0,1533,3780,2523,10430
2129,0,4,4,8,94
21290,0,0,1060,4750,3111
21291,0,0,0,0,10431
21292,0,0,0,2524,10432
21293,0,0,3781,2525,10433
21294,0,0,0,13,10
21295,0,0,0,0,0
21296,0,0,0,0,0
21297,0,0,2345,7163,6625
21298,0,0,0,0,0
21299,0,0,0,0,0
213,0,0,0,0,0
2130,0,4,4,5515,4240
21300,0,0,0,0,10434
21301,0,0,0,0,0
21302,0,0,0,0,6626
21303,0,1534,3782,2526,10435
21304,0,0,0,7164,6627
21305,0,0,3783,2527,10436
21306,0,712,2346,7165,6628
21307,0,0,0,0,6629
21308,0,0,9,566,3112
21309,0,0,0,0,3113
2131,0,1038,2873,812,8005
21310,0,0,0,0,0
21311,0,0,1061,4751,3114
21312,0,0,1062,4752,3115
21313,0,0,0,13,10
21314,0,0,0,0,0
21315,0,0,3784,2528,10437
21316,193,2224,1063,4753,3116
21317,0,0,0,0,10438
21318,0,0,0,7166,6630
21319,0,0,0,0,0
2132,0,1,1,15,25
21320,0,0,0,13,10
21321,0,0,0,0,0
21322,0,0,0,2529,10439
21323,0,0,0,0,0
21324,0,0,9,56,119
21325,0,0,0,0,0
21326,0,0,0,0,0
21327,0,0,0,0,0
21328,0,0,0,0,0
21329,0,0,0,0,73
2133,0,1,1,5,13
21330,0,0,0,0,37
21331,0,0,0,622,10440
21332,0,0,0,14,22
21333,0,1,1,4,6631
21334,0,0,0,3,3
21335,0,0,0,3,3
21336,0,1,1,4,763
21337,0,0,0,3,3
21338,0,1,1,4,6
21339,0,1,1,4,6
2134,0,0,0,1,4
21340,0,0,0,3,3
21341,0,0,0,3,3
21342,0,0,0,3,3
21343,0,1,1,4,6
21344,0,3,8,567,3117
21345,0,3,6,7167,6632
21346,0,1,3785,2530,10441
21347,0,3,2347,7168,6633
21348,0,2,2,18,16
21349,0,3,6,7169,6634
2135,0,0,0,1,4
21350,0,3,6,2531,10442
21351,0,0,0,1,10443
21352,0,4,4,8,155
21353,0,1,1,15,3118
21354,0,2225,1064,4754,3119
21355,0,1535,3786,2532,10444
21356,0,0,0,1,2
21357,0,0,0,2,1
21358,0,0,0,9,11
21359,0,0,0,2,1
2136,0,0,0,1,2
21360,0,0,0,1,4
21361,0,0,0,1,132
21362,0,0,0,1,2
21363,0,1536,3787,2533,10445
21364,0,4,4,8,10446
21365,0,0,0,1,3120
21366,0,0,0,0,0
21367,0,0,0,0,0
21368,0,713,2348,7170,6635
21369,0,0,1065,4755,3121
2137,0,4,4,8,1232
21370,0,0,0,0,0
21371,0,2226,1066,4756,3122
21372,0,2,3788,2534,10447
21373,0,2,2,556,10448
21374,0,0,0,0,0
21375,0,0,0,0,347
21376,0,0,0,0,0
21377,0,0,0,191,291
21378,0,0,0,0,0
21379,0,0,0,0,0
2138,0,1,1,15,25
21380,0,0,0,191,291
21381,0,0,0,0,0
21382,0,0,0,0,145
21383,0,0,9,301,565
21384,0,714,2349,7171,6636
21385,0,0,3789,2535,10449
21386,0,0,0,2,1
21387,0,4,4,4757,3123
21388,0,0,1067,4758,3124
21389,0,0,0,2,1
2139,0,0,0,1,4
21390,0,0,0,1,4
21391,0,0,0,1,2
21392,0,1,1,19,93
21393,4,11,24,45,65
21394,0,1537,3790,2536,10450
21395,0,0,0,1,4
21396,0,0,0,1,2
21397,0,0,0,2,1
21398,0,0,0,2,1
21399,0,1,1,19,93
214,0,0,0,14,32
2140,0,1822,343,3428,1233
21400,0,0,0,9,23
21401,0,0,0,1,4
21402,0,1,1,19,93
21403,0,0,0,2,1
21404,0,0,3,7,5
21405,0,0,0,1,4
21406,0,0,0,9,481
21407,0,1,1,5,29
21408,0,1,1,31,3125
21409,0,1,1,20,19
2141,0,0,0,1,2
21410,0,0,0,9,11
21411,0,4,4,8,40
21412,0,0,0,2,1
21413,0,0,0,2537,10451
21414,0,4,4,8,20
21415,0,0,0,2,1
21416,0,1,1,20,19
21417,0,4,4,8,40
21418,0,2,2,18,16
21419,0,0,0,3,3
2142,0,0,0,1,4
21420,0,3,8,7172,6637
21421,0,1,1,4,6
21422,0,3,8,2538,10452
21423,0,3,6,2539,10453
21424,0,0,0,1,2
21425,0,0,0,1,4
21426,0,0,0,1,4
21427,0,1,1,7173,6638
21428,0,1,1,2540,10454
21429,0,0,0,2,1
2143,0,0,0,1,4
21430,0,0,0,2,1
21431,0,1,1,337,764
21432,0,0,0,2,1
21433,0,4,4,43,115
21434,0,0,3791,2541,10455
21435,0,0,0,2542,10456
21436,0,0,0,1,4
21437,0,1,1,5,233
21438,0,0,0,1,4
21439,0,0,0,4759,3126
2144,0,0,0,1,4
21440,0,4,4,8,3127
21441,0,0,0,1,4
21442,0,4,4,8,20
21443,0,0,0,1,4
21444,0,0,0,2,1
21445,0,2227,1068,4760,3128
21446,0,715,2350,7174,6639
21447,0,1,1,5,297
21448,0,0,0,1,4
21449,0,0,0,1,10457
2145,0,10,12,140,1234
21450,0,0,0,1,3129
21451,0,0,3792,2543,10458
21452,0,0,3,7,5
21453,0,105,3793,2544,10459
21454,0,0,0,1,4
21455,0,0,0,1,2
21456,0,1,1,19,46
21457,0,122,2351,7175,6640
21458,0,1,1,135,485
21459,0,4,4,8,20
2146,0,4,4,8,40
21460,0,0,0,1,6641
21461,0,2228,1069,4761,3130
21462,0,0,0,1,6642
21463,0,0,0,1,2
21464,0,105,3794,2545,10460
21465,0,0,0,1,4
21466,0,716,2352,7176,6643
21467,0,1,1,39,162
21468,0,1,1,316,613
21469,0,0,0,2,1
2147,0,0,3,7,5
21470,0,0,3,7,5
21471,0,1,1,15,58
21472,0,0,0,2,1
21473,0,0,0,114,177
21474,0,0,0,9,11
21475,0,1,1,15,528
21476,0,4,4,8,6644
21477,0,0,3,7,10461
21478,0,0,0,2,1
21479,0,1,1,84,870
2148,0,0,0,2,1
21480,0,4,4,8,3131
21481,0,1,1,15,6645
21482,0,1,2353,7177,6646
21483,0,0,0,9,10462
21484,0,0,3,7,10463
21485,0,1,1,4,3132
21486,0,1,1,4,6647
21487,0,1,2354,7178,6648
21488,0,0,0,3,3
21489,0,3,6,124,6649
2149,0,0,3,7,5
21490,0,1,1,4,10464
21491,0,1,1,4,6
21492,0,1,1,15,528
21493,0,4,4,8,10465
21494,0,0,0,2,1
21495,0,0,0,2,1
21496,0,0,3,7,5
21497,0,1,1,31,91
21498,1,1538,3795,2546,10466
21499,0,717,2355,7179,6650
215,0,0,0,0,0
2150,0,4,4,8,4241
21500,0,0,0,1,2
21501,0,0,0,2,1
21502,0,1,1,19,600
21503,0,2229,1070,4762,3133
21504,0,0,0,1,2
21505,0,1,1,7180,6651
21506,0,0,0,9,11
21507,0,0,3,7,5
21508,0,4,4,8,20
21509,0,0,0,1,4
2151,0,1,1,20,192
21510,0,1,1,20,19
21511,0,10,12,7181,6652
21512,0,0,0,2547,10467
21513,0,0,0,1,2
21514,0,0,0,9,23
21515,0,0,0,12,9
21516,0,1,1,31,10468
21517,0,0,0,4763,3134
21518,0,0,0,2,1
21519,0,0,0,1,4
2152,0,0,3,7,5
21520,0,4,4,8,40
21521,0,1,1,20,19
21522,0,1,1,5,29
21523,0,0,0,2,1
21524,0,1,1,5,765
21525,0,1,1,5,765
21526,0,1,50,115,188
21527,0,2230,1071,4764,3135
21528,0,0,0,1,2
21529,0,0,0,1,2
2153,0,0,0,1,4
21530,0,1,1,4,6
21531,0,1,1,4,6653
21532,0,1,1,2548,10469
21533,0,1,1,7182,6654
21534,0,1,1,2549,10470
21535,0,1,1,7183,6655
21536,0,1,1,4765,3136
21537,0,1,1,4,6
21538,0,1,1,568,3137
21539,0,1,1,568,10471
2154,0,0,0,1,4
21540,0,1,1,4,6
21541,0,1,1,4,6
21542,0,1,1,7184,6656
21543,0,3,6,4766,3138
21544,0,2,2,18,16
21545,0,3,6,26,6657
21546,0,3,6,7185,6658
21547,0,0,0,3,3
21548,0,3,8,244,6659
21549,0,1,1,4,6
2155,0,4,4,8,20
21550,0,1,1,4,6
21551,0,0,0,3,3
21552,0,1,1,4,6
21553,0,0,0,0,0
21554,0,0,0,0,0
21555,0,0,0,0,0
21556,0,2,2,10,15
21557,0,6,7,17,18
21558,0,0,0,0,0
21559,0,0,0,0,0
2156,0,10,12,140,1235
21560,0,0,0,0,0
21561,0,0,0,0,0
21562,0,0,0,0,0
21563,0,0,0,0,0
21564,0,0,0,472,6660
21565,0,0,0,0,0
21566,0,0,0,13,10
21567,0,0,9,4767,3139
21568,0,2,2,10,26
21569,0,0,0,0,0
2157,0,1,1,5,29
21570,0,0,0,0,0
21571,5,718,2356,7186,6661
21572,0,0,0,22,104
21573,0,0,21,103,159
21574,0,0,10,66,125
21575,0,9,15,72,190
21576,0,2,2,25,102
21577,0,1,1,5,493
21578,0,1,1,5,766
21579,0,0,0,2,1
2158,0,0,0,9,23
21580,0,0,0,248,386
21581,0,6,1072,4768,3140
21582,25,62,147,353,509
21583,0,6,3796,2550,10472
21584,25,62,147,353,509
21585,0,0,0,2,1
21586,0,1,1,19,47
21587,0,0,0,9,23
21588,0,0,0,1,4
21589,0,0,3,7,5
2159,0,0,0,5516,4242
21590,0,0,0,1,2
21591,0,1539,3797,2551,10473
21592,0,0,0,1,2
21593,0,0,0,2,1
21594,0,0,0,1,2
21595,0,0,0,1,6662
21596,0,0,0,7187,6663
21597,12,30,105,7188,6664
21598,0,719,2357,7189,6665
21599,0,0,0,1,2
216,0,0,9,274,4000
2160,3,181,1464,5517,4243
21600,0,0,3,7,5
21601,0,0,0,6,7
21602,0,4,4,8,20
21603,0,0,0,2,1
21604,0,4,4,32,44
21605,0,0,0,6,7
21606,0,1,3798,2552,10474
21607,0,5,5,403,871
21608,0,5,5,129,3141
21609,0,0,0,6,17
2161,0,182,1465,5518,4244
21610,0,5,5,129,232
21611,0,1,1,5,8
21612,0,0,0,27,35
21613,0,0,0,6,17
21614,0,1,1,5,8
21615,0,0,0,6,14
21616,0,0,0,6,7
21617,0,0,0,2,1
21618,0,0,0,6,7
21619,0,0,0,9,11
2162,0,0,0,2,1
21620,0,0,3,7,5
21621,0,0,0,2,1
21622,0,1,1,5,3142
21623,0,4,4,4769,3143
21624,0,0,3,7,5
21625,0,1,35,146,942
21626,0,720,2358,7190,6666
21627,0,0,0,1,2
21628,0,0,0,6,7
21629,0,0,0,1,2
2163,0,0,0,1,2
21630,0,0,3,7,5
21631,0,1,49,89,207
21632,0,1,1,5,13
21633,12,30,2359,7191,6667
21634,0,0,0,2,1
21635,0,0,0,1,2
21636,0,0,3,7,5
21637,0,2231,1073,4770,3144
21638,0,0,0,1,2
21639,0,0,0,2,1
2164,0,0,0,5519,4245
21640,0,4,4,8,380
21641,0,0,0,2,1
21642,0,0,0,1,2
21643,0,1,1,5,13
21644,0,1,1,5,3145
21645,0,0,3,7,5
21646,0,0,0,1,4
21647,0,0,0,1,2
21648,0,0,0,1,4
21649,0,0,0,1,2
2165,0,0,0,6,7
21650,0,0,0,2,1
21651,0,0,3,7,5
21652,0,0,0,9,11
21653,0,0,0,7192,6668
21654,0,0,0,1,2
21655,0,0,0,1,2
21656,0,0,0,6,7
21657,0,1540,3799,2553,10475
21658,0,0,0,1,2
21659,1,2232,1074,4771,3146
2166,0,0,0,2,1
21660,0,0,0,1,2
21661,0,4,4,7193,6669
21662,0,1,1,21,60
21663,0,0,3,7,5
21664,0,1,1,21,60
21665,0,0,0,1,2
21666,0,0,0,2,1
21667,0,0,0,1,4
21668,0,0,0,2,1
21669,0,4,4,8,380
2167,0,0,0,2,1
21670,0,0,3,7,5
21671,0,22,2360,7194,6670
21672,0,0,0,1,2
21673,0,1,1,5,381
21674,0,0,0,1,4
21675,0,1541,3800,2554,10476
21676,0,2233,1075,4772,3147
21677,0,1542,3801,2555,10477
21678,0,0,0,1,2
21679,0,1,1,19,81
2168,0,0,0,2,1
21680,0,721,2361,7195,6671
21681,0,0,0,1,2
21682,0,4,4,8,20
21683,0,0,0,1,2
21684,0,1,1,2556,10478
21685,0,1,1076,4773,3148
21686,0,1,1,19,81
21687,0,1543,3802,2557,10479
21688,0,0,0,1,2
21689,0,0,0,6,7
2169,0,1,1,175,401
21690,0,0,0,7196,6672
21691,0,1544,3803,2558,10480
21692,0,0,0,1,2
21693,271,722,2362,7197,6673
21694,0,0,0,1,2
21695,0,4,4,8,20
21696,0,1,1,19,81
21697,0,0,0,1,2
21698,0,0,0,1,2
21699,0,1,1,5,6674
217,0,0,0,0,0
2170,0,0,0,9,11
21700,0,0,0,1,6675
21701,0,1,1,5,3149
21702,0,0,2363,7198,6676
21703,0,0,0,2,1
21704,1,723,2364,7199,6677
21705,0,0,0,1,2
21706,0,4,4,8,380
21707,0,0,0,1,4
21708,0,1,1,2559,10481
21709,0,1,1,4774,3150
2171,0,1,1,813,8006
21710,0,0,0,1,2
21711,0,0,0,1,2
21712,0,0,0,6,7
21713,0,724,2365,7200,6678
21714,0,0,3,7,5
21715,0,725,2366,7201,6679
21716,0,0,0,1,2
21717,0,0,3,7,5
21718,0,0,0,9,11
21719,0,0,3,7,5
2172,0,3,6,814,8007
21720,0,0,0,1,2
21721,0,0,0,1,2
21722,0,4,4,8,3151
21723,0,1,1,5,13
21724,0,2234,1077,4775,3152
21725,0,0,0,1,4
21726,0,0,0,4776,3153
21727,0,1,1,5,381
21728,0,2235,1078,4777,3154
21729,0,0,0,1,2
2173,0,1,1,4,6
21730,0,1,1,19,81
21731,4,11,43,291,6680
21732,0,0,0,1,4
21733,0,0,0,1,2
21734,0,1,1,5,13
21735,0,0,0,1,4
21736,0,1,1,7202,6681
21737,0,1545,3804,2560,10482
21738,0,0,0,1,2
21739,0,1,1,19,81
2174,0,1,1,4,51
21740,0,0,0,1,2
21741,0,1,1,5,13
21742,0,1,35,146,942
21743,0,0,0,2,1
21744,0,4,4,8,3155
21745,0,1,35,146,6682
21746,0,0,0,2,1
21747,0,1,1,4,6
21748,0,3,8,155,6683
21749,0,0,0,3,3
2175,0,1,1,4,8008
21750,0,0,3805,2561,10483
21751,0,0,0,3,3
21752,0,2,2,18,16
21753,0,0,0,3,3
21754,0,0,0,3,3
21755,0,0,1079,4778,3156
21756,0,1,1,4,6
21757,0,0,1080,4779,3157
21758,0,0,1081,4780,3158
21759,0,0,0,3,3
2176,0,2,2,18,4246
21760,0,0,0,3,3
21761,0,0,0,3,3
21762,0,0,3806,2562,10484
21763,0,0,0,3,3
21764,0,0,0,3,3
21765,0,0,0,3,3
21766,0,1546,3807,2563,10485
21767,0,1,1,7203,6684
21768,0,3,6,7204,6685
21769,0,0,0,1,4
2177,0,1,1,33,75
21770,0,4,4,8,380
21771,0,726,2367,7205,6686
21772,0,0,3,7,5
21773,0,1,1,21,60
21774,0,1547,3808,2564,10486
21775,0,0,0,1,2
21776,194,2236,1082,4781,3159
21777,0,727,2368,7206,6687
21778,0,0,0,1,2
21779,0,1548,3809,2565,10487
2178,0,58,344,3429,1236
21780,0,0,0,1,2
21781,0,0,0,1,2
21782,0,0,0,2,1
21783,0,1,1,19,81
21784,0,0,3,7,5
21785,0,1,1,5,381
21786,0,2,247,7207,6688
21787,0,2,2,18,16
21788,0,3,6,4782,3160
21789,0,3,1083,4783,3161
2179,0,1039,2874,815,8009
21790,0,3,6,7208,6689
21791,0,3,1084,4784,3162
21792,0,1,1,2566,10488
21793,0,1,1,2567,10489
21794,0,3,6,7209,6690
21795,0,0,0,3,3
21796,0,0,0,3,3
21797,0,1,3810,2568,10490
21798,0,0,0,3,3
21799,0,3,2369,7210,6691
218,0,0,0,0,0
2180,0,0,0,279,4247
21800,0,1,1,4,6
21801,0,1549,3811,2569,10491
21802,0,0,0,1,2
21803,0,2,18,78,171
21804,0,0,0,9,11
21805,0,0,0,9,23
21806,0,0,0,1,2
21807,0,0,0,7211,6692
21808,0,0,0,1,2
21809,0,0,0,1,2
2181,0,183,1466,5520,4248
21810,0,1,1,5,13
21811,0,4,4,2570,10492
21812,0,0,3,7,5
21813,0,728,2370,7212,6693
21814,0,0,0,1,2
21815,0,0,0,1,10493
21816,0,0,0,1,6694
21817,0,0,0,1,2
21818,0,0,0,1,2
21819,0,1,1,5,13
2182,0,0,345,3430,1237
21820,0,0,0,4785,3163
21821,195,2237,1085,4786,3164
21822,0,1,1,2571,10494
21823,0,0,0,12,3165
21824,0,1,1,5,8
21825,0,1,1,5,147
21826,0,1550,3812,2572,10495
21827,0,25,54,126,228
21828,0,0,0,12,9
21829,0,5,5,117,6695
2183,0,0,0,0,0
21830,0,0,0,12,9
21831,0,1,1,5,147
21832,0,0,0,12,9
21833,0,1,1,5,147
21834,0,0,0,12,9
21835,0,1,1,5,147
21836,0,0,3813,2573,10496
21837,0,1,1,5,8
21838,0,0,0,7213,6696
21839,272,729,2371,7214,6697
2184,0,0,0,0,146
21840,0,730,2372,7215,6698
21841,0,0,0,1,272
21842,0,25,54,126,228
21843,0,25,54,126,228
21844,0,1,1,5,8
21845,0,0,0,12,991
21846,0,0,0,12,9
21847,273,731,2373,7216,6699
21848,0,2238,1086,4787,3166
21849,0,0,0,1,272
2185,0,0,0,0,146
21850,0,1,1,5,8
21851,0,1,1,5,8
21852,0,1,1,5,147
21853,0,0,0,127,200
21854,0,0,0,2,1
21855,0,0,0,2,1
21856,0,0,0,1,2
21857,0,732,2374,7217,6700
21858,0,0,0,1,2
21859,0,0,3,7,5
2186,0,0,0,0,146
21860,1,2239,1087,4788,3167
21861,0,1551,3814,2574,10497
21862,0,0,0,7218,6701
21863,0,1,1,5,13
21864,0,2240,1088,4789,3168
21865,0,0,0,1,4
21866,0,733,2375,7219,6702
21867,0,0,0,1,2
21868,0,0,0,2,691
21869,0,734,2376,7220,6703
2187,0,0,0,73,8010
21870,0,0,0,1,10498
21871,0,1,1,21,60
21872,0,1,1,318,479
21873,0,1,1,5,13
21874,0,4,4,8,20
21875,0,0,3,4790,3169
21876,0,4,4,8,480
21877,0,2,2,569,1013
21878,0,0,0,2,1
21879,0,0,0,6,7
2188,0,2,2,10,15
21880,0,0,0,6,7
21881,0,4,4,32,44
21882,0,1,1,5,6704
21883,0,1,1,2575,10499
21884,0,1,1,2576,10500
21885,0,0,0,6,7
21886,0,0,0,6,17
21887,0,5,5,11,12
21888,0,0,0,6,7
21889,0,0,0,6,14
2189,0,0,0,0,0
21890,0,0,0,6,7
21891,0,1,1,7221,6705
21892,0,0,0,2,1
21893,0,0,0,6,7
21894,0,0,0,12,9
21895,0,0,0,29,31
21896,0,1,1,5,6706
21897,0,1,1,7222,6707
21898,0,1,1,60,975
21899,0,0,0,12,9
219,0,0,0,0,0
2190,0,0,0,0,0
21900,0,0,3,70,105
21901,0,0,0,6,14
21902,0,0,0,2,1
21903,0,5,5,11,10501
21904,0,0,3,7,5
21905,0,1,35,203,806
21906,0,1552,3815,2577,10502
21907,0,0,0,1,2
21908,0,1,1,5,6708
21909,0,0,0,1,4
2191,0,0,0,0,549
21910,0,0,0,1,4
21911,0,0,0,2,1
21912,0,0,0,6,7
21913,0,0,0,6,7
21914,0,0,0,6,7
21915,0,0,0,4791,3170
21916,0,0,0,6,7
21917,0,0,0,2,1
21918,0,0,0,6,7
21919,0,0,0,6,14
2192,0,0,0,0,0
21920,0,1,1,5,8
21921,0,0,0,6,17
21922,0,0,0,6,7
21923,0,5,5,11,12
21924,0,1,1,5,8
21925,0,0,0,6,7
21926,0,1,1,5,8
21927,0,0,0,6,7
21928,0,4,4,32,44
21929,0,0,0,6,7
2193,0,0,0,3431,1238
21930,0,0,0,6,7
21931,0,0,0,2,1
21932,0,4,4,7223,6709
21933,0,0,0,9,11
21934,0,735,2377,7224,6710
21935,0,0,0,4792,3171
21936,0,0,0,0,0
21937,0,2,2,10,68
21938,0,0,0,14,22
21939,0,0,9,54,175
2194,0,0,2875,816,8011
21940,0,0,0,0,49
21941,0,0,0,0,0
21942,0,0,0,0,0
21943,0,0,0,0,0
21944,0,0,0,0,42
21945,0,0,26,195,943
21946,0,0,0,71,116
21947,0,0,0,6,14
21948,1,736,2378,7225,6711
21949,0,737,2379,7226,6712
2195,0,0,0,0,0
21950,0,0,0,1,2
21951,0,1,1,5,8
21952,0,1,1,5,10503
21953,0,0,0,27,35
21954,0,0,0,6,17
21955,0,5,5,11,10504
21956,0,5,5,11,12
21957,0,1,1,5,10505
21958,0,1,1,5,6713
21959,0,0,0,2,1
2196,0,0,0,0,0
21960,0,0,0,6,7
21961,0,0,0,6,7
21962,0,0,0,6,7
21963,0,0,0,6,7
21964,0,0,0,2,1
21965,0,0,0,6,17
21966,11,32,66,145,223
21967,0,0,0,0,0
21968,0,0,27,108,510
21969,0,0,0,0,0
2197,219,184,1467,5521,4249
21970,0,0,3816,2578,10506
21971,0,0,3817,2579,10507
21972,0,0,0,0,0
21973,0,4,4,8,279
21974,0,1,1,15,97
21975,0,1553,3818,2580,10508
21976,0,0,0,2,1
21977,0,0,3,7,5
21978,0,0,0,2,1
21979,9,19,39,381,843
2198,0,0,0,0,0
21980,0,5,5,379,841
21981,0,5,5,2581,10509
21982,0,0,0,1,2
21983,0,0,1089,4793,3172
21984,0,0,0,1,2
21985,0,0,0,2,1
21986,0,0,0,1,2
21987,0,0,0,2582,10510
21988,0,0,0,2,1
21989,0,0,0,2,1
2199,0,0,0,0,0
21990,0,0,0,1,4
21991,0,1,1,5,6714
21992,0,0,3,7,5
21993,0,0,3,7,5
21994,0,0,3,7,5
21995,0,1,1,15,30
21996,0,0,0,2,1
21997,0,1,1,15,30
21998,0,78,1090,4794,3173
21999,0,738,2380,7227,6715
22,0,0,0,9,11
220,54,991,2783,652,7778
2200,0,0,0,0,0
22000,0,0,0,1,2
22001,0,1,118,270,10511
22002,0,0,3,7,5
22003,0,1,1,5,13
22004,0,0,0,1,4
22005,0,0,0,1,2
22006,0,0,0,1,2
22007,0,4,4,8,767
22008,0,1,1,15,491
22009,0,106,3819,2583,10512
2201,0,0,0,0,0
22010,0,0,0,2,1
22011,0,0,0,1,4
22012,0,0,0,1,4
22013,0,0,0,2,1
22014,0,0,0,1,2
22015,0,0,0,2584,10513
22016,1,2241,1091,4795,3174
22017,0,0,0,1,2
22018,0,0,2381,7228,6716
22019,0,4,4,8,10514
2202,0,0,0,0,0
22020,0,0,0,1,4
22021,0,0,3,7229,6717
22022,0,4,4,8,20
22023,0,0,0,1,4
22024,0,1,1,473,6718
22025,0,0,0,2,1
22026,0,0,0,9,6719
22027,0,0,0,9,708
22028,0,4,4,8,40
22029,0,0,3,7,5
2203,0,0,0,0,8012
22030,0,0,0,1,4
22031,0,0,0,1,2
22032,0,0,2382,7230,6720
22033,0,0,0,1,2
22034,35,739,2383,7231,6721
22035,0,1,1,5,13
22036,0,0,0,2,1
22037,0,1,1,21,256
22038,0,2,18,78,430
22039,0,1,1,19,126
2204,0,0,0,0,4250
22040,0,0,0,1,4
22041,0,0,0,2,1
22042,0,0,0,2,1
22043,0,1554,3820,2585,10515
22044,0,0,0,1,2
22045,0,1,49,89,207
22046,0,0,0,1,2
22047,0,1,1,31,10516
22048,0,0,0,1,2
22049,0,1,1,5,13
2205,0,0,0,0,0
22050,0,0,3,7,5
22051,0,0,3,7,5
22052,0,0,0,1,2
22053,0,1,1,15,768
22054,0,4,4,8,20
22055,0,0,0,1,2
22056,0,0,0,9,11
22057,0,0,0,2,1
22058,0,0,0,9,11
22059,0,0,3,7,10517
2206,0,0,0,0,0
22060,0,2242,1092,4796,3175
22061,0,0,0,2,1
22062,0,0,0,1,4
22063,119,1555,3821,2586,10518
22064,0,1556,3822,2587,10519
22065,0,0,3823,2588,10520
22066,0,0,0,1,2
22067,3,1557,3824,2589,10521
22068,0,1558,3825,2590,10522
22069,0,0,0,2591,10523
2207,0,0,2876,817,8013
22070,0,0,3,2592,10524
22071,0,1,1,5,13
22072,0,4,4,8,181
22073,0,0,0,1,4
22074,0,1,1,19,378
22075,0,4,4,8,40
22076,0,0,0,9,305
22077,0,0,0,2,1
22078,0,0,0,9,11
22079,0,0,3,7,5
2208,0,185,1468,5522,4251
22080,0,0,3,7,5
22081,0,2243,1093,4797,3176
22082,0,1,1,19,255
22083,0,0,0,1,578
22084,0,0,1094,4798,3177
22085,0,0,0,2,1
22086,0,0,0,1,6722
22087,0,0,0,2,511
22088,0,1,1,121,944
22089,0,1,1,15,199
2209,0,0,1469,5523,4252
22090,0,0,0,9,11
22091,0,0,0,2,1
22092,0,4,4,8,289
22093,0,0,0,2,511
22094,0,740,2384,7232,6723
22095,0,1,1095,4799,3178
22096,0,0,0,9,11
22097,0,0,0,2,1
22098,0,1,2385,7233,6724
22099,0,1,1,121,10525
221,0,0,0,0,4001
2210,0,0,2877,818,8014
22100,0,741,2386,7234,6725
22101,0,742,2387,7235,6726
22102,0,0,0,1,2
22103,0,1559,3826,2593,10526
22104,0,1560,3827,2594,10527
22105,0,1,1,2595,10528
22106,0,0,0,2,1
22107,0,743,2388,7236,6727
22108,0,0,0,1,2
22109,0,0,0,2,1
2211,0,0,0,0,0
22110,0,1,1,21,57
22111,0,4,4,2596,10529
22112,0,0,0,1,2
22113,0,0,3,7,5
22114,0,1561,3828,2597,10530
22115,0,0,0,1,2
22116,274,744,2389,7237,6728
22117,0,745,2390,7238,6729
22118,0,0,0,1,2
22119,0,0,0,1,2
2212,0,0,0,0,0
22120,0,1562,3829,2598,10531
22121,0,0,0,1,2
22122,0,746,2391,7239,6730
22123,0,0,0,1,2
22124,0,1,1,64,512
22125,0,0,0,2,1
22126,0,0,3,7,5
22127,0,0,0,1,2
22128,0,4,4,8,20
22129,3,747,2392,7240,6731
2213,0,186,1470,5524,4253
22130,3,1563,3830,2599,10532
22131,0,0,0,1,2
22132,0,0,0,2,1
22133,0,0,3,7,5
22134,0,1,1,19,46
22135,0,0,0,9,11
22136,0,0,0,2,1
22137,1,748,2393,7241,6732
22138,0,76,3831,2600,10533
22139,0,0,0,1,2
2214,0,0,0,0,0
22140,0,0,0,1,2
22141,0,0,3,7,5
22142,0,0,3,7,5
22143,0,0,2394,7242,6733
22144,0,1,1,19,126
22145,0,1,1,7243,6734
22146,0,0,0,1,4
22147,0,1564,3832,2601,10534
22148,0,0,0,1,2
22149,0,0,0,9,11
2215,0,0,0,819,8015
22150,0,1,1,5,13
22151,0,1,1,21,256
22152,0,1565,3833,2602,10535
22153,0,0,0,1,2
22154,0,0,0,7244,6735
22155,0,0,0,1,4
22156,0,0,3,7,5
22157,0,2244,1096,4800,3179
22158,0,0,0,1,4
22159,0,0,3834,2603,10536
2216,0,1823,346,3432,1239
22160,0,0,0,1,2
22161,0,0,0,2,1
22162,0,1,1,5,10537
22163,0,0,0,1,2
22164,0,0,0,1,2
22165,1,2245,1097,4801,3180
22166,0,1566,3835,2604,10538
22167,0,0,0,1,2
22168,0,1,1,15,25
22169,0,0,3,7,5
2217,0,0,1471,5525,4254
22170,0,0,0,1,4
22171,275,749,2395,7245,6736
22172,0,750,2396,7246,6737
22173,0,0,0,1,2
22174,0,0,0,1,2
22175,0,0,0,1,2
22176,0,0,3836,2605,10539
22177,0,0,0,1,2
22178,0,0,0,1,4
22179,0,0,0,1,4
2218,0,0,0,2,4255
22180,0,1567,3837,2606,10540
22181,3,1568,3838,2607,10541
22182,0,751,2397,7247,6738
22183,0,0,0,1,2
22184,0,4,4,8,94
22185,0,1,1,15,25
22186,0,0,0,1,2
22187,0,1,1,5,13
22188,0,0,2398,7248,6739
22189,0,0,3,7,5
2219,0,0,0,2,1240
22190,0,0,0,1,2
22191,0,0,0,2,1
22192,0,0,0,2608,10542
22193,0,0,3,7,5
22194,0,752,2399,7249,6740
22195,0,0,0,1,2
22196,0,1569,3839,2609,10543
22197,0,0,0,1,2
22198,0,0,2400,7250,6741
22199,0,0,0,1,4
222,0,0,1383,5345,4002
2220,0,0,0,2,839
22200,0,0,0,4802,3181
22201,0,0,0,7251,6742
22202,0,0,3,7,5
22203,0,2246,1098,4803,3182
22204,0,0,0,7252,6743
22205,0,0,0,2,1
22206,0,0,0,1,4
22207,0,0,0,1,4
22208,0,0,0,1,4
22209,0,753,2401,7253,6744
2221,0,0,0,2,550
22210,0,0,0,1,2
22211,0,0,3,7,5
22212,0,0,0,1,4
22213,0,0,0,1,2
22214,1,754,2402,7254,6745
22215,0,755,2403,7255,6746
22216,0,0,0,4804,3183
22217,0,0,0,1,2
22218,0,0,0,1,4
22219,0,0,0,9,11
2222,0,0,0,2,550
22220,0,0,0,1,3184
22221,0,0,0,1,4
22222,0,0,0,1,2
22223,0,4,4,2610,10544
22224,0,1,1,15,25
22225,0,1,1,5,13
22226,0,0,0,1,4
22227,0,2247,1099,4805,3185
22228,0,0,0,1,2
22229,0,1570,3840,2611,10545
2223,0,0,0,2,839
22230,0,0,0,1,2
22231,0,0,0,1,4
22232,0,0,0,1,2
22233,0,0,0,2612,10546
22234,0,0,0,2,1
22235,0,0,3,7,5
22236,0,0,0,1,4
22237,0,756,2404,7256,6747
22238,0,0,0,1,4
22239,0,0,0,2613,10547
2224,0,0,0,2,550
22240,0,0,0,557,1008
22241,0,0,0,1,4
22242,0,1571,3841,2614,10548
22243,0,0,0,1,2
22244,0,0,0,1,4
22245,0,0,0,1,2
22246,0,1572,3842,2615,10549
22247,0,0,0,1,2
22248,0,0,0,1,4
22249,0,0,0,2,1
2225,0,0,0,2,4256
22250,0,0,3,7,5
22251,0,0,0,1,4
22252,0,0,3843,2616,10550
22253,0,1,1,15,25
22254,0,4,4,4806,3186
22255,0,1,1,15,25
22256,0,1,1,5,13
22257,0,1,1,5,13
22258,0,0,0,2,1
22259,0,2248,1100,4807,3187
2226,0,0,0,3433,1241
22260,0,0,0,4808,3188
22261,0,0,0,1,4
22262,1,757,2405,7257,6748
22263,0,1573,3844,2617,10551
22264,0,0,0,1,2
22265,0,1574,3845,2618,10552
22266,0,0,0,1,2
22267,0,1575,3846,2619,10553
22268,0,0,0,1,4
22269,36,110,218,474,783
2227,0,0,0,3,3
22270,0,0,0,1,2
22271,0,0,0,9,11
22272,0,1576,3847,2620,10554
22273,0,0,0,1,4
22274,0,0,0,9,11
22275,0,0,0,1,4
22276,0,0,0,1,2
22277,0,0,0,1,4
22278,0,758,2406,7258,6749
22279,0,0,0,1,2
2228,0,3,8,3434,1242
22280,0,0,0,1,4
22281,0,0,0,1,2
22282,0,0,0,1,4
22283,0,759,2407,7259,6750
22284,0,0,0,1,2
22285,0,1,1,15,25
22286,0,4,4,8,94
22287,0,1,1,5,13
22288,0,0,0,1,4
22289,0,0,0,2,1
2229,0,0,0,3,3
22290,0,0,3,7,5
22291,0,0,3,7,5
22292,0,0,0,1,4
22293,0,0,0,1,4
22294,0,0,3,2621,10555
22295,0,0,0,2,1
22296,0,0,0,1,2
22297,0,0,3,7,5
22298,0,0,0,1,4
22299,0,0,0,2,1
223,0,0,0,0,0
2230,0,1,1,4,6
22300,0,1,1,5,6751
22301,0,0,3,7,5
22302,0,0,3,7,5
22303,0,0,3,7,5
22304,0,0,0,42,66
22305,0,2,2,319,6752
22306,6,13,3848,2622,10556
22307,6,13,33,2623,10557
22308,0,1,1,5,21
22309,0,0,0,2,36
2231,0,3,6,5526,4257
22310,0,1,1,5,13
22311,0,760,2408,7260,6753
22312,0,0,0,1,2
22313,0,0,0,1,2
22314,1,761,2409,7261,6754
22315,0,0,0,1,3189
22316,0,1,1,21,86
22317,0,1,1,21,57
22318,0,1,1,7262,6755
22319,1,762,2410,7263,6756
2232,0,3,6,5527,4258
22320,0,1577,3849,2624,10558
22321,0,0,0,1,2
22322,0,0,0,2,1
22323,0,1,1,64,10559
22324,0,4,4,4809,3190
22325,0,0,0,1,2
22326,0,0,0,9,11
22327,0,0,3,7,5
22328,0,0,0,2,1
22329,0,0,3,7,5
2233,0,1,347,3435,1243
22330,0,0,0,1,2
22331,0,763,2411,7264,6757
22332,0,114,3850,2625,10560
22333,0,0,0,1,2
22334,0,0,0,1,2
22335,0,2,2,7265,6758
22336,0,5,5,11,360
22337,0,0,0,0,0
22338,0,1578,3851,2626,10561
22339,0,0,0,0,0
2234,0,0,0,3,3
22340,0,2249,1101,4810,3191
22341,0,0,0,0,10562
22342,0,3,8,4811,3192
22343,0,3,6,7266,6759
22344,0,1,1,4,10563
22345,0,1,1,4,6
22346,0,0,0,3,3
22347,0,1,1,7267,6760
22348,0,0,0,3,3
22349,0,0,0,3,3
2235,0,0,0,3,3
22350,0,0,0,3,3
22351,0,0,0,3,3
22352,0,0,0,3,3
22353,0,0,0,3,165
22354,0,0,1102,4812,3193
22355,0,0,0,7268,6761
22356,0,764,2412,7269,6762
22357,0,1,1,7270,6763
22358,0,1,1,320,513
22359,0,1,1,336,769
2236,0,3,6,3436,1244
22360,0,1,1,320,513
22361,0,1,1,4,868
22362,0,1,3852,2627,10564
22363,0,1,1,4,6764
22364,0,0,0,3,3194
22365,0,0,0,3,3
22366,0,0,0,3,3
22367,0,0,0,3,3
22368,0,0,0,3,3
22369,0,0,0,3,3
2237,0,2,2,18,8016
22370,0,765,2413,7271,6765
22371,0,1,1,4,33
22372,0,1,1,4,6
22373,0,1579,3853,2628,10565
22374,0,0,0,3,3
22375,0,1,1,320,513
22376,0,1,1,2629,10566
22377,0,1,1,2630,10567
22378,0,1,1,4,10568
22379,0,1,1,336,10569
2238,0,0,0,3,3
22380,0,3,6,26,3195
22381,0,0,0,3,3
22382,0,0,0,3,3
22383,0,0,0,3,3
22384,0,1,1,4,6
22385,0,0,0,3,3
22386,0,1,1,4,111
22387,0,1,1,4813,3196
22388,0,0,0,7272,6766
22389,0,1,2414,7273,6767
2239,0,0,0,3,3
22390,0,1,1,4,287
22391,0,1,3854,2631,10570
22392,0,1,1,4,6
22393,0,1,1,4,10571
22394,0,1,1,4,6
22395,0,0,0,3,3197
22396,0,0,0,3,3
22397,0,0,3855,2632,10572
22398,0,0,0,0,3198
22399,0,0,3856,2633,10573
224,0,0,0,0,0
2240,0,2,2,18,16
22400,0,0,0,0,3199
22401,0,0,0,0,6768
22402,0,0,0,0,0
22403,0,0,0,0,0
22404,0,2250,1103,4814,3200
22405,0,6,7,4815,3201
22406,0,6,1104,4816,3202
22407,0,0,1105,4817,3203
22408,0,0,2415,7274,6769
22409,0,0,0,4818,3204
2241,0,1,1,4,6
22410,0,6,7,17,6770
22411,0,6,7,17,10574
22412,0,0,0,2634,10575
22413,0,0,0,9,11
22414,0,0,0,9,11
22415,0,0,0,1,2
22416,0,1,1,5,21
22417,0,0,0,2,514
22418,0,1,1,15,30
22419,0,0,0,1,2
2242,0,1,1,4,497
22420,1,766,2416,7275,6771
22421,0,0,0,1,2
22422,0,0,0,2,1
22423,0,0,0,2,1
22424,0,0,0,2,1
22425,0,0,0,4819,3205
22426,0,0,3,7,10576
22427,0,0,3,7,5
22428,0,4,4,8,172
22429,0,1,1,5,6772
2243,0,2,2,18,16
22430,0,1,1,19,81
22431,0,1,1,5,945
22432,0,0,0,1,4
22433,0,4,4,8,20
22434,0,0,3,4820,3206
22435,0,0,0,2,1
22436,30,1580,3857,2635,10577
22437,0,0,0,1,4
22438,0,0,0,9,23
22439,3,2251,1106,4821,3207
2244,0,187,1472,5528,4259
22440,0,2252,1107,4822,3208
22441,0,0,0,1,2
22442,0,0,0,9,11
22443,0,1581,3858,2636,10578
22444,0,0,0,1,2
22445,0,1,1,21,60
22446,0,0,3,7,5
22447,0,0,3,7,5
22448,0,0,1108,4823,3209
22449,0,0,0,7276,6773
2245,0,0,0,1,2
22450,0,1,1,5,29
22451,0,0,0,9,23
22452,18,767,2417,7277,6774
22453,0,768,2418,7278,6775
22454,0,0,3859,2637,10579
22455,0,0,0,0,10580
22456,0,0,0,0,0
22457,0,0,0,0,0
22458,0,0,0,0,6776
22459,0,0,0,0,0
2246,0,0,0,1,2
22460,0,0,2419,7279,6777
22461,0,0,0,0,6778
22462,0,0,0,0,0
22463,0,0,0,0,0
22464,0,0,2420,7280,6779
22465,0,0,0,2638,10581
22466,0,0,3860,2639,10582
22467,0,769,2421,7281,6780
22468,0,1,1,135,3210
22469,4,11,43,7282,6781
2247,0,1,1,5,29
22470,0,0,3,7,5
22471,0,0,0,1,2
22472,0,0,3861,2640,10583
22473,0,0,3,7,5
22474,0,0,0,116,212
22475,0,0,0,6,28
22476,0,0,0,6,28
22477,0,0,0,6,28
22478,0,0,0,6,28
22479,0,0,0,6,28
2248,0,1,1,4,8017
22480,0,0,0,6,34
22481,0,0,0,6,28
22482,0,0,0,6,28
22483,0,0,0,6,28
22484,0,0,0,6,157
22485,0,0,0,6,28
22486,0,0,0,7283,6782
22487,0,6,7,350,770
22488,0,0,2422,7284,6783
22489,0,6,7,350,3211
2249,0,1,1,4,1245
22490,0,6,7,350,770
22491,0,0,0,0,0
22492,2,1582,3862,2641,10584
22493,0,0,0,2642,10585
22494,37,770,2423,7285,6784
22495,0,0,0,0,0
22496,0,0,0,0,0
22497,37,771,2424,7286,6785
22498,0,0,0,7287,6786
22499,2,772,2425,7288,6787
225,0,2,2,10,26
2250,0,1,1,5529,4260
22500,0,0,0,0,6788
22501,0,0,0,7289,6789
22502,0,0,0,0,374
22503,0,0,0,0,10586
22504,0,0,0,0,6790
22505,0,0,0,0,0
22506,0,2,2,7290,6791
22507,0,0,0,7291,6792
22508,0,0,0,2643,10587
22509,0,0,0,0,10588
2251,0,1,2878,820,8018
22510,0,0,0,0,0
22511,0,6,7,4824,3212
22512,0,0,0,2,1
22513,0,6,7,101,3213
22514,0,14,32,588,10589
22515,0,0,0,249,6793
22516,38,773,2426,7292,6794
22517,38,774,2427,7293,6795
22518,0,775,2428,7294,6796
22519,0,14,32,2644,10590
2252,0,1,1,61,92
22520,0,776,2429,7295,6797
22521,276,777,2430,7296,6798
22522,0,2,2431,7297,6799
22523,0,14,32,250,6800
22524,0,3,8,2645,10591
22525,0,3,6,475,6801
22526,0,3,1109,4825,3214
22527,0,0,0,4826,3215
22528,0,1,1,7298,6802
22529,0,1,3863,2646,10592
2253,0,0,0,3,67
22530,0,0,3,70,105
22531,0,0,0,2,1
22532,0,0,0,2,80
22533,0,0,3864,2647,10593
22534,0,1583,3865,2648,10594
22535,0,0,0,2,10595
22536,0,0,0,6,14
22537,0,5,5,11,127
22538,0,5,5,11,6803
22539,0,0,0,1,2
2254,0,1,1,3437,1246
22540,120,1584,3866,2649,10596
22541,1,2253,1110,4827,3216
22542,0,0,0,1,2
22543,0,0,0,1,2
22544,0,1,1,19,47
22545,0,0,0,2,1
22546,0,0,0,2,1
22547,0,0,0,1,4
22548,0,1,1,625,10597
22549,0,1,1,4,6
2255,0,1,1,3438,1247
22550,0,0,0,0,0
22551,0,0,0,0,0
22552,0,0,0,0,0
22553,0,0,0,0,0
22554,0,0,0,0,0
22555,0,0,27,108,510
22556,0,0,0,0,3217
22557,0,0,0,0,0
22558,0,0,0,0,0
22559,0,0,0,0,0
2256,0,1,1473,5530,4261
22560,0,0,0,0,0
22561,0,2,2,10,10598
22562,0,6,7,17,18
22563,0,2,3867,2650,10599
22564,0,0,0,2651,10600
22565,0,0,3868,2652,10601
22566,0,23,87,193,6804
22567,0,23,202,570,3218
22568,0,0,62,133,213
22569,0,0,94,2653,10602
2257,0,1,2879,821,8019
22570,0,8,2432,7299,6805
22571,0,0,0,2654,10603
22572,0,1585,3869,2655,10604
22573,44,84,3870,2656,10605
22574,0,0,17,7300,6806
22575,0,47,109,241,6807
22576,0,0,0,0,0
22577,0,0,89,228,382
22578,0,0,44,305,515
22579,0,0,182,571,3219
2258,0,1,1474,5531,4262
22580,0,778,2433,7301,6808
22581,0,0,0,0,306
22582,0,0,0,0,0
22583,0,779,2434,7302,6809
22584,0,0,3871,2657,10606
22585,0,0,0,0,3220
22586,0,0,0,0,0
22587,0,0,74,160,240
22588,0,780,2435,7303,6810
22589,0,0,112,254,353
2259,0,1,1,33,8020
22590,0,0,52,186,316
22591,0,0,0,0,0
22592,0,0,0,7304,6811
22593,0,0,0,7305,6812
22594,0,1586,3872,2658,10607
22595,0,0,2436,7306,6813
22596,0,0,0,0,0
22597,0,0,0,0,0
22598,0,0,0,4828,3221
22599,0,0,0,0,0
226,0,4,4,3287,1036
2260,0,1,348,3439,1248
22600,0,49,106,2659,10608
22601,0,39,1111,4829,3222
22602,0,0,0,4830,3223
22603,0,0,17,53,62
22604,0,8,2437,7307,6814
22605,0,0,0,0,0
22606,0,0,52,313,472
22607,0,0,0,0,0
22608,0,0,0,0,0
22609,0,0,0,0,306
2261,0,1,1,822,8021
22610,0,0,17,476,946
22611,0,0,0,0,0
22612,0,0,0,0,0
22613,0,0,0,2660,10609
22614,0,0,0,0,0
22615,0,0,63,2661,10610
22616,0,0,0,0,0
22617,0,0,11,28,771
22618,0,0,0,12,9
22619,0,2,2,2662,10611
2262,0,1,2880,823,8022
22620,0,0,11,28,771
22621,0,0,11,7308,6815
22622,0,0,0,2,1
22623,0,0,41,68,124
22624,0,0,11,572,3224
22625,0,2,2,118,307
22626,0,0,11,28,108
22627,0,0,11,28,108
22628,0,0,0,6,3225
22629,0,0,11,572,10612
2263,0,1,1,824,8023
22630,0,0,0,12,9
22631,0,0,11,28,108
22632,0,0,11,7309,6816
22633,0,0,11,2663,10613
22634,0,0,11,28,108
22635,0,0,0,2,1
22636,0,0,0,12,9
22637,0,2254,1112,4831,3226
22638,0,0,11,28,108
22639,0,0,0,2,10614
2264,0,1,163,825,8024
22640,0,0,11,28,154
22641,0,0,11,2664,10615
22642,0,0,11,2665,10616
22643,0,0,11,2666,10617
22644,0,0,2438,7310,6817
22645,0,0,2439,7311,6818
22646,0,0,11,2667,10618
22647,0,0,11,7312,6819
22648,0,0,3873,2668,10619
22649,0,0,0,4832,3227
2265,0,1,1,24,55
22650,0,1,1,19,6820
22651,0,0,0,2,1
22652,0,0,3874,2669,10620
22653,0,0,0,1,2
22654,0,1,1,5,10621
22655,0,1,1,5,21
22656,0,0,0,2,3228
22657,0,0,0,1,214
22658,0,1,1,4,6
22659,0,1,1,4,6
2266,0,1,349,3440,1249
22660,0,1,1,4,6
22661,0,1,1,4,33
22662,0,1,1,4,6
22663,0,0,0,3,3
22664,0,0,0,3,3
22665,0,0,0,3,3
22666,0,1,1,4,516
22667,0,0,0,3,3
22668,0,0,0,3,3
22669,0,3,6,2670,10622
2267,0,1,2881,826,8025
22670,0,1,1,4,351
22671,0,0,0,3,3
22672,0,0,0,0,0
22673,0,0,3875,2671,10623
22674,0,0,0,0,3229
22675,0,0,0,0,0
22676,0,0,1113,4833,3230
22677,0,0,1114,4834,3231
22678,0,0,0,2672,10624
22679,0,0,0,0,0
2268,0,1,1475,5532,4263
22680,0,0,0,0,0
22681,0,0,0,0,6821
22682,0,88,165,7313,6822
22683,0,0,19,212,517
22684,0,0,10,98,224
22685,0,0,0,2,1
22686,0,0,0,9,11
22687,0,1,35,203,469
22688,0,1,1,15,468
22689,0,781,2440,7314,6823
2269,0,1,2882,827,8026
22690,0,0,0,2,1
22691,0,1,1,5,13
22692,0,0,0,1,2
22693,0,4,4,7315,6824
22694,0,0,0,9,11
22695,3,1587,3876,2673,10625
22696,0,782,2441,7316,6825
22697,0,0,0,1,2
22698,0,1,1,5,947
22699,0,0,0,48,518
227,0,0,0,1,2
2270,0,1,2883,828,8027
22700,0,1,1,5,21
22701,0,1,1,5,947
22702,0,1,1,5,6826
22703,0,1,1,4835,3232
22704,0,1,1,4836,3233
22705,0,1,1,5,3234
22706,0,0,0,48,518
22707,0,1,1,4837,3235
22708,0,0,0,477,948
22709,0,1,1,2674,10626
2271,0,1,1,5533,4264
22710,0,0,0,48,6827
22711,0,1,1,5,3236
22712,0,0,0,48,3237
22713,0,783,2442,7317,6828
22714,0,0,0,1,2
22715,0,0,0,1,2
22716,0,1,1,5,59
22717,0,0,0,2,1
22718,0,0,0,9,11
22719,0,1,1,4838,3238
2272,0,1,1,829,8028
22720,0,0,0,1,2
22721,0,0,3,7,5
22722,0,0,0,2,1
22723,0,1588,3877,2675,10627
22724,0,0,0,1,2
22725,0,4,4,2676,10628
22726,0,784,2443,7318,6829
22727,0,0,0,1,2
22728,0,4,4,436,3239
22729,0,0,3,7,5
2273,0,1,1,3441,1250
22730,0,1,1,15,30
22731,0,785,2444,7319,6830
22732,0,0,0,1,2
22733,0,0,3,7,5
22734,0,0,0,2,1
22735,0,0,2445,7320,6831
22736,0,1,3878,2677,10629
22737,0,0,0,2678,10630
22738,0,786,2446,7321,6832
22739,0,0,0,2,1
2274,0,1,2884,830,8029
22740,0,1,1,5,598
22741,0,1,1,5,949
22742,0,0,0,7322,6833
22743,0,1,1,5,950
22744,0,5,5,11,6834
22745,0,1,1,5,8
22746,0,1,1,5,8
22747,0,1,1,5,10631
22748,0,0,0,6,7
22749,0,0,0,2,1
2275,0,1,1476,5534,4265
22750,0,0,0,6,10632
22751,0,0,0,6,7
22752,0,6,7,17,18
22753,0,0,0,2,48
22754,0,0,0,3,3
22755,0,1,1,4,33
22756,0,3,6,2679,10633
22757,0,1,1115,4839,3240
22758,0,0,0,6,17
22759,0,0,0,6,7
2276,0,1,350,3442,1251
22760,0,0,0,6,7
22761,0,0,0,6,14
22762,0,0,0,2,1
22763,0,0,0,6,7
22764,0,0,0,6,17
22765,0,0,0,2,1
22766,0,1,1,5,8
22767,0,5,5,11,10634
22768,0,5,5,11,12
22769,0,1,1,5,8
2277,0,1,351,3443,1252
22770,0,0,0,1,4
22771,0,107,3879,2680,10635
22772,0,0,0,1,4
22773,0,0,0,1,2
22774,0,1589,3880,2681,10636
22775,0,0,3,7,5
22776,0,4,4,8,3241
22777,0,0,0,1,4
22778,0,0,0,2,1
22779,0,1590,3881,2682,10637
2278,0,1,352,3444,1253
22780,0,0,0,1,2
22781,0,0,0,1,4
22782,0,4,4,8,20
22783,0,0,0,1,4
22784,0,1591,3882,2683,10638
22785,0,0,0,1,4
22786,0,1,1,2684,10639
22787,0,0,1116,4840,3242
22788,0,0,17,53,62
22789,0,0,0,161,239
2279,0,1,1,5535,4266
22790,0,8,30,2685,10640
22791,0,8,30,304,6835
22792,0,8,211,2686,10641
22793,0,0,63,185,315
22794,0,8,61,7323,6836
22795,0,8,30,7324,6837
22796,0,8,45,7325,6838
22797,0,33,95,204,3243
22798,0,0,73,230,474
22799,0,0,73,7326,6839
228,0,4,4,3288,1037
2280,0,1,1,831,8030
22800,0,23,2447,7327,6840
22801,0,1592,3883,2687,10642
22802,0,33,95,204,3244
22803,0,108,212,428,10643
22804,0,0,94,229,412
22805,0,0,62,133,213
22806,0,8,186,613,684
22807,0,0,17,476,946
22808,0,24,1117,4841,3245
22809,0,2,2,7328,6841
2281,0,0,0,3,41
22810,0,8,107,4842,3246
22811,0,74,213,549,10644
22812,0,48,119,240,383
22813,0,0,110,251,350
22814,0,8,148,2688,10645
22815,0,39,187,7329,6842
22816,0,0,0,14,294
22817,0,0,17,53,62
22818,0,51,111,252,352
22819,0,0,0,0,0
2282,0,3,6,832,8031
22820,0,0,0,14,202
22821,0,0,88,231,10646
22822,0,52,142,4843,3247
22823,0,52,142,478,731
22824,0,24,72,479,6843
22825,0,67,149,307,519
22826,0,67,149,307,519
22827,0,24,72,479,10647
22828,0,0,120,429,772
22829,44,84,1118,4844,3248
2283,0,3,6,3445,1254
22830,0,0,0,0,10648
22831,0,0,0,0,0
22832,0,2,2,18,16
22833,0,3,6,7330,6844
22834,0,1,1,4,6
22835,0,1,1,4,6
22836,0,3,6,7331,6845
22837,0,3,6,7332,6846
22838,0,0,0,3,3
22839,0,0,0,3,3
2284,0,1,1477,5536,4267
22840,0,1,1,4,951
22841,0,1,1,4,6
22842,0,1,1,4,3249
22843,0,1,1,4,6
22844,0,1,1,4,6
22845,0,1,1,4,6847
22846,0,1,1,4,951
22847,0,0,0,3,3
22848,0,3,6,2689,10649
22849,0,787,2448,7333,6848
2285,0,188,1478,5537,4268
22850,0,0,0,3,41
22851,0,3,8,4845,3250
22852,0,0,0,3,3
22853,0,0,0,3,10650
22854,0,1,1,7334,6849
22855,0,1,1,4,3251
22856,0,1,1,7335,6850
22857,0,1,1,4,6
22858,0,1,1,4,33
22859,0,0,0,3,3
2286,0,1,1,833,8032
22860,0,0,0,3,3252
22861,0,0,0,7336,6851
22862,0,0,0,3,3
22863,0,0,0,3,3
22864,0,0,0,2690,10651
22865,0,0,0,3,3
22866,0,0,0,3,3
22867,0,0,1119,4846,3253
22868,0,0,0,3,6852
22869,0,0,0,3,3
2287,0,1,353,3446,1255
22870,0,0,0,3,3
22871,0,3,6,4847,3254
22872,0,2,2,18,16
22873,0,3,6,7337,6853
22874,0,0,0,3,3
22875,0,0,0,3,3
22876,0,0,0,6,7
22877,0,0,0,2,1
22878,0,0,0,6,7
22879,0,0,0,6,7
2288,0,2,2,18,16
22880,0,5,5,11,6854
22881,0,5,5,11,12
22882,0,0,0,6,7
22883,0,0,0,2,1
22884,0,5,5,7338,6855
22885,0,1,1,5,8
22886,0,0,0,6,14
22887,0,0,0,2,1
22888,0,0,0,6,7
22889,0,0,0,6,7
2289,0,1,1,4,1256
22890,0,1,1,5,8
22891,0,5,5,11,12
22892,0,1,1,5,8
22893,0,1,1,5,8
22894,0,0,0,2,1
22895,0,0,0,6,14
22896,0,8,30,627,10652
22897,0,8,30,627,10653
22898,0,8,144,2691,10654
22899,0,8,211,7339,6856
229,0,0,0,6,7
2290,0,1,1,4,8033
22900,0,8,30,7340,6857
22901,0,8,61,4848,3255
22902,0,8,61,7341,6858
22903,0,8,64,573,10655
22904,0,8,45,4849,3256
22905,0,0,63,185,315
22906,0,0,62,133,213
22907,0,33,95,204,520
22908,0,0,17,53,62
22909,0,8,45,253,10656
2291,0,1,1,24,929
22910,0,8,45,253,6859
22911,0,23,87,193,349
22912,0,33,95,204,520
22913,0,33,95,204,520
22914,0,0,94,229,412
22915,0,8,45,253,6860
22916,0,8,45,253,3257
22917,0,0,73,230,474
22918,0,0,0,0,314
22919,0,0,0,0,6861
2292,0,1,2885,834,8034
22920,0,0,0,0,0
22921,0,788,2449,7342,6862
22922,0,0,17,53,62
22923,0,2255,1120,4850,3258
22924,0,0,17,2692,10657
22925,0,0,2450,7343,6863
22926,0,2256,1121,4851,3259
22927,0,53,248,7344,6864
22928,0,53,248,4852,3260
22929,0,24,2451,7345,6865
2293,0,1,354,3447,1257
22930,0,8,1122,4853,3261
22931,0,8,64,573,3262
22932,0,52,2452,7346,6866
22933,0,0,0,14,202
22934,0,8,148,2693,10658
22935,0,0,0,2694,10659
22936,0,8,64,2695,10660
22937,0,0,0,0,0
22938,0,0,0,0,0
22939,0,1593,3884,2696,10661
2294,0,2,2,10,15
22940,0,0,3885,2697,10662
22941,0,0,0,0,0
22942,0,0,0,0,0
22943,0,24,72,612,680
22944,0,51,111,252,352
22945,0,0,0,14,294
22946,0,0,0,0,0
22947,0,0,112,254,353
22948,0,8,64,480,6867
22949,0,8,64,480,6868
2295,0,0,0,0,0
22950,0,0,0,161,239
22951,0,0,17,53,62
22952,0,0,17,53,62
22953,0,0,89,228,382
22954,0,0,0,14,323
22955,0,0,110,251,350
22956,0,0,0,0,0
22957,0,0,0,0,0
22958,0,0,0,0,0
22959,0,0,1123,4854,3263
2296,2,1040,2886,835,8035
22960,0,0,0,0,0
22961,0,0,0,0,0
22962,0,0,0,0,0
22963,0,2,1124,4855,3264
22964,0,2,2453,7347,6869
22965,0,2,2,4856,3265
22966,0,0,0,2,1
22967,0,0,0,6,17
22968,0,0,0,6,17
22969,0,0,2454,7348,6870
2297,0,0,0,27,35
22970,0,0,0,6,7
22971,0,0,0,6,7
22972,0,789,2455,7349,6871
22973,0,0,0,1,2
22974,0,5,5,11,12
22975,0,790,2456,7350,6872
22976,0,0,0,1,2
22977,0,0,0,1,2
22978,0,0,0,2698,10663
22979,0,0,0,6,7
2298,0,1,1,5,8
22980,0,0,0,6,14
22981,0,0,0,6,7
22982,0,0,0,2,1
22983,0,1,1,5,10664
22984,0,1,1,5,6873
22985,0,1,1,4,6
22986,0,0,0,3,3
22987,0,0,0,3,3
22988,0,0,0,3,6874
22989,0,3,8,2699,10665
2299,0,1,1,5,8
22990,0,2,2,18,16
22991,0,2,2,18,16
22992,0,1,1,4,6
22993,0,0,0,3,6875
22994,0,0,0,3,3
22995,0,0,0,3,3
22996,0,0,0,27,6876
22997,0,0,0,6,10666
22998,0,5,5,11,10667
22999,0,5,5,11,12
23,0,1,1379,5333,3977
230,0,0,0,2,1
2300,0,0,0,6,7
23000,0,0,0,2,1
23001,0,0,0,6,7
23002,0,5,5,7351,6877
23003,0,5,5,11,12
23004,0,1,1,5,8
23005,0,1,1,5,8
23006,0,5,5,11,12
23007,0,1,1,5,8
23008,0,1,1,5,8
23009,0,0,0,2,1
2301,0,0,0,6,7
23010,0,0,0,6,14
23011,0,1,1,5,8
23012,0,1,1,5,8
23013,0,5,5,11,12
23014,0,0,0,2,1
23015,0,0,0,6,7
23016,0,0,0,6,7
23017,0,5,5,11,12
23018,0,1,1,5,8
23019,0,0,0,2,1
2302,0,5,5,836,8036
23020,0,1,1,5,8
23021,0,0,0,6,14
23022,0,0,0,6,7
23023,0,0,0,6,7
23024,0,0,0,2,1
23025,0,1,1,5,8
23026,0,0,0,2,1
23027,0,5,5,11,12
23028,0,5,5,11,12
23029,0,0,0,6,7
2303,0,5,5,3448,1258
23030,0,1,1,5,8
23031,0,1,1,5,8
23032,0,0,0,6,14
23033,0,5,5,11,12
23034,0,1,1,5,8
23035,0,0,0,6,7
23036,0,0,0,6,7
23037,0,0,0,6,7
23038,0,0,0,6,17
23039,0,0,0,2,1
2304,0,5,5,11,983
23040,0,0,0,2,1
23041,0,1,1,5,8
23042,0,0,0,2,1
23043,0,0,0,6,14
23044,0,1,1,5,8
23045,0,0,0,2700,10668
23046,0,0,0,0,0
23047,0,0,0,0,3266
23048,0,0,0,0,0
23049,0,0,0,0,0
2305,0,5,5,11,983
23050,0,0,0,0,0
23051,0,0,0,0,0
23052,0,0,0,0,0
23053,0,1,1,4,6
23054,0,1,1,4,10669
23055,0,1,1,4,6
23056,0,0,0,3,3
23057,0,0,0,3,3
23058,0,0,0,3,3
23059,0,3,6,164,6878
2306,0,5,5,11,1259
23060,0,0,0,3,3
23061,0,0,0,3,3
23062,0,0,0,3,3
23063,0,0,0,3,3
23064,0,1,1,2701,10670
23065,0,0,0,3,3
23066,0,1,1,4,489
23067,0,1,1,4,6
23068,0,1,1,7352,6879
23069,0,3,6,7353,6880
2307,0,5,5,11,606
23070,0,0,0,3,3
23071,0,0,0,3,3
23072,0,3,6,7354,6881
23073,0,1,1,4,211
23074,0,1,2457,7355,6882
23075,0,3,6,7356,6883
23076,0,0,0,3,3
23077,0,0,1125,4857,3267
23078,0,0,0,3,3
23079,0,0,0,7357,6884
2308,0,5,5,11,12
23080,0,0,0,3,3
23081,0,0,3886,2702,10671
23082,0,0,0,2703,10672
23083,0,3,6,574,3268
23084,0,0,0,3,3
23085,0,0,0,3,3
23086,0,0,0,3,10673
23087,0,0,0,3,3
23088,0,0,0,3,3
23089,0,1,1,4,10674
2309,0,5,5,11,12
23090,0,3,8,481,6885
23091,0,0,3887,2704,10675
23092,0,0,0,3,6886
23093,0,0,0,3,10676
23094,0,0,0,3,3
23095,0,1,1,4,497
23096,0,2,2,18,16
23097,0,1,1,255,952
23098,0,1,1,255,952
23099,0,0,0,3,3
231,0,0,0,1,2
2310,0,5,5,11,606
23100,0,3,8,4858,3269
23101,0,3,8,4859,3270
23102,0,1,3888,2705,10677
23103,0,1,1126,4860,3271
23104,0,1,1,7358,6887
23105,0,1,1,7359,6888
23106,0,791,2458,7360,6889
23107,0,57,214,2706,10678
23108,0,1,1127,4861,3272
23109,0,57,214,7361,6890
2311,0,5,5,11,8037
23110,0,57,249,7362,6891
23111,0,57,249,7363,6892
23112,0,1,1,4,6
23113,0,0,0,3,3
23114,0,3,6,7364,6893
23115,0,3,29,321,953
23116,0,1,1,4,6894
23117,0,1,1,4,3273
23118,0,1,3889,2707,10679
23119,0,2,2,18,16
2312,0,5,5,5538,4269
23120,0,1,1,4862,3274
23121,0,1,1,255,6895
23122,0,1,1,255,6896
23123,0,1,1,4863,3275
23124,0,3,29,321,6897
23125,0,3,29,321,953
23126,0,0,0,3,3
23127,0,0,0,3,3
23128,0,0,3890,2708,10680
23129,0,0,3891,2709,10681
2313,0,5,5,11,1260
23130,0,0,0,3,3
23131,0,0,0,3,3
23132,0,1,1,4,6
23133,0,0,0,3,3
23134,0,1,1,4,521
23135,0,1,1,168,579
23136,0,1,1,4864,3276
23137,0,1,1,4,3277
23138,0,1,1,4,6898
23139,0,1,1,4,10682
2314,0,1,1,5,8
23140,0,1,1,168,3278
23141,0,1,1,2710,10683
23142,0,1,1,4,6
23143,0,1,1,4,6
23144,0,1,1,4,521
23145,0,1,1,4,6
23146,0,1,1,168,579
23147,0,1,3892,2711,10684
23148,0,1,1,4,10685
23149,0,1,1,4,521
2315,0,1,1,5,4270
23150,0,792,2459,7365,6899
23151,0,1,1,4,6
23152,0,1,1,4,3279
23153,0,1,1,4,6900
23154,0,1,1,4,6901
23155,0,1,1,4,6
23156,0,1,1,4865,3280
23157,0,1,1,4,6902
23158,0,1,1,168,773
23159,0,1,1,168,773
2316,0,0,0,5539,4271
23160,0,1,1,2712,10686
23161,0,1,1,4,10687
23162,0,3,6,2713,10688
23163,0,2,2,18,16
23164,0,3,6,2714,10689
23165,0,1,1,4,6
23166,0,1,1,4,6
23167,0,0,0,3,3
23168,0,3,6,4866,3281
23169,0,3,6,4867,3282
2317,0,0,0,2,1
23170,0,1,1,4,6
23171,0,1,1,4,6
23172,0,3,6,4868,3283
23173,0,0,0,7366,6903
23174,0,3,6,7367,6904
23175,0,0,0,3,3
23176,0,0,0,3,3
23177,0,3,2460,7368,6905
23178,0,3,6,7369,6906
23179,0,1,1,4,6907
2318,0,0,0,6,7
23180,0,3,6,4869,3284
23181,0,0,0,0,0
23182,0,0,0,0,0
23183,0,0,0,0,0
23184,0,0,9,56,10690
23185,0,2,2,10,26
23186,0,0,0,0,502
23187,0,0,0,7370,6908
23188,0,0,0,0,0
23189,0,0,0,0,3285
2319,0,0,0,6,7
23190,0,0,0,0,0
23191,0,0,0,0,6909
23192,0,0,2461,7371,6910
23193,0,0,2462,7372,6911
23194,0,0,0,0,3286
23195,0,0,0,4870,3287
23196,0,0,1128,4871,3288
23197,0,0,0,0,0
23198,0,0,0,0,0
23199,0,0,0,0,0
232,0,0,0,6,17
2320,0,0,0,6,7
23200,0,0,1129,4872,3289
23201,0,0,0,0,0
23202,0,0,0,0,0
23203,0,0,0,0,0
23204,0,0,0,0,0
23205,0,18,59,256,6912
23206,0,1,1,322,1011
23207,0,0,3,7,5
23208,0,0,0,9,11
23209,0,4,4,8,20
2321,0,1,1,5,8
23210,0,0,0,1,2
23211,0,1,1,19,81
23212,0,1594,3893,2715,10691
23213,0,0,0,1,2
23214,0,0,0,9,23
23215,0,0,0,2,1
23216,0,0,3,7,5
23217,0,1,1,21,60
23218,0,793,2463,7373,6913
23219,0,4,4,8,172
2322,0,0,0,1,2
23220,0,2,2,18,16
23221,0,1,1,4,6
23222,0,1,1,4,6
23223,0,0,0,3,3
23224,0,0,0,3,3
23225,0,0,0,3,3
23226,0,0,0,3,3
23227,0,3,6,4873,3290
23228,0,3,6,2716,10692
23229,0,3,6,7374,6914
2323,0,0,3,7,5
23230,0,1,1,7375,6915
23231,0,1,1,5,13
23232,0,2257,1130,4874,3291
23233,0,0,0,1,2
23234,0,0,3,7,5
23235,0,1,1,21,60
23236,0,794,2464,7376,6916
23237,0,0,0,2,1
23238,0,0,0,2,1
23239,0,1,1,322,6917
2324,0,0,0,2,1
23240,0,2258,1131,4875,3292
23241,0,0,0,1,2
23242,0,0,0,9,11
23243,0,4,4,4876,3293
23244,0,0,0,1,4
23245,0,1,1,20,19
23246,0,0,0,9,23
23247,0,1,1,19,81
23248,0,0,3,7,5
23249,0,0,0,1,2
2325,0,1041,2887,837,8038
23250,1,1595,3894,2717,10693
23251,0,1596,3895,2718,10694
23252,0,0,0,1,2
23253,0,0,3,7,5
23254,0,1597,3896,2719,10695
23255,0,0,0,1,2
23256,4,11,24,45,65
23257,0,2259,1132,4877,3294
23258,0,0,0,1,4
23259,0,4,4,8,172
2326,0,0,0,1,2
23260,0,4,4,8,6918
23261,0,0,0,2,1
23262,0,0,3897,2720,10696
23263,0,0,0,4878,3295
23264,0,0,0,6,28
23265,0,0,0,6,28
23266,0,0,0,6,28
23267,0,0,0,7377,6919
23268,0,0,0,6,34
23269,0,0,0,2,10697
2327,0,0,0,1,2
23270,0,0,0,6,34
23271,0,3,2465,7378,6920
23272,0,0,0,116,212
23273,0,3,6,26,10698
23274,0,3,6,7379,6921
23275,0,1,1,4,3296
23276,0,0,1133,4879,3297
23277,0,1,1,4,6
23278,0,0,3898,2721,10699
23279,0,0,3899,2722,10700
2328,0,1042,2888,838,8039
23280,0,3,8,309,3298
23281,0,3,3900,2723,10701
23282,0,3,6,605,10702
23283,0,0,0,3,3
23284,0,1,1,4,6922
23285,0,0,0,3,3
23286,0,0,0,3,3
23287,0,0,0,7380,6923
23288,0,0,0,7381,6924
23289,0,0,3901,2724,10703
2329,0,0,0,1,2
23290,0,0,2466,7382,6925
23291,0,0,0,7383,6926
23292,0,0,0,3,3
23293,0,0,0,3,3
23294,0,1,1,4,10704
23295,0,0,0,3,3
23296,0,1,1,4,6
23297,0,1,1,4,6
23298,0,0,0,14,22
23299,0,0,0,0,0
233,0,4,4,5346,4003
2330,0,0,0,9,11
23300,0,0,0,0,0
23301,0,0,0,13,10
23302,0,0,0,0,49
23303,0,0,0,0,0
23304,0,0,0,0,0
23305,0,0,0,0,0
23306,0,0,0,0,42
23307,0,0,0,2725,10705
23308,0,0,0,7384,6927
23309,0,0,0,0,0
2331,0,0,0,2,1
23310,0,0,0,0,0
23311,0,0,0,0,0
23312,0,1,1,4880,3299
23313,0,1,1,4,283
23314,0,0,0,3,3
23315,0,0,0,3,3
23316,0,0,0,3,3
23317,0,0,0,3,3
23318,0,0,0,3,6928
23319,0,0,0,3,3
2332,0,1,1,5,29
23320,0,0,0,3,3
23321,0,0,0,3,3
23322,0,0,0,3,6929
23323,0,0,0,3,3
23324,0,0,0,3,3
23325,0,0,0,3,3
23326,0,0,0,3,3
23327,0,0,0,2726,10706
23328,0,0,0,3,3
23329,0,795,2467,7385,6930
2333,4,1824,355,3449,1261
23330,0,0,0,1,2
23331,0,0,0,1,2
23332,0,0,0,1,4
23333,121,1598,3902,2727,10707
23334,0,1599,3903,2728,10708
23335,0,0,0,1,2
23336,0,796,2468,7386,6931
23337,0,0,0,1,4
23338,0,1,1,4,6
23339,0,1,1,4881,3300
2334,0,55,2889,839,8040
23340,0,0,0,3,3
23341,0,3,8,2729,10709
23342,0,1,1,4,6
23343,0,0,2469,7387,6932
23344,0,0,0,6,7
23345,0,0,0,6,7
23346,0,0,0,6,7
23347,0,0,0,6,7
23348,0,0,0,2,1
23349,0,0,0,6,14
2335,0,0,0,1,4
23350,0,1,1,5,29
23351,0,0,0,9,23
23352,0,0,3,7,5
23353,0,0,0,1,2
23354,0,4,4,8,20
23355,0,0,0,9,11
23356,0,0,3,7,5
23357,0,1,1,5,546
23358,0,0,0,2,1
23359,0,10,12,140,6933
2336,3,1043,2890,840,8041
23360,0,1,1,19,6934
23361,0,7,13,51,10710
23362,0,6,7,36,52
23363,0,2,2,50,10711
23364,0,3,6,7388,6935
23365,0,0,1134,4882,3301
23366,0,0,0,3,3
23367,0,0,0,7389,6936
23368,0,0,2470,7390,6937
23369,0,0,0,3,522
2337,0,1825,356,3450,1262
23370,0,0,0,3,3
23371,0,0,0,7391,6938
23372,0,0,0,3,3
23373,0,0,0,3,10712
23374,0,0,0,3,3
23375,0,0,0,3,3
23376,0,0,0,2730,10713
23377,0,0,0,3,954
23378,0,0,3904,2731,10714
23379,0,0,0,3,3
2338,0,0,0,1,2
23380,0,0,0,3,3
23381,0,0,0,3,3302
23382,0,0,0,7392,6939
23383,0,0,0,3,3303
23384,0,0,0,4883,3304
23385,0,0,0,3,3
23386,0,0,0,3,3305
23387,0,0,0,3,3
23388,0,0,0,3,3
23389,0,0,0,3,3
2339,0,1826,357,3451,1263
23390,0,0,3905,2732,10715
23391,0,0,0,3,3
23392,0,0,0,3,3
23393,0,0,0,7393,6940
23394,0,0,0,3,3
23395,0,1,1,4,6
23396,0,0,0,3,3
23397,0,0,0,4884,3306
23398,0,0,3906,2733,10716
23399,0,0,0,7394,6941
234,0,0,0,6,7
2340,0,0,0,1,2
23400,0,0,0,3,3
23401,0,0,0,3,3
23402,0,0,2471,7395,6942
23403,0,0,0,3,3
23404,0,0,0,3,6943
23405,0,0,0,7396,6944
23406,0,0,0,3,522
23407,0,0,0,3,3
23408,0,1,1,4,6
23409,0,0,0,3,954
2341,0,0,0,1,4
23410,0,0,0,3,522
23411,0,0,0,7397,6945
23412,0,0,0,3,3
23413,0,0,3907,2734,10717
23414,0,0,0,2735,10718
23415,0,0,0,4885,3307
23416,0,1,1,4,6
23417,0,1,1,4,6
23418,0,1,1,4,3308
23419,0,1,3908,2736,10719
2342,0,0,0,1,2
23420,0,797,2472,7398,6946
23421,0,0,2473,7399,6947
23422,0,1,1,4,6
23423,0,1,1135,4886,3309
23424,0,1,1,4,6948
23425,0,3,6,4887,3310
23426,0,3,6,2737,10720
23427,0,0,0,3,3311
23428,0,0,0,3,6949
23429,0,0,0,3,3
2343,0,4,4,3452,1264
23430,0,0,0,3,3
23431,0,0,0,3,3
23432,0,1,1,4888,3312
23433,0,3,8,7400,6950
23434,0,1,1,4,6
23435,0,1,1,2738,10721
23436,0,1600,3909,2739,10722
23437,0,1,3910,2740,10723
23438,0,1,1,4,33
23439,0,1,1,4889,3313
2344,0,1,1,5,13
23440,0,1,1,4,6
23441,0,2,2,18,16
23442,0,0,0,0,0
23443,0,0,0,0,0
23444,0,0,0,0,0
23445,0,2,2,10,68
23446,0,0,0,14,22
23447,0,0,0,0,0
23448,0,0,0,0,49
23449,0,0,0,0,0
2345,0,1,1,15,25
23450,0,0,0,0,0
23451,0,0,0,0,0
23452,0,0,0,0,42
23453,0,0,0,13,10
23454,0,0,0,2741,10724
23455,0,1,1,5,56
23456,0,0,0,2,54
23457,0,0,0,12,10725
23458,0,1,1,5,10726
23459,0,1,1,2742,10727
2346,0,0,0,1,2
23460,0,798,2474,7401,6951
23461,0,0,0,34,10728
23462,0,0,0,34,6952
23463,0,0,0,34,72
23464,0,0,2475,7402,6953
23465,0,0,0,12,9
23466,0,0,0,12,9
23467,0,1,1,5,100
23468,0,0,0,12,9
23469,0,1,1,5,100
2347,0,5,5,11,127
23470,0,0,0,2,54
23471,0,1,1,5,56
23472,0,0,0,12,9
23473,0,0,0,12,9
23474,0,0,0,2743,10729
23475,0,1,1,7403,6954
23476,0,0,0,12,9
23477,0,1,1,5,56
23478,0,0,0,2744,10730
23479,0,0,0,34,72
2348,0,0,0,6,14
23480,0,1,1,5,3314
23481,0,1,1,2745,10731
23482,0,0,0,12,9
23483,0,1,1,5,56
23484,0,1,1,5,3315
23485,0,1,1,201,774
23486,0,1,1,106,241
23487,0,0,0,1,331
23488,0,0,0,12,9
23489,0,1,1,5,10732
2349,0,0,0,2,1
23490,0,1,1,2746,10733
23491,0,1,1,2747,10734
23492,0,0,0,12,9
23493,0,0,0,12,9
23494,0,0,3911,2748,10735
23495,0,0,0,2,54
23496,0,0,0,34,70
23497,0,0,0,12,9
23498,0,0,0,12,9
23499,0,0,0,1,331
235,0,0,0,6,17
2350,0,0,0,2,80
23500,0,1,1,5,10736
23501,0,0,0,12,9
23502,0,0,0,12,9
23503,0,1,1,5,3316
23504,0,0,0,12,9
23505,0,0,0,12,9
23506,0,1,1,5,10737
23507,0,0,0,12,9
23508,0,1,2476,7404,6955
23509,0,1,1,5,56
2351,0,1,2891,841,8042
23510,0,1,1,7405,6956
23511,0,0,0,12,9
23512,0,0,0,4890,3317
23513,0,0,0,12,9
23514,0,0,0,12,9
23515,0,0,0,12,9
23516,0,0,0,12,9
23517,0,0,0,12,9
23518,0,0,0,12,9
23519,0,0,0,34,72
2352,0,0,0,2,1
23520,0,0,0,2,54
23521,0,1,1,106,3318
23522,0,0,1136,4891,3319
23523,0,1,1,4892,3320
23524,0,0,0,34,70
23525,0,1,1,7406,6957
23526,0,1,1,5,10738
23527,0,0,0,2,54
23528,0,0,0,12,9
23529,0,0,0,2749,10739
2353,0,4,4,153,406
23530,0,0,0,34,72
23531,0,1,1,5,56
23532,0,0,0,12,9
23533,0,1,1,5,100
23534,0,0,0,12,3321
23535,0,0,0,12,9
23536,0,0,0,12,9
23537,0,0,0,12,9
23538,0,0,0,12,9
23539,0,0,0,12,9
2354,0,0,2892,842,8043
23540,0,1,1,5,100
23541,0,0,0,12,9
23542,0,0,0,34,72
23543,0,1,1,5,10740
23544,0,0,0,12,6958
23545,0,1,1,5,107
23546,0,1,1,7407,6959
23547,0,0,0,12,9
23548,0,1,1,5,10741
23549,0,0,0,2,54
2355,0,0,0,1,4272
23550,0,0,0,12,9
23551,0,0,0,34,70
23552,0,0,0,12,9
23553,0,0,0,1,2
23554,0,0,0,7408,6960
23555,0,0,3,7,5
23556,0,0,2477,7409,6961
23557,0,0,0,2750,10742
23558,0,0,0,2,1
23559,0,0,3,7,5
2356,0,4,4,8,20
23560,0,0,0,2,6962
23561,0,1,1,19,10743
23562,4,799,2478,7410,6963
23563,0,0,0,1,4
23564,0,1,1,5,3322
23565,1,2260,1137,4893,3323
23566,0,0,0,1,2
23567,0,1,1,31,91
23568,0,0,0,2,1
23569,0,0,0,4894,3324
2357,0,1,1,21,57
23570,0,0,0,4895,3325
23571,0,1,1,2751,10744
23572,0,1,1,5,267
23573,0,0,0,9,204
23574,0,1,1,7411,6964
23575,0,0,0,1,4
23576,0,1,1,31,3326
23577,0,0,0,1,6965
23578,0,0,3912,2752,10745
23579,0,0,0,1,4
2358,0,0,0,3453,1265
23580,0,0,0,1,2
23581,0,0,0,1,2
23582,0,0,3,7,5
23583,0,0,0,1,4
23584,0,0,0,1,2
23585,0,0,0,1,4
23586,0,0,0,1,4
23587,0,0,0,1,4
23588,0,0,0,1,4
23589,0,800,2479,7412,6966
2359,0,0,0,0,0
23590,0,0,0,1,2
23591,0,2261,1138,4896,3327
23592,0,0,0,1,4
23593,0,1601,3913,2753,10746
23594,0,0,0,1,2
23595,0,0,0,1,4
23596,0,10,12,258,10747
23597,0,1,1,5,29
23598,0,4,4,239,387
23599,4,63,3914,2754,10748
236,0,0,0,2,1
2360,0,0,0,0,0
23600,0,0,0,1,4
23601,0,0,0,2755,10749
23602,0,4,4,8,3328
23603,0,0,0,2,1
23604,0,0,0,2,1
23605,0,0,0,1,2
23606,0,1,1,20,19
23607,0,0,0,4897,3329
23608,0,1602,3915,2756,10750
23609,0,0,0,1,2
2361,0,0,2893,843,8044
23610,0,0,0,2,1
23611,0,0,0,1,2
23612,0,10,12,4898,3330
23613,0,4,4,2757,10751
23614,0,5,5,11,6967
23615,0,0,0,6,7
23616,0,0,0,2,3331
23617,0,5,5,11,10752
23618,0,5,5,11,270
23619,0,1,1,5,8
2362,0,2,2,3454,1266
23620,0,0,0,2,1
23621,1,801,2480,7413,6968
23622,0,1603,3916,2758,10753
23623,0,0,0,1,2
23624,0,1,1,5,8
23625,0,1,1,5,8
23626,0,0,0,1,6969
23627,0,0,0,1,4
23628,0,0,3,7,5
23629,0,0,0,1,4
2363,0,0,0,0,0
23630,0,0,0,9,204
23631,0,0,0,1,4
23632,0,0,0,1,4
23633,0,0,0,1,4
23634,0,1,1,31,91
23635,0,0,0,2,1
23636,0,0,0,1,4
23637,0,0,0,12,9
23638,0,0,0,1,4
23639,0,0,0,1,4
2364,0,0,0,0,0
23640,0,0,0,1,4
23641,0,1,1,500,973
23642,0,0,0,1,6970
23643,0,0,0,1,4
23644,0,1,1,20,19
23645,0,0,0,1,2
23646,0,1,1,19,10754
23647,0,0,1139,4899,3332
23648,0,0,0,1,4
23649,0,1,1,20,19
2365,0,0,0,0,0
23650,0,0,0,1,4
23651,0,0,0,1,4
23652,0,0,0,1,4
23653,0,1,1,5,29
23654,9,19,39,88,158
23655,0,0,0,2,1
23656,0,0,3,7,5
23657,0,4,4,8,10755
23658,0,10,12,7414,6971
23659,0,0,0,1,4
2366,0,0,0,14,22
23660,0,0,0,1,4
23661,0,0,0,1,4
23662,0,802,2481,7415,6972
23663,0,0,0,1,2
23664,0,0,0,2,1
23665,0,0,1140,4900,3333
23666,0,4,4,8,6973
23667,0,0,0,2,1
23668,0,1,1,5,8
23669,0,0,0,2,1
2367,0,0,0,0,0
23670,0,0,0,1,4
23671,0,0,0,2,1
23672,0,0,0,1,174
23673,0,2262,1141,4901,3334
23674,0,0,0,9,23
23675,0,0,0,2,1
23676,0,0,0,1,4
23677,0,1,1,5,10756
23678,0,1,1,5,8
23679,0,1,1,19,47
2368,0,0,0,0,0
23680,0,0,0,6,7
23681,0,0,0,1,2
23682,0,0,0,2,1
23683,0,0,0,1,2
23684,0,0,1142,4902,3335
23685,0,0,0,2759,10757
23686,0,0,0,2,1
23687,0,1,1,7416,6974
23688,0,1,1,5,8
23689,0,1,1,5,8
2369,0,0,0,0,0
23690,0,2263,1143,4903,3336
23691,0,5,5,11,12
23692,0,5,5,11,12
23693,0,803,2482,7417,6975
23694,1,1604,3917,2760,10758
23695,0,1605,3918,2761,10759
23696,0,0,0,1,2
23697,0,5,5,11,384
23698,0,0,0,6,17
23699,0,0,0,4904,3337
237,0,5,5,11,12
2370,0,0,0,0,0
23700,0,1,1,5,8
23701,0,0,0,6,7
23702,0,0,0,6,7
23703,0,5,5,11,12
23704,0,5,5,11,12
23705,0,1,1,4,6
23706,0,1,1,4,6
23707,0,0,0,3,3
23708,0,0,0,3,3
23709,0,0,0,3,3
2371,0,0,0,13,10
23710,0,0,0,3,3
23711,0,0,0,3,3
23712,0,0,0,3,3
23713,0,0,0,3,3
23714,0,0,0,3,3
23715,0,0,0,4905,3338
23716,0,0,0,3,3
23717,0,3,8,2762,10760
23718,0,0,0,3,3
23719,0,1,1,4906,3339
2372,0,0,0,0,0
23720,0,1,1,4,6
23721,0,1,1,4,6
23722,0,3,6,124,10761
23723,0,1,1,7418,6976
23724,0,1,1,4,6
23725,0,2,2,18,3340
23726,0,1,1,4,33
23727,0,1,2483,7419,6977
23728,0,1,1,7420,6978
23729,0,3,117,7421,6979
2373,0,0,0,0,0
23730,0,1,1,4,580
23731,0,1,1,4,580
23732,0,2,2,7422,6980
23733,0,2,2,482,775
23734,0,2,2,482,775
23735,0,3,1144,4907,3341
23736,0,0,0,3,385
23737,0,3,8,575,10762
23738,0,3,8,575,3342
23739,0,0,0,3,385
2374,0,0,0,0,0
23740,0,3,8,7423,6981
23741,277,804,2484,7424,6982
23742,0,1,1,4,580
23743,0,0,0,3,385
23744,0,0,0,3,523
23745,0,0,0,3,523
23746,0,0,0,3,523
23747,0,6,7,17,18
23748,0,0,0,0,0
23749,0,0,0,0,0
2375,0,0,0,0,0
23750,0,2,2,10,15
23751,0,0,0,0,0
23752,0,0,0,0,0
23753,0,0,0,0,0
23754,0,0,0,0,0
23755,0,0,0,0,0
23756,0,0,0,0,0
23757,0,1,1,21,3343
23758,122,1606,3919,2763,10763
23759,0,0,0,4908,3344
2376,0,0,0,0,8045
23760,0,0,3,7,5
23761,0,2264,1145,4909,3345
23762,0,0,3920,2764,10764
23763,0,1,1,20,19
23764,0,0,3,7,5
23765,1,1607,3921,2765,10765
23766,0,805,2485,7425,6983
23767,0,0,0,1,2
23768,0,1,1,15,30
23769,123,1608,3922,2766,10766
2377,0,6,7,17,18
23770,0,0,0,2,1
23771,0,0,0,1,2
23772,0,1,1,20,19
23773,0,0,3,7,5
23774,0,0,0,1,2
23775,0,1609,3923,2767,10767
23776,0,0,0,1,2
23777,0,0,0,9,10768
23778,124,1610,3924,2768,10769
23779,0,806,2486,7426,6984
2378,0,0,0,0,0
23780,0,0,0,1,2
23781,0,0,3,7,5
23782,0,0,0,2,1
23783,0,1,2487,7427,6985
23784,0,10,12,140,3346
23785,0,0,0,1,2
23786,0,0,0,7428,6986
23787,0,0,0,1,3347
23788,0,0,2488,7429,6987
23789,0,4,4,595,10770
2379,0,189,1479,5540,4273
23790,0,0,0,1,2
23791,0,0,0,1,2
23792,0,0,0,1,2
23793,0,0,0,1,2
23794,0,0,3,7,5
23795,0,2265,1146,4910,3348
23796,0,0,0,7430,6988
23797,0,0,0,1,4
23798,125,1611,3925,2769,10771
23799,0,1612,3926,2770,10772
238,0,5,5,11,12
2380,0,1827,358,3455,1267
23800,0,0,0,1,2
23801,0,4,4,8,3349
23802,0,0,0,7431,6989
23803,1,2266,1147,4911,3350
23804,0,0,0,1,2
23805,0,10,12,7432,6990
23806,0,0,0,1,2
23807,4,11,24,45,65
23808,0,807,2489,7433,6991
23809,0,0,0,1,4
2381,0,0,0,0,0
23810,0,1613,3927,2771,10773
23811,0,0,0,1,2
23812,0,808,2490,7434,6992
23813,0,0,0,1,2
23814,0,1,80,7435,6993
23815,0,1,1,4,3351
23816,0,0,0,3,10774
23817,0,2267,1148,4912,3352
23818,0,0,0,2772,10775
23819,0,0,3928,2773,10776
2382,0,0,0,1,2
23820,0,3,8,7436,6994
23821,0,3,6,7437,6995
23822,0,3,6,26,208
23823,0,2,2,18,16
23824,0,1,3929,2774,10777
23825,0,1,1,4,6
23826,0,0,0,3,3
23827,0,0,0,3,3
23828,0,3,6,2775,10778
23829,0,0,0,3,6996
2383,0,0,0,1,2
23830,0,0,0,3,3
23831,0,3,6,7438,6997
23832,0,3,6,483,6998
23833,0,3,6,7439,6999
23834,0,1,1,4,6
23835,0,0,0,0,0
23836,0,0,0,13,10
23837,0,0,0,0,0
23838,0,0,0,221,10779
23839,0,0,0,0,0
2384,0,1828,359,3456,1268
23840,0,0,0,0,0
23841,0,0,0,0,0
23842,0,0,9,35,7000
23843,0,0,0,0,0
23844,0,0,0,0,0
23845,0,0,0,38,45
23846,0,0,0,0,0
23847,0,0,0,0,0
23848,0,0,0,0,0
23849,0,0,0,0,0
2385,0,1829,360,3457,1269
23850,0,2,2,10,26
23851,0,0,0,0,0
23852,0,0,0,14,32
23853,0,0,3930,2776,10780
23854,0,0,0,0,0
23855,0,0,0,0,49
23856,0,0,9,54,175
23857,0,0,0,14,22
23858,0,0,215,628,10781
23859,0,0,0,2,776
2386,0,1,1,5,13
23860,0,0,0,2,776
23861,0,1,1,5,524
23862,0,1,1,5,524
23863,0,0,0,12,9
23864,0,0,0,12,9
23865,0,0,0,12,9
23866,0,0,0,12,9
23867,0,0,0,12,9
23868,0,0,0,323,525
23869,0,0,0,323,525
2387,0,0,0,2,1
23870,0,0,0,12,9
23871,0,0,0,12,9
23872,0,0,0,2777,10782
23873,0,0,0,12,9
23874,0,1,3931,2778,10783
23875,0,0,0,12,9
23876,0,0,0,12,7001
23877,0,0,0,12,9
23878,0,0,3932,2779,10784
23879,0,1,3933,2780,10785
2388,0,0,0,9,11
23880,0,1,1,7440,7002
23881,0,0,0,2781,10786
23882,0,0,0,12,9
23883,0,0,0,12,9
23884,0,0,0,12,9
23885,0,1,1,5,955
23886,0,1,1,5,955
23887,0,0,0,12,9
23888,0,1,1,5,10787
23889,0,0,0,12,9
2389,0,0,0,2,1
23890,0,0,0,12,9
23891,0,0,0,12,9
23892,0,0,219,576,784
23893,0,1,1,5,10788
23894,0,1,1,7441,7003
23895,0,0,0,12,3353
23896,0,0,0,2,1
23897,0,0,0,2,3354
23898,0,0,70,257,526
23899,0,0,0,6,14
239,0,4,268,3289,1038
2390,0,1,1,4,8046
23900,0,0,0,2,1
23901,0,5,5,11,7004
23902,0,4,121,267,527
23903,0,0,0,6,14
23904,0,4,121,267,527
23905,0,0,70,257,3355
23906,0,4,121,267,3356
23907,0,0,0,6,14
23908,0,5,5,7442,7005
23909,0,0,70,2782,10789
2391,0,2,2,18,16
23910,0,0,0,2,1
23911,0,0,70,257,526
23912,0,0,70,257,526
23913,0,5,5,11,127
23914,0,0,0,2,1
23915,0,0,0,1,2
23916,0,0,0,2,7006
23917,0,0,0,7443,7007
23918,0,0,0,4913,3357
23919,0,0,0,2,1
2392,0,3,8,401,8047
23920,0,1,1,15,528
23921,0,4,4,8,3358
23922,0,0,0,2,1
23923,0,1,1,5,13
23924,0,0,0,4914,3359
23925,0,1,1,2783,10790
23926,0,4,4,8,10791
23927,0,0,0,9,11
23928,0,1,1,5,13
23929,0,0,0,1,2
2393,0,1,1,4,6
23930,0,0,3,7,5
23931,0,0,0,1,3360
23932,0,1614,3934,2784,10792
23933,0,0,0,1,2
23934,0,0,3935,2785,10793
23935,0,0,0,2,1
23936,0,0,0,2,1
23937,3,1615,3936,2786,10794
23938,0,2268,1149,4915,3361
23939,0,0,0,1,2
2394,0,1,1,4,6
23940,0,809,2491,7444,7008
23941,0,0,0,1,3362
23942,0,0,0,2787,10795
23943,0,0,0,4916,3363
23944,0,0,0,1,2
23945,0,0,0,1,4
23946,0,0,0,1,4
23947,0,0,0,1,2
23948,0,0,0,283,10796
23949,0,0,0,283,854
2395,0,1,1,5541,4274
23950,0,0,0,7445,7009
23951,0,4,4,8,880
23952,0,4,4,8,3364
23953,0,1,1,577,3365
23954,0,0,0,1,4
23955,0,1,1,4,6
23956,0,3,8,4917,3366
23957,0,1,1,2788,10797
23958,0,1,1,4,6
23959,0,1,1,7446,7010
2396,0,1,1,4,4275
23960,0,0,0,3,10798
23961,0,0,0,2789,10799
23962,0,0,0,3,3
23963,0,0,0,3,3
23964,0,0,0,3,3367
23965,0,0,0,3,3
23966,0,0,0,3,3
23967,0,0,0,7447,7011
23968,0,3,3937,2790,10800
23969,0,4,4,7448,7012
2397,0,3,6,844,8048
23970,0,1,1,84,956
23971,0,1,1,15,95
23972,0,0,0,2,1
23973,0,4,4,7449,7013
23974,0,4,4,7450,7014
23975,0,1,1,84,956
23976,0,4,4,7451,7015
23977,0,0,3,7,5
23978,0,1,1,2791,10801
23979,0,4,4,8,279
2398,0,0,0,3458,1270
23980,0,0,0,1,4
23981,0,0,0,2,1
23982,0,0,0,2,1
23983,0,1,1,2792,10802
23984,0,0,0,248,386
23985,0,0,0,2,1
23986,0,0,0,248,386
23987,0,0,1150,4918,3368
23988,0,0,0,2,1
23989,0,0,0,2,1
2399,0,3,6,845,8049
23990,0,0,0,7452,7016
23991,0,0,0,2,1
23992,0,0,0,1,4
23993,0,0,0,9,23
23994,0,1,1,21,129
23995,0,810,2492,7453,7017
23996,0,1616,3938,2793,10803
23997,0,811,2493,7454,7018
23998,0,0,0,1,2
23999,0,0,0,1,4
24,0,1782,264,3279,1021
240,0,0,0,6,14
2400,0,1,1,4,33
24000,0,1,1,19,163
24001,0,0,0,2,1
24002,0,0,0,1,2
24003,0,0,3,7,5
24004,0,0,0,6,7
24005,0,0,0,2,1
24006,0,0,0,1,4
24007,1,812,2494,7455,7019
24008,0,0,0,1,2
24009,0,0,0,1,4
2401,0,0,0,3,3
24010,0,0,0,3,3
24011,0,1,1151,4919,3369
24012,0,1,1,4,7020
24013,0,1,1,4,416
24014,0,1,1,4920,3370
24015,0,1,1,4,416
24016,0,1,1,4,416
24017,0,3,6,7456,7021
24018,0,1,1,4921,3371
24019,0,1,1,4,10804
2402,0,0,0,3,4276
24020,0,1,1,4,416
24021,0,1,1,4922,3372
24022,0,1617,3939,2794,10805
24023,0,1,1,2795,10806
24024,0,0,27,131,276
24025,0,0,0,0,0
24026,0,0,0,0,0
24027,0,0,0,0,0
24028,0,0,0,2,1
24029,0,813,2495,7457,7022
2403,0,0,0,3,3
24030,0,0,0,1,2
24031,0,0,0,2,1
24032,0,0,0,6,14
24033,0,0,0,1,2
24034,0,0,0,4923,3373
24035,0,0,0,1,2
24036,0,1,1,5,13
24037,0,0,0,1,4
24038,0,0,0,1,2
24039,278,814,2496,7458,7023
2404,0,0,0,846,8050
24040,0,0,0,1,2
24041,0,0,0,1,2
24042,0,1,1,7459,7024
24043,0,0,0,1,2
24044,0,0,0,1,10807
24045,0,0,0,1,2
24046,0,0,0,2,1
24047,0,0,0,6,10808
24048,0,0,0,2,1
24049,0,1,1,5,7025
2405,0,0,0,3,3
24050,0,0,0,6,7
24051,0,0,0,2,1
24052,0,0,0,2,1
24053,0,0,0,1,2
24054,0,5,5,11,12
24055,0,0,0,27,777
24056,0,0,0,1,2
24057,0,0,0,27,777
24058,0,0,0,2,1
24059,0,0,0,6,17
2406,0,0,0,3,3
24060,0,5,5,11,12
24061,0,0,0,6,7
24062,0,0,0,2,1
24063,0,0,0,6,7026
24064,0,1,1,5,7027
24065,0,1,1,5,8
24066,0,2,2,10,15
24067,0,0,0,0,10809
24068,0,0,2497,7460,7028
24069,0,0,2498,7461,7029
2407,0,0,0,3,3
24070,0,0,0,0,0
24071,0,1,1,19,47
24072,3,815,2499,7462,7030
24073,0,0,0,1,2
24074,0,1618,3940,2796,10810
24075,0,0,0,1,174
24076,0,0,0,1,2
24077,0,0,0,1,4
24078,0,2269,1152,4924,3374
24079,0,0,0,1,2
2408,0,0,0,3459,1271
24080,0,3,3941,2797,10811
24081,0,3,6,7463,7031
24082,0,3,6,2798,10812
24083,0,3,6,4925,3375
24084,0,1,1,122,957
24085,0,0,0,3,67
24086,0,1,1,61,92
24087,0,1,1,4,10813
24088,0,1,1,122,7032
24089,0,1,1,4,6
2409,0,0,0,3,3
24090,0,1,1,4,7033
24091,0,1,1,4,96
24092,0,1,1,4,10814
24093,0,1,1,4,51
24094,0,1,1,122,10815
24095,0,1,1,4926,3376
24096,0,1,1153,4927,3377
24097,0,816,2500,7464,7034
24098,0,1,1,4,7035
24099,0,1,1,4,51
241,0,1,1,5,8
2410,0,0,0,3,3
24100,0,1,1,4,7036
24101,0,1,1,4,6
24102,0,1,1,4,7037
24103,0,1,1,7465,7038
24104,0,3,6,7466,7039
24105,0,2,1154,4928,3378
24106,0,6,7,2799,10816
24107,0,0,0,0,0
24108,0,0,0,2800,10817
24109,0,0,27,108,703
2411,0,0,0,3,3
24110,0,0,0,0,0
24111,0,0,0,0,3379
24112,0,6,7,17,18
24113,0,2,2,10,15
24114,0,0,1155,4929,3380
24115,0,0,0,4930,3381
24116,0,0,0,6,28
24117,0,0,0,6,157
24118,0,0,0,6,10818
24119,0,0,0,7467,7040
2412,0,0,0,3,3
24120,0,0,0,6,34
24121,0,0,0,6,10819
24122,0,0,0,6,28
24123,0,0,0,6,28
24124,0,0,0,6,28
24125,0,0,0,6,28
24126,0,0,0,116,212
24127,0,0,0,116,212
24128,0,0,1156,4931,3382
24129,0,0,0,6,28
2413,0,0,0,3,3
24130,0,0,0,4932,3383
24131,0,0,0,6,28
24132,0,0,0,6,28
24133,0,0,0,6,28
24134,0,0,0,6,28
24135,0,0,0,6,28
24136,0,0,0,3,3
24137,0,2,2,18,16
24138,0,0,0,3,3
24139,0,817,2501,7468,7041
2414,0,0,0,5542,4277
24140,0,0,0,3,3384
24141,0,0,0,2801,10820
24142,0,0,0,3,3
24143,0,0,0,0,0
24144,0,0,0,0,0
24145,0,0,0,0,0
24146,196,2270,1157,4933,3385
24147,0,0,0,0,10821
24148,0,0,3942,2802,10822
24149,0,6,7,99,201
2415,0,0,0,3,3
24150,126,1619,3943,2803,10823
24151,0,0,0,0,0
24152,0,0,0,0,0
24153,0,0,0,0,0
24154,279,818,2502,7469,7042
24155,0,0,0,1,4
24156,0,0,0,1,4
24157,0,0,0,9,204
24158,0,1,1,19,7043
24159,0,0,0,6,7
2416,0,0,0,847,8051
24160,0,1,1,5,10824
24161,0,0,0,2,1
24162,0,0,0,2,1
24163,0,0,0,2,1
24164,0,0,0,6,7
24165,0,1,1,5,8
24166,0,5,5,11,12
24167,0,0,0,6,14
24168,0,0,0,6,7
24169,0,0,0,2,1
2417,0,1,1,4,355
24170,0,0,0,2,1
24171,0,4,4,578,3386
24172,0,0,0,2,1
24173,0,0,0,6,7
24174,0,0,0,6,17
24175,0,0,0,1,4
24176,0,0,0,1,2
24177,0,4,4,2804,10825
24178,0,0,0,2,1
24179,0,10,12,140,7044
2418,0,1,1,4,6
24180,0,0,3,7,5
24181,0,0,0,2,1
24182,0,1,80,7470,7045
24183,0,0,0,1,2
24184,0,1,1,5,267
24185,0,4,4,8,7046
24186,0,0,3,7,5
24187,0,1,1,20,19
24188,0,1,1,20,19
24189,0,0,0,2,1
2419,0,1,1,4,6
24190,0,4,4,239,387
24191,0,1,1,21,60
24192,0,0,0,0,0
24193,0,0,0,0,0
24194,0,6,7,7471,7047
24195,0,0,0,0,329
24196,0,0,2503,7472,7048
24197,0,0,0,0,0
24198,127,1620,3944,2805,10826
24199,0,0,0,0,0
242,0,0,0,6,7
2420,0,1,1,4,6
24200,0,2,2,7473,7049
24201,0,0,0,0,778
24202,0,0,0,281,779
24203,0,0,0,0,329
24204,0,0,0,0,7050
24205,0,0,0,0,0
24206,0,0,0,0,0
24207,0,0,0,0,852
24208,0,0,0,0,0
24209,0,0,0,0,0
2421,0,1,1,377,840
24210,0,0,0,0,0
24211,0,0,2504,7474,7051
24212,0,6,7,17,18
24213,0,6,7,17,18
24214,0,0,0,0,0
24215,0,2,2,10,15
24216,0,0,0,0,0
24217,0,0,0,0,0
24218,0,2,2,10,15
24219,0,0,0,0,0
2422,0,1,1,4,607
24220,0,6,7,17,18
24221,0,0,0,0,0
24222,0,0,3,7,5
24223,0,0,0,2,1
24224,0,4,4,8,20
24225,0,0,2505,7475,7052
24226,0,2271,1158,4934,3387
24227,0,1,1,5,10827
24228,0,0,0,2,1
24229,0,2,2,144,259
2423,0,0,0,0,0
24230,0,2,2,18,16
24231,0,2272,1159,4935,3388
24232,0,0,0,3,3
24233,0,1,1,4,10828
24234,0,0,0,2806,10829
24235,0,0,0,3,3
24236,0,0,0,0,112
24237,0,0,0,0,112
24238,0,0,0,0,0
24239,6,13,69,154,278
2424,0,0,0,0,0
24240,0,0,0,0,10830
24241,0,0,3945,2807,10831
24242,0,0,0,96,152
24243,0,0,0,0,112
24244,0,0,0,0,7053
24245,0,0,0,0,0
24246,0,0,0,0,0
24247,0,0,0,0,0
24248,0,0,0,0,3389
24249,0,0,0,0,112
2425,0,0,0,0,0
24250,0,0,0,0,0
24251,0,0,0,0,112
24252,0,0,0,0,10832
24253,0,0,0,14,284
24254,0,0,0,7476,7054
24255,0,0,0,0,0
24256,0,0,0,0,7055
24257,0,0,0,96,152
24258,0,0,0,0,0
24259,0,0,3946,2808,10833
2426,0,0,0,0,0
24260,0,0,0,0,0
24261,0,0,3947,2809,10834
24262,0,0,0,4936,3390
24263,0,0,0,0,0
24264,0,0,0,0,0
24265,0,0,0,0,10835
24266,0,0,0,0,0
24267,0,0,0,0,112
24268,0,0,0,4937,3391
24269,0,0,0,0,0
2427,0,0,0,3,3
24270,0,0,0,2810,10836
24271,0,0,0,7477,7056
24272,0,0,0,0,0
24273,280,819,2506,7478,7057
24274,0,0,0,0,7058
24275,0,0,0,7479,7059
24276,0,0,3948,2811,10837
24277,0,0,0,0,0
24278,0,0,0,0,0
24279,0,0,1160,4938,3392
2428,0,2,2,10,15
24280,0,0,0,0,0
24281,0,0,3949,2812,10838
24282,0,6,7,196,7060
24283,0,0,0,7480,7061
24284,0,0,0,0,0
24285,0,0,0,4939,3393
24286,0,0,0,1,2
24287,0,0,0,0,0
24288,0,0,0,9,11
24289,0,0,0,2,1
2429,0,0,26,91,161
24290,0,820,2507,7481,7062
24291,0,0,0,1,2
24292,281,821,2508,7482,7063
24293,0,0,3950,2813,10839
24294,0,1,1,19,143
24295,0,0,0,1,4
24296,0,2,2,484,7064
24297,0,0,0,2814,10840
24298,0,822,2509,7483,7065
24299,0,0,0,1,2
243,0,1,1,5,8
2430,0,0,0,27,35
24300,0,0,3,7,5
24301,0,0,0,2815,10841
24302,0,0,0,1,2
24303,0,0,0,9,11
24304,0,0,3,7,5
24305,0,0,0,2,1
24306,0,0,0,1,2
24307,0,22,3951,2816,10842
24308,0,0,0,1,2
24309,0,0,0,2,1
2431,0,0,0,2,1
24310,0,1,1,15,3394
24311,0,2273,1161,4940,3395
24312,0,1,1,4941,3396
24313,0,823,2510,7484,7066
24314,0,0,0,2,1
24315,0,4,4,2817,10843
24316,0,0,0,179,780
24317,0,4,4,7485,7067
24318,0,0,1162,4942,3397
24319,0,22,3952,2818,10844
2432,0,0,0,27,35
24320,0,0,0,1,2
24321,0,0,0,2819,10845
24322,0,1,1,4,388
24323,0,1,1,4,388
24324,0,1,1,4,7068
24325,0,1,1,4,33
24326,0,1,2511,7486,7069
24327,0,1,1,4,7070
24328,0,3,6,4943,3398
24329,0,1,216,2820,10846
2433,0,0,26,91,161
24330,0,1,1,7487,7071
24331,0,1,1,4,696
24332,0,1,1,4,33
24333,0,1,1,4,33
24334,0,1,1,4,3399
24335,0,2,2,18,16
24336,0,1,1,4,7072
24337,0,1,1,4,293
24338,0,1,1,2821,10847
24339,0,1,216,7488,7073
2434,0,0,0,1,103
24340,0,1,1,4,568
24341,0,0,0,3,3
24342,0,0,0,2822,10848
24343,0,0,0,3,3
24344,0,0,0,3,3
24345,0,0,0,3,3
24346,0,3,250,4944,3400
24347,0,3,250,7489,7074
24348,0,2,2,18,16
24349,0,1,1,4,6
2435,0,0,0,2,1
24350,0,1,1,4,820
24351,0,1,1,4,6
24352,0,1,1,4,6
24353,0,3,6,7490,7075
24354,0,0,0,2823,10849
24355,0,0,0,485,958
24356,0,0,0,485,958
24357,0,0,0,3,3
24358,0,0,0,3,3
24359,0,0,0,3,3
2436,0,0,0,2,1
24360,0,0,0,3,3
24361,0,0,0,3,3
24362,0,0,0,3,3
24363,0,1,1,4,6
24364,0,1,3953,2824,10850
24365,0,2,2,10,15
24366,0,6,7,4945,3401
24367,0,0,0,0,0
24368,0,1,2512,7491,7076
24369,0,1,3954,2825,10851
2437,0,0,0,2,1
24370,0,1,1,4,6
24371,0,0,0,3,3
24372,0,3,8,4946,3402
24373,0,1,1,4,135
24374,0,1,1,4,109
24375,0,1,1,4,109
24376,0,1,1,4,109
24377,0,1,1,4,6
24378,0,3,6,4947,3403
24379,0,1,1,122,10852
2438,0,0,0,2,1
24380,0,1,1,4,7077
24381,0,1,1,24,10853
24382,0,1,1,122,957
24383,0,1,1,24,346
24384,0,1,1,33,75
24385,0,1,1,122,7078
24386,0,1,1,4,51
24387,0,2,2,18,10854
24388,0,1,1,33,75
24389,0,0,0,0,0
2439,0,0,0,2,1
24390,0,3,6,2826,10855
24391,0,2,76,167,249
24392,0,0,0,0,83
24393,0,0,0,0,0
24394,0,0,0,13,10
24395,0,1,1,4948,3404
24396,0,1,1,15,25
24397,0,1,1,5,13
24398,0,0,0,1,2
24399,0,2274,1163,4949,3405
244,0,0,0,0,0
2440,0,0,361,3460,1272
24400,0,0,0,1,2
24401,0,0,0,2,1
24402,0,1,1,5,3406
24403,0,0,0,2827,10856
24404,0,1,1,5,275
24405,0,0,3,7,5
24406,0,0,0,2,1
24407,0,1621,3955,2828,10857
24408,0,0,0,1,2
24409,0,0,0,9,11
2441,0,0,0,848,8052
24410,0,1622,3956,2829,10858
24411,0,0,0,1,2
24412,4,11,24,45,65
24413,0,0,0,2830,10859
24414,0,0,0,9,11
24415,0,0,0,2,1
24416,0,1623,3957,2831,10860
24417,0,0,0,1,2
24418,0,0,0,1,7079
24419,0,0,0,1,2
2442,0,0,0,5543,4278
24420,0,0,0,2832,10861
24421,0,0,0,268,508
24422,0,1,1,4,6
24423,0,0,0,3,3
24424,51,109,217,2833,10862
24425,0,2,2513,7492,7080
24426,51,109,217,2834,10863
24427,0,0,0,13,10
24428,0,0,3,7,5
24429,0,0,0,4950,3407
2443,0,2,2,10,8053
24430,0,0,0,1,4
24431,0,2275,1164,4951,3408
24432,0,0,0,1,4
24433,0,2276,1165,4952,3409
24434,0,0,0,1,2
24435,0,0,0,1,2
24436,0,0,0,2,1
24437,0,0,0,2,1
24438,0,0,3,7,5
24439,0,0,0,1,4
2444,0,0,0,849,8054
24440,0,1,1,24,250
24441,0,1,1,5,21
24442,0,0,0,2,48
24443,0,1,1,5,10864
24444,0,1,1,5,21
24445,0,0,0,2,1
24446,0,1,1,7493,7081
24447,0,1,1,4,10865
24448,0,0,0,0,37
24449,0,0,0,0,0
2445,0,0,0,850,8055
24450,0,0,262,4953,3410
24451,0,0,0,2,1
24452,0,1,1,4,6
24453,0,1,1,5,21
24454,0,0,0,1,392
24455,0,0,0,2,48
24456,0,1,1,5,10866
24457,0,1,1,5,21
24458,0,1,1,7494,7082
24459,0,2277,1166,4954,3411
2446,0,0,0,5544,4279
24460,0,1624,3958,2835,10867
24461,0,0,0,2,1
24462,0,0,2514,7495,7083
24463,0,0,0,2,1
24464,0,1,1,4,3412
24465,0,824,2515,7496,7084
24466,0,0,0,1,117
24467,0,0,0,1,2
24468,4,11,2516,7497,7085
24469,0,0,0,1,4
2447,0,0,0,3461,1273
24470,0,4,4,153,406
24471,0,0,0,1,2
24472,0,0,0,2,1
24473,0,1,1,5,345
24474,0,1,1,5,7086
24475,0,0,0,2,1
24476,0,0,0,1,2
24477,0,0,0,0,0
24478,0,0,0,0,0
24479,0,0,0,0,0
2448,0,2,2,10,15
24480,0,1,1,2836,10868
24481,0,0,0,0,0
24482,0,6,7,17,529
24483,0,2,2,10,10869
24484,0,2,2,10,15
24485,0,1,1,4955,3413
24486,0,0,0,2,36
24487,0,1,1,5,21
24488,0,0,0,4956,3414
24489,0,0,0,7498,7087
2449,0,14,2894,851,8056
24490,0,0,0,2,1
24491,0,1,1,5,8
24492,0,0,0,6,7
24493,0,0,0,6,17
24494,0,0,0,2,1
24495,0,0,0,6,14
24496,0,0,0,6,7
24497,0,0,0,6,7
24498,0,0,0,6,7
24499,0,0,0,2,1
245,0,0,0,12,722
2450,57,1044,2895,852,8057
24500,0,0,0,2,1
24501,0,2278,1167,4957,3415
24502,0,0,0,16,24
24503,0,0,0,16,38
24504,0,0,0,16,38
24505,0,0,0,16,38
24506,0,0,0,2837,10870
24507,0,0,3959,2838,10871
24508,0,0,0,16,38
24509,0,0,0,95,862
2451,0,0,0,0,0
24510,0,0,0,16,128
24511,0,0,0,16,128
24512,0,0,0,16,24
24513,0,0,0,16,197
24514,0,0,0,16,262
24515,0,0,0,16,169
24516,0,0,0,16,169
24517,0,0,2517,7499,7088
24518,0,0,0,22,167
24519,0,0,0,170,993
2452,0,0,0,0,8058
24520,0,0,0,16,38
24521,0,0,0,0,0
24522,0,3,6,7500,7089
24523,0,2,2,444,781
24524,0,0,0,2,1
24525,13,1625,3960,2839,10872
24526,0,6,7,2840,10873
24527,0,0,0,579,3416
24528,0,2,2,7501,7090
24529,128,1626,3961,2841,10874
2453,0,0,0,0,0
24530,0,0,129,351,787
24531,0,1,1,5,8
24532,0,0,0,6,7
24533,0,0,0,2,1
24534,0,0,0,6,7
24535,0,0,0,6,17
24536,0,4,4,580,782
24537,0,4,4,580,782
24538,0,0,0,6,7
24539,0,0,0,6,7
2454,0,0,0,0,0
24540,0,0,0,0,425
24541,0,1,1,7502,7091
24542,0,0,0,0,0
24543,0,0,0,0,0
24544,0,0,0,0,0
24545,0,0,0,0,0
24546,0,0,0,13,10
24547,0,0,0,13,10
24548,0,0,65,134,215
24549,0,0,0,0,0
2455,0,0,0,0,0
24550,0,0,0,0,10875
24551,0,0,0,0,0
24552,0,0,34,57,505
24553,0,0,0,0,0
24554,0,0,0,0,0
24555,0,0,0,0,0
24556,0,0,0,0,0
24557,0,0,0,0,0
24558,0,0,0,0,10876
24559,0,0,0,14,7092
2456,0,0,0,0,0
24560,0,0,0,14,22
24561,0,2,2,10,376
24562,0,0,0,0,0
24563,0,0,0,0,7093
24564,4,63,251,486,959
24565,0,2279,1168,4958,3417
24566,0,0,0,1,2
24567,0,0,0,1,2
24568,0,0,0,0,0
24569,0,0,0,0,0
2457,0,0,0,0,0
24570,0,0,0,0,3418
24571,0,0,0,7503,7094
24572,0,0,0,1,2
24573,0,0,0,1,2
24574,0,1,1,135,485
24575,0,0,0,1,4
24576,0,0,0,6,7
24577,0,10,12,258,7095
24578,0,1,1,4,10877
24579,0,0,0,13,10
2458,0,0,0,0,0
24580,0,0,0,13,10
24581,0,0,0,0,0
24582,0,0,0,0,90
24583,0,0,0,0,0
24584,0,0,0,13,10
24585,0,0,0,13,10
24586,0,0,0,13,10
24587,0,0,0,14,22
24588,0,0,0,0,0
24589,0,0,0,0,0
2459,0,0,0,0,0
24590,0,0,0,0,0
24591,0,0,0,0,0
24592,0,0,0,0,90
24593,0,0,0,0,0
24594,0,0,0,0,0
24595,0,0,0,13,10
24596,0,6,7,17,7096
24597,0,6,7,7504,7097
24598,0,6,7,2842,10878
24599,0,2,2,10,15
246,0,1,1,3290,1039
2460,0,0,0,0,0
24600,0,2280,1169,4959,3419
24601,0,0,0,0,0
24602,0,0,0,4960,3420
24603,0,0,0,0,7098
24604,0,0,3962,2843,10879
24605,0,1,1,97,7099
24606,0,1,1,33,75
24607,0,0,0,13,10
24608,0,0,0,0,7100
24609,0,0,0,2844,10880
2461,0,0,0,0,0
24610,0,0,0,14,22
24611,0,0,0,0,3421
24612,0,0,0,0,90
24613,0,0,0,0,90
24614,0,0,0,13,10
24615,0,0,0,14,22
24616,0,0,0,0,0
24617,0,0,0,0,90
24618,0,0,0,0,0
24619,0,0,0,0,0
2462,0,0,0,0,0
24620,0,0,0,0,0
24621,0,0,0,7505,7101
24622,0,0,0,13,10
24623,0,0,0,0,0
24624,0,0,0,0,0
24625,0,2,2,10,87
24626,0,0,0,13,10
24627,0,0,0,14,22
24628,0,0,0,13,10
24629,0,0,0,13,10
2463,0,0,0,0,0
24630,0,1627,3963,2845,10881
24631,0,0,0,0,0
24632,0,0,0,0,216
24633,0,0,0,13,10
24634,0,0,0,13,7102
24635,0,2,2,10,87
24636,0,0,0,13,10
24637,0,0,0,0,0
24638,0,0,0,0,0
24639,0,0,0,14,22
2464,0,2,2,10,8059
24640,0,0,0,0,0
24641,0,0,0,0,216
24642,0,0,0,0,216
24643,0,0,0,13,10
24644,0,0,0,0,0
24645,0,2,2,10,87
24646,0,0,0,13,10
24647,0,0,0,13,10
24648,0,0,0,14,22
24649,0,0,0,0,0
2465,0,6,7,17,18
24650,0,0,0,0,0
24651,0,0,0,14,22
24652,0,2,2,10,87
24653,0,0,0,13,10
24654,0,0,0,13,10
24655,0,0,0,13,10
24656,0,0,0,13,10
24657,0,0,0,13,10
24658,0,0,0,0,0
24659,0,0,0,0,90
2466,0,0,1480,5545,4280
24660,0,0,0,0,0
24661,0,0,0,0,0
24662,0,0,0,0,0
24663,0,0,0,0,0
24664,0,0,0,13,10
24665,0,0,0,0,90
24666,0,0,0,2846,10882
24667,0,0,0,13,10
24668,0,0,0,0,90
24669,0,0,0,0,0
2467,0,0,9,280,551
24670,0,1,2518,7506,7103
24671,0,0,0,23,27
24672,0,0,0,30,180
24673,0,0,3964,2847,10883
24674,0,825,2519,7507,7104
24675,0,0,0,1,2
24676,0,826,2520,7508,7105
24677,0,0,0,1,4
24678,0,0,0,16,263
24679,0,0,0,7509,7106
2468,0,2,2,10,68
24680,0,1,1,352,3422
24681,0,0,0,2,1
24682,0,0,0,1,4
24683,0,0,0,1,4
24684,0,0,0,4961,3423
24685,0,827,2521,7510,7107
24686,0,0,0,1,2
24687,0,0,0,1,4
24688,0,0,0,1,4
24689,0,0,0,1,4
2469,0,0,0,14,435
24690,0,0,3,7,5
24691,0,1,1,5,3424
24692,0,1,1,15,196
24693,0,0,3,7,5
24694,0,1,1,20,19
24695,0,1,1,20,19
24696,0,1,1,5,3425
24697,0,1628,3965,2848,10884
24698,0,0,0,1,2
24699,0,1,1,5,7108
247,0,1,1,5,1040
2470,0,0,0,0,0
24700,0,0,0,1,10885
24701,0,0,0,2,1
24702,0,0,0,2,1
24703,0,3,6,4962,3426
24704,0,1,1,24,530
24705,0,1,1,24,7109
24706,0,3,6,4963,3427
24707,0,1,1,33,222
24708,0,3,29,69,106
24709,0,0,2522,7511,7110
2471,0,0,0,147,311
24710,282,828,2523,7512,7111
24711,0,12,14,83,10886
24712,0,0,0,6,7
24713,0,0,0,7513,7112
24714,0,0,0,4964,3428
24715,0,0,0,2,1
24716,0,0,0,4965,3429
24717,0,2281,1170,4966,3430
24718,0,2282,1171,4967,3431
24719,0,0,0,2,7113
2472,0,0,362,3462,1274
24720,0,829,2524,7514,7114
24721,0,830,2525,7515,7115
24722,0,0,3966,2849,10887
24723,0,0,0,2,3432
24724,0,1,1,7516,7116
24725,0,1,1,4968,3433
24726,0,0,0,23,10888
24727,0,0,0,30,10889
24728,0,0,0,23,27
24729,0,0,0,30,206
2473,0,0,0,13,10
24730,0,0,0,23,10890
24731,0,0,0,23,10891
24732,0,0,0,23,27
24733,0,0,0,23,27
24734,0,0,0,23,27
24735,0,0,0,23,27
24736,0,0,0,30,205
24737,0,0,0,23,27
24738,0,0,0,30,64
24739,0,12,14,7517,7117
2474,0,1,1,33,75
24740,0,0,0,30,64
24741,0,0,0,30,64
24742,0,0,0,23,27
24743,0,1,1,4,111
24744,0,1,1,20,19
24745,0,1,1,20,19
24746,0,0,0,2,1
24747,0,1,1,15,196
24748,0,4,4,8,94
24749,1,831,2526,7518,7118
2475,0,1,1,24,55
24750,0,1629,3967,2850,10892
24751,0,0,0,1,2
24752,0,0,3,7,5
24753,0,1,1,5,13
24754,0,1,1,20,19
24755,0,0,0,1,3434
24756,0,1630,3968,2851,10893
24757,0,0,0,1,2
24758,0,4,4,156,328
24759,0,1,1,20,19
2476,0,1,1,61,92
24760,0,0,0,0,0
24761,0,1,1,5,21
24762,0,0,0,0,0
24763,0,0,0,7519,7119
24764,0,0,0,4969,3435
24765,0,0,0,9,11
24766,0,0,3,7,5
24767,0,1,1,15,168
24768,0,0,3,7,5
24769,0,0,0,2,10894
2477,0,1,1481,5546,4281
24770,0,4,4,2852,10895
24771,0,0,0,2,1
24772,0,0,0,2,1
24773,0,0,0,3,67
24774,0,0,28,487,10896
24775,0,1,1,2853,10897
24776,0,1,1,4970,3436
24777,0,0,0,9,11
24778,0,0,28,487,7120
24779,0,832,2527,7520,7121
2478,0,1,1,4,1275
24780,0,0,0,0,0
24781,0,0,0,4971,3437
24782,0,1,1,15,25
24783,0,0,0,1,4
24784,0,0,0,2854,10898
24785,0,0,0,4972,3438
24786,0,4,4,8,960
24787,0,0,0,1,4
24788,0,0,0,2,1
24789,0,0,0,1,2
2479,0,1045,2896,853,8060
24790,0,0,0,1,4
24791,0,0,0,9,11
24792,0,0,0,2,1
24793,0,1,1,5,7122
24794,0,833,2528,7521,7123
24795,0,0,0,1,2
24796,0,2283,1172,4973,3439
24797,0,86,160,7522,7124
24798,0,0,0,0,0
24799,0,0,0,2855,10899
248,0,1,1,4,6
2480,0,1,1,5547,4282
24800,0,0,0,2,807
24801,0,1,1,5,21
24802,0,0,0,1,214
24803,0,0,0,2,36
24804,0,1,1,5,21
24805,0,1,1,5,961
24806,0,0,0,2,36
24807,0,0,0,1,2
24808,0,4,4,7523,7125
24809,0,0,0,1,2
2481,0,0,0,0,0
24810,0,0,0,1,2
24811,0,834,2529,7524,7126
24812,0,0,0,1,2
24813,0,2284,1173,4974,3440
24814,0,0,0,1,2
24815,0,1631,3969,2856,10900
24816,0,0,0,1,2
24817,0,0,0,1,4
24818,0,0,0,2,1
24819,0,0,0,9,11
2482,0,1,1,3463,1276
24820,0,44,96,2857,10901
24821,0,0,0,1,3441
24822,1,2285,1174,4975,3442
24823,0,1632,3970,2858,10902
24824,0,0,0,1,2
24825,0,0,0,7525,7127
24826,0,1,1,15,420
24827,0,1,1,5,7128
24828,0,0,0,7526,7129
24829,0,0,0,1,4
2483,0,1,1,854,8061
24830,0,0,0,2,1
24831,0,1,1,5,10903
24832,0,0,86,182,340
24833,0,20,55,169,3443
24834,0,20,55,169,7130
24835,0,20,55,169,10904
24836,0,835,2530,7527,7131
24837,0,1,1,5,21
24838,0,0,0,2,48
24839,0,1,1,5,21
2484,0,1,1,855,8062
24840,0,1,1,5,21
24841,0,5,5,11,384
24842,0,1,1,4,6
24843,0,1,1,33,75
24844,0,1,1,24,243
24845,0,1,1,4,96
24846,0,1,1,4,51
24847,0,1,1,4,51
24848,0,1,1,24,55
24849,0,0,0,3,41
2485,0,2,2,18,16
24850,0,1,1,97,7132
24851,0,1,1,97,7133
24852,0,1,1,33,10905
24853,0,2,2,2859,10906
24854,0,1,1,4,6
24855,0,3,6,26,7134
24856,0,1,1,4,84
24857,0,1,1,4,10907
24858,0,0,0,13,10
24859,0,0,0,9,11
2486,0,1,1,4,6
24860,0,3,6,4976,3444
24861,0,2286,1175,4977,3445
24862,0,0,0,1,174
24863,0,2287,1176,4978,3446
24864,0,0,0,1,2
24865,0,0,1177,4979,3447
24866,0,0,0,9,23
24867,3,836,2531,7528,7135
24868,0,837,2532,7529,7136
24869,0,0,0,1,2
2487,0,3,8,378,4283
24870,3,838,2533,7530,7137
24871,0,0,1178,4980,3448
24872,0,4,4,8,10908
24873,0,0,0,1,2
24874,0,839,2534,7531,7138
24875,0,0,0,1,2
24876,0,0,0,1,2
24877,0,840,2535,7532,7139
24878,0,0,0,1,4
24879,0,0,0,1,2
2488,0,3,6,245,1277
24880,0,0,0,1,4
24881,36,110,218,474,783
24882,0,0,0,1,7140
24883,0,1,1,5,10909
24884,0,4,4,2860,10910
24885,0,0,3,7,5
24886,0,0,0,9,11
24887,0,0,0,2,39
24888,0,0,0,7533,7141
24889,0,1,1,19,3449
2489,0,1,1,4,6
24890,1,841,2536,7534,7142
24891,0,0,0,1,2
24892,0,0,0,2,1
24893,0,0,0,1,4
24894,0,0,0,2,1
24895,0,1,1179,4981,3450
24896,0,842,2537,7535,7143
24897,0,2288,1180,4982,3451
24898,0,0,0,9,10911
24899,0,0,0,13,10
249,0,1,1,3291,1041
2490,0,1,1,4,6
24900,0,0,0,0,0
24901,0,2,2,4983,3452
24902,0,7,13,51,3453
24903,0,6,7,36,52
24904,0,4,4,32,44
24905,0,0,0,1,10912
24906,0,1633,3971,2861,10913
24907,0,0,0,7536,7144
24908,0,0,0,7537,7145
24909,0,0,0,2,1
2491,0,0,0,856,8063
24910,0,2,155,4984,3454
24911,0,1,1,324,7146
24912,0,2,2,2862,10914
24913,0,0,58,205,10915
24914,0,0,58,205,390
24915,4,843,2538,7538,7147
24916,283,844,2539,7539,7148
24917,0,0,0,1,4
24918,0,0,0,4985,3455
24919,0,1,1,324,10916
2492,0,0,0,857,8064
24920,0,0,0,1,4
24921,0,61,252,4986,3456
24922,0,61,252,7540,7149
24923,0,1,1,324,7150
24924,0,6,7,7541,7151
24925,0,0,0,0,0
24926,0,0,0,2863,10917
24927,0,2,2,10,15
24928,0,0,0,0,0
24929,0,0,0,4987,3457
2493,0,0,0,3,3
24930,0,0,0,1,4
24931,0,0,0,2,1
24932,0,0,0,2,1
24933,0,0,0,1,4
24934,0,0,0,9,11
24935,0,0,0,1,2
24936,0,0,0,1,2
24937,0,0,0,1,2
24938,0,0,0,1,2
24939,0,0,0,1,4
2494,0,0,0,3,3
24940,0,0,0,1,2
24941,0,44,96,2864,10918
24942,0,0,0,1,2
24943,0,0,0,2,1
24944,0,0,0,9,11
24945,0,1,1,218,7152
24946,0,1,1,175,401
24947,0,0,0,2,1
24948,0,1,1,31,91
24949,0,1,1,31,91
2495,0,1,1,858,8065
24950,0,1,1,31,91
24951,0,1,1,31,91
24952,0,1,1,31,91
24953,0,10,12,7542,7153
24954,0,0,0,0,3458
24955,0,0,0,0,0
24956,0,0,0,16,38
24957,0,0,0,0,0
24958,0,0,0,0,0
24959,0,0,0,0,0
2496,0,1,1482,5548,4284
24960,0,0,0,0,88
24961,0,0,0,0,0
24962,0,0,0,0,0
24963,0,0,0,0,0
24964,0,0,0,0,88
24965,0,2,2,10,26
24966,0,845,2540,7543,7154
24967,0,0,0,3,3
24968,0,0,0,4988,3459
24969,0,1,1,259,423
2497,0,1,2897,859,8066
24970,0,0,0,3,3
24971,0,0,0,3,3
24972,0,1,1,4,6
24973,0,2,2,18,16
24974,0,0,0,0,1014
24975,0,3,1181,4989,3460
24976,0,0,0,3,385
24977,0,1,1,2865,10919
24978,0,0,0,3,7155
24979,0,1,1,4,7156
2498,0,0,0,3,3
24980,0,1,1,4,7157
24981,0,1,1,4,3461
24982,0,1,1,4,7158
24983,0,1,1,4,10920
24984,0,0,0,3,3462
24985,0,2,2,18,7159
24986,0,3,1182,4990,3463
24987,0,0,0,3,3464
24988,197,2289,1183,4991,3465
24989,0,1,1,4,7160
2499,0,1,1,5,8
24990,0,6,7,101,286
24991,0,0,37,65,134
24992,7,2290,1184,4992,3466
24993,7,1634,3972,2866,10921
24994,7,2291,1185,4993,3467
24995,7,1635,3973,2867,10922
24996,0,0,3974,2868,10923
24997,0,0,3975,2869,10924
24998,0,0,2541,7544,7161
24999,0,0,1186,4994,3468
25,0,3,8,3280,1022
250,0,3,6,5347,4004
2500,0,0,0,6,7
25000,0,0,2542,7545,7162
25001,0,0,3976,2870,10925
25002,0,0,3977,2871,10926
25003,0,0,3978,2872,10927
25004,0,0,1187,4995,3469
25005,0,0,2543,7546,7163
25006,0,0,2544,7547,7164
25007,0,0,0,0,0
25008,0,0,0,0,0
25009,0,0,0,0,0
2501,0,4,4,8,20
25010,0,0,0,0,0
25011,0,0,0,472,3470
25012,0,0,0,0,0
25013,0,0,0,0,0
25014,0,0,0,0,0
25015,0,0,0,0,0
25016,0,0,0,0,0
25017,0,0,0,0,0
25018,0,0,0,0,0
25019,0,0,9,2873,10928
2502,0,0,0,6,8067
25020,0,2,2,10,26
25021,0,1,1,4,6
25022,0,6,7,237,389
25023,0,0,0,4996,3471
25024,0,38,92,197,366
25025,0,0,0,7548,7165
25026,0,2,2,10,26
25027,0,0,0,0,0
25028,0,0,0,0,0
25029,0,0,9,35,43
2503,0,1,1,5,8
25030,0,0,0,38,45
25031,0,0,0,0,0
25032,0,0,0,0,0
25033,0,0,0,0,0
25034,0,0,0,0,0
25035,0,0,0,13,10
25036,0,2,2,10,26
25037,0,0,0,0,0
25038,0,0,0,0,0
25039,0,0,0,38,45
2504,0,0,0,6,17
25040,0,0,0,0,0
25041,0,0,0,0,0
25042,0,0,0,0,0
25043,0,0,0,14,32
25044,0,0,0,0,0
25045,0,0,0,323,525
25046,0,0,0,12,9
25047,0,0,219,576,784
25048,0,0,0,6,34
25049,0,0,0,6,28
2505,0,0,0,6,7
25050,0,0,0,6,34
25051,0,0,0,16,164
25052,0,0,0,16,555
25053,0,0,0,16,10929
25054,0,0,0,16,326
25055,0,0,0,16,534
25056,0,0,0,16,38
25057,0,0,0,16,7166
25058,0,0,0,16,38
25059,0,0,0,16,38
2506,0,0,0,6,17
25060,0,0,0,16,7167
25061,0,0,0,16,262
25062,0,0,0,16,38
25063,0,0,0,16,38
25064,0,0,0,16,38
25065,0,0,0,16,38
25066,0,0,0,16,785
25067,0,0,0,16,785
25068,0,0,0,16,38
25069,284,846,2545,7549,7168
2507,0,1,1,5,8
25070,0,0,0,16,128
25071,0,0,0,67,182
25072,0,0,0,67,182
25073,0,0,0,67,182
25074,0,0,0,16,197
25075,0,0,0,16,197
25076,0,0,0,16,197
25077,0,0,0,16,197
25078,0,0,0,16,263
25079,0,0,0,394,858
2508,0,0,0,6,7
25080,0,0,2546,7550,7169
25081,0,0,2547,7551,7170
25082,0,0,0,170,7171
25083,0,0,0,170,1015
25084,0,0,132,7552,7172
25085,0,0,0,67,444
25086,0,0,0,16,533
25087,0,0,10,104,193
25088,0,9,48,2874,10930
25089,0,0,0,9,23
2509,0,0,0,6,7
25090,0,0,0,2,1
25091,0,0,0,6,7
25092,0,0,0,7553,7173
25093,0,0,3979,2875,10931
25094,0,0,0,1,2
25095,0,847,2548,7554,7174
25096,0,1636,3980,2876,10932
25097,0,0,0,1,2
25098,0,1637,3981,2877,10933
25099,0,0,0,1,2
251,0,3,8,5348,4005
2510,0,0,0,2,1
25100,0,0,1188,4997,3472
25101,0,0,0,7555,7175
25102,0,2292,1189,4998,3473
25103,0,0,0,1,2
25104,0,0,0,2,1
25105,0,0,0,2,1
25106,0,0,3,7,5
25107,0,0,0,2,1
25108,0,1,1,15,30
25109,0,0,0,1,2
2511,0,0,0,14,22
25110,0,0,3,7,5
25111,0,0,0,0,0
25112,0,0,0,13,3474
25113,0,1,1,7556,7176
25114,0,0,0,1,4
25115,0,0,0,1,4
25116,0,0,0,2,1
25117,0,4,4,8,786
25118,0,1,1,15,420
25119,0,1,1,5,10934
2512,0,0,9,54,1278
25120,0,1638,3982,2878,10935
25121,0,0,0,1,2
25122,0,0,0,1,4
25123,0,2293,1190,4999,3475
25124,0,0,0,1,2
25125,0,1639,3983,2879,10936
25126,0,0,0,1,4
25127,0,0,2549,7557,7177
25128,0,2294,1191,5000,3476
25129,0,0,0,1,2
2513,0,0,0,0,49
25130,0,2,2550,7558,7178
25131,0,6,208,488,756
25132,2,85,207,5001,3477
25133,0,0,0,0,0
25134,0,0,0,0,308
25135,0,0,0,0,308
25136,2,66,3984,2880,10937
25137,0,0,0,0,0
25138,0,0,0,0,308
25139,0,1,1,2881,10938
2514,0,0,21,92,195
25140,0,1,1,15,30
25141,0,0,0,2,1
25142,0,0,0,9,11
25143,0,0,0,2,1
25144,0,0,0,2,1
25145,0,4,4,5002,3478
25146,0,0,3,7,5
25147,0,0,2551,7559,7179
25148,0,0,0,2,3479
25149,0,0,0,2882,10939
2515,0,0,10,104,193
25150,0,1,1,4,6
25151,0,10,12,5003,3480
25152,0,0,0,2,1
25153,0,1640,3985,2883,10940
25154,0,1641,3986,2884,10941
25155,0,848,2552,7560,7180
25156,0,0,0,1,2
25157,0,0,0,2,1
25158,0,0,0,0,0
25159,0,0,0,13,10
2516,0,9,48,105,194
25160,0,0,0,2,1
25161,0,2,18,128,220
25162,0,0,0,6,14
25163,0,1,1,4,7181
25164,0,0,0,2,1
25165,0,0,40,87,123
25166,0,0,0,9,11
25167,0,1,1,20,19
25168,0,0,3,7,5
25169,0,0,0,12,9
2517,0,0,21,92,195
25170,0,1,1,19,143
25171,0,0,0,12,9
25172,0,0,0,1,4
25173,0,0,0,1,2
25174,0,0,2553,7561,7182
25175,0,1,1,5,3481
25176,0,0,0,1,4
25177,0,1,1,5,29
25178,0,4,4,8,7183
25179,0,0,0,1,2
2518,0,0,0,360,8068
25180,0,0,0,1,4
25181,0,849,2554,7562,7184
25182,0,0,0,1,2
25183,0,0,0,0,145
25184,0,0,0,0,0
25185,0,0,0,0,0
25186,0,0,0,0,0
25187,0,0,0,0,0
25188,0,0,0,0,145
25189,0,0,0,0,0
2519,0,0,0,16,128
25190,0,0,0,0,0
25191,0,0,0,0,0
25192,0,0,0,0,0
25193,0,0,0,0,0
25194,0,0,0,0,0
25195,0,0,0,0,0
25196,0,0,0,0,347
25197,0,0,1192,5004,3482
25198,0,0,0,0,0
25199,0,0,0,0,145
252,0,1,1,4,6
2520,0,0,0,16,128
25200,0,0,0,0,0
25201,0,0,3987,2885,10942
25202,0,0,1193,5005,3483
25203,0,2295,1194,5006,3484
25204,0,1642,3988,2886,10943
25205,0,0,0,7563,7185
25206,0,0,0,0,0
25207,0,0,0,5007,3485
25208,0,2,2,5008,3486
25209,0,0,0,0,7186
2521,0,2,2,25,138
25210,0,0,0,0,0
25211,0,2,1195,5009,3487
25212,0,0,0,5010,3488
25213,0,0,0,0,0
25214,0,0,0,1,2
25215,0,0,3,7,5
25216,0,0,0,9,11
25217,0,1643,3989,2887,10944
25218,0,0,0,1,2
25219,0,0,3,7,5
2522,0,0,363,3464,1279
25220,0,0,0,1,4
25221,0,1,1,19,7187
25222,0,0,0,2,1
25223,0,1,1,5,13
25224,0,4,4,8,181
25225,0,0,0,1,4
25226,0,6,7,2888,10945
25227,25,62,147,353,509
25228,0,0,58,205,390
25229,0,2,2,226,7188
2523,0,0,0,0,0
25230,0,54,1196,5011,3489
25231,0,0,58,7564,7189
25232,0,6,7,109,3490
25233,0,0,58,205,390
25234,0,0,58,205,390
25235,0,54,2555,7565,7190
25236,0,0,58,5012,3491
25237,0,6,7,109,3492
25238,0,0,58,2889,10946
25239,0,0,10,209,399
2524,0,0,0,518,627
25240,0,9,15,329,584
25241,0,0,0,0,0
25242,0,2,2,25,53
25243,0,0,0,0,0
25244,0,0,1197,5013,3493
25245,0,0,0,0,0
25246,0,6,7,17,18
25247,0,111,3990,2890,10947
25248,0,1,1,61,92
25249,0,2,1198,5014,3494
2525,0,0,0,16,128
25250,0,0,0,2,253
25251,0,111,2556,7566,7191
25252,0,0,0,1,2
25253,0,0,0,2,10948
25254,0,1,1,5,21
25255,0,4,4,8,786
25256,0,0,0,1,4
25257,0,0,0,7567,7192
25258,0,0,0,2,1
25259,0,0,1199,5015,3495
2526,0,0,0,16,24
25260,0,0,0,1,4
25261,0,850,2557,7568,7193
25262,0,0,0,9,11
25263,0,6,1200,5016,3496
25264,0,0,0,579,3497
25265,0,2,2,2891,10949
25266,0,0,129,351,787
25267,0,0,0,0,425
25268,0,0,0,3,3
25269,0,0,2558,7569,7194
2527,0,0,0,16,38
25270,0,2,2,319,10950
25271,6,13,210,5017,3498
25272,0,851,2559,7570,7195
25273,0,2,2,226,7196
25274,0,61,3991,2892,10951
25275,0,6,7,109,7197
25276,0,0,0,2,1
25277,0,0,0,6,28
25278,0,0,0,437,788
25279,0,0,0,6,34
2528,0,0,0,2,1
25280,0,0,0,6,157
25281,0,0,0,6,34
25282,0,0,0,6,34
25283,0,0,0,6,34
25284,0,0,0,6,34
25285,0,0,0,6,34
25286,0,0,0,6,28
25287,0,0,0,187,302
25288,0,0,0,6,28
25289,0,0,0,0,0
2529,0,1,1,15,25
25290,0,0,0,0,0
25291,0,0,2560,7571,7198
25292,0,0,0,0,0
25293,0,2,3992,2893,10952
25294,0,0,0,0,10953
25295,0,3,6,2894,10954
25296,0,3,6,475,7199
25297,0,0,1201,5018,3499
25298,0,0,0,3,7200
25299,0,0,3993,2895,10955
253,0,0,0,3,3
2530,0,0,0,2,1
25300,0,0,0,3,3
25301,0,1,1,4,531
25302,0,0,0,3,3
25303,0,1,1,4,6
25304,0,1,1,4,6
25305,0,1,1,5019,3500
25306,0,1,1,2896,10956
25307,0,1,1,2897,10957
25308,0,1,1,4,6
25309,0,1,1,7572,7201
2531,0,1,1,5,8069
25310,0,1,1,4,33
25311,0,0,0,0,0
25312,0,2,2,10,963
25313,0,1644,3994,2898,10958
25314,0,0,0,0,0
25315,0,6,7,17,18
25316,0,6,7,17,18
25317,0,0,0,0,0
25318,0,0,0,0,0
25319,0,0,0,0,0
2532,0,0,0,9,11
25320,0,0,0,0,0
25321,0,0,0,0,0
25322,0,0,0,0,0
25323,0,0,0,0,0
25324,0,0,0,5020,3501
25325,0,0,0,0,0
25326,0,0,0,0,0
25327,0,2,2,10,3502
25328,0,0,2561,7573,7202
25329,0,0,0,0,0
2533,0,0,0,1,4
25330,0,2,2,2899,10959
25331,0,0,0,0,0
25332,0,0,0,0,0
25333,0,0,0,0,0
25334,0,0,0,0,0
25335,0,0,3,7,5
25336,0,1,1,5,13
25337,0,1,1,19,391
25338,0,0,0,2,1
25339,3,852,2562,7574,7203
2534,0,0,0,2,1
25340,0,2296,1202,5021,3503
25341,0,4,4,8,7204
25342,0,0,0,1,4
25343,0,0,0,1,2
25344,0,0,0,1,4
25345,0,0,0,1,4
25346,0,0,0,2900,10960
25347,0,4,4,8,532
25348,0,1,1,19,912
25349,0,0,0,2,1
2535,0,0,0,2,1
25350,0,0,0,6,7
25351,0,1,1,5,3504
25352,0,0,0,6,14
25353,0,0,0,2,1
25354,0,1,1,5,8
25355,0,5,5,11,12
25356,0,5,5,5022,3505
25357,0,0,0,2,1
25358,0,1,1,5,8
25359,0,0,0,2,1
2536,0,0,0,2,1
25360,0,0,0,6,856
25361,0,0,0,1,4
25362,0,4,4,8,176
25363,0,0,0,1,2
25364,0,0,0,2,1
25365,0,1,1,5,7205
25366,0,0,0,5023,3506
25367,0,0,10,104,193
25368,0,9,48,105,194
25369,0,0,0,22,167
2537,0,0,0,2,1
25370,0,0,1203,5024,3507
25371,5,1645,3995,2901,10961
25372,0,2,2,25,138
25373,0,0,0,16,10962
25374,0,0,0,16,38
25375,0,0,0,16,10963
25376,0,0,0,16,10964
25377,0,0,0,16,3508
25378,0,0,0,16,326
25379,0,0,0,16,555
2538,0,0,0,2,1
25380,0,0,0,16,164
25381,0,0,0,7575,7206
25382,0,0,98,489,7207
25383,0,0,0,16,263
25384,0,0,0,2902,10965
25385,0,0,0,360,10966
25386,0,1646,3996,2903,10967
25387,0,0,0,2904,10968
25388,0,0,0,95,7208
25389,0,0,0,95,789
2539,0,4,4,8,960
25390,0,0,0,16,10969
25391,0,0,0,16,533
25392,0,0,3997,2905,10970
25393,0,0,0,7576,7209
25394,0,0,0,95,986
25395,0,0,0,490,10971
25396,0,0,0,67,182
25397,0,0,0,2906,10972
25398,0,0,0,260,7210
25399,0,0,0,170,1015
254,0,0,0,3,3
2540,0,0,0,2,1
25400,0,0,21,92,195
25401,0,0,10,104,193
25402,0,9,48,105,194
25403,0,0,0,2907,10973
25404,0,853,2563,7577,7211
25405,0,0,0,2908,10974
25406,0,0,0,16,24
25407,0,0,0,16,38
25408,0,0,0,16,38
25409,0,0,0,67,182
2541,0,0,0,2,1
25410,0,0,0,260,7212
25411,0,0,0,260,790
25412,0,0,0,260,790
25413,0,0,0,170,10975
25414,0,0,98,489,3509
25415,0,0,0,16,263
25416,0,0,0,95,789
25417,0,0,0,490,7213
25418,0,5,5,123,183
25419,198,2297,1204,5025,3510
2542,0,0,0,2,1
25420,0,1,1,5,29
25421,0,0,3,7,5
25422,0,1,1,19,47
25423,0,0,0,1,4
25424,0,1,1,19,46
25425,0,0,0,1,2
25426,0,0,0,2,1
25427,0,0,0,1,4
25428,0,0,3,7,5
25429,0,0,0,9,11
2543,0,0,0,3,3
25430,0,4,4,8,10976
25431,0,1,1,5,21
25432,0,0,0,2,36
25433,0,1,1,5,21
25434,0,3,6,2909,10977
25435,0,0,0,0,0
25436,0,0,0,0,0
25437,0,0,0,0,0
25438,0,2,2,10,15
25439,0,0,0,0,0
2544,0,0,364,3465,1280
25440,0,0,0,0,0
25441,0,2,2,7578,7214
25442,0,0,0,0,0
25443,0,0,0,0,0
25444,0,6,7,17,18
25445,0,0,0,0,0
25446,0,0,0,0,0
25447,0,1647,3998,2910,10978
25448,0,2298,1205,5026,3511
25449,0,0,0,1,2
2545,0,1,1,3466,1281
25450,0,0,0,2,247
25451,0,1,1,111,245
25452,0,4,4,8,178
25453,0,1,1,102,179
25454,0,2299,1206,5027,3512
25455,0,0,0,1,2
25456,0,0,0,5028,3513
25457,0,2300,1207,5029,3514
25458,0,0,0,1,2
25459,0,0,0,2,1
2546,0,1,1,860,8070
25460,0,1,1,19,46
25461,0,0,0,9,11
25462,0,4,4,8,20
25463,0,0,0,2,1
25464,0,0,0,1,4
25465,0,0,0,1,4
25466,0,0,3,7,5
25467,0,4,4,8,494
25468,0,0,0,2,1
25469,0,0,2564,7579,7215
2547,0,1,1,4,1282
25470,0,4,4,7580,7216
25471,0,0,0,1,4
25472,0,854,2565,7581,7217
25473,0,0,0,1,2
25474,0,1,1,5,13
25475,0,0,0,2,1
25476,0,0,0,1,4
25477,0,1,1,19,46
25478,0,4,4,2911,10979
25479,0,0,3,7,5
2548,0,0,0,3,3
25480,0,0,0,2,1
25481,0,855,2566,7582,7218
25482,0,0,0,1,2
25483,0,0,0,1,4
25484,0,0,0,1,4
25485,0,0,0,9,11
25486,0,0,0,2,1
25487,0,0,0,2,1
25488,0,0,0,2,1
25489,0,0,0,2,1
2549,0,0,0,5549,4285
25490,0,0,2567,7583,7219
25491,0,0,0,2,1
25492,0,0,0,1,2
25493,0,0,0,9,23
25494,0,0,0,9,11
25495,0,856,2568,7584,7220
25496,0,1,1,5,21
25497,0,1,1,5,21
25498,0,0,0,2,48
25499,0,1,1,5,3515
255,0,0,0,3,1042
2550,0,2,2,18,16
25500,0,0,0,1,214
25501,0,0,0,2,7221
25502,0,0,0,1,10980
25503,0,0,0,2,1
25504,0,0,3,7,5
25505,1,1648,3999,2912,10981
25506,0,0,0,1,2
25507,0,1,1,5,29
25508,0,10,12,2913,10982
25509,0,0,0,1,4
2551,0,0,0,3,3
25510,0,0,3,7,5
25511,0,1,1,19,244
25512,0,2301,1208,5030,3516
25513,0,0,0,9,204
25514,9,19,39,88,158
25515,0,4,4,8,3517
25516,0,0,0,2,1
25517,0,0,0,1,2
25518,0,1,1,31,3518
25519,0,1,1,31,91
2552,0,0,0,3,3
25520,0,0,0,12,9
25521,0,0,0,1,4
25522,0,0,0,0,306
25523,0,0,122,242,540
25524,0,0,0,0,0
25525,0,0,0,14,323
25526,0,2,2,7585,7222
25527,0,0,0,0,0
25528,0,0,0,0,0
25529,0,6,7,17,3519
2553,0,0,0,3,3
25530,0,0,0,0,0
25531,0,0,0,0,0
25532,0,6,7,17,7223
25533,0,0,0,0,0
25534,0,0,0,0,0
25535,0,0,0,0,0
25536,0,0,0,0,0
25537,0,2,2,10,10983
25538,0,0,0,5031,3520
25539,0,0,2569,7586,7224
2554,0,3,6,5550,4286
25540,0,0,0,0,0
25541,0,0,0,0,0
25542,0,0,0,0,0
25543,0,0,0,0,0
25544,0,0,0,0,0
25545,0,0,0,2,1
25546,0,0,0,6,7
25547,0,857,2570,7587,7225
25548,0,0,0,1,2
25549,0,4,4,8,3521
2555,0,1,1,4,531
25550,0,0,0,2,1
25551,0,0,3,7,5
25552,0,0,0,9,11
25553,0,858,2571,7588,7226
25554,0,0,0,1,2
25555,0,859,2572,7589,7227
25556,0,0,0,2,1
25557,0,0,3,7,5
25558,0,1,1,21,886
25559,0,2302,1209,5032,3522
2556,0,0,0,5551,4287
25560,0,0,0,2,1
25561,0,0,1210,5033,3523
25562,0,4,4,7590,7228
25563,0,1,1,5,581
25564,0,1,1,5,581
25565,0,0,0,2,1
25566,0,0,0,2,1
25567,0,0,0,2,1
25568,0,0,0,6,3524
25569,0,6,7,36,52
2557,0,5,5,5552,4288
25570,0,2,2,50,78
25571,0,6,7,17,10984
25572,0,2,2,2914,10985
25573,0,0,0,16,7229
25574,0,0,0,0,0
25575,0,0,0,491,791
25576,0,0,0,491,791
25577,0,0,0,6,10986
25578,0,0,0,2,1
25579,0,0,0,7591,7230
2558,0,5,5,379,841
25580,0,0,0,6,3525
25581,0,1,1,4,6
25582,0,3,253,7592,7231
25583,0,1,1,4,351
25584,0,1,1,4,6
25585,0,1,1,4,516
25586,0,1,1,4,6
25587,0,0,0,6,14
25588,0,0,0,2,48
25589,0,1,1,225,962
2559,0,5,235,380,842
25590,0,1,1,225,792
25591,0,1,1,5,21
25592,0,0,0,2,36
25593,0,1,4000,2915,10987
25594,0,1,1,5,21
25595,0,2,2,10,3526
25596,0,1,1,5,10988
25597,0,0,0,2,36
25598,0,1,1,5,21
25599,0,1,1,5,21
256,0,0,0,3,1043
2560,9,19,39,381,843
25600,0,0,0,2,48
25601,0,0,0,2,36
25602,0,1,1,5,21
25603,0,0,0,0,7232
25604,0,0,0,0,0
25605,0,0,0,2916,10989
25606,0,1,1,20,192
25607,0,4,4,8,10990
25608,0,0,0,9,23
25609,0,1649,4001,2917,10991
2561,0,5,2898,861,8071
25610,0,0,0,1,2
25611,0,0,0,1,4
25612,1,860,2573,7593,7233
25613,0,0,0,1,10992
25614,1,1650,4002,2918,10993
25615,0,2303,1211,5034,3527
25616,0,0,0,1,2
25617,0,0,0,1,7234
25618,0,1,1,7594,7235
25619,0,0,0,2,1
2562,0,0,0,6,14
25620,0,1,1,7595,7236
25621,0,0,3,7,5
25622,0,0,0,1,4
25623,0,0,0,1,4
25624,0,0,0,1,4
25625,0,1,1,19,47
25626,0,1,1,20,192
25627,0,1,1,20,19
25628,1,2304,1212,5035,3528
25629,0,0,0,1,2
2563,0,3,8,5553,4289
25630,0,0,0,1,4
25631,0,1,1,19,47
25632,0,1651,4003,2919,10994
25633,0,0,0,1,2
25634,0,861,2574,7596,7237
25635,0,4,4,8,40
25636,1,862,2575,7597,7238
25637,0,0,0,1,2
25638,0,1,1,20,3529
25639,0,2305,1213,5036,3530
2564,0,1,1,4,6
25640,0,0,0,1,2
25641,0,0,0,2,1
25642,0,2306,1214,5037,3531
25643,0,0,0,1,2
25644,0,0,0,2920,10995
25645,0,0,0,2,1
25646,0,0,0,1,2
25647,0,0,3,7,5
25648,0,0,0,1,793
25649,0,0,0,1,2
2565,0,1,1,4,844
25650,0,0,0,2921,10996
25651,0,1,1,21,57
25652,0,0,0,1,4
25653,0,0,0,0,0
25654,0,0,0,0,0
25655,0,0,0,0,0
25656,0,0,0,0,0
25657,0,6,7,17,18
25658,0,0,0,0,0
25659,0,0,1215,5038,3532
2566,0,0,0,5554,4290
25660,0,2,2,5039,3533
25661,0,0,2576,7598,7239
25662,0,2,4004,2922,10997
25663,0,0,0,2923,10998
25664,0,2,2577,7599,7240
25665,0,1652,4005,2924,10999
25666,0,1,1,5,21
25667,0,0,0,2,36
25668,0,1,1,5,7241
25669,0,2,2,152,869
2567,0,0,0,0,845
25670,0,0,0,0,0
25671,0,0,0,0,0
25672,0,0,0,0,0
25673,0,0,0,0,0
25674,0,0,0,0,0
25675,0,6,7,17,18
25676,0,6,85,194,452
25677,0,2,2,10,963
25678,0,6,85,194,452
25679,0,0,0,0,0
2568,0,0,0,5555,4291
25680,50,1653,4006,2925,11000
25681,0,2,2,10,15
25682,0,0,0,0,0
25683,0,0,0,0,0
25684,0,0,0,0,0
25685,0,6,7,17,18
25686,0,0,0,0,0
25687,0,0,0,0,0
25688,0,6,7,17,18
25689,0,7,13,51,7242
2569,0,0,0,0,0
25690,0,6,7,36,52
25691,0,0,4007,2926,11001
25692,0,863,2578,7600,7243
25693,0,4,4,8,304
25694,0,0,3,7,5
25695,0,1,1,15,58
25696,0,1,1,39,11002
25697,0,0,0,2,1
25698,0,1,1,581,3534
25699,0,0,0,0,0
257,0,0,0,3,3
2570,0,0,0,0,0
25700,0,0,0,2,48
25701,0,1,1,225,962
25702,0,0,0,0,0
25703,0,0,0,0,0
25704,0,0,0,0,0
25705,0,0,0,0,0
25706,0,0,0,0,0
25707,0,0,0,0,0
25708,0,0,0,2927,11003
25709,0,0,0,6,7
2571,0,0,0,16,24
25710,0,6,7,17,18
25711,0,0,0,0,11004
25712,0,0,0,2928,11005
25713,0,2,2,569,1013
25714,0,2,2,77,354
25715,0,0,0,29,31
25716,0,1,1,60,142
25717,0,0,0,12,9
25718,0,1,1,5,7244
25719,0,1,1,5,74
2572,0,0,0,0,845
25720,0,0,0,2,1
25721,0,0,0,12,9
25722,0,1,1,94,7245
25723,0,0,0,29,31
25724,0,1,1,4,84
25725,0,1,1,4,7246
25726,0,3,6,7601,7247
25727,0,3,6,2929,11006
25728,0,1,1,159,7248
25729,0,1,1,24,7249
2573,5,190,1483,5556,4292
25730,0,1,1,33,75
25731,0,1,1,24,11007
25732,0,1,1,24,55
25733,0,3,4008,2930,11008
25734,0,1,1,4,33
25735,0,1,1,4,251
25736,0,1,1,4,6
25737,0,0,0,3,3
25738,0,0,0,3,3
25739,0,0,0,3,3
2574,5,1046,2899,862,8072
25740,0,0,0,3,3
25741,0,1,1,4,288
25742,0,1,1,4,11009
25743,0,0,0,3,67
25744,0,1,1,33,75
25745,0,1,1,7602,7250
25746,0,0,0,9,23
25747,0,0,0,0,11010
25748,0,0,0,0,0
25749,0,0,0,0,0
2575,0,0,0,22,714
25750,0,0,0,0,0
25751,0,0,0,0,347
25752,0,0,0,191,291
25753,0,0,0,0,0
25754,0,0,0,0,0
25755,0,0,0,0,0
25756,0,0,0,0,762
25757,0,0,0,6,14
25758,0,0,0,2,1
25759,0,5,5,107,11011
2576,0,2,2,25,102
25760,0,0,0,2,36
25761,0,1,1,5,21
25762,0,0,0,0,0
25763,0,0,0,0,0
25764,0,6,7,17,18
25765,0,1,1,4,11012
25766,0,1,1,4,6
25767,0,0,0,3,3
25768,0,1,1,4,11013
25769,0,1,1,4,111
2577,0,0,0,0,0
25770,0,3,1216,5040,3535
25771,0,3,1217,5041,3536
25772,0,1,1,4,6
25773,0,0,0,0,0
25774,0,0,0,0,0
25775,0,0,2579,7603,7251
25776,0,0,4009,2931,11014
25777,0,0,0,0,3537
25778,0,0,0,0,0
25779,0,0,2580,7604,7252
2578,0,3,6,3467,1283
25780,0,0,0,0,3538
25781,0,0,0,6,535
25782,0,0,0,2,1
25783,0,0,0,0,0
25784,0,5,5,123,183
25785,0,5,5,5042,3539
25786,0,5,5,123,183
25787,0,5,5,123,183
25788,0,5,5,123,183
25789,0,5,5,5043,3540
2579,0,1,1484,5557,4293
25790,0,2,2581,7605,7253
25791,0,0,0,2,1
25792,0,0,26,195,3541
25793,0,0,0,1,11015
25794,0,0,0,0,73
25795,0,0,0,13,10
25796,0,0,0,0,0
25797,0,1,1,5,13
25798,0,0,0,1,2
25799,0,0,0,2,1
258,0,1,1,4,7779
2580,0,3,6,863,8073
25800,0,1,1,4,6
25801,0,1,1,4,84
25802,0,1,1,4,265
25803,0,1,1,4,96
25804,0,2307,1218,5044,3542
25805,0,1,1,62,3543
25806,0,1,1,2932,11016
25807,0,1,1,61,92
25808,0,1,1,33,222
25809,0,3,2582,7606,7254
2581,58,1047,2900,864,8074
25810,0,1,1,24,250
25811,0,1,1,295,11017
25812,0,1,1,330,11018
25813,0,1,1,7607,7255
25814,0,1,1,24,55
25815,0,1,1,213,3544
25816,0,1,1,24,849
25817,0,1,1,24,7256
25818,0,0,0,1,4
25819,0,0,3,7,5
2582,0,12,14,83,325
25820,0,1,1,21,3545
25821,0,0,0,2,1
25822,0,0,0,2,1
25823,0,4,4,8,446
25824,0,0,0,1,2
25825,0,1,1,5,3546
25826,0,0,0,6,7
25827,0,0,3,7,5
25828,0,0,0,2,1
25829,0,0,0,9,11
2583,0,12,14,83,4294
25830,0,4,4,2933,11019
25831,0,0,0,1,4
25832,0,864,2583,7608,7257
25833,0,0,0,1,2
25834,0,0,0,1,2
25835,0,0,0,1,4
25836,0,0,0,1,4
25837,0,0,0,9,23
25838,0,0,0,2,1
25839,0,0,0,2,1
2584,0,12,14,83,325
25840,0,1,1,370,830
25841,1,865,2584,7609,7258
25842,0,866,2585,7610,7259
25843,0,0,0,1,2
25844,0,0,0,6,7
25845,0,0,0,6,7
25846,0,0,0,2,1
25847,0,1,1,5,8
25848,0,0,0,2,1
25849,0,1,1,5,8
2585,0,0,134,519,1284
25850,0,5,5,11,12
25851,0,5,5,11,12
25852,0,1654,4010,2934,11020
25853,0,0,0,1,2
25854,0,1,1,20,19
25855,0,0,0,2,1
25856,0,0,3,7,5
25857,0,1655,4011,2935,11021
25858,0,0,0,1,2
25859,0,0,0,1,4
2586,0,0,0,2,1
25860,0,1,1,19,244
25861,0,0,0,0,0
25862,2,867,2586,7611,7260
25863,0,0,0,2,36
25864,0,1,1,5,21
25865,0,5,5,11,7261
25866,0,1,1,5,21
25867,0,1,1,5,21
25868,0,0,0,2,187
25869,0,1,1,497,11022
2587,0,0,0,1,2
25870,0,0,0,30,64
25871,0,0,0,30,206
25872,0,0,0,5045,3547
25873,1,1656,4012,2936,11023
25874,0,0,0,30,205
25875,0,0,4013,2937,11024
25876,15,1657,4014,2938,11025
25877,0,12,14,49,11026
25878,0,12,14,49,82
25879,1,868,2587,7612,7262
2588,0,0,0,2,4295
25880,0,0,0,23,27
25881,0,0,0,23,27
25882,0,0,0,23,504
25883,0,0,0,23,27
25884,0,12,14,49,7263
25885,0,0,0,23,27
25886,0,0,0,23,27
25887,0,0,0,30,180
25888,0,0,0,23,27
25889,8,869,2588,7613,7264
2589,0,0,0,1,4
25890,8,1658,4015,2939,11027
25891,0,0,0,23,27
25892,0,0,0,30,3548
25893,0,0,0,6,14
25894,0,0,0,2,3549
25895,0,5,5,7614,7265
25896,0,0,3,7,5
25897,0,0,3,7,5
25898,0,1,1,2940,11028
25899,0,0,0,2,1
259,0,1,1,181,409
2590,147,1830,365,3468,1285
25900,0,0,0,9,11
25901,0,1,1,21,57
25902,0,0,0,2,1
25903,0,0,0,1,4
25904,0,0,0,1,4
25905,0,0,0,1,7266
25906,0,0,3,7,5
25907,0,2,2,50,78
25908,0,6,7,36,52
25909,0,7,13,2941,11029
2591,0,1,1,20,19
25910,0,1,1,4,51
25911,0,1,1,4,84
25912,0,1,1,4,405
25913,0,0,0,3,67
25914,0,1,1,402,11030
25915,0,1,1,33,964
25916,0,1,1,62,7267
25917,0,3,6,5046,3550
25918,0,3,6,7615,7268
25919,0,1,1,159,3551
2592,0,191,1485,5558,4296
25920,0,1,1,33,964
25921,0,0,0,3,41
25922,0,0,0,6,7
25923,0,5,5,11,12
25924,0,0,0,2,1
25925,0,0,0,6,7
25926,0,0,0,2,1
25927,0,0,0,2,1
25928,0,0,0,6,7
25929,0,1,1,5,8
2593,0,0,0,1,2
25930,0,1,1,5,11031
25931,0,1,1,5,8
25932,0,1,1,5,8
25933,0,0,0,6,14
25934,0,1,1,5047,3552
25935,0,0,0,6,7
25936,0,0,0,6,7
25937,0,0,0,6,7
25938,0,0,0,6,7
25939,0,0,0,6,17
2594,0,0,2901,865,8075
25940,0,1,1,5,8
25941,0,5,5,7616,7269
25942,0,1,1,5,8
25943,0,1,1,5,8
25944,0,0,0,2,1
25945,0,1,1,5,11032
25946,0,18,2589,7617,7270
25947,0,2,2,10,3553
25948,0,0,0,0,0
25949,0,0,0,0,0
2595,0,0,0,1,2
25950,0,0,0,0,0
25951,0,6,7,17,18
25952,0,1,1,4,3554
25953,0,3,29,69,106
25954,0,1,1,4,7271
25955,0,0,1219,5048,3555
25956,0,0,0,2,1
25957,0,0,0,2,1
25958,0,0,0,2,1
25959,0,1,1,4,6
2596,0,0,0,2,1
25960,0,0,0,0,0
25961,0,870,2590,7618,7272
25962,0,1659,4016,2942,11033
25963,0,0,0,0,7273
25964,0,6,7,17,18
25965,0,0,4017,2943,11034
25966,0,0,0,0,0
25967,0,0,0,2944,11035
25968,0,2,2,10,15
25969,0,0,0,14,294
2597,0,0,3,7,5
25970,0,0,0,132,238
25971,0,0,0,0,0
25972,0,0,0,14,11036
25973,0,871,2591,7619,7274
25974,0,0,4018,2945,11037
25975,0,872,2592,7620,7275
25976,0,0,0,1,2
25977,0,0,0,2,1
25978,0,0,0,5049,3556
25979,0,4,4,7621,7276
2598,0,0,0,9,11
25980,0,0,0,2,1
25981,0,0,0,5050,3557
25982,0,0,0,9,11
25983,0,1,1,354,538
25984,0,2,2593,7622,7277
25985,0,6,7,629,11038
25986,0,6,7,629,11039
25987,0,1,1,2946,11040
25988,0,14,1220,5051,3558
25989,0,0,0,1,3559
2599,0,0,0,2,1
25990,0,0,0,2,1
25991,0,0,0,6,7
25992,0,0,0,2,1
25993,0,0,26,91,161
25994,0,0,4019,2947,11041
25995,0,0,0,2,7278
25996,0,0,0,0,0
25997,0,0,0,0,0
25998,0,0,0,0,0
25999,0,0,0,0,0
26,0,1,1,4,6
260,0,1,1,4,6
2600,0,1,1,15,25
26000,0,0,0,0,0
26001,0,0,0,0,0
26002,0,0,0,0,0
26003,0,1,2594,7623,7279
26004,0,0,0,3,3
26005,0,0,0,3,3
26006,0,2,2,10,15
26007,0,0,0,0,0
26008,0,6,7,2948,11042
26009,0,0,0,1,2
2601,0,1,1,5,13
26010,0,4,4,2949,11043
26011,0,1,1,2950,11044
26012,0,4,4,8,11045
26013,0,0,0,2,1
26014,0,5,5,11,12
26015,0,0,0,6,17
26016,0,1,1,5,8
26017,0,5,5,11,12
26018,0,0,0,6,7
26019,0,1,1,5,8
2602,4,11,2902,866,8076
26020,0,0,0,6,7
26021,0,5,5,11,12
26022,0,0,0,2,1
26023,0,0,0,6,17
26024,0,0,0,6,14
26025,0,0,0,1,2
26026,0,0,0,1,2
26027,1,873,2595,7624,7280
26028,0,874,2596,7625,7281
26029,0,0,0,1,2
2603,0,0,0,1,4
26030,0,0,0,1,3560
26031,0,1660,4020,2951,11046
26032,0,0,0,2,1
26033,0,0,0,1,2
26034,0,0,0,1,4
26035,0,0,0,1,2
26036,0,0,0,1,2
26037,0,0,0,1,11047
26038,0,0,0,2952,11048
26039,0,0,3,7,5
2604,0,4,4,8,1286
26040,0,2308,1221,5052,3561
26041,0,0,0,1,2
26042,0,875,2597,7626,7282
26043,0,0,0,1,4
26044,0,0,0,1,2
26045,0,0,0,1,2
26046,0,1,1,15,30
26047,0,0,0,2,1
26048,0,0,0,1,2
26049,0,0,0,2,1
2605,0,0,0,1,2
26050,0,4,4,43,7283
26051,0,0,0,2,1
26052,0,0,0,1,4
26053,0,1,1,7627,7284
26054,0,0,0,2,1
26055,0,4,4,5053,3562
26056,0,1,1,2953,11049
26057,0,0,0,2,1
26058,0,0,0,2,1
26059,0,0,0,2,1
2606,1,192,1486,5559,4297
26060,0,1,1,2954,11050
26061,0,1,1,15,95
26062,0,1,1,5,11051
26063,0,0,0,2,48
26064,0,1,1,5,21
26065,0,1,1,5,3563
26066,0,1,1,5,7285
26067,0,0,0,0,0
26068,0,0,0,0,0
26069,0,0,0,0,0
2607,0,0,0,1,2
26070,0,7,13,51,11052
26071,0,2,2,50,78
26072,0,6,7,36,52
26073,0,0,0,3,3
26074,0,0,0,3,3
26075,0,0,0,2,1
26076,0,5,5,11,965
26077,0,0,0,6,14
26078,0,5,5,11,12
26079,0,5,5,11,794
2608,0,193,1487,5560,4298
26080,0,5,5,11,3564
26081,0,0,0,2,1
26082,0,1,1,4,6
26083,0,2309,1222,5054,3565
26084,0,0,4021,2955,11053
26085,0,2,2,5055,3566
26086,0,0,0,0,0
26087,0,0,0,1,4
26088,0,4,4,8,172
26089,0,0,0,9,23
2609,0,1,1,15,25
26090,0,0,0,2,729
26091,0,0,3,7,5
26092,0,0,0,1,2
26093,0,0,0,2,1
26094,0,0,0,1,4
26095,0,0,3,7,5
26096,0,0,0,2,1
26097,0,0,0,1,2
26098,1,1661,4022,2956,11054
26099,0,0,0,1,2
261,0,1,1,3292,1044
2610,0,0,0,1,4299
26100,0,0,0,2,1
26101,0,1662,4023,2957,11055
26102,0,0,0,1,2
26103,0,1,1,19,81
26104,0,1,1,5,3567
26105,0,0,3,7,966
26106,0,0,0,1,3568
26107,0,0,0,2,1
26108,4,11,2598,7628,7286
26109,0,0,0,1,4
2611,0,0,0,2,1
26110,0,0,3,7,5
26111,0,1,1,20,19
26112,0,4,4,8,11056
26113,0,1,1,21,60
26114,0,10,12,140,7287
26115,0,1,1,5,945
26116,0,0,0,2,1
26117,0,0,0,6,76
26118,0,0,0,163,274
26119,0,1,1,24,906
2612,0,0,0,327,980
26120,0,0,0,13,10
26121,0,0,0,0,0
26122,0,0,0,0,0
26123,0,0,0,9,11
26124,0,1,1,582,3569
26125,0,0,3,7,5
26126,0,0,0,2,1
26127,0,0,0,2,1
26128,0,0,3,7,5
26129,0,0,3,7,5
2613,0,0,0,1,2
26130,0,4,4,8,20
26131,0,0,3,7,5
26132,0,0,0,2,1
26133,0,0,0,2,1
26134,0,1,240,7629,7288
26135,0,0,0,2,1
26136,0,1,1,5,233
26137,0,4,4,43,905
26138,0,0,0,2,1
26139,0,4,4,5056,3570
2614,0,1831,366,3469,1287
26140,0,0,0,1,4
26141,0,1663,4024,2958,11057
26142,0,0,0,1,2
26143,0,1664,4025,2959,11058
26144,0,0,0,1,4
26145,0,0,0,1,2
26146,0,0,0,2,1
26147,0,0,0,2,1
26148,0,107,4026,2960,11059
26149,0,0,0,1,2
2615,0,194,1488,5561,4300
26150,40,1665,4027,2961,11060
26151,4,11,24,45,65
26152,0,2,2,10,26
26153,0,0,0,0,0
26154,0,0,0,0,0
26155,0,0,0,2,1
26156,0,0,0,16,24
26157,0,0,0,7630,7289
26158,0,0,0,5057,3571
26159,0,0,0,2962,11061
2616,0,0,367,3470,1288
26160,0,0,0,2963,11062
26161,0,0,0,7631,7290
26162,0,1,1,4,6
26163,0,1,2599,7632,7291
26164,0,1,1,168,579
26165,0,1,1,5058,3572
26166,6,13,2600,7633,7292
26167,0,0,0,1,392
26168,0,2310,1223,5059,3573
26169,0,1,1,4,6
2617,0,0,0,2,1
26170,0,1,1,4,6
26171,0,1,1,4,388
26172,0,1666,4028,2964,11063
26173,0,1,1,5,21
26174,0,1,1,5,21
26175,0,1,1,7634,7293
26176,0,1,1,4,11064
26177,285,876,2601,7635,7294
26178,129,1667,4029,2965,11065
26179,0,0,0,0,0
2618,0,0,0,2,1
26180,0,1,1,4,84
26181,0,1,1,4,6
26182,0,0,262,5060,3574
26183,0,6,7,7636,7295
26184,0,6,7,17,18
26185,0,0,0,2,1
26186,0,0,0,2,1
26187,0,3,77,7637,7296
26188,0,0,0,0,7297
26189,0,0,2602,7638,7298
2619,0,4,4,8,20
26190,0,1,1,4,6
26191,0,0,0,1,2
26192,0,1,1,5061,3575
26193,0,1,1,246,506
26194,0,0,0,0,0
26195,0,3,6,2966,11066
26196,0,0,0,13,10
26197,0,0,0,13,10
26198,0,0,0,0,0
26199,0,0,0,0,0
262,0,1,269,3293,1045
2620,0,1048,2903,867,8077
26200,0,0,0,0,0
26201,0,0,0,0,0
26202,0,0,0,0,0
26203,0,0,0,0,0
26204,0,0,0,0,0
26205,0,0,0,2,11067
26206,0,0,0,16,252
26207,0,0,0,0,101
26208,0,0,0,0,83
26209,0,21,245,464,937
2621,0,0,0,6,7
26210,0,0,0,16,252
26211,0,0,0,16,252
26212,0,0,0,16,252
26213,0,0,0,16,252
26214,0,0,0,16,534
26215,0,0,0,16,7299
26216,0,0,0,16,7300
26217,0,0,0,0,0
26218,0,0,21,92,195
26219,0,0,10,104,193
2622,0,0,3,7,5
26220,0,9,48,105,194
26221,0,2,2,25,138
26222,0,0,0,16,11068
26223,0,0,0,2,1
26224,0,1,1,15,25
26225,0,1,4030,2967,11069
26226,0,1,4031,2968,11070
26227,0,0,0,13,10
26228,0,0,0,3,3
26229,0,0,0,0,0
2623,0,0,0,1,2
26230,0,0,0,0,0
26231,0,0,0,0,198
26232,0,6,4032,2969,11071
26233,0,5,4033,2970,11072
26234,0,5,220,5062,3576
26235,0,5,220,2971,11073
26236,39,112,221,2972,11074
26237,39,112,221,7639,7301
26238,0,6,1224,5063,3577
26239,0,0,0,16,38
2624,0,0,0,2,36
26240,0,0,0,16,38
26241,0,0,0,16,38
26242,0,0,0,16,38
26243,0,0,0,16,7302
26244,0,0,0,16,432
26245,0,0,2603,7640,7303
26246,0,1668,4034,2973,11075
26247,0,2311,1225,5064,3578
26248,0,5,5,123,183
26249,0,0,0,16,252
2625,0,1,1,5,21
26250,0,0,0,0,0
26251,0,5,5,123,183
26252,0,5,5,123,183
26253,0,0,0,0,11076
26254,0,0,0,0,83
26255,0,0,4035,2974,11077
26256,0,0,3,7,5
26257,0,0,0,7641,7304
26258,0,0,0,1,2
26259,0,0,0,1,2
2626,0,1,1,5,21
26260,0,0,0,1,4
26261,0,0,0,7642,7305
26262,0,0,0,1,4
26263,0,0,0,1,4
26264,3,877,2604,7643,7306
26265,0,2312,1226,5065,3579
26266,0,0,0,1,2
26267,0,0,0,1,4
26268,0,0,0,9,11
26269,0,0,0,2,1
2627,0,0,0,2,36
26270,0,1,1,473,7307
26271,0,0,0,1,2
26272,0,3,29,69,106
26273,0,3,6,2975,11078
26274,0,0,0,13,10
26275,0,0,0,0,3580
26276,0,0,0,0,0
26277,0,0,0,2976,11079
26278,0,0,0,5066,3581
26279,0,0,0,7644,7308
2628,0,1,1,5,21
26280,0,0,0,7645,7309
26281,0,0,0,1,2
26282,0,0,0,1,7310
26283,0,0,2605,7646,7311
26284,0,0,0,1,7312
26285,0,0,0,7647,7313
26286,0,0,0,2,1
26287,0,0,0,9,11
26288,0,1,1,606,11080
26289,0,0,3,7,5
2629,0,1,1,5,21
26290,0,0,0,9,23
26291,0,0,0,1,4
26292,0,0,1227,5067,3582
26293,0,3,77,325,7314
26294,0,1,1,4,6
26295,0,0,0,2,1
26296,0,1,1,4,111
26297,0,3,77,325,3583
26298,0,3,77,325,11081
26299,0,3,77,7648,7315
263,0,1,1,4,422
2630,0,0,0,2,36
26300,0,1,1,4,6
26301,0,1,1,4,6
26302,0,0,0,0,0
26303,0,0,0,0,0
26304,286,878,2606,7649,7316
26305,0,0,0,3,3
26306,0,1,1,5,13
26307,0,1,1,5,11082
26308,0,0,0,2,1
26309,0,0,0,9,11
2631,0,1,1,5,831
26310,0,0,0,1,4
26311,0,879,2607,7650,7317
26312,0,0,0,1,2
26313,0,0,0,1,2
26314,4,63,251,486,959
26315,0,55,1228,5068,3584
26316,0,0,0,1,4
26317,0,1,1,5,275
26318,0,2,2,226,3585
26319,0,54,242,453,3586
2632,0,1,1,5,21
26320,0,104,200,620,726
26321,0,0,0,0,0
26322,0,0,0,2,1
26323,0,2,2,10,3587
26324,0,1,1,5,21
26325,0,2313,1229,5069,3588
26326,0,0,0,1,2
26327,0,0,0,7651,7318
26328,0,880,2608,7652,7319
26329,0,0,0,1,2
2633,0,1,1,5,21
26330,0,0,2609,7653,7320
26331,0,0,0,1,4
26332,0,0,0,2,1
26333,1,881,2610,7654,7321
26334,0,882,2611,7655,7322
26335,0,0,0,1,2
26336,0,1669,4036,2977,11083
26337,0,0,0,1,2
26338,0,0,0,1,2
26339,0,0,0,1,2
2634,0,0,0,2,36
26340,0,0,0,1,4
26341,0,0,3,7,5
26342,0,2,2,180,3589
26343,0,0,0,9,23
26344,0,0,0,0,0
26345,0,0,0,0,0
26346,0,6,7,17,18
26347,0,0,0,2,1
26348,0,0,0,2,1
26349,0,5,5,11,360
2635,0,1,1,5,21
26350,0,0,0,13,11084
26351,0,0,0,13,10
26352,0,883,2612,7656,7323
26353,0,0,0,1,2
26354,0,0,0,2,1
26355,0,0,0,13,10
26356,0,0,0,2,1
26357,0,0,0,2,48
26358,0,1,1,5,21
26359,0,0,0,1,392
2636,0,0,0,2,36
26360,0,1,1,5,7324
26361,0,0,1230,5070,3590
26362,0,0,0,2,1
26363,0,1,1,5,11085
26364,0,1,1,7657,7325
26365,0,0,0,2,36
26366,0,1,1,5,21
26367,0,1,1,5,21
26368,0,0,0,2,36
26369,0,1,1,4,6
2637,0,0,0,0,261
26370,0,1,1,7658,7326
26371,0,0,40,87,123
26372,0,0,0,0,0
26373,0,0,0,5071,3591
26374,0,0,0,0,0
26375,0,0,0,2,1
26376,0,1,1,4,3592
26377,0,0,0,2,36
26378,0,6,7,109,922
26379,0,3,6,7659,7327
2638,0,0,0,0,261
26380,0,3,6,2978,11086
26381,0,18,59,5072,3593
26382,0,0,0,1,2
26383,0,0,0,9,11
26384,0,6,7,17,18
26385,0,0,0,0,0
26386,0,0,0,0,0
26387,4,2314,1231,5073,3594
26388,0,884,2613,7660,7328
26389,0,0,0,1,392
2639,0,0,164,594,8078
26390,0,0,0,2,1
26391,0,0,0,2,1
26392,0,0,0,0,0
26393,0,6,199,619,725
26394,0,0,0,0,0
26395,0,0,0,2,1
26396,0,0,0,2,1
26397,0,0,0,2,1
26398,0,0,0,0,0
26399,0,0,0,0,11087
264,0,1,1,259,423
2640,0,2,2,382,846
26400,0,0,2614,7661,7329
26401,0,1,1,4,111
26402,0,0,0,0,0
26403,0,0,0,2,1
26404,0,0,0,0,0
26405,0,0,0,0,0
26406,0,0,0,0,0
26407,0,0,0,0,11088
26408,0,0,0,2,1
26409,0,0,0,52,118
2641,0,0,0,22,984
26410,0,0,1232,5074,3595
26411,0,0,0,2979,11089
26412,0,0,0,0,0
26413,0,0,0,0,0
26414,0,1,1,15,25
26415,0,0,0,2,1
26416,0,0,0,16,24
26417,0,2315,1233,5075,3596
26418,0,0,0,0,0
26419,0,0,0,22,167
2642,0,0,0,0,0
26420,0,0,0,2,1
26421,0,0,0,7662,7330
26422,0,1,1,352,808
26423,0,0,0,1,214
26424,0,0,0,6,7
26425,0,2,2,2980,11090
26426,0,1,1,31,967
26427,0,1,1,4,3597
26428,0,1,1,7663,7331
26429,0,1,4037,2981,11091
2643,0,0,193,383,709
26430,0,1,1,4,730
26431,0,0,0,5076,3598
26432,0,18,97,5077,3599
26433,0,18,59,256,3600
26434,0,0,0,2,1
26435,0,1,1,4,33
26436,0,1,1,4,6
26437,0,0,0,3,3
26438,0,1,4038,2982,11092
26439,0,2316,1234,5078,3601
2644,0,0,10,520,985
26440,0,1670,4039,2983,11093
26441,0,0,0,16,38
26442,0,0,0,0,0
26443,0,1,1,5079,3602
26444,0,1,1,4,6
26445,0,1,1,4,6
26446,0,0,0,7664,7332
26447,0,0,0,16,432
26448,0,1,1,4,11094
26449,0,0,0,3,3
2645,0,9,15,443,608
26450,0,0,0,3,3
26451,0,0,0,3,3
26452,0,2,2,18,7333
26453,0,0,0,3,3
26454,0,0,0,1,2
26455,0,0,0,1,2
26456,0,0,0,2,1
26457,0,0,0,2,1
26458,0,1,1,15,30
26459,0,0,0,5080,3603
2646,0,2,2,25,138
26460,0,0,0,411,795
26461,0,0,3,7,5
26462,0,0,4040,2984,11095
26463,0,0,4041,2985,11096
26464,0,0,0,2986,11097
26465,0,0,4042,2987,11098
26466,0,0,0,13,10
26467,0,0,0,0,0
26468,0,6,7,17,7334
26469,0,0,0,0,0
2647,0,0,0,16,164
26470,0,1,1,5081,3604
26471,0,2,2615,7665,7335
26472,0,1,1,5,796
26473,0,2,222,2988,11099
26474,0,0,0,6,17
26475,0,0,0,27,35
26476,0,5,5,11,12
26477,0,5,5,11,12
26478,0,5,5,11,12
26479,0,0,0,0,0
2648,0,0,0,868,8079
26480,0,0,0,0,0
26481,0,0,0,0,0
26482,0,0,0,0,7336
26483,0,6,7,311,3605
26484,199,2317,1235,5082,3606
26485,0,0,0,0,0
26486,0,0,4043,2989,11100
26487,0,0,0,0,3607
26488,0,2,2,10,7337
26489,0,0,0,0,0
2649,0,0,0,16,8080
26490,0,0,0,0,0
26491,0,0,0,2,1
26492,0,4,4,5083,3608
26493,0,4,4,8,20
26494,0,0,0,2,1
26495,0,0,0,1,2
26496,0,4,4,8,11101
26497,0,0,0,1,2
26498,0,1,1,19,797
26499,0,0,0,2,1
265,0,1,1,4,824
2650,0,0,0,67,4301
26500,0,0,3,7,5
26501,0,0,3,7,11102
26502,0,0,0,2,1
26503,4,11,43,291,7338
26504,0,0,0,1,4
26505,0,0,0,2,1
26506,0,0,0,6,535
26507,0,5,5,107,11103
26508,0,0,0,6,14
26509,0,0,0,2,1
2651,0,0,0,67,4302
26510,0,0,0,0,0
26511,0,0,0,1,2
26512,0,0,0,2,1
26513,0,1,1,5,74
26514,0,1,1,7666,7339
26515,0,0,0,12,237
26516,0,2,2,77,219
26517,0,0,0,12,9
26518,0,0,0,12,9
26519,0,0,0,2,1
2652,0,0,0,3471,1289
26520,0,1,1,5,13
26521,3,1671,4044,2990,11104
26522,0,0,0,1,2
26523,0,0,0,1,2
26524,0,0,0,1,4
26525,0,0,0,9,11
26526,0,0,0,2,1
26527,0,4,4,2991,11105
26528,0,4,4,8,181
26529,0,1,1,317,7340
2653,0,0,0,384,609
26530,0,0,0,2,1
26531,0,4,4,2992,11106
26532,287,885,2616,7667,7341
26533,0,0,0,1,793
26534,0,1,1,19,3609
26535,0,2318,1236,5084,3610
26536,0,0,0,1,2
26537,0,1672,4045,2993,11107
26538,0,0,0,1,2
26539,0,886,2617,7668,7342
2654,0,0,0,384,609
26540,0,1673,4046,2994,11108
26541,0,1674,4047,2995,11109
26542,0,0,3,7,5
26543,0,1,1,21,57
26544,0,1,1,5085,3611
26545,0,0,0,9,11
26546,0,0,0,1,4
26547,0,887,2618,7669,7343
26548,0,0,0,1,2
26549,0,1,1,5,11110
2655,0,0,0,16,533
26550,0,0,0,1,4
26551,0,0,0,1,4
26552,0,0,3,7,5
26553,1,888,2619,7670,7344
26554,0,889,2620,7671,7345
26555,0,0,0,1,2
26556,0,0,0,2,1
26557,0,1,1,7672,7346
26558,0,0,0,0,0
26559,0,0,0,0,0
2656,0,0,0,67,182
26560,0,0,0,0,198
26561,0,0,0,0,0
26562,0,0,0,0,0
26563,0,0,0,6,7347
26564,0,0,0,0,11111
26565,0,1675,4048,2996,11112
26566,0,0,0,0,0
26567,0,0,0,6,17
26568,0,5,5,11,12
26569,0,0,0,2,1
2657,0,0,368,3472,1290
26570,0,5,5,11,798
26571,0,0,0,6,14
26572,0,1,1,5,8
26573,0,0,0,2,1
26574,0,0,0,6,7
26575,0,1,1,5,8
26576,0,5,5,11,12
26577,0,0,0,6,7
26578,0,0,0,2,1
26579,0,0,0,9,11
2658,0,0,0,95,986
26580,0,0,1237,5086,3612
26581,0,0,0,1,4
26582,0,0,2621,7673,7348
26583,0,0,0,1,2
26584,0,1,1,5,3613
26585,0,1,1,102,179
26586,0,4,4,7674,7349
26587,0,1,1,113,248
26588,0,0,0,2,1
26589,0,4,4,8,178
2659,0,0,0,0,0
26590,0,0,0,2,1
26591,0,1,1,20,19
26592,0,1,1,15,754
26593,0,4,4,2997,11113
26594,0,0,0,1,2
26595,0,0,0,1,4
26596,0,2,2,18,11114
26597,0,1,1,4,11115
26598,0,0,0,2,932
26599,0,1,1,111,245
266,0,1,1,4,1046
2660,0,0,0,16,38
26600,0,0,0,0,0
26601,0,0,0,0,0
26602,0,0,0,0,0
26603,0,2319,1238,5087,3614
26604,0,0,0,0,0
26605,0,0,78,583,3615
26606,0,0,0,0,0
26607,0,35,150,362,536
26608,0,0,0,0,0
26609,0,0,0,0,0
2661,0,0,0,16,262
26610,0,0,0,0,0
26611,0,0,0,0,0
26612,0,0,0,0,0
26613,0,0,78,262,3616
26614,0,0,78,583,11116
26615,0,0,1239,5088,3617
26616,0,0,0,0,0
26617,0,0,0,7675,7350
26618,0,0,0,0,0
26619,0,0,0,7676,7351
2662,0,0,0,16,262
26620,0,0,0,0,0
26621,0,890,2622,7677,7352
26622,0,0,0,0,0
26623,0,0,0,261,393
26624,0,0,0,0,0
26625,0,0,223,584,799
26626,0,0,0,0,11117
26627,0,0,0,261,393
26628,0,0,0,0,0
26629,0,0,0,0,0
2663,0,0,0,16,38
26630,0,0,78,262,3618
26631,0,0,0,0,0
26632,0,0,78,262,7353
26633,0,0,0,0,11118
26634,0,0,0,14,11119
26635,0,0,0,0,0
26636,0,0,78,262,11120
26637,0,0,0,261,393
26638,0,113,224,492,800
26639,0,0,4049,2998,11121
2664,0,0,0,16,38
26640,0,0,223,584,799
26641,0,113,224,492,800
26642,0,0,0,261,393
26643,0,0,9,5089,3619
26644,0,0,0,0,0
26645,0,2,2,5090,3620
26646,0,35,150,362,536
26647,0,0,57,139,753
26648,0,35,151,493,801
26649,0,35,151,2999,11122
2665,0,0,0,16,326
26650,0,35,150,362,536
26651,0,35,151,493,801
26652,0,0,57,139,968
26653,0,0,57,139,11123
26654,0,0,57,5091,3621
26655,0,0,0,550,802
26656,5,1676,4050,3000,11124
26657,5,2320,1240,5092,3622
26658,5,891,2623,7678,7354
26659,0,892,2624,7679,7355
2666,0,195,1489,5562,4303
26660,0,0,0,0,0
26661,0,0,0,0,0
26662,0,2,2,10,7356
26663,0,0,0,0,0
26664,0,6,7,17,18
26665,0,0,0,0,7357
26666,0,0,27,108,510
26667,0,3,8,7680,7358
26668,0,0,0,3001,11125
26669,0,2,2,25,138
2667,0,0,2904,869,8081
26670,0,0,21,92,195
26671,0,0,10,104,193
26672,0,9,48,105,194
26673,0,0,0,16,24
26674,0,0,0,16,24
26675,5,89,2625,7681,7359
26676,0,0,0,22,167
26677,0,0,0,22,167
26678,0,0,0,3002,11126
26679,0,0,0,0,83
2668,0,0,0,16,534
26680,0,0,0,14,22
26681,0,0,0,0,0
26682,0,0,0,0,7360
26683,0,2,2,25,144
26684,0,0,0,0,83
26685,0,0,0,0,83
26686,5,893,2626,7682,7361
26687,0,0,0,6,7
26688,0,0,0,2,1
26689,0,0,3,7,5
2669,0,0,0,16,326
26690,0,894,2627,7683,7362
26691,0,1,1,21,129
26692,0,0,0,0,0
26693,0,0,0,0,0
26694,0,0,0,0,0
26695,0,0,0,0,0
26696,0,26,225,367,803
26697,11,68,226,507,804
26698,0,45,227,368,805
26699,0,2,125,369,826
267,0,1,1,4,422
2670,0,0,0,16,1291
26700,0,0,40,87,123
26701,0,1,1,5,7363
26702,0,1,1,5,11127
26703,0,0,0,2,1
26704,0,1,1,5,3623
26705,0,1,1,5,7364
26706,0,0,0,2,48
26707,0,0,0,0,0
26708,0,0,0,3,3
26709,0,0,0,3,3
2671,0,0,0,22,167
26710,0,0,0,3,3
26711,0,1,1,4,7365
26712,0,0,0,3,3
26713,0,0,0,3,3
26714,0,1,1,4,3624
26715,0,3,6,7684,7366
26716,0,3,6,5093,3625
26717,0,3,6,7685,7367
26718,0,0,0,3,3
26719,0,1,1,5094,3626
2672,0,0,10,3473,1292
26720,0,0,0,3,3
26721,0,0,0,5095,3627
26722,0,1,1,4,6
26723,0,0,0,7686,7368
26724,0,1,1,5096,3628
26725,0,0,0,2,1
26726,0,0,0,6,14
26727,0,5,5,11,360
26728,0,0,3,70,105
26729,0,0,0,0,0
2673,0,0,0,16,263
26730,0,0,0,0,0
26731,0,0,0,7687,7369
26732,0,2,2,10,7370
26733,0,0,0,0,7371
26734,0,2321,1241,5097,3629
26735,0,3,6,7688,7372
26736,0,0,9,280,551
26737,0,0,0,13,10
26738,0,0,0,0,0
26739,0,0,0,0,0
2674,0,0,98,5563,4304
26740,0,0,0,0,0
26741,0,0,0,0,0
26742,0,0,0,0,0
26743,0,0,0,294,466
26744,0,0,0,14,435
26745,0,0,0,0,0
26746,0,0,0,0,0
26747,0,0,0,0,0
26748,0,0,1242,5098,3630
26749,0,0,0,14,22
2675,0,0,98,385,847
26750,0,0,0,13,10
26751,0,2,2,10,68
26752,0,0,0,0,0
26753,0,0,9,7689,7373
26754,0,0,0,0,0
26755,0,0,0,2,1
26756,0,1,1,5,7374
26757,0,1677,4051,3003,11128
26758,0,2,2,10,15
26759,0,0,0,0,0
2676,0,0,98,385,847
26760,0,0,0,0,0
26761,0,2,2,10,15
26762,0,2,2,152,11129
26763,0,1,4052,3004,11130
26764,0,1,1,3005,11131
26765,0,1,1,3006,11132
26766,0,1,1,4,7375
26767,0,2,2,18,16
26768,0,1,1,5099,3631
26769,0,0,0,3,3
2677,0,0,21,92,195
26770,0,1,1,4,7376
26771,0,0,0,3007,11133
26772,0,0,0,3,3
26773,0,0,0,7690,7377
26774,0,0,0,3,3
26775,0,0,0,3,3
26776,0,0,0,3008,11134
26777,0,0,0,7691,7378
26778,0,1,1,4,531
26779,0,0,0,3,3
2678,0,0,10,104,193
26780,0,0,0,7692,7379
26781,0,0,2628,7693,7380
26782,0,0,0,3,3
26783,0,0,0,0,0
26784,0,0,0,0,0
26785,0,0,0,0,0
26786,0,0,0,0,42
26787,0,0,0,2,1
26788,0,0,0,1,4
26789,0,0,0,1,4
2679,0,9,48,105,194
26790,0,0,0,1,4
26791,0,0,0,1,4
26792,1,895,2629,7694,7381
26793,0,0,0,1,2
26794,0,0,0,1,4
26795,0,1,1,15,25
26796,0,4,4,7695,7382
26797,0,0,0,1,4
26798,0,2322,1243,5100,3632
26799,0,0,0,1,2
268,0,0,0,0,0
2680,0,0,0,16,24
26800,0,1,1,5,13
26801,0,1,1,15,25
26802,0,4,4,8,11135
26803,0,0,0,1,2
26804,0,0,3,7,5
26805,0,0,0,1,4
26806,0,0,0,1,2
26807,0,4,4,5101,3633
26808,1,1678,4053,3009,11136
26809,0,896,2630,7696,7383
2681,0,0,0,16,24
26810,0,0,0,1,2
26811,3,2323,1244,5102,3634
26812,0,0,0,1,2
26813,0,0,0,2,1
26814,0,0,0,9,11
26815,0,0,0,1,2
26816,0,0,0,1,2
26817,0,0,0,1,2
26818,0,0,3,7,5
26819,0,0,0,9,11
2682,0,0,0,16,24
26820,0,0,0,1,4
26821,0,4,4,8,11137
26822,0,1,1,15,25
26823,0,1,1,5,13
26824,0,1,1,5,13
26825,0,0,0,2,1
26826,0,0,0,2,1
26827,0,897,2631,7697,7384
26828,0,0,0,2,1
26829,0,0,0,2,7385
2683,0,0,0,870,8082
26830,0,0,0,1,11138
26831,0,0,0,1,4
26832,0,0,0,2,1
26833,0,898,2632,7698,7386
26834,0,0,0,1,2
26835,0,0,0,2,1
26836,0,0,0,1,4
26837,200,2324,1245,5103,3635
26838,0,0,0,1,2
26839,0,4,4,8,11139
2684,0,2,2,25,144
26840,0,0,0,2,1
26841,0,1,1,5104,3636
26842,0,1679,4054,3010,11140
26843,0,0,0,1,2
26844,0,1,1,5,7387
26845,0,0,0,1,2
26846,0,0,0,1,4
26847,0,0,0,2,1
26848,0,0,0,1,2
26849,0,899,2633,7699,7388
2685,0,0,0,22,71
26850,0,0,0,1,2
26851,0,0,0,1,4
26852,0,0,0,1,4
26853,0,0,0,1,4
26854,0,0,0,2,1
26855,0,0,0,1,4
26856,0,0,3,7,5
26857,0,0,2634,7700,7389
26858,0,0,0,7701,7390
26859,0,2325,1246,5105,3637
2686,0,0,0,0,83
26860,0,0,0,5106,3638
26861,0,0,0,2,1
26862,0,5,5,11,114
26863,0,0,0,6,7
26864,0,5,5,11,130
26865,0,5,5,11,12
26866,0,5,5,11,3639
26867,0,5,5,11,114
26868,0,1,1,5,8
26869,0,1,1,5,8
2687,0,0,0,0,83
26870,0,0,0,6,14
26871,0,1,1,3011,11141
26872,0,0,0,6,7
26873,0,5,5,11,270
26874,0,0,0,2,3640
26875,0,0,0,2,1
26876,0,0,0,2,1
26877,0,1,1,5,8
26878,0,0,0,6,17
26879,0,0,0,0,0
2688,220,196,1490,5564,4305
26880,0,0,0,0,83
26881,0,0,0,22,71
26882,0,1,1,5,11142
26883,0,0,0,0,0
26884,0,0,0,0,0
26885,0,0,0,48,303
26886,6,40,4055,3012,11143
26887,0,0,0,1,2
26888,0,0,0,2,1
26889,0,1,1,19,231
26890,0,4,4,8,7391
26891,0,0,0,6,3641
26892,0,1,1,5,8
26893,0,0,0,6,7
26894,0,0,0,3013,11144
26895,0,0,0,6,7
26896,0,0,0,6,7
26897,0,0,0,2,1
26898,0,0,0,6,7
26899,0,1,1,5,8
269,0,0,0,0,0
2690,0,9,15,72,8083
26900,0,0,0,6,7
26901,0,1,1,15,168
26902,0,0,0,2,1
26903,0,0,0,2,1
26904,0,0,0,2,1
26905,0,0,3,7,5
26906,0,0,1247,5107,3642
26907,0,0,0,9,11
26908,0,0,0,2,1
26909,0,0,3,7,5
2691,0,0,369,3474,1293
26910,0,0,0,1,2
26911,0,4,4,3014,11145
26912,0,0,0,9,11
26913,0,0,0,2,1
26914,0,0,3,7,5
26915,0,0,3,7,5
26916,0,1,1,15,168
26917,0,0,1248,5108,3643
26918,0,0,0,1,2
26919,0,1,1,5,13
2692,0,0,0,16,4306
26920,0,0,0,1,2
26921,0,0,0,9,11
26922,0,900,2635,7702,7392
26923,0,0,0,1,2
26924,0,1,118,270,11146
26925,0,1,1,15,491
26926,0,106,4056,3015,11147
26927,0,1,35,203,806
26928,0,1,1,5,21
26929,0,0,0,2,807
2693,0,0,1491,5565,4307
26930,0,0,0,263,419
26931,0,1,1,5,21
26932,0,1,1,5,3644
26933,0,0,0,0,0
26934,0,0,0,0,0
26935,0,0,0,0,0
26936,0,0,0,0,0
26937,0,0,0,0,0
26938,0,0,0,0,0
26939,0,1,4057,3016,11148
2694,0,2,2,5566,4308
26940,0,1,1,4,6
26941,0,0,0,2,1
26942,0,0,0,6,7
26943,0,2326,1249,5109,3645
26944,0,0,3,7,7393
26945,0,0,3,7,7394
26946,0,0,0,2,1
26947,0,1,1,64,969
26948,0,0,3,7,5
26949,0,0,0,1,2
2695,0,0,0,0,0
26950,0,1,1,21,86
26951,0,901,2636,7703,7395
26952,0,2327,1250,5110,3646
26953,0,1,1,5,13
26954,0,0,0,2,1
26955,0,4,4,5111,3647
26956,0,0,3,7,5
26957,0,0,0,2,3648
26958,0,0,0,1,2
26959,0,0,0,2,1
2696,0,0,0,5567,4309
26960,0,2328,1251,5112,3649
26961,0,0,0,1,2
26962,0,1,1,21,57
26963,0,902,2637,7704,7396
26964,0,0,0,1,2
26965,0,0,0,1,2
26966,0,0,0,1,4
26967,0,0,0,1,2
26968,0,1680,4058,3017,11149
26969,0,0,0,1,2
2697,0,2,2,25,53
26970,288,903,2638,7705,7397
26971,0,0,0,1,2
26972,0,0,0,0,0
26973,0,0,0,0,0
26974,0,0,0,1,2
26975,0,0,0,1,2
26976,0,0,0,2,1
26977,0,0,0,2,1
26978,0,0,0,9,11
26979,0,0,0,1,4
2698,0,2,2,25,53
26980,289,904,2639,7706,7398
26981,0,1,1,5,13
26982,0,1,1,15,25
26983,0,0,0,1,4
26984,0,0,0,1,4
26985,0,0,0,2,1
26986,0,1681,4059,3018,11150
26987,0,0,0,1,4
26988,0,1,1,4,7399
26989,0,0,0,1,2
2699,0,0,0,3475,1294
26990,0,0,0,6,7
26991,0,0,0,6,7
26992,0,0,0,6,17
26993,0,0,0,6,17
26994,0,0,0,6,17
26995,0,0,0,6,17
26996,0,0,0,6,17
26997,0,5,5,11,12
26998,0,0,0,6,14
26999,0,0,2640,7707,7400
27,0,0,0,3,3
270,0,0,0,0,0
2700,0,0,19,521,1295
27000,0,0,0,6,17
27001,0,0,0,5113,3650
27002,0,0,0,2,1
27003,0,1,1,5,8
27004,0,0,0,6,7
27005,0,5,5,11,12
27006,0,0,40,7708,7401
27007,0,1,1,352,808
27008,0,7,31,5114,3651
27009,0,7,31,149,809
2701,0,0,10,386,4310
27010,0,0,67,143,225
27011,0,2,2,364,3652
27012,0,7,13,585,3653
27013,0,15,23,59,11151
27014,0,7,36,176,11152
27015,0,15,23,59,11153
27016,0,7,13,215,3654
27017,0,7,36,390,11154
27018,0,0,0,2,438
27019,0,0,0,2,39
2702,0,9,15,871,8084
27020,0,0,0,2,39
27021,0,0,0,2,39
27022,0,0,0,2,309
27023,0,0,0,0,0
27024,0,0,0,0,0
27025,0,0,0,0,0
27026,0,0,0,0,85
27027,0,0,0,0,0
27028,0,0,0,13,10
27029,0,0,0,13,10
2703,0,0,0,5568,4311
27030,0,0,0,13,10
27031,201,2329,1252,5115,3655
27032,0,0,0,0,0
27033,0,0,1253,5116,3656
27034,0,6,7,7709,7402
27035,0,2,2,3019,11155
27036,0,0,0,0,0
27037,0,0,0,0,11156
27038,0,0,2641,7710,7403
27039,0,0,0,0,0
2704,0,0,370,3476,1296
27040,0,0,0,0,0
27041,0,0,0,0,0
27042,0,0,0,0,0
27043,0,2330,1254,5117,3657
27044,0,0,0,0,0
27045,0,0,0,0,7404
27046,0,0,0,0,0
27047,0,0,0,0,0
27048,0,0,0,14,32
27049,0,0,0,0,0
2705,0,0,0,22,264
27050,0,0,0,0,310
27051,0,0,0,0,0
27052,0,0,0,0,0
27053,0,0,0,0,0
27054,0,0,0,0,0
27055,0,2,2,10,3658
27056,0,0,0,0,0
27057,0,0,0,14,1016
27058,0,0,0,0,11157
27059,0,0,0,14,1016
2706,0,0,1492,5569,4312
27060,0,0,0,5118,3659
27061,0,0,0,0,0
27062,0,0,0,0,3660
27063,0,0,0,0,0
27064,0,0,0,0,0
27065,0,0,0,0,0
27066,0,0,2642,7711,7405
27067,0,0,0,0,0
27068,0,0,0,0,0
27069,0,0,0,3020,11158
2707,0,9,84,342,8085
27070,0,0,1255,5119,3661
27071,0,0,0,16,11159
27072,0,905,2643,7712,7406
27073,0,0,1256,5120,3662
27074,0,0,0,0,0
27075,0,0,0,0,0
27076,0,2,2,10,170
27077,0,0,0,0,11160
27078,0,0,0,0,11161
27079,0,0,0,0,0
2708,0,0,19,212,517
27080,0,0,2644,7713,7407
27081,0,0,0,0,11162
27082,0,0,0,5121,3663
27083,0,0,0,0,0
27084,0,0,0,16,24
27085,5,1682,4060,3021,11163
27086,0,0,0,0,0
27087,0,0,44,178,11164
27088,0,0,0,13,10
27089,0,0,0,0,0
2709,0,0,0,872,8086
27090,0,0,0,0,0
27091,0,0,0,0,11165
27092,0,0,0,13,10
27093,0,0,0,3022,11166
27094,0,0,0,13,10
27095,0,0,0,13,10
27096,0,2,2,10,582
27097,0,0,0,0,0
27098,0,1,1,545,810
27099,0,0,0,9,3664
271,0,1,1,15,58
2710,0,1049,2905,873,8087
27100,0,0,0,2,11167
27101,0,0,0,1,2
27102,0,0,0,1,4
27103,0,1,1,15,199
27104,0,2,2,10,11168
27105,0,0,0,0,0
27106,0,0,0,0,3665
27107,0,10,2645,7714,7408
27108,0,0,0,9,11
27109,0,1,1,494,3666
2711,0,2,2,25,53
27110,0,0,0,2,1
27111,0,1,1,494,7409
27112,0,1,1,3023,11169
27113,0,0,0,3,3
27114,0,3,8,7715,7410
27115,0,2,2,10,376
27116,0,0,1257,5122,3667
27117,0,0,4061,3024,11170
27118,0,0,0,13,10
27119,0,0,0,0,0
2712,0,88,165,874,8088
27120,0,0,0,0,0
27121,0,0,0,0,0
27122,0,0,0,6,76
27123,0,0,0,6,76
27124,0,0,0,2,1
27125,0,0,0,81,324
27126,0,0,0,81,7411
27127,0,1,1,4,6
27128,0,0,0,3,3
27129,0,0,0,147,7412
2713,0,9,2906,875,8089
27130,0,1,1,20,11171
27131,0,1,1,20,19
27132,0,0,0,0,0
27133,0,4,4,8,181
27134,0,0,0,1,4
27135,0,0,0,9,11
27136,0,4,4,8,40
27137,0,0,0,9,305
27138,0,0,3,7,5
27139,0,0,0,1,578
2714,0,0,19,876,8090
27140,0,0,0,2,1
27141,0,0,0,2,1
27142,0,1,1,3025,11172
27143,0,1,1,5,13
27144,0,0,0,2,1
27145,0,906,2646,7716,7413
27146,0,0,0,1,2
27147,0,1,1,19,378
27148,0,0,0,2,3668
27149,0,0,0,6,7
2715,0,0,10,98,224
27150,0,2331,1258,5123,3669
27151,0,1683,4062,3026,11173
27152,0,0,0,5124,3670
27153,0,0,0,2,1
27154,0,0,0,6,7
27155,0,1,1,5,8
27156,0,1684,4063,3027,11174
27157,0,0,0,1,2
27158,0,0,0,6,17
27159,0,0,0,6,7
2716,0,0,0,0,4313
27160,0,0,0,6,11175
27161,0,0,0,6,7
27162,0,0,0,6,7
27163,0,0,0,6,7
27164,0,0,0,6,7
27165,0,0,0,6,7
27166,0,0,0,2,1
27167,0,0,0,6,7
27168,0,5,5,11,3671
27169,0,0,0,2,1
2717,0,2,2,5570,4314
27170,0,5,5,11,12
27171,0,0,0,6,7
27172,0,1,1,5,8
27173,0,1,1,5,8
27174,0,0,0,6,14
27175,0,0,0,7717,7414
27176,0,0,0,0,0
27177,0,0,0,0,0
27178,0,0,0,0,923
27179,0,0,0,0,136
2718,0,0,0,13,10
27180,0,0,0,0,727
27181,0,0,0,0,0
27182,0,0,0,112,3672
27183,0,0,0,0,0
27184,0,0,0,0,0
27185,0,0,0,0,417
27186,0,0,0,0,572
27187,0,0,0,0,0
27188,0,0,0,0,0
27189,0,0,0,73,11176
2719,0,0,0,13,10
27190,0,0,0,0,0
27191,0,0,0,0,495
27192,0,2,2,10,11177
27193,0,0,0,0,0
27194,0,0,0,0,0
27195,0,0,0,0,0
27196,0,6,7,454,924
27197,0,0,0,0,3673
27198,0,0,0,0,11178
27199,0,0,0,0,417
272,0,1,1,39,589
2720,0,0,0,0,0
27200,0,0,0,0,417
27201,0,2,2,18,16
27202,0,3,6,7718,7415
27203,0,3,8,3028,11179
27204,0,0,0,3,3
27205,0,0,0,3,3
27206,0,5,5,107,537
27207,0,2,18,128,220
27208,0,1685,4064,3029,11180
27209,0,0,0,1,2
2721,0,0,0,13,10
27210,0,1,1,5,13
27211,0,0,3,7,5
27212,0,0,0,1,2
27213,0,4,4,8,7416
27214,0,0,0,9,11
27215,0,0,0,2,1
27216,0,0,0,2,1
27217,0,0,0,2,1
27218,0,0,0,3030,11181
27219,0,0,0,0,0
2722,0,0,0,13,10
27220,0,0,0,5125,3674
27221,0,0,228,515,811
27222,0,0,0,0,306
27223,0,0,4065,3031,11182
27224,0,0,0,9,11
27225,0,0,0,0,0
27226,0,0,0,14,202
27227,0,2332,1259,5126,3675
27228,0,0,0,0,0
27229,0,1686,4066,3032,11183
2723,0,2,2,10,848
27230,0,4,4,8,7417
27231,0,1,1,19,3676
27232,0,0,0,0,0
27233,0,3,6,26,11184
27234,0,1,1,4,6
27235,0,1,1,4,299
27236,0,3,20,192,437
27237,0,1,1,4,33
27238,0,1,1,4,3677
27239,0,0,0,3,3
2724,0,0,0,13,475
27240,0,0,0,0,3678
27241,0,0,0,0,11185
27242,0,0,0,0,11186
27243,0,6,7,36,52
27244,0,7,13,51,3679
27245,0,2,2,50,78
27246,28,907,2647,7719,7418
27247,0,2,2,10,3680
27248,0,2,2,10,3681
27249,0,3,6,7720,7419
2725,0,0,166,522,1297
27250,0,3,6,7721,7420
27251,0,1,1,4,6
27252,0,1,1,7722,7421
27253,0,1,1,4,6
27254,0,1,1,4,3682
27255,0,1,1,4,11187
27256,0,0,0,3,3
27257,0,2,2,5127,3683
27258,0,1,1,5,21
27259,0,1,1,513,11188
2726,0,0,0,13,10
27260,0,0,0,5128,3684
27261,0,0,0,2,1
27262,0,4,4,8,3685
27263,0,1,1,39,3686
27264,0,0,0,22,104
27265,0,9,15,5129,3687
27266,0,0,10,7723,7422
27267,0,0,0,2,1
27268,0,0,3,7,5
27269,0,41,1260,5130,3688
2727,0,0,0,13,10
27270,0,0,0,1,2
27271,0,0,0,1,4
27272,0,2333,1261,5131,3689
27273,0,0,0,1,2
27274,0,0,0,1,2
27275,0,0,0,9,23
27276,0,0,0,1,2
27277,0,1687,4067,3033,11189
27278,0,0,0,1,2
27279,0,0,0,1,2
2728,0,0,0,3477,1298
27280,0,908,2648,7724,7423
27281,0,0,0,1,2
27282,0,0,0,1,2
27283,0,4,4,8,3690
27284,0,1,1,318,479
27285,0,0,0,1,4
27286,0,0,3,7,5
27287,0,2334,1262,5132,3691
27288,0,0,0,1,2
27289,1,1688,4068,3034,11190
2729,0,0,0,14,22
27290,0,1689,4069,3035,11191
27291,0,0,0,1,2
27292,0,0,0,1,4
27293,0,1690,4070,3036,11192
27294,0,0,0,1,2
27295,0,4,4,8,11193
27296,0,1,1,21,60
27297,290,909,2649,7725,7424
27298,0,2,18,78,3692
27299,0,1691,4071,3037,11194
273,0,0,0,114,177
2730,0,0,0,3478,1299
27300,0,0,0,1,2
27301,0,0,0,2,1
27302,0,1,1,5,13
27303,0,0,0,1,2
27304,0,0,0,2,39
27305,0,15,23,59,11195
27306,0,15,23,59,7425
27307,0,0,0,2,39
27308,0,0,0,2,1
27309,0,0,0,6,7
2731,0,0,166,522,8091
27310,0,1,1,5,8
27311,0,5,5,11,12
27312,0,0,0,6,7
27313,0,1,1,5,8
27314,0,1,1,5,8
27315,0,0,0,6,14
27316,0,1,1,5,8
27317,0,0,0,0,0
27318,0,0,0,0,0
27319,0,0,0,0,85
2732,0,0,0,5571,4315
27320,0,0,0,37,394
27321,0,0,0,37,394
27322,0,0,0,0,0
27323,0,0,0,0,0
27324,0,0,0,0,101
27325,0,0,0,0,0
27326,0,0,0,0,0
27327,0,0,0,0,0
27328,0,0,0,0,0
27329,19,42,81,7726,7426
2733,0,0,0,3479,1300
27330,0,0,0,80,186
27331,0,0,0,0,0
27332,0,0,0,5133,3693
27333,0,0,34,57,113
27334,0,0,0,0,0
27335,0,0,0,14,22
27336,0,0,0,0,0
27337,0,0,0,0,0
27338,0,0,0,0,0
27339,0,2,2,10,15
2734,0,0,0,13,10
27340,0,6,7,17,18
27341,0,0,0,0,0
27342,0,0,0,0,0
27343,0,2,2,10,15
27344,0,0,0,0,11196
27345,0,0,0,0,0
27346,0,0,0,0,0
27347,0,0,0,0,0
27348,0,0,0,7727,7427
27349,0,0,0,7728,7428
2735,0,0,0,13,10
27350,0,1,1,5,21
27351,0,0,0,2,1
27352,0,0,0,1,4
27353,0,0,2650,7729,7429
27354,0,0,0,1,4
27355,0,1,1,5,7430
27356,0,2335,1263,5134,3694
27357,0,0,0,1,2
27358,3,2336,1264,5135,3695
27359,0,2337,1265,5136,3696
2736,0,0,0,877,8092
27360,0,0,0,1,2
27361,0,1,1,15,25
27362,0,0,0,1,2
27363,0,0,0,2,1
27364,0,910,2651,7730,7431
27365,0,911,2652,7731,7432
27366,0,0,0,1,2
27367,3,1692,4072,3038,11197
27368,0,912,2653,7732,7433
27369,0,0,0,1,2
2737,0,0,0,388,8093
27370,0,2,2,144,259
27371,0,0,0,1,11198
27372,0,2338,1266,5137,3697
27373,0,0,1267,5138,3698
27374,0,0,0,7733,7434
27375,40,913,2654,7734,7435
27376,0,0,0,1,2
27377,0,0,0,1,2
27378,0,0,0,1,2
27379,0,0,0,5139,3699
2738,0,0,0,878,8094
27380,0,4,4,8,178
27381,0,4,4,3039,11199
27382,0,0,0,1,4
27383,0,0,0,1,2
27384,0,1,1,111,571
27385,0,0,0,2,1
27386,0,2339,1268,5140,3700
27387,0,0,0,2,1
27388,0,0,3,7,5
27389,0,6,7,3040,11200
2739,0,0,0,0,0
27390,0,2,2,10,87
27391,0,1693,4073,3041,11201
27392,0,0,0,0,0
27393,0,0,0,0,0
27394,0,0,0,14,22
27395,0,0,0,0,0
27396,0,0,0,3042,11202
27397,0,0,0,0,0
27398,0,0,0,0,0
27399,0,0,0,0,0
274,0,3,20,653,7780
2740,0,0,0,13,685
27400,0,0,0,0,0
27401,0,0,0,0,0
27402,0,0,0,0,0
27403,0,0,0,2,1
27404,0,1,1,5,13
27405,0,0,0,1,2
27406,0,2340,1269,5141,3701
27407,0,0,0,1,117
27408,0,4,4,153,406
27409,0,0,0,2,1
2741,0,2,2,10,848
27410,0,0,4074,3043,11203
27411,0,0,0,2,1
27412,0,0,0,9,11
27413,0,0,0,7735,7436
27414,0,114,4075,3044,11204
27415,0,0,0,1,2
27416,0,3,6,26,3702
27417,0,0,0,3,3
27418,0,2,2,18,16
27419,0,1,1,4,6
2742,0,0,0,0,0
27420,0,3,6,5142,3703
27421,0,1,1,7736,7437
27422,0,3,8,7737,7438
27423,0,1,1,4,6
27424,0,1,1,4,6
27425,0,0,0,3,3
27426,0,0,0,3,3
27427,0,1,1,7738,7439
27428,0,0,0,3,3
27429,0,1,1,7739,7440
2743,0,0,0,5572,4316
27430,0,1,1,39,490
27431,0,0,0,2,1
27432,0,1,1,15,58
27433,0,1,1,39,162
27434,0,4,4,8,304
27435,0,1,1,15,58
27436,0,0,3,7,5
27437,0,1,1,39,11205
27438,0,0,3,7,5
27439,0,0,0,2,1
2744,0,0,0,5573,4317
27440,0,1,1,581,3704
27441,0,1,1,39,11206
27442,0,1,1,3045,11207
27443,0,1,1,15,58
27444,0,4,4,8,11208
27445,0,0,0,2,1
27446,0,1,1,15,58
27447,0,0,0,7740,7441
27448,0,0,0,1,2
27449,0,0,0,1,2
2745,0,0,0,13,10
27450,0,0,3,7,5
27451,0,0,0,1,2
27452,0,0,0,2,1
27453,0,0,0,2,1
27454,0,0,0,1,2
27455,0,0,0,2,1
27456,0,0,0,0,0
27457,0,0,0,0,0
27458,0,6,7,495,7442
27459,0,6,7,495,7443
2746,0,0,0,3480,1301
27460,0,123,2655,7741,7444
27461,0,123,2656,7742,7445
27462,0,5,2657,7743,7446
27463,0,914,2658,7744,7447
27464,0,915,2659,7745,7448
27465,0,0,2660,7746,7449
27466,0,0,2661,7747,7450
27467,0,0,0,3046,11209
27468,0,0,2662,7748,7451
27469,0,0,0,5143,3705
2747,0,0,0,13,10
27470,0,0,1270,5144,3706
27471,0,0,0,0,11210
27472,0,0,4076,3047,11211
27473,0,0,0,7749,7452
27474,0,1694,4077,3048,11212
27475,0,0,0,3049,11213
27476,0,0,0,0,0
27477,0,0,21,103,159
27478,0,0,0,22,11214
27479,0,0,4078,3050,11215
2748,0,0,0,387,610
27480,0,9,15,72,190
27481,0,0,4079,3051,11216
27482,0,2,2,25,144
27483,0,0,0,0,83
27484,0,0,0,3052,11217
27485,0,0,4080,3053,11218
27486,0,0,0,3054,11219
27487,0,0,0,3055,11220
27488,0,0,0,0,3707
27489,0,0,1271,5145,3708
2749,0,0,0,3481,1302
27490,0,0,2663,7750,7453
27491,0,0,0,7751,7454
27492,0,2,4081,3056,11221
27493,0,0,4082,3057,11222
27494,0,0,0,7752,7455
27495,0,916,2664,7753,7456
27496,0,0,19,162,292
27497,0,0,10,209,399
27498,0,0,0,0,0
27499,0,2,2,5146,3709
275,0,3,2784,654,7781
2750,0,0,0,387,610
27500,0,0,0,22,71
27501,0,0,0,73,418
27502,0,0,0,0,0
27503,0,0,0,0,217
27504,0,0,0,0,42
27505,0,0,0,0,0
27506,0,0,0,0,0
27507,0,0,0,14,22
27508,0,0,0,0,0
27509,0,0,0,0,0
2751,0,0,0,388,4318
27510,0,0,0,13,10
27511,0,0,0,0,0
27512,0,0,0,0,0
27513,0,0,0,0,0
27514,0,0,0,0,49
27515,0,0,0,0,0
27516,0,0,0,0,0
27517,0,0,4083,3058,11223
27518,0,0,0,0,42
27519,0,2,2,10,68
2752,0,0,0,5574,4319
27520,0,0,0,2,1
27521,0,0,0,6,11224
27522,0,0,0,6,76
27523,0,0,0,81,221
27524,0,0,0,163,11225
27525,0,0,3,7,5
27526,0,0,3,7,5
27527,0,1,1,19,126
27528,0,1,49,89,207
27529,0,4,4,8,40
2753,0,0,0,5575,4320
27530,0,0,0,9,11
27531,0,0,0,2,1
27532,0,0,3,7,5
27533,0,0,0,2,1
27534,0,0,0,1,2
27535,0,0,0,1,4
27536,0,4,4,8,7457
27537,0,1695,4084,3059,11226
27538,0,0,0,2,1
27539,0,0,0,2,11227
2754,0,0,0,13,751
27540,0,1696,4085,3060,11228
27541,0,4,4,3061,11229
27542,0,1,1,21,11230
27543,0,1,1,21,57
27544,0,0,0,2,1
27545,0,1,1,64,969
27546,0,4,1272,5147,3710
27547,0,1,1,21,86
27548,0,2341,1273,5148,3711
27549,0,917,2665,7754,7458
2755,0,0,0,0,0
27550,0,0,0,1,2
27551,0,0,3,7,5
27552,0,2342,1274,5149,3712
27553,0,0,0,1,2
27554,0,0,0,9,11
27555,0,1,1,5,13
27556,0,2,2,10,26
27557,0,0,0,0,0
27558,0,0,9,35,43
27559,0,2,2,10,26
2756,0,0,0,0,0
27560,0,0,0,0,0
27561,0,0,0,0,0
27562,0,0,0,0,0
27563,0,0,0,0,0
27564,0,0,0,0,0
27565,0,0,0,0,1014
27566,0,2,2666,7755,7459
27567,0,0,0,12,9
27568,0,0,0,12,9
27569,0,0,0,12,9
2757,0,0,0,0,0
27570,14,2343,1275,5150,3713
27571,0,0,0,75,110
27572,0,1,1,5,203
27573,0,1,1,4,6
27574,0,2,2,18,16
27575,0,0,0,2,812
27576,0,5,5,11,127
27577,0,0,0,2,1
27578,0,0,0,2,1
27579,0,0,3,70,105
2758,0,0,0,13,10
27580,0,0,0,5151,3714
27581,0,0,2667,7756,7460
27582,0,0,0,0,0
27583,0,0,0,0,0
27584,0,0,0,0,0
27585,0,0,1276,5152,3715
27586,0,0,0,0,7461
27587,0,0,4086,3062,11231
27588,0,18,59,256,7462
27589,0,0,0,5153,3716
2759,0,18,59,256,1303
27590,0,0,0,13,10
27591,0,0,0,13,10
27592,0,0,0,0,0
27593,0,0,0,0,0
27594,0,0,0,0,0
27595,0,0,0,13,10
27596,0,0,0,0,0
27597,0,0,0,0,0
27598,0,0,0,0,0
27599,0,0,0,13,10
276,0,3,2785,655,7782
2760,0,18,97,328,539
27600,0,0,0,0,0
27601,0,0,0,13,10
27602,0,2,2,10,87
27603,0,0,0,14,22
27604,0,0,0,0,0
27605,0,0,0,0,0
27606,0,0,0,13,10
27607,0,0,0,0,3717
27608,291,918,2668,7757,7463
27609,0,0,1277,5154,3718
2761,0,0,0,0,0
27610,0,1697,4087,3063,11232
27611,0,0,0,0,0
27612,0,0,0,0,0
27613,0,0,0,0,101
27614,0,0,0,13,10
27615,0,0,0,0,0
27616,0,0,0,3064,11233
27617,0,0,0,13,3719
27618,0,0,0,14,7464
27619,0,0,0,3065,11234
2762,59,1050,2907,879,8095
27620,0,0,0,0,0
27621,0,0,0,0,0
27622,0,1698,4088,3066,11235
27623,0,0,0,0,0
27624,0,2,2,10,87
27625,0,0,0,0,101
27626,0,0,0,7758,7465
27627,0,0,0,0,0
27628,0,0,0,0,0
27629,0,0,0,3067,11236
2763,221,197,1493,5576,4321
27630,0,0,0,13,10
27631,0,0,0,13,10
27632,0,0,0,0,0
27633,0,0,0,7759,7466
27634,0,2,2,3068,11237
27635,0,0,0,3,3
27636,0,0,0,3,3
27637,0,0,0,0,0
27638,0,0,0,0,0
27639,0,0,4089,3069,11238
2764,0,0,0,389,4322
27640,0,0,0,2,3720
27641,0,1,1,5,21
27642,0,0,0,0,0
27643,0,0,3,7,5
27644,0,1,1,5155,3721
27645,0,1,1,97,3722
27646,0,0,0,6,11239
27647,0,0,0,6,7
27648,0,5,5,11,12
27649,0,0,0,6,7
2765,0,0,0,14,22
27650,0,0,0,6,7
27651,0,0,0,6,7
27652,0,0,0,6,14
27653,0,0,0,2,1
27654,0,0,0,5156,3723
27655,0,0,0,1,2
27656,0,1,1,15,168
27657,0,919,2669,7760,7467
27658,0,4,4,3070,11240
27659,0,0,3,7,5
2766,0,2,2,10,8096
27660,0,0,0,1,4
27661,0,0,0,2,1
27662,0,0,0,2,1
27663,0,0,3,7,5
27664,0,1,1,5,21
27665,0,0,0,263,419
27666,0,0,0,2,1
27667,0,0,0,1,4
27668,0,0,3,7,5
27669,0,0,0,1,2
2767,0,0,0,0,0
27670,0,0,0,2,1
27671,0,0,0,9,11
27672,0,0,0,1,7468
27673,0,0,0,7761,7469
27674,0,0,3,7,5
27675,0,0,0,2,1
27676,0,0,0,2,1
27677,0,0,0,2,1
27678,0,0,0,1,4
27679,3,1699,4090,3071,11241
2768,0,1051,2908,880,8097
27680,0,0,0,1,11242
27681,0,0,0,1,4
27682,0,41,4091,3072,11243
27683,0,0,0,1,2
27684,0,0,0,2,1
27685,0,0,0,9,23
27686,0,0,0,1,2
27687,0,4,4,8,155
27688,202,2344,1278,5157,3724
27689,0,0,0,1,2
2769,0,0,0,0,1304
27690,0,1700,4092,3073,11244
27691,0,920,2670,7762,7470
27692,0,0,0,1,2
27693,0,0,0,2,1
27694,0,0,0,2,1
27695,3,921,2671,7763,7471
27696,0,922,2672,7764,7472
27697,0,0,0,1,2
27698,1,2345,1279,5158,3725
27699,0,0,0,1,2
277,0,3,270,3294,1047
2770,0,0,0,5577,4323
27700,0,0,0,1,4
27701,0,1,1,354,538
27702,0,4,4,8,11245
27703,0,0,0,9,11
27704,0,0,0,1,4
27705,0,0,0,1,2
27706,0,0,0,1,4
27707,0,0,0,1,2
27708,0,1,1,5,13
27709,0,0,0,2,1
2771,0,0,0,0,1305
27710,0,0,0,1,4
27711,0,0,0,1,4
27712,0,1,1,354,538
27713,0,0,0,1,2
27714,0,0,3,70,7473
27715,0,0,0,2,80
27716,0,0,0,2,1
27717,0,0,0,2,80
27718,0,5,5,11,127
27719,0,0,0,6,14
2772,0,0,0,0,4324
27720,0,0,0,6,14
27721,0,0,0,2,80
27722,0,0,0,2,1
27723,0,0,0,2,80
27724,0,0,0,2,80
27725,0,0,0,6,14
27726,0,5,5,11,127
27727,0,4,4,8,3726
27728,0,1,1,39,490
27729,0,0,0,0,0
2773,0,0,0,0,0
27730,0,1,1,5,8
27731,0,0,0,2,1
27732,0,0,0,6,14
27733,0,0,0,6,17
27734,0,5,5,11,7474
27735,0,1,1,5,8
27736,0,0,0,6,7
27737,0,5,5,11,7475
27738,0,5,5,11,12
27739,0,5,5,5159,3727
2774,0,0,0,0,0
27740,0,5,5,11,114
27741,0,0,0,7765,7476
27742,0,1,1,3074,11246
27743,0,0,0,2,1
27744,0,1,1,5,74
27745,0,2,2,77,11247
27746,0,0,0,2,1
27747,0,0,0,29,31
27748,0,0,0,12,9
27749,0,1,1,5,141
2775,0,0,0,0,0
27750,0,0,0,12,9
27751,0,1,1,5,11248
27752,0,0,0,12,237
27753,0,1,1,60,142
27754,0,1,1,3075,11249
27755,0,1,1,5,8
27756,0,0,0,2,1
27757,0,0,0,355,440
27758,0,0,0,16,813
27759,5,1701,4093,3076,11250
2776,0,0,0,0,0
27760,292,923,2673,7766,7477
27761,0,0,0,391,814
27762,0,0,0,198,617
27763,0,0,0,0,815
27764,0,0,0,0,184
27765,0,0,0,0,970
27766,0,0,0,355,440
27767,0,0,0,0,11251
27768,0,2,2,496,971
27769,0,0,0,392,7478
2777,0,0,0,13,10
27770,0,0,0,356,618
27771,0,0,0,0,184
27772,0,0,0,198,487
27773,0,0,0,0,853
27774,0,6,7,334,488
27775,0,2346,1280,5160,3728
27776,0,2,2,10,411
27777,0,0,0,0,3729
27778,0,0,0,0,3730
27779,0,0,0,0,0
2778,0,0,0,0,0
27780,0,0,0,0,0
27781,0,0,0,471,816
27782,203,2347,1281,5161,3731
27783,6,13,68,171,11252
27784,0,0,0,470,940
27785,0,0,0,14,941
27786,0,0,0,0,0
27787,0,1,1,5162,3732
27788,0,0,0,2,187
27789,0,1,1,3077,11253
2779,0,0,0,13,10
27790,0,1,1,5163,3733
27791,6,1702,4094,3078,11254
27792,0,18,97,328,539
27793,0,0,0,0,0
27794,0,0,0,3,67
27795,0,1,1,24,3734
27796,0,1,1,4,51
27797,0,1,1,4,51
27798,0,1,1,4,51
27799,0,1,1,4,710
278,0,0,2786,656,7783
2780,0,0,0,13,10
27800,0,0,0,1,4
27801,0,1,1,64,512
27802,0,0,0,2,1
27803,0,1,1,5164,3735
27804,0,0,0,2,1
27805,0,0,0,2,1
27806,0,22,4095,3079,11255
27807,0,0,0,2,1
27808,0,4,4,8,20
27809,0,924,2674,7767,7479
2781,0,0,2909,881,8098
27810,0,0,0,1,2
27811,0,0,0,7768,7480
27812,0,1,1,21,57
27813,0,0,3,7,5
27814,0,0,0,1,2
27815,0,0,4096,3080,11256
27816,0,0,0,1,2
27817,0,0,0,1,2
27818,0,1703,4097,3081,11257
27819,0,0,3,7,5
2782,0,2,247,3482,1306
27820,0,4,4,7769,7481
27821,0,1704,4098,3082,11258
27822,0,0,0,1,2
27823,0,0,2675,7770,7482
27824,0,0,0,0,0
27825,0,0,122,242,540
27826,0,0,44,3083,11259
27827,0,0,0,0,0
27828,0,0,0,0,0
27829,0,0,0,0,0
2783,0,1,1,4,6
27830,0,0,0,14,202
27831,0,0,0,0,0
27832,0,0,122,242,540
27833,0,0,0,1,2
27834,0,2348,1282,5165,3736
27835,0,0,3,7,5
27836,0,0,0,1,4
27837,0,4,4,8,7483
27838,0,0,0,6,14
27839,0,1,1,5166,3737
2784,0,3,8,5578,4325
27840,0,1,1,5,21
27841,0,0,0,48,303
27842,0,1,1,497,7484
27843,0,1,1,5,21
27844,0,0,0,2,187
27845,0,1,1,7771,7485
27846,0,0,0,2,1
27847,0,1,1,5,3738
27848,0,1,1,5,7486
27849,0,0,0,2,1
2785,0,0,0,3,3
27850,0,1,1,5,493
27851,0,0,0,248,386
27852,0,0,0,2,1
27853,0,1,1,5,766
27854,0,0,0,7772,7487
27855,0,0,0,2,48
27856,0,1,1,5,11260
27857,0,1,1,5,21
27858,0,0,0,2,48
27859,0,1,1,586,3739
2786,0,1,1,4,4326
27860,0,1,1,5,21
27861,0,0,0,2,48
27862,0,1,1,5,7488
27863,0,1,1,5,7489
27864,0,0,0,48,7490
27865,0,1,4099,3084,11261
27866,0,1,1,5,3740
27867,0,0,0,2,1
27868,0,0,0,2,7491
27869,0,0,0,2,11262
2787,0,0,0,9,11
27870,0,1,1,5,21
27871,0,0,0,263,419
27872,0,0,0,2,36
27873,0,1,1,5,7492
27874,0,1,1,5,21
27875,0,1,1,5,21
27876,0,0,0,263,419
27877,0,1,1,24,11263
27878,0,1,1,33,11264
27879,0,0,0,3,41
2788,0,1052,2910,882,8099
27880,0,1,1,4,405
27881,0,3,6,7773,7493
27882,0,2,2,18,16
27883,0,1,1,587,3741
27884,0,1,1,498,7494
27885,0,3,6,3085,11265
27886,0,3,6,5167,3742
27887,0,1,1,24,55
27888,0,1,1,62,7495
27889,0,1,1,97,7496
2789,0,0,0,1,2
27890,0,1,1,4,84
27891,0,0,0,79,185
27892,0,0,65,134,215
27893,0,16,25,86,160
27894,0,0,0,14,22
27895,0,0,0,37,50
27896,0,0,0,37,50
27897,0,0,0,0,0
27898,0,0,0,0,0
27899,0,0,0,0,0
279,0,0,0,3,3
2790,0,0,3,7,5
27900,0,0,0,13,10
27901,0,0,34,57,113
27902,0,0,0,0,0
27903,0,0,0,0,0
27904,0,0,0,0,0
27905,0,0,0,0,0
27906,0,0,0,0,0
27907,0,0,0,0,85
27908,0,0,0,0,101
27909,0,0,0,79,185
2791,0,0,0,1,8100
27910,0,0,0,3086,11266
27911,0,0,0,37,50
27912,0,16,25,86,160
27913,0,0,0,14,3743
27914,0,0,0,37,11267
27915,0,0,34,7774,7497
27916,0,0,0,0,0
27917,0,16,25,86,160
27918,0,0,0,0,0
27919,0,0,0,0,85
2792,0,0,0,1,4
27920,0,0,0,37,50
27921,0,0,0,79,185
27922,0,0,0,0,0
27923,0,21,53,199,7498
27924,0,0,0,0,0
27925,0,0,0,0,0
27926,0,0,0,0,0
27927,0,0,0,0,0
27928,0,16,25,86,160
27929,0,21,53,630,11268
2793,0,1,1,5,13
27930,0,0,0,0,85
27931,0,0,0,79,11269
27932,0,0,0,0,0
27933,0,0,1283,5168,3744
27934,0,0,0,0,0
27935,0,0,0,0,0
27936,0,0,0,0,0
27937,0,0,0,0,0
27938,0,0,0,0,101
27939,0,0,0,0,0
2794,0,0,0,1,2
27940,0,0,0,37,50
27941,0,0,0,37,50
27942,0,0,0,80,186
27943,0,0,0,0,7499
27944,0,0,0,0,11270
27945,0,0,0,13,10
27946,0,0,34,57,113
27947,0,0,0,80,186
27948,0,0,0,37,50
27949,0,0,0,37,50
2795,0,0,0,5579,4327
27950,0,0,0,37,50
27951,0,0,0,37,50
27952,0,0,0,13,10
27953,0,0,0,0,0
27954,0,0,0,0,0
27955,0,0,0,0,0
27956,0,0,0,14,22
27957,0,925,2676,7775,7500
27958,0,0,0,0,0
27959,0,0,0,0,85
2796,0,0,0,2,1
27960,0,0,0,0,11271
27961,0,0,0,0,0
27962,0,0,0,0,0
27963,0,0,0,79,7501
27964,0,16,25,86,160
27965,0,16,25,141,218
27966,0,0,0,0,0
27967,0,0,34,57,113
27968,0,21,53,199,11272
27969,0,0,0,0,0
2797,0,4,4,3483,1307
27970,0,0,0,0,85
27971,0,0,79,5169,3745
27972,0,0,0,0,0
27973,0,0,0,0,0
27974,0,0,0,79,972
27975,0,0,0,14,22
27976,0,0,34,57,113
27977,0,0,0,0,0
27978,0,16,25,141,218
27979,0,0,0,0,0
2798,3,1053,2911,883,8101
27980,0,0,0,80,186
27981,0,0,0,0,0
27982,0,0,65,134,215
27983,0,0,0,13,10
27984,19,42,81,271,3746
27985,0,21,53,630,7502
27986,0,16,25,86,160
27987,0,0,0,79,972
27988,0,0,0,0,0
27989,0,0,0,0,0
2799,0,1054,2912,884,8102
27990,0,0,0,0,0
27991,0,0,0,0,85
27992,0,0,0,0,0
27993,0,0,0,0,3747
27994,0,0,0,0,0
27995,0,0,0,79,185
27996,0,0,0,0,0
27997,0,0,0,0,0
27998,0,0,0,0,7503
27999,0,0,0,37,50
28,0,0,0,3,3
280,0,0,0,3295,1048
2800,0,1,1,4,1308
28000,0,0,34,57,113
28001,0,0,0,0,0
28002,0,0,0,79,185
28003,0,16,25,86,11273
28004,0,0,0,5170,3748
28005,0,0,65,134,215
28006,0,0,0,0,7504
28007,0,0,0,0,3749
28008,0,0,0,13,10
28009,0,0,0,0,0
2801,0,1,1,4,135
28010,0,16,25,141,218
28011,0,0,0,0,0
28012,0,0,4100,3087,11274
28013,0,926,2677,7776,7505
28014,0,0,0,5171,3750
28015,0,0,0,3088,11275
28016,0,0,0,0,0
28017,0,0,0,0,0
28018,204,2349,1284,5172,3751
28019,0,0,0,37,11276
2802,0,1,1,5580,4328
28020,0,0,0,0,101
28021,0,0,0,0,0
28022,0,0,4101,3089,11277
28023,0,0,0,0,0
28024,0,0,0,0,101
28025,0,0,34,57,113
28026,0,0,0,37,50
28027,0,0,0,0,0
28028,0,0,0,7777,7506
28029,0,16,25,141,218
2803,0,1,1,885,8103
28030,0,0,0,37,50
28031,0,21,53,199,817
28032,0,0,0,80,186
28033,0,0,0,37,50
28034,0,16,25,141,218
28035,0,0,0,0,0
28036,0,0,0,0,0
28037,0,0,0,0,85
28038,0,0,0,14,22
28039,0,2,2,10,376
2804,0,0,0,3,41
28040,0,0,0,13,10
28041,0,0,0,0,0
28042,0,0,0,0,0
28043,0,0,0,0,101
28044,0,0,34,57,113
28045,0,0,0,0,0
28046,0,1705,4102,3090,11278
28047,0,0,0,0,0
28048,0,0,0,7778,7507
28049,0,0,0,79,185
2805,0,0,0,3,3
28050,0,0,0,79,185
28051,0,0,0,14,22
28052,0,0,0,0,11279
28053,0,0,0,0,0
28054,0,0,0,14,22
28055,0,16,25,141,218
28056,0,16,25,86,160
28057,0,0,65,134,215
28058,0,0,0,80,186
28059,0,0,0,37,50
2806,0,0,0,3,3
28060,0,0,0,37,50
28061,0,0,0,0,85
28062,19,42,81,271,11280
28063,0,21,53,199,7508
28064,0,0,0,0,0
28065,0,0,34,57,113
28066,0,0,0,79,185
28067,0,0,0,0,0
28068,0,0,0,0,0
28069,0,0,4103,3091,11281
2807,0,2,2,18,16
28070,0,0,10,98,410
28071,0,0,0,82,120
28072,0,0,0,82,120
28073,0,0,0,82,120
28074,0,0,0,82,120
28075,0,0,1285,5173,3752
28076,0,118,2678,7779,7509
28077,130,1706,4104,3092,11282
28078,0,1707,4105,3093,11283
28079,0,0,2679,7780,7510
2808,0,3,8,886,8104
28080,0,0,1286,5174,3753
28081,0,0,2680,7781,7511
28082,0,2,4106,3094,11284
28083,0,0,1287,5175,3754
28084,0,1708,4107,3095,11285
28085,0,1,1,5,8
28086,0,0,0,12,9
28087,0,0,0,1,4
28088,0,0,0,1,4
28089,0,0,0,12,9
2809,0,0,0,0,0
28090,0,0,0,6,14
28091,9,19,39,88,158
28092,0,0,0,2,1
28093,0,5,5,11,12
28094,0,5,5,11,794
28095,0,4,4,3096,11286
28096,0,5,5,11,965
28097,0,5,5,11,7512
28098,0,4,4,8,11287
28099,0,0,0,2,1
281,0,0,0,3,3
2810,0,0,0,0,0
28100,0,0,0,1,4
28101,0,1,1,19,244
28102,0,0,0,1,4
28103,0,0,0,1,4
28104,0,0,0,9,11
28105,0,0,0,9,11
28106,0,0,0,1,2
28107,0,0,2681,7782,7513
28108,0,0,0,1,4
28109,0,1,1,5,29
2811,0,0,0,0,1309
28110,0,0,3,7,11288
28111,0,0,3,7,7514
28112,0,4,4,8,181
28113,0,0,3,7,5
28114,0,0,0,2,1
28115,0,0,0,2,1
28116,0,0,0,2,1
28117,0,1,1,19,11289
28118,0,0,0,2,1
28119,0,0,0,1,2
2812,0,0,0,0,0
28120,0,4,4,8,20
28121,0,0,0,2,1
28122,0,0,0,2,1
28123,0,4,4,7783,7515
28124,0,1,1,19,3755
28125,0,927,2682,7784,7516
28126,0,1,1,31,3756
28127,0,4,4,8,20
28128,0,0,3,7,5
28129,0,0,3,7,7517
2813,0,0,0,0,0
28130,0,0,0,9,204
28131,0,928,2683,7785,7518
28132,205,2350,1288,5176,3757
28133,0,0,0,1,2
28134,0,4,4,8,11290
28135,0,0,0,12,237
28136,0,0,0,1,4
28137,0,0,0,29,31
28138,0,0,3,7,5
28139,0,0,0,12,9
2814,0,0,0,0,0
28140,0,0,0,12,9
28141,0,0,0,29,31
28142,0,0,0,2,1
28143,0,2,2,77,3758
28144,0,0,0,12,9
28145,0,1,1,5,8
28146,0,1,1,5,7519
28147,0,1,1,5,8
28148,0,1,1,4,844
28149,0,1,1,5177,3759
2815,0,0,0,0,0
28150,0,0,9,499,7520
28151,0,0,0,0,0
28152,0,0,0,13,10
28153,0,0,0,2,1
28154,0,1,1,4,6
28155,0,929,2684,7786,7521
28156,0,0,0,1,2
28157,0,0,0,1,4
28158,0,0,0,7787,7522
28159,0,0,0,2,1
2816,0,0,0,0,0
28160,0,0,0,1,4
28161,0,0,0,2,1
28162,0,1,1,206,1017
28163,0,2,2,18,583
28164,0,1,1,7788,7523
28165,0,0,0,1,2
28166,0,0,0,1,4
28167,0,1709,4108,3097,11291
28168,0,930,2685,7789,7524
28169,0,0,0,2,1
2817,0,0,0,3484,1310
28170,0,0,0,1,4
28171,0,0,3,7,5
28172,0,0,0,1,2
28173,0,931,2686,7790,7525
28174,0,0,0,1,2
28175,0,0,3,7,5
28176,0,0,0,2,1
28177,0,0,0,1,4
28178,0,4,4,5178,3760
28179,0,0,0,1,2
2818,0,0,0,0,0
28180,0,1710,4109,3098,11292
28181,0,0,0,1,2
28182,0,2351,1289,5179,3761
28183,0,0,0,1,2
28184,0,0,0,1,2
28185,0,2352,1290,5180,3762
28186,0,0,0,2,1
28187,0,1,1,15,58
28188,0,0,0,2,1
28189,0,1,1,39,162
2819,0,0,0,14,131
28190,0,0,2687,7791,7526
28191,0,1,1,15,3763
28192,0,1,1,39,162
28193,0,1,1,15,58
28194,0,4,4,3099,11293
28195,0,0,0,2,1
28196,0,0,0,1,2
28197,0,0,0,5181,3764
28198,0,0,3,7,5
28199,0,1,1,20,19
282,0,0,0,3,3
2820,0,0,0,14,131
28200,4,11,43,3100,11294
28201,0,0,0,1,4
28202,0,4,4,8,20
28203,0,0,0,9,11
28204,0,1,1,19,143
28205,0,0,3,7,5
28206,0,0,0,2,1
28207,0,0,0,2,1
28208,0,1,1,20,19
28209,4,11,24,45,711
2821,0,6,7,99,1311
28210,0,10,12,258,11295
28211,0,1,1,19,244
28212,0,0,0,2,1
28213,0,1,1,500,973
28214,0,0,0,1,2
28215,0,2353,1291,5182,3765
28216,0,0,0,1,2
28217,0,0,3,7,5
28218,0,0,0,2,1
28219,0,0,0,1,4
2822,0,0,9,602,4329
28220,0,0,3,7,5
28221,0,0,0,2,1
28222,1,932,2688,7792,7527
28223,0,2354,1292,5183,3766
28224,0,0,0,6,28
28225,0,0,0,6,28
28226,0,0,0,187,302
28227,0,0,0,6,34
28228,0,0,0,6,34
28229,0,0,0,6,7528
2823,0,0,0,0,0
28230,0,2,2,5184,3767
28231,0,0,0,22,3768
28232,0,0,0,7793,7529
28233,0,1711,4110,3101,11296
28234,0,0,0,0,3769
28235,0,1712,4111,3102,11297
28236,0,0,0,5185,3770
28237,0,0,0,7794,7530
28238,0,933,2689,7795,7531
28239,0,0,0,37,394
2824,0,0,0,0,8105
28240,0,0,0,37,394
28241,0,0,79,172,545
28242,0,0,0,0,7532
28243,0,0,0,13,10
28244,0,0,0,0,0
28245,0,0,0,0,0
28246,0,0,0,0,11298
28247,0,0,0,0,0
28248,0,0,0,0,0
28249,0,0,65,134,215
2825,0,0,0,0,0
28250,0,0,0,0,0
28251,0,0,0,0,0
28252,0,16,25,5186,3771
28253,0,0,0,0,85
28254,19,42,81,271,11299
28255,0,21,53,5187,3772
28256,0,0,0,0,0
28257,0,0,0,0,0
28258,0,1713,4112,3103,11300
28259,0,0,0,1,2
2826,0,0,0,0,0
28260,0,5,4113,3104,11301
28261,0,1,1,5188,3773
28262,0,5,5,11,11302
28263,0,0,26,631,11303
28264,206,2355,1293,5189,3774
28265,0,0,26,631,11304
28266,0,0,0,2,1
28267,0,44,96,3105,11305
28268,0,5,5,11,11306
28269,0,5,5,11,12
2827,0,0,0,0,1312
28270,0,44,96,3106,11307
28271,0,1,1,5,8
28272,0,5,5,5190,3775
28273,0,5,5,11,7533
28274,0,5,1294,5191,3776
28275,0,1,1,5,8
28276,0,0,0,2,1
28277,0,0,0,2,1
28278,0,0,0,6,11308
28279,0,0,0,1,11309
2828,0,0,0,1,214
28280,0,5,5,5192,3777
28281,0,2356,1295,5193,3778
28282,0,0,0,6,17
28283,0,4,4,7796,7534
28284,0,5,5,11,12
28285,0,5,5,11,12
28286,0,0,0,2,1
28287,0,0,0,6,7
28288,0,0,0,6,7
28289,0,1,1,5,8
2829,0,1,1,5,8106
28290,0,0,0,1,2
28291,0,4,4,578,3779
28292,0,5,1296,5194,3780
28293,0,0,0,6,14
28294,0,0,0,9,11
28295,0,1,1,7797,7535
28296,0,0,0,6,17
28297,0,2357,1297,5195,3781
28298,0,0,0,1,2
28299,0,1,1,5,8
283,0,0,0,3,3
2830,0,1,1,5,21
28300,0,1,1,5,3782
28301,0,1,1,5,3783
28302,0,1,1,3107,11310
28303,0,0,0,2,1
28304,0,5,5,11,12
28305,0,5,5,11,12
28306,0,1,1,5,8
28307,0,0,0,2,11311
28308,0,1,1,5,8
28309,0,0,0,2,1
2831,0,1,1,5,21
28310,1,934,2690,7798,7536
28311,0,0,0,1,7537
28312,0,1,1,3108,11312
28313,0,0,0,1,103
28314,0,0,0,2,1
28315,0,1,1,5,3784
28316,0,0,0,2,1
28317,0,0,0,6,14
28318,0,1,1,5,3785
28319,0,0,0,6,17
2832,222,198,1494,5581,4330
28320,0,0,0,6,17
28321,0,0,0,6,7
28322,0,5,5,11,12
28323,0,0,0,6,7
28324,0,5,5,11,12
28325,0,0,0,6,17
28326,0,1,1,5,8
28327,0,0,0,6,14
28328,0,0,0,6,14
28329,0,0,0,6,7
2833,0,0,0,1,214
28330,0,1,1,5,8
28331,0,5,5,11,3786
28332,0,0,0,6,7
28333,0,5,5,11,3787
28334,0,0,0,3,3
28335,0,0,0,3,3
28336,0,5,5,11,818
28337,0,5,5,11,7538
28338,0,5,5,7799,7539
28339,0,1714,4114,3109,11313
2834,0,0,0,0,0
28340,0,0,0,1,2
28341,0,1,1,5196,3788
28342,0,0,0,1,2
28343,0,5,5,7800,7540
28344,0,5,5,7801,7541
28345,0,0,0,2,1
28346,0,5,5,3110,11314
28347,0,5,5,11,974
28348,0,1,1,4,723
28349,0,0,0,6,14
2835,0,2,2,10,26
28350,0,1,1,5,8
28351,0,5,5,11,974
28352,0,0,0,1,2
28353,0,0,0,2,7542
28354,0,0,3,7,5
28355,0,0,0,6,7
28356,0,0,0,2,1
28357,0,0,0,3111,11315
28358,0,5,5,3112,11316
28359,0,5,5,11,3789
2836,0,199,1495,5582,4331
28360,0,0,0,1,4
28361,0,0,0,1,2
28362,0,1,1,5,8
28363,0,1,1,5,8
28364,0,0,0,1,4
28365,0,0,3,7,5
28366,0,5,5,11,818
28368,0,0,0,1,2
28369,0,0,0,6,17
2837,0,0,0,0,0
28370,0,0,0,6,17
28371,0,5,5,7802,7543
28372,0,1,1,5,8
28373,3,1715,4115,3113,11317
28374,0,10,12,3114,11318
28375,0,0,0,2,1
28376,0,0,0,6,14
28377,0,1,1,5,738
28378,0,0,0,9,204
28379,0,0,0,6,7
2838,0,0,371,3485,1313
28380,0,0,0,2,1
28381,0,0,0,12,9
28382,0,0,0,1,4
28383,0,2358,1298,5197,3790
28384,0,0,3,7,5
28385,0,1,1,20,19
28386,0,0,0,1,2
28387,0,10,12,3115,11319
28388,0,0,0,9,11
28389,0,0,0,1,2
2839,0,2,2,18,16
28390,0,0,3,7,5
28391,0,1,1,19,244
28392,0,1,1,20,19
28393,0,0,0,2,1
28394,0,1716,4116,3116,11320
28395,0,1,1,5,7544
28396,0,0,0,1,2
28397,0,1,1,5,7545
28398,0,0,0,1,4
28399,0,4,4,3117,11321
284,0,1,1,657,7784
2840,0,1,1,4,84
28400,0,4,4,8,3791
28401,0,1,1,5,11322
28402,0,0,0,2,1
28403,0,0,0,2,1
28404,0,0,0,9,23
28405,0,1,1,19,143
28406,0,3,6,7803,7546
28407,0,1,1,4,33
28408,0,1,1,7804,7547
28409,0,1,1,4,11323
2841,0,1,1,4,6
28410,0,1,1,4,3792
28411,0,0,0,0,0
28412,0,0,0,0,0
28413,0,0,0,0,0
28414,0,0,0,0,0
28415,0,0,0,14,32
28416,0,6,229,3118,11324
28417,0,6,7,109,7548
28418,0,0,0,1,4
28419,0,2,2,7805,7549
2842,0,1,1,4,84
28420,0,6,229,7806,7550
28421,0,2,2,10,26
28422,0,0,9,35,43
28423,0,0,0,0,0
28424,0,0,0,14,32
28425,0,0,0,0,0
28426,0,0,0,0,0
28427,0,0,0,13,10
28428,0,0,0,38,45
28429,0,0,0,0,0
2843,0,0,0,3,4332
28430,0,0,0,0,0
28431,0,0,0,0,0
28432,0,0,0,16,24
28433,0,0,21,7807,7551
28434,0,0,10,66,125
28435,0,9,15,72,7552
28436,0,0,0,16,24
28437,5,1717,4117,3119,11325
28438,5,935,2691,7808,7553
28439,0,2,2,25,102
2844,0,1,1,4,84
28440,0,0,10,3120,11326
28441,0,0,10,66,125
28442,0,2,2,144,7554
28443,0,0,0,0,83
28444,0,10,12,3121,11327
28445,0,1,203,7809,7555
28446,0,0,0,0,0
28447,0,2359,1299,5198,3793
28448,0,0,0,1,2
28449,0,0,0,1,4
2845,0,1,1,5583,4333
28450,0,0,0,1,2
28451,0,936,2692,7810,7556
28452,0,2360,1300,5199,3794
28453,0,4,4,5200,3795
28454,0,0,0,1,4
28455,9,19,39,88,158
28456,0,0,0,1,4
28457,0,4,4,8,20
28458,0,0,0,1,3796
28459,9,19,39,88,158
2846,223,200,1496,5584,4334
28460,0,937,2693,7811,7557
28461,0,0,0,1,2
28462,0,1,1,20,19
28463,0,0,0,1,4
28464,0,10,12,5201,3797
28465,0,1,1,20,19
28466,0,1,1,5,13
28467,0,0,0,2,1
28468,0,0,0,2,1
28469,0,0,0,1,4
2847,0,1,1,5,21
28470,0,938,2694,7812,7558
28471,0,1,1,19,163
28472,0,0,0,12,9
28473,0,1,1,5,74
28474,0,0,0,14,11328
28475,0,1,1,94,3798
28476,0,1,1,60,975
28477,0,0,0,12,9
28478,0,0,0,12,9
28479,0,0,0,2,1
2848,0,0,0,887,8107
28480,0,0,0,2,3799
28481,0,4,4,5202,3800
28482,0,0,0,29,31
28483,0,0,0,2,11329
28484,0,2,2,523,11330
28485,0,0,0,2,1
28486,0,0,0,29,31
28487,0,0,0,9,11
28488,0,1,1,60,3801
28489,0,0,0,1,2
2849,0,0,0,0,0
28490,0,1,1,5,11331
28491,0,1,1,5,620
28492,0,2361,1301,5203,3802
28493,0,0,0,0,0
28494,0,0,4118,3122,11332
28495,0,0,0,7813,7559
28496,0,0,0,5204,3803
28497,0,0,4119,3123,11333
28498,0,0,0,0,11334
28499,0,0,0,0,0
285,0,1,1,4,111
2850,0,0,0,2,48
28500,0,5,5,11,11335
28501,0,0,0,0,145
28502,0,0,9,301,565
28503,0,1,1,4,6
28504,0,0,0,0,3804
28505,0,0,0,0,0
28506,0,0,0,0,0
28507,0,0,0,0,0
28508,0,0,0,0,0
28509,0,0,0,0,7560
2851,0,0,0,3,67
28510,0,0,0,0,0
28511,0,0,0,6,7
28512,0,0,0,1,2
28513,0,1,1,15,11336
28514,0,0,0,357,541
28515,0,0,0,357,541
28516,0,0,2695,7814,7561
28517,0,0,0,2,1
28518,0,4,4,43,115
28519,0,0,0,2,1
2852,0,1,1,4,265
28520,0,0,0,2,1
28521,0,1,1,7815,7562
28522,0,0,0,2,1
28523,0,0,0,5205,3805
28524,0,1,1,337,11337
28525,0,0,0,3124,11338
28526,0,1,1,15,95
28527,131,1718,4120,3125,11339
28528,0,1,1,7816,7563
28529,0,0,0,1,2
2853,0,3,6,3486,1314
28530,0,4,4,8,176
28531,0,0,0,0,0
28532,0,0,0,0,88
28533,0,2,2,10,15
28534,0,3,8,338,11340
28535,0,0,0,1,4
28536,0,0,3,7,5
28537,0,0,0,2,1
28538,0,2,71,3126,11341
28539,0,0,37,65,134
2854,0,1,1,33,1315
28540,7,1719,4121,3127,11342
28541,7,2362,1302,5206,3806
28542,7,939,2696,7817,7564
28543,0,0,2697,7818,7565
28544,0,0,0,58,285
28545,0,6,7,101,286
28546,0,0,0,2,1
28547,0,0,3,7,5
28548,0,0,0,2,1
28549,0,0,0,1,4
2855,0,1,1,213,4335
28550,0,0,0,5207,3807
28551,0,1,1,20,19
28552,0,1,1,20,19
28553,0,0,0,2,1
28554,0,0,0,2,1
28555,0,1,1,3128,11343
28556,0,0,0,2,1
28557,0,0,0,1,4
28558,0,0,0,1,4
28559,0,0,0,1,4
2856,0,3,6,5585,4336
28560,0,4,4,8,7566
28561,0,1,1,5,29
28562,0,1,1,19,93
28563,0,0,0,0,0
28564,0,0,0,0,0
28565,0,0,0,0,0
28566,0,2363,1303,5208,3808
28567,0,0,0,0,0
28568,0,0,0,13,10
28569,0,0,0,0,7567
2857,0,0,0,173,611
28570,0,2,2,10,26
28571,0,2,2,3129,11344
28572,0,0,0,0,0
28573,0,0,2698,7819,7568
28574,0,0,0,0,0
28575,0,0,0,0,0
28576,0,0,1304,5209,3809
28577,0,0,0,0,0
28578,0,1,1,4,7569
28579,0,3,29,5210,3810
2858,0,1,1,4,8108
28580,0,1720,4122,3130,11345
28581,0,2364,1305,5211,3811
28582,0,0,0,1,2
28583,0,0,0,1,2
28584,0,0,0,1,4
28585,3,940,2699,7820,7570
28586,3,1721,4123,3131,11346
28587,0,1722,4124,3132,11347
28588,0,0,0,1,2
28589,0,0,0,1,4
2859,0,2,2,10,15
28590,0,0,0,2,1
28591,0,0,0,1,4
28592,293,941,2700,7821,7571
28593,0,0,0,1,2
28594,0,0,0,2,1
28595,0,0,3,7,5
28596,0,0,0,9,11
28597,0,0,0,1,4
28598,0,0,0,1,4
28599,0,1723,4125,3133,11348
286,0,1,1,658,7785
2860,0,0,0,0,0
28600,0,0,0,2,1
28601,0,0,0,9,23
28602,0,0,0,1,4
28603,0,1724,4126,3134,11349
28604,0,0,0,1,4
28605,0,0,0,2,1
28606,0,4,4,5212,3812
28607,0,0,0,6,7
28608,0,0,0,1,819
28609,0,1,1,19,3813
2861,0,1,1,5586,4337
28610,0,4,4,8,976
28611,0,0,0,1,11350
28612,0,942,2701,7822,7572
28613,0,0,0,12,395
28614,0,1,1,5,11351
28615,0,1,1,5213,3814
28616,0,0,0,12,9
28617,0,0,0,12,9
28618,0,1,1,5,524
28619,0,0,0,12,9
2862,0,0,0,3,41
28620,0,0,215,628,11352
28621,0,0,0,12,9
28622,0,0,0,12,9
28623,0,0,0,12,9
28624,0,0,0,12,395
28625,0,0,0,12,395
28626,0,0,0,12,3815
28627,0,0,0,12,395
28628,0,115,4127,3135,11353
28629,0,0,4128,3136,11354
2863,0,0,0,0,0
28630,0,0,254,7823,7573
28631,0,0,254,7824,7574
28632,0,0,0,357,541
28633,0,1725,4129,3137,11355
28634,0,0,0,42,66
28635,0,115,2702,7825,7575
28636,0,0,0,2,1
28637,0,0,0,2,1
28638,0,0,3,7,5
28639,0,0,0,2,1
2864,0,1,1,24,849
28640,0,0,0,1,4
28641,0,0,0,2,1
28642,0,0,0,6,14
28643,0,5,5,107,537
28644,0,0,0,2,1
28645,0,0,0,2,1
28646,0,0,0,1,4
28647,0,1726,4130,3138,11356
28648,0,0,0,5214,3816
28649,0,2365,1306,5215,3817
2865,0,0,0,3,41
28650,0,4,4,8,94
28651,0,1,1,15,25
28652,0,1,1,5,13
28653,0,2366,1307,5216,3818
28654,0,0,0,1,2
28655,0,0,0,9,11
28656,0,0,0,2,1
28657,0,943,2703,7826,7576
28658,0,0,0,1,2
28659,0,1,1,20,7577
2866,0,1,1,888,8109
28660,0,0,0,7827,7578
28661,0,944,2704,7828,7579
28662,3,2367,1308,5217,3819
28663,0,0,0,1,2
28664,0,0,0,1,2
28665,0,0,0,1,2
28666,0,0,0,1,7580
28667,0,0,0,1,2
28668,0,0,0,1,4
28669,0,0,0,1,2
2867,0,201,1497,5587,4338
28670,0,945,2705,7829,7581
28671,0,0,0,1,2
28672,0,1727,4131,3139,11357
28673,0,0,0,1,2
28674,0,0,0,2,1
28675,0,0,3,7,5
28676,0,1,1,5,13
28677,0,0,0,2,1
28678,0,0,0,2,1
28679,0,1,1,15,25
2868,0,0,2913,889,8110
28680,0,0,0,9,11
28681,0,0,0,1,2
28682,0,0,0,1,4
28683,0,0,0,1,4
28684,0,0,0,1,7582
28685,0,0,3,7,5
28686,0,0,0,2,1
28687,0,0,0,1,2
28688,0,4,4,8,7583
28689,0,0,0,1,4
2869,0,0,0,0,0
28690,0,1,1,5,13
28691,0,0,0,9,11
28692,0,946,2706,7830,7584
28693,0,0,0,3,3
28694,0,3,6,7831,7585
28695,0,0,0,3,3
28696,0,1,1,4,734
28697,0,2,2,18,16
28698,0,0,0,0,0
28699,0,0,0,0,0
287,0,0,0,3,3
2870,0,6,7,17,18
28700,0,0,0,0,0
28701,0,0,0,7832,7586
28702,0,6,7,17,18
28703,0,0,0,3140,11358
28704,0,0,1309,5218,3820
28705,0,0,0,0,0
28706,0,3,6,7833,7587
28707,0,3,6,3141,11359
28708,0,0,0,2,1
28709,0,0,3,7,5
2871,0,6,7,17,18
28710,0,0,0,1,4
28711,0,0,3,7,5
28712,0,0,0,1,4
28713,0,0,0,1,2
28714,0,0,0,1,4
28715,0,1,1,15,196
28716,0,0,0,1,4
28717,0,4,4,8,7588
28718,0,0,0,1,4
28719,0,1,1,5,13
2872,0,0,0,0,0
28720,0,1,1,20,19
28721,0,1728,4132,3142,11360
28722,0,4,4,555,11361
28723,0,0,3,7,5
28724,0,0,0,2,1
28725,0,1,1,15,30
28726,0,0,0,1,2
28727,0,4,4,8,139
28728,0,0,0,1,2
28729,0,0,0,2,1
2873,0,0,0,0,88
28730,0,1729,4133,3143,11362
28731,0,0,0,1,2
28732,0,0,0,1,2
28733,0,0,3,7,5
28734,1,2368,1310,5219,3821
28735,0,1,1,19,570
28736,0,0,0,1,379
28737,0,0,3,7,5
28738,0,0,0,1,2
28739,0,947,2707,7834,7589
2874,0,0,0,0,88
28740,0,0,0,1,4
28741,0,0,0,12,9
28742,0,2,2,77,354
28743,0,1,1,5,141
28744,0,1,1,5,3822
28745,0,0,0,12,9
28746,0,0,0,29,31
28747,0,1,1,5,74
28748,0,1,1,94,861
28749,0,1,1,5,141
2875,0,0,0,13,10
28750,0,0,0,12,9
28751,0,0,0,12,9
28752,0,0,0,12,9
28753,0,1,1,60,142
28754,0,0,0,29,31
28755,0,0,0,12,9
28756,0,1,1,5,8
28757,0,2,2,77,354
28758,0,1,1,5,8
28759,0,948,2708,7835,7590
2876,0,0,0,13,10
28760,0,0,0,29,31
28761,0,0,0,12,9
28762,0,0,0,12,9
28763,0,0,0,29,31
28764,0,0,0,29,31
28765,0,1,1,5,8
28766,0,0,0,29,31
28767,0,1,1,3144,11363
28768,0,1,1,5,8
28769,0,0,0,12,9
2877,0,0,0,0,0
28770,0,0,0,2,1
28771,0,1,1,60,142
28772,0,1,1,5,74
28773,0,0,0,29,31
28774,0,0,0,12,237
28775,0,0,0,2,1
28776,0,0,0,12,9
28777,0,4,4,8,11364
28778,0,0,3,7,5
28779,0,0,0,12,9
2878,0,0,0,0,0
28780,0,1,1,19,93
28781,0,1,1,5,29
28782,0,0,0,2,1
28783,0,0,0,130,11365
28784,0,0,0,12,9
28785,0,0,3,7,5
28786,0,0,0,1,4
28787,0,0,0,2,1
28788,0,1,1,5,21
28789,0,1,1,5,21
2879,0,0,0,0,0
28790,0,1,1,5,21
28791,0,0,0,2,48
28792,0,2,2,25,102
28793,0,2,2,25,102
28794,0,0,0,0,0
28795,0,0,0,3145,11366
28796,0,0,0,22,104
28797,0,0,21,103,159
28798,0,9,15,72,190
28799,0,1,1,5,8
288,0,1,159,659,7786
2880,0,0,0,0,0
28800,0,0,0,2,1
28801,0,1,1,5,8
28802,0,0,0,6,17
28803,0,0,0,6,17
28804,0,0,0,6,7
28805,0,0,0,6,7
28806,0,5,5,11,12
28807,0,5,5,11,12
28808,0,0,0,6,14
28809,0,0,0,6,7
2881,0,0,0,0,0
28810,0,1730,4134,3146,11367
28811,0,0,26,195,943
28812,0,0,0,2,1
28813,0,1,1,5,8
28814,0,2369,1311,5220,3823
28815,0,0,0,1,2
28816,0,0,0,6,7
28817,0,1,1,5,8
28818,0,1,1,5,8
28819,3,2370,1312,5221,3824
2882,0,0,0,0,0
28820,0,0,0,1,2
28821,0,0,0,1,2
28822,0,0,0,1,3825
28823,3,1731,4135,3147,11368
28824,0,949,2709,7836,7591
28825,0,2371,1313,5222,3826
28826,0,0,0,1,2
28827,0,0,0,5223,3827
28828,0,1,1,5,11369
28829,0,0,0,2,1
2883,0,0,0,0,1316
28830,0,0,0,2,1
28831,0,1,1,21,57
28832,0,0,0,2,1
28833,0,0,0,1,4
28834,0,0,2710,7837,7592
28835,0,0,0,9,11
28836,0,4,4,3148,11370
28837,0,0,0,2,1
28838,0,4,4,8,20
28839,0,1,1,64,3828
2884,148,1832,372,3487,1317
28840,0,0,0,1,2
28841,1,950,2711,7838,7593
28842,0,0,0,1,2
28843,0,0,0,2,1
28844,0,0,0,1,2
28845,0,5,5,11,114
28846,0,5,5,11,130
28847,0,5,5,11,7594
28848,0,5,5,11,114
28849,0,0,0,6,7
2885,0,0,0,0,88
28850,0,0,0,6,17
28851,0,0,0,6,14
28852,0,1,1,5,8
28853,0,1,1,287,542
28854,0,1,1,5,8
28855,0,1,1,598,11371
28856,0,1,1,63,7595
28857,0,0,0,3,3
28858,0,1,1,4,7596
28859,0,0,0,3,3
2886,0,0,0,0,4339
28860,0,0,0,3,3
28861,0,1,1,4,260
28862,0,1,1,4,6
28863,0,1,1,4,33
28864,0,3,29,69,106
28865,0,1,1,4,6
28866,0,1,1,4,288
28867,0,1,1,4,6
28868,0,1,1,3149,11372
28869,0,1,1,4,547
2887,0,0,0,0,8111
28870,0,1,1,4,11373
28871,0,1,1,4,288
28872,0,0,0,3,3
28873,0,1,1,7839,7597
28874,0,14,32,3150,11374
28875,132,1732,4136,3151,11375
28876,0,951,2712,7840,7598
28877,0,2372,1314,5224,3829
28878,0,14,32,588,3830
28879,0,0,0,0,0
2888,0,2,2,10,15
28880,0,0,0,0,0
28881,0,0,0,0,0
28882,0,0,0,2,1
28883,0,0,0,2,1
28884,0,1,1,5,345
28885,0,0,0,501,7599
28886,0,0,0,0,0
28887,0,0,0,0,0
28888,0,0,0,0,0
28889,0,0,0,6,7
2889,0,0,0,0,1318
28890,0,2,2,18,7600
28891,0,1,159,3152,11376
28892,0,3,253,7841,7601
28893,0,1,1,4,11377
28894,0,2,2,5225,3831
28895,0,1,1,4,7602
28896,0,1733,4137,3153,11378
28897,0,1,1315,5226,3832
28898,0,1734,4138,3154,11379
28899,0,0,0,3155,11380
289,0,0,0,2,1
2890,0,0,0,890,8112
28900,0,0,0,3156,11381
28901,0,1,1,5227,3833
28902,0,0,0,5228,3834
28903,0,1,1316,5229,3835
28904,0,0,4139,3157,11382
28905,0,0,0,7842,7603
28906,0,1735,4140,3158,11383
28907,0,2373,1317,5230,3836
28908,0,0,4141,3159,11384
28909,0,1,4142,3160,11385
2891,0,0,0,0,1319
28910,0,0,0,1,4
28911,0,0,0,2,1
28912,0,2374,1318,5231,3837
28913,0,0,0,1,11386
28914,3,952,2713,7843,7604
28915,0,0,0,1,2
28916,0,953,2714,7844,7605
28917,0,0,0,1,2
28918,0,1,1,15,25
28919,0,4,4,8,94
2892,0,0,0,0,88
28920,0,0,0,9,11
28921,0,0,0,1,2
28922,0,0,0,1,2
28923,0,0,0,1,2
28924,0,4,4,8,3838
28925,0,1,1,15,25
28926,0,0,0,2,1
28927,0,0,0,2,1
28928,0,1,1,5,13
28929,0,0,0,1,4
2893,0,0,0,0,0
28930,0,954,2715,7845,7606
28931,0,0,0,1,2
28932,0,0,0,1,2
28933,0,0,0,2,1
28934,0,1,1,5,3839
28935,0,1,1,5,345
28936,0,1,1,21,57
28937,0,0,0,9,11
28938,0,0,0,1,4
28939,0,2375,1319,5232,3840
2894,0,0,0,0,0
28940,0,0,0,1,2
28941,0,3,4143,3161,11387
28942,0,1,2716,7846,7607
28943,15,955,2717,7847,7608
28944,0,3,154,7848,7609
28945,0,0,0,3,577
28946,0,1,1,206,1017
28947,0,1,1,5233,3841
28948,0,2,2,3162,11388
28949,0,0,0,0,0
2895,0,0,0,0,0
28950,133,1736,4144,3163,11389
28951,0,0,0,125,268
28952,0,0,130,7849,7610
28953,0,0,2718,7850,7611
28954,0,1,1,20,19
28955,0,0,0,2,1
28956,0,0,0,2,1
28957,0,0,0,1,4
28958,0,1,1,20,19
28959,0,1,1,19,93
2896,0,0,0,0,0
28960,0,1,1,5,11390
28961,0,0,0,2,1
28962,0,0,0,9,23
28963,0,0,0,1,4
28964,0,1,1,5234,3842
28965,0,0,3,7,5
28966,0,0,0,9,11
28967,0,0,4145,3164,11391
28968,0,0,0,1,4
28969,0,0,0,3165,11392
2897,0,0,0,0,0
28970,0,0,0,1,4
28971,0,0,3,7,5
28972,0,0,0,1,4
28973,0,0,0,1,4
28974,0,0,0,1,4
28975,0,0,0,2,1
28976,0,0,1320,5235,3843
28977,0,0,0,7851,7612
28978,0,0,0,9,7613
28979,0,0,0,2,1
2898,0,0,0,0,37
28980,0,0,0,9,11
28981,0,0,3,7,5
28982,0,0,0,9,11
28983,0,0,3,7,5
28984,0,1,1,5236,3844
28985,0,4,4,8,828
28986,0,0,0,6,28
28987,0,0,0,116,3845
28988,0,0,0,6,34
28989,0,0,0,2,1
2899,0,0,9,56,119
28990,0,0,0,6,3846
28991,0,0,0,6,28
28992,0,0,0,6,28
28993,0,0,0,6,34
28994,0,0,0,6,34
28995,0,956,2719,7852,7614
28996,0,0,0,6,28
28997,0,0,0,2,1
28998,0,0,0,5237,3847
28999,0,0,0,6,28
29,0,1,1,4,6
290,0,0,0,6,14
2900,0,0,116,216,500
29000,0,0,0,6,34
29001,0,0,0,116,212
29002,0,0,0,2,1
29003,0,0,0,163,274
29004,0,0,0,6,189
29005,0,0,0,6,76
29006,0,1,1,435,901
29007,0,0,0,2,1
29008,0,0,0,2,1
29009,0,1,1,285,556
2901,0,0,10,217,373
29010,0,0,0,2,877
29011,0,0,0,5238,3848
29012,0,1,1,5,11393
29013,0,1,1,5,7615
29014,0,1,1,5,59
29015,0,0,3,7,5
29016,0,0,3,7,5
29017,0,0,0,2,1
29018,0,1737,4146,3166,11394
29019,0,0,0,1,2
2902,0,9,15,348,436
29020,0,1,4147,3167,11395
29021,0,0,0,2,1
29022,0,0,0,9,11
29023,0,0,0,2,1
29024,0,1,1,15,11396
29025,0,0,0,2,1
29026,0,4,2720,7853,7616
29027,0,2376,1321,5239,3849
29028,0,0,0,1,2
29029,0,4,4,5240,3850
2903,0,0,0,891,8113
29030,0,1,1,19,11397
29031,0,0,0,1,2
29032,0,0,0,9,11
29033,0,0,0,1,11398
29034,0,1,1,5,13
29035,0,4,4,7854,7617
29036,0,0,3,7,5
29037,0,1,1,20,19
29038,0,4,4,8,3851
29039,0,1,49,89,3852
2904,0,0,0,892,8114
29040,0,0,3,7,5
29041,0,0,0,2,1
29042,0,0,0,2,1
29043,0,0,0,9,11
29044,0,0,3,7,5
29045,0,0,0,1,2
29046,0,1,1,21,829
29047,0,1,1,5,13
29048,0,0,0,2,1
29049,0,0,0,2,1
2905,0,0,0,0,0
29050,0,957,2721,7855,7618
29051,0,0,0,1,2
29052,0,4,4,8,20
29053,0,1,1,266,427
29054,0,4,4,5241,3853
29055,0,0,0,1,4
29056,0,1,1,20,192
29057,0,1,1,19,7619
29058,0,4,4,8,40
29059,0,2377,1322,5242,3854
2906,0,0,1498,5588,4340
29060,0,0,3,7,5
29061,0,2378,1323,5243,3855
29062,0,0,0,1,2
29063,0,0,0,1,4
29064,0,1,1,20,19
29065,0,1,1,20,11399
29066,0,4,4,8,20
29067,0,10,12,5244,3856
29068,0,0,0,2,1
29069,0,0,0,1,4
2907,0,0,0,0,77
29070,0,0,0,1,4
29071,0,5,5,3168,11400
29072,0,0,0,3,3
29073,0,0,0,3,3
29074,0,1,1,4,6
29075,0,3,6,26,3857
29076,0,1,1,5245,3858
29077,0,0,0,3,3
29078,0,0,0,3,3
29079,0,0,0,3,3
2908,0,0,0,0,77
29080,0,958,2722,7856,7620
29081,0,0,0,3,3
29082,0,0,0,3,3
29083,0,3,8,7857,7621
29084,0,1,1,3169,11401
29085,0,1,1,7858,7622
29086,0,1,1,4,6
29087,0,1,1,4,6
29088,0,1,1,4,33
29089,0,1,1,7859,7623
2909,0,0,0,1,4
29090,0,1,1,4,6
29091,0,0,0,184,3859
29092,6,13,33,136,11402
29093,48,1738,4148,3170,11403
29094,0,6,7,237,389
29095,0,38,92,197,366
29096,0,14,32,502,7624
29097,0,14,32,430,11404
29098,0,14,32,3171,11405
29099,0,38,92,197,7625
291,0,0,0,2,1
2910,0,0,0,1,2
29100,0,14,32,5246,3860
29101,0,6,2723,7860,7626
29102,0,0,0,184,566
29103,0,2,195,3172,11406
29104,0,0,0,1,4
29105,0,0,0,1,4
29106,0,0,0,1,2
29107,0,0,0,2,1
29108,0,1,1,15,97
29109,0,4,4,3173,11407
2911,0,0,0,1,2
29110,0,0,0,1,2
29111,0,959,2724,7861,7627
29112,0,0,0,3174,11408
29113,0,0,0,0,7628
29114,2,1739,4149,3175,11409
29115,2,2379,1324,5247,3861
29116,2,960,2725,7862,7629
29117,0,0,0,0,7630
29118,0,0,0,0,585
29119,0,0,0,0,585
2912,0,0,0,1,2
29120,0,0,0,1,214
29121,0,0,1325,5248,3862
29122,0,6,7,7863,7631
29123,0,0,0,0,0
29124,0,0,0,7864,7632
29125,0,1740,4150,3176,11410
29126,0,0,0,1,7633
29127,0,1,1,5,8
29128,0,0,0,2,1
29129,0,0,0,6,7
2913,0,1,1,19,612
29130,0,0,0,6,7
29131,0,1,1,5249,3863
29132,0,0,0,2,1
29133,0,3,6,3177,11411
29134,0,5,5,11,3864
29135,0,0,0,3,3
29136,0,0,0,3,3
29137,0,0,0,3,3
29138,0,3,8,7865,7634
29139,0,1,1,5250,3865
2914,0,1,1,39,162
29140,0,1,1,4,6
29141,0,0,2726,7866,7635
29142,0,0,0,7867,7636
29143,0,1,1,4,820
29144,0,1,1,4,6
29145,0,1,1,4,3866
29146,0,0,0,3,3
29147,0,0,3,7,5
29148,0,1741,4151,3178,11412
29149,0,961,2727,7868,7637
2915,0,0,3,7,5
29150,0,0,0,1,2
29151,0,0,0,6,7
29152,0,0,0,1,4
29153,0,1,1,5,13
29154,0,0,0,1,2
29155,0,0,3,7,5
29156,1,2380,1326,5251,3867
29157,0,0,0,1,2
29158,0,0,0,1,4
29159,0,2,18,78,171
2916,0,1,1,15,58
29160,0,4,4,8,11413
29161,0,0,0,1,7638
29162,0,1,4152,3179,11414
29163,0,0,3,7,5
29164,0,0,0,1,2
29165,0,1,1,21,256
29166,0,0,0,2,1
29167,0,0,0,2,1
29168,0,1,1,19,126
29169,0,1,1,4,6
2917,0,1,1,316,613
29170,0,116,230,632,821
29171,0,64,1327,5252,3868
29172,0,2381,1328,5253,3869
29173,41,962,2728,7869,7639
29174,41,963,2729,7870,7640
29175,0,5,5,503,11415
29176,134,1742,4153,3180,11416
29177,0,5,5,326,7641
29178,0,0,4154,3181,11417
29179,135,1743,4155,3182,11418
2918,0,0,0,2,1
29180,207,2382,1329,5254,3870
29181,136,1744,4156,3183,11419
29182,0,0,152,3184,11420
29183,0,0,0,358,822
29184,208,2383,1330,5255,3871
29185,16,964,2730,7871,7642
29186,16,2384,1331,5256,3872
29187,16,1745,4157,3185,11421
29188,16,965,2731,7872,7643
29189,294,966,2732,7873,7644
2919,0,0,0,6,281
29190,0,0,152,589,3873
29191,0,0,0,358,3874
29192,0,5,5,326,1018
29193,0,2,4158,3186,11422
29194,0,0,0,200,396
29195,0,0,0,358,822
29196,295,967,2733,7874,7645
29197,137,1746,4159,3187,11423
29198,0,5,2734,7875,7646
29199,0,64,2735,7876,7647
292,0,0,0,2,1
2920,0,0,0,300,562
29200,16,2385,1332,5257,3875
29201,16,968,2736,7877,7648
29202,16,2386,1333,5258,3876
29203,138,1747,4160,3188,11424
29204,0,0,152,589,11425
29205,209,2387,1334,5259,3877
29206,0,0,0,200,7649
29207,0,4,4161,3189,11426
29208,20,1748,4162,3190,11427
29209,0,0,0,200,396
2921,0,1055,2914,893,8115
29210,20,2388,1335,5260,3878
29211,0,0,0,200,396
29212,0,64,4163,3191,11428
29213,0,5,5,503,7650
29214,20,1749,4164,3192,11429
29215,0,5,5,326,1018
29216,210,2389,1336,5261,3879
29217,296,969,2737,7878,7651
29218,20,1750,4165,3193,11430
29219,0,0,0,200,396
2922,0,0,0,1,2
29220,21,1751,4166,3194,11431
29221,0,5,5,3195,11432
29222,21,1752,4167,3196,11433
29223,0,1,1,3197,11434
29224,21,2390,1337,5262,3880
29225,0,1,1,3198,11435
29226,0,116,230,632,821
29227,0,6,7,5263,3881
29228,21,2391,1338,5264,3882
29229,0,0,0,14,878
2923,0,0,0,6,281
29230,0,0,0,3199,11436
29231,0,0,4168,3200,11437
29232,0,0,46,278,1019
29233,0,0,0,0,0
29234,0,0,4169,3201,11438
29235,0,7,13,51,7652
29236,0,6,7,36,52
29237,0,2,2,50,78
29238,0,0,0,1,2
29239,0,0,3,7,5
2924,0,0,0,2,1
29240,0,1,1,20,19
29241,0,0,0,1,4
29242,0,2392,1339,5265,3883
29243,0,0,0,1,2
29244,0,0,0,9,23
29245,0,0,0,1,2
29246,0,1,1,5,29
29247,0,1,1,20,192
29248,0,0,0,1,4
29249,1,970,2738,7879,7653
2925,0,0,0,2,1
29250,0,971,2739,7880,7654
29251,0,0,0,1,2
29252,0,1,1,31,11439
29253,0,0,0,2,1
29254,0,0,0,1,4
29255,0,1,1,4,6
29256,0,0,0,3,3884
29257,0,0,0,264,543
29258,0,0,0,3,3
29259,0,0,0,5266,3885
2926,0,0,0,48,327
29260,0,0,0,3,3
29261,0,0,0,7881,7655
29262,0,1,158,5267,3886
29263,0,1,158,5268,3887
29264,0,1,1,4,33
29265,0,1,1,4,6
29266,0,0,0,3,3
29267,0,0,2740,7882,7656
29268,0,0,0,264,543
29269,0,0,0,5269,3888
2927,0,0,0,1,2
29270,0,1,1,4,6
29271,0,1,1,4,6
29272,0,1,158,5270,3889
29273,0,0,0,264,7657
29274,0,1,4170,3202,11440
29275,0,0,0,5271,3890
29276,0,0,0,3203,11441
29277,0,0,2741,7883,7658
29278,0,0,0,3,7659
29279,0,2,2,18,16
2928,0,0,3,7,5
29280,0,0,4171,3204,11442
29281,0,0,0,3,3
29282,0,0,0,3,7660
29283,0,0,0,264,543
29284,0,0,0,7884,7661
29285,0,3,8,3205,11443
29286,0,3,6,5272,3891
29287,0,972,2742,7885,7662
29288,0,0,0,3,3
29289,0,0,1340,5273,3892
2929,0,1,2915,894,8116
29290,0,0,1341,5274,3893
29291,0,1,1342,5275,3894
29292,0,1,1,4,6
29293,0,0,4172,3206,11444
29294,0,0,0,2,1
29295,0,0,0,2,1
29296,0,0,2743,7886,7663
29297,0,0,0,2,1
29298,0,0,0,1,4
29299,0,0,0,5276,3895
293,0,0,0,6,7
2930,0,0,0,2,1
29300,0,0,0,1,4
29301,0,0,3,7,5
29302,0,4,4,7887,7664
29303,0,0,0,6,157
29304,0,0,0,6,3896
29305,0,0,2744,7888,7665
29306,0,0,0,6,28
29307,0,0,0,6,28
29308,0,0,0,116,212
29309,0,0,2745,7889,7666
2931,0,0,0,1,4
29310,0,0,0,6,28
29311,0,0,0,6,34
29312,0,0,0,6,34
29313,0,0,0,6,28
29314,0,0,0,6,28
29315,0,0,0,6,28
29316,0,0,0,7890,7667
29317,0,0,0,6,28
29318,0,0,0,6,28
29319,0,0,0,6,7668
2932,1,202,1499,5589,4341
29320,0,0,0,6,34
29321,0,0,0,6,28
29322,0,0,0,13,11445
29323,0,2393,1343,5277,3897
29324,0,0,0,13,10
29325,0,0,0,5278,3898
29326,0,0,0,0,0
29327,0,0,0,0,0
29328,0,0,0,7891,7669
29329,0,0,0,13,10
2933,0,0,0,1,2
29330,0,0,0,14,22
29331,0,0,0,13,3899
29332,0,0,0,13,10
29333,0,0,0,13,10
29334,0,0,0,13,10
29335,0,2,2,10,11446
29336,0,0,4173,3207,11447
29337,0,0,0,0,0
29338,0,0,0,13,10
29339,0,0,0,13,10
2934,0,1,1,5,59
29340,0,0,4174,3208,11448
29341,0,1753,4175,3209,11449
29342,0,0,0,0,0
29343,0,0,0,7892,7670
29344,0,0,0,13,10
29345,0,0,0,0,0
29346,0,1,1,4,6
29347,0,0,0,0,0
29348,0,0,0,0,0
29349,0,0,0,0,0
2935,0,4,4,8,139
29350,0,0,0,0,3900
29351,0,0,0,7893,7671
29352,0,0,0,3210,11450
29353,0,0,0,0,0
29354,0,0,0,0,0
29355,0,0,0,0,0
29356,0,0,0,0,0
29357,0,0,0,0,0
29358,0,0,0,0,0
29359,0,0,0,0,0
2936,0,1,1,15,30
29360,0,0,0,0,3901
29361,0,0,0,0,7672
29362,0,6,7,3211,11451
29363,0,0,0,0,0
29364,0,0,0,7894,7673
29365,0,0,0,0,0
29366,0,0,0,0,823
29367,297,973,2746,7895,7674
29368,0,0,0,0,0
29369,0,0,0,3212,11452
2937,0,1833,373,3488,1320
29370,298,974,2747,7896,7675
29371,0,0,1344,5279,3902
29372,0,0,0,5280,3903
29373,0,0,0,0,7676
29374,0,0,0,0,0
29375,0,0,0,0,0
29376,0,2,2,10,15
29377,0,0,0,0,0
29378,0,0,0,22,71
29379,0,0,0,13,10
2938,0,0,0,1,8117
29380,0,0,0,13,10
29381,0,1,1,113,248
29382,0,2394,1345,5281,3904
29383,0,4,4,8,155
29384,0,0,0,1,2
29385,0,41,4176,3213,11453
29386,0,0,0,2,1
29387,0,0,0,2,1
29388,0,975,2748,7897,7677
29389,0,0,0,1,2
2939,0,4,4,895,8118
29390,0,0,0,1,2
29391,1,976,2749,7898,7678
29392,0,0,0,1,2
29393,0,2,2,10,140
29394,0,1754,4177,3214,11454
29395,0,0,0,0,98
29396,0,0,2750,7899,7679
29397,0,2395,1346,5282,3905
29398,0,0,4178,3215,11455
29399,0,2396,1347,5283,3906
294,0,0,0,1,103
2940,0,0,0,1,4
29400,0,0,4179,3216,11456
29401,0,1755,4180,3217,11457
29402,18,2397,1348,5284,3907
29403,0,0,0,3218,11458
29404,0,0,2751,7900,7680
29405,0,2398,1349,5285,3908
29406,0,2399,1350,5286,3909
29407,0,1756,4181,3219,11459
29408,0,0,0,5287,3910
29409,0,0,2752,7901,7681
2941,0,1834,374,3489,1321
29410,0,0,0,0,0
29411,0,6,7,17,18
29412,0,0,0,0,0
29413,0,0,0,0,0
29414,0,0,0,0,0
29415,0,0,0,0,0
29416,0,0,0,0,0
29417,0,1,1,31,91
29418,0,0,0,1,2
29419,0,0,0,2,1
2942,0,0,0,1,2
29420,0,0,0,2,1
29421,0,0,3,7,5
29422,1,1757,4182,3220,11460
29423,0,0,0,1,2
29424,0,2400,1351,5288,3911
29425,0,0,4183,3221,11461
29426,1,2401,1352,5289,3912
29427,0,0,0,1,2
29428,0,2,2,604,639
29429,0,0,0,3,866
2943,0,0,0,1,4
29430,15,1758,4184,3222,11462
29431,0,3,154,7902,7682
29432,0,0,0,3,3913
29433,0,1,1,15,97
29434,0,0,0,1,4
29435,0,0,0,2,1
29436,0,1,1,5,13
29437,0,4,4,3223,11463
29438,0,3,6,504,7683
29439,0,2,2,18,16
2944,0,203,1500,5590,4342
29440,0,0,2753,7903,7684
29441,0,3,6,459,11464
29442,0,1,1,4,6
29443,0,1,1,4,96
29444,0,0,37,65,344
29445,7,2402,1353,5290,3914
29446,7,977,2754,7904,7685
29447,7,978,2755,7905,7686
29448,0,0,22,41,79
29449,0,0,22,41,464
2945,0,0,0,1,2
29450,2,28,156,7906,7687
29451,2,28,156,7907,7688
29452,0,0,37,65,134
29453,7,979,2756,7908,7689
29454,7,2403,1354,5291,3915
29455,7,1759,4185,3224,11465
29456,0,0,22,41,79
29457,0,1,1,5,3916
29458,0,0,0,2,1
29459,0,0,3,7,5
2946,0,1,1,5,13
29460,0,0,0,2,1
29461,0,0,0,1,2
29462,0,0,0,1,4
29463,0,0,0,12,9
29464,0,1,1,20,19
29465,1,1760,4186,3225,11466
29466,0,0,0,1,2
29467,0,1,1,20,19
29468,0,1,1,20,19
29469,0,0,0,3226,11467
2947,0,0,0,2,1
29470,0,29,179,505,7690
29471,0,1,1,19,93
29472,0,0,3,7,5
29473,0,0,0,1,4
29474,0,0,2757,7909,7691
29475,0,0,26,91,161
29476,0,0,26,91,161
29477,0,0,0,2,1
29478,0,0,0,6,7
29479,0,0,0,6,14
2948,0,1835,375,3490,1322
29480,0,0,0,0,0
29481,0,0,0,0,0
29482,0,0,0,5292,3917
29483,0,0,0,3227,11468
29484,0,0,0,0,0
29485,0,0,0,0,0
29486,0,0,0,0,7692
29487,0,1761,4187,3228,11469
29488,0,0,0,5293,3918
29489,0,0,0,3229,11470
2949,0,0,0,1,2
29490,0,0,0,7910,7693
29491,0,0,0,5294,3919
29492,0,0,0,0,0
29493,0,0,0,0,0
29494,0,2,2,3230,11471
29495,0,0,0,7911,7694
29496,0,0,0,0,0
29497,0,0,0,0,11472
29498,0,0,0,7912,7695
29499,0,0,0,0,0
295,0,0,0,2,1
2950,0,0,0,2,1
29500,0,0,0,0,0
29501,211,2404,1355,5295,3920
29502,0,1762,4188,3231,11473
29503,0,0,0,1,2
29504,0,0,0,1,2
29505,0,1,1,15,25
29506,0,4,4,8,7696
29507,0,0,0,2,1
29508,0,0,0,2,1
29509,0,0,0,2,1
2951,0,0,0,896,8119
29510,0,0,0,1,397
29511,0,0,0,3232,11474
29512,0,0,3,7,5
29513,0,0,0,9,11
29514,0,1,1,5,11475
29515,0,0,0,1,2
29516,0,0,0,3233,11476
29517,0,0,3,7,5
29518,0,0,0,2,1
29519,0,0,0,1,2
2952,0,1,1,897,8120
29520,0,1,1,7913,7697
29521,0,0,1356,5296,3921
29522,0,1763,4189,3234,11477
29523,0,0,0,2,3922
29524,0,0,0,179,3923
29525,0,2405,1357,5297,3924
29526,0,0,0,1,4
29527,0,0,0,1,2
29528,0,0,0,2,1
29529,0,55,1358,5298,3925
2953,0,204,1501,5591,4343
29530,0,1,1,5,13
29531,3,2406,1359,5299,3926
29532,0,2407,1360,5300,3927
29533,0,0,0,1,2
29534,0,1,1,5,13
29535,0,0,0,179,780
29536,0,0,0,1,2
29537,0,1,1,5,13
29538,0,1,1,21,3928
29539,0,1,1,3235,11478
2954,0,4,4,8,20
29540,0,0,0,2,1
29541,0,4,4,153,3929
29542,0,0,0,5301,3930
29543,0,980,2758,7914,7698
29544,0,0,0,1,117
29545,0,1,1,21,86
29546,0,4,4,8,20
29547,0,1,1,5,13
29548,0,4,4,7915,7699
29549,0,0,0,1,2
2955,0,55,1502,5592,4344
29550,0,0,0,2,1
29551,0,1,1,7916,7700
29552,0,1,1,20,3931
29553,0,0,4190,3236,11479
29554,0,0,0,3,7701
29555,0,0,2759,7917,7702
29556,0,0,0,3,3
29557,0,0,0,3,3
29558,0,3,6,7918,7703
29559,0,0,0,3,3
2956,0,0,0,1,8121
29560,0,0,0,3,11480
29561,0,3,6,5302,3932
29562,0,0,0,3,3
29563,0,0,0,3,3
29564,0,0,0,3,3
29565,0,0,0,3237,11481
29566,0,0,0,3,3
29567,0,0,0,3238,11482
29568,0,2,2,18,16
29569,0,1,1,4,211
2957,0,0,0,2,1
29570,0,1,1,7919,7704
29571,0,2,2,18,16
29572,0,1,1,3239,11483
29573,0,1,1,4,6
29574,0,1,1,3240,11484
29575,0,1,1,4,6
29576,0,0,0,7920,7705
29577,0,0,0,5303,3933
29578,0,1,1,4,11485
29579,0,1,1,4,3934
2958,0,1,1,19,46
29580,0,1,1,4,6
29581,0,0,0,3,3
29582,0,1,1,4,6
29583,0,1,1,4,6
29584,0,0,0,3,3
29585,0,0,0,3,3
29586,0,0,0,1,2
29587,0,0,0,2,1
29588,0,0,0,7921,7706
29589,0,0,0,2,1
2959,0,0,0,1,2
29590,0,981,2760,7922,7707
29591,0,0,0,1,11486
29592,0,0,0,7923,7708
29593,0,1,1,5,13
29594,0,0,0,2,1
29595,0,4,4,8,7709
29596,0,1,1,15,25
29597,0,1,1,20,11487
29598,0,0,0,2,1
29599,0,0,3,7,5
296,0,0,26,91,161
2960,0,0,0,1,4
29600,0,0,0,1,4
29601,0,1,1,5,13
29602,0,0,0,9,11
29603,0,0,0,1,2
29604,0,0,0,1,2
29605,0,0,0,2,1
29606,0,0,0,1,2
29607,0,2408,1361,5304,3935
29608,0,0,0,1,4
29609,0,0,0,1,4
2961,0,0,0,2,1
29610,0,0,0,1,2
29611,0,0,0,2,1
29612,0,0,0,1,2
29613,0,0,0,1,2
29614,0,0,0,179,11488
29615,0,0,0,2,1
29616,3,982,2761,7924,7710
29617,0,1764,4191,3241,11489
29618,0,0,0,1,2
29619,0,0,0,327,7711
2962,0,1836,376,3491,1323
29620,0,0,0,1,4
29621,0,0,0,1,4
29622,0,0,0,2,1
29623,0,4,4,8,94
29624,0,0,0,1,2
29625,0,1,1,7925,7712
29626,0,0,0,1,2
29627,0,0,0,2,1
29628,0,0,3,7,5
29629,1,2409,1362,5305,3936
2963,0,0,0,1,2
29630,0,1765,4192,3242,11490
29631,0,0,0,1,2
29632,0,0,0,5306,3937
29633,0,1,1,5,13
29634,0,0,0,9,11
29635,0,0,0,2,7713
29636,0,4,4,544,11491
29637,0,0,0,1,4
29638,0,0,0,2,1
29639,0,0,0,1,2
2964,0,0,3,7,5
29640,0,0,0,1,2
29641,0,0,2762,7926,7714
29642,0,1,1,5,13
29643,0,0,3,7,5
29644,0,0,0,1,397
29645,0,0,0,1,2
29646,0,0,0,2,1
29647,0,1,1,5,13
29648,0,0,0,2,1
29649,0,0,0,7927,7715
2965,0,1056,2916,898,8122
29650,0,4,4193,3243,11492
29651,0,1766,4194,3244,11493
29652,0,0,0,3245,11494
29653,0,1,1,5,13
29654,0,0,0,2,1
29655,0,0,0,2,1
29656,0,0,3,7,5
29657,0,1,1,5,13
29658,0,0,0,2,1
29659,0,3,8,5307,3938
2966,0,0,0,1,2
29660,0,0,0,3246,11495
29661,0,1,1,5308,3939
29662,0,3,6,5309,3940
29663,0,0,2763,7928,7716
29664,0,1,1,4,6
29665,0,1,1,4,3941
29666,0,3,6,5310,3942
29667,0,2,2,18,7717
29668,0,2,2,3247,11496
29669,0,0,0,13,10
2967,0,0,0,2,1
29670,0,0,0,13,10
29671,0,0,0,13,10
29672,0,0,0,13,10
29673,0,0,0,13,10
29674,0,0,0,13,10
29675,0,0,0,13,10
29676,0,0,0,13,10
29677,0,0,0,13,10
29678,0,0,0,13,10
29679,0,0,0,13,10
2968,0,0,0,1,4
29680,0,0,0,13,10
29681,0,0,0,13,10
29682,0,0,0,13,10
29683,0,0,0,13,10
29684,0,0,0,13,10
29685,0,0,0,0,0
29686,0,0,0,2,1
29687,0,0,0,7929,7718
29688,0,0,0,2,1
29689,0,0,1363,5311,3943
2969,0,4,4,8,1324
29690,0,0,0,1,2
29691,0,0,0,1,11497
29692,0,0,2764,7930,7719
29693,0,2410,1364,5312,3944
29694,0,0,0,1,2
29695,0,0,0,1,4
29696,0,0,0,7931,7720
29697,0,4,4,8,7721
29698,0,0,0,1,2
29699,0,0,0,2,1
297,0,0,0,2,1
2970,0,0,0,2,1
29700,0,0,2765,7932,7722
29701,0,1767,4195,3248,11498
29702,0,0,0,2,1
29703,0,0,0,1,7723
29704,0,0,0,1,4
29705,0,0,4196,3249,11499
29706,0,0,0,2,1
29707,0,0,0,1,2
29708,0,0,0,1,2
29709,0,1768,4197,3250,11500
2971,0,0,0,1,4
29710,0,1769,4198,3251,11501
29711,0,0,0,12,9
29712,0,0,0,2,1
29713,0,0,0,12,9
29714,0,0,0,12,9
29715,0,0,0,12,3945
29716,0,0,0,127,200
29717,0,1,123,506,3946
29718,0,1,123,590,11502
29719,0,2411,1365,5313,3947
2972,3,1057,2917,899,8123
29720,0,0,231,7933,7724
29721,0,2,4199,3252,11503
29722,0,0,0,2,1
29723,0,1,1,591,11504
29724,0,1,123,590,3948
29725,0,1,1,7934,7725
29726,0,0,0,12,9
29727,0,0,0,12,3949
29728,0,0,0,5314,3950
29729,0,1,2766,7935,7726
2973,3,1058,2918,900,8124
29730,0,0,0,29,31
29731,0,0,4200,3253,11505
29732,0,0,0,12,9
29733,212,2412,1366,5315,3951
29734,0,0,2767,7936,7727
29735,0,0,0,2,1
29736,0,0,0,12,11506
29737,139,1770,4201,3254,11507
29738,0,1771,4202,3255,11508
29739,0,1,123,506,7728
2974,0,205,1503,5593,4345
29740,140,1772,4203,3256,11509
29741,0,0,231,3257,11510
29742,0,0,0,3258,11511
29743,0,1,2768,7937,7729
29744,0,0,0,44,7730
29745,0,1,1,591,3952
29746,141,1773,4204,3259,11512
29747,0,0,0,315,7731
29748,0,0,0,0,0
29749,0,6,7,76,398
2975,0,0,0,901,8125
29750,0,0,0,0,99
29751,0,6,7,85,499
29752,0,6,7,76,371
29753,0,0,0,0,0
29754,0,0,0,0,3953
29755,0,0,0,238,372
29756,0,0,0,0,136
29757,0,0,0,0,11513
29758,0,0,0,1,4
29759,0,4,4,8,178
2976,0,0,0,1,4
29760,0,1774,4205,3260,11514
29761,0,2413,1367,5316,3954
29762,0,1,1,102,179
29763,0,0,0,0,0
29764,0,0,3,7,5
29765,0,0,0,2,3955
29766,0,0,0,7938,7732
29767,0,10,12,140,3956
29768,0,1775,4206,3261,11515
29769,0,4,4,3262,11516
2977,0,0,0,3492,1325
29770,0,1776,4207,3263,11517
29771,0,1,1,20,19
29772,0,0,0,9,23
29773,0,0,0,1,2
29774,0,1,80,298,3957
29775,0,0,0,1,2
29776,0,983,2769,7939,7733
29777,0,0,0,1,2
29778,0,4,4,239,387
29779,0,0,2770,7940,7734
2978,0,0,0,1,4
29780,0,0,0,1,2
29781,0,0,0,1,4
29782,0,0,0,9,11
29783,0,1,1,15,768
29784,0,1777,4208,3264,11518
29785,0,0,0,1,2
29786,0,984,2771,7941,7735
29787,0,0,9,54,175
29788,0,2,2,10,68
29789,0,0,0,0,0
2979,0,0,0,1,8126
29790,0,0,0,14,22
29791,0,0,0,0,0
29792,0,0,0,3265,11519
29793,0,0,1368,5317,3958
29794,0,0,0,592,3959
29795,0,0,0,7942,7736
29796,0,0,0,592,11520
29797,0,0,4209,3266,11521
29798,0,0,0,5318,3960
29799,0,0,4210,3267,11522
298,0,0,0,2,1
2980,0,1059,2919,902,8127
29800,0,2414,1369,5319,3961
29801,0,0,4211,3268,11523
29802,0,0,0,0,99
29803,0,0,1370,5320,3962
29804,0,0,0,0,99
29805,0,0,4212,3269,11524
29806,0,0,0,0,0
29807,0,6,7,76,7737
29808,0,0,0,73,418
29809,2,1778,4213,3270,11525
2981,0,0,0,1,2
29810,0,0,0,0,0
29811,0,0,0,0,0
29812,0,0,0,0,0
29813,0,0,0,0,0
29814,0,0,0,0,0
29815,0,0,0,3271,11526
29816,0,0,255,5321,3963
29817,0,0,1371,5322,3964
29818,0,0,0,0,0
29819,0,0,0,7943,7738
2982,0,0,0,1,2
29820,0,0,0,0,7739
29821,0,0,0,0,0
29822,0,0,0,0,7740
29823,0,0,0,0,136
29824,0,0,0,0,3965
29825,0,0,255,7944,7741
29826,0,0,0,0,0
29827,0,0,0,0,136
29828,0,0,4214,3272,11527
29829,0,2,2,10,15
2983,0,0,0,2,1
29830,0,0,0,0,0
29831,0,985,2772,7945,7742
29832,0,0,1372,5323,3966
29833,0,0,0,3273,11528
29834,0,0,4215,3274,11529
29835,0,0,0,0,0
29836,0,2415,1373,5324,3967
29837,0,0,0,0,0
29838,0,0,0,0,0
29839,0,0,0,0,0
2984,0,0,0,5594,4346
29840,0,0,0,0,0
29841,0,0,0,0,0
29842,0,0,0,0,0
29843,0,6,7,17,18
29844,0,0,0,7946,7743
29845,0,0,0,0,0
29846,0,0,0,0,0
29847,0,0,0,0,0
29848,0,0,0,5325,3968
29849,0,0,0,13,10
2985,0,4,4,8,8128
29850,0,0,0,7947,7744
29851,0,0,4216,3275,11530
29852,0,0,0,0,0
29853,0,0,0,0,0
29854,0,0,0,0,0
29855,0,0,0,593,3969
29856,0,0,0,0,0
29857,213,2416,1374,5326,3970
29858,0,0,0,0,0
29859,0,0,0,0,0
2986,0,1,1,19,391
29860,2,1779,4217,3276,11531
29861,0,0,0,0,0
29862,0,0,0,0,0
29863,0,0,0,0,0
29864,0,0,0,0,0
29865,0,0,0,0,7745
29866,0,0,1375,5327,3971
29867,0,0,2773,7948,7746
29868,0,2,2,10,68
29869,0,0,0,14,22
2987,0,0,0,903,8129
29870,0,0,0,5328,3972
29871,0,0,0,0,0
29872,0,0,0,0,0
29873,0,0,0,0,0
29874,0,0,0,0,0
29875,0,0,0,13,11532
29876,0,0,0,0,7747
29877,0,0,0,0,0
29878,0,0,0,0,49
29879,0,0,0,0,0
2988,3,1837,377,3493,1326
29880,0,0,0,0,0
29881,0,0,0,0,0
29882,0,0,0,0,42
29883,0,0,9,54,175
29884,0,0,0,16,280
29885,5,1780,4218,3277,11533
29886,0,0,0,0,0
2989,0,206,1504,5595,4347
299,0,0,2787,660,7787
2990,0,0,0,1,2
2991,0,1060,2920,904,8130
2992,0,0,0,1,2
2993,0,0,0,1,2
2994,0,0,0,1,4
2995,0,0,0,1,8131
2996,0,4,4,3494,1327
2997,0,1838,378,3495,1328
2998,0,0,0,1,2
2999,0,0,0,2,1
3,0,0,0,2,1
30,0,1,1,635,7750
300,0,0,0,1,2
3000,0,1,1,5,21
3001,0,1,1,4,6
3002,0,2,2,18,16
3003,0,0,0,3,3
3004,0,0,0,6,14
3005,0,0,0,6,7
3006,0,5,5,11,12
3007,0,0,0,2,1
3008,0,0,0,6,7
3009,0,1,1,5,8
301,0,0,0,2,1
3010,0,5,5,11,1329
3011,0,0,0,6,17
3012,0,0,0,1,4
3013,0,0,3,7,5
3014,1,1839,379,3496,1330
3015,0,207,1505,5596,4348
3016,0,0,0,1,2
3017,0,1,1,5,13
3018,0,0,0,1,2
3019,0,0,0,2,1
302,0,0,2788,661,7788
3020,0,4,4,156,328
3021,0,1,1,5,4349
3022,0,0,0,9,11
3023,0,1,75,214,486
3024,0,0,0,5597,4350
3025,0,0,0,905,8132
3026,0,4,4,5598,4351
3027,0,4,4,8,1331
3028,0,0,1506,5599,4352
3029,0,1,1,15,25
303,0,1,50,115,188
3030,0,0,0,2,8133
3031,0,0,0,3497,1332
3032,0,0,0,1,1333
3033,0,0,0,5600,4353
3034,0,0,3,7,5
3035,0,0,0,906,8134
3036,0,0,0,1,4354
3037,0,208,1507,5601,4355
3038,0,0,0,9,23
3039,0,1,1,21,129
304,0,0,3,7,5
3040,0,0,0,2,1
3041,0,0,0,2,1
3042,0,0,0,1,4
3043,0,0,0,2,1
3044,0,0,0,1,4
3045,0,0,0,6,7
3046,0,0,3,7,5
3047,0,1,1,19,163
3048,0,0,3,7,5
3049,0,0,0,907,8135
305,0,1,1,15,97
3050,0,0,0,1,8136
3051,0,0,0,148,4356
3052,0,0,0,148,266
3053,0,0,28,90,4357
3054,0,0,0,908,8137
3055,0,0,0,909,8138
3056,0,0,0,2,552
3057,0,0,0,3498,1334
3058,0,0,0,1,8139
3059,0,0,2921,910,8140
306,0,1,1,20,7789
3060,60,1061,2922,911,8141
3061,0,0,0,1,4358
3062,0,0,0,2,4359
3063,0,0,0,2,552
3064,0,0,0,2,987
3065,0,0,0,2,987
3066,0,0,0,2,552
3067,0,0,0,2,4360
3068,0,2,2923,912,8142
3069,0,3,8,155,8143
307,0,0,3,7,5
3070,0,0,0,3,3
3071,0,1,1,4,4361
3072,0,1,1,4,6
3073,0,1,1,4,6
3074,0,3,6,913,8144
3075,0,0,0,3,3
3076,0,0,0,3,3
3077,0,0,0,3,3
3078,0,1,1,3499,1335
3079,0,1,1,4,6
308,0,1,50,115,188
3080,0,1,1,4,988
3081,0,0,2924,914,8145
3082,0,0,0,3,3
3083,0,209,1508,5602,4362
3084,0,0,0,3,3
3085,0,0,0,3,3
3086,0,0,0,3,8146
3087,0,0,0,3,3
3088,0,3,6,915,8147
3089,0,3,6,3500,1336
309,0,1,50,115,4006
3090,0,1,1,4,6
3091,0,3,1509,5603,4363
3092,0,3,6,3501,1337
3093,0,1,1,4,6
3094,0,1,1,4,6
3095,0,1,1,4,1338
3096,0,2,2,18,16
3097,0,1,1,4,6
3098,0,0,0,1,4
3099,0,0,0,1,2
31,0,1,1,636,7751
310,0,0,3,7,5
3100,0,0,0,1,4
3101,0,0,0,1,2
3102,0,0,0,1,4
3103,0,0,0,1,2
3104,0,0,0,1,4
3105,0,6,7,17,18
3106,0,3,29,69,106
3107,0,3,128,916,8148
3108,0,3,380,3502,1339
3109,0,1,1,4,6
311,0,1,1,359,424
3110,0,0,0,3,3
3111,0,0,0,3,3
3112,0,3,128,3503,1340
3113,0,0,0,3,3
3114,0,3,1510,5604,4364
3115,0,1,1,4,6
3116,0,3,6,26,4365
3117,0,1,1,4,33
3118,0,0,0,0,0
3119,0,6,7,17,18
312,0,1783,271,3296,1049
3120,0,2,2,10,15
3121,0,1,1,4,408
3122,0,1,1,4,6
3123,0,3,6,5605,4366
3124,0,1,1,4,1341
3125,0,1840,381,3504,1342
3126,0,0,0,5606,4367
3127,0,0,2925,917,8149
3128,149,1841,382,3505,1343
3129,0,0,0,3,3
313,0,992,2789,662,7790
3130,0,0,0,0,0
3131,0,0,0,0,0
3132,0,6,7,17,18
3133,0,0,0,0,0
3134,0,0,0,0,0
3135,0,0,0,0,0
3136,0,2,2,5607,4368
3137,0,0,0,0,0
3138,0,0,0,0,850
3139,0,0,0,918,8150
314,0,0,0,1,2
3140,0,0,0,0,4369
3141,2,117,1511,5608,4370
3142,2,117,1512,5609,4371
3143,2,1842,383,3506,1344
3144,0,0,0,0,614
3145,0,0,0,0,585
3146,0,0,0,0,4372
3147,0,6,7,17,1345
3148,0,0,0,0,1346
3149,0,0,0,0,0
315,0,4,4,8,4007
3150,224,210,1513,5610,4373
3151,0,0,0,0,0
3152,0,0,0,0,0
3153,0,0,0,0,0
3154,0,0,0,0,0
3155,0,0,0,0,615
3156,0,0,0,0,615
3157,0,6,384,3507,1347
3158,0,0,0,0,8151
3159,0,0,0,0,0
316,0,129,1384,5349,4008
3160,0,0,0,0,0
3161,0,0,0,0,1348
3162,0,0,0,0,614
3163,0,0,0,0,850
3164,0,0,0,0,0
3165,0,211,1514,5611,4374
3166,0,0,0,0,4375
3167,0,0,0,0,0
3168,0,0,0,0,0
3169,0,0,0,0,0
317,0,0,0,1,2
3170,0,0,0,0,0
3171,0,0,0,0,0
3172,0,0,0,0,0
3173,0,2,2,18,16
3174,0,1,1,4,548
3175,0,3,20,192,437
3176,0,1,1,4,6
3177,0,1,1,4,288
3178,0,0,0,3,3
3179,0,0,0,3,3
318,0,1,50,5350,4009
3180,0,0,0,3,553
3181,0,1,1,5612,4376
3182,0,1,1,4,851
3183,0,0,0,3,3
3184,0,0,0,3,165
3185,0,2,2,18,1349
3186,0,3,6,5613,4377
3187,0,1,1,4,6
3188,0,1843,385,3508,1350
3189,0,0,0,0,0
319,0,130,1385,5351,4010
3190,0,0,0,37,50
3191,0,0,79,172,545
3192,0,21,53,199,817
3193,0,0,79,172,1351
3194,0,0,0,0,0
3195,0,0,0,0,0
3196,0,0,0,0,0
3197,0,0,0,0,0
3198,0,1,1,20,19
3199,0,4,4,8,20
32,0,3,6,3281,1023
320,0,0,0,1,2
3200,0,1,1,21,60
3201,0,0,3,7,5
3202,0,1,1,5,267
3203,0,0,0,5614,4378
3204,0,0,0,1,4
3205,0,0,0,2,1
3206,0,1844,386,3509,1352
3207,0,0,3,7,5
3208,0,10,12,3510,1353
3209,0,0,0,9,11
321,0,1,1,359,424
3210,0,0,0,1,4
3211,0,1,1,5615,4379
3212,0,1,1,5,29
3213,0,0,0,9,23
3214,0,1,1,31,8152
3215,0,0,0,1,4
3216,0,0,0,1,4
3217,0,1,1,20,19
3218,0,4,4,8,40
3219,0,0,0,0,0
322,0,0,0,2,39
3220,0,0,0,0,0
3221,0,0,0,0,0
3222,0,0,0,0,0
3223,0,1,1,919,8153
3224,0,0,0,12,616
3225,0,0,0,12,616
3226,0,1,1,5,4380
3227,0,0,0,2,1
3228,0,0,0,2,1
3229,0,0,0,0,0
323,0,1,1386,5352,4011
3230,0,0,0,0,0
3231,0,0,0,0,0
3232,0,2,2,10,8154
3233,0,0,0,0,0
3234,0,0,0,3,553
3235,0,1,1,4,6
3236,0,1,1,920,8155
3237,0,0,0,3,3
3238,0,1,1,3511,1354
3239,0,1,1,4,6
324,0,0,0,663,7791
3240,0,1,1,4,6
3241,0,1,1,5616,4381
3242,0,1062,2926,921,8156
3243,0,0,0,3,3
3244,0,0,0,3,3
3245,0,0,0,3,3
3246,0,1,1,4,6
3247,0,0,0,0,0
3248,0,0,0,0,0
3249,0,0,0,0,0
325,0,0,0,0,0
3250,0,0,0,3,3
3251,0,0,0,3,3
3252,0,0,0,3,3
3253,0,0,0,3,3
3254,0,3,6,922,8157
3255,0,3,6,3512,1355
3256,0,0,0,923,8158
3257,0,1,1,3513,1356
3258,0,0,0,0,0
3259,0,0,0,0,4382
326,0,0,0,0,0
3260,0,0,0,281,4383
3261,0,0,0,0,778
3262,0,0,0,281,779
3263,0,0,0,0,0
3264,0,0,0,0,852
3265,0,0,0,0,0
3266,0,0,0,0,0
3267,0,0,0,0,329
3268,0,0,0,0,329
3269,0,1,1,586,8159
327,0,0,0,0,0
3270,0,1,1,5,21
3271,0,1063,2927,924,8160
3272,0,1845,387,3514,1357
3273,0,0,0,1,2
3274,0,0,0,1,2
3275,4,11,43,233,330
3276,0,0,0,9,11
3277,0,1,1,15,25
3278,0,0,0,2,1
3279,0,1,1,20,19
328,0,0,0,0,0
3280,0,0,3,7,5
3281,0,0,0,2,1
3282,0,0,0,2,1
3283,0,0,0,1,2
3284,0,0,0,1,2
3285,0,0,0,1,2
3286,0,0,0,1,2
3287,0,0,0,1,2
3288,0,0,0,2,1
3289,0,1064,2928,925,8161
329,0,0,0,0,0
3290,0,0,0,1,2
3291,0,0,0,3515,1358
3292,0,1,1,5,13
3293,0,1,1,15,25
3294,0,0,0,1,2
3295,0,0,0,2,1
3296,0,1065,2929,926,8162
3297,0,0,0,927,8163
3298,0,0,0,5617,4384
3299,0,1846,388,3516,1359
33,0,1,1,637,7752
330,0,0,0,0,1050
3300,0,0,0,1,2
3301,0,0,0,1,4
3302,0,0,0,2,1
3303,0,0,0,1,2
3304,0,1066,2930,928,8164
3305,0,0,389,3517,1360
3306,0,0,0,9,11
3307,0,0,0,2,1
3308,0,0,0,1,4
3309,0,1847,390,3518,1361
331,0,1,1,4,6
3310,0,0,0,1,2
3311,0,1067,2931,929,8165
3312,0,0,0,1,2
3313,0,0,3,7,5
3314,0,1,1,15,25
3315,0,0,0,1,2
3316,0,4,4,8,8166
3317,61,1068,2932,930,8167
3318,0,0,0,1,2
3319,0,212,1515,5618,4385
332,0,1,1,4,84
3320,0,0,0,1,2
3321,0,1069,2933,931,8168
3322,0,0,0,5619,4386
3323,4,1848,391,3519,1362
3324,0,1849,392,3520,1363
3325,0,0,0,5620,4387
3326,0,0,0,1,2
3327,0,0,0,1,2
3328,0,1850,393,3521,1364
3329,0,0,0,2,1
333,0,26,225,367,803
3330,0,0,0,1,4
3331,0,0,0,1,2
3332,0,1,1,15,25
3333,0,0,0,2,1
3334,0,0,0,932,8169
3335,4,11,43,933,8170
3336,0,0,0,1,4
3337,3,1070,2934,934,8171
3338,4,11,43,233,330
3339,0,1851,394,3522,1365
334,11,68,226,507,804
3340,0,4,4,5621,4388
3341,0,0,0,3523,1366
3342,0,0,0,2,1
3343,0,1,1,15,97
3344,0,0,0,1,2
3345,0,4,4,935,8172
3346,0,1,1,15,97
3347,0,0,0,1,2
3348,0,0,0,2,1
3349,0,1,1516,5622,4389
335,0,45,227,368,805
3350,0,1852,395,3524,1367
3351,0,0,0,1,2
3352,0,0,0,0,0
3353,0,0,0,0,0
3354,0,0,0,5623,4390
3355,0,0,0,0,242
3356,0,0,0,282,4391
3357,0,0,0,5624,4392
3358,0,0,0,0,0
3359,0,0,0,293,8173
336,0,2,125,3297,1051
3360,0,0,0,0,242
3361,0,2,2,10,910
3362,0,0,0,14,554
3363,0,7,13,215,4393
3364,0,15,23,936,8174
3365,0,7,31,149,809
3366,0,15,23,59,1368
3367,0,7,2935,937,8175
3368,0,7,13,3525,1369
3369,0,0,0,2,39
337,0,0,0,0,0
3370,0,0,0,2,39
3371,0,7,36,273,1370
3372,0,0,0,2,438
3373,0,0,0,2,39
3374,0,7,31,149,1371
3375,0,0,0,2,309
3376,0,2,2,938,8176
3377,0,6,7,36,439
3378,0,0,67,143,225
3379,0,0,67,143,225
338,0,0,0,664,7792
3380,0,0,67,143,225
3381,0,15,23,59,1372
3382,0,7,13,3526,1373
3383,0,7,36,390,4394
3384,0,7,153,5625,4395
3385,0,7,396,3527,1374
3386,0,7,36,176,4396
3387,0,6,7,36,439
3388,0,1853,397,3528,1375
3389,0,7,153,365,1376
339,0,1784,272,3298,1052
3390,0,2,2,3529,1377
3391,0,0,0,2,438
3392,0,7,36,273,8177
3393,0,15,23,5626,4397
3394,0,7,31,149,8178
3395,0,7,31,149,8179
3396,0,0,0,2,309
3397,0,1071,2936,939,8180
3398,0,7,13,215,8181
3399,0,1,1,4,6
34,0,3,6,638,7753
340,0,0,0,3,3
3400,0,0,0,0,815
3401,0,0,0,940,8182
3402,0,1072,2937,941,8183
3403,0,0,0,198,617
3404,0,0,0,5627,4398
3405,0,0,0,93,4399
3406,0,0,0,0,184
3407,0,0,0,391,814
3408,0,0,0,0,184
3409,26,213,1517,5628,4400
341,0,1,1,4,6
3410,0,6,7,334,488
3411,0,0,0,16,813
3412,0,0,0,0,184
3413,0,0,0,0,1378
3414,0,0,0,392,4401
3415,0,1073,2938,942,8184
3416,0,0,0,943,8185
3417,0,0,0,356,618
3418,0,0,0,16,280
3419,5,214,1518,5629,4402
342,0,0,0,3,3
3420,5,1074,2939,944,8186
3421,0,0,0,0,853
3422,0,0,0,198,487
3423,0,0,0,355,440
3424,0,0,0,177,402
3425,0,1,80,298,1379
3426,0,0,0,2,1380
3427,0,1,1,20,19
3428,0,4,4,595,8187
3429,1,1854,398,3530,1381
343,0,993,2790,665,7793
3430,0,1075,2940,945,8188
3431,0,0,0,1,2
3432,0,0,0,1,2
3433,0,0,0,2,1
3434,0,0,0,1,2
3435,0,0,0,0,0
3436,0,0,0,0,0
3437,0,0,0,0,226
3438,0,0,0,14,1382
3439,0,0,0,2,1
344,0,5,5,107,1053
3440,0,1,1,15,199
3441,0,4,4,8,8189
3442,0,0,0,9,11
3443,0,0,0,1,2
3444,0,4,4,8,8190
3445,0,1,1,5,619
3446,0,1,1,5,8
3447,0,0,0,2,8191
3448,0,0,0,12,9
3449,0,1,1,5,619
345,0,0,0,6,14
3450,0,0,0,2,1
3451,0,0,0,29,31
3452,0,2,2,946,8192
3453,0,0,0,12,9
3454,0,0,0,29,31
3455,0,5,5,117,403
3456,0,1,1,60,1383
3457,0,1,1,947,8193
3458,0,1,1,5630,4403
3459,0,0,0,29,31
346,0,0,0,2,1
3460,0,0,0,12,1384
3461,0,0,0,2,1
3462,0,1,1,5,8194
3463,0,0,0,12,9
3464,0,1,399,3531,1385
3465,0,0,0,12,9
3466,0,1,1,5,74
3467,0,1,1,60,142
3468,0,1,1,5,8
3469,0,0,0,29,31
347,0,0,0,1,2
3470,0,2,2,948,8195
3471,0,0,0,2,1
3472,0,0,0,12,9
3473,0,0,0,29,31
3474,0,0,0,12,9
3475,0,0,0,29,31
3476,0,0,0,12,9
3477,0,0,0,2,1
3478,0,0,0,2,1
3479,0,0,0,12,9
348,0,131,1387,5353,4012
3480,0,1,1,5,8
3481,0,1,1,60,8196
3482,0,2,2,523,1386
3483,0,1,1,5,620
3484,0,0,0,29,31
3485,0,1,1,5,4404
3486,0,1,1,3532,1387
3487,0,1,1,5,1388
3488,0,0,0,6,17
3489,0,0,0,6,14
349,0,0,0,1,2
3490,0,0,0,2,1
3491,0,0,0,6,7
3492,0,5,5,11,12
3493,0,5,5,11,12
3494,0,0,0,6,7
3495,0,1,1,5,8
3496,0,0,0,2,1
3497,0,1,1,5,8
3498,0,0,0,283,854
3499,0,0,0,2,36
35,0,1,1,4,1024
350,0,0,0,2,1
3500,0,1,1,15,621
3501,0,0,0,2,1
3502,0,1855,400,3533,1389
3503,0,6,7,3534,1390
3504,0,0,129,351,8197
3505,0,18,97,5631,4405
3506,0,2,2,18,4406
3507,0,2,2,10,26
3508,0,0,0,0,0
3509,0,0,3,3535,1391
351,3,994,2791,666,7794
3510,0,5,5,949,8198
3511,0,5,2941,950,8199
3512,0,5,5,11,8200
3513,0,0,0,2,1
3514,0,4,401,3536,1392
3515,0,4,2942,951,8201
3516,0,0,0,6,14
3517,0,0,0,12,227
3518,0,0,0,125,268
3519,0,0,0,2,989
352,0,995,2792,667,7795
3520,150,1856,402,3537,1393
3521,225,215,1519,5632,4407
3522,0,0,0,125,8202
3523,0,0,0,12,227
3524,0,0,130,596,622
3525,42,1076,2943,952,8203
3526,17,216,1520,5633,4408
3527,17,1077,2944,953,8204
3528,17,1078,2945,954,8205
3529,0,0,0,524,990
353,0,0,0,1,2
3530,0,0,0,12,227
3531,0,1,1,5,107
3532,0,0,0,12,9
3533,0,0,0,125,4409
3534,0,0,0,1,4
3535,0,0,0,12,9
3536,62,1079,2946,955,8206
3537,0,1080,2947,956,8207
3538,0,1857,403,3538,1394
3539,0,1081,2948,957,8208
354,0,0,3,7,5
3540,0,1858,404,3539,1395
3541,0,1082,2949,958,8209
3542,0,0,0,125,268
3543,0,1,1,201,774
3544,0,1,1,5,107
3545,0,1,1,959,8210
3546,0,0,0,12,9
3547,0,1,1,5,166
3548,0,0,0,2,54
3549,0,1,1,5,100
355,0,1785,273,3299,1054
3550,0,0,0,1,331
3551,0,1,1,5,8211
3552,0,0,0,12,9
3553,0,0,0,12,9
3554,0,0,0,12,9
3555,0,0,0,12,9
3556,0,0,0,12,9
3557,0,0,0,12,9
3558,0,0,0,12,9
3559,0,0,0,12,9
356,0,0,0,1,1055
3560,0,0,0,12,9
3561,0,0,0,12,9
3562,0,0,0,34,70
3563,0,0,0,34,72
3564,0,1,1,5,107
3565,0,0,0,12,9
3566,0,0,0,12,9
3567,0,1,1,106,1396
3568,0,0,0,1,331
3569,0,25,54,126,228
357,0,10,12,3300,1056
3570,0,0,130,596,622
3571,0,0,0,12,227
3572,0,0,0,2,989
3573,0,0,0,12,9
3574,63,1083,2950,960,8212
3575,0,0,0,125,268
3576,6,13,405,3540,1397
3577,42,1859,406,3541,1398
3578,17,1860,407,3542,1399
3579,17,1084,2951,961,8213
358,0,0,0,5354,4013
3580,17,1085,2952,962,8214
3581,0,0,0,524,990
3582,0,0,0,12,9
3583,0,217,1521,5634,4410
3584,0,0,0,12,227
3585,0,0,0,12,227
3586,64,1086,2953,963,8215
3587,0,0,0,125,268
3588,0,0,0,12,9
3589,0,0,0,12,9
359,0,0,0,2,1
3590,0,1,1,5,8
3591,0,1,1,5,147
3592,0,25,54,126,228
3593,0,5,5,117,4411
3594,0,0,0,2,1
3595,0,1,1,5,147
3596,0,0,0,12,9
3597,0,25,54,126,228
3598,0,1,1,5,8
3599,0,1861,408,3543,1400
36,0,2,2,18,16
360,0,1786,274,3301,1057
3600,0,25,54,126,1401
3601,0,0,0,12,991
3602,0,1087,2954,964,8216
3603,0,0,0,1,2
3604,0,0,0,12,9
3605,0,1,1,5,147
3606,0,0,0,1,2
3607,0,1,1,5,147
3608,0,0,0,12,9
3609,0,0,0,12,9
361,0,0,0,5355,4014
3610,0,1088,2955,965,8217
3611,0,0,0,1,2
3612,0,1,1,5,8
3613,0,1,1,5,8
3614,0,1,1,15,30
3615,0,0,0,1,2
3616,0,0,0,2,1
3617,0,1862,409,3544,1402
3618,0,0,3,7,5
3619,0,1089,2956,966,8218
362,0,132,1388,5356,4015
3620,0,0,0,1,2
3621,0,0,3,7,5
3622,0,1,16,40,404
3623,0,0,0,1,2
3624,0,0,0,2,1
3625,0,0,0,2,1
3626,0,5,5,967,8219
3627,0,1,131,284,441
3628,0,1,131,284,441
3629,0,1,16,40,148
363,0,0,0,1,2
3630,0,0,0,55,89
3631,0,0,0,6,14
3632,0,0,3,968,8220
3633,0,5,5,11,127
3634,0,0,0,55,89
3635,0,0,0,2,1
3636,0,0,0,42,1403
3637,0,0,0,55,89
3638,0,1,16,40,300
3639,0,5,2957,969,8221
364,0,0,0,2,1
3640,0,1,16,40,148
3641,0,0,0,42,66
3642,0,5,5,970,8222
3643,0,1,2958,971,8223
3644,6,13,33,3545,1404
3645,0,1,16,40,148
3646,0,1,16,40,148
3647,0,0,0,58,332
3648,0,1,167,972,8224
3649,0,1,16,40,300
365,0,0,0,1,7796
3650,0,1,16,973,8225
3651,0,0,2959,974,8226
3652,0,0,0,55,89
3653,0,0,0,975,8227
3654,0,5,5,5635,4412
3655,0,0,0,55,89
3656,0,0,0,55,89
3657,0,2,2,3546,1405
3658,0,1,16,40,404
3659,0,5,5,525,8228
366,0,0,0,2,1
3660,0,5,5,5636,4413
3661,0,5,5,525,1406
3662,0,5,5,3547,1407
3663,0,5,5,5637,4414
3664,0,0,0,58,332
3665,0,0,0,393,855
3666,0,0,0,393,855
3667,0,0,0,55,89
3668,0,0,0,55,89
3669,0,0,0,3548,1408
367,0,0,0,1,4
3670,0,0,0,976,8229
3671,0,1,16,40,8230
3672,0,0,0,5638,4415
3673,0,1,16,40,300
3674,0,0,0,55,89
3675,0,0,0,1,4
3676,0,1,1,19,81
3677,0,1,1,5,13
3678,0,1863,410,3549,1409
3679,0,0,0,1,2
368,0,133,1389,5357,4016
3680,0,0,2960,977,8231
3681,0,0,0,2,1
3682,0,0,0,1,2
3683,0,0,0,1,4
3684,0,0,0,2,1
3685,0,0,0,9,23
3686,0,0,0,1,2
3687,0,1,2961,978,8232
3688,0,0,0,9,11
3689,0,0,3,7,5
369,0,0,0,1,2
3690,0,4,4,8,20
3691,0,0,3,7,5
3692,0,1,1,979,8233
3693,0,4,4,3550,1410
3694,0,2,2962,980,8234
3695,0,0,0,5639,4416
3696,0,0,0,6,76
3697,0,1,1,5,796
3698,0,0,0,6,76
3699,0,0,0,2,1
37,0,1,1,5,588
370,0,0,2793,668,7797
3700,0,0,0,6,856
3701,0,0,0,6,1411
3702,0,0,0,6,4417
3703,0,0,0,5640,4418
3704,0,1,1,5,269
3705,0,0,0,2,1
3706,0,0,0,44,63
3707,0,1,1,5,8235
3708,0,0,2963,981,8236
3709,0,0,0,12,9
371,0,0,0,1,4
3710,0,0,0,12,9
3711,0,0,0,12,9
3712,0,0,83,174,322
3713,0,0,83,174,322
3714,0,0,83,174,8237
3715,0,0,1522,5641,4419
3716,0,0,0,1,1412
3717,0,0,0,2,253
3718,0,0,0,2,253
3719,0,2,232,5642,4420
372,0,0,0,1,4
3720,226,218,1523,5643,4421
3721,0,0,0,1,1413
3722,0,1,126,982,8238
3723,0,1,1,5,8
3724,0,1,1,5,8
3725,0,0,0,6,17
3726,0,0,0,6,7
3727,0,5,5,11,8239
3728,0,0,0,6,7
3729,0,0,0,6,14
373,0,0,3,7,5
3730,0,5,5,11,130
3731,0,5,5,11,270
3732,0,0,0,2,1
3733,0,0,1524,5644,4422
3734,0,0,3,7,4423
3735,0,0,0,2,1
3736,0,0,0,2,1
3737,0,1,1,15,1414
3738,0,0,0,1,8240
3739,0,0,0,1,4
374,0,0,0,1,2
3740,0,0,0,1,2
3741,0,0,0,2,1
3742,0,1090,2964,983,8241
3743,0,0,0,1,2
3744,0,1864,411,3551,1415
3745,0,0,3,7,5
3746,0,0,0,150,470
3747,0,0,412,3552,1416
3748,0,0,0,5645,4424
3749,0,219,1525,5646,4425
375,214,134,1390,5358,4017
3750,0,0,0,227,333
3751,0,87,161,984,8242
3752,0,0,0,0,0
3753,0,0,2965,985,8243
3754,0,220,1526,5647,4426
3755,0,0,0,5648,4427
3756,0,0,44,178,463
3757,0,0,0,0,4428
3758,0,0,0,0,8244
3759,0,1865,413,3553,1417
376,0,0,0,1,2
3760,0,0,0,268,8245
3761,0,2,2,10,170
3762,0,0,0,986,8246
3763,0,0,0,202,8247
3764,0,0,0,0,0
3765,0,0,0,0,0
3766,0,0,0,0,0
3767,0,0,0,0,0
3768,0,0,0,0,0
3769,0,0,414,3554,1418
377,0,0,0,2,1
3770,0,12,14,83,442
3771,0,12,14,83,442
3772,0,12,14,83,442
3773,0,12,14,3555,1419
3774,0,1,1,24,8248
3775,0,1,1,84,4429
3776,0,0,0,1,2
3777,0,1866,415,3556,1420
3778,0,0,0,1,2
3779,0,4,4,8,176
378,0,1787,275,3302,1058
3780,0,1,1,5,8249
3781,0,1,1,5,13
3782,0,1,1,3557,1421
3783,0,1,1,15,95
3784,0,0,0,2,1
3785,0,1,1,4,6
3786,0,2,2,18,16
3787,0,0,0,3,3
3788,0,1,1,4,6
3789,0,1,1,5649,4430
379,0,0,0,1,2
3790,0,3,6,5650,4431
3791,0,3,8,987,8250
3792,0,0,416,3558,1422
3793,0,0,0,988,8251
3794,0,0,0,3559,1423
3795,0,0,0,0,0
3796,2,1091,2966,989,8252
3797,0,0,0,0,0
3798,2,221,1527,5651,4432
3799,0,0,0,0,0
38,0,0,0,2,1
380,0,0,0,1,4
3800,2,1092,2967,990,8253
3801,0,1867,417,3560,1424
3802,0,222,1528,5652,4433
3803,0,0,0,0,271
3804,0,0,0,0,0
3805,2,1868,418,3561,1425
3806,0,0,0,0,0
3807,0,0,0,0,1426
3808,0,0,0,0,0
3809,65,1093,2968,991,8254
381,0,0,0,1,2
3810,0,0,0,0,0
3811,0,0,0,0,0
3812,227,223,1529,5653,4434
3813,0,0,0,0,0
3814,0,2,2,10,15
3815,0,0,0,0,0
3816,0,0,0,0,0
3817,0,0,0,0,0
3818,0,0,0,0,0
3819,0,0,0,992,8255
382,0,0,0,1,4
3820,0,0,0,0,1427
3821,0,0,0,0,0
3822,0,6,7,17,1428
3823,0,0,0,112,1429
3824,0,0,0,0,0
3825,0,0,0,0,0
3826,0,0,0,0,0
3827,0,0,0,0,0
3828,0,0,2969,993,8256
3829,0,2,2,10,68
383,0,0,0,1,2
3830,0,0,0,0,8257
3831,0,0,0,0,0
3832,0,0,0,0,0
3833,0,0,0,0,0
3834,0,0,0,0,0
3835,0,0,0,5654,4435
3836,0,0,0,994,8258
3837,0,1,1,3562,1430
3838,0,1,1,4,6
3839,0,0,0,2,1
384,0,0,0,9,11
3840,0,1,1,995,8259
3841,0,0,3,7,5
3842,0,0,3,7,5
3843,0,0,0,2,1
3844,0,1,1,4,6
3845,0,1,1,4,4436
3846,0,1,1,5655,4437
3847,0,0,0,0,42
3848,0,1,1,20,8260
3849,0,0,0,1,2
385,4,11,24,45,65
3850,0,0,0,1,4
3851,0,1094,2970,996,8261
3852,0,0,0,1,2
3853,0,1,1,5,13
3854,0,0,0,5656,4438
3855,0,0,0,2,1
3856,0,1,1,20,19
3857,0,0,0,1,2
3858,0,0,0,9,11
3859,0,1,1,20,19
386,0,0,0,1,4
3860,0,0,0,1,4
3861,0,0,0,1,4
3862,0,1,1,20,19
3863,0,1,1,5,13
3864,0,1,1,15,196
3865,0,0,3,7,5
3866,0,4,4,8,1431
3867,0,1,1,20,8262
3868,0,0,0,0,4439
3869,0,224,1530,5657,4440
387,0,0,0,1,4
3870,5,1095,2971,997,8263
3871,0,0,0,0,0
3872,13,36,419,3563,1432
3873,0,0,1531,5658,4441
3874,0,0,1532,5659,4442
3875,0,0,0,0,0
3876,0,1869,420,3564,1433
3877,0,1870,421,3565,1434
3878,1,1096,2972,998,8264
3879,0,0,0,1,272
388,0,4,4,8,20
3880,1,1097,2973,999,8265
3881,0,1871,422,3566,1435
3882,0,0,0,1,272
3883,0,0,0,0,992
3884,0,0,0,0,1436
3885,0,0,0,0,0
3886,0,0,0,0,8266
3887,0,0,0,0,0
3888,0,0,0,0,0
3889,0,0,0,0,0
389,0,0,0,2,1
3890,13,36,2974,1000,8267
3891,0,0,0,0,0
3892,0,0,0,0,0
3893,0,0,0,0,0
3894,228,225,1533,5660,4443
3895,0,0,0,0,0
3896,0,0,0,0,0
3897,0,0,0,0,0
3898,0,2,2,10,411
3899,0,0,0,0,992
39,0,0,0,1,4
390,0,0,0,9,23
3900,0,0,0,0,0
3901,0,2,2,5661,4444
3902,0,226,1534,5662,4445
3903,0,0,0,1,2
3904,0,0,0,3567,1437
3905,0,0,0,0,0
3906,0,0,0,13,10
3907,0,0,0,0,0
3908,0,0,0,14,32
3909,0,0,0,38,45
391,0,1,1,19,7798
3910,0,1098,2975,1001,8268
3911,0,0,0,1,2
3912,0,4,4,5663,4446
3913,0,4,4,3568,1438
3914,0,1,1,20,857
3915,0,0,3,7,5
3916,0,0,0,9,11
3917,0,0,0,2,1
3918,0,1,1,5,13
3919,0,2,2,25,144
392,0,0,3,7,5
3920,0,0,0,81,324
3921,0,0,0,6,605
3922,0,0,0,2,1
3923,0,0,0,6,76
3924,0,0,0,6,189
3925,0,0,0,6,76
3926,0,0,0,277,443
3927,0,0,0,6,76
3928,0,0,28,3569,1439
3929,0,6,7,101,8269
393,0,0,0,2,1
3930,0,0,0,3,3
3931,0,0,2976,1002,8270
3932,0,3,8,5664,4447
3933,0,2,2,18,16
3934,0,0,0,3,3
3935,0,0,0,3,3
3936,0,0,0,3,3
3937,0,0,0,3,3
3938,0,0,0,3,3
3939,0,3,6,164,8271
394,0,0,0,1,4
3940,0,1,1,3570,1440
3941,0,3,6,5665,4448
3942,0,0,0,3571,1441
3943,0,0,0,3,3
3944,0,0,0,3,3
3945,0,0,0,3,3
3946,0,3,8,5666,4449
3947,0,1,1,1003,8272
3948,0,0,132,1004,8273
3949,0,0,0,3572,1442
395,0,0,0,1,2
3950,0,0,423,3573,1443
3951,0,0,0,67,444
3952,0,0,0,16,8274
3953,0,0,424,3574,1444
3954,0,0,0,3575,1445
3955,0,0,0,22,167
3956,0,0,0,394,858
3957,0,0,0,3576,1446
3958,0,1099,2977,1005,8275
3959,0,0,0,67,182
396,0,0,3,7,5
3960,0,0,2978,1006,8276
3961,0,0,0,16,1447
3962,0,0,0,16,24
3963,0,0,0,16,1448
3964,0,0,0,67,182
3965,0,0,0,1007,8277
3966,0,2,2,25,138
3967,0,0,0,16,555
3968,0,0,0,67,444
3969,0,0,425,3577,1449
397,0,0,2794,669,7799
3970,0,0,132,1008,8278
3971,0,0,21,92,195
3972,0,9,48,105,194
3973,0,0,0,16,8279
3974,0,0,0,12,1450
3975,0,0,0,3578,1451
3976,0,0,0,2,1
3977,0,0,0,127,200
3978,0,1,1,5,859
3979,0,0,0,127,200
398,0,1,1,19,825
3980,0,0,0,127,200
3981,0,1,1,5,859
3982,0,0,0,29,31
3983,0,1,1,3579,1452
3984,0,0,0,12,9
3985,0,1,1,5,8280
3986,0,2,2979,1009,8281
3987,0,1,426,3580,1453
3988,0,2,1535,5667,4450
3989,0,2,2,3581,1454
399,0,0,0,2,1
3990,0,0,0,2,1
3991,0,1,1,5,8
3992,0,0,0,6,14
3993,0,0,0,6,7
3994,0,5,5,11,12
3995,0,5,5,11,863
3996,0,5,5,11,12
3997,0,0,0,6,7
3998,0,0,0,2,1
3999,0,1,1,5,8
4,3,124,1376,5329,3973
40,0,0,0,1,2
400,0,996,2795,670,7800
4000,0,0,0,6,7
4001,0,1,1,5,356
4002,0,5,5,11,4451
4003,0,5,5,11,8282
4004,0,0,0,2,1
4005,0,5,5,1010,8283
4006,0,5,5,1011,8284
4007,0,0,0,2,1
4008,0,0,0,6,7
4009,0,0,0,6,14
401,0,0,0,1,2
4010,0,0,0,0,0
4011,0,0,0,5668,4452
4012,0,0,0,0,0
4013,0,1,1,218,982
4014,0,0,0,2,1
4015,0,4,4,8,860
4016,0,1,1,175,401
4017,0,0,0,16,24
4018,0,118,1536,5669,4453
4019,0,0,0,22,334
402,0,0,0,0,0
4020,0,0,0,22,334
4021,0,0,0,22,334
4022,0,2,2,25,1455
4023,0,0,0,22,1456
4024,0,0,0,5670,4454
4025,0,0,0,22,334
4026,0,0,1537,5671,4455
4027,0,0,0,0,0
4028,0,0,0,0,0
4029,0,0,0,0,0
403,0,16,25,86,1059
4030,0,0,0,0,0
4031,0,0,0,5672,4456
4032,0,0,0,0,0
4033,0,2,2,243,415
4034,0,0,116,216,4457
4035,0,0,10,217,373
4036,0,9,15,1012,8285
4037,0,0,0,0,77
4038,0,0,0,0,77
4039,0,0,0,16,4458
404,0,16,25,3303,1060
4040,0,0,0,0,77
4041,0,0,0,235,335
4042,0,0,0,0,77
4043,0,0,0,0,77
4044,0,0,0,2,1
4045,0,1,1,5,8
4046,0,5,5,11,8286
4047,0,1,1,5,8
4048,0,0,0,6,7
4049,0,1,1,5,8
405,0,0,0,0,0
4050,0,1,1,5,8
4051,0,1,1,5,8
4052,0,0,0,2,1
4053,0,0,0,6,17
4054,0,5,5,11,4459
4055,0,0,0,6,14
4056,0,5,5,11,1457
4057,0,5,5,11,12
4058,0,0,0,6,17
4059,0,0,0,6,7
406,0,0,0,14,22
4060,0,5,5,11,12
4061,0,0,0,2,1
4062,0,5,5,11,12
4063,0,5,5,5673,4460
4064,0,0,0,2,1
4065,0,1,1,5,8
4066,0,0,0,6,7
4067,0,1,1,19,93
4068,0,0,0,12,9
4069,0,0,0,2,1
407,0,0,0,13,10
4070,0,1,1,5,29
4071,0,0,0,1,4
4072,0,4,4,1013,8287
4073,0,0,0,2,1
4074,0,1872,427,3582,1458
4075,0,0,0,12,9
4076,0,0,3,7,5
4077,0,0,0,2,1
4078,0,0,3,7,5
4079,0,0,0,130,320
408,0,0,0,13,10
4080,0,0,0,5674,4461
4081,0,0,0,0,0
4082,0,1,1,1014,8288
4083,0,1,1,46,173
4084,0,2,2,3583,1459
4085,0,1,1,15,168
4086,0,0,0,2,1
4087,0,0,0,2,1
4088,0,0,3,7,5
4089,0,0,0,2,1
409,0,0,0,5359,4018
4090,0,0,0,2,1
4091,0,0,0,9,11
4092,0,0,0,1,2
4093,0,0,0,1,4462
4094,0,0,0,1,2
4095,0,0,0,1,4
4096,0,0,3,7,5
4097,0,1,1,15,168
4098,0,0,0,1,2
4099,0,0,0,1,4
41,0,0,0,1,4
410,0,0,2796,671,7801
4100,0,0,0,9,11
4101,0,0,0,1,4
4102,0,0,0,1,4
4103,0,0,3,7,5
4104,0,0,0,2,1
4105,0,1,1,15,168
4106,0,4,4,8,4463
4107,0,0,0,1,4
4108,0,0,3,7,5
4109,0,0,0,1015,8289
411,0,0,0,672,7802
4110,0,0,0,2,1
4111,0,0,0,1,2
4112,0,0,3,7,4464
4113,0,0,0,2,1
4114,0,0,0,9,11
4115,0,0,0,1,2
4116,0,1873,428,3584,1460
4117,0,0,0,1,2
4118,0,4,4,8,1461
4119,0,0,3,7,5
412,0,0,0,5360,4019
4120,0,0,0,2,1
4121,0,1,1,15,168
4122,0,0,0,1,2
4123,0,0,3,7,5
4124,0,0,0,9,11
4125,0,0,0,2,1
4126,0,0,3,7,5
4127,0,0,3,7,5
4128,0,0,0,12,9
4129,0,0,0,597,623
413,0,0,0,441,913
4130,0,0,0,2,1
4131,0,0,0,2,1
4132,0,0,0,2,1
4133,0,0,0,12,9
4134,0,0,3,7,5
4135,0,0,0,2,624
4136,0,0,0,2,1
4137,0,0,3,7,5
4138,0,0,0,2,1
4139,0,1,1,5,29
414,0,0,0,80,186
4140,0,0,0,1016,8290
4141,0,0,0,3585,1462
4142,0,0,0,2,1
4143,0,0,0,597,623
4144,0,0,0,130,625
4145,0,1,1,5,29
4146,0,0,0,1017,8291
4147,0,0,0,12,1463
4148,0,4,4,8,1464
4149,0,0,3,7,5
415,0,0,0,37,4020
4150,0,0,0,12,9
4151,0,0,0,2,1
4152,0,0,0,2,1
4153,0,0,0,2,624
4154,0,0,0,9,11
4155,0,0,0,37,50
4156,0,0,0,3,3
4157,0,0,0,3,3
4158,0,0,0,3,3
4159,0,3,8,567,8292
416,0,0,0,37,50
4160,0,3,6,3586,1465
4161,0,1,1,4,6
4162,0,1,1,4,6
4163,0,1,1,4,6
4164,0,1,1,4,6
4165,0,0,0,0,0
4166,0,0,0,0,0
4167,0,0,0,0,0
4168,0,0,0,0,0
4169,0,0,0,0,0
417,0,0,0,37,50
4170,0,1,2980,1018,8293
4171,0,1,1,285,556
4172,0,4,4,43,115
4173,0,0,0,2,1
4174,0,0,0,2,1
4175,0,4,4,1019,8294
4176,0,1,1,15,621
4177,0,0,0,2,1
4178,0,0,0,1,2
4179,0,0,0,1,4
418,0,0,0,37,50
4180,0,0,0,1,4
4181,0,0,0,1,2
4182,0,0,0,3,3
4183,0,1,1,4,6
4184,0,0,0,3,3
4185,0,0,0,3,165
4186,0,0,0,3,165
4187,0,0,1538,5675,4465
4188,0,2,2,18,16
4189,0,1,1,395,4466
419,0,0,0,80,590
4190,0,0,0,3,3
4191,0,1,1539,5676,4467
4192,0,3,6,5677,4468
4193,0,3,2981,1020,8295
4194,0,1,2982,1021,8296
4195,0,0,0,5678,4469
4196,0,0,0,3,3
4197,0,0,0,5679,4470
4198,0,0,0,3,165
4199,0,0,0,3,165
42,0,44,96,5334,3978
420,0,0,0,80,1061
4200,0,1,1,395,1466
4201,0,1,1,4,6
4202,0,1,1540,5680,4471
4203,0,0,0,12,9
4204,0,1,1,94,861
4205,0,0,0,12,9
4206,0,1,1,5,141
4207,0,1,1,5,107
4208,0,0,0,12,9
4209,0,0,0,12,9
421,0,0,0,0,0
4210,0,0,0,12,9
4211,0,0,0,12,9
4212,0,0,0,2,54
4213,0,0,0,34,70
4214,0,0,0,34,72
4215,0,1,1,106,241
4216,0,1,1,5,56
4217,0,0,0,34,70
4218,0,1,1,4,6
4219,0,3,6,3587,1467
422,0,0,0,0,85
4220,0,0,0,3,3
4221,0,0,0,3,3
4222,0,0,0,3,3
4223,0,3,8,1022,8297
4224,0,2,2,18,16
4225,0,1,1,4,1468
4226,0,3,6,1023,8298
4227,0,1,1,4,4472
4228,0,1,1,4,1469
4229,0,0,0,2,1
423,19,42,81,271,7803
4230,0,4,4,8,1470
4231,0,4,4,43,115
4232,0,2,2,25,138
4233,0,0,0,95,626
4234,0,0,0,95,4473
4235,0,0,2983,1024,8299
4236,0,227,1541,5681,4474
4237,0,0,429,3588,1471
4238,0,0,0,95,626
4239,0,0,0,95,862
424,0,21,53,5361,4021
4240,0,0,0,526,1472
4241,0,0,0,16,128
4242,0,0,0,526,8300
4243,0,0,0,360,8301
4244,0,0,0,16,128
4245,0,0,0,16,128
4246,0,0,0,518,627
4247,0,0,0,16,24
4248,5,89,2984,1025,8302
4249,0,0,0,16,8303
425,0,0,34,57,113
4250,0,228,1542,5682,4475
4251,0,0,0,16,8304
4252,0,0,0,16,197
4253,0,0,0,16,128
4254,0,0,0,170,993
4255,0,0,0,16,38
4256,0,0,0,22,167
4257,0,0,0,16,4476
4258,0,0,0,16,169
4259,0,0,0,16,164
426,0,0,0,0,0
4260,0,0,0,16,169
4261,0,0,0,16,169
4262,0,0,0,16,164
4263,0,0,0,16,169
4264,0,0,0,16,164
4265,0,0,0,16,164
4266,0,0,0,16,169
4267,0,0,0,16,169
4268,0,0,0,16,164
4269,0,0,0,5683,4477
427,0,0,79,172,545
4270,0,0,0,442,914
4271,0,0,0,16,38
4272,0,0,0,16,994
4273,0,0,0,16,994
4274,0,229,1543,5684,4478
4275,0,0,0,16,38
4276,0,0,0,16,38
4277,0,0,0,16,38
4278,0,0,0,16,38
4279,0,0,0,16,197
428,55,997,2797,673,7804
4280,0,0,0,2,1
4281,0,4,4,8,94
4282,0,0,1544,5685,4479
4283,0,0,0,2,1
4284,0,0,3,7,5
4285,0,0,0,1,2
4286,0,0,0,1,2
4287,0,0,0,179,4480
4288,0,1874,430,3589,1473
4289,0,0,0,1,2
429,0,0,0,0,0
4290,0,2,2,10,628
4291,0,5,5,5686,4481
4292,0,5,5,11,114
4293,0,5,5,11,12
4294,0,5,5,11,4482
4295,0,5,5,11,130
4296,0,5,5,11,273
4297,0,1,1,5,8
4298,0,0,0,2,1
4299,0,0,0,2,1
43,0,0,124,207,544
430,0,0,0,0,0
4300,0,0,0,6,4483
4301,0,0,0,6,7
4302,0,1,1,5,8
4303,0,5,5,11,130
4304,0,0,0,2,1
4305,0,5,5,11,4484
4306,1,1100,2985,1026,8305
4307,0,1101,2986,1027,8306
4308,0,0,0,1,2
4309,0,4,4,32,44
431,0,0,0,0,0
4310,0,0,0,5687,4485
4311,0,0,0,2,1
4312,0,0,0,2,1
4313,0,1,1,5,8
4314,0,1,431,3590,1474
4315,0,1,1,5,8
4316,0,1,1,3591,1475
4317,0,1,1,5,8
4318,0,1,1,5,8
4319,0,1,1,5,8
432,0,0,0,0,0
4320,0,0,0,6,7
4321,0,5,5,11,273
4322,0,5,5,11,4486
4323,0,5,5,11,273
4324,0,5,5,11,1476
4325,0,0,0,2,1
4326,0,5,5,11,273
4327,0,5,5,11,273
4328,0,5,5,11,4487
4329,0,0,0,6,4488
433,0,0,0,0,7805
4330,0,0,0,6,14
4331,0,0,0,6,17
4332,0,0,0,3,3
4333,0,1,1,4,6
4334,0,0,0,3,3
4335,0,0,0,3,4489
4336,0,0,0,3,3
4337,0,1,1,4,6
4338,0,0,0,3,3
4339,0,2,2,18,16
434,0,0,0,0,0
4340,0,3,6,1028,8307
4341,0,0,0,3,3
4342,0,0,0,3,3
4343,0,0,0,3,3
4344,0,3,8,1029,8308
4345,0,0,0,0,0
4346,0,0,432,3592,1477
4347,0,6,7,17,1478
4348,0,0,0,0,0
4349,0,0,0,0,0
435,0,0,0,0,0
4350,0,0,0,1030,8309
4351,0,0,0,3593,1479
4352,0,0,10,5688,4490
4353,0,9,15,5689,4491
4354,0,9,15,72,1480
4355,0,0,0,1031,8310
4356,0,2,2,5690,4492
4357,0,0,0,0,0
4358,0,1,1,5,604
4359,0,1,1,19,47
436,0,2,125,369,826
4360,0,4,4,8,40
4361,0,0,0,1,4
4362,0,0,0,1,4
4363,0,1,1,20,19
4364,0,0,0,1,4
4365,0,0,0,1,4
4366,0,0,0,1,4
4367,0,5,5,11,12
4368,0,5,5,11,863
4369,0,5,5,11,12
437,0,0,0,0,0
4370,0,1,1,5,8
4371,0,0,0,6,7
4372,0,0,0,6,295
4373,0,5,5,11,12
4374,0,1,1,5,8
4375,0,0,0,6,14
4376,0,1,1,5,8
4377,0,0,0,2,1
4378,0,0,0,6,17
4379,0,0,0,6,14
438,0,0,0,0,0
4380,0,0,0,2,1
4381,0,5,5,11,12
4382,0,0,0,6,17
4383,0,5,5,11,12
4384,0,1,1,5,1481
4385,0,0,0,6,7
4386,0,0,433,3594,1482
4387,0,0,0,0,0
4388,0,0,0,0,0
4389,0,0,0,0,0
439,0,0,0,0,0
4390,0,0,0,0,0
4391,0,0,0,0,0
4392,0,0,0,0,0
4393,0,0,1545,5691,4493
4394,0,0,0,1032,8311
4395,0,0,434,3595,1483
4396,0,0,0,3,3
4397,0,0,0,3,8312
4398,0,0,0,1033,8313
4399,0,0,0,2,4494
44,0,0,124,207,544
440,0,0,0,1,4
4400,0,3,6,5692,4495
4401,0,1,1,4,6
4402,0,1,1,4,6
4403,0,1,1,3596,1484
4404,0,1,1,4,6
4405,0,0,0,3,3
4406,0,0,0,3,3
4407,0,2,2,18,16
4408,0,1,2987,1034,8314
4409,0,0,435,3597,1485
441,0,0,0,2,1
4410,0,0,0,5693,4496
4411,0,3,6,3598,1486
4412,0,1,1,4,1487
4413,0,3,8,3599,1488
4414,0,0,0,3,3
4415,0,1,1,527,1489
4416,0,3,6,5694,4497
4417,0,3,2988,1035,8315
4418,0,0,0,3,1490
4419,0,1,1,3600,1491
442,0,1,1,5,546
4420,0,1,1,5695,4498
4421,0,1,1,5696,4499
4422,0,3,6,1036,8316
4423,0,3,6,3601,1492
4424,0,1,1,4,6
4425,0,1,1,4,8317
4426,0,3,6,5697,4500
4427,0,1,1,4,6
4428,0,2,2,18,16
4429,0,1875,436,3602,1493
443,0,0,0,9,23
4430,0,0,0,2,1
4431,0,230,1546,5698,4501
4432,0,0,0,1,2
4433,0,1,1,5,275
4434,0,0,3,7,5
4435,3,231,1547,5699,4502
4436,0,1876,437,3603,1494
4437,0,0,0,1,2
4438,0,0,0,2,1
4439,3,232,1548,5700,4503
444,0,0,3,7,5
4440,0,1102,2989,1037,8318
4441,0,0,0,1,2
4442,0,1,1,5,13
4443,0,0,0,1,4
4444,0,233,1549,5701,4504
4445,0,0,0,1,1495
4446,0,1103,2990,1038,8319
4447,0,0,0,3604,1496
4448,0,0,0,1,4
4449,0,1,1,5,13
445,0,0,0,2,1
4450,0,1,1,5,13
4451,0,1,1,15,25
4452,0,234,1550,5702,4505
4453,0,4,4,8,94
4454,0,0,0,2,1
4455,0,0,0,1,2
4456,0,0,0,1,2
4457,0,0,0,1,2
4458,0,0,3,7,5
4459,0,235,1551,5703,4506
446,0,0,0,2,1
4460,0,1877,438,3605,1497
4461,0,0,0,1,2
4462,0,1,1,15,25
4463,0,4,4,8,4507
4464,0,0,0,1,2
4465,0,0,0,1,2
4466,0,0,1552,5704,4508
4467,0,0,0,1,2
4468,0,0,0,1,4
4469,0,1,1,5,13
447,0,0,0,9,11
4470,0,0,3,7,5
4471,0,236,1553,5705,4509
4472,0,0,0,1,2
4473,0,0,0,1039,8320
4474,0,1,1,5,13
4475,0,1878,439,3606,1498
4476,0,0,0,1,2
4477,0,0,0,13,10
4478,0,0,0,0,0
4479,0,2,2,10,15
448,24,1788,276,3304,1062
4480,0,2,2,3607,1499
4481,0,2,2,10,15
4482,0,0,0,0,0
4483,0,2,2,10,15
4484,0,6,7,17,18
4485,0,0,0,0,0
4486,0,0,0,0,0
4487,0,0,0,0,0
4488,0,0,0,0,0
4489,0,1,1,4,1500
449,0,4,4,8,20
4490,0,0,0,3,3
4491,0,3,6,5706,4510
4492,0,2,2,18,16
4493,0,0,0,47,229
4494,0,0,0,3,3
4495,0,0,0,3,3
4496,0,0,0,3,3
4497,0,1,1,4,6
4498,0,1,1,4,6
4499,0,1,1,4,6
45,0,0,1380,5335,3979
450,24,69,277,3305,1063
4500,0,0,0,47,445
4501,0,0,0,47,229
4502,0,1,1,4,6
4503,0,0,0,47,229
4504,0,0,0,47,8321
4505,0,0,0,3,3
4506,0,0,0,47,445
4507,0,0,0,47,445
4508,0,0,0,47,657
4509,0,0,0,3,3
451,0,10,12,3306,1064
4510,0,0,0,3,3
4511,0,0,0,3,3
4512,0,0,0,47,229
4513,0,0,0,47,8322
4514,0,0,0,3,3
4515,0,0,0,3,455
4516,0,0,0,0,0
4517,0,0,0,0,0
4518,0,0,0,0,0
4519,0,0,0,0,0
452,0,0,0,674,7806
4520,0,0,0,0,0
4521,0,0,0,0,0
4522,0,2,2,10,87
4523,0,0,0,13,10
4524,0,0,0,0,0
4525,0,0,0,0,0
4526,0,2,2,18,16
4527,0,2,2,18,16
4528,0,0,0,2,1
4529,0,0,0,9,11
453,0,0,0,3,3
4530,0,1,1,1040,8323
4531,0,0,0,1,2
4532,0,0,0,1,4
4533,0,0,3,7,5
4534,0,0,0,1,4
4535,0,4,440,3608,1501
4536,0,0,0,1,2
4537,0,1,1,21,86
4538,0,1,1,20,19
4539,0,0,0,2,1
454,0,998,2798,675,7807
4540,0,1879,441,3609,1502
4541,0,0,0,2,1
4542,0,1,1,21,86
4543,0,1,1,5707,4511
4544,0,2,99,286,894
4545,0,0,3,7,5
4546,0,1880,442,3610,1503
4547,0,0,0,1,2
4548,0,4,4,8,8324
4549,0,1,1,21,86
455,0,0,0,0,0
4550,0,1,1,5,13
4551,0,1,1,21,86
4552,0,237,1554,5708,4512
4553,0,0,0,1,2
4554,0,2,99,286,4513
4555,0,0,0,2,1
4556,0,0,3,7,5
4557,0,4,2991,1041,8325
4558,0,0,0,1,4
4559,0,1104,2992,1042,8326
456,0,0,0,0,0
4560,0,0,0,1,2
4561,0,1,1,64,864
4562,0,1,1,20,19
4563,0,1,1,528,995
4564,0,1881,443,3611,1504
4565,0,0,0,1,2
4566,0,0,0,2,1
4567,0,1105,2993,1043,8327
4568,0,0,0,1,2
4569,0,0,3,7,5
457,0,0,0,5362,4022
4570,0,4,4,5709,4514
4571,0,238,1555,5710,4515
4572,0,1,2994,1044,8328
4573,0,0,0,9,23
4574,0,0,0,2,1
4575,0,1,1,21,86
4576,0,1106,2995,1045,8329
4577,0,1,1,5,13
4578,0,0,0,1,2
4579,0,1,1,528,995
458,0,135,1391,5363,4023
4580,0,239,1556,5711,4516
4581,0,0,0,1,2
4582,0,240,1557,5712,4517
4583,0,0,0,1,2
4584,0,0,0,1,2
4585,0,0,0,9,4518
4586,0,0,0,2,1
4587,0,0,0,1,4
4588,0,0,0,9,11
4589,0,0,444,3612,1505
459,0,0,278,3307,1065
4590,0,0,0,1,2
4591,0,0,0,2,1
4592,0,1,1,20,19
4593,0,1882,445,3613,1506
4594,0,0,0,1,2
4595,0,1,1,64,864
4596,0,0,0,2,1
4597,0,0,0,0,0
4598,0,0,0,0,0
4599,0,0,0,13,10
46,0,0,124,207,544
460,0,0,0,5364,4024
4600,0,0,0,0,0
4601,0,0,0,0,0
4602,0,0,0,0,0
4603,0,0,0,0,0
4604,0,0,0,0,0
4605,0,0,0,5713,4519
4606,0,0,0,0,4520
4607,0,0,0,0,0
4608,0,0,0,0,0
4609,0,0,0,0,0
461,0,0,0,0,0
4610,0,0,0,14,32
4611,0,0,0,14,4521
4612,0,0,0,0,0
4613,0,2,2,10,26
4614,151,1883,446,3614,1507
4615,0,1107,2996,1046,8330
4616,0,0,0,6,17
4617,0,0,0,6,7
4618,0,5,5,11,12
4619,0,0,0,6,14
462,0,0,0,14,209
4620,0,5,5,11,12
4621,0,1,1,5,8
4622,0,5,5,11,798
4623,0,5,5,1047,8331
4624,0,1,1,287,542
4625,0,0,0,2,1
4626,0,0,0,6,629
4627,0,1,1,5,8
4628,0,4,4,32,44
4629,0,1,1,598,8332
463,0,2,2,10,140
4630,0,1,1,3615,1508
4631,0,1108,2997,1048,8333
4632,0,0,0,1,2
4633,0,0,0,6,14
4634,0,5,5,11,130
4635,0,5,5,11,4522
4636,0,4,4,1049,8334
4637,0,0,0,2,1
4638,0,0,0,27,35
4639,0,0,0,2,1
464,0,0,0,0,0
4640,0,4,4,8,446
4641,0,0,0,2,1
4642,0,5,5,1050,8335
4643,0,0,0,27,35
4644,0,0,0,27,35
4645,0,0,2998,1051,8336
4646,0,0,0,6,7
4647,0,0,1558,5714,4523
4648,0,0,0,27,35
4649,0,1,1,5,8
465,0,0,0,0,0
4650,0,0,2999,1052,8337
4651,0,0,0,2,1
4652,0,5,5,5715,4524
4653,0,0,0,6,7
4654,0,0,0,2,1
4655,0,0,0,27,35
4656,0,0,0,27,35
4657,0,1,1,5,1509
4658,0,0,0,6,17
4659,0,0,0,6,7
466,0,0,0,676,7808
4660,0,0,0,6,14
4661,0,0,0,27,35
4662,0,0,0,81,221
4663,0,0,0,6,835
4664,0,0,0,6,76
4665,0,0,0,6,189
4666,0,0,0,2,1
4667,0,0,0,163,274
4668,0,0,0,0,0
4669,0,6,7,17,18
467,0,0,1392,5365,4025
4670,0,0,0,0,0
4671,0,0,447,3616,1510
4672,0,0,0,3617,1511
4673,0,0,0,3,3
4674,0,0,0,3,3
4675,0,0,0,3,3
4676,0,0,0,3,3
4677,0,0,0,3,3
4678,0,0,0,3,3
4679,0,0,0,3,3
468,0,0,0,0,1066
4680,0,0,0,3,3
4681,0,1,1,1053,8338
4682,0,0,0,3,3
4683,0,0,0,3,3
4684,0,2,2,18,16
4685,0,1,448,3618,1512
4686,0,0,0,3,3
4687,0,0,0,3,4525
4688,0,0,0,3,4526
4689,0,0,0,3,3
469,0,0,279,3308,1067
4690,0,1,1,4,4527
4691,0,1,1,4,1513
4692,0,1,1,5716,4528
4693,0,3,6,124,1514
4694,0,3,6,3619,1515
4695,0,0,0,3,3
4696,0,0,0,5717,4529
4697,0,3,6,1054,8339
4698,0,1,1,3620,1516
4699,0,0,0,3,3
47,0,0,124,207,1025
470,0,0,2799,677,7809
4700,0,2,2,18,1517
4701,0,1,1,4,1518
4702,0,1,1,4,6
4703,0,3,6,1055,8340
4704,0,1,1,4,4530
4705,0,0,0,3,3
4706,0,0,0,3,4531
4707,0,1,1,4,6
4708,0,0,0,0,0
4709,0,0,0,0,0
471,0,0,0,5366,4026
4710,0,0,449,3621,1519
4711,0,90,3000,1056,8341
4712,0,0,0,529,739
4713,0,0,1559,5718,4532
4714,0,0,0,0,4533
4715,0,0,450,3622,1520
4716,0,0,451,3623,1521
4717,66,1109,3001,1057,8342
4718,67,1110,3002,1058,8343
4719,0,0,3003,1059,8344
472,0,1789,280,3309,1068
4720,0,1111,3004,1060,8345
4721,0,241,1560,5719,4534
4722,0,0,168,560,8346
4723,0,1,1,4,4535
4724,0,1,1,4,6
4725,0,0,0,0,0
4726,0,0,0,0,0
4727,0,0,0,0,0
4728,0,0,40,87,123
4729,0,0,1561,5720,4536
473,0,999,2800,678,7810
4730,0,0,0,3,3
4731,0,0,0,3,3
4732,0,0,0,5721,4537
4733,0,0,0,3,8347
4734,0,0,0,3,3
4735,0,0,452,3624,1522
4736,0,0,0,1061,8348
4737,0,0,0,3,3
4738,0,0,0,3,3
4739,0,0,0,2,1
474,0,0,0,0,7811
4740,0,0,0,6,629
4741,0,0,0,6,7
4742,0,4,4,32,44
4743,0,1,1,287,542
4744,0,1,1,3625,1523
4745,0,5,5,11,130
4746,0,5,5,11,12
4747,0,5,5,11,1524
4748,0,0,0,6,14
4749,0,5,5,107,1525
475,0,3,6,5367,4027
4750,0,2,18,128,4538
4751,0,2,18,128,220
4752,0,0,0,6,14
4753,0,0,0,71,116
4754,0,5,5,107,537
4755,0,0,0,2,1
4756,0,0,0,6,14
4757,0,0,0,71,116
4758,0,0,0,2,1
4759,0,1,1,5,8
476,0,0,0,0,1069
4760,0,0,0,6,7
4761,0,0,0,6,7
4762,0,0,0,6,7
4763,0,0,0,2,1
4764,0,0,0,2,1
4765,0,0,0,6,17
4766,0,0,0,6,14
4767,0,0,0,6,7
4768,0,0,26,195,638
4769,0,0,0,6,17
477,0,0,0,1,4
4770,0,0,0,1,2
4771,0,0,0,2,1
4772,0,5,5,11,12
4773,0,5,5,11,12
4774,0,1,1,5,8
4775,0,1,1,5,8
4776,0,0,0,6,7
4777,0,0,0,6,7
4778,0,0,0,6,7
4779,0,0,0,6,7
478,0,0,0,9,11
4780,0,0,0,2,1
4781,0,1,1,5,8
4782,0,0,0,2,1
4783,0,0,0,6,7
4784,0,1,1,5,8
4785,0,1,1,5,1526
4786,0,0,0,2,1
4787,0,1,1,5,13
4788,0,0,453,3626,1527
4789,0,0,0,1,2
479,0,0,0,0,0
4790,0,0,3,7,5
4791,0,0,0,1,117
4792,0,0,0,2,1
4793,0,0,0,2,1
4794,0,0,0,9,11
4795,0,1,1,335,586
4796,0,0,0,2,1
4797,0,0,3,7,5
4798,0,2,2,180,365
4799,0,0,3005,1062,8349
48,0,0,0,0,0
480,5,56,1393,5368,4028
4800,0,0,0,5722,4539
4801,0,0,0,3627,1528
4802,0,0,0,1063,8350
4803,0,0,0,0,0
4804,0,0,0,0,0
4805,0,0,0,5723,4540
4806,0,0,0,0,0
4807,0,2,2,10,8351
4808,0,0,0,0,0
4809,0,0,1562,5724,4541
481,5,1790,281,3310,1070
4810,0,0,0,0,0
4811,0,0,3,7,5
4812,12,30,197,5725,4542
4813,0,0,0,1,2
4814,0,0,3,7,5
4815,0,0,0,1,4
4816,0,4,4,5726,4543
4817,0,0,0,1,4
4818,0,0,0,1,4
4819,0,0,0,1,4
482,0,2,2,272,317
4820,0,1112,3006,1064,8352
4821,0,0,0,1,2
4822,0,1,1,5,13
4823,0,0,0,1,4
4824,0,0,0,1,4
4825,0,1113,3007,1065,8353
4826,0,0,0,1,2
4827,0,0,0,2,1
4828,0,1114,3008,1066,8354
4829,0,0,0,1,2
483,0,0,0,22,258
4830,1,1115,3009,1067,8355
4831,0,242,1563,5727,4544
4832,0,0,0,1,2
4833,0,0,0,9,11
4834,0,0,0,1,2
4835,0,0,0,2,1
4836,0,0,0,1,2
4837,0,243,1564,5728,4545
4838,0,0,0,1,2
4839,0,0,0,2,1
484,0,0,101,211,318
4840,0,244,1565,5729,4546
4841,0,0,0,1,2
4842,0,1116,3010,1068,8356
4843,0,1,1,19,8357
4844,0,0,0,2,1
4845,0,0,0,58,4547
4846,68,1117,3011,1069,8358
4847,0,1884,454,3628,1529
4848,0,1885,455,3629,1530
4849,0,1,209,530,758
485,0,0,10,265,319
4850,0,2,456,3630,1531
4851,0,0,0,468,630
4852,69,1118,3012,1070,8359
4853,0,1,457,3631,1532
4854,0,0,0,599,8360
4855,0,245,1566,5730,4548
4856,0,1,1,1071,8361
4857,0,5,5,11,12
4858,0,1,1,5,8
4859,0,1,1,3632,1533
486,0,9,102,208,433
4860,0,0,0,1072,8362
4861,0,1,1,5,8
4862,0,0,0,6,7
4863,0,0,0,5731,4549
4864,0,1,1,5,8
4865,0,4,4,3633,1534
4866,0,10,12,1073,8363
4867,0,0,458,3634,1535
4868,0,1,1,5,267
4869,0,1,1,20,19
487,0,2,2,142,1071
4870,0,0,0,2,1
4871,0,0,3,7,5
4872,0,0,3,7,8364
4873,0,0,0,1,1536
4874,0,0,0,2,1
4875,0,0,0,1,2
4876,0,1,1,21,60
4877,0,1,80,5732,4550
4878,0,4,4,8,20
4879,0,0,0,2,1
488,0,0,0,0,0
4880,0,0,0,2,1
4881,0,1,1,5,13
4882,3,246,1567,5733,4551
4883,0,1119,3013,1074,8365
4884,0,0,0,1,8366
4885,0,0,0,5734,4552
4886,0,247,1568,5735,4553
4887,0,0,0,1075,8367
4888,0,1120,3014,1076,8368
4889,0,0,0,1,2
489,0,0,0,0,0
4890,0,0,0,2,1
4891,0,0,0,2,1
4892,3,248,1569,5736,4554
4893,0,0,0,1,2
4894,0,1,1,21,57
4895,0,1,1,21,57
4896,0,0,0,1,8369
4897,0,4,4,8,20
4898,4,119,1570,5737,4555
4899,0,249,1571,5738,4556
49,0,0,0,13,10
490,0,0,0,0,0
4900,0,0,0,1077,8370
4901,0,0,0,1,2
4902,0,0,0,5739,4557
4903,0,0,0,1,2
4904,0,1886,459,3635,1537
4905,0,0,0,2,1
4906,0,0,0,0,8371
4907,0,0,0,0,0
4908,0,0,0,0,0
4909,0,0,0,0,0
491,0,0,0,0,0
4910,0,0,0,0,0
4911,0,0,0,0,0
4912,0,0,0,0,101
4913,0,0,0,0,0
4914,0,0,0,0,0
4915,0,0,0,0,0
4916,0,0,0,0,0
4917,0,0,0,0,0
4918,0,0,0,14,22
4919,0,0,0,0,0
492,0,0,0,0,4029
4920,0,0,0,0,0
4921,0,0,460,3636,1538
4922,0,0,461,3637,1539
4923,0,0,3015,1078,8372
4924,0,0,0,0,0
4925,0,2,2,3638,1540
4926,0,0,0,0,0
4927,0,0,1572,5740,4558
4928,0,0,0,0,0
4929,0,2,2,10,8373
493,0,0,0,0,0
4930,0,0,0,0,0
4931,0,0,0,0,0
4932,0,0,0,13,10
4933,0,0,0,0,0
4934,0,0,0,0,0
4935,0,0,0,0,0
4936,0,0,0,0,0
4937,0,0,0,396,4559
4938,0,0,0,14,8374
4939,0,0,0,0,0
494,0,2,2,10,7812
4940,0,0,0,0,0
4941,0,0,0,0,0
4942,0,0,0,1079,8375
4943,0,0,0,3639,1541
4944,0,0,0,0,0
4945,0,0,0,0,0
4946,0,0,0,0,8376
4947,0,0,0,0,0
4948,0,0,0,0,0
4949,0,0,0,3640,1542
495,0,0,0,0,0
4950,0,250,1573,5741,4560
4951,0,0,0,5742,4561
4952,229,251,1574,5743,4562
4953,0,0,0,0,0
4954,0,0,0,0,4563
4955,0,0,0,0,0
4956,230,252,1575,5744,4564
4957,0,0,0,396,1543
4958,0,0,0,0,8377
4959,0,253,1576,5745,4565
496,0,6,7,17,18
4960,0,0,0,0,0
4961,0,0,0,0,0
4962,0,0,0,5746,4566
4963,0,2,2,10,8378
4964,0,0,0,0,0
4965,0,0,0,0,0
4966,0,0,0,0,0
4967,0,0,0,0,1544
4968,0,0,0,3641,1545
4969,0,0,0,5747,4567
497,0,0,0,0,0
4970,0,0,0,0,0
4971,0,0,0,397,653
4972,0,0,0,0,0
4973,0,0,0,0,112
4974,0,0,44,178,8379
4975,0,0,0,288,447
4976,0,0,0,96,152
4977,0,0,1577,5748,4568
4978,0,0,0,288,447
4979,0,0,0,0,0
498,0,0,0,0,0
4980,0,0,0,0,0
4981,0,0,0,0,0
4982,0,0,0,96,4569
4983,0,0,0,5749,4570
4984,0,0,3016,1080,8380
4985,0,0,0,0,112
4986,0,0,0,0,112
4987,231,254,1578,5750,4571
4988,0,0,0,0,112
4989,0,0,0,1081,8381
499,0,0,0,0,0
4990,0,0,0,0,4572
4991,0,0,0,0,0
4992,0,2,2,398,4573
4993,0,0,0,0,0
4994,0,255,1579,5751,4574
4995,0,0,0,5752,4575
4996,0,1,1,19,570
4997,0,0,0,2,1
4998,0,0,0,6,7
4999,0,0,0,1,379
5,0,0,0,1,2
50,0,0,0,14,32
500,0,0,0,0,0
5000,0,0,0,9,23
5001,0,0,0,2,1
5002,0,1,1,5,434
5003,0,0,0,2,1
5004,0,1,1,19,47
5005,0,4,4,8,40
5006,0,0,0,1,4
5007,0,0,0,1,4
5008,0,1,1,20,4576
5009,0,0,0,1,4
501,0,0,0,0,0
5010,0,1,1,5,29
5011,0,1,1,5,8382
5012,0,0,3,7,5
5013,4,11,24,45,65
5014,0,1121,3017,1082,8383
5015,0,0,0,1,4
5016,0,0,0,9,23
5017,0,0,1580,5753,4577
5018,0,0,3,7,5
5019,0,1,1,20,19
502,0,0,0,0,0
5020,0,1,1,20,19
5021,0,1,1,20,192
5022,0,0,0,1,2
5023,0,0,0,1,2
5024,0,0,0,1,4
5025,0,0,0,2,1
5026,1,1122,3018,1083,8384
5027,0,41,1581,5754,4578
5028,0,0,0,1,4
5029,0,0,0,2,1
503,0,0,0,0,7813
5030,0,0,0,2,1
5031,0,0,0,1,4
5032,0,1,1,19,4579
5033,0,1,1,19,612
5034,0,0,0,1,4
5035,1,1887,462,3642,1546
5036,0,0,3,7,5
5037,0,256,1582,5755,4580
5038,0,0,0,1,174
5039,0,0,0,1,1547
504,0,0,0,0,0
5040,0,0,0,6,7
5041,0,0,0,1,4
5042,0,4,4,8,20
5043,0,0,0,2,1
5044,0,0,0,9,23
5045,0,0,0,1,2
5046,0,0,0,1,2
5047,0,0,0,2,1548
5048,0,1123,3019,1084,8385
5049,0,0,0,1,2
505,0,2,2,10,15
5050,0,0,0,1,2
5051,0,0,0,1,2
5052,0,1,1,5,275
5053,0,0,0,1,2
5054,0,0,0,1,2
5055,0,0,0,1,2
5056,0,1124,3020,1085,8386
5057,0,0,0,1,4
5058,0,46,103,289,557
5059,0,46,103,289,557
506,0,0,0,0,0
5060,0,1,1,15,25
5061,0,46,103,1086,8387
5062,0,46,103,289,557
5063,0,1,1,5,13
5064,0,0,0,1,2
5065,0,2,2,118,4581
5066,0,0,41,68,124
5067,0,0,0,2,1
5068,0,0,46,278,1549
5069,0,0,11,28,1550
507,0,2,2,3311,1072
5070,0,0,11,28,154
5071,0,0,11,5756,4582
5072,0,0,41,68,124
5073,0,0,41,68,124
5074,0,0,11,28,8388
5075,0,0,0,12,9
5076,0,0,11,28,154
5077,0,0,463,3643,1551
5078,0,0,0,1087,8389
5079,0,0,0,1,8390
508,0,0,0,0,0
5080,0,1,1,15,25
5081,0,1,1,5,13
5082,0,0,0,1,4
5083,0,0,0,2,1
5084,0,0,0,1,4
5085,0,0,464,3644,1552
5086,0,4,4,1088,8391
5087,0,0,0,1,4
5088,0,0,0,9,11
5089,0,1,1,20,19
509,0,0,0,2,1
5090,0,0,1583,5757,4583
5091,0,0,3,7,5
5092,0,0,0,1,2
5093,0,1,1,5,4584
5094,0,1,1,5,4585
5095,0,0,0,1,4586
5096,0,0,0,2,1
5097,0,0,0,13,10
5098,0,0,0,13,10
5099,0,0,0,13,10
51,0,0,9,363,3980
510,0,1,1,5,29
5100,0,0,0,0,0
5101,0,0,0,0,0
5102,0,0,0,13,10
5103,0,0,27,131,631
5104,0,0,0,0,0
5105,0,0,0,0,0
5106,0,0,0,0,0
5107,0,0,0,0,0
5108,0,0,0,0,0
5109,0,0,0,0,0
511,0,0,0,1,4
5110,0,2,2,10,15
5111,0,2,2,10,15
5112,0,0,0,0,0
5113,0,6,7,17,8392
5114,0,0,0,0,0
5115,0,0,0,0,0
5116,0,0,0,0,0
5117,0,0,0,0,0
5118,0,0,0,0,0
5119,0,0,0,0,0
512,0,0,0,1,1073
5120,0,0,0,0,0
5121,0,2,2,3645,1553
5122,0,2,2,10,15
5123,0,0,0,0,0
5124,0,0,0,0,0
5125,0,0,0,0,558
5126,0,0,0,0,0
5127,0,0,0,0,558
5128,0,0,0,0,558
5129,0,0,0,5758,4587
513,0,0,0,2,1
5130,0,0,0,0,0
5131,0,0,0,0,0
5132,0,0,0,0,0
5133,0,0,0,0,0
5134,0,0,27,131,631
5135,0,2,2,10,15
5136,0,6,7,17,18
5137,0,0,0,0,0
5138,0,0,0,0,0
5139,0,0,0,0,0
514,0,0,3,7,5
5140,0,6,7,17,18
5141,0,1888,465,3646,1554
5142,0,1889,466,3647,1555
5143,0,0,0,0,0
5144,0,0,0,0,0
5145,0,0,0,0,0
5146,0,0,0,0,0
5147,0,0,0,0,0
5148,0,0,0,0,0
5149,0,257,1584,5759,4588
515,0,1,1,5,29
5150,0,0,0,0,0
5151,2,1890,467,3648,1556
5152,0,0,0,0,0
5153,0,0,0,0,0
5154,0,2,2,10,15
5155,0,0,0,0,0
5156,0,2,2,10,15
5157,0,0,0,0,0
5158,0,3,6,1089,8393
5159,0,1,1,24,8394
516,9,19,39,88,158
5160,0,1,1,24,4589
5161,0,1,1,4,6
5162,0,1,1,4,6
5163,0,1,1,4,6
5164,0,1,1,4,51
5165,0,1,1,5760,4590
5166,0,1,1,24,4591
5167,0,1,1,5761,4592
5168,0,1,1,5762,4593
5169,0,3,6,5763,4594
517,0,1,1,5,29
5170,0,3,6,5764,4595
5171,0,0,0,29,31
5172,0,0,0,1,4
5173,0,0,0,1,2
5174,0,1125,3021,1090,8395
5175,0,0,0,1,2
5176,0,0,0,2,1
5177,0,258,1585,5765,4596
5178,0,0,0,1,2
5179,0,0,0,1,2
518,0,0,0,1,4
5180,0,0,0,1,2
5181,0,0,3,7,5
5182,0,0,0,1,2
5183,0,0,0,1,2
5184,0,1,1,5,13
5185,0,0,0,1,4
5186,27,259,1586,5766,4597
5187,0,0,0,1,4
5188,0,1,1,21,57
5189,0,0,0,2,1
519,0,0,3,7,5
5190,0,0,0,1,2
5191,0,0,0,1,2
5192,0,0,0,1,4
5193,0,1126,3022,1091,8396
5194,0,1127,3023,1092,8397
5195,0,0,0,1,2
5196,0,1,1,64,4598
5197,0,1,1,21,86
5198,27,1891,468,3649,1557
5199,0,0,0,9,11
52,0,0,0,0,0
520,0,0,0,1,2
5200,0,260,1587,5767,4599
5201,0,0,0,1,2
5202,0,0,0,1,4
5203,0,0,0,1,2
5204,0,4,4,8,8398
5205,0,0,0,1,2
5206,0,0,0,2,1
5207,0,0,0,1,2
5208,0,0,3,7,5
5209,0,1,1,5,13
521,0,0,0,1,4
5210,0,0,3,7,5
5211,0,2,99,399,4600
5212,0,0,3,7,5
5213,0,0,0,1,2
5214,0,1,1,20,19
5215,0,0,0,1,2
5216,0,1,1,5,13
5217,0,4,4,5768,4601
5218,0,1,1,15,25
5219,0,0,0,1,4
522,0,4,4,8,20
5220,0,0,3,7,5
5221,0,2,99,399,4602
5222,0,1,1,20,19
5223,0,0,0,1,2
5224,0,1,1,20,632
5225,0,0,0,2,1
5226,0,0,3,7,5
5227,0,0,1588,5769,4603
5228,0,0,0,1,2
5229,0,0,0,2,1
523,3,136,1394,5369,4030
5230,0,1,1,20,19
5231,0,1,1,1093,8399
5232,0,0,0,2,1
5233,0,4,4,8,20
5234,0,4,4,1094,8400
5235,0,1,1,5,13
5236,0,0,0,9,11
5237,0,1,1,266,1558
5238,0,1,1,21,8401
5239,4,119,1589,5770,4604
524,0,137,1395,5370,4031
5240,0,0,0,1,4
5241,0,0,0,1,2
5242,0,0,469,3650,1559
5243,0,0,0,5771,4605
5244,0,0,0,1,4
5245,0,1892,470,3651,1560
5246,0,0,0,1,2
5247,0,0,0,1,4
5248,0,0,0,1,4
5249,0,0,0,2,1
525,0,0,0,1,2
5250,0,0,0,1,2
5251,0,0,0,2,1
5252,0,0,0,0,0
5253,0,0,0,2,1
5254,0,1,471,3652,1561
5255,0,0,0,3,3
5256,0,0,0,0,0
5257,0,0,0,0,0
5258,0,1,1,97,4606
5259,0,3,6,5772,4607
526,0,1,1,5,29
5260,0,1,1,24,55
5261,0,1,1,3653,1562
5262,0,2,2,18,16
5263,0,1,1,4,587
5264,0,1,1,4,8402
5265,0,1,1,33,1563
5266,0,1,1,4,4608
5267,0,1,1,4,405
5268,0,1,1,4,6
5269,0,1,3024,1095,8403
527,0,0,0,1,2
5270,0,1,1,24,243
5271,0,3,6,5773,4609
5272,0,0,0,0,0
5273,0,2,3025,1096,8404
5274,70,1128,3026,1097,8405
5275,0,0,1590,5774,4610
5276,0,0,0,1,4
5277,0,0,0,3654,1564
5278,0,0,3,7,5
5279,1,261,1591,5775,4611
528,0,1,1,31,827
5280,0,0,0,6,7
5281,0,0,0,1,2
5282,0,0,0,1,4
5283,0,0,0,2,1
5284,0,0,0,2,1
5285,0,0,0,1,4
5286,0,1893,472,3655,1565
5287,0,0,0,1,2
5288,0,0,0,1,2
5289,0,1,1,19,47
529,0,0,0,2,591
5290,0,1894,473,3656,1566
5291,0,0,0,1,2
5292,0,0,3,7,5
5293,0,0,0,1,4
5294,0,0,0,2,1
5295,0,4,4,8,20
5296,0,1,1,46,4612
5297,0,1,1,46,230
5298,0,2,2,10,15
5299,0,0,0,0,0
53,0,0,0,0,0
530,0,4,4,8,20
5300,0,7,13,3657,1567
5301,0,2,2,50,78
5302,0,0,0,1,2
5303,0,0,0,1,2
5304,0,1895,474,3658,1568
5305,0,0,0,1,2
5306,0,0,0,2,1
5307,0,0,0,2,1
5308,0,1,1,15,30
5309,0,0,0,2,1
531,0,0,0,12,9
5310,0,0,3,7,5
5311,0,0,3,7,5
5312,71,1129,3027,1098,8406
5313,0,0,0,3659,1569
5314,0,0,0,0,0
5315,0,0,0,5776,4613
5316,0,0,0,0,0
5317,0,0,0,0,0
5318,0,0,0,0,0
5319,0,0,0,0,1570
532,0,0,0,1,4
5320,0,0,3028,1099,8407
5321,0,0,3029,1100,8408
5322,0,0,0,0,448
5323,0,1896,475,3660,1571
5324,0,0,0,0,0
5325,0,0,0,0,149
5326,0,0,1592,5777,4614
5327,72,1130,3030,1101,8409
5328,0,0,0,0,0
5329,0,0,0,541,633
533,0,0,0,2,7814
5330,0,0,0,0,448
5331,0,0,0,0,669
5332,0,0,0,3661,1572
5333,0,0,169,600,8410
5334,0,0,0,0,996
5335,0,0,0,3662,1573
5336,0,0,476,3663,1574
5337,0,0,0,540,634
5338,0,0,0,0,0
5339,0,0,0,0,0
534,0,1000,2801,679,7815
5340,0,0,0,0,150
5341,0,0,0,531,997
5342,0,0,0,0,122
5343,0,0,0,601,8411
5344,31,1897,477,3664,1575
5345,0,0,0,3665,1576
5346,0,0,0,1102,8412
5347,0,0,0,0,153
5348,0,2,2,10,4615
5349,0,0,0,0,0
535,0,0,0,1,2
5350,0,0,0,0,149
5351,0,0,0,1,4
5352,0,0,0,2,1
5353,0,0,0,1,4
5354,0,0,0,2,1
5355,0,0,0,2,1
5356,0,4,4,8,4616
5357,0,0,0,5778,4617
5358,0,0,0,0,0
5359,0,0,0,0,0
536,0,0,3,7,5
5360,0,0,3,7,5
5361,0,0,0,2,1
5362,0,1898,478,3666,1577
5363,0,4,4,8,4618
5364,0,0,0,1,2
5365,0,0,0,2,1
5366,0,0,0,9,23
5367,0,262,1593,5779,4619
5368,0,0,0,1,2
5369,0,0,0,9,11
537,0,0,0,2,1
5370,0,0,0,1,2
5371,0,1899,479,3667,1578
5372,0,0,0,1,2
5373,0,0,0,9,11
5374,3,1131,3031,1103,8413
5375,3,263,1594,5780,4620
5376,0,1132,3032,1104,8414
5377,0,0,0,1,2
5378,0,0,0,2,1
5379,1,1133,3033,1105,8415
538,0,0,0,2,1
5380,0,0,0,1,2
5381,0,1,1,3668,1579
5382,0,4,4,3669,1580
5383,232,264,1595,5781,4621
5384,0,0,0,532,635
5385,0,0,0,532,635
5386,0,1,1,175,401
5387,0,0,0,2,1
5388,0,0,0,9,11
5389,0,0,0,1,8416
539,0,0,0,2,1
5390,0,1,1,218,4622
5391,0,4,4,8,4623
5392,0,0,0,9,11
5393,0,0,0,2,1
5394,0,0,0,9,11
5395,0,0,0,2,1
5396,0,1,1,5782,4624
5397,0,0,0,3,1581
5398,0,1,1,4,8417
5399,0,0,0,3,3
54,0,0,0,0,0
540,0,0,3,7,5
5400,0,0,0,3,3
5401,0,0,10,66,4625
5402,0,0,0,22,104
5403,0,0,0,5783,4626
5404,0,0,0,1106,8418
5405,0,0,0,1107,8419
5406,0,0,0,22,71
5407,0,2,2,5784,4627
5408,0,2,2,25,1582
5409,0,0,0,3670,1583
541,0,0,0,5371,4032
5410,0,0,480,3671,1584
5411,0,0,0,0,83
5412,0,0,0,3672,1585
5413,0,2,2,25,1586
5414,0,0,3034,1108,8420
5415,0,0,0,16,24
5416,0,9,15,72,4628
5417,0,0,1596,5785,4629
5418,0,0,0,22,104
5419,0,0,1597,5786,4630
542,0,0,3,7,5
5420,0,0,0,1109,8421
5421,0,0,0,5787,4631
5422,0,2,2,1110,8422
5423,0,0,0,16,24
5424,0,0,0,5788,4632
5425,0,0,1598,5789,4633
5426,0,0,0,22,71
5427,0,0,1599,5790,4634
5428,0,0,0,0,8423
5429,0,2,2,180,365
543,0,0,0,130,320
5430,0,0,0,0,0
5431,0,0,0,0,0
5432,0,0,0,0,449
5433,0,0,0,5791,4635
5434,0,0,1600,5792,4636
5435,0,2,2,10,15
5436,0,6,7,17,18
5437,0,0,0,0,0
5438,0,0,0,0,0
5439,0,0,0,0,4637
544,0,0,0,2,591
5440,0,0,0,0,1587
5441,233,265,1601,5793,4638
5442,0,0,0,0,0
5443,0,0,0,0,0
5444,0,0,0,0,4639
5445,2,266,1602,5794,4640
5446,0,0,0,0,0
5447,2,120,1603,5795,4641
5448,0,0,0,0,0
5449,0,0,0,0,0
545,0,1,1,19,596
5450,0,2,2,10,15
5451,0,6,7,17,18
5452,0,0,0,0,0
5453,2,1134,3035,1111,8424
5454,0,0,0,0,0
5455,0,0,0,0,0
5456,0,0,0,0,0
5457,0,1,1,4,8425
5458,0,0,3036,1112,8426
5459,0,6,7,17,18
546,0,0,0,2,1
5460,0,6,7,17,18
5461,0,0,0,1113,8427
5462,0,0,0,0,0
5463,0,0,0,0,0
5464,0,1900,481,3673,1588
5465,0,267,1604,5796,4642
5466,0,0,0,14,1589
5467,0,268,1605,5797,4643
5468,0,0,0,0,0
5469,0,0,482,3674,1590
547,0,0,0,1,4
5470,0,0,0,16,24
5471,0,0,483,3675,1591
5472,0,0,0,0,0
5473,0,0,0,0,0
5474,152,1901,484,3676,1592
5475,0,0,0,5798,4644
5476,0,0,0,13,10
5477,0,0,1606,5799,4645
5478,0,0,0,1114,8428
5479,0,0,0,0,0
548,0,0,0,1,4
5480,0,0,0,0,0
5481,0,0,0,0,0
5482,0,2,2,180,365
5483,0,0,0,0,0
5484,0,0,0,0,1593
5485,0,2,2,10,15
5486,0,2,2,10,15
5487,0,0,0,0,0
5488,0,0,0,0,0
5489,0,0,0,0,0
549,0,41,1396,5372,4033
5490,0,0,0,0,0
5491,0,0,0,0,0
5492,0,0,0,0,449
5493,0,0,0,0,449
5494,0,0,0,0,0
5495,0,1135,3037,1115,8429
5496,0,0,0,0,636
5497,0,1902,485,3677,1594
5498,0,0,0,0,636
5499,0,0,0,3678,1595
55,0,2,2,142,683
550,0,0,0,1,2
5500,0,0,0,0,0
5501,0,0,0,0,0
5502,0,0,0,0,0
5503,0,0,0,0,0
5504,0,0,0,0,0
5505,0,0,0,0,0
5506,0,0,0,0,0
5507,0,0,0,0,0
5508,0,0,0,0,1596
5509,0,0,0,1116,8430
551,0,0,2802,680,7816
5510,0,0,0,0,0
5511,0,0,0,0,0
5512,0,0,0,0,0
5513,0,0,0,0,0
5514,0,0,0,0,0
5515,0,0,0,0,0
5516,0,0,0,0,0
5517,0,0,0,0,0
5518,0,0,0,3679,1597
5519,0,0,133,290,450
552,0,0,0,0,1074
5520,0,2,2,10,15
5521,0,0,0,0,0
5522,0,0,133,290,450
5523,0,0,0,0,0
5524,0,0,0,0,0
5525,0,6,7,17,18
5526,0,0,0,0,0
5527,0,0,133,290,450
5528,0,0,0,0,0
5529,0,0,0,0,0
553,0,3,6,681,7817
5530,0,0,0,0,4646
5531,0,6,7,17,18
5532,0,1136,3038,1117,8431
5533,0,0,0,0,0
5534,0,0,0,0,0
5535,0,0,0,0,0
5536,0,0,0,0,0
5537,0,0,0,0,0
5538,0,0,0,0,0
5539,0,0,0,0,0
554,0,1,1,4,6
5540,0,2,2,10,15
5541,0,0,0,0,0
5542,0,0,0,0,0
5543,2,91,3039,1118,8432
5544,0,0,0,0,0
5545,0,0,0,0,0
5546,0,0,0,0,0
5547,0,0,0,1119,8433
5548,0,6,7,17,18
5549,0,0,0,0,0
555,0,1,1,4,6
5550,0,0,0,0,1598
5551,0,0,0,0,0
5552,0,6,7,17,18
5553,2,91,1607,5800,4647
5554,0,0,0,0,0
5555,0,0,0,0,0
5556,0,0,0,0,0
5557,0,0,0,0,0
5558,0,0,0,0,0
5559,0,0,0,0,0
556,0,2,2,18,16
5560,0,0,0,0,0
5561,0,0,0,0,0
5562,2,1137,3040,1120,8434
5563,2,269,1608,5801,4648
5564,0,0,0,0,0
5565,0,0,0,0,0
5566,0,0,0,0,1599
5567,0,6,7,17,18
5568,0,0,0,0,0
5569,0,0,0,0,1600
557,0,1,1,4,6
5570,0,0,3041,1121,8435
5571,0,0,0,0,0
5572,0,6,7,17,18
5573,0,0,0,0,0
5574,0,1,1,4,6
5575,0,0,0,3,3
5576,0,3,6,1122,8436
5577,0,0,0,0,0
5578,0,0,0,0,4649
5579,0,0,0,0,0
558,0,0,0,52,254
5580,0,0,0,0,0
5581,0,3,20,5802,4650
5582,0,0,0,0,0
5583,0,0,0,0,0
5584,0,0,0,2,39
5585,0,7,31,5803,4651
5586,0,7,3042,1123,8437
5587,0,7,13,3680,1601
5588,0,7,36,5804,4652
5589,0,7,1609,5805,4653
559,0,0,0,3,3
5590,0,0,0,1124,8438
5591,0,4,4,8,4654
5592,0,1138,3043,1125,8439
5593,0,0,0,1,2
5594,0,0,0,1,4
5595,0,0,0,1,4
5596,0,7,13,3681,1602
5597,0,6,7,36,52
5598,0,2,2,50,78
5599,0,0,0,0,0
56,0,0,0,0,7754
560,0,0,0,3,3
5600,0,0,0,0,0
5601,0,0,0,0,0
5602,0,0,0,0,0
5603,0,0,0,0,0
5604,0,0,0,0,8440
5605,0,0,0,1126,8441
5606,0,0,0,0,0
5607,0,0,9,602,8442
5608,0,0,0,0,0
5609,0,0,0,0,0
561,0,0,0,0,0
5610,0,0,0,0,0
5611,0,0,0,0,0
5612,0,0,0,0,4655
5613,0,0,0,0,0
5614,0,0,0,14,8443
5615,0,0,0,0,0
5616,0,0,0,0,0
5617,0,0,0,14,131
5618,0,0,0,14,131
5619,0,0,0,0,0
562,0,0,0,0,0
5620,0,7,257,3682,1603
5621,0,7,13,1127,8444
5622,0,7,36,1128,8445
5623,0,6,7,3683,1604
5624,0,0,0,1129,8446
5625,0,7,486,3684,1605
5626,0,0,0,0,0
5627,2,103,198,5806,4656
5628,0,0,0,0,0
5629,0,0,0,0,336
563,0,0,3,7,5
5630,234,270,1610,5807,4657
5631,0,0,0,0,0
5632,0,0,0,0,217
5633,0,6,7,85,370
5634,0,0,0,0,0
5635,0,0,0,0,0
5636,0,0,0,0,0
5637,0,1,1,4,6
5638,0,3,6,5808,4658
5639,0,0,0,3,3
564,0,0,0,2,1
5640,0,0,0,3,3
5641,0,1,1,4,1606
5642,0,1139,3044,1130,8447
5643,0,2,2,10,170
5644,0,0,0,16,4659
5645,0,0,0,603,637
5646,0,0,0,0,8448
5647,0,1140,3045,1131,8449
5648,0,0,0,0,0
5649,0,0,0,14,1607
565,0,1,1,5,13
5650,0,0,0,0,0
5651,0,0,0,3,3
5652,0,2,2,10,170
5653,0,2,2,3685,1608
5654,0,0,0,0,0
5655,0,0,0,0,8450
5656,0,0,0,5809,4660
5657,0,0,0,0,0
5658,73,1141,3046,1132,8451
5659,0,0,0,1133,8452
566,0,0,0,2,1
5660,0,0,1611,5810,4661
5661,0,1,1,5,8
5662,0,0,0,6,14
5663,0,0,0,6,17
5664,0,0,0,6,7
5665,0,0,0,2,1
5666,0,0,0,2,1
5667,0,5,5,11,4662
5668,0,5,5,11,12
5669,0,1,1,5,8
567,0,0,0,2,1
5670,0,0,0,6,7
5671,0,0,0,1,2
5672,0,0,0,1,8453
5673,0,0,0,1,2
5674,0,0,0,5811,4663
5675,0,0,0,2,1
5676,0,0,0,3686,1609
5677,0,0,0,0,0
5678,0,0,3047,1134,8454
5679,0,0,0,0,0
568,0,1,1,31,4034
5680,0,0,0,0,0
5681,0,6,1612,5812,4664
5682,0,2,3048,1135,8455
5683,0,0,0,0,0
5684,0,6,7,17,18
5685,0,2,2,5813,4665
5686,0,0,3049,1136,8456
5687,0,0,0,0,4666
5688,0,0,0,0,0
5689,0,0,0,0,1610
569,0,10,12,682,7818
5690,0,0,1613,5814,4667
5691,0,0,1614,5815,4668
5692,0,0,0,5816,4669
5693,0,0,3050,1137,8457
5694,0,2,2,1138,8458
5695,0,2,487,3687,1611
5696,0,6,7,17,18
5697,0,0,0,0,0
5698,0,0,0,0,0
5699,0,0,0,3688,1612
57,0,2,2,5336,3981
570,0,0,0,2,1
5700,0,0,3051,1139,8459
5701,0,0,0,0,0
5702,0,0,0,0,0
5703,0,0,0,0,0
5704,0,0,0,0,0
5705,28,271,1615,5817,4670
5706,0,0,0,1140,8460
5707,0,0,1616,5818,4671
5708,0,1903,488,3689,1613
5709,0,0,26,195,638
571,0,1,1,20,19
5710,0,1,1,5,8
5711,0,1,1,5,8
5712,0,0,0,6,7
5713,0,1,1,5,865
5714,0,1,1,5,8461
5715,0,0,0,2,1
5716,0,0,0,6,7
5717,0,4,4,3690,1614
5718,0,0,0,6,7
5719,0,0,0,6,17
572,0,1,1,20,7819
5720,0,0,0,6,17
5721,0,0,0,6,17
5722,0,0,0,6,17
5723,0,1,1,5,4672
5724,0,0,0,1,2
5725,0,0,0,6,7
5726,0,4,4,5819,4673
5727,0,0,0,6,17
5728,0,0,0,6,17
5729,0,0,0,6,17
573,9,19,39,88,1075
5730,0,0,0,6,7
5731,0,0,0,6,7
5732,0,0,0,6,7
5733,0,0,0,6,14
5734,0,0,0,1,2
5735,0,0,3052,1141,8462
5736,0,0,0,6,7
5737,0,0,0,1,2
5738,0,1,1,5,8
5739,0,1,1,5,4674
574,0,1,1,683,7820
5740,0,1142,3053,1142,8463
5741,0,0,0,1,2
5742,0,5,5,11,12
5743,0,5,5,5820,4675
5744,0,0,0,6,7
5745,0,5,5,11,4676
5746,0,5,5,11,12
5747,0,0,0,2,1
5748,0,0,0,6,14
5749,0,0,0,1,4677
575,0,0,3,7,5
5750,0,0,0,2,1
5751,0,272,1617,5821,4678
5752,0,0,0,1,2
5753,0,0,0,6,17
5754,0,1,1,5,8464
5755,0,0,0,6,7
5756,0,0,0,6,7
5757,0,273,1618,5822,4679
5758,0,0,0,1,2
5759,0,0,0,1143,8465
576,0,4,4,8,20
5760,0,0,0,71,116
5761,0,0,0,6,14
5762,0,0,0,2,1
5763,0,0,0,6,1615
5764,0,5,5,11,1616
5765,0,0,0,0,0
5766,0,0,0,0,0
5767,0,0,0,13,10
5768,0,1,1,4,6
5769,0,2,2,18,16
577,0,1,1,31,4035
5770,0,1,1,4,4680
5771,0,0,0,0,0
5772,0,0,0,9,11
5773,0,0,3054,1144,8466
5774,0,0,0,2,1
5775,0,0,0,2,1
5776,0,0,3,7,5
5777,0,4,4,8,8467
5778,0,0,3,7,5
5779,0,4,4,8,20
578,0,1,1,3312,1076
5780,0,0,0,9,11
5781,0,0,3,7,5
5782,0,0,0,2,1
5783,0,0,0,2,1
5784,0,1,1,5823,4681
5785,0,0,0,2,1
5786,0,1,1,5,13
5787,0,4,4,8,8468
5788,0,0,3,7,5
5789,0,1,1,445,1617
579,0,1,1,5,29
5790,0,1,1,19,4682
5791,0,1143,3055,1145,8469
5792,0,0,0,1,2
5793,0,0,0,2,1
5794,0,0,0,1,2
5795,0,1904,489,3691,1618
5796,0,0,0,1,2
5797,0,0,0,2,1
5798,0,0,0,1,2
5799,0,1144,3056,1146,8470
58,0,0,0,0,0
580,0,0,0,684,7821
5800,0,1905,490,3692,1619
5801,0,0,0,1,2
5802,0,1906,491,3693,1620
5803,0,0,0,3694,1621
5804,0,0,0,2,1
5805,0,1,1,15,25
5806,0,0,0,1,4
5807,0,0,0,1,4
5808,0,0,0,1,2
5809,0,0,0,1,4
581,0,0,0,2,1
5810,0,0,0,5824,4683
5811,0,0,0,0,0
5812,0,0,0,5825,4684
5813,0,0,0,0,0
5814,0,0,0,1147,8471
5815,0,0,0,0,0
5816,0,2,2,10,210
5817,0,0,492,3695,1622
5818,0,0,0,0,0
5819,0,0,0,5826,4685
582,9,19,39,88,7822
5820,0,274,1619,5827,4686
5821,0,0,0,0,0
5822,0,0,0,0,0
5823,0,0,0,1148,8472
5824,0,6,7,99,201
5825,0,0,0,0,0
5826,0,0,0,0,0
5827,0,0,0,1,2
5828,0,0,0,9,11
5829,0,0,0,2,1
583,1,1001,2803,685,7823
5830,0,1,1,5,13
5831,0,4,4,8,20
5832,0,1,49,89,207
5833,0,4,4,8,40
5834,0,0,0,1,2
5835,0,1,1,19,126
5836,0,0,0,2,1
5837,0,0,0,2,1
5838,0,2,18,78,171
5839,0,0,3,7,5
584,0,0,0,1,2
5840,0,0,3,7,5
5841,0,1,1,5,4687
5842,0,1145,3057,1149,8473
5843,0,0,0,1,4
5844,0,2,18,78,171
5845,0,0,0,2,1
5846,0,1,49,89,207
5847,0,4,4,8,40
5848,0,0,3,7,5
5849,1,1907,493,3696,1623
585,0,4,4,8,40
5850,0,0,0,1,2
5851,0,275,1620,5828,4688
5852,0,0,0,1,2
5853,0,0,3,7,5
5854,0,0,0,1,4
5855,0,0,3,7,5
5856,0,0,3,7,5
5857,0,0,0,1,2
5858,0,0,3,7,5
5859,0,4,4,8,40
586,0,1,1,20,19
5860,0,0,0,1,4
5861,0,2,18,78,171
5862,0,0,0,9,11
5863,0,4,4,8,4689
5864,0,1,1,19,126
5865,0,0,0,2,1
5866,0,0,0,9,11
5867,0,0,0,3697,1624
5868,0,0,0,1,4
5869,0,0,0,2,1
587,0,0,0,2,1
5870,0,276,1621,5829,4690
5871,0,0,0,1,2
5872,0,0,3,7,5
5873,0,15,23,1150,8474
5874,0,0,0,5830,4691
5875,0,15,23,5831,4692
5876,0,15,3058,1151,8475
5877,0,5,235,380,842
5878,0,0,0,6,14
5879,0,0,3,1152,8476
588,0,0,0,0,7824
5880,0,0,0,2,1
5881,0,5,494,3698,1625
5882,0,5,5,1153,8477
5883,0,5,5,5832,4693
5884,0,0,0,2,1
5885,0,5,5,3699,1626
5886,0,0,0,6,14
5887,0,5,5,11,8478
5888,0,0,0,2,1
5889,0,0,0,2,1
589,0,86,160,686,7825
5890,0,1908,495,3700,1627
5891,0,0,0,1,2
5892,0,0,0,2,4694
5893,0,0,0,1,1628
5894,0,0,0,2,1
5895,0,0,0,5833,4695
5896,0,277,1622,5834,4696
5897,0,0,0,1,174
5898,1,278,1623,5835,4697
5899,0,1146,3059,1154,8479
59,0,18,59,639,7755
590,0,0,0,0,425
5900,0,0,9,3701,1629
5901,0,0,0,0,0
5902,0,0,0,0,0
5903,0,0,0,0,0
5904,0,0,0,0,0
5905,0,0,0,0,0
5906,0,0,0,0,0
5907,0,0,0,0,0
5908,0,0,0,0,0
5909,0,0,0,0,0
591,142,1791,282,3313,1077
5910,0,0,0,0,0
5911,0,2,2,25,53
5912,0,0,0,5836,4698
5913,0,0,0,0,0
5914,0,0,27,131,276
5915,0,0,0,3,3
5916,0,0,0,3,3
5917,0,0,0,3,3
5918,0,2,2,152,896
5919,0,0,1624,5837,4699
592,0,0,1397,5373,4036
5920,0,0,0,14,8480
5921,0,0,0,0,98
5922,0,0,0,0,98
5923,0,0,0,0,0
5924,0,0,0,0,0
5925,0,0,0,0,0
5926,0,2,2,10,4700
5927,0,0,0,3702,1630
5928,0,2,2,604,639
5929,0,3,3060,1155,8481
593,0,0,3,7,5
5930,0,0,0,3,866
5931,15,1909,496,3703,1631
5932,0,3,154,5838,4701
5933,0,1,1625,5839,4702
5934,0,3,6,1156,8482
5935,0,1,1,97,4703
5936,0,1,1,159,8483
5937,0,1,1,24,55
5938,0,0,0,3,41
5939,0,1,1,24,4704
594,0,0,0,1,2
5940,0,1,1,97,8484
5941,0,1,1,24,8485
5942,0,1,1,24,530
5943,0,0,0,3,67
5944,0,1,1,1157,8486
5945,0,2,2,18,16
5946,0,1,1,4,96
5947,0,1,1,4,4705
5948,0,2,2,18,16
5949,0,1,1,5840,4706
595,0,1,1,15,25
5950,0,1,1,4,405
5951,0,1,1,4,51
5952,0,1,1,498,1632
5953,0,1,1,24,1633
5954,0,3,6,26,4707
5955,0,1,1,4,6
5956,0,1,1,3704,1634
5957,0,0,0,3,3
5958,0,0,0,3,8487
5959,0,0,0,47,229
596,0,0,0,1,2
5960,0,0,0,3,3
5961,0,0,0,3,3
5962,0,0,0,47,229
5963,0,0,0,3,3
5964,0,0,0,47,867
5965,0,0,0,47,4708
5966,0,0,0,47,1635
5967,0,0,0,3,3
5968,0,1910,497,3705,1636
5969,0,3,6,1158,8488
597,0,138,1398,5374,4037
5970,0,3,1626,5841,4709
5971,0,1,1,4,6
5972,0,1,3061,1159,8489
5973,0,1,1,4,6
5974,0,1,1,3706,1637
5975,0,1,1,4,4710
5976,0,1,1,4,6
5977,0,1,1,4,6
5978,0,1,1,4,8490
5979,0,1,1,4,8491
598,0,0,0,1,2
5980,0,1,1,4,4711
5981,0,1,1,4,6
5982,0,1,1,4,6
5983,0,6,7,3707,1638
5984,0,7,13,51,1639
5985,0,7,13,51,8492
5986,0,6,7,36,52
5987,0,2,2,50,78
5988,0,6,7,36,52
5989,0,2,2,50,78
599,0,0,0,1,4
5990,0,0,3062,1160,8493
5991,0,0,0,3,3
5992,0,0,0,5842,4712
5993,0,0,0,3,8494
5994,0,1,1,4,1640
5995,0,0,0,3,3
5996,0,0,0,3,3
5997,0,0,0,3,3
5998,0,0,0,3,3
5999,0,0,0,3,3
6,0,0,0,1,2
60,0,18,97,328,539
600,0,1792,283,3314,1078
6000,0,0,0,2,1
6001,0,1,1,5,13
6002,0,279,1627,5843,4713
6003,0,0,0,1,2
6004,10,27,51,119,191
6005,0,0,0,1,132
6006,10,27,51,119,191
6007,0,0,0,1,132
6008,0,1,1,5,1641
6009,0,0,0,1,8495
601,0,0,0,1,2
6010,0,0,0,2,1
6011,0,1,1,19,46
6012,0,4,4,189,8496
6013,0,1,1,5844,4714
6014,0,4,4,5845,4715
6015,0,1,1,5,13
6016,0,0,0,1,4
6017,0,0,3,7,5
6018,0,0,0,1,2
6019,0,1,1,84,647
602,0,139,1399,5375,4038
6020,0,0,3,7,5
6021,0,0,0,1,2
6022,0,0,3063,1161,8497
6023,0,0,0,1,2
6024,0,0,3,7,5
6025,0,0,0,9,11
6026,0,0,0,1,4
6027,4,11,43,291,4716
6028,0,280,1628,5846,4717
6029,0,0,0,1,4
603,0,0,0,1,1079
6030,0,1,1,5,13
6031,0,0,0,1,2
6032,0,0,0,1,4
6033,0,0,0,2,1
6034,3,1147,3064,1162,8498
6035,3,1911,498,3708,1642
6036,153,1912,499,3709,1643
6037,0,0,0,1,2
6038,0,0,0,1,4
6039,0,0,0,9,11
604,0,29,82,223,426
6040,0,1,1,19,231
6041,0,0,0,1,4
6042,0,4,4,8,20
6043,0,1,1,5,13
6044,0,0,0,1,4
6045,0,1148,3065,1163,8499
6046,0,0,0,3710,1644
6047,0,0,0,1,4
6048,0,0,3,7,5
6049,0,0,0,9,11
605,0,0,0,2,1
6050,0,0,0,2,1
6051,0,0,0,1,4
6052,0,1913,500,3711,1645
6053,0,4,4,5847,4718
6054,0,1,1,19,46
6055,0,0,0,1,4
6056,0,0,0,2,1
6057,0,0,0,1,4
6058,0,0,0,2,4719
6059,0,281,1629,5848,4720
606,0,0,0,9,11
6060,0,0,0,1,2
6061,0,4,4,8,20
6062,0,0,0,2,1
6063,0,0,0,2,1
6064,0,4,4,8,1646
6065,0,0,0,1,4721
6066,0,0,0,1,4
6067,0,0,0,2,1
6068,0,0,0,9,11
6069,0,0,0,2,1
607,0,1,1,15,25
6070,0,0,0,1,2
6071,4,37,501,3712,1647
6072,0,0,0,1,4
6073,0,0,0,1,4
6074,0,0,0,2,1
6075,0,0,3,7,5
6076,0,1,1,19,46
6077,0,4,4,8,20
6078,0,0,0,9,11
6079,4,282,1630,5849,4722
608,0,0,3,7,5
6080,0,0,0,3713,1648
6081,0,1,1,19,46
6082,0,0,0,1164,8500
6083,0,4,4,5850,4723
6084,0,0,0,2,1
6085,0,0,0,1,4
6086,0,1149,3066,1165,8501
6087,0,1150,3067,1166,8502
6088,0,1914,502,3714,1649
6089,0,0,0,2,1
609,0,0,0,1,4
6090,0,0,3,7,5
6091,0,0,0,1,4
6092,0,0,0,1,4
6093,0,0,3,7,5
6094,0,4,4,8,20
6095,0,0,0,2,1
6096,0,0,3,7,5
6097,0,0,0,2,1
6098,0,0,0,1,2
6099,0,0,0,1,2
61,0,2,2,640,7756
610,0,4,4,5376,4039
6100,0,0,0,1,2
6101,0,0,0,1,4
6102,0,0,0,1,2
6103,0,3,6,5851,4724
6104,0,3,6,483,8503
6105,0,1,1,4,6
6106,0,0,0,3,3
6107,0,0,0,3,3
6108,0,0,3068,1167,8504
6109,0,2,2,10,170
611,0,0,0,2,309
6110,0,6,7,5852,4725
6111,0,0,3069,1168,8505
6112,0,0,0,0,1650
6113,0,0,0,603,637
6114,0,0,0,0,0
6115,0,0,0,0,0
6116,0,2,1631,5853,4726
6117,6,13,68,171,8506
6118,0,0,0,0,0
6119,0,0,0,0,0
612,0,0,0,2,39
6120,0,1151,3070,1169,8507
6121,0,1152,3071,1170,8508
6122,0,0,503,3715,1651
6123,0,0,0,0,0
6124,0,0,1632,5854,4727
6125,0,3,8,1171,8509
6126,0,1,1,336,769
6127,0,0,1633,5855,4728
6128,0,1,1,4,8510
6129,0,1,1,4,33
613,0,0,0,2,39
6130,0,2,2,18,16
6131,0,2,2,18,16
6132,0,1,1,4,868
6133,0,1,1,4,6
6134,0,1,1,4,8511
6135,0,1,1,538,640
6136,0,0,0,3,3
6137,0,0,0,3,3
6138,0,0,0,3,3
6139,0,1,1,5856,4729
614,0,0,0,2,39
6140,0,283,1634,5857,4730
6141,0,0,3072,1172,8512
6142,0,0,1635,5858,4731
6143,0,1,1,4,6
6144,0,1,1,4,287
6145,0,0,0,3,3
6146,0,1,1,4,8513
6147,0,1,1,4,4732
6148,0,0,0,3,3
6149,0,0,0,3,4733
615,0,1,1,4,7826
6150,0,1,1,4,8514
6151,0,2,2,1173,8515
6152,0,1,1,4,6
6153,0,1,1,4,6
6154,0,0,0,3,3
6155,0,0,3073,1174,8516
6156,0,3,29,69,106
6157,0,1,1,5859,4734
6158,0,1,1,376,8517
6159,0,2,2,18,4735
616,0,0,0,0,0
6160,0,0,0,48,559
6161,0,1,1,422,891
6162,0,0,134,519,8518
6163,0,12,14,83,325
6164,0,12,14,83,325
6165,0,0,9,54,1652
6166,0,0,0,0,0
6167,0,0,0,0,49
6168,0,0,0,0,0
6169,0,0,0,0,0
617,0,0,0,73,1080
6170,0,0,0,0,0
6171,0,0,0,0,42
6172,0,2,2,10,15
6173,0,2,3074,1175,8519
6174,0,0,0,0,0
6175,0,6,7,17,18
6176,0,2,2,1176,8520
6177,0,0,0,0,0
6178,0,2,2,10,15
6179,0,2,2,10,15
618,0,1,1,5,21
6180,0,0,0,0,0
6181,0,0,0,0,0
6182,0,0,0,0,0
6183,0,0,0,0,0
6184,0,0,0,5860,4736
6185,0,1153,3075,1177,8521
6186,0,3,6,5861,4737
6187,0,1,1,24,55
6188,0,2,2,3716,1653
6189,0,2,2,18,8522
619,0,0,0,2,36
6190,0,2,2,1178,8523
6191,0,2,2,5862,4738
6192,0,2,2,18,8524
6193,235,284,1636,5863,4739
6194,0,1,1,4,96
6195,0,1,1637,5864,4740
6196,0,1,1638,5865,4741
6197,0,0,0,1179,8525
6198,0,0,0,0,0
6199,0,0,0,13,10
62,0,6,7,36,3982
620,0,0,0,14,32
6200,0,0,0,1,4
6201,0,0,0,1,4
6202,0,0,0,0,0
6203,0,0,0,0,0
6204,0,0,0,0,0
6205,0,0,0,0,0
6206,0,0,0,0,42
6207,0,10,3076,1180,8526
6208,0,0,0,0,0
6209,0,0,0,0,0
621,0,0,0,0,0
6210,0,0,9,56,4742
6211,0,0,0,0,0
6212,0,0,0,0,0
6213,0,0,0,1181,8527
6214,0,0,0,0,88
6215,0,0,0,0,0
6216,0,0,0,0,4743
6217,0,0,0,14,22
6218,0,0,0,0,0
6219,0,0,0,0,0
622,0,0,0,0,0
6220,0,0,0,0,0
6221,0,0,0,13,10
6222,0,0,0,13,10
6223,0,0,0,0,0
6224,0,0,0,0,88
6225,0,0,504,3717,1654
6226,0,0,0,0,37
6227,0,0,0,0,37
6228,0,2,2,3718,1655
6229,0,2,2,10,4744
623,0,0,0,3,3
6230,0,0,0,3719,1656
6231,0,0,0,0,0
6232,0,0,0,0,0
6233,0,0,0,0,0
6234,0,0,0,0,0
6235,0,0,0,0,0
6236,0,0,0,0,0
6237,0,0,0,0,0
6238,0,0,0,0,0
6239,0,0,1639,5866,4745
624,0,0,0,9,11
6240,0,0,0,0,0
6241,0,0,0,14,32
6242,0,0,9,1182,8528
6243,0,285,1640,5867,4746
6244,0,0,0,0,0
6245,0,0,0,0,0
6246,0,0,0,0,0
6247,0,0,0,0,1657
6248,154,1915,505,3720,1658
6249,0,0,0,13,10
625,0,4,4,8,828
6250,0,0,0,0,0
6251,0,0,0,13,10
6252,0,0,0,0,0
6253,0,0,0,0,0
6254,0,0,0,0,0
6255,0,0,0,0,216
6256,0,0,0,0,0
6257,0,0,0,0,0
6258,0,0,0,0,0
6259,0,0,0,0,0
626,0,1,1,3315,1081
6260,0,1,1,21,129
6261,74,1154,3077,1183,8529
6262,0,286,1641,5868,4747
6263,0,0,0,2,1
6264,0,0,0,9,23
6265,0,0,0,1,2
6266,0,287,1642,5869,4748
6267,0,0,0,1,2
6268,0,1916,506,3721,1659
6269,0,0,0,3,3
627,0,0,0,2,1
6270,0,3,6,1184,8530
6271,0,3,507,3722,1660
6272,0,3,6,5870,4749
6273,0,1,1,4,4750
6274,0,0,0,2,39
6275,0,0,0,2,39
6276,0,0,0,2,39
6277,0,0,0,2,39
6278,0,0,0,2,39
6279,0,7,13,5871,4751
628,0,0,3,7,5
6280,0,0,0,2,4752
6281,0,15,23,5872,4753
6282,0,0,0,2,39
6283,0,0,0,2,39
6284,0,15,23,59,1661
6285,0,15,23,59,4754
6286,0,0,0,2,39
6287,0,0,0,2,39
6288,0,7,36,176,4755
6289,0,0,0,2,39
629,0,0,0,2,1
6290,0,92,3078,1185,8531
6291,0,7,13,400,4756
6292,0,0,0,2,39
6293,0,7,31,120,641
6294,0,6,7,36,642
6295,0,7,31,120,1662
6296,0,7,31,120,641
6297,0,7,31,120,4757
6298,0,7,31,120,1663
6299,0,0,0,2,8532
63,0,0,0,2,1026
630,0,0,284,3316,1082
6300,0,0,0,2,39
6301,0,7,36,1186,8533
6302,0,7,31,120,4758
6303,0,15,23,59,4759
6304,0,0,0,3723,1664
6305,0,0,0,2,1665
6306,0,2,2,50,4760
6307,0,0,0,0,0
6308,0,0,0,0,0
6309,0,0,0,0,8534
631,0,0,2804,687,7827
6310,0,1,1,1187,8535
6311,0,0,0,3,3
6312,0,0,3079,1188,8536
6313,0,0,0,3,3
6314,0,0,0,1189,8537
6315,0,1155,3080,1190,8538
6316,0,0,0,3,1666
6317,0,1,1,3724,1667
6318,0,1,1,4,6
6319,0,1,1,4,6
632,0,0,2805,688,7828
6320,0,1,508,3725,1668
6321,0,3,8,401,4761
6322,0,0,0,5873,4762
6323,0,0,0,3,3
6324,0,1,1,4,8539
6325,0,1,1,4,6
6326,0,0,0,0,0
6327,0,0,0,0,0
6328,0,2,2,25,144
6329,0,0,0,22,71
633,0,0,0,689,7829
6330,0,0,0,5874,4763
6331,0,288,1643,5875,4764
6332,0,1917,509,3726,1669
6333,0,0,0,0,4765
6334,0,0,0,1191,8540
6335,0,0,3081,1192,8541
6336,0,0,0,147,311
6337,0,0,0,0,49
6338,0,0,0,0,0
6339,0,0,0,0,0
634,0,0,0,5377,4040
6340,0,0,0,0,0
6341,0,0,0,0,42
6342,0,0,0,0,0
6343,0,2,2,10,68
6344,0,0,0,0,0
6345,0,0,0,0,4766
6346,0,0,0,0,0
6347,0,0,0,14,22
6348,0,0,9,54,4767
6349,0,0,0,13,10
635,0,0,2806,690,7830
6350,0,1,1,5,961
6351,0,0,0,2,36
6352,0,3,6,3727,1670
6353,0,3,6,3728,1671
6354,0,0,0,3,3
6355,0,0,0,3,3
6356,0,1,1,4,1672
6357,0,1,1,4,6
6358,0,1,1,4,6
6359,0,1,1,4,548
636,0,0,0,22,104
6360,0,1,1,63,151
6361,0,1,1,4,6
6362,0,0,0,3,3
6363,0,1,1,4,260
6364,0,3,29,69,4768
6365,0,3,20,192,1673
6366,0,0,0,1193,8542
6367,0,0,0,0,0
6368,0,1918,510,3729,1674
6369,0,0,0,0,0
637,0,0,10,66,125
6370,0,0,0,0,0
6371,0,0,3082,1194,8543
6372,0,0,511,3730,1675
6373,0,0,0,1195,8544
6374,0,1156,3083,1196,8545
6375,0,0,0,0,83
6376,0,0,0,22,4769
6377,0,0,3084,1197,8546
6378,0,1,1,4,560
6379,0,3,170,533,1676
638,0,2,2,5378,4041
6380,0,3,170,533,8547
6381,0,0,0,3,3
6382,0,3,29,69,106
6383,0,1,1,5,643
6384,0,0,0,292,644
6385,0,0,0,292,644
6386,0,0,0,292,4770
6387,0,0,512,3731,1677
6388,0,0,0,5876,4771
6389,0,2,2,10,1678
639,0,1,1,4,7831
6390,6,13,3085,1198,8548
6391,0,0,0,42,66
6392,0,1157,3086,1199,8549
6393,0,1919,513,3732,1679
6394,0,0,0,42,4772
6395,0,1,1,151,1680
6396,0,0,0,12,9
6397,0,1,1,151,645
6398,0,1,1,151,1681
6399,0,0,514,3733,1682
64,0,0,0,2,1027
640,0,0,0,3,3
6400,0,0,0,12,9
6401,0,0,0,12,998
6402,0,0,0,2,1
6403,0,0,0,12,9
6404,0,1920,515,3734,1683
6405,0,0,0,2,1
6406,0,0,0,12,9
6407,0,1,1,1200,8550
6408,0,0,0,1201,8551
6409,0,0,0,12,998
641,0,1,1,4,6
6410,0,0,0,12,9
6411,0,1,1,151,1684
6412,0,1,1,151,4773
6413,0,0,0,2,646
6414,0,0,516,3735,1685
6415,0,1,1,5,8552
6416,0,0,0,12,9
6417,0,1,1,5,4774
6418,0,0,0,2,54
6419,0,0,0,2,54
642,0,0,0,691,7832
6420,0,1,1,219,359
6421,0,1,1,234,8553
6422,0,1,1,5,337
6423,0,0,0,12,9
6424,0,0,0,6,14
6425,0,5,5,5877,4775
6426,0,0,3,3736,1686
6427,0,0,0,2,1
6428,0,0,0,2,4776
6429,0,0,0,6,7
643,0,0,0,22,71
6430,0,1,1,5,8554
6431,0,0,0,6,17
6432,0,0,0,6,17
6433,0,0,0,6,7
6434,0,0,0,6,7
6435,0,0,0,6,7
6436,0,0,0,27,35
6437,0,0,0,1,1687
6438,0,1,1,15,30
6439,0,0,3,7,5
644,0,0,10,209,399
6440,0,0,0,1,2
6441,0,0,0,2,1
6442,0,0,0,2,1
6443,0,0,0,2,1
6444,0,1,1,5,4777
6445,0,0,0,1,4
6446,4,11,3087,1202,8555
6447,0,289,1644,5878,4778
6448,0,4,4,8,172
6449,4,11,24,45,65
645,0,9,15,329,584
6450,0,290,1645,5879,4779
6451,0,0,0,1,4
6452,0,1158,3088,1203,8556
6453,0,0,3,7,5
6454,0,0,0,1,4
6455,0,0,0,1,2
6456,0,0,0,2,1
6457,0,0,3,5880,4780
6458,0,1,1,3737,1688
6459,0,0,0,9,11
646,0,0,0,0,0
6460,0,0,0,6,7
6461,0,5,5,11,4781
6462,0,1,1,5,8
6463,0,5,5,11,114
6464,0,5,5,11,8557
6465,0,5,5,11,114
6466,0,5,5,11,8558
6467,0,0,0,6,7
6468,0,4,4,32,1689
6469,0,0,0,6,14
647,0,0,0,3317,1083
6470,0,5,5,11,12
6471,0,1,1,5,8
6472,0,1,1,3738,1690
6473,0,1,1,5,8
6474,0,5,5,11,130
6475,0,1,1,5,8
6476,0,0,0,2,1
6477,0,0,0,6,17
6478,0,1,1,5,8
6479,0,0,0,6,14
648,0,2,2,25,53
6480,0,0,0,6,17
6481,0,0,0,6,7
6482,0,0,0,6,7
6483,0,1,1,5,8
6484,0,1,1,5,8
6485,0,5,5,11,12
6486,0,0,0,2,1
6487,0,1,1,5,1691
6488,0,0,0,6,14
6489,0,1159,3089,1204,8559
649,0,4,4,8,4042
6490,0,1,1,5881,4782
6491,0,0,0,6,7
6492,0,1160,3090,1205,8560
6493,0,0,3,7,5
6494,0,0,3,7,5
6495,0,1921,517,3739,1692
6496,0,1922,518,3740,1693
6497,0,0,0,2,1
6498,0,1,1,19,163
6499,0,0,0,2,1
65,0,0,0,2,1
650,0,0,0,1,2
6500,0,0,0,0,0
6501,0,0,0,0,0
6502,0,0,0,0,0
6503,0,0,0,0,4783
6504,0,2,2,10,26
6505,0,0,0,38,45
6506,0,0,0,0,0
6507,0,0,0,1206,8561
6508,0,2,2,152,4784
6509,0,2,2,152,869
651,0,0,3,7,5
6510,0,0,0,2,1
6511,0,0,0,9,11
6512,0,0,0,534,673
6513,0,291,1646,5882,4785
6514,0,0,0,1207,8562
6515,0,0,0,1,4
6516,0,1,1,20,4786
6517,236,292,1647,5883,4787
6518,0,0,0,5884,4788
6519,0,0,0,1208,8563
652,9,19,39,88,158
6520,0,0,0,2,1
6521,0,0,0,1,4
6522,0,0,0,2,1
6523,0,0,0,1,4
6524,3,293,1648,5885,4789
6525,0,0,0,1,2
6526,0,0,0,5886,4790
6527,0,0,3,7,5
6528,0,1,1,5,13
6529,0,0,3,7,5
653,0,1,1,20,1084
6530,0,0,0,1,2
6531,0,0,0,2,1
6532,0,1,1,15,25
6533,0,0,0,1,4
6534,0,4,4,5887,4791
6535,0,1,1,5,13
6536,0,0,0,2,1
6537,0,0,0,3,3
6538,0,0,0,3,3
6539,0,0,0,3,3
654,0,10,12,692,7833
6540,0,3,6,1209,8564
6541,0,0,0,3,3
6542,0,2,2,18,4792
6543,0,1,1,4,6
6544,0,3,6,605,8565
6545,0,3,6,1210,8566
6546,0,1,1,1211,8567
6547,0,0,0,2,1
6548,0,0,0,6,14
6549,0,0,0,6,14
655,0,0,0,9,11
6550,0,0,0,6,7
6551,1,294,1649,5888,4793
6552,0,1923,519,3741,1694
6553,0,0,0,1,2
6554,0,1,1,1212,8568
6555,0,0,0,6,7
6556,0,0,0,6,7
6557,0,1,1,5,8
6558,0,5,5,11,4794
6559,0,1,1,1213,8569
656,0,0,0,2,1
6560,0,1,1,5,356
6561,0,5,5,5889,4795
6562,0,1,1,5,4796
6563,0,0,0,2,1
6564,0,5,5,11,1695
6565,0,5,5,11,12
6566,0,0,0,2,1
6567,0,1,1,5,8
6568,0,1,1,5,8
6569,0,1,1,5,8570
657,0,0,0,1,4
6570,0,0,0,2,1
6571,0,0,0,6,7
6572,0,5,5,11,12
6573,0,1,1,3742,1696
6574,0,0,0,2,1
6575,0,0,0,6,7
6576,0,0,0,6,7
6577,0,0,0,2,1
6578,0,0,0,6,17
6579,0,0,0,6,7
658,0,1,1,3318,1085
6580,0,0,0,6,7
6581,0,1,1,5,8
6582,0,0,0,6,7
6583,0,1,1,5,8
6584,0,0,0,6,14
6585,0,0,0,2,1
6586,0,5,5,11,4797
6587,0,1,1,5,8
6588,0,1924,520,3743,1697
6589,0,1,1,4,8571
659,0,1,1,19,7834
6590,0,3,6,457,1698
6591,0,0,0,3,3
6592,0,1,1,4,1699
6593,0,3,521,3744,1700
6594,0,1,1,4,109
6595,0,0,0,5890,4798
6596,0,5,5,129,232
6597,0,0,0,6,7
6598,0,1161,3091,1214,8572
6599,0,5,5,129,232
66,0,127,1381,5337,3983
660,0,1,1,5,29
6600,0,0,0,6,7
6601,0,4,4,32,1701
6602,0,5,5,3745,1702
6603,0,0,3092,1215,8573
6604,0,0,0,6,7
6605,0,5,5,129,232
6606,0,0,0,6,17
6607,0,0,0,6,7
6608,0,0,0,6,17
6609,0,0,0,2,1
661,0,0,3,7,5
6610,0,1,1,5,8
6611,0,0,0,6,7
6612,0,0,0,6,14
6613,0,1,1,5,8574
6614,0,0,0,1,2
6615,0,4,4,153,406
6616,3,1162,3093,1216,8575
6617,0,0,0,1,2
6618,0,0,0,1,117
6619,0,0,0,6,535
662,0,0,0,12,9
6620,0,0,0,2,1
6621,0,0,0,48,303
6622,0,1,1,5,21
6623,0,1,1,5,13
6624,0,0,522,3746,1703
6625,0,4,4,8,176
6626,0,0,0,2,1
6627,0,0,0,9,11
6628,0,4,4,5891,4799
6629,0,4,4,8,176
663,0,0,0,1,4
6630,0,1,1,84,870
6631,0,4,4,8,279
6632,0,0,3,7,5
6633,0,0,0,2,1
6634,0,0,0,22,264
6635,0,0,0,22,264
6636,0,2,2,25,53
6637,0,0,0,0,0
6638,0,0,0,0,0
6639,0,6,7,17,18
664,0,0,3,7,5
6640,0,0,0,0,0
6641,0,3,6,1217,8576
6642,0,1,1,97,4800
6643,0,1,1,402,4801
6644,0,1,1,3747,1704
6645,0,1,1,61,92
6646,0,2,2,18,1705
6647,0,1,523,3748,1706
6648,0,1,1,4,6
6649,0,0,0,1,4
665,0,0,285,3319,1086
6650,0,0,0,2,1
6651,0,0,0,2,1
6652,0,0,3,7,5
6653,0,0,0,6,7
6654,0,0,3,7,5
6655,0,0,0,5892,4802
6656,0,5,5,107,1707
6657,0,0,0,6,14
6658,0,2,18,128,220
6659,0,0,0,16,24
666,4,1793,286,3320,1087
6660,5,1925,524,3749,1708
6661,0,1,1,5,643
6662,0,1,1,4,8577
6663,0,25,54,3750,1709
6664,0,1,1,151,645
6665,0,2,525,3751,1710
6666,0,1,1650,5893,4803
6667,0,0,0,6,7
6668,0,295,1651,5894,4804
6669,0,0,0,5895,4805
667,0,0,0,1,4
6670,0,0,3094,1218,8578
6671,0,0,0,3,3
6672,0,0,0,3752,1711
6673,0,0,0,2,1
6674,0,0,0,6,7
6675,0,1,1,5,8
6676,0,5,5,129,232
6677,0,5,5,403,871
6678,0,0,0,6,7
6679,0,0,3,7,5
668,0,0,0,12,9
6680,0,4,4,1219,8579
6681,0,0,0,2,1
6682,0,1,1,84,647
6683,0,1,1,24,55
6684,0,2,2,5896,4806
6685,0,3,6,1220,8580
6686,0,0,0,9,23
6687,0,0,0,1,4
6688,0,2,2,10,1712
6689,0,0,0,0,0
669,0,0,0,2,1
6690,0,0,0,0,0
6691,0,0,0,0,1713
6692,0,0,0,0,0
6693,0,0,0,5897,4807
6694,0,0,0,0,0
6695,0,0,0,0,0
6696,0,6,7,17,18
6697,0,0,27,5898,4808
6698,0,0,0,0,0
6699,0,0,0,0,0
67,0,0,0,2,1
670,0,0,0,1,4
6700,0,2,2,10,8581
6701,0,2,3095,1221,8582
6702,0,0,1652,5899,4809
6703,0,0,0,0,0
6704,0,0,3096,1222,8583
6705,0,0,0,5900,4810
6706,0,0,0,0,0
6707,0,0,0,0,0
6708,0,0,0,5901,4811
6709,0,0,0,3753,1714
671,0,0,0,2,1
6710,0,0,1653,5902,4812
6711,0,0,0,0,0
6712,0,0,0,0,0
6713,0,0,0,0,0
6714,0,0,0,0,0
6715,0,0,0,0,0
6716,0,0,0,0,0
6717,0,0,0,5903,4813
6718,0,0,0,0,0
6719,0,0,0,3754,1715
672,0,0,0,1,4
6720,0,0,0,3755,1716
6721,0,0,0,3756,1717
6722,0,2,2,10,15
6723,0,0,0,0,0
6724,0,0,0,0,0
6725,0,6,7,17,18
6726,0,0,0,5904,4814
6727,0,0,0,0,0
6728,0,6,7,17,18
6729,0,0,0,1223,8584
673,0,1,1,20,19
6730,0,0,0,0,0
6731,0,0,0,0,0
6732,0,0,0,0,0
6733,0,0,0,0,0
6734,0,0,0,0,0
6735,0,2,2,10,140
6736,0,0,0,0,0
6737,0,0,0,5905,4815
6738,0,0,0,14,246
6739,0,0,0,14,4816
674,0,1,1,19,143
6740,0,0,0,0,0
6741,0,0,0,0,1718
6742,0,0,3097,1224,8585
6743,0,0,0,0,0
6744,0,0,0,3757,1719
6745,0,0,0,0,0
6746,0,0,3098,1225,8586
6747,0,0,0,5906,4817
6748,0,0,0,0,0
6749,0,0,0,0,8587
675,0,0,3,7,5
6750,0,0,0,13,10
6751,0,0,0,14,648
6752,0,0,0,0,0
6753,0,0,526,3758,1720
6754,0,0,0,0,0
6755,0,0,0,0,0
6756,0,0,0,0,0
6757,0,0,0,0,0
6758,0,0,0,0,0
6759,0,0,0,0,0
676,0,1,1,20,19
6760,0,0,0,0,0
6761,0,0,0,0,0
6762,0,0,0,3,3
6763,0,3,6,5907,4818
6764,0,3,6,26,4819
6765,0,2,2,18,16
6766,0,1,3099,1226,8588
6767,0,1,1,5,4820
6768,0,5,5,11,999
6769,0,5,5,11,999
677,0,1,1,5,29
6770,0,5,5,11,12
6771,0,0,0,2,1
6772,0,1,1,5,8
6773,0,0,0,2,1
6774,0,0,0,6,7
6775,0,1,1,5,4821
6776,0,0,0,27,35
6777,0,0,0,2,1
6778,0,0,0,6,7
6779,0,0,0,6,17
678,0,0,3,7,5
6780,0,0,0,6,17
6781,0,0,0,6,14
6782,0,0,0,6,4822
6783,0,0,0,6,7
6784,0,0,0,2,1
6785,0,1,1,5,8
6786,0,0,0,2,1
6787,0,0,0,1,2
6788,0,0,3100,1227,8589
6789,0,296,1654,5908,4823
679,0,1,1,31,7835
6790,0,0,0,2,1
6791,0,0,0,1,117
6792,0,0,0,1,2
6793,0,0,1655,5909,4824
6794,0,1,1,5,8
6795,0,0,0,2,1
6796,0,5,5,11,12
6797,0,5,5,11,12
6798,0,1,1,1228,8590
6799,0,5,5,11,12
68,0,0,0,2,1
680,0,0,0,1,4
6800,0,1,1,5,8
6801,0,297,1656,5910,4825
6802,0,1,1,5,8591
6803,0,1,1,404,872
6804,0,1,1,404,872
6805,0,1,1,5,8
6806,0,0,0,6,8592
6807,0,0,0,6,7
6808,0,0,0,6,14
6809,0,1,1,1229,8593
681,0,0,0,1,4
6810,0,0,0,2,1
6811,0,1,1,5,8
6812,0,0,0,6,7
6813,0,0,0,6,1721
6814,0,0,0,2,1
6815,0,0,0,2,1
6816,0,0,0,6,1722
6817,0,5,5,11,1723
6818,0,0,1657,5911,4826
6819,0,0,0,0,0
682,4,11,24,45,65
6820,0,6,7,220,649
6821,0,6,7,17,4827
6822,0,0,0,5912,4828
6823,0,0,0,0,0
6824,0,0,0,0,0
6825,0,0,0,0,0
6826,0,0,0,0,0
6827,0,0,9,35,43
6828,0,0,9,35,4829
6829,0,2,2,10,8594
683,0,0,0,1,4
6830,0,6,7,220,873
6831,0,1,1,405,650
6832,0,3,6,26,8595
6833,0,0,0,3,3
6834,0,1,1,4,6
6835,0,1,1,5913,4830
6836,0,1,1,4,1724
6837,0,1,1658,5914,4831
6838,0,1,1,4,6
6839,0,1,1,1230,8596
684,0,1,1,20,19
6840,0,3,8,1231,8597
6841,0,1,1,3759,1725
6842,0,1,1,405,650
6843,0,0,0,3,3
6844,0,2,2,18,16
6845,0,1,527,3760,1726
6846,0,3,6,26,8598
6847,0,3,6,5915,4832
6848,0,0,0,3,3
6849,0,0,3101,1232,8599
685,0,0,0,12,9
6850,0,0,0,3,3
6851,0,0,0,3,3
6852,0,0,0,3,3
6853,0,0,528,3761,1727
6854,0,0,0,3,3
6855,0,0,3102,1233,8600
6856,0,0,0,3,1728
6857,0,0,0,1234,8601
6858,0,0,0,3,3
6859,0,0,0,3,3
686,0,0,0,5379,4043
6860,0,0,0,3762,1729
6861,0,0,0,3,8602
6862,0,0,0,3,3
6863,0,0,0,3763,1730
6864,0,0,0,3,3
6865,0,0,0,3,3
6866,0,1,1,4,6
6867,0,3,8,5916,4833
6868,0,1,1,3764,1731
6869,0,1,529,3765,1732
687,0,1,1,693,7836
6870,0,0,0,3,3
6871,0,0,0,3,3
6872,0,1,1,3766,1733
6873,0,1,1,1235,8603
6874,0,0,0,0,0
6875,0,0,0,0,0
6876,0,0,0,1236,8604
6877,0,0,0,0,0
6878,0,0,0,0,0
6879,0,0,0,0,0
688,0,0,0,2,1
6880,0,0,0,0,0
6881,0,2,2,10,15
6882,0,0,0,0,0
6883,0,0,0,5917,4834
6884,0,0,0,3767,1734
6885,1,1926,530,3768,1735
6886,0,1927,531,3769,1736
6887,0,0,0,1,2
6888,0,1,1,1237,8605
6889,0,1,1,15,25
689,0,0,0,1,4
6890,0,0,0,1,4835
6891,0,0,0,1,8606
6892,0,0,0,9,11
6893,0,1163,3103,1238,8607
6894,0,0,0,1,2
6895,0,0,0,1,2
6896,0,0,3,7,5
6897,0,0,0,1,2
6898,0,0,0,1,4
6899,0,0,0,1,4
69,0,15,23,59,7757
690,0,0,0,0,0
6900,0,0,0,1,4
6901,0,0,0,1,4
6902,0,0,0,1,4
6903,0,4,4,8,1737
6904,0,1,1,5,13
6905,0,0,0,1,4
6906,0,0,0,1,4
6907,0,0,0,1,2
6908,0,0,0,1,4
6909,0,0,0,1,2
691,0,0,0,0,0
6910,0,1,1,5918,4836
6911,0,0,0,1239,8608
6912,0,0,3104,1240,8609
6913,0,0,0,1,4
6914,0,0,0,1,4
6915,0,298,1659,5919,4837
6916,0,0,0,1,2
6917,0,0,0,1,2
6918,0,0,0,0,4838
6919,0,2,2,484,8610
692,0,0,0,0,0
6920,0,0,0,0,8611
6921,0,0,0,1241,8612
6922,0,0,0,0,8613
6923,0,0,0,0,0
6924,0,0,0,0,0
6925,0,0,0,0,0
6926,0,0,0,0,0
6927,0,2,2,10,582
6928,0,1,171,1242,8614
6929,0,1,1660,5920,4839
693,0,0,0,2,1
6930,0,0,0,0,277
6931,0,0,0,0,0
6932,0,0,0,0,4840
6933,0,0,0,0,4841
6934,0,0,0,0,8615
6935,0,0,0,5921,4842
6936,0,1,1,3770,1738
6937,0,0,0,0,277
6938,0,1,171,1243,8616
6939,0,1,532,3771,1739
694,0,0,0,2,1
6940,0,0,0,3772,1740
6941,0,0,0,5922,4843
6942,0,0,0,0,277
6943,0,0,0,0,277
6944,0,1,3105,1244,8617
6945,0,0,0,0,338
6946,0,0,0,0,338
6947,0,1928,533,3773,1741
6948,0,0,0,0,0
6949,0,0,0,0,0
695,0,0,0,2,1
6950,0,1,534,3774,1742
6951,0,1,236,5923,4844
6952,0,0,0,0,338
6953,0,0,0,0,0
6954,0,2,2,10,26
6955,0,0,0,0,0
6956,0,0,0,0,0
6957,0,0,0,0,0
6958,0,0,0,0,0
6959,0,0,0,0,0
696,0,1,1,5,8
6960,0,6,7,220,873
6961,0,0,0,0,0
6962,0,0,9,35,43
6963,0,0,0,14,554
6964,0,0,0,293,1743
6965,0,0,0,0,0
6966,0,0,0,0,0
6967,0,0,0,5924,4845
6968,0,0,172,1245,8618
6969,0,0,0,0,0
697,0,0,26,91,161
6970,0,0,0,0,0
6971,0,0,0,0,242
6972,0,0,0,0,0
6973,0,0,0,0,0
6974,0,0,0,0,242
6975,0,0,0,0,0
6976,0,6,7,220,649
6977,0,0,0,293,4846
6978,0,2,2,10,1744
6979,0,0,0,282,1745
698,0,0,0,1,2
6980,0,2,2,10,26
6981,0,0,0,38,45
6982,0,0,0,0,0
6983,0,0,0,1,4
6984,0,4,4,8,20
6985,0,1929,535,3775,1746
6986,0,0,0,1,2
6987,0,0,0,1,4
6988,0,4,4,8,40
6989,0,0,3,7,5
699,0,0,0,6,14
6990,0,299,1661,5925,4847
6991,0,0,0,1,2
6992,0,0,3,7,5
6993,3,1164,3106,1246,8619
6994,3,300,1662,5926,4848
6995,0,1165,3107,1247,8620
6996,0,0,0,1,2
6997,0,0,0,1248,8621
6998,0,0,0,1,4
6999,0,0,0,2,1
7,0,0,0,9,23
70,0,2,2,10,26
700,0,0,0,6,7
7000,0,0,0,1,2
7001,0,0,0,2,1
7002,0,0,0,2,1
7003,0,0,0,1,4
7004,0,1,1,21,4849
7005,0,1166,3108,1249,8622
7006,0,1,1,5,8
7007,0,5,5,11,12
7008,0,0,0,6,17
7009,0,0,0,2,1
701,0,1,1,5380,4044
7010,0,5,5,11,12
7011,0,0,0,6,14
7012,0,0,0,2,1
7013,0,0,0,3776,1747
7014,0,0,0,1,1748
7015,0,0,0,1,2
7016,0,301,1663,5927,4850
7017,0,0,0,1,2
7018,0,302,1664,5928,4851
7019,0,0,0,1,2
702,0,0,0,29,31
7020,0,0,3,7,5
7021,0,0,0,3777,1749
7022,0,29,82,223,426
7023,0,1,1,19,47
7024,0,0,0,1,2
7025,0,1930,536,3778,1750
7026,0,1,1,3779,1751
7027,0,1,1,19,825
7028,0,303,1665,5929,4852
7029,0,0,0,1,2
703,0,1,1,5,141
7030,0,0,0,9,23
7031,0,304,1666,5930,4853
7032,0,0,0,1,2
7033,0,1,1,19,8623
7034,0,0,0,1,2
7035,0,0,0,1,2
7036,0,305,1667,5931,4854
7037,0,0,3109,1250,8624
7038,0,1,1,5,8
7039,0,1,1,5,8
704,0,0,0,12,9
7040,0,0,0,6,7
7041,0,0,0,6,7
7042,0,6,7,36,52
7043,0,7,13,3780,1752
7044,0,0,1668,5932,4855
7045,0,2,2,50,78
7046,0,0,0,0,4856
7047,0,0,0,0,0
7048,0,0,0,0,0
7049,0,0,0,0,0
705,0,0,0,12,9
7050,0,6,1669,5933,4857
7051,0,0,0,0,0
7052,0,6,7,1251,8625
7053,0,0,0,0,0
7054,0,0,0,0,8626
7055,0,0,0,5934,4858
7056,0,0,0,0,8627
7057,0,0,3110,1252,8628
7058,0,0,0,96,152
7059,0,6,7,1253,8629
706,0,0,0,12,9
7060,0,0,0,0,0
7061,0,0,0,0,0
7062,0,0,0,0,4859
7063,6,13,68,171,651
7064,6,13,68,171,651
7065,0,6,7,196,1753
7066,0,0,0,96,152
7067,0,0,0,3781,1754
7068,0,0,0,1254,8630
7069,0,0,0,0,0
707,0,1,1,60,142
7070,0,0,0,0,0
7071,0,0,0,0,0
7072,0,1931,537,3782,1755
7073,6,13,69,154,278
7074,0,0,0,0,0
7075,0,0,0,0,112
7076,0,0,0,0,4860
7077,0,6,7,196,1756
7078,0,0,0,0,0
7079,0,0,0,0,0
708,0,0,0,2,1
7080,0,0,538,3783,1757
7081,0,0,0,96,152
7082,0,0,0,96,152
7083,0,0,0,1255,8631
7084,0,0,0,0,4861
7085,0,6,7,196,8632
7086,0,6,7,196,1758
7087,0,0,0,96,152
7088,0,0,0,0,8633
7089,0,0,0,0,0
709,0,0,0,2,1
7090,0,0,0,288,447
7091,0,0,0,0,0
7092,155,1932,539,3784,1759
7093,0,0,0,0,0
7094,0,2,2,398,1760
7095,6,13,68,171,652
7096,6,13,68,171,652
7097,0,0,0,5935,4862
7098,0,0,0,0,4863
7099,0,0,1670,5936,4864
71,0,0,0,0,0
710,0,0,0,12,237
7100,0,0,0,5937,4865
7101,0,0,0,0,0
7102,0,0,0,0,0
7103,0,0,0,5938,4866
7104,6,13,69,154,278
7105,0,0,3111,1256,8634
7106,0,0,0,0,8635
7107,0,0,0,0,8636
7108,0,0,0,1257,8637
7109,0,0,0,0,4867
711,0,1,1,5,1088
7110,0,0,0,5939,4868
7111,0,0,540,3785,1761
7112,0,0,0,5940,4869
7113,0,0,0,0,112
7114,0,0,0,397,653
7115,0,0,541,3786,1762
7116,0,0,0,1258,8638
7117,0,0,0,96,152
7118,75,1167,3112,1259,8639
7119,0,2,1671,5941,4870
712,0,2,2,77,219
7120,0,0,0,0,0
7121,0,0,0,0,0
7122,0,0,0,0,0
7123,0,0,0,0,0
7124,0,0,0,1260,8640
7125,0,0,0,3787,1763
7126,0,6,7,3788,1764
7127,0,0,0,1261,8641
7128,0,0,0,1262,8642
7129,0,0,0,0,0
713,0,0,0,5381,4045
7130,0,0,3113,1263,8643
7131,0,0,0,14,1765
7132,0,0,0,0,0
7133,0,6,7,17,4871
7134,0,0,3114,1264,8644
7135,0,0,0,0,0
7136,0,0,0,0,0
7137,0,0,0,0,654
7138,2,306,1672,5942,4872
7139,0,0,3115,1265,8645
714,0,1,1,31,4046
7140,0,0,0,3789,1766
7141,0,0,0,1266,8646
7142,0,0,0,14,22
7143,0,1933,542,3790,1767
7144,0,0,0,0,0
7145,0,0,0,0,0
7146,0,0,0,13,10
7147,0,0,0,13,10
7148,0,0,3116,1267,8647
7149,0,0,1673,5943,4873
715,0,9,15,3321,1089
7150,0,2,2,10,26
7151,0,2,2,10,26
7152,0,2,2,5944,4874
7153,0,1934,543,3791,1768
7154,0,0,0,1268,8648
7155,0,0,0,0,0
7156,0,0,0,0,73
7157,0,0,0,0,0
7158,0,0,0,0,0
7159,0,0,0,0,0
716,0,0,0,16,24
7160,0,1935,544,3792,1769
7161,0,0,0,0,37
7162,0,0,0,0,37
7163,0,0,0,1269,8649
7164,0,0,0,0,0
7165,0,0,0,14,22
7166,0,0,0,0,0
7167,0,0,0,14,22
7168,0,0,0,0,0
7169,0,0,1674,5945,4875
717,0,0,21,103,159
7170,0,0,0,0,0
7171,0,3,6,1270,8650
7172,0,6,7,17,18
7173,0,2,2,10,15
7174,0,0,1675,5946,4876
7175,0,0,0,1271,8651
7176,0,0,0,0,1770
7177,0,0,0,0,0
7178,0,0,0,0,0
7179,0,0,0,0,0
718,0,1002,2807,694,7837
7180,0,0,0,0,0
7181,0,0,0,0,4877
7182,0,0,0,0,0
7183,0,2,2,10,15
7184,0,2,2,10,15
7185,0,6,7,17,18
7186,0,0,0,0,0
7187,0,2,2,10,1771
7188,0,2,2,10,4878
7189,0,0,0,0,0
719,0,0,287,3322,1090
7190,0,0,0,0,0
7191,0,307,1676,5947,4879
7192,0,0,0,0,0
7193,0,0,0,0,0
7194,0,6,7,17,18
7195,0,0,0,0,0
7196,0,0,0,0,0
7197,0,0,0,0,0
7198,0,0,0,0,0
7199,0,2,2,10,15
72,0,0,0,13,10
720,0,0,0,22,4047
7200,0,2,2,10,15
7201,0,6,7,17,18
7202,0,0,0,0,0
7203,0,0,0,0,0
7204,0,0,0,0,0
7205,0,0,0,0,0
7206,0,0,0,5948,4880
7207,0,0,0,0,0
7208,0,0,0,0,0
7209,0,2,1677,5949,4881
721,3,140,1400,5382,4048
7210,0,2,2,10,15
7211,0,6,7,17,18
7212,0,0,0,0,0
7213,0,0,0,0,0
7214,0,6,7,17,18
7215,0,6,7,17,18
7216,0,2,2,10,4882
7217,0,2,2,10,15
7218,0,0,0,5950,4883
7219,0,0,0,0,0
722,0,141,1401,5383,4049
7220,0,0,0,0,0
7221,0,0,545,3793,1772
7222,0,0,0,3794,1773
7223,0,0,0,0,1774
7224,0,0,0,1272,8652
7225,0,0,27,108,4884
7226,0,0,0,0,0
7227,0,0,0,0,0
7228,0,0,0,0,0
7229,0,0,0,0,0
723,0,0,0,3323,1091
7230,0,0,0,0,0
7231,0,0,0,0,0
7232,0,2,2,10,15
7233,0,0,0,0,0
7234,0,0,0,0,0
7235,0,0,0,0,0
7236,0,0,0,0,0
7237,0,0,0,0,0
7238,0,0,0,0,8653
7239,0,0,0,0,0
724,0,0,0,1,4
7240,0,0,0,0,0
7241,0,0,0,0,0
7242,0,0,0,0,0
7243,0,2,2,10,15
7244,0,2,2,10,8654
7245,0,2,2,10,15
7246,0,0,0,0,0
7247,0,0,0,0,0
7248,0,0,0,0,0
7249,0,0,0,0,0
725,0,0,10,66,125
7250,0,0,0,0,0
7251,0,6,7,17,18
7252,0,0,1678,5951,4885
7253,0,0,0,0,8655
7254,0,0,0,0,0
7255,0,0,0,0,0
7256,0,0,0,0,0
7257,0,0,0,0,0
7258,0,0,546,3795,1775
7259,0,6,7,17,18
726,0,0,10,66,125
7260,0,0,0,0,0
7261,0,0,0,0,0
7262,0,0,0,0,0
7263,0,0,0,0,0
7264,0,2,2,10,15
7265,0,6,7,17,18
7266,0,0,0,0,0
7267,0,0,0,0,0
7268,0,0,0,0,0
7269,0,6,7,17,8656
727,0,0,0,16,24
7270,0,0,0,0,8657
7271,0,0,0,0,0
7272,0,0,0,0,0
7273,0,0,547,3796,1776
7274,0,2,2,10,15
7275,0,2,2,10,15
7276,0,0,0,0,0
7277,0,0,0,0,0
7278,0,2,2,10,15
7279,0,0,0,0,0
728,0,0,0,22,104
7280,0,0,0,0,0
7281,0,2,2,10,15
7282,0,0,0,0,0
7283,0,0,0,0,0
7284,0,0,0,0,0
7285,0,0,0,0,0
7286,0,0,0,0,0
7287,0,0,0,0,0
7288,0,2,2,10,4886
7289,0,2,2,10,15
729,0,0,0,5384,4050
7290,0,0,0,0,0
7291,237,308,1679,5952,4887
7292,0,1,1,5953,4888
7293,0,1936,548,3797,1777
7294,0,0,0,0,0
7295,0,1,1680,5954,4889
7296,0,1,1,5,8658
7297,0,2,2,10,15
7298,0,0,0,1273,8659
7299,0,0,0,3,3
73,0,0,0,14,32
730,0,0,0,1,578
7300,0,0,549,3798,1778
7301,0,0,1681,5955,4890
7302,0,0,0,3,407
7303,0,0,0,3,407
7304,0,0,0,3,1779
7305,0,0,550,3799,1780
7306,0,0,0,3,3
7307,0,0,1682,5956,4891
7308,0,0,0,3,874
7309,0,0,0,5957,4892
731,0,0,0,1,4
7310,0,0,0,3,339
7311,0,0,0,3800,1781
7312,0,0,0,3,339
7313,0,0,0,3,3
7314,0,0,551,3801,1782
7315,0,0,0,3,8660
7316,0,0,1683,5958,4893
7317,0,1168,3117,1274,8661
7318,0,0,0,3,3
7319,0,0,0,3,339
732,0,0,0,1,4
7320,0,0,0,3,4894
7321,0,0,0,3,3
7322,0,1169,3118,1275,8662
7323,0,0,1684,5959,4895
7324,0,0,0,1276,8663
7325,0,0,0,3,3
7326,0,0,0,3,874
7327,0,0,0,3,407
7328,0,0,0,3,407
7329,0,0,1685,5960,4896
733,0,1,1,19,255
7330,0,1,1,4,6
7331,0,2,2,18,16
7332,0,0,3119,1277,8664
7333,0,0,0,3,3
7334,0,3,6,5961,4897
7335,0,0,0,3,3
7336,0,0,0,3,3
7337,0,0,0,1278,8665
7338,0,0,0,3,339
7339,0,0,552,3802,1783
734,0,5,5,11,12
7340,0,0,0,3803,1784
7341,0,0,0,3,3
7342,0,0,0,3,3
7343,0,0,0,3,3
7344,0,1,1,4,8666
7345,0,3,8,5962,4898
7346,0,0,0,3,3
7347,0,3,6,1279,8667
7348,0,1,1,4,6
7349,0,3,6,5963,4899
735,0,0,0,6,7
7350,0,3,6,26,208
7351,0,3,6,5964,4900
7352,0,3,8,5965,4901
7353,0,0,0,3,3
7354,0,0,0,3,3
7355,0,0,0,1280,8668
7356,0,1,1,5966,4902
7357,0,1,1,4,6
7358,0,0,0,3,3
7359,0,0,0,3,3
736,0,1,1,5,8
7360,0,1,1,4,6
7361,0,0,3120,1281,8669
7362,0,1,1,4,8670
7363,0,1,1,4,1785
7364,0,1,1,4,1786
7365,0,7,13,51,4903
7366,0,6,7,36,52
7367,0,2,2,50,78
7368,0,0,0,6,17
7369,0,0,1686,5967,4904
737,0,1,1,5,8
7370,0,0,0,6,7
7371,0,5,5,11,12
7372,0,0,0,6,7
7373,0,0,0,6,14
7374,0,0,0,6,17
7375,0,1,1,5,8671
7376,0,5,5,11,298
7377,0,0,0,6,7
7378,0,1,1,5,8672
7379,0,0,0,6,7
738,0,0,0,6,14
7380,0,0,0,2,1
7381,0,1,1,5968,4905
7382,0,0,0,2,1
7383,0,0,0,14,32
7384,0,1,1,406,4906
7385,0,1,1,4,283
7386,0,1,1,4,8673
7387,0,0,0,3,3
7388,0,1,1,4,33
7389,0,0,0,3,1787
739,0,5,5,5385,4051
7390,0,0,0,3,3
7391,0,0,0,3,8674
7392,0,0,0,3,8675
7393,0,0,0,3,3
7394,0,0,0,3,1788
7395,0,0,0,3,3
7396,0,0,0,3,3
7397,0,0,0,3,3
7398,0,0,0,3,1789
7399,0,3,6,3804,1790
74,0,0,0,38,45
740,0,5,5,11,1092
7400,0,3,29,69,106
7401,0,1,1,4,301
7402,0,1,1,4,560
7403,0,1,1,4,251
7404,0,1,1,4,6
7405,0,0,0,3805,1791
7406,0,0,0,0,0
7407,0,6,7,407,655
7408,0,0,553,3806,1792
7409,0,0,0,0,0
741,0,0,0,6,7
7410,0,0,0,408,875
7411,0,0,1687,5969,4907
7412,0,0,0,0,0
7413,0,0,0,408,875
7414,0,0,0,0,0
7415,0,0,0,0,0
7416,0,0,0,0,0
7417,0,0,0,0,0
7418,0,2,2,5970,4908
7419,0,0,1688,5971,4909
742,0,0,0,2,1
7420,0,0,0,1282,8676
7421,0,0,0,0,0
7422,0,0,0,0,0
7423,0,6,7,407,655
7424,0,0,0,0,0
7425,0,0,0,0,0
7426,0,0,1689,5972,4910
7427,0,0,0,0,0
7428,0,0,0,0,0
7429,0,0,0,0,0
743,0,0,0,2,1
7430,0,0,0,0,0
7431,0,0,0,0,0
7432,0,0,0,0,0
7433,0,0,0,0,1793
7434,0,0,0,0,0
7435,0,0,0,0,0
7436,0,2,155,409,876
7437,0,0,0,1283,8677
7438,0,0,1690,5973,4911
7439,0,0,0,0,0
744,0,1,1,5,8
7440,0,0,0,1,4
7441,0,4,4,8,139
7442,0,0,0,1284,8678
7443,0,0,3121,1285,8679
7444,0,0,3,7,1794
7445,0,0,0,1,2
7446,0,0,0,1,4
7447,0,0,0,2,1
7448,0,1,1,15,30
7449,0,0,3,7,5
745,0,1,1,5,1093
7450,0,0,0,1,2
7451,0,0,0,2,1
7452,0,1,1,4,496
7453,0,0,0,3,3
7454,0,0,0,3,3
7455,0,0,0,3,3
7456,0,1,1,4,6
7457,0,3,1691,5974,4912
7458,0,0,0,9,11
7459,0,4,4,5975,4913
746,0,0,0,6,7
7460,0,0,0,2,1
7461,0,1,1,15,30
7462,0,0,3,7,5
7463,0,0,3,7,5
7464,0,0,0,1,2
7465,0,0,0,2,1
7466,0,1,1,1286,8680
7467,0,0,0,2,1
7468,0,309,1692,5976,4914
7469,0,0,0,1,2
747,0,0,0,6,17
7470,0,0,0,1,4
7471,0,0,3,7,5
7472,0,0,0,2,1
7473,0,0,0,3807,1795
7474,0,0,0,5977,4915
7475,0,1,1,15,30
7476,0,0,0,2,1
7477,0,0,0,1,8681
7478,0,0,554,3808,1796
7479,1,310,1693,5978,4916
748,0,0,1402,5386,4052
7480,0,0,0,1,2
7481,0,0,0,2,1
7482,0,1937,555,3809,1797
7483,0,0,0,1,2
7484,0,1170,3122,1287,8682
7485,0,4,4,1288,8683
7486,0,1171,3123,1289,8684
7487,0,0,0,1,2
7488,0,0,3124,1290,8685
7489,0,311,1694,5979,4917
749,0,0,0,2,1
7490,0,0,0,1,4918
7491,0,0,3,7,5
7492,0,0,3,7,5
7493,0,0,0,2,1
7494,0,0,0,9,11
7495,0,0,0,2,1
7496,0,1,1,15,30
7497,0,0,1695,5980,4919
7498,0,1,1,5981,4920
7499,0,0,3,7,5
75,0,0,0,0,0
750,0,0,0,6,7
7500,0,0,0,2,1
7501,0,4,4,8,8686
7502,0,312,1696,5982,4921
7503,0,0,0,1,2
7504,0,0,0,1,2
7505,0,0,0,1,2
7506,0,0,0,2,1
7507,0,0,3,7,5
7508,0,1,35,5983,4922
7509,0,0,0,1,4
751,0,1,1,695,7838
7510,0,0,3,7,5
7511,0,0,3,7,5
7512,0,0,0,1,4
7513,0,0,0,1,4
7514,0,4,4,535,1798
7515,0,1,1,5,59
7516,0,0,0,1,4
7517,0,0,0,1,4
7518,0,1,1,15,30
7519,0,0,0,1,4
752,0,5,5,11,7839
7520,0,0,0,2,1
7521,0,0,0,2,1
7522,0,1,35,5984,4923
7523,0,0,0,1,2
7524,0,313,1697,5985,4924
7525,0,0,0,1,2
7526,0,0,0,1,4
7527,0,0,0,1,4
7528,0,1938,556,3810,1799
7529,0,0,0,1,2
753,0,0,0,6,14
7530,0,0,0,1,4
7531,0,0,0,1,1800
7532,0,0,0,9,11
7533,0,0,3,7,5
7534,0,4,4,1291,8687
7535,0,0,0,2,1
7536,0,314,1698,5986,4925
7537,0,1,1,15,30
7538,0,0,0,1,2
7539,0,315,1699,5987,4926
754,0,1,1,5,8
7540,0,0,0,1,2
7541,0,0,0,1,2
7542,0,0,3,7,5
7543,0,0,0,1,4
7544,0,0,0,1,2
7545,0,0,0,2,1
7546,0,316,1700,5988,4927
7547,0,0,0,1,2
7548,0,0,0,1,2
7549,0,4,4,8,139
755,0,0,0,6,7
7550,0,1,1,5,59
7551,0,0,0,2,1
7552,0,1172,3125,1292,8688
7553,0,0,0,1,2
7554,0,0,0,1,2
7555,0,0,0,9,11
7556,0,0,3,7,5
7557,0,1939,557,3811,1801
7558,0,0,0,1,2
7559,0,317,1701,5989,4928
756,0,0,0,6,7
7560,0,0,0,1,2
7561,0,0,0,2,1
7562,0,1,1,15,30
7563,0,1,1,15,1802
7564,0,1,1,5,59
7565,0,0,0,2,1
7566,0,0,3,7,5
7567,0,0,0,1,4
7568,0,0,3,7,5
7569,0,1,1,3812,1803
757,0,1,1,5,8
7570,0,1,3126,1293,8689
7571,0,0,0,9,11
7572,0,0,0,1,4
7573,0,0,0,1,2
7574,0,0,0,1,4
7575,0,1,1,5,8690
7576,0,1173,3127,1294,8691
7577,0,0,0,1,2
7578,0,0,0,2,1
7579,0,4,4,5990,4929
758,0,0,0,6,7
7580,0,22,1702,5991,4930
7581,0,0,0,1,2
7582,0,0,0,1,2
7583,0,318,1703,5992,4931
7584,0,0,0,2,1
7585,0,0,3,7,5
7586,0,0,0,1,2
7587,0,1174,3128,1295,8692
7588,0,0,0,1,2
7589,0,0,0,2,1
759,0,0,0,6,1094
7590,0,1,1,15,30
7591,0,0,0,9,11
7592,0,0,0,1,4
7593,0,1940,558,3813,1804
7594,0,0,0,1,2
7595,0,0,3,7,5
7596,0,4,4,3814,1805
7597,1,319,1704,5993,4932
7598,0,1175,3129,1296,8693
7599,0,0,0,1,2
76,0,0,0,0,0
760,0,0,0,2,1
7600,0,0,0,1,4
7601,0,1,1,5,4933
7602,0,0,0,2,1
7603,0,0,0,9,11
7604,0,0,0,2,1
7605,0,0,0,1,4
7606,4,11,1705,5994,4934
7607,0,0,0,1,4
7608,0,0,0,1,4
7609,0,4,4,43,115
761,0,0,0,2,1
7610,0,1176,3130,1297,8694
7611,0,0,0,5995,4935
7612,0,1,1,5,233
7613,238,320,1706,5996,4936
7614,0,0,0,1,4
7615,0,1941,559,3815,1806
7616,0,0,0,1,2
7617,0,0,0,1,4
7618,0,0,0,1,4
7619,0,1,1,5,233
762,0,5,256,3324,1095
7620,0,1,1,5,13
7621,0,1,1,337,764
7622,0,0,0,2,1
7623,0,0,0,1,2
7624,0,0,3,7,5
7625,0,0,3,7,5
7626,0,0,0,3816,1807
7627,0,1,1,5,8695
7628,0,0,0,9,11
7629,0,1,1,5,59
763,0,0,0,6,17
7630,0,0,0,2,1
7631,0,1,1,15,8696
7632,0,321,1707,5997,4937
7633,0,4,4,3817,1808
7634,0,0,0,1,2
7635,0,0,0,1,4
7636,0,0,0,2,877
7637,0,1,1,5,1809
7638,0,4,4,43,8697
7639,0,0,0,2,1
764,0,0,0,6,17
7640,0,4,4,43,115
7641,0,1942,560,3818,1810
7642,0,0,0,1,2
7643,0,1943,561,3819,1811
7644,0,0,0,1,2
7645,0,0,0,1,4
7646,0,4,4,1298,8698
7647,0,0,0,9,8699
7648,4,37,175,410,4938
7649,23,1177,3131,1299,8700
765,0,0,0,2,1
7650,0,0,0,1,4
7651,0,0,0,1,4
7652,1,322,1708,5998,4939
7653,0,0,0,1,2
7654,0,1,1,20,19
7655,0,0,0,1,2
7656,0,0,0,2,1
7657,0,1,1,3820,1812
7658,0,0,0,9,11
7659,0,0,0,2,1
766,0,0,0,6,7
7660,0,1,1,5,13
7661,13,36,1709,5999,4940
7662,0,4,4,8,279
7663,0,1,1710,6000,4941
7664,0,0,0,2,1
7665,0,1,1,15,30
7666,0,1944,562,3821,1813
7667,0,0,0,2,1
7668,0,0,0,1,2
7669,0,0,0,1,2
767,0,0,0,1,4
7670,0,1178,3132,1300,8701
7671,0,0,0,1,2
7672,0,4,4,3822,1814
7673,0,0,0,1,4
7674,0,1,1,5,59
7675,0,0,3,7,5
7676,0,0,3,7,5
7677,0,323,1711,6001,4942
7678,0,0,0,1,2
7679,0,22,3133,1301,8702
768,0,0,0,1,2
7680,0,0,0,1,2
7681,0,0,3,7,5
7682,0,1,1,5,1815
7683,0,1,1,15,30
7684,0,1,1,5,59
7685,0,0,0,1,4
7686,0,0,0,1,4
7687,0,0,0,2,1
7688,0,0,0,2,1
7689,0,4,4,6002,4943
769,0,4,4,8,20
7690,0,324,1712,6003,4944
7691,0,0,0,1,2
7692,0,0,0,9,11
7693,0,3,6,6004,4945
7694,0,1,1,3823,1816
7695,0,1,1,4,763
7696,0,1,1713,6005,4946
7697,0,1,1714,6006,4947
7698,0,1,1,4,6
7699,0,3,6,26,4948
77,0,0,0,0,0
770,0,0,0,2,1
7700,0,0,0,3,3
7701,0,0,3134,1302,8703
7702,0,0,0,3,3
7703,0,0,0,6007,4949
7704,0,0,0,3,3
7705,0,0,0,3,3
7706,0,0,3135,1303,8704
7707,0,0,0,3,3
7708,0,0,0,3,3
7709,0,0,0,3,4950
771,0,0,0,2,1
7710,0,1,1,4,6
7711,0,1179,3136,1304,8705
7712,0,0,0,3,3
7713,0,1,563,3824,1817
7714,0,0,0,3,3
7715,0,0,0,3,3
7716,0,1,1,6008,4951
7717,0,1,1,4,6
7718,0,1,1,4,1818
7719,0,1,1,6009,4952
772,0,1,1,5,8
7720,0,1,1,4,1819
7721,0,1,1,4,4953
7722,0,4,4,3825,1820
7723,0,0,0,2,1
7724,0,0,0,9,11
7725,0,0,0,1,2
7726,0,1,1,15,97
7727,0,1,1,1305,8706
7728,0,4,4,6010,4954
7729,0,0,0,2,1
773,0,10,12,5387,4053
7730,0,1,1,3826,1821
7731,0,325,1715,6011,4955
7732,0,0,0,1,2
7733,0,0,3,7,5
7734,0,4,4,8,139
7735,0,1180,3137,1306,8707
7736,0,0,0,1,2
7737,0,1,1,5,4956
7738,0,0,0,9,11
7739,0,326,1716,6012,4957
774,0,142,1403,5388,4054
7740,0,1,1,15,30
7741,0,0,0,1,4
7742,0,0,0,9,11
7743,0,0,3,7,5
7744,0,327,1717,6013,4958
7745,0,0,0,1,2
7746,0,0,0,1,2
7747,0,4,4,8,139
7748,0,0,0,2,1
7749,0,1,35,146,4959
775,0,0,0,1,2
7750,0,0,0,2,1
7751,0,1,1,5,59
7752,0,0,3,7,5
7753,0,0,0,1,2
7754,0,0,0,9,11
7755,0,4,4,6014,4960
7756,0,0,3,7,5
7757,0,1,1,5,59
7758,0,1945,564,3827,1822
7759,0,0,0,1307,8708
776,0,1,1,20,632
7760,0,0,565,3828,1823
7761,0,1,1718,6015,4961
7762,0,0,0,2,1
7763,0,1,1,15,30
7764,0,1181,3138,1308,8709
7765,0,328,1719,6016,4962
7766,0,329,1720,6017,4963
7767,0,0,0,2,1
7768,239,330,1721,6018,4964
7769,0,0,0,1,2
777,0,1,1,5,13
7770,0,0,566,3829,1824
7771,0,0,0,1,4965
7772,0,0,0,1,4
7773,4,1182,3139,1309,8710
7774,0,331,1722,6019,4966
7775,0,0,0,1,4
7776,0,0,0,2,1
7777,0,0,0,1,4
7778,0,0,0,1,4
7779,0,4,567,3830,1825
778,0,0,0,2,1
7780,0,0,0,9,11
7781,0,332,1723,6020,4967
7782,0,0,0,1,2
7783,0,22,568,3831,1826
7784,0,0,0,1,2
7785,0,0,0,1,4
7786,0,4,4,1310,8711
7787,0,0,0,1,2
7788,0,0,0,2,1
7789,0,1,1,5,59
779,0,1,1,5,13
7790,0,1,1,15,30
7791,0,0,3,7,5
7792,0,0,0,9,11
7793,0,1183,3140,1311,8712
7794,0,0,0,1,2
7795,0,0,0,1,4
7796,0,0,3,7,451
7797,0,0,0,2,1
7798,0,0,3,7,451
7799,0,0,0,9,11
78,0,0,0,0,0
780,0,5,5,11,12
7800,0,0,0,411,795
7801,0,0,3,7,451
7802,0,0,0,2,1
7803,0,0,3,7,5
7804,0,4,4,1312,8713
7805,0,1,1,5,13
7806,0,0,0,2,1
7807,0,0,3,7,5
7808,0,0,0,2,1
7809,1,333,1724,6021,4968
781,0,1,1,21,829
7810,0,1946,569,3832,1827
7811,0,0,0,1,2
7812,0,1,1,15,30
7813,0,334,1725,6022,4969
7814,0,4,4,1313,8714
7815,0,0,3,7,5
7816,0,0,0,2,1
7817,76,1184,3141,1314,8715
7818,0,0,0,1,2
7819,0,0,0,1,2
782,0,0,0,6,7
7820,0,0,0,2,1
7821,0,335,1726,6023,4970
7822,0,0,0,1,2
7823,0,0,0,1,2
7824,0,0,3,7,5
7825,0,4,4,8,4971
7826,0,0,570,3833,1828
7827,0,1,1,5,13
7828,0,0,0,9,11
7829,0,0,0,1,4
783,0,0,0,2,1
7830,0,0,0,2,1
7831,0,0,0,2,1
7832,0,0,0,2,1
7833,0,0,0,1,2
7834,0,0,0,1,2
7835,4,11,24,45,65
7836,0,336,1727,6024,4972
7837,0,0,0,1,4
7838,0,0,0,2,1
7839,0,0,3,7,5
784,0,0,0,6,7
7840,0,1,1,15,30
7841,0,337,1728,6025,4973
7842,0,1947,571,3834,1829
7843,0,0,0,1,2
7844,0,0,3,7,5
7845,0,4,4,1315,8716
7846,0,0,0,1,4
7847,0,0,0,2,1
7848,0,1948,572,3835,1830
7849,0,0,0,1,2
785,0,0,0,6,17
7850,0,0,0,2,1
7851,0,1,1,3836,1831
7852,0,0,0,1,4
7853,0,0,0,2,1
7854,0,0,0,1316,8717
7855,0,0,0,2,1
7856,0,0,0,2,1
7857,0,0,0,1,2
7858,0,0,0,9,11
7859,0,4,4,1317,8718
786,0,5,256,3325,1096
7860,0,0,3,7,5
7861,0,0,0,2,1
7862,0,0,0,1,4
7863,0,1185,3142,1318,8719
7864,0,0,0,1,2
7865,0,0,0,2,1
7866,0,0,3,7,5
7867,0,338,1729,6026,4974
7868,0,0,0,1,2
7869,0,1,1,1319,8720
787,0,0,0,6,17
7870,0,339,1730,6027,4975
7871,0,0,0,1,2
7872,0,0,0,2,1
7873,0,1,1,15,30
7874,0,340,1731,6028,4976
7875,0,4,4,8,8721
7876,0,0,0,2,1
7877,0,1,1,5,4977
7878,0,0,0,0,0
7879,0,0,0,0,0
788,0,1,1,5,8
7880,0,0,0,3837,1832
7881,0,0,0,0,823
7882,0,0,0,0,4978
7883,0,0,0,0,0
7884,0,2,2,10,210
7885,0,6,7,3838,1833
7886,0,0,0,0,0
7887,0,0,0,14,878
7888,0,0,0,6029,4979
7889,0,0,3143,1320,8722
789,0,0,0,6,7
7890,0,0,0,0,0
7891,0,2,2,10,15
7892,0,0,3144,1321,8723
7893,0,1186,3145,1322,8724
7894,0,0,0,1323,8725
7895,0,0,0,0,0
7896,0,0,0,6030,4980
7897,0,0,0,2,36
7898,0,0,0,2,36
7899,0,1,1,5,21
79,0,0,0,0,0
790,0,0,0,2,7840
7900,0,1,1732,6031,4981
7901,0,1,1,4,4982
7902,0,0,0,3,3
7903,0,0,0,3,3
7904,0,0,0,3,3
7905,0,16,25,86,160
7906,0,0,34,57,113
7907,0,0,0,0,0
7908,0,0,0,0,0
7909,0,0,0,0,0
791,0,0,0,6,14
7910,0,0,0,37,50
7911,0,6,85,194,452
7912,0,2,2,10,1834
7913,0,0,0,0,0
7914,0,1949,573,3839,1835
7915,0,0,0,0,0
7916,0,0,0,1324,8726
7917,0,0,0,0,0
7918,0,0,0,294,466
7919,0,0,0,0,0
792,0,0,0,2,1
7920,0,0,0,0,0
7921,0,0,0,0,0
7922,0,0,0,13,10
7923,0,15,23,3840,1836
7924,0,0,0,2,879
7925,0,0,0,2,879
7926,0,0,0,2,1837
7927,0,0,0,2,39
7928,0,15,23,59,8727
7929,0,0,0,2,39
793,0,0,0,2,1
7930,0,0,0,2,39
7931,0,15,23,59,1838
7932,0,15,23,59,4983
7933,0,0,0,2,39
7934,0,7,13,3841,1839
7935,0,7,36,176,4984
7936,0,7,36,176,8728
7937,0,7,36,6032,4985
7938,0,6,7,36,642
7939,0,7,257,3842,1840
794,0,1,1,20,19
7940,0,7,13,3843,1841
7941,0,92,1733,6033,4986
7942,0,7,13,400,1842
7943,0,7,31,120,8729
7944,0,7,31,120,8730
7945,0,0,0,0,0
7946,0,0,0,0,0
7947,0,0,0,13,10
7948,0,6,7,17,18
7949,0,1,1,24,243
795,0,1,1,266,427
7950,0,3,6,6034,4987
7951,0,0,0,3,67
7952,0,1,1,24,250
7953,0,0,0,3,41
7954,0,1,1,295,4988
7955,0,1,1,33,222
7956,0,1,1,4,96
7957,0,1,1,4,84
7958,0,1,1,1325,8731
7959,0,1,1,4,265
796,0,1,1,20,19
7960,0,2,2,18,4989
7961,0,1,1,62,8732
7962,0,1,1,62,1843
7963,0,1,1,24,55
7964,0,1,1,4,6
7965,0,1,1,15,4990
7966,0,0,0,1,4
7967,0,4,4,6035,4991
7968,0,0,0,6036,4992
7969,0,0,0,2,1
797,0,0,3,7,5
7970,0,0,0,9,11
7971,0,0,574,3844,1844
7972,0,0,0,1,2
7973,0,0,0,1,2
7974,0,4,4,8,880
7975,0,0,0,2,1
7976,0,0,0,2,1
7977,0,1950,575,3845,1845
7978,0,0,0,1,2
7979,0,0,0,9,11
798,0,0,0,2,1
7980,1,341,1734,6037,4993
7981,0,0,0,1,2
7982,0,1,1,577,8733
7983,0,0,0,1,4
7984,0,0,0,1,2
7985,0,1,1,5,13
7986,0,4,4,536,1000
7987,0,0,0,1,2
7988,0,1951,576,3846,1846
7989,0,0,0,1,2
799,0,1,1,5389,4055
7990,0,342,1735,6038,4994
7991,0,0,0,1,2
7992,0,1,1,6039,4995
7993,0,4,4,1326,8734
7994,0,0,0,2,1
7995,0,0,0,9,11
7996,3,343,1736,6040,4996
7997,0,344,1737,6041,4997
7998,0,0,0,1,2
7999,0,0,0,2,1
8,0,0,0,2,1
80,0,0,9,35,43
800,0,1,1,21,86
8000,0,0,3,7,5
8001,0,0,0,1,4
8002,0,1,1,5,59
8003,0,0,0,2,1
8004,0,0,3,7,5
8005,0,4,4,1327,8735
8006,0,0,0,1,1847
8007,0,0,0,1,4
8008,0,1952,577,3847,1848
8009,0,0,0,1,2
801,0,1,1,266,427
8010,0,1953,578,3848,1849
8011,0,0,0,1328,8736
8012,0,1187,3146,1329,8737
8013,0,1,1,15,30
8014,0,1954,579,3849,1850
8015,0,1955,580,3850,1851
8016,0,1956,581,3851,1852
8017,0,1,1,1330,8738
8018,0,1,1,5,8739
8019,0,0,0,2,1
802,0,1,1,20,19
8020,0,0,0,9,11
8021,0,345,1738,6042,4998
8022,0,0,0,1,2
8023,3,1188,3147,1331,8740
8024,0,346,1739,6043,4999
8025,0,0,0,1,2
8026,0,0,0,2,1
8027,0,0,0,2,1
8028,0,0,0,1,2
8029,0,0,0,1,2
803,0,1,1,21,86
8030,0,4,4,1332,8741
8031,0,0,3,7,5
8032,0,1,1,15,30
8033,0,1957,582,3852,1853
8034,1,1189,3148,1333,8742
8035,0,22,583,3853,1854
8036,0,0,0,1,2
8037,0,0,3,7,5
8038,0,1,1,5,13
8039,0,0,0,1334,8743
804,0,0,0,2,1
8040,0,1,1,616,1855
8041,0,4,4,3854,1856
8042,0,4,4,3855,1857
8043,0,0,0,0,0
8044,0,0,0,0,0
8045,0,0,0,0,0
8046,0,1,1,4,6
8047,0,1,1,4,299
8048,0,0,0,3,3
8049,0,0,0,0,0
805,0,4,2808,696,7841
8050,0,0,0,0,0
8051,0,0,0,147,311
8052,0,0,0,1,2
8053,0,0,584,3856,1858
8054,0,1,1,15,97
8055,0,0,0,2,1
8056,0,1190,3149,1335,8744
8057,0,0,0,1,2
8058,0,4,4,8,5000
8059,0,0,0,16,280
806,0,0,0,1,4
8060,5,347,1740,6044,5001
8061,0,0,0,0,0
8062,0,0,585,3857,1859
8063,0,0,0,0,0
8064,0,348,1741,6045,5002
8065,0,0,0,0,5003
8066,0,0,0,3858,1860
8067,0,0,3150,1336,8745
8068,0,349,1742,6046,5004
8069,0,0,0,14,32
807,0,0,0,6,7
8070,0,0,0,0,5005
8071,0,0,0,0,0
8072,0,0,0,3859,1861
8073,0,0,0,0,503
8074,0,0,0,13,10
8075,0,0,0,0,1862
8076,0,0,0,221,484
8077,0,0,0,0,0
8078,0,2,2,3860,1863
8079,0,0,0,1337,8746
808,0,1,1,5,8
8080,0,0,0,0,0
8081,0,2,2,10,8747
8082,0,1958,586,3861,1864
8083,0,6,7,17,18
8084,0,6,7,17,18
8085,0,0,0,0,0
8086,0,0,0,14,22
8087,0,0,0,0,0
8088,0,0,0,0,0
8089,0,0,0,0,0
809,0,1,1,5,8
8090,240,350,1743,6047,5006
8091,0,0,0,0,0
8092,0,0,0,0,881
8093,0,0,0,0,0
8094,0,0,0,13,10
8095,0,0,0,0,0
8096,0,0,0,0,90
8097,0,0,3151,1338,8748
8098,0,6,7,3862,1865
8099,0,0,0,0,0
81,0,0,0,0,0
810,0,0,0,2,1
8100,0,0,0,0,0
8101,0,0,0,0,0
8102,0,0,0,0,0
8103,0,6,7,17,1866
8104,0,1,1,4,6
8105,0,1,1,4,5007
8106,0,1,1,4,6
8107,0,1,1,4,6
8108,0,3,6,6048,5008
8109,0,3,6,6049,5009
811,0,0,0,6,14
8110,0,1,1,4,6
8111,0,3,6,3863,1867
8112,0,0,0,3,3
8113,0,0,0,3,3
8114,0,0,0,3,3
8115,0,1,1,4,569
8116,0,3,6,1339,8749
8117,0,1,1,4,6
8118,0,0,0,0,0
8119,0,0,0,0,0
812,0,0,0,6,14
8120,0,0,0,14,22
8121,0,2,2,10,87
8122,0,0,0,38,45
8123,0,0,0,0,0
8124,0,0,0,0,0
8125,0,0,0,0,0
8126,0,2,2,1340,8750
8127,0,0,0,14,32
8128,0,0,9,35,43
8129,0,2,2,6050,5010
813,0,0,0,6,17
8130,0,0,0,0,0
8131,0,0,0,0,0
8132,0,2,2,10,15
8133,0,0,0,0,0
8134,0,0,0,0,0
8135,0,0,0,0,0
8136,0,0,0,13,10
8137,0,2,2,10,26
8138,0,0,0,0,0
8139,0,2,2,10,15
814,0,1,1,5,8
8140,0,0,0,3,3
8141,0,1,1,4,6
8142,0,6,7,17,18
8143,0,0,0,0,0
8144,0,0,0,0,0
8145,0,0,0,0,0
8146,0,3,8,155,5011
8147,0,1,1,4,6
8148,0,0,0,3,3
8149,0,0,0,3,8751
815,0,1,1,5,8
8150,0,0,0,3,3
8151,0,0,0,3,3
8152,0,0,0,3,3
8153,0,0,0,3,3
8154,0,0,0,3,3
8155,0,0,0,3,3
8156,0,0,0,3,3
8157,0,0,0,3,3
8158,0,1,1,4,5012
8159,0,1,1,4,421
816,0,0,0,6,7
8160,0,1,1,4,6
8161,0,1,1,4,421
8162,0,1,1,4,5013
8163,0,1,1,4,988
8164,0,0,0,3,3
8165,0,0,3152,1341,8752
8166,0,0,0,52,118
8167,0,0,0,52,118
8168,0,0,0,52,254
8169,0,0,0,52,118
817,0,1,1,5,8
8170,0,0,0,52,1868
8171,0,0,0,52,118
8172,0,0,0,52,254
8173,0,0,0,52,254
8174,0,0,0,52,118
8175,0,3,6,412,5014
8176,0,1,1,4,6
8177,0,1,1,4,408
8178,0,2,2,18,16
8179,0,3,8,338,1869
818,0,5,5,11,4056
8180,0,1,1,4,6
8181,0,3,6,1342,8753
8182,0,1,1,3864,1870
8183,0,0,0,52,118
8184,0,0,0,3,3
8185,0,2,2,18,5015
8186,0,1,1,4,408
8187,0,0,0,3,3
8188,0,1,1,4,6
8189,0,0,0,3,3
819,0,0,0,2,1
8190,0,0,0,52,118
8191,0,1,1,4,6
8192,0,1,1,4,6
8193,0,2,2,18,16
8194,0,2,2,18,16
8195,0,3,6,412,1871
8196,0,0,0,0,216
8197,0,0,0,0,0
8198,0,0,0,14,22
8199,0,0,9,54,175
82,0,0,0,13,10
820,0,1,1,5,8
8200,0,2,2,10,68
8201,0,0,0,13,10
8202,0,0,0,0,0
8203,0,0,0,0,42
8204,0,0,0,0,0
8205,0,0,0,0,0
8206,0,0,0,1343,8754
8207,0,0,0,0,0
8208,0,0,0,0,0
8209,0,0,0,1344,8755
821,0,1794,288,3326,1097
8210,0,0,0,3865,1872
8211,0,0,0,0,0
8212,0,0,0,0,0
8213,0,0,0,0,0
8214,0,0,0,0,0
8215,0,2,2,10,26
8216,0,0,0,0,0
8217,0,0,0,1345,8756
8218,0,0,587,3866,1873
8219,0,0,0,0,0
822,0,0,0,6,7
8220,0,0,0,0,5016
8221,0,0,9,35,43
8222,0,0,0,0,0
8223,0,0,0,1346,8757
8224,0,0,0,0,0
8225,0,0,0,0,0
8226,0,6,7,17,18
8227,0,0,0,0,0
8228,0,6,7,17,5017
8229,0,6,588,3867,1874
823,0,5,5,11,12
8230,0,0,0,14,22
8231,0,0,0,0,0
8232,0,2,2,10,68
8233,0,0,0,13,10
8234,0,0,0,0,0
8235,0,0,0,1347,8758
8236,0,2,2,10,15
8237,0,0,0,0,0
8238,0,0,0,0,5018
8239,0,0,0,0,49
824,0,0,0,2,1
8240,0,0,0,0,0
8241,0,0,0,0,0
8242,0,0,0,0,0
8243,0,0,0,0,42
8244,0,0,0,0,0
8245,0,0,0,0,0
8246,0,0,0,0,0
8247,0,0,0,0,0
8248,0,0,0,0,0
8249,2,1959,589,3868,1875
825,0,0,0,6,7
8250,0,0,0,0,0
8251,0,0,0,0,0
8252,0,0,0,13,10
8253,0,0,0,0,0
8254,0,0,0,0,0
8255,0,0,0,0,882
8256,0,0,0,0,0
8257,0,0,0,0,0
8258,0,0,0,13,10
8259,0,0,0,14,22
826,0,0,0,27,7842
8260,0,0,0,0,0
8261,0,2,2,10,5019
8262,0,0,0,13,10
8263,0,0,0,0,0
8264,0,0,0,13,10
8265,0,0,0,13,10
8266,0,0,0,0,882
8267,0,0,0,13,10
8268,0,0,0,0,0
8269,0,0,0,0,0
827,0,0,0,697,7843
8270,0,0,0,0,0
8271,0,0,0,0,0
8272,2,34,1744,6051,5020
8273,2,34,1745,6052,5021
8274,2,34,3153,1348,8759
8275,0,0,0,0,0
8276,2,34,1746,6053,5022
8277,2,34,3154,1349,8760
8278,0,0,0,0,0
8279,2,34,1747,6054,5023
828,0,0,0,698,7844
8280,0,0,0,0,0
8281,0,0,0,0,0
8282,0,6,7,17,18
8283,0,2,2,10,15
8284,0,0,0,0,0
8285,0,0,9,56,119
8286,0,2,2,10,26
8287,0,0,0,14,22
8288,0,0,0,0,0
8289,0,0,0,0,0
829,0,1,1,370,830
8290,0,0,0,0,462
8291,0,0,0,0,73
8292,0,0,0,0,0
8293,0,0,0,13,10
8294,0,0,0,13,10
8295,0,0,0,0,0
8296,0,0,0,0,0
8297,0,0,0,38,45
8298,0,0,0,0,0
8299,0,0,0,0,0
83,0,0,0,13,10
830,0,0,3,7,5
8300,0,0,0,0,0
8301,0,0,0,0,0
8302,0,0,0,13,10
8303,0,2,2,10,26
8304,0,0,0,0,0
8305,0,0,0,0,0
8306,0,0,0,0,0
8307,0,0,9,35,43
8308,0,0,0,1,2
8309,0,1,1,413,5024
831,0,0,0,2,1
8310,0,0,0,1,4
8311,0,0,0,1,4
8312,0,0,0,1,4
8313,0,4,4,43,8761
8314,0,4,4,3869,1876
8315,0,351,1748,6055,5025
8316,0,0,0,1,5026
8317,0,0,0,2,1
8318,4,11,1749,6056,5027
8319,0,0,0,1,4
832,0,0,0,1,4
8320,0,0,0,2,1
8321,0,1,1,5,13
8322,0,0,0,1,4
8323,0,0,0,1,4
8324,0,0,0,6057,5028
8325,0,0,0,537,8762
8326,4,11,43,6058,5029
8327,0,0,0,1,4
8328,0,0,0,537,1877
8329,0,0,0,0,0
833,0,143,1404,5390,4057
8330,0,0,1750,6059,5030
8331,0,0,0,0,0
8332,0,0,0,0,1878
8333,2,31,3155,1350,8763
8334,0,0,0,0,0
8335,2,31,104,1351,8764
8336,0,0,0,0,0
8337,0,0,1751,6060,5031
8338,0,0,0,0,271
8339,0,0,590,3870,1879
834,0,1003,2809,699,7845
8340,0,0,0,0,271
8341,0,0,0,0,0
8342,0,0,0,0,0
8343,0,1191,3156,1352,8765
8344,0,0,0,0,0
8345,0,6,7,17,5032
8346,0,0,0,0,0
8347,0,0,3157,1353,8766
8348,0,0,0,0,0
8349,0,0,0,0,0
835,0,0,3,7,5
8350,0,0,0,112,453
8351,0,0,0,0,0
8352,0,0,0,0,0
8353,0,0,0,0,0
8354,2,31,173,1354,8767
8355,0,0,0,6061,5033
8356,0,0,0,296,5034
8357,0,0,0,1355,8768
8358,0,0,0,1356,8769
8359,0,0,0,13,10
836,0,1795,289,3327,1098
8360,0,0,0,14,8770
8361,0,0,0,0,0
8362,0,0,0,0,0
8363,0,0,0,0,0
8364,0,0,0,0,0
8365,0,0,0,0,0
8366,0,0,0,0,0
8367,0,0,3158,1357,8771
8368,0,0,0,0,8772
8369,0,0,0,0,0
837,0,0,0,1,2
8370,0,0,9,274,5035
8371,0,0,0,14,5036
8372,0,0,0,0,0
8373,0,2,2,10,26
8374,0,0,0,0,0
8375,0,0,0,0,1880
8376,0,0,0,0,0
8377,0,2,2,18,16
8378,0,1,1,5,1881
8379,0,0,0,0,1882
838,0,0,0,1,4
8380,0,0,0,0,0
8381,0,6,7,17,18
8382,0,0,0,0,0
8383,0,0,0,0,0
8384,0,2,2,10,15
8385,0,0,0,0,0
8386,0,0,0,0,0
8387,0,0,0,13,10
8388,0,0,0,0,0
8389,0,0,0,0,0
839,0,0,0,1,4
8390,0,0,0,0,0
8391,0,0,0,38,45
8392,0,0,0,0,0
8393,0,0,0,0,0
8394,0,0,0,0,0
8395,0,2,2,10,26
8396,0,0,9,35,43
8397,0,1,1,6062,5037
8398,0,1,1,4,234
8399,0,1,1,4,5038
84,0,0,0,3,3
840,0,1004,2810,700,7846
8400,0,1,1,606,8773
8401,0,3,6,1358,8774
8402,0,1,1,1359,8775
8403,0,1,1,4,234
8404,0,1,1,4,234
8405,0,1,1,3871,1883
8406,0,1,1,4,234
8407,0,1,1,4,6
8408,0,0,0,3,3
8409,0,0,0,3,3
841,0,0,0,701,7847
8410,0,0,0,3,3
8411,0,0,0,3,3
8412,0,2,2,18,16
8413,0,0,0,3,3
8414,0,0,0,3,3
8415,0,1,1,4,111
8416,0,3,6,26,5039
8417,0,1,1,538,640
8418,0,2,2,10,87
8419,0,0,0,13,10
842,0,0,0,1,4
8420,0,0,0,13,10
8421,0,0,0,0,0
8422,0,0,0,14,22
8423,0,0,0,13,10
8424,0,0,0,0,0
8425,0,0,0,0,90
8426,0,0,0,0,0
8427,0,0,0,0,0
8428,0,0,0,0,0
8429,0,0,0,0,0
843,0,0,0,6,34
8430,0,0,0,0,0
8431,0,0,0,0,0
8432,0,0,0,0,0
8433,0,6,7,17,883
8434,0,2,2,10,15
8435,0,3,6,1360,8776
8436,0,1,1,6063,5040
8437,0,3,6,6064,5041
8438,0,3,6,3872,1884
8439,0,1,1,4,6
844,0,0,0,6,34
8440,0,3,6,1361,8777
8441,0,3,6,6065,5042
8442,0,3,8,1362,8778
8443,0,0,0,3,41
8444,0,2,2,10,15
8445,0,2,2,10,15
8446,0,0,0,0,0
8447,0,0,0,0,0
8448,0,0,0,0,0
8449,0,0,0,0,0
845,0,0,0,0,0
8450,0,0,0,0,0
8451,0,0,0,0,0
8452,0,0,0,0,0
8453,0,0,0,3,3
8454,0,0,0,3,3
8455,0,1,1,4,6
8456,0,0,0,0,0
8457,0,0,0,0,1885
8458,0,0,1752,6066,5043
8459,0,0,0,0,0
846,0,0,0,0,0
8460,0,0,0,0,0
8461,0,0,0,6067,5044
8462,0,0,0,0,0
8463,0,0,0,0,0
8464,0,0,0,0,0
8465,0,0,0,3,3
8466,0,3,6,1363,8779
8467,0,1,1,4,33
8468,0,1,1,4,33
8469,0,0,0,3,3
847,0,0,0,0,0
8470,0,3,6,3873,1886
8471,0,0,0,3,3
8472,0,1,1,4,6
8473,0,1,1,4,6
8474,0,0,0,3,8780
8475,0,0,0,3,3
8476,0,0,0,3,3
8477,0,0,0,3,3
8478,0,0,0,3,3
8479,0,0,3159,1364,8781
848,0,0,0,0,0
8480,0,3,6,3874,1887
8481,0,0,0,3,3
8482,0,0,0,3,3
8483,0,3,6,124,1888
8484,0,1,1,4,8782
8485,0,3,8,155,5045
8486,0,0,0,3,5046
8487,0,0,0,3,3
8488,0,0,0,3,3
8489,0,3,6,26,1889
849,0,0,0,0,0
8490,0,2,2,18,16
8491,0,1,1,4,8783
8492,0,1,1,4,6
8493,0,1,1,4,6
8494,0,0,0,0,0
8495,0,0,0,1365,8784
8496,0,3,6,6068,5047
8497,0,1,1,4,884
8498,0,2,2,10,15
8499,0,0,0,0,0
85,0,0,2776,641,7758
850,0,0,0,0,0
8500,0,0,0,0,0
8501,0,0,0,0,0
8502,0,0,27,108,8785
8503,0,0,0,0,0
8504,0,0,27,433,8786
8505,0,0,0,0,0
8506,0,1,1,181,409
8507,0,1,1,1366,8787
8508,0,1,1,4,824
8509,0,1,1,181,409
851,0,0,0,0,0
8510,0,1,1,3875,1890
8511,0,1,1,3876,1891
8512,0,1,1,1367,8788
8513,0,0,0,3,3
8514,0,0,0,3,3
8515,0,0,0,3,3
8516,0,1,1,4,6
8517,0,1,1,1368,8789
8518,0,1,1,259,423
8519,0,1,1,259,1892
852,0,0,0,0,4058
8520,0,1,1,1369,8790
8521,0,1,1,4,6
8522,0,2,2,18,16
8523,0,1,1,4,33
8524,0,1,1,4,33
8525,0,1,1,4,6
8526,0,0,0,0,0
8527,0,0,0,0,0
8528,0,0,0,0,0
8529,0,0,0,0,37
853,0,0,0,0,0
8530,0,0,0,0,0
8531,0,0,0,0,37
8532,0,0,0,0,0
8533,0,0,0,0,37
8534,0,0,0,0,37
8535,0,0,0,14,22
8536,0,0,0,0,0
8537,0,0,0,0,0
8538,0,0,0,0,0
8539,0,6,7,17,18
854,0,0,0,2,36
8540,0,0,0,0,0
8541,0,0,0,0,0
8542,0,6,7,17,18
8543,0,0,0,0,0
8544,0,0,0,0,0
8545,0,0,0,0,0
8546,0,0,0,0,0
8547,0,6,7,17,18
8548,0,0,0,0,0
8549,0,6,7,17,668
855,0,1,1,5,831
8550,0,0,0,0,0
8551,0,6,194,539,1893
8552,0,0,0,73,885
8553,0,0,0,0,0
8554,0,2,2,10,15
8555,0,0,0,0,5048
8556,0,0,0,0,0
8557,0,0,0,0,0
8558,29,93,174,1370,8791
8559,0,0,0,0,0
856,0,1,1,5,21
8560,29,93,174,6069,5049
8561,0,0,0,0,0
8562,0,0,0,339,454
8563,0,6,7,17,18
8564,0,0,0,0,0
8565,0,0,0,0,0
8566,0,0,0,0,0
8567,0,0,0,0,0
8568,0,1,1,5,581
8569,0,0,0,6070,5050
857,0,0,0,12,9
8570,0,0,0,1,2
8571,0,0,0,6,7
8572,0,1,1,5,656
8573,0,1,1,21,886
8574,0,1960,591,3877,1894
8575,0,0,3,7,5
8576,0,1,1,527,8792
8577,77,1192,3160,1371,8793
8578,78,1193,3161,1372,8794
8579,0,0,0,3,3
858,0,1,1,5,8
8580,0,1,1,4,1895
8581,0,0,0,3,3
8582,0,0,0,3,3
8583,0,0,0,3,3
8584,0,3,6,3878,1896
8585,0,3,6,6071,5051
8586,0,2,2,18,16
8587,0,3,592,3879,1897
8588,0,1,1,4,6
8589,0,3,6,26,8795
859,0,0,0,29,31
8590,0,0,0,0,0
8591,0,0,0,0,0
8592,0,1,1,3880,1898
8593,0,0,0,0,0
8594,0,0,0,0,0
8595,0,6,7,17,529
8596,0,2,2,10,15
8597,0,1,1,46,1899
8598,2,1194,3162,1373,8796
8599,0,0,0,0,0
86,0,0,0,3,3
860,0,0,290,3328,1099
8600,0,1,1,46,173
8601,0,0,0,13,10
8602,0,0,0,13,10
8603,0,0,0,0,0
8604,0,0,0,13,10
8605,0,0,0,0,0
8606,0,0,0,13,10
8607,0,0,0,14,22
8608,0,0,0,13,10
8609,0,0,0,0,0
861,0,0,0,0,0
8610,0,6,7,17,18
8611,0,0,0,0,0
8612,0,2,2,10,15
8613,0,0,0,13,10
8614,0,0,0,13,10
8615,0,0,0,13,10
8616,0,0,0,13,10
8617,0,0,0,13,10
8618,0,0,0,0,0
8619,0,0,0,0,719
862,0,2,2,702,7848
8620,0,0,0,13,10
8621,0,0,0,0,0
8622,0,0,0,14,22
8623,0,0,0,14,32
8624,0,0,0,0,0
8625,0,0,0,0,0
8626,0,2,2,10,348
8627,0,0,0,0,0
8628,0,0,0,13,10
8629,0,0,9,297,5052
863,0,0,0,0,0
8630,0,0,0,0,0
8631,0,0,0,0,0
8632,0,0,0,414,5053
8633,0,0,0,0,0
8634,0,0,0,0,0
8635,0,6,7,17,18
8636,0,0,0,3,3
8637,0,0,0,3,3
8638,0,0,0,47,8797
8639,0,0,0,47,5054
864,0,2,2,10,26
8640,0,0,1753,6072,5055
8641,0,0,0,1374,8798
8642,0,0,0,3,455
8643,0,0,0,3,455
8644,0,0,0,3,3
8645,0,0,0,47,867
8646,0,0,0,47,657
8647,0,0,0,3,3
8648,0,0,0,0,0
8649,0,0,0,0,0
865,0,0,0,14,1100
8650,0,0,1754,6073,5056
8651,0,0,0,0,0
8652,0,0,0,0,0
8653,0,6,7,1375,8799
8654,0,0,0,0,0
8655,13,70,258,3881,1900
8656,0,0,1755,6074,5057
8657,0,2,2,10,26
8658,0,0,0,13,10
8659,0,0,0,0,8800
866,0,0,0,0,0
8660,0,0,0,0,0
8661,0,1,1,20,19
8662,0,0,3,7,5
8663,0,0,0,9,11
8664,0,0,0,2,1
8665,0,0,0,2,1
8666,0,0,0,1,4
8667,0,4,4,156,328
8668,0,1,1,20,19
8669,0,0,0,1,2
867,0,0,0,5391,4059
8670,0,0,0,2,1
8671,0,1,1,5,59
8672,0,4,4,6075,5058
8673,0,0,0,2,1
8674,0,0,0,1,4
8675,0,352,1756,6076,5059
8676,35,1961,593,3882,1901
8677,0,1,1,21,60
8678,0,1962,594,3883,1902
8679,0,0,0,1,4
868,0,0,1405,5392,4060
8680,0,0,0,1,4
8681,0,0,0,2,1
8682,0,0,3,7,5
8683,0,4,4,8,20
8684,0,1,80,298,5060
8685,0,0,0,2,1
8686,0,0,0,1,2
8687,0,0,3,7,5
8688,0,0,3,7,5
8689,0,0,0,9,11
869,0,0,1406,5393,4061
8690,0,1,1,1376,8801
8691,0,1,1,5,267
8692,0,0,0,1,2
8693,0,0,0,1,2
8694,0,0,0,1,4
8695,0,0,0,1,4
8696,0,0,0,0,0
8697,0,0,0,9,8802
8698,0,0,0,12,9
8699,0,0,0,1377,8803
87,0,1,1,5,588
870,0,0,0,3329,1101
8700,4,11,24,45,65
8701,0,0,0,1,4
8702,0,1,1,20,19
8703,0,3,6,1378,8804
8704,0,4,4,8,5061
8705,0,0,0,2,1
8706,0,1,1,5,13
8707,0,0,0,1,4
8708,0,0,0,48,559
8709,0,0,0,0,0
871,0,1,1,5,8
8710,6,40,3163,1379,8805
8711,0,0,595,3884,1903
8712,0,2,2,3885,1904
8713,0,0,0,0,5062
8714,0,0,0,6077,5063
8715,0,0,0,222,8806
8716,0,0,0,0,658
8717,0,0,0,415,5064
8718,0,0,0,415,1905
8719,0,0,0,222,5065
872,0,1,1,5,7849
8720,0,0,0,0,658
8721,0,0,0,0,0
8722,0,0,0,222,5066
8723,0,2,2,25,8807
8724,0,0,0,16,24
8725,5,1195,3164,1380,8808
8726,5,1196,3165,1381,8809
8727,0,71,1757,6078,5067
8728,0,0,1758,6079,5068
8729,0,0,0,22,133
873,0,1,1,5,8
8730,0,0,0,222,1906
8731,0,71,596,3886,1907
8732,0,0,19,3887,1908
8733,0,0,10,1382,8810
8734,0,9,15,3888,1909
8735,0,0,0,13,10
8736,0,0,0,0,0
8737,0,0,0,0,0
8738,0,0,0,0,0
8739,0,0,0,0,49
874,0,1,1,5,8
8740,0,0,0,0,0
8741,0,0,0,0,0
8742,0,0,0,0,0
8743,0,0,0,14,22
8744,0,0,0,0,1910
8745,0,0,0,0,0
8746,0,0,0,0,0
8747,0,0,0,3889,1911
8748,0,0,0,0,0
8749,0,6,7,17,8811
875,0,0,0,508,977
8750,0,0,0,3890,1912
8751,0,0,0,339,454
8752,0,0,0,339,454
8753,0,0,0,0,0
8754,0,0,0,0,0
8755,0,0,0,0,0
8756,2,353,1759,6080,5069
8757,0,0,0,0,0
8758,0,0,0,0,0
8759,0,0,0,0,0
876,0,1,1,5,8
8760,2,1963,597,3891,1913
8761,0,0,0,0,226
8762,0,0,0,0,226
8763,0,0,0,0,226
8764,0,0,0,0,0
8765,0,0,0,0,226
8766,0,2,2,10,26
8767,0,1197,3166,1383,8812
8768,0,0,0,14,1914
8769,0,0,0,0,226
877,0,1,1,5,8
8770,0,0,0,13,10
8771,0,0,0,0,5070
8772,0,0,0,0,0
8773,0,0,0,0,0
8774,0,0,0,0,0
8775,0,0,0,0,0
8776,0,0,0,0,0
8777,0,0,0,0,8813
8778,0,6,7,17,8814
8779,0,0,0,0,0
878,1,1005,2811,703,7850
8780,0,0,40,6081,5071
8781,0,0,0,2,36
8782,0,0,0,2,1
8783,0,0,0,9,11
8784,0,4,4,156,328
8785,0,0,0,1,4
8786,0,1,1,20,19
8787,0,0,0,1,4
8788,0,0,0,2,1
8789,0,0,0,2,1
879,0,144,1407,5394,4062
8790,0,4,4,156,5072
8791,0,0,3,7,5
8792,0,1,1,5,13
8793,0,4,4,8,94
8794,0,1,1,5,13
8795,0,0,3,7,5
8796,0,1,1,20,19
8797,0,0,0,3892,1915
8798,0,1,1,20,19
8799,0,0,0,2,1
88,0,0,0,1,2
880,0,0,0,1,2
8800,0,1,1,20,19
8801,0,1,1,15,196
8802,0,1,1,20,19
8803,0,0,3,7,5
8804,0,354,1760,6082,5073
8805,0,0,0,1,2
8806,0,1,1,20,19
8807,0,0,0,2,36
8808,0,1,1,5,21
8809,0,0,0,2,36
881,0,0,0,6,7
8810,0,1,1,5,21
8811,0,0,0,22,104
8812,0,0,0,16,24
8813,0,0,21,103,159
8814,0,9,15,72,190
8815,0,2,2,25,102
8816,0,0,0,0,0
8817,0,1,1,4,456
8818,0,2,2,18,457
8819,0,1,1,4,456
882,0,0,0,6,7
8820,0,1,1,4,456
8821,0,2,2,18,457
8822,0,1,1,3893,1916
8823,0,2,2,10,15
8824,0,0,0,6083,5074
8825,0,0,3167,1384,8815
8826,0,0,598,3894,1917
8827,0,6,7,1385,8816
8828,0,0,0,0,261
8829,0,0,0,0,261
883,0,0,0,6,428
8830,0,1,1,4,6
8831,0,1,1,4,6
8832,0,1,1,6084,5075
8833,0,1,1,3895,1918
8834,0,0,0,6085,5076
8835,0,0,0,3,3
8836,0,0,0,3,3
8837,0,2,2,18,16
8838,0,1,599,3896,1919
8839,0,3,6,3897,1920
884,0,1,1,5,8
8840,0,0,0,3,3
8841,0,3,6,6086,5077
8842,0,0,0,0,0
8843,0,0,0,3898,1921
8844,0,0,0,0,1922
8845,0,0,27,131,276
8846,0,6,7,17,18
8847,0,0,0,0,0
8848,0,0,0,3,3
8849,0,0,0,3,3
885,0,0,0,6,7
8850,0,0,0,299,561
8851,0,0,0,299,561
8852,0,0,0,3,3
8853,0,3,8,6087,5078
8854,0,0,0,299,561
8855,0,0,0,3,3
8856,0,1,1,1386,8817
8857,0,1,1,4,6
8858,0,0,0,2,1
8859,0,0,0,1,4
886,0,0,0,5395,4063
8860,0,0,0,2,1
8861,0,1,1,19,163
8862,0,4,1761,6088,5079
8863,0,,,,
8864,0,355,1762,6089,5080
8865,0,0,0,1,2
8866,0,0,0,2,1
8867,0,0,0,1,2
8868,0,0,0,2,1
8869,1,356,1763,6090,5081
887,0,0,291,3330,1102
8870,0,94,3168,1387,8818
8871,0,0,0,3899,1923
8872,0,1964,600,3900,1924
8873,1,1965,601,3901,1925
8874,0,0,0,6,7
8875,0,20,55,6091,5082
8876,0,20,135,416,5083
8877,0,0,86,182,8819
8878,0,20,55,1388,8820
8879,0,20,135,416,5084
888,0,5,5,704,7851
8880,0,20,55,169,1926
8881,0,20,55,169,1001
8882,0,20,602,3902,1927
8883,0,20,603,3903,1928
8884,0,20,135,1389,8821
8885,0,0,86,182,340
8886,0,0,86,182,340
8887,0,0,86,182,340
8888,0,20,55,169,1001
8889,0,3,8,3904,1929
889,0,0,0,2,4064
8890,0,1,604,3905,1930
8891,0,3,6,1390,8822
8892,0,0,0,3,3
8893,0,2,2,18,16
8894,0,0,0,3,3
8895,0,1,1764,6092,5085
8896,0,3,6,6093,5086
8897,0,3,6,3906,1931
8898,0,3,6,3907,1932
8899,0,2,2,18,16
89,0,987,2777,642,7759
890,0,1,1,5,8
8900,0,0,605,3908,1933
8901,0,3,6,3909,1934
8902,0,3,1765,6094,5087
8903,0,3,3169,1391,8823
8904,0,3,8,6095,5088
8905,0,0,0,3,3
8906,0,0,0,3,3
8907,0,0,0,3,3
8908,0,3,8,1392,8824
8909,0,0,3170,1393,8825
891,0,0,0,6,7
8910,0,0,0,0,0
8911,0,0,606,3910,1935
8912,0,0,0,1394,8826
8913,0,1966,607,3911,1936
8914,0,0,0,0,0
8915,0,0,0,0,0
8916,0,3,1766,6096,5089
8917,0,3,6,1395,8827
8918,0,0,0,3,3
8919,0,3,6,6097,5090
892,0,1,1,5,8
8920,0,3,6,26,8828
8921,0,3,1767,6098,5091
8922,0,0,0,3,8829
8923,0,0,0,3,3
8924,0,0,0,6099,5092
8925,0,0,0,3,3
8926,0,0,0,0,5093
8927,0,0,0,6100,5094
8928,0,0,0,1396,8830
8929,0,2,2,3912,1937
893,0,0,0,6,4065
8930,0,0,0,0,5095
8931,0,0,0,0,8831
8932,0,0,0,0,5096
8933,0,0,0,0,1938
8934,0,1,3171,1397,8832
8935,0,0,0,3,3
8936,0,1,608,3913,1939
8937,0,1,1768,6101,5097
8938,0,1,1,1398,8833
8939,0,1,1,1399,8834
894,0,0,0,6,428
8940,0,1,1,4,5098
8941,0,3,6,1400,8835
8942,0,1,1,1401,8836
8943,0,1,1,4,659
8944,0,1,1,6102,5099
8945,0,1,609,3914,1940
8946,0,1,1769,6103,5100
8947,0,1,1,4,659
8948,0,1,1,6104,5101
8949,0,1,1,4,8837
895,0,0,0,6,428
8950,0,1,1,4,6
8951,0,1,1,4,6
8952,0,1,1,4,6
8953,0,1,610,3915,1941
8954,0,3,8,1402,8838
8955,0,3,6,6105,5102
8956,0,0,0,3,3
8957,0,0,0,3,3
8958,0,1,1,6106,5103
8959,0,2,2,18,16
896,0,0,0,508,977
8960,0,0,1770,6107,5104
8961,0,0,1771,6108,5105
8962,0,1198,3172,1403,8839
8963,0,2,2,10,5106
8964,0,0,0,0,0
8965,0,0,0,0,0
8966,0,0,0,0,0
8967,0,2,2,6109,5107
8968,0,2,2,10,15
8969,0,0,0,0,0
897,0,1,1,5,7852
8970,0,0,0,0,0
8971,0,0,0,0,0
8972,0,6,7,6110,5108
8973,0,2,2,10,15
8974,0,0,0,0,0
8975,0,0,0,0,0
8976,0,0,0,0,0
8977,0,0,0,0,0
8978,0,6,7,17,18
8979,0,2,2,10,15
898,0,0,0,5396,4066
8980,0,2,2,10,15
8981,0,2,2,10,15
8982,0,2,2,10,1942
8983,0,6,7,17,18
8984,0,6,7,1404,8840
8985,0,2,2,18,16
8986,0,1,1,1405,8841
8987,0,1,1,4,5109
8988,0,1,1,1406,8842
8989,0,1,1,3916,1943
899,0,5,5,11,12
8990,0,1,1,4,5110
8991,0,1,1,4,5111
8992,0,1,1,4,1944
8993,0,1,1,4,1945
8994,0,0,0,3,3
8995,0,3,6,6111,5112
8996,0,1,1,4,5113
8997,0,1,1,4,6
8998,0,1,3173,1407,8843
8999,0,1,1,1408,8844
9,0,0,0,5330,3974
90,0,0,0,1,2
900,0,1796,292,3331,1103
9000,0,3,6,26,208
9001,0,1,1,6112,5114
9002,0,0,0,3,3
9003,0,3,6,6113,5115
9004,0,1,1,4,5116
9005,0,1,1,4,8845
9006,0,1,1,4,1946
9007,0,1,1,1409,8846
9008,0,1,1,4,8847
9009,0,0,0,0,0
901,0,0,0,1,2
9010,0,6,1772,6114,5117
9011,0,0,0,0,0
9012,0,6,3174,1410,8848
9013,0,0,0,6115,5118
9014,0,357,1773,6116,5119
9015,0,0,0,0,0
9016,0,0,0,3917,1947
9017,0,0,0,0,0
9018,0,0,0,0,0
9019,0,0,0,0,0
902,0,1,1,5,7853
9020,0,0,0,0,5120
9021,0,2,2,10,15
9022,0,0,0,3918,1948
9023,0,2,2,10,15
9024,0,0,0,3919,1949
9025,0,0,0,6117,5121
9026,0,0,0,0,0
9027,0,2,2,10,15
9028,0,0,0,6118,5122
9029,0,0,0,0,0
903,0,0,0,2,1
9030,0,0,0,0,0
9031,0,0,0,0,0
9032,0,6,3175,1411,8849
9033,0,2,2,10,15
9034,0,6,611,3920,1950
9035,0,0,0,0,0
9036,0,6,3176,1412,8850
9037,0,358,1774,6119,5123
9038,0,0,0,1413,8851
9039,0,0,0,0,0
904,0,0,0,6,7
9040,0,0,0,6120,5124
9041,0,0,0,1414,8852
9042,0,0,0,0,0
9043,0,1967,612,3921,1951
9044,0,0,0,0,0
9045,0,0,0,0,0
9046,0,0,0,0,0
9047,0,2,2,10,15
9048,0,0,0,0,0
9049,0,0,0,3922,1952
905,0,0,0,6,7
9050,0,0,0,3923,1953
9051,0,0,0,3924,1954
9052,0,0,0,0,0
9053,0,0,3177,1415,8853
9054,0,0,0,0,0
9055,0,0,0,6121,5125
9056,79,1199,3178,1416,8854
9057,0,0,0,0,0
9058,0,0,0,6122,5126
9059,0,0,0,0,0
906,0,0,0,6,7
9060,0,0,0,0,0
9061,0,0,0,0,0
9062,0,359,1775,6123,5127
9063,0,0,0,0,0
9064,0,0,0,0,0
9065,0,0,0,0,0
9066,0,6,3179,1417,8855
9067,0,0,0,0,0
9068,0,0,0,1418,8856
9069,0,0,0,3925,1955
907,0,0,0,6,7
9070,0,0,0,0,0
9071,0,0,0,0,0
9072,0,0,0,0,0
9073,0,0,0,6124,5128
9074,0,0,0,3926,1956
9075,0,0,0,3927,1957
9076,0,0,0,0,0
9077,0,2,2,3928,1958
9078,0,0,0,0,0
9079,0,6,3180,1419,8857
908,0,0,0,6,4067
9080,0,0,3181,1420,8858
9081,0,6,7,17,8859
9082,0,0,0,0,0
9083,0,0,1776,6125,5129
9084,0,0,0,0,0
9085,0,2,2,10,5130
9086,0,2,2,10,15
9087,0,6,613,3929,1959
9088,0,2,2,10,15
9089,0,6,1777,6126,5131
909,0,0,0,6,14
9090,0,0,0,0,0
9091,0,0,0,0,0
9092,0,0,0,0,0
9093,0,0,56,247,341
9094,0,0,0,2,1
9095,0,0,0,1,4
9096,4,37,175,410,8860
9097,0,0,0,1,4
9098,0,1,1,15,97
9099,0,0,0,1,4
91,52,988,2778,643,7760
910,0,1,1,5,8
9100,0,360,1778,6127,5132
9101,0,0,0,3930,1960
9102,0,0,0,0,198
9103,2,1200,3182,1421,8861
9104,0,0,0,0,0
9105,0,0,0,0,0
9106,0,1968,614,3931,1961
9107,0,0,0,0,8862
9108,0,0,0,0,0
9109,80,1201,3183,1422,8863
911,0,1,1,5,8
9110,0,95,176,1423,8864
9111,0,0,0,0,98
9112,0,0,0,0,8865
9113,0,0,0,0,5133
9114,0,0,3184,1424,8866
9115,0,0,0,1425,8867
9116,0,0,0,0,0
9117,0,0,0,14,246
9118,0,0,3185,1426,8868
9119,0,0,0,3932,1962
912,0,0,0,6,7
9120,0,0,0,0,0
9121,0,0,0,14,209
9122,0,2,2,10,140
9123,0,0,0,0,98
9124,0,0,0,0,0
9125,0,0,0,0,0
9126,0,2,2,10,140
9127,0,0,0,3933,1963
9128,0,0,0,0,1964
9129,0,0,3186,1427,8869
913,0,0,0,6,7
9130,0,0,0,0,0
9131,0,0,0,0,0
9132,0,0,615,3934,1965
9133,0,0,0,14,209
9134,0,0,0,0,98
9135,0,0,0,0,1966
9136,0,0,0,0,0
9137,0,0,0,14,246
9138,0,0,0,0,98
9139,0,0,0,0,5134
914,0,1,1,5,8
9140,0,0,0,0,0
9141,0,0,0,6,281
9142,0,0,0,6,281
9143,0,0,0,2,1
9144,0,0,0,3,3
9145,0,1,616,3935,1967
9146,0,0,0,71,116
9147,0,0,0,300,562
9148,0,0,0,300,562
9149,0,0,0,1428,8870
915,0,0,0,6,7
9150,0,6,7,17,18
9151,0,2,2,10,8871
9152,0,0,0,0,0
9153,0,0,0,0,0
9154,0,0,0,0,0
9155,0,0,0,0,0
9156,2,1202,3187,1429,8872
9157,2,361,1779,6128,5135
9158,2,1203,3188,1430,8873
9159,2,1969,617,3936,1968
916,0,5,5,11,12
9160,2,1970,618,3937,1969
9161,2,362,1780,6129,5136
9162,2,1971,619,3938,1970
9163,2,72,620,3939,1971
9164,2,72,3189,1431,8874
9165,2,1204,3190,1432,8875
9166,0,0,0,0,660
9167,0,0,0,0,0
9168,0,0,1781,6130,5137
9169,0,0,0,3,3
917,0,0,0,2,1
9170,0,0,621,3940,1972
9171,0,0,0,3,3
9172,0,1,1,4,1973
9173,0,2,2,18,16
9174,0,1,1,4,5138
9175,0,2,2,18,16
9176,0,0,0,3,3
9177,0,0,0,3,3
9178,0,0,0,3,3
9179,0,1,1,3941,1974
918,0,0,0,6,14
9180,0,1,1,4,1975
9181,0,1,1,6131,5139
9182,0,1,1,4,6
9183,0,1,1,1433,8876
9184,0,0,0,3,8877
9185,0,0,0,0,887
9186,0,0,0,0,0
9187,0,1,1,4,1976
9188,0,1,1,4,8878
9189,0,1,1,1434,8879
919,0,1,1,5,8
9190,0,3,8,3942,1977
9191,0,1,1,4,6
9192,0,0,0,3,3
9193,0,3,6,1435,8880
9194,0,0,0,3,3
9195,0,1,1,4,661
9196,0,3,6,26,1978
9197,0,1,1,4,6
9198,0,0,0,3,3
9199,0,1205,3191,1436,8881
92,0,0,0,1,2
920,0,5,5,11,12
9200,0,0,622,3943,1979
9201,0,0,0,3,3
9202,0,0,0,3,3
9203,0,1,1,3944,1980
9204,0,0,3192,1437,8882
9205,0,2,2,18,16
9206,0,0,79,172,1981
9207,0,2,2,10,15
9208,0,6,7,17,1982
9209,0,6,7,17,529
921,0,0,0,2,1
9210,0,6,7,17,662
9211,0,1,1,46,8883
9212,0,6,7,17,662
9213,0,1,1,46,173
9214,0,1,1,46,173
9215,0,0,0,0,0
9216,0,1,1,3945,1983
9217,0,0,0,0,0
9218,0,0,0,0,0
9219,0,0,0,0,0
922,0,0,0,6,7
9220,0,1,1,1438,8884
9221,0,0,0,0,0
9222,0,0,0,0,0
9223,0,0,0,0,0
9224,0,0,0,0,0
9225,0,0,0,0,0
9226,0,0,0,0,0
9227,0,2,2,10,15
9228,0,6,7,17,458
9229,0,6,7,17,458
923,0,4,4,275,7854
9230,0,6,7,17,663
9231,0,6,7,607,664
9232,0,6,7,6132,5140
9233,0,6,7,6133,5141
9234,0,6,7,3946,1984
9235,0,96,3193,1439,8885
9236,0,363,1782,6134,5142
9237,0,0,1783,6135,5143
9238,0,0,0,1440,8886
9239,0,2,2,25,53
924,0,0,0,6,7
9240,0,0,1784,6136,5144
9241,0,0,0,16,24
9242,0,0,0,6137,5145
9243,5,1206,3194,1441,8887
9244,5,1207,3195,1442,8888
9245,0,0,10,417,666
9246,0,9,15,418,888
9247,0,0,0,16,665
9248,0,96,3196,1443,8889
9249,0,9,623,3947,1985
925,0,5,5,11,298
9250,0,0,0,16,24
9251,0,0,10,6138,5146
9252,0,364,1785,6139,5147
9253,0,0,0,0,8890
9254,0,365,1786,6140,5148
9255,0,0,0,22,133
9256,0,0,10,3948,1986
9257,0,9,15,6141,5149
9258,45,1208,3197,1444,8891
9259,0,0,0,0,0
926,0,5,5,11,12
9260,0,0,0,0,0
9261,0,0,624,3949,1987
9262,0,0,19,419,889
9263,0,0,10,1445,8892
9264,0,0,0,22,133
9265,156,1972,625,3950,1988
9266,0,0,0,22,133
9267,0,0,0,16,665
9268,0,0,3198,1446,8893
9269,0,0,3199,1447,8894
927,0,0,0,6,7
9270,241,366,1787,6142,5150
9271,0,0,19,419,889
9272,0,0,10,417,666
9273,0,9,15,418,888
9274,0,0,1788,6143,5151
9275,0,0,0,82,120
9276,0,0,0,82,120
9277,0,0,0,82,120
9278,0,0,0,82,120
9279,0,0,0,82,120
928,0,0,0,6,7
9280,0,2,2,25,53
9281,0,0,0,3951,1989
9282,0,0,0,0,0
9283,0,9,177,463,8895
9284,0,0,0,0,0
9285,0,0,19,212,5152
9286,0,0,10,98,410
9287,0,2,2,3952,1990
9288,0,2,2,25,53
9289,0,0,0,1448,8896
929,0,5,5,11,12
9290,0,0,10,98,224
9291,0,0,10,98,224
9292,0,9,84,3953,1991
9293,0,0,3200,1449,8897
9294,0,9,84,6144,5153
9295,0,0,0,0,0
9296,0,2,2,25,53
9297,0,0,19,212,517
9298,0,0,0,0,0
9299,0,0,0,0,0
93,0,1,1,15,420
930,0,5,5,11,1104
9300,0,0,0,3,3
9301,0,0,0,3,3
9302,0,0,0,3,3
9303,0,6,7,17,18
9304,0,6,7,17,18
9305,0,2,2,10,5154
9306,0,0,0,0,0
9307,0,0,0,0,0
9308,0,0,0,0,0
9309,0,0,0,0,0
931,0,1,1,5,7855
9310,0,0,0,0,0
9311,0,0,0,0,0
9312,0,2,2,6145,5155
9313,0,0,0,3,459
9314,0,1,1,4,460
9315,0,1,1,4,460
9316,0,1,1,4,460
9317,0,3,1789,6146,5156
9318,0,3,626,3954,1992
9319,0,3,6,6147,5157
932,0,0,0,6,7
9320,0,3,6,6148,5158
9321,0,3,6,6149,5159
9322,0,3,6,1450,8898
9323,0,3,6,1451,8899
9324,0,0,0,3,459
9325,0,0,0,3,3
9326,0,0,0,3,3
9327,0,3,6,26,8900
9328,0,1,1,4,6
9329,0,2,2,18,16
933,0,5,5,11,1105
9330,0,1,1,3955,1993
9331,0,0,0,3,3
9332,0,1,1,4,6
9333,0,3,6,1452,8901
9334,0,1,1,4,5160
9335,0,1,1,4,6
9336,0,0,0,3,41
9337,0,3,6,6150,5161
9338,0,2,2,10,15
9339,0,0,0,0,8902
934,0,5,5,11,12
9340,0,0,0,0,0
9341,0,0,0,0,0
9342,0,0,0,0,0
9343,0,0,0,0,0
9344,0,0,0,0,0
9345,0,0,0,0,0
9346,0,6,7,17,18
9347,0,0,0,1,4
9348,0,29,82,1453,8903
9349,0,0,0,1,4
935,0,4,4,275,7856
9350,0,0,0,1,2
9351,0,0,0,1,2
9352,0,1,1,5,13
9353,0,0,0,1,4
9354,0,0,627,3956,1994
9355,0,0,0,2,1
9356,0,4,4,1454,8904
9357,0,4,4,8,8905
9358,0,1,1,20,19
9359,0,0,3,7,5
936,0,0,0,2,1
9360,0,0,3,7,5
9361,0,1,1,21,57
9362,0,0,3,7,5
9363,0,0,0,1,2
9364,0,1209,3201,1455,8906
9365,0,1210,3202,1456,8907
9366,0,367,1790,6151,5162
9367,0,1211,3203,1457,8908
9368,0,0,0,9,11
9369,0,4,4,1458,8909
937,0,4,4,3332,1106
9370,0,0,0,1,4
9371,0,0,0,2,1
9372,0,1,1,5,8910
9373,0,0,0,2,1
9374,0,4,4,8,1995
9375,0,1,1,20,19
9376,0,0,0,2,8911
9377,0,0,0,0,0
9378,0,0,0,0,0
9379,0,2,2,10,15
938,0,5,5,11,384
9380,0,2,2,10,87
9381,0,0,0,13,10
9382,0,0,0,0,368
9383,0,2,2,10,15
9384,0,0,0,0,0
9385,0,0,0,0,0
9386,0,0,0,0,0
9387,0,6,7,17,1996
9388,0,2,2,10,15
9389,0,0,0,0,0
939,0,0,0,6,7
9390,0,0,0,0,0
9391,0,0,0,0,0
9392,0,0,0,0,0
9393,0,0,0,0,0
9394,0,0,0,6152,5163
9395,0,0,0,0,198
9396,0,0,0,0,5164
9397,0,0,0,0,0
9398,0,0,0,1459,8912
9399,2,73,3204,1460,8913
94,0,0,0,5338,3984
940,0,0,0,6,7
9400,0,0,0,3,3
9401,0,0,0,3,3
9402,0,3,8,3957,1997
9403,0,3,6,1461,8914
9404,30,368,1791,6153,5165
9405,0,0,0,6154,5166
9406,0,0,1792,6155,5167
9407,0,5,5,3958,1998
9408,0,0,0,0,1999
9409,0,0,0,6156,5168
941,0,4,4,275,4068
9410,0,0,56,247,341
9411,0,0,56,1462,8915
9412,0,0,56,6157,5169
9413,0,0,3205,1463,8916
9414,0,1,1,5,13
9415,0,0,0,1,2
9416,0,0,0,2,1
9417,0,4,4,8,139
9418,1,1973,628,3959,2000
9419,0,369,1793,6158,5170
942,0,4,293,3333,1107
9420,0,1,1,15,30
9421,0,0,3,7,5
9422,0,0,0,2,1
9423,0,0,0,1,4
9424,0,0,0,1,2
9425,0,0,0,1,4
9426,0,0,629,3960,2001
9427,0,0,0,1,174
9428,0,0,0,1,2
9429,0,0,0,2,5171
943,0,5,5,11,477
9430,0,0,0,6,7
9431,0,0,0,2,1
9432,1,1974,630,3961,2002
9433,0,4,4,8,155
9434,0,1975,631,3962,2003
9435,0,0,0,1,4
9436,0,29,82,223,5172
9437,1,370,1794,6159,5173
9438,0,0,0,9,23
9439,0,1976,632,3963,2004
944,0,5,5,11,12
9440,4,1212,3206,1464,8917
9441,0,0,0,1465,8918
9442,0,0,0,1,4
9443,0,1,1,5,5174
9444,0,371,1795,6160,5175
9445,0,0,0,1,2
9446,0,0,3,7,5
9447,0,1,1,3964,2005
9448,1,1213,3207,1466,8919
9449,0,0,0,1,2
945,0,0,0,6,7
9450,0,0,0,1467,8920
9451,0,0,0,1,2
9452,0,10,12,3965,2006
9453,3,1977,633,3966,2007
9454,3,372,1796,6161,5176
9455,3,1978,634,3967,2008
9456,3,1214,3208,1468,8921
9457,0,1215,3209,1469,8922
9458,0,0,0,1,2
9459,0,0,0,1,4
946,0,0,0,6,4069
9460,0,0,0,1,4
9461,0,0,0,2,1
9462,0,0,0,1,4
9463,0,0,0,1,4
9464,0,0,0,9,11
9465,0,1,1,5,29
9466,0,1,1,4,6
9467,0,0,0,0,0
9468,0,0,0,0,0
9469,0,0,0,0,0
947,0,5,5,11,12
9470,0,0,0,0,0
9471,0,0,0,0,0
9472,0,0,0,0,0
9473,0,0,0,0,0
9474,0,0,0,0,0
9475,0,1216,3210,1470,8923
9476,0,0,0,14,5177
9477,0,0,0,0,2009
9478,0,0,0,0,0
9479,81,1217,3211,1471,8924
948,0,1006,2812,705,7857
9480,0,2,2,10,210
9481,0,0,0,0,0
9482,0,0,635,3968,2010
9483,0,0,0,3969,2011
9484,0,1,1,1472,8925
9485,0,1,636,3970,2012
9486,0,1,1,4,851
9487,0,3,6,6162,5178
9488,0,0,0,3,165
9489,0,0,0,3,3
949,0,0,0,6,7
9490,0,0,0,3,553
9491,0,1979,637,3971,2013
9492,0,0,0,3,3
9493,0,0,0,3,3
9494,0,0,0,3,8926
9495,0,0,0,3,3
9496,0,0,0,3972,2014
9497,0,1,1,4,6
9498,0,1,1,4,6
9499,0,6,7,99,201
95,0,0,0,2,1
950,0,0,2813,706,7858
9500,0,0,9,3973,2015
9501,0,0,0,0,5179
9502,0,0,0,1473,8927
9503,0,0,0,0,0
9504,0,0,0,0,0
9505,0,0,0,0,8928
9506,0,0,0,1474,8929
9507,0,1,1,4,5180
9508,0,1,1,6163,5181
9509,0,3,6,6164,5182
951,0,0,0,3334,1108
9510,0,0,0,3974,2016
9511,0,0,0,1475,8930
9512,0,3,8,1476,8931
9513,0,0,0,6165,5183
9514,0,0,0,3,3
9515,0,0,1797,6166,5184
9516,0,0,0,6167,5185
9517,0,0,0,3975,2017
9518,0,0,0,3976,2018
9519,0,0,0,112,667
952,0,0,0,2,1
9520,0,6,7,17,668
9521,0,0,0,0,0
9522,0,0,0,0,0
9523,0,0,0,0,0
9524,0,0,3212,1477,8932
9525,0,0,3213,1478,8933
9526,0,0,0,148,266
9527,0,0,0,0,461
9528,157,1980,638,3977,2019
9529,0,0,28,90,2020
953,0,1,1,5,8
9530,0,0,3214,1479,8934
9531,46,97,3215,1480,8935
9532,0,0,100,420,5186
9533,0,0,100,420,5187
9534,0,0,3216,1481,8936
9535,0,0,0,148,266
9536,0,0,28,90,563
9537,0,0,0,0,996
9538,0,0,0,540,634
9539,0,0,0,0,122
954,0,0,0,6,14
9540,0,0,0,601,8937
9541,31,373,1798,6168,5188
9542,0,0,0,0,0
9543,0,0,0,0,0
9544,0,0,0,0,150
9545,0,0,0,74,121
9546,32,98,3217,1482,8938
9547,0,0,0,6169,5189
9548,0,0,0,0,0
9549,0,0,0,0,149
955,0,0,0,6,7
9550,0,0,0,0,153
9551,0,0,0,0,0
9552,0,0,0,0,0
9553,0,0,0,0,0
9554,0,0,0,0,0
9555,0,0,0,541,633
9556,0,0,0,157,235
9557,0,0,0,16,24
9558,0,0,1799,6170,5190
9559,0,0,0,0,342
956,0,0,0,2,1
9560,0,0,0,0,0
9561,47,1218,3218,1483,8939
9562,0,0,0,0,0
9563,0,0,0,2,61
9564,0,2,2,10,5191
9565,0,0,0,0,149
9566,0,0,0,0,0
9567,0,6,7,158,312
9568,0,0,0,0,0
9569,0,0,0,0,0
957,0,0,3,70,105
9570,0,0,0,0,0
9571,0,0,0,531,997
9572,0,6,7,158,312
9573,0,0,0,183,282
9574,0,0,1800,6171,5192
9575,0,0,0,0,0
9576,0,0,0,0,0
9577,0,0,0,3978,2021
9578,0,0,1801,6172,5193
9579,0,0,169,600,8940
958,0,5,5,107,1109
9580,0,0,0,0,0
9581,242,374,1802,6173,5194
9582,0,0,0,0,0
9583,0,0,0,0,150
9584,0,0,0,157,235
9585,0,0,0,157,235
9586,0,0,0,0,149
9587,0,0,0,0,0
9588,0,0,0,0,342
9589,0,0,0,0,150
959,0,0,0,6,14
9590,0,0,0,0,153
9591,0,0,0,74,121
9592,0,0,0,74,121
9593,0,0,0,0,122
9594,0,0,0,0,0
9595,0,0,0,0,0
9596,0,0,136,1484,8941
9597,0,0,0,0,0
9598,0,0,0,0,342
9599,0,0,0,0,0
96,0,0,0,0,0
960,0,2,18,128,220
9600,0,0,0,2,61
9601,0,0,3219,1485,8942
9602,0,0,0,2,61
9603,158,1981,639,3979,2022
9604,0,0,0,1486,8943
9605,0,0,0,74,121
9606,0,0,0,0,122
9607,0,0,0,0,150
9608,0,0,0,0,669
9609,0,0,0,0,122
961,0,1,1,15,58
9610,32,98,1803,6174,5195
9611,0,0,0,0,0
9612,0,0,0,0,5196
9613,159,1982,640,3980,2023
9614,0,0,0,0,153
9615,82,1219,3220,1487,8944
9616,0,0,0,0,0
9617,0,0,0,0,0
9618,0,0,136,1488,8945
9619,0,0,178,3981,2024
962,0,0,0,2,1
9620,0,0,0,3982,2025
9621,0,1220,3221,1489,8946
9622,0,0,0,0,0
9623,0,0,0,0,448
9624,0,2,2,100,236
9625,0,0,641,3983,2026
9626,0,0,0,0,122
9627,243,375,1804,6175,5197
9628,0,0,0,0,0
9629,0,0,0,0,5198
963,0,4,4,8,1110
9630,0,6,7,158,5199
9631,0,0,0,74,121
9632,0,0,0,0,122
9633,0,0,0,74,121
9634,0,0,0,0,122
9635,0,0,0,0,149
9636,0,0,0,0,150
9637,0,0,0,0,150
9638,0,0,0,0,153
9639,0,0,0,2,61
964,0,1,1,15,58
9640,0,2,2,3984,2027
9641,0,0,0,0,0
9642,0,0,0,0,0
9643,0,0,0,0,0
9644,0,2,2,100,236
9645,0,0,0,2,61
9646,0,0,0,0,0
9647,0,0,1805,6176,5200
9648,0,6,7,158,312
9649,0,0,0,183,282
965,0,0,0,2,1
9650,0,1,642,3985,2028
9651,0,0,0,157,235
9652,47,1221,3222,1490,8947
9653,0,0,0,2,61
9654,0,0,0,2,61
9655,0,2,2,100,236
9656,0,0,0,2,61
9657,0,0,0,0,149
9658,0,0,0,0,0
9659,0,0,0,2,61
966,0,1,1,39,4070
9660,0,2,2,100,5201
9661,0,0,0,183,282
9662,0,1983,643,3986,2029
9663,0,2,2,100,236
9664,0,2,2,100,236
9665,0,0,0,2,61
9666,0,0,0,0,153
9667,0,0,0,183,282
9668,0,0,0,0,122
9669,0,0,0,74,121
967,0,0,0,2,1
9670,0,2,2,100,236
9671,0,0,0,16,24
9672,0,0,0,2,61
9673,0,0,178,1491,8948
9674,0,0,0,1492,8949
9675,0,0,0,2,61
9676,0,0,0,74,121
9677,0,0,0,16,8950
9678,5,376,1806,6177,5202
9679,0,0,0,0,149
968,0,4,4,5397,4071
9680,0,0,0,0,150
9681,0,0,3223,1493,8951
9682,0,0,0,157,235
9683,0,0,3224,1494,8952
9684,0,0,0,0,153
9685,0,0,0,0,153
9686,0,0,136,3987,2030
9687,0,0,0,16,24
9688,0,0,0,16,8953
9689,0,0,0,1495,8954
969,0,0,0,2,1
9690,0,0,0,1496,8955
9691,0,0,0,74,121
9692,0,2,2,100,5203
9693,0,0,0,16,24
9694,0,0,0,2,61
9695,0,0,0,0,150
9696,0,0,0,0,0
9697,0,0,0,0,153
9698,0,0,0,0,149
9699,0,0,0,2,61
97,0,0,0,0,0
970,0,1,2814,707,7859
9700,0,0,0,0,0
9701,0,2,2,100,5204
9702,0,0,0,0,122
9703,0,0,0,74,121
9704,0,2,2,100,5205
9705,0,0,0,2,5206
9706,0,0,0,0,122
9707,0,6,7,158,312
9708,0,0,0,74,2031
9709,0,0,644,3988,2032
971,0,0,0,2,1
9710,0,0,0,6178,5207
9711,0,0,0,0,0
9712,0,1222,3225,1497,8956
9713,0,6,7,158,312
9714,0,0,0,0,0
9715,0,0,645,3989,2033
9716,0,377,1807,6179,5208
9717,0,0,0,183,282
9718,0,0,0,16,24
9719,0,0,0,1498,8957
972,0,1,1,39,592
9720,0,0,0,157,235
9721,0,0,0,3990,2034
9722,0,0,0,74,121
9723,0,0,0,1499,8958
9724,0,0,0,0,342
9725,0,0,3226,1500,8959
9726,43,1223,3227,1501,8960
9727,0,0,0,13,10
9728,0,2,2,3991,2035
9729,0,0,0,1502,8961
973,0,0,0,2,1
9730,0,0,0,0,0
9731,0,0,0,0,0
9732,0,1224,3228,1503,8962
9733,43,1984,646,3992,2036
9734,0,0,647,3993,2037
9735,0,378,1808,6180,5209
9736,0,0,0,3,8963
9737,0,3,6,1504,8964
9738,0,3,6,26,2038
9739,0,0,0,3,3
974,0,0,0,114,177
9740,0,2,2,18,16
9741,0,0,0,3,3
9742,0,1,1809,6181,5210
9743,0,1,1,4,2039
9744,0,0,0,3994,2040
9745,0,1,1,4,6
9746,0,0,0,3,3
9747,0,0,0,3,8965
9748,0,379,1810,6182,5211
9749,0,0,0,3,3
975,0,0,0,2,1
9750,0,1,1,3995,2041
9751,0,1,1,6183,5212
9752,0,1,1,6184,5213
9753,0,2,2,18,16
9754,0,3,6,6185,5214
9755,0,6,7,6186,5215
9756,0,0,28,3996,2042
9757,0,1225,3229,1505,8966
9758,0,1,1,4,6
9759,0,1,1,4,5216
976,0,1,1,15,58
9760,0,0,0,38,45
9761,0,0,0,0,0
9762,0,2,2,50,78
9763,0,0,0,3,736
9764,0,3,6,6187,5217
9765,0,0,0,3,41
9766,0,1,1,4,8967
9767,0,2,2,18,16
9768,0,1226,3230,1506,8968
9769,0,0,0,3,3
977,0,1,1,39,162
9770,0,0,0,3,3
9771,0,0,0,3,8969
9772,0,0,0,3997,2043
9773,0,0,0,1507,8970
9774,0,1227,3231,1508,8971
9775,0,0,0,3,5218
9776,0,1,1,6188,5219
9777,0,0,0,6189,5220
9778,0,0,0,3,3
9779,0,0,0,3,3
978,0,1,294,3335,1111
9780,0,0,0,3,3
9781,0,0,1811,6190,5221
9782,0,0,0,0,462
9783,0,0,0,3,3
9784,0,0,0,3998,2044
9785,0,0,0,3,3
9786,0,0,0,6191,5222
9787,0,0,9,56,119
9788,0,0,0,0,0
9789,0,380,1812,6192,5223
979,0,4,4,8,304
9790,0,2,2,10,26
9791,0,0,0,13,10
9792,0,0,0,13,10
9793,0,0,0,0,8972
9794,0,0,0,0,0
9795,0,0,0,14,32
9796,0,0,0,0,0
9797,0,0,0,13,10
9798,0,0,9,35,43
9799,0,0,0,6193,5224
98,0,0,0,0,0
980,0,1,1,39,593
9800,0,0,1813,6194,5225
9801,0,0,0,0,8973
9802,0,1,1,4,283
9803,0,1,1,4,283
9804,0,0,0,3,8974
9805,0,0,0,3,3
9806,0,0,0,3,5226
9807,0,0,0,3,3
9808,0,0,0,3,3
9809,0,0,1814,6195,5227
981,0,1,1,708,7860
9810,0,0,0,6196,5228
9811,0,0,0,3,2045
9812,0,0,0,3,3
9813,0,0,3232,1509,8975
9814,0,0,0,0,0
9815,0,0,0,3,3
9816,0,0,0,1510,8976
9817,0,0,0,3,3
9818,0,0,0,0,462
9819,0,0,0,6197,5229
982,0,0,0,114,177
9820,0,0,0,6198,5230
9821,0,0,0,3,3
9822,0,0,0,3,3
9823,0,0,3233,1511,8977
9824,0,0,0,1512,8978
9825,0,0,0,0,0
9826,0,0,0,0,0
9827,0,0,0,0,73
9828,0,0,0,14,22
9829,0,0,0,13,10
983,0,0,0,2,1
9830,0,0,0,0,0
9831,0,0,0,0,0
9832,0,0,0,38,45
9833,0,0,0,0,0
9834,0,0,0,0,0
9835,0,0,0,0,0
9836,0,0,0,0,0
9837,0,0,3234,1513,8979
9838,0,0,0,0,0
9839,0,0,0,202,343
984,0,4,4,8,7861
9840,0,0,0,0,0
9841,0,0,0,14,284
9842,0,0,0,0,0
9843,0,1985,648,3999,2046
9844,0,0,0,3,2047
9845,0,1986,649,4000,2048
9846,0,3,6,4001,2049
9847,0,1,1,4,6
9848,0,1,1,542,2050
9849,0,1,1,4002,2051
985,0,1,1,39,162
9850,0,1,1,4,2052
9851,0,1,1,1514,8980
9852,0,1,1815,6199,5231
9853,0,1,1,4,5232
9854,0,1,1,4,8981
9855,0,0,0,3,3
9856,0,1,1,4,5233
9857,0,0,44,178,463
9858,0,2,2,10,170
9859,0,0,0,150,670
986,0,1,1,15,58
9860,0,0,0,150,670
9861,0,3,6,1515,8982
9862,0,1,1,4,671
9863,0,1,1,4,671
9864,0,1,1,542,2053
9865,0,1,3235,1516,8983
9866,0,2,2,18,16
9867,0,1,1,4,6
9868,0,3,8,1517,8984
9869,0,3,6,4003,2054
987,0,1,1,15,58
9870,0,3,137,1518,8985
9871,0,3,137,543,8986
9872,0,0,0,0,0
9873,0,0,0,0,0
9874,0,0,0,0,0
9875,0,0,9,35,43
9876,0,0,0,14,32
9877,0,0,0,0,0
9878,0,0,0,1519,8987
9879,0,0,0,0,0
988,0,0,3,7,5
9880,0,0,0,0,0
9881,0,0,0,0,0
9882,0,2,2,10,26
9883,0,1987,650,4004,2055
9884,0,0,0,3,3
9885,0,0,0,3,8988
9886,0,0,0,3,3
9887,0,1,1,4,6
9888,0,1,1,4,6
9889,0,0,0,3,5234
989,0,4,4,8,4072
9890,0,0,0,3,3
9891,0,3,6,4005,2056
9892,0,3,6,6200,5235
9893,0,0,0,3,2057
9894,0,3,8,6201,5236
9895,0,1,1,4,6
9896,0,1,1,33,5237
9897,0,0,0,3,41
9898,0,1,1,159,5238
9899,0,0,0,3,67
99,0,0,0,2,1
990,0,1,1,15,58
9900,0,1,1,4006,2058
9901,0,1,1,4,8989
9902,0,1,1,1520,8990
9903,0,3,6,6202,5239
9904,0,1,1,4,84
9905,0,2,2,18,16
9906,0,1,1,4,5240
9907,0,1,1,24,243
9908,0,1,1,33,75
9909,0,3,6,1521,8991
991,0,1,1,39,162
9910,0,3,6,1522,8992
9911,0,3,651,4007,2059
9912,0,0,0,13,10
9913,0,3,137,543,2060
9914,0,0,0,0,0
9915,0,0,0,0,0
9916,0,1988,652,4008,2061
9917,0,2,2,18,16
9918,0,0,0,3,3
9919,0,1,1,6203,5241
992,0,0,0,6,7
9920,0,3,6,26,8993
9921,0,0,0,3,3
9922,0,0,3236,1523,8994
9923,0,3,6,1524,8995
9924,0,0,0,3,3
9925,0,1,1,4,6
9926,0,1,1,4,6
9927,0,1,1,4,6
9928,0,1,1,587,8996
9929,0,1,1,4,6
993,0,5,5,11,12
9930,0,1,1,4,6
9931,0,1,1,4,5242
9932,0,1,1,4,5243
9933,0,1,1,6204,5244
9934,0,0,0,0,49
9935,0,0,0,0,42
9936,0,0,9,54,8997
9937,0,0,0,0,0
9938,0,1,1,4,6
9939,0,1,1,4,6
994,0,0,0,3,3
9940,0,1,1,4009,2062
9941,0,3,6,26,2063
9942,0,3,8,6205,5245
9943,0,1,1,4,6
9944,0,0,0,3,3
9945,0,0,0,3,3
9946,0,1989,653,4010,2064
9947,0,1,1,4,6
9948,0,1,3237,1525,8998
9949,0,1,1,4,2065
995,0,0,0,6,7
9950,0,0,0,3,3
9951,0,0,0,3,3
9952,0,0,0,3,3
9953,0,0,0,3,3
9954,0,1,1,4,6
9955,0,1990,654,4011,2066
9956,0,1,1,4,6
9957,0,1,1,4,6
9958,0,1,1,4,6
9959,0,1,1,24,2067
996,0,1,1,5398,4073
9960,0,0,0,0,0
9961,0,0,0,0,0
9962,0,3,6,6206,5246
9963,0,1,3238,1526,8999
9964,0,2,2,18,16
9965,0,1,1,4,6
9966,0,1,1,6207,5247
9967,0,1,1,4,5248
9968,0,1,1,4,6
9969,0,1,1,4,6
997,0,0,0,6,17
9970,0,3,6,4012,2068
9971,0,3,6,4013,2069
9972,0,3,6,6208,5249
9973,0,2,2,18,16
9974,0,0,22,41,79
9975,0,0,22,41,79
9976,0,0,22,41,79
9977,2,28,156,6209,5250
9978,2,28,3239,1527,9000
9979,0,0,0,58,285
998,0,1,1,5,594
9980,0,6,7,101,5251
9981,0,0,0,421,890
9982,0,0,37,65,344
9983,7,381,1816,6210,5252
9984,7,1991,655,4014,2070
9985,7,1992,656,4015,2071
9986,0,1,1,6211,5253
9987,0,3,3240,1528,9001
9988,0,0,0,3,41
9989,0,3,6,1529,9002
999,0,14,32,250,7862
9990,0,1,1,4,6
9991,0,1,1,4,6
9992,0,0,22,41,79
9993,0,0,22,41,464
9994,0,0,37,65,134
9995,7,1993,657,4016,2072
9996,7,382,1817,6212,5254
9997,7,1994,658,4017,2073
9998,0,0,22,41,79
9999,0,0,37,65,344
