id,96.0,162.0,293.0,473.0
0,2,3,536,3308
1,0,1,13,208
10,2,3,5,15
100,0,0,0,0
1000,0,1,109,480
10000,1,2,2,4
10001,0,0,0,0
10002,2,3,5,67
10003,0,0,0,434
10004,0,0,0,1
10005,0,0,0,1
10006,2,3,8,11
10007,0,0,0,12
10008,1,2,3,3
10009,0,1,39,58
1001,0,1,109,652
10010,0,0,0,0
10011,1,2,7,7
10012,2,3,11,14
10013,0,0,0,2
10014,0,0,0,1
10015,1,2,2,4
10016,0,0,6,6
10017,0,0,6,6
10018,2,3,112,2159
10019,13,37,107,3626
1002,0,1,156,743
10020,0,1,20,29
10021,0,0,0,1
10022,1,2,9,1249
10023,0,1,25,159
10024,0,1,42,6319
10025,0,0,57,1907
10026,0,1,12,4945
10027,0,1,12,4946
10028,0,0,81,413
10029,0,1,12,4947
1003,0,1,109,2352
10030,0,0,81,413
10031,0,1,12,2160
10032,0,1,12,2160
10033,1,2,2,34
10034,0,1,1,8
10035,0,0,0,9
10036,0,1,82,4948
10037,0,1,4,132
10038,0,1,24,200
10039,1,2,7,7
1004,0,1,156,743
10040,2,3,5,10
10041,0,0,0,0
10042,0,0,0,1
10043,0,0,0,1
10044,0,16,68,3627
10045,0,0,17,867
10046,0,0,544,1372
10047,0,0,0,1
10048,0,0,0,100
10049,0,0,0,1
1005,0,1,156,743
10050,2,3,5,6320
10051,0,0,0,1
10052,1,2,3,433
10053,0,0,59,64
10054,8,29,94,657
10055,0,0,0,48
10056,0,1,148,794
10057,0,0,0,170
10058,0,0,27,25
10059,1,2,2,126
1006,0,1,156,6045
10060,0,0,15,444
10061,0,0,15,135
10062,0,0,157,1037
10063,0,0,27,25
10064,1,2,2,126
10065,0,1,148,562
10066,0,0,0,48
10067,3,4,10,311
10068,6,14,1404,4949
10069,0,0,1185,6321
1007,0,1,137,4687
10070,0,0,15,27
10071,0,0,0,1
10072,0,0,0,1
10073,1,2,2,4
10074,1,2,3,33
10075,0,0,0,2
10076,0,0,0,0
10077,1,2,9,13
10078,0,1,18,152
10079,0,1,1,96
1008,0,1,156,743
10080,3,4,10,28
10081,1,2,2,4
10082,0,0,0,0
10083,1,2,3,3
10084,0,0,0,0
10085,2,3,5,15
10086,2,3,8,11
10087,0,21,72,165
10088,0,0,171,379
10089,0,0,6,6
1009,0,1,86,358
10090,0,0,0,0
10091,1,2,3,3
10092,0,0,0,0
10093,1,2,2,40
10094,0,0,0,1
10095,0,0,0,2
10096,0,1,106,241
10097,0,1,182,4950
10098,0,8,32,32
10099,1,2,9,13
101,0,0,0,0
1010,0,1,86,358
10100,0,1,4,1590
10101,0,6,36,1589
10102,1,2,130,571
10103,0,0,78,431
10104,0,0,17,4951
10105,0,0,0,2
10106,0,0,6,6
10107,0,0,15,27
10108,0,0,0,1
10109,0,0,0,0
1011,0,1,252,638
10110,0,0,0,2
10111,0,0,0,2
10112,1,2,3,19
10113,0,0,0,0
10114,0,1,18,1490
10115,0,0,0,12
10116,0,0,0,1
10117,1,2,3,3
10118,0,0,0,0
10119,1,2,2,4
1012,0,10,30,151
10120,0,1,565,1814
10121,0,0,0,2566
10122,0,0,0,128
10123,0,1,24,196
10124,0,6,73,451
10125,0,1,1,193
10126,0,1,4,49
10127,0,1,37,182
10128,0,0,0,440
10129,1,2,9,46
1013,0,1,86,552
10130,0,1,1,2567
10131,0,1,1,6322
10132,0,1,429,2568
10133,3,4,1023,2569
10134,0,1,14,264
10135,0,0,41,106
10136,0,1,14,90
10137,0,1,13,166
10138,0,1,14,50
10139,3,4,10,83
1014,0,1,359,788
10140,3,4,10,69
10141,0,0,0,1
10142,0,0,0,238
10143,1,2,2,6323
10144,0,1,304,1073
10145,0,0,0,0
10146,4,20,70,76
10147,0,0,0,56
10148,0,1,4,199
10149,0,5,23,143
1015,0,1,1365,4688
10150,0,1,24,251
10151,1,2,3,92
10152,1,2,2,68
10153,0,1,452,4952
10154,0,0,0,31
10155,0,0,0,31
10156,0,0,0,72
10157,0,1,12,2570
10158,0,1,1,18
10159,0,1,147,3628
1016,0,1,359,788
10160,0,1,1,8
10161,0,1,1,18
10162,0,1,1,8
10163,0,1,147,4953
10164,6,14,806,3629
10165,0,0,0,4954
10166,0,0,0,4955
10167,3,4,653,6324
10168,0,1,453,4956
10169,0,1,141,284
1017,0,1,86,552
10170,0,83,514,1074
10171,0,0,0,440
10172,0,0,0,37
10173,0,5,23,4957
10174,0,1,24,6325
10175,0,1,4,4958
10176,0,1,382,1972
10177,0,0,0,75
10178,0,0,0,5
10179,0,1,1,8
1018,0,1,359,788
10180,3,4,298,766
10181,0,0,373,869
10182,0,0,0,2
10183,1,2,3,3
10184,0,0,0,0
10185,3,4,10,1075
10186,0,0,17,39
10187,0,0,0,5
10188,0,0,0,0
10189,0,0,0,2
1019,0,1,56,177
10190,1,2,3,3
10191,0,0,0,0
10192,1,2,2,4
10193,2,3,11,14
10194,1,2,7,7
10195,2,3,5,15
10196,0,1,224,827
10197,0,1,225,410
10198,0,47,188,373
10199,0,1,221,6326
102,1,2,3,33
1020,0,1,181,639
10200,0,1,508,6327
10201,7,15,48,66
10202,1,2,2,23
10203,0,0,0,5
10204,0,0,0,37
10205,0,0,0,2
10206,0,0,0,5
10207,0,0,0,0
10208,0,0,0,2
10209,1,2,2,4
1021,0,1,86,552
10210,0,0,0,0
10211,1,2,7,7
10212,0,0,0,0
10213,0,0,0,1
10214,1,2,3,3
10215,0,1,255,4959
10216,2,3,376,6328
10217,2,3,34,35
10218,0,0,6,6
10219,1,12,43,3630
1022,0,1,56,177
10220,1,2,7,7
10221,0,0,0,0
10222,2,3,8,2571
10223,1,2,3,3
10224,1,2,3,3
10225,2,3,11,14
10226,2,3,5,155
10227,2,3,5,10
10228,2,3,8,4960
10229,2,3,8,6329
1023,0,1,86,358
10230,1,2,3,3
10231,2,3,5,10
10232,0,0,0,0
10233,1,2,3,3
10234,1,2,2,4
10235,0,0,0,2
10236,2,3,8,11
10237,0,0,0,0
10238,2,3,5,15
10239,2,3,5,10
1024,0,1,86,358
10240,0,0,0,0
10241,1,2,3,3
10242,0,0,0,0
10243,1,2,2,4
10244,1,2,7,7
10245,2,3,8,11
10246,0,1,14,1341
10247,0,17,76,1908
10248,0,0,40,2161
10249,0,0,17,131
1025,0,10,30,151
10250,0,0,16,16
10251,0,1,1,8
10252,0,1,147,6330
10253,0,1,1,18
10254,0,1,22,675
10255,10,53,1405,4961
10256,0,0,0,2
10257,2,3,112,1526
10258,0,1,106,241
10259,0,0,0,1
1026,0,0,28,2109
10260,1,2,2,40
10261,0,0,0,5
10262,0,1,1,8
10263,1,19,87,6331
10264,0,0,0,1
10265,0,0,28,1527
10266,1,2,69,84
10267,0,8,32,32
10268,0,1,1,96
10269,0,0,0,1
1027,0,1,181,639
10270,1,2,7,7
10271,1,2,3,33
10272,0,0,0,1
10273,0,0,0,1
10274,0,0,0,2
10275,1,2,2,4
10276,1,2,7,7
10277,2,3,11,14
10278,10,61,236,1647
10279,0,0,0,0
1028,0,10,30,1234
10280,2,3,5,10
10281,0,1,1,169
10282,0,1,4,236
10283,0,0,0,88
10284,0,1,1,104
10285,0,0,59,64
10286,0,1,242,4962
10287,0,1,39,58
10288,1,2,3,3
10289,0,0,0,0
1029,0,0,28,2109
10290,1,2,2,4
10291,0,0,0,0
10292,0,0,0,0
10293,0,0,0,0
10294,1,2,3,3
10295,5,33,165,2572
10296,0,0,0,0
10297,0,0,0,2
10298,1,2,7,7
10299,1,2,3,3
103,1,2,2,4
1030,0,1,571,1932
10300,1,2,2,4
10301,2,3,8,11
10302,0,0,0,0
10303,2,3,11,14
10304,3,4,10,28
10305,0,1,20,29
10306,0,1,20,29
10307,0,1,20,29
10308,0,1,20,29
10309,0,1,20,29
1031,0,10,30,1234
10310,0,1,20,29
10311,0,1,20,29
10312,0,1,20,29
10313,0,1,20,29
10314,0,1,20,29
10315,0,1,20,29
10316,0,1,20,29
10317,0,0,0,102
10318,1,2,9,46
10319,0,1,1,18
1032,0,1,56,177
10320,0,1,1,8
10321,0,0,0,21
10322,0,0,0,21
10323,1,2,9,127
10324,1,2,9,26
10325,0,0,0,5
10326,1,2,9,26
10327,0,0,0,5
10328,0,0,6,605
10329,0,0,27,25
1033,0,1,86,358
10330,7,15,48,66
10331,0,0,0,2
10332,0,0,0,5
10333,0,0,0,37
10334,1,2,2,23
10335,0,0,0,2
10336,0,0,277,572
10337,0,0,0,168
10338,1,2,2,23
10339,0,0,0,2
1034,0,1,435,4689
10340,0,0,0,5
10341,0,0,0,5
10342,0,0,0,5
10343,0,0,0,2
10344,1,2,2,23
10345,1,2,9,26
10346,0,1,91,144
10347,0,1,91,144
10348,0,1,91,144
10349,0,1,91,144
1035,5,26,310,4690
10350,0,1,91,144
10351,0,0,45,1076
10352,0,0,396,3631
10353,0,0,45,1076
10354,2,3,34,35
10355,2,3,90,256
10356,16,48,161,252
10357,0,1,24,153
10358,0,1,4,43
10359,0,0,0,31
1036,0,1,181,639
10360,0,5,23,661
10361,0,1,82,3632
10362,0,1,24,3633
10363,0,0,6,6
10364,0,0,6,70
10365,0,0,6,6
10366,3,4,183,537
10367,0,0,6,6
10368,0,0,6,107
10369,0,0,6,70
1037,2,3,66,985
10370,0,1,4,314
10371,0,73,406,1068
10372,0,0,0,335
10373,0,1,4,935
10374,0,1,21,24
10375,3,4,10,1818
10376,0,1,1,20
10377,0,1,1,20
10378,1,2,2,17
10379,0,1,21,24
1038,0,1,56,1831
10380,0,0,0,9
10381,0,1,4,43
10382,0,0,0,31
10383,0,0,0,9
10384,1,2,2,34
10385,0,5,23,497
10386,0,1,24,153
10387,0,1,14,50
10388,3,4,10,69
10389,3,4,10,83
1039,0,1,137,4691
10390,1,2,9,13
10391,0,1,14,50
10392,3,4,10,83
10393,3,4,10,69
10394,2,3,66,720
10395,1,2,9,13
10396,2,3,1024,2573
10397,0,1,21,24
10398,1,2,2,17
10399,0,0,0,9
104,1,2,7,7
1040,0,1,109,2353
10400,0,1,1,20
10401,0,0,0,2
10402,1,2,3,3
10403,0,0,0,0
10404,1,2,2,4
10405,1,2,7,7
10406,0,0,0,12
10407,0,0,0,1
10408,0,0,0,2
10409,1,2,2,40
1041,0,1,86,2354
10410,2,3,112,409
10411,0,1,51,359
10412,0,5,49,6332
10413,0,1,1,45
10414,0,1,1,18
10415,0,1,1,96
10416,0,1,154,2574
10417,0,1,1,96
10418,0,1,1,18
10419,0,0,0,1
1042,0,1,56,744
10420,0,1,58,445
10421,1,2,9,13
10422,0,0,15,27
10423,1,2,2,4
10424,1,2,3,19
10425,2,3,5,10
10426,1,2,7,7
10427,2,3,66,377
10428,0,0,0,2
10429,0,0,0,1
1043,0,1,86,772
10430,0,0,0,0
10431,0,1,1,115
10432,1,2,3,676
10433,1,2,3,19
10434,1,2,2,4
10435,2,3,5,10
10436,0,0,0,1
10437,0,0,0,0
10438,0,0,0,1
10439,1,2,3,2575
1044,0,10,30,105
10440,2,3,5,3634
10441,0,0,0,1
10442,0,0,0,100
10443,0,0,0,1
10444,0,0,15,27
10445,2,3,8,194
10446,0,0,0,0
10447,0,0,0,0
10448,1,2,3,19
10449,2,3,5,10
1045,0,1,97,984
10450,1,2,2,4
10451,1,2,7,7
10452,1,2,7,7
10453,1,2,3,33
10454,1,2,2,4
10455,0,0,15,27
10456,2,3,5,961
10457,0,1,14,806
10458,0,0,0,102
10459,3,4,10,588
1046,0,10,30,105
10460,0,0,0,2
10461,0,0,0,1
10462,0,0,0,1
10463,2,3,5,10
10464,0,0,0,0
10465,0,0,0,0
10466,1,2,3,331
10467,0,0,0,375
10468,0,1,176,4963
10469,0,1,297,2162
1047,0,1,56,744
10470,0,0,0,75
10471,0,0,0,1
10472,0,0,0,2
10473,2,3,66,723
10474,0,1,190,4964
10475,4,18,153,336
10476,0,47,188,1077
10477,0,47,188,1077
10478,0,1,225,410
10479,0,1,224,4965
1048,0,1,97,984
10480,0,1,534,2576
10481,0,1,276,3635
10482,0,1,221,4966
10483,0,1,225,410
10484,0,1,221,4967
10485,0,1,508,1501
10486,0,47,367,1885
10487,0,47,188,373
10488,0,1,276,1049
10489,0,1,225,410
1049,0,10,30,151
10490,0,47,188,373
10491,0,1,221,1528
10492,0,1,224,827
10493,0,1,224,1909
10494,0,47,188,373
10495,0,47,367,3636
10496,0,47,188,373
10497,0,1,225,410
10498,0,47,188,373
10499,0,1,224,827
105,0,0,0,2
1050,5,26,549,4692
10500,0,1,276,1049
10501,0,1,221,2577
10502,0,0,16,16
10503,0,0,0,170
10504,0,0,17,531
10505,0,0,0,48
10506,0,1,4,248
10507,0,0,40,677
10508,0,17,76,2187
10509,0,0,57,828
1051,2,3,66,985
10510,0,0,38,6333
10511,0,0,0,2
10512,1,2,9,26
10513,0,0,27,25
10514,0,0,0,168
10515,1,2,9,26
10516,1,2,9,26
10517,0,0,0,2
10518,0,0,27,25
10519,0,0,0,168
1052,0,10,30,151
10520,0,0,0,2
10521,0,0,0,4968
10522,0,0,27,25
10523,0,0,27,25
10524,0,0,27,6334
10525,0,0,27,4969
10526,0,0,0,2
10527,1,2,2,23
10528,0,0,27,25
10529,0,0,0,168
1053,0,10,30,105
10530,1,2,9,26
10531,0,0,0,5
10532,0,0,0,168
10533,1,2,9,26
10534,1,2,9,26
10535,0,0,0,37
10536,0,0,0,2
10537,0,0,0,5
10538,0,0,27,25
10539,1,2,2,23
1054,0,1,56,177
10540,0,0,0,168
10541,0,0,27,25
10542,0,0,0,2
10543,1,2,2,23
10544,0,0,277,572
10545,1,2,9,26
10546,0,0,0,168
10547,0,0,0,5
10548,0,0,0,2
10549,0,0,0,37
1055,0,1,56,744
10550,0,0,180,829
10551,1,2,2,23
10552,1,2,9,26
10553,0,0,180,829
10554,0,0,180,415
10555,0,0,0,5
10556,0,0,0,37
10557,0,0,0,2
10558,0,0,27,25
10559,0,0,0,168
1056,0,10,30,105
10560,0,0,0,5
10561,1,2,9,26
10562,0,0,0,168
10563,0,0,0,2
10564,0,0,27,25
10565,0,0,0,2
10566,0,0,0,37
10567,0,0,27,25
10568,0,0,0,2
10569,0,0,0,5
1057,2,3,66,985
10570,0,0,0,5
10571,7,15,48,66
10572,1,2,2,826
10573,0,0,27,25
10574,0,0,0,168
10575,2,3,415,830
10576,1,2,2,23
10577,1,2,9,26
10578,0,0,0,2
10579,0,0,27,25
1058,0,1,56,177
10580,0,0,0,168
10581,0,0,0,2
10582,0,0,0,1
10583,4,20,70,76
10584,0,1,13,1042
10585,0,0,0,5
10586,0,0,0,5
10587,0,0,0,2
10588,1,2,9,26
10589,0,0,0,0
1059,0,1,56,177
10590,0,0,0,0
10591,1,2,3,3
10592,0,0,19,369
10593,0,1,4,1974
10594,0,1,14,145
10595,1,2,2,34
10596,0,0,0,98
10597,4,20,70,76
10598,0,0,15,116
10599,0,0,239,406
106,0,0,0,5
1060,0,1,56,177
10600,0,0,15,739
10601,1,2,3,6335
10602,1,2,2,68
10603,0,0,134,181
10604,0,0,0,5
10605,0,0,16,16
10606,0,1,13,60
10607,0,1,1,2578
10608,2,3,5,15
10609,1,2,2,4
1061,0,10,30,105
10610,0,0,0,0
10611,3,4,10,28
10612,1,2,3,3
10613,2,3,8,11
10614,0,0,0,0
10615,1,2,7,7
10616,2,3,5,10
10617,0,0,0,108
10618,1,2,9,127
10619,0,0,0,21
1062,0,1,56,177
10620,1,2,9,26
10621,0,0,6,429
10622,0,0,0,37
10623,0,0,0,2
10624,0,0,0,5
10625,0,0,0,5
10626,0,0,0,37
10627,0,0,0,2
10628,0,1,13,60
10629,0,1,13,60
1063,0,10,30,105
10630,0,1,14,85
10631,10,35,454,1456
10632,0,1,13,1529
10633,0,0,0,1
10634,1,2,2,40
10635,1,2,9,575
10636,0,0,0,2
10637,0,1,13,60
10638,0,0,17,831
10639,0,1,363,3637
1064,0,1,13,541
10640,0,1,1,115
10641,0,1,35,999
10642,1,2,2,908
10643,1,2,2,293
10644,1,2,2,68
10645,1,2,285,662
10646,0,0,15,4970
10647,0,0,701,2579
10648,0,0,17,500
10649,0,0,0,0
1065,0,1,56,177
10650,0,1,4,78
10651,0,0,0,9
10652,0,1,29,51
10653,1,2,2,34
10654,0,1,18,441
10655,0,6,73,741
10656,0,0,0,72
10657,0,1,37,158
10658,1,2,9,13
10659,0,1,115,234
1066,0,1,56,744
10660,0,1,1,160
10661,2,3,5,960
10662,0,0,0,1
10663,1,12,43,678
10664,1,2,7,7
10665,0,0,6,6
10666,0,0,6,6
10667,0,0,6,6
10668,0,0,0,3638
10669,0,0,0,48
1067,0,1,56,1408
10670,0,0,40,3639
10671,3,4,10,6336
10672,0,1,1,8
10673,0,0,0,0
10674,1,2,7,7
10675,1,2,7,7
10676,1,2,2,4
10677,0,0,0,2
10678,0,0,0,0
10679,0,0,0,0
1068,0,1,56,744
10680,1,2,3,3
10681,0,0,0,1
10682,1,2,3,3
10683,1,2,2,4
10684,2,3,8,11
10685,0,0,0,0
10686,0,0,0,1
10687,1,2,3,3
10688,0,0,0,1
10689,1,2,3,3
1069,0,1,56,177
10690,0,0,0,0
10691,0,0,0,0
10692,0,0,0,2
10693,2,3,5,15
10694,1,2,2,4
10695,0,0,0,2
10696,0,0,0,0
10697,0,0,0,0
10698,1,2,7,7
10699,0,17,76,832
107,1,2,9,26
1070,0,10,30,105
10700,0,0,455,1476
10701,0,0,0,0
10702,1,2,2,4
10703,0,0,0,0
10704,1,2,3,3
10705,2,3,5,15
10706,1,2,7,7
10707,0,0,0,1
10708,0,1,13,60
10709,0,0,6,6
1071,0,1,86,772
10710,0,0,6,6
10711,0,0,6,6
10712,8,62,387,2163
10713,0,1,13,166
10714,0,1,13,166
10715,8,62,387,2163
10716,0,0,6,6
10717,0,0,16,16
10718,0,0,0,5
10719,0,1,14,50
1072,0,10,30,151
10720,0,1,13,490
10721,0,0,0,2
10722,1,2,2,40
10723,0,0,0,1
10724,0,0,17,39
10725,0,1,1,180
10726,0,6,36,1006
10727,10,111,702,2580
10728,0,0,17,39
10729,0,1,1,18
1073,0,1,56,1449
10730,0,1,1,65
10731,0,0,17,39
10732,0,1,14,90
10733,0,0,41,106
10734,0,0,52,52
10735,1,2,53,53
10736,0,0,45,71
10737,0,0,0,2164
10738,0,9,316,2581
10739,1,2,9,13
1074,0,1,13,541
10740,0,1,4,125
10741,0,0,17,3640
10742,0,0,0,48
10743,0,0,57,4971
10744,0,0,40,677
10745,52,258,1406,4972
10746,0,0,0,0
10747,0,11,84,1308
10748,9,24,75,507
10749,0,21,72,165
1075,0,1,158,671
10750,0,0,0,0
10751,1,2,3,3
10752,2,3,5,10
10753,0,0,0,0
10754,1,2,3,3
10755,2,3,5,15
10756,2,3,8,11
10757,0,0,0,0
10758,2,3,50,4973
10759,2,3,11,14
1076,0,1,56,177
10760,1,2,3,3
10761,2,3,50,391
10762,0,0,0,12
10763,2,3,8,3641
10764,0,1,541,3642
10765,0,1,354,1781
10766,0,1,1,2582
10767,0,0,0,5
10768,1,2,7,7
10769,1,2,2,4
1077,0,1,158,437
10770,1,2,3,3
10771,0,0,0,0
10772,0,0,0,1
10773,0,1,1,2298
10774,0,1,700,2297
10775,0,1,128,191
10776,0,1,20,6337
10777,0,0,293,1910
10778,0,1,151,228
10779,0,1,42,122
1078,0,1,137,1409
10780,0,1,128,191
10781,0,1,119,6338
10782,1,2,2,219
10783,0,1,85,113
10784,0,1,154,607
10785,0,1,1,8
10786,0,1,18,547
10787,0,1,18,742
10788,0,1,18,152
10789,0,0,0,93
1079,0,10,30,2355
10790,0,0,0,2
10791,0,0,92,139
10792,1,2,9,13
10793,0,0,0,2
10794,1,2,7,7
10795,2,3,8,11
10796,1,2,3,3
10797,0,0,0,0
10798,1,2,2,4
10799,2,3,5,10
108,2,3,5,446
1080,0,1,86,773
10800,2,3,11,14
10801,0,0,0,1
10802,19,70,299,833
10803,0,0,19,1530
10804,0,1,4,403
10805,0,0,0,0
10806,1,2,7,7
10807,0,0,0,12
10808,0,0,0,0
10809,1,2,3,3
1081,0,1,13,541
10810,0,0,0,2
10811,1,2,2,4
10812,0,0,0,1
10813,2,3,8,11
10814,0,1,1407,4974
10815,0,1,1,6339
10816,0,1,4,753
10817,0,1,1,6340
10818,0,1,1,816
10819,0,1,1,4975
1082,0,1,158,437
10820,45,194,1025,2583
10821,0,1,4,1531
10822,0,1,1,1172
10823,0,1,1,4976
10824,0,0,0,2
10825,1,2,3,3
10826,0,0,0,0
10827,1,2,7,7
10828,1,2,3,3
10829,0,0,0,0
1083,0,1,86,773
10830,0,0,0,1
10831,1,2,2,4
10832,0,1,4,49
10833,0,1,1,1911
10834,0,1,24,6341
10835,0,1,1,8
10836,0,1,37,1318
10837,0,5,23,4977
10838,0,1,14,50
10839,0,1,4,57
1084,0,1,158,437
10840,0,0,47,73
10841,0,1,33,266
10842,0,1,29,421
10843,3,4,10,69
10844,3,4,10,83
10845,0,1,1,18
10846,0,1,21,111
10847,2,3,66,4978
10848,0,0,0,2
10849,0,0,0,1
1085,0,1,86,773
10850,0,0,19,3643
10851,0,0,19,3644
10852,0,1,1,8
10853,0,1,4,236
10854,0,1,1,104
10855,1,2,3,676
10856,0,0,0,108
10857,0,0,0,108
10858,0,0,45,71
10859,0,0,52,52
1086,0,1,158,437
10860,1,2,53,53
10861,0,0,41,106
10862,1,2,9,13
10863,1,2,3,114
10864,0,0,0,12
10865,2,3,11,808
10866,2,3,8,124
10867,0,0,0,12
10868,0,0,0,2
10869,2,3,11,14
1087,0,0,338,2110
10870,1,2,2,4
10871,2,3,31,1532
10872,0,0,0,12
10873,0,0,0,2
10874,0,0,0,2
10875,0,0,0,1
10876,1,2,7,7
10877,3,4,10,6342
10878,1,2,9,13
10879,0,5,23,573
1088,0,1,86,773
10880,0,1,4,43
10881,0,1,24,153
10882,0,1,35,42
10883,0,1,35,42
10884,0,1,22,1078
10885,0,1,37,158
10886,0,1,1,574
10887,0,1,35,42
10888,0,1,35,42
10889,0,1,4,78
1089,0,1,158,437
10890,0,1,35,42
10891,0,0,0,730
10892,0,6,73,6343
10893,0,1,35,42
10894,0,1,35,42
10895,0,1,35,42
10896,0,1,35,42
10897,0,1,35,42
10898,0,1,35,42
10899,0,1,203,416
109,2,3,11,14
1090,0,1,158,2356
10900,0,1,35,42
10901,0,1,35,42
10902,0,1,35,42
10903,0,1,35,42
10904,0,1,35,42
10905,0,1,35,42
10906,0,1,35,42
10907,0,1,35,42
10908,0,1,35,42
10909,0,1,35,42
1091,0,1,203,416
10910,0,1,35,42
10911,0,1,35,42
10912,0,1,35,42
10913,0,1,35,42
10914,0,1,35,42
10915,0,1,35,42
10916,0,1,35,42
10917,0,1,35,42
10918,0,1,203,416
10919,0,1,35,42
1092,0,1,13,541
10920,0,1,35,42
10921,0,1,35,42
10922,0,1,35,42
10923,0,1,35,42
10924,0,1,35,42
10925,0,1,35,42
10926,0,1,35,42
10927,0,1,35,42
10928,0,1,35,42
10929,0,1,35,42
1093,0,10,30,105
10930,0,1,35,42
10931,0,1,35,42
10932,0,1,35,42
10933,0,1,203,416
10934,0,1,35,42
10935,0,1,35,42
10936,0,1,35,42
10937,0,1,35,42
10938,0,1,35,42
10939,0,1,35,42
1094,0,10,30,986
10940,0,1,35,42
10941,0,1,35,42
10942,0,1,35,42
10943,0,1,35,42
10944,0,1,35,42
10945,0,1,35,42
10946,0,1,35,42
10947,0,1,35,42
10948,0,1,35,42
10949,0,1,35,42
1095,0,119,570,1931
10950,0,1,35,42
10951,0,1,35,42
10952,0,1,35,42
10953,0,1,203,2584
10954,0,1,35,42
10955,0,1,35,42
10956,0,1,35,42
10957,0,1,35,42
10958,0,1,35,42
10959,0,1,35,42
1096,0,1,436,1014
10960,0,1,35,42
10961,0,1,35,42
10962,0,1,35,42
10963,0,1,35,42
10964,0,1,35,42
10965,0,1,35,42
10966,0,1,35,42
10967,0,1,35,42
10968,0,1,35,42
10969,0,1,35,42
1097,0,10,30,105
10970,0,1,35,42
10971,0,1,35,42
10972,0,1,35,42
10973,0,1,35,42
10974,0,1,35,42
10975,0,1,35,42
10976,0,1,35,42
10977,0,1,35,42
10978,0,1,35,42
10979,0,1,203,416
1098,0,10,30,105
10980,0,1,35,42
10981,0,1,203,416
10982,0,1,35,42
10983,0,1,35,42
10984,0,1,35,42
10985,0,1,203,416
10986,0,1,35,42
10987,0,1,35,42
10988,0,1,35,42
10989,0,1,35,42
1099,0,10,30,986
10990,0,1,203,416
10991,0,1,35,42
10992,0,1,125,1637
10993,0,0,807,3645
10994,0,1,20,376
10995,0,1,135,332
10996,0,1,135,6344
10997,0,1,135,332
10998,0,1,20,376
10999,0,1,20,376
11,12,40,136,189
110,0,0,0,12
1100,0,0,0,9
11000,0,0,0,937
11001,0,1,135,332
11002,0,0,0,1265
11003,0,1,20,376
11004,0,1,20,376
11005,0,1,135,332
11006,0,1,20,376
11007,0,0,0,937
11008,0,0,0,937
11009,0,1,1026,2585
1101,0,0,0,9
11010,0,1,20,376
11011,0,0,0,937
11012,0,1,135,332
11013,0,1,135,1727
11014,5,26,294,4979
11015,5,26,294,2586
11016,5,26,294,3646
11017,0,0,0,1533
11018,3,259,1408,4980
11019,0,1,423,3647
1102,1,2,2,518
11020,0,1,125,1079
11021,0,1,42,122
11022,5,26,294,3648
11023,0,0,0,1533
11024,0,1,423,2165
11025,0,0,0,2587
11026,0,1,125,1079
11027,5,26,294,2588
11028,0,1,423,2165
11029,0,0,1027,2589
1103,4,20,70,76
11030,0,1,13,625
11031,0,1,13,625
11032,0,260,1409,4981
11033,0,1,13,4982
11034,0,0,654,1534
11035,0,0,654,1534
11036,0,1,13,625
11037,0,1,13,625
11038,0,1,13,754
11039,0,1,13,625
1104,0,0,78,1960
11040,0,1,13,536
11041,0,1,13,536
11042,0,1,13,3649
11043,0,1,13,1912
11044,0,1,13,536
11045,0,1,13,1912
11046,0,0,374,2166
11047,0,0,374,2166
11048,0,1,83,148
11049,0,1,20,295
1105,0,0,0,1
11050,0,1,83,148
11051,0,1,83,148
11052,0,1,83,148
11053,0,1,20,295
11054,0,1,83,148
11055,0,1,83,148
11056,0,1,20,295
11057,0,1,20,295
11058,0,1,83,148
11059,0,1,83,4983
1106,1,19,87,6046
11060,0,1,83,148
11061,0,1,20,295
11062,0,1,20,295
11063,0,1,83,148
11064,0,1,83,148
11065,0,1,83,2167
11066,0,1,83,148
11067,0,1,83,2167
11068,0,1,83,148
11069,0,1,20,295
1107,4,31,129,179
11070,0,1,83,148
11071,0,1,83,148
11072,0,1,83,4984
11073,0,1,83,148
11074,0,1,83,148
11075,0,1,83,148
11076,0,1,42,122
11077,0,0,0,1913
11078,0,1,42,122
11079,0,1,42,122
1108,0,1,155,357
11080,0,1,42,122
11081,0,0,374,4985
11082,0,1,42,122
11083,0,1,42,122
11084,0,1,42,122
11085,0,1,42,122
11086,0,1,42,122
11087,0,0,0,1913
11088,0,1,42,122
11089,0,1,42,122
1109,6,14,748,3344
11090,0,1,42,3650
11091,0,1,42,122
11092,0,1,42,122
11093,0,1,42,122
11094,0,0,0,417
11095,0,0,293,1535
11096,0,1,42,122
11097,0,1,42,122
11098,0,1,42,122
11099,0,1,42,122
111,2,3,5,10
1110,0,1,14,50
11100,0,1,42,122
11101,0,1,42,122
11102,0,1,42,2590
11103,0,1,42,122
11104,0,0,808,3651
11105,0,0,0,417
11106,0,0,0,6345
11107,0,0,0,1536
11108,0,1,42,122
11109,0,0,0,1536
1111,0,0,0,5
11110,0,1,42,834
11111,0,1,42,834
11112,0,1,42,834
11113,0,5,23,143
11114,0,1,24,153
11115,0,0,0,31
11116,1,2,2,6346
11117,0,1,4,43
11118,0,0,0,9
11119,0,1,139,298
1112,2,3,8,11
11120,3,4,10,205
11121,0,83,514,1074
11122,0,1,115,234
11123,0,0,0,5
11124,1,2,9,13
11125,0,0,16,16
11126,0,0,16,16
11127,0,11,1186,6347
11128,0,1,37,938
11129,0,5,23,4986
1113,0,0,0,2
11130,0,0,0,185
11131,0,1,4,49
11132,53,261,1410,4987
11133,0,1,29,51
11134,0,1,4,78
11135,0,1,37,158
11136,3,4,10,205
11137,0,1,139,298
11138,3,4,10,205
11139,0,1,110,679
1114,0,0,0,0
11140,0,1,139,2591
11141,3,4,10,205
11142,0,1,110,1789
11143,0,1,110,679
11144,3,4,10,6348
11145,0,1,14,6349
11146,0,0,0,0
11147,1,2,3,19
11148,1,2,7,7
11149,1,2,2,4
1115,0,1,4,542
11150,1,2,3,433
11151,0,0,0,0
11152,1,2,3,19
11153,1,2,2,4
11154,0,0,0,0
11155,0,0,0,1
11156,0,0,15,27
11157,1,2,3,19
11158,0,0,0,1
11159,0,0,0,2
1116,0,1,56,1410
11160,0,0,0,0
11161,1,2,7,7
11162,0,0,0,1
11163,0,0,0,0
11164,2,3,5,10
11165,1,2,7,7
11166,1,2,2,4
11167,1,2,3,19
11168,0,0,0,1
11169,0,0,0,2
1117,0,0,0,9
11170,0,0,0,1
11171,1,2,3,3
11172,0,0,0,0
11173,6,14,184,305
11174,1,2,9,46
11175,5,26,540,3652
11176,0,0,0,0
11177,0,1,331,736
11178,0,1,324,698
11179,0,1,1411,4988
1118,0,1,1,20
11180,0,1,118,644
11181,0,1,262,762
11182,0,1,809,3653
11183,0,1,71,428
11184,0,0,0,630
11185,0,0,0,187
11186,0,0,0,936
11187,0,1,1028,2592
11188,0,1,1,8
11189,0,1,1,1334
1119,1,2,2,17
11190,0,1,432,970
11191,0,1,456,1224
11192,0,1,13,60
11193,0,1,13,394
11194,0,1,13,3654
11195,3,4,810,3655
11196,0,0,17,39
11197,0,0,0,238
11198,0,1,14,3656
11199,0,1,13,558
112,1,2,3,91
1120,0,1,1,20
11200,0,1,13,399
11201,0,1,13,166
11202,0,0,0,0
11203,0,1,93,1169
11204,0,1,35,42
11205,0,1,96,1537
11206,0,1,96,2299
11207,0,1,35,42
11208,0,1,197,2027
11209,0,1,150,3657
1121,1,2,2,17
11210,0,69,811,3658
11211,0,1,58,418
11212,0,137,812,3659
11213,0,1,58,3660
11214,0,1,58,418
11215,0,1,58,418
11216,0,1,58,3661
11217,0,1,58,418
11218,2,3,11,4989
11219,0,0,0,47
1122,1,2,2,17
11220,0,0,0,1
11221,0,1,4,43
11222,0,5,23,573
11223,0,1,24,153
11224,0,1,14,50
11225,0,1,13,2214
11226,0,1,13,4990
11227,0,0,0,326
11228,0,0,0,1
11229,0,1,256,563
1123,0,1,21,24
11230,0,1,13,3662
11231,0,1,14,50
11232,1,2,9,13
11233,0,1,1,160
11234,0,0,59,64
11235,0,1,14,1538
11236,0,0,59,64
11237,0,0,17,39
11238,0,0,52,52
11239,1,2,53,53
1124,0,1,1,20
11240,2,3,50,2168
11241,0,0,0,291
11242,2,3,31,36
11243,0,0,0,12
11244,1,2,3,1327
11245,2,3,50,3663
11246,2,3,11,14
11247,2,3,11,1024
11248,1,2,7,7
11249,2,3,8,1266
1125,0,0,0,9
11250,2,3,143,727
11251,2,3,44,59
11252,0,0,0,12
11253,3,4,10,1539
11254,0,1,1,8
11255,0,1,1,18
11256,0,1,147,3664
11257,2,3,34,35
11258,0,1,4,364
11259,0,0,16,16
1126,0,1,20,29
11260,0,1,14,249
11261,0,1,4,162
11262,0,0,0,5
11263,0,1,1,18
11264,0,1,14,50
11265,3,4,10,83
11266,3,4,10,69
11267,0,0,16,16
11268,0,0,0,6350
11269,0,0,16,16
1127,2,3,100,548
11270,0,0,0,2593
11271,1,2,9,46
11272,0,0,16,4991
11273,2,3,34,35
11274,0,0,0,5
11275,1,2,9,13
11276,1,2,9,13
11277,0,0,16,16
11278,0,0,0,9
11279,0,1,1,18
1128,0,0,0,21
11280,0,1,1,8
11281,0,0,6,6
11282,0,0,61,89
11283,2,3,34,35
11284,0,1,4,30
11285,0,1,1,74
11286,0,0,0,5
11287,2,3,34,35
11288,0,5,23,6351
11289,0,1,4,43
1129,1,2,2,476
11290,2,3,251,1845
11291,0,0,15,1914
11292,0,0,28,1267
11293,1,2,9,87
11294,0,1,1,18
11295,0,0,0,489
11296,0,0,0,1
11297,2,3,5,10
11298,1,2,3,19
11299,1,2,2,4
113,0,0,0,12
1130,0,0,0,1
11300,2,3,1187,6352
11301,2,3,5,10
11302,0,0,0,0
11303,0,0,0,1
11304,0,0,0,95
11305,0,0,0,95
11306,0,0,16,16
11307,2,3,34,35
11308,0,0,123,1420
11309,0,0,0,1
1131,1,2,2,4
11310,1,2,2,4
11311,0,0,0,0
11312,1,2,3,3
11313,1,2,7,7
11314,0,0,0,0
11315,2,3,5,15
11316,1,2,2,34
11317,0,1,4,132
11318,0,0,0,9
11319,0,1,24,200
1132,1,2,3,63
11320,0,1,1,8
11321,0,1,82,680
11322,0,1,4,217
11323,0,0,0,0
11324,0,0,0,2
11325,0,1,39,1268
11326,1,2,2,4
11327,1,2,3,3
11328,0,0,0,1
11329,2,3,8,11
1133,0,0,0,1
11330,1,23,357,6353
11331,54,262,1412,4992
11332,1,56,193,4993
11333,15,44,149,748
11334,1,23,145,4994
11335,1,39,152,3665
11336,0,0,92,139
11337,0,0,254,1080
11338,0,55,343,1104
11339,0,0,0,21
1134,0,0,0,2
11340,0,0,0,4995
11341,0,0,339,1540
11342,0,0,0,197
11343,0,1,20,250
11344,0,0,293,1910
11345,0,0,0,0
11346,1,2,3,3
11347,0,0,0,0
11348,0,0,0,0
11349,1,2,3,3
1135,2,3,11,774
11350,0,0,0,0
11351,0,0,0,1
11352,0,0,19,173
11353,0,1,14,249
11354,6,14,543,2169
11355,0,1,13,504
11356,0,1,13,164
11357,0,0,6,6
11358,0,0,6,6
11359,0,11,140,2594
1136,0,0,0,75
11360,0,0,315,4996
11361,0,0,27,25
11362,1,2,2,545
11363,0,1,4,30
11364,0,0,138,1479
11365,0,0,0,48
11366,0,1,1,74
11367,0,32,101,216
11368,0,1,18,2595
11369,0,1,18,1404
1137,1,2,7,7
11370,0,5,347,3666
11371,0,1,24,3667
11372,0,1,29,51
11373,0,1,509,3668
11374,0,1,325,1915
11375,0,1,319,6354
11376,0,0,0,1
11377,1,2,3,19
11378,0,0,15,27
11379,1,2,2,388
1138,0,0,0,75
11380,0,0,0,0
11381,0,0,0,1
11382,2,3,66,377
11383,1,2,7,7
11384,2,3,5,10
11385,1,2,2,4
11386,0,0,0,0
11387,0,0,15,404
11388,0,0,15,654
11389,0,1,14,85
1139,1,2,3,222
11390,0,0,0,0
11391,1,2,7,7
11392,0,0,0,2
11393,0,0,0,48
11394,0,0,15,27
11395,1,2,2,4
11396,0,0,0,0
11397,1,2,3,33
11398,0,0,0,1
11399,0,0,0,47
114,0,0,0,1
1140,1,25,283,2357
11400,0,0,0,1
11401,0,1,13,164
11402,2,3,5,303
11403,0,0,59,64
11404,0,1,1,3669
11405,0,1,1,3670
11406,0,1,1,3671
11407,0,0,19,4997
11408,0,1,1,2596
11409,0,1,1,6355
1141,0,0,0,2
11410,0,1,1,6356
11411,0,1,4,1400
11412,0,0,38,1269
11413,0,0,38,4998
11414,0,0,38,4999
11415,0,1,14,50
11416,3,4,10,83
11417,3,4,10,69
11418,3,4,10,83
11419,3,4,10,69
1142,0,0,0,5
11420,0,1,14,50
11421,3,4,10,83
11422,3,4,10,69
11423,0,1,14,50
11424,1,2,3,19
11425,1,2,7,7
11426,0,0,0,1
11427,2,3,5,10
11428,0,0,0,0
11429,0,0,15,27
1143,2,3,34,35
11430,0,0,0,0
11431,0,0,0,1
11432,1,2,7,7
11433,0,0,15,27
11434,2,3,5,10
11435,0,1,14,129
11436,0,0,0,48
11437,0,1,14,129
11438,0,0,0,48
11439,0,0,0,2
1144,0,1,20,29
11440,0,0,0,5
11441,0,1,4,805
11442,0,0,0,5000
11443,0,1,14,6357
11444,0,1,14,6358
11445,0,0,0,2597
11446,0,1,1029,2598
11447,0,0,0,0
11448,0,0,0,0
11449,2,3,5,10
1145,2,3,34,35
11450,1,2,3,19
11451,1,2,2,4
11452,0,0,0,1
11453,0,1,1,8
11454,17,60,206,367
11455,0,0,15,653
11456,8,220,1188,6359
11457,0,0,27,25
11458,1,2,2,126
11459,0,0,15,444
1146,1,2,9,13
11460,1,2,3,63
11461,0,0,0,1
11462,0,1,148,794
11463,0,0,15,2300
11464,0,0,157,3672
11465,0,0,0,100
11466,7,15,48,1541
11467,0,36,105,141
11468,0,1,4,62
11469,0,0,0,2
1147,0,0,0,5
11470,0,0,0,5
11471,0,1,13,166
11472,0,0,0,1
11473,0,1,20,29
11474,0,0,0,290
11475,0,0,0,88
11476,0,1,1,1270
11477,0,1,1,1270
11478,0,0,16,16
11479,0,0,19,369
1148,0,0,0,2
11480,0,0,0,1
11481,1,2,2,40
11482,10,35,169,246
11483,0,0,61,348
11484,1,2,7,7
11485,0,0,0,12
11486,1,2,3,676
11487,0,0,0,1
11488,1,2,7,7
11489,0,0,0,0
1149,0,0,0,2
11490,0,0,15,27
11491,1,2,9,13
11492,0,0,0,5
11493,1,2,9,13
11494,0,0,61,89
11495,0,0,16,16
11496,0,0,28,593
11497,0,1,22,245
11498,0,1,1,8
11499,3,4,10,2599
115,0,0,0,2
1150,1,2,2,23
11500,8,41,144,2600
11501,0,0,38,6360
11502,0,0,0,48
11503,0,1,14,264
11504,0,1,813,3673
11505,0,1,22,479
11506,0,1,1,45
11507,0,6,160,529
11508,0,0,0,614
11509,0,1,13,6361
1151,1,2,9,640
11510,0,1,42,1916
11511,0,1,1,65
11512,0,1,13,394
11513,0,0,0,268
11514,19,120,579,3674
11515,1,2,3,33
11516,1,12,521,1601
11517,2,3,8,1600
11518,0,0,0,1
11519,4,20,70,76
1152,0,0,6,6
11520,1,2,9,13
11521,0,0,0,102
11522,0,0,59,64
11523,0,0,27,25
11524,0,0,15,135
11525,0,0,40,5001
11526,0,0,0,378
11527,0,17,76,2601
11528,0,0,15,423
11529,1,2,3,91
1153,0,0,16,16
11530,3,4,10,759
11531,0,1,14,264
11532,0,0,0,1
11533,4,18,153,556
11534,1,2,3,114
11535,0,0,0,1
11536,0,0,0,1842
11537,2,3,8,124
11538,1,2,7,7
11539,0,0,0,12
1154,0,0,0,5
11540,0,0,0,12
11541,2,3,11,14
11542,0,0,0,2
11543,1,2,2,4
11544,0,0,0,12
11545,2,3,5,10
11546,2,3,8,79
11547,0,0,0,0
11548,1,2,7,7
11549,0,0,0,2
1155,0,0,0,0
11550,1,2,3,3
11551,2,3,11,14
11552,0,0,0,1
11553,2,3,8,188
11554,0,0,0,0
11555,2,3,5,337
11556,0,0,0,12
11557,0,0,0,0
11558,0,0,0,1
11559,2,3,8,11
1156,1,2,7,7
11560,1,2,3,3
11561,1,2,2,4
11562,1,2,3,3
11563,0,0,0,0
11564,2,3,5,1917
11565,0,0,40,2602
11566,1,2,2,4
11567,2,3,5,10
11568,0,0,27,25
11569,0,1,14,3675
1157,2,3,5,10
11570,0,0,0,0
11571,3,4,10,5002
11572,2,3,8,138
11573,0,0,15,135
11574,6,14,349,1081
11575,2,3,5,15
11576,1,2,3,3
11577,1,2,7,7
11578,1,2,3,3
11579,0,1,39,58
1158,1,2,3,33
11580,0,0,0,1
11581,0,0,0,262
11582,0,0,0,102
11583,0,1,1,8
11584,1,2,2,4
11585,0,0,15,27
11586,1,2,7,7
11587,2,3,8,194
11588,0,0,0,0
11589,1,2,3,19
1159,2,3,5,67
11590,0,0,0,0
11591,0,0,0,1
11592,0,1,13,681
11593,0,1,1189,6362
11594,0,1,13,681
11595,0,0,0,9
11596,0,1,1,20
11597,1,2,2,17
11598,0,1,21,24
11599,0,1,21,24
116,1,2,2,4
1160,0,0,0,0
11600,1,2,2,17
11601,0,1,1,20
11602,0,0,15,27
11603,0,0,0,1
11604,1,2,3,19
11605,2,3,5,10
11606,0,0,0,0
11607,1,2,7,7
11608,1,2,3,19
11609,0,0,0,0
1161,3,4,10,612
11610,0,0,0,1
11611,2,3,5,10
11612,1,2,7,7
11613,0,0,15,27
11614,0,0,0,290
11615,0,1,20,29
11616,0,68,737,5003
11617,0,0,0,6363
11618,0,0,0,1163
11619,0,1,4,49
1162,2,3,11,14
11620,0,1,1,8
11621,0,5,23,6364
11622,0,1,24,835
11623,0,0,0,31
11624,0,1,37,370
11625,1,2,3,33
11626,0,0,0,12
11627,2,3,8,1282
11628,0,1,4,199
11629,0,1,24,251
1163,0,0,0,1
11630,0,5,23,143
11631,0,0,0,31
11632,0,0,0,56
11633,4,20,70,76
11634,1,2,3,92
11635,0,0,0,72
11636,0,1,82,2603
11637,0,0,0,31
11638,0,0,0,407
11639,0,83,514,1074
1164,0,0,0,0
11640,1,2,2,17
11641,0,0,0,5
11642,0,0,16,16
11643,0,1,4,78
11644,0,1,37,5004
11645,0,1,1,8
11646,0,1,4,78
11647,0,1,1,574
11648,0,1,37,6365
11649,0,1,22,5005
1165,2,3,5,15
11650,0,6,73,5006
11651,0,1,58,1578
11652,0,1,4,43
11653,0,5,23,143
11654,0,0,0,31
11655,1,2,3,1579
11656,0,0,0,9
11657,0,0,0,349
11658,0,1,24,153
11659,1,2,2,34
1166,1,2,2,4
11660,0,0,0,1
11661,0,1,814,3676
11662,0,0,6,70
11663,0,0,6,107
11664,0,0,6,6
11665,0,0,6,6
11666,0,0,6,6
11667,0,0,6,107
11668,0,0,6,107
11669,0,0,6,70
1167,2,3,34,35
11670,0,0,6,70
11671,0,0,6,6
11672,0,0,6,70
11673,0,0,6,107
11674,0,0,6,6
11675,0,0,6,107
11676,0,0,6,70
11677,0,0,0,5
11678,0,0,16,16
11679,0,0,16,16
1168,0,0,0,95
11680,0,0,0,5
11681,1,2,2,34
11682,0,0,0,9
11683,0,0,0,310
11684,0,0,0,56
11685,0,0,15,27
11686,0,0,0,1
11687,0,0,0,0
11688,1,2,7,7
11689,1,2,3,1082
1169,0,0,0,5
11690,0,0,52,52
11691,1,2,53,53
11692,0,0,17,39
11693,0,0,6,6
11694,0,0,123,374
11695,1,2,3,3
11696,0,0,0,0
11697,1,2,7,7
11698,2,3,8,11
11699,0,0,0,2
117,0,0,0,12
1170,2,3,34,35
11700,0,0,0,12
11701,1,2,2,40
11702,0,0,0,1
11703,1,2,9,575
11704,0,1,106,241
11705,0,0,0,2604
11706,0,0,0,0
11707,0,0,92,139
11708,1,23,145,230
11709,1,39,152,283
1171,0,0,6,6
11710,1,50,166,280
11711,0,1,1,110
11712,0,1,1,8
11713,0,1,21,850
11714,1,2,9,13
11715,0,0,0,12
11716,1,2,3,91
11717,1,2,2,4
11718,0,0,0,1
11719,2,3,11,14
1172,0,0,6,6
11720,2,3,5,15
11721,1,2,9,13
11722,0,1,13,60
11723,1,2,2,4
11724,1,2,7,7
11725,2,3,5,1605
11726,0,0,0,0
11727,1,2,3,1604
11728,3,4,10,5007
11729,0,0,0,1
1173,0,0,6,6
11730,3,4,10,2605
11731,0,0,326,1769
11732,0,1,141,284
11733,0,0,0,0
11734,0,0,0,2
11735,2,3,8,11
11736,1,2,3,3
11737,0,0,0,0
11738,1,2,2,4
11739,0,0,0,1
1174,0,1,13,775
11740,2,3,11,14
11741,3,4,10,28
11742,35,221,1190,6366
11743,0,1,1413,5008
11744,21,65,815,3677
11745,0,1,663,1606
11746,0,1,120,172
11747,0,1,103,178
11748,0,1,4,2606
11749,0,1,12,1142
1175,0,0,16,16
11750,0,1,1414,5009
11751,0,0,1191,6367
11752,0,0,1415,5010
11753,0,0,1192,6368
11754,0,0,816,3678
11755,0,0,81,2607
11756,1,2,1193,6369
11757,0,0,60,5011
11758,0,0,405,1739
11759,0,0,375,1918
1176,0,0,0,21
11760,0,0,329,836
11761,14,38,187,5012
11762,0,1,154,971
11763,0,1,4,3679
11764,0,1,176,1262
11765,0,1,4,6370
11766,0,1,345,3680
11767,0,0,27,25
11768,1,2,2,1542
11769,0,1,12,1347
1177,1,2,9,46
11770,0,6,36,3681
11771,0,1,13,208
11772,0,1,1,18
11773,0,1,1,1691
11774,0,1,1,343
11775,0,0,275,2608
11776,0,0,0,1
11777,0,0,0,2
11778,0,0,0,2
11779,0,0,0,5
1178,0,0,16,16
11780,0,1,1416,5013
11781,0,10,30,151
11782,0,1,1,682
11783,0,0,52,52
11784,1,2,53,53
11785,0,1,14,249
11786,0,0,0,128
11787,0,0,19,173
11788,0,1,14,249
11789,0,0,0,1
1179,0,0,6,6
11790,0,0,0,47
11791,0,1,4,1467
11792,0,1,1,6371
11793,0,1,13,541
11794,0,0,81,2292
11795,0,1,4,5014
11796,0,0,60,570
11797,0,1,4,2142
11798,0,1,12,1898
11799,0,0,817,3682
118,0,0,0,1
1180,0,0,16,16
11800,0,1,345,6372
11801,0,1,12,767
11802,0,1,18,1373
11803,0,0,207,2170
11804,0,1,56,1831
11805,0,0,114,2294
11806,0,1,150,5015
11807,0,1,4,1543
11808,0,0,0,21
11809,0,0,0,77
1181,0,0,6,6
11810,0,0,171,379
11811,0,0,171,379
11812,1,2,2,631
11813,0,1,190,1740
11814,0,1,20,2039
11815,0,1,4,1544
11816,0,0,207,2171
11817,2,3,515,6373
11818,0,0,0,837
11819,0,1,18,1373
1182,0,0,6,6047
11820,0,1,86,772
11821,0,1,25,568
11822,0,0,1194,6374
11823,0,1,566,1919
11824,0,1,64,1374
11825,0,1,154,971
11826,0,1,4,81
11827,0,1,1,322
11828,0,0,0,2609
11829,0,1,4,287
1183,7,15,48,265
11830,0,1,4,1180
11831,0,1,4,247
11832,0,1,12,1450
11833,0,27,226,419
11834,0,1,1030,2610
11835,0,1,1195,6375
11836,0,1,64,6376
11837,1,2,2,900
11838,0,1,1,2611
11839,0,1,1,3683
1184,1,2,9,1487
11840,0,1,64,1096
11841,0,1,1,6377
11842,1,23,818,3684
11843,0,0,38,259
11844,0,1,1031,2612
11845,0,1,4,2172
11846,0,1,4,1098
11847,0,1,436,1014
11848,0,0,0,128
11849,0,1,13,754
1185,0,1,1,45
11850,0,1,13,625
11851,0,0,19,1547
11852,0,1,1,18
11853,0,1,124,6378
11854,0,5,49,1619
11855,0,1,51,947
11856,0,1,1,3685
11857,0,1,158,437
11858,0,1,1,682
11859,0,1,4,684
1186,0,0,74,118
11860,0,1,1,683
11861,0,1,1,18
11862,0,1,1,343
11863,0,0,108,5016
11864,0,1,4,686
11865,0,1,64,1545
11866,0,8,32,32
11867,0,0,0,837
11868,0,0,516,1546
11869,0,0,234,1140
1187,0,0,6,6
11870,0,0,19,1547
11871,0,1,1,2613
11872,0,1,102,1548
11873,0,1,1,2301
11874,0,1,18,838
11875,14,38,187,2614
11876,0,1,25,159
11877,0,1,102,1548
11878,0,1,18,838
11879,0,0,0,2615
1188,0,0,19,4693
11880,0,1,1,2301
11881,0,1,13,6379
11882,0,1,1417,5017
11883,0,0,0,109
11884,0,1,29,6380
11885,0,1,12,1549
11886,0,0,0,31
11887,0,0,0,668
11888,39,116,554,1855
11889,0,0,114,576
1189,1,2,1366,4694
11890,0,1,18,1373
11891,0,0,46,448
11892,0,1,1,849
11893,0,1,64,6381
11894,0,1,340,3686
11895,0,1,317,1083
11896,0,1,13,2173
11897,0,0,40,1441
11898,0,0,17,1550
11899,0,0,59,651
119,1,2,7,7
1190,0,0,0,5
11900,0,1,4,1375
11901,0,1,4,6382
11902,0,1,1,2616
11903,0,1,819,3687
11904,0,1,820,3688
11905,0,1,22,3689
11906,0,1,256,563
11907,0,1,86,358
11908,0,0,27,25
11909,0,1,328,1376
1191,0,0,0,93
11910,0,1,4,577
11911,0,1,1,6383
11912,0,1,4,2617
11913,0,6,160,390
11914,0,0,0,452
11915,0,0,567,5018
11916,0,1,124,1084
11917,0,0,0,1381
11918,2,3,178,3690
11919,0,1,25,159
1192,0,0,0,103
11920,0,0,0,3691
11921,0,1,211,6384
11922,0,0,0,1
11923,0,1,113,1551
11924,0,103,491,6385
11925,0,1,18,1047
11926,0,1,1,3692
11927,0,1,1,6386
11928,0,1,18,380
11929,0,0,0,668
1193,0,0,0,0
11930,0,0,0,3693
11931,0,5,49,2618
11932,0,21,72,165
11933,0,1,18,380
11934,0,27,393,958
11935,0,27,461,1277
11936,0,0,27,25
11937,1,39,273,1853
11938,0,0,27,25
11939,0,1,4,338
1194,2,3,8,11
11940,0,1,1,65
11941,0,73,1032,2619
11942,0,1,1,65
11943,0,0,0,730
11944,0,0,46,2174
11945,0,0,19,1930
11946,0,27,278,5019
11947,0,27,226,419
11948,0,27,535,1225
11949,0,1,1,74
1195,1,2,7,7
11950,0,1,1,180
11951,0,1,4,1552
11952,0,1,1,18
11953,0,1,1,1760
11954,0,1,1196,6387
11955,0,1,64,1553
11956,0,1,1,3694
11957,0,16,68,5020
11958,0,0,0,2620
11959,0,1,179,667
1196,1,2,2,4
11960,0,1,13,541
11961,0,1,64,1374
11962,0,1,655,6388
11963,0,1,4,2302
11964,0,0,1197,6389
11965,0,0,1418,5021
11966,0,1,1,5022
11967,0,1,85,113
11968,0,1,151,228
11969,0,1,126,1231
1197,1,2,3,3
11970,0,1,1,65
11971,0,1,128,191
11972,0,5,49,2621
11973,0,1,113,2265
11974,0,1,29,51
11975,0,1,4,6390
11976,0,1,22,3695
11977,0,1,18,2622
11978,0,0,247,2623
11979,0,0,234,1085
1198,0,0,0,0
11980,0,0,17,531
11981,0,1,113,6391
11982,0,1,730,3696
11983,0,1,224,1909
11984,0,47,188,373
11985,0,1,225,410
11986,0,1,221,6392
11987,0,1,1,18
11988,0,1,1,6393
11989,0,6,36,3697
1199,0,0,0,93
11990,0,1,4,254
11991,0,1,4,1086
11992,0,1,1,5023
11993,0,6,36,2303
11994,0,1,18,380
11995,0,1,1,3698
11996,0,1,18,380
11997,0,1,12,1271
11998,0,0,0,2
11999,0,1,24,196
12,12,40,136,189
120,1,2,3,114
1200,0,0,0,2
12000,0,0,0,5024
12001,0,1,103,3699
12002,0,0,81,839
12003,0,0,0,2119
12004,0,1,12,1442
12005,0,1,328,1376
12006,0,5,49,618
12007,0,1,102,184
12008,0,1,1198,6394
12009,0,1,1,45
1201,0,1,1,38
12010,0,1,137,6395
12011,0,1,1,18
12012,0,0,821,3700
12013,0,0,0,128
12014,0,0,207,822
12015,0,1,25,3701
12016,0,0,0,349
12017,0,0,0,31
12018,0,1,24,153
12019,0,5,23,143
1202,0,1,21,4695
12020,1,2,2,34
12021,0,0,0,9
12022,0,1,4,43
12023,0,0,338,2110
12024,0,8,32,32
12025,0,0,1199,6396
12026,0,1,1,6397
12027,0,1,1,18
12028,0,1,119,209
12029,0,1,128,191
1203,0,1,22,2358
12030,0,1,85,113
12031,0,1,151,228
12032,0,1,1,65
12033,0,1,1200,6398
12034,0,5,49,5025
12035,0,1,18,5026
12036,0,1,1,65
12037,0,1,119,209
12038,0,1,128,191
12039,0,1,151,228
1204,0,150,724,2111
12040,0,1,85,113
12041,0,1,181,2009
12042,0,1,51,136
12043,0,0,19,173
12044,0,1,14,6399
12045,0,1,29,3702
12046,0,5,49,1920
12047,0,1,12,2175
12048,0,1,56,177
12049,0,0,15,3703
1205,0,1,12,987
12050,0,1,4,840
12051,0,195,1033,2624
12052,0,0,108,2176
12053,0,1,457,1272
12054,0,0,60,1840
12055,0,1,18,791
12056,0,1,18,790
12057,0,1,150,1926
12058,0,6,160,390
12059,0,0,0,452
1206,1,2,2,34
12060,0,0,17,39
12061,0,1,14,90
12062,0,0,45,71
12063,0,0,41,106
12064,0,0,52,52
12065,1,2,53,53
12066,0,0,19,173
12067,0,1,33,3704
12068,1,2,2,34
12069,4,18,198,6400
1207,0,0,28,61
12070,0,0,0,9
12071,0,0,45,2625
12072,0,0,15,2626
12073,0,0,17,131
12074,0,0,27,25
12075,0,0,15,6401
12076,1,2,2,505
12077,0,17,322,5027
12078,0,0,701,3705
12079,0,21,72,225
1208,0,0,0,98
12080,0,0,1034,2627
12081,10,35,169,246
12082,6,14,349,1700
12083,3,4,10,311
12084,0,0,27,25
12085,1,2,2,126
12086,1,2,3,276
12087,1,2,3,676
12088,0,0,0,0
12089,0,1,22,372
1209,0,0,28,119
12090,0,1,1,44
12091,0,1,1,8
12092,0,1,1,8
12093,2,3,132,2628
12094,0,0,0,9
12095,1,2,2,17
12096,0,1,1,20
12097,0,1,1,2629
12098,0,1,1,8
12099,0,0,0,12
121,0,0,0,12
1210,0,0,15,116
12100,0,1,1,110
12101,0,1,21,111
12102,0,1,4,57
12103,0,1,33,266
12104,0,0,47,73
12105,3,4,10,578
12106,0,0,19,255
12107,0,1,14,129
12108,0,0,15,2223
12109,0,0,17,123
1211,0,0,28,61
12110,0,0,0,48
12111,0,0,0,1
12112,1,2,2,4
12113,1,2,3,19
12114,0,0,0,0
12115,0,0,0,1
12116,1,2,7,7
12117,2,3,5,10
12118,0,0,0,2
12119,0,8,32,32
1212,1,2,7,7
12120,0,0,458,5028
12121,0,0,0,2
12122,0,0,0,5
12123,0,1,22,2072
12124,0,1,21,648
12125,0,0,47,73
12126,2,3,34,35
12127,1,2,9,127
12128,0,0,0,21
12129,2,3,100,1087
1213,0,0,0,0
12130,2,3,8,2630
12131,0,0,0,0
12132,1,2,3,3
12133,0,0,0,0
12134,2,3,5,337
12135,1,2,2,4
12136,1,2,7,7
12137,1,2,3,3
12138,0,0,0,0
12139,0,0,0,0
1214,1,2,3,33
12140,0,0,0,0
12141,2,3,5,337
12142,1,2,3,19
12143,2,3,5,10
12144,2,3,5,10
12145,1,2,2,4
12146,0,0,0,1
12147,1,2,2,4
12148,0,0,0,1
12149,0,0,0,2
1215,26,81,689,2359
12150,0,1,4,62
12151,0,1,14,841
12152,1,2,2,4
12153,0,1,39,58
12154,2,3,11,14
12155,0,0,0,0
12156,0,0,0,2
12157,0,0,0,0
12158,1,2,3,3
12159,0,0,0,12
1216,0,0,171,6048
12160,2,3,5,41
12161,2,3,31,36
12162,1,2,7,7
12163,1,25,313,1088
12164,0,8,32,32
12165,0,0,0,103
12166,0,0,41,666
12167,0,0,41,728
12168,0,0,0,102
12169,0,1,13,164
1217,0,0,0,88
12170,0,166,822,3706
12171,0,0,0,2
12172,0,0,0,5
12173,1,2,2,23
12174,0,0,0,100
12175,0,0,0,1
12176,1,2,3,63
12177,0,0,0,2164
12178,0,0,0,31
12179,0,1,58,1554
1218,0,1,1,192
12180,0,1,4,49
12181,0,1,63,1555
12182,0,1,37,182
12183,0,1,1,8
12184,0,30,1201,6402
12185,0,1,4,3707
12186,0,1,4,43
12187,0,5,23,3708
12188,0,1,1,96
12189,0,6,36,5029
1219,0,1,1,3345
12190,0,1,24,3709
12191,0,0,123,374
12192,0,0,17,123
12193,0,0,38,223
12194,0,0,0,48
12195,0,0,0,48
12196,0,0,0,1
12197,0,0,0,290
12198,1,2,3,3
12199,1,2,7,7
122,2,3,8,124
1220,0,1,1,3346
12200,2,3,8,11
12201,0,0,0,0
12202,0,0,0,2
12203,0,0,0,0
12204,1,2,2,4
12205,3,4,10,28
12206,0,1,13,5030
12207,0,1,13,208
12208,0,0,445,3710
12209,0,0,0,0
1221,0,1,4,317
12210,1,2,3,3
12211,0,0,0,0
12212,0,1,58,1556
12213,0,1,1,8
12214,0,1,20,6403
12215,2,3,1202,6404
12216,2,3,8,6405
12217,0,1,4,1935
12218,22,77,327,5031
12219,0,1,1,44
1222,1,2,2,23
12220,0,0,0,12
12221,1,2,7,7
12222,0,0,0,290
12223,1,2,9,13
12224,0,0,0,95
12225,1,2,9,13
12226,0,0,6,6
12227,0,0,0,95
12228,1,2,9,13
12229,1,2,7,7
1223,0,0,0,5
12230,2,3,8,11
12231,1,2,2,4
12232,1,2,3,3
12233,0,0,0,0
12234,0,0,0,0
12235,2,3,5,10
12236,2,3,5,15
12237,3,136,656,1557
12238,0,0,0,206
12239,0,1,20,29
1224,12,40,136,189
12240,0,0,0,206
12241,0,1,20,29
12242,0,1,1,1558
12243,0,1,1,192
12244,0,1,1,6406
12245,0,1,1,1559
12246,0,0,0,88
12247,0,1,1,1559
12248,0,1,4,3711
12249,0,1,1,1028
1225,0,1,1,18
12250,1,19,495,6407
12251,0,0,74,118
12252,0,0,74,118
12253,0,0,0,88
12254,0,1,1,1270
12255,0,0,59,64
12256,0,0,0,1
12257,0,0,0,438
12258,0,0,0,1
12259,0,0,0,2
1226,0,1,14,129
12260,2,3,66,1295
12261,0,1,382,2631
12262,0,6,73,451
12263,0,0,0,56
12264,0,1,4,49
12265,0,0,0,72
12266,0,1,1,193
12267,0,1,37,182
12268,0,1,39,156
12269,1,2,3,3
1227,0,0,17,123
12270,2,3,5,41
12271,1,2,3,3
12272,0,0,0,0
12273,1,2,2,4
12274,0,1,1,8
12275,0,1,29,149
12276,0,1,22,309
12277,0,0,47,1613
12278,0,1,39,58
12279,1,2,3,3
1228,0,0,52,52
12280,2,3,8,138
12281,1,2,3,3
12282,0,0,0,0
12283,2,3,5,10
12284,0,0,0,0
12285,3,4,10,28
12286,1,2,7,7
12287,0,0,0,0
12288,1,2,3,19
12289,0,0,0,0
1229,1,2,53,53
12290,0,0,0,1
12291,1,2,3,19
12292,1,2,2,4
12293,0,0,0,2
12294,1,2,7,7
12295,0,1,20,295
12296,0,1,42,1921
12297,2,3,66,3712
12298,0,0,0,0
12299,0,0,0,1
123,0,0,45,6022
1230,0,0,45,71
12300,1,2,3,19
12301,0,1,1,8
12302,0,1,63,120
12303,0,1,33,1524
12304,0,0,47,73
12305,0,1,1,8
12306,0,1,18,2632
12307,3,4,10,28
12308,1,2,2,4
12309,0,0,0,0
1231,0,0,52,52
12310,2,3,5,15
12311,1,2,3,3
12312,0,1,14,85
12313,0,0,40,1285
12314,0,17,76,709
12315,0,1,4,755
12316,0,16,68,82
12317,0,9,54,54
12318,0,0,0,12
12319,0,0,0,1
1232,1,2,53,53
12320,1,2,7,7
12321,2,3,8,414
12322,0,0,0,12
12323,0,0,0,1
12324,1,2,3,114
12325,1,2,2,4
12326,1,2,3,91
12327,2,3,11,14
12328,0,0,0,2
12329,0,1,4,288
1233,0,0,17,39
12330,0,1,4,288
12331,0,1,4,288
12332,0,1,4,288
12333,0,1,4,288
12334,0,1,4,288
12335,0,1,4,288
12336,0,9,65,289
12337,0,9,54,54
12338,0,16,68,82
12339,0,16,68,82
1234,0,1,1,8
12340,0,9,54,54
12341,0,0,0,218
12342,0,1,4,204
12343,0,1,4,217
12344,0,1,4,1922
12345,0,0,0,316
12346,1,2,3,453
12347,1,2,2,381
12348,0,1,4,684
12349,0,1,1,683
1235,0,1,18,1669
12350,0,0,0,218
12351,0,1,4,204
12352,0,1,4,62
12353,0,1,4,204
12354,0,0,0,6408
12355,0,0,0,218
12356,0,1,4,204
12357,0,1,4,81
12358,1,2,3,453
12359,1,2,2,381
1236,0,1,119,2112
12360,0,0,0,3713
12361,1,2,3,1947
12362,17,72,430,1377
12363,0,0,95,1281
12364,0,1,4,62
12365,0,1,1,1595
12366,0,1,4,1923
12367,3,4,386,815
12368,0,1,1,1089
12369,0,8,32,32
1237,0,1,1,1411
12370,0,8,32,32
12371,0,1,4,81
12372,0,0,19,55
12373,0,0,19,842
12374,0,1,1,104
12375,0,1,4,236
12376,0,0,46,94
12377,0,0,19,55
12378,0,43,162,843
12379,0,9,316,1560
1238,0,1,1,2360
12380,0,9,54,54
12381,0,16,68,82
12382,2,3,90,256
12383,16,48,161,252
12384,2,3,34,1561
12385,0,0,6,6
12386,0,1,14,50
12387,3,4,10,83
12388,3,4,10,69
12389,3,4,10,579
1239,0,1,85,616
12390,2,3,34,3714
12391,2,3,34,35
12392,2,3,34,2633
12393,2,3,34,35
12394,2,3,34,35
12395,2,3,34,6409
12396,2,3,34,3715
12397,2,3,34,35
12398,20,57,201,400
12399,0,36,105,141
124,0,1,620,6023
1240,0,1,126,1832
12400,1,2,69,84
12401,1,2,69,84
12402,0,36,105,141
12403,0,0,0,5
12404,0,0,0,2
12405,1,2,9,3716
12406,2,3,100,1087
12407,0,0,0,21
12408,0,0,16,3717
12409,0,0,16,6410
1241,0,1,128,191
12410,0,0,0,6411
12411,0,0,0,6412
12412,0,0,16,16
12413,0,0,0,1
12414,0,0,6,6
12415,0,0,0,642
12416,0,0,0,2
12417,1,2,2,40
12418,0,0,0,327
12419,0,0,16,16
1242,0,1,85,113
12420,0,0,16,3718
12421,0,0,823,3719
12422,0,0,16,16
12423,0,0,16,16
12424,0,0,16,16
12425,0,0,16,16
12426,0,0,16,16
12427,0,0,16,16
12428,4,18,198,2634
12429,7,15,1203,6413
1243,0,1,119,209
12430,10,53,185,2177
12431,1,2,69,84
12432,10,53,185,439
12433,1,23,517,1090
12434,0,36,105,141
12435,0,36,105,141
12436,1,2,69,84
12437,1,23,517,1090
12438,10,53,185,2177
12439,0,30,260,2635
1244,0,1,151,228
12440,1,2,69,84
12441,1,2,69,84
12442,2,3,199,478
12443,0,59,202,1425
12444,1,2,69,84
12445,0,36,105,141
12446,20,57,201,400
12447,1,2,69,84
12448,20,57,1035,2636
12449,0,36,105,141
1245,0,1,4,1616
12450,1,2,9,46
12451,7,15,48,66
12452,0,1,4,509
12453,2,3,90,256
12454,0,5,23,274
12455,0,1,24,275
12456,0,1,4,257
12457,1,25,410,2637
12458,0,1,4,1091
12459,0,1,4,1220
1246,0,1,706,3347
12460,0,1,14,145
12461,0,1,14,145
12462,0,0,16,6414
12463,0,0,6,6
12464,0,0,6,6
12465,0,0,6,6
12466,0,0,6,6
12467,0,0,6,6
12468,0,0,6,6
12469,0,0,6,6
1247,0,0,0,1412
12470,0,0,6,6
12471,0,0,6,3720
12472,0,0,6,6
12473,0,0,6,6
12474,0,0,0,5
12475,0,0,61,89
12476,13,37,107,1208
12477,1,2,9,13
12478,0,0,61,89
12479,0,0,16,16
1248,1,2,2,23
12480,0,0,0,5
12481,0,0,0,2
12482,0,0,0,5
12483,0,0,61,89
12484,1,2,9,13
12485,0,0,38,1350
12486,0,1,1,18
12487,0,1,1,110
12488,0,8,32,3721
12489,0,0,0,0
1249,0,0,0,988
12490,0,0,0,0
12491,1,2,2,4
12492,0,0,0,0
12493,0,1,91,685
12494,1,2,3,3
12495,1,2,9,640
12496,0,0,138,201
12497,0,32,101,216
12498,1,2,9,13
12499,0,0,16,16
125,14,38,187,2331
1250,7,15,48,66
12500,1,2,2,40
12501,0,0,74,2638
12502,0,1,1,96
12503,2,3,376,5032
12504,0,0,6,6
12505,0,1,20,29
12506,0,0,0,86
12507,0,1,24,302
12508,0,1,4,350
12509,0,0,0,21
1251,1,2,9,26
12510,2,3,100,1273
12511,1,2,2,68
12512,0,0,0,31
12513,0,0,0,9
12514,0,0,0,72
12515,1,2,2,34
12516,0,5,23,549
12517,0,0,17,6415
12518,1,2,2,4
12519,2,3,31,36
1252,0,0,0,5
12520,2,3,5,10
12521,1,2,3,3
12522,0,0,0,1
12523,0,0,0,0
12524,0,0,0,2
12525,0,0,0,12
12526,1,2,7,7
12527,0,0,0,1
12528,1,2,2,4
12529,0,0,0,0
1253,0,0,0,37
12530,1,2,3,3
12531,0,0,0,0
12532,0,0,0,0
12533,0,0,0,1
12534,0,0,0,1
12535,0,0,0,1
12536,0,0,0,1
12537,0,0,0,1
12538,0,0,0,1
12539,0,0,0,1
1254,0,0,0,2
12540,0,0,0,1
12541,0,0,0,1
12542,0,1,4,296
12543,8,29,94,2139
12544,0,0,40,1870
12545,0,0,0,378
12546,0,0,0,56
12547,4,20,70,76
12548,0,5,23,143
12549,0,1,24,251
1255,0,0,0,37
12550,0,1,82,6416
12551,0,0,0,31
12552,0,0,0,72
12553,0,0,0,31
12554,0,1,4,199
12555,0,1,1,96
12556,0,1,14,2639
12557,0,0,332,1562
12558,0,0,0,2640
12559,0,0,0,0
1256,0,0,0,2
12560,1,2,7,7
12561,0,0,15,27
12562,0,0,0,2
12563,2,3,5,10
12564,3,4,10,2641
12565,0,1,39,58
12566,1,2,2,4
12567,0,0,0,0
12568,2,3,5,41
12569,2,3,11,14
1257,1,2,9,26
12570,1,2,3,3
12571,0,0,0,12
12572,5,33,539,2642
12573,0,0,0,2
12574,3,4,10,963
12575,0,0,0,0
12576,1,2,7,7
12577,0,0,15,1607
12578,0,1,25,224
12579,0,0,15,5033
1258,0,0,0,5
12580,1,2,3,3
12581,0,0,0,0
12582,0,0,0,3722
12583,0,1,4,5034
12584,0,0,0,2
12585,0,0,0,2
12586,0,0,0,5
12587,0,0,19,146
12588,0,1,4,125
12589,0,1,4,81
1259,1,2,9,26
12590,0,16,68,82
12591,0,9,54,54
12592,0,1,4,62
12593,0,1,4,30
12594,0,1,4,30
12595,0,1,4,580
12596,0,1,4,81
12597,0,0,19,146
12598,0,1,4,125
12599,0,1,4,62
126,0,1,125,6024
1260,0,0,27,25
12600,0,1,4,30
12601,0,1,4,162
12602,0,1,4,30
12603,0,1,4,248
12604,0,0,0,218
12605,0,1,4,204
12606,0,1,4,338
12607,0,1,4,5035
12608,0,1,1,1924
12609,0,0,57,3723
1261,0,1,21,24
12610,0,1,1,18
12611,0,1,1,8
12612,0,1,1,237
12613,0,7,26,22
12614,0,7,26,22
12615,0,13,62,1563
12616,0,1,12,454
12617,0,0,0,1
12618,0,0,0,47
12619,0,1,33,481
1262,0,0,0,9
12620,0,1,1,8
12621,0,1,1,18
12622,0,1,29,421
12623,0,1,1,8
12624,0,1,63,120
12625,0,1,21,111
12626,0,1,24,2643
12627,0,0,108,1274
12628,0,1,4,49
12629,0,5,23,2644
1263,0,1,1,8
12630,0,0,0,1
12631,0,0,0,100
12632,1,2,2,4
12633,0,0,0,0
12634,2,3,8,11
12635,1,2,3,3
12636,3,4,10,28
12637,0,0,6,6
12638,0,1,89,435
12639,1,2,9,13
1264,0,1,1,20
12640,0,1,89,435
12641,0,0,38,5036
12642,0,0,0,2178
12643,0,1,305,2645
12644,0,0,59,64
12645,0,1,13,470
12646,0,0,15,5037
12647,0,1,233,2254
12648,0,1,1419,5038
12649,0,1,158,1378
1265,0,1,151,1712
12650,0,63,244,3724
12651,0,11,140,1275
12652,0,1,1,8
12653,0,1,1,18
12654,0,0,47,3725
12655,0,1,4,49
12656,0,0,0,56
12657,0,0,0,185
12658,0,1,1036,2646
12659,0,6,73,451
1266,0,1,128,1711
12660,0,1,37,182
12661,1,2,2,34
12662,0,1,1,193
12663,0,0,0,5
12664,0,0,0,2
12665,0,0,0,2
12666,0,0,0,2
12667,0,0,104,714
12668,0,0,0,5
12669,0,0,0,5
1267,0,1,85,113
12670,0,0,104,171
12671,0,0,0,5
12672,1,2,2,23
12673,0,0,0,5
12674,0,0,0,2
12675,0,1,219,5039
12676,0,0,0,31
12677,1,2,2,68
12678,0,0,0,72
12679,0,5,23,3726
1268,0,1,4,57
12680,0,1,24,302
12681,0,1,4,350
12682,2,3,5,10
12683,0,0,0,2
12684,0,0,0,1
12685,1,2,7,7
12686,0,0,6,6
12687,0,5,568,5040
12688,0,1,262,6417
12689,0,1,569,5041
1269,0,0,0,5
12690,0,22,88,6418
12691,0,1,109,2179
12692,0,1,137,2647
12693,0,1,109,5042
12694,0,1,156,2648
12695,0,10,30,443
12696,0,10,30,443
12697,0,1,137,3727
12698,0,10,30,443
12699,0,1,1,18
127,0,1,24,633
1270,0,0,27,25
12700,0,1,1,207
12701,0,1,1,110
12702,0,0,16,16
12703,0,36,105,141
12704,1,2,69,84
12705,0,59,202,475
12706,0,0,19,55
12707,0,0,46,94
12708,3,4,67,99
12709,0,9,54,54
1271,0,0,0,2
12710,3,4,121,365
12711,0,0,46,94
12712,3,4,67,99
12713,0,1,4,1092
12714,0,0,19,842
12715,0,9,65,213
12716,0,1,459,5043
12717,0,0,19,55
12718,3,4,67,99
12719,3,4,67,99
1272,0,0,27,25
12720,0,9,65,289
12721,0,0,19,55
12722,0,0,46,94
12723,0,0,46,94
12724,0,0,19,55
12725,3,4,67,99
12726,0,0,46,94
12727,0,9,54,54
12728,0,0,19,55
12729,0,9,54,54
1273,1,2,2,23
12730,3,4,121,365
12731,0,16,68,82
12732,0,0,46,94
12733,3,4,67,99
12734,0,0,46,94
12735,0,0,19,55
12736,0,0,19,55
12737,3,4,67,99
12738,0,0,46,94
12739,0,0,19,55
1274,1,2,2,17
12740,3,4,67,99
12741,0,0,46,94
12742,0,0,19,842
12743,3,4,67,99
12744,3,4,67,99
12745,0,0,19,55
12746,0,0,46,94
12747,0,0,19,55
12748,0,1,4,30
12749,0,1,4,30
1275,0,0,16,16
12750,0,1,4,217
12751,0,1,1,74
12752,0,1,4,62
12753,0,0,0,330
12754,0,1,4,269
12755,0,8,32,32
12756,0,0,0,307
12757,0,0,19,55
12758,0,1,4,288
12759,3,4,67,99
1276,0,0,16,16
12760,0,0,46,94
12761,0,9,65,289
12762,0,9,54,54
12763,0,16,68,82
12764,0,0,680,2649
12765,0,5,49,6419
12766,0,1,18,3728
12767,0,5,377,5044
12768,0,1,29,2180
12769,0,0,114,6420
1277,2,3,34,35
12770,0,0,0,72
12771,0,6,73,451
12772,0,1,4,49
12773,0,0,0,2
12774,0,1,1,193
12775,0,0,0,56
12776,0,1,37,182
12777,1,2,9,26
12778,7,15,48,66
12779,1,2,69,84
1278,0,1,1,8
12780,2,3,199,478
12781,0,1,91,144
12782,0,0,28,61
12783,0,0,28,61
12784,0,0,28,119
12785,0,0,15,116
12786,0,0,0,98
12787,1,2,2,34
12788,0,0,28,119
12789,0,0,28,61
1279,0,0,0,185
12790,0,0,0,98
12791,0,0,15,116
12792,0,0,28,61
12793,0,0,28,61
12794,1,2,2,34
12795,0,0,28,119
12796,0,0,28,61
12797,0,0,28,61
12798,0,0,28,119
12799,0,0,28,61
128,1,2,2,34
1280,0,0,16,16
12800,0,0,0,98
12801,0,0,6,1093
12802,0,0,28,61
12803,0,0,15,116
12804,0,0,15,116
12805,0,0,0,98
12806,0,0,28,119
12807,0,0,0,98
12808,1,2,2,34
12809,0,0,28,61
1281,0,1,1,8
12810,0,0,28,119
12811,0,0,28,61
12812,0,0,28,61
12813,1,2,2,34
12814,0,0,6,1093
12815,0,0,15,116
12816,0,0,0,98
12817,0,0,28,119
12818,0,0,28,61
12819,1,2,2,34
1282,0,0,0,5
12820,0,0,28,61
12821,0,0,15,116
12822,0,0,28,61
12823,1,2,2,34
12824,0,0,15,116
12825,0,0,0,98
12826,0,0,28,61
12827,0,0,0,98
12828,0,0,15,116
12829,0,0,28,119
1283,0,0,0,1
12830,0,0,0,98
12831,0,0,28,119
12832,0,0,28,61
12833,0,0,28,119
12834,0,0,28,61
12835,0,0,28,119
12836,0,0,28,61
12837,0,0,15,116
12838,0,0,15,116
12839,0,0,28,61
1284,0,1,33,543
12840,0,0,0,98
12841,0,0,28,61
12842,0,0,0,98
12843,1,2,2,34
12844,1,2,2,34
12845,0,0,15,116
12846,0,0,28,61
12847,0,0,28,61
12848,0,8,238,581
12849,1,2,2,34
1285,0,1,29,51
12850,0,0,0,98
12851,0,0,15,116
12852,0,0,28,61
12853,1,2,2,34
12854,0,0,28,119
12855,0,0,28,61
12856,0,0,28,61
12857,1,2,2,34
12858,0,0,15,116
12859,0,222,1204,6421
1286,0,1,18,176
12860,0,0,28,119
12861,0,0,28,61
12862,0,0,0,98
12863,0,1,4,338
12864,0,1,460,5045
12865,0,1,4,577
12866,0,1,1,3729
12867,1,2,3,6422
12868,0,1,1,6423
12869,0,1,4,577
1287,0,1,1,8
12870,0,1,1,1094
12871,0,1,1,133
12872,0,1,4,1564
12873,0,1,1,133
12874,0,1,4,1564
12875,0,1,4,247
12876,0,1,460,6424
12877,0,1,4,338
12878,0,1,4,5046
12879,0,1,1,322
1288,0,1,20,29
12880,0,1,1,1007
12881,0,0,0,1259
12882,0,1,4,5047
12883,0,1,1,3730
12884,0,1,4,6425
12885,0,1,4,2181
12886,0,1,1,1592
12887,0,1,4,81
12888,0,16,68,82
12889,0,1,1,1362
1289,0,0,0,1
12890,0,9,54,54
12891,0,0,0,5
12892,0,0,0,5
12893,1,2,9,26
12894,0,0,0,2
12895,0,1,51,583
12896,0,1,4,457
12897,0,1,118,382
12898,0,1,1,65
12899,0,1,441,6426
129,0,0,0,9
1290,1,2,2,40
12900,0,1,4,1033
12901,0,1,4,1033
12902,0,1,4,366
12903,0,1,12,195
12904,0,0,419,866
12905,0,1,305,1565
12906,0,0,27,25
12907,0,0,15,328
12908,1,2,2,240
12909,1,2,2,706
1291,0,0,0,2
12910,0,0,0,0
12911,1,2,3,276
12912,0,1,12,195
12913,0,0,0,0
12914,1,2,7,7
12915,0,0,15,27
12916,0,0,0,1
12917,1,2,3,19
12918,0,0,0,0
12919,0,0,15,27
1292,0,1,21,24
12920,1,2,7,7
12921,0,0,0,0
12922,0,0,15,27
12923,1,2,2,4
12924,1,2,3,19
12925,2,3,5,10
12926,0,0,0,0
12927,0,0,0,1
12928,1,2,7,7
12929,0,0,0,0
1293,0,1,1,20
12930,0,0,0,2
12931,0,1,22,1078
12932,2,3,11,14
12933,0,1,4,78
12934,0,1,1,574
12935,0,0,0,1
12936,1,2,3,3
12937,0,1,37,158
12938,10,35,824,3731
12939,0,0,15,135
1294,0,0,0,1
12940,0,0,17,131
12941,3,4,10,3732
12942,0,1,14,90
12943,0,0,38,1175
12944,0,0,0,590
12945,0,100,825,3733
12946,0,17,76,832
12947,0,1,113,957
12948,0,21,72,2650
12949,0,0,27,25
1295,1,2,9,575
12950,1,2,2,1379
12951,0,21,72,225
12952,1,2,2,1379
12953,0,0,27,25
12954,0,1,29,6427
12955,0,6,36,2050
12956,0,5,49,2651
12957,0,0,378,1566
12958,0,1,4,3734
12959,0,1,4,686
1296,0,0,0,1
12960,0,9,54,6428
12961,0,1,64,3735
12962,0,0,19,3736
12963,0,0,19,1366
12964,0,17,557,6429
12965,0,1,55,117
12966,0,1,55,341
12967,0,0,17,5048
12968,0,0,17,3737
12969,0,1,4,81
1297,1,2,2,40
12970,0,1,12,844
12971,0,0,207,2170
12972,0,1,64,3738
12973,0,1,4,5049
12974,0,0,617,2652
12975,0,1,4,2172
12976,0,223,1205,6430
12977,0,0,826,3739
12978,0,1,457,1272
12979,0,1,13,754
1298,0,0,0,2
12980,0,1,259,718
12981,0,1,13,754
12982,0,1,4,6431
12983,0,1,14,249
12984,0,1,1,845
12985,0,1,4,471
12986,0,1,1206,6432
12987,0,1,306,6433
12988,0,1,4,345
12989,0,5,212,768
1299,8,62,311,6049
12990,0,1,102,641
12991,0,5,49,1567
12992,0,1,518,2653
12993,34,135,648,1512
12994,0,1,4,2654
12995,0,0,45,787
12996,0,0,52,52
12997,1,2,53,53
12998,0,1,12,533
12999,0,0,0,1095
13,12,40,136,189
130,0,0,0,31
1300,0,1,141,284
13000,0,1,64,3740
13001,0,0,0,628
13002,1,2,2,424
13003,0,1,13,2173
13004,0,1,4,569
13005,0,0,207,822
13006,5,46,448,2182
13007,0,1,1207,6434
13008,0,0,0,1
13009,0,0,0,47
1301,1,2,7,7
13010,0,1,18,2655
13011,0,1,1,811
13012,0,1,4,1213
13013,0,1,1,6435
13014,0,1,4,3741
13015,0,1,4,569
13016,0,0,38,1933
13017,0,1,14,2656
13018,0,1,14,249
13019,0,1,1208,6436
1302,0,0,0,0
13020,0,1,64,1096
13021,0,1,228,3742
13022,0,1,4,2183
13023,0,1,120,172
13024,0,0,123,374
13025,0,1,4,3743
13026,0,0,19,173
13027,0,1,14,6437
13028,0,1,14,5050
13029,0,0,81,6438
1303,2,3,11,14
13030,0,0,60,3744
13031,0,1,4,1018
13032,0,1,12,767
13033,0,0,567,6439
13034,0,0,0,1968
13035,0,1,14,85
13036,0,1,12,5051
13037,0,0,38,259
13038,0,1,197,6440
13039,0,1,1420,5052
1304,1,2,2,4
13040,0,0,0,489
13041,2,3,827,3745
13042,0,1,25,3746
13043,5,46,1209,6441
13044,0,1,255,5053
13045,0,1,1,237
13046,0,1,1,3747
13047,0,1,413,1516
13048,2,3,66,1568
13049,0,1,25,1097
1305,0,0,0,12
13050,0,1,1,45
13051,0,1,25,159
13052,0,1,12,3748
13053,0,1,18,1047
13054,0,103,491,6442
13055,0,1,14,50
13056,0,21,72,225
13057,0,0,27,6443
13058,0,0,27,25
13059,0,1,64,1545
1306,1,2,3,3
13060,0,0,38,1157
13061,0,0,17,278
13062,0,0,46,1276
13063,1,2,2,456
13064,0,1,4,1111
13065,0,1,4,1086
13066,0,0,46,1276
13067,0,0,46,3749
13068,0,0,46,6444
13069,0,0,46,3750
1307,0,0,0,2
13070,0,21,72,225
13071,0,0,27,25
13072,1,2,2,1379
13073,0,1,232,1569
13074,0,1,1,3751
13075,0,1,33,455
13076,0,1,1,8
13077,0,0,45,787
13078,0,1,305,6445
13079,0,27,226,3752
1308,0,0,0,1
13080,1,2,2,456
13081,0,0,0,5
13082,0,1,295,5054
13083,0,0,46,227
13084,0,1,566,1919
13085,0,1,4,1086
13086,0,1,64,1096
13087,1,54,1210,6446
13088,0,1,1,45
13089,0,0,1211,6447
1309,0,1,14,50
13090,1,2,2,5055
13091,0,0,0,103
13092,0,1,4,2657
13093,2,3,131,190
13094,0,1,12,1380
13095,0,1,20,1012
13096,1,2,7,7
13097,0,0,0,0
13098,1,2,3,3
13099,0,1,35,1570
131,0,5,23,634
1310,3,4,10,502
13100,0,1,12,825
13101,0,1,13,1571
13102,6,14,98,3753
13103,0,10,30,1770
13104,0,1,4,2125
13105,0,1,18,790
13106,0,1,1,2124
13107,0,1,18,791
13108,0,1,731,3754
13109,0,1,1037,2658
1311,0,1,14,50
13110,0,1,1,6448
13111,0,1,86,5056
13112,0,0,19,5057
13113,0,1,344,2659
13114,0,1,214,1013
13115,0,0,59,5058
13116,0,0,732,3755
13117,0,1,56,6449
13118,0,16,68,82
13119,0,0,378,1566
1312,0,0,0,0
13120,5,46,448,2182
13121,0,1,1,169
13122,0,1,1,6450
13123,5,46,210,6451
13124,0,1,1,1925
13125,0,1,4,1098
13126,0,1,124,738
13127,0,1,328,5059
13128,0,1,113,2184
13129,0,5,49,5060
1313,0,0,0,2
13130,0,1,124,1084
13131,0,5,49,3756
13132,0,1,113,6452
13133,0,1,1421,5061
13134,0,1,55,687
13135,0,1,55,117
13136,0,1,150,1926
13137,0,0,0,837
13138,0,8,32,32
13139,0,1,4,247
1314,2,3,8,11
13140,0,0,0,5
13141,2,3,131,190
13142,0,0,16,16
13143,0,0,0,1927
13144,0,1,1,5062
13145,0,1,4,686
13146,0,1,4,247
13147,0,10,30,151
13148,0,1,12,167
13149,0,1,4,1572
1315,0,0,0,0
13150,0,0,257,756
13151,1,2,2,456
13152,0,1,4,684
13153,0,1,1,683
13154,0,1,4,5063
13155,1,2,3,3757
13156,0,1,569,3758
13157,0,5,568,2660
13158,0,1,262,1573
13159,0,1,1,1816
1316,1,2,3,3
13160,0,1,657,6453
13161,0,1,4,81
13162,0,1,4,1544
13163,0,1,4,577
13164,0,0,378,5064
13165,0,0,828,3759
13166,0,1,1,2080
13167,0,0,0,846
13168,1,2,3,750
13169,0,1,4,1798
1317,0,1,1,8
13170,0,6,160,390
13171,0,1,399,1574
13172,0,1,12,312
13173,0,1,25,159
13174,0,1,14,6454
13175,0,6,160,390
13176,0,1,64,1928
13177,0,10,30,443
13178,0,0,0,5
13179,0,0,0,5
1318,0,1,1,18
13180,0,1,12,847
13181,0,1,97,984
13182,0,1,14,50
13183,3,4,10,83
13184,3,4,10,69
13185,0,1,14,1929
13186,0,1,55,6455
13187,0,0,95,5065
13188,0,0,1212,6456
13189,0,0,19,939
1319,0,1,1,38
13190,0,0,0,1381
13191,0,27,461,1277
13192,0,1,12,931
13193,0,1,56,177
13194,0,1,1,682
13195,0,1,124,899
13196,0,0,19,1930
13197,0,0,46,2174
13198,0,1,1,660
13199,0,1,518,6457
132,0,1,4,538
1320,1,2,9,46
13200,0,0,0,21
13201,2,3,100,1827
13202,0,1,56,1408
13203,0,1,1,3760
13204,0,0,1213,6458
13205,0,119,570,1931
13206,0,1,14,50
13207,0,1,1,5066
13208,0,1,4,886
13209,0,0,0,824
1321,0,0,0,21
13210,0,0,57,1045
13211,1,2,285,6459
13212,1,2,2,293
13213,0,1,4,2302
13214,0,1,1,65
13215,0,1,29,51
13216,0,1,571,1932
13217,0,0,38,1933
13218,0,0,0,47
13219,0,0,0,1
1322,1,2,9,26
13220,0,1,402,2082
13221,0,1,532,1800
13222,0,1,1,5067
13223,0,1,12,533
13224,0,0,0,0
13225,1,2,2,4
13226,2,3,5,41
13227,2,3,5,10
13228,0,0,0,1
13229,0,0,0,2
1323,0,0,27,25
13230,0,0,15,27
13231,1,2,7,7
13232,0,0,0,1
13233,0,0,0,2661
13234,0,0,0,2
13235,0,1,4,2662
13236,0,0,46,227
13237,0,1,4,81
13238,0,1,4,1382
13239,0,0,0,0
1324,2,3,34,35
13240,0,0,0,1
13241,2,3,5,41
13242,0,0,0,6460
13243,2,3,8,1099
13244,0,0,0,2
13245,0,0,0,5068
13246,0,1,287,920
13247,1,2,9,127
13248,0,0,207,1515
13249,0,1,58,5069
1325,0,0,0,2
13250,0,137,1214,6461
13251,0,0,0,2
13252,0,1,12,312
13253,78,224,1215,6462
13254,0,0,79,5070
13255,0,0,257,756
13256,0,0,0,688
13257,0,0,0,1
13258,0,1,211,848
13259,0,1,1,8
1326,0,0,0,5
13260,0,0,462,1278
13261,0,0,17,131
13262,1,2,3,3761
13263,0,1,4,2663
13264,0,0,0,316
13265,0,1,4,288
13266,0,1,4,81
13267,0,1,4,5071
13268,0,1,262,1573
13269,0,1,12,1250
1327,0,1,1,104
13270,0,1,1,849
13271,0,1,211,2185
13272,0,1,317,5072
13273,0,0,405,2098
13274,0,0,572,1934
13275,0,0,329,836
13276,0,0,375,2186
13277,0,1,56,177
13278,0,1,4,1255
13279,0,1,1,2232
1328,0,1,4,162
13280,0,27,226,419
13281,1,23,662,2664
13282,0,0,45,787
13283,0,1,1,660
13284,0,0,0,21
13285,0,1,1,8
13286,0,1,21,850
13287,0,1,1,18
13288,0,0,47,5073
13289,0,1,33,112
1329,0,9,54,54
13290,0,1,1,237
13291,0,1,1,44
13292,0,1,102,641
13293,0,1,1,8
13294,0,1,1,8
13295,0,1,1,38
13296,0,1,1,1575
13297,2,3,131,190
13298,0,0,0,1
13299,0,0,0,47
133,0,1,356,4662
1330,0,9,65,213
13300,0,1,1,8
13301,0,1,1,44
13302,0,1,1,5074
13303,0,1,1,8
13304,0,1,1,38
13305,0,1,63,301
13306,0,0,0,48
13307,0,1,1,18
13308,0,1,1,110
13309,3,4,10,502
1331,0,16,68,82
13310,3,4,10,69
13311,0,1,14,50
13312,0,1,14,50
13313,3,4,10,69
13314,3,4,10,83
13315,3,4,10,69
13316,3,4,10,83
13317,3,4,10,69
13318,0,1,14,90
13319,0,0,17,39
1332,0,1,20,29
13320,0,5,23,661
13321,0,1,4,43
13322,0,0,0,31
13323,0,1,24,447
13324,0,1,82,2665
13325,0,0,0,31
13326,1,2,2,34
13327,0,5,23,1673
13328,0,1,411,6463
13329,0,1,4,49
1333,0,0,6,6
13330,0,1,4,49
13331,0,0,0,9
13332,0,1,24,1620
13333,0,1,82,6464
13334,0,0,0,462
13335,0,0,0,2
13336,0,0,0,462
13337,0,0,0,9
13338,0,0,0,56
13339,0,0,0,31
1334,0,1,1,8
13340,0,0,27,25
13341,0,0,15,1973
13342,1,2,2,240
13343,0,1,24,835
13344,0,5,23,2666
13345,0,1,37,370
13346,0,0,79,5075
13347,0,1,1,8
13348,0,1,4,49
13349,0,0,0,31
1335,0,0,0,1
13350,0,0,6,70
13351,0,0,6,107
13352,0,0,0,9
13353,1,2,2,17
13354,0,1,13,6465
13355,2,3,5,10
13356,1,2,2,4
13357,0,0,15,27
13358,1,2,3,19
13359,0,0,0,6466
1336,0,0,28,1401
13360,0,0,0,0
13361,0,0,0,1
13362,0,1,306,2304
13363,0,0,59,64
13364,0,0,17,39
13365,0,0,0,108
13366,2,3,8,1792
13367,2,3,50,1576
13368,2,3,284,1577
13369,2,3,11,1100
1337,1,2,2,2106
13370,2,3,50,909
13371,2,3,5,15
13372,3,4,10,3762
13373,2,3,8,582
13374,2,3,5,689
13375,2,3,44,1793
13376,0,0,0,0
13377,0,0,0,154
13378,0,0,27,25
13379,1,2,2,758
1338,0,1,58,1833
13380,2,3,50,1689
13381,10,35,169,246
13382,1,2,2,4
13383,1,2,3,33
13384,0,0,0,12
13385,2,3,44,2305
13386,2,3,50,1206
13387,1,2,7,7
13388,0,0,0,47
13389,0,1,12,195
1339,0,0,0,0
13390,0,0,0,1
13391,0,1,1,8
13392,0,1,1,44
13393,0,1,1,18
13394,0,1,1,8
13395,0,167,829,3763
13396,0,1,18,1503
13397,0,1,18,3764
13398,0,1,731,3765
13399,0,1,734,5076
134,0,0,108,6025
1340,3,4,10,6050
13400,0,1,4,5077
13401,0,0,1422,5078
13402,0,1,4,49
13403,0,1,37,938
13404,0,1,1,1101
13405,0,1,1,8
13406,1,2,9,13
13407,0,1,20,29
13408,0,0,17,1430
13409,0,1,14,6467
1341,0,0,0,1
13410,0,0,15,135
13411,0,0,57,828
13412,0,0,157,1257
13413,0,1,507,1046
13414,0,0,15,135
13415,0,0,27,25
13416,1,2,2,126
13417,0,0,15,5079
13418,0,1,1,3766
13419,0,0,60,570
1342,0,0,0,2
13420,0,0,61,89
13421,0,1,1,38
13422,0,1,1,8
13423,0,1,33,1598
13424,0,1,63,120
13425,2,3,8,692
13426,2,3,8,599
13427,0,1,4,236
13428,0,1,1,798
13429,0,1,1,5080
1343,0,1,106,1355
13430,0,0,0,88
13431,0,1,1,169
13432,0,1,14,85
13433,0,0,40,5081
13434,0,1,4,1102
13435,0,1,1,74
13436,0,1,4,30
13437,0,1,4,1102
13438,1,2,7,7
13439,1,2,2,4
1344,1,2,130,4696
13440,0,0,0,0
13441,1,2,3,19
13442,2,3,5,10
13443,0,1,1,104
13444,0,1,4,236
13445,0,1,1,133
13446,0,0,0,330
13447,0,1,4,269
13448,0,0,0,307
13449,0,0,0,307
1345,1,2,130,1004
13450,0,1,4,269
13451,0,1,1,5082
13452,0,0,0,330
13453,0,1,4,940
13454,0,1,4,125
13455,0,1,4,30
13456,0,0,19,55
13457,0,0,19,146
13458,0,0,46,94
13459,0,1,4,30
1346,2,3,8,11
13460,0,1,4,125
13461,0,1,4,30
13462,0,9,54,54
13463,0,1,4,30
13464,0,0,19,55
13465,3,4,67,99
13466,0,1,1,104
13467,0,1,4,236
13468,3,4,243,420
13469,0,1,4,30
1347,1,2,3,3
13470,0,1,1,74
13471,0,0,19,146
13472,0,1,4,125
13473,0,0,19,55
13474,0,1,4,125
13475,0,1,4,62
13476,0,1,4,125
13477,0,9,404,851
13478,3,4,67,1812
13479,0,0,46,94
1348,0,0,0,0
13480,0,0,19,55
13481,0,0,19,55
13482,3,4,67,99
13483,0,0,19,55
13484,0,9,65,211
13485,0,1,4,30
13486,2,3,131,190
13487,12,40,136,189
13488,0,1,29,51
13489,0,0,0,93
1349,1,2,2,4
13490,1,2,2,17
13491,2,3,127,174
13492,0,0,6,6
13493,0,0,6,6
13494,0,1,29,6468
13495,0,1,1216,6469
13496,0,1,730,3767
13497,0,1,478,6470
13498,0,1,830,3768
13499,0,5,49,3769
135,0,1,633,1402
1350,0,0,0,9
13500,0,1,102,6471
13501,0,0,0,2
13502,0,0,0,1
13503,1,2,2,40
13504,0,0,16,16
13505,2,3,11,14
13506,1,2,2,4
13507,1,2,3,3
13508,2,3,8,11
13509,0,0,0,0
1351,0,1,18,1413
13510,0,0,0,0
13511,2,3,31,36
13512,0,1,51,583
13513,0,1,118,382
13514,0,1,4,457
13515,0,0,6,6
13516,0,0,123,374
13517,4,31,296,690
13518,0,1,24,3770
13519,0,0,108,1274
1352,0,87,467,3348
13520,0,5,23,3771
13521,0,0,0,9
13522,0,0,0,9
13523,0,1,4,49
13524,0,0,0,5
13525,1,2,9,26
13526,0,0,0,2
13527,1,2,7,6472
13528,0,0,0,12
13529,0,0,0,2
1353,0,1,20,29
13530,0,0,0,0
13531,1,2,3,3
13532,0,0,0,1
13533,0,1,58,1578
13534,1,2,3,1579
13535,0,1,1,20
13536,0,1,21,24
13537,1,2,2,17
13538,0,0,0,9
13539,3,4,10,83
1354,0,1,20,29
13540,3,4,10,69
13541,0,1,14,50
13542,6,138,658,6473
13543,0,1,14,50
13544,3,4,10,69
13545,0,1,14,50
13546,3,4,10,83
13547,3,4,10,69
13548,3,4,10,83
13549,3,4,10,83
1355,0,1,20,29
13550,0,1,14,50
13551,0,1,1,8
13552,0,1,1,115
13553,1,2,9,13
13554,1,2,9,13
13555,0,0,6,6
13556,0,0,6,70
13557,1,2,9,13
13558,1,2,9,13
13559,0,0,6,6
1356,0,0,0,0
13560,0,1,24,275
13561,0,5,23,274
13562,0,1,4,257
13563,0,0,17,123
13564,0,0,38,223
13565,0,17,76,2187
13566,0,0,57,1623
13567,0,0,40,677
13568,0,1,13,2188
13569,0,1,37,5083
1357,2,3,5,10
13570,0,0,337,3772
13571,23,67,271,1694
13572,0,1,4,49
13573,0,5,23,3773
13574,0,1,24,6474
13575,0,0,0,31
13576,23,67,271,3774
13577,0,1,21,3775
13578,0,1,63,1488
13579,1,2,9,46
1358,0,0,0,1
13580,0,0,6,6
13581,0,0,6,6
13582,0,0,6,6
13583,0,0,6,6
13584,0,0,6,6
13585,0,0,6,6
13586,0,0,6,6
13587,2,3,34,35
13588,0,0,0,5
13589,0,0,0,2
1359,0,0,0,1
13590,2,3,34,35
13591,4,18,172,6475
13592,0,0,15,27
13593,1,2,3,19
13594,0,0,0,0
13595,0,0,15,27
13596,1,2,7,7
13597,0,0,0,1
13598,0,1,1,8
13599,0,1,4,1935
136,0,0,19,146
1360,0,0,0,1
13600,0,1,1,44
13601,16,48,161,1580
13602,2,3,8,1936
13603,16,48,161,1580
13604,0,0,0,506
13605,0,0,1217,6476
13606,2,3,8,1936
13607,0,0,0,941
13608,0,0,0,128
13609,0,0,0,506
1361,0,0,0,2
13610,0,0,0,506
13611,0,1,519,1581
13612,0,1,519,3776
13613,0,11,831,3777
13614,0,1,519,1581
13615,0,0,379,1937
13616,0,0,379,2667
13617,0,0,379,5084
13618,0,0,379,1937
13619,0,9,65,211
1362,0,0,0,2
13620,1,2,9,13
13621,2,3,8,620
13622,0,0,17,39
13623,1,25,1038,2668
13624,0,1,13,60
13625,0,1,13,60
13626,3,4,10,28
13627,1,2,2,4
13628,1,2,7,7
13629,2,3,8,11
1363,2,3,11,14
13630,0,0,0,0
13631,1,2,3,3
13632,0,0,0,0
13633,0,1,18,152
13634,0,1,18,615
13635,0,1,12,2669
13636,1,2,2,852
13637,0,1,573,5085
13638,0,1,832,3778
13639,0,1,20,5086
1364,1,2,2,4
13640,0,1,20,1187
13641,0,1,12,474
13642,0,0,81,2670
13643,0,1,12,5087
13644,1,2,2,852
13645,0,1,1423,5088
13646,0,1,71,3779
13647,0,11,84,1143
13648,0,11,84,339
13649,9,24,75,507
1365,0,0,0,2
13650,0,1,833,3780
13651,0,11,84,5089
13652,0,11,84,339
13653,0,1,12,137
13654,0,1,12,1103
13655,0,1,12,474
13656,0,125,594,2671
13657,9,42,834,3781
13658,0,0,0,936
13659,0,1,13,2189
1366,0,0,0,1
13660,0,1,655,3782
13661,46,196,1039,2672
13662,0,0,41,5090
13663,1,2,2,852
13664,0,0,41,5091
13665,0,0,0,187
13666,0,55,343,1104
13667,0,0,254,1080
13668,0,1,12,6477
13669,0,0,0,731
1367,2,3,5,745
13670,1,12,43,2673
13671,0,0,0,0
13672,1,2,3,19
13673,0,0,0,1
13674,1,2,3,276
13675,0,0,0,0
13676,2,3,5,15
13677,1,2,9,13
13678,1,2,9,2674
13679,1,2,9,13
1368,1,2,7,7
13680,1,2,9,13
13681,1,2,9,13
13682,1,2,9,13
13683,1,2,9,13
13684,1,2,9,13
13685,1,2,9,13
13686,1,2,9,13
13687,1,2,9,13
13688,1,2,9,13
13689,1,2,9,13
1369,0,0,0,0
13690,1,2,9,13
13691,1,2,9,13
13692,1,2,9,13
13693,1,2,9,13
13694,1,2,9,13
13695,1,2,9,13
13696,1,2,9,13
13697,1,2,9,13
13698,1,2,9,13
13699,1,2,9,13
137,7,15,48,1541
1370,1,2,3,33
13700,1,2,9,13
13701,1,2,9,13
13702,1,2,9,13
13703,1,2,9,13
13704,1,2,9,13
13705,1,2,9,13
13706,1,2,9,13
13707,1,2,9,13
13708,1,2,9,13
13709,1,2,9,13
1371,12,40,136,189
13710,1,2,9,13
13711,1,2,9,13
13712,1,2,9,13
13713,1,2,9,13
13714,1,2,9,13
13715,1,2,9,3783
13716,0,1,1,8
13717,0,1,24,200
13718,0,1,4,132
13719,0,1,4,132
1372,0,1,1,3349
13720,0,1,1,8
13721,0,1,82,2675
13722,0,1,1,8
13723,0,1,24,200
13724,0,1,4,132
13725,0,5,23,5092
13726,0,1,1,8
13727,0,1,24,200
13728,0,1,1,8
13729,0,1,4,132
1373,0,1,4,317
13730,0,5,23,1820
13731,0,1,63,2676
13732,0,1,63,6478
13733,0,1,24,200
13734,0,1,4,132
13735,0,1,1,5093
13736,0,5,23,6479
13737,0,1,82,6480
13738,0,5,23,1472
13739,0,1,63,1938
1374,0,1,1,192
13740,0,1,24,200
13741,0,1,1,8
13742,0,1,82,6481
13743,0,1,4,132
13744,0,1,18,441
13745,0,1,250,2677
13746,0,0,0,0
13747,0,1,1,18
13748,0,1,1,8
13749,0,0,0,0
1375,0,8,32,32
13750,2,3,5,134
13751,0,0,17,1582
13752,0,17,322,1583
13753,0,0,45,1584
13754,0,1,14,1585
13755,0,0,17,1254
13756,2,3,66,6482
13757,0,0,17,123
13758,0,1,14,129
13759,3,4,10,1075
1376,0,1,1,3350
13760,1,2,3,3
13761,0,0,0,0
13762,3,4,574,5094
13763,3,4,10,5095
13764,3,4,10,1868
13765,0,0,0,100
13766,0,0,27,25
13767,0,0,15,1586
13768,3,4,10,69
13769,3,4,10,83
1377,0,1,120,172
13770,3,4,10,69
13771,0,1,14,50
13772,0,0,0,321
13773,1,2,3,19
13774,0,0,0,0
13775,0,0,0,0
13776,0,0,0,1
13777,0,0,0,0
13778,2,3,8,194
13779,1,2,3,19
1378,0,1,4,2361
13780,2,3,5,10
13781,1,2,2,4
13782,1,2,7,7
13783,1,2,3,33
13784,0,0,0,1
13785,0,0,0,1
13786,2,3,5,10
13787,0,0,0,0
13788,0,0,0,2
13789,1,2,2,4
1379,0,1,103,178
13790,0,0,15,27
13791,2,3,5,10
13792,2,3,5,15
13793,2,3,31,36
13794,1,2,2,4
13795,0,0,0,0
13796,1,2,3,3
13797,2,3,8,11
13798,1,2,7,7
13799,0,0,0,0
138,0,1,1,18
1380,0,1,228,3351
13800,1,2,9,6483
13801,0,1,110,6484
13802,0,1,139,1105
13803,3,4,10,1106
13804,0,1,139,298
13805,0,0,0,5
13806,0,0,0,0
13807,1,2,7,7
13808,2,3,8,11
13809,1,2,2,4
1381,0,0,0,0
13810,0,0,0,2
13811,0,0,0,12
13812,2,3,11,14
13813,1,2,3,3
13814,0,0,0,0
13815,0,1,182,5096
13816,0,1,89,5097
13817,2,3,5,15
13818,1,2,7,7
13819,0,0,0,0
1382,0,0,0,0
13820,2,3,11,14
13821,0,0,0,12
13822,1,2,2,4
13823,0,0,0,1
13824,1,2,3,3
13825,0,0,0,0
13826,3,4,10,28
13827,0,0,0,1
13828,0,0,0,0
13829,3,4,10,6485
1383,0,1,147,777
13830,0,0,0,1
13831,2,3,5,15
13832,1,2,2,4
13833,1,2,7,7
13834,2,3,11,14
13835,1,2,3,3
13836,0,0,0,0
13837,0,0,0,1
13838,0,0,0,0
13839,2,3,11,14
1384,0,1,1,8
13840,1,2,3,3
13841,1,2,2,4
13842,0,0,0,1
13843,0,0,0,12
13844,0,0,0,2
13845,1,2,7,7
13846,0,1,1,5098
13847,0,0,95,483
13848,0,1,1,658
13849,0,1,1,2678
1385,0,1,1,18
13850,0,1,4,2679
13851,0,1,1,5099
13852,0,1,1,6486
13853,0,1,1,5100
13854,0,0,0,88
13855,0,0,0,21
13856,0,1,1,5101
13857,1,2,248,392
13858,0,1,1,2680
13859,0,1,1,3784
1386,0,1,1,8
13860,3,4,10,1106
13861,0,1,1,5102
13862,0,1,1,2681
13863,0,1,139,298
13864,0,0,180,415
13865,0,0,0,5
13866,1,2,7,7
13867,0,0,0,154
13868,0,0,0,0
13869,1,2,3,980
1387,0,1,1,207
13870,0,0,0,0
13871,0,1,182,486
13872,0,1,139,3785
13873,0,0,15,27
13874,0,0,0,0
13875,0,0,0,1
13876,3,4,183,1236
13877,1,2,2,40
13878,0,0,6,6
13879,1,2,9,26
1388,0,0,47,73
13880,3,4,10,383
13881,0,8,32,32
13882,0,0,0,375
13883,0,17,76,853
13884,0,0,0,378
13885,0,0,40,5103
13886,0,1,12,854
13887,0,0,0,378
13888,2,3,5,10
13889,2,3,8,79
1389,0,1,33,210
13890,1,2,7,7
13891,1,2,2,4
13892,0,0,0,1
13893,0,0,0,12
13894,2,3,11,14
13895,0,0,0,12
13896,1,2,3,91
13897,0,0,0,1
13898,0,0,0,1
13899,2,3,8,124
139,0,1,1,44
1390,0,1,1,8
13900,0,0,0,12
13901,1,2,3,114
13902,2,3,44,59
13903,0,0,0,2
13904,11,28,80,97
13905,2,3,5,41
13906,0,0,0,12
13907,2,3,8,11
13908,0,0,0,0
13909,1,2,7,7
1391,0,1,1,38
13910,1,2,3,3
13911,2,3,5,15
13912,2,3,31,36
13913,2,3,11,80
13914,0,1,89,1587
13915,0,1,182,1421
13916,0,0,0,2
13917,2,3,5,15
13918,0,0,0,1
13919,1,2,7,7
1392,0,1,1,44
13920,2,3,11,80
13921,0,0,0,0
13922,2,3,5,10
13923,2,3,31,36
13924,0,0,0,12
13925,1,2,7,7
13926,2,3,8,11
13927,1,2,7,7
13928,2,3,11,14
13929,0,0,0,0
1393,0,1,1,18
13930,1,2,3,3
13931,0,1,18,2682
13932,1,2,3,3
13933,2,3,5,15
13934,0,0,0,2
13935,0,1,1,8
13936,0,1,1,2190
13937,0,0,835,3786
13938,0,0,0,1
13939,0,0,0,1279
1394,0,1,1,110
13940,0,0,380,1939
13941,0,0,341,6487
13942,0,0,380,2683
13943,0,16,68,3787
13944,0,0,15,2684
13945,0,0,1424,5104
13946,1,2,2,1588
13947,0,0,0,0
13948,0,0,15,3788
13949,1,2,2,1588
1395,0,1,1,8
13950,0,0,1425,5105
13951,0,0,0,901
13952,0,1,82,3789
13953,0,1,1,160
13954,0,1,1,1427
13955,0,1,24,153
13956,2,3,5,15
13957,3,4,10,28
13958,1,2,2,4
13959,0,0,0,0
1396,0,1,4,30
13960,0,1,39,58
13961,1,2,3,3
13962,0,0,0,1
13963,0,0,0,0
13964,1,2,3,3
13965,0,0,0,0
13966,0,0,0,2
13967,2,3,5,41
13968,1,2,2,4
13969,0,0,0,2
1397,0,1,1,322
13970,2,3,11,14
13971,0,0,0,1
13972,0,0,0,0
13973,1,2,3,3
13974,1,2,7,7
13975,0,0,0,2
13976,0,0,0,0
13977,0,0,0,0
13978,1,2,2,4
13979,1,2,2,4
1398,0,0,0,2
13980,0,0,0,0
13981,0,0,0,0
13982,1,2,7,7
13983,1,2,3,3
13984,1,2,3,3
13985,0,1,39,58
13986,0,0,77,142
13987,0,0,350,691
13988,0,0,0,757
13989,2,34,99,584
1399,0,0,0,2
13990,2,34,99,584
13991,2,34,99,584
13992,0,0,77,142
13993,0,0,0,183
13994,0,0,77,142
13995,0,0,0,183
13996,2,34,99,584
13997,0,0,0,757
13998,0,0,0,757
13999,0,0,77,142
14,12,40,136,189
140,0,1,22,737
1400,0,0,0,5
14000,0,0,350,691
14001,7,15,48,6488
14002,0,0,6,6
14003,3,4,10,83
14004,0,0,0,163
14005,0,0,15,423
14006,0,0,0,48
14007,3,4,10,795
14008,3,4,10,69
14009,0,17,76,785
1401,1,2,2,23
14010,0,0,17,123
14011,6,14,122,649
14012,0,1,14,50
14013,3,4,205,1458
14014,0,1,14,129
14015,0,0,40,496
14016,0,0,0,48
14017,2,3,146,2685
14018,2,3,146,3790
14019,4,20,70,76
1402,0,0,0,1
14020,0,0,0,2686
14021,4,31,129,179
14022,14,38,195,2687
14023,1,2,2,40
14024,0,1,115,6489
14025,0,0,0,5
14026,0,1,12,474
14027,0,0,380,3791
14028,0,5,23,871
14029,0,0,380,1939
1403,1,2,7,7
14030,0,0,60,5106
14031,0,1,4,43
14032,0,1,13,412
14033,1,2,248,392
14034,1,2,9,46
14035,0,0,0,21
14036,0,1,1,18
14037,0,0,0,21
14038,0,1,1,8
14039,0,0,0,0
1404,1,2,3,3
14040,0,0,0,1
14041,0,0,15,27
14042,0,0,0,1
14043,0,0,15,27
14044,0,0,0,0
14045,1,2,7,7
14046,0,0,0,0
14047,0,0,15,27
14048,0,0,0,2
14049,0,0,0,1
1405,2,3,11,14
14050,1,2,2,6490
14051,0,0,0,3792
14052,0,1,42,2688
14053,0,0,0,102
14054,0,0,0,102
14055,0,6,36,1589
14056,0,1,4,1590
14057,0,1,4,296
14058,0,0,0,2
14059,0,0,0,5
1406,0,1,1,8
14060,0,1,4,296
14061,0,1,4,43
14062,0,5,23,1405
14063,1,2,2,34
14064,0,1,24,619
14065,0,0,95,483
14066,0,0,0,9
14067,0,1,1,110
14068,0,1,4,1264
14069,0,0,16,16
1407,0,1,24,200
14070,0,0,0,2
14071,0,0,0,37
14072,0,0,0,5
14073,1,2,2,23
14074,7,15,48,66
14075,0,0,0,21
14076,1,2,9,46
14077,0,0,0,47
14078,0,0,0,47
14079,0,0,0,98
1408,0,1,82,6051
14080,10,35,169,246
14081,0,0,0,9
14082,0,5,23,1280
14083,0,1,4,43
14084,2,3,5,10
14085,0,0,0,1
14086,1,2,2,4
14087,0,0,0,0
14088,1,2,7,7
14089,0,0,0,1
1409,0,1,4,132
14090,0,0,0,0
14091,0,0,0,0
14092,1,12,43,401
14093,0,0,0,2
14094,0,0,0,0
14095,1,2,2,4
14096,1,2,3,3
14097,2,3,8,11
14098,0,0,0,2
14099,0,0,0,0
141,0,1,29,149
1410,0,0,6,6
14100,0,0,0,1
14101,1,2,2,4
14102,2,3,11,14
14103,2,3,8,11
14104,0,0,0,0
14105,0,0,0,2
14106,1,2,3,3
14107,0,0,0,0
14108,0,0,0,31
14109,0,1,24,835
1411,0,0,6,6
14110,0,1,4,49
14111,2,3,5,10
14112,0,0,0,0
14113,2,3,8,11
14114,0,0,0,0
14115,1,2,2,4
14116,1,2,3,3
14117,0,0,0,5
14118,0,0,27,2689
14119,1,2,2,545
1412,2,3,34,35
14120,1,2,7,7
14121,0,0,0,0
14122,0,0,0,2
14123,5,33,479,3793
14124,0,1,103,6491
14125,0,0,0,72
14126,0,1,4,43
14127,0,0,0,86
14128,0,1,13,166
14129,3,4,10,917
1413,0,0,104,171
14130,0,0,0,0
14131,1,2,7,7
14132,0,0,0,0
14133,1,2,2,4
14134,0,0,6,6
14135,0,0,6,6
14136,0,0,6,6
14137,0,0,0,1
14138,0,1,1,207
14139,0,1,1,18
1414,1,54,635,1414
14140,0,1,1,8
14141,0,1,29,149
14142,0,1,1,18
14143,0,1,63,120
14144,0,1,1,207
14145,0,1,18,152
14146,0,0,0,5
14147,0,0,0,5
14148,0,0,6,6
14149,0,0,6,6
1415,0,0,6,6
14150,0,0,6,6
14151,0,0,6,6
14152,0,0,6,6
14153,0,0,6,6
14154,0,0,6,6
14155,0,0,6,6
14156,1,2,2,23
14157,0,0,0,109
14158,0,1,4,81
14159,0,1,4,30
1416,0,0,16,16
14160,0,1,4,1180
14161,0,1,4,81
14162,0,1,4,81
14163,0,1,1,683
14164,0,1,4,338
14165,0,1,4,248
14166,0,1,4,684
14167,0,1,4,886
14168,0,1,4,287
14169,0,0,1218,6492
1417,0,0,0,0
14170,0,1,4,81
14171,0,1,4,734
14172,0,1,1,74
14173,0,43,575,1940
14174,0,1,4,338
14175,0,1,4,81
14176,0,1,1,1801
14177,0,1,4,248
14178,0,1,4,1349
14179,0,1,4,577
1418,0,10,30,544
14180,0,1,4,338
14181,0,1,252,2690
14182,0,1,155,711
14183,0,1,106,6493
14184,3,4,10,1052
14185,0,0,0,103
14186,0,0,0,9
14187,0,52,173,253
14188,0,1,13,166
14189,2,3,5,226
1419,0,10,30,544
14190,2,3,11,14
14191,0,1,58,1639
14192,2,3,8,11
14193,2,3,8,188
14194,1,2,2,23
14195,0,0,0,5
14196,0,0,0,47
14197,0,0,0,1
14198,2,3,5,10
14199,1,25,186,2237
142,0,1,29,421
1420,0,10,30,544
14200,0,0,15,140
14201,0,0,16,16
14202,0,1,21,24
14203,0,0,0,0
14204,2,3,11,14
14205,1,2,2,4
14206,0,0,47,540
14207,1,2,2,17
14208,0,0,0,5
14209,0,0,0,9
1421,0,10,30,544
14210,0,1,33,455
14211,0,0,0,0
14212,0,0,0,2
14213,0,99,1040,2691
14214,2,3,5,67
14215,1,2,3,33
14216,0,0,0,197
14217,0,0,16,16
14218,0,0,0,417
14219,0,1,1,1032
1422,2,3,131,190
14220,1,2,7,7
14221,0,0,0,0
14222,0,0,0,12
14223,0,0,0,2
14224,0,0,0,2
14225,0,0,0,2
14226,0,0,0,0
14227,0,0,0,12
14228,2,3,8,11
14229,1,2,3,3
1423,0,1,1,8
14230,0,0,0,1
14231,1,2,2,4
14232,2,3,11,14
14233,0,0,0,2
14234,0,0,0,2
14235,1,2,3,3
14236,0,0,703,3794
14237,1,2,3,3
14238,0,0,0,0
14239,0,0,0,238
1424,0,0,0,109
14240,0,1,14,1941
14241,4,18,512,1064
14242,0,0,92,3795
14243,0,0,92,2692
14244,0,0,703,2693
14245,0,0,0,47
14246,0,1,1,18
14247,0,1,1,8
14248,0,0,47,1942
14249,0,0,0,5
1425,2,3,749,3352
14250,0,1,20,29
14251,0,1,22,245
14252,0,1,4,57
14253,1,2,9,1249
14254,0,1,13,60
14255,0,1,1,8
14256,1,2,69,84
14257,0,1,13,208
14258,2,3,1426,5107
14259,3,4,10,2694
1426,0,8,32,32
14260,0,1,21,5108
14261,0,1,24,1591
14262,0,1,836,3796
14263,0,5,23,6494
14264,0,1,4,49
14265,0,0,27,25
14266,1,2,2,126
14267,0,1,63,120
14268,0,0,0,56
14269,3,4,10,311
1427,0,1,22,6052
14270,1,2,2,68
14271,0,5,23,5109
14272,0,1,18,1967
14273,0,0,0,108
14274,2,3,8,138
14275,0,0,0,0
14276,4,31,129,179
14277,0,1,13,1383
14278,0,1,58,1556
14279,0,0,0,48
1428,3,4,10,1291
14280,1,23,240,1878
14281,0,0,27,25
14282,0,0,38,6495
14283,0,0,0,5110
14284,2,3,8,692
14285,2,3,8,3797
14286,0,0,6,6
14287,0,0,0,2
14288,2,3,112,409
14289,0,0,6,3798
1429,0,1,18,1415
14290,3,4,10,83
14291,0,0,38,1943
14292,2,3,90,256
14293,16,48,161,252
14294,1,2,9,13
14295,0,0,16,16
14296,0,17,76,709
14297,0,1,4,1384
14298,0,0,16,16
14299,0,1,176,3799
143,0,1,33,1166
1430,0,1,1,3353
14300,0,0,0,5
14301,1,2,130,571
14302,0,0,6,6
14303,0,0,0,1
14304,0,0,0,1
14305,0,1,12,195
14306,1,2,3,92
14307,0,1,82,1153
14308,0,1,24,1107
14309,1,2,3,3
1431,0,0,0,335
14310,0,0,0,0
14311,1,2,7,7
14312,0,0,0,0
14313,1,2,3,3
14314,0,0,0,2
14315,3,4,10,28
14316,0,0,0,12
14317,0,0,0,1
14318,0,0,0,2
14319,0,0,0,327
1432,0,1,1148,6053
14320,0,0,0,1
14321,0,1,1,8
14322,0,1,37,370
14323,0,0,0,5111
14324,14,38,195,3800
14325,0,0,0,0
14326,2,3,8,11
14327,1,2,3,3
14328,0,0,0,12
14329,1,2,7,7
1433,0,1,4,3354
14330,0,0,0,0
14331,2,3,5,10
14332,2,3,5,15
14333,0,0,59,64
14334,0,0,27,25
14335,0,21,72,546
14336,1,2,3,3
14337,0,0,0,1
14338,0,1,24,3801
14339,1,2,2,68
1434,0,73,406,6054
14340,0,0,0,31
14341,1,2,3,92
14342,0,5,23,5112
14343,0,0,0,56
14344,1,2,3,3
14345,0,1,39,156
14346,2,3,5,10
14347,1,2,3,3
14348,2,3,8,11
14349,0,0,0,0
1435,0,1,18,1416
14350,2,3,5,15
14351,2,3,31,36
14352,0,1,20,29
14353,0,1,1,44
14354,0,0,47,73
14355,0,1,33,2695
14356,1,2,9,13
14357,0,1,33,481
14358,0,1,33,481
14359,0,1,21,111
1436,0,1,1,96
14360,0,1,29,421
14361,0,1,1,8
14362,0,1,1,96
14363,0,1,18,615
14364,0,0,0,2
14365,0,0,15,140
14366,0,0,0,2
14367,0,0,104,171
14368,0,0,15,27
14369,1,2,3,19
1437,0,1,1,45
14370,2,3,8,194
14371,0,0,0,0
14372,0,0,0,1
14373,0,0,0,0
14374,1,2,2,4
14375,1,2,7,7
14376,0,0,0,462
14377,0,1,82,2696
14378,0,5,23,6496
14379,0,0,0,56
1438,2,3,131,190
14380,0,1,4,49
14381,0,0,0,21
14382,1,2,9,46
14383,0,0,0,21
14384,1,2,9,46
14385,0,0,0,21
14386,0,0,6,6
14387,0,0,6,6
14388,0,0,6,6
14389,0,0,6,6
1439,2,3,131,190
14390,0,0,6,6
14391,0,0,6,6
14392,0,0,6,6
14393,0,0,6,6
14394,0,0,6,6
14395,0,0,6,6
14396,0,0,6,6
14397,0,0,6,6
14398,0,0,6,6
14399,0,0,6,6
144,0,1,58,279
1440,1,2,9,4697
14400,0,0,6,6
14401,0,0,6,6
14402,0,0,6,6
14403,0,0,6,6
14404,0,0,6,6
14405,0,0,6,6
14406,0,0,6,6
14407,0,0,6,6
14408,0,0,6,6
14409,0,0,6,6
1441,0,0,0,1
14410,0,0,6,6
14411,0,0,6,6
14412,0,0,6,6
14413,0,0,6,6
14414,0,0,6,6
14415,0,0,6,6
14416,0,0,6,6
14417,0,0,6,6
14418,0,0,6,6
14419,0,0,6,6
1442,0,0,0,47
14420,0,0,6,6
14421,0,0,6,6
14422,0,0,6,6
14423,0,0,6,6
14424,0,0,6,6
14425,0,0,6,6
14426,0,0,6,6
14427,0,0,6,6
14428,0,0,6,6
14429,0,0,6,6
1443,0,0,0,12
14430,0,0,6,6
14431,0,0,6,6
14432,0,0,6,6
14433,0,0,6,6
14434,0,0,6,6
14435,0,0,6,6
14436,0,0,6,6
14437,0,0,6,6
14438,0,0,6,6
14439,0,0,6,6
1444,2,3,8,11
14440,0,0,6,6
14441,0,0,6,6
14442,0,0,6,6
14443,2,3,34,35
14444,0,0,6,6
14445,0,0,6,6
14446,0,0,6,6
14447,0,0,6,6
14448,0,0,6,6
14449,0,0,6,6
1445,0,0,0,1
14450,0,0,6,6
14451,0,0,6,6
14452,0,0,6,6
14453,0,0,6,6
14454,0,0,6,6
14455,0,0,6,6
14456,0,0,6,6
14457,0,0,6,6
14458,0,0,6,6
14459,0,0,6,6
1446,0,0,0,0
14460,0,0,6,6
14461,0,0,6,6
14462,0,0,6,6
14463,0,0,6,6
14464,0,0,6,6
14465,0,0,6,6
14466,0,0,6,6
14467,0,0,0,31
14468,0,1,4,49
14469,0,0,133,235
1447,1,2,2,4
14470,0,0,0,0
14471,0,0,0,0
14472,3,4,10,674
14473,2,3,11,14
14474,2,3,8,186
14475,1,2,7,7
14476,0,1,1,45
14477,0,0,0,0
14478,2,3,11,14
14479,0,1,39,508
1448,0,0,0,0
14480,1,2,3,3
14481,0,0,0,0
14482,1,2,2,4
14483,1,2,3,3
14484,2,3,8,186
14485,1,2,7,7
14486,0,0,0,0
14487,0,0,0,0
14488,2,3,11,14
14489,1,2,2,4
1449,1,2,3,3
14490,0,0,0,1
14491,1,2,3,1148
14492,2,3,11,14
14493,0,0,0,0
14494,0,0,0,1
14495,1,2,7,7
14496,0,0,0,1
14497,1,2,3,2306
14498,0,30,260,953
14499,0,0,0,12
145,0,1,4,978
1450,0,0,0,0
14500,1,2,3,33
14501,0,0,0,1
14502,1,2,3,33
14503,0,0,0,12
14504,0,1,103,178
14505,0,1,120,172
14506,0,1,4,1860
14507,0,1,659,6497
14508,5,26,1427,5113
14509,14,38,187,5114
1451,1,2,3,3
14510,0,0,660,6498
14511,0,0,1428,5115
14512,0,1,18,3802
14513,0,0,0,0
14514,0,0,6,6
14515,0,0,6,6
14516,0,1,1,511
14517,0,1,1,8
14518,0,1,1,44
14519,0,1,1,8
1452,0,0,0,2
14520,0,1,1,942
14521,0,8,32,32
14522,0,0,108,729
14523,0,0,108,715
14524,0,6,36,693
14525,0,1,1,849
14526,0,1,4,1944
14527,0,6,36,1945
14528,0,1,4,1946
14529,0,0,0,98
1453,1,2,7,7
14530,0,0,28,119
14531,0,0,28,61
14532,0,0,15,116
14533,0,0,28,61
14534,1,2,2,34
14535,0,0,0,206
14536,0,0,0,215
14537,0,0,0,215
14538,0,0,0,215
14539,0,0,0,86
1454,5,33,165,2362
14540,1,2,3,92
14541,0,0,0,31
14542,4,20,70,76
14543,0,0,0,9
14544,1,2,2,68
14545,0,1,37,855
14546,0,0,134,181
14547,0,0,0,310
14548,0,6,73,1108
14549,0,0,0,72
1455,1,2,2,4
14550,0,0,0,9
14551,0,0,0,1109
14552,0,1,4,943
14553,0,1,14,50
14554,3,4,10,83
14555,3,4,10,69
14556,0,0,28,5116
14557,0,1,13,1110
14558,0,0,0,5
14559,2,3,34,35
1456,0,0,0,1
14560,0,1,4,509
14561,3,4,67,99
14562,0,0,19,55
14563,0,1,1,74
14564,0,1,4,509
14565,0,16,68,82
14566,0,9,54,54
14567,0,16,68,1433
14568,3,4,243,420
14569,0,1,4,30
1457,0,0,0,0
14570,3,4,215,432
14571,0,0,133,235
14572,3,4,249,856
14573,3,4,67,99
14574,0,1,4,30
14575,0,1,4,30
14576,0,1,1,74
14577,0,0,19,146
14578,0,0,19,55
14579,0,1,4,125
1458,2,3,8,11
14580,0,1,4,30
14581,0,0,19,146
14582,0,16,68,82
14583,0,9,54,54
14584,0,9,404,851
14585,3,4,67,384
14586,12,40,136,189
14587,0,0,19,55
14588,0,0,46,94
14589,0,0,95,585
1459,0,0,0,12
14590,0,1,4,162
14591,0,1,1,104
14592,3,4,243,420
14593,0,1,4,125
14594,0,1,4,125
14595,3,4,243,420
14596,0,16,68,82
14597,0,1,4,162
14598,0,1,1,765
14599,0,1,1,1592
146,1,2,9,1403
1460,1,2,3,3
14600,0,0,19,55
14601,0,1,4,81
14602,0,1,4,906
14603,0,0,0,218
14604,12,40,136,189
14605,2,3,131,190
14606,0,0,19,55
14607,3,4,67,99
14608,0,1,4,30
14609,0,1,141,1703
1461,0,0,0,2
14610,0,1,4,125
14611,0,0,0,316
14612,1,2,3,453
14613,1,2,2,381
14614,0,1,4,586
14615,0,0,0,0
14616,0,0,0,154
14617,0,1,4,586
14618,0,1,4,30
14619,0,43,162,1593
1462,0,0,0,2
14620,0,0,19,1594
14621,0,0,0,316
14622,1,2,3,453
14623,1,2,2,381
14624,0,1,4,586
14625,0,1,4,81
14626,3,4,704,2191
14627,0,71,301,587
14628,0,1,4,30
14629,0,9,330,659
1463,0,0,0,75
14630,0,1,4,236
14631,3,4,67,99
14632,0,1,4,30
14633,0,1,4,385
14634,0,1,4,125
14635,0,1,4,162
14636,0,0,95,585
14637,0,1,1,104
14638,0,0,19,55
14639,0,1,4,385
1464,2,3,11,774
14640,0,16,68,82
14641,3,4,121,365
14642,0,9,54,54
14643,3,4,67,99
14644,0,0,133,609
14645,0,16,68,82
14646,0,0,19,146
14647,12,66,269,530
14648,0,1,4,125
14649,0,1,4,125
1465,0,0,0,1
14650,0,1,4,62
14651,0,0,19,55
14652,0,9,404,851
14653,3,4,67,384
14654,0,0,19,55
14655,0,0,46,94
14656,0,1,4,125
14657,0,1,4,30
14658,3,4,704,2191
14659,0,1,4,30
1466,1,2,7,7
14660,0,9,65,694
14661,0,1,4,30
14662,0,1,4,586
14663,0,0,0,316
14664,1,2,3,453
14665,1,2,2,381
14666,0,1,4,81
14667,0,1,4,30
14668,0,1,4,62
14669,0,1,4,30
1467,0,0,0,75
14670,0,1,4,30
14671,0,1,1,74
14672,0,0,46,94
14673,3,4,67,99
14674,3,4,121,365
14675,0,9,65,289
14676,3,4,67,384
14677,0,0,46,94
14678,0,9,330,659
14679,0,1,4,125
1468,1,2,3,222
14680,0,0,46,94
14681,0,0,19,146
14682,31,84,362,5117
14683,0,0,19,146
14684,0,1,1,1850
14685,0,9,54,54
14686,0,9,65,213
14687,0,1,4,30
14688,0,1,4,62
14689,0,9,65,1339
1469,1,2,2,4698
14690,0,9,54,54
14691,0,1,4,125
14692,0,0,46,94
14693,0,0,19,55
14694,3,4,67,384
14695,0,0,0,2
14696,0,1,4,125
14697,0,9,65,213
14698,0,9,54,54
14699,0,1,4,62
147,0,0,0,9
1470,1,2,3,63
14700,0,1,4,586
14701,0,0,0,316
14702,1,2,3,453
14703,1,2,2,381
14704,0,0,133,235
14705,3,4,215,432
14706,0,9,54,54
14707,0,1,4,385
14708,0,1,4,30
14709,3,4,67,384
1471,0,1,1,8
14710,3,4,243,420
14711,0,1,4,30
14712,0,1,1,74
14713,0,1,4,81
14714,0,1,4,30
14715,0,1,4,2697
14716,0,1,1,528
14717,0,1,4,753
14718,0,1,1,528
14719,0,1,4,944
1472,0,1,33,266
14720,0,1,1,857
14721,0,0,0,3803
14722,0,1,4,5118
14723,0,1,4,204
14724,0,1,4,338
14725,0,1,4,248
14726,0,0,0,330
14727,0,0,0,307
14728,0,1,4,269
14729,0,1,1,133
1473,0,1,4,57
14730,0,1,4,3804
14731,0,1,4,248
14732,0,1,4,967
14733,0,1,4,287
14734,0,1,4,248
14735,0,1,1,458
14736,0,1,4,30
14737,0,0,0,218
14738,0,1,4,204
14739,0,0,0,316
1474,0,0,47,73
14740,0,0,0,3805
14741,17,72,430,1377
14742,0,0,95,1281
14743,0,1,1,1595
14744,1,2,3,453
14745,1,2,2,381
14746,1,2,2,381
14747,1,2,3,1947
14748,0,1,4,1923
14749,0,0,0,218
1475,0,1,21,111
14750,0,1,4,204
14751,0,0,0,218
14752,0,1,4,204
14753,0,43,162,843
14754,0,9,316,1560
14755,0,1,4,1922
14756,0,0,0,77
14757,17,72,430,1377
14758,0,0,95,1281
14759,0,0,505,2698
1476,0,1,1,8
14760,0,0,0,316
14761,1,2,3,2699
14762,1,2,2,381
14763,0,1,1,3806
14764,0,1,4,204
14765,0,0,0,218
14766,0,1,4,81
14767,0,1,1,682
14768,0,1,4,204
14769,0,0,0,6499
1477,0,0,0,5
14770,0,1,4,248
14771,0,1,4,338
14772,0,0,0,218
14773,0,1,4,204
14774,0,1,4,62
14775,0,1,4,287
14776,0,1,1,528
14777,0,1,4,62
14778,0,1,4,30
14779,0,6,1041,2700
1478,0,0,0,2
14780,0,0,0,218
14781,0,1,4,204
14782,0,1,1,528
14783,0,1,4,944
14784,0,1,4,753
14785,0,1,4,248
14786,0,1,4,734
14787,0,1,4,30
14788,0,1,4,62
14789,0,0,0,218
1479,0,0,0,5
14790,0,1,4,204
14791,0,1,4,247
14792,0,1,4,403
14793,0,1,4,204
14794,0,0,0,6500
14795,0,1,1,8
14796,0,1,1,8
14797,0,1,1,18
14798,0,0,47,6501
14799,0,1,33,112
148,0,0,0,9
1480,0,0,0,2
14800,2,3,34,35
14801,1,2,3,433
14802,0,1,1042,2701
14803,0,1,837,3807
14804,0,1,1,6502
14805,0,0,0,102
14806,0,1,175,3808
14807,0,0,0,262
14808,0,1,364,2702
14809,1,2,3,19
1481,0,0,0,37
14810,0,0,0,0
14811,0,0,15,27
14812,0,0,0,268
14813,0,0,0,1
14814,1,2,9,46
14815,0,1,4,49
14816,0,0,0,72
14817,0,0,0,56
14818,0,6,73,451
14819,0,1,1,193
1482,0,0,0,9
14820,0,1,37,182
14821,0,0,78,212
14822,1,2,2,23
14823,0,0,0,2
14824,0,0,134,181
14825,0,0,1429,5119
14826,1,2,2,6503
14827,4,263,1430,5120
14828,0,0,0,5
14829,0,0,0,5
1483,0,1,1,966
14830,0,0,0,5
14831,1,2,2,2192
14832,0,0,698,3809
14833,0,0,15,2703
14834,0,0,371,3810
14835,0,0,0,5121
14836,0,168,838,3811
14837,0,0,15,6504
14838,0,0,0,5
14839,0,0,0,2
1484,0,1,1,38
14840,0,0,6,6
14841,2,3,376,5122
14842,0,1,109,2704
14843,8,29,94,2705
14844,0,1,12,6505
14845,0,0,79,308
14846,0,0,79,524
14847,3,4,10,5123
14848,1,2,7,7
14849,0,0,0,1
1485,0,1,1,8
14850,0,0,0,2
14851,0,0,0,0
14852,2,3,31,297
14853,0,0,0,2
14854,0,0,0,1
14855,2,3,576,5124
14856,2,3,576,2706
14857,2,3,577,5125
14858,2,3,577,6506
14859,0,0,0,0
1486,0,1,1,160
14860,1,2,3,2707
14861,1,2,3,33
14862,0,0,6,6
14863,0,1,1,8
14864,0,1,520,6507
14865,0,1,1,18
14866,0,1,22,1948
14867,0,1,1,96
14868,0,0,0,88
14869,0,1,1,169
1487,0,1,1,989
14870,0,1,1,6508
14871,0,6,1431,5126
14872,0,1,4,494
14873,0,1,4,236
14874,0,1,1,104
14875,0,102,1043,2708
14876,0,1,1432,5127
14877,2,3,8,124
14878,0,0,0,1
14879,0,0,0,12
1488,0,0,6,6
14880,0,0,0,12
14881,1,2,3,114
14882,1,2,2,4
14883,0,0,0,12
14884,0,0,0,1
14885,0,0,0,2
14886,1,2,7,7
14887,1,2,3,91
14888,0,0,0,12
14889,2,3,5,446
1489,0,1,1,8
14890,2,3,11,14
14891,2,3,5,10
14892,2,3,8,79
14893,0,0,19,173
14894,6,14,543,2169
14895,0,1,14,249
14896,3,4,116,1596
14897,0,1,14,50
14898,3,4,10,69
14899,3,4,10,83
149,0,1,1,20
1490,0,1,1,18
14900,0,0,0,1
14901,1,2,3,19
14902,2,3,5,10
14903,1,2,7,7
14904,0,0,0,0
14905,0,0,15,27
14906,1,2,2,4
14907,0,0,19,173
14908,0,1,14,249
14909,0,1,1,18
1491,0,0,0,77
14910,0,1,1,8
14911,0,0,19,173
14912,0,1,14,249
14913,2,3,11,5128
14914,0,1,14,145
14915,0,1,287,2709
14916,0,0,0,2
14917,0,0,0,0
14918,1,2,2,4
14919,0,0,0,1
1492,0,1,29,51
14920,2,3,11,14
14921,0,0,0,1
14922,1,2,7,7
14923,2,3,5,10
14924,1,2,3,33
14925,0,0,0,1
14926,0,0,16,16
14927,1,2,9,13
14928,0,0,6,6
14929,1,2,9,13
1493,2,3,127,174
14930,1,2,9,13
14931,1,2,9,13
14932,1,2,9,13
14933,1,2,9,13
14934,1,2,9,13
14935,0,0,0,1
14936,1,2,3,3
14937,0,0,0,0
14938,0,0,0,2
14939,1,2,2,4
1494,1,2,2,17
14940,0,0,0,0
14941,1,2,7,7
14942,0,0,6,6
14943,0,0,0,103
14944,0,0,60,567
14945,0,1,4,673
14946,0,1,4,968
14947,0,1,4,1111
14948,0,1,4,30
14949,2,3,31,36
1495,0,0,0,93
14950,1,2,2,4
14951,0,0,0,0
14952,1,2,3,3
14953,2,3,8,11
14954,2,3,44,59
14955,1,2,7,7
14956,0,1,71,202
14957,1,2,3,3
14958,2,3,5,15
14959,0,0,0,0
1496,0,0,0,72
14960,0,0,0,0
14961,1,2,3,331
14962,0,0,0,0
14963,0,0,0,2
14964,0,0,6,6
14965,0,0,0,5
14966,0,1,1,20
14967,0,0,0,1
14968,2,3,5,15
14969,1,2,7,7
1497,0,0,0,31
14970,0,1,1,8
14971,0,0,0,0
14972,2,3,5,10
14973,0,139,661,6509
14974,0,1,1,44
14975,0,0,6,503
14976,0,1,1,8
14977,0,1,4,945
14978,0,0,15,2205
14979,0,112,707,3812
1498,0,0,0,31
14980,0,1,42,130
14981,0,1,1,65
14982,0,1,1,65
14983,1,2,3,33
14984,0,0,0,0
14985,2,3,5,10
14986,1,2,7,7
14987,2,3,5,15
14988,0,0,0,0
14989,1,2,2,4
1499,0,1,4,199
14990,0,0,0,0
14991,2,3,5,67
14992,1,2,3,19
14993,2,3,5,10
14994,3,4,10,612
14995,0,21,72,165
14996,0,0,0,321
14997,0,0,0,2
14998,0,0,0,0
14999,0,0,0,0
15,12,40,136,189
150,0,5,347,6026
1500,0,0,0,56
15000,0,0,0,1
15001,3,4,10,588
15002,0,0,0,0
15003,0,0,0,0
15004,1,2,7,7
15005,1,2,2,4
15006,0,0,15,27
15007,0,0,0,1
15008,2,3,5,10
15009,0,0,0,1
1501,4,20,70,76
15010,1,2,3,33
15011,0,0,0,1
15012,2,3,5,745
15013,1,2,3,3
15014,0,0,0,47
15015,1,2,7,7
15016,1,2,2,4
15017,2,3,5,10
15018,1,2,2,4
15019,1,2,3,19
1502,0,1,63,120
15020,0,0,0,0
15021,0,0,0,1
15022,0,0,0,1
15023,0,0,0,0
15024,2,3,5,10
15025,2,3,8,11
15026,2,3,5,15
15027,1,2,7,7
15028,0,0,0,0
15029,0,0,0,2
1503,1,2,2,68
15030,0,0,0,1
15031,1,2,7,7
15032,1,2,7,7
15033,0,0,0,1
15034,0,0,0,434
15035,1,2,3,33
15036,0,0,0,0
15037,1,2,2,4
15038,0,0,0,0
15039,2,3,5,67
1504,0,5,23,2363
15040,0,0,0,2
15041,0,0,0,434
15042,0,0,0,2
15043,2,3,5,67
15044,0,0,0,0
15045,1,2,3,3
15046,1,2,3,33
15047,0,0,0,0
15048,1,2,2,4
15049,0,0,0,1
1505,0,1,24,251
15050,2,3,8,11
15051,3,4,10,28
15052,1,2,7,7
15053,0,0,0,434
15054,1,2,3,33
15055,1,2,7,7
15056,1,2,7,7
15057,0,0,0,1
15058,0,0,0,2
15059,0,0,0,0
1506,0,0,0,0
15060,2,3,5,67
15061,0,0,0,2
15062,0,0,0,0
15063,0,0,0,0
15064,1,2,2,4
15065,0,0,0,0
15066,1,2,2,4
15067,1,2,3,19
15068,1,2,7,7
15069,0,0,0,1
1507,0,0,0,0
15070,3,4,10,28
15071,1,2,7,7
15072,2,3,8,186
15073,2,3,11,14
15074,0,0,0,0
15075,0,1,39,508
15076,1,2,2,4
15077,0,0,0,0
15078,1,2,3,3
15079,1,2,2,4
1508,1,2,3,3
15080,1,2,3,3
15081,1,2,3,3
15082,0,0,0,0
15083,2,3,8,186
15084,0,0,0,1
15085,0,1,39,508
15086,0,0,0,0
15087,1,2,7,7
15088,3,4,10,28
15089,1,2,3,3
1509,0,0,0,438
15090,2,3,11,14
15091,2,3,8,11
15092,1,2,3,3
15093,1,2,7,7
15094,0,0,0,1
15095,1,2,2,4
15096,2,3,11,14
15097,0,0,0,12
15098,1,2,3,3
15099,0,0,0,0
151,0,1,325,1915
1510,0,1,21,648
15100,0,0,0,0
15101,1,2,7,7
15102,1,2,3,3
15103,0,0,0,12
15104,1,2,3,3
15105,0,0,0,0
15106,0,0,0,2
15107,0,0,0,12
15108,0,0,0,0
15109,1,2,7,7
1511,0,1,1,237
15110,0,0,0,1
15111,1,2,2,4
15112,0,0,0,2
15113,0,0,0,0
15114,0,1,13,6510
15115,0,1,1,8
15116,0,1,1,207
15117,0,1,1,18
15118,0,1,1,8
15119,0,1,1,207
1512,0,1,1,18
15120,0,1,21,850
15121,0,1,1,18
15122,0,0,213,3813
15123,0,0,213,3814
15124,0,0,1433,5129
15125,0,0,1044,2710
15126,0,0,0,21
15127,0,8,32,32
15128,0,0,213,6511
15129,0,1,13,1597
1513,0,0,47,73
15130,0,1,13,1949
15131,0,1,13,1110
15132,0,1,13,490
15133,6,14,98,157
15134,0,0,57,221
15135,13,37,107,2711
15136,0,0,0,2
15137,0,0,0,1
15138,0,0,0,271
15139,1,19,87,611
1514,0,1,1,18
15140,1,2,2,40
15141,0,1,22,270
15142,0,1,4,78
15143,0,1,1,8
15144,1,19,87,2712
15145,0,1,37,239
15146,0,0,92,1112
15147,0,0,92,1112
15148,1,78,634,2713
15149,0,79,334,695
1515,0,1,1,38
15150,1,78,578,1950
15151,1,23,662,6512
15152,20,57,201,400
15153,27,93,705,2307
15154,0,79,334,695
15155,0,0,0,238
15156,1,2,2,40
15157,4,31,129,179
15158,0,0,0,5
15159,0,0,0,1
1516,0,1,1,8
15160,0,1,1,8
15161,0,1,22,245
15162,0,1,14,90
15163,0,0,0,2
15164,0,1,839,3815
15165,0,1,12,5130
15166,0,1,71,6513
15167,0,1,1,8
15168,0,1,1,18
15169,0,0,0,206
1517,0,0,47,73
15170,0,0,0,206
15171,0,1,20,29
15172,1,2,7,7
15173,0,0,0,0
15174,0,0,0,2
15175,0,0,0,0
15176,1,2,3,3
15177,0,0,0,1
15178,1,2,3,3
15179,1,2,2,4
1518,1,25,283,3355
15180,0,0,0,0
15181,1,2,130,2714
15182,0,1,1,18
15183,0,1,33,1598
15184,0,1,13,208
15185,2,3,482,1518
15186,0,197,1045,2715
15187,0,5,23,6514
15188,0,1,4,43
15189,0,1,24,5131
1519,1,2,7,7
15190,0,1,4,43
15191,1,2,3,92
15192,0,0,0,56
15193,0,0,17,39
15194,0,0,41,106
15195,0,0,52,52
15196,1,2,53,53
15197,0,0,45,71
15198,0,1,1,8
15199,0,1,4,57
152,0,1,319,6027
1520,2,3,5,10
15200,0,1,33,112
15201,0,1,13,1294
15202,0,1,13,1599
15203,0,1,14,841
15204,0,21,72,165
15205,1,2,3,3
15206,0,0,0,5
15207,0,0,0,2
15208,0,6,36,2716
15209,0,8,32,32
1521,0,0,0,1
15210,0,1,4,1214
15211,0,8,32,32
15212,1,2,2,17
15213,0,1,1,20
15214,0,0,0,9
15215,1,2,2,4
15216,2,3,5,10
15217,1,2,3,19
15218,0,0,0,1
15219,0,0,0,0
1522,0,0,0,0
15220,0,1,1,207
15221,0,1,1,18
15222,0,1,1,8
15223,1,2,9,87
15224,0,0,16,16
15225,10,61,1219,6515
15226,0,0,0,2
15227,0,1,14,85
15228,0,0,40,1285
15229,2,3,34,35
1523,0,1,1,8
15230,0,0,45,71
15231,0,0,17,39
15232,0,0,52,52
15233,1,2,53,53
15234,0,1,35,6516
15235,1,2,9,13
15236,0,0,6,6
15237,1,2,9,5132
15238,0,0,6,6
15239,0,0,6,6
1524,0,1,21,3356
15240,0,0,6,6
15241,1,2,9,13
15242,1,2,2,40
15243,0,0,0,1
15244,0,0,16,16
15245,3,4,10,69
15246,0,1,14,50
15247,1,2,9,13
15248,0,1,4,62
15249,0,0,114,2717
1525,0,1,33,2113
15250,2,3,34,35
15251,1,2,2,23
15252,7,15,48,66
15253,0,0,0,37
15254,1,2,2,23
15255,1,2,9,26
15256,0,0,0,2
15257,0,0,0,5
15258,0,1,4,62
15259,13,37,107,198
1526,0,0,47,6055
15260,0,0,0,1
15261,0,0,0,2718
15262,1,2,7,7
15263,0,0,0,2
15264,0,0,0,0
15265,1,2,2,4
15266,5,33,165,5133
15267,1,2,3,3
15268,0,0,0,0
15269,4,20,70,76
1527,0,1,21,111
15270,2,3,8,1600
15271,19,120,579,5134
15272,1,2,3,33
15273,0,0,0,1
15274,1,12,521,1601
15275,2,3,8,1282
15276,1,2,3,33
15277,0,0,0,12
15278,0,0,0,5
15279,0,0,16,16
1528,0,1,4,6056
15280,1,2,9,46
15281,1,2,9,46
15282,0,0,0,21
15283,0,0,0,21
15284,2,3,1434,5135
15285,0,1,91,144
15286,1,2,9,13
15287,0,0,0,31
15288,0,0,0,31
15289,0,0,16,16
1529,0,0,0,2
15290,0,0,0,95
15291,2,3,34,35
15292,0,0,0,95
15293,0,0,6,6
15294,0,0,0,95
15295,0,0,77,258
15296,0,0,0,242
15297,2,34,99,422
15298,0,0,77,142
15299,0,0,0,183
153,0,1,24,6028
1530,0,0,0,5
15300,4,31,296,690
15301,4,31,296,690
15302,0,0,16,16
15303,0,0,16,16
15304,0,0,16,16
15305,0,0,16,16
15306,0,0,16,16
15307,0,0,16,6517
15308,0,0,0,5
15309,0,0,16,16
1531,0,0,0,1
15310,0,0,16,16
15311,2,3,34,35
15312,0,0,16,16
15313,0,0,16,16
15314,0,0,16,3816
15315,0,0,16,16
15316,0,0,6,6
15317,0,0,0,9
15318,3,4,116,299
15319,0,1,14,340
1532,1,2,2,40
15320,0,1,13,1602
15321,0,0,0,0
15322,2,3,8,11
15323,1,2,3,3
15324,0,0,0,0
15325,0,1,14,85
15326,0,0,0,48
15327,0,0,15,404
15328,0,0,15,654
15329,0,1,4,30
1533,0,0,0,2
15330,0,1,1,133
15331,0,1,51,623
15332,0,0,0,9
15333,0,1,217,716
15334,0,1,106,241
15335,2,3,112,5136
15336,0,1,4,49
15337,0,0,0,462
15338,0,5,23,3817
15339,0,1,1,18
1534,0,1,14,249
15340,0,1,1,8
15341,0,1,1,8
15342,0,1,4,30
15343,0,1,1,8
15344,0,1,182,2719
15345,1,2,3,6518
15346,2,3,11,5137
15347,0,1,14,1283
15348,0,0,0,0
15349,0,0,15,27
1535,0,0,19,173
15350,0,0,0,1
15351,1,2,2,4
15352,1,2,3,19
15353,1,2,7,7
15354,0,0,0,2
15355,1,2,3,63
15356,0,0,0,100
15357,1,2,2,4
15358,0,0,0,1
15359,0,0,0,2
1536,3,4,10,917
15360,1,2,2,4
15361,1,2,3,19
15362,2,3,5,10
15363,0,0,0,1
15364,0,0,0,0
15365,1,2,7,7
15366,2,3,66,2155
15367,3,4,10,83
15368,3,4,10,69
15369,2,3,5,41
1537,0,0,74,118
15370,2,3,11,14
15371,0,0,0,1
15372,1,2,3,91
15373,0,0,0,2
15374,1,2,2,4
15375,0,0,0,12
15376,1,2,7,7
15377,0,0,0,1
15378,2,3,5,303
15379,0,0,0,47
1538,1,2,3,3
15380,1,2,3,33
15381,0,0,0,1
15382,1,2,7,7
15383,1,2,2,4
15384,0,0,0,2
15385,0,0,0,0
15386,1,2,7,7
15387,2,3,11,14
15388,1,12,43,1325
15389,1,2,3,33
1539,1,2,3,3
15390,0,0,0,1
15391,0,0,0,1
15392,2,3,5,10
15393,2,3,5,303
15394,0,0,0,2
15395,0,0,0,0
15396,1,2,2,4
15397,2,3,112,5138
15398,0,43,575,1940
15399,0,9,316,5139
154,0,1,18,1404
1540,0,0,0,0
15400,0,1,91,144
15401,0,0,545,1385
15402,0,1,12,1682
15403,0,1,274,1113
15404,0,1,274,928
15405,5,26,522,1603
15406,0,11,84,1764
15407,9,24,75,3818
15408,0,11,177,344
15409,9,42,227,459
1541,0,1,1,115
15410,0,11,177,344
15411,0,11,84,1114
15412,9,24,75,516
15413,0,11,177,344
15414,9,42,227,459
15415,0,11,177,344
15416,0,1,71,6519
15417,0,1,12,1951
15418,0,1,12,1951
15419,0,1,174,1136
1542,0,1,1,18
15420,0,1,174,6520
15421,0,1,174,1651
15422,0,1,174,2720
15423,0,1,174,1652
15424,0,1,155,711
15425,0,1,245,510
15426,0,1,245,510
15427,25,80,336,696
15428,0,1,155,711
15429,3,4,10,83
1543,0,1,501,1417
15430,3,4,10,69
15431,0,1,14,50
15432,3,4,10,578
15433,0,0,17,123
15434,0,1,14,129
15435,0,1,12,195
15436,0,0,0,0
15437,1,2,3,19
15438,1,2,2,4
15439,0,0,0,2
1544,1,2,130,3357
15440,1,2,7,7
15441,0,0,15,27
15442,0,0,0,1
15443,0,0,0,47
15444,0,1,1,44
15445,0,1,1,8
15446,1,2,7,7
15447,3,4,10,5140
15448,1,2,2,4
15449,1,2,3,1604
1545,1,2,130,1899
15450,0,0,0,0
15451,2,3,5,1605
15452,0,1,155,357
15453,2,3,8,1284
15454,2,3,8,1284
15455,0,1,4,3819
15456,0,1,228,6521
15457,0,1,120,172
15458,0,1,103,178
15459,0,1,663,1606
1546,0,13,62,147
15460,2,3,5,134
15461,3,4,10,28
15462,1,2,3,3
15463,0,0,0,0
15464,2,3,8,3820
15465,1,2,3,3
15466,2,3,5,15
15467,1,2,2,4
15468,1,2,3,3
15469,2,3,8,11
1547,2,3,5,15
15470,1,2,9,46
15471,1,2,9,46
15472,0,0,0,21
15473,0,0,0,12
15474,2,3,5,5141
15475,2,3,5,15
15476,1,2,2,4
15477,2,3,5,155
15478,2,3,8,620
15479,1,2,3,3
1548,0,0,0,12
15480,1,2,3,3
15481,2,3,5,134
15482,0,0,0,0
15483,3,4,10,28
15484,1,2,2,3821
15485,3,4,10,28
15486,1,2,3,3
15487,0,0,0,0
15488,1,2,3,3
15489,2,3,5,134
1549,0,0,0,1
15490,2,3,5,10
15491,1,2,3,3
15492,1,2,2,4
15493,0,0,0,0
15494,0,0,0,0
15495,2,3,5,15
15496,2,3,5,15
15497,0,0,0,0
15498,1,2,7,7
15499,2,3,8,11
155,0,1,1,8
1550,0,0,0,2
15500,1,2,3,3
15501,2,3,5,10
15502,0,1,64,6522
15503,0,0,77,258
15504,0,0,0,242
15505,0,0,580,1952
15506,2,3,235,712
15507,2,34,99,589
15508,0,0,0,183
15509,0,0,350,691
1551,1,2,2,4
15510,0,0,77,142
15511,2,34,99,697
15512,0,0,6,6
15513,0,0,0,306
15514,0,1,1,329
15515,0,0,213,2282
15516,0,1,13,412
15517,0,1,12,464
15518,0,58,216,362
15519,0,0,0,1
1552,1,2,2,4
15520,1,19,87,363
15521,1,19,87,363
15522,0,0,0,1
15523,0,58,216,362
15524,3,4,288,3822
15525,0,0,16,16
15526,0,1,25,101
15527,0,1,25,460
15528,0,1,25,1677
15529,0,1,25,121
1553,0,0,0,0
15530,2,3,178,597
15531,0,1,25,159
15532,0,0,38,259
15533,1,2,2,456
15534,0,0,17,278
15535,1,2,2,456
15536,0,0,15,1607
15537,0,0,0,103
15538,0,1,51,359
15539,0,0,0,438
1554,0,0,0,0
15540,0,1,1,6523
15541,0,1,24,5142
15542,0,1,4,49
15543,0,1,37,2721
15544,0,0,0,75
15545,0,0,57,1907
15546,0,0,333,1124
15547,0,1,4,217
15548,0,8,32,32
15549,0,0,0,1
1555,1,2,7,7
15550,0,0,0,100
15551,1,2,3,63
15552,0,0,46,94
15553,0,0,19,55
15554,3,4,67,99
15555,2,3,5,15
15556,2,3,8,11
15557,1,2,3,3
15558,2,3,5,10
15559,2,3,31,36
1556,1,2,3,3
15560,1,2,2,4
15561,0,1,1,8
15562,0,1,1,18
15563,0,0,16,16
15564,0,1,13,60
15565,0,1,14,484
15566,0,1,21,648
15567,0,1,1,160
15568,0,1,115,396
15569,0,0,0,1
1557,0,0,0,2
15570,0,1,324,698
15571,0,1,331,736
15572,0,1,262,762
15573,1,2,7,7
15574,0,0,0,12
15575,0,1,13,60
15576,0,0,57,221
15577,0,0,0,0
15578,10,35,281,2722
15579,0,1,1,1089
1558,0,1,1,8
15580,0,1,217,716
15581,0,1,1,8
15582,0,1,1,18
15583,0,0,6,6
15584,2,3,34,35
15585,3,4,10,645
15586,2,3,66,972
15587,0,0,0,0
15588,0,1,24,2723
15589,0,1,4,199
1559,0,1,63,120
15590,1,2,9,1953
15591,0,1,4,62
15592,1,19,87,6524
15593,0,0,6,6
15594,0,0,0,183
15595,2,34,99,422
15596,0,0,77,142
15597,0,0,246,1608
15598,0,0,0,5
15599,0,0,61,348
156,0,1,20,29
1560,0,1,33,112
15600,1,2,285,6525
15601,0,1,14,1538
15602,0,1,13,60
15603,1,2,9,13
15604,0,1,29,51
15605,0,1,4,314
15606,0,0,0,335
15607,0,0,40,1646
15608,0,0,0,277
15609,0,1,42,130
1561,0,1,1,160
15610,1,2,2,219
15611,0,0,0,197
15612,0,1,1,18
15613,0,1,4,1115
15614,0,5,1220,6526
15615,0,0,57,1954
15616,0,0,0,108
15617,0,0,0,37
15618,0,0,0,3823
15619,0,0,17,1116
1562,0,1,1,18
15620,0,0,0,47
15621,0,0,0,1
15622,0,1,14,1358
15623,0,0,38,6527
15624,3,4,10,69
15625,0,1,14,50
15626,3,4,10,83
15627,0,1,14,90
15628,0,0,17,39
15629,0,9,268,1055
1563,0,1,21,111
15630,0,0,17,39
15631,3,4,10,69
15632,0,1,14,50
15633,0,0,0,1
15634,1,2,3,63
15635,0,0,0,75
15636,0,0,0,2
15637,0,0,0,1
15638,0,0,0,2
15639,0,0,0,1
1564,0,1,89,435
15640,1,2,3,3
15641,0,1,39,156
15642,0,0,0,0
15643,1,2,3,3
15644,2,3,8,186
15645,0,1,4,551
15646,2,3,8,186
15647,0,1,1,8
15648,0,1,1,18
15649,0,1,1,38
1565,1,2,130,4699
15650,0,0,0,277
15651,0,1,20,295
15652,0,5,1435,5143
15653,0,1,520,2724
15654,0,0,0,3824
15655,0,1,520,3825
15656,0,1,664,6528
15657,0,198,1046,2725
15658,0,1,4,6529
15659,0,0,0,1
1566,1,2,130,776
15660,0,0,0,5
15661,0,0,0,5
15662,0,0,16,16
15663,0,0,0,2
15664,0,0,0,75
15665,0,1,4,49
15666,0,1,1047,2726
15667,0,0,0,56
15668,0,6,73,491
15669,0,0,0,5
1567,1,2,9,13
15670,0,0,16,16
15671,1,2,3,557
15672,0,1,89,1023
15673,0,0,0,0
15674,0,0,0,102
15675,0,0,0,262
15676,0,0,45,3826
15677,0,0,57,221
15678,0,0,45,2727
15679,0,0,57,6530
1568,1,2,130,776
15680,0,0,45,3827
15681,0,134,1048,2728
15682,0,1,14,2729
15683,0,0,40,6531
15684,0,17,76,6532
15685,3,4,581,5144
15686,0,1,14,5145
15687,0,0,57,397
15688,0,0,0,48
15689,0,169,840,3828
1569,6,14,98,157
15690,0,0,28,6533
15691,0,1,14,2203
15692,0,0,841,3829
15693,0,0,40,5146
15694,0,1,381,1955
15695,0,0,17,2730
15696,0,0,0,6534
15697,0,1,14,90
15698,5,26,842,3830
15699,0,0,45,3831
157,0,0,0,290
1570,1,12,43,2364
15700,0,0,0,6535
15701,0,0,45,1609
15702,5,26,463,6536
15703,0,0,40,3832
15704,5,26,463,5147
15705,0,0,45,1609
15706,0,0,17,2731
15707,0,0,0,0
15708,1,2,2,4
15709,1,2,3,3
1571,0,7,26,22
15710,1,2,7,7
15711,0,1,4,30
15712,0,9,65,213
15713,0,16,68,82
15714,3,4,67,99
15715,0,0,46,94
15716,0,0,19,55
15717,0,1,4,62
15718,3,4,67,384
15719,1,2,9,26
1572,0,7,26,22
15720,0,0,0,2
15721,0,0,0,37
15722,7,15,48,66
15723,7,15,48,66
15724,0,0,0,5
15725,0,0,0,5
15726,0,0,0,2
15727,0,0,0,5
15728,1,2,9,26
15729,0,1,14,85
1573,0,0,0,1
15730,0,17,76,709
15731,0,0,40,1285
15732,0,1,125,5148
15733,0,0,843,3833
15734,0,0,1436,5149
15735,0,0,0,5150
15736,0,17,76,6537
15737,0,1,14,841
15738,3,4,581,3834
15739,0,1,14,859
1574,2,3,8,11
15740,0,0,57,221
15741,0,0,17,1117
15742,0,0,17,1117
15743,0,1,381,6538
15744,0,0,40,3835
15745,0,0,0,5151
15746,0,1,14,841
15747,0,0,0,1
15748,2,3,8,11
15749,1,2,3,3
1575,0,0,0,0
15750,1,2,7,7
15751,0,0,0,0
15752,0,0,0,0
15753,0,0,0,5
15754,0,0,0,2
15755,0,0,0,0
15756,1,2,3,3
15757,0,0,0,0
15758,0,0,0,0
15759,1,2,2,4
1576,0,1,1,8
15760,0,0,38,858
15761,0,0,19,173
15762,0,1,13,60
15763,1,2,9,87
15764,1,2,2,23
15765,0,0,104,171
15766,0,0,0,5
15767,0,0,0,2
15768,0,0,15,140
15769,0,0,0,2
1577,0,0,47,1418
15770,0,0,0,5
15771,0,0,6,6
15772,0,0,0,37
15773,0,0,0,2
15774,0,0,0,5
15775,1,2,3,1082
15776,1,2,2,4
15777,0,0,0,1
15778,0,0,0,2
15779,0,0,0,0
1578,0,1,4,81
15780,1,2,7,7
15781,1,2,3,3
15782,3,4,10,6539
15783,0,0,0,0
15784,2,3,5,5152
15785,0,0,17,131
15786,0,0,46,227
15787,0,0,0,5153
15788,0,1,1221,6540
15789,0,1,1,74
1579,0,1,4,125
15790,0,1,4,6541
15791,3,4,10,231
15792,2,3,5,10
15793,1,2,3,3
15794,1,2,2,4
15795,2,3,5,232
15796,0,1,1,783
15797,0,1,1,402
15798,0,1,63,922
15799,0,0,726,2130
158,0,1,120,172
1580,0,1,4,81
15800,0,0,6,6
15801,0,1,13,60
15802,0,0,15,27
15803,1,2,7,7
15804,0,0,0,1
15805,0,0,0,0
15806,2,3,5,10
15807,0,0,0,12
15808,1,12,43,595
15809,2,3,5,232
1581,8,62,311,1644
15810,1,2,2,4
15811,3,4,10,231
15812,2,3,5,461
15813,2,3,8,11
15814,0,0,0,277
15815,0,0,0,197
15816,1,2,2,219
15817,0,1,42,130
15818,0,0,0,12
15819,1,2,3,3
1582,0,0,0,6057
15820,0,0,0,0
15821,2,3,5,10
15822,1,2,2,4
15823,2,3,5,15
15824,0,0,0,1
15825,2,3,5,10
15826,1,2,2,4
15827,1,2,3,19
15828,2,3,8,194
15829,0,0,0,0
1583,0,1,1,8
15830,0,0,0,1
15831,1,2,7,7
15832,0,0,0,0
15833,2,3,5,10
15834,1,2,3,19
15835,0,0,0,699
15836,19,70,299,1610
15837,19,70,299,1610
15838,0,0,0,699
15839,0,0,0,699
1584,0,1,147,777
15840,0,0,6,6
15841,0,8,223,5154
15842,0,1,4,30
15843,0,1,1,8
15844,0,1,1,18
15845,0,1,37,158
15846,0,6,73,1246
15847,0,1,4,78
15848,1,2,3,557
15849,0,1,1222,6542
1585,0,1,1,18
15850,3,4,205,487
15851,0,0,38,223
15852,0,0,17,123
15853,0,1,14,129
15854,1,2,2,4
15855,1,12,43,1655
15856,0,1,39,156
15857,1,2,7,7
15858,2,3,11,14
15859,1,2,3,3
1586,1,2,3,3
15860,0,0,17,831
15861,1,2,3,19
15862,0,0,16,16
15863,0,0,0,5
15864,0,0,0,1
15865,0,0,0,0
15866,0,0,15,27
15867,1,2,2,4
15868,0,0,0,1
15869,2,3,5,461
1587,2,3,8,11
15870,2,3,5,232
15871,1,2,2,4
15872,2,3,5,10
15873,3,4,10,231
15874,0,0,0,12
15875,1,2,3,3
15876,0,0,0,12
15877,1,2,3,3
15878,2,3,5,10
15879,0,0,0,12
1588,0,0,0,0
15880,2,3,5,10
15881,0,0,0,1
15882,1,2,2,4
15883,0,0,0,1
15884,3,4,10,231
15885,1,2,2,4
15886,2,3,5,232
15887,3,4,10,231
15888,0,0,0,0
15889,0,0,0,1
1589,0,0,0,0
15890,1,2,2,4
15891,2,3,5,232
15892,1,2,3,3
15893,2,3,5,10
15894,0,0,0,12
15895,3,4,10,1611
15896,3,4,10,1611
15897,0,0,0,12
15898,1,2,3,3
15899,2,3,5,232
159,0,0,0,2332
1590,1,2,3,3
15900,0,0,0,1
15901,0,0,38,6543
15902,0,0,40,1118
15903,0,17,76,482
15904,0,0,17,278
15905,0,0,0,48
15906,0,0,38,701
15907,3,108,523,6544
15908,0,0,19,255
15909,0,0,19,255
1591,1,2,7,7
15910,0,17,76,482
15911,0,0,40,496
15912,0,1,14,129
15913,0,0,38,223
15914,3,4,205,487
15915,0,1,14,129
15916,0,0,38,223
15917,0,0,17,123
15918,6,14,98,157
15919,6,14,98,157
1592,0,0,0,0
15920,6,14,98,157
15921,6,14,98,157
15922,0,0,0,290
15923,0,1,382,5155
15924,0,1,1,8
15925,0,1,4,57
15926,0,1,33,266
15927,0,1,14,859
15928,0,0,17,39
15929,0,0,52,52
1593,0,0,0,1
15930,1,2,53,53
15931,0,0,41,106
15932,0,0,45,71
15933,0,1,14,90
15934,1,2,2,219
15935,0,0,0,277
15936,0,1,1,3836
15937,0,1,1,1612
15938,0,1,228,5156
15939,0,1,103,178
1594,0,0,0,12
15940,0,1,4,2183
15941,0,1,1,8
15942,0,0,0,6545
15943,0,1,1,3837
15944,0,1,1,169
15945,0,1,1,133
15946,0,1,4,247
15947,0,1,351,6546
15948,0,0,0,109
15949,1,12,1437,5157
1595,0,30,159,3358
15950,0,1,1,2732
15951,0,1,18,5158
15952,0,1,13,60
15953,0,1,13,2733
15954,0,0,15,27
15955,0,0,0,1
15956,0,0,0,12
15957,2,3,5,10
15958,0,1,4,49
15959,0,1,24,2295
1596,1,2,7,7
15960,0,1,1,1471
15961,1,2,3,92
15962,0,5,23,1867
15963,0,0,0,31
15964,0,1,37,182
15965,0,0,0,56
15966,0,1,21,111
15967,0,1,29,149
15968,0,1,1,38
15969,0,0,47,2734
1597,5,33,539,3359
15970,0,1,33,5159
15971,1,2,3,3
15972,0,0,0,12
15973,0,0,0,1
15974,0,0,15,27
15975,0,0,0,5
15976,3,4,10,2735
15977,2,3,5,10
15978,0,0,0,12
15979,1,2,3,3
1598,1,2,2,4
15980,0,0,0,0
15981,0,0,17,123
15982,0,0,0,1
15983,1,2,2,4
15984,3,4,10,3838
15985,0,0,0,1
15986,0,0,28,1119
15987,0,0,0,1
15988,0,0,0,0
15989,2,3,5,232
1599,1,2,3,3
15990,2,3,5,10
15991,0,0,0,12
15992,1,2,3,33
15993,1,2,2,4
15994,2,3,50,5160
15995,2,3,11,14
15996,1,2,7,7
15997,0,0,0,0
15998,0,0,0,12
15999,0,0,0,1
16,0,1,1,45
160,0,1,103,178
1600,0,0,0,2
16000,2,3,5,961
16001,0,1,51,136
16002,0,0,0,1
16003,0,5,49,618
16004,0,1,29,51
16005,0,1,4,1642
16006,0,6,36,5161
16007,0,1,4,1120
16008,0,1,1,65
16009,0,1,12,195
1601,0,0,0,2
16010,0,1,1,3839
16011,0,1,1,18
16012,0,1,13,399
16013,0,1,13,553
16014,0,5,347,1121
16015,0,69,1438,5162
16016,0,1,325,1368
16017,0,1,509,1502
16018,0,1,22,1051
16019,0,1,18,1050
1602,1,2,2,4
16020,0,1,1,65
16021,0,1,464,5163
16022,0,1,18,514
16023,0,1,13,60
16024,0,1,13,60
16025,0,1,13,60
16026,0,1,4,542
16027,0,1,13,60
16028,0,0,0,5
16029,2,3,34,35
1603,0,1,39,58
16030,0,0,0,95
16031,0,0,19,173
16032,0,0,19,173
16033,0,1,13,166
16034,0,1,20,29
16035,0,1,4,755
16036,0,1,1439,5164
16037,0,1,1,74
16038,0,1,4,30
16039,0,8,32,32
1604,2,3,11,14
16040,0,1,1,6547
16041,0,8,32,32
16042,0,0,844,3840
16043,0,199,1049,2736
16044,0,1,1,6548
16045,0,0,28,1998
16046,0,0,0,128
16047,2,3,132,5165
16048,0,6,36,5166
16049,0,1,1,1612
1605,0,0,0,1
16050,0,1,1,5167
16051,0,1,22,6549
16052,0,0,0,88
16053,0,1,1,18
16054,0,1,1,8
16055,0,0,28,1252
16056,3,4,10,1106
16057,0,0,0,238
16058,3,4,1440,5168
16059,0,0,0,206
1606,0,1,39,1268
16060,0,0,16,16
16061,0,1,1,20
16062,0,0,0,9
16063,1,2,2,17
16064,0,0,0,1095
16065,0,1,64,6550
16066,0,1,1,45
16067,0,1,1,18
16068,0,1,142,604
16069,0,1,142,425
1607,0,0,0,12
16070,0,1,4,2737
16071,0,6,73,814
16072,0,1,4,30
16073,0,1,1,322
16074,0,0,0,1
16075,1,2,2,501
16076,3,4,183,1122
16077,0,0,6,6
16078,0,0,6,6
16079,3,4,183,537
1608,1,2,2,4
16080,0,0,6,6
16081,0,0,6,70
16082,0,0,6,107
16083,0,0,6,70
16084,0,0,6,70
16085,0,0,6,107
16086,0,0,123,860
16087,1,2,3,19
16088,1,2,2,4
16089,2,3,5,10
1609,2,3,8,11
16090,0,0,0,1
16091,1,2,7,7
16092,0,0,0,2
16093,0,0,0,0
16094,1,2,3,19
16095,1,2,2,4
16096,2,3,5,10
16097,0,0,0,0
16098,1,2,3,19
16099,0,0,0,0
161,0,1,103,178
1610,1,2,7,7
16100,1,2,2,4
16101,1,2,7,7
16102,1,2,2,4
16103,1,2,3,19
16104,2,3,5,10
16105,0,0,0,0
16106,1,2,3,3
16107,0,0,0,12
16108,2,3,5,10
16109,1,2,7,7
1611,1,2,3,3
16110,3,4,10,5169
16111,0,0,0,2
16112,0,0,0,0
16113,0,0,0,0
16114,1,2,2,4
16115,0,0,0,1
16116,0,0,0,0
16117,0,0,15,27
16118,0,0,15,27
16119,1,2,7,7
1612,0,0,0,12
16120,0,0,0,1
16121,2,3,5,10
16122,1,2,2,4
16123,0,0,0,1
16124,1,2,3,433
16125,0,0,0,0
16126,2,3,5,10
16127,0,0,0,0
16128,0,0,0,0
16129,1,2,3,276
1613,1,2,2,4
16130,1,2,3,19
16131,2,3,5,10
16132,1,2,3,19
16133,0,0,0,0
16134,2,3,5,226
16135,0,0,0,0
16136,2,3,143,560
16137,0,1,58,5170
16138,2,3,5,226
16139,1,2,3,19
1614,0,0,0,2
16140,1,2,3,3
16141,0,0,0,12
16142,3,4,10,5171
16143,0,0,0,0
16144,0,0,0,0
16145,1,2,2,4
16146,0,0,0,1
16147,1,2,7,7
16148,0,0,0,2
16149,0,0,0,0
1615,0,0,0,0
16150,1,2,2,4
16151,2,3,5,10
16152,0,0,0,1
16153,2,3,5,10
16154,1,2,3,3
16155,0,0,0,12
16156,3,4,10,5172
16157,1,2,3,368
16158,0,1,58,279
16159,0,0,0,1
1616,0,0,0,1
16160,0,0,0,1
16161,1,2,7,7
16162,0,0,15,27
16163,1,2,2,4
16164,1,2,2,4
16165,0,0,0,1
16166,2,3,5,5173
16167,1,2,7,7
16168,0,0,0,2
16169,0,0,0,0
1617,0,0,0,0
16170,1,2,2,4
16171,1,2,3,19
16172,1,2,7,7
16173,0,1,58,6551
16174,2,3,5,10
16175,0,0,0,2
16176,1,2,2,4
16177,1,2,3,19
16178,2,3,8,1286
16179,1,2,7,7
1618,2,3,8,11
16180,2,3,5,226
16181,0,0,0,0
16182,0,0,0,1
16183,0,0,0,0
16184,2,3,143,560
16185,0,0,0,108
16186,0,0,0,1
16187,1,2,3,433
16188,0,1,465,5174
16189,0,0,40,3841
1619,2,3,5,15
16190,0,0,0,48
16191,1,2,2,4
16192,2,3,5,10
16193,1,2,3,19
16194,0,0,0,0
16195,1,2,2,4
16196,2,3,5,10
16197,0,0,17,39
16198,0,0,17,39
16199,0,0,0,1221
162,0,1,1,8
1620,0,0,0,0
16200,0,0,17,6552
16201,0,0,0,5
16202,0,0,0,12
16203,2,3,8,11
16204,0,1,4,78
16205,0,1,29,51
16206,0,1,37,158
16207,0,0,0,268
16208,0,0,59,64
16209,0,1,297,5175
1621,1,2,3,3
16210,0,1,1,8
16211,0,1,1,18
16212,0,1,1,44
16213,0,1,33,112
16214,0,1,4,57
16215,0,1,1,18
16216,0,0,47,73
16217,0,1,21,111
16218,0,0,0,3842
16219,2,3,8,2738
1622,0,0,0,0
16220,0,1,1,8
16221,0,1,4,43
16222,0,1,110,747
16223,3,4,10,205
16224,0,1,13,2739
16225,0,0,0,398
16226,0,0,59,64
16227,0,1,14,264
16228,0,0,0,1
16229,0,0,15,27
1623,11,28,80,97
16230,0,0,0,1
16231,0,0,0,0
16232,0,0,0,0
16233,1,2,3,19
16234,1,2,2,4
16235,1,2,7,7
16236,1,12,43,595
16237,0,0,0,12
16238,2,3,5,10
16239,1,2,3,3
1624,2,3,5,41
16240,1,2,2,4
16241,0,0,0,12
16242,1,2,3,3
16243,2,3,5,10
16244,3,4,10,231
16245,2,3,5,232
16246,0,0,45,71
16247,0,0,52,52
16248,1,2,53,53
16249,0,0,17,39
1625,2,3,5,41
16250,0,0,41,106
16251,0,1,14,90
16252,0,0,41,106
16253,0,1,14,90
16254,0,0,17,39
16255,0,0,0,163
16256,0,0,28,932
16257,2,3,5,15
16258,1,2,2,4
16259,3,4,10,2740
1626,2,3,11,14
16260,0,0,0,12
16261,2,3,31,297
16262,0,0,0,268
16263,0,1,12,195
16264,10,35,169,246
16265,0,1,29,3843
16266,0,1,4,3844
16267,0,0,0,1
16268,0,0,0,1
16269,0,0,0,2
1627,0,0,0,1
16270,1,2,2,40
16271,1,2,3,63
16272,0,0,0,100
16273,0,0,0,1
16274,0,0,38,858
16275,0,0,0,1
16276,2,3,146,1782
16277,0,0,0,2
16278,0,0,0,5
16279,0,0,28,1956
1628,0,0,0,0
16280,1,2,248,392
16281,0,0,0,21
16282,0,0,0,1
16283,10,35,1050,2741
16284,8,41,144,637
16285,3,4,116,2193
16286,2,3,66,723
16287,0,0,6,6
16288,0,0,0,5
16289,2,3,34,35
1629,1,2,3,3
16290,0,1,25,3845
16291,3,4,10,28
16292,1,2,2,4
16293,0,0,0,2
16294,0,0,0,0
16295,0,0,0,0
16296,1,2,3,3
16297,1,2,7,7
16298,2,3,8,11
16299,0,1,1,45
163,0,1,18,930
1630,1,2,7,7
16300,0,1,845,3846
16301,3,4,10,1957
16302,0,0,0,1
16303,0,0,15,27
16304,1,2,3,3
16305,2,3,5,10
16306,0,0,0,12
16307,1,2,7,7
16308,1,2,2,4
16309,1,2,9,13
1631,0,0,0,2
16310,0,0,0,0
16311,2,3,5,10
16312,1,2,2,4
16313,1,2,7,7
16314,1,2,3,19
16315,0,0,15,27
16316,2,3,5,10
16317,0,0,0,1
16318,3,4,10,231
16319,2,3,5,10
1632,1,12,43,393
16320,1,2,3,3
16321,2,3,5,232
16322,1,2,2,4
16323,0,0,0,12
16324,2,3,5,461
16325,0,1,14,90
16326,0,0,52,52
16327,1,2,53,53
16328,0,0,41,106
16329,0,0,17,39
1633,0,0,0,1
16330,3,4,426,2742
16331,0,0,45,71
16332,2,3,5,232
16333,3,4,10,231
16334,1,2,2,4
16335,0,0,0,1
16336,1,2,3,3
16337,2,3,5,10
16338,0,0,0,12
16339,2,3,5,461
1634,1,2,7,7
16340,3,4,10,231
16341,2,3,5,232
16342,0,0,0,12
16343,2,3,5,10
16344,0,0,0,1
16345,0,1,14,3847
16346,0,0,17,2743
16347,0,1,1051,2744
16348,0,0,45,71
16349,0,0,16,16
1635,2,3,5,10
16350,0,0,52,52
16351,1,2,53,53
16352,0,0,17,39
16353,0,1,1,8
16354,0,0,0,12
16355,0,1,21,111
16356,0,1,33,266
16357,0,1,4,57
16358,0,0,47,73
16359,0,0,0,1
1636,0,0,0,0
16360,1,2,2,40
16361,0,0,0,2
16362,0,1,1,1242
16363,0,7,26,22
16364,2,3,5,41
16365,1,2,3,3
16366,1,2,2,4
16367,0,1,39,58
16368,2,3,8,11
16369,0,0,0,0
1637,1,2,2,4
16370,3,4,10,28
16371,0,7,26,22
16372,0,7,26,22
16373,0,13,167,2194
16374,0,13,167,1958
16375,0,7,26,22
16376,0,7,26,22
16377,0,7,26,22
16378,0,13,167,1958
16379,0,13,167,465
1638,1,2,3,3
16380,0,7,26,22
16381,0,13,167,465
16382,0,7,26,22
16383,0,7,26,22
16384,0,7,26,22
16385,0,7,26,22
16386,0,13,167,6553
16387,0,7,26,22
16388,0,7,26,22
16389,0,7,26,22
1639,2,3,5,15
16390,0,7,26,22
16391,0,1,13,2195
16392,0,1,1,322
16393,0,1,4,2745
16394,0,9,65,211
16395,0,0,19,55
16396,0,9,54,54
16397,0,0,0,1
16398,0,0,0,47
16399,0,0,0,21
164,0,1,250,613
1640,2,3,11,14
16400,0,0,0,77
16401,3,4,466,1003
16402,0,8,32,32
16403,0,1,4,81
16404,1,2,2,4
16405,0,0,0,0
16406,2,3,31,36
16407,2,3,8,188
16408,2,3,11,14
16409,1,2,3,3
1641,1,2,7,7
16410,2,3,8,11
16411,1,2,7,7
16412,2,3,44,59
16413,1,2,3,3
16414,0,0,0,0
16415,1,2,2,4
16416,2,3,8,188
16417,1,2,3,3
16418,1,2,2,4
16419,0,0,0,0
1642,2,3,8,11
16420,0,0,0,2
16421,1,2,7,7
16422,0,0,0,0
16423,1,2,7,7
16424,2,3,11,14
16425,1,2,2,4
16426,0,0,0,1
16427,0,0,0,12
16428,1,2,3,3
16429,0,0,0,0
1643,2,3,31,36
16430,0,0,0,1
16431,1,2,3,3
16432,0,0,0,0
16433,0,0,0,12
16434,0,0,0,2
16435,2,3,11,14
16436,0,0,0,0
16437,0,0,0,1
16438,2,3,8,188
16439,1,2,2,4
1644,0,0,0,0
16440,0,0,0,2
16441,2,3,11,14
16442,1,2,2,4
16443,1,2,7,7
16444,1,2,3,3
16445,0,0,0,0
16446,2,3,11,14
16447,2,3,5,15
16448,2,3,8,11
16449,0,0,0,0
1645,2,3,5,15
16450,1,2,2,4
16451,0,0,0,2
16452,1,2,3,3
16453,0,0,6,6
16454,0,0,0,5176
16455,0,0,6,6
16456,0,1,29,149
16457,0,1,1,8
16458,0,0,47,1613
16459,0,1,22,309
1646,0,0,0,0
16460,0,1,22,245
16461,0,0,0,730
16462,0,1,24,6554
16463,0,1,665,6555
16464,0,0,47,73
16465,0,5,23,5177
16466,0,1,1,207
16467,0,1,21,111
16468,0,1,1,237
16469,0,1,1052,2746
1647,0,0,0,0
16470,1,2,3,1056
16471,0,0,19,5178
16472,0,0,0,9
16473,1,2,2,17
16474,0,1,1,20
16475,0,0,0,769
16476,6,14,98,157
16477,6,14,98,157
16478,1,2,9,26
16479,0,0,0,5
1648,1,2,2,4
16480,0,0,0,5
16481,0,0,0,5
16482,10,35,169,246
16483,0,1,14,700
16484,0,0,27,25
16485,1,2,2,126
16486,0,0,17,131
16487,0,0,0,1
16488,0,0,0,0
16489,1,2,3,331
1649,1,2,3,33
16490,1,2,3,331
16491,0,0,0,0
16492,0,1,89,3848
16493,2,3,34,35
16494,0,1,1,237
16495,0,0,0,9
16496,0,0,108,1274
16497,0,5,23,5179
16498,0,0,40,5180
16499,0,0,38,5181
165,0,0,0,2
1650,0,0,0,1
16500,1,2,3,3
16501,1,2,2,4
16502,0,0,0,0
16503,0,0,229,946
16504,0,0,0,1
16505,1,19,87,3849
16506,0,0,191,786
16507,0,0,134,181
16508,1,2,2,40
16509,0,0,0,1
1651,0,0,0,100
16510,2,3,146,1959
16511,0,0,0,749
16512,0,0,0,1
16513,0,0,0,267
16514,1,2,2,40
16515,0,0,0,1
16516,0,0,0,1614
16517,0,0,0,1
16518,2,3,222,1287
16519,1,2,2,4
1652,1,2,7,7
16520,0,0,0,327
16521,4,20,70,76
16522,0,0,0,1
16523,2,3,8,79
16524,0,0,0,12
16525,2,3,5,15
16526,1,2,3,3
16527,2,3,44,59
16528,2,3,143,727
16529,2,3,11,80
1653,1,2,3,3
16530,2,3,11,80
16531,2,3,11,3850
16532,2,3,8,79
16533,2,3,8,2747
16534,0,0,0,0
16535,1,12,43,1459
16536,1,25,846,3851
16537,0,0,38,701
16538,0,0,38,3852
16539,0,0,19,255
1654,2,3,5,10
16540,0,0,0,48
16541,0,1,1,8
16542,0,1,4,57
16543,0,0,47,1942
16544,0,1,22,245
16545,0,17,76,482
16546,0,0,40,1118
16547,0,0,19,255
16548,0,0,6,6
16549,5,46,210,2748
1655,1,2,3,63
16550,0,1,33,543
16551,0,1,29,51
16552,7,15,48,66
16553,0,0,0,2
16554,0,0,0,5
16555,1,2,9,26
16556,0,0,0,2
16557,0,0,0,5
16558,0,0,0,2
16559,0,0,0,2
1656,0,0,0,1
16560,0,0,0,37
16561,1,2,9,26
16562,0,0,0,2
16563,0,0,0,5
16564,1,2,9,26
16565,1,2,9,26
16566,0,0,0,37
16567,0,0,0,5
16568,0,0,0,5
16569,0,0,0,5
1657,0,0,0,2
16570,0,0,0,5
16571,1,2,9,26
16572,0,0,0,37
16573,0,0,0,2
16574,0,1,21,2749
16575,1,2,2,17
16576,0,1,24,275
16577,0,5,23,274
16578,0,1,4,257
16579,0,1,1,8
1658,1,2,2,4
16580,0,1,24,200
16581,0,1,4,132
16582,0,0,0,9
16583,1,2,2,34
16584,0,1,82,680
16585,0,1,1,8
16586,0,1,147,5182
16587,0,1,1,18
16588,0,1,22,675
16589,0,1,1,20
1659,0,0,15,27
16590,1,2,2,2750
16591,1,2,2,17
16592,0,1,1,20
16593,0,0,0,9
16594,0,0,0,9
16595,1,2,9,1397
16596,0,1,4,964
16597,0,5,23,1359
16598,0,0,17,2751
16599,1,2,2,4
166,0,1,29,702
1660,0,0,0,2
16600,2,3,5,232
16601,3,4,10,231
16602,2,3,5,10
16603,1,2,3,3
16604,0,0,0,12
16605,1,2,2,4
16606,2,3,5,10
16607,1,2,3,19
16608,0,0,0,1
16609,2,3,5,461
1661,1,2,2,4
16610,0,0,0,0
16611,2,3,5,1615
16612,0,0,0,0
16613,0,0,0,1
16614,1,2,7,7
16615,1,2,9,46
16616,0,0,0,21
16617,0,0,0,1
16618,2,3,5,15
16619,1,2,7,7
1662,2,3,8,11
16620,1,2,2,4
16621,0,0,0,2
16622,0,0,0,0
16623,2,3,11,14
16624,2,3,8,11
16625,0,0,0,0
16626,1,2,3,3
16627,2,3,5,10
16628,2,3,5,15
16629,1,2,2,4
1663,0,0,0,12
16630,1,2,7,7
16631,0,0,0,2
16632,2,3,8,11
16633,2,3,11,14
16634,0,0,0,0
16635,2,3,5,10
16636,1,2,3,3
16637,0,0,0,170
16638,0,0,0,48
16639,0,0,16,16
1664,0,0,0,2
16640,0,0,16,16
16641,0,1,58,6556
16642,0,0,0,468
16643,0,8,32,6557
16644,0,1,22,479
16645,0,1,1,45
16646,0,0,0,614
16647,0,8,32,32
16648,0,0,6,6
16649,0,0,6,6
1665,3,4,10,28
16650,0,1,706,2752
16651,0,0,0,1412
16652,0,1,4,1616
16653,0,0,1441,5183
16654,0,0,16,16
16655,2,3,716,2196
16656,0,5,23,6558
16657,0,1,1,857
16658,0,1,179,2753
16659,0,0,0,1
1666,0,0,0,1
16660,0,9,65,694
16661,0,0,0,0
16662,1,2,9,13
16663,0,1,22,245
16664,0,0,61,348
16665,3,4,298,5184
16666,0,17,76,482
16667,0,1,1,8
16668,0,1,18,5185
16669,3,4,10,83
1667,1,2,2,4
16670,0,0,0,2197
16671,0,0,0,0
16672,1,2,2,889
16673,0,0,0,197
16674,0,1,4,132
16675,0,1,1,8
16676,0,0,0,75
16677,0,0,57,1044
16678,5,26,847,3853
16679,0,0,0,0
1668,1,2,7,7
16680,2,3,5,15
16681,0,1,14,859
16682,0,0,17,6559
16683,0,0,0,590
16684,0,0,17,2754
16685,0,0,0,1
16686,0,0,0,12
16687,0,1,1,115
16688,0,0,0,1
16689,0,0,0,0
1669,0,0,0,0
16690,1,2,3,3
16691,0,0,0,699
16692,1,2,9,13
16693,2,3,5,232
16694,2,3,5,10
16695,0,0,0,48
16696,0,0,0,290
16697,0,0,47,73
16698,0,1,1053,2755
16699,0,6,36,5186
167,0,5,23,539
1670,0,0,0,31
16700,0,1,120,172
16701,1,2,3,3
16702,0,1,1,8
16703,2,3,5,10
16704,0,1,4,724
16705,0,1,319,2756
16706,0,0,6,6
16707,0,1,139,298
16708,0,1,14,859
16709,0,0,0,0
1671,0,0,0,9
16710,2,3,5,10
16711,0,0,0,0
16712,1,2,2,4
16713,2,3,143,560
16714,1,2,2,4
16715,2,3,5,10
16716,0,0,0,0
16717,1,2,3,19
16718,2,3,5,226
16719,0,0,0,1
1672,0,5,23,143
16720,1,2,3,19
16721,1,2,2,23
16722,1,2,9,26
16723,2,3,66,3854
16724,2,3,66,972
16725,0,0,0,95
16726,0,0,0,1617
16727,0,1,399,1574
16728,0,1,848,3855
16729,0,0,0,163
1673,0,1,1,8
16730,1,2,9,46
16731,0,0,0,95
16732,2,3,11,14
16733,0,0,0,108
16734,3,4,10,3856
16735,0,1,1,110
16736,0,1,175,591
16737,0,1,542,1361
16738,0,1,640,2757
16739,0,0,0,0
1674,0,1,12,4700
16740,0,7,26,22
16741,0,7,26,22
16742,0,7,26,22
16743,0,7,26,22
16744,0,7,26,22
16745,0,0,78,212
16746,0,1,1,133
16747,0,0,0,2
16748,1,2,3,3
16749,0,0,0,1
1675,0,1,1,8
16750,0,0,0,0
16751,0,0,0,2
16752,0,0,0,12
16753,0,1,4,49
16754,0,1,1,8
16755,0,1,21,24
16756,0,0,0,2
16757,0,1,4,49
16758,0,1,39,156
16759,2,3,5,41
1676,2,3,8,186
16760,0,0,0,1
16761,0,0,191,6560
16762,0,0,38,1624
16763,0,0,38,1123
16764,0,0,0,5
16765,1,2,9,26
16766,0,0,0,2
16767,2,3,111,150
16768,0,0,0,0
16769,0,0,40,1618
1677,2,3,31,36
16770,0,1,1,96
16771,0,0,0,0
16772,1,2,3,3
16773,0,0,0,628
16774,1,2,2,424
16775,0,0,171,379
16776,0,0,0,0
16777,0,1,14,129
16778,1,2,3,3
16779,1,2,2,4
1678,1,2,7,7
16780,0,0,19,55
16781,0,0,849,3857
16782,0,43,162,565
16783,0,1,1,511
16784,1,2,9,127
16785,0,0,0,21
16786,0,0,0,0
16787,0,0,0,0
16788,0,0,0,0
16789,2,3,66,720
1679,2,3,8,11
16790,0,1,24,200
16791,0,1,1,8
16792,0,1,82,6561
16793,0,1,4,132
16794,0,1,1,6562
16795,1,12,43,1657
16796,0,0,0,0
16797,1,2,2,4
16798,1,2,7,7
16799,1,2,3,3
168,0,1,4,594
1680,0,0,0,0
16800,2,3,5,337
16801,1,2,7,7
16802,0,0,0,0
16803,1,2,2,4
16804,1,2,3,3
16805,2,3,8,11
16806,0,0,0,1
16807,0,0,0,2
16808,0,0,0,0
16809,1,2,3,3
1681,0,0,0,0
16810,1,2,2,4
16811,0,0,0,0
16812,2,3,8,11
16813,0,0,0,108
16814,0,0,0,75
16815,1,2,3,63
16816,0,0,0,75
16817,0,0,0,1
16818,0,0,0,2
16819,2,3,5,10
1682,1,2,3,3
16820,1,2,2,4
16821,0,0,0,0
16822,1,2,3,3
16823,1,2,7,7
16824,0,0,0,0
16825,2,3,5,15
16826,0,0,0,861
16827,0,1,14,50
16828,3,4,10,83
16829,3,4,10,69
1683,2,3,8,11
16830,1,2,9,13
16831,0,0,0,5
16832,1,2,9,26
16833,0,0,0,9
16834,0,0,6,6
16835,0,0,0,2
16836,0,0,0,86
16837,1,2,2,40
16838,0,0,0,1
16839,1,25,410,6563
1684,1,2,2,4
16840,0,1,4,1507
16841,0,1,18,5187
16842,0,0,0,31
16843,0,0,0,9
16844,1,2,2,17
16845,0,1,1,20
16846,0,1,21,24
16847,0,1,51,947
16848,0,5,49,1619
16849,0,1,29,5188
1685,1,2,2,4
16850,0,1,51,1210
16851,0,1,18,2758
16852,0,1,51,947
16853,0,0,45,71
16854,0,0,17,39
16855,0,0,52,52
16856,1,2,53,53
16857,0,0,41,106
16858,0,8,238,1354
16859,0,0,0,9
1686,2,3,44,59
16860,0,1,1,8
16861,0,0,458,3858
16862,0,0,1223,6564
16863,8,29,94,6565
16864,0,1,14,5189
16865,3,4,10,243
16866,0,0,0,862
16867,0,1,1,2190
16868,0,1,1,2759
16869,0,1,1,8
1687,1,2,7,7
16870,0,1,1,44
16871,0,1,1,8
16872,0,1,1,8
16873,3,4,1442,5190
16874,0,0,0,9
16875,0,5,23,6566
16876,0,0,0,462
16877,0,0,0,31
16878,0,1,24,1620
16879,0,1,4,49
1688,2,3,5,15
16880,0,1,1,18
16881,0,0,0,9
16882,0,1,4,78
16883,1,2,3,92
16884,0,1,1,8
16885,0,1,22,5191
16886,2,3,1443,5192
16887,0,0,0,75
16888,0,0,0,1
16889,0,0,0,1
1689,2,3,5,303
16890,1,2,2,4
16891,1,2,3,63
16892,0,1,14,85
16893,1,2,9,13
16894,0,0,0,9
16895,1,2,2,17
16896,0,1,1,20
16897,0,1,21,24
16898,0,0,0,0
16899,1,2,9,13
169,0,0,0,93
1690,0,0,0,0
16900,0,0,0,2
16901,0,0,0,5
16902,0,0,0,0
16903,1,2,2,4
16904,3,4,10,28
16905,0,0,0,0
16906,1,2,7,7
16907,1,2,3,3
16908,1,2,3,3
16909,2,3,5,15
1691,2,3,8,11
16910,0,0,0,1
16911,0,0,57,3859
16912,0,0,333,1124
16913,0,1,1,44
16914,0,1,1,8
16915,0,0,0,463
16916,0,0,0,268
16917,0,0,0,1
16918,0,0,78,926
16919,0,0,0,86
1692,0,0,0,0
16920,0,0,78,592
16921,0,0,78,592
16922,0,0,0,86
16923,1,19,267,6567
16924,1,19,267,2760
16925,1,19,267,778
16926,0,0,78,1960
16927,1,19,267,778
16928,1,19,267,2761
16929,0,0,78,5193
1693,0,0,0,2
16930,0,0,17,532
16931,0,0,15,2308
16932,1,2,3,3
16933,0,1,1,511
16934,0,1,1,8
16935,0,1,4,2317
16936,0,0,0,0
16937,2,3,11,14
16938,0,0,6,6
16939,0,0,15,1621
1694,0,0,0,1
16940,2,3,90,477
16941,0,0,15,1621
16942,0,112,707,2762
16943,0,0,15,135
16944,0,0,27,25
16945,1,2,2,505
16946,0,1,128,191
16947,0,1,151,228
16948,0,1,119,209
16949,0,1,85,616
1695,0,0,0,1
16950,0,1,1,2298
16951,0,1,126,5194
16952,0,1,85,113
16953,0,1,85,113
16954,0,1,151,228
16955,0,1,126,3860
16956,0,1,119,209
16957,0,1,1,45
16958,0,0,0,6568
16959,0,7,26,22
1696,0,0,0,0
16960,29,91,666,6569
16961,0,7,26,22
16962,0,7,26,22
16963,0,13,167,465
16964,0,7,26,22
16965,2,3,8,11
16966,2,3,5,10
16967,2,3,5,10
16968,2,3,8,11
16969,2,3,31,36
1697,2,3,11,14
16970,2,3,5,15
16971,2,3,5,15
16972,0,0,0,0
16973,1,2,3,3
16974,1,2,2,4
16975,0,0,0,0
16976,1,2,3,3
16977,3,4,10,6570
16978,0,0,0,2
16979,0,0,6,6
1698,0,1,24,153
16980,3,4,10,205
16981,0,1,13,164
16982,0,0,52,52
16983,1,2,53,53
16984,0,0,41,106
16985,0,0,17,39
16986,0,0,45,71
16987,0,1,14,90
16988,0,1,13,60
16989,0,0,6,6
1699,1,2,9,13
16990,0,1,250,613
16991,0,0,27,25
16992,0,0,15,328
16993,1,2,2,240
16994,3,4,470,3861
16995,0,1,12,818
16996,1,2,3,3
16997,0,0,0,0
16998,2,3,5,10
16999,0,0,0,0
17,0,1,200,4659
170,0,1,1,8
1700,2,3,146,4701
17000,1,2,7,7
17001,0,0,0,9
17002,1,2,2,17
17003,0,1,1,20
17004,0,1,21,24
17005,2,3,132,3862
17006,1,2,3,557
17007,0,0,0,0
17008,1,2,3,557
17009,0,0,0,0
1701,0,0,0,1
17010,0,1,139,1164
17011,0,1,139,1164
17012,0,0,0,1
17013,0,0,0,1
17014,19,70,299,833
17015,0,0,6,6
17016,0,0,6,6
17017,0,0,0,2
17018,0,0,0,2
17019,0,0,0,37
1702,0,0,0,2
17020,0,0,0,5
17021,0,0,0,2
17022,3,4,298,766
17023,0,0,0,5
17024,1,2,9,26
17025,0,0,0,0
17026,1,2,3,3
17027,1,2,7,7
17028,2,3,31,36
17029,2,3,5,15
1703,0,1,39,156
17030,1,2,2,4
17031,0,0,0,0
17032,2,3,8,11
17033,2,3,11,14
17034,1,2,2,23
17035,0,0,0,2
17036,0,0,0,5
17037,0,0,0,0
17038,0,0,0,0
17039,1,2,7,7
1704,3,4,10,28
17040,0,0,0,154
17041,2,3,416,863
17042,0,0,0,903
17043,0,0,28,2763
17044,0,0,0,98
17045,0,0,28,61
17046,2,3,100,564
17047,0,0,0,21
17048,1,2,9,127
17049,0,0,0,0
1705,1,2,3,3
17050,0,0,0,154
17051,1,2,7,7
17052,0,0,0,154
17053,0,0,0,0
17054,1,2,7,7
17055,0,0,0,12
17056,0,0,0,5195
17057,4,20,70,76
17058,0,0,0,1
17059,0,0,28,6571
1706,0,0,0,0
17060,0,0,28,593
17061,0,0,1444,5196
17062,0,0,0,5197
17063,1,2,2,23
17064,7,15,48,66
17065,1,2,9,26
17066,0,0,0,5
17067,0,0,0,2
17068,0,0,0,98
17069,0,0,15,116
1707,0,0,0,0
17070,0,0,28,119
17071,1,2,2,34
17072,0,0,28,61
17073,0,1,1,44
17074,0,1,24,973
17075,0,1,1,115
17076,0,1,1,8
17077,0,1,1,8
17078,0,1,1,44
17079,3,4,10,69
1708,1,54,1149,6058
17080,3,4,10,83
17081,0,1,14,50
17082,0,1,1,110
17083,0,1,1,8
17084,0,1,13,412
17085,4,18,708,2764
17086,0,0,45,6572
17087,2,3,132,5198
17088,0,0,0,0
17089,0,0,0,378
1709,0,0,0,0
17090,0,0,0,1
17091,0,1,20,29
17092,1,2,2,4
17093,0,0,0,0
17094,1,2,3,3
17095,2,3,8,11
17096,0,0,0,0
17097,0,0,0,102
17098,0,0,16,16
17099,1,2,9,13
171,0,0,0,0
1710,3,4,10,28
17100,0,0,0,5
17101,0,1,1,8
17102,0,1,1,8
17103,0,1,22,3863
17104,0,0,0,75
17105,0,0,0,9
17106,0,1,1,20
17107,1,2,2,17
17108,2,3,11,14
17109,0,0,0,0
1711,1,2,7,7
17110,0,0,0,2
17111,0,0,0,1
17112,0,0,0,0
17113,1,2,2,4
17114,1,12,43,401
17115,3,4,10,28
17116,1,2,7,7
17117,1,2,3,3
17118,0,0,0,2
17119,1,2,3,3
1712,0,0,0,0
17120,0,0,0,2
17121,0,0,0,1
17122,1,2,9,13
17123,0,1,228,6573
17124,0,1,103,178
17125,0,1,120,172
17126,0,1,18,441
17127,0,1,1,8
17128,0,1,24,200
17129,0,0,0,9
1713,1,2,3,3
17130,0,1,4,132
17131,1,2,2,34
17132,0,1,82,6574
17133,0,0,253,2765
17134,0,0,447,1888
17135,0,0,231,1125
17136,0,63,244,1171
17137,0,0,253,6575
17138,0,140,676,1679
17139,0,0,0,1622
1714,3,4,10,28
17140,0,0,0,2309
17141,0,0,0,1751
17142,0,0,231,6576
17143,0,55,321,1893
17144,0,0,230,499
17145,0,0,231,1125
17146,0,87,467,5199
17147,0,0,230,6577
17148,0,0,57,221
17149,0,1,29,702
1715,0,1,39,508
17150,0,5,23,539
17151,0,0,0,2
17152,0,1,4,594
17153,0,0,0,93
17154,0,1,1,8
17155,1,2,7,7
17156,0,0,0,0
17157,2,3,5,10
17158,4,31,129,179
17159,1,2,2,40
1716,3,4,10,963
17160,2,3,146,3864
17161,0,0,0,163
17162,0,0,0,2
17163,0,0,0,1
17164,0,0,0,238
17165,0,0,468,5200
17166,0,0,78,431
17167,0,0,78,6578
17168,0,0,78,212
17169,0,0,41,106
1717,0,0,0,0
17170,0,0,17,39
17171,0,1,14,90
17172,0,0,57,992
17173,0,0,57,992
17174,0,1,13,2766
17175,0,0,17,532
17176,0,0,57,1623
17177,0,17,76,5201
17178,0,0,40,677
17179,0,0,38,223
1718,0,0,0,0
17180,0,1,14,129
17181,0,0,19,255
17182,8,29,94,3865
17183,0,0,38,5202
17184,0,0,0,48
17185,0,0,38,701
17186,0,0,38,6579
17187,0,0,38,3866
17188,0,0,38,5203
17189,0,0,15,3867
1719,1,2,3,3
17190,0,0,38,701
17191,0,1,14,129
17192,0,0,17,2767
17193,0,0,40,6580
17194,0,0,19,255
17195,0,0,17,123
17196,0,0,38,6581
17197,0,0,19,255
17198,0,0,38,1943
17199,3,4,10,5204
172,1,2,2,4
1720,0,0,0,0
17200,0,17,76,482
17201,0,0,40,496
17202,0,0,38,6582
17203,0,0,19,255
17204,0,17,76,482
17205,1,2,2,3868
17206,0,0,17,532
17207,0,0,40,496
17208,0,0,38,223
17209,4,31,129,179
1721,1,2,3,3
17210,0,0,17,5205
17211,0,0,0,238
17212,0,0,17,123
17213,0,0,0,48
17214,0,0,38,5206
17215,0,0,0,48
17216,0,0,38,1624
17217,0,0,0,48
17218,0,1,381,5207
17219,0,100,1224,6583
1722,2,3,31,36
17220,0,1,13,1834
17221,0,0,332,1562
17222,0,1,13,60
17223,0,0,0,1617
17224,0,1,13,60
17225,0,1,179,667
17226,0,0,41,6584
17227,0,0,17,304
17228,0,0,41,3869
17229,0,0,41,728
1723,0,0,0,0
17230,0,0,17,304
17231,0,0,60,703
17232,0,52,173,253
17233,0,1,12,137
17234,0,1,25,159
17235,0,0,60,512
17236,0,1,12,137
17237,0,0,40,5208
17238,0,0,850,3870
17239,0,0,0,2768
1724,0,0,0,0
17240,0,0,709,2769
17241,0,1,14,3871
17242,0,1,12,1961
17243,0,8,302,6585
17244,3,4,10,83
17245,3,4,10,69
17246,0,0,17,131
17247,0,0,0,9
17248,0,0,59,64
17249,0,0,41,106
1725,1,2,7,7
17250,0,0,52,52
17251,1,2,53,53
17252,3,4,10,6586
17253,0,0,17,39
17254,0,0,17,39
17255,0,0,52,52
17256,1,2,53,53
17257,0,1,14,50
17258,0,1,506,3872
17259,0,1,363,3873
1726,1,2,2,4
17260,0,0,45,71
17261,0,0,0,48
17262,0,1,14,264
17263,0,0,0,262
17264,1,146,851,3874
17265,1,2,2,456
17266,0,0,15,5209
17267,0,11,263,1625
17268,9,24,75,2310
17269,0,1,64,1126
1727,1,2,3,33
17270,0,1,1,2260
17271,0,1,4,317
17272,0,1,1,3875
17273,0,1,1,192
17274,2,3,132,6587
17275,0,1,348,1127
17276,0,1,417,1626
17277,0,0,79,3876
17278,0,1,150,6588
17279,0,1,295,3877
1728,0,0,15,27
17280,0,0,1445,5210
17281,0,11,852,3878
17282,0,10,30,105
17283,0,1,25,3879
17284,4,18,198,6589
17285,0,1,93,260
17286,0,1,348,1127
17287,0,13,1054,2770
17288,0,0,17,495
17289,0,1,12,2771
1729,0,0,0,0
17290,0,1,14,5211
17291,1,2,2,3880
17292,0,1,14,6590
17293,0,1,13,164
17294,0,0,0,5
17295,0,0,0,206
17296,0,1,348,6591
17297,0,1,524,6592
17298,1,2,2,6593
17299,0,1,667,6594
173,2,3,5,67
1730,1,2,3,3
17300,0,0,123,1962
17301,1,2,2,219
17302,1,2,2,219
17303,0,1,667,3881
17304,0,0,123,2772
17305,0,0,123,1962
17306,0,1,13,164
17307,0,1,1055,2773
17308,0,1,55,117
17309,0,1,55,513
1731,0,0,0,0
17310,0,1,51,5212
17311,0,1,853,3882
17312,0,1,12,474
17313,0,1,12,474
17314,0,1,12,1627
17315,0,1,12,1627
17316,0,0,0,1963
17317,0,1,582,5213
17318,0,1,582,6595
17319,0,1,12,386
1732,1,2,2,34
17320,0,0,0,1963
17321,0,11,168,3883
17322,0,11,84,1628
17323,9,24,75,2198
17324,0,1,264,1331
17325,0,0,60,924
17326,0,1,93,260
17327,0,0,0,630
17328,0,1,414,3884
17329,0,1,12,6596
1733,0,1,4,43
17330,0,0,0,751
17331,0,1,13,60
17332,0,1,1446,5214
17333,0,1,13,6597
17334,0,1,583,5215
17335,0,1,583,6598
17336,0,1,13,681
17337,0,11,584,5216
17338,9,24,75,2199
17339,0,1,585,5217
1734,0,0,0,327
17340,36,121,586,1629
17341,0,0,79,308
17342,36,121,586,1629
17343,0,0,1447,5218
17344,0,0,79,2774
17345,1,2,9,5219
17346,0,1,135,332
17347,0,0,0,3885
17348,0,0,0,1279
17349,0,0,0,1279
1735,1,2,2,40
17350,0,1,383,1630
17351,0,0,28,5220
17352,0,1,383,1630
17353,0,1,469,1128
17354,0,1,383,6599
17355,0,1,469,1128
17356,0,1,469,1128
17357,0,1,383,5221
17358,0,1,854,3886
17359,0,1,96,261
1736,1,19,87,4702
17360,0,11,168,704
17361,0,1,117,161
17362,0,1,55,341
17363,0,1,55,117
17364,0,1,93,1288
17365,2,3,11,6600
17366,0,1,258,5222
17367,0,11,168,6601
17368,0,1,96,1631
17369,0,0,0,5223
1737,1,2,3,2010
17370,0,0,0,5224
17371,2,3,8,5225
17372,2,3,31,6602
17373,0,1,55,2775
17374,0,1,55,6603
17375,0,1,55,2200
17376,1,12,521,6604
17377,0,1,96,261
17378,0,1,117,161
17379,0,1,96,6605
1738,2,3,5,155
17380,0,1,258,5226
17381,0,1,197,2776
17382,0,1,55,117
17383,0,1,55,513
17384,0,1,1225,6606
17385,0,1,93,260
17386,0,1,55,117
17387,0,1,55,687
17388,0,1,55,117
17389,0,1,55,341
1739,1,2,3,3
17390,0,1,55,117
17391,2,3,11,3887
17392,0,1,96,948
17393,0,76,318,864
17394,0,1,55,341
17395,0,76,318,2777
17396,0,1,55,117
17397,0,1,117,161
17398,0,1,55,513
17399,0,1,96,261
174,0,0,0,1
1740,0,1,14,50
17400,0,1,96,6607
17401,0,1,197,1632
17402,0,1,117,161
17403,0,1,117,161
17404,0,1,96,5227
17405,0,1,55,117
17406,0,1,117,161
17407,0,1,96,261
17408,0,1,55,1633
17409,0,1,117,6608
1741,0,0,0,2
17410,0,1,55,117
17411,0,0,15,6609
17412,0,1,384,2778
17413,0,1,384,1129
17414,0,1,93,260
17415,0,1,55,117
17416,0,1,55,117
17417,0,1,55,341
17418,0,1,96,261
17419,0,1,117,161
1742,0,0,0,5
17420,0,1,96,261
17421,0,1,117,161
17422,0,1,55,117
17423,0,1,55,2200
17424,0,1,55,117
17425,0,1,117,161
17426,0,1,96,261
17427,0,1,55,687
17428,0,1,55,341
17429,0,1,55,117
1743,0,0,0,0
17430,0,1,117,161
17431,0,1,96,261
17432,0,1,117,161
17433,0,1,96,1631
17434,0,76,318,864
17435,0,1,258,3888
17436,0,1,55,341
17437,0,1,55,5228
17438,0,1,197,1632
17439,0,1,96,5229
1744,1,2,3,3
17440,0,1,96,1484
17441,0,1,55,117
17442,55,264,1448,5230
17443,2,3,11,3889
17444,0,1,208,5231
17445,0,1,55,6610
17446,0,1,197,6611
17447,0,1,55,2779
17448,0,1,117,161
17449,0,1,96,261
1745,1,2,2,4
17450,0,1,55,117
17451,0,1,93,1288
17452,0,1,295,2201
17453,0,1,55,2780
17454,0,1,258,2311
17455,0,1,96,261
17456,0,1,55,117
17457,0,1,117,161
17458,0,1,55,687
17459,0,1,55,117
1746,18,49,164,244
17460,0,1,55,341
17461,0,1,96,6612
17462,0,1,55,117
17463,0,76,318,864
17464,0,1,117,161
17465,0,1,117,161
17466,2,3,11,3890
17467,0,1,384,1129
17468,0,1,55,117
17469,0,1,55,1633
1747,11,28,80,97
17470,0,1,295,2201
17471,0,1,117,161
17472,0,1,96,261
17473,0,11,168,704
17474,0,1,258,5232
17475,0,1,55,513
17476,0,1,258,2311
17477,0,1,96,3891
17478,0,1,117,161
17479,0,1,117,161
1748,2,3,5,41
17480,0,1,93,2240
17481,0,1,96,948
17482,0,1,208,1168
17483,0,1,96,261
17484,0,1,55,513
17485,0,1,55,6613
17486,0,1,117,161
17487,0,1,117,161
17488,0,1,96,261
17489,0,1,55,117
1749,0,0,0,0
17490,0,1,55,6614
17491,0,1,55,341
17492,0,1,55,117
17493,0,1,55,117
17494,0,1,117,161
17495,0,1,55,341
17496,0,1,55,341
17497,0,1,55,117
17498,0,1,117,161
17499,0,1,55,513
175,0,0,0,434
1750,2,3,8,11
17500,0,11,168,704
17501,0,11,168,704
17502,0,1,96,948
17503,0,1,55,117
17504,0,11,168,704
17505,0,1,117,161
17506,0,1,96,261
17507,0,1,384,1129
17508,0,1,93,260
17509,0,1,117,161
1751,0,0,0,0
17510,0,1,55,687
17511,0,1,117,161
17512,0,1,55,117
17513,0,1,96,5233
17514,0,1,55,117
17515,0,1,96,261
17516,0,1,55,117
17517,0,1,117,161
17518,0,1,96,948
17519,0,1,55,117
1752,0,0,0,267
17520,0,1,55,117
17521,0,1,55,513
17522,0,0,0,86
17523,0,0,0,86
17524,0,1,855,3892
17525,0,0,0,86
17526,0,0,0,86
17527,0,0,40,3893
17528,0,1,209,3894
17529,0,1,209,1130
1753,1,2,2,4
17530,0,0,0,342
17531,0,22,88,5234
17532,0,0,0,342
17533,0,0,0,342
17534,0,1,209,865
17535,0,1,209,1130
17536,0,1,209,1130
17537,0,1,209,865
17538,0,1,209,865
17539,0,0,333,1124
1754,0,0,0,0
17540,10,35,856,3895
17541,0,0,57,2781
17542,2,3,8,3896
17543,0,1,418,6615
17544,2,3,11,3897
17545,2,3,11,705
17546,0,0,0,2782
17547,2,3,11,1256
17548,2,3,11,705
17549,1,12,43,1486
1755,2,3,8,186
17550,2,3,11,1634
17551,0,1,197,6616
17552,2,3,11,1635
17553,13,37,107,5235
17554,0,0,857,3898
17555,2,3,11,705
17556,0,0,1449,5236
17557,2,3,11,6617
17558,0,1,197,3899
17559,2,3,11,1635
1756,0,0,6,6
17560,2,3,11,6618
17561,0,1,385,5237
17562,0,1,197,3900
17563,1,2,3,1964
17564,0,0,0,0
17565,2,3,44,6619
17566,2,3,143,807
17567,2,3,11,6620
17568,2,3,11,1256
17569,0,0,0,154
1757,0,1,13,412
17570,1,2,7,7
17571,0,0,0,1
17572,0,1,35,42
17573,0,1,35,42
17574,0,58,587,1636
17575,0,58,587,1636
17576,0,1,125,2783
17577,0,1,125,1637
17578,0,1,232,1131
17579,0,1,25,1391
1758,1,23,240,2290
17580,0,1,1,8
17581,0,1,1,18
17582,1,12,43,1289
17583,2,3,11,14
17584,2,3,8,124
17585,0,0,0,2
17586,0,0,0,12
17587,1,2,3,91
17588,0,0,0,12
17589,1,2,3,114
1759,2,3,8,11
17590,0,0,28,119
17591,0,0,28,61
17592,0,0,0,98
17593,0,0,0,2
17594,0,0,15,116
17595,1,2,2,34
17596,0,0,0,2
17597,0,1,1,18
17598,0,0,0,3901
17599,0,1,1,45
176,0,0,0,0
1760,2,3,11,80
17600,0,0,0,5
17601,1,2,3,33
17602,0,0,0,1
17603,0,0,0,2
17604,0,0,0,1
17605,1,2,2,4
17606,1,2,7,7
17607,0,0,0,1
17608,0,0,0,1
17609,2,3,5,461
1761,2,3,5,15
17610,2,3,5,232
17611,3,4,10,231
17612,2,3,5,10
17613,1,2,3,3
17614,0,0,0,12
17615,0,0,0,0
17616,2,3,8,11
17617,1,2,3,3
17618,0,0,0,0
17619,2,3,5,15
1762,0,0,6,6
17620,0,0,0,0
17621,1,2,7,7
17622,2,3,8,11
17623,1,2,3,3
17624,0,0,0,0
17625,1,2,2,4
17626,2,3,5,10
17627,2,3,5,15
17628,1,2,2,34
17629,0,0,0,0
1763,1,2,2,4
17630,1,2,2,4
17631,0,0,0,0
17632,1,2,3,3
17633,0,1,1,8
17634,0,1,4,132
17635,0,1,82,5238
17636,0,1,24,200
17637,0,0,0,9
17638,0,0,0,1
17639,1,2,3,5239
1764,0,0,0,2
17640,2,3,44,59
17641,2,3,31,36
17642,2,3,11,14
17643,2,3,5,15
17644,2,3,5,10
17645,0,0,0,0
17646,1,2,3,3
17647,2,3,8,11
17648,0,0,0,0
17649,0,0,0,0
1765,2,3,11,14
17650,0,1,13,775
17651,3,4,10,5240
17652,0,0,0,0
17653,1,2,3,19
17654,1,2,2,4
17655,1,2,3,1505
17656,0,0,0,1
17657,0,0,0,1
17658,3,4,10,3902
17659,0,0,0,1
1766,1,2,3,3
17660,0,0,0,2202
17661,1,2,2,4
17662,0,0,0,0
17663,1,2,3,6621
17664,2,3,5,41
17665,2,3,143,1132
17666,0,0,0,1
17667,2,3,11,14
17668,2,3,8,6622
17669,19,70,299,833
1767,0,0,0,0
17670,3,4,10,69
17671,3,4,10,83
17672,0,1,14,50
17673,0,0,0,438
17674,0,0,52,52
17675,1,2,53,53
17676,1,2,3,19
17677,1,2,2,4
17678,2,3,5,10
17679,0,0,0,0
1768,2,3,8,11
17680,0,0,0,0
17681,1,2,2,4
17682,1,2,3,19
17683,0,0,15,27
17684,1,2,2,4
17685,1,2,3,33
17686,0,0,0,1
17687,0,0,0,1
17688,2,3,5,10
17689,0,0,0,0
1769,0,0,0,0
17690,0,0,0,2
17691,1,2,3,63
17692,0,0,0,1
17693,0,0,0,100
17694,0,1,280,3903
17695,0,0,0,37
17696,0,0,0,2
17697,0,0,0,2
17698,0,0,0,5
17699,0,1,1,160
177,0,0,0,2
1770,3,4,10,28
17700,0,1,1,160
17701,0,1,1,207
17702,0,1,63,120
17703,0,1,63,120
17704,0,1,1,160
17705,0,1,1,207
17706,0,1,63,120
17707,0,1,147,777
17708,0,1,1,8
17709,0,1,1,18
1771,0,0,0,1
17710,0,1,24,302
17711,1,2,3,19
17712,1,2,2,4
17713,2,3,5,10
17714,0,0,0,387
17715,0,0,0,0
17716,2,3,5,10
17717,0,0,0,387
17718,1,2,2,4
17719,1,2,3,19
1772,3,4,10,645
17720,1,2,7,7
17721,2,3,11,14
17722,1,2,3,19
17723,0,0,0,0
17724,1,2,2,4
17725,2,3,5,10
17726,0,0,0,387
17727,0,0,0,2
17728,0,0,0,1
17729,2,3,8,5241
1773,0,1,110,1419
17730,2,3,536,3904
17731,2,3,66,720
17732,1,2,2,388
17733,0,0,0,0
17734,1,2,2,3905
17735,4,20,70,76
17736,0,0,0,5
17737,0,0,0,2
17738,1,2,2,388
17739,1,2,2,23
1774,0,1,20,29
17740,0,0,27,25
17741,0,0,0,0
17742,0,1,22,1245
17743,0,1,1,8
17744,0,1,1,1965
17745,1,2,2,4
17746,0,0,0,0
17747,1,2,3,3
17748,0,0,0,0
17749,2,3,8,11
1775,0,0,16,16
17750,0,0,0,440
17751,1,2,2,4
17752,0,0,0,2
17753,2,3,11,14
17754,0,0,0,0
17755,0,0,0,1
17756,1,2,3,3
17757,0,0,0,1
17758,1,2,7,7
17759,0,0,0,12
1776,0,1,1,45
17760,1,2,9,87
17761,0,0,17,39
17762,0,1,14,90
17763,0,0,52,52
17764,1,2,53,53
17765,0,0,17,39
17766,0,0,19,5242
17767,0,16,68,82
17768,0,0,27,25
17769,0,0,15,3906
1777,0,1,624,6059
17770,0,1,12,464
17771,0,0,0,1966
17772,0,0,114,875
17773,0,0,0,5
17774,0,0,0,2
17775,1,2,9,26
17776,0,1,1,8
17777,0,1,4,132
17778,0,5,23,1638
17779,0,1,24,1200
1778,0,1,496,2365
17780,0,1,1,8
17781,0,1,1,38
17782,0,1,1,18
17783,0,1,1,8
17784,0,1,4,57
17785,0,1,33,112
17786,0,1,18,1967
17787,0,1,13,5243
17788,1,2,2,4
17789,1,2,3,3
1779,1,2,9,13
17790,0,1,39,156
17791,2,3,5,6623
17792,0,0,0,0
17793,1,2,7,7
17794,2,3,8,3907
17795,1,2,2,34
17796,0,0,28,119
17797,0,0,6,1093
17798,0,0,28,61
17799,0,0,28,61
178,1,2,3,33
1780,1,2,9,13
17800,0,0,15,116
17801,0,0,0,98
17802,1,2,9,13
17803,0,10,30,2784
17804,0,10,30,105
17805,0,10,30,5244
17806,0,10,30,6624
17807,0,10,30,105
17808,0,1,156,2785
17809,0,1,1226,6625
1781,1,2,9,13
17810,0,10,30,5245
17811,68,170,858,3908
17812,0,10,30,151
17813,0,10,30,450
17814,0,10,30,3909
17815,0,10,30,789
17816,0,1,1227,6626
17817,0,10,30,105
17818,0,1,139,298
17819,3,4,10,205
1782,0,0,0,2
17820,1,2,9,13
17821,0,0,419,866
17822,0,1,12,916
17823,3,4,470,5246
17824,1,2,2,706
17825,4,18,153,336
17826,1,2,2,17
17827,0,0,0,9
17828,0,1,1,20
17829,0,1,14,85
1783,0,0,17,39
17830,0,1,1,8
17831,0,1,1,8
17832,0,0,79,6627
17833,0,0,0,5
17834,0,0,0,2
17835,2,3,31,297
17836,2,3,31,297
17837,0,0,0,0
17838,2,3,5,15
17839,0,0,17,532
1784,0,1,1,8
17840,3,4,10,3910
17841,0,0,6,6
17842,0,1,4,5247
17843,1,2,2,34
17844,0,0,0,2
17845,0,1,22,5248
17846,0,6,73,814
17847,0,0,0,2786
17848,1,2,2,68
17849,0,1,24,6628
1785,1,2,3,33
17850,0,1,4,49
17851,0,0,0,56
17852,0,0,0,349
17853,17,72,625,2071
17854,1,2,3,92
17855,0,0,0,9
17856,0,1,37,158
17857,0,1,4,78
17858,0,5,23,3911
17859,0,1,411,6629
1786,0,0,0,1
17860,0,1,1,8
17861,0,0,0,185
17862,1,2,9,13
17863,1,2,2,4
17864,18,49,164,244
17865,11,28,80,97
17866,2,3,5,41
17867,1,2,3,3
17868,2,3,11,80
17869,0,0,0,0
1787,0,0,0,0
17870,1,2,7,7
17871,2,3,8,11
17872,0,0,0,0
17873,2,3,5,15
17874,0,1,20,29
17875,2,3,222,707
17876,0,1,20,29
17877,2,3,222,707
17878,3,171,859,3912
17879,0,1,20,29
1788,0,0,0,1
17880,2,3,222,707
17881,0,1,20,29
17882,0,1,20,29
17883,2,3,222,707
17884,0,0,0,5
17885,1,2,2,4
17886,2,3,5,15
17887,0,0,0,0
17888,2,3,8,11
17889,1,2,3,3
1789,1,2,2,4
17890,0,0,0,0
17891,1,2,9,13
17892,1,12,43,595
17893,0,0,0,0
17894,1,2,3,3
17895,2,3,5,10
17896,0,1,1,8
17897,0,1,21,111
17898,0,1,33,112
17899,0,1,1,18
179,1,2,7,7
1790,0,0,0,0
17900,0,0,47,73
17901,0,1,29,149
17902,0,0,0,1
17903,2,3,8,79
17904,0,0,0,12
17905,1,2,3,114
17906,0,0,0,1
17907,1,2,2,4
17908,0,0,0,2
17909,2,3,8,233
1791,2,3,5,10
17910,1,2,3,91
17911,2,3,5,446
17912,1,2,7,7
17913,0,1,148,562
17914,3,4,10,311
17915,2,3,44,59
17916,1,2,7,7
17917,2,3,8,124
17918,1,2,2,4
17919,0,0,0,0
1792,2,3,11,14
17920,1,2,3,3
17921,2,3,8,11
17922,0,0,0,2
17923,0,0,0,0
17924,0,0,0,291
17925,2,3,5,226
17926,0,1,58,1639
17927,1,12,43,5249
17928,2,3,11,14
17929,1,2,2,4
1793,0,0,0,2
17930,0,0,0,12
17931,1,2,3,114
17932,1,2,3,91
17933,0,0,0,12
17934,2,3,8,233
17935,0,0,0,2
17936,0,0,0,12
17937,0,0,0,2
17938,1,2,3,3
17939,0,0,0,1
1794,1,2,7,7
17940,0,0,0,0
17941,1,2,2,4
17942,2,3,5,15
17943,2,3,11,14
17944,2,3,143,560
17945,0,0,0,0
17946,0,0,0,0
17947,0,0,0,1
17948,1,2,3,19
17949,2,3,5,10
1795,0,0,0,1
17950,1,2,3,19
17951,0,0,0,0
17952,0,0,0,1
17953,0,0,15,27
17954,1,2,7,7
17955,0,0,0,1
17956,0,0,0,0
17957,1,2,7,7
17958,1,2,3,19
17959,2,3,5,10
1796,0,0,15,27
17960,1,2,2,4
17961,0,0,0,0
17962,1,2,7,7
17963,0,1,1,8
17964,0,1,1,38
17965,0,1,120,172
17966,0,1,228,5250
17967,0,1,103,178
17968,0,1,85,113
17969,0,1,126,324
1797,2,3,5,745
17970,0,1,220,360
17971,0,0,0,0
17972,2,3,5,10
17973,0,0,0,88
17974,0,1,21,111
17975,0,1,1,343
17976,0,0,108,5251
17977,0,0,108,6630
17978,0,1,1,1290
17979,0,1,1,18
1798,1,2,9,13
17980,0,1,29,421
17981,0,0,47,73
17982,0,1,33,266
17983,0,1,4,57
17984,0,0,0,206
17985,0,0,38,5252
17986,0,0,19,173
17987,0,1,14,249
17988,0,0,0,2
17989,0,0,0,1
1799,0,0,6,6
17990,0,0,78,592
17991,0,0,78,592
17992,0,1,18,3913
17993,0,1,1,6631
17994,0,1,22,372
17995,0,1,1,966
17996,0,0,0,271
17997,17,60,206,367
17998,0,0,15,135
17999,0,1,148,5253
18,0,0,28,1401
180,0,0,0,103
1800,12,66,269,530
18000,0,0,17,1116
18001,0,1,14,6632
18002,3,4,10,3914
18003,0,0,27,25
18004,1,2,2,126
18005,0,0,15,135
18006,0,0,0,128
18007,0,0,0,1968
18008,0,1,14,2787
18009,3,4,10,1019
1801,0,9,54,54
18010,1,2,3,6633
18011,0,0,0,6634
18012,0,0,0,1
18013,1,2,2,4
18014,0,0,0,2202
18015,1,2,2,4
18016,1,2,3,19
18017,0,0,0,0
18018,0,0,15,27
18019,0,0,0,1
1802,0,9,65,211
18020,1,2,3,33
18021,0,0,0,0
18022,0,0,0,2
18023,0,0,0,1
18024,2,3,5,303
18025,1,2,7,7
18026,1,12,43,393
18027,1,2,2,4
18028,2,3,5,3915
18029,0,0,0,47
1803,0,0,19,55
18030,0,0,0,0
18031,0,0,15,27
18032,0,0,0,48
18033,8,29,94,405
18034,3,4,10,243
18035,0,1,14,85
18036,0,1,14,85
18037,0,0,6,6
18038,0,0,16,16
18039,0,0,6,6
1804,0,0,266,442
18040,0,0,16,16
18041,2,3,131,190
18042,6,14,98,157
18043,0,1,4,62
18044,0,1,4,30
18045,0,1,4,30
18046,0,1,4,30
18047,0,1,4,62
18048,6,14,98,157
18049,0,1,4,62
1805,3,4,249,6060
18050,1,2,2,4
18051,0,0,0,1
18052,0,0,0,75
18053,0,0,0,1
18054,1,2,3,63
18055,0,0,0,1
18056,2,3,8,708
18057,0,0,0,12
18058,0,1,13,164
18059,0,1,14,50
1806,0,0,19,146
18060,0,1,1,8
18061,0,0,47,73
18062,0,1,1,44
18063,3,4,10,28
18064,1,2,2,4
18065,2,3,8,11
18066,0,0,0,0
18067,1,2,3,3
18068,0,0,0,0
18069,2,3,5,15
1807,8,107,503,3360
18070,3,4,10,1291
18071,0,1,1,110
18072,0,1,1,18
18073,1,2,9,13
18074,0,0,40,395
18075,0,0,0,170
18076,0,0,0,48
18077,0,0,16,16
18078,0,0,0,72
18079,0,1,24,196
1808,0,0,19,255
18080,0,0,0,31
18081,0,1,4,43
18082,0,0,0,2
18083,0,0,0,9
18084,0,0,6,6
18085,0,5,23,371
18086,0,0,27,25
18087,1,2,2,240
18088,0,1,12,818
18089,0,1,12,916
1809,6,14,122,649
18090,56,265,1450,5254
18091,0,1,89,5255
18092,0,0,28,2788
18093,0,1,14,50
18094,3,4,10,69
18095,3,4,10,83
18096,0,1,148,3916
18097,0,0,15,2300
18098,0,0,157,3917
18099,8,29,94,3918
181,0,0,0,103
1810,0,0,0,48
18100,0,0,27,25
18101,1,2,2,126
18102,1,12,43,1969
18103,1,12,43,1969
18104,2,3,8,2789
18105,0,0,0,154
18106,0,0,0,2
18107,0,0,0,1
18108,2,3,31,1707
18109,2,3,11,14
1811,0,17,76,3361
18110,0,0,0,12
18111,1,2,7,7
18112,2,3,5,2790
18113,0,0,0,434
18114,1,2,3,3919
18115,3,45,300,5256
18116,3,45,194,6635
18117,0,43,162,565
18118,3,4,386,815
18119,3,4,588,5257
1812,0,0,360,1201
18120,3,45,194,2791
18121,3,45,194,5258
18122,0,17,322,1583
18123,0,0,45,1584
18124,0,0,17,1582
18125,0,1,89,5259
18126,0,1,200,1879
18127,0,1,1,45
18128,0,1,200,1640
18129,0,0,59,64
1813,2,3,550,6061
18130,0,0,0,862
18131,2,3,11,14
18132,3,4,10,28
18133,0,0,0,2
18134,0,0,0,0
18135,0,0,0,2
18136,1,2,3,3
18137,0,0,0,0
18138,0,0,0,1
18139,1,2,2,4
1814,2,3,550,4703
18140,1,2,7,7
18141,1,2,3,3
18142,1,2,7,7
18143,0,0,0,1
18144,1,2,2,4
18145,0,0,0,2
18146,0,0,0,0
18147,0,0,0,2
18148,0,0,0,1
18149,1,2,3,3
1815,0,1,312,746
18150,0,0,0,12
18151,0,0,0,1
18152,0,1,13,60
18153,1,2,3,2792
18154,0,0,0,5
18155,0,1,14,2203
18156,0,1,14,85
18157,0,0,0,48
18158,0,0,40,3920
18159,0,0,40,5260
1816,0,1,312,746
18160,0,0,17,131
18161,0,1,14,85
18162,0,0,0,48
18163,0,0,40,2793
18164,3,4,10,5261
18165,0,17,76,709
18166,0,1,1,8
18167,0,1,4,57
18168,0,1,33,266
18169,0,0,0,206
1817,1,2,3,3
18170,0,1,42,130
18171,0,0,0,277
18172,1,2,2,889
18173,0,1,1,20
18174,0,1,21,24
18175,0,63,244,1292
18176,0,0,230,1970
18177,0,0,230,499
18178,0,17,76,853
18179,0,0,0,378
1818,0,0,0,0
18180,0,0,40,5262
18181,0,1,4,1351
18182,0,6,307,1641
18183,0,0,74,292
18184,4,18,198,2794
18185,0,1,29,51
18186,0,1,4,1642
18187,0,1,4,724
18188,0,1,1,8
18189,0,0,0,3921
1819,0,1,39,156
18190,2,3,251,915
18191,0,0,0,2795
18192,0,0,17,39
18193,2,3,8,2796
18194,2,3,112,1526
18195,0,0,0,2
18196,1,2,2,40
18197,0,0,0,1
18198,0,1,14,85
18199,0,0,0,48
182,0,0,0,103
1820,0,0,171,379
18200,0,0,15,404
18201,0,0,15,654
18202,3,4,10,243
18203,0,0,445,6636
18204,4,97,1451,5263
18205,0,0,0,861
18206,0,0,0,75
18207,0,0,16,16
18208,0,0,6,6
18209,1,2,2,4
1821,0,1,1,8
18210,1,2,3,19
18211,1,2,7,7
18212,0,0,171,379
18213,2,3,5,10
18214,0,0,0,1
18215,0,0,0,2
18216,0,0,0,0
18217,1,2,9,13
18218,0,0,0,2
18219,1,2,2,40
1822,0,1,1,44
18220,0,0,0,1
18221,2,3,5,10
18222,1,2,3,19
18223,1,2,7,7
18224,0,0,0,0
18225,0,0,0,1
18226,0,0,15,27
18227,0,0,6,70
18228,0,0,6,107
18229,0,0,6,6
1823,0,0,0,2
18230,0,1,4,78
18231,0,1,1,574
18232,0,1,37,158
18233,0,1,22,1078
18234,1,2,3,276
18235,0,0,0,0
18236,0,0,0,1
18237,0,0,0,0
18238,1,2,3,19
18239,0,1,58,1971
1824,0,0,0,2
18240,1,2,2,17
18241,0,0,0,9
18242,0,1,1,20
18243,0,1,21,24
18244,1,2,2,17
18245,0,1,1,20
18246,0,0,0,9
18247,0,1,21,24
18248,0,0,16,16
18249,0,0,6,6
1825,0,1,71,1315
18250,1,2,9,1841
18251,0,0,231,1643
18252,0,0,231,6637
18253,0,0,396,2797
18254,0,0,1228,6638
18255,0,0,231,1643
18256,0,0,45,3922
18257,57,266,1452,5264
18258,0,0,231,5265
18259,0,0,231,1125
1826,0,0,0,1
18260,0,0,253,2798
18261,0,0,275,2799
18262,0,63,244,1292
18263,0,0,230,1970
18264,0,0,860,3923
18265,0,1,14,3924
18266,0,0,46,1039
18267,0,0,19,55
18268,1,2,3,3
18269,2,3,44,59
1827,0,0,123,1420
18270,0,0,0,0
18271,0,0,0,0
18272,1,2,7,7
18273,2,3,8,11
18274,2,3,11,14
18275,0,0,19,146
18276,0,1,148,5266
18277,0,0,15,444
18278,0,0,27,25
18279,1,2,2,126
1828,0,0,0,5
18280,0,1,139,1105
18281,3,4,10,2312
18282,0,0,16,16
18283,0,0,41,3925
18284,0,0,41,6639
18285,4,18,153,336
18286,0,1,12,294
18287,0,1,13,6640
18288,0,1,13,60
18289,0,1,1,8
1829,0,0,0,2
18290,0,0,47,6641
18291,0,9,268,6642
18292,0,0,0,108
18293,0,1,12,454
18294,0,0,0,2
18295,0,0,0,163
18296,0,0,0,1
18297,0,1,20,29
18298,0,0,59,64
18299,0,0,0,108
183,0,0,19,146
1830,0,1,147,650
18300,0,0,16,16
18301,0,0,0,5
18302,1,2,9,13
18303,0,1,158,1378
18304,0,1,158,1378
18305,2,3,66,3926
18306,0,1,13,1529
18307,0,0,38,3927
18308,0,0,17,278
18309,0,1,25,5267
1831,0,1,1,8
18310,0,0,0,6643
18311,0,1,14,6644
18312,0,0,0,238
18313,2,3,90,2045
18314,2,3,90,2204
18315,0,0,0,128
18316,0,0,81,413
18317,1,78,578,1950
18318,0,79,334,695
18319,0,0,92,139
1832,0,1,1,18
18320,0,0,0,1
18321,0,86,450,1065
18322,0,267,1453,5268
18323,1,39,273,2154
18324,0,0,92,139
18325,4,18,512,1064
18326,0,0,92,1112
18327,27,93,861,3928
18328,0,0,92,139
18329,14,38,1229,6645
1833,0,0,0,268
18330,27,93,705,2307
18331,0,79,334,695
18332,0,79,334,695
18333,28,75,561,1877
18334,0,0,17,495
18335,0,0,0,0
18336,0,0,0,1
18337,1,2,3,19
18338,0,1,22,270
18339,0,6,73,1246
1834,0,0,60,4704
18340,0,1,1,8
18341,0,1,4,78
18342,0,1,18,2800
18343,0,1,1,18
18344,0,1,37,239
18345,0,1,1,8
18346,0,1,1,44
18347,1,2,2,4
18348,0,0,0,0
18349,2,3,5,15
1835,0,73,750,3362
18350,3,4,10,28
18351,0,0,0,1
18352,1,2,3,3
18353,1,2,3,3
18354,0,0,0,0
18355,0,0,59,64
18356,0,1,58,1971
18357,2,3,34,5269
18358,0,0,862,3929
18359,0,1,219,3930
1836,0,1,1,18
18360,0,0,0,5
18361,0,0,0,37
18362,0,1,1,8
18363,0,1,4,43
18364,0,5,23,6646
18365,0,1,24,3931
18366,0,1,1230,6647
18367,2,3,5,10
18368,0,0,0,0
18369,1,2,7,7
1837,0,1,1,96
18370,0,0,0,1
18371,0,0,0,0
18372,0,0,0,2
18373,2,3,8,1286
18374,2,3,5,10
18375,1,2,3,19
18376,1,2,2,4
18377,0,0,0,1
18378,1,2,7,7
18379,0,0,0,1
1838,0,1,18,2366
18380,0,0,0,1
18381,0,0,0,0
18382,1,2,2,4
18383,1,2,3,19
18384,0,0,0,1
18385,0,0,15,27
18386,0,0,0,0
18387,1,2,7,7
18388,0,0,0,0
18389,2,3,5,10
1839,0,1,1,990
18390,1,2,2,4
18391,0,0,0,1
18392,0,0,0,2
18393,1,2,3,19
18394,1,2,7,7
18395,1,2,7,7
18396,0,0,0,0
18397,2,3,5,10
18398,3,4,116,6648
18399,0,0,0,2
184,2,3,403,979
1840,0,1,530,3363
18400,1,2,7,7
18401,0,0,0,1
18402,0,0,0,0
18403,1,2,2,4
18404,2,3,5,10
18405,1,2,3,19
18406,1,2,9,13
18407,0,0,38,858
18408,0,0,19,173
18409,1,2,3,3
1841,0,1,364,3364
18410,0,0,0,1
18411,1,2,7,7
18412,0,0,0,0
18413,0,0,0,0
18414,1,2,2,4
18415,0,1,1,8
18416,0,1,1,44
18417,0,0,47,1293
18418,0,1,1,8
18419,0,1,1,44
1842,0,6,73,741
18420,0,1,1,8
18421,0,0,47,1293
18422,0,1,1,44
18423,0,1,1,8
18424,0,1,1,8
18425,0,1,33,710
18426,0,1,4,57
18427,0,1,1,8
18428,0,1,1,8
18429,0,1,1,8
1843,0,1,29,51
18430,0,1,4,57
18431,0,1,33,710
18432,0,0,0,185
18433,0,1,1,8
18434,0,1,1,8
18435,0,0,0,185
18436,0,0,47,1293
18437,0,1,1,44
18438,0,1,1,44
18439,0,0,0,5270
1844,0,1,37,158
18440,0,0,15,2205
18441,0,0,27,25
18442,0,1,1231,6649
18443,0,1,346,663
18444,0,17,76,5271
18445,0,0,40,5272
18446,3,4,10,69
18447,3,4,10,83
18448,0,1,14,50
18449,0,1,13,1599
1845,0,1,4,78
18450,0,1,13,1294
18451,22,98,471,5273
18452,0,1,155,2150
18453,0,1,155,711
18454,3,4,288,6650
18455,1,2,69,84
18456,0,0,6,6
18457,0,0,6,6
18458,0,0,6,6
18459,0,0,6,6
1846,1,2,2,34
18460,0,0,6,6
18461,0,0,6,6
18462,0,0,6,6
18463,0,0,6,6
18464,0,0,6,6
18465,0,0,6,6
18466,0,0,6,6
18467,0,0,6,6
18468,0,0,6,6
18469,1,2,9,13
1847,0,1,71,2367
18470,1,2,9,13
18471,1,2,9,13
18472,1,2,9,13
18473,1,2,9,13
18474,1,2,9,13
18475,1,2,9,13
18476,0,0,40,6651
18477,0,0,0,630
18478,0,1,13,5274
18479,0,1,13,60
1848,0,0,0,5
18480,0,0,59,64
18481,8,62,311,1644
18482,0,7,26,22
18483,29,91,666,2801
18484,0,0,0,2
18485,0,0,0,5
18486,0,7,26,22
18487,0,13,62,6652
18488,0,7,26,22
18489,0,7,26,22
1849,0,0,0,2
18490,0,7,26,22
18491,0,13,167,2194
18492,0,7,26,22
18493,0,7,26,22
18494,0,13,62,2206
18495,0,7,26,22
18496,0,13,167,465
18497,0,7,26,22
18498,0,7,26,22
18499,0,7,26,22
185,0,0,0,0
1850,0,0,0,72
18500,0,1,1,38
18501,1,2,2,23
18502,0,0,0,5
18503,0,0,320,5275
18504,0,0,0,2
18505,0,0,6,6
18506,0,0,6,6
18507,0,0,6,6
18508,0,0,6,6
18509,0,0,6,6
1851,1,2,9,13
18510,0,0,6,6
18511,0,0,6,6
18512,0,0,6,6
18513,0,0,6,6
18514,0,0,6,6
18515,0,0,6,6
18516,0,0,6,6
18517,0,0,6,6
18518,0,0,6,6
18519,0,0,6,6
1852,1,2,9,3365
18520,0,0,6,6
18521,0,0,6,6
18522,0,0,6,6
18523,0,0,6,6
18524,0,0,6,6
18525,0,0,6,6
18526,0,0,6,6
18527,0,0,6,6
18528,0,0,6,6
18529,0,0,6,6
1853,1,2,9,13
18530,0,0,6,6
18531,0,0,6,6
18532,0,0,6,6
18533,0,0,6,6
18534,0,0,6,6
18535,0,0,6,6
18536,0,0,6,6
18537,0,0,6,6
18538,0,0,6,6
18539,0,0,6,6
1854,1,2,9,13
18540,0,0,6,6
18541,0,0,6,6
18542,0,0,6,6
18543,0,0,6,6
18544,0,0,6,6
18545,0,0,6,6
18546,0,0,6,6
18547,0,0,6,6
18548,0,0,6,6
18549,0,0,6,6
1855,1,2,9,13
18550,0,0,6,6
18551,0,0,6,6
18552,0,0,6,6
18553,0,0,6,6
18554,0,0,6,6
18555,0,0,6,6
18556,0,0,6,6
18557,0,0,6,6
18558,0,0,6,6
18559,0,0,6,6
1856,1,2,9,13
18560,0,0,6,6
18561,0,0,6,6
18562,0,1,1,8
18563,0,1,1,44
18564,1,2,3,33
18565,2,3,8,1282
18566,0,0,0,12
18567,1,2,3,33
18568,0,0,0,12
18569,2,3,8,1133
1857,1,2,9,13
18570,0,0,0,0
18571,1,2,3,3
18572,0,5,23,6653
18573,0,1,4,43
18574,0,1,1,8
18575,0,1,358,1645
18576,0,1,33,5276
18577,0,1,22,372
18578,0,1,4,57
18579,0,1,13,504
1858,1,2,9,13
18580,0,0,47,73
18581,0,1,358,1645
18582,0,1,21,111
18583,0,0,17,1254
18584,0,1,14,1585
18585,0,0,0,387
18586,2,3,5,10
18587,0,0,0,1
18588,0,0,0,0
18589,1,2,2,34
1859,1,2,9,6062
18590,2,3,11,14
18591,1,2,2,4
18592,1,2,3,3
18593,1,2,7,7
18594,0,0,0,0
18595,0,0,0,1
18596,0,0,0,2
18597,0,1,39,58
18598,1,2,3,3
18599,3,4,10,28
186,1,2,3,980
1860,1,2,9,13
18600,1,2,2,4
18601,0,0,0,0
18602,0,0,0,2
18603,2,3,11,14
18604,1,2,3,3
18605,0,0,0,0
18606,1,2,7,7
18607,0,0,0,1
18608,2,3,5,41
18609,0,0,0,0
1861,1,2,9,13
18610,1,2,7,7
18611,0,0,0,2
18612,1,12,43,401
18613,0,0,0,0
18614,0,1,39,58
18615,0,0,0,0
18616,1,2,3,3
18617,0,0,0,0
18618,0,0,0,1
18619,1,2,2,4
1862,1,2,9,13
18620,1,2,7,7
18621,1,2,3,3
18622,0,0,0,12
18623,0,0,0,2
18624,2,3,11,14
18625,0,0,0,0
18626,1,2,285,662
18627,0,0,134,181
18628,0,0,17,500
18629,0,0,57,397
1863,1,2,9,4705
18630,0,0,0,0
18631,1,2,2,293
18632,2,3,90,5277
18633,0,1,1,160
18634,0,1,1,207
18635,1,2,2,4
18636,0,0,0,0
18637,1,2,3,19
18638,1,2,9,26
18639,0,0,0,2
1864,1,2,9,13
18640,0,0,0,5
18641,0,1,1,8
18642,0,1,14,6654
18643,0,1,305,6655
18644,0,87,467,6656
18645,0,63,244,1171
18646,0,0,0,21
18647,1,2,9,46
18648,0,0,0,21
18649,0,0,0,21
1865,1,2,9,13
18650,0,0,0,0
18651,0,0,0,1
18652,1,2,7,7
18653,0,0,0,0
18654,1,2,2,4
18655,0,0,0,2
18656,1,2,3,19
18657,5,33,589,5278
18658,0,0,0,1
18659,0,0,0,1
1866,1,2,9,13
18660,1,2,7,7
18661,0,0,0,2
18662,1,2,3,19
18663,0,0,0,0
18664,1,2,2,4
18665,0,0,0,0
18666,0,0,0,2
18667,0,0,0,0
18668,1,2,2,4
18669,0,0,0,0
1867,1,2,9,13
18670,0,0,0,1
18671,1,2,3,19
18672,5,33,589,5279
18673,1,2,7,7
18674,0,0,0,1
18675,0,0,17,867
18676,0,0,544,1372
18677,0,0,17,867
18678,0,0,544,1372
18679,0,0,17,867
1868,1,2,9,13
18680,0,16,68,82
18681,0,16,68,82
18682,0,9,54,54
18683,0,9,65,213
18684,0,16,68,82
18685,0,9,54,54
18686,0,16,68,82
18687,0,0,19,146
18688,0,0,266,442
18689,1,12,863,3932
1869,1,2,9,13
18690,0,9,268,3933
18691,0,0,17,531
18692,1,2,7,7
18693,1,2,3,368
18694,0,0,0,1
18695,1,2,2,4
18696,0,1,58,279
18697,2,3,5,226
18698,0,0,0,5
18699,0,16,68,82
187,6,14,122,263
1870,0,0,0,5
18700,0,0,40,395
18701,0,0,0,170
18702,0,1,12,987
18703,0,9,268,5280
18704,0,0,0,48
18705,0,1,1,8
18706,0,0,0,9
18707,0,1,18,761
18708,0,0,0,2
18709,0,1,1,38
1871,0,0,0,2
18710,0,1,42,1340
18711,0,0,0,6657
18712,0,0,0,6658
18713,0,0,0,9
18714,0,17,76,482
18715,1,2,2,17
18716,0,1,1,20
18717,0,0,40,1646
18718,0,0,40,6659
18719,0,1,4,30
1872,0,0,0,2
18720,0,1,1,74
18721,0,1,1,96
18722,0,1,1,18
18723,0,0,0,2
18724,0,0,0,37
18725,1,2,9,26
18726,0,0,0,5
18727,7,15,48,66
18728,0,5,23,497
18729,0,1,24,153
1873,1,2,2,23
18730,0,0,0,31
18731,0,0,0,9
18732,1,2,2,34
18733,0,1,4,43
18734,0,5,23,573
18735,0,1,4,43
18736,0,1,24,153
18737,0,0,0,12
18738,0,16,68,82
18739,0,8,223,5281
1874,0,0,0,37
18740,2,3,8,868
18741,2,3,31,297
18742,0,0,0,0
18743,0,1,58,5282
18744,1,2,9,127
18745,0,0,0,21
18746,2,3,100,1087
18747,0,0,0,102
18748,1,2,9,26
18749,0,0,0,2
1875,0,0,52,52
18750,0,0,0,5
18751,0,0,0,2
18752,0,0,0,5
18753,1,2,9,26
18754,1,2,2,4
18755,0,0,0,2
18756,0,0,0,0
18757,0,0,0,1
18758,2,3,8,11
18759,1,2,7,7
1876,1,2,53,53
18760,0,0,0,0
18761,2,3,5,15
18762,1,2,3,3
18763,0,0,0,0
18764,1,2,7,7
18765,0,0,0,2
18766,2,3,11,14
18767,0,0,0,1
18768,1,2,3,3
18769,0,0,0,0
1877,0,0,45,71
18770,1,2,3,276
18771,2,3,5,15
18772,1,2,2,4
18773,2,3,5,10
18774,0,0,0,387
18775,0,0,0,0
18776,1,2,3,19
18777,0,0,0,2
18778,0,1,1,45
18779,0,1,154,5283
1878,0,1,1,18
18780,0,0,0,47
18781,0,1,14,50
18782,2,3,34,35
18783,0,0,0,2
18784,0,0,0,5
18785,1,2,2,23
18786,0,0,0,5
18787,0,0,0,2
18788,0,0,6,70
18789,0,0,6,5284
1879,0,0,0,5
18790,2,3,31,36
18791,1,2,2,4
18792,2,3,5,10
18793,0,0,0,2
18794,0,0,0,0
18795,2,3,8,11
18796,2,3,5,15
18797,1,2,3,3
18798,0,0,0,0
18799,0,0,0,0
188,8,41,144,300
1880,0,8,238,581
18800,1,2,3,5285
18801,0,0,0,0
18802,3,4,10,28
18803,1,2,3,3
18804,0,0,0,0
18805,1,2,3,3
18806,0,0,0,0
18807,1,2,3,3
18808,0,0,0,0
18809,0,0,0,2
1881,0,0,0,48
18810,1,2,9,13
18811,0,0,0,21
18812,1,2,7,7
18813,1,2,2,4
18814,0,0,0,1
18815,0,0,0,0
18816,1,2,3,3
18817,0,0,0,12
18818,2,3,8,11
18819,0,0,0,2
1882,0,0,38,1725
18820,1,2,7,7
18821,0,0,0,0
18822,0,0,0,1
18823,0,0,0,2
18824,0,0,0,0
18825,1,2,2,4
18826,1,2,3,3
18827,2,3,5,41
18828,1,2,2,4
18829,0,0,0,0
1883,0,1,12,6063
18830,2,3,11,14
18831,1,2,3,3
18832,0,0,0,0
18833,0,0,0,1
18834,1,2,3,3
18835,3,4,10,28
18836,1,2,7,7
18837,1,2,7,7
18838,0,0,0,0
18839,0,0,0,2
1884,0,1,1,38
18840,0,0,0,2
18841,0,0,0,1
18842,0,0,0,0
18843,1,2,2,4
18844,1,2,3,3
18845,2,3,11,14
18846,0,0,0,1
18847,0,0,0,12
18848,0,0,0,0
18849,1,2,3,3
1885,0,1,1,8
18850,1,2,2,4
18851,0,0,0,2
18852,0,0,0,2
18853,0,0,0,12
18854,0,0,0,0
18855,1,2,3,3
18856,1,2,2,4
18857,0,0,0,1
18858,69,172,864,3934
18859,3,4,1232,6660
1886,0,0,0,5
18860,0,0,17,39
18861,0,0,0,1
18862,0,0,0,1
18863,1,2,2,4
18864,0,0,0,0
18865,1,2,3,3
18866,0,0,0,12
18867,0,0,0,2
18868,2,3,5,10
18869,2,3,11,14
1887,0,0,0,2
18870,1,2,7,7
18871,1,2,3,3
18872,5,33,165,2802
18873,0,0,0,2
18874,0,0,0,0
18875,1,2,3,3
18876,0,0,0,1
18877,1,2,2,4
18878,0,0,0,2
18879,1,2,3,3
1888,0,1,4,57
18880,0,0,0,0
18881,3,4,10,28
18882,1,2,7,7
18883,1,12,43,401
18884,0,0,19,146
18885,1,2,9,87
18886,0,0,74,118
18887,0,0,0,21
18888,0,1,4,214
18889,0,0,0,0
1889,0,1,1,18
18890,1,2,3,3
18891,0,0,0,0
18892,2,34,99,589
18893,2,3,235,712
18894,0,0,0,183
18895,0,0,350,691
18896,0,0,77,142
18897,2,34,99,697
18898,4,18,172,1802
18899,1,2,9,26
189,0,1,14,340
1890,0,1,1,8
18900,1,2,9,26
18901,0,0,0,440
18902,1,2,9,26
18903,0,0,0,2
18904,0,0,0,5
18905,0,0,0,2
18906,1,2,9,26
18907,0,0,0,5
18908,7,15,48,66
18909,3,4,298,766
1891,0,1,1,8
18910,0,0,373,869
18911,0,1,1,8
18912,1,2,2,23
18913,0,0,0,2
18914,0,0,0,5
18915,0,0,0,5286
18916,1,2,3,1082
18917,0,0,0,0
18918,1,2,7,7
18919,0,0,15,27
1892,0,0,47,73
18920,0,0,0,1
18921,1,2,2,4
18922,2,3,1056,2803
18923,1,2,3,1903
18924,0,0,0,1
18925,1,2,7,7
18926,1,2,2,4
18927,2,3,11,14
18928,0,0,0,2
18929,0,0,0,1
1893,0,1,33,266
18930,1,2,2,4
18931,0,0,0,0
18932,2,3,11,14
18933,5,33,165,3935
18934,1,2,3,3
18935,2,3,8,11
18936,1,2,7,7
18937,0,0,0,2
18938,0,0,0,0
18939,3,4,10,28
1894,0,1,1,160
18940,10,61,236,1647
18941,1,2,3,33
18942,1,2,7,7
18943,0,0,15,27
18944,1,2,2,4
18945,0,0,0,1
18946,2,3,11,14
18947,0,0,0,2
18948,2,3,5,10
18949,0,0,0,0
1895,0,1,63,120
18950,0,0,0,1
18951,0,0,0,1
18952,0,0,0,108
18953,2,3,5,10
18954,0,0,0,0
18955,1,2,2,4
18956,1,2,3,3
18957,2,3,11,80
18958,1,2,7,7
18959,2,3,8,11
1896,0,1,1,38
18960,0,0,0,0
18961,2,3,8,389
18962,0,1,89,3936
18963,3,4,116,1596
18964,0,0,0,5
18965,0,0,0,2
18966,0,0,0,37
18967,2,34,99,697
18968,0,0,590,1701
18969,2,34,99,589
1897,0,1,1,44
18970,0,0,77,142
18971,0,0,0,183
18972,2,3,235,712
18973,0,5,23,143
18974,0,0,0,9
18975,0,1,4,43
18976,1,2,2,34
18977,0,0,0,31
18978,0,1,24,153
18979,0,1,382,1972
1898,0,1,4,1356
18980,2,3,66,1295
18981,0,1,18,514
18982,0,6,36,436
18983,0,1,1,2207
18984,0,0,0,9
18985,0,1,37,713
18986,0,0,0,56
18987,1,2,2,68
18988,0,0,0,2
18989,0,1,4,49
1899,0,1,33,112
18990,0,0,0,31
18991,1,2,2,34
18992,0,0,0,310
18993,0,5,23,1134
18994,0,1,1,8
18995,0,1,33,481
18996,1,2,9,13
18997,0,0,0,5
18998,1,2,9,3937
18999,0,0,16,16
19,1,2,2,2106
190,0,0,17,333
1900,0,1,13,4706
19000,2,3,5,6661
19001,0,0,0,0
19002,1,2,3,3
19003,0,0,0,1
19004,0,0,0,0
19005,1,2,2,4
19006,0,0,0,2
19007,1,2,3,3
19008,0,0,0,1
19009,0,0,0,0
1901,0,1,13,394
19010,1,2,2,4
19011,0,0,6,6
19012,0,0,0,2
19013,0,0,0,5
19014,0,0,0,2
19015,0,0,0,2
19016,0,0,6,6
19017,0,0,6,6
19018,1,2,2,4
19019,2,3,5,10
1902,0,1,13,394
19020,0,0,0,0
19021,1,2,3,19
19022,0,8,32,32
19023,0,0,0,387
19024,2,3,5,10
19025,0,0,0,0
19026,0,0,0,342
19027,0,0,0,0
19028,1,2,3,3
19029,3,4,10,28
1903,0,1,13,60
19030,0,1,1057,2804
19031,0,1,33,543
19032,0,1,18,6662
19033,0,1,1,18
19034,0,1,29,51
19035,0,0,0,0
19036,0,0,0,0
19037,1,2,3,3
19038,2,3,5,41
19039,0,1,1,8
1904,0,1,13,60
19040,0,1,4,5287
19041,0,1,37,3938
19042,0,5,23,2805
19043,0,0,0,31
19044,0,0,40,395
19045,0,0,0,48
19046,0,0,0,170
19047,0,0,0,48
19048,0,0,40,395
19049,0,0,0,170
1905,0,1,13,394
19050,0,0,0,12
19051,2,3,5,134
19052,0,0,0,1
19053,1,2,7,7
19054,2,3,11,14
19055,0,30,159,2313
19056,2,3,8,79
19057,2,3,31,36
19058,1,2,3,3
19059,2,3,11,14
1906,0,1,13,60
19060,1,2,2,4
19061,0,0,0,1
19062,0,0,0,2
19063,0,0,0,2
19064,0,0,0,5
19065,0,0,0,5
19066,1,2,9,26
19067,0,1,1,8
19068,0,1,1,1965
19069,0,1,22,1245
1907,3,4,10,578
19070,0,0,0,5
19071,0,0,15,140
19072,0,0,0,5
19073,1,2,2,23
19074,0,0,0,2
19075,0,0,0,2
19076,0,0,0,5
19077,0,0,0,5
19078,0,0,0,2
19079,0,0,0,2
1908,0,0,17,123
19080,0,0,0,5
19081,0,0,0,5
19082,0,0,0,2
19083,0,0,0,5
19084,0,0,0,2
19085,1,2,2,23
19086,0,0,0,5
19087,0,0,0,2
19088,0,0,15,140
19089,0,0,104,171
1909,0,1,14,129
19090,0,0,104,171
19091,0,0,0,5
19092,0,0,0,2
19093,1,2,2,23
19094,0,0,104,3939
19095,0,0,15,140
19096,1,2,2,23
19097,0,0,0,5
19098,0,0,0,2
19099,0,0,104,171
191,3,4,116,299
1910,0,1,13,394
19100,0,0,0,2
19101,0,0,0,2
19102,0,0,0,5
19103,0,0,0,5
19104,0,0,15,140
19105,0,0,104,171
19106,1,2,2,23
19107,0,0,0,5
19108,0,0,0,2
19109,0,0,0,5
1911,0,0,0,75
19110,0,0,104,714
19111,1,2,2,23
19112,0,0,0,5
19113,0,0,104,171
19114,0,0,0,2
19115,0,0,0,5
19116,0,0,0,5
19117,0,0,0,2
19118,0,0,0,2
19119,0,0,0,5
1912,0,0,0,2
19120,0,0,0,2
19121,0,0,0,2
19122,0,0,0,5
19123,1,2,2,23
19124,0,1,13,208
19125,1,2,7,7
19126,0,0,0,1
19127,1,2,3,19
19128,1,2,2,4
19129,2,3,5,10
1913,0,1,13,60
19130,0,0,0,0
19131,1,2,3,19
19132,0,0,0,1
19133,1,2,2,4
19134,0,0,0,1
19135,1,2,3,19
19136,0,0,0,0
19137,0,0,0,1
19138,1,2,2,4
19139,1,2,7,7
1914,0,1,13,991
19140,2,3,5,10
19141,0,0,0,0
19142,0,1,4,125
19143,0,5,49,2806
19144,0,1,29,949
19145,0,1,118,644
19146,0,1,4,49
19147,0,0,0,9
19148,0,1,1,8
19149,0,0,0,56
1915,0,1,13,504
19150,1,2,3,92
19151,0,1,37,1648
19152,0,0,0,185
19153,0,5,23,3940
19154,1,2,2,68
19155,0,0,15,3941
19156,0,0,27,25
19157,1,2,2,3942
19158,0,0,0,31
19159,0,0,27,25
1916,0,1,13,60
19160,0,0,15,328
19161,1,2,2,240
19162,4,18,172,3943
19163,0,0,0,5
19164,0,0,0,5
19165,0,0,0,5
19166,0,0,0,5
19167,0,0,0,5
19168,0,0,0,5
19169,2,3,90,256
1917,0,1,13,394
19170,16,48,161,252
19171,0,0,6,6
19172,0,0,6,6
19173,0,0,6,6
19174,0,0,6,6
19175,0,0,6,6
19176,0,0,6,6
19177,0,0,6,6
19178,0,0,6,6
19179,0,0,6,6
1918,0,1,13,394
19180,0,0,6,6
19181,0,0,6,6
19182,0,0,6,6
19183,0,0,6,6
19184,0,0,6,6
19185,0,0,6,6
19186,0,0,6,6
19187,0,0,6,6
19188,0,0,6,6
19189,0,0,6,6
1919,0,1,13,60
19190,0,0,6,6
19191,0,0,6,6
19192,0,0,6,6
19193,0,0,6,6
19194,0,0,6,6
19195,0,0,6,6
19196,0,0,6,6
19197,0,0,6,6
19198,0,0,6,6
19199,0,0,6,6
192,0,0,0,1
1920,0,1,13,60
19200,0,0,6,6
19201,0,0,6,6
19202,0,0,6,6
19203,0,0,6,6
19204,0,0,6,6
19205,0,0,6,6
19206,0,0,6,6
19207,0,0,6,6
19208,0,0,6,6
19209,0,0,6,6
1921,0,0,38,223
19210,0,0,6,6
19211,0,0,6,6
19212,0,0,6,6
19213,0,0,6,6
19214,0,0,6,6
19215,0,0,6,6
19216,0,0,6,6
19217,0,0,6,6
19218,0,0,6,6
19219,0,0,6,6
1922,0,1,13,991
19220,0,0,6,6
19221,0,0,6,6
19222,0,0,6,6
19223,0,0,6,6
19224,0,0,6,6
19225,0,0,6,6
19226,0,0,6,6
19227,0,0,6,6
19228,0,0,6,6
19229,0,0,6,6
1923,0,0,17,123
19230,0,0,6,6
19231,0,0,6,6
19232,0,0,6,6
19233,0,0,6,6
19234,0,0,6,6
19235,0,0,6,6
19236,0,0,6,6
19237,0,0,6,6
19238,0,0,6,6
19239,0,0,6,6
1924,0,1,14,129
19240,0,0,6,6
19241,0,0,6,6
19242,0,0,6,6
19243,0,0,6,6
19244,0,0,6,6
19245,0,0,6,6
19246,0,0,6,6
19247,0,0,6,6
19248,0,0,6,6
19249,0,0,6,6
1925,0,1,4,49
19250,0,0,6,6
19251,0,0,6,6
19252,0,0,6,6
19253,0,0,6,6
19254,0,0,6,6
19255,0,0,6,6
19256,0,0,6,6
19257,0,0,6,6
19258,0,0,6,6
19259,0,0,6,6
1926,1,2,2,501
19260,0,0,6,6
19261,0,0,6,6
19262,0,0,6,6
19263,0,0,6,6
19264,0,0,6,6
19265,0,0,6,6
19266,0,0,6,6
19267,0,0,6,6
19268,0,0,6,6
19269,0,0,6,6
1927,0,0,0,326
19270,0,0,6,6
19271,0,0,6,6
19272,0,0,6,6
19273,0,0,6,6
19274,0,0,6,6
19275,0,0,6,6
19276,0,0,6,6
19277,0,0,6,6
19278,0,0,6,6
19279,0,0,6,6
1928,0,1,13,394
19280,0,0,6,6
19281,0,0,6,6
19282,0,0,6,6
19283,0,0,6,6
19284,0,0,6,6
19285,0,0,6,6
19286,0,0,6,6
19287,0,0,6,6
19288,0,0,6,6
19289,0,0,6,6
1929,0,5,23,143
19290,0,0,6,6
19291,0,0,6,6
19292,0,0,6,6
19293,0,0,6,6
19294,0,0,6,6
19295,0,0,6,6
19296,0,0,6,6
19297,0,0,6,6
19298,0,0,6,6
19299,0,0,6,6
193,0,0,0,0
1930,0,1,13,60
19300,0,0,6,6
19301,0,0,6,6
19302,0,0,6,6
19303,0,0,6,6
19304,0,0,6,6
19305,0,0,6,6
19306,0,0,6,6
19307,1,2,9,46
19308,0,0,6,6
19309,0,0,6,6
1931,0,0,45,71
19310,0,0,6,6
19311,0,0,6,6
19312,0,0,6,6
19313,0,0,6,6
19314,0,0,6,6
19315,0,0,6,6
19316,0,0,6,6
19317,0,0,6,6
19318,0,0,6,6
19319,0,0,6,6
1932,0,0,17,39
19320,0,0,6,6
19321,0,0,6,6
19322,0,0,6,6
19323,0,0,6,6
19324,0,0,6,6
19325,0,0,6,6
19326,0,0,6,6
19327,0,0,6,6
19328,0,0,6,6
19329,0,0,6,6
1933,0,1,37,182
19330,0,0,6,6
19331,0,0,0,21
19332,0,0,6,6
19333,0,0,6,6
19334,0,0,6,6
19335,0,0,6,6
19336,0,0,6,6
19337,0,0,6,6
19338,0,0,6,6
19339,0,0,6,6
1934,0,1,1,193
19340,0,0,6,6
19341,0,0,6,6
19342,0,0,6,6
19343,0,0,6,6
19344,0,0,6,6
19345,0,0,6,6
19346,0,0,6,6
19347,0,0,6,6
19348,0,0,6,6
19349,0,0,6,6
1935,0,0,52,52
19350,0,0,6,6
19351,0,0,6,6
19352,0,0,6,6
19353,0,0,6,6
19354,0,0,6,6
19355,0,0,6,6
19356,0,0,6,6
19357,0,0,6,6
19358,0,0,6,6
19359,0,0,6,6
1936,1,2,53,53
19360,0,0,6,6
19361,0,0,6,6
19362,0,0,6,6
19363,0,0,6,6
19364,0,0,6,6
19365,0,0,6,6
19366,0,0,6,6
19367,0,0,6,6
19368,0,0,6,6
19369,0,0,6,6
1937,0,1,182,486
19370,0,0,6,6
19371,0,0,6,6
19372,0,0,6,6
19373,0,0,6,6
19374,0,0,6,6
19375,0,0,6,6
19376,3,4,10,383
19377,1,2,3,3
19378,0,0,0,0
19379,3,4,10,28
1938,0,1,13,325
19380,2,3,8,1133
19381,0,1,39,156
19382,0,0,0,0
19383,1,2,3,3
19384,0,0,0,0
19385,0,1,39,156
19386,1,2,3,3
19387,0,0,0,0
19388,0,1,39,156
19389,2,3,66,1295
1939,3,4,10,3366
19390,0,9,54,54
19391,12,40,136,189
19392,0,0,133,235
19393,1,2,9,13
19394,0,0,0,9
19395,0,1,21,24
19396,0,0,0,0
19397,0,0,0,1
19398,0,0,0,2
19399,0,0,0,12
194,3,4,10,83
1940,0,1,110,6064
19400,1,2,2,4
19401,1,2,3,3
19402,0,0,0,1
19403,1,2,7,7
19404,0,0,0,2
19405,0,0,0,187
19406,1,25,186,646
19407,0,0,0,5
19408,0,0,61,89
19409,0,0,0,9
1941,0,1,89,1587
19410,0,0,114,576
19411,0,0,0,1979
19412,1,2,2,2807
19413,0,0,0,0
19414,0,0,0,0
19415,1,2,2,4
19416,1,2,3,3
19417,0,0,0,2
19418,1,2,7,7
19419,1,2,3,3
1942,0,1,182,1421
19420,2,3,8,11
19421,0,0,0,1
19422,1,2,2,4
19423,0,0,0,0
19424,1,2,3,3
19425,0,0,0,0
19426,1,2,2,4
19427,0,0,0,2
19428,0,0,0,1
19429,3,4,10,28
1943,1,2,9,13
19430,2,3,5,15
19431,0,1,39,58
19432,0,1,14,6663
19433,0,1,13,1316
19434,0,0,0,5
19435,0,0,0,2
19436,0,0,0,5
19437,1,2,9,26
19438,1,2,2,2808
19439,0,0,41,1301
1944,0,1,255,1422
19440,0,1,89,6664
19441,0,1,139,298
19442,3,4,10,3944
19443,4,18,153,336
19444,3,4,10,205
19445,0,0,78,926
19446,0,0,17,39
19447,0,0,52,52
19448,1,2,53,53
19449,0,0,45,71
1945,0,0,0,1
19450,0,0,0,9
19451,0,1,1,8
19452,0,1,13,60
19453,0,0,19,173
19454,2,3,66,720
19455,0,1,13,399
19456,0,1,14,249
19457,0,0,15,6665
19458,0,0,27,25
19459,0,0,15,1973
1946,1,19,87,6065
19460,1,2,2,240
19461,0,0,6,6
19462,1,2,2,23
19463,1,2,2,23
19464,0,0,0,2
19465,0,0,0,5
19466,1,2,2,23
19467,0,1,312,746
19468,1,2,9,2809
19469,0,0,218,5288
1947,0,0,0,0
19470,0,0,0,5289
19471,0,0,341,870
19472,0,0,6,6
19473,1,2,9,13
19474,0,1,86,358
19475,0,0,0,1
19476,1,2,9,13
19477,0,0,16,16
19478,0,0,0,5
19479,0,0,61,89
1948,0,0,0,154
19480,0,0,0,0
19481,0,0,6,6
19482,0,0,6,6
19483,0,0,6,6
19484,0,0,6,6
19485,0,0,6,6
19486,0,0,16,16
19487,0,0,0,37
19488,0,0,6,6
19489,0,0,6,6
1949,0,1,20,29
19490,0,0,6,6
19491,0,0,6,6
19492,0,0,6,6666
19493,0,0,6,6
19494,0,0,6,6
19495,0,0,0,21
19496,0,0,314,722
19497,0,1,4,1974
19498,0,1,179,763
19499,0,1,179,763
195,3,4,10,69
1950,0,1,13,1423
19500,0,1,12,1135
19501,0,0,545,1385
19502,0,0,545,1385
19503,0,1,865,3945
19504,0,1,1233,6667
19505,0,1,12,386
19506,0,1,12,1649
19507,0,1,12,386
19508,0,1,12,1649
19509,0,1,1454,5290
1951,2,3,178,535
19510,0,1,335,3946
19511,0,1,335,5291
19512,10,35,281,6668
19513,0,11,168,3947
19514,5,26,522,1603
19515,0,11,177,344
19516,9,42,227,459
19517,5,26,522,3948
19518,0,1,12,601
19519,0,43,162,3949
1952,0,0,17,123
19520,0,1,12,1296
19521,0,1,12,1296
19522,0,1,12,6669
19523,0,1,12,3950
19524,0,1,12,5292
19525,0,0,41,3951
19526,0,1,12,3952
19527,0,1,12,1296
19528,0,1,12,854
19529,0,1,25,596
1953,0,0,0,48
19530,0,1,174,3953
19531,0,1,174,1136
19532,0,1,174,1650
19533,0,1,174,1651
19534,0,1,174,1136
19535,0,1,174,1652
19536,0,1,245,510
19537,25,80,336,696
19538,0,1,245,2208
19539,0,1,245,510
1954,0,1,14,129
19540,25,80,336,696
19541,0,1,245,510
19542,25,80,336,696
19543,0,1,304,1073
19544,0,1,1,18
19545,0,1,1,8
19546,0,1,21,24
19547,0,1,1,38
19548,0,9,54,54
19549,3,4,121,2209
1955,0,1,13,1834
19550,0,0,400,962
19551,3,4,121,1975
19552,3,4,10,1075
19553,0,0,0,21
19554,0,0,81,603
19555,31,84,362,1847
19556,0,0,133,609
19557,0,9,54,54
19558,3,4,121,365
19559,12,110,533,2132
1956,0,1,13,1835
19560,10,35,1455,5293
19561,0,0,19,55
19562,0,9,54,54
19563,6,14,98,157
19564,0,1,12,1653
19565,0,1,1456,5294
19566,0,1,866,3954
19567,16,48,161,252
19568,2,3,132,6670
19569,0,0,0,86
1957,0,1,182,486
19570,0,1,106,466
19571,0,0,0,2
19572,0,0,0,1
19573,0,1,4,2210
19574,0,1,1,8
19575,0,1,1,38
19576,0,1,1,8
19577,0,1,25,224
19578,0,0,0,1297
19579,0,1,12,1961
1958,0,0,0,48
19580,1,2,9,13
19581,0,0,0,5
19582,0,0,92,139
19583,1,2,3,3
19584,0,0,0,0
19585,0,0,0,0
19586,0,0,0,273
19587,1,2,9,13
19588,1,2,9,13
19589,0,1,304,1667
1959,0,0,0,170
19590,1,12,43,272
19591,0,0,0,1
19592,0,0,0,434
19593,2,3,5,15
19594,2,3,5,10
19595,0,0,0,12
19596,0,0,0,0
19597,2,3,5,67
19598,0,0,0,0
19599,1,2,2,4
196,0,1,14,50
1960,0,0,40,395
19600,1,2,3,33
19601,2,3,11,14
19602,0,0,0,0
19603,1,2,9,5295
19604,15,44,149,315
19605,1,50,166,280
19606,0,0,92,139
19607,1,2,3,3
19608,0,1,39,58
19609,2,3,44,485
1961,0,0,0,48
19610,0,0,0,0
19611,1,2,7,7
19612,2,3,8,11
19613,1,2,2,4
19614,3,4,10,28
19615,1,12,43,771
19616,1,2,3,3
19617,0,0,0,0
19618,0,0,0,1
19619,0,0,0,0
1962,0,1,14,129
19620,0,0,0,0
19621,3,4,10,28
19622,1,2,7,7
19623,0,0,0,2
19624,1,2,7,7
19625,0,0,0,1
19626,1,2,2,4
19627,1,2,3,3
19628,0,0,0,0
19629,0,0,0,2
1963,0,0,17,123
19630,0,0,0,0
19631,1,2,3,3
19632,1,2,2,4
19633,1,2,3,3
19634,2,3,31,36
19635,2,3,5,15
19636,2,3,5,15
19637,1,2,2,4
19638,1,2,7,7
19639,1,2,3,3
1964,0,1,13,60
19640,0,0,0,0
19641,0,0,0,1
19642,2,3,11,14
19643,2,3,8,11
19644,2,3,5,10
19645,2,3,11,80
19646,1,2,2,4
19647,1,2,3,3
19648,0,0,0,0
19649,2,3,8,11
1965,0,0,57,992
19650,0,0,0,0
19651,1,2,3,3
19652,2,3,8,11
19653,1,2,7,7
19654,0,0,0,0
19655,0,0,0,2
19656,0,0,0,0
19657,1,2,3,3
19658,1,2,2,4
19659,0,0,0,1
1966,1,19,267,778
19660,0,0,0,0
19661,0,0,0,2
19662,0,0,0,0
19663,1,2,3,3
19664,2,3,8,188
19665,0,0,0,0
19666,1,2,2,4
19667,0,0,0,12
19668,1,2,7,7
19669,0,0,0,2
1967,1,19,267,778
19670,0,0,0,1
19671,0,0,0,1
19672,1,2,2,4
19673,2,3,11,14
19674,0,0,0,0
19675,1,2,3,3
19676,0,0,0,0
19677,0,0,0,0
19678,0,0,0,3955
19679,0,0,0,2
1968,0,1,14,50
19680,0,0,0,0
19681,0,0,0,1
19682,1,2,7,7
19683,0,0,0,0
19684,0,0,0,0
19685,1,2,3,3
19686,1,2,2,4
19687,1,2,3,3
19688,0,0,0,0
19689,1,2,7,7
1969,0,1,13,991
19690,1,2,3,3
19691,2,3,8,11
19692,1,2,2,4
19693,0,0,0,0
19694,0,0,0,1
19695,2,3,11,14
19696,2,3,8,11
19697,1,2,7,7
19698,2,3,11,14
19699,2,3,5,15
197,0,0,6,6
1970,0,1,182,486
19700,0,0,0,0
19701,1,2,2,4
19702,2,3,5,15
19703,1,2,3,3
19704,0,0,0,0
19705,0,0,0,1
19706,1,2,2,4
19707,0,0,0,0
19708,0,0,0,5296
19709,1,2,3,3
1971,3,4,10,993
19710,0,0,0,2
19711,0,0,0,1
19712,0,0,0,0
19713,1,2,7,7
19714,0,0,0,0
19715,1,2,3,6671
19716,0,0,0,2
19717,2,3,5,15
19718,0,0,0,0
19719,0,0,0,1
1972,0,1,13,3367
19720,0,0,0,0
19721,1,2,3,3
19722,1,2,2,4
19723,0,0,0,0
19724,0,0,0,0
19725,1,2,7,7
19726,0,1,20,29
19727,0,1,1,20
19728,0,0,0,2
19729,1,2,2,23
1973,0,1,13,6066
19730,0,0,0,37
19731,0,0,0,2
19732,2,3,8,11
19733,1,2,7,7
19734,0,0,0,0
19735,5,33,165,3956
19736,1,2,3,3
19737,3,4,10,28
19738,2,3,11,14
19739,0,0,0,0
1974,0,1,115,396
19740,0,0,0,1
19741,0,0,0,2
19742,1,2,2,4
19743,1,2,9,87
19744,0,1,219,2810
19745,0,1,1,8
19746,0,1,33,112
19747,0,0,78,212
19748,0,1,22,2811
19749,0,1,4,57
1975,0,0,0,1
19750,0,1,33,6672
19751,0,0,0,93
19752,2,3,127,174
19753,0,0,0,77
19754,1,2,2,17
19755,0,1,29,51
19756,0,0,0,93
19757,2,3,127,174
19758,1,2,2,17
19759,0,1,29,51
1976,0,0,0,163
19760,0,0,0,77
19761,0,0,0,1
19762,0,0,0,47
19763,0,0,0,47
19764,0,0,6,6
19765,0,0,16,16
19766,0,1,4,78
19767,0,6,73,6673
19768,0,1,22,6674
19769,0,1,1,8
1977,4,31,129,179
19770,0,1,37,2812
19771,38,122,591,5297
19772,7,15,48,2813
19773,1,2,9,2145
19774,0,0,246,534
19775,0,0,0,9
19776,1,2,2,5298
19777,1,2,2,17
19778,1,2,2,17
19779,1,2,2,17
1978,2,3,146,1235
19780,0,1,22,245
19781,0,1,1,8
19782,0,1,42,130
19783,0,0,0,3957
19784,0,0,0,197
19785,1,2,2,219
19786,0,1,14,85
19787,0,1,148,6675
19788,0,0,27,25
19789,1,2,2,126
1979,4,31,129,179
19790,0,0,15,444
19791,0,0,0,0
19792,0,1,1,8
19793,0,5,23,2814
19794,0,1,24,1654
19795,0,1,4,49
19796,0,0,0,31
19797,0,1,37,370
19798,0,1,12,464
19799,0,0,40,6676
198,1,2,9,355
1980,1,19,87,994
19800,0,0,0,48
19801,0,1,1,8
19802,0,0,0,31
19803,0,1,4,49
19804,0,1,37,370
19805,0,1,24,1654
19806,0,5,23,2815
19807,2,3,5,15
19808,0,0,0,0
19809,1,2,3,3
1981,1,2,2,40
19810,0,0,0,0
19811,1,2,3,3
19812,1,2,2,4
19813,0,0,0,1
19814,3,4,10,28
19815,1,148,697,3958
19816,2,3,428,969
19817,0,0,500,2816
19818,0,1,4,669
19819,0,0,59,64
1982,4,20,70,76
19820,0,0,0,242
19821,0,0,77,258
19822,0,0,0,0
19823,2,3,132,1976
19824,4,18,172,6677
19825,0,0,0,5299
19826,0,0,17,6678
19827,0,1,179,763
19828,0,173,867,3959
19829,0,1,179,3960
1983,4,31,129,179
19830,0,0,6,6
19831,0,0,6,6
19832,0,0,6,6
19833,0,0,6,6
19834,0,0,6,6
19835,0,0,6,6
19836,0,1,25,596
19837,0,0,6,6
19838,0,0,6,6
19839,0,0,6,6
1984,1,2,2,40
19840,0,0,6,6
19841,0,0,6,6
19842,0,0,6,6
19843,0,0,6,6
19844,2,3,34,35
19845,2,3,34,35
19846,2,3,34,35
19847,2,3,34,35
19848,0,0,6,6
19849,0,0,6,2817
1985,0,0,0,238
19850,0,0,6,6
19851,0,1,1,8
19852,0,1,1,44
19853,0,0,15,27
19854,0,0,0,1
19855,1,2,7,7
19856,0,0,0,0
19857,0,0,0,1
19858,2,3,5,10
19859,1,2,2,4
1986,0,1,20,29
19860,1,2,3,19
19861,0,0,0,0
19862,2,3,5,10
19863,1,2,3,19
19864,1,2,2,4
19865,0,0,15,27
19866,1,2,7,7
19867,0,0,0,1
19868,0,1,276,5300
19869,0,1,221,3961
1987,0,1,13,166
19870,0,47,1234,6679
19871,0,1,225,2818
19872,0,268,1457,5301
19873,0,1,513,1066
19874,0,1,1,18
19875,0,0,0,0
19876,1,2,7,7
19877,2,3,8,11
19878,1,2,3,3
19879,0,0,0,0
1988,0,1,20,29
19880,1,2,2,4
19881,2,3,5,10
19882,2,3,5,15
19883,0,1,22,245
19884,0,1,1,44
19885,0,1,22,245
19886,0,1,1,8
19887,0,0,0,2
19888,1,2,3,3
19889,0,0,0,0
1989,0,1,13,166
19890,2,3,8,11
19891,0,0,0,1
19892,1,2,3,3
19893,2,3,5,10
19894,1,2,7,7
19895,1,2,2,4
19896,0,0,0,0
19897,0,0,0,0
19898,1,2,7,7
19899,1,2,2,4
199,0,0,6,70
1990,0,0,0,0
19900,2,3,8,188
19901,0,0,0,0
19902,2,3,8,11
19903,2,3,44,59
19904,2,3,11,14
19905,1,2,3,6680
19906,1,2,3,3
19907,2,3,8,11
19908,0,0,0,0
19909,0,0,0,0
1991,0,0,0,1
19910,1,2,2,4
19911,0,0,0,0
19912,2,3,11,14
19913,2,3,8,186
19914,0,0,0,2
19915,1,2,3,3
19916,1,2,7,7
19917,0,0,0,0
19918,2,3,11,14
19919,1,2,2,4
1992,0,0,0,2
19920,1,2,3,3
19921,1,2,7,7
19922,1,12,43,1655
19923,0,1,39,156
19924,1,2,3,3
19925,0,0,0,12
19926,0,0,0,1
19927,1,2,7,7
19928,0,0,0,2
19929,0,0,0,2819
1993,4,31,129,179
19930,2,3,8,188
19931,2,3,8,11
19932,0,0,0,5302
19933,1,2,2,4
19934,0,0,0,1
19935,2,3,11,14
19936,0,0,0,6681
19937,0,0,0,0
19938,0,0,0,1
19939,2,3,11,14
1994,0,0,0,238
19940,1,2,2,4
19941,2,3,5,15
19942,0,0,0,5303
19943,1,2,3,3
19944,2,3,8,11
19945,1,2,7,7
19946,2,3,11,14
19947,2,3,8,11
19948,2,3,5,15
19949,1,2,3,3
1995,1,2,2,40
19950,1,2,2,4
19951,0,0,0,1
19952,0,0,0,0
19953,1,2,7,7
19954,1,2,2,4
19955,0,0,0,0
19956,1,2,3,3
19957,0,0,0,1
19958,1,2,7,7
19959,0,0,0,0
1996,0,0,0,1
19960,2,3,8,11
19961,0,0,0,0
19962,0,0,0,2
19963,2,3,5,15
19964,1,2,3,3
19965,0,0,0,0
19966,0,0,0,0
19967,1,2,7,7
19968,0,0,0,1
19969,1,2,2,4
1997,0,0,0,0
19970,0,0,0,0
19971,0,0,0,2
19972,1,2,3,2820
19973,1,2,3,3
19974,0,0,0,0
19975,3,4,10,28
19976,0,0,0,2
19977,2,3,8,11
19978,0,0,0,0
19979,0,0,0,2
1998,2,3,5,10
19980,5,33,165,2821
19981,1,2,7,7
19982,0,0,0,1
19983,0,0,0,0
19984,2,3,11,14
19985,1,2,2,4
19986,1,2,3,3
19987,0,0,0,1
19988,1,2,7,7
19989,0,0,0,2
1999,0,0,0,0
19990,0,0,0,0
19991,0,0,0,0
19992,1,2,2,4
19993,1,2,3,3
19994,0,0,0,0
19995,0,0,0,0
19996,0,0,0,2
19997,1,2,3,3
19998,0,0,0,0
19999,1,2,2,4
2,0,1,13,208
20,0,0,0,1
200,1,2,9,355
2000,2,3,8,11
20000,0,0,0,0
20001,3,4,10,28
20002,1,2,2,4
20003,0,0,0,1
20004,1,2,3,3
20005,0,0,0,0
20006,1,2,7,7
20007,0,0,0,2
20008,0,0,0,0
20009,0,0,0,0
2001,2,3,11,80
20010,2,3,11,14
20011,2,3,5,15
20012,1,2,3,3
20013,0,0,0,0
20014,1,2,7,7
20015,2,3,8,138
20016,1,2,3,3
20017,2,3,5,155
20018,1,2,2,4
20019,0,1,39,58
2002,1,2,3,3
20020,0,0,0,1
20021,0,0,0,0
20022,0,0,0,0
20023,0,0,0,2
20024,1,2,7,7
20025,1,2,3,3
20026,1,2,2,4
20027,1,2,2,4
20028,3,4,10,28
20029,2,3,11,14
2003,11,28,80,97
20030,0,0,0,2
20031,1,2,7,7
20032,0,0,0,1
20033,2,3,8,11
20034,0,0,0,0
20035,0,0,0,0
20036,1,2,3,3
20037,0,0,0,2
20038,0,0,0,0
20039,1,2,3,3
2004,2,3,5,41
20040,1,2,2,4
20041,0,0,0,0
20042,1,2,7,7
20043,1,2,2,4
20044,2,3,8,11
20045,1,2,3,3
20046,0,0,0,1
20047,0,0,0,1
20048,2,3,8,188
20049,0,0,0,2
2005,1,2,2,40
20050,0,0,0,0
20051,2,3,11,14
20052,0,0,0,12
20053,0,0,0,0
20054,2,3,5,15
20055,0,0,0,0
20056,0,0,0,1
20057,1,2,3,3
20058,0,0,0,0
20059,0,0,0,3962
2006,4,31,129,179
20060,0,1,18,441
20061,23,67,271,5304
20062,4,20,70,76
20063,0,1,18,3963
20064,0,1,37,239
20065,0,0,0,31
20066,0,0,0,9
20067,1,2,2,68
20068,0,1,22,270
20069,1,2,3,92
2007,0,0,57,397
20070,0,0,0,86
20071,0,1,1,8
20072,0,0,134,181
20073,0,1,4,78
20074,0,0,0,72
20075,2,3,5,15
20076,2,3,5,155
20077,1,2,2,4
20078,3,4,10,28
20079,0,0,0,0
2008,0,0,0,238
20080,1,2,3,3
20081,1,2,3,3
20082,2,3,5,134
20083,2,3,127,174
20084,0,0,0,77
20085,1,2,2,17
20086,2,3,127,174
20087,0,0,0,93
20088,0,1,29,51
20089,0,0,0,77
2009,0,1,89,3368
20090,1,2,2,17
20091,0,0,0,77
20092,0,0,0,93
20093,0,0,0,5
20094,0,0,16,16
20095,8,62,387,1977
20096,0,1,13,166
20097,0,0,0,0
20098,0,0,0,0
20099,0,0,0,0
201,0,0,6,6
2010,0,0,0,2
20100,0,0,0,0
20101,2,3,8,11
20102,0,0,0,0
20103,0,0,0,0
20104,1,2,7,7
20105,0,0,0,1
20106,1,2,3,3
20107,1,2,2,4
20108,0,1,39,58
20109,0,0,0,1
2011,0,0,0,1
20110,1,2,2,4
20111,0,0,0,0
20112,1,2,3,3
20113,2,3,8,11
20114,24,82,868,3964
20115,0,0,0,0
20116,1,2,3,3
20117,0,0,0,0
20118,1,2,7,7
20119,2,3,34,35
2012,0,0,45,71
20120,2,3,34,35
20121,2,3,34,35
20122,2,3,34,35
20123,2,3,34,35
20124,0,1,89,2822
20125,1,2,9,13
20126,0,1,115,234
20127,0,0,19,173
20128,0,0,0,2
20129,0,0,0,0
2013,0,0,17,39
20130,2,3,8,11
20131,0,0,0,0
20132,1,2,2,4
20133,1,2,3,3
20134,0,0,0,0
20135,0,1,39,156
20136,1,2,3,3
20137,0,0,19,1030
20138,1,2,3,3965
20139,0,0,0,2
2014,0,1,1,492
20140,0,0,0,438
20141,0,0,0,0
20142,0,0,213,3966
20143,0,0,0,2
20144,0,0,0,5
20145,0,0,0,2
20146,1,2,2,293
20147,0,0,0,5
20148,0,0,0,0
20149,0,0,61,89
2015,0,1,4,78
20150,6,14,710,2211
20151,0,0,0,102
20152,1,2,2,4
20153,0,0,0,0
20154,0,0,0,1
20155,2,3,8,11
20156,0,0,0,12
20157,0,0,0,2
20158,1,2,3,3
20159,1,2,2,4
2016,0,1,1,18
20160,2,3,8,79
20161,1,2,3,3
20162,0,0,0,1
20163,2,3,8,11
20164,0,0,0,0
20165,1,2,7,7
20166,0,0,0,0
20167,2,3,5,15
20168,0,1,1,8
20169,0,1,1,18
2017,0,1,22,270
20170,0,0,0,9
20171,0,0,0,9
20172,0,0,0,9
20173,0,0,0,9
20174,0,0,0,9
20175,0,0,0,9
20176,0,0,0,9
20177,0,0,0,9
20178,0,0,0,9
20179,0,0,0,9
2018,0,1,1,8
20180,0,0,0,9
20181,0,0,0,9
20182,0,0,0,9
20183,0,0,0,9
20184,0,0,0,9
20185,0,0,0,9
20186,0,0,0,9
20187,0,0,0,9
20188,0,0,0,9
20189,0,0,0,9
2019,0,1,37,239
20190,0,0,0,9
20191,0,0,0,9
20192,0,0,0,9
20193,0,0,0,9
20194,0,0,0,9
20195,0,0,0,9
20196,0,0,0,9
20197,0,0,0,9
20198,0,0,0,9
20199,0,0,0,9
202,0,0,6,6
2020,0,0,0,0
20200,1,2,2,17
20201,1,2,2,17
20202,1,2,2,17
20203,1,2,2,17
20204,1,2,2,17
20205,1,2,2,17
20206,1,2,2,17
20207,1,2,2,17
20208,1,2,2,17
20209,1,2,2,17
2021,0,0,0,47
20210,1,2,2,17
20211,1,2,2,17
20212,1,2,2,17
20213,1,2,2,17
20214,1,2,2,17
20215,1,2,2,17
20216,1,2,2,17
20217,1,2,2,17
20218,1,2,2,17
20219,1,2,2,17
2022,0,0,0,238
20220,1,2,2,17
20221,0,0,0,9
20222,0,0,0,9
20223,0,0,0,9
20224,0,0,0,9
20225,0,0,0,9
20226,0,0,0,9
20227,0,0,0,9
20228,0,0,0,9
20229,0,0,0,9
2023,0,0,78,212
20230,0,0,0,9
20231,1,2,2,17
20232,1,2,2,17
20233,1,2,2,17
20234,1,2,2,17
20235,1,2,2,17
20236,1,2,2,17
20237,1,2,2,17
20238,1,2,2,17
20239,1,2,2,17
2024,0,1,13,166
20240,1,2,2,17
20241,1,2,2,17
20242,0,0,0,9
20243,0,0,0,9
20244,0,0,0,9
20245,0,0,0,9
20246,0,0,0,9
20247,0,0,0,9
20248,0,0,0,9
20249,0,0,0,9
2025,3,4,607,3369
20250,0,0,0,9
20251,0,0,0,9
20252,0,0,0,9
20253,0,0,0,9
20254,1,2,2,17
20255,0,0,0,9
20256,0,0,0,9
20257,0,0,0,9
20258,1,2,2,17
20259,0,0,0,9
2026,0,0,0,2
20260,1,2,2,17
20261,1,2,2,17
20262,1,2,2,17
20263,1,2,2,17
20264,1,2,2,17
20265,1,2,2,17
20266,1,2,2,17
20267,1,2,2,17
20268,1,2,9,26
20269,0,0,16,16
2027,0,1,13,166
20270,0,0,6,6
20271,0,0,6,6
20272,1,2,7,7
20273,0,0,0,12
20274,0,0,0,12
20275,1,2,7,7
20276,2,3,8,1137
20277,1,2,7,7
20278,0,0,0,12
20279,0,0,0,2
2028,0,0,0,1
20280,2,3,11,14
20281,0,0,0,0
20282,2,3,8,11
20283,1,2,7,7
20284,1,2,3,3
20285,0,0,0,0
20286,1,2,2,4
20287,0,0,0,1
20288,0,0,133,609
20289,0,0,556,1859
2029,0,1,20,29
20290,3,4,627,2823
20291,3,4,1458,5305
20292,0,9,65,1339
20293,3,113,869,3967
20294,3,4,215,2824
20295,1,2,2,17
20296,0,1,1,20
20297,0,0,0,9
20298,0,1,21,24
20299,0,1,1,8
203,1,2,9,355
2030,0,0,57,221
20300,0,1,1,38
20301,0,1,18,176
20302,0,0,16,16
20303,0,1,39,156
20304,0,0,0,0
20305,2,3,8,11
20306,1,2,3,3
20307,2,3,8,1133
20308,2,3,5,15
20309,1,2,7,7
2031,1,2,9,13
20310,1,2,3,3
20311,0,0,0,0
20312,2,3,8,389
20313,2,3,11,80
20314,2,3,31,36
20315,1,2,7,7
20316,2,3,11,80
20317,1,2,3,3
20318,0,0,0,0
20319,1,2,2,4
2032,0,0,0,1
20320,2,3,8,11
20321,0,0,0,0
20322,2,3,5,15
20323,1,2,2,4
20324,2,3,5,10
20325,18,49,164,244
20326,11,28,80,97
20327,2,3,5,41
20328,1,2,7,7
20329,0,0,0,0
2033,0,0,0,0
20330,2,3,11,80
20331,2,3,8,11
20332,2,3,31,36
20333,1,2,3,3
20334,0,0,0,0
20335,1,2,2,4
20336,18,49,164,244
20337,11,28,80,97
20338,2,3,5,41
20339,2,3,5,15
2034,0,0,0,2
20340,2,3,5,10
20341,0,1,1,18
20342,0,1,1,8
20343,0,0,47,73
20344,0,1,1,237
20345,0,1,33,112
20346,0,1,21,111
20347,0,1,29,149
20348,1,2,7,7
20349,1,2,3,368
2035,1,2,3,3
20350,0,1,58,279
20351,0,0,0,1
20352,0,1,870,3968
20353,0,0,74,118
20354,1,2,2,34
20355,0,1,4,49
20356,0,0,0,56
20357,0,1,37,713
20358,1,2,2,68
20359,0,0,0,310
2036,1,2,7,7
20360,0,0,0,2
20361,0,0,0,9
20362,0,5,23,1134
20363,0,0,0,31
20364,0,7,26,22
20365,0,1,1,20
20366,1,2,2,17
20367,0,0,0,9
20368,0,1,21,24
20369,0,1,12,1182
2037,0,1,13,164
20370,0,0,133,609
20371,1,2,7,7
20372,0,0,0,1
20373,1,2,2,4
20374,2,3,8,11
20375,0,0,0,0
20376,2,3,5,10
20377,1,2,3,3
20378,0,0,0,0
20379,1,2,3,19
2038,0,0,0,1
20380,0,0,0,0
20381,0,1,1,20
20382,0,0,0,9
20383,1,2,2,17
20384,0,1,1,2207
20385,0,1,18,514
20386,0,0,19,55
20387,12,40,136,189
20388,0,0,46,94
20389,3,4,67,99
2039,0,0,0,0
20390,0,0,46,94
20391,0,0,133,235
20392,3,4,121,1978
20393,0,9,65,289
20394,0,9,54,54
20395,6,14,98,157
20396,0,0,19,5306
20397,0,1,1,8
20398,0,1,22,309
20399,0,1,4,57
204,0,0,6,107
2040,1,2,2,4
20400,0,1,33,3969
20401,0,1,1,110
20402,0,1,1,18
20403,0,0,0,2
20404,1,2,2,40
20405,0,0,0,1
20406,0,0,0,1
20407,0,0,0,86
20408,1,2,2,40
20409,0,0,0,2
2041,0,0,0,1
20410,0,0,0,86
20411,0,0,0,1
20412,0,0,0,2
20413,0,83,668,6682
20414,1,2,2,40
20415,1,2,9,13
20416,0,0,0,2
20417,0,0,0,5
20418,2,3,8,11
20419,1,2,3,3
2042,0,1,13,166
20420,2,3,31,36
20421,2,3,11,14
20422,0,0,0,0
20423,2,3,5,10
20424,1,2,7,7
20425,2,3,5,15
20426,2,3,44,59
20427,1,2,2,4
20428,11,28,80,97
20429,2,3,5,41
2043,0,0,57,397
20430,0,0,0,0
20431,0,1,12,5307
20432,0,0,0,75
20433,0,0,28,6683
20434,0,0,871,3970
20435,0,0,28,3971
20436,0,0,6,6
20437,0,0,16,16
20438,0,0,16,16
20439,0,0,0,271
2044,1,2,2,40
20440,1,19,87,559
20441,0,0,0,86
20442,0,1,63,120
20443,0,1,1,8
20444,0,1,1,180
20445,0,6,36,229
20446,0,1,4,5308
20447,0,1,25,121
20448,0,1,25,159
20449,0,1,25,101
2045,4,31,129,179
20450,0,1,25,460
20451,0,1,25,6684
20452,0,1,472,1298
20453,0,1,25,3972
20454,0,0,0,489
20455,0,1,25,1138
20456,0,1,25,159
20457,2,3,872,3973
20458,2,3,178,597
20459,0,1,25,101
2046,0,0,0,238
20460,0,1,25,121
20461,0,1,25,6685
20462,0,1,25,121
20463,0,1,472,1298
20464,0,1,25,1138
20465,0,1,25,159
20466,2,3,178,597
20467,0,1,25,1312
20468,0,1,25,224
20469,0,1,25,1676
2047,0,0,0,1
20470,0,1,25,1139
20471,0,1,25,5309
20472,0,1,25,460
20473,0,1,25,1299
20474,0,1,25,460
20475,0,1,25,224
20476,0,1,25,121
20477,0,1,25,121
20478,0,1,25,467
20479,0,1,25,101
2048,0,0,52,52
20480,0,1,25,6686
20481,0,1,232,5310
20482,0,1,25,121
20483,0,1,25,121
20484,0,1,25,101
20485,0,1,25,121
20486,0,1,25,224
20487,0,1,25,121
20488,0,1,58,1833
20489,0,1,13,5311
2049,1,2,53,53
20490,0,0,52,52
20491,1,2,53,53
20492,0,0,45,71
20493,0,1,14,90
20494,0,0,17,39
20495,3,4,426,3974
20496,0,0,17,39
20497,0,0,41,106
20498,0,0,52,52
20499,1,2,53,53
205,0,0,6,70
2050,0,0,41,106
20500,0,0,45,71
20501,0,1,14,90
20502,0,1,25,121
20503,0,1,14,1656
20504,0,1,18,514
20505,0,1,18,3975
20506,0,1,547,2825
20507,0,1,1,1300
20508,0,0,0,2
20509,0,0,0,1
2051,0,0,45,71
20510,0,1,25,6687
20511,0,1,25,1139
20512,0,1,25,467
20513,0,1,14,85
20514,0,1,14,85
20515,0,0,52,52
20516,1,2,53,53
20517,0,0,45,71
20518,0,0,41,1301
20519,0,1,13,983
2052,0,0,17,39
20520,0,0,0,0
20521,1,2,3,3
20522,0,0,0,0
20523,2,3,8,11
20524,1,2,3,3
20525,3,4,10,28
20526,1,2,7,7
20527,0,0,0,0
20528,0,0,52,52
20529,1,2,53,53
2053,1,2,3,114
20530,0,0,41,106
20531,0,0,17,39
20532,0,0,0,2
20533,1,23,145,230
20534,1,39,152,283
20535,0,0,92,139
20536,1,50,166,280
20537,0,0,360,1201
20538,0,1,1,115
20539,3,4,10,579
2054,0,0,0,12
20540,0,0,0,1
20541,0,11,140,2000
20542,0,11,140,1302
20543,0,1,1,1462
20544,0,1,4,770
20545,0,1,1,8
20546,0,1,1,18
20547,2,3,44,59
20548,1,2,7,7
20549,2,3,11,14
2055,0,0,0,12
20550,1,2,2,4
20551,2,3,8,11
20552,1,2,3,3
20553,0,0,0,1
20554,2,3,5,10
20555,1,2,2,4
20556,1,2,3,3
20557,0,0,0,0
20558,2,3,8,11
20559,1,2,3,3
2056,2,3,8,79
20560,0,0,0,0
20561,1,2,7,7
20562,0,0,0,0
20563,1,2,2,4
20564,0,0,0,1
20565,0,0,0,2
20566,1,2,3,3
20567,1,2,7,7
20568,0,0,0,0
20569,0,0,0,0
2057,0,0,0,1
20570,0,0,0,0
20571,1,2,2,4
20572,2,3,8,11
20573,2,3,5,15
20574,0,0,0,0
20575,2,3,11,14
20576,1,2,7,7
20577,0,0,0,1
20578,0,0,0,0
20579,1,2,7,7
2058,1,2,7,7
20580,0,0,0,1
20581,2,3,11,14
20582,0,0,0,2
20583,2,3,8,11
20584,0,0,0,0
20585,0,0,0,0
20586,2,3,8,188
20587,1,2,2,4
20588,1,2,7,7
20589,1,2,3,3
2059,1,2,3,91
20590,0,0,0,12
20591,0,0,0,751
20592,0,0,0,2
20593,0,0,0,5
20594,6,14,122,263
20595,3,4,10,6688
20596,1,2,3,19
20597,0,0,0,0
20598,0,0,0,1
20599,1,2,7,7
206,1,2,9,355
2060,0,0,0,1
20600,0,0,0,1
20601,1,2,2,4
20602,0,1,13,504
20603,0,0,0,0
20604,1,2,130,1004
20605,0,1,113,3976
20606,0,5,49,6689
20607,0,0,16,16
20608,0,0,0,5
20609,0,1,35,6690
2061,0,0,0,2
20610,0,1,1,45
20611,2,3,8,11
20612,0,0,0,0
20613,1,2,3,3
20614,0,0,0,2
20615,0,0,17,2826
20616,2,3,44,59
20617,1,2,7,7
20618,2,3,8,11
20619,0,0,0,0
2062,0,0,0,1
20620,2,3,5,15
20621,2,3,11,14
20622,1,2,2,4
20623,1,2,3,3
20624,0,0,0,0
20625,2,3,31,36
20626,3,4,10,28
20627,1,2,9,26
20628,0,0,0,0
20629,1,2,7,7
2063,2,3,8,233
20630,1,2,3,3
20631,0,1,1,44
20632,0,1,1,8
20633,1,2,7,7
20634,2,3,5,337
20635,1,12,43,1657
20636,0,0,0,0
20637,1,2,2,4
20638,1,2,3,3
20639,1,2,2,17
2064,1,2,2,4
20640,0,1,1,8
20641,0,1,18,761
20642,0,1,1,38
20643,0,0,0,9
20644,0,0,0,2
20645,0,1,297,2162
20646,0,0,0,375
20647,0,0,0,1979
20648,0,0,0,2
20649,1,2,2,17
2065,0,1,13,2368
20650,1,2,7,7
20651,0,0,0,9
20652,2,3,8,11
20653,0,1,1,20
20654,0,0,0,2
20655,0,0,0,0
20656,0,1,21,24
20657,2,3,8,188
20658,2,3,11,14
20659,0,0,0,1
2066,2,3,5,41
20660,0,0,0,0
20661,0,0,0,1
20662,1,2,3,3
20663,1,2,2,4
20664,1,2,7,7
20665,2,3,5,15
20666,3,4,10,28
20667,2,3,8,11
20668,0,0,0,0
20669,1,2,2,4
2067,2,3,11,14
20670,1,2,3,3
20671,2,3,11,80
20672,0,0,0,0
20673,2,3,8,389
20674,2,3,50,319
20675,0,0,0,0
20676,2,3,5,15
20677,2,3,5,67
20678,0,0,0,0
20679,1,2,2,4
2068,0,1,13,498
20680,2,3,11,14
20681,1,2,3,33
20682,0,0,0,12
20683,2,3,5,10
20684,1,12,43,272
20685,0,0,0,0
20686,1,2,7,7
20687,0,0,0,1
20688,0,1,13,60
20689,0,0,52,52
2069,0,0,0,1
20690,1,2,53,53
20691,0,1,14,90
20692,0,0,45,71
20693,0,0,17,39
20694,0,0,41,106
20695,0,1,150,2827
20696,0,0,0,1
20697,1,19,87,2828
20698,0,0,6,6
20699,0,0,0,5
207,0,0,6,6
2070,0,0,0,2
20700,1,2,9,87
20701,0,11,140,1275
20702,2,3,112,527
20703,0,0,0,5
20704,0,0,47,73
20705,0,1,1,8
20706,0,1,33,266
20707,0,1,4,57
20708,0,1,1,44
20709,0,1,1,207
2071,0,1,13,2195
20710,0,0,0,0
20711,1,2,7,7
20712,0,0,0,1
20713,0,0,16,16
20714,0,0,0,5
20715,0,1,233,5312
20716,0,1,12,533
20717,1,2,9,13
20718,0,0,16,16
20719,1,2,3,331
2072,1,2,3,3
20720,0,0,0,0
20721,0,0,0,5
20722,0,1,1,20
20723,0,0,0,9
20724,1,2,2,17
20725,0,0,0,86
20726,0,1,4,125
20727,0,1,4,3977
20728,0,1,14,1929
20729,0,0,95,5313
2073,0,0,0,0
20730,0,1,4,1838
20731,0,0,0,77
20732,1,2,3,6691
20733,0,1,1,6692
20734,0,0,0,21
20735,0,1,4,287
20736,0,1,4,81
20737,2,3,178,597
20738,0,1,25,159
20739,0,1,25,5314
2074,0,0,45,71
20740,0,1,25,101
20741,0,1,25,101
20742,0,1,25,101
20743,0,1,25,3978
20744,0,1,25,101
20745,0,1,25,121
20746,0,1,25,467
20747,0,1,25,101
20748,0,1,25,224
20749,0,1,25,101
2075,0,1,14,90
20750,0,1,25,159
20751,0,1,25,101
20752,0,0,0,2
20753,0,0,0,1
20754,0,0,0,2
20755,0,0,0,1
20756,0,0,0,489
20757,0,1,25,159
20758,0,0,0,1
20759,1,2,3,3
2076,0,0,17,39
20760,1,2,7,7
20761,0,0,0,0
20762,0,0,0,2
20763,1,2,3,3
20764,1,2,2,4
20765,0,0,0,0
20766,3,4,10,28
20767,2,3,11,14
20768,0,1,4,81
20769,0,0,16,16
2077,0,0,41,106
20770,2,3,34,35
20771,0,1,89,3979
20772,1,2,2,17
20773,0,1,1,20
20774,0,0,0,9
20775,0,0,247,1980
20776,0,0,0,86
20777,0,0,0,271
20778,0,1,115,396
20779,1,19,87,559
2078,0,0,52,52
20780,0,0,0,1
20781,0,0,0,2
20782,0,0,0,86
20783,0,132,632,3980
20784,0,0,0,5
20785,0,0,0,5
20786,0,0,0,2
20787,0,0,0,2
20788,0,0,0,1
20789,0,0,0,12
2079,1,2,53,53
20790,0,0,0,1
20791,0,0,0,2
20792,0,0,0,0
20793,1,2,3,3
20794,0,0,0,1
20795,1,2,2,4
20796,0,1,4,30
20797,0,1,4,62
20798,0,0,123,3981
20799,0,0,0,2829
208,0,0,6,70
2080,2,3,8,11
20800,0,0,123,3982
20801,0,0,59,651
20802,0,0,17,531
20803,0,0,0,342
20804,0,0,234,1140
20805,0,1,22,270
20806,0,1,1,8
20807,0,1,4,78
20808,0,1,1,492
20809,0,6,73,2212
2081,1,2,3,63
20810,0,1,37,239
20811,2,3,415,830
20812,0,0,0,2
20813,1,2,2,23
20814,0,0,0,5
20815,0,1,4,248
20816,0,0,0,2830
20817,0,0,0,936
20818,0,1,233,6693
20819,0,0,6,6
2082,0,0,0,2
20820,0,0,6,107
20821,3,4,183,537
20822,0,0,6,70
20823,0,0,0,102
20824,1,2,7,7
20825,0,0,0,0
20826,1,2,2,4
20827,1,2,3,19
20828,0,0,0,1
20829,2,3,5,10
2083,0,0,78,431
20830,2,3,8,1286
20831,1,54,279,950
20832,0,0,0,21
20833,2,3,100,2831
20834,2,3,127,174
20835,0,0,0,102
20836,0,1,14,806
20837,0,0,0,262
20838,0,1,4,214
20839,0,1,1,38
2084,0,0,0,1
20840,0,1,286,1825
20841,0,1,286,1406
20842,0,1,1,8
20843,0,0,47,5315
20844,0,1,22,1658
20845,0,1,1,8
20846,0,1,29,51
20847,2,3,127,174
20848,1,2,2,17
20849,0,0,0,77
2085,0,0,0,75
20850,0,1,29,51
20851,0,0,0,93
20852,0,0,38,3983
20853,3,4,116,3984
20854,0,0,40,2832
20855,0,0,15,27
20856,0,0,0,1
20857,0,0,0,0
20858,0,0,38,858
20859,0,5,23,871
2086,0,0,0,1
20860,0,1,4,43
20861,0,0,0,1
20862,3,4,10,1035
20863,0,0,0,37
20864,0,0,0,2
20865,0,0,0,1297
20866,0,1,1,8
20867,0,5,23,3985
20868,0,1,250,3986
20869,0,1,4,132
2087,0,0,0,75
20870,0,0,1235,6694
20871,24,82,481,6695
20872,24,82,873,3987
20873,24,82,481,2833
20874,26,81,1236,6696
20875,33,114,874,3988
20876,0,9,268,1055
20877,0,0,0,108
20878,1,50,166,2213
20879,1,56,193,356
2088,0,1,1,193
20880,0,0,6,6
20881,0,1,1,38
20882,0,1,18,176
20883,14,38,195,6697
20884,0,1,532,2834
20885,0,1,1,8
20886,2,3,5,10
20887,1,2,2,4
20888,2,3,5,15
20889,0,0,0,0
2089,0,1,37,182
20890,1,2,3,3
20891,1,2,7,7
20892,2,3,8,11
20893,0,0,0,0
20894,0,0,0,0
20895,2,3,8,11
20896,2,3,5,15
20897,1,2,3,3
20898,0,0,0,0
20899,0,0,0,5
209,0,0,6,107
2090,0,0,0,31
20900,0,0,0,2
20901,0,1,4,162
20902,1,12,388,1216
20903,0,1,13,2214
20904,0,0,0,75
20905,0,0,0,75
20906,0,0,0,2
20907,1,2,3,222
20908,0,0,0,1
20909,1,2,2,4
2091,0,1,63,1555
20910,1,2,3,63
20911,1,2,7,7
20912,0,0,0,102
20913,0,1,1,38
20914,0,1,63,301
20915,0,0,0,2215
20916,0,0,0,1
20917,0,0,229,598
20918,0,0,0,2
20919,1,2,2,518
2092,0,1,37,239
20920,0,0,0,2
20921,0,0,0,267
20922,1,2,9,13
20923,0,1,13,804
20924,0,1,110,1343
20925,0,1,25,5316
20926,0,1,875,3989
20927,1,2,2,4
20928,1,2,7,7
20929,0,0,0,0
2093,0,1,4,49
20930,0,0,0,1
20931,1,2,3,3
20932,0,0,0,2
20933,0,0,0,1
20934,0,0,0,0
20935,2,3,11,14
20936,0,1,4,62
20937,0,0,19,55
20938,0,1,4,30
20939,0,9,270,872
2094,0,1,4,78
20940,0,0,95,2835
20941,0,1,1,104
20942,0,64,292,643
20943,0,1,1,1089
20944,0,1,4,62
20945,0,1,4,217
20946,0,9,54,54
20947,0,1,1,2836
20948,2,3,131,190
20949,0,16,68,82
2095,0,1,22,270
20950,3,4,121,647
20951,0,0,0,1141
20952,0,0,16,16
20953,3,4,67,99
20954,0,1,4,551
20955,0,8,32,32
20956,3,4,67,384
20957,0,1,4,287
20958,0,0,95,585
20959,0,1,91,144
2096,0,1,37,3370
20960,0,0,6,6
20961,1,2,2,476
20962,0,6,36,229
20963,0,0,0,77
20964,0,0,0,21
20965,0,1,4,248
20966,0,1,1,104
20967,0,0,0,1001
20968,0,1,4,364
20969,0,0,0,21
2097,0,1,1,492
20970,0,1,1,180
20971,0,1,1,74
20972,0,1,4,30
20973,0,1,4,236
20974,0,1,4,30
20975,0,1,91,144
20976,0,1,91,144
20977,1,2,9,127
20978,0,1,91,685
20979,0,0,74,118
2098,0,1,1,18
20980,0,0,0,77
20981,0,0,0,21
20982,0,0,16,16
20983,0,0,16,887
20984,0,0,6,6
20985,0,0,0,5
20986,0,1,1,104
20987,2,3,5,10
20988,0,0,15,27
20989,1,2,7,7
2099,0,1,1,8
20990,0,0,0,0
20991,0,0,0,2
20992,0,9,54,54
20993,0,0,0,2
20994,1,2,2,23
20995,0,0,0,5
20996,3,45,194,3990
20997,3,4,386,815
20998,0,43,162,565
20999,0,7,26,22
21,2,3,8,11
210,0,0,6,6
2100,0,1,37,239
21000,0,13,62,5317
21001,0,7,26,22
21002,0,7,26,22
21003,0,0,0,1
21004,1,2,2,40
21005,10,35,169,246
21006,0,0,61,348
21007,2,3,90,256
21008,16,48,161,252
21009,2,3,90,477
2101,0,1,4,78
21010,0,0,16,16
21011,0,0,0,5318
21012,0,0,41,1659
21013,0,1,1459,5319
21014,0,0,180,829
21015,0,0,180,415
21016,0,0,180,415
21017,0,0,0,5
21018,7,15,48,66
21019,0,0,0,2
2102,0,6,73,491
21020,0,1,12,898
21021,0,1,13,3991
21022,0,200,1058,2837
21023,0,1,12,1653
21024,0,0,79,308
21025,0,0,79,524
21026,0,0,79,308
21027,0,0,0,0
21028,0,0,0,1
21029,0,0,0,1
2103,0,1,22,270
21030,2,3,5,15
21031,1,2,3,19
21032,2,3,5,10
21033,0,0,0,0
21034,1,2,2,4
21035,0,1,58,5320
21036,2,3,5,226
21037,0,1,51,623
21038,0,1,29,873
21039,0,8,32,32
2104,0,1,1,8
21040,0,1,4,1111
21041,0,0,0,12
21042,2,3,8,233
21043,1,2,3,91
21044,0,0,0,47
21045,0,0,0,1
21046,0,17,76,853
21047,0,0,0,378
21048,0,0,40,1660
21049,0,0,0,1
2105,0,1,4,78
21050,0,1,20,29
21051,0,0,0,9
21052,0,1,1,8
21053,0,1,33,481
21054,0,1,1,857
21055,0,1,4,2216
21056,0,1,4,30
21057,0,1,4,797
21058,0,1,1,133
21059,0,1,4,269
2106,0,1,13,164
21060,0,0,0,307
21061,0,0,0,330
21062,0,8,32,32
21063,0,1,4,408
21064,0,8,32,32
21065,0,0,0,88
21066,2,3,31,297
21067,0,0,0,0
21068,2,3,8,868
21069,1,2,3,63
2107,0,1,37,239
21070,0,0,0,1
21071,0,0,0,1
21072,0,0,0,2
21073,0,0,0,75
21074,0,0,0,128
21075,2,123,592,1981
21076,2,3,1059,2838
21077,2,123,592,1981
21078,1,25,876,3992
21079,1,2,2,501
2108,0,1,13,164
21080,0,0,0,326
21081,0,1,22,3993
21082,0,1,29,5321
21083,0,5,49,6698
21084,0,1,1,5322
21085,0,1,24,619
21086,0,0,0,9
21087,1,2,2,34
21088,0,1,4,43
21089,0,1,22,2131
2109,0,6,73,491
21090,0,1,1,44
21091,0,1,1,8
21092,0,1,22,309
21093,0,0,0,1
21094,0,0,0,100
21095,1,2,3,63
21096,0,0,0,1
21097,0,1,1,3994
21098,0,1,1,8
21099,0,1,1,849
211,0,0,6,107
2110,0,1,1,8
21100,0,0,15,135
21101,17,60,206,367
21102,0,0,15,1027
21103,0,0,27,25
21104,1,2,2,126
21105,0,0,15,1026
21106,0,0,157,2136
21107,8,29,94,1029
21108,0,1,148,1470
21109,0,0,19,5323
2111,0,0,0,1
21110,0,1,13,553
21111,0,0,247,719
21112,0,0,0,1
21113,0,0,0,2
21114,0,1,4,30
21115,0,1,4,338
21116,0,1,460,3995
21117,0,1,1,1690
21118,0,1,18,6699
21119,0,1,18,5324
2112,0,1,22,270
21120,0,1,1,18
21121,0,1,4,1303
21122,0,0,0,9
21123,0,1,37,3996
21124,0,1,1,5325
21125,2,3,1237,6700
21126,1,2,3,3
21127,0,0,0,0
21128,1,2,7,7
21129,0,0,0,2
2113,0,1,37,239
21130,2,3,11,14
21131,0,0,0,0
21132,2,3,5,15
21133,1,2,2,4
21134,1,2,2,4
21135,1,2,7,7
21136,0,0,0,0
21137,1,2,3,3
21138,3,4,10,28
21139,0,0,0,0
2114,0,1,1,18
21140,2,3,8,11
21141,0,0,0,2
21142,1,2,3,3
21143,0,0,0,0
21144,1,2,2,4
21145,0,0,0,0
21146,2,3,11,14
21147,0,0,0,1
21148,0,0,0,0
21149,2,3,5,15
2115,0,1,4,78
21150,1,2,7,7
21151,0,0,0,2
21152,2,3,8,11
21153,0,1,58,5326
21154,6,14,98,157
21155,0,1,58,2839
21156,1,54,279,950
21157,41,269,1460,5327
21158,0,0,6,1304
21159,0,0,0,6701
2116,0,0,78,212
21160,4,18,153,336
21161,1,54,279,5328
21162,1,54,279,950
21163,0,0,0,1386
21164,0,0,0,1
21165,0,0,0,47
21166,0,1,33,1824
21167,0,1,1,18
21168,0,1,4,770
21169,0,225,1238,6702
2117,0,1,1,8
21170,0,0,1239,6703
21171,0,201,1060,2840
21172,0,0,108,715
21173,0,6,36,693
21174,0,1,1,942
21175,0,1,1061,2841
21176,0,0,108,729
21177,0,43,162,3997
21178,0,0,0,88
21179,0,0,0,468
2118,0,1,22,270
21180,0,0,0,5
21181,0,0,0,0
21182,0,0,0,2
21183,0,1,1,5329
21184,0,1,4,519
21185,0,1,1,1661
21186,0,1,877,3998
21187,0,1,1,6704
21188,0,1,1,2138
21189,0,0,0,88
2119,0,1,1,492
21190,0,1,1,192
21191,0,1,1,1662
21192,0,1,1,658
21193,0,1,1,1783
21194,0,1,1,2314
21195,0,1,1,1390
21196,0,1,1,6705
21197,0,1,1,5330
21198,0,0,16,16
21199,0,0,6,6
212,1,2,9,355
2120,0,1,1,8
21200,0,0,6,6
21201,0,0,0,102
21202,6,14,710,2211
21203,0,1,1,96
21204,0,6,36,1982
21205,0,1,4,494
21206,4,18,172,2842
21207,2,3,11,3999
21208,2,3,50,5331
21209,0,1,217,716
2121,0,0,0,398
21210,0,0,0,1
21211,0,1,217,716
21212,0,0,0,5
21213,0,0,0,5
21214,0,0,0,5
21215,0,0,0,2
21216,0,0,0,5
21217,0,0,0,5
21218,0,0,0,2
21219,1,2,9,26
2122,1,2,2,501
21220,0,0,16,16
21221,0,0,0,5
21222,0,0,0,5
21223,0,1,13,60
21224,0,0,0,0
21225,0,1,1,4000
21226,0,1,1,5332
21227,0,1,1,1876
21228,0,1,878,4001
21229,0,0,0,109
2123,0,0,0,1
21230,1,2,2,17
21231,0,1,1,600
21232,0,1,1,192
21233,0,0,0,4002
21234,0,0,0,452
21235,0,1,1,5333
21236,0,1,4,519
21237,0,1,611,1663
21238,0,1,392,2019
21239,0,1,12,1305
2124,0,0,0,6067
21240,0,0,218,1306
21241,0,1,1,180
21242,0,0,0,6706
21243,0,0,6,6
21244,0,1,4,1384
21245,0,0,0,108
21246,0,0,41,106
21247,10,61,236,561
21248,0,0,0,108
21249,0,0,41,106
2125,0,0,0,47
21250,0,1,20,29
21251,0,1,20,29
21252,0,1,20,29
21253,0,1,20,29
21254,0,8,32,32
21255,0,0,0,1
21256,1,2,7,7
21257,2,3,5,10
21258,1,2,3,19
21259,1,2,2,4
2126,0,0,0,1
21260,0,0,15,27
21261,0,0,0,1
21262,0,0,0,0
21263,0,0,0,0
21264,2,3,5,10
21265,1,2,2,4
21266,0,0,0,1
21267,1,2,7,7
21268,1,2,2,17
21269,0,0,0,109
2127,0,0,0,326
21270,0,0,6,6
21271,0,0,6,6
21272,0,0,6,6
21273,0,0,0,21
21274,0,0,6,6
21275,0,0,6,6
21276,0,0,6,6
21277,0,0,6,6
21278,0,0,6,6
21279,0,0,6,6
2128,0,0,0,326
21280,0,0,6,6
21281,0,0,6,6
21282,0,0,6,6
21283,0,0,6,6
21284,0,0,6,6
21285,0,0,6,6
21286,0,0,6,6
21287,0,0,6,6
21288,0,0,6,6
21289,0,0,6,6
2129,0,0,0,1
21290,0,0,6,6
21291,0,0,6,6
21292,0,0,6,6
21293,0,0,6,6
21294,0,0,0,21
21295,1,2,9,46
21296,0,0,6,6
21297,0,0,6,6
21298,0,0,6,6
21299,0,0,6,6
213,1,2,9,355
2130,0,0,0,1
21300,0,0,6,6
21301,0,0,6,6
21302,0,0,6,6
21303,0,0,6,6
21304,0,0,6,6
21305,0,0,6,6
21306,0,0,6,6
21307,0,0,6,6
21308,0,0,6,6
21309,0,0,6,6
2131,0,0,0,6068
21310,0,0,6,6
21311,0,0,6,6
21312,0,0,6,6
21313,0,0,6,6
21314,0,0,6,6
21315,0,0,6,6
21316,0,0,6,6
21317,0,0,6,6
21318,0,0,6,6
21319,0,0,6,6
2132,0,0,0,326
21320,0,0,6,6
21321,0,0,6,6
21322,0,0,6,6
21323,0,0,6,6
21324,0,0,6,6
21325,0,0,6,6
21326,0,0,6,6
21327,0,0,6,6
21328,0,0,6,6
21329,0,0,6,6
2133,0,0,0,1
21330,0,0,6,6
21331,0,0,6,6
21332,0,0,6,6
21333,0,0,6,6
21334,0,0,6,6
21335,0,0,6,6
21336,0,0,6,6
21337,0,0,6,6
21338,0,0,6,6
21339,0,0,6,6
2134,6,14,98,2369
21340,0,0,6,6
21341,0,0,6,6
21342,0,0,6,6
21343,0,0,6,6
21344,0,0,6,6
21345,0,0,6,6
21346,0,0,6,6
21347,0,0,6,6
21348,0,0,6,6
21349,0,0,6,6
2135,6,14,98,4707
21350,0,0,6,6
21351,0,0,6,6
21352,0,0,6,6
21353,0,0,6,6
21354,0,0,6,6
21355,0,0,6,6
21356,0,0,6,6
21357,0,0,6,6
21358,0,0,6,6
21359,0,0,6,6
2136,6,14,98,2370
21360,0,0,6,6
21361,0,0,6,6
21362,0,0,6,6
21363,0,0,6,6
21364,0,0,6,6
21365,0,0,6,6
21366,0,0,6,6
21367,0,0,6,6
21368,0,0,6,6
21369,0,0,6,6
2137,0,8,32,32
21370,0,0,6,6
21371,0,0,6,6
21372,0,0,6,6
21373,0,0,6,6
21374,0,0,6,6
21375,0,0,6,6
21376,0,0,6,6
21377,0,0,6,6
21378,0,0,6,6
21379,0,0,6,6
2138,0,0,0,21
21380,0,0,6,6
21381,0,0,6,6
21382,0,0,6,6
21383,0,0,6,6
21384,0,0,6,6
21385,0,0,6,6
21386,0,0,6,6
21387,0,0,6,6
21388,0,0,6,6
21389,0,0,6,6
2139,1,2,9,2231
21390,0,0,6,6
21391,0,0,6,6
21392,0,0,6,6
21393,0,0,6,6
21394,0,0,6,6
21395,0,0,6,6
21396,0,0,6,6
21397,0,0,6,6
21398,0,0,6,6
21399,0,0,6,6
214,0,0,6,6
2140,0,0,0,1836
21400,0,0,6,6
21401,0,0,6,6
21402,0,0,6,6
21403,0,0,6,6
21404,0,0,6,6
21405,0,0,6,6
21406,0,0,6,6
21407,0,0,6,6
21408,0,0,6,6
21409,0,0,6,6
2141,0,1,25,121
21410,0,0,6,6
21411,0,0,6,6
21412,0,0,6,6
21413,0,0,6,6
21414,0,0,6,6
21415,0,0,6,6
21416,0,0,6,6
21417,0,0,6,6
21418,0,0,6,6
21419,0,0,6,6
2142,0,1,25,224
21420,0,0,6,6
21421,0,0,6,6
21422,0,0,6,6
21423,0,0,6,6
21424,0,0,6,6
21425,0,0,6,6
21426,0,0,6,6
21427,0,0,6,6
21428,0,0,6,6
21429,0,0,6,6
2143,0,1,25,224
21430,0,0,6,6
21431,0,0,6,6
21432,0,0,6,6
21433,0,0,6,6
21434,0,0,6,6
21435,0,0,6,6
21436,0,0,6,6
21437,0,0,6,6
21438,0,0,6,6
21439,0,0,6,6
2144,0,1,25,224
21440,0,0,6,6
21441,0,0,6,6
21442,0,0,6,6
21443,0,0,6,6
21444,0,0,6,6
21445,0,0,6,6
21446,0,0,6,6
21447,0,0,6,6
21448,0,0,6,6
21449,0,0,6,6
2145,0,0,41,1837
21450,0,0,6,6
21451,0,0,6,6
21452,0,0,6,6
21453,0,0,6,6
21454,0,0,6,6
21455,0,0,6,6
21456,0,0,6,6
21457,0,0,6,6
21458,0,0,6,6
21459,0,0,6,6
2146,0,0,17,304
21460,0,0,6,6
21461,0,0,6,6
21462,0,0,6,6
21463,0,0,6,6
21464,0,0,6,6
21465,0,0,6,6
21466,0,0,6,6
21467,0,0,6,6
21468,2,3,34,35
21469,2,3,34,35
2147,1,2,9,13
21470,2,3,34,35
21471,0,1,12,386
21472,0,1,174,2843
21473,0,0,879,4003
21474,0,0,337,1307
21475,1,2,2,4004
21476,0,1,150,334
21477,0,0,0,187
21478,0,0,1461,5334
21479,0,0,0,187
2148,1,2,9,13
21480,5,26,502,4005
21481,0,0,15,6707
21482,0,1,189,959
21483,0,1,102,641
21484,0,0,59,6708
21485,0,0,0,2844
21486,0,11,669,1664
21487,0,0,732,4006
21488,0,1,12,6709
21489,0,11,140,2153
2149,0,0,0,468
21490,0,11,140,1665
21491,0,1,125,1063
21492,0,1,12,1666
21493,0,1,71,202
21494,0,1,1462,5335
21495,0,1,12,6710
21496,0,1,295,5336
21497,0,1,880,4007
21498,0,11,881,4008
21499,0,1,1240,6711
215,0,0,6,70
2150,0,1,18,152
21500,0,1,150,334
21501,0,1,71,1387
21502,0,11,882,4009
21503,0,1,12,4010
21504,0,1,64,2217
21505,0,1,189,4011
21506,0,11,1062,2845
21507,0,1,12,4012
21508,5,46,210,5337
21509,0,0,15,2846
2151,0,1,200,3371
21510,0,11,1241,6712
21511,9,24,75,6713
21512,0,0,0,2218
21513,0,1,12,1142
21514,0,11,84,5338
21515,0,11,1242,6714
21516,0,1,1063,2847
21517,0,0,15,5339
21518,0,0,0,515
21519,0,0,0,515
2152,0,1,1,8
21520,5,124,1463,5340
21521,10,35,1464,5341
21522,0,11,84,1308
21523,9,24,75,507
21524,0,0,0,2218
21525,0,1,670,6715
21526,0,1,18,6716
21527,0,0,0,515
21528,0,1,883,4013
21529,0,1,1243,6717
2153,0,0,6,6
21530,0,1,35,6718
21531,0,1,155,5342
21532,0,10,30,5343
21533,0,0,0,6719
21534,0,1,1,96
21535,10,35,281,6720
21536,0,13,884,4014
21537,0,0,81,1983
21538,0,22,88,2219
21539,0,0,337,1307
2154,1,2,2,501
21540,0,1,414,6721
21541,0,1,593,1984
21542,0,8,32,32
21543,0,1,64,5344
21544,0,0,38,4015
21545,0,1,12,386
21546,0,1,125,6722
21547,0,1,1244,6723
21548,0,11,84,339
21549,9,24,75,507
2155,0,0,0,326
21550,0,10,30,6724
21551,0,11,84,1388
21552,2,3,8,6725
21553,2,3,8,5345
21554,0,1,20,4016
21555,0,1,12,5346
21556,0,1,335,5347
21557,0,1,245,2208
21558,0,0,15,4017
21559,1,2,2,5348
2156,0,0,0,0
21560,0,1,885,4018
21561,0,22,88,5349
21562,0,1,733,4019
21563,0,1,671,6726
21564,1,2,2,2848
21565,0,0,81,5350
21566,0,1,12,5351
21567,0,1,12,6727
21568,0,1,20,629
21569,0,1,335,5352
2157,1,2,2,40
21570,0,11,84,1143
21571,0,0,60,570
21572,0,1,304,6728
21573,0,1,71,5353
21574,0,1,304,1667
21575,0,55,343,1104
21576,0,0,254,1080
21577,0,0,372,4020
21578,0,1,1,1668
21579,0,1,18,1188
2158,3,4,183,1236
21580,0,1,1,6729
21581,0,1,4,345
21582,0,1,1,5354
21583,0,1,4,317
21584,0,1,1,45
21585,0,125,594,5355
21586,0,1,13,470
21587,0,0,338,5356
21588,70,174,886,4021
21589,0,1,18,380
2159,1,2,2,40
21590,0,1,1,1985
21591,0,1,18,1669
21592,0,5,212,768
21593,0,1,1,192
21594,0,1,672,6730
21595,0,1,22,2849
21596,0,1,4,471
21597,0,1,1,1290
21598,0,0,473,5357
21599,0,0,1245,6731
216,0,0,6,107
2160,0,0,0,1
21600,0,0,0,6732
21601,0,1,64,4022
21602,0,0,0,31
21603,0,1,1465,5358
21604,0,1,118,1706
21605,0,1,4,1670
21606,0,1,1,192
21607,0,1,4,317
21608,0,0,0,4023
21609,0,0,887,4024
2161,0,0,0,5
21610,0,1,1,8
21611,0,27,278,6733
21612,0,1,18,6734
21613,0,0,19,1671
21614,0,1,51,874
21615,0,1,118,6735
21616,0,1,1,1247
21617,0,6,160,390
21618,0,1,1,4025
21619,0,1,1,4026
2162,0,0,0,2
21620,0,1,1,192
21621,0,0,473,5359
21622,0,1,1466,5360
21623,0,1,673,6736
21624,0,1,18,4027
21625,0,1,1246,6737
21626,0,1,142,425
21627,0,1,1467,5361
21628,0,1,192,354
21629,0,1,51,136
2163,1,2,9,26
21630,0,126,595,5362
21631,0,1,1,45
21632,0,0,19,1671
21633,0,96,596,1986
21634,0,1,1,4028
21635,0,0,0,717
21636,0,1,888,4029
21637,0,1,1,5363
21638,0,1,351,2263
21639,0,1,18,1759
2164,0,0,0,5
21640,0,1,351,6738
21641,0,1,259,4030
21642,0,1,355,2229
21643,0,1,103,1987
21644,0,1,1,5364
21645,0,1,1,6739
21646,0,1,1,6740
21647,0,1,1,4031
21648,0,1,1,2850
21649,0,1,1,6741
2165,0,0,0,2
21650,0,1,4,317
21651,0,1,1,6742
21652,0,0,473,5365
21653,5,226,1247,6743
21654,0,1,1248,6744
21655,0,1,597,5366
21656,0,1,1468,5367
21657,0,0,0,109
21658,0,1,1,18
21659,0,1,18,4032
2166,0,0,0,5
21660,0,1,102,184
21661,0,0,46,1039
21662,0,1,4,1988
21663,0,1,18,1191
21664,0,5,49,6745
21665,0,1,18,4033
21666,0,1,1,18
21667,0,6,36,436
21668,0,1,22,4034
21669,0,1,51,623
2167,0,0,0,2
21670,0,1,1,45
21671,0,0,0,2851
21672,0,1,722,4035
21673,0,0,0,717
21674,0,1,1,8
21675,0,1,1,6746
21676,0,1,4,317
21677,0,0,95,483
21678,0,0,0,335
21679,0,1,4,457
2168,0,0,0,0
21680,0,1,118,4036
21681,0,1,118,6747
21682,0,5,212,4037
21683,0,11,1064,2852
21684,9,24,75,516
21685,0,0,114,875
21686,0,0,114,5368
21687,0,0,1469,5369
21688,0,1,1,951
21689,0,1,118,2853
2169,0,5,23,274
21690,0,1,259,718
21691,0,1,4,752
21692,0,1,1,45
21693,0,1,427,2854
21694,0,5,49,5370
21695,0,1,29,873
21696,0,1,18,6748
21697,0,0,1065,2855
21698,0,0,0,5371
21699,0,1,1,192
217,0,1,1,6029
2170,0,1,4,257
21700,0,0,0,4038
21701,0,1,4,314
21702,0,1,18,5372
21703,0,1,4,345
21704,0,88,389,1154
21705,0,11,889,4039
21706,9,24,75,516
21707,0,1,4,1382
21708,0,1,12,1989
21709,0,5,49,4040
2171,0,0,0,5
21710,0,1,1066,2856
21711,0,0,0,5373
21712,0,1,1249,6749
21713,0,1,22,1155
21714,0,1,22,2220
21715,0,6,36,4041
21716,0,1,126,324
21717,0,1,85,113
21718,0,1,220,360
21719,0,1,18,2857
2172,0,0,0,2
21720,0,1,598,5374
21721,0,1,259,718
21722,0,1,597,5375
21723,0,1,1470,5376
21724,0,1,1471,5377
21725,0,1,1,45
21726,0,6,36,4042
21727,0,1,4,254
21728,0,1,4,345
21729,0,1,4,1364
2173,2,3,34,1424
21730,0,1,1,8
21731,0,1,51,136
21732,0,1,1,343
21733,0,0,0,88
21734,0,1,1,18
21735,0,1,1,18
21736,0,0,0,88
21737,0,0,114,1990
21738,0,0,0,1756
21739,0,1,12,137
2174,0,0,0,2
21740,0,1,1,18
21741,0,1,4,4043
21742,0,1,1,96
21743,0,1,1250,6750
21744,0,5,1472,5378
21745,0,1,51,1791
21746,0,1,734,4044
21747,0,1,1067,2858
21748,0,1,4,6751
21749,0,1,51,1991
2175,0,1,1,180
21750,0,1,22,4045
21751,0,0,204,4046
21752,0,5,212,6752
21753,0,1,4,517
21754,0,1,1,96
21755,0,1,118,382
21756,0,1,102,184
21757,0,1,1,65
21758,0,6,36,436
21759,0,5,49,912
2176,0,6,36,1006
21760,0,1,1,343
21761,0,1,12,1271
21762,0,1,12,1058
21763,0,1,12,2859
21764,0,1,12,167
21765,0,0,60,4047
21766,0,1,12,167
21767,0,0,41,2860
21768,0,1,12,137
21769,0,11,84,1628
2177,1,2,9,46
21770,9,24,75,2198
21771,0,11,890,4048
21772,9,42,227,459
21773,0,0,0,1057
21774,0,1,71,726
21775,0,11,177,344
21776,9,42,227,459
21777,0,0,41,1837
21778,0,1,35,1992
21779,0,1,1,8
2178,6,14,184,305
21780,0,1,4,1144
21781,0,1,18,1319
21782,0,1,29,51
21783,0,1,33,481
21784,0,0,27,25
21785,0,0,123,860
21786,3,4,183,1122
21787,0,0,6,6
21788,0,0,6,6
21789,0,1,14,145
2179,0,1,312,746
21790,1,19,87,6753
21791,4,20,70,76
21792,0,0,28,593
21793,1,2,2,388
21794,1,2,7,7
21795,0,0,0,0
21796,0,0,0,0
21797,2,3,5,1615
21798,0,0,6,605
21799,0,0,6,107
218,1,2,69,84
2180,13,37,107,198
21800,0,0,6,70
21801,0,0,6,70
21802,0,1,4,385
21803,0,0,0,1
21804,0,1,13,636
21805,0,0,0,1
21806,2,3,5,10
21807,1,2,2,4
21808,1,2,3,19
21809,0,0,0,0
2181,13,37,107,198
21810,1,2,3,33
21811,0,0,15,27
21812,0,0,0,0
21813,1,2,2,4
21814,0,0,0,1
21815,0,0,0,2
21816,0,0,0,1
21817,1,2,7,7
21818,2,3,5,303
21819,0,0,0,0
2182,13,37,107,198
21820,0,0,0,9
21821,0,1,1,115
21822,0,0,0,1
21823,1,2,7,7
21824,0,0,15,2861
21825,0,1,599,5379
21826,0,1,14,145
21827,0,0,0,2
21828,0,0,0,48
21829,0,1,14,85
2183,13,37,107,198
21830,6,14,98,157
21831,0,0,0,2
21832,0,0,0,5
21833,1,2,9,26
21834,2,3,1068,2862
21835,15,44,149,315
21836,0,0,92,139
21837,15,44,149,315
21838,15,44,149,315
21839,0,0,92,139
2184,13,37,107,198
21840,26,81,600,5380
21841,0,0,0,1993
21842,1,2,69,2863
21843,4,18,198,6754
21844,0,115,553,2864
21845,0,1,20,5381
21846,0,0,81,4049
21847,0,0,17,6755
21848,7,15,48,1309
21849,0,0,546,4050
2185,0,1,29,51
21850,0,1,13,208
21851,0,0,229,598
21852,1,2,2,4
21853,0,0,0,1
21854,0,0,0,2
21855,0,0,0,1
21856,0,0,0,1
21857,2,3,8,11
21858,2,3,11,14
21859,1,2,3,3
2186,0,1,18,152
21860,1,2,2,4
21861,0,0,0,0
21862,2,3,146,5382
21863,0,0,0,1
21864,0,0,0,267
21865,0,0,0,1209
21866,0,0,191,1145
21867,0,0,0,1
21868,0,0,0,0
21869,1,2,2,40
2187,0,0,0,77
21870,1,2,2,518
21871,2,3,44,59
21872,1,2,7,7
21873,0,0,0,2
21874,0,1,25,101
21875,0,1,25,101
21876,3,4,67,99
21877,0,0,19,55
21878,0,0,46,94
21879,0,1,42,952
2188,2,3,127,174
21880,0,1,20,250
21881,0,1,1,20
21882,0,0,6,6
21883,0,0,0,2
21884,0,0,0,5
21885,0,71,301,587
21886,0,43,162,843
21887,0,0,0,0
21888,0,0,0,0
21889,1,2,3,3
2189,1,2,2,17
21890,3,4,10,28
21891,0,0,0,0
21892,1,2,2,4
21893,1,2,3,3
21894,2,3,8,11
21895,0,0,0,0
21896,3,4,10,876
21897,0,0,0,5
21898,0,0,61,89
21899,0,0,0,1
219,0,36,105,141
2190,0,0,0,93
21900,0,0,0,2
21901,0,0,0,327
21902,0,0,0,1
21903,0,0,0,2
21904,0,0,0,0
21905,0,0,0,2
21906,1,2,7,7
21907,20,57,201,400
21908,0,36,105,141
21909,1,2,69,84
2191,0,1,51,359
21910,0,36,105,141
21911,1,2,69,84
21912,0,1,24,1672
21913,0,0,0,56
21914,0,0,0,462
21915,0,1,1473,5383
21916,0,5,23,1673
21917,0,1,14,249
21918,0,0,19,173
21919,0,0,0,102
2192,0,1,13,977
21920,0,1,4,217
21921,0,1,1,5384
21922,0,1,1474,5385
21923,0,0,17,1116
21924,0,1,13,5386
21925,0,1,4,6756
21926,0,0,0,0
21927,1,12,43,595
21928,1,2,2,4
21929,1,2,7,7
2193,0,1,12,533
21930,2,3,5,10
21931,0,0,0,12
21932,0,0,0,1
21933,3,4,10,1957
21934,0,0,0,1
21935,1,2,2,4
21936,0,0,0,0
21937,1,2,3,3
21938,0,0,0,12
21939,0,0,0,2
2194,0,1,12,386
21940,2,3,178,535
21941,0,1,255,2221
21942,0,1,39,58
21943,0,0,0,0
21944,1,2,3,3
21945,0,0,47,73
21946,0,0,0,48
21947,0,1,20,29
21948,0,1,22,318
21949,0,1,1,38
2195,0,1,190,4708
21950,0,1,1,8
21951,0,1,18,176
21952,0,0,0,417
21953,0,0,0,277
21954,1,2,2,219
21955,0,1,42,1921
21956,0,0,0,197
21957,0,1,42,130
21958,1,2,2,219
21959,0,0,0,197
2196,0,1,13,399
21960,0,0,0,103
21961,0,0,0,103
21962,0,0,0,103
21963,0,0,0,103
21964,0,0,0,103
21965,0,0,0,103
21966,0,0,0,103
21967,0,0,0,290
21968,0,1,20,29
21969,0,1,37,182
2197,0,1,89,4709
21970,0,1,1,193
21971,0,6,73,451
21972,0,1,4,49
21973,0,1,24,196
21974,0,0,0,56
21975,8,41,144,637
21976,6,138,658,6757
21977,3,4,10,759
21978,0,1,601,1999
21979,0,1,14,264
2198,0,1,13,2371
21980,6,14,122,881
21981,0,0,15,423
21982,0,1,1,18
21983,0,1,1,110
21984,1,2,9,13
21985,0,1,115,234
21986,0,0,0,306
21987,0,1,891,4051
21988,0,6,36,1227
21989,0,0,17,39
2199,0,0,0,2
21990,3,4,10,5387
21991,0,1,64,2222
21992,0,1,4,287
21993,0,1,4,907
21994,0,1,1,74
21995,0,1,4,6758
21996,0,1,1,1924
21997,0,0,95,1346
21998,3,4,10,578
21999,0,0,15,2223
22,2,3,44,59
220,0,0,0,5
2200,0,0,0,1
22000,0,0,17,123
22001,0,1,14,129
22002,14,38,1251,6759
22003,0,0,0,0
22004,2,3,5,6760
22005,0,0,78,431
22006,0,0,0,4052
22007,19,70,299,833
22008,0,0,78,212
22009,0,0,0,1
2201,0,0,0,0
22010,0,0,0,2
22011,1,2,7,7
22012,1,2,3,3
22013,0,0,0,1
22014,0,0,0,0
22015,1,2,2,4
22016,0,0,0,12
22017,0,0,0,0
22018,0,1,13,60
22019,1,2,9,632
2202,1,2,2,4
22020,7,15,48,265
22021,1,2,2,4
22022,0,0,0,0
22023,0,0,0,1
22024,0,0,0,2
22025,0,0,0,0
22026,1,2,7,7
22027,1,2,3,3
22028,0,1,4,257
22029,0,5,23,274
2203,1,2,3,3
22030,0,1,24,275
22031,1,2,3,3
22032,0,1,39,58
22033,0,0,0,0
22034,2,3,8,138
22035,0,0,0,2
22036,0,0,0,0
22037,2,3,5,41
22038,0,0,0,9
22039,1,2,2,4
2204,2,3,8,11
22040,1,2,3,3
22041,2,3,8,11
22042,1,2,7,7
22043,2,3,44,59
22044,2,3,11,14
22045,2,3,8,188
22046,0,1,1,8
22047,0,1,1,38
22048,0,0,6,6
22049,0,0,6,6
2205,1,2,7,7
22050,0,0,16,16
22051,0,0,16,16
22052,0,0,6,6
22053,0,0,6,6
22054,0,0,6,6
22055,0,0,16,16
22056,0,1,242,1674
22057,1,2,9,13
22058,2,3,11,14
22059,1,2,3,33
2206,0,0,0,0
22060,1,2,7,7
22061,2,3,5,10
22062,0,0,0,0
22063,0,0,0,0
22064,1,2,2,4
22065,2,3,5,15
22066,0,0,0,0
22067,2,3,5,67
22068,2,3,50,319
22069,0,0,0,1
2207,1,2,2,4
22070,3,4,10,612
22071,0,0,0,0
22072,1,2,3,3
22073,3,4,10,2865
22074,1,2,3,3
22075,0,0,0,0
22076,0,0,0,1
22077,0,0,15,27
22078,1,2,2,4
22079,0,0,0,0
2208,0,0,0,2
22080,1,2,3,19
22081,0,0,0,1
22082,1,2,3,114
22083,0,0,0,1
22084,0,0,0,12
22085,0,0,0,1
22086,0,0,0,12
22087,1,2,2,4
22088,0,0,0,12
22089,1,2,3,91
2209,2,3,8,11
22090,0,0,0,0
22091,2,3,11,14
22092,2,3,5,10
22093,0,0,0,12
22094,2,3,8,124
22095,0,0,0,2
22096,1,2,7,7
22097,2,3,8,79
22098,0,0,0,0
22099,1,2,3,19
221,0,0,19,146
2210,0,0,0,12
22100,1,2,2,4
22101,2,3,5,10
22102,0,0,0,4053
22103,2,3,5,15
22104,1,2,7,7
22105,0,0,0,2
22106,0,0,0,0
22107,0,0,0,1
22108,1,2,2,4
22109,1,2,3,3
2211,0,0,0,1
22110,2,3,11,14
22111,0,0,0,0
22112,1,2,3,3
22113,1,2,3,3
22114,1,2,2,4
22115,0,0,0,0
22116,0,0,0,2
22117,0,0,0,2
22118,0,0,0,1
22119,1,2,7,7
2212,1,2,3,3
22120,2,3,5,337
22121,0,1,39,449
22122,0,0,0,47
22123,0,0,0,1
22124,0,21,72,225
22125,0,0,27,25
22126,0,0,27,25
22127,0,0,27,25
22128,0,0,15,5388
22129,1,2,2,758
2213,2,3,11,14
22130,0,0,0,2
22131,0,0,0,5
22132,1,2,2,293
22133,0,0,0,0
22134,0,0,17,6761
22135,0,1,1,44
22136,2,3,5,15
22137,2,3,5,10
22138,1,2,2,4
22139,0,0,0,0
2214,0,0,0,0
22140,1,2,3,3
22141,2,3,8,11
22142,1,2,7,7
22143,0,0,0,0
22144,0,0,0,1
22145,0,0,16,16
22146,0,0,0,5
22147,0,1,14,90
22148,0,0,0,0
22149,1,2,3,19
2215,2,3,5,15
22150,2,3,5,10
22151,0,0,59,64
22152,2,3,146,1367
22153,0,0,0,1
22154,0,0,0,1209
22155,0,0,0,1
22156,0,0,0,1
22157,0,0,0,267
22158,0,0,191,1145
22159,0,0,229,598
2216,0,0,0,0
22160,0,0,0,2
22161,1,2,2,4
22162,0,0,0,1
22163,0,0,0,2
22164,1,2,2,40
22165,1,2,2,518
22166,2,3,34,35
22167,0,7,26,22
22168,29,91,628,6762
22169,2,3,90,256
2217,1,2,3,3
22170,16,48,161,252
22171,2,3,8,599
22172,2,3,8,692
22173,2,3,8,5389
22174,2,3,8,599
22175,2,3,90,477
22176,2,3,90,477
22177,2,3,90,256
22178,0,1,22,1146
22179,0,1,1,6763
2218,2,3,8,11
22180,0,1,1,5390
22181,0,1,1,6764
22182,0,1,4,519
22183,0,0,0,452
22184,0,1,1,6765
22185,0,1,1,2866
22186,0,0,0,109
22187,1,2,3,750
22188,0,0,95,5391
22189,0,1,1,6766
2219,3,4,205,487
22190,0,1,1,600
22191,0,1,1,192
22192,0,0,0,88
22193,0,1,1,658
22194,0,1,537,1365
22195,0,0,229,946
22196,0,0,0,267
22197,1,2,2,40
22198,0,0,0,1
22199,0,0,0,327
222,0,0,19,55
2220,0,0,40,6069
22200,0,0,0,1
22201,0,0,191,786
22202,0,0,0,2
22203,0,0,0,12
22204,2,3,8,708
22205,2,3,8,708
22206,1,2,3,33
22207,1,2,3,33
22208,0,30,260,953
22209,2,3,34,35
2221,0,0,407,6070
22210,2,3,8,813
22211,2,3,90,256
22212,16,48,161,252
22213,0,0,0,5392
22214,0,0,0,5393
22215,1,2,3,3
22216,1,2,2,4
22217,0,0,0,0
22218,0,1,39,58
22219,1,2,7,2867
2222,0,0,17,123
22220,2,3,5,6767
22221,0,0,0,0
22222,0,0,0,0
22223,0,0,0,2
22224,2,3,8,11
22225,1,2,3,3
22226,0,0,0,1
22227,0,0,0,0
22228,1,2,2,4
22229,0,0,0,0
2223,0,1,14,129
22230,0,1,174,4054
22231,0,1,12,898
22232,3,4,121,6768
22233,0,71,301,587
22234,0,16,68,82
22235,0,9,65,211
22236,0,9,54,54
22237,0,0,0,0
22238,1,2,3,19
22239,0,0,15,27
2224,0,0,38,223
22240,0,1,12,195
22241,1,54,1252,6769
22242,1,2,2,4
22243,1,2,7,7
22244,2,3,5,10
22245,0,0,0,1
22246,1,2,7,7
22247,0,0,15,27
22248,1,2,2,4
22249,0,0,0,0
2225,0,1,93,1714
22250,1,2,2,4
22251,2,3,5,10
22252,1,2,3,3
22253,2,3,31,36
22254,0,0,78,212
22255,0,1,12,4055
22256,0,1,261,1147
22257,0,202,1069,2868
22258,0,1,261,6770
22259,0,9,54,5394
2226,0,1,348,6071
22260,0,0,46,94
22261,3,4,67,99
22262,0,0,19,55
22263,3,4,67,99
22264,3,4,67,99
22265,3,4,121,1978
22266,3,113,711,2286
22267,3,4,243,420
22268,0,16,68,82
22269,0,9,65,289
2227,0,1,1,38
22270,0,9,54,54
22271,0,16,68,82
22272,0,0,0,262
22273,0,0,0,102
22274,0,1,12,533
22275,0,1,14,411
22276,0,1,525,1170
22277,0,0,712,2869
22278,0,0,712,4056
22279,0,1,58,4057
2228,1,2,3,3
22280,0,0,0,0
22281,1,2,2,4
22282,0,0,0,100
22283,0,0,0,2
22284,1,2,7,7
22285,0,0,0,0
22286,1,2,2,4
22287,0,0,0,1
22288,0,0,0,0
22289,0,0,0,0
2229,0,0,0,0
22290,0,0,0,1
22291,1,2,3,3
22292,2,3,11,14
22293,1,2,7,7
22294,0,0,0,102
22295,0,0,45,71
22296,0,0,17,39
22297,0,0,41,106
22298,10,61,236,4058
22299,0,0,52,52
223,0,0,46,94
2230,0,0,0,1
22300,1,2,53,53
22301,0,0,17,123
22302,0,0,38,223
22303,0,1,14,1310
22304,0,1,25,101
22305,0,1,25,460
22306,0,1,25,101
22307,0,1,674,1675
22308,0,1,25,6771
22309,0,0,0,489
2231,1,2,2,4
22310,0,1,25,467
22311,0,1,25,101
22312,0,1,25,6772
22313,0,1,25,121
22314,2,3,178,597
22315,0,1,25,101
22316,0,1,674,1675
22317,0,0,0,489
22318,0,1,25,159
22319,0,1,25,121
2232,1,2,7,7
22320,0,1,25,121
22321,0,1,25,159
22322,0,1,25,101
22323,0,1,25,224
22324,0,1,25,121
22325,0,1,25,101
22326,0,1,25,121
22327,0,1,25,121
22328,0,1,472,1298
22329,0,1,25,460
2233,1,2,9,2372
22330,0,1,25,467
22331,0,1,25,5395
22332,0,1,25,1676
22333,2,3,178,597
22334,0,1,25,1139
22335,0,1,25,224
22336,0,1,25,1138
22337,0,1,25,121
22338,0,1,25,101
22339,0,1,25,121
2234,1,2,9,640
22340,0,1,25,101
22341,2,3,1070,2870
22342,0,1,25,101
22343,0,1,25,159
22344,0,1,25,467
22345,0,1,25,101
22346,0,1,25,467
22347,0,1,25,101
22348,0,1,25,1994
22349,0,1,25,101
2235,0,0,6,6
22350,0,1,25,1677
22351,0,1,25,1299
22352,0,1,25,101
22353,0,1,25,121
22354,0,1,232,1131
22355,0,1,25,1391
22356,0,1,25,121
22357,0,1,25,121
22358,0,1,25,121
22359,0,1,25,1994
2236,0,0,6,6
22360,0,1,25,1299
22361,0,1,25,467
22362,0,1,25,224
22363,0,1,25,101
22364,0,1,474,1311
22365,0,1,25,121
22366,0,1,25,954
22367,0,1,25,121
22368,0,1,25,101
22369,0,1,25,1312
2237,0,1,1,8
22370,0,1,14,90
22371,0,0,45,71
22372,0,0,41,106
22373,0,0,52,52
22374,1,2,53,53
22375,0,0,17,39
22376,0,0,0,0
22377,1,2,7,7
22378,0,0,0,1
22379,1,2,2,4
2238,0,1,120,172
22380,1,2,3,19
22381,2,3,5,10
22382,0,0,0,0
22383,0,0,0,2
22384,0,0,17,831
22385,0,0,0,102
22386,0,1,14,5396
22387,0,0,645,2871
22388,0,0,15,2308
22389,0,0,0,2
2239,0,1,103,178
22390,0,0,0,438
22391,8,29,94,405
22392,0,1,148,2872
22393,3,4,10,4059
22394,0,0,15,5397
22395,0,0,27,25
22396,1,2,2,126
22397,2,3,8,2873
22398,0,0,0,1
22399,1,2,3,3
224,3,4,67,99
2240,0,1,228,6072
22400,0,0,0,0
22401,1,2,2,4
22402,2,3,8,11
22403,1,2,3,3
22404,0,0,0,0
22405,0,0,0,2
22406,0,0,0,0
22407,1,2,7,7
22408,2,3,5,15
22409,0,0,45,71
2241,0,1,21,111
22410,0,0,17,39
22411,0,0,52,52
22412,1,2,53,53
22413,0,0,45,5398
22414,0,0,15,2874
22415,0,0,0,48
22416,0,0,0,5399
22417,0,1,14,1173
22418,0,0,675,6773
22419,0,0,247,4060
2242,2,3,66,2114
22420,0,0,247,719
22421,0,0,247,719
22422,0,0,247,719
22423,0,0,247,1980
22424,0,0,247,719
22425,3,4,10,28
22426,1,2,2,4
22427,0,1,39,58
22428,0,0,0,0
22429,1,2,3,3
2243,0,1,21,6073
22430,2,3,5,15
22431,0,0,0,0
22432,0,0,0,0
22433,2,3,8,11
22434,1,2,3,3
22435,2,3,5,10
22436,1,2,2,4
22437,2,3,31,36
22438,1,2,3,63
22439,0,0,0,1
2244,0,1,4,57
22440,0,0,0,1
22441,0,0,0,100
22442,1,2,7,7
22443,0,0,0,0
22444,0,0,0,2
22445,0,0,0,0
22446,0,0,0,0
22447,0,0,0,1
22448,1,2,3,3
22449,2,3,8,11
2245,0,1,1,18
22450,5,33,165,6774
22451,0,0,0,0
22452,1,2,7,7
22453,0,0,0,2
22454,1,2,2,4
22455,0,0,0,0
22456,2,3,11,14
22457,3,4,10,28
22458,0,0,0,2875
22459,0,0,0,0
2246,0,0,0,3372
22460,0,0,0,0
22461,0,0,0,2
22462,1,2,3,3
22463,1,2,2,4
22464,0,0,0,12
22465,2,3,8,11
22466,0,0,0,1
22467,1,2,7,7
22468,0,0,0,0
22469,2,3,11,14
2247,0,1,1,511
22470,1,2,7,7
22471,1,2,2,4
22472,1,2,3,4061
22473,2,3,5,15
22474,2,3,8,11
22475,0,0,0,2
22476,0,0,0,6775
22477,0,0,0,1
22478,3,4,10,28
22479,2,3,11,14
2248,1,2,9,640
22480,1,2,3,3
22481,2,3,8,11
22482,0,0,0,5400
22483,1,2,2,4
22484,2,3,11,14
22485,2,3,8,285
22486,0,0,0,12
22487,1,2,3,3
22488,0,0,0,12
22489,1,2,7,7
2249,1,2,9,46
22490,0,0,0,1
22491,1,2,3,3
22492,0,0,0,2
22493,2,3,11,14
22494,0,0,0,0
22495,1,2,2,4
22496,3,4,10,28
22497,0,0,0,2876
22498,2,3,8,11
22499,0,0,0,5401
225,0,1,13,208
2250,1,2,2,4
22500,0,0,0,0
22501,2,3,8,11
22502,1,2,3,3
22503,0,0,0,0
22504,1,2,2,4
22505,11,28,80,97
22506,2,3,5,41
22507,2,3,5,10
22508,0,0,0,1
22509,2,3,11,14
2251,0,1,37,158
22510,1,2,7,7
22511,1,2,2,4
22512,0,0,0,0
22513,0,0,0,2
22514,1,2,3,3
22515,0,0,0,12
22516,1,2,3,3
22517,0,0,0,1
22518,0,0,0,0
22519,0,0,0,2
2252,0,1,37,3373
22520,0,0,0,0
22521,2,3,5,15
22522,1,2,7,7
22523,0,0,0,0
22524,1,2,2,4
22525,1,2,7,7
22526,0,0,0,1
22527,2,3,11,14
22528,0,0,0,0
22529,1,2,2,5402
2253,0,1,29,51
22530,1,2,2,5403
22531,0,0,0,2
22532,1,2,3,3
22533,2,3,11,14
22534,0,0,0,0
22535,0,0,0,2
22536,1,2,3,3
22537,0,0,0,0
22538,2,3,5,15
22539,1,2,2,4
2254,0,1,24,3374
22540,1,2,7,7
22541,2,3,5,15
22542,1,2,3,3
22543,2,3,8,11
22544,2,3,31,36
22545,0,0,0,0
22546,1,2,2,4
22547,1,2,3,3
22548,3,4,10,28
22549,5,33,165,6776
2255,0,1,4,78
22550,0,0,0,0
22551,2,3,5,10
22552,1,2,3,3
22553,0,0,0,1
22554,1,2,2,4
22555,2,3,8,79
22556,2,3,5,15
22557,0,0,0,0
22558,0,0,0,0
22559,1,2,7,7
2256,0,0,0,31
22560,1,2,2,4
22561,2,3,8,11
22562,0,0,0,6777
22563,0,0,0,1
22564,0,0,0,0
22565,1,2,7,7
22566,0,0,0,12
22567,1,2,3,3
22568,2,3,11,14
22569,0,0,0,12
2257,0,0,0,21
22570,1,2,2,4
22571,2,3,8,11
22572,0,0,0,2
22573,0,0,0,0
22574,1,2,3,3
22575,0,0,0,1
22576,1,2,2,4
22577,1,2,3,3
22578,0,0,0,0
22579,2,3,11,14
2258,0,1,4,49
22580,2,3,11,14
22581,1,2,3,1148
22582,1,2,7,7
22583,0,0,0,1
22584,2,3,8,11
22585,1,2,3,3
22586,0,0,0,0
22587,0,0,0,0
22588,0,0,0,1
22589,2,3,5,15
2259,0,0,104,171
22590,1,2,7,7
22591,0,0,0,4062
22592,1,2,2,4
22593,0,0,0,2
22594,0,0,0,1
22595,0,1,39,58
22596,1,2,7,7
22597,1,2,3,3
22598,0,0,0,0
22599,0,0,0,2
226,0,1,13,208
2260,6,14,184,305
22600,2,3,5,10
22601,1,2,2,4
22602,2,3,8,138
22603,0,0,0,0
22604,2,3,5,15
22605,2,3,11,14
22606,1,2,3,3
22607,0,0,0,0
22608,0,0,0,2
22609,0,0,0,0
2261,0,0,0,5
22610,1,2,3,3
22611,1,2,2,4
22612,0,0,0,0
22613,0,0,0,1
22614,1,2,3,3
22615,1,2,7,7
22616,2,3,5,10
22617,2,3,8,1313
22618,1,2,3,3
22619,0,0,0,0
2262,0,0,0,901
22620,2,3,8,389
22621,0,0,0,0
22622,3,4,10,28
22623,0,0,0,0
22624,1,2,3,3
22625,0,0,0,2
22626,0,0,0,1
22627,0,0,0,0
22628,1,2,7,7
22629,1,2,2,4
2263,0,0,0,0
22630,2,3,5,155
22631,1,2,3,3
22632,1,2,2,4
22633,0,1,39,58
22634,2,3,8,138
22635,0,0,0,0
22636,0,0,0,0
22637,0,0,0,0
22638,1,2,3,3
22639,0,0,0,0
2264,0,0,0,2
22640,1,2,3,3
22641,0,0,0,2
22642,2,3,8,11
22643,1,2,7,7
22644,3,4,10,28
22645,0,0,0,0
22646,2,3,5,15
22647,0,0,0,0
22648,1,2,2,4
22649,1,2,2,4
2265,3,4,10,1041
22650,1,2,7,7
22651,0,0,0,2
22652,1,2,3,3
22653,2,3,8,11
22654,0,0,0,1
22655,2,3,11,14
22656,0,0,0,0
22657,0,0,0,12
22658,1,2,7,7
22659,2,3,5,15
2266,0,0,0,0
22660,2,3,8,11
22661,0,0,0,0
22662,3,4,10,28
22663,1,2,2,4
22664,0,0,0,0
22665,0,0,0,2
22666,1,2,3,3
22667,0,21,72,165
22668,0,0,0,0
22669,0,0,0,1
2267,0,0,0,163
22670,0,1,58,6778
22671,0,0,0,4063
22672,0,0,0,1
22673,1,2,3,3
22674,2,3,8,11
22675,1,2,7,7
22676,0,0,0,2
22677,1,2,2,4
22678,2,3,11,14
22679,0,0,0,0
2268,4,31,129,179
22680,0,0,0,0
22681,3,4,10,28
22682,2,3,8,11
22683,2,3,5,15
22684,1,2,2,4
22685,1,2,3,3
22686,0,0,0,0
22687,1,2,7,7
22688,1,2,2,4
22689,0,0,0,1
2269,1,2,3,3
22690,0,0,0,0
22691,0,0,0,2
22692,0,0,0,0
22693,0,0,0,0
22694,1,2,7,7
22695,1,2,3,3
22696,1,2,2,4
22697,1,2,3,3
22698,0,0,0,1
22699,0,0,0,0
227,6,14,98,2333
2270,2,3,8,11
22700,1,2,7,7
22701,0,1,280,1461
22702,0,0,0,0
22703,1,2,7,7
22704,0,0,0,1
22705,2,3,5,10
22706,21,65,646,1497
22707,0,0,45,71
22708,0,0,52,52
22709,1,2,53,53
2271,1,2,2,23
22710,0,1,361,877
22711,0,0,17,39
22712,0,0,0,2
22713,0,0,0,12
22714,2,3,8,11
22715,0,0,0,1
22716,1,2,3,3
22717,1,2,2,4
22718,0,1,39,58
22719,0,0,0,0
2272,0,0,0,5
22720,2,3,44,59
22721,2,3,11,14
22722,1,2,7,7
22723,2,3,8,11
22724,0,0,0,0
22725,1,2,2,4
22726,2,3,31,36
22727,0,1,42,130
22728,0,0,0,277
22729,0,0,92,139
2273,0,0,0,2
22730,0,0,0,102
22731,0,1,14,806
22732,0,1,1475,5404
22733,0,1,14,85
22734,2,3,5,134
22735,0,11,892,4064
22736,9,24,75,2877
22737,0,0,1253,6779
22738,0,0,341,870
22739,0,0,15,27
2274,0,0,15,140
22740,1,2,2,4
22741,2,3,5,10
22742,0,0,0,0
22743,0,0,0,1
22744,1,2,3,19
22745,0,0,0,5
22746,0,0,0,95
22747,2,3,34,35
22748,0,0,0,5
22749,0,0,16,16
2275,0,0,0,2
22750,0,0,0,170
22751,0,0,0,48
22752,0,0,17,531
22753,0,0,0,0
22754,0,0,0,2
22755,1,2,3,3
22756,0,1,89,435
22757,0,0,0,2
22758,0,0,45,71
22759,0,0,52,52
2276,0,0,0,0
22760,1,2,53,53
22761,0,0,17,39
22762,1,2,9,13
22763,0,1,1,65
22764,0,1,14,1034
22765,0,1,20,1070
22766,0,0,0,31
22767,0,5,23,143
22768,0,0,0,9
22769,0,1,4,43
2277,0,0,0,1
22770,1,2,2,34
22771,0,0,0,349
22772,0,1,24,153
22773,2,3,66,720
22774,0,1,1,160
22775,0,1,1,989
22776,0,1,4,2878
22777,0,1,893,4065
22778,0,0,0,452
22779,0,0,0,0
2278,1,2,7,7
22780,1,2,2,4
22781,1,2,3,3
22782,2,3,8,11
22783,0,0,0,0
22784,1,2,3,3
22785,0,0,0,0
22786,0,0,0,0
22787,0,0,45,4066
22788,0,1,14,484
22789,1,2,9,13
2279,1,2,3,3
22790,0,0,0,1
22791,1,2,3,3
22792,0,0,0,0
22793,1,2,7,7
22794,0,0,0,0
22795,2,3,5,41
22796,0,0,0,0
22797,1,2,3,3
22798,1,2,2,4
22799,2,3,5,10
228,1,2,9,26
2280,0,0,57,397
22800,2,3,5,15
22801,1,56,193,356
22802,0,0,0,2
22803,0,1,12,6780
22804,0,0,0,128
22805,2,3,132,2879
22806,0,0,0,5
22807,2,3,11,14
22808,0,1,58,1159
22809,1,2,3,1314
2281,1,2,3,3
22810,2,3,31,878
22811,0,0,0,12
22812,0,1,1,798
22813,0,1,1,5405
22814,0,1,1,6781
22815,0,0,0,88
22816,0,0,0,88
22817,0,1,1,2880
22818,0,1,1,2314
22819,0,1,4,2881
2282,0,0,0,163
22820,2,3,44,879
22821,1,2,7,7
22822,0,1,1,6782
22823,0,0,0,0
22824,1,2,7,7
22825,0,0,0,0
22826,2,3,5,15
22827,0,0,0,1
22828,1,2,2,4
22829,0,0,0,2
2283,2,3,31,36
22830,2,3,8,11
22831,1,2,3,3
22832,0,0,0,0
22833,0,1,12,622
22834,0,1,261,1149
22835,0,1,20,29
22836,0,0,0,88
22837,0,0,0,88
22838,0,1,1,1290
22839,0,0,108,2882
2284,1,2,2,40
22840,0,1,4,471
22841,0,1,1254,6783
22842,0,6,36,1678
22843,0,1,1,6784
22844,1,2,9,13
22845,0,1,344,6785
22846,0,0,0,468
22847,0,0,0,468
22848,0,0,0,468
22849,1,2,9,6786
2285,4,31,129,179
22850,0,1,4,2883
22851,0,1,1,8
22852,0,8,223,6787
22853,0,0,0,2
22854,0,0,0,1
22855,0,0,0,163
22856,0,0,17,123
22857,0,1,13,504
22858,0,0,0,5
22859,0,0,16,16
2286,2,3,5,15
22860,0,0,0,0
22861,1,2,3,3
22862,2,3,5,337
22863,0,0,78,4067
22864,0,0,78,2884
22865,1,2,9,26
22866,0,0,0,5
22867,0,0,0,2
22868,0,1,64,4068
22869,0,0,0,5
2287,1,2,7,7
22870,0,0,0,2
22871,0,0,0,2
22872,1,12,43,401
22873,1,2,3,3
22874,1,2,2,4
22875,2,3,8,11
22876,0,0,19,173
22877,0,1,139,298
22878,3,4,10,205
22879,0,0,0,1622
2288,11,28,80,97
22880,0,0,0,2309
22881,5,46,210,4069
22882,0,140,676,1679
22883,0,1,24,2095
22884,0,5,23,5406
22885,0,1,1071,2885
22886,0,1,530,4070
22887,0,1,1,8
22888,0,1,4,132
22889,0,1,175,5407
2289,2,3,5,41
22890,58,270,1476,5408
22891,0,1,1,990
22892,0,22,88,2886
22893,0,1,109,2179
22894,0,22,88,4071
22895,0,10,30,105
22896,0,1,109,2887
22897,8,41,144,300
22898,6,14,122,263
22899,0,0,17,333
229,0,0,0,2
2290,0,0,0,0
22900,3,4,116,299
22901,0,1,14,340
22902,1,2,2,4
22903,0,0,0,0
22904,1,2,3,3
22905,2,3,8,11
22906,0,0,0,0
22907,2,3,5,15
22908,0,0,17,333
22909,8,41,144,300
2291,1,2,2,4
22910,6,14,122,263
22911,0,1,64,2888
22912,3,4,116,299
22913,0,1,14,340
22914,0,0,6,6
22915,0,0,6,6
22916,0,0,16,16
22917,0,0,16,16
22918,0,0,0,5
22919,0,0,61,89
2292,0,0,0,0
22920,1,2,9,13
22921,0,0,6,6
22922,2,3,8,285
22923,2,3,11,14
22924,2,3,31,36
22925,2,3,11,80
22926,2,3,50,391
22927,1,2,3,3
22928,1,2,2,4
22929,0,0,0,12
2293,0,1,1,44
22930,2,3,44,59
22931,0,1,35,5409
22932,0,0,0,5
22933,1,2,9,13
22934,1,2,9,13
22935,0,1,1,8
22936,0,1,1,18
22937,0,0,16,16
22938,0,0,61,89
22939,0,0,123,374
2294,0,1,1,8
22940,1,2,2,17
22941,2,3,127,174
22942,0,0,0,93
22943,2,3,112,527
22944,0,0,0,77
22945,0,1,13,5410
22946,0,1,1,110
22947,0,1,290,6788
22948,0,0,6,6
22949,0,0,0,1
2295,0,0,0,9
22950,0,0,0,2
22951,0,0,6,6
22952,0,1,1,192
22953,0,1,1,5411
22954,0,1,4,4072
22955,0,1,1,6789
22956,3,4,10,83
22957,3,4,10,69
22958,0,1,35,1995
22959,0,1,14,50
2296,0,1,21,1229
22960,0,1,13,208
22961,13,37,107,198
22962,0,0,6,6
22963,1,2,9,46
22964,0,0,0,21
22965,0,0,0,0
22966,0,0,0,2
22967,1,2,7,7
22968,1,2,2,4
22969,0,0,0,1
2297,0,0,0,2
22970,1,2,3,3
22971,3,4,10,28
22972,0,1,1,8
22973,0,1,1,18
22974,1,2,9,13
22975,2,3,8,11
22976,0,0,0,0
22977,2,3,11,14
22978,0,1,1,8
22979,0,1,1,18
2298,0,1,24,4710
22980,0,1,1,38
22981,0,0,0,0
22982,1,2,2,4
22983,1,2,3,3
22984,1,2,7,7
22985,0,1,1,133
22986,0,1,4,247
22987,0,1,4,6790
22988,0,1,4,247
22989,0,1,4,550
2299,0,1,1367,4711
22990,3,4,10,28
22991,2,3,11,14
22992,0,1,39,508
22993,0,0,0,1
22994,0,0,0,0
22995,2,3,8,186
22996,0,1,1,322
22997,0,1,1,133
22998,0,1,1,133
22999,0,1,1,133
23,1,2,7,7
230,0,1,1,8
2300,0,1,20,29
23000,0,0,0,6791
23001,0,1,1,1362
23002,0,1,4,81
23003,0,1,1,5412
23004,0,1,4,81
23005,0,1,4,30
23006,0,1,4,247
23007,0,1,4,30
23008,0,0,114,1067
23009,0,1,4,721
2301,0,1,4,30
23010,0,1,4,30
23011,0,1,1,133
23012,0,1,1,2889
23013,0,0,0,4073
23014,0,13,1072,2890
23015,0,1,86,4074
23016,0,1,1477,5413
23017,0,1,475,1151
23018,0,0,0,5
23019,0,0,0,2
2302,0,1,1,74
23020,0,1,13,2891
23021,0,1,12,386
23022,0,1,713,2315
23023,0,1,713,2315
23024,0,1,125,1150
23025,0,11,669,1664
23026,0,1,12,1103
23027,0,0,0,5414
23028,0,1,13,2189
23029,8,29,94,405
2303,0,1,1,8
23030,3,4,10,243
23031,0,1,261,1147
23032,0,1,14,85
23033,0,0,0,955
23034,0,1,894,4075
23035,0,1,1478,5415
23036,0,1,71,2892
23037,0,11,177,344
23038,0,1,71,6792
23039,0,1,71,4076
2304,0,8,32,32
23040,0,0,41,2893
23041,0,0,81,1370
23042,0,0,60,570
23043,0,1,12,956
23044,0,10,30,105
23045,0,1,189,2224
23046,0,11,84,1114
23047,9,24,75,516
23048,0,1,12,6793
23049,0,1,671,4077
2305,0,1,118,382
23050,0,22,88,2219
23051,0,1,12,386
23052,0,1,125,1150
23053,0,1,475,1151
23054,0,1,365,4078
23055,0,1,4,6794
23056,0,1,414,4079
23057,0,0,0,515
23058,0,1,12,1666
23059,0,0,337,5416
2306,0,0,0,1161
23060,0,1,12,2034
23061,0,1,196,2230
23062,0,0,28,2005
23063,0,43,1073,2894
23064,0,0,27,25
23065,0,68,431,2267
23066,0,11,84,1308
23067,9,24,75,507
23068,0,127,1479,5417
23069,0,0,1255,6795
2307,0,0,0,440
23070,0,0,337,1307
23071,10,35,281,4080
23072,0,1,12,601
23073,0,0,895,4081
23074,0,175,896,4082
23075,0,0,60,6796
23076,0,1,733,4083
23077,1,2,2,1680
23078,0,1,20,1681
23079,0,1,103,4084
2308,0,0,0,440
23080,0,1,71,1387
23081,0,0,60,6797
23082,0,1,12,601
23083,0,1,12,1682
23084,0,1,1256,6798
23085,0,0,254,5418
23086,0,1,12,601
23087,0,1,181,4085
23088,0,1,12,1182
23089,0,11,177,2895
2309,1,2,9,87
23090,0,1,12,1103
23091,0,1,125,1063
23092,0,1,335,6799
23093,0,1,1074,2896
23094,0,1,12,4086
23095,0,1,478,4087
23096,0,0,0,5419
23097,0,0,114,1683
23098,0,1,1,5420
23099,0,1,1,45
231,0,0,6,6030
2310,1,2,9,87
23100,0,6,36,602
23101,0,1,4,760
23102,0,0,444,1258
23103,0,0,0,4088
23104,0,0,0,4089
23105,0,0,114,1683
23106,0,0,1075,2897
23107,0,1,4,254
23108,0,1,22,626
23109,0,1,12,847
2311,1,2,9,87
23110,0,0,46,448
23111,0,1,4,4090
23112,0,1,29,51
23113,0,6,36,6800
23114,0,1,1,18
23115,0,1,22,1996
23116,0,1,1,45
23117,0,1,4,752
23118,0,1,51,6801
23119,0,1,4,457
2312,1,2,9,4712
23120,0,1,29,421
23121,0,1,22,1724
23122,0,6,36,2225
23123,0,1,4,6802
23124,0,1,12,1152
23125,0,1,4,457
23126,0,1,118,382
23127,0,1,22,4091
23128,0,1,22,1155
23129,0,1,51,583
2313,3,4,10,2115
23130,0,1,118,382
23131,0,1,1,18
23132,0,1,1,44
23133,0,1,22,737
23134,0,1,1,96
23135,0,1,113,5421
23136,0,1,602,4092
23137,0,5,49,4093
23138,0,5,49,4094
23139,0,1,51,583
2314,1,2,9,87
23140,0,1,29,421
23141,0,1,22,4095
23142,0,5,49,2898
23143,0,1,1480,5422
23144,0,1,118,382
23145,0,1,4,457
23146,0,5,1076,2899
23147,0,1,1,18
23148,0,1,22,737
23149,0,1,1,951
2315,0,1,1,8
23150,0,1,4,4096
23151,0,1,21,24
23152,0,1,1,20
23153,1,2,2,17
23154,0,1,1,20
23155,0,0,0,21
23156,1,2,9,127
23157,0,0,0,9
23158,2,3,111,150
23159,0,0,0,5
2316,0,1,1,44
23160,7,15,48,66
23161,0,1,4,1054
23162,0,1,1,5423
23163,0,1,1,600
23164,0,0,0,88
23165,0,1,1,6803
23166,0,1,1,4097
23167,0,0,6,6
23168,0,1,1,8
23169,0,1,1,20
2317,0,1,1,115
23170,1,2,2,4098
23171,1,2,9,26
23172,0,0,0,2
23173,0,1,1,4099
23174,0,1,1,600
23175,0,1,1,1508
23176,0,1,4,57
23177,0,0,0,47
23178,0,0,0,1
23179,0,0,0,2
2318,0,1,1,402
23180,0,0,0,1
23181,0,1,71,428
23182,0,0,289,4100
23183,1,2,9,13
23184,0,0,0,1
23185,3,4,897,4101
23186,0,0,0,47
23187,0,1,115,234
23188,0,1,18,5424
23189,0,0,0,1
2319,0,1,1,8
23190,0,0,0,1333
23191,0,0,0,0
23192,1,2,3,3
23193,0,1,83,148
23194,0,1,14,4102
23195,0,1,25,1684
23196,0,1,150,4103
23197,0,1,58,418
23198,0,1,13,4104
23199,0,1,58,4105
232,0,0,0,5
2320,0,1,1,995
23200,0,1,12,956
23201,0,1,12,6804
23202,0,1,135,6805
23203,0,0,0,1265
23204,26,81,689,2900
23205,0,0,0,5425
23206,0,1,21,111
23207,0,1,1,8
23208,0,1,13,754
23209,0,1,1,18
2321,0,1,4,1838
23210,0,1,1,8
23211,0,1,1,18
23212,0,0,0,1
23213,0,0,0,1
23214,0,0,0,0
23215,0,1,13,983
23216,0,1,37,239
23217,0,1,1,492
23218,0,6,73,2212
23219,0,1,4,78
2322,0,0,0,0
23220,0,1,1,8
23221,0,0,0,0
23222,0,0,0,0
23223,1,2,2,4
23224,0,0,0,2
23225,1,2,3,19
23226,1,2,7,7
23227,0,1,22,270
23228,0,0,0,1993
23229,0,1,25,5426
2323,1,2,9,13
23230,1,19,87,5427
23231,0,0,0,0
23232,0,1,71,1315
23233,0,0,28,2226
23234,0,1,20,376
23235,0,1,25,4106
23236,0,1,20,1692
23237,0,1,1481,5428
23238,0,1,12,956
23239,1,2,898,4107
2324,10,53,185,439
23240,0,127,1077,2901
23241,0,1,93,6806
23242,0,1,12,956
23243,0,0,0,4108
23244,26,81,600,2902
23245,0,10,480,6807
23246,0,0,0,2903
23247,0,0,0,187
23248,0,1,12,6808
23249,0,0,0,21
2325,1,2,69,84
23250,1,2,9,46
23251,0,0,0,21
23252,0,0,45,5429
23253,0,1,71,5430
23254,0,1,35,5431
23255,1,2,1078,2904
23256,0,1,12,4109
23257,0,1,25,1684
23258,0,0,79,4110
23259,0,1,1079,2905
2326,0,36,105,141
23260,4,20,70,76
23261,0,1,1,115
23262,0,0,0,9
23263,1,2,2,34
23264,1,2,9,127
23265,0,1,1,115
23266,0,1,476,5432
23267,0,1,21,782
23268,1,2,248,392
23269,0,0,17,1117
2327,2,3,199,3375
23270,0,0,0,9
23271,1,2,2,34
23272,1,2,2,68
23273,0,1,1,115
23274,0,1,476,2906
23275,0,0,0,0
23276,2,3,8,11
23277,3,4,10,793
23278,0,8,32,32
23279,0,1,1,96
2328,20,57,201,400
23280,0,0,0,0
23281,1,2,3,3
23282,0,0,0,0
23283,1,2,2,4
23284,0,0,0,2
23285,0,0,0,1
23286,1,2,9,13
23287,0,0,57,1954
23288,0,1,12,454
23289,0,0,0,108
2329,0,36,105,141
23290,0,0,0,2
23291,0,0,0,5
23292,1,2,2,4
23293,2,3,5,155
23294,0,0,0,0
23295,2,3,5,134
23296,1,2,3,3
23297,1,2,3,3
23298,0,0,0,5
23299,0,0,16,16
233,0,0,0,2
2330,1,2,69,84
23300,0,0,0,5
23301,0,0,0,5
23302,3,4,10,28
23303,0,0,16,16
23304,0,0,0,5
23305,0,0,0,47
23306,0,0,0,1
23307,1,2,7,7
23308,1,12,43,678
23309,0,0,0,1
2331,0,59,202,1425
23310,1,2,3,19
23311,1,2,2,4
23312,0,0,0,1
23313,1,2,7,7
23314,0,0,0,0
23315,0,1,63,301
23316,0,1,1,38
23317,0,1,1,8
23318,2,3,11,14
23319,1,2,7,7
2332,0,36,105,141
23320,1,2,3,3
23321,0,0,0,0
23322,1,12,43,4111
23323,2,3,5,960
23324,2,3,66,1997
23325,0,0,0,0
23326,2,3,8,188
23327,2,3,44,59
23328,2,3,8,11
23329,1,2,2,4
2333,0,59,202,475
23330,0,1,4,43
23331,0,1,24,1685
23332,0,1,555,6809
23333,0,5,23,1686
23334,0,0,0,0
23335,0,0,0,0
23336,0,0,0,2
23337,1,2,3,276
23338,0,0,0,0
23339,0,0,0,0
2334,10,53,185,3376
23340,1,2,3,276
23341,0,0,0,2
23342,0,0,0,1
23343,2,3,11,14
23344,0,0,0,0
23345,1,12,43,272
23346,1,2,7,7
23347,2,3,5,67
23348,2,3,5,67
23349,0,0,0,12
2335,0,36,105,141
23350,0,0,0,0
23351,1,2,3,3
23352,0,0,0,2
23353,0,0,0,6810
23354,0,0,0,1
23355,1,2,2,4
23356,1,2,3,33
23357,0,0,0,5
23358,0,0,0,5
23359,0,0,0,2
2336,0,36,105,141
23360,0,0,0,5
23361,0,0,0,37
23362,0,0,314,722
23363,0,0,16,16
23364,0,0,0,5
23365,0,0,61,89
23366,0,0,458,5433
23367,0,0,0,2
23368,0,0,0,2
23369,0,0,0,5
2337,1,2,69,84
23370,0,0,0,5
23371,1,2,9,26
23372,0,0,314,722
23373,1,2,9,13
23374,0,1,1,38
23375,0,1,1,8
23376,0,0,0,0
23377,3,4,10,880
23378,2,3,178,535
23379,0,0,78,212
2338,0,59,202,475
23380,0,0,0,75
23381,2,3,66,1997
23382,1,2,3,3
23383,0,0,0,0
23384,1,2,3,19
23385,0,0,0,2
23386,0,0,0,185
23387,1,2,3,92
23388,0,1,37,1648
23389,0,0,0,31
2339,1,2,69,84
23390,0,5,23,5434
23391,0,1,106,1355
23392,0,1,37,182
23393,0,1,4,49
23394,0,1,1,193
23395,0,0,17,4112
23396,0,0,0,0
23397,0,0,0,0
23398,1,2,7,7
23399,2,3,5,10
234,0,1,1,492
2340,1,2,69,84
23400,0,0,0,0
23401,0,0,0,1
23402,1,2,2,4
23403,0,0,0,56
23404,0,1,4,49
23405,0,1,1,8
23406,0,0,0,1
23407,0,0,0,2
23408,0,6,73,809
23409,0,0,0,31
2341,1,2,69,84
23410,0,1,24,784
23411,0,0,0,56
23412,0,0,38,2907
23413,0,0,0,796
23414,0,1,13,399
23415,0,1,13,553
23416,0,1,13,553
23417,0,1,13,399
23418,0,1,13,60
23419,0,0,0,1
2342,10,53,185,439
23420,0,0,0,0
23421,2,3,5,10
23422,1,2,3,19
23423,0,0,123,374
23424,0,1,13,325
23425,0,1,13,1316
23426,0,1,13,1383
23427,0,1,13,2908
23428,0,1,13,624
23429,3,4,205,487
2343,0,36,105,141
23430,0,0,38,223
23431,0,0,17,123
23432,0,1,14,129
23433,0,1,20,29
23434,10,35,281,2909
23435,0,1,13,2910
23436,0,1,13,1949
23437,0,1,13,1597
23438,1,2,2,4
23439,0,0,0,4113
2344,20,57,201,1839
23440,0,0,0,1
23441,1,2,7,7
23442,0,0,0,1
23443,1,2,3,2911
23444,0,0,0,0
23445,0,0,0,2
23446,0,0,15,27
23447,0,0,15,27
23448,0,0,0,1
23449,0,0,0,0
2345,0,36,105,141
23450,0,0,0,0
23451,1,2,3,19
23452,1,2,7,7
23453,0,0,0,1
23454,0,0,0,1
23455,0,0,0,0
23456,0,0,0,2
23457,1,2,3,19
23458,1,2,2,4
23459,1,2,3,3
2346,0,36,105,141
23460,0,0,0,0
23461,1,12,43,2912
23462,3,4,10,6811
23463,0,0,0,1
23464,2,3,477,5435
23465,1,2,7,7
23466,2,3,8,194
23467,1,2,2,4
23468,2,3,11,14
23469,2,3,5,10
2347,0,59,202,475
23470,0,0,0,2
23471,0,0,0,0
23472,2,3,8,194
23473,0,0,0,0
23474,0,0,0,0
23475,0,0,0,1
23476,1,2,7,7
23477,0,0,0,0
23478,2,3,5,10
23479,1,2,3,19
2348,1,2,69,84
23480,0,0,0,1
23481,0,0,0,0
23482,2,3,8,1099
23483,0,0,0,0
23484,0,0,15,27
23485,0,0,0,0
23486,2,3,8,194
23487,1,2,2,4
23488,1,2,3,19
23489,0,0,0,0
2349,0,59,202,475
23490,0,0,17,39
23491,0,1,13,624
23492,1,2,3,3
23493,0,0,0,1
23494,0,0,0,0
23495,0,1,39,449
23496,1,2,3,3
23497,0,0,0,1
23498,2,3,11,14
23499,0,0,0,2
235,1,2,2,34
2350,0,36,105,141
23500,5,33,1257,6812
23501,0,0,0,0
23502,0,0,0,2
23503,2,3,5,10
23504,1,2,3,19
23505,1,2,2,4
23506,0,0,0,1
23507,2,3,5,346
23508,2,3,11,14
23509,0,0,0,0
2351,1,2,69,84
23510,1,2,2,4
23511,1,2,7,7
23512,2,3,5,10
23513,1,2,2,4
23514,1,2,3,19
23515,1,2,7,7
23516,0,0,0,1
23517,2,3,5,10
23518,0,0,78,212
23519,0,1,13,1316
2352,1,23,517,1090
23520,1,2,7,7
23521,0,0,0,2
23522,0,0,0,0
23523,1,2,3,3
23524,2,3,8,11
23525,0,0,0,0
23526,0,0,0,1
23527,0,0,0,0
23528,1,2,3,19
23529,0,0,15,27
2353,10,53,185,439
23530,2,3,5,10
23531,0,0,0,2
23532,2,3,5,10
23533,2,3,8,1780
23534,1,2,2,4
23535,1,2,3,19
23536,0,0,0,2
23537,0,0,0,1
23538,0,0,0,1
23539,0,0,0,0
2354,0,36,105,141
23540,1,2,7,7
23541,0,0,0,291
23542,0,0,0,12
23543,0,0,0,12
23544,1,2,3,91
23545,1,2,3,114
23546,0,0,0,12
23547,2,3,50,2227
23548,1,2,2,4
23549,2,3,8,124
2355,20,57,201,400
23550,0,0,0,2
23551,0,0,0,100
23552,1,2,3,19
23553,2,3,5,10
23554,1,2,2,4
23555,2,3,11,14
23556,0,0,0,1
23557,1,2,7,7
23558,2,3,8,233
23559,1,2,2,4
2356,0,36,105,141
23560,0,0,0,12
23561,0,0,0,12
23562,1,2,3,114
23563,0,0,0,1
23564,0,0,0,1
23565,1,2,2,4
23566,2,3,5,10
23567,1,2,3,19
23568,1,2,7,7
23569,0,0,0,0
2357,1,2,69,84
23570,0,0,0,1
23571,2,3,5,10
23572,0,0,0,1
23573,0,0,0,2
23574,0,0,0,1
23575,1,2,2,4
23576,2,3,11,14
23577,1,2,3,33
23578,0,0,0,47
23579,1,2,2,4
2358,10,53,185,439
23580,2,3,11,14
23581,1,2,2,4
23582,1,2,2,4
23583,2,3,5,10
23584,1,2,7,7
23585,2,3,11,14
23586,1,12,43,1289
23587,2,3,8,4114
23588,0,0,0,2
23589,2,3,31,1532
2359,20,57,201,400
23590,2,3,11,14
23591,0,0,0,0
23592,0,0,0,4115
23593,2,3,5,41
23594,1,2,3,91
23595,2,3,8,79
23596,0,0,0,2
23597,0,0,1482,5436
23598,0,0,0,0
23599,1,2,7,7
236,0,1,37,158
2360,0,36,105,141
23600,0,0,0,12
23601,2,3,8,11
23602,1,2,7,7
23603,0,0,0,0
23604,0,0,0,1
23605,1,2,3,3
23606,0,0,0,2
23607,2,3,50,4116
23608,0,0,0,1
23609,0,0,45,6813
2361,1,2,69,84
23610,0,0,0,4117
23611,0,1,42,130
23612,0,0,0,469
23613,0,0,339,1687
23614,0,1,42,952
23615,1,2,2,4
23616,0,0,0,1
23617,0,0,0,1
23618,1,2,7,7
23619,0,0,0,0
2362,1,2,69,84
23620,1,2,3,3
23621,1,2,2,4
23622,0,0,0,2
23623,0,0,0,1
23624,0,0,0,2
23625,0,0,0,2
23626,0,0,28,1998
23627,0,1,20,250
23628,0,0,0,197
23629,1,2,2,1688
2363,1,2,69,84
23630,0,1,20,250
23631,0,0,0,2
23632,0,0,0,1
23633,1,2,3,19
23634,0,0,0,0
23635,0,0,0,2
23636,0,0,0,2
23637,1,2,3,3
23638,0,0,0,0
23639,0,0,0,0
2364,1,2,69,84
23640,0,8,32,32
23641,0,1,1,6814
23642,0,1,4,2228
23643,0,1,42,130
23644,0,0,0,197
23645,0,1,20,250
23646,0,1,1,8
23647,0,0,0,197
23648,0,1,20,250
23649,0,0,0,469
2365,0,1,4,43
23650,0,0,0,206
23651,0,0,0,2
23652,0,1,64,6815
23653,0,0,0,469
23654,0,1,42,130
23655,0,1,20,29
23656,0,0,0,1
23657,1,2,2,40
23658,0,0,0,1
23659,0,0,0,5
2366,0,5,23,371
23660,0,0,0,100
23661,0,0,0,1
23662,1,2,2,4
23663,0,0,0,1
23664,1,2,3,63
23665,1,2,2,40
23666,0,0,0,1
23667,0,0,0,2
23668,8,41,144,637
23669,0,1,14,264
2367,0,0,0,31
23670,1,2,7,7
23671,0,0,0,1
23672,2,3,11,14
23673,0,0,0,0
23674,0,0,0,2
23675,1,2,3,19
23676,2,3,5,10
23677,0,0,15,423
23678,3,4,10,759
23679,4,18,153,556
2368,0,1,24,196
23680,0,1,13,6816
23681,0,0,0,86
23682,0,0,15,423
23683,3,4,10,759
23684,4,18,153,556
23685,0,0,0,1
23686,1,2,2,4
23687,0,1,601,1999
23688,0,1,14,264
23689,6,14,122,881
2369,0,0,0,72
23690,0,1,13,1571
23691,0,1,13,4118
23692,2,3,5,10
23693,1,2,3,19
23694,0,0,0,1
23695,0,0,0,1
23696,1,2,3,433
23697,0,1,465,5437
23698,0,0,0,0
23699,1,2,2,4
237,0,1,4,78
2370,0,0,0,2
23700,0,0,15,27
23701,0,0,0,2
23702,0,0,0,0
23703,0,0,0,1
23704,2,3,5,10
23705,0,0,0,0
23706,1,2,7,7
23707,2,3,5,10
23708,0,0,0,12
23709,0,0,15,27
2371,0,0,0,9
23710,0,0,0,2
23711,2,3,11,1207
23712,0,0,0,154
23713,0,0,0,0
23714,2,3,50,1689
23715,2,3,8,582
23716,1,2,2,4
23717,0,0,0,1
23718,1,2,7,7
23719,0,0,0,12
2372,0,0,57,221
23720,1,2,3,33
23721,2,3,5,15
23722,3,4,10,2104
23723,1,2,2,4
23724,0,0,0,0
23725,0,0,0,6817
23726,0,0,0,4119
23727,0,0,0,1
23728,1,2,3,33
23729,0,0,0,1
2373,0,0,57,221
23730,1,2,2,4
23731,3,4,10,2913
23732,0,0,0,1
23733,1,2,3,3
23734,0,0,0,47
23735,2,3,5,689
23736,2,3,50,909
23737,1,2,7,7
23738,2,3,8,11
23739,0,0,0,1
2374,0,1,126,324
23740,1,2,3,3
23741,2,3,5,10
23742,0,0,0,0
23743,2,3,5,15
23744,1,2,2,4
23745,2,3,31,36
23746,0,0,0,0
23747,0,0,0,2
23748,2,3,5,337
23749,1,2,2,4
2375,0,1,220,360
23750,1,2,7,7
23751,0,0,0,1
23752,0,1,20,29
23753,0,1,4,427
23754,0,1,1258,6818
23755,1,2,3,3
23756,0,0,0,0
23757,2,3,11,14
23758,0,0,0,0
23759,0,1,39,449
2376,0,0,0,2
23760,0,0,0,0
23761,1,2,3,3
23762,2,3,11,14
23763,0,0,0,1
23764,0,0,1080,2914
23765,0,0,0,0
23766,0,1,14,85
23767,0,0,0,48
23768,3,4,10,243
23769,0,1,14,85
2377,0,0,0,5
23770,1,2,3,63
23771,0,0,0,1
23772,0,0,0,100
23773,0,1,14,85
23774,0,0,0,48
23775,0,0,332,1399
23776,0,1,20,29
23777,0,1,20,29
23778,0,1,20,29
23779,0,0,0,206
2378,0,1,13,490
23780,0,1,20,29
23781,79,227,1259,6819
23782,0,0,0,0
23783,0,0,0,48
23784,3,4,10,1019
23785,0,0,0,206
23786,0,0,0,206
23787,0,1,20,29
23788,0,0,0,1
23789,0,0,0,0
2379,1,2,7,7
23790,1,2,3,19
23791,1,2,2,4
23792,0,0,0,1
23793,0,0,0,0
23794,1,2,3,3
23795,0,0,0,0
23796,0,1,39,1720
23797,0,0,47,4120
23798,0,1,1,18
23799,0,1,1,1261
238,0,0,0,9
2380,1,2,3,3
23800,0,1,33,6820
23801,1,2,7,7
23802,0,0,0,1
23803,0,0,0,0
23804,71,176,899,4121
23805,0,1,14,264
23806,6,14,122,881
23807,3,4,10,5438
23808,8,41,144,637
23809,0,1,20,29
2381,3,4,10,28
23810,2,3,5,10
23811,1,2,7,7
23812,0,0,0,0
23813,1,2,3,3
23814,0,0,57,221
23815,0,0,0,2
23816,1,2,3,4122
23817,0,1,4,57
23818,0,1,29,421
23819,2,3,5,10
2382,0,0,0,2
23820,3,4,205,5439
23821,0,1,13,399
23822,0,0,0,1
23823,0,0,0,0
23824,0,0,0,1
23825,1,2,3,19
23826,1,2,2,4
23827,0,0,78,431
23828,0,1,21,5440
23829,0,1,24,2915
2383,0,0,0,0
23830,0,1,4,49
23831,0,1,1081,2916
23832,1,2,2,476
23833,0,0,0,77
23834,0,0,0,927
23835,0,1,24,6821
23836,0,5,23,6822
23837,0,0,0,31
23838,0,0,0,21
23839,0,1,89,4123
2384,2,3,11,14
23840,0,5,23,6823
23841,0,0,0,2
23842,0,0,0,21
23843,0,1,4,49
23844,1,2,9,46
23845,1,2,9,46
23846,0,0,0,21
23847,1,2,9,46
23848,0,0,0,21
23849,1,2,9,220
2385,0,0,0,0
23850,0,0,0,21
23851,0,0,0,21
23852,1,2,9,220
23853,0,0,0,21
23854,1,2,9,220
23855,0,0,0,21
23856,0,0,0,21
23857,0,0,0,21
23858,0,0,0,21
23859,2,3,416,863
2386,0,0,0,1
23860,1,2,9,220
23861,0,0,0,21
23862,0,0,0,21
23863,1,2,9,46
23864,0,0,0,21
23865,1,2,9,220
23866,0,0,0,21
23867,0,0,0,21
23868,1,2,9,220
23869,0,0,0,21
2387,1,2,3,3
23870,0,0,0,21
23871,0,0,0,21
23872,1,2,9,220
23873,1,2,9,46
23874,0,0,0,21
23875,0,0,0,21
23876,1,2,9,46
23877,1,2,9,220
23878,0,0,0,21
23879,0,0,0,21
2388,0,1,147,650
23880,1,2,9,46
23881,0,0,1483,5441
23882,0,0,1082,2917
23883,1,2,9,46
23884,1,2,9,46
23885,1,2,9,220
23886,1,2,9,46
23887,0,0,0,21
23888,0,0,0,21
23889,0,0,16,16
2389,0,1,1,18
23890,0,0,0,95
23891,0,0,0,95
23892,2,3,34,35
23893,0,1,115,234
23894,1,2,9,13
23895,0,1,13,977
23896,0,0,0,975
23897,2,3,8,11
23898,1,2,2,4
23899,1,2,3,3
239,0,0,0,72
2390,0,1,1,8
23900,0,0,0,0
23901,1,2,3,3
23902,1,2,7,7
23903,2,3,11,14
23904,2,3,5,10
23905,1,2,3,3
23906,2,3,8,11
23907,0,0,0,0
23908,0,1,13,6824
23909,1,2,425,1819
2391,2,3,66,723
23910,2,3,11,14
23911,0,0,0,1
23912,0,0,0,2
23913,0,0,0,0
23914,0,0,0,2
23915,1,2,9,13
23916,0,1,115,234
23917,10,35,281,5442
23918,0,0,0,9
23919,0,1,1,8
2392,0,0,0,2
23920,0,1,4,43
23921,0,0,0,1
23922,0,0,0,2
23923,0,1,33,4124
23924,0,1,900,4125
23925,0,1,1,8
23926,0,1,1,74
23927,0,1,4,30
23928,0,5,23,2918
23929,0,1,4,125
2393,1,2,2,23
23930,0,1,4,162
23931,0,1,1,104
23932,0,1,4,551
23933,0,1,4,1098
23934,0,1,1,115
23935,0,1,1,8
23936,0,0,0,9
23937,0,1,24,1107
23938,0,1,4,43
23939,0,1,82,1153
2394,0,0,0,2
23940,0,0,0,56
23941,0,5,23,1280
23942,0,1,1,8
23943,0,1,29,51
23944,0,1,37,158
23945,0,1,24,2316
23946,0,1,37,182
23947,0,1,1,193
23948,0,1,4,49
23949,0,1,1,329
2395,0,0,0,5
23950,1,2,3,92
23951,0,1,4,78
23952,0,0,0,306
23953,0,0,134,181
23954,1,2,2,68
23955,0,0,0,9
23956,0,0,0,310
23957,0,1,37,855
23958,0,0,0,215
23959,0,0,0,215
2396,0,0,0,0
23960,0,0,0,215
23961,0,0,0,86
23962,1,2,3,92
23963,0,1,4,943
23964,0,0,78,926
23965,0,6,73,491
23966,0,1,1,8
23967,0,0,0,56
23968,0,0,0,9
23969,0,1,4,49
2397,2,3,5,10
23970,0,5,23,1317
23971,1,2,2,68
23972,0,1,24,447
23973,0,0,0,72
23974,0,0,0,31
23975,1,2,3,92
23976,0,0,0,215
23977,0,0,0,215
23978,0,1,4,43
23979,0,0,0,72
2398,1,2,7,7
23980,0,1,37,1318
23981,0,1,1,1911
23982,1,2,3,92
23983,0,0,6,6
23984,0,0,0,9
23985,0,0,0,9
23986,0,1,82,6825
23987,0,1,4,30
23988,0,8,32,32
23989,0,11,140,1302
2399,1,2,2,4
23990,0,11,140,5443
23991,0,11,140,1302
23992,0,11,140,2000
23993,0,0,0,86
23994,0,1,115,396
23995,1,19,87,559
23996,0,0,0,271
23997,0,0,0,86
23998,0,0,0,5
23999,0,0,0,2
24,1,2,2,4
240,0,6,73,741
2400,1,2,3,3
24000,0,0,0,5
24001,0,0,0,2
24002,0,0,0,2
24003,0,0,0,5
24004,0,0,0,2
24005,0,0,0,2
24006,1,2,2,34
24007,0,0,28,61
24008,0,0,28,119
24009,0,1,24,5444
2401,2,3,5,15
24010,0,5,23,4126
24011,0,1,1,8
24012,0,1,4,81
24013,1,2,2,23
24014,0,0,0,5
24015,0,0,0,5
24016,0,0,0,98
24017,0,0,28,61
24018,0,1,37,370
24019,0,0,15,116
2402,2,3,8,11
24020,0,0,0,31
24021,0,1,4,49
24022,0,1,1,133
24023,0,1,1,4127
24024,0,1,1,1690
24025,0,1,1,133
24026,0,1,4,247
24027,0,10,30,2001
24028,0,1,4,4128
24029,0,6,36,1015
2403,0,0,0,2
24030,0,1,1,322
24031,0,1,4,721
24032,0,1,20,29
24033,0,1,20,6826
24034,0,0,0,93
24035,0,0,0,77
24036,1,2,2,17
24037,0,0,6,6
24038,0,0,6,107
24039,0,0,6,6
2404,0,0,0,5
24040,0,1,20,29
24041,0,1,1,133
24042,0,1,29,51
24043,0,0,6,70
24044,0,0,78,212
24045,0,0,0,12
24046,2,3,5,10
24047,1,2,3,3
24048,3,4,10,231
24049,1,2,2,4
2405,1,2,2,4
24050,2,3,5,155
24051,2,3,5,134
24052,0,0,0,0
24053,3,4,183,6827
24054,0,0,0,1
24055,0,1,13,624
24056,1,2,2,4
24057,2,3,5,15
24058,3,4,10,28
24059,0,0,57,221
2406,2,3,8,194
24060,0,1,13,490
24061,0,0,0,0
24062,1,2,3,276
24063,0,1,417,1626
24064,0,8,32,32
24065,1,2,3,63
24066,0,0,0,100
24067,0,1,1,18
24068,0,1,1,343
24069,0,1,1,1691
2407,2,3,8,11
24070,0,0,19,812
24071,0,0,0,1
24072,0,0,0,1
24073,0,0,0,88
24074,0,5,49,5445
24075,0,1,113,6828
24076,0,1,12,2143
24077,0,0,46,5446
24078,0,1,4,4129
24079,0,1,562,4130
2408,2,3,11,14
24080,0,1,1,45
24081,0,1,113,2002
24082,0,0,46,4131
24083,0,88,389,1154
24084,0,1,4,408
24085,2,3,66,6829
24086,0,0,19,5447
24087,0,88,389,1154
24088,0,6,36,2919
24089,0,1,4,752
2409,0,0,0,0
24090,0,1,22,1155
24091,0,1,4,1988
24092,0,1,602,5448
24093,0,1,124,5449
24094,0,32,1260,6830
24095,0,1,1,18
24096,0,5,49,4132
24097,0,1,29,2180
24098,0,128,603,5450
24099,0,1,118,382
241,0,1,18,441
2410,1,2,2,4
24100,0,1,1,18
24101,0,1,22,2220
24102,0,5,1484,5451
24103,0,1,1,8
24104,0,1,4,569
24105,3,4,116,6831
24106,0,1,12,847
24107,0,1,12,4133
24108,0,0,1261,6832
24109,3,4,677,6833
2411,2,3,8,6074
24110,0,1,1,951
24111,0,0,0,751
24112,0,0,1485,5452
24113,0,0,0,751
24114,0,1,12,847
24115,0,0,0,2
24116,0,1,4,760
24117,0,5,49,5453
24118,0,1,113,5454
24119,0,1,1,8
2412,2,3,5,155
24120,0,0,1262,6834
24121,0,0,1263,6835
24122,0,1,4,6836
24123,0,5,49,4134
24124,0,32,101,5455
24125,0,1,4,347
24126,0,6,36,4135
24127,0,1,29,51
24128,0,1,259,718
24129,0,1,1264,6837
2413,0,0,0,1
24130,0,1,1,951
24131,0,1,12,622
24132,0,1,29,51
24133,0,6,36,2004
24134,0,1,14,6838
24135,0,0,46,227
24136,0,0,19,4136
24137,0,1,1,45
24138,0,1,4,254
24139,0,1,4,935
2414,2,3,5,15
24140,0,0,0,335
24141,0,1,4,314
24142,0,1,1,8
24143,0,1,22,1335
24144,0,0,0,2003
24145,0,0,60,924
24146,0,0,0,1156
24147,0,73,406,1068
24148,0,1,4,5456
24149,0,1,12,5457
2415,2,3,5,134
24150,0,1,1,343
24151,0,1,1083,2920
24152,0,1,18,1319
24153,0,1,4,1144
24154,0,1,29,51
24155,0,1,29,51
24156,0,1,4,1144
24157,0,1,529,2921
24158,0,1,694,4137
24159,0,1,1,18
2416,3,4,10,28
24160,0,0,0,88
24161,0,1,4,347
24162,0,1,29,51
24163,0,0,0,88
24164,0,1,1,18
24165,0,1,355,2229
24166,0,1,18,1319
24167,0,1,1,4138
24168,0,128,603,6839
24169,0,1,1,343
2417,0,0,0,0
24170,0,0,46,448
24171,0,6,36,6840
24172,0,1,4,314
24173,0,1,4,569
24174,0,1,142,5458
24175,0,1,1,65
24176,0,1,1,18
24177,0,0,0,88
24178,0,1,22,626
24179,0,1,1,4139
2418,1,2,3,3
24180,0,1,4,254
24181,0,1,4,1320
24182,0,5,49,5459
24183,0,1,1,45
24184,0,1,1,45
24185,0,1,29,51
24186,0,1,29,51
24187,0,1,4,314
24188,0,8,32,6841
24189,0,1,1,8
2419,1,2,3,3
24190,0,0,462,1278
24191,0,1,1,8
24192,0,0,0,185
24193,0,1,1,18
24194,0,1,22,1321
24195,0,1,29,51
24196,0,1,714,2922
24197,0,1,1,343
24198,0,1,1,65
24199,0,1,22,5460
242,0,1,29,51
2420,0,0,0,2
24200,0,1,113,6842
24201,0,1,4,254
24202,0,1,4,254
24203,0,1,22,1321
24204,0,6,36,2004
24205,0,0,0,1156
24206,0,0,0,335
24207,0,0,108,5461
24208,0,1,113,957
24209,0,5,49,5462
2421,0,0,0,0
24210,0,1,21,111
24211,1,2,2,545
24212,0,0,27,25
24213,0,21,72,546
24214,0,0,0,37
24215,0,5,49,4140
24216,0,1,113,6843
24217,0,1,351,4141
24218,0,1,118,382
24219,0,1,366,2923
2422,2,3,8,11
24220,0,0,1265,6844
24221,0,1,901,4142
24222,0,1,478,5463
24223,0,0,0,37
24224,0,0,0,2
24225,0,0,0,5
24226,0,1,528,1190
24227,0,1,85,113
24228,0,1,4,457
24229,0,0,444,1258
2423,1,2,3,3
24230,0,5,49,4143
24231,0,6,36,5464
24232,0,1,4,5465
24233,0,1,1,45
24234,0,1,22,626
24235,0,1,126,324
24236,0,1,4,520
24237,0,1,4,520
24238,0,1,4,314
24239,0,1,97,2924
2424,1,2,7,7
24240,0,1,86,552
24241,0,1,261,1149
24242,0,1,86,2251
24243,0,1,1,18
24244,0,1,12,5466
24245,0,1,1084,2925
24246,0,1,306,6845
24247,0,0,17,531
24248,0,0,59,651
24249,0,0,234,1140
2425,0,0,0,0
24250,0,0,0,1156
24251,0,1,29,51
24252,0,1,113,6846
24253,0,6,36,602
24254,0,1,29,51
24255,0,0,46,227
24256,0,1,390,5467
24257,0,1,593,1984
24258,0,1,22,1996
24259,0,1,4,752
2426,1,12,43,401
24260,0,1,22,6847
24261,0,1,1,45
24262,0,0,0,4144
24263,0,0,60,570
24264,0,1,196,2230
24265,0,1,306,4145
24266,0,1,25,1097
24267,0,1,4,57
24268,0,1,1,8
24269,0,1,1,18
2427,1,2,7,7
24270,0,1,1,160
24271,0,0,27,25
24272,0,21,72,546
24273,0,0,28,2005
24274,0,1,137,4146
24275,0,1,232,1771
24276,0,0,47,5468
24277,0,1,22,2096
24278,0,1,12,1345
24279,1,2,2,545
2428,1,2,3,3
24280,0,1,24,153
24281,0,1,20,29
24282,0,0,57,1044
24283,0,5,23,497
24284,0,1,4,43
24285,0,1,13,504
24286,0,1,14,50
24287,3,4,10,2926
24288,0,0,17,532
24289,3,4,10,69
2429,2,3,8,620
24290,3,4,10,83
24291,2,3,8,11
24292,0,0,0,12
24293,2,3,5,10
24294,1,2,2,4
24295,0,1,1085,2927
24296,0,1,18,152
24297,0,1,1,96
24298,0,0,0,0
24299,1,2,3,3
243,1,2,2,68
2430,1,2,7,7
24300,0,0,0,1
24301,0,0,0,2
24302,1,2,7,7
24303,0,1,13,412
24304,0,0,0,5
24305,0,0,0,2
24306,0,1,154,607
24307,0,1,18,742
24308,3,4,205,487
24309,0,0,0,1
2431,1,2,3,3
24310,0,0,0,0
24311,1,2,3,3
24312,2,3,8,11
24313,1,2,7,7
24314,1,2,2,4
24315,1,2,3,19
24316,2,3,5,10
24317,1,2,7,7
24318,0,0,0,1
24319,0,0,0,0
2432,0,0,0,0
24320,0,1,1,8
24321,0,1,4,57
24322,0,1,534,4147
24323,0,1,225,410
24324,0,47,188,1077
24325,0,47,367,2928
24326,0,1,224,2929
24327,0,1,224,6848
24328,0,0,0,5
24329,1,2,2,23
2433,1,2,2,4
24330,0,0,0,2
24331,0,1,14,129
24332,0,0,38,223
24333,0,0,17,123
24334,2,3,5,15
24335,2,3,11,14
24336,1,2,2,4
24337,2,3,11,14
24338,0,0,0,0
24339,0,1,58,4148
2434,2,3,8,11
24340,0,1,276,4149
24341,0,1,221,2930
24342,0,0,0,2
24343,0,0,0,37
24344,1,2,2,23
24345,0,0,0,5
24346,1,2,9,13
24347,0,0,0,2
24348,1,2,2,23
24349,0,0,0,37
2435,2,3,5,15
24350,0,1,115,234
24351,1,2,9,13
24352,1,2,9,13
24353,0,1,715,2931
24354,0,1,25,596
24355,0,1,20,1187
24356,0,0,0,5469
24357,0,1,282,4150
24358,0,1,282,2932
24359,0,5,49,618
2436,0,0,0,0
24360,0,1,51,136
24361,0,1,102,184
24362,0,1,282,5470
24363,0,1,71,202
24364,0,1,902,4151
24365,0,1,190,4152
24366,0,1,282,6849
24367,0,1,282,5471
24368,0,1,715,2933
24369,0,0,604,4153
2437,2,3,5,10
24370,0,0,903,4154
24371,0,0,604,5472
24372,0,1,354,4155
24373,0,0,0,9
24374,1,2,3,2934
24375,59,271,1486,5473
24376,0,1,197,6850
24377,0,0,0,12
24378,0,0,0,0
24379,0,1,1,2935
2438,0,0,16,16
24380,0,1,605,5474
24381,0,1,89,6851
24382,2,3,5,10
24383,0,0,0,0
24384,0,0,0,1
24385,1,2,2,4
24386,1,2,3,3
24387,0,0,0,5
24388,0,0,0,5
24389,0,0,0,2
2439,0,0,0,5
24390,0,1,1,45
24391,0,0,17,39
24392,0,0,52,52
24393,1,2,53,53
24394,0,0,45,71
24395,10,61,236,561
24396,0,0,41,106
24397,2,3,8,11
24398,0,0,0,2
24399,0,1,1,18
244,0,1,14,264
2440,1,2,9,13
24400,7,15,48,66
24401,0,0,0,5
24402,1,2,9,26
24403,0,99,606,5475
24404,0,139,661,6852
24405,0,0,0,5
24406,0,0,0,37
24407,0,0,0,2
24408,0,0,0,5
24409,0,0,0,5
2441,0,1,639,3377
24410,0,0,0,2
24411,7,15,48,66
24412,1,2,9,26
24413,0,0,0,5
24414,1,2,9,26
24415,0,0,0,2
24416,0,0,0,5
24417,0,0,0,37
24418,0,0,6,429
24419,0,0,0,2
2442,0,0,0,1
24420,0,0,6,503
24421,0,0,0,5
24422,0,0,0,5
24423,0,0,0,2
24424,1,2,2,23
24425,1,2,9,26
24426,0,0,0,1
24427,0,0,28,61
24428,0,0,0,98
24429,0,0,28,61
2443,0,0,0,2
24430,0,0,28,61
24431,0,0,28,119
24432,0,0,15,116
24433,0,0,28,61
24434,1,2,2,34
24435,0,0,15,116
24436,0,0,0,98
24437,0,0,15,27
24438,1,2,7,7
24439,3,4,10,5476
2444,0,0,0,327
24440,1,2,2,4
24441,0,0,0,2
24442,0,0,0,1
24443,0,0,0,12
24444,2,3,5,10
24445,0,0,0,1
24446,0,0,28,119
24447,0,0,0,98
24448,1,2,2,34
24449,0,0,28,61
2445,0,1,1,921
24450,0,0,28,119
24451,1,2,3,3
24452,0,0,0,0
24453,0,0,291,2936
24454,0,1,13,470
24455,2,3,8,6853
24456,5,46,210,2006
24457,0,0,38,259
24458,0,0,38,1157
24459,0,0,0,5
2446,0,0,0,1
24460,0,0,0,2
24461,0,7,26,22
24462,0,0,60,2007
24463,1,129,616,2937
24464,0,0,28,5477
24465,0,0,81,603
24466,0,1,12,5478
24467,0,0,60,2007
24468,0,1,12,622
24469,0,1,12,2938
2447,0,0,0,0
24470,0,1,261,4156
24471,0,1,261,1147
24472,0,0,41,6854
24473,0,1,196,6855
24474,0,1,261,1149
24475,0,1,12,6856
24476,0,0,0,1158
24477,0,1,20,1692
24478,0,0,0,187
24479,0,0,0,187
2448,1,2,3,3
24480,0,0,28,6857
24481,0,0,0,277
24482,0,1,42,130
24483,0,11,140,1275
24484,0,1,135,1693
24485,0,1,135,1693
24486,1,2,2,889
24487,0,0,0,0
24488,5,33,1487,5479
24489,2,3,1488,5480
2449,0,1,24,153
24490,0,0,0,31
24491,0,1,24,153
24492,0,0,0,9
24493,1,2,2,34
24494,1,2,3,3
24495,0,1,13,325
24496,0,1,4,43
24497,0,5,23,143
24498,1,2,2,4
24499,0,0,0,0
245,0,0,6,6
2450,0,5,23,497
24500,1,2,3,3
24501,1,2,3,3
24502,0,0,0,0
24503,0,0,0,0
24504,1,2,2,4
24505,0,0,0,0
24506,0,0,0,0
24507,0,0,0,0
24508,0,0,0,0
24509,0,0,0,0
2451,1,2,2,34
24510,1,2,7,7
24511,0,0,0,1
24512,0,0,0,0
24513,0,0,0,2
24514,1,2,2,4
24515,2,3,8,11
24516,0,0,0,0
24517,1,2,3,3
24518,0,0,0,2
24519,0,0,0,1
2452,0,0,0,12
24520,0,1,106,1355
24521,0,0,28,119
24522,0,0,28,61
24523,1,2,2,34
24524,10,35,454,6858
24525,1,2,3,3
24526,2,3,11,14
24527,0,30,159,4157
24528,0,0,0,0
24529,0,0,28,61
2453,0,0,0,0
24530,0,0,15,116
24531,0,0,0,98
24532,0,0,28,119
24533,0,0,0,98
24534,0,0,15,116
24535,5,33,479,5481
24536,0,0,0,1
24537,0,1,14,85
24538,3,4,10,243
24539,0,0,15,404
2454,0,0,0,2
24540,0,0,0,5
24541,0,0,0,2
24542,0,1,12,4158
24543,0,1,14,5482
24544,0,1,13,325
24545,1,2,9,26
24546,1,2,9,13
24547,1,2,9,13
24548,1,2,9,13
24549,1,2,9,13
2455,1,2,7,7
24550,0,0,16,16
24551,0,0,0,1
24552,0,0,0,5483
24553,0,0,0,47
24554,0,1,18,761
24555,0,1,18,176
24556,0,1,14,6859
24557,0,1,1,38
24558,0,1,1,8
24559,0,1,82,6860
2456,2,3,5,10
24560,0,0,0,185
24561,0,0,47,73
24562,0,1,29,149
24563,0,0,0,0
24564,0,0,0,12
24565,0,0,0,2
24566,1,2,3,3
24567,0,0,0,5
24568,0,1,22,372
24569,0,1,33,112
2457,10,61,236,561
24570,0,1,4,57
24571,0,1,1,8
24572,2,3,5,10
24573,1,2,3,19
24574,0,0,0,0
24575,0,0,0,2
24576,0,0,0,1
24577,0,1,13,60
24578,2,3,5,10
24579,0,0,0,1
2458,0,0,27,25
24580,1,2,7,7
24581,0,1,89,1023
24582,1,2,3,3
24583,0,1,39,58
24584,3,4,10,5484
24585,0,1,725,4159
24586,1,12,420,6861
24587,0,0,0,1
24588,1,2,2,4
24589,1,2,7,7
2459,0,0,52,52
24590,0,0,0,0
24591,1,2,3,19
24592,0,0,0,0
24593,1,2,2,4
24594,0,0,0,0
24595,1,2,2,4
24596,0,0,0,1
24597,0,0,0,86
24598,0,0,0,4160
24599,0,1,14,85
246,0,0,6,70
2460,1,2,53,53
24600,0,0,0,48
24601,2,3,66,5485
24602,13,37,107,4161
24603,0,1,20,29
24604,0,0,57,221
24605,0,0,0,1
24606,0,0,0,197
24607,0,1,20,250
24608,0,1,20,250
24609,0,1,42,130
2461,0,8,32,32
24610,3,4,10,917
24611,0,0,0,47
24612,0,1,42,130
24613,1,2,7,7
24614,0,0,0,1
24615,0,0,0,0
24616,1,2,3,19
24617,1,2,3,63
24618,0,0,0,1
24619,0,0,0,1
2462,0,1,51,1336
24620,1,2,9,13
24621,0,0,15,27
24622,0,0,0,100
24623,0,0,0,1
24624,2,3,66,723
24625,0,0,0,1
24626,0,0,0,100
24627,0,0,0,2
24628,1,2,3,63
24629,3,4,607,5486
2463,0,5,49,1567
24630,1,2,3,19
24631,1,2,2,4
24632,1,2,3,3
24633,0,0,0,0
24634,0,0,0,0
24635,0,0,0,1
24636,0,0,15,27
24637,1,2,7,7
24638,0,0,0,0
24639,0,0,0,1
2464,0,1,102,641
24640,0,1,1,38
24641,0,1,18,176
24642,0,0,0,9
24643,2,3,5,10
24644,0,0,0,1
24645,1,2,2,4
24646,0,1,1,8
24647,0,0,6,6
24648,0,0,0,2
24649,0,0,0,5
2465,0,0,60,1840
24650,0,0,0,5
24651,1,2,9,26
24652,0,0,0,2
24653,0,1,33,543
24654,0,1,29,51
24655,1,2,9,13
24656,1,2,2,23
24657,0,0,0,5
24658,0,0,0,37
24659,1,2,9,13
2466,0,1,457,1272
24660,0,0,0,5
24661,0,1,20,29
24662,0,1,411,4162
24663,0,1,24,1672
24664,0,0,0,56
24665,23,67,271,5487
24666,0,0,0,462
24667,23,67,271,1694
24668,0,1,1,8
24669,0,5,23,6862
2467,0,1,12,767
24670,0,1,4,49
24671,1,2,9,13
24672,0,0,0,0
24673,2,3,5,15
24674,2,3,8,11
24675,1,2,3,3
24676,0,0,0,0
24677,0,0,0,1
24678,1,2,9,13
24679,1,2,9,13
2468,0,1,317,1083
24680,1,2,9,13
24681,0,0,0,0
24682,1,2,7,7
24683,0,0,0,2
24684,1,2,2,4
24685,0,1,24,153
24686,0,5,23,143
24687,0,0,0,31
24688,0,1,4,43
24689,1,2,2,34
2469,0,1,56,4713
24690,0,0,0,9
24691,0,0,0,349
24692,2,3,8,1695
24693,2,3,8,813
24694,0,1,20,29
24695,0,1,14,340
24696,3,4,116,299
24697,0,0,17,333
24698,8,41,144,300
24699,0,0,0,2
247,0,0,6,6
2470,0,1,18,3378
24700,0,0,0,5
24701,1,2,2,23
24702,0,0,0,2
24703,0,0,0,21
24704,1,2,9,2231
24705,0,1,1,38
24706,1,2,2,17
24707,0,1,21,24
24708,0,1,1,20
24709,1,2,2,17
2471,2,3,11,4714
24710,0,0,0,9
24711,0,0,0,9
24712,0,1,1,20
24713,2,3,100,564
24714,0,0,16,16
24715,0,0,0,21
24716,1,2,9,127
24717,0,0,1266,6863
24718,0,0,60,1696
24719,0,1,1489,5488
2472,0,21,72,165
24720,0,0,0,2939
24721,0,0,275,2250
24722,0,0,60,1697
24723,0,0,60,1696
24724,0,1,12,167
24725,0,1,12,137
24726,0,1,12,137
24727,0,11,1086,2940
24728,9,24,75,516
24729,0,1,71,1387
2473,0,0,0,0
24730,0,1,189,2224
24731,0,11,84,5489
24732,0,1,71,726
24733,0,1,33,266
24734,0,1,4,57
24735,0,1,1,8
24736,0,1,64,6864
24737,0,1,64,5490
24738,0,1,4,2941
24739,0,32,1267,6865
2474,2,3,5,346
24740,0,1,1,38
24741,0,1,63,301
24742,1,2,9,632
24743,7,15,48,265
24744,0,0,0,1
24745,1,2,2,40
24746,0,0,61,348
24747,10,35,169,246
24748,0,5,23,871
24749,0,1,4,43
2475,0,0,15,27
24750,2,3,31,878
24751,0,0,0,12
24752,2,3,44,879
24753,2,3,11,14
24754,0,1,58,1159
24755,0,0,0,0
24756,0,0,0,1
24757,1,2,2,4
24758,2,3,5,10
24759,1,2,3,19
2476,1,2,3,19
24760,0,0,0,0
24761,0,0,15,27
24762,0,0,0,1
24763,0,0,0,154
24764,0,0,0,2
24765,2,3,5,10
24766,1,2,3,222
24767,0,0,0,0
24768,1,2,2,4
24769,1,2,7,7
2477,2,3,5,10
24770,0,0,15,27
24771,0,0,0,1
24772,0,1,1,2232
24773,0,1,1,329
24774,0,0,0,306
24775,0,133,904,4163
24776,1,2,2,23
24777,1,2,2,23
24778,0,0,0,5
24779,0,0,0,37
2478,0,0,0,5
24780,0,0,0,2
24781,0,0,0,2
24782,1,2,9,26
24783,0,0,0,37
24784,1,2,9,26
24785,7,15,48,66
24786,0,0,0,5
24787,1,2,9,26
24788,0,0,0,2
24789,0,0,0,37
2479,0,0,0,2
24790,0,0,0,5
24791,1,2,9,26
24792,0,0,0,2
24793,0,0,16,16
24794,0,0,0,5
24795,0,0,16,4164
24796,0,0,16,5491
24797,7,15,48,265
24798,1,2,9,606
24799,1,2,9,46
248,0,0,6,107
2480,0,0,0,0
24800,0,0,0,21
24801,1,2,9,46
24802,0,0,0,4165
24803,0,1,4,30
24804,0,1,1,74
24805,0,8,32,32
24806,0,13,62,147
24807,0,7,26,22
24808,0,7,26,22
24809,0,7,26,22
2481,2,3,5,15
24810,0,7,26,22
24811,0,13,62,203
24812,1,2,9,127
24813,0,0,0,21
24814,1,2,9,127
24815,0,0,0,21
24816,0,7,26,22
24817,0,7,26,22
24818,0,7,26,22
24819,0,1,1,74
2482,11,28,80,97
24820,0,1,4,30
24821,1,2,9,46
24822,0,1,4,162
24823,0,1,1,104
24824,0,0,0,1
24825,0,1,51,359
24826,0,5,49,4166
24827,0,0,0,1160
24828,0,1,1,8
24829,0,1,245,510
2483,2,3,5,41
24830,25,80,336,696
24831,0,1,304,1073
24832,0,8,302,5492
24833,0,1,1,574
24834,0,1,150,334
24835,0,1,37,2942
24836,0,1,4,1303
24837,0,1,214,4167
24838,0,1,484,2943
24839,0,1,174,1650
2484,2,3,5,10
24840,0,1,1087,2944
24841,0,1,12,1698
24842,0,1,12,854
24843,0,8,32,32
24844,0,0,46,448
24845,0,8,32,32
24846,0,1,12,4168
24847,19,141,905,4169
24848,0,1,91,685
24849,0,13,688,1808
2485,2,3,11,80
24850,0,13,608,1809
24851,2,3,716,2196
24852,0,1,125,2233
24853,0,1,4,542
24854,3,4,288,4170
24855,0,1,20,29
24856,0,0,57,2008
24857,0,1,12,1135
24858,0,69,1490,5493
24859,0,1,12,1135
2486,1,2,3,3
24860,0,1,12,4171
24861,0,1,12,312
24862,0,1,12,312
24863,0,1,137,5494
24864,0,1,12,601
24865,0,0,0,5
24866,0,0,16,16
24867,0,0,0,5
24868,1,2,2,23
24869,0,0,0,5
2487,0,0,0,0
24870,1,2,9,627
24871,0,0,6,429
24872,0,1,434,1829
24873,0,1,109,652
24874,0,1,181,2009
24875,0,1,56,177
24876,0,1,56,177
24877,0,1,56,177
24878,0,1,4,132
24879,1,2,2,34
2488,2,3,8,11
24880,0,0,0,9
24881,0,1,1,8
24882,0,1,24,200
24883,0,1,82,680
24884,0,0,16,16
24885,1,2,9,26
24886,0,0,0,5
24887,0,0,0,2
24888,0,0,0,1
24889,0,1,4,2317
2489,1,2,3,3
24890,0,1,1,8
24891,0,1,1,44
24892,2,3,8,6866
24893,0,10,480,4172
24894,0,0,0,1
24895,2,3,31,1165
24896,1,2,3,33
24897,1,2,3,33
24898,0,1,13,4173
24899,0,63,244,6867
249,0,0,6,70
2490,0,0,0,0
24900,0,22,1088,2945
24901,0,1,109,2946
24902,0,0,38,5495
24903,0,1,13,4174
24904,0,1,252,6868
24905,0,10,30,5496
24906,5,177,906,4175
24907,0,1,13,2947
24908,0,1,13,1602
24909,0,1,13,2948
2491,2,3,8,11
24910,0,0,79,4176
24911,0,10,480,5497
24912,0,0,79,6869
24913,0,0,123,374
24914,0,0,16,16
24915,0,0,0,5
24916,0,0,16,16
24917,0,1,58,279
24918,1,2,3,4177
24919,0,0,0,1
2492,0,30,159,4715
24920,0,0,0,1
24921,0,0,28,1119
24922,2,3,66,723
24923,0,1,12,987
24924,0,0,0,5
24925,1,2,9,26
24926,1,2,2,23
24927,0,0,0,2
24928,0,0,0,2
24929,0,0,0,88
2493,2,3,8,11
24930,0,1,1,192
24931,0,1,4,317
24932,0,0,0,2
24933,0,0,0,1
24934,1,2,2,40
24935,0,0,0,163
24936,0,0,19,173
24937,0,1,24,447
24938,0,0,0,31
24939,0,5,23,661
2494,0,0,0,0
24940,0,1,4,43
24941,0,0,0,5
24942,2,3,34,35
24943,0,0,0,1
24944,0,1,13,553
24945,0,1,13,399
24946,2,3,146,2949
24947,0,0,0,1
24948,0,0,19,939
24949,0,0,0,463
2495,2,3,5,15
24950,0,16,68,82
24951,0,1,21,24
24952,0,1,1,8
24953,0,1,13,60
24954,1,2,2,4
24955,2,3,5,67
24956,0,0,0,0
24957,1,2,3,33
24958,2,3,8,6870
24959,1,2,7,7
2496,1,2,7,7
24960,1,12,43,272
24961,2,3,31,297
24962,0,0,0,163
24963,0,0,0,2
24964,0,0,0,1
24965,1,2,2,388
24966,0,0,0,9
24967,0,0,0,2
24968,0,0,0,4178
24969,2,3,5,226
2497,2,3,44,59
24970,0,1,58,279
24971,1,12,43,4179
24972,2,3,143,560
24973,0,0,0,1
24974,0,0,0,0
24975,1,2,3,19
24976,1,2,2,4
24977,0,1,1,8
24978,0,1,1,18
24979,0,1,58,279
2498,0,0,0,0
24980,0,0,0,5498
24981,0,1,22,2950
24982,0,1,1,65
24983,0,1,4,5499
24984,1,2,3,2010
24985,1,2,2,4
24986,0,0,0,267
24987,2,3,222,6871
24988,0,0,0,1
24989,0,0,0,2
2499,2,3,5,15
24990,2,3,146,6872
24991,0,0,0,327
24992,0,0,180,6873
24993,0,0,0,1328
24994,0,0,0,628
24995,1,2,3,5500
24996,1,2,2,424
24997,0,1,907,4180
24998,0,0,123,860
24999,0,1,4,5501
25,0,0,0,1
250,1,2,3,3
2500,0,0,0,0
25000,0,0,0,0
25001,0,0,0,1
25002,0,0,15,27
25003,0,0,0,100
25004,1,2,7,7
25005,0,0,0,1
25006,1,2,3,63
25007,0,0,0,2
25008,0,0,0,1
25009,0,1,13,60
2501,1,2,2,4
25010,0,0,0,1
25011,2,3,5,10
25012,0,0,0,0
25013,1,2,2,4
25014,1,2,3,33
25015,1,2,7,7
25016,0,0,0,0
25017,2,3,5,67
25018,0,0,0,2
25019,0,0,0,1
2502,2,3,5,10
25020,1,2,2,4
25021,0,0,15,27
25022,0,0,0,0
25023,0,0,0,154
25024,0,0,0,2
25025,1,2,7,7
25026,0,0,0,0
25027,2,3,5,10
25028,0,0,0,1
25029,1,2,3,222
2503,2,3,8,11
25030,0,0,0,1
25031,0,0,0,47
25032,0,0,0,1
25033,0,0,0,1
25034,2,3,5,303
25035,0,0,0,2
25036,1,2,2,4
25037,1,2,7,7
25038,1,2,3,33
25039,0,0,0,1
2504,1,2,7,7
25040,0,0,0,1
25041,0,0,0,0
25042,1,2,7,7
25043,0,0,0,1
25044,0,0,0,0
25045,0,0,0,0
25046,1,2,2,4
25047,0,0,0,2
25048,2,3,5,10
25049,1,2,3,19
2505,2,3,5,15
25050,3,4,10,231
25051,0,0,0,12
25052,1,2,3,3
25053,2,3,5,10
25054,0,0,0,100
25055,0,0,0,1
25056,1,2,3,63
25057,0,0,0,1
25058,0,5,23,573
25059,0,1,24,153
2506,0,0,0,0
25060,0,0,0,1
25061,2,3,5,10
25062,0,0,0,1
25063,0,1,4,43
25064,1,2,3,6874
25065,1,2,2,4
25066,0,0,0,2
25067,0,0,0,242
25068,0,0,77,258
25069,0,0,28,593
2507,2,3,8,11
25070,0,0,0,1
25071,0,0,0,1
25072,1,2,3,63
25073,0,0,0,100
25074,0,1,13,5502
25075,3,4,10,243
25076,3,4,10,243
25077,0,1,14,85
25078,8,29,908,4181
25079,0,0,15,2234
2508,0,0,0,2
25080,0,0,0,48
25081,0,0,339,5503
25082,0,0,339,1540
25083,0,0,0,6875
25084,2,3,1268,6876
25085,0,1,20,295
25086,0,0,0,417
25087,0,0,0,197
25088,0,0,0,1163
25089,0,1,22,1844
2509,0,0,0,0
25090,0,1,340,2011
25091,0,0,108,1322
25092,0,1,4,724
25093,0,1,4,4182
25094,0,6,36,5504
25095,0,8,32,32
25096,0,1,1,45
25097,0,1,14,129
25098,3,4,205,487
25099,0,0,38,223
251,0,0,0,2
2510,2,3,5,10
25100,0,0,17,123
25101,0,0,59,64
25102,3,4,10,83
25103,3,4,10,69
25104,0,1,4,6877
25105,0,1,1,8
25106,0,0,1491,5505
25107,0,1,1492,5506
25108,0,1,1,8
25109,0,0,0,9
2511,1,2,7,7
25110,0,0,0,12
25111,0,0,0,9
25112,0,0,0,2
25113,0,1,24,1591
25114,0,5,23,5507
25115,0,1,4,49
25116,0,0,0,56
25117,0,5,23,4183
25118,0,1,1493,5508
25119,0,1,24,2951
2512,0,0,0,0
25120,0,1,4,49
25121,0,0,0,9
25122,0,1,24,6878
25123,0,1,4,49
25124,0,5,23,2952
25125,0,0,0,21
25126,0,0,0,21
25127,1,2,9,220
25128,0,0,0,21
25129,1,2,9,46
2513,2,3,5,15
25130,1,2,248,392
25131,0,0,0,21
25132,1,2,9,46
25133,1,2,248,392
25134,1,2,9,46
25135,0,0,0,21
25136,0,0,0,21
25137,0,0,0,21
25138,1,2,9,220
25139,1,2,9,46
2514,2,3,5,10
25140,0,0,0,21
25141,0,0,0,21
25142,1,2,9,220
25143,1,2,9,220
25144,0,0,0,21
25145,1,2,9,46
25146,1,2,9,46
25147,0,0,0,21
25148,1,2,9,220
25149,1,2,9,220
2515,0,0,0,0
25150,0,0,0,21
25151,0,0,0,21
25152,0,0,0,21
25153,1,2,9,220
25154,0,0,0,1389
25155,0,228,1269,6879
25156,0,1,1270,6880
25157,0,0,0,1
25158,0,1,106,466
25159,0,0,0,2
2516,0,0,0,0
25160,0,0,0,86
25161,2,3,8,6881
25162,0,0,0,4184
25163,1,2,9,4185
25164,0,0,16,16
25165,1,2,9,606
25166,7,15,48,265
25167,0,0,0,86
25168,0,1,4,403
25169,0,1,4,30
2517,11,28,80,97
25170,0,1,1,133
25171,0,1,4,62
25172,0,0,0,1161
25173,0,0,0,4186
25174,0,1,4,30
25175,0,1,4,81
25176,0,8,32,32
25177,0,21,72,165
25178,0,0,0,2
25179,0,0,0,5
2518,2,3,5,41
25180,0,1,13,6882
25181,0,1,1,8
25182,0,1,1,4187
25183,0,1,1,44
25184,0,1,1,8
25185,0,1,33,543
25186,0,1,29,51
25187,0,1,1,8
25188,0,1,1,44
25189,0,0,0,2
2519,2,3,5,10
25190,0,0,0,86
25191,0,1,106,466
25192,0,0,0,1
25193,0,1,106,466
25194,0,0,0,2
25195,0,0,0,1
25196,0,0,0,86
25197,0,1,106,466
25198,0,0,0,2
25199,0,0,0,1
252,0,0,0,0
2520,2,3,11,80
25200,0,1,4,30
25201,0,1,4,30
25202,0,1,18,514
25203,0,1,464,1699
25204,0,1,1,1300
25205,0,1,18,514
25206,0,1,464,1699
25207,0,6,36,1015
25208,0,1,4,1162
25209,0,1,4,1162
2521,1,2,3,3
25210,0,1,909,4188
25211,0,1,29,51
25212,0,1,1,1094
25213,0,1,142,5509
25214,0,1,1,18
25215,0,1,142,604
25216,0,1,1,45
25217,0,10,30,175
25218,0,1,83,5510
25219,0,0,0,1386
2522,2,3,11,80
25220,0,0,0,1386
25221,1,54,279,950
25222,0,0,0,77
25223,0,0,0,93
25224,1,2,2,17
25225,0,1,29,51
25226,2,3,127,174
25227,0,0,0,77
25228,0,1,29,51
25229,2,3,127,174
2523,2,3,5,10
25230,0,0,0,93
25231,1,2,2,17
25232,24,82,481,5511
25233,0,1,1,8
25234,0,1,1,18
25235,0,1,13,5512
25236,4,31,1494,5513
25237,0,0,678,6883
25238,0,0,678,6884
25239,1,2,7,7
2524,0,0,0,0
25240,0,1,35,1995
25241,0,0,47,540
25242,0,1,1,44
25243,0,1,1,18
25244,0,1,1,8
25245,0,1,33,455
25246,1,2,2,40
25247,4,20,70,76
25248,0,0,0,1
25249,1,19,87,994
2525,2,3,8,11
25250,2,3,146,1235
25251,4,31,129,179
25252,0,0,0,163
25253,0,1,115,396
25254,4,31,129,179
25255,1,19,87,1480
25256,0,0,0,1
25257,0,1,20,29
25258,0,0,0,290
25259,1,2,2,4
2526,1,2,3,3
25260,1,2,7,7
25261,1,2,3,4189
25262,2,3,5,10
25263,0,0,0,0
25264,0,0,0,1163
25265,0,0,0,2953
25266,0,1,64,2954
25267,0,1,4,2012
25268,0,55,451,5514
25269,0,1,1271,6885
2527,2,3,5,10
25270,5,26,1272,6886
25271,0,0,910,4190
25272,0,0,19,6887
25273,0,0,46,448
25274,0,0,911,4191
25275,0,0,0,628
25276,1,2,2,424
25277,0,1,64,2217
25278,0,1,4,517
25279,0,1,1,18
2528,0,0,0,0
25280,0,1,1,45
25281,0,6,36,2955
25282,0,1,4,408
25283,0,0,0,88
25284,0,0,912,4192
25285,0,1,274,928
25286,0,1,120,172
25287,0,1,4,1320
25288,0,1,1,65
25289,3,4,10,311
2529,0,0,0,2
25290,0,0,27,25
25291,1,2,2,126
25292,6,14,349,1700
25293,0,0,0,642
25294,3,4,10,311
25295,0,1,148,562
25296,3,4,10,311
25297,0,0,40,5515
25298,0,1,148,562
25299,0,0,77,142
253,1,2,7,7
2530,1,2,3,3
25300,2,34,99,589
25301,2,34,99,697
25302,0,0,590,1701
25303,2,3,235,712
25304,0,1,56,2049
25305,0,1,1089,2956
25306,0,1,22,4193
25307,0,1,443,4194
25308,0,1,1,65
25309,0,1,4,1320
2531,0,21,72,165
25310,0,1,1,8
25311,0,1,4,520
25312,0,22,88,4195
25313,0,1,4,1702
25314,0,1,97,1009
25315,0,1,97,1009
25316,0,1,390,2957
25317,0,1,141,1703
25318,0,1,4,30
25319,0,1,21,1229
2532,2,3,8,11
25320,0,1,24,973
25321,0,1,141,284
25322,0,1,453,2958
25323,0,0,0,342
25324,3,4,10,5516
25325,0,0,27,25
25326,1,2,2,126
25327,3,4,10,311
25328,8,29,94,5517
25329,8,41,144,5518
2533,0,0,0,0
25330,0,0,27,25
25331,0,0,15,6888
25332,0,1,12,464
25333,4,18,172,2235
25334,0,0,0,98
25335,0,0,28,61
25336,1,2,2,34
25337,0,0,15,116
25338,0,0,28,119
25339,0,0,0,31
2534,2,3,5,10
25340,0,1,24,4196
25341,0,1,4,199
25342,0,6,73,814
25343,7,15,48,1309
25344,1,2,9,127
25345,0,0,0,21
25346,0,0,0,21
25347,0,1,4,364
25348,0,0,59,5519
25349,0,0,59,64
2535,0,0,0,0
25350,0,1,20,2959
25351,0,1,190,1704
25352,0,1,190,4197
25353,3,4,10,6889
25354,2,3,5,4198
25355,0,1,179,763
25356,4,18,198,2960
25357,0,0,0,1
25358,0,1,12,1705
25359,0,0,60,6890
2536,2,3,5,10
25360,0,1,12,2961
25361,0,0,38,1157
25362,0,0,0,5
25363,1,2,2,23
25364,0,0,0,2
25365,0,1,4,30
25366,5,46,1495,5520
25367,0,1,196,2962
25368,0,55,321,2963
25369,0,1,1273,6891
2537,0,0,0,0
25370,0,0,0,187
25371,0,0,28,5521
25372,0,0,1274,6892
25373,1,2,3,331
25374,0,0,0,0
25375,3,4,10,320
25376,0,1,110,1343
25377,0,5,23,5522
25378,0,0,0,2
25379,0,1,4,43
2538,0,0,0,0
25380,0,0,0,9
25381,0,1,24,196
25382,1,2,9,1953
25383,0,1,4,30
25384,1,2,2,4
25385,0,0,0,0
25386,1,2,7,7
25387,2,3,5,10
25388,1,2,3,19
25389,1,74,433,6893
2539,1,2,3,3
25390,0,0,61,348
25391,0,0,27,25
25392,0,0,0,2
25393,0,0,0,168
25394,1,2,9,26
25395,1,2,9,46
25396,0,0,0,21
25397,0,0,0,2
25398,0,0,16,16
25399,0,0,275,4199
254,1,2,2,4
2540,0,5,49,4716
25400,0,1,4,57
25401,0,1,1,18
25402,0,0,47,73
25403,0,1,29,149
25404,0,1,21,111
25405,0,0,0,185
25406,0,1,1,8
25407,0,1,33,112
25408,0,0,0,1
25409,0,0,0,1
2541,0,1,142,425
25410,1,2,3,63
25411,0,0,0,100
25412,2,3,5,2964
25413,0,0,0,1
25414,0,1,1,110
25415,0,1,1,18
25416,2,3,5,10
25417,0,0,0,0
25418,0,1,20,250
25419,0,1,42,130
2542,0,1,142,425
25420,0,0,0,197
25421,0,0,0,469
25422,0,0,0,75
25423,0,0,0,0
25424,0,1,139,1164
25425,1,2,3,557
25426,1,2,3,493
25427,0,1,58,445
25428,0,0,0,1
25429,1,2,3,4200
2543,0,1,1,18
25430,0,0,0,0
25431,0,1,58,279
25432,1,2,3,368
25433,1,2,2,4
25434,2,3,5,226
25435,1,2,3,980
25436,0,0,0,0
25437,0,0,0,1
25438,0,0,0,100
25439,5,203,1090,2965
2544,0,1,1,65
25440,1,2,3,63
25441,0,1,89,5523
25442,0,0,78,212
25443,2,3,178,535
25444,2,3,66,2069
25445,3,4,10,880
25446,2,3,178,535
25447,3,4,10,993
25448,4,31,296,4201
25449,0,0,78,212
2545,0,1,4,3379
25450,0,1,13,624
25451,0,0,0,5
25452,0,0,61,348
25453,0,0,246,1608
25454,0,8,32,32
25455,0,1,609,2013
25456,0,1,1,1357
25457,0,1,437,1237
25458,0,0,0,2
25459,1,2,2,23
2546,0,1,119,209
25460,7,15,48,66
25461,0,0,0,5
25462,0,0,0,37
25463,0,0,0,2
25464,1,2,2,40
25465,0,0,0,1
25466,0,1,21,24
25467,0,1,1,20
25468,1,2,2,17
25469,0,0,0,9
2547,0,1,128,191
25470,0,1,20,29
25471,0,0,0,1
25472,0,0,0,47
25473,1,2,9,13
25474,0,0,0,5
25475,1,2,9,26
25476,0,0,0,5
25477,0,0,0,2
25478,1,2,9,13
25479,1,2,9,13
2548,0,1,4,517
25480,0,0,16,16
25481,0,0,6,605
25482,0,0,0,37
25483,1,2,2,23
25484,0,0,0,2
25485,1,2,9,26
25486,0,0,0,5
25487,0,0,277,572
25488,0,0,0,168
25489,0,0,0,5
2549,0,1,1,45
25490,1,2,2,34
25491,0,0,0,9
25492,0,5,23,143
25493,0,1,4,43
25494,0,1,24,153
25495,0,0,0,31
25496,0,1,1,45
25497,0,1,1,18
25498,0,1,142,425
25499,0,1,142,604
255,1,2,9,87
2550,0,1,126,1353
25500,0,1,56,1884
25501,0,1,1,942
25502,0,6,36,693
25503,0,0,108,715
25504,0,0,45,4202
25505,0,8,32,32
25506,1,2,2,23
25507,0,0,0,5
25508,0,0,0,2
25509,0,0,0,2
2551,0,1,85,113
25510,0,0,0,5
25511,0,0,0,5
25512,0,0,104,171
25513,0,0,0,2
25514,0,0,0,2
25515,0,0,0,5
25516,0,0,104,714
25517,0,0,0,2
25518,0,0,0,9
25519,0,0,28,6894
2552,0,1,354,2116
25520,0,0,0,5
25521,1,2,9,13
25522,0,1,91,144
25523,0,1,91,144
25524,0,0,0,242
25525,0,0,77,258
25526,0,0,77,258
25527,0,0,0,242
25528,1,2,3,5524
25529,0,0,0,0
2553,0,214,1150,6075
25530,0,0,0,0
25531,0,0,0,0
25532,0,69,1275,6895
25533,1,2,9,87
25534,0,0,6,70
25535,0,1,118,1706
25536,0,1,4,1670
25537,1,2,3,3
25538,3,4,10,28
25539,0,1,39,508
2554,0,5,23,554
25540,1,2,3,3
25541,0,0,0,1
25542,0,0,77,142
25543,2,34,99,422
25544,0,0,0,183
25545,0,0,0,9
25546,1,2,7,5525
25547,0,0,0,2
25548,0,0,6,107
25549,0,1,103,2285
2555,0,0,0,9
25550,0,1,355,4203
25551,0,0,218,1243
25552,0,0,341,870
25553,2,3,8,186
25554,0,0,0,5
25555,0,0,16,16
25556,0,0,16,16
25557,0,0,0,5
25558,0,1,4,30
25559,0,7,26,22
2556,0,0,0,1
25560,0,7,26,22
25561,0,13,62,1563
25562,0,0,0,2
25563,7,15,48,66
25564,1,2,2,23
25565,0,0,0,5
25566,0,0,19,55
25567,1,2,9,26
25568,0,0,46,5526
25569,2,3,34,35
2557,1,2,9,13
25570,0,0,0,5
25571,0,0,16,16
25572,2,3,34,35
25573,3,4,10,383
25574,0,1,1,44
25575,0,1,1,6896
25576,1,2,9,13
25577,0,0,61,89
25578,0,0,0,5
25579,0,0,16,16
2558,0,1,106,241
25580,0,1,150,5527
25581,0,1,63,120
25582,0,1,1,18
25583,0,1,1,8
25584,0,1,33,210
25585,0,0,16,16
25586,2,3,5,15
25587,1,2,2,4
25588,0,0,0,1
25589,1,2,3,3
2559,0,0,0,1
25590,0,0,0,0
25591,0,0,0,0
25592,0,1,1,38
25593,0,1,1,8
25594,0,1,63,301
25595,0,1,211,4204
25596,0,1,1,115
25597,0,1,1276,6897
25598,0,0,16,16
25599,0,1,1,8
256,0,1,1,8
2560,0,0,0,1
25600,0,1,18,176
25601,0,1,1,38
25602,0,1,22,318
25603,0,0,0,5
25604,7,15,48,265
25605,0,0,16,16
25606,1,2,9,606
25607,0,0,0,0
25608,1,12,43,272
25609,2,3,5,67
2561,0,0,0,5
25610,1,2,3,33
25611,2,3,11,14
25612,0,0,0,5
25613,0,0,19,1492
25614,12,40,136,4205
25615,0,0,0,12
25616,0,1,13,1383
25617,0,1,1,44
25618,0,1,1,8
25619,0,1,1,38
2562,0,0,0,1
25620,0,1,4,781
25621,0,0,0,5
25622,35,229,1277,6898
25623,0,1,20,29
25624,0,0,6,6
25625,0,0,6,6
25626,0,0,6,6
25627,0,0,6,6
25628,0,0,253,4206
25629,0,0,6,6
2563,0,0,0,1
25630,0,0,6,6
25631,0,0,6,6
25632,0,0,6,6
25633,0,0,6,6
25634,0,0,6,6
25635,0,0,6,6
25636,0,0,6,6
25637,0,0,6,6
25638,0,0,6,6
25639,0,0,6,6
2564,0,0,0,1
25640,0,0,6,6
25641,0,0,6,6
25642,0,0,6,6
25643,0,0,6,6
25644,0,0,6,6
25645,0,0,6,6
25646,0,1,1,2037
25647,0,0,6,6
25648,2,3,1278,6899
25649,0,32,101,216
2565,1,2,9,1841
25650,0,0,0,316
25651,0,0,913,4207
25652,0,0,0,316
25653,0,0,0,316
25654,0,0,6,6
25655,3,4,10,28
25656,0,0,6,6
25657,0,0,6,6
25658,0,0,6,6
25659,0,0,6,6
2566,0,1,106,241
25660,0,0,6,6
25661,1,2,2,17
25662,1,2,2,34
25663,0,0,0,0
25664,1,2,3,331
25665,2,3,11,14
25666,2,3,8,79
25667,1,2,7,7
25668,0,0,0,12
25669,0,0,0,2
2567,2,3,112,527
25670,1,2,3,114
25671,0,0,0,12
25672,0,0,0,1
25673,0,0,0,12
25674,2,3,5,10
25675,1,2,3,91
25676,0,0,0,1
25677,0,0,0,1
25678,2,3,8,124
25679,0,0,0,0
2568,0,0,0,1
25680,0,0,0,0
25681,0,0,16,16
25682,1,2,3,3
25683,0,0,16,16
25684,1,2,3,3
25685,1,2,2,4
25686,1,2,7,7
25687,2,3,34,35
25688,0,1,4,5528
25689,4,31,296,690
2569,0,0,0,1
25690,0,0,19,2236
25691,3,4,10,320
25692,1,12,43,678
25693,2,3,5,960
25694,1,2,7,7
25695,0,0,0,387
25696,2,3,5,10
25697,0,0,0,0
25698,0,0,0,12
25699,0,0,0,0
257,0,1,1,20
2570,0,0,0,5
25700,0,0,0,0
25701,1,2,2,4
25702,2,3,8,868
25703,0,0,0,0
25704,0,0,0,21
25705,0,0,0,2
25706,0,0,6,503
25707,0,0,0,5
25708,0,0,0,1
25709,0,1,110,4208
2571,0,1,106,241
25710,0,0,0,1
25711,0,0,0,0
25712,1,2,3,3
25713,2,3,31,297
25714,2,3,5,15
25715,7,15,48,66
25716,0,0,16,16
25717,1,2,2,23
25718,1,2,9,13
25719,0,1,4,62
2572,0,0,0,1
25720,0,0,16,16
25721,0,0,0,1
25722,0,0,0,47
25723,0,1,182,486
25724,0,1,13,498
25725,0,0,0,5
25726,0,0,16,16
25727,0,0,0,2
25728,0,0,15,140
25729,0,0,0,0
2573,0,0,266,442
25730,1,2,3,3
25731,0,0,0,0
25732,1,25,186,2237
25733,1,2,2,23
25734,0,0,0,5
25735,0,1,1,115
25736,0,1,21,782
25737,10,35,169,246
25738,0,0,0,5
25739,0,1,13,1806
2574,0,0,400,962
25740,0,1,1,20
25741,0,1,18,665
25742,0,1,21,24
25743,0,0,0,9
25744,0,1,4,257
25745,1,2,2,17
25746,0,1,24,275
25747,0,5,23,274
25748,1,2,2,908
25749,0,1,35,999
2575,0,9,65,694
25750,20,57,201,400
25751,0,1,13,5529
25752,0,1,13,4209
25753,0,1,1,8
25754,10,53,185,4210
25755,1,2,9,26
25756,0,0,0,2
25757,0,1,1,8
25758,0,1,735,4211
25759,0,1,20,29
2576,1,2,2,40
25760,0,0,0,1
25761,0,5,23,274
25762,0,1,4,257
25763,0,0,0,5530
25764,0,1,12,767
25765,0,0,0,5
25766,0,1,4,840
25767,0,1,24,275
25768,1,2,2,4
25769,0,0,0,0
2577,0,0,0,2
25770,1,2,7,7
25771,2,3,5,15
25772,1,2,3,3
25773,3,4,10,28
25774,1,2,2,23
25775,2,3,8,11
25776,0,0,0,2
25777,0,0,0,0
25778,0,0,0,5
25779,0,0,0,2
2578,0,0,0,5
25780,0,0,15,140
25781,0,1,35,4212
25782,0,1,1,8
25783,8,29,94,4213
25784,0,1,14,1475
25785,0,0,15,6900
25786,3,4,205,2966
25787,0,0,17,131
25788,0,1,1,115
25789,0,1,1,2238
2579,0,0,0,9
25790,0,1,1,18
25791,0,0,0,5531
25792,0,0,717,2239
25793,60,272,1496,5532
25794,1,23,1497,5533
25795,15,44,149,748
25796,15,44,149,4214
25797,0,1,1,2238
25798,0,1,1,608
25799,0,1,18,5534
258,1,2,2,17
2580,2,3,5,10
25800,0,0,0,1
25801,1,2,7,7
25802,0,1,506,1473
25803,0,0,0,0
25804,0,0,0,2
25805,0,0,0,862
25806,0,0,0,0
25807,0,21,72,165
25808,0,0,0,1
25809,0,0,15,27
2581,1,2,9,13
25810,1,2,2,4
25811,0,0,0,2
25812,0,0,0,1
25813,0,0,123,860
25814,2,3,482,5535
25815,0,0,717,2239
25816,1,204,1091,2967
25817,0,1,1,18
25818,0,1,22,245
25819,0,1,1,902
2582,0,1,1,8
25820,0,1,1,1300
25821,1,2,3,4215
25822,0,0,0,2
25823,1,2,3,19
25824,2,3,5,10
25825,0,0,0,375
25826,0,0,0,1389
25827,1,2,3,222
25828,2,3,5,41
25829,0,0,0,321
2583,0,1,63,120
25830,0,0,0,1
25831,0,0,0,154
25832,1,2,7,7
25833,1,2,2,4
25834,1,2,3,33
25835,0,30,260,953
25836,1,2,3,33
25837,2,3,8,708
25838,2,3,31,878
25839,0,0,0,12
2584,0,0,0,9
25840,0,0,0,1
25841,2,3,44,879
25842,1,2,3,1314
25843,0,0,0,321
25844,2,3,5,10
25845,0,0,0,0
25846,0,0,0,154
25847,0,0,0,1
25848,0,0,15,27
25849,1,2,3,222
2585,0,0,0,642
25850,0,0,0,2
25851,1,2,2,4
25852,0,0,0,1
25853,1,2,7,7
25854,0,0,0,154
25855,0,0,0,321
25856,2,3,5,10
25857,1,2,3,222
25858,0,0,0,321
25859,0,0,0,2
2586,0,8,32,32
25860,0,0,0,1
25861,0,0,0,1
25862,0,0,15,27
25863,1,2,7,7
25864,0,0,0,1
25865,0,0,0,0
25866,1,2,7,7
25867,0,0,15,27
25868,0,0,0,2
25869,0,0,0,154
2587,0,1,14,3380
25870,0,0,0,0
25871,0,0,0,321
25872,0,0,0,321
25873,1,2,2,4
25874,1,2,7,7
25875,0,0,15,27
25876,2,3,66,377
25877,2,3,5,2014
25878,0,0,0,0
25879,0,0,0,1
2588,0,0,0,31
25880,30,89,391,882
25881,0,0,15,27
25882,0,0,0,0
25883,0,0,0,0
25884,0,0,0,2
25885,0,0,0,12
25886,2,3,31,1165
25887,1,2,3,2306
25888,1,2,3,5536
25889,1,2,2,4
2589,0,0,0,9
25890,2,3,11,14
25891,0,0,15,27
25892,1,2,7,7
25893,0,0,0,2
25894,1,2,2,4
25895,0,0,0,0
25896,0,0,0,1
25897,1,2,3,222
25898,0,0,0,154
25899,0,0,0,0
259,0,1,1,169
2590,1,2,2,4
25900,1,2,2,4
25901,2,3,5,10
25902,1,2,2,4
25903,0,0,0,1
25904,1,2,3,222
25905,0,0,0,154
25906,2,3,5,10
25907,0,0,0,0
25908,2,3,5,10
25909,0,0,0,2
2591,1,2,3,3
25910,0,0,0,0
25911,1,2,3,222
25912,0,0,0,0
25913,1,2,2,4
25914,2,3,8,521
25915,2,3,5,10
25916,0,0,15,27
25917,0,0,0,1
25918,0,0,0,1
25919,0,0,0,2
2592,0,1,361,877
25920,0,0,0,0
25921,0,0,0,0
25922,0,0,0,12
25923,2,3,8,188
25924,2,3,5,2968
25925,0,0,0,2
25926,2,3,44,1485
25927,2,3,31,1707
25928,2,3,11,2969
25929,0,0,0,12
2593,0,0,45,71
25930,0,0,0,154
25931,0,0,0,1
25932,1,2,3,19
25933,0,0,0,2
25934,1,2,7,7
25935,0,0,0,1
25936,0,0,0,1
25937,0,0,0,1
25938,0,0,0,2
25939,0,0,0,0
2594,0,1,51,136
25940,1,2,3,19
25941,0,0,0,0
25942,2,3,5,10
25943,1,2,3,19
25944,1,2,7,7
25945,0,0,0,1
25946,0,0,0,0
25947,0,0,0,1
25948,0,0,0,1
25949,0,0,0,0
2595,0,1,51,1991
25950,1,2,7,7
25951,1,2,3,19
25952,0,0,0,1
25953,1,2,2,4
25954,0,0,0,0
25955,1,2,3,6901
25956,2,3,5,2014
25957,0,0,0,0
25958,0,0,0,1
25959,2,3,8,521
2596,0,8,32,32
25960,30,89,391,882
25961,0,0,0,0
25962,0,0,0,0
25963,2,3,8,521
25964,0,0,0,2
25965,2,3,5,10
25966,1,2,2,4
25967,0,0,0,1
25968,0,0,0,1
25969,30,89,391,882
2597,0,1,12,1142
25970,0,0,0,1
25971,2,3,5,10
25972,2,3,8,521
25973,1,2,2,4
25974,0,0,0,861
25975,1,2,7,7
25976,1,2,3,222
25977,1,2,2,4
25978,2,3,8,5537
25979,2,3,50,2970
2598,1,2,3,3
25980,1,2,7,7
25981,1,2,7,7
25982,0,0,0,4216
25983,1,2,2,4
25984,2,3,5,10
25985,1,2,2,4
25986,1,2,3,19
25987,0,0,0,1
25988,0,0,0,2
25989,0,0,0,1
2599,1,2,7,7
25990,1,2,2,4
25991,0,0,0,0
25992,0,0,0,1
25993,1,2,2,4
25994,2,3,5,10
25995,0,0,0,1
25996,0,0,0,861
25997,0,0,0,0
25998,30,89,391,882
25999,0,0,0,1
26,2,3,11,14
260,0,1,4,236
2600,0,0,0,0
26000,2,3,8,521
26001,1,2,2,4
26002,2,3,5,10
26003,2,3,5,10
26004,1,2,3,4217
26005,1,2,2,4
26006,0,0,0,2
26007,0,0,15,4218
26008,0,0,15,6902
26009,0,0,0,1
2601,0,0,0,12
26010,1,2,3,19
26011,0,0,0,0
26012,2,3,5,10
26013,0,0,0,321
26014,1,2,3,19
26015,0,0,0,1
26016,0,0,0,0
26017,0,0,15,27
26018,2,3,5,10
26019,1,2,7,7
2602,0,0,0,0
26020,0,1,58,1159
26021,2,3,31,878
26022,0,0,0,12
26023,1,2,2,4
26024,1,2,3,1314
26025,0,0,0,2
26026,0,0,0,0
26027,1,2,7,7
26028,0,0,0,0
26029,0,0,0,0
2603,0,0,0,0
26030,0,0,15,27
26031,2,3,5,10
26032,0,0,0,0
26033,1,2,3,19
26034,0,0,0,1
26035,2,3,8,194
26036,0,0,15,27
26037,2,3,11,14
26038,2,3,44,879
26039,0,1,1,8
2604,2,3,8,11
26040,0,1,37,2971
26041,0,1,914,4219
26042,0,1,4,2972
26043,0,1,35,42
26044,0,0,0,2
26045,0,0,27,25
26046,0,0,0,668
26047,1,2,2,34
26048,0,1,18,380
26049,0,0,0,717
2605,0,0,0,0
26050,0,1,22,1708
26051,0,0,0,2973
26052,0,1,1,6903
26053,0,1,1,458
26054,0,6,36,229
26055,0,1,1,180
26056,0,6,36,5538
26057,4,18,915,4220
26058,0,5,23,5539
26059,0,1,22,286
2606,0,0,0,2
26060,0,0,0,108
26061,0,0,0,108
26062,0,0,0,6904
26063,0,1,4,4221
26064,0,0,0,2974
26065,0,1,1,8
26066,0,0,610,2015
26067,28,75,487,2030
26068,0,0,0,2975
26069,0,0,15,5540
2607,1,2,3,3
26070,0,0,0,108
26071,0,1,4,4222
26072,0,1,1,6905
26073,0,0,0,2
26074,0,0,0,1
26075,0,0,0,749
26076,0,0,0,1
26077,1,2,2,40
26078,1,2,2,4
26079,0,0,0,1
2608,2,3,5,10
26080,0,0,0,1
26081,1,2,3,1964
26082,0,0,0,2
26083,0,0,0,154
26084,2,3,143,807
26085,2,3,11,14
26086,1,2,7,7
26087,0,0,0,2
26088,0,1,1,6906
26089,0,1,1,1390
2609,1,2,7,7
26090,0,1,1,6907
26091,0,1,1,192
26092,0,1,4,5541
26093,0,0,0,88
26094,0,0,0,108
26095,0,0,59,64
26096,0,9,1498,5542
26097,0,0,0,267
26098,0,0,229,598
26099,0,0,0,642
261,0,1,154,971
2610,1,2,7,7
26100,0,0,0,2976
26101,0,0,191,2977
26102,2,3,146,1367
26103,0,0,0,1
26104,0,0,0,12
26105,0,0,0,12
26106,0,1,1,6908
26107,0,1,1,6909
26108,2,3,5,10
26109,0,0,516,6910
2611,0,0,0,0
26110,0,1,12,1305
26111,5,26,421,1709
26112,0,0,0,9
26113,0,1,20,5543
26114,0,68,431,2978
26115,0,0,27,25
26116,0,0,0,6911
26117,0,0,0,2
26118,0,0,19,6912
26119,0,0,0,1
2612,2,3,31,36
26120,0,1,1,6913
26121,0,0,0,88
26122,0,1,1,5544
26123,0,0,0,88
26124,0,6,36,2303
26125,2,3,50,4223
26126,1,2,3,6914
26127,0,0,0,12
26128,2,3,11,14
26129,0,1,1092,2979
2613,0,0,0,0
26130,0,0,108,729
26131,0,1,4,471
26132,0,0,0,291
26133,2,3,31,5545
26134,0,0,0,1160
26135,0,0,0,6915
26136,0,0,0,472
26137,2,3,251,2105
26138,0,0,17,131
26139,0,0,0,342
2614,3,4,10,28
26140,0,1,33,1166
26141,0,1,22,737
26142,0,0,0,0
26143,0,0,0,2
26144,0,0,0,1
26145,0,0,15,27
26146,1,2,3,222
26147,1,2,7,7
26148,0,0,0,1
26149,0,0,0,472
2615,2,3,11,14
26150,0,1,1,1261
26151,0,1,1,8
26152,1,2,2,4
26153,0,0,0,1
26154,0,0,0,154
26155,2,3,11,4224
26156,0,1,4,1323
26157,0,0,0,1167
26158,0,1,1,1324
26159,0,1,22,2068
2616,1,2,3,3
26160,0,6,483,1710
26161,0,1,4,1323
26162,0,0,0,1167
26163,0,6,483,1710
26164,0,0,0,4225
26165,0,1,1,18
26166,0,1,1,1324
26167,0,0,0,93
26168,0,0,679,2327
26169,0,0,0,93
2617,1,2,2,4
26170,0,1,22,6916
26171,2,3,34,35
26172,0,1,115,234
26173,1,2,9,13
26174,0,1,128,1711
26175,0,1,119,2112
26176,0,1,1,1411
26177,0,1,151,1712
26178,0,1,85,113
26179,0,1,1,96
2618,2,3,11,14
26180,0,1,1,18
26181,2,3,34,35
26182,2,3,34,35
26183,2,3,34,35
26184,1,54,635,1414
26185,0,0,0,2
26186,0,0,0,5
26187,0,0,15,140
26188,0,0,0,5
26189,0,0,0,2
2619,2,3,11,80
26190,0,0,104,171
26191,1,2,2,23
26192,1,2,2,5546
26193,0,1,22,5547
26194,0,1,29,1189
26195,0,1,93,4226
26196,0,1,93,1169
26197,0,1,93,4227
26198,0,1,93,260
26199,0,1,208,6917
262,0,1,1,104
2620,0,0,0,0
26200,0,1,93,260
26201,0,1,93,2980
26202,0,1,208,4228
26203,0,1,93,4229
26204,0,1,93,260
26205,0,1,208,1168
26206,0,1,916,4230
26207,0,1,93,5548
26208,0,1,93,1169
26209,0,178,917,4231
2621,1,2,3,3
26210,0,0,1279,6918
26211,0,1,208,1713
26212,0,1,93,260
26213,0,1,93,260
26214,0,1,93,2240
26215,0,1,93,4232
26216,0,1,208,1168
26217,0,1,208,1713
26218,0,1,208,2981
26219,0,1,93,260
2622,1,2,3,3
26220,3,4,288,4233
26221,4,18,198,4234
26222,0,1,93,1288
26223,0,1,93,1714
26224,0,1,93,6919
26225,0,1,93,2982
26226,0,1,124,725
26227,0,1,124,725
26228,21,65,1499,5549
26229,0,1,525,1170
2623,2,3,11,80
26230,0,90,1500,5550
26231,0,0,229,598
26232,0,0,0,267
26233,0,0,0,1
26234,0,0,191,5551
26235,0,0,0,1
26236,1,2,2,518
26237,0,0,0,2215
26238,2,3,222,5552
26239,0,0,0,1
2624,0,1,4,2373
26240,1,2,2,4
26241,0,0,0,2
26242,0,0,0,2
26243,0,0,0,1
26244,2,3,5,4235
26245,1,2,2,4
26246,0,0,0,2983
26247,2,3,8,521
26248,0,0,0,2
26249,0,0,0,0
2625,0,1,751,3381
26250,0,0,0,1
26251,0,0,446,4236
26252,1,2,3,3
26253,1,2,7,7
26254,0,0,0,0
26255,0,0,0,0
26256,1,2,7,5553
26257,0,0,0,0
26258,0,0,0,0
26259,1,2,3,3
2626,0,6,36,2374
26260,1,2,2,4
26261,1,2,3,3
26262,0,0,0,0
26263,0,1,4,1785
26264,0,1,4,2016
26265,61,273,1501,5554
26266,0,0,338,2984
26267,0,90,1093,2985
26268,0,1,525,1170
26269,21,65,1502,5555
2627,0,1,4,517
26270,0,1,29,1715
26271,0,6,36,2017
26272,0,1,4,494
26273,0,1,4,494
26274,0,1,22,1510
26275,0,6,36,2017
26276,0,1,29,1715
26277,0,1,328,2986
26278,0,8,32,32
26279,2,3,34,35
2628,0,1,1,65
26280,2,3,34,35
26281,0,1,56,313
26282,2,3,34,35
26283,2,3,34,35
26284,0,0,15,2018
26285,0,11,241,5556
26286,0,1,1503,5557
26287,0,1,233,2318
26288,0,0,291,6920
26289,0,1,71,202
2629,0,1,1,3382
26290,0,1,71,428
26291,0,0,15,4237
26292,0,1,538,4238
26293,0,1,538,4239
26294,1,2,9,13
26295,0,1,331,736
26296,0,1,324,698
26297,0,1,262,762
26298,2,3,5,10
26299,0,0,0,2
263,0,1,1,169
2630,0,1,1,1357
26300,0,0,0,1
26301,1,2,7,7
26302,1,2,9,13
26303,0,0,6,6
26304,1,2,2,505
26305,0,0,27,25
26306,0,0,15,135
26307,1,2,2,17
26308,0,1,1,20
26309,0,0,0,9
2631,0,1,24,635
26310,0,1,21,24
26311,0,0,77,142
26312,2,3,235,2078
26313,0,0,0,757
26314,2,34,99,5558
26315,0,0,0,1038
26316,0,0,0,522
26317,0,0,0,102
26318,0,0,0,262
26319,0,0,6,6
2632,0,1,13,996
26320,0,0,0,1
26321,0,1,14,1489
26322,0,0,17,4240
26323,0,1,12,1305
26324,0,0,0,0
26325,0,0,0,2987
26326,0,0,0,5559
26327,0,0,0,1
26328,0,1,611,1663
26329,0,1,392,2019
2633,1,2,9,13
26330,0,0,15,4241
26331,0,11,263,1716
26332,9,24,75,6921
26333,0,0,291,2988
26334,14,38,195,2989
26335,4,31,129,179
26336,0,0,0,48
26337,0,0,40,5560
26338,0,1,12,294
26339,0,1,1,8
2634,0,0,0,5
26340,0,1,37,158
26341,0,1,4,78
26342,0,0,0,170
26343,0,0,81,413
26344,0,6,73,5561
26345,0,1,1,18
26346,0,1,312,746
26347,0,1,1,8
26348,0,1,42,130
26349,0,0,0,1
2635,3,4,243,420
26350,0,1,4,1303
26351,0,1,1,8
26352,0,1,1,44
26353,1,2,2,219
26354,0,1,13,558
26355,0,0,61,348
26356,0,0,17,5562
26357,0,0,0,56
26358,0,1,176,2990
26359,0,1,1,6922
2636,0,0,0,1
26360,0,0,0,9
26361,1,2,9,2991
26362,1,2,9,1403
26363,0,1,1,8
26364,0,0,0,9
26365,0,1,1,8
26366,0,5,23,4242
26367,0,1,24,196
26368,0,5,23,2992
26369,0,1,4,49
2637,0,1,20,29
26370,0,1,4,43
26371,0,5,23,6923
26372,0,1,37,5563
26373,0,1,4,49
26374,0,1,37,5564
26375,0,1,63,5565
26376,0,1,63,5566
26377,0,1,1094,2993
26378,2,3,66,5567
26379,0,0,0,9
2638,0,0,0,0
26380,0,1,24,2316
26381,0,1,42,130
26382,0,1,1,193
26383,0,0,0,56
26384,0,1,20,250
26385,0,1,1,8
26386,0,1,37,182
26387,0,0,0,48
26388,0,1,14,1358
26389,2,3,5,226
2639,1,2,2,40
26390,2,3,31,36
26391,1,2,3,368
26392,0,1,175,6924
26393,0,1,1,2020
26394,1,2,3,3
26395,0,1,605,6925
26396,0,1,1,5568
26397,2,3,8,11
26398,0,0,0,0
26399,2,3,11,80
264,0,1,1,169
2640,0,0,0,0
26400,0,0,0,0
26401,0,0,0,0
26402,0,5,23,6926
26403,0,1,1,44
26404,0,1,4,49
26405,0,0,17,39
26406,0,1,14,85
26407,0,0,0,883
26408,0,1,58,279
26409,0,0,0,0
2641,0,1,4,43
26410,1,2,2,4
26411,2,3,5,10
26412,0,1,612,5569
26413,0,1,1,44
26414,0,0,0,0
26415,0,0,0,1
26416,0,0,0,0
26417,1,2,3,3
26418,0,1,1,511
26419,0,1,286,2994
2642,2,3,8,11
26420,0,0,0,0
26421,1,2,2,4
26422,2,3,5,41
26423,1,2,3,19
26424,1,2,7,7
26425,0,0,15,27
26426,0,1,1,8
26427,0,0,0,1
26428,0,1,1,8
26429,0,0,0,1717
2643,0,0,17,39
26430,0,0,0,1717
26431,0,0,0,0
26432,2,3,5,10
26433,3,4,10,2995
26434,0,1,1,18
26435,0,1,4,2210
26436,0,0,0,0
26437,0,0,0,2
26438,0,0,0,1
26439,2,3,8,11
2644,0,21,72,165
26440,2,3,31,36
26441,1,2,2,4
26442,2,3,5,15
26443,0,0,0,0
26444,0,1,1,5570
26445,2,3,8,11
26446,1,2,7,7
26447,2,3,5,15
26448,1,2,2,4
26449,2,3,5,41
2645,0,0,0,0
26450,1,2,3,3
26451,2,3,8,6927
26452,0,0,0,0
26453,1,2,2,4
26454,0,0,0,12
26455,0,0,0,0
26456,2,3,31,36
26457,2,3,5,134
26458,2,3,5,10
26459,1,2,3,19
2646,1,2,2,4
26460,0,0,0,0
26461,1,12,43,1325
26462,1,2,7,7
26463,1,2,3,3
26464,2,3,5,10
26465,0,0,0,12
26466,0,0,0,2
26467,0,0,0,0
26468,2,3,8,11
26469,1,2,3,3
2647,2,3,8,79
26470,0,0,0,2
26471,1,2,3,3
26472,0,1,612,5571
26473,0,0,0,0
26474,0,0,28,1267
26475,2,3,11,80
26476,2,3,44,59
26477,1,2,3,3
26478,0,0,0,0
26479,2,3,11,80
2648,2,3,31,36
26480,0,0,0,0
26481,0,0,0,0
26482,0,0,0,1
26483,0,0,0,1718
26484,1,2,3,3
26485,0,30,613,5572
26486,0,0,0,1
26487,0,0,0,1
26488,0,0,0,1
26489,0,0,0,1
2649,1,2,3,3
26490,0,0,0,0
26491,0,0,0,0
26492,1,2,2,4
26493,0,0,0,0
26494,0,0,0,75
26495,0,0,0,0
26496,1,2,3,3
26497,0,0,0,0
26498,1,2,3,3
26499,0,0,0,0
265,0,1,1,169
2650,2,3,8,11
26500,0,0,0,2
26501,2,3,5,10
26502,0,0,0,1
26503,0,0,0,1
26504,1,2,3,33
26505,0,0,0,0
26506,0,0,0,12
26507,2,3,8,11
26508,0,0,0,0
26509,0,0,0,0
2651,11,28,80,97
26510,1,2,3,3
26511,0,0,0,1
26512,2,3,8,11
26513,0,0,0,2
26514,1,2,3,3
26515,1,2,2,4
26516,1,2,3,3
26517,1,2,2,4
26518,0,0,0,0
26519,1,2,7,7
2652,2,3,5,41
26520,0,0,0,12
26521,2,3,8,11
26522,2,3,11,14
26523,2,3,44,59
26524,2,3,5,10
26525,1,2,2,4
26526,0,0,0,0
26527,5,33,165,2996
26528,1,2,3,3
26529,0,0,0,0
2653,0,0,0,0
26530,2,3,8,11
26531,1,2,7,7
26532,2,3,11,14
26533,4,18,153,336
26534,1,2,3,3
26535,0,0,0,0
26536,1,2,3,3
26537,2,3,8,11
26538,0,0,0,2
26539,0,0,0,5
2654,2,3,11,14
26540,1,2,7,7
26541,1,2,2,4
26542,0,0,0,0
26543,0,0,0,0
26544,0,0,0,2
26545,1,2,3,3
26546,11,28,80,97
26547,2,3,5,41
26548,0,0,0,0
26549,0,0,0,0
2655,0,1,151,228
26550,1,2,2,4
26551,0,21,72,225
26552,0,0,27,25
26553,0,0,0,0
26554,2,3,5,15
26555,0,0,0,0
26556,1,2,2,4
26557,2,3,8,11
26558,0,0,0,0
26559,1,2,3,3
2656,0,1,437,1237
26560,0,1,13,558
26561,0,0,0,0
26562,2,3,8,11
26563,0,0,0,0
26564,0,0,0,1719
26565,0,0,0,1
26566,0,0,0,1
26567,1,2,2,4
26568,0,0,0,0
26569,0,0,0,1
2657,0,1,4,43
26570,0,0,0,12
26571,1,2,7,7
26572,2,3,8,11
26573,1,2,3,3
26574,1,2,2,388
26575,0,0,0,0
26576,0,0,0,1
26577,1,2,3,3
26578,0,0,0,0
26579,0,0,0,12
2658,0,1,13,996
26580,0,0,0,2
26581,0,0,0,1
26582,2,3,11,14
26583,2,3,5,10
26584,2,3,8,1061
26585,1,2,7,7
26586,0,0,0,2
26587,0,0,0,0
26588,0,0,0,1
26589,1,2,3,3
2659,0,0,17,39
26590,0,0,0,0
26591,0,0,0,1
26592,1,2,3,3
26593,0,0,57,6928
26594,0,0,0,2
26595,2,3,5,10
26596,2,3,11,14
26597,0,0,0,0
26598,2,3,5,10
26599,1,2,2,4
266,0,1,1,169
2660,0,0,19,55
26600,1,2,3,6929
26601,1,2,2,4
26602,0,0,0,1
26603,2,3,11,14
26604,1,2,3,3
26605,0,1,39,1720
26606,0,0,0,0
26607,1,2,3,63
26608,0,0,0,2
26609,2,3,44,59
2661,0,1,33,210
26610,1,2,7,7
26611,2,3,5,10
26612,1,2,3,3
26613,1,2,2,4
26614,2,3,31,36
26615,2,3,31,36
26616,2,3,8,79
26617,2,3,5,15
26618,0,0,0,0
26619,3,4,10,28
2662,1,2,9,46
26620,0,0,0,0
26621,1,2,7,7
26622,0,0,0,0
26623,0,0,0,1
26624,0,0,0,0
26625,0,0,0,2
26626,1,2,7,7
26627,0,0,0,0
26628,0,0,0,1
26629,2,3,11,14
2663,3,4,10,383
26630,2,3,5,10
26631,1,2,2,4
26632,2,3,8,11
26633,2,3,11,14
26634,2,3,8,1061
26635,0,0,0,0
26636,0,0,0,1
26637,1,2,3,3
26638,0,0,0,1
26639,1,2,3,3
2664,1,2,2,501
26640,0,0,57,2997
26641,0,0,0,1
26642,0,0,0,2
26643,2,3,31,36
26644,2,3,11,14
26645,0,0,0,0
26646,1,2,2,4
26647,1,2,7,7
26648,0,0,0,100
26649,0,0,0,1
2665,0,0,0,326
26650,2,3,8,11
26651,0,0,0,0
26652,2,3,11,14
26653,1,2,7,2998
26654,0,0,0,0
26655,2,3,8,11
26656,1,2,3,3
26657,2,3,44,59
26658,2,3,11,14
26659,1,2,3,3
2666,0,0,0,1
26660,1,2,3,3
26661,1,12,43,401
26662,1,2,2,4
26663,1,2,3,3
26664,1,2,2,4
26665,2,3,44,59
26666,0,0,0,0
26667,1,2,3,3
26668,0,0,0,0
26669,0,0,0,2
2667,0,0,15,1914
26670,1,2,2,4
26671,0,0,0,0
26672,0,0,0,12
26673,2,3,8,11
26674,0,0,693,2241
26675,2,3,11,14
26676,2,3,8,11
26677,1,2,7,7
26678,0,0,0,0
26679,0,1,20,29
2668,0,0,0,0
26680,0,0,0,1
26681,2,3,5,446
26682,2,3,11,14
26683,0,0,0,1
26684,1,2,3,114
26685,1,2,3,91
26686,0,0,0,2
26687,1,2,2,4
26688,2,3,11,14
26689,0,0,0,12
2669,0,1,182,3383
26690,0,0,0,0
26691,0,0,0,1
26692,0,0,0,1
26693,1,2,3,3
26694,2,3,44,1721
26695,1,2,7,7
26696,2,3,8,233
26697,0,0,0,2
26698,0,0,0,12
26699,2,3,8,414
267,0,1,1,169
2670,1,2,3,4717
26700,1,12,43,4243
26701,2,3,5,15
26702,1,2,7,7
26703,0,0,0,2
26704,1,2,3,3
26705,2,3,44,1721
26706,1,2,3,3
26707,2,3,31,36
26708,2,3,11,14
26709,2,3,5,15
2671,0,0,0,361
26710,1,2,7,7
26711,2,3,5,155
26712,0,0,16,16
26713,0,0,17,131
26714,0,0,0,0
26715,0,0,0,1
26716,1,2,7,7
26717,1,2,3,19
26718,2,3,5,10
26719,2,3,5,346
2672,2,51,170,799
26720,2,3,8,194
26721,2,3,5,10
26722,0,0,0,0
26723,0,0,0,0
26724,2,3,66,377
26725,2,3,8,194
26726,2,3,5,346
26727,0,0,0,1
26728,0,0,0,0
26729,0,0,0,0
2673,0,0,0,361
26730,1,2,7,7
26731,2,3,8,194
26732,0,0,15,27
26733,0,0,0,1
26734,1,2,3,19
26735,2,3,5,10
26736,2,3,5,10
26737,1,2,3,19
26738,0,0,0,0
26739,0,0,0,1
2674,2,51,170,997
26740,1,2,3,19
26741,0,0,15,27
26742,2,3,5,10
26743,2,3,5,155
26744,1,2,2,4
26745,0,0,0,1
26746,2,3,8,79
26747,1,2,7,7
26748,0,0,0,1
26749,2,3,5,10
2675,0,0,0,361
26750,1,2,2,4
26751,0,0,0,0
26752,0,0,0,12
26753,0,0,0,0
26754,1,2,2,4
26755,3,4,10,28
26756,2,3,11,14
26757,1,2,7,7
26758,1,2,3,19
26759,0,0,0,0
2676,2,51,170,779
26760,1,2,2,4
26761,1,2,2,4
26762,1,2,2,4
26763,0,0,0,0
26764,1,2,7,7
26765,1,2,2,4
26766,0,0,0,0
26767,2,3,5,346
26768,0,0,0,0
26769,1,2,7,7
2677,0,0,0,1842
26770,1,2,2,4
26771,2,3,8,194
26772,0,0,0,0
26773,0,0,0,1
26774,2,3,66,377
26775,1,2,7,7
26776,0,0,0,0
26777,1,2,2,4
26778,2,3,8,194
26779,1,2,3,19
2678,0,1,14,264
26780,0,0,0,0
26781,0,0,0,154
26782,1,2,7,7
26783,0,0,0,2
26784,1,2,2,4
26785,2,3,11,14
26786,0,0,15,27
26787,0,0,0,1
26788,0,0,0,0
26789,0,0,0,2
2679,0,0,15,423
26790,0,0,0,1
26791,1,2,2,4
26792,1,2,7,7
26793,0,1,1,6930
26794,2,3,5,10
26795,1,2,3,19
26796,1,2,2,4
26797,0,0,15,27
26798,2,3,66,377
26799,2,3,5,10
268,0,0,0,5
2680,3,4,10,759
26800,0,0,0,0
26801,2,3,8,194
26802,1,2,7,7
26803,0,0,0,0
26804,2,3,11,14
26805,2,3,5,346
26806,0,0,0,0
26807,0,0,0,1
26808,1,2,7,7
26809,2,3,5,10
2681,4,18,153,556
26810,1,2,3,19
26811,0,0,0,0
26812,2,3,8,194
26813,0,0,0,0
26814,2,3,5,346
26815,0,0,0,1
26816,1,2,7,7
26817,0,0,0,0
26818,1,2,3,19
26819,0,0,0,0
2682,0,0,0,5
26820,2,3,5,15
26821,0,0,0,0
26822,1,2,7,7
26823,0,0,0,1
26824,0,0,0,1
26825,2,3,5,10
26826,0,0,0,1
26827,0,0,0,2
26828,1,2,3,19
26829,0,0,0,1
2683,0,0,0,2
26830,1,2,2,4
26831,0,0,0,0
26832,1,2,2,4
26833,1,2,3,19
26834,0,0,0,1
26835,0,0,0,0
26836,1,2,7,7
26837,2,3,66,377
26838,1,2,2,4
26839,0,0,0,0
2684,0,0,0,37
26840,0,0,0,1
26841,0,1,4,57
26842,0,1,1,8
26843,0,1,1,18
26844,0,0,0,31
26845,0,1,1,8
26846,0,1,1,8
26847,0,1,24,447
26848,0,0,0,9
26849,0,1,1,8
2685,0,0,27,25
26850,0,5,23,1317
26851,0,0,0,9
26852,0,0,0,215
26853,0,0,0,215
26854,0,1,4,43
26855,1,2,3,92
26856,0,0,0,56
26857,0,1,4,43
26858,1,2,2,34
26859,0,1,24,2021
2686,1,2,2,23
26860,1,2,2,34
26861,0,5,23,1722
26862,0,1,24,2021
26863,0,0,0,56
26864,1,2,2,68
26865,0,1,4,43
26866,0,0,95,483
26867,0,5,23,1722
26868,0,5,23,2999
26869,0,0,0,31
2687,1,2,9,26
26870,0,0,0,215
26871,0,0,0,215
26872,0,1,4,43
26873,0,1,1280,6931
26874,0,0,0,72
26875,0,0,0,2
26876,0,1,37,2276
26877,0,1,4,49
26878,0,0,0,9
26879,0,6,73,5573
2688,0,0,0,37
26880,0,1,4,78
26881,0,1,4,78
26882,0,52,173,253
26883,0,0,60,703
26884,2,3,5,346
26885,0,1,1,237
26886,1,2,2,68
26887,0,0,0,31
26888,0,0,0,1723
26889,0,1,1,8
2689,1,2,2,23
26890,0,0,95,483
26891,0,0,0,1723
26892,1,2,3,92
26893,0,0,0,9
26894,0,0,0,9
26895,0,1,24,447
26896,0,1,1,1776
26897,0,1,22,5574
26898,0,6,73,6932
26899,0,0,0,56
269,0,0,0,2
2690,0,0,0,2
26900,0,1,4,538
26901,0,5,23,3000
26902,0,1,12,137
26903,0,1,18,895
26904,0,1,4,2319
26905,0,1,1,18
26906,0,11,177,344
26907,9,42,227,459
26908,0,1,51,874
26909,0,1,118,893
2691,0,0,0,5
26910,0,1,1,45
26911,0,1,22,1724
26912,0,6,36,2225
26913,0,1,4,6933
26914,12,92,498,1226
26915,3,4,249,856
26916,0,1,1,110
26917,0,1,4,509
26918,0,43,162,3001
26919,0,1,4,30
2692,0,5,49,4718
26920,0,9,54,54
26921,0,16,68,82
26922,0,6,36,1238
26923,0,0,74,118
26924,0,1,1,180
26925,0,63,244,1171
26926,0,0,338,6934
26927,0,0,1281,6935
26928,0,1,348,1127
26929,0,1,1282,6936
2693,0,1,994,2375
26930,0,1,1504,5575
26931,0,1,14,4244
26932,0,0,0,48
26933,0,0,38,1725
26934,0,0,332,1399
26935,1,2,2,17
26936,0,1,1,96
26937,1,2,9,13
26938,0,0,0,1
26939,0,0,61,348
2694,0,0,0,9
26940,0,1,154,6937
26941,0,8,32,32
26942,0,0,0,77
26943,0,0,0,93
26944,14,38,195,5576
26945,0,0,0,2
26946,0,0,0,2
26947,0,0,0,1
26948,0,1,1,8
26949,0,1,4,550
2695,0,0,0,2
26950,0,1,1,74
26951,0,1,4,30
26952,0,1,4,81
26953,0,1,1,6938
26954,0,1,1,1172
26955,0,1,64,656
26956,0,1,14,4245
26957,0,1,242,1674
26958,0,1,12,6939
26959,0,0,17,123
2696,0,1,4,43
26960,0,1,14,129
26961,0,1,14,2022
26962,0,1,25,101
26963,0,1,13,3002
26964,0,0,15,4246
26965,0,0,918,4247
26966,0,0,17,532
26967,0,0,614,1726
26968,0,0,81,4248
26969,0,230,1283,6940
2697,0,5,23,323
26970,0,0,1505,5577
26971,0,1,14,90
26972,0,1,13,4249
26973,0,1,1095,3003
26974,0,0,19,5578
26975,0,30,1096,3004
26976,0,1,13,3005
26977,0,0,614,1726
26978,0,0,15,3006
26979,0,1,219,4250
2698,0,1,4,364
26980,1,2,2,4251
26981,0,1,14,4252
26982,0,1,135,3007
26983,0,0,19,255
26984,0,0,38,1326
26985,0,1,14,1173
26986,0,0,38,701
26987,0,1,14,129
26988,0,1,484,5579
26989,0,0,919,4253
2699,0,1,91,144
26990,0,1,14,484
26991,0,0,0,102
26992,0,0,38,4254
26993,0,1,14,1173
26994,1,2,2,40
26995,14,38,195,3008
26996,0,1,13,166
26997,0,1,135,1727
26998,4,31,129,6941
26999,0,0,38,1326
27,1,2,3,3
270,0,0,0,95
2700,0,1,141,284
27000,0,1,14,2022
27001,1,179,920,4255
27002,0,1,14,1728
27003,0,0,0,163
27004,0,1,14,1728
27005,0,0,38,1491
27006,0,0,0,170
27007,0,1,255,2221
27008,2,3,66,4256
27009,0,1,18,6942
2701,0,1,4,296
27010,0,0,41,1747
27011,0,1,20,376
27012,0,0,0,3009
27013,0,0,0,6943
27014,0,0,485,1174
27015,5,26,502,3010
27016,0,0,38,1175
27017,0,10,30,1008
27018,0,1,12,2064
27019,0,0,0,342
2702,0,1,4,1384
27020,0,0,38,1175
27021,0,0,123,3011
27022,72,180,921,4257
27023,0,0,81,413
27024,0,0,40,3012
27025,0,17,76,2242
27026,0,0,15,5580
27027,0,0,17,4258
27028,0,0,17,4259
27029,0,1,381,1955
2703,0,1,4,364
27030,14,38,195,4260
27031,0,1,1,1071
27032,1,19,87,5581
27033,0,0,45,5582
27034,0,1,120,172
27035,0,1,103,178
27036,0,0,0,5583
27037,0,1,14,90
27038,0,0,17,495
27039,0,6,36,6944
2704,0,1,14,780
27040,10,35,281,4261
27041,19,141,1284,6945
27042,0,1,18,152
27043,2,3,8,2100
27044,0,0,0,109
27045,0,1,1285,6946
27046,0,1,71,202
27047,0,0,27,25
27048,0,0,1506,5584
27049,14,38,187,5585
2705,0,0,19,369
27050,0,0,1507,5586
27051,0,0,563,4262
27052,0,0,79,3013
27053,0,1,1,96
27054,1,2,2,424
27055,0,0,45,1729
27056,0,1,71,428
27057,0,1,691,2243
27058,0,1,1286,6947
27059,0,6,36,6948
2706,0,1,91,1843
27060,0,1,1,1865
27061,0,1,22,5587
27062,0,1,1508,5588
27063,0,0,0,4263
27064,0,1,922,4264
27065,0,1,1,180
27066,0,0,0,1176
27067,0,6,307,4265
27068,0,8,32,32
27069,0,43,162,843
2707,0,1,141,998
27070,3,4,67,384
27071,0,8,32,32
27072,0,0,485,1174
27073,0,0,485,1174
27074,0,21,72,165
27075,0,1,1,2117
27076,0,1,1,5589
27077,0,1,29,5590
27078,0,1,4,5591
27079,0,0,74,292
2708,0,1,211,2376
27080,0,1,4,2023
27081,0,0,0,2278
27082,0,1,22,2054
27083,0,1,4,6949
27084,0,1,13,490
27085,0,1,37,239
27086,0,1,1,18
27087,0,1,1,8
27088,2,3,8,11
27089,1,2,3,3
2709,0,0,0,37
27090,1,2,7,7
27091,2,3,8,11
27092,0,1,1,8
27093,0,0,40,5592
27094,0,1,14,4266
27095,0,1,22,270
27096,0,1,4,78
27097,0,0,0,2
27098,0,0,0,0
27099,0,0,0,0
271,2,3,34,35
2710,0,0,0,2
27100,0,0,0,2
27101,1,2,2,4
27102,0,0,0,0
27103,1,2,3,3
27104,0,1,1,115
27105,0,0,171,379
27106,0,0,0,262
27107,0,0,0,102
27108,0,0,0,262
27109,0,0,0,1
2711,0,0,0,5
27110,1,2,3,3
27111,0,1,4,49
27112,0,1,37,3014
27113,0,1,1,574
27114,0,1,4,78
27115,0,1,24,196
27116,0,0,0,31
27117,0,1,4,49
27118,0,1,37,182
27119,0,1,1,5593
2712,1,2,2,23
27120,0,1,1,193
27121,0,0,47,5594
27122,0,0,16,16
27123,1,2,3,3
27124,0,0,0,2
27125,0,0,0,0
27126,1,2,2,4
27127,0,0,0,0
27128,0,0,0,154
27129,0,1,22,372
2713,0,0,27,25
27130,0,1,4,945
27131,0,1,1,8
27132,0,0,0,102
27133,0,1,37,158
27134,1,2,7,7
27135,0,0,0,1
27136,0,0,19,939
27137,0,0,0,5595
27138,0,0,680,6950
27139,0,17,1287,6951
2714,0,1,4,3384
27140,0,1,13,5596
27141,0,1,13,5597
27142,1,2,3,3
27143,0,0,0,0
27144,0,0,0,0
27145,0,1,37,158
27146,0,1,1,38
27147,0,1,29,51
27148,0,0,0,1
27149,1,2,2,4
2715,0,1,1,1437
27150,0,0,15,27
27151,0,0,0,0
27152,0,1,1,5598
27153,0,0,0,3015
27154,0,0,0,75
27155,0,1,4,78
27156,1,2,3,19
27157,0,1,1,110
27158,0,0,257,4267
27159,0,0,0,3016
2716,0,1,1,18
27160,0,0,0,5599
27161,0,0,257,6952
27162,0,1,1,5600
27163,0,0,422,6953
27164,0,1,4,1332
27165,0,1,4,3017
27166,0,1,4,287
27167,0,1,1,322
27168,0,1,1,133
27169,0,1,4,4268
2717,0,1,1,110
27170,0,1,4,3018
27171,0,1,4,4269
27172,0,1,4,2244
27173,0,1,4,214
27174,0,1,4,6954
27175,0,1,1,6955
27176,0,1,4,2320
27177,0,1,4,6956
27178,0,1,1,5601
27179,0,1,4,5602
2718,0,0,57,4719
27180,0,1,1097,3019
27181,0,0,108,729
27182,0,6,36,693
27183,0,1,1,942
27184,0,1,154,971
27185,0,1,4,4270
27186,0,0,114,6957
27187,0,0,114,4271
27188,0,0,718,3020
27189,0,0,329,6958
2719,0,10,30,3385
27190,0,0,1509,5603
27191,0,0,718,3021
27192,0,1,1098,3022
27193,0,0,257,4272
27194,0,1,4,214
27195,0,1,1,5604
27196,0,1,4,5605
27197,0,1,4,2320
27198,0,1,1,3023
27199,0,1,4,4273
272,0,0,6,6
2720,0,215,1151,6076
27200,0,1,1,322
27201,0,1,4,1531
27202,0,0,108,715
27203,0,1,1,5606
27204,0,0,0,88
27205,0,0,46,1730
27206,0,0,19,2266
27207,0,9,1510,5607
27208,1,2,2,1755
27209,0,0,0,109
2721,0,1,397,1426
27210,17,72,430,3024
27211,0,0,505,3025
27212,0,1,64,3026
27213,5,46,1288,6959
27214,0,64,736,4274
27215,0,64,736,4275
27216,0,1,1,4276
27217,0,1,1,4277
27218,0,1,1,5608
27219,0,0,46,1730
2722,0,22,1368,4720
27220,0,1,1,6960
27221,0,1,1,5609
27222,0,1,1,3027
27223,0,0,352,1177
27224,0,0,681,6961
27225,0,0,681,4278
27226,0,0,352,1177
27227,0,1,1,3028
27228,0,1,1,3029
27229,0,1,1,6962
2723,5,26,502,6077
27230,0,27,278,4279
27231,0,1,1,5610
27232,0,1,22,4280
27233,0,1,1,2321
27234,0,1,1,2321
27235,0,1,22,5611
27236,0,1,1511,5612
27237,0,1,923,4281
27238,0,1,1,4282
27239,0,0,352,1177
2724,2,3,8,2377
27240,0,0,352,1731
27241,0,0,352,1731
27242,0,0,924,4283
27243,0,27,353,1732
27244,0,1,1,180
27245,0,0,315,5613
27246,0,1,4,5614
27247,0,0,15,2018
27248,1,2,285,662
27249,0,0,57,397
2725,0,1,397,3386
27250,0,11,84,339
27251,9,24,75,507
27252,0,11,84,1388
27253,0,11,140,4284
27254,3,4,116,3030
27255,0,1,12,454
27256,0,11,177,344
27257,0,1,71,726
27258,3,4,10,4285
27259,0,0,38,3031
2726,0,0,0,2
27260,0,0,40,3032
27261,0,1,14,6963
27262,0,1,14,5615
27263,0,0,19,255
27264,0,1,124,725
27265,0,1,124,725
27266,0,1,4,426
27267,0,1,4,426
27268,0,1,4,296
27269,0,1,4,426
2727,0,0,15,27
27270,0,1,4,5616
27271,0,1,4,427
27272,0,1,4,426
27273,0,1,4,426
27274,0,1,4,426
27275,0,1,4,426
27276,0,1,4,426
27277,0,1,4,426
27278,0,0,314,722
27279,0,1,211,848
2728,0,0,0,0
27280,0,1,4,296
27281,0,1,4,4286
27282,0,1,14,145
27283,0,1,4,427
27284,0,1,4,427
27285,0,1,4,427
27286,0,1,14,145
27287,0,1,14,145
27288,0,1,14,145
27289,0,1,14,145
2729,0,1,1,921
27290,0,1,14,145
27291,0,1,14,145
27292,0,1,14,145
27293,0,1,14,145
27294,0,1,14,145
27295,0,1,89,4287
27296,3,4,10,2312
27297,0,1,139,1105
27298,1,2,2,4
27299,1,2,3,19
273,0,0,16,16
2730,0,0,0,5
27300,2,3,5,10
27301,2,3,284,6964
27302,2,3,11,14
27303,2,3,8,1266
27304,0,0,0,291
27305,0,0,17,3033
27306,2,3,5,10
27307,0,0,0,0
27308,0,0,15,27
27309,0,0,0,0
2731,1,2,9,26
27310,0,0,0,0
27311,0,0,17,131
27312,0,1,197,6965
27313,0,0,0,0
27314,0,0,0,1
27315,0,0,0,12
27316,1,2,3,1327
27317,2,3,11,1024
27318,2,3,8,4288
27319,2,3,44,59
2732,0,1,4,4721
27320,2,3,143,727
27321,2,3,31,36
27322,0,0,0,12
27323,1,2,3,19
27324,1,2,2,4
27325,0,0,0,1
27326,1,2,7,7
27327,0,0,0,72
27328,1,2,2,68
27329,0,1,1,193
2733,3,4,67,99
27330,0,1,37,182
27331,0,0,0,1328
27332,0,0,0,1
27333,0,0,253,6966
27334,0,0,0,941
27335,0,1,14,6967
27336,0,0,17,5617
27337,0,1,14,1941
27338,1,2,2,34
27339,0,1,24,196
2734,0,0,133,235
27340,0,0,0,56
27341,0,1,4,49
27342,0,0,0,2
27343,0,0,0,1328
27344,0,1,25,5618
27345,8,29,94,4289
27346,0,181,925,4290
27347,0,1,524,4291
27348,0,1,156,3034
27349,0,1,163,1178
2735,0,0,46,94
27350,0,182,926,4292
27351,2,3,1512,5619
27352,0,1,156,6968
27353,0,22,88,4293
27354,5,94,440,4294
27355,0,10,30,1008
27356,0,1,163,6969
27357,0,1,56,1329
27358,0,0,0,4295
27359,0,0,927,4296
2736,0,0,19,55
27360,0,30,1289,6970
27361,0,1,287,5620
27362,0,1,109,1733
27363,0,1,1513,5621
27364,5,26,1514,5622
27365,0,1,135,4297
27366,0,0,1290,6971
27367,0,1,209,4298
27368,0,1,719,4299
27369,0,0,79,5623
2737,0,9,65,211
27370,0,0,60,2024
27371,0,1,20,2025
27372,0,0,38,259
27373,1,2,2,40
27374,0,0,79,5624
27375,5,94,440,3035
27376,0,0,293,1535
27377,0,1,42,122
27378,0,0,1099,3036
27379,0,0,79,308
2738,0,9,54,54
27380,0,0,0,2
27381,0,0,0,1
27382,0,1,342,6972
27383,0,1,135,6973
27384,0,1,42,122
27385,0,1,18,6974
27386,0,1,13,5625
27387,0,1,83,3037
27388,0,0,0,1
27389,1,2,2,40
2739,3,4,215,432
27390,17,60,206,5626
27391,0,0,45,6975
27392,1,2,2,505
27393,5,26,463,5627
27394,0,0,0,3038
27395,0,0,28,4300
27396,0,1,20,4301
27397,0,10,30,450
27398,0,0,79,308
27399,0,21,72,225
274,0,0,16,16
2740,0,0,266,442
27400,0,88,389,5628
27401,0,10,30,450
27402,0,1,109,480
27403,0,10,30,3039
27404,0,22,88,5629
27405,0,10,30,450
27406,0,0,79,4302
27407,0,1,719,3040
27408,5,231,1291,6976
27409,0,10,30,105
2741,0,9,65,289
27410,5,26,1515,5630
27411,0,1,295,6977
27412,0,232,1292,6978
27413,0,0,1293,6979
27414,22,98,471,5631
27415,0,11,263,1625
27416,9,24,75,2310
27417,0,1,342,884
27418,0,1,196,5632
27419,0,1,25,3041
2742,0,0,19,55
27420,0,1,1516,5633
27421,0,11,263,5634
27422,9,24,75,1330
27423,5,46,1100,3042
27424,0,1,25,5635
27425,5,26,928,4303
27426,0,1,342,884
27427,0,11,263,4304
27428,9,24,75,1330
27429,5,26,1517,5636
2743,1,2,9,4722
27430,0,10,30,151
27431,0,1,232,3043
27432,5,46,210,3044
27433,0,1,125,3045
27434,0,1,232,5637
27435,0,1,25,6980
27436,0,0,79,308
27437,0,0,79,308
27438,0,10,30,105
27439,0,10,30,105
2744,0,64,292,643
27440,0,109,526,1734
27441,0,109,526,1734
27442,0,0,28,4305
27443,0,0,79,3046
27444,0,1,35,4306
27445,0,0,79,524
27446,0,0,60,5638
27447,0,109,526,3047
27448,0,1,196,5639
27449,0,0,253,4307
2745,0,9,270,872
27450,0,1,233,2318
27451,0,11,1518,5640
27452,9,24,75,3048
27453,0,1,1,8
27454,0,1,154,607
27455,0,1,1,18
27456,0,1,18,547
27457,0,1,18,2026
27458,0,0,0,56
27459,0,0,0,349
2746,0,0,0,440
27460,0,1,37,4308
27461,0,1,96,1537
27462,0,1,96,2299
27463,0,1,55,5641
27464,0,0,0,3049
27465,0,0,0,187
27466,0,1,233,5642
27467,0,8,32,32
27468,0,1,4,49
27469,0,1,197,2027
2747,0,8,32,32
27470,0,0,0,108
27471,0,0,0,108
27472,0,1,14,85
27473,1,2,3,676
27474,0,0,45,4309
27475,0,0,17,39
27476,2,3,5,15
27477,0,1,615,2028
27478,0,0,546,4310
27479,0,0,28,4311
2748,0,1,1,65
27480,0,1,71,3050
27481,0,0,38,259
27482,1,2,2,631
27483,0,1,12,1152
27484,0,0,38,3051
27485,1,2,2,281
27486,0,1,14,4312
27487,1,2,2,4313
27488,0,0,15,4314
27489,0,1,13,5643
2749,0,8,32,32
27490,0,1,12,3052
27491,0,0,38,259
27492,0,1,265,2245
27493,0,1,13,470
27494,0,1,13,208
27495,0,1,12,733
27496,1,2,2,456
27497,0,0,0,621
27498,0,1,12,3053
27499,0,0,17,6981
275,0,0,16,16
2750,0,1,51,583
27500,0,1,1519,5644
27501,0,0,468,6982
27502,1,129,616,5645
27503,0,0,17,278
27504,0,1,13,208
27505,0,1,12,2029
27506,1,2,2,281
27507,1,2,2,281
27508,1,2,2,900
27509,0,1,20,629
2751,0,1,22,1844
27510,0,1,12,533
27511,0,1,265,2245
27512,1,2,2,631
27513,0,0,28,2226
27514,1,2,2,281
27515,0,0,17,278
27516,0,1,71,428
27517,0,1,13,4315
27518,1,2,2,281
27519,0,1,14,3054
2752,0,5,49,1481
27520,0,0,27,25
27521,0,0,15,328
27522,1,2,2,240
27523,0,1,1520,5646
27524,0,1,12,5647
27525,0,0,17,4316
27526,1,2,2,281
27527,0,0,17,3055
27528,0,0,38,259
27529,0,0,17,278
2753,0,1,118,644
27530,0,0,17,278
27531,2,3,8,11
27532,1,2,7,7
27533,1,2,3,3
27534,0,0,0,0
27535,2,3,5,10
27536,0,0,0,0
27537,0,0,27,25
27538,0,0,15,3056
27539,0,0,486,4317
2754,0,0,0,5
27540,0,1,18,3057
27541,1,2,2,353
27542,1,2,2,17
27543,0,0,0,109
27544,0,0,0,3058
27545,0,21,72,225
27546,0,0,15,3059
27547,0,1,25,568
27548,0,0,17,304
27549,0,1,176,566
2755,1,2,9,13
27550,1,2,2,4
27551,2,3,31,36
27552,0,0,486,5648
27553,1,2,2,240
27554,0,1,12,464
27555,0,0,0,1813
27556,0,0,17,304
27557,0,0,41,728
27558,28,75,487,2030
27559,0,0,0,5649
2756,0,0,0,9
27560,0,0,610,2015
27561,0,11,177,344
27562,9,42,227,3060
27563,0,1,12,3061
27564,0,11,177,344
27565,9,42,227,459
27566,2,3,8,885
27567,1,23,1294,6983
27568,0,0,929,4318
27569,0,11,930,4319
2757,0,1,1,18
27570,9,24,75,4320
27571,0,1,365,6984
27572,0,10,30,105
27573,0,1,264,5650
27574,0,1,25,954
27575,0,1,25,2275
27576,0,1,25,3062
27577,0,1,25,224
27578,0,68,737,4321
27579,0,1,25,159
2758,0,1,1,8
27580,0,1,264,1331
27581,0,1,20,1197
27582,0,1,20,1012
27583,0,1,12,1380
27584,0,1,20,2025
27585,0,1,12,6985
27586,0,1,475,1151
27587,0,1,413,1735
27588,0,1,12,1380
27589,0,1,4,30
2759,0,1,1,38
27590,0,0,0,3063
27591,0,1,22,5651
27592,0,0,0,4322
27593,0,1,4,30
27594,0,5,23,4323
27595,0,1,58,4324
27596,0,0,0,218
27597,0,0,79,5652
27598,0,8,32,32
27599,0,1,4,132
276,1,2,2,4
2760,0,0,16,16
27600,0,1,24,6986
27601,0,21,72,165
27602,0,0,108,715
27603,0,0,108,729
27604,0,1,4,5653
27605,0,0,0,88
27606,0,1,1,4325
27607,1,2,7,7
27608,0,0,0,0
27609,0,0,0,12
2761,1,2,9,13
27610,0,0,0,2
27611,0,0,0,0
27612,0,0,0,1
27613,4,18,153,5654
27614,0,0,0,102
27615,0,0,0,102
27616,0,0,6,1304
27617,1,2,2,4
27618,0,0,6,1483
27619,2,3,11,14
2762,0,0,0,9
27620,0,0,0,12
27621,0,0,0,1
27622,0,0,0,2
27623,0,0,0,12
27624,1,2,3,91
27625,1,2,3,114
27626,0,6,36,693
27627,0,0,0,1221
27628,2,3,5,15
27629,0,0,0,1
2763,1,2,2,17
27630,2,3,11,14
27631,1,2,3,3
27632,2,3,8,3064
27633,0,0,0,0
27634,2,3,5,41
27635,0,1,39,4326
27636,3,4,10,28
27637,1,2,2,4
27638,1,2,7,7
27639,2,3,8,79
2764,1,2,9,13
27640,1,2,7,7
27641,0,0,0,12
27642,0,0,61,3065
27643,0,0,0,0
27644,2,3,5,41
27645,1,2,3,19
27646,2,3,5,4327
27647,1,2,2,4
27648,0,0,0,1
27649,0,1,18,1413
2765,0,0,0,5
27650,0,0,204,6987
27651,0,1,527,4328
27652,0,0,0,1
27653,2,3,8,5655
27654,2,3,5,10
27655,0,1,18,3066
27656,0,1,1,3067
27657,0,1,527,4329
27658,0,1,64,656
27659,0,0,19,5656
2766,0,0,61,89
27660,0,0,19,4330
27661,0,0,19,1195
27662,0,1,4,2128
27663,0,1,64,656
27664,0,1,4,6988
27665,0,1,529,4331
27666,0,0,0,2031
27667,0,0,0,1337
27668,0,1,4,1332
27669,0,1,4,5657
2767,0,0,16,16
27670,0,0,19,6989
27671,0,1,527,6990
27672,0,1,4,5658
27673,0,0,315,6991
27674,0,1,4,1332
27675,0,1,18,6992
27676,0,5,377,4332
27677,0,5,1521,5659
27678,0,0,81,5660
27679,0,1,1,18
2768,0,0,59,64
27680,0,1,1,8
27681,0,27,494,4333
27682,3,45,1522,5661
27683,0,1,22,5662
27684,0,1,13,1737
27685,0,1,13,1736
27686,0,17,76,2242
27687,0,0,60,5663
27688,0,1,1,20
27689,0,1,14,4334
2769,0,0,0,268
27690,0,1,13,1737
27691,0,0,46,227
27692,0,0,17,131
27693,0,100,1523,5664
27694,0,0,0,590
27695,0,0,17,495
27696,0,0,17,131
27697,0,1,13,166
27698,0,1,13,6993
27699,1,2,2,4
277,0,0,0,655
2770,0,0,1369,4723
27700,0,0,0,0
27701,2,3,8,3068
27702,2,3,11,14
27703,3,4,10,4335
27704,0,1,286,4336
27705,0,1,1,608
27706,0,1,22,245
27707,0,0,0,21
27708,0,1,37,158
27709,0,1,4,78
2771,0,0,230,499
27710,0,0,28,1119
27711,0,0,0,1333
27712,2,3,50,391
27713,1,2,3,3
27714,1,2,3,3
27715,0,1,21,3069
27716,0,1,18,5665
27717,0,0,213,6994
27718,0,0,213,6995
27719,0,1,29,51
2772,0,1,20,1197
27720,0,1,488,5666
27721,0,104,1295,6996
27722,0,6,160,390
27723,0,1,1,6997
27724,0,1,4,317
27725,0,0,0,88
27726,0,1,1,5667
27727,0,1,1,4337
27728,0,1,4,1702
27729,0,0,0,796
2773,0,1,402,6078
27730,2,3,5,15
27731,0,0,0,0
27732,1,2,3,3
27733,1,2,7,7
27734,1,2,2,4
27735,0,0,0,0
27736,3,4,10,28
27737,2,3,5,15
27738,0,0,0,2
27739,0,0,0,5668
2774,0,0,0,0
27740,1,2,2,4
27741,1,2,3,3
27742,0,0,1524,5669
27743,0,6,36,3070
27744,0,0,204,1179
27745,0,1,1,5670
27746,0,1,1,5671
27747,0,1,1,192
27748,0,1,1,65
27749,0,1,120,172
2775,1,2,3,3
27750,0,1,103,178
27751,0,0,0,0
27752,0,1,1,8
27753,0,1,22,3071
27754,0,0,52,52
27755,1,2,53,53
27756,0,0,45,71
27757,0,0,17,39
27758,2,3,8,11
27759,2,3,8,11
2776,0,0,0,0
27760,1,2,2,4
27761,0,0,0,0
27762,1,2,3,3
27763,0,0,0,0
27764,2,3,8,11
27765,0,0,0,0
27766,1,2,2,706
27767,0,0,27,25
27768,0,0,15,328
27769,1,2,2,240
2777,0,1,1,1427
27770,0,1,1,8
27771,0,1,13,3072
27772,0,0,0,9
27773,0,1,1,44
27774,2,3,8,4338
27775,2,3,31,2246
27776,0,0,0,12
27777,0,0,0,291
27778,2,3,50,5672
27779,2,3,284,4339
2778,0,1,1,160
27780,0,30,613,6998
27781,2,3,50,3073
27782,2,3,50,2032
27783,0,0,0,12
27784,2,3,31,2246
27785,2,3,11,2247
27786,0,0,0,291
27787,2,3,50,2032
27788,1,2,3,3
27789,0,1,4,57
2779,1,2,2,68
27790,0,1,1,8
27791,14,38,195,5673
27792,0,0,61,3074
27793,14,38,195,6999
27794,0,1,1,8
27795,1,2,3,2033
27796,2,3,284,7000
27797,2,3,8,7001
27798,2,3,11,2247
27799,1,2,3,2033
278,0,0,45,71
2780,0,0,0,2
27800,2,3,44,5674
27801,0,0,0,0
27802,0,1,22,245
27803,2,3,8,5675
27804,0,0,253,3075
27805,0,1,13,7002
27806,0,1,256,1738
27807,0,1,13,4340
27808,2,3,132,7003
27809,0,1,124,1084
2781,1,2,2,293
27810,0,0,329,836
27811,0,0,405,1739
27812,0,0,257,756
27813,0,1,125,5676
27814,0,1,1296,7004
27815,0,0,1297,7005
27816,0,0,375,1918
27817,0,1,13,5677
27818,0,1,42,130
27819,0,1,83,3076
2782,0,0,0,0
27820,5,26,1298,7006
27821,5,26,540,3077
27822,0,8,32,7007
27823,0,1,12,2034
27824,0,1,125,5678
27825,0,1,125,7008
27826,0,1,13,470
27827,0,8,32,7009
27828,0,1,18,5679
27829,0,8,32,3078
2783,0,0,0,3387
27830,0,8,32,32
27831,0,1,626,4341
27832,0,0,0,88
27833,0,0,617,5680
27834,0,1,4,1356
27835,0,1,1,44
27836,0,1,22,5681
27837,0,1,219,7010
27838,0,1,1,8
27839,0,0,47,73
2784,0,1,22,1146
27840,0,1,4,57
27841,0,1,22,309
27842,3,4,10,320
27843,0,1,29,149
27844,0,1,110,3079
27845,0,0,0,185
27846,0,1,33,112
27847,0,1,1,8
27848,0,0,0,7011
27849,0,1,1,207
2785,0,0,16,16
27850,0,0,0,9
27851,0,1,1,18
27852,0,1,1,8
27853,0,0,0,9
27854,0,1,1,18
27855,0,0,0,730
27856,0,1,1,18
27857,0,1,22,309
27858,0,1,1,8
27859,0,1,4,57
2786,0,0,0,5
27860,0,1,1,38
27861,0,1,33,112
27862,0,1,29,149
27863,0,1,1,18
27864,0,0,0,9
27865,0,1,1,8
27866,0,1,1,207
27867,0,1,1,207
27868,0,1,29,51
27869,0,1,1,4342
2787,0,0,16,16
27870,0,0,0,2248
27871,0,1,4,62
27872,0,1,1,18
27873,0,1,1,237
27874,0,0,47,73
27875,0,1,1,8
27876,0,0,0,730
27877,0,1,1,207
27878,0,1,1,237
27879,0,0,47,73
2788,0,0,0,21
27880,0,1,1,8
27881,0,1,1,18
27882,0,1,1,8
27883,0,1,4,62
27884,0,1,91,144
27885,0,1,4,1180
27886,0,0,0,1141
27887,0,1,4,403
27888,0,1,4,4343
27889,0,1,4,81
2789,1,2,9,46
27890,1,2,2,476
27891,2,3,100,548
27892,0,0,0,21
27893,0,1,1,2057
27894,3,4,215,432
27895,0,9,65,211
27896,0,1,459,3080
27897,0,1,4,551
27898,0,27,393,958
27899,0,1,154,1198
279,0,1,14,90
2790,1,2,2,908
27900,0,9,54,54
27901,0,1,4,1092
27902,0,8,32,32
27903,0,1,1,2035
27904,0,1,4,886
27905,0,1,1,4344
27906,0,16,68,82
27907,0,9,54,54
27908,0,1,124,2036
27909,0,1,1299,7012
2791,0,1,35,999
27910,0,0,0,3081
27911,0,1,4,3082
27912,0,27,1300,7013
27913,1,2,2,353
27914,0,0,0,1001
27915,0,1,1,329
27916,0,0,0,306
27917,0,1,91,144
27918,0,1,4,734
27919,0,9,65,213
2792,3,4,10,645
27920,0,0,0,4345
27921,0,1,4,3083
27922,0,27,1301,7014
27923,0,1,1,2037
27924,0,0,0,21
27925,0,0,0,21
27926,0,0,16,887
27927,0,0,0,77
27928,0,1,4,364
27929,0,0,0,218
2793,0,1,13,558
27930,0,1,4,204
27931,0,1,211,848
27932,0,1,1,2249
27933,0,1,4,81
27934,0,1,141,284
27935,0,1,1,2038
27936,0,6,36,4346
27937,0,1,1302,7015
27938,0,0,46,1276
27939,0,1,1,44
2794,0,1,13,399
27940,0,1,33,455
27941,0,1,1,8
27942,0,1,1,18
27943,1,2,3,3
27944,0,0,0,0
27945,0,0,0,12
27946,0,0,0,2
27947,0,0,0,0
27948,0,1,39,449
27949,2,3,8,11
2795,0,1,13,325
27950,0,0,0,0
27951,0,0,0,12
27952,2,3,5,15
27953,1,2,2,4
27954,0,0,0,0
27955,2,3,8,11
27956,0,0,0,2
27957,0,0,0,0
27958,1,2,3,3
27959,0,1,4,7016
2796,0,1,13,325
27960,0,0,47,540
27961,0,0,0,1
27962,0,0,0,2
27963,1,2,3,3
27964,0,0,0,0
27965,1,2,3,3
27966,1,2,3,3
27967,1,2,2,4
27968,0,0,0,2
27969,2,3,8,11
2797,0,1,13,325
27970,2,3,5,41
27971,0,0,0,0
27972,2,3,8,11
27973,0,0,0,2
27974,2,3,8,11
27975,2,3,5,10
27976,0,0,0,0
27977,1,2,7,7
27978,0,0,0,12
27979,0,0,0,2
2798,0,1,13,325
27980,1,2,3,3
27981,0,1,39,58
27982,1,2,3,3
27983,0,1,110,5682
27984,0,0,0,2
27985,2,3,8,11
27986,1,2,3,3
27987,0,0,0,0
27988,0,0,0,0
27989,0,0,0,12
2799,0,1,1,8
27990,1,2,3,3
27991,0,0,0,1
27992,0,0,0,0
27993,0,0,0,0
27994,1,2,3,3
27995,0,0,0,12
27996,1,2,3,3
27997,0,0,0,1
27998,1,2,2,4
27999,0,0,0,2
28,0,0,0,0
280,0,0,17,39
2800,0,0,0,185
28000,0,0,0,1
28001,0,0,0,0
28002,2,3,8,11
28003,0,0,0,0
28004,1,2,3,3
28005,0,1,12,312
28006,0,0,57,4347
28007,0,1,12,312
28008,0,0,275,2250
28009,0,1,13,4348
2801,0,0,0,100
28010,14,38,187,5683
28011,0,0,60,512
28012,0,0,0,128
28013,0,1,56,313
28014,0,0,0,3084
28015,2,3,90,888
28016,0,1,12,7017
28017,0,1,56,5684
28018,0,0,60,703
28019,0,1,25,159
2802,0,0,0,1
28020,0,1,25,596
28021,0,1,25,4349
28022,0,1,12,167
28023,0,52,173,253
28024,0,0,57,5685
28025,0,1,12,312
28026,0,0,81,413
28027,0,1,12,312
28028,4,18,153,336
28029,0,1,12,137
2803,0,0,0,1
28030,0,0,60,703
28031,1,25,283,2040
28032,1,25,283,2274
28033,0,1,20,2039
28034,0,1,190,1740
28035,1,25,283,2040
28036,0,1,12,137
28037,0,0,17,304
28038,0,0,41,666
28039,0,0,0,4350
2804,0,0,0,47
28040,2,3,515,7018
28041,0,0,0,731
28042,0,0,0,128
28043,2,3,90,888
28044,0,0,0,5
28045,0,1,12,137
28046,0,0,0,7019
28047,0,1,179,763
28048,0,1,12,137
28049,0,1,282,5686
2805,0,1,12,1345
28050,0,1,12,7020
28051,0,1,35,1992
28052,0,1,931,4351
28053,0,1,932,4352
28054,0,1,1525,5687
28055,0,1,56,4353
28056,5,26,1526,5688
28057,0,1,394,4354
28058,0,1,56,3085
28059,0,1,394,5689
2806,1,2,2,545
28060,0,1,12,4355
28061,0,1,97,1196
28062,0,1,64,1522
28063,4,18,172,7021
28064,0,1,86,2251
28065,0,1,196,4356
28066,0,1,12,844
28067,0,0,0,2
28068,0,1,12,1989
28069,0,0,0,47
2807,0,0,27,25
28070,0,0,0,1
28071,0,10,30,544
28072,0,1,13,681
28073,0,10,30,544
28074,0,0,0,2
28075,0,0,0,5
28076,0,10,933,4357
28077,0,0,0,5
28078,0,0,15,7022
28079,2,3,515,4358
2808,0,21,72,546
28080,0,9,618,5690
28081,0,1,219,4359
28082,0,5,377,2041
28083,0,22,88,4360
28084,0,1,1303,7023
28085,0,1,25,460
28086,0,1,13,7024
28087,0,0,15,4361
28088,0,1,1101,3086
28089,1,2,3,3
2809,1,2,2,17
28090,0,1,1,1434
28091,0,1,317,1083
28092,0,1,25,101
28093,0,1,25,121
28094,0,10,30,7025
28095,0,1,181,5691
28096,0,0,0,0
28097,1,2,2,4
28098,0,1,4,1741
28099,0,5,377,2041
281,0,0,52,52
2810,0,1,21,24
28100,0,1,25,596
28101,1,2,2,4362
28102,0,1,1,8
28103,0,1,42,122
28104,0,1,12,294
28105,0,1,13,470
28106,0,1,18,2026
28107,1,25,1527,5692
28108,0,1,42,4363
28109,0,1,258,7026
2811,0,0,0,9
28110,1,25,395,2252
28111,47,205,1102,3087
28112,1,25,395,4364
28113,1,25,395,2252
28114,0,1,42,122
28115,0,1,58,4365
28116,0,1,58,418
28117,0,0,0,163
28118,0,0,0,2042
28119,2,51,170,7027
2812,0,1,1,20
28120,1,2,2,4
28121,0,1,20,5693
28122,0,0,0,2042
28123,0,0,0,197
28124,0,0,0,3088
28125,0,1,13,1742
28126,0,0,254,5694
28127,1,25,395,5695
28128,0,0,0,4366
28129,0,1,418,3089
2813,0,1,1,8
28130,0,0,0,163
28131,0,0,1304,7028
28132,0,0,0,277
28133,0,0,1305,7029
28134,0,1,418,4367
28135,0,1,934,4368
28136,0,1,13,1742
28137,0,1,42,834
28138,0,0,935,4369
28139,0,1,619,2043
2814,0,1,18,6079
28140,0,1,936,4370
28141,0,1,385,4371
28142,0,1,423,7030
28143,0,1,125,1079
28144,0,1,418,7031
28145,0,0,0,417
28146,0,0,0,5696
28147,0,10,30,151
28148,0,1,125,4372
28149,0,1,619,2043
2815,0,1,408,6080
28150,0,1,35,42
28151,0,1,58,418
28152,0,1,58,418
28153,0,1,258,7032
28154,48,206,1103,3090
28155,0,1,42,3091
28156,0,0,1306,7033
28157,0,1,58,418
28158,0,1,20,4373
28159,0,1,1528,5697
2816,0,1,1,45
28160,1,2,2,4374
28161,0,0,1307,7034
28162,5,26,937,4375
28163,0,0,45,5698
28164,0,0,40,7035
28165,0,1,14,5699
28166,0,0,0,375
28167,0,0,0,417
28168,0,0,0,5700
28169,42,130,1529,5701
2817,0,1,1,4724
28170,42,130,1530,5702
28171,0,1,13,7036
28172,0,1,1308,7037
28173,5,26,1309,7038
28174,0,0,74,118
28175,0,183,938,4376
28176,0,0,0,2253
28177,0,0,17,4377
28178,1,2,2,3092
28179,4,18,198,5703
2818,0,1,1,8
28180,0,0,0,342
28181,0,0,38,4378
28182,0,1,12,5704
28183,0,1,12,898
28184,0,1,233,2254
28185,0,1,620,5705
28186,0,1,20,5706
28187,0,1,135,5707
28188,0,1,397,1426
28189,0,1,56,1743
2819,0,1,1,44
28190,0,0,0,342
28191,0,1,12,5708
28192,0,1,56,1743
28193,0,0,1531,5709
28194,1,2,2,889
28195,0,0,0,277
28196,0,1,13,5710
28197,4,31,129,179
28198,0,0,0,238
28199,0,1,14,1750
282,1,2,53,53
2820,0,1,1,44
28200,0,1,13,3093
28201,0,1,42,130
28202,0,1,12,7039
28203,5,26,1532,5711
28204,0,0,0,187
28205,0,1,233,7040
28206,0,1,233,7041
28207,5,26,421,4379
28208,0,1,13,470
28209,0,1,150,334
2821,0,1,1,44
28210,1,2,3,33
28211,0,1,13,470
28212,1,2,2,281
28213,0,1,12,2029
28214,0,55,321,7042
28215,0,1,456,1224
28216,0,1,1,8
28217,0,1,432,970
28218,0,0,0,12
28219,0,1,12,5712
2822,0,1,1,8
28220,0,55,343,5713
28221,0,55,321,5714
28222,0,1,1,1334
28223,0,1,12,1513
28224,0,1,200,1036
28225,0,1,83,7043
28226,0,1,42,1916
28227,0,1,83,148
28228,0,1,42,122
28229,1,2,2,219
2823,0,1,4,781
28230,0,1,939,4380
28231,0,1,42,122
28232,0,1,524,7044
28233,0,0,374,4381
28234,0,0,720,3094
28235,0,0,720,4382
28236,1,2,2,219
28237,0,1,83,4383
28238,0,1,12,7045
28239,0,1,12,622
2824,0,1,1,38
28240,0,1,18,152
28241,0,1,83,3095
28242,0,1,42,122
28243,3,4,368,1181
28244,3,4,368,1181
28245,3,4,368,1181
28246,0,0,396,5715
28247,0,0,682,7046
28248,0,0,396,5716
28249,0,0,682,3096
2825,0,1,1,18
28250,0,87,940,4384
28251,0,1,1310,7047
28252,0,0,1104,3097
28253,0,63,244,1292
28254,0,0,231,5717
28255,0,1,12,4385
28256,0,1,86,7048
28257,0,1,86,7049
28258,0,10,30,175
28259,0,10,30,175
2826,0,1,1,38
28260,0,10,30,175
28261,0,10,30,175
28262,0,10,30,175
28263,0,10,30,175
28264,0,10,30,175
28265,0,10,30,175
28266,0,1,941,4386
28267,0,10,30,175
28268,2,3,66,3098
28269,0,30,1105,3099
2827,0,1,1,8
28270,0,10,30,175
28271,0,1,56,313
28272,0,1,56,7050
28273,0,1,683,7051
28274,0,1,942,4387
28275,0,1,397,5718
28276,1,2,2,1753
28277,0,1,721,4388
28278,0,1,721,3100
28279,0,10,30,175
2828,0,1,1,18
28280,0,10,30,175
28281,0,10,30,175
28282,0,22,88,7052
28283,0,1,163,3101
28284,0,1,684,1744
28285,0,1,683,7053
28286,0,1,684,1744
28287,0,22,88,7054
28288,0,10,30,175
28289,0,1,489,5719
2829,0,1,1,8
28290,0,207,1106,3102
28291,0,1,417,7055
28292,0,1,265,5720
28293,0,0,28,7056
28294,0,1,12,1745
28295,0,0,1533,5721
28296,0,233,1311,7057
28297,0,1,196,3103
28298,0,1,12,1182
28299,0,0,74,118
283,0,1,14,50
2830,0,1,1,18
28300,5,208,1107,3104
28301,5,26,421,3105
28302,0,11,140,890
28303,0,11,140,890
28304,0,11,140,890
28305,0,11,84,3106
28306,9,24,75,764
28307,0,11,241,4389
28308,0,0,0,187
28309,0,11,140,3107
2831,0,1,1,38
28310,0,11,140,890
28311,0,1,233,5722
28312,0,11,241,7058
28313,9,42,237,3108
28314,0,0,15,7059
28315,0,11,1108,3109
28316,9,42,237,4390
28317,0,11,241,7060
28318,9,42,237,7061
28319,0,11,84,974
2832,0,8,238,581
28320,9,24,75,764
28321,0,11,241,892
28322,9,42,237,891
28323,0,0,0,187
28324,0,11,649,7062
28325,0,11,241,892
28326,9,42,237,891
28327,0,11,241,892
28328,9,42,237,891
28329,0,1,189,959
2833,0,1,21,24
28330,0,0,0,187
28331,0,0,0,187
28332,0,11,241,892
28333,9,42,237,891
28334,0,0,15,7063
28335,0,0,0,187
28336,0,1,189,959
28337,0,11,84,339
28338,9,24,75,507
28339,0,11,84,4391
2834,0,1,1,18
28340,9,24,75,473
28341,0,11,84,1183
28342,0,11,84,339
28343,9,24,75,473
28344,0,11,84,339
28345,9,24,75,473
28346,0,11,84,1183
28347,0,11,84,339
28348,9,24,75,473
28349,0,11,84,1183
2835,0,1,1,8
28350,9,24,75,473
28351,0,1,189,3110
28352,0,11,84,7064
28353,9,24,75,764
28354,0,1,189,3111
28355,0,11,84,339
28356,9,24,75,473
28357,0,0,0,187
28358,0,11,84,974
28359,9,24,75,764
2836,1,19,87,363
28360,5,234,1312,7065
28361,0,11,84,339
28362,9,24,75,473
28363,32,101,490,1184
28364,0,1,189,1746
28365,32,101,490,1184
28366,32,101,490,1184
28367,0,1,189,1746
28368,0,11,84,974
28369,9,24,75,764
2837,0,58,216,362
28370,0,1,12,474
28371,0,1,12,474
28372,0,0,60,7066
28373,0,1,12,1705
28374,0,1,12,7067
28375,0,0,81,603
28376,0,0,81,603
28377,0,11,84,974
28378,0,0,81,603
28379,0,1,12,3112
2838,1,19,87,363
28380,0,0,81,603
28381,0,1,12,5723
28382,0,1,1313,7068
28383,0,0,81,413
28384,0,1,12,918
28385,0,1,1109,3113
28386,0,1,12,195
28387,0,1,12,931
28388,0,1,12,854
28389,0,0,59,5724
2839,0,58,216,362
28390,0,0,81,1370
28391,0,0,17,4392
28392,0,0,41,1747
28393,0,0,81,1983
28394,0,1,12,5725
28395,0,0,41,732
28396,0,0,41,523
28397,0,1,20,629
28398,0,0,59,64
28399,0,0,41,523
284,0,0,17,39
2840,0,0,0,1
28400,0,0,59,64
28401,0,0,41,523
28402,0,1,20,629
28403,0,0,41,732
28404,0,0,41,2255
28405,0,0,41,523
28406,0,0,41,732
28407,0,0,41,5726
28408,0,1,242,2044
28409,0,0,41,523
2841,0,58,216,362
28410,0,0,0,4393
28411,0,1,242,5727
28412,0,1,242,1748
28413,0,0,17,1217
28414,0,0,41,2255
28415,0,1,20,4394
28416,0,0,41,732
28417,0,0,41,7069
28418,0,0,59,64
28419,0,0,41,523
2842,0,0,0,1
28420,0,0,41,523
28421,0,0,41,732
28422,0,0,41,1749
28423,0,0,546,4395
28424,0,0,59,64
28425,0,0,0,1966
28426,0,0,41,1659
28427,0,0,0,630
28428,0,0,41,1749
28429,0,1,242,1748
2843,1,19,87,363
28430,0,1,242,3114
28431,0,0,41,4396
28432,0,0,0,3115
28433,0,1,12,1754
28434,0,0,17,278
28435,0,1,12,1185
28436,1,2,2,631
28437,0,1,12,733
28438,0,1,12,733
28439,0,1,12,733
2844,0,0,0,1
28440,0,0,41,5728
28441,0,0,234,2256
28442,0,0,234,2256
28443,1,2,2,5729
28444,0,1,14,1750
28445,8,235,1314,7070
28446,1,2,2,631
28447,0,0,17,278
28448,0,0,0,621
28449,1,2,2,281
2845,0,58,216,362
28450,0,0,943,4397
28451,1,2,2,281
28452,1,2,2,7071
28453,1,2,2,5730
28454,1,2,2,281
28455,0,1,385,5731
28456,0,1,12,7072
28457,1,2,2,3116
28458,0,1,12,7073
28459,0,1,89,4398
2846,1,19,87,363
28460,0,1,25,1186
28461,0,1,25,1186
28462,0,1,89,4399
28463,0,0,0,1
28464,2,3,90,2204
28465,0,0,0,128
28466,0,0,0,1751
28467,0,1,25,4400
28468,0,1,25,1752
28469,2,3,66,4401
2847,0,0,0,1
28470,0,1,232,1131
28471,0,1,25,1186
28472,0,1,25,4402
28473,0,1,264,3117
28474,0,1,1315,7074
28475,2,3,90,1392
28476,2,3,90,2045
28477,0,0,0,128
28478,0,1,25,1752
28479,0,1,25,1391
2848,0,58,216,362
28480,0,236,1316,7075
28481,0,0,398,7076
28482,80,237,1317,7077
28483,33,114,723,2257
28484,0,0,1534,5732
28485,0,0,0,1158
28486,0,7,26,22
28487,0,13,1535,5733
28488,0,0,171,4403
28489,0,7,26,22
2849,1,19,87,363
28490,0,13,1318,7078
28491,0,13,944,4404
28492,0,1,1110,3118
28493,0,7,26,22
28494,0,238,1319,7079
28495,0,7,26,22
28496,0,0,27,25
28497,0,68,431,4405
28498,0,0,398,7080
28499,0,0,398,5734
285,0,1,14,50
2850,0,0,0,1
28500,1,2,2,1753
28501,0,0,0,4406
28502,2,3,90,5735
28503,0,0,0,128
28504,0,0,0,128
28505,0,0,28,5736
28506,14,38,195,3119
28507,0,1,35,1570
28508,0,0,0,4407
28509,0,1,13,208
2851,0,58,216,362
28510,0,1,13,5737
28511,0,0,171,4408
28512,1,78,945,4409
28513,0,59,202,7081
28514,0,1,13,208
28515,0,1,13,208
28516,0,102,1536,5738
28517,0,1,13,208
28518,0,1,13,7082
28519,0,1,12,294
2852,0,0,0,0
28520,0,1,12,1754
28521,0,1,12,1185
28522,0,1,12,733
28523,0,1,265,5739
28524,0,0,0,326
28525,0,1,242,2044
28526,0,0,0,621
28527,0,0,40,7083
28528,1,2,2,5740
28529,0,1,12,4410
2853,1,2,7,7
28530,0,1,12,844
28531,0,1,25,159
28532,0,1,25,121
28533,0,1,1537,5741
28534,0,1,1320,7084
28535,0,1,190,7085
28536,0,0,946,4411
28537,5,46,210,2006
28538,0,0,1111,3120
28539,1,2,7,7
2854,0,0,0,2
28540,0,21,72,165
28541,1,2,2,4
28542,1,2,3,3
28543,0,0,0,0
28544,2,3,8,11
28545,0,0,0,0
28546,0,0,61,5742
28547,0,0,1112,3121
28548,2,3,90,888
28549,0,1,25,1312
2855,1,2,2,4
28550,0,0,0,2258
28551,2,3,90,1392
28552,0,0,0,128
28553,0,0,0,506
28554,0,1,25,954
28555,0,0,326,4412
28556,0,1,25,4413
28557,0,1,25,101
28558,0,1,25,101
28559,0,1,256,563
2856,0,0,0,0
28560,0,0,0,506
28561,0,1,20,3122
28562,0,1,1321,7086
28563,0,1,1,8
28564,0,0,0,4414
28565,0,6,36,7087
28566,0,1,1,5743
28567,0,1,135,5744
28568,0,0,46,227
28569,0,1,4,1120
2857,0,0,0,1
28570,0,1,1322,7088
28571,0,0,0,48
28572,0,0,0,4415
28573,0,0,0,103
28574,0,10,30,175
28575,0,10,30,175
28576,0,1,1,921
28577,1,2,2,7089
28578,1,2,2,1755
28579,0,0,0,109
2858,1,2,3,3
28580,0,0,675,4416
28581,0,1,14,85
28582,0,0,17,495
28583,0,1,399,5745
28584,0,1,25,5746
28585,0,1,25,121
28586,0,1,219,1251
28587,0,30,260,4417
28588,0,30,260,7090
28589,0,0,40,2046
2859,0,0,0,12
28590,0,1,14,90
28591,0,1,25,954
28592,0,0,38,259
28593,0,0,171,2047
28594,0,0,38,259
28595,2,3,90,888
28596,0,0,0,128
28597,0,1,25,568
28598,0,1,25,101
28599,0,1,1323,7091
286,0,0,52,52
2860,0,1,1,45
28600,0,1,20,2048
28601,0,0,0,7092
28602,0,1,20,2048
28603,0,11,947,4418
28604,0,11,177,7093
28605,9,42,227,459
28606,0,1,71,726
28607,0,1,20,3123
28608,0,1,20,1187
28609,0,1,20,5747
2861,0,1,51,359
28610,0,1,20,7094
28611,0,0,79,3124
28612,0,0,79,7095
28613,0,1,208,5748
28614,1,2,2,40
28615,0,0,79,524
28616,0,1,93,260
28617,0,0,79,4419
28618,0,0,79,3125
28619,0,142,685,4420
2862,0,1,1,65
28620,0,1,71,202
28621,62,274,1538,5749
28622,0,1,71,202
28623,0,0,948,4421
28624,0,0,15,7096
28625,0,1,71,202
28626,0,11,84,1388
28627,0,11,84,339
28628,0,1,71,202
28629,0,0,27,5750
2863,0,1,1152,6081
28630,0,0,1539,5751
28631,0,1,71,202
28632,0,142,685,7097
28633,0,1,1,845
28634,0,1,259,3126
28635,0,1,118,893
28636,0,1,142,425
28637,0,1,142,4422
28638,0,1,113,2002
28639,0,1,1,3127
2864,2,3,11,6082
28640,0,1,949,4423
28641,0,1,4,3128
28642,0,0,95,4424
28643,0,1,4,254
28644,0,0,424,894
28645,0,1,1,45
28646,0,1,4,347
28647,0,1,4,471
28648,0,1,1,65
28649,0,1,4,4425
2865,0,0,0,4725
28650,0,1,18,1188
28651,0,0,1540,5752
28652,0,11,1541,5753
28653,0,1,1113,3129
28654,0,1,18,895
28655,0,1,56,2049
28656,0,1,1,845
28657,0,1,714,4426
28658,0,1,29,51
28659,0,0,114,1990
2866,0,0,0,5
28660,0,0,0,1756
28661,0,1,1,5754
28662,0,0,462,1278
28663,0,1,18,380
28664,0,0,0,31
28665,0,1,18,4427
28666,0,1,722,3130
28667,0,1,4,1364
28668,0,103,491,5755
28669,0,1,18,1883
2867,0,0,0,5
28670,0,1,1,811
28671,0,0,0,883
28672,0,1,22,626
28673,0,1,1,45
28674,0,6,36,602
28675,0,1,1,18
28676,0,0,424,894
28677,0,6,36,602
28678,0,1,1,45
28679,0,1,1,1668
2868,0,0,0,37
28680,0,5,49,3131
28681,0,1,113,957
28682,0,1,1,45
28683,0,1,4,408
28684,0,1,18,1757
28685,0,1,29,4428
28686,0,0,0,7098
28687,0,1,673,3132
28688,0,0,19,812
28689,0,6,36,4429
2869,0,0,0,2
28690,0,1,1,18
28691,0,0,114,3133
28692,0,1,4,347
28693,0,6,36,2050
28694,0,1,1,3134
28695,0,1,1,8
28696,0,0,0,717
28697,0,1,1,2051
28698,0,1,1,96
28699,0,1,4,517
287,1,2,53,53
2870,1,2,2,23
28700,0,6,36,436
28701,0,0,0,31
28702,0,1,18,4430
28703,0,1,1,2259
28704,0,1,950,4431
28705,0,1,1,45
28706,0,1,18,1188
28707,0,1,4,254
28708,0,0,27,25
28709,0,1,4,254
2871,0,1,21,782
28710,0,1,1,45
28711,0,1,22,626
28712,0,0,1542,5756
28713,0,5,49,3135
28714,0,0,0,2253
28715,0,1,18,1757
28716,0,1,103,1987
28717,0,1,355,4432
28718,0,1,18,3136
28719,0,1,1,2259
2872,0,1,1,115
28720,0,1,29,7099
28721,0,0,46,448
28722,0,1,1,8
28723,0,1,1,5757
28724,0,68,951,4433
28725,0,1,22,1335
28726,0,1,29,51
28727,0,1,1,45
28728,0,0,0,4434
28729,0,1,1543,5758
2873,0,1,120,172
28730,0,1,952,4435
28731,0,1,113,5759
28732,0,0,108,2176
28733,0,239,1324,7100
28734,0,6,36,7101
28735,0,1,1,2260
28736,0,1,1,18
28737,0,1,22,4436
28738,0,1,1,45
28739,0,0,81,5760
2874,0,1,4,6083
28740,0,0,953,4437
28741,0,1,4,347
28742,0,0,81,839
28743,0,275,1544,5761
28744,0,1,1,192
28745,0,1,4,317
28746,0,0,422,7102
28747,0,1,29,1189
28748,0,1,22,2261
28749,0,1,1,5762
2875,0,1,103,178
28750,0,0,422,4438
28751,0,1,142,1758
28752,0,0,0,5763
28753,0,0,647,3137
28754,0,1,1545,5764
28755,0,1,22,3138
28756,0,1,1,96
28757,0,6,36,2262
28758,0,27,1546,5765
28759,0,1,113,3139
2876,2,3,5,67
28760,0,1,113,4439
28761,0,1,4,471
28762,0,1,1,845
28763,0,1,22,3140
28764,0,0,19,4440
28765,0,5,49,5766
28766,0,0,0,1248
28767,0,11,954,4441
28768,9,24,75,516
28769,0,1,1,2052
2877,1,2,3,33
28770,0,1,1,5767
28771,0,1,365,1882
28772,0,1,4,345
28773,0,1,1,65
28774,0,1,1,3141
28775,0,0,0,31
28776,0,5,49,4442
28777,0,1,113,957
28778,0,1,113,7103
28779,0,1,22,626
2878,0,0,0,2
28780,0,0,27,25
28781,0,1,1,45
28782,0,0,95,2268
28783,0,1,4,254
28784,0,6,36,602
28785,0,1,22,1321
28786,0,1,29,51
28787,0,0,422,7104
28788,0,1,4,347
28789,0,1,1547,5768
2879,1,2,7,7
28790,0,1,323,7105
28791,0,1,4,1382
28792,0,1,18,5769
28793,0,1,1,4443
28794,0,1,4,254
28795,0,5,212,768
28796,0,5,49,1803
28797,0,0,424,894
28798,0,1,4,760
28799,0,6,36,3142
288,3,4,10,502
2880,2,3,5,10
28800,0,1,29,51
28801,0,1,22,1335
28802,0,1,4,408
28803,0,1,1,45
28804,0,5,49,4444
28805,0,1,18,5770
28806,0,1,351,2263
28807,0,1,18,1759
28808,0,5,49,7106
28809,0,1,4,2053
2881,1,2,2,4
28810,0,5,49,4445
28811,0,1,4,2012
28812,0,5,49,2264
28813,0,1,528,1190
28814,0,1,1,2322
28815,0,1,18,838
28816,0,1,492,4446
28817,0,1,18,380
28818,0,1,528,1190
28819,0,5,49,2264
2882,0,0,0,0
28820,0,143,686,7107
28821,0,1,113,2265
28822,0,11,1548,5771
28823,9,24,75,516
28824,0,0,46,227
28825,0,1,142,1758
28826,0,1,22,2054
28827,0,1,366,4447
28828,0,1,492,3143
28829,0,1,18,380
2883,0,0,0,1
28830,0,1,1,3144
28831,0,1,1,1985
28832,0,1,113,4448
28833,8,29,94,3145
28834,63,276,1549,5772
28835,0,1,4,520
28836,0,1,1,45
28837,0,1,4,254
28838,0,1,18,5773
28839,0,0,0,4449
2884,0,1,13,164
28840,0,1,29,51
28841,0,1,4,347
28842,0,0,0,7108
28843,0,1,4,569
28844,0,1,29,1189
28845,0,1,113,2184
28846,0,1,18,3146
28847,0,1,29,51
28848,0,1,4,347
28849,0,1,4,3147
2885,0,1,13,164
28850,0,1,18,1191
28851,0,1,4,935
28852,0,6,36,3148
28853,0,1,1,45
28854,0,1,1,4450
28855,0,1,1,1390
28856,0,1,1,192
28857,0,1,672,3149
28858,0,1,51,874
28859,0,1,4,2319
2886,0,0,0,1
28860,0,126,595,7109
28861,0,1,18,1191
28862,0,1,4,520
28863,0,6,36,602
28864,0,1,4,3150
28865,0,1,22,2261
28866,0,5,49,4451
28867,0,1,4,5774
28868,0,6,36,5775
28869,0,1,12,1152
2887,0,0,0,1
28870,0,0,0,128
28871,0,1,328,1376
28872,0,1,4,517
28873,0,1,4,317
28874,0,1,118,893
28875,0,1,18,895
28876,0,1,18,5776
28877,0,1,1,3151
28878,0,1,4,471
28879,0,1,18,838
2888,0,0,0,1
28880,0,1,1,2322
28881,0,1,18,380
28882,0,0,0,717
28883,0,1,1,18
28884,0,1,4,1552
28885,0,1,1,1760
28886,0,0,19,2266
28887,0,0,0,2
28888,0,0,0,5
28889,0,0,0,1
2889,0,0,0,1
28890,1,2,2,34
28891,0,1,71,428
28892,0,1,1,18
28893,0,1,1,8
28894,0,1,37,158
28895,0,1,12,474
28896,0,6,36,1678
28897,0,1,492,5777
28898,0,1,4,408
28899,0,0,0,2003
289,0,1,14,50
2890,0,0,0,1
28900,0,1,4,78
28901,37,240,1325,7110
28902,0,11,1114,3152
28903,9,24,75,4452
28904,0,1,217,716
28905,0,1,427,4453
28906,0,1,427,3153
28907,0,1,51,1336
28908,0,1,306,2304
28909,0,0,0,731
2891,0,0,0,1
28910,0,1,12,3154
28911,37,184,955,4454
28912,0,1,12,7111
28913,0,1,657,3155
28914,0,1,25,7112
28915,0,1,25,159
28916,0,0,0,2
28917,0,0,0,5
28918,0,1,670,7113
28919,0,1,12,137
2892,0,0,0,9
28920,0,1,25,159
28921,0,1,25,596
28922,0,0,0,2
28923,0,0,0,5
28924,0,0,956,4455
28925,0,22,88,5778
28926,0,1,97,3156
28927,0,1,71,202
28928,0,0,0,0
28929,0,1,71,202
2893,0,1,1,20
28930,2,3,8,11
28931,0,0,0,0
28932,0,0,0,0
28933,2,3,5,15
28934,0,1,12,672
28935,0,10,30,151
28936,1,2,3,3
28937,1,2,2,4
28938,2,3,5,134
28939,0,0,0,0
2894,0,1,21,24
28940,1,2,7,7
28941,2,3,11,14
28942,2,3,50,3157
28943,0,0,0,12
28944,0,0,0,291
28945,1,2,3,33
28946,2,3,143,5779
28947,2,3,1115,3158
28948,0,0,0,2
28949,0,0,0,1
2895,1,2,2,17
28950,1,2,7,7
28951,1,2,3,19
28952,1,2,2,4
28953,2,3,8,11
28954,2,3,5,10
28955,0,0,0,0
28956,1,2,3,3
28957,2,3,11,80
28958,2,3,8,285
28959,0,1,89,2085
2896,0,1,1,8
28960,0,0,0,291
28961,0,0,0,12
28962,2,3,44,2055
28963,1,2,7,7
28964,1,2,2,4
28965,0,0,0,0
28966,0,0,0,1
28967,0,0,0,1
28968,1,2,7,7
28969,2,3,31,36
2897,0,1,21,24
28970,0,0,0,1
28971,1,2,2,4
28972,2,3,8,79
28973,0,0,0,1
28974,2,3,11,14
28975,0,0,0,12
28976,2,3,5,15
28977,0,0,0,12
28978,1,2,3,3
28979,2,3,44,2055
2898,0,1,1,8
28980,2,3,31,1212
28981,3,4,10,5780
28982,2,3,11,808
28983,1,2,7,7
28984,0,0,0,0
28985,2,3,8,11
28986,0,0,0,1
28987,2,3,5,15
28988,0,1,13,3159
28989,2,3,11,14
2899,0,1,1,402
28990,2,3,11,808
28991,0,0,0,7114
28992,2,3,5,41
28993,2,3,5,15
28994,2,3,44,59
28995,0,0,0,12
28996,0,0,0,0
28997,1,2,2,4
28998,0,0,0,1
28999,0,0,0,2
29,3,4,183,537
290,6,14,122,263
2900,0,1,1,115
29000,2,3,8,11
29001,1,2,2,4
29002,0,0,0,0
29003,1,2,3,3
29004,1,2,7,7
29005,0,21,72,165
29006,0,0,0,0
29007,2,3,5,41
29008,1,2,7,7
29009,0,0,15,27
2901,0,1,1,8
29010,1,2,2,4
29011,0,0,0,1
29012,1,2,3,222
29013,0,0,0,154
29014,0,0,0,1
29015,0,0,0,0
29016,1,2,3,3
29017,2,3,5,10
29018,1,2,3,33
29019,1,12,43,678
2902,0,0,47,73
29020,0,0,0,1
29021,0,0,0,2
29022,0,0,0,0
29023,0,0,0,0
29024,0,0,0,12
29025,2,3,8,11
29026,0,0,0,88
29027,0,1,1,18
29028,0,1,1,343
29029,0,1,18,5781
2903,0,1,21,111
29030,0,1,1,8
29031,0,1,13,1835
29032,0,5,23,323
29033,0,1,4,43
29034,4,18,172,5782
29035,0,0,6,6
29036,0,1,33,4456
29037,0,1,1,18
29038,0,0,0,2
29039,0,0,0,9
2904,0,1,13,164
29040,0,1,1,8
29041,0,8,32,32
29042,2,3,5,67
29043,0,1,58,2056
29044,2,3,5,15
29045,0,0,0,12
29046,2,3,8,7115
29047,2,3,1326,7116
29048,15,44,149,3160
29049,0,86,1550,5783
2905,0,0,0,2
29050,0,1,1,5784
29051,4,31,1116,3161
29052,2,3,8,582
29053,1,2,3,33
29054,2,3,50,319
29055,1,39,273,5785
29056,1,277,1551,5786
29057,0,1,22,5787
29058,0,1,1552,5788
29059,0,1,102,184
2906,0,0,0,12
29060,0,1,51,136
29061,0,0,0,108
29062,0,0,204,1192
29063,0,0,0,5
29064,0,0,0,2
29065,0,0,0,1
29066,0,1,64,1761
29067,0,0,218,1306
29068,0,0,0,75
29069,0,1,13,7117
2907,1,2,2,4
29070,0,0,27,25
29071,0,68,431,2267
29072,0,1,256,563
29073,0,1,1,110
29074,4,18,153,336
29075,0,0,52,52
29076,1,2,53,53
29077,0,1,13,498
29078,1,2,2,23
29079,2,3,132,664
2908,1,2,3,3
29080,0,1,64,1761
29081,0,1,1,2079
29082,0,1,13,7118
29083,0,1,1,18
29084,0,1,1,110
29085,1,2,3,63
29086,0,1,1,8
29087,2,3,11,14
29088,0,0,0,0
29089,1,2,7,7
2909,0,0,0,0
29090,1,12,43,3162
29091,2,3,5,7119
29092,0,0,0,1
29093,2,3,5,5789
29094,0,0,0,2
29095,0,6,493,5790
29096,0,1,22,1762
29097,0,0,0,1
29098,0,0,0,1
29099,0,1,1,5791
291,0,0,0,0
2910,2,3,11,14
29100,1,2,2,4
29101,0,0,0,0
29102,1,2,3,3
29103,1,2,7,7
29104,2,3,5,15
29105,13,37,107,3163
29106,0,0,0,0
29107,1,2,2,4
29108,0,1,14,411
29109,0,0,17,278
2911,0,0,0,472
29110,0,0,38,5792
29111,0,1,1553,5793
29112,0,1,25,460
29113,0,1,25,7120
29114,0,1,12,1698
29115,0,21,72,165
29116,0,0,6,6
29117,0,0,15,444
29118,0,1,148,4457
29119,0,0,157,1763
2912,0,0,0,472
29120,17,60,206,367
29121,0,0,15,653
29122,0,0,27,25
29123,1,2,2,126
29124,0,1,18,895
29125,0,1,51,874
29126,0,1,118,893
29127,0,0,47,73
29128,0,1,22,372
29129,0,1,1,8
2913,2,3,251,1845
29130,0,1,4,57
29131,0,1,33,5794
29132,0,0,0,522
29133,0,1,488,7121
29134,0,1,12,137
29135,0,0,0,923
29136,0,0,16,16
29137,1,2,9,13
29138,0,11,84,1114
29139,0,0,0,3164
2914,0,0,0,75
29140,64,278,1554,5795
29141,0,1,12,4458
29142,81,241,1327,7122
29143,0,11,177,5796
29144,9,42,227,4459
29145,0,0,0,1
29146,0,1,71,726
29147,0,1,12,386
29148,0,1,12,5797
29149,0,1,12,7123
2915,0,0,0,2
29150,0,1,417,3165
29151,0,11,84,1764
29152,0,1,265,5798
29153,0,1,489,7124
29154,0,0,424,894
29155,0,0,95,7125
29156,0,1,1,7126
29157,0,1,1,7127
29158,0,1,22,286
29159,0,1,4,906
2916,0,0,0,1
29160,0,1,4,2016
29161,0,1,4,2181
29162,0,1,22,286
29163,0,1,1,816
29164,0,1,1,45
29165,0,1,4,254
29166,0,0,95,2268
29167,0,1,4,4460
29168,0,0,1328,7128
29169,0,0,0,3166
2917,0,1,63,922
29170,0,1,4,7129
29171,0,1,4,2228
29172,0,1,1,7130
29173,0,1,1,816
29174,0,0,0,1337
29175,0,1,1,2058
29176,0,1,1,104
29177,0,1,4,7131
29178,0,0,38,896
29179,0,1,1,4461
2918,0,1,1,20
29180,0,1,4,1120
29181,0,242,1329,7132
29182,0,1,1,2057
29183,0,27,957,4462
29184,0,27,226,419
29185,0,1,22,286
29186,0,1,1,5799
29187,0,1,22,7133
29188,0,1,1,2058
29189,0,1,4,4463
2919,0,6,73,741
29190,0,1,4,5800
29191,0,0,0,7134
29192,0,1,1,7135
29193,0,1,22,4464
29194,0,0,38,2269
29195,0,0,38,896
29196,0,0,0,1765
29197,0,0,38,1269
29198,0,6,958,4465
29199,0,6,1330,7136
292,1,2,3,3
2920,1,25,313,4726
29200,0,27,1331,7137
29201,0,27,353,4466
29202,0,27,278,5801
29203,0,27,494,4467
29204,0,27,494,5802
29205,0,1,4,551
29206,0,1,4,3167
29207,0,0,0,1337
29208,0,1,4,217
29209,0,1,1,8
2921,0,0,0,75
29210,0,1,1,1520
29211,0,0,0,7138
29212,0,144,1332,7139
29213,0,1,1,322
29214,0,27,226,419
29215,0,27,278,1338
29216,0,6,36,897
29217,0,0,95,7140
29218,0,1,124,5803
29219,0,243,1333,7141
2922,1,2,7,7
29220,0,27,226,419
29221,0,1,4,217
29222,0,1,1,2270
29223,0,1,4,287
29224,0,1,4,30
29225,0,1,1,5804
29226,0,1,4,217
29227,0,1,4,30
29228,0,1,1,74
29229,0,1,1,929
2923,0,1,1,8
29230,0,1,4,580
29231,0,1,1,4468
29232,0,1,4,1193
29233,0,1,1,7142
29234,0,1,22,286
29235,0,0,95,1504
29236,0,6,36,897
29237,0,1,4,269
29238,3,45,1117,3168
29239,3,45,194,4469
2924,1,2,2,4
29240,3,45,194,5805
29241,3,4,695,2271
29242,0,0,0,306
29243,0,1,1,2035
29244,0,27,959,4470
29245,0,1,4,3169
29246,3,279,1555,5806
29247,0,6,36,5807
29248,3,280,1556,5808
29249,0,27,960,4471
2925,0,0,0,1
29250,12,244,1334,7143
29251,0,1,1,74
29252,0,1,4,30
29253,0,1,4,62
29254,0,0,0,307
29255,0,1,4,217
29256,0,1,1,7144
29257,0,1,4,30
29258,0,1,4,580
29259,0,1,22,1146
2926,0,1,18,547
29260,0,1,1,74
29261,0,1,4,580
29262,0,1,4,269
29263,0,1,4,403
29264,0,1,1,2270
29265,0,1,4,907
29266,0,0,0,7145
29267,0,1,1,929
29268,0,1,4,30
29269,0,1,1,7146
2927,0,0,104,171
29270,0,1,4,2059
29271,0,6,36,1227
29272,0,0,0,306
29273,0,1,1,329
29274,0,1,22,286
29275,0,6,36,897
29276,0,27,278,1338
29277,0,6,36,229
29278,0,1,4,162
29279,0,1,1,104
2928,0,0,0,2
29280,0,1,4,217
29281,0,1,4,269
29282,0,1,4,30
29283,0,1,1,74
29284,0,1,1,180
29285,0,6,36,7147
29286,0,1,4,30
29287,0,1,1,929
29288,0,1,4,217
29289,0,1,1,765
2929,0,0,0,5
29290,0,1,4,2059
29291,0,0,0,2060
29292,0,1,4,30
29293,0,1,4,269
29294,0,1,4,30
29295,0,1,1,74
29296,0,1,4,217
29297,0,1,1,765
29298,0,1,4,62
29299,0,0,0,2060
293,2,3,131,190
2930,0,0,104,171
29300,0,0,95,5809
29301,0,27,226,419
29302,0,27,535,1225
29303,0,1,4,1193
29304,0,1,1,74
29305,0,1,4,30
29306,0,0,0,306
29307,0,1,4,30
29308,0,1,4,580
29309,0,1,4,7148
2931,1,25,186,646
29310,0,1,4,30
29311,0,0,0,1765
29312,0,0,38,1269
29313,0,0,38,896
29314,0,0,38,2269
29315,0,1,29,949
29316,0,5,49,3170
29317,0,1,4,30
29318,0,0,38,896
29319,0,11,140,4472
2932,0,1,1,18
29320,0,1,1,8
29321,0,0,0,9
29322,0,8,238,1354
29323,0,1,12,5810
29324,0,0,19,4473
29325,0,0,19,1194
29326,0,0,19,1194
29327,0,0,19,1194
29328,0,1,1,7149
29329,0,1,4,366
2933,0,0,0,2
29330,0,1,4,4474
29331,0,0,0,846
29332,0,0,0,2061
29333,0,1,4,1018
29334,1,2,2,424
29335,0,1,1,3171
29336,0,1,4,317
29337,0,0,19,7150
29338,0,1,1,7151
29339,0,9,1557,5811
2934,0,0,104,171
29340,0,1,4,4475
29341,0,0,95,5812
29342,0,6,160,390
29343,0,0,0,452
29344,0,0,19,5813
29345,0,0,19,555
29346,0,0,19,1253
29347,0,1,1,4476
29348,0,27,353,1732
29349,0,0,0,2
2935,0,0,0,488
29350,0,0,0,75
29351,1,2,3,63
29352,0,1,13,4477
29353,0,1,124,725
29354,0,1,14,145
29355,0,27,353,4478
29356,0,1,4,3172
29357,0,0,0,1
29358,0,1,20,376
29359,0,0,1335,7152
2936,0,0,0,2
29360,0,1,256,1738
29361,0,0,45,1729
29362,0,11,263,4479
29363,9,24,75,1330
29364,0,1,83,4480
29365,0,11,1558,5814
29366,9,24,75,7153
29367,0,1,344,5815
29368,5,46,210,3173
29369,0,1,342,884
2937,0,0,0,5
29370,0,11,263,1716
29371,9,24,75,4481
29372,0,1,961,4482
29373,0,0,28,5816
29374,0,0,0,5
29375,2,3,34,35
29376,1,2,2,281
29377,0,0,17,4483
29378,0,0,0,1158
29379,1,2,2,281
2938,1,2,2,23
29380,0,0,38,259
29381,0,0,17,278
29382,82,245,1336,7154
29383,1,2,2,281
29384,0,1,402,4484
29385,1,2,2,456
29386,0,1,13,5817
29387,0,0,40,4485
29388,0,0,81,2062
29389,1,2,2,4486
2939,0,1,1,65
29390,1,2,2,281
29391,1,12,420,2140
29392,40,118,559,1871
29393,0,0,40,5818
29394,0,0,17,278
29395,0,1,12,898
29396,1,2,2,1500
29397,1,2,2,631
29398,0,0,0,187
29399,0,0,38,7155
294,6,14,98,157
2940,0,1,1370,4727
29400,0,0,123,4487
29401,0,0,0,128
29402,0,0,17,7156
29403,0,0,0,4488
29404,0,11,263,3174
29405,9,24,75,5819
29406,0,1,342,884
29407,0,0,38,259
29408,0,0,0,187
29409,0,0,0,2258
2941,0,0,0,5
29410,0,1,25,224
29411,0,1,12,167
29412,0,1,264,1331
29413,0,1,474,1311
29414,0,0,0,941
29415,0,0,0,326
29416,0,1,1,8
29417,0,1,1,18
29418,0,0,19,5820
29419,0,0,19,4489
2942,0,0,0,31
29420,0,0,19,1766
29421,0,0,19,2272
29422,0,0,19,7157
29423,0,0,19,2272
29424,0,0,60,5821
29425,0,0,81,1851
29426,0,1,1,38
29427,0,0,19,1195
29428,0,0,19,1195
29429,0,281,1559,5822
2943,1,2,2,68
29430,0,1,4,721
29431,0,27,353,3175
29432,0,0,0,2031
29433,0,1,64,7158
29434,0,0,962,4490
29435,0,0,0,3176
29436,0,0,1118,3177
29437,0,1,190,4491
29438,0,1,190,1704
29439,0,0,79,1767
2944,0,1,1,6084
29440,0,0,1119,3178
29441,0,0,963,4492
29442,0,0,19,7159
29443,0,0,38,4493
29444,0,0,19,1768
29445,0,1,1560,5823
29446,0,0,79,1767
29447,0,0,1120,3179
29448,0,1,64,7160
29449,3,4,621,5824
2945,0,0,0,31
29450,0,1,150,334
29451,0,0,19,1393
29452,0,0,46,227
29453,0,0,46,2273
29454,0,0,46,2273
29455,0,0,19,1393
29456,0,0,46,227
29457,0,1,529,7161
29458,31,84,362,5825
29459,3,4,621,3180
2946,0,1,118,6085
29460,0,1,71,428
29461,0,0,19,1393
29462,0,0,19,1768
29463,0,0,38,259
29464,0,10,30,7162
29465,0,22,88,3181
29466,0,209,1121,3182
29467,1,2,69,5826
29468,0,0,291,4494
29469,0,0,17,278
2947,0,0,40,4728
29470,0,0,326,1769
29471,0,10,30,105
29472,0,10,30,1770
29473,0,1,14,2063
29474,0,1,1122,3183
29475,0,1,4,385
29476,0,1,4,686
29477,0,0,81,413
29478,0,0,1337,7163
29479,0,1,232,1771
2948,0,1,1,20
29480,0,1,25,1097
29481,0,1,91,7164
29482,0,1,4,30
29483,0,1,1,74
29484,0,1,4,385
29485,1,2,2,4495
29486,2,3,66,1568
29487,0,1,189,4496
29488,0,1,196,4497
29489,0,1,4,3184
2949,0,1,4,43
29490,0,22,88,7165
29491,5,26,540,3185
29492,0,0,46,227
29493,0,1,14,2063
29494,1,2,2,7166
29495,0,1,13,536
29496,73,185,964,4498
29497,0,1,14,4499
29498,0,1,22,286
29499,0,1,1,1773
295,6,14,98,157
2950,0,1,14,90
29500,0,16,68,82
29501,0,9,65,1339
29502,0,9,54,54
29503,0,1,1,1772
29504,0,1,965,4500
29505,0,0,257,756
29506,0,1,1123,3186
29507,0,1,124,899
29508,0,1,1,2323
29509,0,1,4,755
2951,0,1,354,2116
29510,0,1,4,62
29511,0,27,393,958
29512,0,1,1,1773
29513,0,6,36,2289
29514,0,1,1,1925
29515,0,1,4,1193
29516,0,1,4,1400
29517,0,1,4,81
29518,0,1,489,5827
29519,0,1,1,5828
2952,0,0,419,866
29520,0,1,12,167
29521,1,25,283,2274
29522,0,0,41,5829
29523,0,0,0,1774
29524,0,0,0,1774
29525,0,0,59,64
29526,0,1,966,4501
29527,0,1,1338,7167
29528,0,1,4,7168
29529,0,1,1124,3187
2953,1,2,2,706
29530,0,1,12,167
29531,0,0,41,666
29532,0,1,282,7169
29533,0,0,17,3188
29534,0,1,12,3189
29535,0,1,196,1394
29536,0,1,97,1196
29537,0,1,56,313
29538,0,6,307,1775
29539,0,6,307,1775
2954,0,0,27,25
29540,3,4,249,1369
29541,0,1,394,7170
29542,43,131,631,3190
29543,65,282,1561,5830
29544,0,1,12,4502
29545,0,0,0,128
29546,2,3,90,1392
29547,0,0,0,128
29548,0,0,19,55
29549,0,1,4,1351
2955,0,0,15,328
29550,0,1,64,4503
29551,0,1,252,7171
29552,14,38,195,3191
29553,0,0,17,4504
29554,0,1,14,700
29555,0,0,59,64
29556,0,0,0,590
29557,0,0,40,5831
29558,0,17,76,7172
29559,0,0,0,163
2956,1,2,2,240
29560,0,1,344,7173
29561,74,186,967,4505
29562,0,1,42,122
29563,0,1,13,7174
29564,0,0,28,3192
29565,1,2,3,33
29566,2,3,8,3193
29567,0,187,968,4506
29568,0,0,0,1
29569,0,1,1125,3194
2957,0,1,305,1565
29570,0,0,660,4507
29571,0,1,13,536
29572,0,1,558,3195
29573,0,1,344,7175
29574,1,25,1126,3196
29575,0,1,13,3197
29576,2,3,969,4508
29577,0,1,659,7176
29578,0,0,28,7177
29579,1,2,2,40
2958,0,1,12,195
29580,1,2,1127,3198
29581,0,1,13,681
29582,1,2,3,3199
29583,0,0,0,5832
29584,1,2,3,3
29585,2,3,8,11
29586,0,0,0,5833
29587,2,3,5,10
29588,0,0,0,0
29589,0,0,0,7178
2959,0,0,0,103
29590,11,28,80,97
29591,2,3,5,41
29592,0,1,12,294
29593,1,2,2,900
29594,0,1,13,558
29595,0,1,20,1197
29596,0,1,1339,7179
29597,0,1,232,1569
29598,0,0,0,883
29599,0,1,12,1185
296,6,14,98,157
2960,1,2,3,92
29600,0,21,72,165
29601,0,11,168,525
29602,0,11,168,525
29603,0,11,168,525
29604,0,11,168,525
29605,0,11,168,525
29606,0,11,168,525
29607,0,1,25,101
29608,0,11,168,525
29609,0,1,413,1735
2961,0,5,23,143
29610,0,10,1128,3200
29611,0,0,0,941
29612,0,0,0,506
29613,0,1,1,1906
29614,0,1,25,2275
29615,2,3,8,5834
29616,0,11,584,7180
29617,9,24,75,2199
29618,0,1,259,718
29619,0,1,12,5835
2962,0,1,24,251
29620,0,1,1,96
29621,0,1,1,4509
29622,0,1,4,5836
29623,0,1,51,1210
29624,0,1,345,5837
29625,0,1,12,3201
29626,1,2,2,23
29627,0,0,0,5
29628,0,0,180,415
29629,0,1,12,7181
2963,0,0,0,103
29630,0,0,0,5
29631,0,1,56,313
29632,1,2,9,13
29633,1,2,9,13
29634,0,1,970,4510
29635,0,0,15,5838
29636,0,1,12,2064
29637,0,1,25,121
29638,0,0,27,25
29639,0,0,15,328
2964,0,1,4,199
29640,1,2,2,240
29641,0,0,0,93
29642,13,37,107,198
29643,0,1,1,8
29644,0,1,1,8
29645,0,0,0,48
29646,0,1,1,115
29647,0,0,0,170
29648,0,1,182,486
29649,0,0,0,1
2965,0,0,0,56
29650,1,2,3,91
29651,0,0,28,119
29652,0,0,0,98
29653,1,2,2,34
29654,0,1,29,149
29655,4,18,198,4511
29656,0,1,1562,5839
29657,1,2,9,5840
29658,0,0,0,5
29659,0,0,16,16
2966,0,0,0,31
29660,0,0,16,16
29661,0,1,1,1172
29662,0,0,0,5
29663,0,1,1,8
29664,0,1,4,49
29665,0,6,73,5841
29666,0,1,37,2276
29667,0,1,24,196
29668,0,1,1,1776
29669,0,1,1,18
2967,0,0,0,31
29670,1,2,2,68
29671,1,2,2,34
29672,0,0,0,56
29673,0,0,0,0
29674,0,0,0,901
29675,0,0,0,4512
29676,0,0,622,2065
29677,1,2,2,219
29678,0,0,622,2065
29679,0,0,0,7182
2968,0,0,0,72
29680,0,1,42,1340
29681,0,1,13,498
29682,0,0,79,7183
29683,2,3,8,3202
29684,2,3,8,599
29685,0,0,0,95
29686,2,3,34,35
29687,0,0,16,16
29688,0,0,0,95
29689,2,3,34,35
2969,0,1,452,3388
29690,0,0,45,71
29691,0,0,17,39
29692,0,0,52,52
29693,1,2,53,53
29694,0,0,41,106
29695,0,1,14,90
29696,0,1,1,8
29697,0,1,1,38
29698,0,0,74,118
29699,0,0,0,21
297,6,14,98,3316
2970,1,2,2,68
29700,1,2,9,46
29701,0,0,0,21
29702,1,2,9,46
29703,0,0,0,21
29704,0,0,0,21
29705,1,2,9,46
29706,0,1,1,45
29707,0,0,0,1
29708,0,0,0,100
29709,0,0,16,16
2971,4,20,70,76
29710,0,0,0,21
29711,1,2,9,46
29712,0,0,74,118
29713,3,45,300,5842
29714,0,9,270,872
29715,0,64,292,643
29716,0,0,133,609
29717,0,43,162,565
29718,0,9,65,289
29719,0,16,68,82
2972,0,0,0,2
29720,0,1,1,45
29721,1,2,9,606
29722,0,0,0,5
29723,7,15,48,265
29724,0,0,16,16
29725,0,0,16,16
29726,3,4,10,205
29727,0,0,0,5
29728,0,1,139,298
29729,0,0,16,16
2973,0,0,0,1
29730,1,2,2,23
29731,0,0,0,5
29732,0,1,1,45
29733,1,2,3,3
29734,2,3,31,36
29735,2,3,5,10
29736,2,3,8,11
29737,0,0,0,0
29738,0,0,0,21
29739,0,1,22,3203
2974,0,0,0,75
29740,0,0,60,2066
29741,0,1,12,2067
29742,0,1,14,1779
29743,0,0,0,5843
29744,0,1,12,1777
29745,0,1,12,1777
29746,0,1,12,2067
29747,0,0,60,2066
29748,0,0,60,1778
29749,0,1,1,5844
2975,0,0,0,2
29750,0,1,175,4513
29751,0,1,1,38
29752,0,1,18,176
29753,0,1,1,8
29754,0,1,18,176
29755,0,1,1,38
29756,0,1,1,8
29757,0,1,22,318
29758,0,1,18,176
29759,0,1,18,176
2976,0,1,1,402
29760,0,1,1,8
29761,0,1,22,318
29762,0,1,1,65
29763,0,0,60,1778
29764,0,1,14,1779
29765,0,1,22,318
29766,0,1,1,38
29767,0,1,1,38
29768,0,1,1,8
29769,0,1,20,29
2977,0,1,1,783
29770,0,1,1,45
29771,0,0,6,6
29772,0,0,0,273
29773,1,2,2,353
29774,6,14,349,1081
29775,0,0,0,109
29776,0,0,0,9
29777,0,1,21,24
29778,1,2,2,17
29779,0,0,0,9
2978,1,2,3,63
29780,0,1,1,20
29781,0,1,1,8
29782,0,1,1,38
29783,0,1,22,318
29784,0,1,18,176
29785,1,2,9,13
29786,0,1,115,234
29787,0,0,16,16
29788,0,0,0,5
29789,1,2,9,13
2979,2,3,8,1284
29790,0,1,115,234
29791,0,0,16,16
29792,0,0,6,6
29793,6,14,98,157
29794,0,7,26,22
29795,1,2,2,23
29796,0,0,0,5
29797,0,0,0,5
29798,0,1,13,60
29799,1,2,9,87
298,2,3,131,1072
2980,0,0,0,9
29800,1,2,2,4
29801,2,3,5,10
29802,0,0,0,0
29803,0,0,0,2
29804,0,0,0,1
29805,0,0,0,0
29806,2,3,5,15
29807,0,0,15,27
29808,0,0,0,1
29809,0,1,20,29
2981,1,2,2,34
29810,1,2,7,7
29811,1,2,3,19
29812,2,3,5,10
29813,0,0,16,16
29814,0,1,139,298
29815,0,0,6,6
29816,0,0,6,1304
29817,3,4,10,205
29818,0,0,16,16
29819,0,0,74,118
2982,0,0,0,103
29820,2,3,5,10
29821,1,2,7,7
29822,1,2,3,33
29823,0,0,0,0
29824,2,3,5,67
29825,3,4,10,612
29826,1,2,2,4
29827,0,0,0,0
29828,2,3,5,15
29829,0,0,0,0
2983,0,1,37,158
29830,2,3,11,14
29831,0,0,0,1
29832,0,1,14,1310
29833,1,2,2,17
29834,0,1,21,24
29835,0,0,0,9
29836,1,2,2,17
29837,0,1,1,20
29838,0,0,0,9
29839,0,1,21,24
2984,0,1,4,78
29840,0,1,1,20
29841,0,0,0,9
29842,0,1,1,20
29843,1,2,2,17
29844,0,1,1,20
29845,0,1,21,24
29846,0,0,0,9
29847,1,2,2,17
29848,0,1,21,24
29849,1,2,2,17
2985,0,0,0,72
29850,0,1,1,20
29851,0,1,21,24
29852,0,1,21,24
29853,0,0,0,9
29854,1,2,2,17
29855,0,1,21,24
29856,0,0,0,9
29857,0,1,21,24
29858,0,0,0,9
29859,1,2,2,17
2986,1,2,2,68
29860,1,2,2,17
29861,0,1,21,24
29862,0,1,1,20
29863,0,0,0,9
29864,1,2,7,7
29865,0,0,0,12
29866,2,3,8,79
29867,2,3,5,41
29868,2,3,8,285
29869,1,2,3,3
2987,0,1,21,24
29870,0,0,0,1
29871,2,3,50,391
29872,1,2,2,4
29873,0,0,0,1
29874,1,2,3,3
29875,2,3,8,285
29876,2,3,44,59
29877,1,2,2,4
29878,2,3,5,15
29879,0,0,0,1
2988,0,0,0,9
29880,2,3,50,1807
29881,2,3,11,14
29882,0,0,0,12
29883,2,3,31,36
29884,2,3,11,14
29885,2,3,8,79
29886,2,3,5,15
29887,0,1,33,210
29888,0,1,1,8
29889,0,1,33,210
2989,1,2,2,17
29890,0,1,1,18
29891,0,1,63,120
29892,1,2,7,7
29893,2,3,44,59
29894,0,1,1,8
29895,0,1,1,18
29896,0,1,63,120
29897,0,0,320,4514
29898,1,2,2,23
29899,0,0,52,52
299,1,2,2,4
2990,0,0,0,12
29900,1,2,53,53
29901,0,0,16,16
29902,0,0,0,5
29903,0,0,0,2
29904,0,0,623,5845
29905,0,0,17,39
29906,0,1,14,90
29907,10,61,236,4515
29908,10,61,236,561
29909,0,1,1,20
2991,0,0,0,9
29910,1,2,2,17
29911,0,1,21,24
29912,0,0,0,9
29913,0,0,16,16
29914,0,1,1,20
29915,0,1,21,24
29916,0,0,0,9
29917,1,2,2,17
29918,0,1,21,24
29919,0,1,1,20
2992,2,3,8,1137
29920,0,1,22,318
29921,0,1,18,176
29922,1,2,2,17
29923,0,0,0,9
29924,0,1,1,8
29925,0,1,1,38
29926,0,0,0,9
29927,1,2,2,17
29928,0,1,1,20
29929,0,0,0,9
2993,1,2,2,17
29930,0,1,1,20
29931,0,1,21,24
29932,0,0,0,9
29933,0,1,1,20
29934,0,1,21,24
29935,1,2,2,17
29936,0,1,1,20
29937,0,1,21,24
29938,0,0,0,9
29939,0,1,37,5846
2994,1,2,7,7
29940,0,1,1,8
29941,0,1,1,44
29942,0,0,15,27
29943,0,0,0,1
29944,0,0,0,0
29945,1,2,2,17
29946,0,1,21,24
29947,0,1,1,20
29948,1,2,2,17
29949,1,2,2,17
2995,1,2,3,63
29950,0,0,0,9
29951,2,3,90,256
29952,16,48,161,252
29953,0,1,1,18
29954,1,2,3,19
29955,0,1,22,2068
29956,0,1,1,1324
29957,0,6,483,5847
29958,0,1,4,940
29959,4,18,172,2235
2996,1,2,3,222
29960,1,2,2,17
29961,0,0,0,109
29962,1,2,2,34
29963,0,0,0,93
29964,0,0,0,1167
29965,0,1,4,1323
29966,2,3,132,7184
29967,1,2,3,331
29968,0,0,0,0
29969,1,2,425,3204
2997,0,0,0,75
29970,0,0,1129,3205
29971,1,2,425,7185
29972,2,3,66,2069
29973,0,0,0,438
29974,1,2,3,63
29975,2,3,5,10
29976,1,2,3,19
29977,0,0,0,2
29978,2,3,8,1780
29979,1,2,7,7
2998,0,1,1,38
29980,2,3,5,10
29981,0,0,0,1
29982,0,0,0,1
29983,0,0,0,4516
29984,2,3,11,14
29985,1,2,7,7
29986,0,0,0,12
29987,0,0,0,321
29988,0,1,35,3206
29989,0,0,0,975
2999,0,1,1,160
29990,0,0,0,975
29991,3,4,10,4517
29992,0,0,0,2
29993,0,0,0,1
29994,1,2,2,4
29995,0,0,0,1
29996,0,0,0,0
29997,0,0,0,2
29998,2,3,132,1455
29999,2,3,5,15
3,2,3,5,155
30,0,0,6,70
300,0,0,0,0
3000,0,1,1,115
30000,0,0,0,0
30001,2,3,5,10
30002,1,2,2,4
30003,2,3,8,5848
30004,1,2,3,19
30005,0,0,0,100
30006,0,0,0,1
30007,1,2,3,63
30008,0,0,0,1
30009,1,2,3,114
3001,1,25,313,6086
30010,2,3,11,14
30011,1,2,7,7
30012,0,0,0,12
30013,0,0,0,2
30014,0,0,0,1
30015,0,0,0,12
30016,1,2,3,91
30017,1,2,2,4
30018,2,3,8,124
30019,2,3,11,14
3002,1,2,2,34
30020,0,0,0,12
30021,1,2,2,4
30022,0,0,0,2
30023,0,0,0,1
30024,1,2,3,91
30025,1,2,7,7
30026,0,0,0,0
30027,0,0,0,1
30028,1,2,2,4
30029,1,2,7,7
3003,0,1,18,441
30030,1,2,3,33
30031,0,0,0,1
30032,0,0,0,2
30033,0,0,0,1
30034,2,3,8,79
30035,0,0,0,1
30036,2,3,143,1132
30037,2,3,11,14
30038,0,0,0,1
30039,0,0,0,2
3004,1,25,409,1000
30040,2,3,5,10
30041,1,2,2,4
30042,0,0,0,1
30043,1,2,2,4
30044,2,3,8,79
30045,2,3,5,10
30046,0,0,0,12
30047,0,0,0,1
30048,0,0,0,12
30049,0,0,0,0
3005,0,0,0,9
30050,2,3,8,79
30051,2,3,5,10
30052,0,0,0,12
30053,2,3,8,124
30054,0,0,0,12
30055,1,2,3,114
30056,0,0,0,12
30057,0,0,0,1
30058,2,3,11,14
30059,0,0,0,1
3006,1,2,9,26
30060,2,3,5,10
30061,2,3,11,14
30062,2,3,8,79
30063,0,0,0,2
30064,2,3,111,150
30065,0,0,0,9
30066,0,1,21,24
30067,0,1,1,20
30068,0,0,0,9
30069,0,1,1,20
3007,0,1,1,8
30070,1,2,2,17
30071,0,0,0,9
30072,1,2,2,17
30073,0,1,1,20
30074,0,1,21,24
30075,0,1,21,24
30076,0,1,21,24
30077,0,1,1,20
30078,0,0,0,9
30079,0,1,21,24
3008,1,25,409,1000
30080,0,1,21,24
30081,0,0,0,9
30082,0,1,1,8
30083,1,2,2,17
30084,0,0,0,9
30085,1,2,9,13
30086,0,0,0,0
30087,1,2,3,19
30088,1,2,2,17
30089,1,2,2,17
3009,7,15,48,66
30090,0,1,1,20
30091,1,2,2,17
30092,0,1,21,24
30093,0,0,0,9
30094,0,0,0,417
30095,0,0,0,277
30096,0,0,0,197
30097,1,2,2,219
30098,0,1,42,130
30099,0,0,0,2
301,1,2,7,7
3010,0,0,0,2
30100,0,0,0,9
30101,0,1,20,250
30102,0,0,0,5
30103,0,1,1,20
30104,0,1,1,8
30105,0,1,13,4518
30106,0,1,1,8
30107,0,1,63,120
30108,0,1,1,18
30109,0,1,33,210
3011,1,2,9,87
30110,0,0,17,39
30111,0,0,45,71
30112,0,0,52,52
30113,1,2,53,53
30114,0,0,59,64
30115,1,19,495,5849
30116,0,0,45,1076
30117,0,0,0,0
30118,0,0,0,0
30119,0,0,0,48
3012,0,1,18,152
30120,0,0,0,170
30121,0,0,40,395
30122,0,0,0,48
30123,0,0,0,0
30124,2,3,5,10
30125,0,0,0,0
30126,1,2,2,4
30127,2,3,8,11
30128,1,2,7,7
30129,0,0,0,48
3013,0,1,18,615
30130,1,2,3,5850
30131,0,0,0,0
30132,0,0,40,395
30133,0,0,0,170
30134,1,2,3,3
30135,0,0,0,170
30136,0,0,40,395
30137,0,0,0,2
30138,0,0,17,831
30139,0,1,971,4519
3014,0,0,77,142
30140,0,1,541,4520
30141,0,1,1130,3207
30142,0,1,354,1781
30143,0,1,1,4521
30144,0,0,0,2
30145,0,0,0,31
30146,0,1,4,43
30147,0,5,23,1317
30148,0,1,1340,7186
30149,0,0,0,48
3015,0,0,0,923
30150,0,1,1,402
30151,0,1,1,5851
30152,0,0,0,5
30153,0,1,14,90
30154,0,1,24,619
30155,0,1,4,43
30156,0,5,23,1348
30157,0,0,0,9
30158,1,2,2,40
30159,14,38,195,7187
3016,0,1,18,615
30160,0,0,0,5
30161,0,1,541,3208
30162,0,1,12,454
30163,0,1,24,447
30164,0,1,14,85
30165,0,1,1,115
30166,0,0,0,37
30167,0,0,0,2
30168,1,2,2,23
30169,0,0,134,181
3017,0,0,0,522
30170,0,1,1,8
30171,2,3,146,5852
30172,0,0,0,163
30173,0,0,0,688
30174,0,1,33,1232
30175,1,2,69,84
30176,0,1,1,18
30177,1,2,7,7
30178,0,0,0,12
30179,3,4,298,766
3018,0,1,18,152
30180,0,0,373,869
30181,0,1,14,1341
30182,0,17,76,1908
30183,0,0,17,131
30184,0,0,231,5853
30185,0,63,244,7188
30186,0,0,0,3209
30187,1,12,43,678
30188,2,3,5,960
30189,2,3,5,5854
3019,0,0,15,140
30190,0,0,0,1
30191,0,0,0,1
30192,0,0,0,0
30193,1,2,3,19
30194,1,2,3,63
30195,0,0,0,2
30196,0,0,0,1
30197,0,0,0,75
30198,0,1,13,60
30199,0,1,1,65
302,0,0,0,0
3020,0,0,0,5
30200,0,36,105,141
30201,0,59,202,475
30202,0,1,1,966
30203,0,1,33,5855
30204,0,0,40,2161
30205,1,2,7,7
30206,0,0,0,1
30207,1,2,2,4
30208,0,0,0,901
30209,0,0,0,1
3021,0,0,0,2
30210,1,2,3,3
30211,1,2,7,7
30212,0,1,39,449
30213,1,2,2,4
30214,0,0,0,0
30215,3,4,10,28
30216,0,0,74,118
30217,0,8,32,32
30218,0,1,37,182
30219,1,2,2,34
3022,1,2,2,23
30220,0,6,73,451
30221,0,1,1,193
30222,0,0,0,185
30223,0,0,0,56
30224,0,1,4,49
30225,0,0,0,1
30226,2,3,11,14
30227,0,0,0,0
30228,2,3,5,15
30229,1,2,7,7
3023,0,0,0,5
30230,1,2,2,4
30231,0,0,0,0
30232,1,12,43,272
30233,2,3,5,10
30234,0,0,0,0
30235,0,0,0,12
30236,1,2,3,33
30237,0,0,19,55
30238,0,0,46,94
30239,0,0,59,64
3024,0,0,0,5
30240,0,0,0,375
30241,0,0,0,526
30242,0,0,0,2
30243,0,0,0,0
30244,2,3,5,134
30245,1,2,3,3
30246,2,3,5,67
30247,2,3,50,319
30248,2,3,8,817
30249,0,0,19,842
3025,0,0,0,5
30250,0,0,19,55
30251,4,18,172,4522
30252,0,1,20,29
30253,0,0,0,526
30254,0,0,0,526
30255,0,0,0,526
30256,0,0,15,27
30257,0,0,0,2
30258,2,3,5,961
30259,0,0,0,1
3026,0,5,23,6087
30260,1,2,2,4
30261,0,0,0,0
30262,0,0,0,1
30263,0,0,0,5
30264,0,0,0,590
30265,3,4,426,7189
30266,0,1,14,90
30267,0,0,45,71
30268,0,0,17,39
30269,3,4,10,588
3027,0,0,0,2
30270,2,3,5,10
30271,0,0,0,526
30272,1,2,3,33
30273,0,0,0,0
30274,0,0,0,5
30275,0,0,1563,5856
30276,0,0,52,52
30277,1,2,53,53
30278,0,0,17,39
30279,0,0,52,52
3028,0,0,0,5
30280,1,2,53,53
30281,2,3,415,830
30282,0,0,0,37
30283,1,2,2,23
30284,0,0,0,5
30285,1,2,2,23
30286,0,0,17,123
30287,0,0,59,64
30288,0,0,0,2178
30289,0,1,13,498
3029,0,0,15,140
30290,0,1,4,30
30291,0,0,0,2
30292,0,0,0,5
30293,0,0,38,223
30294,0,0,972,4523
30295,0,1,63,120
30296,0,1,1,160
30297,0,1,1,160
30298,0,0,0,5
30299,1,2,9,26
303,0,0,0,2
3030,1,2,2,23
30300,0,0,0,2
30301,0,0,0,37
30302,0,0,0,100
30303,0,0,0,0
30304,1,2,3,331
30305,7,15,48,66
30306,1,2,2,23
30307,2,3,1131,3210
30308,0,0,0,1
30309,1,2,3,63
3031,0,0,0,488
30310,0,0,0,0
30311,0,1,1,8
30312,0,5,23,1638
30313,0,1,4,132
30314,0,0,0,407
30315,0,0,0,185
30316,0,1,33,7190
30317,0,1,1,8
30318,0,1,1,44
30319,0,1,1,8
3032,0,0,0,5
30320,0,1,1,8
30321,2,3,100,548
30322,1,2,2,476
30323,0,1,154,1198
30324,2,3,146,1782
30325,0,1,20,29
30326,0,1,24,1200
30327,0,0,0,21
30328,0,8,32,32
30329,0,0,0,77
3033,0,0,0,5
30330,0,0,0,5
30331,0,0,28,1956
30332,0,1,20,29
30333,0,1,12,195
30334,10,35,169,246
30335,7,15,48,66
30336,0,0,0,2
30337,0,0,0,5
30338,0,0,0,2
30339,0,0,6,429
3034,0,0,104,171
30340,1,2,9,627
30341,7,15,48,66
30342,0,0,0,5
30343,0,1,51,947
30344,0,1,119,2277
30345,0,1,18,1496
30346,0,0,6,429
30347,0,0,0,5
30348,0,0,0,2
30349,7,15,48,66
3035,0,0,15,140
30350,0,0,16,16
30351,0,1,24,1199
30352,0,1,4,49
30353,0,5,23,5857
30354,0,0,0,238
30355,1,2,9,87
30356,1,2,9,87
30357,0,8,32,32
30358,0,5,23,2070
30359,0,1,4,49
3036,0,1,4,43
30360,0,1,24,1199
30361,1,2,9,87
30362,1,2,9,87
30363,0,1,1,20
30364,0,1,1,133
30365,0,1,4,30
30366,0,0,0,0
30367,1,2,2,4
30368,1,2,3,3
30369,0,0,0,5
3037,1,25,186,646
30370,0,0,16,16
30371,0,1,4,247
30372,0,0,0,0
30373,0,0,0,9
30374,0,1,21,24
30375,0,1,21,24
30376,0,1,1,20
30377,1,2,3,3211
30378,0,0,0,0
30379,1,2,2,5858
3038,1,2,2,23
30380,2,3,11,80
30381,2,3,8,885
30382,1,2,2,17
30383,0,0,0,9
30384,0,1,20,29
30385,1,2,2,17
30386,2,3,111,150
30387,0,0,0,9
30388,0,1,21,24
30389,0,1,1,20
3039,0,0,0,2
30390,0,1,21,24
30391,1,2,2,17
30392,0,1,21,24
30393,0,1,1,20
30394,0,0,0,9
30395,1,2,2,17
30396,0,0,0,9
30397,0,1,1,20
30398,0,1,21,24
30399,0,0,0,9
304,1,2,3,3
3040,0,0,0,2
30400,0,1,1,20
30401,1,2,2,17
30402,1,2,2,17
30403,0,1,1,20
30404,2,3,111,150
30405,1,2,2,17
30406,0,1,1,20
30407,1,2,2,17
30408,0,1,1,20
30409,0,1,21,24
3041,0,0,0,5
30410,0,1,1,20
30411,0,1,21,24
30412,2,3,111,150
30413,1,2,2,17
30414,0,0,0,9
30415,0,1,1,20
30416,1,2,2,17
30417,0,0,0,9
30418,0,1,1,20
30419,0,1,21,24
3042,0,1,24,4729
30420,0,1,1,20
30421,0,1,21,24
30422,1,2,2,17
30423,0,0,0,9
30424,2,3,111,150
30425,0,0,0,9
30426,0,0,0,9
30427,0,0,0,9
30428,0,0,0,9
30429,1,2,2,17
3043,0,0,0,488
30430,0,0,0,9
30431,1,2,2,17
30432,1,2,2,17
30433,0,0,0,9
30434,0,1,1,20
30435,0,0,0,9
30436,0,1,1,20
30437,0,0,0,9
30438,1,2,2,17
30439,0,1,21,24
3044,0,0,15,140
30440,0,1,21,24
30441,1,2,2,17
30442,0,0,0,9
30443,1,2,2,17
30444,0,1,21,24
30445,0,0,0,9
30446,0,0,0,9
30447,1,2,2,17
30448,0,0,0,9
30449,0,1,21,24
3045,0,0,0,2
30450,1,2,2,17
30451,0,1,21,24
30452,0,1,21,24
30453,2,3,111,150
30454,1,2,2,17
30455,0,1,1,20
30456,1,2,2,17
30457,0,1,21,24
30458,0,0,0,9
30459,0,0,0,9
3046,0,0,0,5
30460,0,1,1,902
30461,0,1,1,608
30462,0,0,0,9
30463,0,1,1,20
30464,1,2,2,17
30465,1,2,2,17
30466,0,0,0,9
30467,0,0,0,9
30468,0,1,21,24
30469,0,1,1,20
3047,0,0,104,171
30470,1,2,2,17
30471,0,0,0,9
30472,0,1,21,24
30473,0,1,21,24
30474,0,1,1,18
30475,0,1,1,20
30476,0,1,21,24
30477,2,3,66,2114
30478,0,1,1,902
30479,0,0,0,9
3048,1,2,2,23
30480,1,2,2,17
30481,0,0,0,9
30482,0,1,1,20
30483,0,1,21,24
30484,2,3,111,150
30485,0,1,1,20
30486,1,2,2,17
30487,0,1,1,608
30488,2,3,111,150
30489,0,1,51,359
3049,0,0,0,5
30490,0,1,21,24
30491,1,2,7,7
30492,2,3,11,14
30493,0,0,0,2
30494,0,0,0,0
30495,0,1,1,8
30496,0,0,0,5
30497,0,0,16,16
30498,0,1,21,24
30499,1,2,3,3
305,1,2,3,3
3050,0,0,0,5
30500,0,0,0,1
30501,0,0,6,6
30502,0,1,24,200
30503,0,1,1,8
30504,0,1,175,4524
30505,0,1,530,7191
30506,0,1,624,5859
30507,0,1,1,990
30508,0,1,4,132
30509,0,1,496,5860
3051,0,0,0,2
30510,0,1,364,5861
30511,0,1,1,18
30512,2,3,1564,5862
30513,0,0,0,9
30514,0,1,21,24
30515,2,3,111,150
30516,1,2,2,17
30517,0,1,1,20
30518,0,1,4,62
30519,0,0,0,9
3052,0,0,0,5
30520,0,1,1,20
30521,0,1,21,24
30522,0,0,0,9
30523,1,2,3,3
30524,0,0,0,2
30525,2,3,11,14
30526,1,2,7,7
30527,0,1,39,156
30528,0,0,0,0
30529,0,1,21,24
3053,0,0,15,140
30530,0,1,1,20
30531,1,2,2,17
30532,2,3,8,186
30533,3,4,10,674
30534,0,1,1,8
30535,0,1,63,120
30536,0,0,0,9
30537,0,1,33,210
30538,0,1,1,18
30539,0,1,21,24
3054,0,0,0,2
30540,0,104,1565,5863
30541,0,1,1,8
30542,0,1,63,120
30543,0,0,0,9
30544,0,1,1,3212
30545,0,0,6,6
30546,0,0,61,89
30547,0,0,0,5
30548,0,1,21,24
30549,2,3,111,150
3055,0,0,0,5
30550,0,1,1,20
30551,0,0,0,9
30552,0,1,21,24
30553,0,1,33,210
30554,1,2,2,4525
30555,1,2,9,13
30556,0,0,16,16
30557,1,2,2,17
30558,0,1,120,172
30559,0,1,4,3213
3056,0,1,1,18
30560,2,3,5,67
30561,1,2,3,33
30562,1,2,7,7
30563,2,3,50,319
30564,2,3,5,15
30565,2,3,8,582
30566,0,0,0,1
30567,0,0,0,12
30568,1,2,3,33
30569,1,2,7,7
3057,0,1,18,6088
30570,0,0,0,0
30571,1,12,43,272
30572,2,3,5,15
30573,0,0,0,0
30574,0,0,0,0
30575,0,0,0,12
30576,1,2,2,4
30577,0,1,58,2056
30578,2,3,5,67
30579,2,3,5,10
3058,0,0,134,181
30580,0,0,0,0
30581,2,3,50,319
30582,1,2,2,4
30583,0,0,6,6
30584,1,2,9,87
30585,0,0,0,2
30586,0,0,0,5
30587,0,8,973,4526
30588,0,1,1566,5864
30589,0,0,17,3214
3059,1,2,3,63
30590,0,1,20,5865
30591,0,0,16,16
30592,2,3,34,35
30593,0,0,0,5
30594,1,2,2,23
30595,0,0,0,2
30596,0,0,0,306
30597,0,0,0,5
30598,0,0,0,0
30599,0,0,0,1
306,0,0,0,1
3060,0,0,0,56
30600,1,2,3,19
30601,2,3,5,10
30602,1,2,2,4
30603,1,2,7,7
30604,0,0,0,0
30605,1,2,2,4
30606,0,0,0,0
30607,0,0,0,0
30608,0,1,4,4527
30609,0,1,1,329
3061,0,0,0,1
30610,0,0,16,7192
30611,0,0,16,5866
30612,0,0,0,5
30613,0,0,0,2
30614,0,0,19,555
30615,3,45,300,5867
30616,0,0,0,407
30617,8,62,311,7193
30618,0,1,4,30
30619,0,0,623,4528
3062,0,0,0,72
30620,0,0,59,64
30621,1,23,240,4529
30622,0,1,542,1361
30623,0,1,1,1242
30624,0,0,28,4530
30625,0,1,175,591
30626,2,3,90,477
30627,0,0,16,16
30628,0,1,1,45
30629,0,0,0,1
3063,0,1,24,1428
30630,1,2,2,4
30631,0,0,0,0
30632,1,2,3,3
30633,1,2,9,13
30634,2,3,8,11
30635,0,13,62,147
30636,0,7,26,22
30637,2,3,34,4531
30638,0,0,246,534
30639,7,15,48,4532
3064,1,2,3,92
30640,1,2,9,632
30641,0,0,0,47
30642,0,0,0,1
30643,0,0,0,0
30644,2,3,8,11
30645,1,2,3,3
30646,0,1,13,325
30647,2,3,8,11
30648,1,2,7,7
30649,3,4,10,28
3065,0,0,0,9
30650,1,2,3,3
30651,0,0,0,0
30652,0,0,0,2
30653,0,0,0,0
30654,1,2,2,4
30655,2,3,11,14
30656,0,7,26,22
30657,0,0,0,1
30658,0,0,0,47
30659,0,0,0,0
3066,1,2,2,68
30660,1,2,2,4
30661,0,0,0,1
30662,0,1,4,162
30663,0,1,1,104
30664,0,1,115,396
30665,0,0,0,86
30666,0,0,0,1
30667,0,0,0,2
30668,0,0,0,271
30669,0,1,106,466
3067,1,2,3,92
30670,1,19,87,559
30671,0,0,0,75
30672,0,0,0,0
30673,0,0,0,1
30674,0,1,22,4533
30675,0,1,1,20
30676,2,3,66,4534
30677,0,1,13,804
30678,0,1,150,334
30679,0,0,0,1176
3068,0,1,24,1428
30680,0,6,307,7194
30681,0,0,0,21
30682,2,3,100,3215
30683,0,0,74,292
30684,0,0,0,4535
30685,0,0,0,1176
30686,0,0,0,1
30687,0,144,1341,7195
30688,0,0,0,2278
30689,0,1,4,2023
3069,0,5,23,1429
30690,0,0,0,77
30691,0,0,0,47
30692,0,0,0,1
30693,0,0,0,47
30694,0,0,0,47
30695,0,0,0,1
30696,7,15,48,265
30697,0,0,0,1
30698,0,0,16,16
30699,0,0,16,16
307,0,0,0,0
3070,0,5,23,1429
30700,0,0,0,5
30701,1,2,9,355
30702,0,0,0,47
30703,1,2,9,13
30704,0,0,0,2
30705,0,0,0,5
30706,0,0,0,1
30707,0,0,0,1
30708,0,0,0,47
30709,0,0,0,47
3071,0,0,0,72
30710,0,0,0,47
30711,0,0,17,131
30712,1,2,9,26
30713,0,0,0,2
30714,0,0,0,5
30715,0,0,0,1161
30716,0,0,0,47
30717,0,0,0,1
30718,0,0,19,939
30719,0,0,0,72
3072,0,1,4,43
30720,0,5,23,371
30721,0,0,0,630
30722,0,0,234,1085
30723,1,2,9,13
30724,0,0,0,463
30725,0,8,32,32
30726,0,1,24,196
30727,0,1,4,43
30728,0,0,0,9
30729,0,1,24,635
3073,0,1,1,96
30730,0,5,23,554
30731,0,0,0,9
30732,2,3,131,190
30733,1,2,9,87
30734,0,0,0,2
30735,0,0,0,31
30736,0,0,19,5868
30737,0,1,4,43
30738,0,0,0,77
30739,1,2,2,17
3074,0,1,82,4730
30740,0,0,0,93
30741,0,149,974,4536
30742,0,1,29,51
30743,0,0,74,118
30744,0,0,0,5
30745,0,0,0,2
30746,0,0,0,21
30747,0,0,16,16
30748,0,1,21,24
30749,0,1,1,20
3075,0,0,134,181
30750,3,4,308,610
30751,0,1,1,20
30752,3,4,308,610
30753,1,2,9,26
30754,0,0,0,5
30755,0,0,0,2
30756,0,0,0,5
30757,1,2,9,13
30758,0,0,16,16
30759,0,0,0,5
3076,0,0,0,56
30760,0,0,61,89
30761,0,1,20,29
30762,0,0,0,7196
30763,0,0,6,6
30764,1,2,9,5869
30765,2,3,5,10
30766,0,0,0,0
30767,3,4,10,1211
30768,0,0,0,86
30769,0,0,0,1
3077,0,1,33,266
30770,0,1,106,466
30771,0,0,0,2
30772,0,0,0,86
30773,1,2,3,33
30774,0,1,106,466
30775,0,0,0,2
30776,0,0,0,1
30777,0,0,28,119
30778,0,0,28,61
30779,0,0,0,98
3078,0,0,0,472
30780,0,0,28,61
30781,1,2,2,34
30782,0,1,1,7197
30783,4,20,70,76
30784,0,8,302,7198
30785,0,1,4,5870
30786,0,5,687,4537
30787,0,1,4,673
30788,0,0,0,47
30789,0,0,0,1
3079,0,0,0,1
30790,1,2,2,34
30791,0,0,15,116
30792,0,0,0,9
30793,0,1,4,968
30794,0,1,20,29
30795,0,8,32,32
30796,0,0,61,89
30797,1,2,9,13
30798,0,0,0,5
30799,0,0,0,2
308,1,2,9,13
3080,1,2,7,7
30800,0,1,1,8
30801,0,0,47,73
30802,0,1,33,266
30803,0,1,21,111
30804,0,0,16,16
30805,0,0,0,37
30806,1,2,2,23
30807,0,1,4,57
30808,0,1,20,29
30809,0,0,0,1
3081,2,3,8,11
30810,1,2,3,19
30811,1,2,9,87
30812,1,2,2,23
30813,0,0,0,37
30814,0,0,0,5
30815,0,0,0,0
30816,0,0,0,0
30817,0,0,0,0
30818,0,0,0,0
30819,0,0,400,962
3082,0,0,38,3389
30820,0,9,54,54
30821,1,2,3,3
30822,1,2,2,4
30823,1,2,9,13
30824,0,1,91,144
30825,0,1,1,45
30826,0,1,20,29
30827,0,0,0,5
30828,0,0,0,5
30829,1,2,2,23
3083,0,1,14,1656
30830,0,0,0,2
30831,0,0,0,2
30832,0,1,22,5871
30833,0,0,0,2
30834,0,0,0,5
30835,0,1,1567,5872
30836,0,1,4,132
30837,0,1,1,8
30838,0,1,24,1200
30839,0,0,59,64
3084,1,2,3,3
30840,0,0,234,5873
30841,0,8,32,32
30842,0,1,192,354
30843,0,1,51,136
30844,0,0,0,5
30845,0,1,1,921
30846,0,8,32,32
30847,0,1,1,18
30848,0,1,1,343
30849,0,0,0,88
3085,0,0,0,0
30850,0,0,108,7199
30851,0,1,1,45
30852,0,1,1,1661
30853,0,1,1,7200
30854,0,1,1,5874
30855,0,0,0,88
30856,0,1,1,7201
30857,0,1,1,1874
30858,0,1,1,1662
30859,0,1,18,152
3086,1,2,3,19
30860,0,1,4,519
30861,0,1,1,1028
30862,0,1,1,1783
30863,0,0,0,77
30864,0,0,0,93
30865,0,1,1,4538
30866,0,1,1,4539
30867,0,1,1,1558
30868,0,1,1,798
30869,0,0,47,7202
3087,2,3,5,10
30870,0,1,33,7203
30871,2,3,8,11
30872,0,0,0,0
30873,0,0,0,2
30874,1,2,3,3
30875,1,2,2,4
30876,0,0,0,0
30877,1,2,7,7
30878,3,4,10,28
30879,0,0,218,1784
3088,1,2,2,4
30880,0,1,21,111
30881,0,1,4,57
30882,0,1,29,149
30883,0,1,4,408
30884,0,0,0,88
30885,1,2,2,388
30886,0,0,0,0
30887,0,0,0,0
30888,0,0,0,0
30889,2,3,8,11
3089,0,0,0,0
30890,1,2,2,4
30891,2,3,5,10
30892,1,2,3,3
30893,0,0,6,6
30894,0,0,6,6
30895,0,0,6,6
30896,0,0,6,6
30897,0,0,6,6
30898,0,0,6,6
30899,0,1,1,38
309,0,0,61,89
3090,0,0,0,0
30900,0,1,63,301
30901,0,1,1,8
30902,2,3,34,35
30903,0,0,0,95
30904,0,0,0,95
30905,0,0,0,37
30906,0,0,180,415
30907,0,0,0,5
30908,1,2,9,13
30909,1,2,9,26
3091,1,2,7,7
30910,0,0,0,5
30911,0,0,0,2
30912,6,14,98,157
30913,3,4,10,579
30914,0,7,26,22
30915,0,7,26,22
30916,0,0,0,271
30917,0,0,78,592
30918,0,0,78,592
30919,0,0,0,2
3092,1,2,2,34
30920,0,1,1,45
30921,1,2,2,293
30922,1,2,3,3
30923,0,0,0,0
30924,0,0,0,0
30925,0,0,0,1
30926,0,0,0,9
30927,0,1,1,8
30928,1,2,3,3
30929,2,3,11,7204
3093,0,5,23,2378
30930,2,3,8,3216
30931,2,3,44,5875
30932,2,3,8,3217
30933,0,0,0,12
30934,2,3,50,3218
30935,2,3,44,59
30936,2,3,11,14
30937,0,1,1,38
30938,0,0,0,2
30939,2,3,31,36
3094,0,1,4,4731
30940,2,3,50,3219
30941,1,12,43,7205
30942,2,3,8,3220
30943,2,3,143,727
30944,0,0,360,5876
30945,0,0,360,1201
30946,0,1,1,8
30947,0,1,1,18
30948,0,1,1,8
30949,0,1,1,18
3095,0,0,0,9
30950,0,0,0,271
30951,0,0,0,2
30952,0,0,0,2
30953,1,19,87,611
30954,1,2,2,40
30955,0,0,0,271
30956,0,0,0,1
30957,0,0,0,2
30958,1,2,2,40
30959,0,1,33,112
3096,4,20,70,76
30960,0,1,29,149
30961,0,1,4,57
30962,1,19,87,611
30963,0,1,21,111
30964,0,1,33,210
30965,0,0,0,1
30966,0,1,63,120
30967,0,0,0,1
30968,0,1,33,210
30969,0,1,63,120
3097,0,1,1,8
30970,1,19,87,611
30971,0,0,47,73
30972,1,2,2,40
30973,0,0,0,271
30974,0,0,0,21
30975,0,0,0,903
30976,2,3,416,863
30977,0,0,0,2
30978,0,0,0,5
30979,1,2,9,127
3098,0,1,37,6089
30980,0,1,1,8
30981,0,1,4,57
30982,0,1,1,20
30983,1,2,9,13
30984,0,1,115,234
30985,1,2,2,23
30986,0,0,0,2
30987,0,0,0,37
30988,0,1,24,200
30989,0,1,1,8
3099,0,0,1371,4732
30990,0,0,0,9
30991,0,1,4,132
30992,0,1,82,680
30993,1,2,2,34
30994,13,37,107,198
30995,0,0,0,5
30996,0,0,0,5
30997,0,0,16,16
30998,1,2,9,13
30999,0,1,12,195
31,0,0,6,107
310,0,0,0,5
3100,0,0,17,3390
31000,0,0,61,89
31001,1,2,9,13
31002,7,15,48,265
31003,1,2,9,632
31004,0,1,1,8
31005,0,8,223,904
31006,0,0,0,185
31007,0,0,133,609
31008,0,0,0,56
31009,0,1,89,3221
3101,0,1,14,50
31010,0,0,16,16
31011,2,3,1342,7206
31012,0,0,218,1243
31013,0,1,33,455
31014,0,1,82,1153
31015,0,0,0,349
31016,17,72,625,2071
31017,0,1,1,44
31018,0,1,1,8
31019,1,2,3,92
3102,1,2,9,13
31020,0,0,0,9
31021,0,0,47,73
31022,0,5,23,1280
31023,0,1,29,149
31024,0,1,4,43
31025,0,1,24,196
31026,0,1,4,49
31027,0,1,14,50
31028,0,0,47,540
31029,0,1,24,1107
3103,1,2,9,13
31030,0,1,4,57
31031,0,1,33,112
31032,0,1,21,850
31033,0,1,29,7207
31034,0,1,24,196
31035,0,0,0,9
31036,0,0,0,2
31037,0,1,4,43
31038,0,5,23,371
31039,0,0,0,31
3104,0,1,18,3391
31040,1,2,2,17
31041,0,0,47,73
31042,0,1,33,112
31043,0,1,29,149
31044,0,0,0,185
31045,0,0,47,73
31046,0,1,29,149
31047,0,1,29,7208
31048,0,1,4,57
31049,0,1,1,8
3105,0,5,23,4733
31050,0,1,1,237
31051,0,0,47,73
31052,0,1,4,57
31053,0,1,29,149
31054,0,1,1,8
31055,0,1,33,112
31056,0,0,0,163
31057,0,1,1,8
31058,0,1,21,24
31059,0,0,0,9
3106,1,2,9,1397
31060,0,1,21,111
31061,0,1,33,112
31062,0,1,1,8
31063,0,1,1,8
31064,0,1,33,112
31065,0,1,1,18
31066,0,0,47,73
31067,0,1,4,57
31068,0,1,1,18
31069,0,1,29,149
3107,0,1,4,964
31070,0,1,1,38
31071,0,1,20,29
31072,0,0,0,1
31073,0,0,0,0
31074,1,2,3,3
31075,0,0,0,0
31076,2,3,5,10
31077,2,3,8,11
31078,0,0,0,1
31079,1,2,2,4
3108,0,0,0,489
31080,2,3,11,14
31081,2,3,5,41
31082,0,0,191,3222
31083,0,0,27,25
31084,0,0,0,1718
31085,0,0,0,2
31086,0,0,0,5
31087,1,25,186,4540
31088,0,0,0,0
31089,0,0,57,7209
3109,0,0,17,1430
31090,0,0,27,25
31091,0,0,0,2
31092,0,0,0,0
31093,1,2,2,23
31094,0,0,1343,7210
31095,0,0,320,3223
31096,0,0,0,5
31097,0,0,0,290
31098,0,0,0,0
31099,0,0,0,12
311,0,5,23,1025
3110,0,1,14,1358
31100,2,3,8,233
31101,1,2,3,91
31102,0,0,0,1
31103,0,0,0,2
31104,0,0,27,25
31105,0,0,371,4541
31106,0,0,134,181
31107,0,0,0,3224
31108,1,2,2,4542
31109,0,0,1344,7211
3111,0,1,18,152
31110,4,20,70,76
31111,1,2,285,662
31112,0,0,0,2
31113,0,0,15,3225
31114,0,0,0,0
31115,0,6,73,7212
31116,0,0,0,31
31117,0,1,4,78
31118,0,1,37,239
31119,0,1,22,7213
3112,0,1,4,30
31120,0,1,1,8
31121,0,0,0,9
31122,0,1,4,43
31123,0,5,23,323
31124,0,1,1,8
31125,0,1,1,44
31126,0,1,4,57
31127,0,1,1,8
31128,0,1,21,24
31129,0,1,1,20
3113,0,1,4,403
31130,1,2,2,17
31131,0,1,4,1785
31132,0,1,280,801
31133,0,0,15,27
31134,1,2,2,4
31135,2,3,5,961
31136,0,1,22,5877
31137,0,1,4,78
31138,0,0,16,16
31139,0,0,0,5
3114,0,1,4,81
31140,0,1,33,266
31141,0,1,1,38
31142,0,1,1,18
31143,0,0,0,9
31144,0,0,0,2
31145,1,2,3,33
31146,1,2,7,7
31147,2,3,5,15
31148,3,4,10,588
31149,0,0,0,0
3115,0,1,4,81
31150,0,0,0,1
31151,0,0,0,1
31152,0,0,0,12
31153,0,0,0,12
31154,0,0,0,12
31155,0,0,0,1
31156,0,0,0,1
31157,2,3,5,10
31158,2,3,11,14
31159,0,0,0,2
3116,0,1,4,125
31160,1,2,3,91
31161,0,1,1,38
31162,0,0,0,0
31163,0,0,373,869
31164,0,0,0,98
31165,1,2,2,4
31166,1,2,3,114
31167,0,0,0,12
31168,2,3,8,79
31169,0,1,22,318
3117,0,1,4,81
31170,0,1,18,176
31171,0,1,1,8
31172,0,0,0,0
31173,1,2,3,3
31174,3,4,298,766
31175,1,2,9,26
31176,0,0,0,5878
31177,0,0,0,3226
31178,0,1,1,528
31179,0,0,0,108
3118,0,1,4,81
31180,0,0,0,2
31181,0,0,0,5
31182,0,0,41,4543
31183,0,0,59,64
31184,0,1,1,20
31185,0,0,239,406
31186,0,0,0,9
31187,1,2,2,17
31188,1,23,145,230
31189,1,39,152,283
3119,0,9,54,54
31190,1,2,9,26
31191,0,0,0,5
31192,0,0,0,5
31193,0,0,0,2
31194,0,1,217,1848
31195,0,0,52,52
31196,1,2,53,53
31197,0,0,17,39
31198,0,0,6,6
31199,1,2,9,13
312,0,1,24,196
3120,0,0,16,887
31200,0,0,45,71
31201,0,0,0,1
31202,0,0,17,39
31203,0,1,14,90
31204,0,1,1,8
31205,1,23,145,230
31206,1,39,152,283
31207,2,3,5,1889
31208,0,1,1,8
31209,0,0,92,139
3121,0,1,1,74
31210,1,50,166,280
31211,3,4,10,905
31212,0,0,0,1
31213,1,2,9,87
31214,0,1,340,2149
31215,0,6,36,436
31216,0,1,24,1202
31217,1,2,2,68
31218,0,5,23,1342
31219,1,2,2,34
3122,0,1,4,30
31220,0,0,0,9
31221,0,1,4,542
31222,0,0,108,1322
31223,0,0,0,310
31224,0,0,0,2
31225,0,0,0,56
31226,0,1,4,49
31227,0,1,4,2324
31228,0,1,25,101
31229,0,1,25,101
3123,0,0,19,55
31230,0,0,16,16
31231,0,0,0,5
31232,0,1,25,101
31233,0,0,0,1
31234,0,0,0,47
31235,0,1,1,8
31236,1,2,9,13
31237,0,0,0,1
31238,0,0,0,47
31239,0,0,0,1
3124,0,8,32,32
31240,0,5,23,371
31241,0,1,24,196
31242,0,0,16,16
31243,1,2,130,571
31244,0,0,0,47
31245,0,0,0,9
31246,0,0,0,2
31247,0,0,0,5
31248,1,2,7,7
31249,0,0,0,2
3125,2,3,100,548
31250,0,0,0,0
31251,1,2,3,3
31252,0,0,0,0
31253,1,2,2,4
31254,1,2,3,3
31255,1,2,2,23
31256,0,0,0,5
31257,0,0,0,2
31258,0,0,0,5
31259,0,0,0,1
3126,0,1,4,125
31260,0,0,0,2
31261,1,2,2,40
31262,1,2,9,575
31263,0,0,0,5
31264,0,0,0,2
31265,13,37,107,198
31266,0,13,62,2206
31267,0,0,0,1
31268,0,0,0,0
31269,3,4,308,610
3127,3,4,67,99
31270,0,0,15,140
31271,0,0,6,6
31272,3,4,10,69
31273,0,1,14,50
31274,3,4,10,83
31275,3,4,10,83
31276,0,1,14,50
31277,6,14,122,263
31278,3,4,10,69
31279,1,2,9,13
3128,0,1,4,62
31280,0,1,115,234
31281,0,0,0,4544
31282,0,0,0,2
31283,0,0,0,4545
31284,0,0,16,16
31285,1,2,9,13
31286,1,2,9,13
31287,2,3,90,477
31288,3,4,308,610
31289,0,1,217,4546
3129,0,1,4,30
31290,2,3,34,35
31291,0,0,0,21
31292,0,0,16,16
31293,3,4,116,2279
31294,0,0,92,139
31295,1,50,166,280
31296,1,23,145,230
31297,1,39,152,283
31298,15,44,149,315
31299,0,0,0,5
313,0,1,4,43
3130,0,1,1,180
31300,0,0,0,2
31301,0,0,16,16
31302,0,1,4,345
31303,0,1,4,345
31304,0,5,212,768
31305,0,1,4,345
31306,0,0,0,2
31307,0,0,0,168
31308,0,0,27,25
31309,0,0,6,6
3131,0,1,4,62
31310,0,0,6,6
31311,0,0,16,16
31312,0,5,212,1203
31313,0,5,212,1203
31314,1,2,9,26
31315,0,0,0,2
31316,0,0,0,2
31317,0,0,0,2
31318,1,25,186,646
31319,0,0,104,171
3132,0,1,4,62
31320,0,0,0,5
31321,0,0,0,5
31322,0,0,0,5
31323,0,0,104,714
31324,1,2,2,23
31325,1,2,9,13
31326,0,0,16,16
31327,0,1,1,8
31328,2,3,34,35
31329,0,0,16,16
3133,0,9,54,54
31330,0,0,6,6
31331,0,0,0,5
31332,0,1,1,38
31333,0,1,1,8
31334,0,0,0,273
31335,0,1,1,8
31336,0,1,1,38
31337,0,1,18,176
31338,0,1,4,734
31339,0,1,4,287
3134,0,9,65,213
31340,0,0,0,2248
31341,0,1,4,338
31342,0,1,4,753
31343,0,1,4,906
31344,0,0,0,1141
31345,0,0,0,218
31346,0,1,4,967
31347,0,0,0,108
31348,0,0,41,5879
31349,0,0,40,3227
3135,0,1,4,62
31350,0,0,40,1786
31351,0,1,1,1787
31352,2,3,5,7214
31353,0,0,0,0
31354,0,0,123,374
31355,0,1,217,2158
31356,0,1,22,2072
31357,0,1,4,7215
31358,0,1,64,5880
31359,0,0,59,64
3136,3,4,67,99
31360,0,0,40,1786
31361,0,1,4,204
31362,0,0,0,218
31363,2,3,143,1862
31364,0,0,17,7216
31365,0,1,1,8
31366,13,37,107,198
31367,0,0,40,2073
31368,0,0,17,131
31369,0,0,40,2073
3137,0,6,36,229
31370,0,0,16,16
31371,0,0,16,16
31372,0,1,12,5881
31373,0,0,17,131
31374,2,3,5,10
31375,0,0,0,0
31376,1,2,2,4
31377,0,0,15,3228
31378,0,1,1,8
31379,0,0,0,1
3138,0,1,1,104
31380,0,0,27,25
31381,1,23,1568,5882
31382,0,1,1345,7217
31383,0,1,14,50
31384,3,4,10,502
31385,3,4,10,69
31386,1,2,3,19
31387,2,3,5,10
31388,1,2,2,4
31389,0,1,58,1554
3139,0,1,4,204
31390,2,3,5,10
31391,1,2,2,4
31392,0,1,4,4547
31393,1,2,3,19
31394,0,1,12,4548
31395,0,0,0,0
31396,0,0,0,0
31397,1,2,3,19
31398,0,0,16,16
31399,0,0,16,16
314,0,0,0,31
3140,0,0,0,218
31400,0,0,0,5
31401,0,0,0,5
31402,0,0,0,0
31403,1,2,2,4
31404,2,3,5,10
31405,2,3,5,15
31406,0,0,0,0
31407,2,3,5,67
31408,1,2,3,33
31409,0,0,0,77
3141,0,1,4,30
31410,0,0,0,93
31411,0,1,29,51
31412,3,4,10,579
31413,0,0,0,5
31414,0,0,16,16
31415,0,0,0,0
31416,1,2,7,7
31417,3,4,10,612
31418,0,0,0,1
31419,2,3,11,14
3142,0,0,19,55
31420,2,3,127,174
31421,0,0,19,55
31422,0,0,0,5
31423,0,0,0,37
31424,0,0,0,2
31425,1,2,2,23
31426,6,14,122,263
31427,0,0,17,333
31428,8,41,144,300
31429,3,4,116,299
3143,0,0,46,94
31430,0,0,0,5
31431,0,7,26,22
31432,3,45,194,4549
31433,0,0,16,16
31434,0,1,14,340
31435,1,2,2,17
31436,0,1,21,24
31437,0,1,1,20
31438,0,0,0,9
31439,2,3,127,174
3144,0,1,4,236
31440,0,1,29,51
31441,0,1,4,345
31442,0,5,212,1203
31443,0,0,0,93
31444,0,5,212,768
31445,0,1,4,345
31446,0,0,0,5
31447,0,0,0,273
31448,1,2,2,353
31449,0,0,0,109
3145,0,1,4,30
31450,2,3,34,35
31451,0,1,1,38
31452,1,2,9,7218
31453,0,1,63,301
31454,1,2,9,13
31455,0,0,0,5
31456,1,2,2,2280
31457,0,0,15,1222
31458,1,2,2,4
31459,0,0,134,181
3146,0,0,0,21
31460,0,0,0,2
31461,0,0,0,98
31462,1,2,2,34
31463,0,0,0,77
31464,1,2,2,17
31465,3,4,10,243
31466,3,4,10,579
31467,0,0,28,61
31468,0,0,28,61
31469,0,0,28,119
3147,0,0,19,146
31470,0,0,0,1407
31471,0,1,14,85
31472,0,0,15,404
31473,0,0,0,0
31474,1,2,9,13
31475,0,0,0,9
31476,0,1,1,20
31477,0,1,39,156
31478,1,2,3,3
31479,1,2,2,17
3148,0,0,0,218
31480,0,1,21,24
31481,0,0,0,5
31482,0,64,292,643
31483,0,9,270,872
31484,0,0,0,0
31485,0,0,0,0
31486,0,0,0,2
31487,0,1,250,613
31488,0,1,4,594
31489,1,2,2,4
3149,0,1,4,30
31490,1,2,3,3
31491,2,3,5,10
31492,15,44,149,315
31493,3,4,10,311
31494,1,2,9,13
31495,0,0,0,5
31496,0,0,0,2
31497,0,0,0,5
31498,0,0,0,0
31499,1,2,3,3
315,0,5,23,371
3150,0,0,19,55
31500,0,0,0,93
31501,0,1,1,8
31502,0,1,29,702
31503,0,5,23,539
31504,0,0,0,0
31505,2,3,8,11
31506,0,0,0,0
31507,2,3,5,15
31508,1,50,166,2213
31509,1,56,193,356
3151,0,0,46,94
31510,0,0,27,25
31511,1,2,2,126
31512,0,0,0,2
31513,0,0,16,16
31514,0,0,6,6
31515,0,0,6,6
31516,0,0,16,16
31517,0,0,0,103
31518,0,0,0,103
31519,0,0,16,16
3152,0,0,46,94
31520,2,3,34,35
31521,3,4,10,579
31522,0,0,16,16
31523,0,1,20,29
31524,10,35,169,246
31525,0,1,1,8
31526,0,1,1,18
31527,0,0,16,16
31528,0,0,0,5
31529,0,0,0,0
3153,0,9,54,54
31530,0,0,0,0
31531,0,0,0,12
31532,0,0,16,16
31533,0,0,0,5
31534,0,7,26,22
31535,0,13,62,147
31536,0,0,6,6
31537,0,5,23,274
31538,0,1,4,257
31539,0,0,0,5
3154,0,0,19,146
31540,1,2,2,23
31541,0,0,0,5
31542,0,0,0,37
31543,1,2,2,17
31544,0,1,21,24
31545,0,0,0,9
31546,0,0,0,5
31547,0,1,24,275
31548,0,0,0,2
31549,7,15,48,66
3155,0,1,4,204
31550,0,0,0,2
31551,1,2,9,26
31552,0,1,1,20
31553,0,0,0,2
31554,0,8,32,32
31555,0,0,213,2103
31556,0,0,0,2
31557,1,25,186,2281
31558,0,0,438,1204
31559,0,0,0,5
3156,0,1,4,125
31560,1,23,240,1788
31561,0,0,438,1204
31562,1,23,240,1788
31563,1,25,186,2281
31564,0,0,0,5
31565,0,0,0,2
31566,1,2,9,7219
31567,2,3,34,35
31568,0,0,213,5883
31569,3,4,10,3229
3157,0,9,65,211
31570,3,4,10,205
31571,0,1,110,747
31572,0,1,110,679
31573,3,4,10,320
31574,3,4,10,205
31575,2,3,66,972
31576,3,4,10,205
31577,0,1,139,298
31578,3,4,10,205
31579,0,1,110,5884
3158,0,1,1,74
31580,0,1,110,679
31581,3,4,10,3230
31582,0,1,139,298
31583,0,1,110,1789
31584,1,2,7,7
31585,3,4,10,993
31586,0,1,20,29
31587,1,50,166,280
31588,1,23,145,230
31589,1,39,152,283
3159,0,1,4,62
31590,0,0,92,139
31591,15,44,149,315
31592,0,1,1,38
31593,0,1,1,8
31594,0,0,0,0
31595,1,2,2,4
31596,0,0,0,0
31597,2,3,11,80
31598,11,28,80,97
31599,2,3,5,41
316,0,1,24,196
3160,0,1,1,104
31600,0,0,0,0
31601,1,2,3,3
31602,0,0,0,21
31603,1,2,9,127
31604,1,2,3,3
31605,0,0,0,0
31606,0,0,16,16
31607,2,3,5,10
31608,1,2,9,127
31609,0,0,0,21
3161,3,4,121,647
31610,0,0,0,21
31611,0,1,89,435
31612,2,3,34,35
31613,0,0,0,47
31614,0,0,0,1
31615,0,0,0,1
31616,0,0,0,1
31617,0,0,0,2
31618,0,0,0,5
31619,0,0,0,5
3162,3,4,67,99
31620,1,2,9,13
31621,7,15,48,5885
31622,0,0,0,5
31623,0,0,16,16
31624,0,0,16,16
31625,0,0,0,47
31626,0,0,0,47
31627,0,0,0,37
31628,0,0,6,6
31629,0,0,6,6
3163,12,66,269,530
31630,1,2,9,13
31631,0,0,0,5
31632,2,3,34,35
31633,0,0,16,16
31634,0,0,0,2
31635,1,2,2,17
31636,0,0,0,9
31637,0,9,54,54
31638,0,16,68,82
31639,0,1,1,20
3164,0,1,4,162
31640,0,1,21,24
31641,1,2,9,7220
31642,0,1,20,29
31643,0,1,13,60
31644,0,0,17,39
31645,0,0,45,71
31646,0,0,52,52
31647,1,2,53,53
31648,0,1,14,90
31649,0,0,41,106
3165,0,1,4,62
31650,1,2,9,13
31651,1,2,9,13
31652,0,1,1,74
31653,0,1,4,30
31654,0,0,0,5
31655,0,43,162,565
31656,3,45,194,7221
31657,0,0,0,2
31658,3,45,300,5886
31659,0,1,4,30
3166,0,1,4,30
31660,0,1,21,24
31661,0,1,1,20
31662,1,2,2,17
31663,0,0,0,9
31664,3,4,10,645
31665,0,1,110,1419
31666,0,0,6,70
31667,0,0,6,6
31668,1,2,9,355
31669,0,1,21,24
3167,2,3,100,1826
31670,1,2,2,17
31671,0,1,1,20
31672,0,0,6,6
31673,0,1,18,665
31674,1,2,2,17
31675,0,0,6,107
31676,0,0,0,5
31677,0,0,16,16
31678,0,0,0,9
31679,0,0,16,16
3168,0,0,19,55
31680,0,1,21,24
31681,0,1,1,20
31682,0,0,0,9
31683,6,14,531,1205
31684,0,1,63,120
31685,0,1,1,18
31686,0,1,1,8
31687,0,1,12,454
31688,0,1,14,50
31689,1,2,2,4
3169,3,4,215,432
31690,0,0,0,0
31691,1,2,3,3
31692,0,0,0,47
31693,2,3,131,190
31694,0,1,91,144
31695,0,1,33,210
31696,1,2,9,127
31697,0,1,33,7222
31698,0,1,1,8
31699,0,0,0,0
317,0,0,0,9
3170,0,0,133,235
31700,0,0,0,0
31701,0,0,0,1
31702,3,4,10,383
31703,1,2,9,46
31704,3,4,10,383
31705,0,0,16,16
31706,0,1,21,24
31707,0,0,0,1
31708,0,0,0,1
31709,0,0,0,1
3171,0,9,54,54
31710,1,2,9,46
31711,0,1,1,20
31712,0,0,0,170
31713,0,0,0,48
31714,0,1,13,60
31715,0,0,0,47
31716,0,0,0,21
31717,2,3,100,3231
31718,1,2,2,34
31719,0,0,0,72
3172,0,6,36,229
31720,1,2,2,68
31721,0,1,24,302
31722,0,0,0,86
31723,0,5,23,549
31724,0,0,0,5
31725,0,0,0,5
31726,0,0,0,1
31727,0,0,0,31
31728,0,1,4,350
31729,1,2,9,13
3173,0,0,0,77
31730,0,0,16,16
31731,0,1,1,65
31732,0,0,0,0
31733,1,2,2,4
31734,0,0,0,1
31735,1,2,3,3
31736,0,0,0,0
31737,0,0,6,6
31738,0,0,0,95
31739,0,0,0,95
3174,0,0,0,21
31740,2,3,34,35
31741,0,0,52,52
31742,1,2,53,53
31743,0,0,45,71
31744,0,0,17,39
31745,0,1,154,7223
31746,0,1,1,3232
31747,0,0,0,1
31748,0,0,0,0
31749,2,3,5,15
3175,0,0,0,1001
31750,0,0,0,0
31751,0,0,16,16
31752,0,0,0,47
31753,0,1,20,29
31754,0,0,0,0
31755,2,3,8,11
31756,0,0,0,0
31757,1,2,7,7
31758,2,3,5,10
31759,0,0,15,27
3176,0,0,0,1846
31760,1,2,3,3
31761,0,0,0,1
31762,0,0,0,321
31763,0,0,0,0
31764,1,2,2,4
31765,0,1,1,74
31766,1,2,9,13
31767,0,1,255,1422
31768,0,5,23,274
31769,1,2,9,13
3177,0,0,133,235
31770,3,4,116,299
31771,8,41,144,300
31772,6,14,122,263
31773,2,3,8,3233
31774,0,0,17,333
31775,0,1,14,340
31776,2,3,34,35
31777,3,4,10,876
31778,0,1,1,8
31779,1,2,2,23
3178,31,84,362,1847
31780,0,0,0,5
31781,0,0,0,5
31782,0,0,6,429
31783,1,2,9,627
31784,0,0,0,5
31785,1,2,9,13
31786,1,2,9,26
31787,0,0,0,5
31788,0,1,1,8
31789,0,0,0,9
3179,3,4,67,99
31790,0,0,0,5
31791,0,0,16,16
31792,0,0,0,37
31793,0,0,0,2
31794,0,1,1,44
31795,0,0,0,2
31796,0,0,0,1
31797,1,23,145,230
31798,1,50,166,280
31799,0,0,92,139
318,0,1,4,43
3180,3,4,67,99
31800,1,23,309,911
31801,1,56,193,356
31802,0,0,57,221
31803,1,2,2,40
31804,0,0,19,2236
31805,2,3,31,36
31806,1,2,7,7
31807,2,3,8,11
31808,2,3,11,80
31809,0,0,0,0
3181,0,0,46,94
31810,1,2,2,4
31811,18,49,164,244
31812,11,28,80,97
31813,2,3,5,41
31814,2,3,5,15
31815,0,0,6,6
31816,0,1,147,5887
31817,0,1,1,8
31818,0,0,0,0
31819,1,2,3,3
3182,0,0,0,21
31820,2,3,5,10
31821,0,0,213,2282
31822,0,0,0,5
31823,0,1,20,29
31824,0,1,1,18
31825,0,1,147,5888
31826,0,1,1,8
31827,1,2,3,3
31828,2,3,5,15
31829,1,2,3,3
3183,0,1,4,62
31830,0,0,0,0
31831,2,3,31,36
31832,0,0,17,131
31833,0,1,256,563
31834,0,0,0,5
31835,0,0,0,2
31836,0,0,0,0
31837,1,2,2,4
31838,0,0,38,1123
31839,0,0,19,255
3184,0,1,1,104
31840,0,1,13,1736
31841,2,3,8,11
31842,0,0,0,0
31843,3,4,10,7224
31844,0,0,0,468
31845,0,0,0,468
31846,0,0,0,47
31847,3,4,10,205
31848,0,1,110,7225
31849,2,3,66,972
3185,0,9,65,211
31850,0,1,20,29
31851,0,0,15,27
31852,1,2,7,7
31853,1,2,3,19
31854,2,3,5,10
31855,1,2,2,4
31856,0,0,0,1
31857,0,0,0,0
31858,0,0,0,1
31859,0,0,0,5
3186,0,1,4,385
31860,0,0,16,16
31861,1,2,9,87
31862,3,4,677,4550
31863,1,2,9,26
31864,0,0,0,2
31865,0,0,0,5
31866,0,0,6,429
31867,1,2,2,23
31868,0,0,0,5
31869,0,1,21,24
3187,0,1,4,30
31870,1,2,2,17
31871,0,0,975,4551
31872,0,0,16,16
31873,0,0,0,5
31874,1,2,9,627
31875,0,1,1,20
31876,0,0,0,9
31877,0,0,0,2
31878,0,0,0,5
31879,0,1,1,8
3188,0,1,4,385
31880,0,0,6,6
31881,0,0,16,16
31882,0,1,1,18
31883,0,0,0,5
31884,0,0,0,2
31885,1,2,9,26
31886,0,0,0,5
31887,2,3,5,15
31888,2,3,5,134
31889,1,2,3,3
3189,3,4,10,320
31890,1,2,3,3
31891,2,3,5,155
31892,2,3,131,190
31893,6,14,98,157
31894,0,0,16,16
31895,0,0,0,0
31896,3,4,10,28
31897,2,3,5,15
31898,1,2,2,4
31899,0,0,0,5
319,0,5,23,554
3190,0,0,636,1431
31900,0,0,0,2
31901,0,0,0,37
31902,0,0,0,2
31903,1,2,2,23
31904,7,15,48,66
31905,1,2,9,26
31906,0,0,0,5
31907,0,0,0,5
31908,0,0,320,4552
31909,0,0,16,16
3191,0,0,0,5
31910,0,1,33,210
31911,0,1,1,18
31912,0,1,63,120
31913,0,1,1,8
31914,0,0,0,21
31915,0,0,0,21
31916,0,0,0,21
31917,0,0,0,21
31918,0,9,54,54
31919,0,16,68,82
3192,0,0,0,2
31920,2,3,34,35
31921,2,3,34,35
31922,2,3,34,35
31923,0,1,21,24
31924,1,2,2,17
31925,0,0,0,9
31926,0,1,1,20
31927,0,0,0,9
31928,1,2,2,34
31929,0,1,24,153
3193,0,1,13,60
31930,0,5,23,497
31931,0,0,0,31
31932,0,1,4,43
31933,1,2,9,13
31934,2,3,131,190
31935,12,40,136,189
31936,0,0,27,25
31937,1,2,2,545
31938,0,1,12,464
31939,0,0,0,407
3194,0,1,1,8
31940,2,3,34,35
31941,1,2,69,84
31942,0,0,16,16
31943,0,0,16,16
31944,0,0,6,6
31945,1,2,69,84
31946,2,3,199,478
31947,1,2,69,84
31948,2,3,199,478
31949,0,0,6,6
3195,0,1,1,115
31950,0,0,6,6
31951,2,3,199,478
31952,1,2,69,4553
31953,2,3,111,150
31954,0,0,0,9
31955,1,2,2,17
31956,0,0,6,6
31957,0,1,21,24
31958,1,2,9,13
31959,0,1,20,29
3196,0,0,0,108
31960,2,3,131,190
31961,0,1,22,318
31962,0,1,18,176
31963,0,1,1,8
31964,0,1,1,38
31965,0,0,16,16
31966,0,0,6,6
31967,0,0,16,16
31968,1,2,2,505
31969,1,2,2,1790
3197,0,1,12,454
31970,0,0,15,2074
31971,0,0,157,2325
31972,0,1,1569,5889
31973,0,21,72,225
31974,0,0,157,2075
31975,0,0,27,25
31976,0,0,15,2326
31977,0,0,17,131
31978,0,0,0,630
31979,0,0,15,2074
3198,0,1,4,967
31980,0,0,17,131
31981,0,0,45,5890
31982,0,0,27,25
31983,0,0,15,2326
31984,0,21,72,225
31985,0,0,157,2075
31986,8,29,94,405
31987,0,0,6,6
31988,0,0,0,1
31989,8,29,94,405
3199,0,0,0,0
31990,1,2,2,505
31991,1,2,2,1790
31992,0,0,157,2325
31993,0,0,0,47
31994,0,0,0,1
31995,0,1,1,8
31996,0,1,1,74
31997,0,1,4,907
31998,2,3,34,5891
31999,0,1,976,4554
32,0,0,6,6
320,0,1,1,8
3200,0,0,0,0
32000,0,1,1,8
32001,0,1,1,38
32002,0,1,18,176
32003,0,0,0,93
32004,0,1,1,8
32005,0,5,23,539
32006,0,1,250,613
32007,0,0,0,5
32008,0,1,1,38
32009,0,1,1,8
3201,0,1,1,8
32010,0,1,4,594
32011,0,0,0,2
32012,1,2,69,84
32013,0,1,1,38
32014,0,1,1,8
32015,3,4,10,2115
32016,1,2,9,87
32017,0,1,24,275
32018,0,1,4,907
32019,0,1,1,5892
3202,0,1,1,18
32020,0,0,0,9
32021,0,0,16,16
32022,0,1,4,257
32023,1,2,2,17
32024,0,1,20,29
32025,1,2,2,17
32026,0,1,1,20
32027,0,1,21,24
32028,0,0,0,47
32029,0,0,0,1
3203,0,1,1,8
32030,0,0,0,47
32031,0,0,0,1
32032,0,1,1,20
32033,0,1,24,153
32034,0,1,4,43
32035,4,18,198,7226
32036,0,1,4,669
32037,2,3,428,969
32038,0,5,23,143
32039,0,1,1,38
3204,0,1,1,18
32040,0,1,1,8
32041,1,2,2,23
32042,0,0,0,2
32043,1,2,2,7227
32044,1,2,2,23
32045,0,0,0,2
32046,1,2,2,5893
32047,0,0,0,5
32048,0,0,0,5
32049,0,0,0,2
3205,0,0,0,5
32050,0,0,0,5
32051,0,0,0,47
32052,0,0,0,1
32053,1,2,9,13
32054,1,2,9,46
32055,1,2,2,23
32056,1,2,9,627
32057,0,0,0,5
32058,0,0,0,72
32059,0,0,0,9
3206,0,0,0,2
32060,0,0,0,21
32061,2,3,100,5894
32062,1,2,2,34
32063,1,2,2,68
32064,0,1,4,30
32065,0,0,0,5
32066,0,0,6,429
32067,0,0,0,31
32068,0,0,0,86
32069,0,1,4,350
3207,0,0,0,769
32070,0,1,24,302
32071,0,5,23,549
32072,0,0,0,47
32073,0,0,0,47
32074,0,0,0,1
32075,0,0,0,1
32076,0,1,1,8
32077,0,1,1,38
32078,0,1,1,8
32079,0,1,21,24
3208,0,0,0,31
32080,0,0,0,9
32081,1,2,9,87
32082,13,37,107,198
32083,1,2,9,87
32084,0,1,21,24
32085,1,2,2,17
32086,0,0,0,1
32087,1,2,2,40
32088,0,0,0,9
32089,2,3,111,150
3209,0,1,1,8
32090,0,1,1,8
32091,0,0,0,2
32092,0,0,0,5
32093,0,0,16,16
32094,1,2,9,13
32095,0,0,0,5
32096,0,0,61,89
32097,0,0,16,16
32098,1,2,9,13
32099,1,2,9,13
321,0,0,0,72
3210,0,1,1,18
32100,0,1,4,594
32101,0,1,250,613
32102,0,1,29,702
32103,0,0,0,2
32104,0,5,23,539
32105,0,0,61,89
32106,0,0,16,16
32107,0,1,1,8
32108,0,0,0,93
32109,1,2,9,13
3211,0,0,438,1204
32110,0,0,16,16
32111,0,0,0,5
32112,0,16,68,82
32113,0,9,65,213
32114,0,9,54,54
32115,0,5,23,5895
32116,0,1,4,350
32117,0,0,0,72
32118,0,1,24,302
32119,7,15,48,66
3212,0,0,0,5
32120,0,0,0,2
32121,1,2,9,26
32122,0,0,0,37
32123,0,0,0,5
32124,0,0,0,21
32125,2,3,100,4555
32126,0,0,0,31
32127,1,2,2,68
32128,1,2,2,23
32129,0,0,246,534
3213,0,0,0,2
32130,12,40,136,189
32131,0,0,6,6
32132,0,0,16,16
32133,0,1,4,162
32134,0,0,16,16
32135,0,0,6,6
32136,0,1,1,38
32137,0,1,1,8
32138,1,2,9,13
32139,0,7,26,22
3214,0,0,27,25
32140,0,13,62,147
32141,0,7,26,22
32142,0,7,26,22
32143,0,13,62,147
32144,0,0,16,16
32145,0,0,0,9
32146,0,0,0,2
32147,1,2,9,13
32148,0,7,26,22
32149,0,0,0,5
3215,1,2,2,23
32150,0,0,0,2
32151,1,2,9,26
32152,10,35,169,246
32153,0,0,0,5
32154,0,1,110,1343
32155,3,4,10,320
32156,0,0,0,5
32157,0,0,0,5
32158,0,0,46,94
32159,0,9,330,659
3216,0,0,0,2
32160,0,0,19,1530
32161,3,4,466,1003
32162,0,1,20,29
32163,0,0,0,2
32164,0,0,0,5
32165,1,2,9,26
32166,0,0,16,16
32167,0,7,26,22
32168,0,13,62,147
32169,0,7,26,22
3217,2,3,90,256
32170,8,41,144,300
32171,3,4,116,299
32172,0,0,0,5
32173,0,0,0,2
32174,0,0,15,140
32175,1,2,2,23
32176,1,25,186,1892
32177,1,2,2,23
32178,1,2,9,26
32179,7,15,48,66
3218,16,48,161,252
32180,0,0,0,5
32181,0,0,0,37
32182,0,0,0,2
32183,0,1,18,176
32184,0,1,1,38
32185,1,2,2,908
32186,0,0,0,1389
32187,6,14,184,305
32188,1,2,9,46
32189,0,0,0,21
3219,0,1,71,202
32190,1,2,9,13
32191,0,0,61,89
32192,0,0,16,16
32193,0,0,0,5
32194,0,0,1132,3234
32195,0,0,52,52
32196,1,2,53,53
32197,0,0,17,39
32198,0,0,52,52
32199,1,2,53,53
322,0,5,23,323
3220,0,0,0,0
32200,1,2,3,3
32201,0,0,0,0
32202,2,3,5,15
32203,0,1,148,562
32204,0,1,13,2102
32205,0,0,0,0
32206,1,2,7,7
32207,2,3,5,15
32208,0,0,0,0
32209,0,0,0,2
3221,1,2,3,33
32210,2,3,8,11
32211,0,0,0,1
32212,1,2,3,3
32213,0,0,0,0
32214,1,2,2,4
32215,0,1,4,345
32216,0,5,212,4556
32217,0,1,598,4557
32218,0,1,51,1791
32219,2,3,5,15
3222,0,0,0,12
32220,2,3,284,1577
32221,2,3,44,2305
32222,2,3,50,1206
32223,2,3,11,1100
32224,2,3,50,909
32225,1,2,3,4558
32226,3,4,10,7228
32227,2,3,8,1792
32228,0,0,0,47
32229,2,3,44,1793
3223,2,3,11,14
32230,2,3,50,1576
32231,0,0,0,154
32232,2,3,11,1207
32233,0,0,0,0
32234,2,3,8,3235
32235,2,3,8,582
32236,2,3,5,689
32237,0,0,0,1
32238,1,2,2,4
32239,1,2,7,7
3224,1,2,7,7
32240,1,2,3,33
32241,1,12,43,4559
32242,0,0,0,12
32243,0,0,6,6
32244,2,3,31,297
32245,0,0,6,6
32246,0,0,6,6
32247,0,0,0,9
32248,0,1,1,20
32249,1,2,2,17
3225,2,3,5,67
32250,0,1,21,24
32251,1,19,495,7229
32252,0,0,0,0
32253,0,0,0,0
32254,1,2,3,3
32255,0,0,0,0
32256,0,0,0,0
32257,1,2,9,13
32258,1,2,2,4
32259,0,0,0,0
3226,2,3,5,67
32260,0,0,0,1
32261,0,0,0,2
32262,1,2,3,3
32263,1,2,7,7
32264,0,0,16,16
32265,0,0,0,95
32266,0,0,0,95
32267,2,3,34,35
32268,0,0,0,95
32269,1,2,9,632
3227,1,2,2,4
32270,7,15,48,265
32271,0,1,20,29
32272,41,283,1570,5896
32273,0,1,14,249
32274,0,0,19,173
32275,1,2,2,293
32276,0,0,0,5
32277,0,0,0,2
32278,0,1,154,607
32279,0,1,18,152
3228,0,0,314,722
32280,0,1,18,742
32281,0,1,1,8
32282,0,1,18,547
32283,0,1,1,20
32284,1,2,2,17
32285,0,0,0,9
32286,0,1,21,24
32287,0,0,157,1257
32288,0,1,507,1046
32289,0,0,15,135
3229,0,0,0,903
32290,0,0,27,25
32291,1,2,2,126
32292,0,0,15,135
32293,1,2,9,13
32294,0,1,626,5897
32295,0,1,977,4560
32296,0,1,4,7230
32297,0,1,29,4561
32298,0,0,0,0
32299,0,0,0,0
323,0,1,4,43
3230,1,2,9,127
32300,0,0,0,2
32301,1,2,7,7
32302,1,2,3,3
32303,0,0,0,1
32304,0,0,0,0
32305,1,2,2,4
32306,2,3,8,11
32307,0,0,0,0
32308,1,2,2,4
32309,2,3,5,10
3231,2,3,416,863
32310,2,3,5,15
32311,2,3,31,36
32312,1,2,3,3
32313,2,3,31,36
32314,2,3,5,15
32315,2,3,8,11
32316,2,3,11,80
32317,5,33,1133,3236
32318,0,0,0,0
32319,11,28,80,97
3232,0,1,21,648
32320,2,3,5,41
32321,2,3,5,10
32322,1,2,3,3
32323,1,2,3,3
32324,0,1,39,58
32325,0,0,0,0
32326,2,3,8,138
32327,0,0,0,0
32328,1,2,3,3
32329,3,4,10,28
3233,0,0,47,73
32330,0,0,0,0
32331,2,3,8,11
32332,0,0,0,1
32333,1,2,3,3
32334,1,2,2,4
32335,0,0,0,0
32336,1,2,7,7
32337,2,3,5,15
32338,2,3,5,15
32339,1,2,7,7
3234,0,1,22,309
32340,0,0,0,0
32341,0,0,0,1
32342,1,2,2,4
32343,2,3,8,11
32344,0,0,0,0
32345,1,2,3,3
32346,1,2,3,3
32347,0,1,39,58
32348,0,0,0,0
32349,2,3,8,138
3235,0,1,1,8
32350,0,0,0,0
32351,1,2,3,3
32352,0,0,0,0
32353,1,2,3,3
32354,2,3,8,138
32355,0,0,0,0
32356,0,1,39,58
32357,1,2,3,3
32358,1,2,7,7
32359,0,0,0,0
3236,1,2,3,1056
32360,0,0,15,27
32361,2,3,11,14
32362,2,3,8,11
32363,0,0,0,1
32364,1,2,2,4
32365,1,2,3,3
32366,0,0,0,12
32367,0,0,0,2
32368,0,0,0,0
32369,1,12,401,910
3237,3,4,10,4734
32370,1,2,7,7
32371,2,3,5,41
32372,2,3,11,14
32373,0,1,39,58
32374,0,0,0,0
32375,1,2,2,4
32376,1,2,3,3
32377,0,0,0,12
32378,1,2,7,7
32379,0,0,0,0
3238,0,1,110,3392
32380,2,3,31,36
32381,3,4,10,963
32382,2,3,11,14
32383,1,2,2,4
32384,0,0,0,12
32385,0,0,0,0
32386,1,2,7,7
32387,0,0,0,1
32388,0,0,0,1
32389,2,3,8,188
3239,3,4,10,4735
32390,2,3,8,11
32391,0,0,0,12
32392,0,0,0,2
32393,0,0,0,0
32394,1,2,3,3
32395,2,3,5,41
32396,1,2,3,3
32397,1,2,2,4
32398,0,0,0,1
32399,0,0,0,0
324,0,0,0,9
3240,0,0,0,0
32400,0,0,0,12
32401,2,3,8,11
32402,0,0,0,0
32403,1,2,3,3
32404,1,2,7,7
32405,2,3,5,15
32406,1,2,7,7
32407,1,2,2,4
32408,0,0,0,0
32409,0,0,0,1
3241,0,0,0,2
32410,2,3,8,11
32411,0,0,0,0
32412,1,2,3,3
32413,0,0,0,0
32414,1,2,7,7
32415,2,3,8,11
32416,2,3,272,1794
32417,1,2,3,3
32418,1,2,2,4
32419,0,0,0,0
3242,1,2,7,7
32420,2,3,11,14
32421,2,3,5,15
32422,0,0,0,1
32423,2,3,11,14
32424,2,3,5,10
32425,0,0,0,0
32426,1,2,3,3
32427,0,0,0,1
32428,1,2,2,4
32429,2,3,5,41
3243,2,3,8,11
32430,0,0,0,0
32431,0,0,0,0
32432,1,2,7,7
32433,2,3,8,11
32434,2,3,11,80
32435,1,2,3,3
32436,2,3,5,976
32437,1,2,2,4
32438,0,0,0,0
32439,2,3,31,36
3244,1,2,3,3
32440,18,49,164,244
32441,11,28,80,97
32442,2,3,5,41
32443,2,3,5,15
32444,0,0,0,2
32445,0,0,0,12
32446,1,2,3,3
32447,0,0,0,0
32448,1,2,2,4
32449,2,3,8,11
3245,0,0,0,0
32450,2,3,5,10
32451,0,0,0,2
32452,0,0,0,0
32453,2,3,8,11
32454,0,0,0,0
32455,0,0,0,1
32456,0,0,0,1
32457,1,2,2,4
32458,2,3,5,15
32459,1,2,3,3
3246,1,2,2,4
32460,0,0,0,0
32461,2,3,5,15
32462,0,0,0,1
32463,0,0,0,0
32464,1,2,3,3
32465,1,2,2,4
32466,2,3,5,15
32467,0,1,39,58
32468,1,2,2,4
32469,0,0,0,0
3247,3,4,10,28
32470,1,2,3,3
32471,2,3,8,11
32472,1,2,7,7
32473,0,0,0,0
32474,0,0,0,2
32475,2,3,5,15
32476,2,3,8,124
32477,2,3,44,59
32478,2,3,5,15
32479,2,3,50,351
3248,2,3,5,15
32480,0,30,159,352
32481,0,0,0,0
32482,3,4,10,28
32483,1,2,2,4
32484,2,3,8,11
32485,1,2,7,7
32486,1,2,3,3
32487,2,3,8,79
32488,2,3,31,36
32489,2,3,31,36
3249,0,0,0,2
32490,2,3,8,79
32491,2,3,8,11
32492,1,2,7,7
32493,3,4,10,28
32494,2,3,44,59
32495,0,0,0,0
32496,1,2,2,4
32497,0,30,159,352
32498,2,3,5,15
32499,2,3,8,124
325,0,1,4,43
3250,0,0,0,1
32500,2,3,50,351
32501,1,2,3,3
32502,1,2,7,7
32503,0,0,0,1
32504,1,2,2,4
32505,0,0,0,0
32506,0,0,0,12
32507,0,0,0,2
32508,1,2,3,3
32509,0,0,0,2
3251,0,0,0,75
32510,0,0,0,12
32511,1,2,3,3
32512,1,2,2,4
32513,0,0,0,1
32514,0,1,39,1268
32515,0,0,0,0
32516,0,0,0,0
32517,1,2,3,3
32518,0,0,0,0
32519,1,2,2,4
3252,0,1,217,1848
32520,3,4,10,28
32521,0,1,39,58
32522,2,3,5,15
32523,3,4,10,28
32524,1,2,7,7
32525,0,0,0,0
32526,2,3,5,10
32527,2,3,8,138
32528,0,0,0,0
32529,1,2,3,3
3253,2,3,34,35
32530,3,4,10,28
32531,1,2,7,7
32532,0,21,72,165
32533,0,0,0,0
32534,2,3,5,10
32535,2,3,8,138
32536,2,3,44,485
32537,0,0,0,0
32538,1,2,3,3
32539,2,3,11,14
3254,2,3,34,35
32540,0,1,39,58
32541,2,3,5,41
32542,2,3,8,11
32543,0,0,0,0
32544,1,2,7,7
32545,0,0,0,12
32546,2,3,8,79
32547,2,3,11,14
32548,2,3,8,1795
32549,2,3,31,36
3255,0,0,0,0
32550,1,2,2,4
32551,2,3,50,351
32552,1,2,7,7
32553,0,0,0,12
32554,0,0,0,1
32555,2,3,44,59
32556,0,0,0,12
32557,0,0,0,12
32558,2,3,5,15
32559,1,2,3,3
3256,1,2,2,4
32560,1,2,3,3
32561,2,3,5,41
32562,0,0,0,1
32563,1,2,2,4
32564,0,0,0,0
32565,1,2,3,3
32566,0,0,0,1
32567,0,0,0,12
32568,2,3,8,11
32569,0,0,0,0
3257,0,0,0,0
32570,1,2,7,7
32571,0,0,0,0
32572,2,3,8,138
32573,0,0,0,0
32574,2,3,5,10
32575,1,2,7,7
32576,3,4,10,28
32577,1,2,3,3
32578,0,0,0,2
32579,0,0,0,12
3258,0,0,0,2
32580,1,2,3,3
32581,0,0,0,0
32582,1,2,2,4
32583,2,3,5,10
32584,2,3,8,11
32585,0,0,0,0
32586,2,3,8,11
32587,0,0,0,1
32588,1,2,2,4
32589,0,0,0,0
3259,2,3,5,67
32590,2,3,31,36
32591,2,3,5,15
32592,1,2,7,7
32593,1,2,3,3
32594,0,0,0,0
32595,2,3,8,138
32596,0,0,0,0
32597,2,3,5,10
32598,1,2,7,7
32599,1,2,3,3
326,0,5,23,554
3260,0,0,0,1
32600,3,4,10,28
32601,3,4,10,28
32602,0,0,0,0
32603,1,2,7,7
32604,0,21,72,165
32605,2,3,5,10
32606,2,3,8,138
32607,1,2,3,3
32608,0,0,0,0
32609,0,1,39,58
3261,1,2,3,33
32610,2,3,5,10
32611,2,3,8,138
32612,0,0,0,0
32613,1,2,7,7
32614,1,2,3,3
32615,0,0,0,0
32616,0,0,0,0
32617,2,3,8,11
32618,2,3,11,80
32619,1,2,3,3
3262,1,2,7,7
32620,0,0,0,0
32621,0,0,0,2
32622,2,3,8,11
32623,0,0,0,1
32624,0,0,0,0
32625,1,2,3,3
32626,1,2,7,7
32627,1,2,2,4
32628,0,1,39,58
32629,2,3,5,15
3263,1,2,7,7
32630,0,0,0,0
32631,2,3,8,138
32632,2,3,5,10
32633,0,0,0,0
32634,3,4,10,28
32635,1,2,3,3
32636,2,3,11,14
32637,2,3,5,15
32638,1,2,2,4
32639,0,0,0,0
3264,2,3,44,59
32640,0,0,0,2
32641,1,2,3,3
32642,0,0,0,2
32643,0,0,0,12
32644,0,0,0,0
32645,1,2,2,4
32646,1,2,3,3
32647,2,3,8,11
32648,0,0,0,1
32649,0,0,0,0
3265,1,2,9,13
32650,0,0,0,0
32651,0,0,0,1
32652,1,2,3,3
32653,0,0,0,12
32654,0,0,0,2
32655,2,3,11,14
32656,1,2,2,4
32657,0,0,0,0
32658,0,0,0,2
32659,2,3,8,11
3266,0,1,13,490
32660,0,0,0,12
32661,1,2,3,3
32662,1,2,7,7
32663,0,0,0,0
32664,1,2,2,4
32665,0,0,0,0
32666,0,0,0,0
32667,1,2,7,7
32668,2,3,8,414
32669,1,2,3,114
3267,1,2,2,4
32670,0,0,0,12
32671,0,0,0,1
32672,2,3,8,233
32673,0,0,0,2
32674,1,2,3,91
32675,2,3,11,14
32676,0,0,0,1
32677,2,3,5,41
32678,0,0,0,0
32679,0,0,0,0
3268,0,0,0,1
32680,2,3,8,138
32681,3,4,10,28
32682,2,3,5,10
32683,1,2,7,7
32684,1,2,3,3
32685,2,3,5,15
32686,0,0,0,0
32687,1,2,3,3
32688,2,3,8,11
32689,0,0,0,0
3269,2,3,5,41
32690,11,28,80,97
32691,2,3,5,41
32692,0,0,0,0
32693,1,2,3,3
32694,2,3,11,80
32695,2,3,8,11
32696,1,2,7,7
32697,0,0,0,0
32698,2,3,31,36
32699,0,0,0,0
327,0,1,24,635
3270,0,0,0,0
32700,0,0,0,0
32701,11,28,80,97
32702,2,3,5,41
32703,1,2,3,3
32704,0,0,0,1
32705,0,0,0,1
32706,0,0,0,12
32707,0,0,0,1
32708,2,3,8,233
32709,1,2,3,114
3271,1,2,3,3
32710,2,3,8,79
32711,1,2,2,4
32712,0,0,0,12
32713,1,2,3,91
32714,0,0,0,1
32715,2,3,11,14
32716,1,2,7,7
32717,2,3,8,124
32718,0,0,0,2
32719,0,0,0,0
3272,0,0,0,1
32720,0,0,0,0
32721,0,0,0,2
32722,0,0,0,12
32723,1,2,2,4
32724,1,2,3,3
32725,2,3,11,14
32726,0,0,0,1
32727,1,2,7,7
32728,2,3,8,11
32729,0,0,0,0
3273,5,33,303,2379
32730,0,0,0,1
32731,1,2,2,4
32732,1,2,3,3
32733,0,0,0,12
32734,0,0,0,2
32735,0,0,0,0
32736,3,4,10,735
32737,0,1,39,58
32738,0,0,0,1
32739,2,3,5,41
3274,0,1,39,58
32740,1,2,2,4
32741,0,0,0,0
32742,0,0,0,12
32743,2,3,8,11
32744,1,2,7,7
32745,0,0,0,1
32746,0,0,0,0
32747,1,2,3,3
32748,2,3,11,14
32749,5,33,303,5898
3275,0,0,0,2
32750,0,0,0,2
32751,0,0,0,2
32752,2,3,5,41
32753,0,0,0,0
32754,0,21,72,165
32755,0,0,0,0
32756,2,3,8,138
32757,0,0,0,0
32758,2,3,5,10
32759,1,2,7,7
3276,1,2,7,7
32760,3,4,10,28
32761,1,2,3,3
32762,3,4,10,28
32763,0,0,0,0
32764,2,3,8,11
32765,0,0,0,1
32766,0,0,0,0
32767,1,2,2,4
32768,1,2,7,7
32769,2,3,5,15
3277,0,0,0,0
32770,1,2,3,3
32771,0,0,0,2
32772,0,0,0,12
32773,1,2,3,3
32774,1,2,2,4
32775,0,0,0,0
32776,0,0,0,1
32777,2,3,8,11
32778,2,3,5,10
32779,1,2,2,4
3278,0,0,0,2
32780,2,3,8,11
32781,0,0,0,0
32782,1,2,3,3
32783,0,0,0,12
32784,0,0,0,2
32785,1,12,401,910
32786,0,0,0,0
32787,0,0,0,2
32788,0,0,0,0
32789,0,0,0,1
3279,0,6,73,491
32790,2,3,5,41
32791,2,3,11,14
32792,1,2,7,7
32793,1,2,2,4
32794,1,2,3,3
32795,1,12,401,910
32796,0,0,0,2
32797,0,0,0,12
32798,1,2,3,3
32799,1,2,2,4
328,0,1,4,43
3280,0,1,37,239
32800,0,0,0,1
32801,2,3,11,14
32802,1,2,7,7
32803,0,0,0,0
32804,0,0,0,2
32805,0,0,0,0
32806,0,0,0,0
32807,1,2,2,4
32808,2,3,11,14
32809,1,2,7,7
3281,0,1,4,78
32810,1,2,3,3
32811,0,0,0,2
32812,0,0,0,12
32813,0,0,0,0
32814,2,3,8,11
32815,0,0,0,1
32816,1,2,2,4
32817,1,2,3,3
32818,2,3,5,41
32819,2,3,11,14
3282,0,1,1,8
32820,0,0,0,1
32821,1,2,3,91
32822,2,3,8,233
32823,0,0,0,2
32824,0,0,0,12
32825,1,2,3,114
32826,2,3,8,414
32827,0,0,0,1
32828,1,2,7,7
32829,0,0,0,1
3283,0,1,20,29
32830,3,4,10,28
32831,2,3,5,976
32832,0,0,0,0
32833,1,2,3,3
32834,1,2,7,7
32835,2,3,8,11
32836,0,0,0,0
32837,2,3,5,15
32838,1,2,2,4
32839,0,0,0,2
3284,0,0,17,39
32840,0,0,0,12
32841,0,0,0,0
32842,0,0,0,1
32843,1,2,3,3
32844,1,2,2,4
32845,2,3,5,10
32846,1,2,3,3
32847,0,0,0,0
32848,2,3,8,11
32849,0,0,0,0
3285,2,3,8,4736
32850,2,3,5,15
32851,0,0,0,0
32852,0,0,0,0
32853,0,0,0,0
32854,2,3,8,11
32855,0,0,0,0
32856,1,2,3,3
32857,2,3,5,10
32858,2,3,5,15
32859,1,2,3,3
3286,0,0,0,0
32860,0,0,0,0
32861,2,3,8,11
32862,0,0,0,0
32863,0,0,0,0
32864,2,3,8,11
32865,1,2,3,3
32866,0,0,0,0
32867,2,3,5,15
32868,1,2,7,7
32869,2,3,11,14
3287,1,2,3,3
32870,1,2,2,4
32871,0,0,0,0
32872,0,0,0,0
32873,0,0,0,2
32874,1,2,3,3
32875,3,4,10,963
32876,2,3,11,14
32877,0,1,39,58
32878,0,0,0,0
32879,1,2,3,3
3288,0,1,37,182
32880,0,0,0,12
32881,0,0,0,0
32882,1,2,7,7
32883,2,3,31,36
32884,0,0,0,2
32885,2,3,11,14
32886,1,2,7,7
32887,0,0,0,1
32888,3,4,10,28
32889,0,0,0,0
3289,0,1,1,193
32890,1,2,2,4
32891,1,2,3,3
32892,2,3,8,11
32893,0,0,0,0
32894,2,3,5,15
32895,2,3,8,138
32896,0,0,0,0
32897,2,3,5,10
32898,2,3,5,15
32899,1,2,7,7
329,0,5,23,554
3290,0,1,24,4737
32900,0,0,0,0
32901,0,0,0,0
32902,2,3,5,10
32903,0,0,0,0
32904,2,3,11,80
32905,1,2,7,7
32906,2,3,8,11
32907,0,0,0,0
32908,2,3,11,14
32909,0,0,0,1
3291,0,1,4,49
32910,1,2,7,7
32911,2,3,5,15
32912,0,0,0,0
32913,1,2,2,4
32914,0,0,0,1
32915,2,3,8,11
32916,0,0,0,2
32917,0,0,0,0
32918,1,2,3,3
32919,0,0,0,0
3292,0,1,18,152
32920,2,3,8,11
32921,1,2,3,3
32922,0,0,0,0
32923,2,3,5,976
32924,1,2,2,4
32925,3,4,10,28
32926,0,0,0,1
32927,2,3,5,15
32928,0,0,0,0
32929,0,0,0,0
3293,0,1,18,615
32930,2,3,8,138
32931,2,3,5,10
32932,3,4,10,28
32933,1,2,7,7
32934,1,2,3,3
32935,3,4,10,735
32936,0,1,39,58
32937,0,0,0,1
32938,0,0,0,0
32939,2,3,5,41
3294,0,1,1,96
32940,1,2,2,4
32941,0,0,0,12
32942,2,3,8,11
32943,2,3,11,14
32944,0,0,0,1
32945,0,0,0,0
32946,1,2,7,7
32947,0,0,0,2
32948,1,2,3,3
32949,5,33,303,7231
3295,0,0,28,932
32950,0,0,0,2
32951,0,0,0,0
32952,2,3,8,11
32953,1,2,7,7
32954,0,0,0,0
32955,1,2,2,4
32956,2,3,5,10
32957,1,2,3,3
32958,2,3,5,10
32959,1,2,2,4
3296,0,0,0,2
32960,0,0,0,0
32961,2,3,8,11
32962,1,2,7,7
32963,0,0,0,0
32964,1,2,3,3
32965,2,3,5,15
32966,2,3,5,10
32967,0,0,0,0
32968,1,2,3,3
32969,2,3,8,11
3297,0,0,0,1
32970,0,0,0,0
32971,0,0,0,2
32972,0,0,0,0
32973,2,3,8,11
32974,0,0,0,12
32975,0,0,0,0
32976,0,0,0,1
32977,1,2,2,4
32978,1,2,7,7
32979,2,3,8,188
3298,0,0,0,47
32980,0,0,0,1
32981,2,3,11,14
32982,1,2,3,3
32983,0,0,0,1
32984,1,2,7,7
32985,0,0,0,0
32986,2,3,5,10
32987,1,2,3,19
32988,1,2,2,4
32989,1,2,7,7
3299,1,2,7,7
32990,0,0,0,0
32991,2,3,8,11
32992,2,3,5,41
32993,2,3,11,14
32994,0,0,0,12
32995,0,1,39,58
32996,2,3,44,485
32997,0,0,0,0
32998,2,3,8,11
32999,0,0,0,0
33,0,1,12,916
330,0,1,24,635
3300,0,0,0,0
33000,0,0,0,1
33001,1,2,2,4
33002,1,2,3,3
33003,2,3,5,10
33004,1,2,7,7
33005,0,0,0,0
33006,1,2,3,19
33007,0,0,0,1
33008,0,0,0,2
33009,1,2,2,4
3301,1,2,7,7
33010,0,0,0,1
33011,0,0,0,1
33012,1,2,7,7
33013,0,0,0,1
33014,2,3,5,10
33015,1,2,2,4
33016,1,2,3,19
33017,0,0,0,0
33018,3,4,10,28
33019,0,0,0,0
3302,0,0,15,27
33020,2,3,8,11
33021,0,0,0,0
33022,1,2,7,7
33023,1,2,3,19
33024,2,3,5,10
33025,0,0,0,0
33026,0,0,0,2
33027,1,2,7,7
33028,2,3,8,11
33029,1,2,3,3
3303,2,3,5,10
33030,2,3,5,10
33031,0,0,0,0
33032,2,3,31,36
33033,2,3,5,10
33034,1,2,2,4
33035,0,0,0,387
33036,0,0,0,0
33037,2,3,31,36
33038,0,0,0,0
33039,1,2,7,7
3304,0,0,0,0
33040,2,3,8,11
33041,2,3,11,80
33042,1,2,3,3
33043,0,0,0,0
33044,11,28,80,97
33045,2,3,5,41
33046,0,0,0,0
33047,0,0,0,0
33048,11,28,80,97
33049,2,3,5,41
3305,2,3,5,10
33050,2,3,11,14
33051,0,0,0,0
33052,1,2,2,4
33053,2,3,5,41
33054,2,3,44,485
33055,0,0,0,1
33056,0,1,39,58
33057,1,12,43,771
33058,1,2,7,7
33059,1,2,3,3
3306,0,0,0,2
33060,2,3,11,14
33061,1,2,7,7
33062,2,3,5,15
33063,0,0,0,1
33064,1,2,2,4
33065,0,0,0,0
33066,0,0,0,1
33067,0,0,0,0
33068,1,2,3,3
33069,3,4,10,28
3307,0,0,0,0
33070,1,2,7,7
33071,2,3,5,10
33072,0,0,0,0
33073,2,3,8,138
33074,1,2,3,3
33075,0,0,0,0
33076,2,3,5,15
33077,0,0,0,0
33078,1,2,3,3
33079,0,0,0,0
3308,1,2,3,19
33080,2,3,5,5899
33081,2,3,8,11
33082,18,49,164,244
33083,11,28,80,97
33084,2,3,5,41
33085,2,3,5,10
33086,2,3,44,59
33087,0,0,0,0
33088,1,2,7,7
33089,2,3,5,10
3309,2,3,5,10
33090,2,3,8,138
33091,0,0,0,0
33092,1,2,3,3
33093,0,0,0,0
33094,0,0,0,2
33095,0,0,0,0
33096,0,0,0,1
33097,1,2,7,7
33098,2,3,11,14
33099,1,2,3,3
331,0,1,4,43
3310,1,2,7,7
33100,1,2,2,4
33101,0,0,0,2
33102,0,0,0,12
33103,0,0,0,0
33104,1,2,2,4
33105,2,3,8,11
33106,0,0,0,1
33107,1,2,3,3
33108,0,0,0,2
33109,2,3,11,14
3311,0,0,15,27
33110,0,0,0,1
33111,1,2,7,7
33112,0,0,0,0
33113,2,3,8,11
33114,0,0,0,12
33115,1,2,2,4
33116,0,0,0,0
33117,0,1,39,58
33118,2,3,5,41
33119,0,0,0,1
3312,1,2,7,7
33120,3,4,10,735
33121,0,0,0,2
33122,5,33,303,3237
33123,1,2,3,3
33124,0,0,0,2
33125,0,0,0,12
33126,0,0,0,0
33127,1,2,3,3
33128,1,2,2,4
33129,2,3,8,11
3313,2,3,5,10
33130,0,0,0,1
33131,0,0,0,12
33132,1,2,3,3
33133,1,2,2,4
33134,0,0,0,2
33135,0,0,0,0
33136,11,28,80,97
33137,2,3,5,41
33138,0,0,0,0
33139,1,2,3,3
3314,1,2,2,4
33140,2,3,11,80
33141,2,3,8,11
33142,1,2,7,7
33143,0,0,0,0
33144,2,3,31,36
33145,1,2,2,4
33146,1,2,3,3
33147,0,0,0,0
33148,2,3,8,1313
33149,2,3,8,389
3315,0,0,0,2
33150,0,0,0,0
33151,0,0,0,0
33152,2,3,8,11
33153,1,2,7,7
33154,0,0,0,0
33155,2,3,5,976
33156,1,2,2,4
33157,1,2,3,3
33158,2,3,5,10
33159,18,49,164,244
3316,0,0,0,0
33160,11,28,80,97
33161,2,3,5,41
33162,2,3,31,36
33163,2,3,5,15
33164,0,0,0,0
33165,1,2,3,3
33166,2,3,8,138
33167,0,0,0,0
33168,0,0,0,0
33169,0,0,0,0
3317,2,3,8,11
33170,1,2,3,3
33171,0,1,39,58
33172,0,0,0,0
33173,2,3,8,138
33174,0,0,0,0
33175,1,2,3,3
33176,2,3,5,41
33177,2,3,8,11
33178,1,2,7,7
33179,0,0,0,0
3318,1,2,3,3
33180,0,0,0,0
33181,1,2,7,7
33182,2,3,8,11
33183,0,1,39,58
33184,2,3,5,41
33185,2,3,11,14
33186,0,0,0,12
33187,2,3,44,485
33188,2,3,5,15
33189,0,0,0,2
3319,1,2,3,3
33190,0,0,0,12
33191,1,2,3,3
33192,1,2,2,4
33193,0,0,0,1
33194,2,3,8,11
33195,2,3,44,59
33196,0,0,0,0
33197,1,2,7,7
33198,1,2,2,4
33199,0,0,0,1
332,0,1,1,8
3320,2,3,11,14
33200,0,0,0,12
33201,2,3,50,391
33202,2,3,8,79
33203,2,3,31,36
33204,2,3,8,4562
33205,2,3,11,14
33206,2,3,5,15
33207,1,2,3,3
33208,1,2,7,7
33209,0,0,0,2
3321,0,0,0,0
33210,1,2,2,4
33211,0,0,0,1
33212,1,2,3,19
33213,2,3,5,10
33214,0,0,0,0
33215,0,0,0,0
33216,1,2,3,3
33217,2,3,8,11
33218,0,0,0,0
33219,2,3,1571,5900
3322,0,0,0,2
33220,2,3,5,446
33221,0,0,0,0
33222,0,0,0,1
33223,2,3,8,414
33224,0,0,0,1
33225,0,0,0,12
33226,0,0,0,1
33227,1,2,2,4
33228,2,3,8,233
33229,1,2,3,91
3323,1,2,2,4
33230,2,3,11,14
33231,0,0,0,2
33232,1,2,7,7
33233,2,3,5,15
33234,2,3,50,319
33235,2,3,5,10
33236,0,0,0,0
33237,1,2,7,7
33238,2,3,8,817
33239,1,2,3,33
3324,1,2,7,7
33240,0,0,0,0
33241,2,3,5,67
33242,2,3,11,14
33243,0,0,0,1
33244,3,4,10,612
33245,0,0,0,12
33246,0,0,0,0
33247,1,2,2,4
33248,0,0,0,0
33249,0,0,0,0
3325,2,3,5,15
33250,2,3,50,319
33251,1,2,2,4
33252,2,3,5,15
33253,1,12,43,272
33254,0,0,0,0
33255,1,2,7,7
33256,2,3,5,10
33257,1,2,3,33
33258,2,3,8,817
33259,0,0,0,12
3326,0,0,0,0
33260,0,0,0,1
33261,2,3,11,14
33262,2,3,5,67
33263,0,0,0,0
33264,0,1,39,58
33265,1,2,2,4
33266,0,0,0,12
33267,2,3,5,15
33268,1,2,3,3
33269,0,0,0,1
3327,0,0,0,1
33270,2,3,11,14
33271,0,0,0,0
33272,2,3,31,297
33273,2,3,5,15
33274,1,12,43,272
33275,1,2,7,7
33276,2,3,8,1344
33277,2,3,11,14
33278,2,3,5,67
33279,0,0,0,0
3328,1,2,2,40
33280,2,3,50,2283
33281,0,0,0,12
33282,2,3,5,15
33283,2,3,31,36
33284,0,30,159,352
33285,3,4,10,28
33286,0,0,0,0
33287,1,2,7,7
33288,2,3,8,11
33289,2,3,8,124
3329,0,0,17,1002
33290,2,3,50,351
33291,1,2,3,3
33292,2,3,11,14
33293,1,2,7,7
33294,1,2,2,4
33295,2,3,5,15
33296,3,4,10,28
33297,0,0,0,1
33298,1,2,2,4
33299,0,0,0,0
333,0,5,23,323
3330,0,1,14,2380
33300,2,3,8,11
33301,0,0,0,0
33302,0,0,0,12
33303,1,2,3,3
33304,0,0,0,1
33305,1,2,2,4
33306,0,0,0,12
33307,0,0,0,2
33308,1,2,3,3
33309,1,2,7,7
3331,2,3,8,11
33310,0,0,0,0
33311,2,3,5,10
33312,3,4,10,28
33313,0,0,0,0
33314,0,0,0,2
33315,1,2,7,7
33316,2,3,8,11
33317,0,0,0,0
33318,5,33,165,5901
33319,2,3,11,14
3332,1,2,3,3
33320,1,2,3,3
33321,1,2,2,4
33322,1,2,3,19
33323,0,0,0,0
33324,1,2,7,7
33325,0,0,0,1
33326,0,0,15,27
33327,1,2,7,7
33328,2,3,8,11
33329,0,0,0,0
3333,1,2,2,4
33330,1,2,2,4
33331,2,3,5,10
33332,2,3,31,36
33333,1,2,3,3
33334,2,3,5,41
33335,1,2,2,4
33336,2,3,8,11
33337,0,0,0,12
33338,0,0,0,0
33339,0,0,0,1
3334,0,0,0,0
33340,0,0,0,0
33341,1,2,3,3
33342,2,3,5,15
33343,2,3,11,14
33344,2,3,31,36
33345,2,3,8,124
33346,1,2,2,4
33347,0,0,0,0
33348,0,0,0,1
33349,2,3,8,11
3335,2,3,11,14
33350,1,2,3,3
33351,2,3,284,3238
33352,2,3,8,79
33353,2,3,11,14
33354,2,3,8,124
33355,0,0,0,1
33356,0,0,0,1
33357,1,2,3,91
33358,1,2,3,114
33359,2,3,8,233
3336,0,0,0,1
33360,0,0,0,12
33361,1,2,2,4
33362,1,2,7,7
33363,0,0,0,1
33364,2,3,8,414
33365,0,0,0,2
33366,0,0,0,0
33367,2,3,8,11
33368,0,0,0,12
33369,0,0,0,1
3337,0,1,20,29
33370,1,2,2,4
33371,0,0,0,0
33372,1,2,3,3
33373,1,2,7,7
33374,2,3,5,15
33375,0,0,0,2
33376,2,3,11,14
33377,1,2,7,7
33378,3,4,10,28
33379,0,0,0,1
3338,3,4,10,2077
33380,1,2,2,4
33381,0,0,0,0
33382,2,3,8,11
33383,0,0,0,0
33384,1,2,3,3
33385,0,0,0,12
33386,2,3,5,15
33387,1,2,3,3
33388,0,1,39,58
33389,0,0,0,0
3339,1,2,3,3
33390,2,3,8,138
33391,0,0,0,0
33392,1,2,3,3
33393,1,2,2,4
33394,0,0,0,0
33395,1,2,3,3
33396,2,3,8,11
33397,1,2,7,7
33398,0,0,0,2
33399,0,0,0,0
334,0,1,4,43
3340,0,0,0,0
33400,2,3,5,15
33401,2,3,5,15
33402,1,2,2,4
33403,0,0,0,0
33404,2,3,8,11
33405,0,0,0,0
33406,1,2,3,3
33407,0,0,0,0
33408,0,0,0,2
33409,2,3,8,11
3341,1,2,2,4
33410,1,2,7,7
33411,1,2,3,3
33412,0,0,0,0
33413,2,3,272,4563
33414,2,3,5,10
33415,1,2,2,4
33416,0,0,0,0
33417,0,0,0,0
33418,2,3,8,11
33419,1,2,3,3
3342,11,28,80,97
33420,0,0,0,0
33421,11,28,80,97
33422,2,3,5,41
33423,2,3,11,80
33424,0,0,0,0
33425,0,0,0,0
33426,0,0,0,1
33427,2,3,8,11
33428,1,2,2,4
33429,0,0,0,0
3343,2,3,5,41
33430,0,0,0,12
33431,0,0,0,2
33432,1,2,3,3
33433,1,12,401,910
33434,0,0,0,2
33435,0,0,0,12
33436,1,2,3,3
33437,1,2,2,4
33438,2,3,11,14
33439,0,0,0,1
3344,2,3,5,15
33440,0,0,0,0
33441,2,3,8,11
33442,1,2,7,7
33443,0,0,0,0
33444,2,3,8,138
33445,2,3,5,10
33446,0,0,0,0
33447,3,4,10,28
33448,1,2,7,7
33449,1,2,3,3
3345,2,3,31,36
33450,2,3,31,36
33451,0,0,0,0
33452,1,2,7,7
33453,2,3,8,11
33454,0,0,0,0
33455,1,2,3,3
33456,18,49,164,244
33457,11,28,80,97
33458,2,3,5,41
33459,2,3,5,10
3346,0,0,0,0
33460,2,3,5,15
33461,1,2,2,4
33462,2,3,8,5902
33463,11,28,80,97
33464,2,3,5,41
33465,0,0,0,0
33466,1,2,3,3
33467,2,3,11,80
33468,0,0,0,0
33469,2,3,8,11
3347,1,2,7,7
33470,0,0,0,2
33471,0,0,0,0
33472,2,3,8,11
33473,1,2,3,3
33474,0,0,0,0
33475,1,2,2,4
33476,0,0,0,1
33477,0,0,0,0
33478,2,3,5,15
33479,2,3,5,41
3348,2,3,8,11
33480,2,3,11,14
33481,1,2,7,7
33482,0,0,0,1
33483,0,0,0,0
33484,0,0,0,0
33485,1,2,3,3
33486,1,2,2,4
33487,0,0,0,2
33488,1,2,2,4
33489,0,0,0,0
3349,0,1,752,3393
33490,1,2,3,3
33491,2,3,8,11
33492,0,0,0,0
33493,2,3,8,124
33494,2,3,50,351
33495,2,3,5,15
33496,0,30,159,352
33497,1,2,2,4
33498,0,0,0,0
33499,3,4,10,28
335,0,0,0,9
3350,0,0,0,0
33500,2,3,8,11
33501,1,2,7,7
33502,2,3,8,79
33503,2,3,31,36
33504,1,2,3,3
33505,2,3,5,15
33506,1,2,2,4
33507,0,0,0,0
33508,1,2,3,3
33509,1,2,7,7
3351,2,3,272,6090
33510,1,2,3,3
33511,0,0,0,1
33512,2,3,11,14
33513,2,3,8,11
33514,0,0,0,12
33515,0,0,0,2
33516,2,3,5,15
33517,1,2,2,4
33518,0,0,0,0
33519,0,0,0,0
3352,1,2,3,3
33520,0,0,0,2
33521,2,3,8,11
33522,0,0,0,1
33523,0,0,0,0
33524,1,2,7,7
33525,1,2,2,4
33526,2,3,5,15
33527,0,0,0,1
33528,1,2,3,3
33529,2,3,11,14
3353,5,33,165,2381
33530,1,2,2,4
33531,0,0,0,1
33532,0,0,0,0
33533,0,0,0,12
33534,0,0,0,2
33535,1,2,7,7
33536,2,3,5,10
33537,1,2,3,3
33538,1,2,3,3
33539,1,2,2,4
3354,0,0,0,0
33540,0,0,0,0
33541,0,0,0,1
33542,0,1,39,58
33543,2,3,5,15
33544,0,0,0,2
33545,2,3,8,11
33546,2,3,8,124
33547,2,3,50,351
33548,2,3,44,59
33549,2,3,5,15
3355,0,1,24,6091
33550,1,2,2,4
33551,3,4,10,28
33552,0,30,159,352
33553,0,0,0,0
33554,2,3,8,11
33555,1,2,7,7
33556,2,3,8,79
33557,2,3,31,36
33558,1,2,3,3
33559,0,0,0,2
3356,0,1,4,2382
33560,0,0,0,1
33561,1,2,7,7
33562,2,3,11,14
33563,0,0,0,0
33564,2,3,8,11
33565,0,0,0,12
33566,0,0,0,0
33567,1,2,2,4
33568,2,3,5,41
33569,0,1,39,58
3357,1,2,3,92
33570,0,0,0,1
33571,3,4,10,735
33572,0,0,0,2
33573,5,33,303,5903
33574,1,2,3,3
33575,2,3,5,15
33576,0,0,0,12
33577,2,3,44,59
33578,0,0,0,12
33579,1,2,7,7
3358,0,0,0,9
33580,0,0,0,1
33581,0,0,0,12
33582,2,3,50,351
33583,1,2,2,4
33584,1,2,3,3
33585,2,3,31,36
33586,2,3,11,14
33587,2,3,8,1795
33588,2,3,8,79
33589,0,0,0,1
3359,0,5,23,3394
33590,0,0,0,0
33591,2,3,8,79
33592,0,0,0,0
33593,0,30,159,352
33594,2,3,272,5904
33595,2,3,5,134
33596,2,3,11,80
33597,2,3,8,3239
33598,0,0,0,12
33599,2,3,31,36
336,0,0,0,9
3360,0,0,0,31
33600,1,2,3,3
33601,2,3,5,15
33602,0,30,159,352
33603,2,3,284,5905
33604,3,4,10,28
33605,0,0,0,0
33606,1,2,7,7
33607,2,3,8,11
33608,2,3,8,124
33609,2,3,50,351
3361,0,0,27,25
33610,2,3,11,14
33611,1,2,7,7
33612,0,0,0,1
33613,1,2,2,4
33614,1,2,3,3
33615,2,3,5,15
33616,0,0,0,0
33617,0,0,0,1
33618,1,2,2,4
33619,0,0,0,0
3362,3,4,466,1003
33620,1,2,3,3
33621,0,0,0,12
33622,0,0,0,0
33623,1,2,2,4
33624,0,0,0,0
33625,3,4,10,28
33626,0,0,0,1
33627,1,2,7,7
33628,2,3,11,14
33629,1,2,3,3
3363,0,1,29,51
33630,2,3,5,15
33631,1,2,7,7
33632,0,0,0,1
33633,1,2,3,3
33634,0,0,0,12
33635,2,3,8,11
33636,0,0,0,2
33637,1,2,2,4
33638,0,0,0,0
33639,2,3,8,124
3364,0,6,36,1398
33640,2,3,11,14
33641,1,2,2,4
33642,2,3,50,2227
33643,0,0,0,12
33644,1,2,3,114
33645,1,2,3,91
33646,0,0,0,12
33647,0,0,0,12
33648,0,0,0,291
33649,1,12,43,1289
3365,0,1,4,347
33650,1,2,7,7
33651,2,3,44,59
33652,1,2,7,7
33653,2,3,5,7232
33654,2,3,8,5906
33655,0,0,0,12
33656,0,0,0,1
33657,1,2,3,114
33658,1,2,3,91
33659,2,3,11,14
3366,0,1,29,51
33660,0,0,0,1
33661,0,0,0,12
33662,0,0,0,1
33663,0,0,0,2
33664,1,2,2,4
33665,2,3,5,10
33666,1,2,3,3
33667,2,3,5,10
33668,1,2,7,7
33669,0,0,0,12
3367,0,6,36,1398
33670,3,4,10,5907
33671,1,2,2,4
33672,1,12,43,595
33673,0,0,0,0
33674,0,0,15,27
33675,0,0,0,1
33676,2,3,5,461
33677,1,2,2,4
33678,2,3,5,232
33679,3,4,10,231
3368,0,8,32,32
33680,0,0,0,12
33681,1,2,3,3
33682,2,3,5,10
33683,0,0,0,1
33684,2,3,31,36
33685,0,0,0,2
33686,0,0,0,0
33687,0,0,0,12
33688,2,3,8,11
33689,0,0,0,1
3369,0,1,4,347
33690,1,2,2,4
33691,0,0,0,0
33692,2,3,8,188
33693,0,0,0,1
33694,2,3,11,14
33695,1,2,7,7
33696,1,2,3,3
33697,2,3,8,11
33698,0,0,0,0
33699,1,2,3,3
337,0,1,1,8
3370,0,1,63,922
33700,2,3,8,124
33701,2,3,50,351
33702,2,3,5,15
33703,2,3,44,59
33704,0,30,159,352
33705,1,2,2,4
33706,3,4,10,28
33707,0,0,0,0
33708,2,3,8,11
33709,1,2,7,7
3371,0,1,1,783
33710,2,3,31,36
33711,1,2,3,3
33712,2,3,8,79
33713,0,0,0,0
33714,0,0,0,2
33715,2,3,8,11
33716,0,0,0,12
33717,1,2,3,3
33718,1,2,2,4
33719,0,0,0,1
3372,0,1,1,402
33720,1,2,7,7
33721,0,0,0,0
33722,0,0,0,2
33723,1,2,7,7
33724,0,0,0,12
33725,0,0,0,1
33726,2,3,8,1040
33727,1,2,3,3
33728,0,0,0,1
33729,0,0,0,0
3373,0,1,1,115
33730,1,2,2,4
33731,0,0,0,1
33732,0,0,0,1719
33733,0,1,39,58
33734,0,0,0,0
33735,0,0,0,1
33736,1,2,7,7
33737,1,2,2,4
33738,1,2,3,3
33739,2,3,8,11
3374,0,1,1,193
33740,0,0,0,0
33741,0,0,0,2
33742,2,3,31,36
33743,2,3,5,15
33744,3,4,10,793
33745,1,2,2,4
33746,2,3,8,11
33747,0,0,0,0
33748,1,2,3,3
33749,2,3,5,15
3375,0,1,4,49
33750,2,3,50,391
33751,2,3,50,1465
33752,2,3,44,59
33753,0,0,0,12
33754,2,3,8,285
33755,2,3,11,14
33756,1,2,7,7
33757,2,3,31,36
33758,0,0,0,1
33759,1,2,2,4
3376,0,1,37,182
33760,1,2,3,3
33761,2,3,8,11
33762,0,0,0,2
33763,0,0,0,12
33764,1,2,3,3
33765,2,3,11,14
33766,0,0,0,0
33767,2,3,11,14
33768,1,2,3,3
33769,0,0,0,12
3377,0,5,23,143
33770,0,0,0,2
33771,2,3,8,11
33772,0,0,0,0
33773,0,0,0,0
33774,1,2,3,3
33775,2,3,8,11
33776,0,0,0,0
33777,2,3,5,15
33778,2,3,5,461
33779,2,3,5,232
3378,0,1,82,3395
33780,1,2,2,4
33781,3,4,10,231
33782,0,0,0,12
33783,2,3,5,10
33784,1,2,3,3
33785,0,0,0,1
33786,2,3,8,11
33787,1,2,7,7
33788,0,0,0,0
33789,1,2,2,4
3379,0,0,0,31
33790,2,3,31,36
33791,2,3,5,10
33792,1,2,3,3
33793,0,1,39,58
33794,1,2,2,4
33795,3,4,10,28
33796,1,2,3,3
33797,0,0,0,0
33798,0,0,0,0
33799,2,3,5,15
338,0,5,23,323
3380,0,0,0,31
33800,0,0,0,0
33801,2,3,11,14
33802,2,3,8,79
33803,2,3,8,4564
33804,2,3,143,1132
33805,0,0,0,12
33806,2,3,11,14
33807,2,3,5,67
33808,0,0,0,0
33809,1,2,3,33
3381,0,1,4,199
33810,1,2,7,7
33811,0,0,0,0
33812,2,3,5,15
33813,2,3,5,10
33814,2,3,50,319
33815,1,2,2,4
33816,0,0,0,0
33817,2,3,11,80
33818,0,0,0,0
33819,3,4,10,231
3382,0,1,24,251
33820,2,3,5,10
33821,0,0,0,12
33822,1,2,3,3
33823,2,3,31,36
33824,0,0,0,1
33825,18,49,164,244
33826,11,28,80,97
33827,2,3,5,41
33828,2,3,5,10
33829,0,0,0,0
3383,0,5,23,143
33830,1,2,3,3
33831,1,2,7,7
33832,2,3,8,11
33833,0,0,0,0
33834,3,4,10,28
33835,2,3,5,15
33836,2,3,8,1344
33837,0,0,0,0
33838,2,3,5,67
33839,0,0,0,12
3384,0,0,0,56
33840,2,3,50,3240
33841,2,3,5,15
33842,1,12,43,272
33843,1,2,7,7
33844,2,3,11,14
33845,1,2,7,7
33846,2,3,8,11
33847,0,0,0,0
33848,1,2,2,4
33849,0,30,159,352
3385,1,2,3,33
33850,2,3,5,15
33851,2,3,8,124
33852,2,3,31,36
33853,1,2,3,3
33854,2,3,50,351
33855,1,2,7,7
33856,0,0,0,1
33857,1,2,2,4
33858,0,0,0,12
33859,2,3,44,59
3386,1,12,43,393
33860,0,0,0,12
33861,2,3,8,79
33862,2,3,31,36
33863,2,3,11,14
33864,2,3,5,15
33865,1,2,3,3
33866,0,0,0,1
33867,2,3,31,36
33868,1,2,7,7
33869,2,3,11,14
3387,0,0,0,0
33870,2,3,8,79
33871,2,3,8,285
33872,0,0,0,12
33873,1,2,2,4
33874,0,0,0,1
33875,2,3,5,15
33876,1,2,3,3
33877,0,1,39,58
33878,2,3,44,485
33879,1,12,43,771
3388,0,0,0,1
33880,2,3,5,155
33881,2,3,8,11
33882,0,0,0,0
33883,1,2,7,7
33884,2,3,11,14
33885,0,0,0,12
33886,0,0,0,0
33887,0,0,0,1
33888,1,2,2,4
33889,0,0,0,1
3389,0,0,0,0
33890,1,2,3,19
33891,2,3,5,10
33892,2,3,11,14
33893,0,0,0,0
33894,0,0,0,12
33895,0,0,0,0
33896,1,2,2,4
33897,1,2,7,7
33898,0,0,0,1
33899,2,3,8,79
339,0,0,0,9
3390,2,3,5,10
33900,2,3,5,41
33901,0,1,39,58
33902,1,2,3,3
33903,2,3,5,15
33904,2,3,11,14
33905,0,0,0,1
33906,1,2,2,4
33907,0,0,0,0
33908,0,0,0,1
33909,1,2,3,3
3391,1,2,2,4
33910,2,3,8,11
33911,0,0,0,0
33912,1,2,7,7
33913,2,3,8,389
33914,2,3,5,15
33915,2,3,8,11
33916,1,2,7,7
33917,1,2,3,3
33918,1,2,2,4
33919,0,0,0,0
3392,0,0,15,27
33920,0,0,0,0
33921,0,0,0,2
33922,2,3,8,11
33923,0,0,0,1
33924,0,0,0,0
33925,1,2,3,3
33926,1,2,7,7
33927,1,2,2,4
33928,0,1,39,58
33929,2,3,5,15
3393,1,2,7,7
33930,0,1,39,156
33931,0,0,0,0
33932,1,2,3,3
33933,2,3,5,15
33934,1,2,7,7
33935,2,3,8,11
33936,1,2,3,3
33937,0,0,0,0
33938,1,2,2,4
33939,2,3,8,389
3394,0,0,0,47
33940,2,3,8,138
33941,2,3,5,10
33942,0,0,0,0
33943,0,21,72,165
33944,1,2,7,7
33945,3,4,10,28
33946,0,0,0,0
33947,0,0,0,0
33948,0,0,0,0
33949,2,3,31,36
3395,0,0,0,1
33950,18,49,164,244
33951,11,28,80,97
33952,2,3,5,41
33953,1,2,2,4
33954,0,0,0,0
33955,1,2,3,3
33956,1,2,7,7
33957,2,3,8,11
33958,0,0,0,0
33959,2,3,5,15
3396,0,0,0,2
33960,3,4,10,28
33961,0,0,0,1
33962,2,3,8,11
33963,1,2,2,4
33964,0,0,0,0
33965,0,0,0,12
33966,0,0,0,2
33967,1,2,3,3
33968,0,0,0,12
33969,0,0,0,0
3397,0,1,4,978
33970,0,0,0,1
33971,2,3,11,14
33972,1,2,7,7
33973,3,4,10,28
33974,0,0,0,0
33975,1,2,2,4
33976,2,3,5,15
33977,1,2,7,7
33978,1,2,3,3
33979,2,3,11,14
3398,0,1,12,195
33980,0,0,0,1
33981,0,0,0,0
33982,2,3,5,41
33983,1,2,2,4
33984,0,0,0,2
33985,1,2,3,3
33986,0,0,0,0
33987,0,0,0,5
33988,0,0,16,16
33989,0,0,0,5
3399,1,2,130,1004
33990,0,0,0,2
33991,0,0,0,5
33992,0,0,0,2
33993,0,0,0,5
33994,0,0,636,1431
33995,0,0,0,2
33996,0,0,0,5
33997,0,0,0,2
33998,0,0,0,5
33999,0,0,0,2
34,0,0,27,25
340,0,1,4,43
3400,0,0,0,9
34000,0,0,0,2
34001,0,0,0,5
34002,0,0,0,2
34003,0,0,0,5
34004,13,37,107,1208
34005,0,0,0,5
34006,0,0,0,2
34007,13,37,107,1208
34008,0,1,14,50
34009,0,0,0,2284
3401,0,1,33,210
34010,0,1,14,85
34011,2,3,11,14
34012,1,2,2,4
34013,0,0,0,0
34014,0,0,0,1
34015,5,33,165,7233
34016,1,2,3,3
34017,2,3,8,11
34018,1,2,7,7
34019,0,0,0,2
3402,0,1,63,120
34020,0,0,0,0
34021,3,4,10,28
34022,0,1,14,85
34023,0,0,0,2284
34024,1,12,43,4565
34025,0,0,230,499
34026,0,1,20,250
34027,0,1,42,130
34028,0,0,0,4566
34029,0,1,42,4567
3403,0,1,1,8
34030,0,0,0,1
34031,0,0,229,598
34032,0,0,0,2
34033,0,0,0,267
34034,0,0,0,1
34035,1,2,2,40
34036,0,0,0,1209
34037,0,0,0,267
34038,1,2,2,518
34039,0,0,191,1145
3404,0,1,13,60
34040,0,0,0,3241
34041,0,1,1,8
34042,0,0,0,5
34043,0,0,16,16
34044,0,0,16,16
34045,0,0,16,16
34046,0,0,16,16
34047,0,0,16,16
34048,0,0,16,16
34049,0,0,0,95
3405,0,0,0,1
34050,0,0,0,95
34051,2,3,34,35
34052,0,0,0,5
34053,0,0,28,5908
34054,3,4,10,578
34055,0,0,17,123
34056,0,0,38,223
34057,0,1,14,129
34058,0,0,0,0
34059,0,0,0,0
3406,0,0,0,5
34060,1,2,9,606
34061,7,15,48,265
34062,0,0,0,5
34063,0,0,16,16
34064,0,1,20,29
34065,1,2,248,392
34066,0,1,4,236
34067,0,1,1,104
34068,0,1,1,169
34069,0,0,0,88
3407,3,4,10,383
34070,0,0,0,21
34071,0,1,1,169
34072,0,1,1,169
34073,0,0,0,3242
34074,0,1,1,169
34075,0,1,13,164
34076,0,0,0,0
34077,1,2,7,7
34078,0,0,15,27
34079,0,0,0,2
3408,2,3,8,6092
34080,2,3,5,232
34081,1,2,3,3
34082,2,3,5,10
34083,0,0,0,12
34084,3,4,10,231
34085,0,0,6,3243
34086,3,4,10,905
34087,0,0,0,75
34088,0,1,1,8
34089,0,1,1,44
3409,1,2,3,3
34090,0,1,115,234
34091,1,2,9,13
34092,0,1,42,130
34093,0,0,0,197
34094,0,1,20,250
34095,0,0,0,417
34096,0,1,20,250
34097,0,1,42,130
34098,0,0,0,197
34099,0,0,0,469
341,0,5,23,3317
3410,0,0,0,0
34100,0,0,0,277
34101,0,0,0,469
34102,0,1,20,250
34103,0,0,0,197
34104,0,1,42,130
34105,0,0,0,5
34106,1,2,2,23
34107,0,0,0,2
34108,3,4,10,5909
34109,0,0,0,9
3411,1,2,7,7
34110,1,2,2,17
34111,0,1,1,20
34112,0,0,0,48
34113,0,0,0,170
34114,0,0,0,75
34115,1,2,7,7
34116,1,2,3,63
34117,2,3,11,774
34118,0,0,0,2
34119,1,2,2,4
3412,0,6,1153,6093
34120,0,0,0,75
34121,0,0,0,1
34122,1,2,3,222
34123,2,3,5,10
34124,1,2,7,7
34125,0,1,20,29
34126,0,0,0,1
34127,0,1,1,3244
34128,2,3,5,15
34129,1,2,7,7
3413,0,1,4,6094
34130,2,3,5,10
34131,0,0,0,0
34132,2,3,8,138
34133,1,2,3,3
34134,0,0,0,0
34135,1,2,2,4
34136,1,2,3,3
34137,0,1,39,58
34138,0,0,0,1
34139,0,30,159,7234
3414,0,1,4,6095
34140,0,0,0,1
34141,1,2,2,4
34142,2,3,8,233
34143,0,0,0,12
34144,1,2,3,91
34145,2,3,5,10
34146,0,0,0,2
34147,1,2,7,7
34148,1,2,7,7
34149,0,0,0,2
3415,2,3,403,2383
34150,0,0,0,0
34151,1,2,3,3
34152,0,0,0,1
34153,0,0,0,0
34154,1,2,2,4
34155,1,2,9,13
34156,1,2,9,13
34157,0,0,0,1
34158,1,2,2,40
34159,0,1,4,43
3416,0,0,16,16
34160,0,5,23,573
34161,0,1,24,153
34162,0,1,51,623
34163,2,3,112,527
34164,1,2,9,355
34165,1,2,9,13
34166,0,0,0,1
34167,0,0,0,5
34168,3,4,116,299
34169,0,0,17,333
3417,0,0,16,16
34170,0,1,14,340
34171,6,14,122,263
34172,0,0,0,37
34173,0,0,0,5
34174,1,2,2,23
34175,0,0,0,2
34176,0,0,0,5
34177,0,0,0,2
34178,0,0,0,5
34179,1,2,9,13
3418,0,0,16,16
34180,0,0,16,16
34181,1,2,2,17
34182,0,1,29,51
34183,0,0,0,77
34184,0,0,0,93
34185,1,2,2,40
34186,0,0,0,1
34187,0,0,27,25
34188,0,210,1134,3245
34189,0,0,59,5910
3419,0,0,16,16
34190,0,1,1572,5911
34191,0,0,0,2
34192,0,0,0,93
34193,0,1,4,4568
34194,0,1,1573,5912
34195,0,0,0,5
34196,0,0,0,2
34197,0,1,20,29
34198,1,2,9,26
34199,7,15,48,66
342,0,1,4,43
3420,0,1,1,8
34200,0,0,0,2
34201,0,0,0,5
34202,1,2,2,23
34203,0,0,0,37
34204,1,2,9,26
34205,1,2,2,23
34206,7,15,48,66
34207,0,0,0,37
34208,0,0,0,5
34209,0,0,0,2
3421,0,1,1,18
34210,1,2,69,84
34211,0,0,0,5
34212,1,2,2,23
34213,0,0,0,2
34214,0,0,6,503
34215,0,0,0,5
34216,0,0,0,2
34217,1,2,2,23
34218,3,4,10,383
34219,1,2,9,46
3422,0,1,29,4738
34220,1,2,2,23
34221,0,0,0,5
34222,1,2,9,26
34223,0,0,0,2
34224,7,15,48,66
34225,0,0,0,37
34226,0,13,62,203
34227,0,7,26,22
34228,0,7,26,22
34229,0,0,0,522
3423,0,1,102,6096
34230,1,2,2,353
34231,0,0,0,109
34232,0,0,0,273
34233,0,0,0,0
34234,0,0,0,1
34235,1,2,3,3
34236,0,0,0,0
34237,0,0,0,2
34238,2,3,8,11
34239,0,0,0,12
3424,0,0,0,2
34240,1,2,2,4
34241,0,1,1574,5913
34242,0,1,1,7235
34243,0,1,1,5914
34244,0,0,0,2
34245,0,0,0,330
34246,0,8,32,32
34247,0,1,1,133
34248,0,0,0,307
34249,0,1,4,269
3425,0,0,27,25
34250,0,1,1346,7236
34251,1,2,2,23
34252,0,0,0,2
34253,0,0,0,5
34254,0,0,6,503
34255,1,2,3,63
34256,0,0,0,1
34257,1,2,2,4
34258,0,0,0,1
34259,0,0,0,75
3426,0,0,0,21
34260,0,1,1575,5915
34261,14,38,187,5916
34262,0,1,83,148
34263,0,1,83,7237
34264,0,1,83,5917
34265,0,13,62,147
34266,0,7,26,22
34267,0,7,26,22
34268,15,44,149,315
34269,1,23,145,230
3427,0,0,0,77
34270,1,39,152,283
34271,0,0,92,139
34272,1,50,166,280
34273,1,23,145,230
34274,1,39,152,1233
34275,1,105,497,981
34276,1,23,309,911
34277,1,56,193,3246
34278,1,56,193,356
34279,0,0,92,139
3428,1,2,2,2384
34280,15,44,149,315
34281,0,0,0,5
34282,0,1,14,145
34283,0,0,0,5
34284,0,0,16,16
34285,0,0,0,5
34286,0,0,0,2
34287,1,2,2,23
34288,0,1,4,944
34289,0,1,13,164
3429,0,0,0,109
34290,1,2,9,13
34291,0,0,0,1
34292,0,0,0,5
34293,0,0,0,5
34294,1,2,9,13
34295,3,4,10,320
34296,0,1,13,60
34297,0,1,20,29
34298,0,0,0,273
34299,0,0,16,16
343,0,0,16,16
3430,19,147,690,2385
34300,0,1,4,248
34301,0,0,0,5
34302,0,0,6,70
34303,0,0,6,6
34304,1,2,2,388
34305,0,0,0,1
34306,0,0,0,5
34307,0,0,0,2
34308,7,15,48,66
34309,1,2,2,23
3431,1,2,2,68
34310,0,0,0,37
34311,1,2,2,23
34312,0,0,0,2
34313,7,15,48,66
34314,0,0,0,37
34315,0,0,0,5
34316,1,2,9,13
34317,0,0,0,1
34318,0,0,0,47
34319,0,0,0,47
3432,0,5,23,549
34320,0,0,0,1
34321,0,0,0,2
34322,0,0,0,5
34323,0,0,0,37
34324,1,2,2,23
34325,7,15,48,66
34326,0,0,0,9
34327,0,1,21,24
34328,0,1,1,20
34329,1,2,2,17
3433,1,2,2,34
34330,0,0,78,431
34331,0,0,0,0
34332,1,2,7,7
34333,0,0,15,27
34334,2,3,5,10
34335,0,7,26,22
34336,0,13,62,147
34337,0,7,26,22
34338,0,0,0,2
34339,0,0,0,2
3434,0,1,4,350
34340,6,14,98,157
34341,0,1,14,1215
34342,0,0,0,1160
34343,2,3,111,150
34344,0,1,21,24
34345,0,0,0,9
34346,0,1,20,29
34347,0,16,68,82
34348,3,4,627,5918
34349,2,3,131,190
3435,0,0,0,72
34350,0,1,4,509
34351,0,1,4,125
34352,0,1,1,528
34353,0,1,4,62
34354,0,1,4,81
34355,0,1,4,125
34356,3,4,215,432
34357,0,0,133,235
34358,0,9,65,211
34359,0,0,0,168
3436,0,0,0,31
34360,1,2,9,26
34361,0,0,27,25
34362,0,1,1,8
34363,0,1,4,162
34364,0,1,1,5919
34365,0,0,0,2
34366,0,0,0,5
34367,0,1,4,62
34368,0,0,15,140
34369,1,2,2,23
3437,0,1,24,302
34370,0,1,22,309
34371,0,1,4,945
34372,0,1,1,8
34373,0,0,0,9
34374,0,1,1,104
34375,0,1,4,248
34376,1,2,9,13
34377,0,6,36,1435
34378,0,1,1,180
34379,0,1,4,978
3438,0,1,4,49
34380,0,0,0,9
34381,0,1,1,20
34382,0,0,0,2
34383,0,0,0,5
34384,0,0,0,5
34385,0,9,54,54
34386,12,66,269,530
34387,3,4,121,647
34388,0,9,65,211
34389,0,0,0,1
3439,0,0,0,31
34390,0,1,14,780
34391,0,7,26,22
34392,0,7,26,22
34393,0,0,16,16
34394,0,1,1,20
34395,1,2,2,17
34396,0,1,21,24
34397,0,0,0,9
34398,1,2,2,17
34399,0,1,21,24
344,0,0,0,0
3440,0,1,82,6097
34400,0,1,1,20
34401,0,0,0,9
34402,0,1,21,24
34403,1,2,2,17
34404,0,0,0,9
34405,0,1,1,20
34406,0,0,0,9
34407,0,1,21,24
34408,0,1,1,20
34409,1,2,2,17
3441,0,0,0,56
34410,13,37,107,198
34411,0,1,4,248
34412,0,1,1,7238
34413,0,0,6,6
34414,0,0,6,107
34415,0,0,6,70
34416,0,1,1,7239
34417,0,6,36,229
34418,0,1,1,180
34419,0,1,4,30
3442,0,1,1,193
34420,0,0,74,118
34421,3,4,67,99
34422,0,9,65,289
34423,0,9,54,54
34424,0,16,68,82
34425,0,9,65,289
34426,0,1,1,38
34427,0,0,0,9
34428,0,0,0,2
34429,0,1,18,176
3443,23,67,271,4739
34430,0,1,1,8
34431,0,0,19,55
34432,0,0,266,442
34433,0,0,0,5
34434,0,0,16,16
34435,1,2,9,26
34436,0,0,16,16
34437,0,0,0,5
34438,0,1,4,781
34439,0,1,1,44
3444,23,67,271,2386
34440,0,1,1,38
34441,0,1,1,8
34442,0,0,17,39
34443,0,0,114,576
34444,0,0,16,16
34445,1,2,9,13
34446,0,0,16,16
34447,0,0,0,5
34448,0,0,61,89
34449,0,0,0,5
3445,0,0,0,9
34450,0,0,0,2
34451,0,0,0,37
34452,0,0,0,2
34453,1,2,9,26
34454,0,0,0,5
34455,1,2,2,23
34456,0,1,1,8
34457,0,1,1,44
34458,0,0,16,16
34459,0,0,0,5
3446,0,6,73,809
34460,0,0,16,16
34461,0,0,16,16
34462,0,0,16,16
34463,0,0,16,16
34464,0,0,16,16
34465,0,0,6,6
34466,0,0,0,5
34467,0,0,0,2
34468,0,1,63,120
34469,0,1,1,8
3447,0,1,24,784
34470,0,1,33,210
34471,1,2,9,87
34472,0,0,6,107
34473,0,0,6,70
34474,0,0,0,5
34475,0,0,0,2
34476,0,1,1,20
34477,0,1,21,24
34478,2,3,111,150
34479,0,1,71,202
3448,0,1,37,182
34480,0,0,0,5
34481,2,3,34,35
34482,0,0,0,2
34483,0,0,61,348
34484,0,0,0,5
34485,0,0,0,0
34486,1,2,2,23
34487,1,2,9,26
34488,0,0,27,25
34489,0,0,0,2
3449,0,0,6,6
34490,1,2,2,23
34491,0,5,49,4569
34492,0,1,18,430
34493,0,0,0,5
34494,0,1,14,3247
34495,0,1,1,20
34496,0,1,21,24
34497,0,0,0,9
34498,1,2,2,17
34499,2,3,11,80
345,0,0,0,2
3450,3,4,183,537
34500,2,3,5,10
34501,1,2,3,3
34502,0,0,0,0
34503,2,3,8,11
34504,0,0,0,0
34505,0,1,14,50
34506,0,0,0,699
34507,0,0,0,5
34508,0,0,0,2
34509,1,2,2,23
3451,0,0,6,6
34510,0,0,0,2
34511,7,15,48,66
34512,0,0,0,5
34513,0,0,0,5
34514,0,0,16,16
34515,0,0,16,16
34516,1,2,9,26
34517,0,0,0,5
34518,0,0,0,37
34519,0,0,0,2
3452,0,0,6,70
34520,1,2,2,23
34521,0,0,0,21
34522,0,0,0,21
34523,0,8,32,32
34524,0,0,16,16
34525,0,0,0,1796
34526,0,0,0,1796
34527,0,1,1,110
34528,0,1,1,18
34529,0,0,0,2
3453,0,0,6,70
34530,0,0,0,5
34531,1,2,2,23
34532,0,0,0,2
34533,0,0,0,5
34534,1,2,2,23
34535,0,0,0,5
34536,0,0,0,2
34537,1,2,2,23
34538,0,0,0,4570
34539,0,0,16,16
3454,0,0,6,107
34540,2,3,112,527
34541,0,0,6,6
34542,0,0,6,6
34543,0,0,16,16
34544,0,0,16,16
34545,0,0,0,5
34546,0,0,0,2
34547,8,41,144,300
34548,6,14,122,263
34549,0,1,14,340
3455,3,4,10,69
34550,0,0,17,333
34551,3,4,116,299
34552,1,2,2,17
34553,0,1,1,20
34554,0,1,21,24
34555,0,0,0,9
34556,0,0,0,1
34557,0,1,20,29
34558,2,3,111,150
34559,0,0,0,9
3456,3,4,10,83
34560,0,0,0,21
34561,1,2,9,1811
34562,6,14,184,305
34563,0,0,16,16
34564,0,0,6,6
34565,0,0,6,6
34566,0,0,16,16
34567,1,2,9,127
34568,0,0,0,21
34569,0,1,1,8
3457,3,4,10,69
34570,0,1,63,120
34571,0,1,33,210
34572,0,1,1347,7240
34573,0,1,1,8
34574,0,0,16,16
34575,0,0,27,25
34576,0,0,15,7241
34577,0,1,4,236
34578,2,3,34,35
34579,0,0,0,2
3458,0,1,14,50
34580,0,0,0,5
34581,0,0,0,273
34582,0,0,0,109
34583,1,2,2,353
34584,0,1,4,125
34585,0,1,4,125
34586,0,0,0,21
34587,0,0,0,21
34588,0,1,20,29
34589,0,0,0,2
3459,0,1,14,50
34590,1,2,2,40
34591,0,0,0,1
34592,2,3,34,35
34593,0,0,16,16
34594,0,1,33,210
34595,0,1,1,8
34596,0,1,63,120
34597,0,1,1,18
34598,0,9,270,2076
34599,0,36,105,141
346,1,2,7,7
3460,0,1,1,110
34600,1,2,69,84
34601,0,0,0,5
34602,0,0,0,2
34603,0,0,277,572
34604,0,0,27,25
34605,1,2,9,26
34606,0,0,0,168
34607,0,1,1,8
34608,0,59,202,475
34609,1,2,69,84
3461,0,1,33,112
34610,0,36,105,141
34611,20,57,201,1839
34612,0,0,0,5
34613,1,2,9,13
34614,0,0,16,16
34615,0,0,61,89
34616,0,0,0,47
34617,0,0,0,1
34618,0,1,1,180
34619,0,6,36,229
3462,0,1,21,111
34620,6,14,98,157
34621,0,0,27,25
34622,0,21,72,546
34623,0,1,12,1345
34624,0,0,0,5
34625,0,0,0,2
34626,0,1,1,38
34627,0,1,1,2146
34628,0,150,724,2111
34629,0,0,0,2
3463,0,1,1,44
34630,0,0,0,5
34631,0,0,0,2
34632,1,2,2,17
34633,0,0,0,9
34634,0,1,1,20
34635,0,1,21,24
34636,0,0,95,1346
34637,1,2,9,13
34638,0,0,16,16
34639,0,0,0,5
3464,0,1,1,8
34640,1,2,2,23
34641,0,0,0,5
34642,0,0,0,37
34643,0,0,0,2
34644,0,0,0,9
34645,0,1,1,20
34646,0,0,0,21
34647,1,2,9,46
34648,1,2,9,13
34649,1,2,9,13
3465,0,1,501,1417
34650,0,1,18,930
34651,0,1,1,8
34652,7,15,48,265
34653,1,2,9,632
34654,0,1,14,145
34655,0,1,21,24
34656,1,2,2,17
34657,0,1,1,20
34658,0,0,0,9
34659,1,2,2,17
3466,0,1,1,8
34660,0,1,1,20
34661,0,1,21,24
34662,0,0,0,9
34663,1,2,69,84
34664,2,3,199,478
34665,1,2,9,46
34666,0,0,0,5
34667,0,0,0,2
34668,1,2,2,40
34669,0,1,106,241
3467,0,1,1,18
34670,2,3,112,409
34671,0,0,0,2
34672,0,0,0,1
34673,10,35,169,246
34674,0,0,0,5
34675,1,2,9,26
34676,0,0,0,5
34677,0,0,0,2
34678,0,0,0,5
34679,0,0,74,118
3468,0,0,47,1418
34680,0,0,16,16
34681,0,0,6,6
34682,0,0,6,6
34683,1,2,9,13
34684,1,2,9,13
34685,0,0,74,118
34686,0,0,0,9
34687,0,1,21,24
34688,0,1,1,20
34689,1,2,2,17
3469,0,1,1,38
34690,1,2,9,13
34691,2,3,131,190
34692,0,0,16,16
34693,0,1,4,964
34694,0,1,18,4571
34695,0,5,23,1359
34696,0,1,4,538
34697,0,0,0,9
34698,0,1,356,3248
34699,0,0,0,31
347,0,0,0,0
3470,0,1,1,18
34700,0,1,24,633
34701,0,5,23,634
34702,1,2,2,34
34703,1,2,9,87
34704,1,2,9,26
34705,0,0,0,5
34706,0,0,0,5
34707,0,0,0,2
34708,0,0,0,5
34709,0,0,0,2
3471,0,0,0,108
34710,0,0,0,9
34711,0,1,21,24
34712,0,1,1,38
34713,1,2,9,13
34714,0,0,0,5
34715,1,2,9,627
34716,7,15,48,66
34717,0,0,6,429
34718,0,0,0,5
34719,0,0,0,2
3472,0,0,0,1
34720,0,0,0,2
34721,0,0,0,5
34722,0,1,147,4572
34723,0,1,1,18
34724,0,1,1,8
34725,0,0,0,5
34726,0,0,16,16
34727,1,2,7,7
34728,0,0,0,0
34729,0,0,0,2
3473,0,0,0,0
34730,1,2,3,3
34731,5,33,165,4573
34732,0,0,0,0
34733,1,2,2,4
34734,0,1,20,29
34735,0,1,63,301
34736,0,1,1,38
34737,0,1,63,301
34738,0,1,1,38
34739,0,1,20,29
3474,0,0,0,0
34740,2,3,5,10
34741,1,2,7,7
34742,1,2,3,19
34743,0,0,15,27
34744,0,0,0,0
34745,0,0,0,2
34746,0,1,20,29
34747,1,2,9,13
34748,0,0,16,16
34749,0,0,61,89
3475,0,0,0,2
34750,0,0,16,16
34751,0,0,19,369
34752,0,0,19,369
34753,0,0,19,369
34754,0,0,19,369
34755,0,0,19,369
34756,2,3,5,41
34757,2,3,11,14
34758,0,0,0,2
34759,1,2,3,91
3476,1,2,3,3
34760,0,0,0,1
34761,2,3,8,233
34762,1,2,2,4
34763,2,3,8,79
34764,1,2,7,7
34765,0,0,0,12
34766,0,0,0,1
34767,1,2,3,3
34768,1,2,3,3
34769,0,0,0,1
3477,1,2,7,7
34770,1,2,2,4
34771,0,0,0,0
34772,2,3,8,11
34773,0,0,0,0
34774,0,0,0,2
34775,1,2,7,7
34776,2,3,5,15
34777,13,37,107,198
34778,1,2,9,13
34779,1,2,9,13
3478,1,2,2,4
34780,0,9,65,213
34781,1,2,9,13
34782,1,2,9,13
34783,1,2,9,13
34784,0,1,439,7242
34785,0,0,0,9
34786,0,1,21,24
34787,0,1,20,29
34788,0,1,20,29
34789,0,1,20,29
3479,0,0,0,5
34790,0,0,0,1
34791,0,1,1,8
34792,0,8,32,32
34793,0,0,0,47
34794,0,0,0,1
34795,1,2,9,13
34796,0,1,20,29
34797,0,0,16,16
34798,0,0,0,5
34799,0,1,91,144
348,1,2,3,3
3480,1,2,2,23
34800,1,2,2,68
34801,0,0,0,2
34802,1,2,9,13
34803,1,2,9,87
34804,0,0,0,2
34805,0,0,0,5
34806,1,2,9,26
34807,2,3,111,150
34808,0,0,0,9
34809,0,0,16,16
3481,1,2,9,26
34810,0,0,6,6
34811,1,2,9,13
34812,0,1,13,60
34813,0,0,16,16
34814,0,0,6,6
34815,0,0,6,6
34816,0,0,16,16
34817,0,0,6,6
34818,0,1,1,18
34819,0,1,1,8
3482,0,0,0,2
34820,0,1,147,4574
34821,1,2,9,13
34822,0,1,4,30
34823,3,4,10,2077
34824,0,0,0,2
34825,0,1,24,196
34826,0,0,0,9
34827,0,1,4,43
34828,0,5,23,371
34829,0,0,0,2
3483,0,0,0,2
34830,0,0,0,5
34831,0,0,0,2
34832,0,0,0,5
34833,1,2,9,13
34834,0,0,45,71
34835,0,0,52,52
34836,1,2,53,53
34837,0,0,41,106
34838,0,0,17,39
34839,3,4,426,7243
3484,0,0,0,5
34840,1,2,9,127
34841,1,2,2,17
34842,0,1,21,24
34843,0,0,0,9
34844,0,1,21,24
34845,1,2,2,17
34846,0,0,0,9
34847,0,5,49,5920
34848,0,1,4,314
34849,0,0,0,335
3485,0,0,0,2
34850,0,8,32,32
34851,0,1,29,51
34852,0,1,21,24
34853,0,0,0,9
34854,2,3,111,150
34855,0,0,0,5
34856,0,0,180,415
34857,0,0,0,2
34858,0,0,0,37
34859,1,2,9,26
3486,0,0,0,5
34860,0,0,0,21
34861,0,1,1,8
34862,0,1,4,781
34863,0,1,1,38
34864,2,3,100,564
34865,0,0,0,21
34866,1,2,9,127
34867,0,1,1,20
34868,0,0,0,9
34869,1,2,2,17
3487,0,0,0,37
34870,0,0,95,1346
34871,3,4,67,99
34872,0,0,46,94
34873,0,0,19,55
34874,3,4,67,384
34875,0,0,46,94
34876,0,0,19,55
34877,3,4,67,99
34878,0,0,19,55
34879,0,0,46,94
3488,0,0,0,5
34880,3,4,67,99
34881,1,2,9,13
34882,1,2,9,4575
34883,1,2,9,7244
34884,0,0,0,2
34885,0,0,0,0
34886,1,2,2,4
34887,1,2,3,33
34888,0,0,0,1
34889,2,3,5,67
3489,7,15,48,66
34890,0,0,0,0
34891,1,2,7,7
34892,1,2,2,4
34893,1,2,7,7
34894,1,2,3,3
34895,0,0,0,0
34896,5,33,165,7245
34897,0,0,0,2
34898,0,0,0,0
34899,0,0,16,16
349,2,3,8,11
3490,1,2,9,26
34900,0,0,0,5
34901,0,0,0,0
34902,0,0,0,0
34903,0,0,0,0
34904,1,2,2,4
34905,0,0,0,9
34906,0,1,21,24
34907,1,2,2,17
34908,1,2,9,13
34909,0,0,0,0
3491,0,0,0,109
34910,2,3,8,186
34911,1,2,3,3
34912,1,2,3,3
34913,2,3,8,186
34914,0,1,39,156
34915,0,0,0,0
34916,1,2,9,13
34917,0,0,0,1
34918,1,2,2,40
34919,0,0,0,2
3492,0,8,32,32
34920,0,1,20,29
34921,0,0,0,1
34922,1,2,9,13
34923,0,0,16,16
34924,0,0,0,95
34925,0,0,6,6
34926,0,0,0,95
34927,0,59,202,475
34928,1,2,69,84
34929,0,0,0,5
3493,0,8,32,32
34930,0,0,16,16
34931,0,1,1,8
34932,0,1,1,18
34933,1,19,87,3249
34934,0,0,133,235
34935,6,14,531,1205
34936,0,1,91,144
34937,0,0,0,5
34938,0,0,0,2
34939,1,12,388,1216
3494,0,0,0,5
34940,0,1,1,65
34941,0,1,1,8
34942,0,1,1,8
34943,0,0,0,0
34944,2,3,8,11
34945,0,0,0,0
34946,1,2,2,4
34947,1,2,3,3
34948,2,3,8,11
34949,1,2,7,7
3495,0,0,0,2
34950,2,3,8,79
34951,2,3,31,36
34952,2,3,11,80
34953,0,0,0,0
34954,2,3,44,59
34955,0,30,159,352
34956,3,4,10,28
34957,1,2,2,4
34958,2,3,5,15
34959,2,3,8,124
3496,1,56,995,2387
34960,2,3,50,351
34961,1,2,3,3
34962,2,3,5,15
34963,0,0,0,2
34964,0,0,0,0
34965,1,2,7,7
34966,2,3,8,11
34967,1,2,3,3
34968,0,0,0,0
34969,1,2,2,4
3497,0,0,15,140
34970,0,0,0,0
34971,2,3,8,11
34972,1,2,2,4
34973,0,0,0,0
34974,1,2,3,3
34975,2,3,5,10
34976,2,3,5,41
34977,0,1,39,58
34978,0,0,0,0
34979,1,2,3,3
3498,1,2,2,23
34980,1,2,2,4
34981,2,3,8,11
34982,2,3,5,15
34983,0,21,72,3250
34984,0,21,72,165
34985,0,0,0,0
34986,0,0,0,0
34987,2,3,8,11
34988,1,2,7,7
34989,1,2,3,3
3499,0,0,0,5
34990,0,0,0,0
34991,1,2,2,4
34992,2,3,5,10
34993,0,0,0,2
34994,2,3,5,15
34995,2,3,8,11
34996,2,3,11,80
34997,1,2,3,3
34998,0,0,0,0
34999,2,3,5,10
35,1,2,2,758
350,1,2,2,4
3500,0,0,0,2
35000,0,0,0,0
35001,1,2,7,7
35002,2,3,8,11
35003,1,2,3,3
35004,0,0,0,0
35005,1,2,2,4
35006,18,49,164,244
35007,11,28,80,97
35008,2,3,5,41
35009,2,3,5,15
3501,0,0,0,5
35010,2,3,31,36
35011,1,2,7,7
35012,0,0,0,0
35013,2,3,8,11
35014,0,0,0,0
35015,1,2,2,4
35016,2,3,5,10
35017,1,2,3,3
35018,2,3,5,15
35019,18,49,164,244
3502,0,0,104,171
35020,11,28,80,97
35021,2,3,5,41
35022,2,3,31,36
35023,1,2,7,7
35024,0,0,0,2
35025,2,3,11,14
35026,0,0,0,12
35027,1,2,3,3
35028,0,0,0,1
35029,2,3,8,11
3503,0,0,6,6
35030,1,2,2,4
35031,0,0,0,0
35032,0,0,0,12
35033,2,3,11,14
35034,0,0,0,1
35035,1,2,3,91
35036,1,2,3,114
35037,0,0,0,12
35038,0,0,0,2
35039,0,0,0,2
3504,0,0,6,70
35040,0,0,6,6
35041,0,0,0,1
35042,0,0,0,12
35043,0,0,0,2
35044,0,0,0,0
35045,1,2,2,4
35046,1,2,3,3
35047,0,0,0,21
35048,1,2,9,46
35049,1,2,9,127
3505,0,0,6,107
35050,12,40,136,189
35051,0,0,0,1
35052,0,0,0,5
35053,1,2,9,13
35054,0,1,20,29
35055,0,0,0,21
35056,1,2,9,46
35057,2,3,11,14
35058,2,3,8,79
35059,2,3,11,14
3506,0,1,37,239
35060,0,0,0,1
35061,2,3,5,134
35062,1,2,2,4
35063,1,2,7,7
35064,0,0,0,1
35065,1,2,3,3
35066,0,0,0,12
35067,0,30,159,2313
35068,2,3,31,36
35069,0,7,26,22
3507,0,1,4,78
35070,0,13,62,203
35071,0,1,20,29
35072,0,7,26,22
35073,0,1,21,24
35074,0,0,0,9
35075,1,2,2,17
35076,0,1,21,24
35077,0,1,1576,5921
35078,0,1,4,3251
35079,3,4,10,205
3508,0,1,1,8
35080,0,1,110,679
35081,0,0,0,9
35082,1,2,2,17
35083,0,1,21,24
35084,2,3,34,35
35085,1,2,9,13
35086,1,2,9,13
35087,1,2,9,13
35088,1,2,9,127
35089,0,0,0,21
3509,0,1,22,270
35090,0,1,106,241
35091,0,0,0,5
35092,1,2,9,13
35093,0,0,0,2
35094,0,0,0,5
35095,0,0,0,21
35096,0,0,74,118
35097,1,2,2,353
35098,0,0,0,109
35099,0,0,0,273
351,0,1,4,4663
3510,0,6,73,491
35100,0,1,1,8
35101,0,1,1,18
35102,0,1,4,57
35103,0,1,1,38
35104,0,0,47,73
35105,0,1,29,149
35106,0,1,33,112
35107,0,0,0,522
35108,0,0,0,1038
35109,0,0,679,2327
3511,0,1,14,1283
35110,0,0,0,1797
35111,2,3,235,2078
35112,2,34,99,7246
35113,0,0,0,522
35114,0,0,6,6
35115,0,0,0,21
35116,1,2,9,46
35117,0,0,0,9
35118,0,0,0,5
35119,0,0,0,2
3512,0,0,0,48
35120,0,0,0,5
35121,0,1,1348,7247
35122,0,0,0,7248
35123,1,2,3,33
35124,0,0,0,12
35125,2,3,31,5922
35126,2,3,8,599
35127,0,1,1,45
35128,0,0,92,139
35129,1,23,145,230
3513,0,1,725,3396
35130,1,39,152,283
35131,1,50,166,280
35132,0,1,103,178
35133,0,1,120,172
35134,0,1,89,5923
35135,2,3,90,256
35136,16,48,161,252
35137,0,0,0,407
35138,0,0,0,2
35139,1,2,2,17
3514,0,1,142,604
35140,1,2,2,1542
35141,0,1,12,1347
35142,3,4,10,28
35143,0,0,0,103
35144,0,0,0,9
35145,1,2,9,87
35146,0,0,0,5
35147,0,0,0,2
35148,0,0,0,5
35149,0,0,0,335
3515,0,1,142,425
35150,0,8,32,32
35151,0,1,29,51
35152,0,1,4,314
35153,0,0,0,0
35154,0,0,59,64
35155,0,0,0,0
35156,0,0,0,2
35157,0,0,41,7249
35158,0,0,59,64
35159,0,0,0,2
3516,0,1,1,18
35160,0,0,0,0
35161,0,0,0,2
35162,0,0,0,5
35163,0,0,0,103
35164,1,12,420,3252
35165,1,2,2,4
35166,0,1,58,279
35167,1,2,3,368
35168,0,0,0,1
35169,0,0,0,1
3517,0,1,1,45
35170,0,0,0,9
35171,0,0,0,0
35172,0,1,1,8
35173,0,1,1,38
35174,0,1,1,18
35175,0,8,238,581
35176,0,1,18,430
35177,0,5,49,5924
35178,0,0,0,9
35179,0,0,0,2
3518,0,1,1,8
35180,2,3,90,256
35181,16,48,161,252
35182,1,2,3,19
35183,0,0,0,0
35184,1,2,3,3
35185,0,0,0,9
35186,0,1,51,1210
35187,0,0,17,39
35188,0,0,41,106
35189,0,0,52,52
3519,0,0,0,2
35190,1,2,53,53
35191,0,0,45,71
35192,0,0,0,103
35193,0,0,0,103
35194,0,0,0,77
35195,1,2,2,17
35196,2,3,127,174
35197,0,1,29,51
35198,0,0,0,93
35199,0,1,1,74
352,0,0,0,5
3520,0,0,0,2388
35200,0,1,4,30
35201,0,0,0,5
35202,7,15,48,66
35203,0,0,0,2
35204,1,2,9,26
35205,0,1,1,96
35206,0,1,71,428
35207,0,0,0,9
35208,0,1,4,586
35209,0,0,0,316
3521,0,0,0,37
35210,1,2,3,453
35211,1,2,2,381
35212,0,1,4,62
35213,0,1,4,30
35214,0,17,76,4576
35215,0,0,40,5925
35216,0,0,0,48
35217,0,0,0,5
35218,1,2,9,26
35219,0,0,19,146
3522,0,0,0,5
35220,0,0,0,109
35221,0,0,0,273
35222,0,6,36,1238
35223,0,1,1,180
35224,0,0,16,16
35225,0,1,4,5926
35226,0,6,493,3253
35227,1,2,9,13
35228,0,0,0,5
35229,0,1,4,30
3523,1,2,2,23
35230,0,1,1,74
35231,0,0,0,77
35232,1,2,2,17
35233,2,3,127,174
35234,0,1,29,51
35235,0,0,0,93
35236,0,0,0,9
35237,0,1,1,20
35238,22,98,471,5927
35239,2,3,132,1976
3524,0,1,1,65
35240,4,18,172,5928
35241,0,1,1,8
35242,0,0,0,5
35243,0,0,61,89
35244,0,0,0,5
35245,0,0,6,6
35246,1,2,9,26
35247,1,2,2,23
35248,1,2,9,26
35249,7,15,48,66
3525,0,1,151,228
35250,0,0,0,2
35251,0,0,0,5
35252,0,0,0,37
35253,0,1,71,428
35254,0,32,101,216
35255,0,1,22,286
35256,0,1,1,8
35257,0,1,1,38
35258,0,0,0,5
35259,0,1,1,8
3526,0,1,119,209
35260,0,0,0,5
35261,1,2,9,13
35262,0,0,16,16
35263,0,0,61,89
35264,1,2,9,26
35265,2,3,132,4577
35266,1,2,3,19
35267,0,0,0,0
35268,0,1,22,1762
35269,0,1,1,2079
3527,0,1,85,113
35270,0,0,0,9
35271,0,0,0,5
35272,0,0,95,585
35273,0,1,4,162
35274,0,1,1,104
35275,7,15,48,66
35276,0,0,0,2
35277,0,0,0,5
35278,0,0,0,5
35279,0,0,978,4578
3528,0,1,128,191
35280,0,0,0,2
35281,0,1,71,1315
35282,0,0,0,1
35283,1,19,87,363
35284,0,58,216,362
35285,0,145,729,7250
35286,0,1,443,3254
35287,0,1,4,1798
35288,0,0,0,846
35289,0,1,1,2080
3529,1,2,9,13
35290,1,2,3,750
35291,0,0,0,109
35292,0,6,160,390
35293,0,0,0,5
35294,0,0,0,2
35295,0,0,6,6
35296,0,0,114,875
35297,0,1,1,20
35298,1,2,2,17
35299,0,0,0,9
353,0,1,1,8
3530,0,0,16,16
35300,0,1,71,202
35301,3,4,10,7251
35302,0,0,0,9
35303,0,0,0,4579
35304,0,0,0,4580
35305,0,0,0,3255
35306,0,0,0,7252
35307,0,0,0,7253
35308,0,0,0,7254
35309,0,0,0,5929
3531,0,0,61,89
35310,0,0,0,7255
35311,0,0,0,7256
35312,0,0,0,5930
35313,0,0,0,4581
35314,0,0,0,4582
35315,0,0,0,7257
35316,0,0,0,4583
35317,0,0,0,4584
35318,0,0,0,4585
35319,0,0,0,7258
3532,0,0,0,5
35320,0,0,0,7259
35321,0,0,0,5931
35322,0,0,0,5932
35323,0,0,0,3256
35324,0,0,0,3257
35325,0,0,0,4586
35326,0,0,0,4587
35327,0,0,0,7260
35328,0,0,0,5933
35329,0,0,0,4588
3533,0,1,439,1849
35330,0,0,0,5934
35331,0,0,0,7261
35332,0,0,0,7262
35333,0,0,0,7263
35334,0,0,0,3258
35335,0,0,0,4589
35336,0,1,4,30
35337,0,1,51,136
35338,0,8,32,32
35339,0,1,51,136
3534,0,0,0,5
35340,0,1,1,5935
35341,0,9,65,694
35342,3,4,243,420
35343,0,0,0,242
35344,0,0,77,258
35345,0,1,89,435
35346,0,1,20,29
35347,29,91,628,5936
35348,0,7,26,22
35349,0,1,13,166
3535,0,0,0,2
35350,0,8,32,32
35351,0,8,32,32
35352,0,1,18,514
35353,1,2,9,26
35354,1,105,497,981
35355,1,23,145,230
35356,1,39,152,1233
35357,1,23,309,911
35358,1,56,193,356
35359,15,44,149,315
3536,1,2,9,26
35360,0,0,92,139
35361,0,1,1,8
35362,0,1,1,18
35363,0,1,147,4590
35364,0,0,0,77
35365,1,2,2,17
35366,2,3,127,174
35367,0,1,29,51
35368,0,0,0,93
35369,1,74,433,5937
3537,0,0,0,2
35370,0,0,0,5
35371,0,0,0,2
35372,0,1,174,7264
35373,0,0,0,9
35374,0,0,0,1
35375,0,0,0,5
35376,1,2,9,26
35377,2,3,5,15
35378,1,2,7,7
35379,1,2,2,4
3538,0,0,0,5
35380,0,0,0,0
35381,0,0,0,1
35382,1,2,3,3
35383,0,0,0,2
35384,0,0,0,0
35385,0,0,0,3259
35386,0,1,4,7265
35387,0,5,687,7266
35388,0,0,0,9
35389,0,0,0,1
3539,0,0,15,27
35390,0,0,0,47
35391,2,3,8,692
35392,2,3,8,599
35393,0,1,20,29
35394,0,0,171,379
35395,1,2,2,17
35396,0,0,0,77
35397,0,0,0,21
35398,0,9,270,2076
35399,0,0,46,94
354,0,0,0,2
3540,0,0,0,1
35400,3,4,67,384
35401,0,0,19,55
35402,0,1,1349,7267
35403,12,92,498,1226
35404,0,0,0,2
35405,0,0,17,500
35406,1,2,2,293
35407,0,0,0,0
35408,0,0,0,5
35409,0,1,125,7268
3541,1,2,2,4
35410,14,38,187,5938
35411,14,38,187,5939
35412,0,1,35,4591
35413,0,0,0,0
35414,0,0,0,1
35415,0,0,0,47
35416,1,2,3,3
35417,1,2,7,7
35418,0,0,0,1
35419,0,0,0,12
3542,1,2,7,7
35420,0,0,0,9
35421,0,1,4,30
35422,0,0,6,6
35423,1,2,2,23
35424,0,0,0,2
35425,0,0,0,5
35426,1,2,2,4
35427,0,0,0,0
35428,2,3,31,36
35429,2,3,5,15
3543,0,0,0,0
35430,0,0,0,0
35431,0,0,0,1
35432,0,0,0,2
35433,1,2,2,4
35434,0,0,0,12
35435,0,0,0,0
35436,2,3,8,11
35437,2,3,5,10
35438,1,2,2,4
35439,1,2,3,3
3544,0,1,20,29
35440,0,0,0,0
35441,2,3,5,41
35442,2,51,170,799
35443,0,0,0,361
35444,0,0,0,2
35445,0,0,0,515
35446,0,0,6,107
35447,0,0,6,70
35448,0,0,0,2
35449,1,2,2,23
3545,0,1,20,29
35450,1,25,979,4592
35451,0,0,19,146
35452,0,1,4,1375
35453,6,14,98,157
35454,0,1,21,24
35455,0,0,0,9
35456,0,1,1,20
35457,1,2,2,17
35458,1,2,2,17
35459,0,0,0,9
3546,0,0,6,6
35460,0,1,1,5940
35461,0,1,21,24
35462,0,1,1,20
35463,1,2,2,17
35464,0,0,0,9
35465,0,1,21,24
35466,0,1,1,20
35467,1,2,980,4593
35468,1,2,2,4594
35469,0,0,0,9
3547,0,0,0,9
35470,2,3,34,35
35471,2,3,34,1561
35472,0,1,429,1395
35473,0,5,49,618
35474,0,1,51,136
35475,0,0,0,9
35476,0,0,0,2
35477,0,0,0,5
35478,0,0,0,9
35479,0,0,0,5
3548,0,0,0,9
35480,0,1,355,7269
35481,0,1,103,2285
35482,0,0,0,515
35483,5,46,210,2081
35484,0,1,220,360
35485,0,1,85,113
35486,0,1,126,324
35487,0,1,71,202
35488,0,1,1,45
35489,0,0,0,614
3549,0,0,0,9
35490,0,1,22,479
35491,0,8,32,32
35492,0,6,160,529
35493,4,18,708,4595
35494,0,0,0,1
35495,0,0,0,47
35496,0,1,1,96
35497,0,1,21,24
35498,0,1,1,20
35499,1,2,2,17
355,0,1,1,44
3550,0,0,0,48
35500,0,0,0,9
35501,0,1,150,334
35502,0,0,1350,7270
35503,0,1,4,30
35504,2,3,131,190
35505,0,1,1,322
35506,0,1,4,30
35507,0,1,4,1799
35508,0,1,4,162
35509,0,1,1,765
3551,0,0,40,3397
35510,0,1,1,7271
35511,0,1,4,81
35512,0,0,6,6
35513,0,1,4,132
35514,0,1,82,680
35515,0,0,0,9
35516,0,1,24,200
35517,0,1,1,8
35518,1,2,2,34
35519,0,1,532,1800
3552,0,0,15,3398
35520,0,1,402,2082
35521,0,1,20,1681
35522,1,2,2,1680
35523,0,0,0,4596
35524,0,0,0,469
35525,1,2,2,17
35526,2,3,127,174
35527,0,1,29,51
35528,0,0,0,77
35529,0,0,0,93
3553,1,2,2,17
35530,0,0,0,9
35531,0,0,38,1350
35532,0,1,4,427
35533,0,1,1,20
35534,0,0,0,9
35535,1,2,2,17
35536,1,2,2,23
35537,0,0,0,2
35538,0,0,0,5
35539,0,0,0,2
3554,0,1,21,24
35540,0,9,65,289
35541,0,9,54,54
35542,3,4,121,365
35543,0,16,68,82
35544,0,1,91,144
35545,0,1,4,2083
35546,0,0,0,0
35547,0,1,4,385
35548,0,1,4,125
35549,2,3,403,979
3555,0,1,1,20
35550,2,3,403,979
35551,0,1,1,8
35552,0,0,0,0
35553,3,4,215,432
35554,0,0,133,235
35555,0,0,0,9
35556,0,0,0,31
35557,0,1,24,619
35558,1,2,2,34
35559,0,1,1,8
3556,0,1,21,24
35560,0,5,23,1348
35561,0,1,4,43
35562,0,1,4,2084
35563,0,1,154,607
35564,0,1,1,8
35565,0,1,18,547
35566,0,1,18,152
35567,0,1,18,742
35568,0,0,0,48
35569,3,4,10,1211
3557,0,1,1,20
35570,0,0,0,0
35571,2,3,5,10
35572,1,2,3,33
35573,0,0,6,107
35574,0,0,6,70
35575,0,0,6,6
35576,1,2,2,17
35577,0,0,0,9
35578,0,0,1351,7272
35579,1,2,9,5941
3558,1,2,2,17
35580,0,0,0,7273
35581,0,0,0,7274
35582,0,1,4,81
35583,3,4,10,4597
35584,2,34,99,697
35585,2,3,235,712
35586,0,0,0,183
35587,0,0,77,142
35588,2,34,99,589
35589,0,0,350,691
3559,0,0,15,3399
35590,2,3,50,5942
35591,3,4,10,5943
35592,0,1,89,2085
35593,2,3,50,5944
35594,3,4,10,5945
35595,2,3,50,4598
35596,2,3,11,14
35597,2,3,31,1212
35598,1,2,3,33
35599,1,2,7,7
356,0,0,27,6031
3560,0,1,439,1849
35600,0,0,0,12
35601,0,0,0,291
35602,0,0,0,0
35603,0,0,0,9
35604,0,5,49,5946
35605,0,1,18,7275
35606,0,1,1,3260
35607,0,1,1,1219
35608,0,1,175,591
35609,1,146,1352,7276
3561,6,250,1372,4740
35610,0,0,0,0
35611,0,1,4,217
35612,0,1,211,848
35613,0,0,0,2
35614,0,1,102,641
35615,0,0,138,201
35616,0,0,6,6
35617,0,0,0,0
35618,0,0,0,0
35619,1,2,3,3
3562,2,3,34,35
35620,0,0,0,5
35621,0,0,61,89
35622,1,2,9,13
35623,0,0,0,9
35624,0,0,0,9
35625,0,0,0,2
35626,0,0,0,5
35627,0,0,0,2
35628,0,0,0,5
35629,1,2,2,23
3563,2,3,11,14
35630,0,0,0,0
35631,0,0,0,955
35632,0,9,54,54
35633,0,16,68,82
35634,0,9,65,213
35635,1,2,2,17
35636,1,2,2,17
35637,1,2,2,17
35638,0,0,0,168
35639,0,0,0,2
3564,2,3,31,36
35640,0,0,0,2
35641,1,2,9,26
35642,0,0,27,25
35643,0,1,4,2086
35644,3,4,10,5947
35645,0,0,0,75
35646,0,1,150,334
35647,0,0,16,16
35648,0,1,4,1091
35649,3,4,116,2279
3565,2,3,50,4741
35650,0,0,0,2
35651,1,2,3,19
35652,2,3,5,10
35653,1,2,2,4
35654,0,0,0,0
35655,0,0,0,1
35656,0,0,0,2
35657,3,4,10,4599
35658,0,0,0,0
35659,1,2,7,7
3566,1,2,2,4
35660,0,0,0,1
35661,2,3,34,1424
35662,0,0,0,2
35663,0,8,32,32
35664,0,1,4,4600
35665,1,2,2,4
35666,1,12,43,595
35667,0,0,15,27
35668,1,2,3,3
35669,2,3,5,10
3567,2,3,5,15
35670,0,0,0,12
35671,0,0,0,0
35672,0,0,0,1
35673,0,0,0,102
35674,0,0,0,262
35675,0,1,4,797
35676,0,0,0,1797
35677,0,0,6,6
35678,2,3,34,35
35679,0,0,0,95
3568,2,3,8,79
35680,0,0,0,95
35681,0,0,0,95
35682,0,0,0,95
35683,0,0,0,95
35684,0,0,16,16
35685,0,0,0,1
35686,0,1,20,29
35687,0,0,0,2
35688,0,0,0,5
35689,1,2,2,23
3569,1,2,3,3
35690,0,0,0,37
35691,0,1,4,236
35692,0,1,1,104
35693,0,5,23,143
35694,0,1,24,251
35695,0,1,82,5948
35696,0,0,0,31
35697,0,0,0,31
35698,0,0,0,72
35699,0,1,4,199
357,1,2,9,26
3570,1,2,3,3
35700,4,20,70,76
35701,0,0,0,56
35702,1,2,3,92
35703,0,1,385,7277
35704,83,246,1353,7278
35705,0,1,1,65
35706,10,53,185,439
35707,19,284,1577,5949
35708,1,12,43,7279
35709,1,2,2,4
3571,2,3,50,1432
35710,0,0,0,1
35711,0,0,0,2
35712,0,0,0,1
35713,2,3,5,10
35714,1,2,3,4601
35715,0,8,302,1815
35716,0,5,49,912
35717,0,1,51,136
35718,0,0,6,70
35719,0,0,6,107
3572,0,0,0,0
35720,0,0,6,6
35721,0,0,6,6
35722,0,0,6,70
35723,0,0,0,2
35724,0,0,0,1
35725,0,0,0,9
35726,0,0,16,16
35727,0,1,1,1801
35728,0,1,4,1349
35729,0,1,4,2087
3573,2,3,8,11
35730,1,2,9,13
35731,3,45,300,3261
35732,3,45,194,7280
35733,0,1,4,1102
35734,0,1,4,81
35735,0,1,4,62
35736,0,1,4,30
35737,0,8,32,32
35738,0,0,0,9
35739,0,0,0,9
3574,1,2,3,3
35740,0,1,4,1213
35741,0,0,19,146
35742,0,9,54,54
35743,0,16,68,82
35744,0,9,65,213
35745,1,2,2,23
35746,0,0,0,5
35747,0,0,0,2
35748,0,0,27,25
35749,0,0,0,5950
3575,1,2,3,3
35750,0,1,1,8
35751,0,1,63,301
35752,0,1,1,38
35753,0,1,1,38
35754,0,1,1,8
35755,0,1,63,301
35756,0,0,19,555
35757,0,0,0,526
35758,0,0,74,118
35759,0,0,0,2
3576,2,3,5,15
35760,0,1,13,166
35761,0,1,513,1066
35762,0,1,1,18
35763,0,1,18,1416
35764,1,2,2,4
35765,1,2,7,7
35766,0,0,0,0
35767,1,2,3,3
35768,0,0,0,2
35769,1,2,3,3
3577,1,2,3,3
35770,0,0,0,0
35771,0,0,0,2
35772,0,0,0,1
35773,0,0,0,0
35774,1,2,2,4
35775,0,0,0,0
35776,0,9,54,54
35777,0,9,65,213
35778,1,2,3,3
35779,1,2,7,7
3578,1,2,7,7
35780,0,0,0,0
35781,2,3,8,11
35782,1,2,2,4
35783,0,0,0,1
35784,2,3,11,14
35785,2,3,5,15
35786,2,3,31,7281
35787,1,2,3,3
35788,1,2,3,3
35789,0,30,260,953
3579,3,4,10,28
35790,0,0,0,1
35791,2,3,8,708
35792,1,2,3,33
35793,2,3,31,1165
35794,0,0,0,1
35795,2,3,8,7282
35796,2,3,8,11
35797,1,2,3,3
35798,2,3,5,15
35799,0,0,0,0
358,0,0,992,2334
3580,1,2,2,4
35800,2,3,5,10
35801,4,18,172,1802
35802,0,0,0,1
35803,0,0,0,1
35804,0,0,0,100
35805,1,2,3,63
35806,1,2,3,3
35807,1,2,3,3
35808,0,0,0,0
35809,3,4,10,28
3581,2,3,44,59
35810,2,3,5,134
35811,0,5,49,1803
35812,0,5,49,7283
35813,0,1,4,288
35814,12,110,533,7284
35815,0,9,54,54
35816,0,0,133,235
35817,3,4,215,432
35818,3,113,711,2286
35819,0,9,54,54
3582,0,0,0,2
35820,0,16,68,82
35821,3,4,121,365
35822,0,9,65,213
35823,0,1,4,1214
35824,0,0,1354,7285
35825,1,2,9,46
35826,0,0,38,1350
35827,0,1,4,1091
35828,0,1,18,615
35829,0,1,18,152
3583,0,0,0,0
35830,0,1,1,96
35831,2,3,112,3262
35832,13,37,107,198
35833,0,0,0,9
35834,0,1,1,104
35835,0,1,1,169
35836,0,1,4,236
35837,0,1,1,169
35838,0,1,1,169
35839,0,1,1,192
3584,1,2,2,4
35840,0,0,0,88
35841,0,1,118,644
35842,0,5,49,5951
35843,0,8,32,32
35844,0,1,18,152
35845,0,8,32,32
35846,0,1,102,184
35847,0,1,192,354
35848,0,1,51,136
35849,0,1,346,663
3585,0,0,0,1
35850,0,0,0,109
35851,2,3,5,15
35852,2,3,31,36
35853,1,2,3,3
35854,1,2,2,4
35855,0,0,0,0
35856,0,0,0,2
35857,0,0,0,1
35858,1,2,7,7
35859,1,2,3,3
3586,2,3,11,80
35860,0,0,0,12
35861,0,0,0,0
35862,2,3,5,134
35863,1,2,3,3
35864,0,0,0,0
35865,1,2,3,3
35866,0,0,0,0
35867,0,0,0,0
35868,0,0,0,0
35869,1,2,3,3
3587,0,0,0,0
35870,0,0,0,0
35871,0,0,0,9
35872,0,1,37,1318
35873,1,2,3,92
35874,0,1,4,49
35875,0,6,73,491
35876,0,1,1,8
35877,0,0,0,56
35878,0,1,4,1804
35879,0,0,0,3263
3588,2,3,8,124
35880,0,1,4,366
35881,0,1,1,8
35882,0,1,18,176
35883,0,1,1,38
35884,1,2,7,7
35885,0,1,14,780
35886,0,1,71,202
35887,0,1,91,144
35888,0,1,91,144
35889,2,3,738,4602
3589,2,3,8,285
35890,2,3,738,4603
35891,0,0,0,5
35892,12,40,136,189
35893,1,25,410,3264
35894,1,2,9,13
35895,0,0,266,442
35896,0,0,19,55
35897,1,2,3,3
35898,0,0,0,12
35899,0,0,0,1
359,0,0,27,3318
3590,2,3,5,15
35900,0,0,0,2
35901,0,0,0,0
35902,1,2,7,7
35903,1,2,2,4
35904,0,1,141,1805
35905,0,0,0,5
35906,0,99,606,4604
35907,0,0,0,2
35908,0,0,6,605
35909,0,188,981,4605
3591,2,3,31,36
35910,0,1,4,7286
35911,0,1,4,257
35912,0,5,23,274
35913,0,1,24,275
35914,0,0,0,0
35915,0,0,15,913
35916,0,0,0,655
35917,4,20,70,76
35918,1,2,2,34
35919,0,0,0,5
3592,1,2,7,7
35920,21,65,739,4606
35921,21,65,739,4607
35922,0,1,13,1806
35923,1,2,9,46
35924,0,1,4,364
35925,0,1,211,2088
35926,3,45,194,7287
35927,1,2,7,7
35928,2,3,11,14
35929,2,3,50,1807
3593,2,3,5,10
35930,2,3,8,124
35931,0,0,0,1
35932,0,0,0,1
35933,0,0,0,12
35934,0,0,0,12
35935,1,2,3,114
35936,0,0,0,1
35937,1,2,2,4
35938,0,0,0,2
35939,0,0,0,12
3594,0,0,0,0
35940,1,2,3,91
35941,0,0,0,12
35942,2,3,8,79
35943,2,3,5,10
35944,0,0,0,242
35945,0,0,77,258
35946,0,247,1355,7288
35947,0,0,123,5952
35948,0,1,14,7289
35949,2,3,112,2159
3595,0,0,0,12
35950,3,4,249,3265
35951,0,9,54,54
35952,0,16,68,82
35953,0,9,65,289
35954,0,0,0,5
35955,3,4,67,99
35956,0,1,4,296
35957,0,1,14,1215
35958,0,1,331,736
35959,0,1,324,698
3596,0,0,0,0
35960,0,1,262,762
35961,0,0,19,55
35962,2,3,90,256
35963,16,48,161,252
35964,0,0,0,1821
35965,0,1,22,309
35966,0,1,1,8
35967,0,1,1,3266
35968,0,8,32,32
35969,0,0,246,534
3597,2,3,8,11
35970,0,1,1,104
35971,0,1,4,248
35972,0,0,0,923
35973,0,0,0,522
35974,3,4,116,5953
35975,0,0,0,2
35976,0,0,0,5
35977,0,0,0,5
35978,0,0,6,7290
35979,0,0,0,2
3598,0,0,0,1
35980,0,0,0,5
35981,1,12,388,1216
35982,0,1,13,2188
35983,1,2,2,388
35984,0,0,0,1
35985,4,20,70,76
35986,0,1,51,136
35987,1,2,3,4608
35988,0,0,0,3267
35989,0,0,0,197
3599,0,0,0,2
35990,1,2,2,219
35991,0,1,42,130
35992,0,0,0,3268
35993,0,1,42,130
35994,0,0,6,6
35995,0,0,0,5
35996,0,1,4,755
35997,3,4,10,1035
35998,0,0,0,1
35999,0,1,20,29
36,4,18,153,336
360,0,0,1143,6032
3600,1,2,2,4
36000,0,1,14,145
36001,0,1,14,145
36002,0,0,0,407
36003,0,0,19,7291
36004,0,1,142,5954
36005,0,1,1,74
36006,0,1,4,30
36007,0,0,0,5
36008,0,1,1,45
36009,0,0,0,614
3601,1,2,7,7
36010,0,1,22,479
36011,0,6,160,529
36012,0,1,13,996
36013,0,1,211,2088
36014,0,1,1,8
36015,0,0,74,292
36016,0,1,4,1351
36017,0,6,307,1641
36018,0,0,0,5
36019,0,1,64,1374
3602,0,0,0,0
36020,0,0,0,1
36021,2,3,8,11
36022,0,0,0,12
36023,0,0,0,0
36024,1,2,2,4
36025,2,3,5,15
36026,0,0,0,2
36027,1,2,3,3
36028,1,2,7,7
36029,0,1,4,217
3603,0,0,0,0
36030,0,1,4,755
36031,0,1,1,74
36032,0,1,4,30
36033,0,8,32,32
36034,0,8,32,32
36035,0,1,4,296
36036,0,1,4,30
36037,1,2,9,13
36038,1,2,9,13
36039,0,0,0,56
3604,1,2,7,2389
36040,4,20,70,76
36041,0,1,24,251
36042,0,0,0,72
36043,0,1,82,7292
36044,0,5,23,143
36045,0,0,0,31
36046,0,0,0,31
36047,0,1,4,199
36048,1,2,3,3
36049,3,4,10,793
3605,1,2,3,3
36050,2,3,5,10
36051,1,2,2,4
36052,2,3,8,11
36053,0,0,0,0
36054,0,0,19,55
36055,0,0,0,0
36056,2,3,31,36
36057,1,2,3,3
36058,2,3,5,15
36059,1,2,2,4
3606,1,2,2,4
36060,1,2,3,3
36061,0,8,32,2089
36062,0,149,1135,3269
36063,0,8,32,32
36064,0,8,32,2089
36065,1,23,145,230
36066,1,39,152,283
36067,1,50,166,280
36068,0,0,92,139
36069,0,0,17,39
3607,0,0,0,0
36070,0,0,0,0
36071,0,0,17,1217
36072,0,0,0,1095
36073,0,1,64,5955
36074,0,1,118,382
36075,0,1,4,457
36076,0,0,333,2287
36077,0,0,629,2090
36078,0,0,57,1218
36079,2,3,34,35
3608,1,2,7,7
36080,0,1,1,458
36081,0,0,0,9
36082,0,0,0,9
36083,0,0,0,9
36084,0,0,0,9
36085,0,0,0,9
36086,0,0,0,463
36087,0,0,0,9
36088,1,2,2,68
36089,0,1,4,943
3609,0,0,0,0
36090,4,20,70,76
36091,0,6,73,1108
36092,0,0,134,181
36093,0,0,0,310
36094,0,1,37,855
36095,0,0,0,72
36096,1,2,3,92
36097,0,0,0,215
36098,0,0,0,215
36099,0,0,0,215
361,0,0,1144,6033
3610,0,0,0,1
36100,0,0,0,9
36101,0,0,0,86
36102,0,0,0,31
36103,0,0,0,1109
36104,0,1,4,427
36105,1,19,267,7293
36106,0,1,64,5956
36107,0,1,64,7294
36108,0,1,18,430
36109,0,1,51,136
3611,2,3,5,10
36110,0,1,192,354
36111,0,1,102,184
36112,0,1,18,430
36113,0,5,49,5957
36114,13,37,107,198
36115,0,0,6,70
36116,0,0,6,107
36117,0,1,4,30
36118,0,1,4,30
36119,0,1,1,74
3612,1,2,3,19
36120,0,0,0,330
36121,0,1,4,269
36122,0,0,0,307
36123,0,1,4,30
36124,0,1,1,133
36125,0,9,65,213
36126,0,9,54,54
36127,0,16,68,82
36128,0,1,4,7295
36129,0,1,120,7296
3613,1,2,7,7
36130,0,0,0,2
36131,0,0,0,5
36132,0,0,0,5
36133,0,1,4,7297
36134,0,0,0,0
36135,0,0,28,61
36136,0,0,28,119
36137,0,0,28,61
36138,0,0,0,98
36139,0,1,13,775
3614,0,0,0,0
36140,0,1,64,5958
36141,0,0,0,9
36142,0,1,4,78
36143,0,1,37,158
36144,0,6,73,1352
36145,0,1,18,914
36146,4,20,70,76
36147,1,2,3,92
36148,0,1,1,8
36149,0,1,22,965
3615,0,0,15,27
36150,0,1,1,3270
36151,0,1,1,1219
36152,0,1,175,591
36153,1,12,43,7298
36154,2,3,8,124
36155,2,3,11,14
36156,0,0,0,12
36157,2,3,8,285
36158,0,0,0,12
36159,1,2,3,3
3616,0,0,0,0
36160,33,114,723,2257
36161,0,1,14,1310
36162,0,0,0,21
36163,0,0,0,77
36164,0,0,0,1
36165,0,0,0,1
36166,0,0,0,1
36167,0,0,134,181
36168,1,2,2,4
36169,2,3,222,1287
3617,0,0,0,321
36170,1,2,2,40
36171,0,0,0,1
36172,0,0,0,1
36173,0,0,0,267
36174,0,0,0,749
36175,2,3,146,1959
36176,0,0,0,463
36177,0,1,14,145
36178,0,1,1,110
36179,0,1,141,998
3618,1,2,3,19
36180,0,1,91,1843
36181,3,4,308,610
36182,0,0,0,5
36183,1,2,9,26
36184,0,0,27,25
36185,7,15,48,66
36186,1,2,9,26
36187,0,0,27,25
36188,0,0,0,37
36189,1,2,9,26
3619,2,3,5,10
36190,0,0,6,605
36191,0,0,0,5
36192,0,0,0,2
36193,0,0,0,5
36194,1,2,9,87
36195,2,51,170,799
36196,0,0,0,361
36197,0,0,40,5959
36198,4,18,153,336
36199,0,0,486,7299
362,0,0,0,3319
3620,1,2,3,19
36200,0,1,141,284
36201,0,1,453,5960
36202,1,2,3,3
36203,0,1,14,145
36204,0,1,126,1353
36205,0,1,85,113
36206,0,1,119,209
36207,0,1,85,616
36208,0,1,1,65
36209,0,1,128,191
3621,2,3,5,10
36210,0,1,151,228
36211,0,0,0,0
36212,1,2,3,3
36213,2,3,8,11
36214,0,0,0,0
36215,1,2,2,4
36216,0,5,49,912
36217,0,1,102,184
36218,0,1,51,136
36219,0,0,0,0
3622,1,2,7,7
36220,0,0,0,2
36221,2,3,5,15
36222,1,2,2,4
36223,1,2,7,7
36224,1,2,3,3
36225,0,0,0,0
36226,2,3,11,14
36227,2,3,5,134
36228,3,4,10,28
36229,2,3,5,15
3623,0,0,0,1
36230,1,2,3,3
36231,1,2,3,3
36232,0,0,0,0
36233,1,2,2,4
36234,2,3,5,155
36235,0,1,4,81
36236,0,1,1,8
36237,0,1,1,44
36238,0,0,0,21
36239,1,2,9,46
3624,2,3,5,10
36240,13,37,107,198
36241,13,37,107,198
36242,0,0,0,9
36243,0,0,0,9
36244,1,2,9,13
36245,0,1,4,1220
36246,0,1,1,8
36247,0,0,0,103
36248,0,5,23,143
36249,0,1,24,251
3625,0,0,0,0
36250,0,0,0,31
36251,0,0,0,31
36252,0,0,0,72
36253,1,2,3,92
36254,0,1,4,199
36255,0,0,0,56
36256,0,1,1,38
36257,0,1,22,318
36258,0,1,18,176
36259,0,1,459,5961
3626,0,0,0,0
36260,0,1,4,1092
36261,0,0,0,9
36262,0,0,0,77
36263,0,1,4,3271
36264,0,1,4,162
36265,0,1,1,104
36266,0,1,1,5962
36267,0,1,4,5963
36268,0,0,6,6
36269,0,0,6,6
3627,1,2,2,4
36270,0,0,6,6
36271,0,0,6,6
36272,0,0,6,6
36273,0,0,6,6
36274,0,0,6,6
36275,0,1,14,145
36276,0,1,13,636
36277,0,1,20,29
36278,0,1,24,275
36279,0,1,4,257
3628,0,0,0,0
36280,0,5,23,274
36281,0,1,85,113
36282,0,1,1,65
36283,0,1,119,209
36284,0,1,1,18
36285,0,1,151,228
36286,0,1,85,616
36287,0,1,128,191
36288,0,0,0,5
36289,0,0,16,16
3629,0,0,15,27
36290,0,1,29,51
36291,0,0,0,5964
36292,0,5,49,5965
36293,0,8,32,32
36294,0,8,32,32
36295,0,1,4,314
36296,0,0,339,1687
36297,0,0,0,197
36298,0,0,0,469
36299,2,3,1578,5966
363,0,0,0,4664
3630,1,2,2,4
36300,0,1,20,250
36301,1,2,2,1688
36302,0,1,42,952
36303,0,1,12,3272
36304,2,3,11,14
36305,2,3,5,10
36306,1,2,3,19
36307,0,0,0,2091
36308,2,3,5,346
36309,1,2,2,4
3631,0,0,0,1
36310,0,0,0,1
36311,0,0,0,0
36312,1,2,7,7
36313,0,0,0,0
36314,2,3,66,377
36315,0,0,15,2144
36316,0,0,15,5967
36317,0,0,27,25
36318,1,2,2,126
36319,0,1,14,700
3632,0,0,0,0
36320,8,29,94,1048
36321,13,37,107,7300
36322,0,0,17,131
36323,0,1,534,7301
36324,0,47,188,373
36325,0,1,224,5968
36326,0,1,225,410
36327,0,1,221,3273
36328,0,1,276,4609
36329,1,2,7,7
3633,0,0,0,1
36330,10,53,185,4610
36331,0,0,0,1
36332,0,1,1,8
36333,0,1,1,44
36334,0,1,1,7302
36335,0,1,4,427
36336,0,1,4,427
36337,0,1,85,113
36338,0,1,126,324
36339,0,1,220,360
3634,1,2,3,19
36340,0,1,141,1805
36341,0,1,1,4611
36342,0,6,36,229
36343,0,1,4,2086
36344,0,0,0,9
36345,0,1,1,8
36346,0,1,1,38
36347,0,0,0,2
36348,0,1,211,2185
36349,0,1,4,296
3635,1,2,7,7
36350,0,0,60,4612
36351,0,1,12,601
36352,0,1,14,1283
36353,0,1,20,629
36354,0,1,125,2233
36355,0,13,688,1808
36356,0,13,608,1809
36357,0,0,6,6
36358,0,0,0,95
36359,0,0,0,5
3636,1,2,3,19
36360,2,3,34,35
36361,0,6,160,529
36362,0,0,0,614
36363,0,1,22,479
36364,0,1,1,45
36365,0,5,23,4613
36366,0,0,0,7303
36367,1,2,2,34
36368,1,2,2,68
36369,0,0,0,21
3637,0,0,15,27
36370,2,3,100,7304
36371,0,1,4,350
36372,0,0,0,72
36373,0,0,0,31
36374,0,1,24,302
36375,0,1,85,113
36376,0,1,1,65
36377,0,1,126,2092
36378,0,1,119,209
36379,0,1,128,191
3638,0,0,0,0
36380,0,1,392,1810
36381,0,1,630,2093
36382,1,2,3,92
36383,0,1,1,8
36384,0,1,4,78
36385,0,1,37,158
36386,0,1,18,914
36387,4,20,70,76
36388,0,6,73,1352
36389,0,1,22,965
3639,0,0,15,27
36390,0,1,12,195
36391,0,1,64,5969
36392,0,1,13,1423
36393,0,0,17,131
36394,0,1,14,1341
36395,0,0,28,61
36396,0,0,15,116
36397,0,0,28,119
36398,0,0,0,98
36399,0,0,28,61
364,0,0,1145,6034
3640,0,0,0,0
36400,1,2,2,34
36401,0,0,0,9
36402,0,1,1,8
36403,0,0,0,9
36404,0,1,4,78
36405,4,20,70,76
36406,0,6,73,1352
36407,0,1,22,965
36408,0,0,0,0
36409,0,0,0,1
3641,0,0,0,2
36410,0,0,0,0
36411,1,2,2,4
36412,1,2,7,7
36413,0,0,15,27
36414,2,3,5,10
36415,1,2,3,19
36416,0,1,189,959
36417,0,1,1,8
36418,0,1,1,44
36419,3,4,10,7305
3642,1,2,7,7
36420,0,0,0,102
36421,0,0,0,262
36422,1,2,7,7
36423,0,0,15,27
36424,0,0,0,1
36425,0,0,0,0
36426,0,0,6,6
36427,0,1,4,296
36428,0,1,14,145
36429,0,1,64,5970
3643,0,0,0,0
36430,0,0,0,2
36431,0,0,0,5
36432,4,20,70,76
36433,1,2,2,17
36434,0,1,1,8
36435,0,1,1,38
36436,0,0,0,102
36437,0,0,0,262
36438,0,0,0,12
36439,0,0,0,1
3644,1,2,7,7
36440,1,2,3,3
36441,1,2,2,4
36442,0,0,0,1
36443,0,1,13,636
36444,0,1,1,8
36445,0,1,4,57
36446,0,1,1,115
36447,0,1,1,18
36448,0,1,1,8
36449,0,1,1,18
3645,0,0,0,2
36450,0,1,21,24
36451,0,1,4,57
36452,0,0,0,0
36453,0,0,17,500
36454,0,0,77,258
36455,0,0,0,242
36456,0,0,0,2
36457,0,1,192,354
36458,0,1,51,136
36459,0,1,102,184
3646,0,0,0,2
36460,0,0,0,1017
36461,0,1,42,130
36462,12,211,1136,3274
36463,0,1,85,113
36464,0,1,1,7306
36465,0,1,220,360
36466,0,1,126,324
36467,0,7,26,22
36468,0,212,1137,3275
36469,0,1,85,113
3647,0,0,15,27
36470,0,1,1,3276
36471,0,1,85,616
36472,0,1,128,191
36473,0,1,126,1832
36474,0,1,151,228
36475,0,1,119,209
36476,0,1,150,5971
36477,1,2,9,13
36478,0,1,13,164
36479,0,1,13,164
3648,1,2,7,7
36480,0,0,0,206
36481,0,1,4,5972
36482,1,2,9,127
36483,2,3,100,564
36484,0,0,0,4614
36485,0,0,0,4615
36486,2,3,251,915
36487,0,0,77,142
36488,2,34,99,422
36489,0,0,0,183
3649,2,3,5,10
36490,0,1,1,8
36491,0,1,200,7307
36492,0,0,28,1527
36493,0,1,51,136
36494,0,1,102,184
36495,0,1,228,4616
36496,0,1,1,3277
36497,0,0,266,442
36498,0,0,19,55
36499,0,9,330,659
365,0,0,0,37
3650,1,2,3,19
36500,0,0,19,146
36501,0,9,65,213
36502,0,9,54,54
36503,3,4,121,365
36504,12,40,136,189
36505,0,0,19,146
36506,0,71,301,587
36507,0,5,49,912
36508,0,1,13,7308
36509,0,1,103,178
3651,0,0,0,1
36510,0,1,120,172
36511,0,1,228,7309
36512,0,1,103,178
36513,0,1,120,172
36514,0,0,19,146
36515,0,71,301,587
36516,0,1,1,180
36517,0,1,630,2093
36518,0,1,392,1810
36519,0,0,78,431
3652,0,0,0,0
36520,1,2,3,3
36521,2,3,8,186
36522,0,0,0,0
36523,0,1,24,200
36524,0,1,13,166
36525,0,1,82,7310
36526,0,1,13,7311
36527,0,0,0,108
36528,0,1,14,90
36529,0,0,0,9
3653,0,0,0,0
36530,1,2,9,13
36531,1,2,9,13
36532,1,2,9,13
36533,1,2,9,13
36534,0,1,1,8
36535,0,1,4,132
36536,1,2,2,34
36537,1,2,9,13
36538,1,2,9,3278
36539,0,0,17,39
3654,1,2,3,3
36540,3,4,10,4617
36541,1,2,9,13
36542,0,1,4,296
36543,0,0,6,6
36544,0,0,16,16
36545,0,0,0,21
36546,1,2,9,127
36547,0,1,85,113
36548,0,1,1,65
36549,0,1,126,1353
3655,0,0,0,0
36550,0,1,128,191
36551,0,1,85,616
36552,0,1,119,209
36553,1,2,3,63
36554,0,0,0,1
36555,0,0,0,1
36556,0,0,0,100
36557,1,2,2,17
36558,0,1,1,20
36559,0,1,1,20
3656,2,3,8,11
36560,0,1,1,20
36561,0,1,21,24
36562,1,2,9,5973
36563,0,0,0,9
36564,0,1,1,20
36565,1,2,2,17
36566,0,0,0,9
36567,1,2,2,17
36568,2,3,111,150
36569,0,1,1,20
3657,2,3,272,4742
36570,0,1,22,7312
36571,0,0,108,5974
36572,1,2,7,7
36573,0,0,0,12
36574,0,0,61,89
36575,1,2,9,13
36576,0,1,1,8
36577,0,0,0,1
36578,1,2,3,33
36579,2,3,5,303
3658,0,0,0,0
36580,1,2,2,4
36581,1,2,7,7
36582,0,0,0,2
36583,0,0,0,1
36584,0,0,0,2
36585,0,0,0,0
36586,2,3,5,10
36587,0,0,0,1
36588,0,0,0,47
36589,0,1,4,296
3659,0,0,0,2
36590,6,14,531,1205
36591,0,0,0,2
36592,1,2,9,26
36593,0,0,0,5
36594,0,0,0,5
36595,0,0,0,5
36596,0,0,0,2
36597,0,1,1,8
36598,0,0,0,375
36599,0,0,59,64
366,0,0,0,988
3660,1,2,2,4
36600,0,1,548,5975
36601,0,1,394,3279
36602,0,1,56,5976
36603,0,1,56,177
36604,2,3,199,5977
36605,0,1,20,7313
36606,0,1,56,177
36607,0,1,109,652
36608,5,26,310,802
36609,3,4,982,4618
3661,1,2,7,7
36610,0,1,137,1448
36611,22,77,327,5978
36612,2,3,199,3280
36613,0,1,156,1239
36614,0,1,158,671
36615,22,77,327,2094
36616,0,1,109,480
36617,5,26,549,7314
36618,0,1,86,358
36619,0,1,637,1443
3662,0,0,0,0
36620,0,1,13,5979
36621,0,106,499,5980
36622,0,106,499,3281
36623,0,106,499,4619
36624,0,0,0,2
36625,0,0,0,5
36626,1,2,9,87
36627,1,2,2,17
36628,0,0,0,5
36629,0,0,0,0
3663,0,0,0,0
36630,0,0,0,5
36631,1,2,2,293
36632,0,0,0,2
36633,0,1,1,18
36634,0,1,142,604
36635,0,1,142,425
36636,0,1,1,45
36637,0,248,1356,7315
36638,0,1,427,7316
36639,0,1,51,1336
3664,1,2,2,4
36640,2,3,5,41
36641,2,3,5,10
36642,2,3,8,11
36643,1,2,2,4
36644,0,0,0,0
36645,1,2,3,3
36646,1,2,7,7
36647,0,0,0,2
36648,0,0,0,0
36649,0,0,400,962
3665,1,2,2,4
36650,0,16,68,82
36651,0,9,54,54
36652,0,9,65,211
36653,0,1,1,38
36654,0,1,1,18
36655,0,1,33,112
36656,0,1,29,421
36657,0,1,33,1166
36658,0,1,1,18
36659,0,1,4,57
3666,1,2,3,3
36660,0,0,47,73
36661,0,1,1,8
36662,0,1,1,44
36663,0,1,1,237
36664,0,1,22,737
36665,0,1,29,149
36666,0,1,13,636
36667,0,7,26,22
36668,0,7,26,22
36669,0,13,62,203
3667,1,2,2,4
36670,0,1,324,698
36671,0,1,331,736
36672,0,1,262,762
36673,0,1,154,3282
36674,0,0,0,4620
36675,3,4,10,4621
36676,0,0,0,1221
36677,1,2,3,92
36678,0,0,0,2
36679,0,0,0,3283
3668,2,3,44,59
36680,0,0,0,5981
36681,0,0,0,9
36682,0,0,0,9
36683,0,0,0,9
36684,0,0,0,9
36685,0,0,6,6
36686,0,5,49,5982
36687,0,0,0,21
36688,0,1,18,430
36689,1,2,9,1811
3669,2,3,11,14
36690,7,15,48,1309
36691,0,0,0,5
36692,0,0,0,5
36693,0,7,26,22
36694,0,13,62,203
36695,0,7,26,22
36696,0,1,91,685
36697,0,0,19,55
36698,0,0,46,94
36699,3,4,67,1812
367,0,0,0,2
3670,0,0,0,0
36700,0,9,404,851
36701,3,4,121,5983
36702,0,0,0,77
36703,0,0,0,21
36704,43,131,631,5984
36705,0,21,72,165
36706,0,0,171,379
36707,0,0,0,1
36708,0,0,230,499
36709,0,1,37,938
3671,0,0,0,1
36710,0,1,4,49
36711,0,1,85,113
36712,0,1,220,360
36713,0,1,126,324
36714,0,1,51,136
36715,0,1,192,354
36716,0,1,102,184
36717,0,1,346,663
36718,1,2,9,13
36719,0,0,0,0
3672,2,3,11,14
36720,0,0,0,0
36721,3,4,653,7317
36722,0,1,1,8
36723,11,28,80,97
36724,2,3,5,41
36725,0,0,0,0
36726,0,0,0,0
36727,0,0,28,61
36728,0,0,28,119
36729,1,2,2,34
3673,1,2,3,3
36730,0,0,0,2
36731,0,0,0,98
36732,2,3,8,692
36733,0,1,29,51
36734,0,6,36,1398
36735,0,1,4,347
36736,0,0,6,6
36737,0,1,1,8
36738,0,1,1,38
36739,0,1,1,18
3674,0,0,0,0
36740,0,0,0,0
36741,2,3,8,186
36742,1,2,2,4
36743,0,0,0,0
36744,2,3,11,14
36745,3,4,10,28
36746,3,4,10,28
36747,1,2,7,7
36748,0,0,27,25
36749,1,2,2,23
3675,0,0,0,1
36750,0,0,0,488
36751,0,0,0,2
36752,0,1,615,2028
36753,0,0,0,1813
36754,0,21,72,225
36755,1,2,2,240
36756,0,21,72,165
36757,0,0,0,0
36758,0,0,0,2
36759,1,2,3,3
3676,1,2,3,3
36760,0,0,0,0
36761,0,0,580,1952
36762,0,0,0,183
36763,2,34,99,422
36764,0,0,77,142
36765,2,34,99,422
36766,0,0,77,142
36767,0,0,0,183
36768,0,0,77,142
36769,2,34,99,422
3677,0,0,0,0
36770,0,0,0,183
36771,0,0,77,142
36772,2,34,99,3284
36773,0,0,0,183
36774,0,0,77,142
36775,0,0,0,183
36776,0,0,0,183
36777,0,0,77,142
36778,0,0,0,183
36779,0,0,77,142
3678,1,2,7,7
36780,2,34,99,584
36781,2,34,99,3285
36782,0,0,77,258
36783,0,0,0,242
36784,0,0,77,258
36785,2,3,983,4622
36786,0,0,0,242
36787,0,0,0,242
36788,0,0,77,258
36789,0,0,77,142
3679,1,2,7,7
36790,0,0,0,242
36791,2,34,99,584
36792,2,3,235,2328
36793,0,0,0,183
36794,0,0,0,183
36795,0,0,77,142
36796,0,0,77,142
36797,2,34,99,2288
36798,2,34,99,2288
36799,0,0,0,183
368,0,0,0,5
3680,0,0,0,0
36800,0,0,77,142
36801,2,3,235,2328
36802,0,0,0,5
36803,0,1,565,1814
36804,0,0,61,89
36805,0,1,4,520
36806,0,0,0,77
36807,2,3,127,174
36808,1,2,2,17
36809,0,0,0,93
3681,1,2,3,4743
36810,0,1,29,51
36811,2,3,5,10
36812,2,3,5,67
36813,0,0,0,1
36814,0,0,0,0
36815,1,2,3,33
36816,1,2,2,4
36817,1,2,7,7
36818,1,2,2,4
36819,0,0,0,2
3682,2,3,8,188
36820,0,0,0,0
36821,1,2,3,33
36822,2,3,5,67
36823,0,0,0,0
36824,1,2,7,7
36825,0,0,0,0
36826,0,0,0,2
36827,0,0,0,1
36828,2,3,5,10
36829,1,2,2,4
3683,1,2,2,4
36830,1,2,3,3
36831,0,0,0,1
36832,0,0,0,0
36833,2,3,11,14
36834,1,2,7,7
36835,0,0,0,2
36836,0,0,0,0
36837,1,2,2,4
36838,0,0,0,0
36839,1,2,3,3
3684,2,3,5,15
36840,2,3,8,11
36841,0,0,0,0
36842,0,7,26,22
36843,1,2,3,3
36844,0,7,26,22
36845,0,13,62,203
36846,0,13,62,147
36847,0,7,26,5985
36848,0,7,26,22
36849,0,13,62,147
3685,2,3,5,15
36850,0,13,62,203
36851,0,7,26,22
36852,0,7,26,22
36853,0,7,26,22
36854,0,7,26,22
36855,0,7,26,7318
36856,0,7,26,4623
36857,0,1,13,164
36858,2,3,131,1072
36859,0,1,13,1042
3686,2,3,5,155
36860,0,1,1,8
36861,0,1,18,761
36862,0,1,1,38
36863,0,1,18,176
36864,0,13,62,203
36865,0,7,26,22
36866,0,7,26,22
36867,0,7,26,22
36868,0,13,62,203
36869,0,7,26,22
3687,2,3,5,134
36870,0,7,26,22
36871,0,13,62,203
36872,0,7,26,22
36873,0,7,26,22
36874,0,7,26,22
36875,0,7,26,22
36876,0,13,167,465
36877,0,7,26,22
36878,0,13,62,203
36879,0,7,26,22
3688,1,2,3,4744
36880,0,7,26,22
36881,0,7,26,22
36882,0,7,26,22
36883,0,7,26,22
36884,0,13,62,147
36885,0,7,26,22
36886,0,13,62,203
36887,0,7,26,3286
36888,0,13,62,147
36889,0,7,26,22
3689,3,4,10,28
36890,0,7,26,22
36891,0,13,62,147
36892,0,7,26,3287
36893,0,13,62,203
36894,0,7,26,22
36895,0,7,26,22
36896,0,13,62,147
36897,0,7,26,7319
36898,0,7,26,22
36899,0,13,62,203
369,0,0,0,5
3690,1,2,3,19
36900,0,7,26,22
36901,0,7,26,22
36902,0,7,26,22
36903,0,13,62,147
36904,0,7,26,22
36905,0,13,62,203
36906,0,7,26,22
36907,0,7,26,22
36908,0,7,26,22
36909,0,13,62,147
3691,0,0,0,0
36910,0,13,62,203
36911,0,7,26,22
36912,0,7,26,22
36913,0,7,26,22
36914,0,7,26,22
36915,0,7,26,22
36916,0,13,62,7320
36917,0,13,62,147
36918,0,7,26,22
36919,0,7,26,22
3692,1,2,2,4
36920,0,13,62,147
36921,0,7,26,22
36922,0,7,26,22
36923,0,1,1,160
36924,0,0,6,6
36925,0,0,0,375
36926,0,8,302,1815
36927,0,1,102,184
36928,0,1,4,132
36929,0,1,82,5986
3693,0,0,15,27
36930,0,1,51,136
36931,0,8,32,32
36932,0,1,24,2095
36933,0,1,1,237
36934,0,1,1,8
36935,0,5,23,7321
36936,0,1,4,350
36937,0,5,23,5987
36938,0,1,24,302
36939,6,14,184,7322
3694,1,2,3,19
36940,0,0,6,6
36941,0,0,6,70
36942,0,1,4,57
36943,0,1,1,8
36944,0,0,0,185
36945,0,1,22,2096
36946,0,0,47,73
36947,0,1,21,111
36948,0,0,0,2
36949,0,0,0,0
3695,1,2,3,19
36950,2,3,8,11
36951,1,2,7,7
36952,0,0,0,0
36953,2,3,5,15
36954,0,0,0,1
36955,0,0,0,0
36956,1,2,3,3
36957,1,2,2,4
36958,0,13,62,7323
36959,0,7,26,22
3696,0,0,0,0
36960,0,7,26,22
36961,0,7,26,22
36962,0,7,26,22
36963,0,13,62,147
36964,0,7,26,22
36965,0,7,26,22
36966,0,7,26,22
36967,0,7,26,22
36968,0,1,4,5988
36969,0,1,1,8
3697,0,0,0,2
36970,0,0,0,0
36971,0,0,0,5
36972,0,0,0,2
36973,0,1,4,162
36974,0,1,1,104
36975,0,0,95,585
36976,0,1,1,38
36977,0,0,0,4624
36978,0,0,0,1
36979,0,1,22,5989
3698,1,2,7,7
36980,0,1,18,176
36981,0,0,0,21
36982,2,3,11,14
36983,0,0,15,140
36984,0,0,6,6
36985,0,0,0,1
36986,0,0,0,5
36987,1,2,2,4
36988,0,0,0,5
36989,0,0,0,9
3699,0,0,0,0
36990,1,2,2,4
36991,3,4,10,28
36992,0,0,0,5
36993,0,1,1,20
36994,0,0,0,0
36995,0,0,61,89
36996,2,3,34,35
36997,2,3,5,226
36998,0,0,0,9
36999,1,2,2,34
37,0,21,72,225
370,1,2,2,2335
3700,1,2,7,7
37000,0,0,0,5
37001,0,0,0,0
37002,3,4,116,299
37003,6,14,122,263
37004,8,41,144,300
37005,0,1,1,8
37006,3,4,10,320
37007,1,2,2,17
37008,0,0,0,349
37009,0,0,0,9
3701,1,2,2,4
37010,0,0,0,2
37011,1,2,9,26
37012,0,0,0,5
37013,0,1,20,4625
37014,1,2,2,219
37015,1,2,9,87
37016,0,13,62,203
37017,0,7,26,22
37018,0,7,26,22
37019,1,2,2,4
3702,0,0,0,0
37020,0,0,0,103
37021,1,2,9,13
37022,0,0,0,5
37023,0,0,15,913
37024,0,0,15,116
37025,1,2,2,68
37026,0,0,239,406
37027,1,2,2,34
37028,4,20,70,76
37029,0,0,0,655
3703,0,0,0,0
37030,0,0,0,1
37031,1,50,166,280
37032,0,0,92,139
37033,0,1,113,1551
37034,0,0,0,5
37035,0,0,61,89
37036,0,0,0,5
37037,0,0,0,2
37038,0,0,0,9
37039,0,0,500,5990
3704,0,0,15,27
37040,0,0,0,9
37041,0,0,0,187
37042,0,0,27,25
37043,0,0,984,4626
37044,0,0,0,5991
37045,0,0,0,7324
37046,0,0,0,824
37047,0,0,254,5992
37048,0,0,0,1
37049,0,0,0,7325
3705,1,2,3,19
37050,0,0,0,163
37051,0,0,0,5993
37052,0,0,0,5
37053,0,0,27,25
37054,0,0,6,6
37055,0,0,74,118
37056,1,2,2,34
37057,0,0,0,98
37058,0,0,28,119
37059,0,0,28,61
3706,0,0,0,2
37060,0,0,0,9
37061,0,0,0,9
37062,0,0,0,5
37063,0,0,0,2
37064,1,2,9,13
37065,0,0,293,7326
37066,0,1,42,4627
37067,2,3,34,35
37068,0,0,0,2
37069,0,0,27,25
3707,0,0,0,1
37070,0,132,632,5994
37071,7,15,48,66
37072,1,2,9,26
37073,0,0,0,5
37074,0,0,0,168
37075,0,0,0,37
37076,1,2,2,23
37077,0,0,0,2
37078,0,0,277,572
37079,0,0,0,5
3708,2,3,5,10
37080,0,1,126,324
37081,0,1,220,360
37082,0,1,85,113
37083,0,0,0,5
37084,0,1,1,8
37085,0,1,4,57
37086,0,1,33,710
37087,0,0,0,5
37088,0,0,0,168
37089,0,0,277,572
3709,0,0,0,0
37090,0,0,0,2
37091,1,2,2,23
37092,0,0,0,37
37093,0,0,0,5
37094,0,0,277,4628
37095,0,1,13,3288
37096,0,0,0,9
37097,0,0,0,1
37098,0,0,6,6
37099,0,1,51,359
371,1,2,2,23
3710,0,0,0,1
37100,0,0,0,526
37101,0,0,15,1222
37102,1,2,2,4
37103,0,0,0,5
37104,0,0,15,1222
37105,0,0,134,181
37106,0,0,0,2
37107,1,2,2,2280
37108,2,3,112,527
37109,0,0,0,5
3711,1,2,7,7
37110,0,0,0,5
37111,0,0,0,2
37112,0,0,0,5
37113,0,0,0,0
37114,0,1,20,29
37115,1,2,9,13
37116,0,0,0,7327
37117,0,0,0,9
37118,0,0,0,5
37119,0,0,0,5
3712,2,3,5,10
37120,0,0,0,100
37121,0,0,0,1
37122,0,0,0,1
37123,0,0,0,9
37124,1,2,9,13
37125,1,2,9,13
37126,0,1,115,234
37127,0,0,0,5
37128,0,0,6,2108
37129,1,2,9,13
3713,1,2,3,19
37130,0,0,61,89
37131,1,2,9,13
37132,0,0,0,0
37133,1,2,2,4
37134,1,2,2,7328
37135,0,0,0,335
37136,1,2,3,3
37137,0,0,61,89
37138,0,0,0,5
37139,0,0,0,2
3714,0,0,0,0
37140,1,2,2,23
37141,0,1,20,29
37142,0,0,0,5
37143,0,0,0,2
37144,0,1,1,18
37145,0,1,1,38
37146,0,1,1,8
37147,12,40,136,189
37148,0,0,0,1
37149,1,50,166,280
3715,0,0,0,1
37150,0,0,92,139
37151,1,23,145,230
37152,1,39,152,283
37153,0,1,13,775
37154,0,0,0,282
37155,0,0,0,5
37156,0,0,0,5
37157,0,0,0,5
37158,0,0,0,5
37159,0,0,0,5
3716,1,2,7,6098
37160,0,0,0,282
37161,0,0,0,282
37162,0,0,0,282
37163,0,0,0,282
37164,0,0,0,5
37165,0,0,0,282
37166,0,0,0,5
37167,0,0,0,5
37168,0,0,0,5
37169,0,0,0,5
3717,0,0,15,27
37170,0,0,0,5
37171,0,0,0,5
37172,0,0,0,5
37173,0,0,0,5
37174,0,0,0,5
37175,0,0,0,5
37176,0,0,0,5
37177,0,0,0,5
37178,0,0,0,5
37179,0,0,0,5
3718,0,1,4,906
37180,0,0,0,5
37181,0,0,0,282
37182,0,0,0,282
37183,0,0,0,5
37184,0,0,0,5
37185,0,0,0,5
37186,0,0,0,5
37187,0,0,0,5
37188,0,0,0,5
37189,0,0,0,5
3719,0,1,4,30
37190,0,0,0,5
37191,0,0,0,5
37192,0,0,0,5
37193,0,0,0,5
37194,0,0,0,5
37195,0,0,0,5
37196,0,0,0,5
37197,0,0,0,282
37198,0,0,0,5
37199,0,0,0,5
372,0,0,0,3320
3720,0,1,4,62
37200,0,0,0,5
37201,0,0,0,5
37202,0,0,0,5
37203,0,0,0,5
37204,0,0,0,5
37205,0,0,0,5
37206,0,0,0,5
37207,0,0,0,5
37208,0,0,0,282
37209,0,0,0,5
3721,0,0,74,118
37210,0,0,0,282
37211,0,0,0,5
37212,0,0,0,5
37213,0,0,0,282
37214,0,0,0,3289
37215,0,0,0,282
37216,0,0,0,282
37217,0,0,0,5
37218,0,0,0,5
37219,0,0,0,5
3722,0,1,22,286
37220,0,0,0,5
37221,0,0,0,5
37222,0,0,0,5
37223,0,0,0,5
37224,0,0,0,617
37225,0,0,0,617
37226,0,0,0,617
37227,0,0,0,4629
37228,0,0,0,617
37229,0,0,0,3290
3723,0,1,4,62
37230,0,0,0,617
37231,0,0,0,1223
37232,0,0,0,1396
37233,0,0,0,1223
37234,0,0,0,1396
37235,0,0,0,1396
37236,0,0,0,617
37237,0,0,0,1223
37238,0,1,1,8
37239,0,0,0,9
3724,0,1,1,458
37240,2,3,199,478
37241,1,2,69,84
37242,2,3,199,478
37243,1,2,69,84
37244,0,1,1,38
37245,1,2,2,17
37246,0,1,1,20
37247,0,1,21,24
37248,0,0,0,9
37249,2,3,112,527
3725,0,1,1,329
37250,12,40,136,189
37251,0,0,0,2
37252,0,1,1,8
37253,1,2,9,640
37254,0,0,0,955
37255,0,1,1,1334
37256,0,1,432,970
37257,0,1,1,8
37258,0,1,456,1224
37259,0,0,61,7329
3726,0,8,32,32
37260,0,0,0,0
37261,1,2,2,3291
37262,0,0,0,5
37263,3,4,308,610
37264,0,0,0,1
37265,0,0,0,1
37266,0,0,0,7330
37267,1,2,130,571
37268,1,2,2,17
37269,0,1,1,20
3727,0,1,4,550
37270,0,1,21,24
37271,0,0,0,9
37272,0,0,27,25
37273,0,0,0,4630
37274,0,0,0,2
37275,0,0,0,5
37276,0,1,12,137
37277,0,0,0,9
37278,0,0,0,9
37279,0,0,0,9
3728,0,1,4,62
37280,0,0,0,9
37281,0,0,0,5
37282,0,0,0,0
37283,0,0,57,397
37284,1,2,9,13
37285,0,13,62,147
37286,0,7,26,22
37287,0,7,26,22
37288,1,2,2,17
37289,0,1,1,20
3729,0,1,4,287
37290,0,0,0,9
37291,0,0,0,927
37292,1,2,3,63
37293,0,0,0,0
37294,0,0,0,0
37295,0,0,0,37
37296,0,0,0,2
37297,0,0,0,5
37298,1,2,2,23
37299,7,15,48,66
373,0,0,0,37
3730,0,0,0,306
37300,0,1,985,4631
37301,0,0,6,107
37302,0,0,6,70
37303,3,4,183,537
37304,0,0,6,6
37305,0,0,0,1
37306,0,0,0,2
37307,1,2,2,40
37308,0,1,106,241
37309,2,3,112,409
3731,0,1,4,62
37310,0,0,0,0
37311,1,2,2,23
37312,0,0,61,348
37313,0,0,0,5
37314,1,2,2,17
37315,0,0,0,9
37316,4,20,70,76
37317,0,0,0,310
37318,1,2,2,17
37319,0,1,1,20
3732,0,1,4,288
37320,0,0,0,9
37321,0,1,21,24
37322,0,0,0,0
37323,1,2,7,7
37324,2,3,8,11
37325,1,2,3,3
37326,0,0,0,0
37327,1,2,2,4
37328,2,3,5,10
37329,3,4,10,383
3733,0,1,4,2084
37330,1,2,9,46
37331,0,0,0,0
37332,1,2,3,3
37333,0,0,0,2
37334,0,0,0,0
37335,0,0,0,9
37336,0,0,0,9
37337,0,1,20,29
37338,0,0,0,37
37339,0,0,0,2
3734,0,1,4,1005
37340,0,0,0,5
37341,1,2,2,23
37342,1,2,9,13
37343,0,1,1,18
37344,12,66,269,530
37345,0,9,54,54
37346,0,0,133,235
37347,0,9,65,211
37348,3,4,215,432
37349,1,2,9,26
3735,0,9,65,211
37350,0,0,0,769
37351,0,1,1,8
37352,0,13,62,147
37353,0,7,26,22
37354,0,7,26,22
37355,0,0,0,5
37356,1,2,2,23
37357,1,2,3,63
37358,0,0,0,5
37359,0,0,0,9
3736,12,40,136,189
37360,0,0,0,2
37361,0,0,0,9
37362,0,0,0,9
37363,0,0,61,89
37364,0,1,20,29
37365,0,5,49,618
37366,0,1,102,184
37367,0,1,51,136
37368,0,1,429,1395
37369,0,0,740,4632
3737,0,1,4,62
37370,0,0,740,4633
37371,0,0,0,4634
37372,0,0,0,5
37373,0,0,0,0
37374,1,2,2,4
37375,1,2,3,3
37376,0,0,0,9
37377,0,0,0,7331
37378,0,0,0,7332
37379,2,3,251,915
3738,0,9,618,6099
37380,0,0,0,2
37381,1,2,9,13
37382,0,0,0,5
37383,0,0,0,5
37384,0,0,0,5
37385,0,0,57,397
37386,13,37,107,198
37387,1,2,9,46
37388,0,0,0,21
37389,0,0,6,6
3739,0,1,4,287
37390,0,0,6,6
37391,1,2,9,46
37392,0,0,0,21
37393,0,0,0,9
37394,0,0,0,5
37395,1,2,2,17
37396,0,0,6,70
37397,0,1,1,96
37398,0,1,18,152
37399,0,0,0,5
374,0,0,0,2
3740,0,1,4,30
37400,0,0,0,5
37401,0,0,0,5
37402,1,2,9,87
37403,0,0,0,0
37404,1,2,9,26
37405,2,3,8,11
37406,3,4,10,28
37407,0,0,0,5
37408,0,0,0,9
37409,1,2,2,17
3741,0,1,4,62
37410,0,0,77,258
37411,0,0,0,242
37412,1,2,9,13
37413,0,1,1,20
37414,0,8,238,581
37415,0,1,1,966
37416,0,0,0,9
37417,0,0,0,9
37418,0,0,0,2
37419,0,0,0,5
3742,0,1,4,62
37420,1,2,2,23
37421,0,0,0,2
37422,1,2,3,3
37423,0,0,0,2
37424,1,2,7,7
37425,0,0,0,2
37426,0,0,0,5
37427,0,0,0,0
37428,0,1,20,29
37429,0,0,0,5
3743,0,1,4,550
37430,0,0,0,5
37431,0,0,0,5
37432,0,0,0,1
37433,0,0,0,1
37434,0,0,0,5
37435,0,0,0,5
37436,0,0,0,5
37437,0,0,0,5
37438,0,0,0,5
37439,0,0,0,5
3744,0,8,32,32
37440,0,0,0,5
37441,0,0,0,5
37442,0,0,0,5
37443,0,0,0,5
37444,0,0,0,5
37445,0,0,0,5
37446,0,0,0,5
37447,0,0,0,5
37448,0,0,0,5
37449,0,0,0,5
3745,0,1,4,162
37450,0,0,0,9
37451,0,0,0,5
37452,1,2,3,3
37453,0,0,0,2
37454,0,0,0,5
37455,1,2,2,4
37456,0,0,0,472
37457,2,3,251,915
37458,0,0,0,5
37459,0,0,0,5
3746,0,1,141,284
37460,1,2,9,13
37461,1,2,2,40
37462,0,0,0,0
37463,0,0,0,0
37464,1,2,3,3
37465,1,2,2,23
37466,0,0,0,5
37467,0,0,0,2
37468,0,0,0,77
37469,0,1,4,162
3747,0,1,4,753
37470,0,0,95,585
37471,0,1,1,104
37472,0,1,1,104
37473,0,1,4,162
37474,0,1,13,166
37475,0,1,22,1948
37476,0,6,36,7333
37477,0,1,4,494
37478,0,1,1,45
37479,0,0,0,0
3748,0,1,1,74
37480,3,4,10,5995
37481,0,0,0,0
37482,0,0,0,1
37483,1,2,7,7
37484,2,3,5,10
37485,2,3,5,15
37486,2,3,50,319
37487,0,0,0,5
37488,0,0,0,5
37489,0,0,27,25
3749,0,1,4,30
37490,0,0,0,12
37491,1,2,3,33
37492,2,3,5,67
37493,2,3,11,14
37494,1,2,2,4
37495,0,0,0,0
37496,0,0,0,37
37497,0,0,0,2
37498,1,2,2,23
37499,1,2,9,46
375,1,2,2,3321
3750,0,1,4,247
37500,0,0,0,21
37501,1,2,9,46
37502,0,0,0,21
37503,6,14,184,305
37504,6,14,184,305
37505,3,4,10,383
37506,1,2,9,46
37507,6,14,184,305
37508,1,2,9,46
37509,0,0,0,21
3751,0,1,4,30
37510,0,1,1,45
37511,0,5,49,4635
37512,0,1,29,949
37513,0,1,1,18
37514,0,0,0,0
37515,0,0,0,0
37516,3,4,10,7334
37517,0,0,0,1
37518,1,2,7,4636
37519,2,3,5,346
3752,0,1,22,286
37520,1,2,3,19
37521,2,3,8,194
37522,1,2,2,4
37523,1,2,3,33
37524,0,0,0,434
37525,1,2,7,7
37526,1,2,2,4
37527,0,0,0,0
37528,0,0,0,2
37529,2,3,5,67
3753,0,1,4,81
37530,0,0,0,1
37531,0,0,0,0
37532,2,3,5,10
37533,0,0,0,5
37534,1,2,9,2097
37535,1,2,9,2097
37536,0,0,77,142
37537,2,34,99,589
37538,0,0,0,757
37539,0,0,0,183
3754,0,1,4,62
37540,2,3,235,5996
37541,0,0,0,0
37542,1,25,283,4637
37543,3,4,121,3292
37544,0,1,91,685
37545,0,1,4,7335
37546,0,1,1,660
37547,0,1,1,1816
37548,0,0,204,1179
37549,0,0,0,1381
3755,0,1,4,1799
37550,0,1,488,5997
37551,0,1,1,2323
37552,0,71,301,587
37553,0,27,535,1225
37554,0,27,278,1338
37555,0,27,226,419
37556,0,1,4,1213
37557,0,27,986,4638
37558,3,4,249,856
37559,0,1,4,1436
3756,0,1,4,30
37560,0,1,4,30
37561,0,1,1,74
37562,0,1,4,1255
37563,0,6,36,2289
37564,0,1,1,1772
37565,0,1,4,30
37566,0,1,1,74
37567,0,1,4,403
37568,0,1,4,5998
37569,0,0,74,118
3757,0,9,54,54
37570,0,1,4,385
37571,0,1,4,1005
37572,3,4,249,856
37573,12,92,498,1226
37574,0,104,987,4639
37575,0,1,4,3293
37576,0,8,32,32
37577,0,0,19,7336
37578,0,0,19,7337
37579,0,9,54,54
3758,0,0,74,118
37580,0,1,4,577
37581,3,4,121,647
37582,0,1,1,4640
37583,0,1,1,660
37584,0,1,1,104
37585,0,1,4,162
37586,0,1,4,686
37587,0,1,1,4641
37588,0,1,4,944
37589,0,1,22,286
3759,0,1,4,62
37590,0,27,226,419
37591,0,1,1,2038
37592,0,1,124,2099
37593,0,1,4,5999
37594,0,1,1,4642
37595,0,133,1579,6000
37596,0,6,36,1227
37597,0,1,4,125
37598,0,1,1,1787
37599,0,1,1,329
376,0,0,0,5
3760,0,1,4,30
37600,0,0,0,306
37601,0,1,4,886
37602,0,1,1,7338
37603,0,1,4,30
37604,0,0,405,2098
37605,0,0,572,1934
37606,0,0,375,2186
37607,0,0,329,836
37608,0,1,4,1400
37609,0,1,4,1349
3761,0,1,1,458
37610,0,1,1,133
37611,0,1,4,247
37612,0,1,4,1375
37613,0,27,461,1277
37614,0,1,4,1543
37615,0,1,4,684
37616,0,1,1,683
37617,0,1,124,738
37618,0,1,1,7339
37619,0,1,4,4643
3762,0,1,1,104
37620,0,1,4,4644
37621,0,1,1,6001
37622,0,1,4,3294
37623,0,1,124,738
37624,0,1,4,797
37625,0,1,124,2099
37626,0,1,141,284
37627,0,1,4,247
37628,0,1,4,81
37629,0,1,18,152
3763,0,1,1,74
37630,0,1,200,1036
37631,0,1,1,18
37632,0,1,22,675
37633,0,1,1,8
37634,0,0,59,651
37635,0,0,0,5
37636,0,0,0,2
37637,1,2,9,26
37638,0,0,0,9
37639,0,1,1,20
3764,0,1,4,403
37640,1,2,2,17
37641,0,0,0,9
37642,0,1,1,20
37643,1,2,2,17
37644,1,2,2,17
37645,0,1,1,20
37646,2,3,111,150
37647,0,0,0,9
37648,0,1,1,20
37649,0,8,32,32
3765,0,16,68,1433
37650,2,3,34,35
37651,0,0,16,16
37652,0,7,26,22
37653,2,3,100,548
37654,1,2,2,476
37655,0,0,0,21
37656,0,0,133,235
37657,0,9,54,54
37658,3,4,121,1975
37659,12,66,269,530
3766,0,1,4,30
37660,0,0,19,146
37661,3,4,121,2209
37662,0,0,46,94
37663,0,9,65,211
37664,0,0,19,55
37665,3,4,67,99
37666,0,0,19,146
37667,0,8,32,32
37668,0,8,32,32
37669,0,1,4,81
3767,0,1,1,180
37670,0,1,1,133
37671,0,1,4,247
37672,0,1,1,133
37673,0,1,1,133
37674,0,1,4,30
37675,0,1,4,721
37676,0,1,1,133
37677,0,1,1,133
37678,0,1,4,721
37679,0,1,4,81
3768,0,0,19,55
37680,0,5,23,1348
37681,0,1,1,8
37682,0,0,0,31
37683,0,0,0,9
37684,1,2,2,34
37685,0,0,95,6002
37686,0,1,24,619
37687,0,1,4,43
37688,0,8,32,32
37689,0,6,36,3295
3769,0,1,22,286
37690,0,1,4,30
37691,0,1,1,329
37692,0,1,1,995
37693,0,8,32,32
37694,0,1,4,247
37695,0,1,1,7340
37696,1,2,3,92
37697,0,1,18,914
37698,0,0,0,1265
37699,1,2,9,13
377,0,1,4,43
3770,0,1,4,30
37700,0,0,61,89
37701,0,1,484,3296
37702,0,43,162,1593
37703,0,0,19,1594
37704,0,1,22,479
37705,0,6,160,529
37706,0,1,1,45
37707,0,0,0,109
37708,0,0,0,1817
37709,2,3,8,2100
3771,0,1,4,288
37710,0,0,0,109
37711,1,2,2,17
37712,0,1,1,6003
37713,0,8,32,32
37714,0,1,4,81
37715,2,3,34,35
37716,0,0,0,375
37717,0,1,1,160
37718,1,2,7,7
37719,2,3,8,11
3772,0,1,1,2249
37720,1,2,2,4
37721,0,0,0,0
37722,2,3,5,10
37723,1,2,3,3
37724,0,0,0,0
37725,3,4,10,28
37726,2,3,5,15
37727,2,3,31,36
37728,0,1,91,144
37729,1,2,2,4
3773,0,1,1,2390
37730,1,2,7,7
37731,1,2,3,3
37732,0,0,0,0
37733,0,0,16,16
37734,0,1,64,6004
37735,0,13,167,1228
37736,0,7,26,22
37737,0,7,26,22
37738,0,9,65,694
37739,3,4,243,420
3774,0,1,1,2117
37740,0,0,0,2
37741,0,0,0,0
37742,0,0,0,0
37743,1,2,2,4
37744,1,12,43,401
37745,0,0,0,1
37746,0,0,0,2
37747,1,2,3,3
37748,1,2,7,7
37749,1,2,3,3
3775,0,0,74,118
37750,0,0,0,0
37751,0,0,0,0
37752,0,1,12,137
37753,0,1,12,3297
37754,0,58,216,362
37755,0,0,0,5
37756,1,2,9,13
37757,0,0,16,16
37758,0,0,61,89
37759,0,0,6,6
3776,0,1,691,2243
37760,0,0,0,0
37761,1,2,7,7
37762,0,0,0,0
37763,1,2,2,4
37764,2,3,5,10
37765,2,3,8,11
37766,1,2,3,3
37767,0,1,1,8
37768,0,1,1,38
37769,0,1,1,38
3777,0,1,1,180
37770,0,1,1,18
37771,1,2,9,87
37772,1,2,9,13
37773,0,0,0,5
37774,0,1,141,284
37775,0,0,0,2
37776,0,1,1,18
37777,0,1,1,38
37778,0,1,1,8
37779,0,1,1138,3298
3778,0,1,1,1434
37780,1,12,43,803
37781,4,20,70,76
37782,0,0,15,116
37783,1,2,2,34
37784,0,0,239,406
37785,0,0,134,181
37786,0,0,0,98
37787,1,2,2,68
37788,0,0,15,739
37789,1,2,2,4645
3779,0,1,4,30
37790,0,0,0,72
37791,0,1,4,350
37792,0,0,0,86
37793,1,2,2,34
37794,0,0,0,31
37795,0,0,0,9
37796,0,5,23,549
37797,0,1,24,302
37798,0,1,1,6005
37799,0,1,496,3299
378,0,0,0,9
3780,0,1,141,284
37800,0,1,1357,7341
37801,0,1,175,7342
37802,0,7,26,22
37803,0,7,26,22
37804,0,7,26,22
37805,0,7,26,22
37806,0,13,62,147
37807,0,7,26,22
37808,0,13,167,1228
37809,0,7,26,22
3781,0,6,36,1435
37810,0,1,142,604
37811,0,1,142,425
37812,0,1,13,6006
37813,0,1,1,18
37814,0,1,1,45
37815,0,0,0,5
37816,1,2,9,87
37817,0,0,0,2
37818,0,0,0,5
37819,0,0,0,9
3782,0,1,1,995
37820,0,0,0,21
37821,0,0,74,118
37822,3,4,10,1818
37823,0,1,64,2222
37824,1,2,2,23
37825,0,0,0,5
37826,0,0,0,5
37827,0,0,104,714
37828,0,0,104,171
37829,0,0,0,5
3783,0,1,4,288
37830,0,0,0,2
37831,1,25,186,646
37832,0,0,0,2
37833,0,1,24,973
37834,0,1,21,1229
37835,0,1,18,6007
37836,0,1,1,8
37837,0,1,18,152
37838,0,1,1,8
37839,0,1,4,62
3784,0,1,1,104
37840,10,35,169,246
37841,0,1,14,1215
37842,0,1,14,145
37843,3,4,116,2101
37844,0,1,4,403
37845,1,2,2,353
37846,0,0,19,369
37847,3,4,116,2101
37848,3,4,10,880
37849,2,3,178,535
3785,0,1,1,1850
37850,0,1,4,2087
37851,0,1,1,18
37852,0,1,1,8
37853,2,3,415,830
37854,1,2,2,23
37855,1,2,2,23
37856,0,0,0,5
37857,7,15,48,66
37858,0,0,0,2
37859,0,0,0,2
3786,0,6,36,1006
37860,0,0,0,5
37861,0,0,0,2
37862,1,2,9,26
37863,0,0,0,5
37864,1,2,2,23
37865,0,0,6,503
37866,0,0,0,5
37867,0,0,114,4646
37868,0,6,160,529
37869,0,0,0,614
3787,0,1,1,329
37870,0,1,1,45
37871,0,1,22,479
37872,0,0,0,6008
37873,0,1,297,4647
37874,0,5,49,618
37875,0,1,429,1395
37876,0,1,51,136
37877,0,1,102,184
37878,0,0,0,1
37879,0,0,0,5
3788,0,1,22,1708
37880,0,0,0,1
37881,0,0,0,1
37882,0,1,1,8
37883,0,1,4,57
37884,0,1,33,710
37885,0,0,0,273
37886,0,0,0,2
37887,0,1,219,7343
37888,0,0,46,227
37889,0,0,0,0
3789,0,0,266,442
37890,0,0,0,0
37891,0,0,15,27
37892,0,0,0,1
37893,1,2,7,7
37894,2,3,66,377
37895,2,3,5,10
37896,1,2,3,19
37897,2,3,8,194
37898,1,2,2,4
37899,2,3,5,346
379,0,5,23,1405
3790,0,6,36,1238
37900,0,0,0,9
37901,21,65,1139,3300
37902,0,0,19,146
37903,0,1,1,65
37904,14,38,1358,7344
37905,0,0,6,6
37906,0,0,6,6
37907,0,0,6,70
37908,0,0,6,107
37909,0,0,6,70
3791,0,1,1,458
37910,0,1,4,3301
37911,0,1,141,4648
37912,1,2,425,1819
37913,0,1,4,1804
37914,0,0,0,975
37915,0,0,6,6
37916,0,1,4,7345
37917,0,1,1,1094
37918,0,0,0,5
37919,0,0,0,488
3792,0,1,4,967
37920,0,0,104,171
37921,0,0,0,5
37922,0,0,0,5
37923,0,0,0,5
37924,1,2,2,23
37925,0,0,15,140
37926,0,0,0,2
37927,0,0,0,2
37928,0,0,57,1218
37929,0,0,333,2287
3793,0,1,1,528
37930,0,1,13,1454
37931,0,0,57,1218
37932,0,1,13,2102
37933,0,0,57,1230
37934,0,0,629,2090
37935,0,0,57,1230
37936,1,2,9,26
37937,0,0,0,2
37938,0,0,0,5
37939,0,0,180,829
3794,0,1,4,1005
37940,0,0,180,415
37941,0,0,0,5
37942,0,0,27,25
37943,0,0,0,5
37944,1,2,9,13
37945,0,0,61,89
37946,1,2,9,13
37947,0,0,0,9
37948,2,213,1140,3302
37949,0,0,6,6
3795,0,1,4,551
37950,1,2,9,13
37951,0,13,167,1228
37952,0,7,26,22
37953,0,7,26,22
37954,0,13,62,7346
37955,0,7,26,22
37956,0,7,26,22
37957,0,1,1,511
37958,0,1,1,18
37959,0,0,0,0
3796,0,0,0,306
37960,2,3,44,59
37961,1,2,3,3
37962,2,3,8,11
37963,1,2,7,7
37964,2,3,50,1439
37965,0,0,0,0
37966,1,2,3,3
37967,0,0,0,0
37968,2,3,5,15
37969,2,3,11,14
3797,0,1,1,180
37970,0,1,1,8
37971,0,5,23,1820
37972,0,1,4,132
37973,0,1,24,200
37974,0,0,213,2103
37975,0,0,6,6
37976,1,2,9,87
37977,0,1,4,30
37978,0,1,14,145
37979,0,1,24,251
3798,0,1,4,1741
37980,0,5,23,7347
37981,0,0,0,31
37982,0,0,0,349
37983,0,0,0,56
37984,0,1,4,199
37985,1,2,2,476
37986,0,1,154,1198
37987,0,0,0,77
37988,2,3,100,548
37989,0,0,0,21
3799,0,1,4,1436
37990,0,1,18,914
37991,0,1,22,965
37992,0,1,37,158
37993,0,1,4,669
37994,0,1,85,113
37995,0,1,128,6009
37996,0,1,151,6010
37997,0,1,119,4649
37998,0,1,126,7348
37999,0,0,17,1002
38,0,1,1,18
380,0,0,0,9
3800,0,1,4,248
38000,0,1,14,1858
38001,0,0,6,6
38002,2,3,376,3303
38003,0,0,988,4650
38004,0,0,1580,6011
38005,0,0,16,16
38006,1,2,9,13
38007,0,1,135,6012
38008,0,0,28,740
38009,0,0,28,740
3801,0,1,4,62
38010,0,0,28,740
38011,0,0,28,740
38012,0,0,28,740
38013,0,0,0,9
38014,0,0,0,2
38015,0,0,0,1
38016,0,0,0,86
38017,1,2,2,40
38018,0,0,16,16
38019,0,0,6,107
3802,0,1,4,62
38020,0,0,6,70
38021,0,0,6,6
38022,0,0,6,6
38023,0,0,6,70
38024,0,1,91,144
38025,0,1,91,144
38026,0,0,0,6013
38027,2,3,5,10
38028,1,2,2,4
38029,2,3,8,521
3803,0,0,0,0
38030,0,0,0,4651
38031,1,2,7,7
38032,0,0,0,1
38033,0,0,0,6014
38034,0,0,0,108
38035,0,1,4,296
38036,0,1,4,800
38037,0,0,6,107
38038,3,4,183,1122
38039,0,0,6,6
3804,2,3,5,15
38040,0,0,6,70
38041,0,1,91,144
38042,4,20,70,76
38043,0,1,4,199
38044,0,0,0,56
38045,0,5,23,143
38046,0,1,24,251
38047,0,0,0,31
38048,0,0,0,31
38049,0,0,0,72
3805,1,2,3,3
38050,1,2,2,68
38051,1,2,3,92
38052,0,1,452,7349
38053,0,0,0,9
38054,0,1,1,8
38055,0,1,4,43
38056,0,5,23,323
38057,0,1,1,989
38058,0,1,1,160
38059,0,1,33,1232
3806,1,2,3,3
38060,0,1,1,65
38061,0,1,1,8
38062,0,0,0,1821
38063,0,0,0,3304
38064,0,1,1,65
38065,0,1,22,7350
38066,0,1,1,8
38067,0,1,18,6015
38068,0,1,1,3305
38069,0,1,1,44
3807,0,0,0,0
38070,0,1,33,455
38071,0,0,47,540
38072,0,1,1,8
38073,0,1,20,29
38074,0,1,20,29
38075,0,16,68,82
38076,0,1,29,7351
38077,0,0,0,335
38078,0,1,1,8
38079,0,0,61,89
3808,1,2,3,3
38080,1,2,9,13
38081,0,0,0,5
38082,1,2,2,4
38083,2,3,8,3306
38084,2,3,8,7352
38085,2,3,5,15
38086,2,3,5,689
38087,0,0,0,154
38088,2,3,11,14
38089,1,2,7,7
3809,0,0,0,1
38090,0,0,0,0
38091,3,4,10,6016
38092,0,0,0,12
38093,0,0,0,2
38094,0,0,0,1
38095,1,12,43,4652
38096,1,2,3,33
38097,1,2,9,1900
38098,1,2,130,1822
38099,1,2,130,1822
381,0,1,21,24
3810,0,0,0,0
38100,1,2,130,7353
38101,1,2,2,34
38102,0,1,13,208
38103,0,1,1,96
38104,0,8,32,32
38105,0,0,0,6017
38106,0,8,32,32
38107,0,8,32,32
38108,0,0,0,1836
38109,0,0,0,48
3811,1,2,7,7
38110,0,17,76,482
38111,0,0,40,1118
38112,0,0,19,255
38113,0,0,0,21
38114,1,2,9,46
38115,0,0,0,21
38116,0,0,0,21
38117,1,2,9,46
38118,1,2,248,392
38119,0,0,0,21
3812,1,2,3,3
38120,1,2,9,220
38121,1,2,9,46
38122,0,0,0,21
38123,1,2,9,46
38124,0,0,0,0
38125,1,2,3,33
38126,0,1,4,57
38127,0,0,47,73
38128,0,1,21,3307
38129,0,1,1,8
3813,1,2,2,4
38130,0,1,33,266
38131,0,0,0,5
38132,0,0,16,16
38133,0,1,147,4653
38134,0,1,1,8
38135,0,1,1,18
38136,2,3,11,1207
38137,0,0,0,154
38138,2,3,8,582
38139,1,2,2,4
3814,1,2,3,3
38140,3,4,10,2104
38141,2,3,50,1206
38142,0,0,0,0
38143,2,3,11,1100
38144,2,3,44,4654
38145,2,3,5,689
38146,1,2,3,33
38147,0,0,0,1
38148,2,3,5,15
38149,1,2,7,7
3815,0,0,0,1
38150,0,0,0,12
38151,2,3,50,909
38152,0,0,0,72
38153,0,0,0,31
38154,0,0,0,9
38155,1,2,2,68
38156,0,0,0,4655
38157,0,1,24,6018
38158,0,5,23,4656
38159,0,0,0,9
3816,2,3,5,337
38160,1,2,3,92
38161,0,1,4,43
38162,0,0,15,135
38163,0,0,0,472
38164,2,3,989,4657
38165,2,3,251,2105
38166,0,0,0,472
38167,0,1,633,1402
38168,0,0,16,16
38169,1,2,2,17
3817,0,0,0,2
38170,0,1,4,2324
38171,1,2,2,34
38172,0,1,4,49
38173,0,1,24,1202
38174,0,0,0,310
38175,0,0,0,2
38176,0,0,0,56
38177,0,0,0,9
38178,0,0,0,9
38179,0,1,21,24
3818,0,0,0,0
38180,1,2,2,68
38181,0,1,1,20
38182,0,5,23,1342
38183,0,1,1,8
38184,1,2,2,4658
38185,0,1,51,136
38186,0,1,192,354
38187,0,1,102,184
38188,0,0,0,2
38189,1,2,2,23
3819,1,2,3,3
38190,0,0,0,37
38191,0,0,0,9
38192,0,0,0,9
38193,1,2,9,13
38194,0,1,4,43
38195,0,5,23,871
38196,0,0,0,5
38197,0,0,59,64
38198,0,0,19,7354
38199,0,1,14,145
382,1,2,2,17
3820,0,0,0,0
38200,0,1,4,2083
38201,0,1,91,144
38202,0,1,20,29
38203,3,4,10,6019
3821,1,2,2,4
3822,0,0,0,1
3823,1,2,7,7
3824,0,1,39,156
3825,0,1,39,58
3826,3,4,10,28
3827,0,0,0,0
3828,2,3,8,1040
3829,0,0,0,0
383,0,1,1,20
3830,0,0,0,0
3831,1,2,3,3
3832,0,0,0,6100
3833,0,0,0,0
3834,0,0,0,2
3835,0,0,0,0
3836,0,0,0,1
3837,1,2,2,4
3838,1,2,3,19
3839,0,0,0,0
384,0,0,95,483
3840,0,0,0,0
3841,1,2,3,19
3842,0,0,0,0
3843,0,0,15,27
3844,0,0,0,0
3845,1,2,3,19
3846,1,2,7,7
3847,0,0,0,1
3848,1,2,2,4
3849,0,0,0,1
385,1,2,2,34
3850,1,2,7,7
3851,1,2,2,4
3852,1,2,7,7
3853,0,0,15,27
3854,0,0,0,0
3855,0,0,0,0
3856,1,2,3,19
3857,1,2,3,19
3858,0,0,0,0
3859,0,0,0,0
386,0,1,24,619
3860,2,3,5,10
3861,0,0,0,0
3862,1,2,2,4
3863,1,2,7,7
3864,0,0,0,2
3865,0,0,0,37
3866,1,2,9,4745
3867,0,0,0,1259
3868,0,1,1,1007
3869,0,9,54,54
387,0,1,474,1311
3870,0,1,1,857
3871,0,1,4,217
3872,0,134,1154,6101
3873,0,64,292,6102
3874,0,9,753,3400
3875,0,0,16,16
3876,0,0,0,109
3877,1,2,2,17
3878,1,2,3,3
3879,0,0,0,0
388,0,1,1,65
3880,3,4,10,1539
3881,0,0,0,923
3882,0,0,6,70
3883,0,0,6,70
3884,0,0,6,2391
3885,0,1,155,357
3886,0,1,22,4746
3887,0,1,1,1437
3888,0,0,0,0
3889,1,2,3,3
389,0,0,0,769
3890,2,3,8,11
3891,0,0,0,2
3892,1,2,7,7
3893,0,1,21,24
3894,1,2,2,17
3895,0,0,0,9
3896,0,1,1,20
3897,0,1,4,1054
3898,6,14,122,649
3899,0,17,76,785
39,0,1,1,8
390,0,0,57,221
3900,0,0,40,496
3901,8,107,503,1438
3902,3,4,10,6103
3903,0,0,15,423
3904,3,4,10,795
3905,0,0,0,48
3906,0,7,26,22
3907,0,7,26,22
3908,0,13,62,2392
3909,2,3,8,186
391,0,6,36,229
3910,0,0,0,0
3911,0,1,39,156
3912,1,2,3,3
3913,1,2,3,3
3914,0,1,51,359
3915,0,0,0,21
3916,0,0,52,52
3917,1,2,53,53
3918,2,3,50,1439
3919,2,3,11,14
392,0,1,1,96
3920,2,3,31,36
3921,2,3,5,15
3922,2,3,5,10
3923,1,2,2,4
3924,0,0,0,0
3925,1,2,3,3
3926,0,0,0,0
3927,2,3,44,59
3928,1,2,7,7
3929,0,0,0,2
393,0,1,1,180
3930,1,2,3,3
3931,0,0,0,0
3932,1,2,2,4
3933,0,1,22,2118
3934,0,6,642,2393
3935,0,1,1,45
3936,0,8,32,32
3937,0,1,4,724
3938,0,1,1,18
3939,0,1,1,110
394,0,1,14,780
3940,0,1,305,3401
3941,0,0,16,16
3942,1,54,279,1440
3943,0,0,0,267
3944,0,0,0,1
3945,0,0,134,181
3946,0,0,0,327
3947,0,0,0,1614
3948,0,0,191,786
3949,0,0,229,946
395,0,1,13,60
3950,1,2,2,40
3951,0,0,0,1
3952,0,0,0,2
3953,1,54,279,1440
3954,66,152,754,3402
3955,1,2,2,40
3956,0,0,0,2
3957,1,2,9,575
3958,2,3,112,409
3959,0,1,106,241
396,1,23,145,4665
3960,0,0,0,1
3961,0,1,4,366
3962,0,0,0,108
3963,0,0,0,6104
3964,0,0,0,307
3965,0,0,0,330
3966,0,0,0,330
3967,0,1,4,269
3968,0,0,0,307
3969,0,1,4,269
397,1,39,152,3322
3970,1,2,9,1397
3971,0,5,23,1359
3972,0,1,4,964
3973,0,0,0,330
3974,0,0,0,307
3975,0,1,1,133
3976,1,2,9,26
3977,0,0,0,5
3978,0,0,27,25
3979,0,0,17,39
398,1,23,357,1823
3980,0,1,14,90
3981,0,153,755,3403
3982,0,1,13,3404
3983,0,0,0,1
3984,0,1,13,412
3985,0,1,20,1869
3986,0,1,13,164
3987,0,1,147,650
3988,0,1,1,8
3989,0,1,1,18
399,1,56,193,356
3990,0,0,0,5
3991,0,0,0,2
3992,1,2,9,13
3993,0,21,72,225
3994,0,69,1373,4747
3995,1,2,9,26
3996,0,0,0,37
3997,0,0,0,5
3998,7,15,48,66
3999,0,0,0,37
4,1,2,3,3
40,0,0,0,9
400,1,39,273,3323
4000,0,0,0,5
4001,1,2,9,26
4002,1,2,2,23
4003,0,0,0,2
4004,0,0,27,25
4005,0,0,0,2
4006,0,0,0,5
4007,1,2,2,23
4008,0,0,0,2
4009,0,0,0,37
401,15,44,149,748
4010,0,0,0,5
4011,0,0,0,37
4012,0,0,0,2
4013,1,2,9,26
4014,0,1,4,2291
4015,0,1,22,6105
4016,1,2,9,46
4017,6,14,184,305
4018,6,14,184,305
4019,1,2,9,46
402,0,1,85,113
4020,0,0,0,21
4021,1,2,9,46
4022,0,0,0,21
4023,0,0,0,21
4024,6,14,184,305
4025,20,57,201,400
4026,0,36,105,141
4027,1,2,69,84
4028,10,53,185,439
4029,0,1,1,8
403,0,1,220,360
4030,1,2,9,46
4031,0,0,0,21
4032,2,3,100,6106
4033,0,0,0,21
4034,0,1,18,3405
4035,0,1,22,6107
4036,0,1,1,8
4037,0,1,4,2291
4038,0,1,29,3406
4039,0,1,22,6108
404,0,1,126,324
4040,0,5,996,2394
4041,0,1,4,3407
4042,0,1,110,4748
4043,3,4,10,645
4044,0,0,0,12
4045,0,0,0,0
4046,0,0,0,2
4047,1,2,3,3
4048,0,0,0,2
4049,1,2,3,3
405,0,1,1,18
4050,0,0,0,1
4051,0,0,0,0
4052,0,1,12,818
4053,0,1,997,2395
4054,0,1,1,8
4055,0,1,1,38
4056,1,2,9,87
4057,1,2,3,3
4058,2,3,5,337
4059,0,0,0,0
406,0,0,47,4666
4060,0,0,0,0
4061,1,2,3,3
4062,1,2,3,3
4063,0,0,0,0
4064,0,0,0,0
4065,2,3,5,337
4066,1,2,3,3
4067,2,3,5,1917
4068,0,0,0,1
4069,1,2,3,3
407,0,1,33,112
4070,0,0,0,0
4071,0,0,0,2
4072,0,0,0,0
4073,1,2,7,7
4074,0,0,0,0
4075,1,2,2,4
4076,1,2,3,3
4077,0,0,0,12
4078,2,3,11,14
4079,1,2,3,91
408,0,1,1,8
4080,1,2,2,4
4081,1,2,7,7
4082,0,0,0,1
4083,1,2,9,4749
4084,0,1,1,20
4085,2,3,66,6109
4086,0,1,1,96
4087,0,0,0,2
4088,0,0,0,1
4089,0,1,4,364
409,1,2,69,84
4090,3,4,121,647
4091,0,9,65,211
4092,0,0,133,235
4093,0,9,54,54
4094,0,1,4,364
4095,0,9,65,213
4096,0,9,54,54
4097,0,9,65,289
4098,0,16,68,82
4099,3,4,121,365
41,0,0,0,0
410,2,3,199,3324
4100,0,0,19,173
4101,0,1,14,249
4102,0,0,16,16
4103,5,26,294,6110
4104,0,1,1374,4750
4105,0,1,175,6111
4106,0,1,1,6112
4107,0,251,1375,4751
4108,0,0,17,1550
4109,0,0,234,1085
411,0,36,105,141
4110,0,0,40,1441
4111,0,0,17,531
4112,0,1,12,672
4113,0,0,59,651
4114,0,0,45,787
4115,0,0,46,227
4116,0,1,12,825
4117,0,1,12,1549
4118,0,1,12,2175
4119,0,0,46,227
412,0,1,12,464
4120,0,1,12,1442
4121,0,0,81,839
4122,0,0,0,2119
4123,0,252,1376,4752
4124,75,216,1155,6113
4125,0,0,326,6114
4126,0,1,12,386
4127,0,1,86,2120
4128,0,1,86,772
4129,0,1,86,2120
413,0,5,23,4667
4130,0,1,637,1443
4131,0,1,86,2396
4132,0,1,86,552
4133,0,1,359,788
4134,0,1,998,2397
4135,0,1,86,6115
4136,0,1,86,358
4137,0,1,86,552
4138,0,1,86,358
4139,0,1,999,2398
414,0,0,0,9
4140,0,10,30,1008
4141,0,10,30,3408
4142,0,10,30,2121
4143,0,10,30,986
4144,0,10,30,2121
4145,0,10,30,151
4146,0,0,60,3409
4147,0,0,60,924
4148,0,1,181,639
4149,0,0,60,924
415,0,1,1,8
4150,0,1,181,639
4151,0,1,97,1009
4152,0,1,390,2399
4153,0,1,56,1329
4154,0,1,56,1329
4155,0,1,158,437
4156,0,1,56,177
4157,0,1,158,437
4158,0,1,252,638
4159,0,1,109,652
416,0,1,4,43
4160,0,1,137,2400
4161,0,1,435,1444
4162,0,1,1156,6116
4163,0,1,252,638
4164,0,1,109,652
4165,0,1,252,638
4166,0,1,756,3410
4167,0,1,109,480
4168,0,1,156,4753
4169,0,217,1157,6117
417,0,1,20,29
4170,0,1,12,844
4171,0,10,30,105
4172,0,10,30,105
4173,0,10,30,151
4174,0,10,30,6118
4175,0,10,30,105
4176,0,10,30,151
4177,0,10,30,105
4178,0,10,30,105
4179,0,10,30,105
418,0,0,1146,6035
4180,0,1,137,1445
4181,0,1,757,3411
4182,0,1,203,4754
4183,0,1,551,6119
4184,0,1,109,3412
4185,0,1,1158,6120
4186,0,1,109,2401
4187,0,1,137,1445
4188,0,1,203,416
4189,0,1,97,1446
419,0,0,59,64
4190,0,1,97,1446
4191,0,10,30,175
4192,0,10,30,105
4193,0,10,30,105
4194,0,10,30,105
4195,0,10,30,3413
4196,0,10,30,105
4197,0,10,30,789
4198,0,10,30,105
4199,0,1,181,2122
42,0,0,0,9
420,0,0,0,1
4200,0,10,30,105
4201,0,10,30,105
4202,0,1,181,2122
4203,0,10,30,6121
4204,0,10,30,789
4205,0,10,30,105
4206,0,10,30,175
4207,0,10,30,443
4208,0,10,30,175
4209,0,10,30,105
421,1,2,3,493
4210,0,1,156,1447
4211,0,22,88,6122
4212,0,1,97,2402
4213,0,1,156,3414
4214,0,1,137,1448
4215,0,1,156,1239
4216,0,1,163,1178
4217,0,1,1159,6123
4218,0,1,156,1239
4219,0,1,551,4755
422,0,0,0,5
4220,0,1,156,1447
4221,0,1,137,3415
4222,0,1,163,1178
4223,0,22,88,3416
4224,0,1,109,480
4225,0,1,137,3417
4226,0,1,156,743
4227,0,1,1377,4756
4228,0,1,56,313
4229,0,1,56,313
423,0,0,0,5
4230,0,1,56,1449
4231,5,26,310,802
4232,0,22,1378,4757
4233,0,22,88,4758
4234,0,22,88,1010
4235,0,22,88,4759
4236,0,22,88,1011
4237,0,22,88,1010
4238,0,22,88,1010
4239,0,1,97,1241
424,0,0,0,2
4240,0,1,163,1240
4241,0,22,88,1011
4242,0,1,97,2123
4243,0,1,97,2123
4244,0,22,88,1011
4245,0,22,88,6124
4246,0,1,163,6125
4247,0,22,88,3418
4248,0,1,163,1240
4249,0,1,97,1241
425,0,9,268,4668
4250,0,22,88,4760
4251,0,1,97,1241
4252,0,1,163,1240
4253,0,1,97,4761
4254,0,22,504,6126
4255,2,3,66,6127
4256,0,1,287,920
4257,0,1,97,6128
4258,0,1,97,2403
4259,0,1,434,4762
426,0,9,1361,4669
4260,0,1,1000,2404
4261,0,1,552,4763
4262,0,1,552,2405
4263,0,0,1160,6129
4264,0,1,93,4764
4265,0,11,168,2406
4266,0,1,93,260
4267,0,1,208,2407
4268,0,1,93,260
4269,0,1,93,260
427,0,43,162,4670
4270,0,1,1379,4765
4271,0,1,1,45
4272,0,6,36,2408
4273,0,1,4,3419
4274,0,1,18,791
4275,0,1,1,2124
4276,0,1,18,790
4277,0,1,4,2125
4278,0,1,18,790
4279,0,1,18,791
428,0,0,0,2
4280,0,1,1,2409
4281,0,1,758,3420
4282,76,218,1161,6130
4283,0,1,1001,2410
4284,5,253,1380,4766
4285,0,1,35,4767
4286,0,189,1002,2411
4287,0,36,105,2412
4288,0,115,553,4768
4289,0,1,20,4769
429,0,0,0,5
4290,0,0,1003,2413
4291,50,254,1381,4770
4292,22,77,327,2094
4293,0,1,35,6131
4294,0,0,60,2024
4295,0,0,81,1851
4296,0,1,20,1012
4297,0,0,0,621
4298,8,29,94,1852
4299,0,0,79,524
43,1,2,9,13
430,0,0,0,37
4300,0,0,0,1297
4301,0,0,0,621
4302,8,29,94,1852
4303,0,0,81,2292
4304,0,0,79,524
4305,0,0,79,308
4306,0,1,12,1451
4307,1,39,273,1853
4308,0,0,27,25
4309,0,0,27,25
431,0,1,1,8
4310,0,0,79,308
4311,0,0,0,621
4312,0,1,12,1450
4313,3,4,288,3421
4314,5,46,210,2414
4315,0,16,759,3422
4316,0,0,79,524
4317,0,0,79,308
4318,0,0,79,308
4319,0,1,12,1451
432,0,1,1,65
4320,0,1,1382,4771
4321,0,1,1162,6132
4322,5,94,440,4772
4323,0,1,692,2293
4324,0,1,692,2293
4325,0,1,109,1733
4326,0,1,109,1830
4327,0,1,638,1452
4328,0,1,56,1854
4329,0,1,56,4773
433,0,1,85,113
4330,0,1,137,3423
4331,0,1,56,1854
4332,0,1,638,1452
4333,0,1,137,1409
4334,0,1,137,792
4335,0,1,137,792
4336,0,1,435,1444
4337,0,1,137,792
4338,0,1,137,792
4339,0,1,181,4774
434,0,1,128,191
4340,0,10,30,450
4341,0,10,30,450
4342,0,10,30,105
4343,0,10,30,151
4344,0,10,30,151
4345,0,10,30,151
4346,0,1,214,1013
4347,0,1,214,1013
4348,0,1,214,2126
4349,0,1,214,2415
435,0,1,119,209
4350,0,1,214,1828
4351,0,1,181,6133
4352,0,10,30,151
4353,0,1,1163,6134
4354,0,10,30,151
4355,0,10,30,443
4356,0,1,214,2416
4357,0,10,30,1453
4358,0,10,30,1453
4359,0,10,30,1234
436,1,2,9,46
4360,0,1,436,1014
4361,0,10,30,151
4362,0,10,30,151
4363,0,10,30,151
4364,0,10,30,443
4365,0,10,30,789
4366,39,116,554,1855
4367,0,1,14,411
4368,0,0,57,221
4369,0,1,64,2417
437,0,0,0,21
4370,0,1,64,1553
4371,0,1,1383,4775
4372,0,1,760,3424
4373,0,13,761,3425
4374,0,0,114,576
4375,0,0,114,576
4376,0,0,114,2294
4377,0,1,64,1928
4378,0,6,36,1945
4379,0,1,4,1946
438,0,0,0,21
4380,0,1,4,1944
4381,0,1,37,158
4382,0,1,29,51
4383,0,1,13,1454
4384,0,0,57,1230
4385,2,3,132,1455
4386,1,2,2,68
4387,1,2,2,34
4388,3,4,10,243
4389,0,0,15,404
439,1,2,9,220
4390,0,6,73,741
4391,0,1,4,2127
4392,0,1,4,78
4393,0,0,0,9
4394,0,0,0,72
4395,0,1,14,85
4396,0,1,4,2128
4397,0,1,4,62
4398,1,2,7,7
4399,0,5,23,573
44,2,3,34,35
440,0,0,0,21
4400,0,1,4,1856
4401,2,3,5,15
4402,0,1,4,214
4403,0,1,4,6135
4404,10,35,454,1456
4405,0,1,441,1857
4406,0,1,4,366
4407,0,0,0,0
4408,0,0,0,1
4409,1,2,3,3
441,1,2,9,46
4410,0,6,36,3426
4411,0,1,4,4776
4412,0,1,24,153
4413,0,0,0,9
4414,0,0,0,2
4415,0,0,0,0
4416,2,3,8,11
4417,0,1,4,43
4418,0,1,4,542
4419,3,4,10,28
442,0,0,0,21
4420,1,2,2,4
4421,0,0,6,107
4422,0,0,6,70
4423,0,0,6,6
4424,0,6,36,1015
4425,0,1,4,214
4426,0,1,4,1162
4427,0,1,13,60
4428,0,0,204,3427
4429,0,1,4,366
443,1,2,248,392
4430,0,0,0,268
4431,0,0,0,6136
4432,0,1,4,2418
4433,0,1,4,4777
4434,0,1,4,1457
4435,0,1,4,214
4436,0,9,54,54
4437,0,16,68,82
4438,0,154,762,3428
4439,0,0,763,3429
444,0,0,0,0
4440,0,1,1,8
4441,0,0,0,0
4442,0,0,0,1
4443,1,2,3,3
4444,0,1,4,840
4445,0,1,1,115
4446,3,4,205,1458
4447,0,0,78,212
4448,0,1,363,4778
4449,0,0,17,1002
445,0,1,1,45
4450,0,1,13,1294
4451,0,0,372,1016
4452,0,1,1,8
4453,0,0,17,123
4454,0,0,0,407
4455,0,1,1,8
4456,1,2,3,3
4457,0,0,0,268
4458,0,1,1164,6137
4459,0,1,14,3430
446,0,1,1,45
4460,1,2,2,4
4461,0,1,89,3431
4462,0,0,0,0
4463,0,0,0,48
4464,0,1,14,129
4465,0,0,0,0
4466,0,1,14,1858
4467,3,4,10,6138
4468,0,0,0,0
4469,1,2,3,331
447,0,0,0,0
4470,0,0,0,0
4471,1,2,7,7
4472,1,12,43,6139
4473,0,0,0,170
4474,0,0,0,2
4475,2,3,8,11
4476,1,2,2,4
4477,0,0,1384,4779
4478,0,0,0,48
4479,0,1,14,85
448,2,3,5,134
4480,1,2,2,4
4481,0,0,0,72
4482,0,1,24,1685
4483,0,0,0,0
4484,0,1,1,160
4485,0,1,103,178
4486,0,0,59,64
4487,1,2,2,34
4488,0,5,23,2419
4489,0,1,42,130
449,1,2,3,3
4490,1,2,2,4
4491,0,0,15,27
4492,0,1,51,136
4493,0,17,76,709
4494,0,0,40,2420
4495,0,0,0,1
4496,0,1,13,553
4497,0,1,120,172
4498,1,2,2,68
4499,0,0,0,2
45,0,1,1,44
450,1,2,2,4
4500,0,1,4,350
4501,0,1,555,4780
4502,0,0,157,1037
4503,0,0,0,86
4504,0,0,0,1
4505,0,0,0,0
4506,0,1,24,302
4507,1,2,7,7
4508,0,0,27,25
4509,1,2,2,126
451,2,3,5,155
4510,0,0,15,444
4511,0,0,0,1017
4512,0,0,0,31
4513,0,0,15,135
4514,17,60,206,367
4515,0,0,15,653
4516,1,2,3,3
4517,0,0,0,1
4518,0,0,17,123
4519,0,0,0,2
452,3,4,10,28
4520,2,3,112,1360
4521,0,1,119,209
4522,0,1,4,43
4523,0,0,0,21
4524,2,3,100,1273
4525,0,5,23,1686
4526,1,2,3,19
4527,1,2,2,4
4528,3,4,10,793
4529,0,1,665,3432
453,0,0,0,9
4530,1,2,2,40
4531,0,1,85,113
4532,0,1,639,6140
4533,0,0,0,5
4534,0,0,0,1
4535,0,0,0,1
4536,0,0,0,2
4537,0,1,1,65
4538,0,1,58,4781
4539,0,0,0,0
454,1,2,9,13
4540,0,1,148,794
4541,0,16,68,82
4542,0,0,0,86
4543,0,0,556,1859
4544,1,2,3,33
4545,0,1,1,65
4546,0,0,0,1
4547,0,0,0,2
4548,0,1,14,129
4549,3,4,10,578
455,0,0,0,9
4550,0,1,4,214
4551,0,5,23,554
4552,0,0,0,86
4553,0,1,1,44
4554,0,9,54,54
4555,0,0,0,2
4556,0,0,47,6141
4557,0,1,1,44
4558,0,0,15,404
4559,0,0,0,0
456,0,0,0,3325
4560,3,4,10,243
4561,0,1,128,191
4562,0,1,1,65
4563,0,1,14,85
4564,0,0,47,73
4565,0,0,0,9
4566,0,0,0,1
4567,0,0,0,1
4568,0,1,39,58
4569,0,0,0,2
457,0,0,0,9
4570,1,2,7,7
4571,0,0,15,27
4572,0,1,4,6142
4573,0,0,0,1
4574,0,0,0,0
4575,0,1,33,6143
4576,0,0,0,0
4577,1,2,2,4
4578,1,2,3,493
4579,0,1,58,445
458,0,0,0,9
4580,0,1,24,635
4581,0,1,1,8
4582,1,2,3,33
4583,1,2,3,3
4584,0,0,0,2091
4585,0,1,4,1018
4586,0,0,0,1
4587,0,0,0,1
4588,1,2,2,4
4589,0,0,0,1
459,0,0,0,3326
4590,0,5,23,323
4591,0,0,0,2
4592,0,1,4,43
4593,0,0,0,21
4594,6,14,122,649
4595,3,4,10,795
4596,1,2,2,4
4597,0,1,1,8
4598,0,0,0,0
4599,0,0,38,1123
46,0,1,1,8
460,0,0,0,5
4600,0,0,74,118
4601,0,0,0,1
4602,0,0,0,170
4603,0,0,40,925
4604,0,1,1004,2421
4605,0,1,764,3433
4606,1,2,3,331
4607,0,0,0,102
4608,1,2,3,3
4609,0,0,0,1
461,0,0,0,37
4610,0,1,33,6144
4611,0,0,38,6145
4612,0,1,141,6146
4613,1,2,3,6147
4614,1,2,2,4
4615,0,0,0,21
4616,2,3,100,6148
4617,0,0,0,3434
4618,0,0,0,9
4619,0,0,0,2
462,0,0,27,25
4620,1,2,2,4
4621,1,2,3,19
4622,2,3,5,10
4623,2,3,8,11
4624,0,0,0,12
4625,0,1,1,8
4626,2,3,5,10
4627,0,1,280,801
4628,3,108,523,2129
4629,0,1,22,675
463,1,2,2,23
4630,0,0,0,242
4631,0,0,77,258
4632,1,12,43,1459
4633,0,1,1,207
4634,1,2,7,7
4635,0,0,0,0
4636,0,1,1,402
4637,2,3,8,79
4638,0,1,89,3435
4639,0,1,4,1860
464,0,0,0,361
4640,0,1,1,8
4641,0,1,1,492
4642,0,0,0,2
4643,0,1,1,115
4644,1,2,3,3
4645,0,1,4,1460
4646,0,0,0,2
4647,2,3,44,59
4648,2,3,11,80
4649,2,3,5,6149
465,2,51,170,779
4650,0,8,32,32
4651,0,1,1,4782
4652,8,107,503,1438
4653,1,2,9,13
4654,0,1,4,43
4655,1,2,2,4
4656,0,0,0,9
4657,1,2,2,4
4658,0,1,4,57
4659,0,0,47,73
466,2,51,170,997
4660,1,2,3,3
4661,2,3,5,10
4662,0,1,1,44
4663,0,0,0,1
4664,0,1,33,112
4665,0,1,1,38
4666,0,1,280,1461
4667,0,1,1,3436
4668,0,0,0,48
4669,0,0,0,0
467,0,1,1,8
4670,0,1,1,18
4671,0,1,29,149
4672,0,0,0,0
4673,0,0,40,496
4674,0,17,76,785
4675,0,0,0,1
4676,0,1,37,239
4677,0,1,1,8
4678,0,0,0,0
4679,0,1,1,8
468,0,0,78,431
4680,0,1,1,44
4681,1,12,43,1325
4682,0,0,0,12
4683,2,3,8,285
4684,0,0,0,0
4685,1,2,9,13
4686,1,2,3,33
4687,0,1,1,160
4688,2,3,8,11
4689,0,0,15,423
469,0,0,78,431
4690,0,0,0,0
4691,0,1,22,270
4692,0,1,1,8
4693,1,2,7,7
4694,0,0,0,1
4695,0,0,0,77
4696,0,0,0,407
4697,2,3,5,15
4698,2,3,50,391
4699,0,1,4,78
47,0,0,0,9
470,0,1,13,325
4700,2,3,11,14
4701,1,2,2,4
4702,2,3,31,36
4703,1,2,2,4
4704,0,0,0,21
4705,0,0,15,27
4706,1,2,7,7
4707,0,0,0,2
4708,0,1,4,945
4709,1,12,43,393
471,0,0,0,103
4710,1,2,3,33
4711,0,0,0,48
4712,0,0,15,654
4713,0,0,15,2234
4714,0,0,0,927
4715,1,2,2,476
4716,0,0,6,6
4717,0,0,726,2130
4718,0,0,0,1
4719,0,1,22,309
472,0,1,1,8
4720,0,1,58,445
4721,1,2,3,493
4722,0,1,1,8
4723,8,29,94,405
4724,3,4,10,243
4725,3,4,10,243
4726,0,1,14,85
4727,0,1,1,8
4728,0,0,19,555
4729,0,1,14,50
473,0,1,4,770
4730,0,1,58,445
4731,1,2,3,493
4732,3,4,10,320
4733,0,1,110,6150
4734,0,1,1,1462
4735,1,2,9,13
4736,1,2,2,40
4737,0,0,0,1
4738,0,1,1,44
4739,0,0,0,796
474,0,1,85,113
4740,1,25,409,2422
4741,2,3,112,1360
4742,0,0,0,9
4743,1,2,9,13
4744,0,1,14,85
4745,0,0,0,75
4746,0,0,0,1
4747,0,0,0,2
4748,0,0,0,2
4749,3,4,10,3437
475,0,1,1,18
4750,0,1,4,49
4751,3,4,10,876
4752,3,4,10,1019
4753,1,255,1385,4783
4754,1,2,3,63
4755,0,0,0,31
4756,0,5,23,1890
4757,0,0,0,48
4758,0,0,0,1
4759,1,2,3,433
476,0,1,126,1231
4760,0,1,37,713
4761,0,0,0,0
4762,2,3,5,10
4763,1,2,3,19
4764,0,0,0,1
4765,0,0,0,1
4766,1,2,3,433
4767,0,1,465,3438
4768,0,1,542,1361
4769,0,1,640,6151
477,0,1,151,228
4770,1,2,2,4
4771,0,1,24,633
4772,0,1,24,1463
4773,0,1,175,591
4774,0,1,735,4784
4775,0,0,0,1
4776,0,1,1,1464
4777,0,0,0,31
4778,0,8,32,32
4779,0,1,37,370
478,0,1,128,191
4780,0,1,4,797
4781,0,1,1,8
4782,2,3,5,226
4783,0,1,1,1242
4784,0,0,0,9
4785,1,2,2,34
4786,0,1,4,2127
4787,2,3,5,15
4788,0,0,0,31
4789,0,1,641,2423
479,0,1,119,3327
4790,0,1,356,4785
4791,0,1,4,49
4792,0,5,23,634
4793,0,1,4,538
4794,0,1,4,520
4795,38,122,591,3439
4796,0,0,0,1
4797,2,3,5,10
4798,1,2,3,19
4799,0,0,0,9
48,0,1,1,44
480,0,1,1,4671
4800,1,2,7,7
4801,0,1,22,2131
4802,3,4,183,1236
4803,2,3,5,67
4804,0,1,22,1861
4805,1,2,2,4
4806,0,1,4,1020
4807,0,0,0,1
4808,1,2,2,40
4809,0,1,4,494
481,0,1,1,8
4810,2,3,66,4786
4811,0,1,4,968
4812,1,2,3,33
4813,1,2,7,7
4814,0,0,0,361
4815,2,3,5,10
4816,2,3,143,1862
4817,0,0,0,0
4818,0,1,58,279
4819,0,0,0,1
482,0,1,4,2336
4820,0,1,4,673
4821,0,0,0,0
4822,1,2,3,368
4823,0,1,21,24
4824,0,0,0,0
4825,0,0,0,0
4826,0,1,1,20
4827,2,3,8,2424
4828,1,2,3,19
4829,2,3,5,10
483,0,1,1,18
4830,0,1,22,309
4831,3,4,10,588
4832,1,2,9,13
4833,1,2,2,4
4834,0,1,255,2425
4835,0,0,15,27
4836,0,1,1,8
4837,0,1,1,44
4838,0,1,4,4787
4839,0,0,19,1253
484,0,1,1,8
4840,0,1,1,8
4841,0,16,68,82
4842,0,0,0,48
4843,0,0,19,555
4844,0,0,19,1021
4845,0,0,1386,4788
4846,0,1,4,800
4847,0,1,4,214
4848,0,0,0,48
4849,0,5,23,143
485,0,1,1,18
4850,0,1,18,2426
4851,0,0,709,3440
4852,0,0,40,3441
4853,0,0,407,1022
4854,0,17,76,1493
4855,0,0,218,1243
4856,0,9,65,213
4857,0,0,0,5
4858,0,0,0,2
4859,0,0,0,31
486,0,1,1,237
4860,0,0,0,349
4861,0,1,14,264
4862,1,2,2,34
4863,0,0,0,9
4864,4,18,153,556
4865,0,1,1,1032
4866,0,1,4,43
4867,1,2,7,7
4868,0,21,72,225
4869,0,0,27,25
487,0,1,1,18
4870,3,4,10,905
4871,0,0,0,0
4872,2,3,5,10
4873,3,4,10,6152
4874,0,0,0,1
4875,0,1,89,1023
4876,0,0,0,1017
4877,2,3,11,14
4878,0,1,12,195
4879,2,3,5,446
488,0,1,1,8
4880,2,3,11,14
4881,2,3,8,620
4882,1,2,3,33
4883,0,0,0,0
4884,0,0,0,1
4885,2,3,44,59
4886,2,3,8,188
4887,1,2,9,13
4888,0,0,0,0
4889,1,2,7,7
489,0,1,1,207
4890,0,1,42,130
4891,0,0,0,0
4892,1,2,2,4
4893,0,0,0,0
4894,1,2,2,4
4895,2,3,5,67
4896,1,2,7,7
4897,0,0,0,9
4898,0,1,1,8
4899,0,0,0,0
49,1,2,9,13
490,0,1,1,8
4900,0,1,22,6153
4901,1,2,3,3
4902,1,2,3,3
4903,0,0,0,0
4904,2,3,5,15
4905,2,3,8,11
4906,0,0,0,0
4907,1,2,3,3
4908,2,3,5,134
4909,0,1,4,78
491,0,1,1,18
4910,0,0,0,1
4911,1,2,3,3
4912,0,0,0,1
4913,1,2,7,7
4914,2,3,11,14
4915,2,3,8,11
4916,3,4,10,28
4917,0,0,0,0
4918,1,2,7,7
4919,1,2,3,557
492,0,1,1,8
4920,0,1,115,234
4921,2,3,8,11
4922,1,2,3,3
4923,0,0,0,0
4924,1,2,2,4
4925,0,0,0,12
4926,2,3,8,11
4927,2,3,5,155
4928,2,3,5,15
4929,1,2,2,4
493,0,0,0,95
4930,0,0,0,0
4931,1,2,7,7
4932,1,2,2,4
4933,1,2,3,3
4934,0,21,72,225
4935,2,3,5,10
4936,2,3,5,15
4937,0,0,0,0
4938,2,3,8,11
4939,2,3,8,11
494,0,1,1,8
4940,1,2,3,3
4941,2,3,5,15
4942,1,2,2,4
4943,0,0,0,0
4944,0,0,0,2
4945,0,0,0,12
4946,1,2,2,4
4947,1,2,7,7
4948,2,3,5,10
4949,2,3,5,10
495,0,1,1,18
4950,2,3,44,59
4951,2,3,5,15
4952,0,0,0,2
4953,0,0,0,0
4954,11,28,80,97
4955,2,3,5,41
4956,2,3,31,36
4957,1,2,3,3
4958,1,2,2,4
4959,0,0,0,0
496,0,1,4,770
4960,0,0,0,0
4961,0,0,27,25
4962,1,2,2,758
4963,1,2,2,4
4964,1,2,3,3
4965,2,3,11,80
4966,2,3,31,36
4967,2,3,11,80
4968,2,3,8,79
4969,3,4,10,28
497,0,1,33,1824
4970,2,3,8,124
4971,2,3,8,11
4972,1,2,7,7
4973,1,2,9,13
4974,0,0,0,0
4975,2,3,5,15
4976,2,3,31,36
4977,0,0,0,1
4978,1,2,3,433
4979,2,3,8,389
498,0,1,1,2337
4980,2,3,11,14
4981,0,0,0,0
4982,0,0,0,12
4983,1,2,2,4
4984,2,3,50,319
4985,1,12,43,272
4986,0,0,0,0
4987,2,3,5,10
4988,0,0,0,0
4989,1,2,7,7
499,0,1,1,6036
4990,1,2,3,33
4991,2,3,5,15
4992,2,3,5,67
4993,0,0,0,1
4994,0,1,200,4789
4995,0,0,0,2
4996,0,1,4,1460
4997,0,1,42,952
4998,1,2,2,4
4999,0,1,14,484
5,3,4,10,28
50,0,1,13,60
500,0,1,1,8
5000,0,6,73,1108
5001,0,0,0,1
5002,0,1,58,279
5003,0,0,0,0
5004,2,3,50,1465
5005,1,2,3,3
5006,0,0,442,1244
5007,0,0,19,2135
5008,1,2,2,4
5009,0,0,0,31
501,0,0,0,5
5010,4,20,70,76
5011,0,0,0,268
5012,0,1,37,855
5013,0,0,0,1109
5014,0,1,4,366
5015,0,0,0,215
5016,0,0,0,215
5017,0,0,0,215
5018,0,0,0,5
5019,2,3,44,59
502,0,0,0,2
5020,2,3,5,10
5021,0,0,0,9
5022,1,2,3,19
5023,1,2,3,92
5024,0,0,0,86
5025,0,0,0,72
5026,0,0,134,181
5027,0,0,0,310
5028,0,0,0,9
5029,1,2,2,68
503,0,0,0,37
5030,2,3,31,36
5031,2,3,8,79
5032,2,3,11,14
5033,2,3,5,15
5034,2,3,5,226
5035,0,1,4,943
5036,2,3,8,285
5037,0,0,0,12
5038,1,2,3,368
5039,1,2,7,7
504,1,2,9,13
5040,0,0,0,0
5041,2,3,11,80
5042,0,0,0,1
5043,2,3,50,1432
5044,1,2,7,7
5045,3,4,10,83
5046,3,4,10,69
5047,0,1,14,50
5048,0,0,315,1863
5049,0,0,0,5
505,1,2,3,19
5050,0,0,0,2
5051,0,0,0,48
5052,0,1,4,3442
5053,0,0,15,27
5054,0,0,0,1
5055,0,0,59,64
5056,1,2,3,19
5057,0,0,40,1618
5058,0,0,0,170
5059,0,1,13,164
506,1,2,7,7
5060,1,2,2,4
5061,0,0,40,6154
5062,0,0,0,3443
5063,0,0,0,48
5064,0,1,4,6155
5065,0,1,1,160
5066,0,0,0,0
5067,0,0,0,291
5068,0,0,0,12
5069,0,1,24,153
507,2,3,5,10
5070,1,2,3,1327
5071,0,1,24,251
5072,0,5,23,143
5073,0,0,15,135
5074,0,0,0,9
5075,1,2,2,34
5076,1,2,3,92
5077,0,0,27,25
5078,1,2,2,126
5079,0,1,4,1457
508,0,0,0,1
5080,0,0,239,406
5081,0,1,358,4790
5082,0,0,0,31
5083,0,0,27,25
5084,0,0,15,328
5085,1,2,2,240
5086,0,1,4,214
5087,0,9,65,211
5088,2,3,8,124
5089,0,0,0,242
509,0,0,0,0
5090,0,0,0,0
5091,0,0,77,258
5092,0,0,0,72
5093,1,2,7,7
5094,1,2,2,40
5095,0,0,0,31
5096,0,0,0,31
5097,0,0,15,913
5098,0,0,157,6156
5099,2,3,11,14
51,0,1,13,3309
510,0,0,0,0
5100,0,1,4,43
5101,4,20,70,76
5102,1,2,2,34
5103,2,3,11,1024
5104,0,0,0,655
5105,0,5,23,143
5106,0,0,17,39
5107,0,0,0,163
5108,2,3,31,36
5109,0,0,0,12
511,0,1,1,8
5110,2,3,143,727
5111,2,3,8,1266
5112,0,0,0,1
5113,1,2,2,68
5114,4,31,129,179
5115,0,0,17,39
5116,0,0,0,1
5117,2,3,44,59
5118,0,0,0,12
5119,0,1,13,558
512,0,1,286,1825
5120,0,1,82,4791
5121,2,3,50,2168
5122,0,1,33,2113
5123,0,1,12,195
5124,0,0,47,3444
5125,2,3,5,10
5126,1,2,3,19
5127,0,0,15,116
5128,3,4,10,3445
5129,12,66,269,530
513,0,1,1,44
5130,0,1,20,29
5131,0,0,0,86
5132,1,12,43,1864
5133,0,1,14,50
5134,0,1,4,199
5135,4,20,70,76
5136,0,0,0,2197
5137,0,1,148,4792
5138,0,1,1,45
5139,0,0,0,56
514,0,1,286,1406
5140,0,1,13,60
5141,0,0,0,1
5142,0,1,24,835
5143,0,1,1,1865
5144,0,256,1387,4793
5145,0,0,0,31
5146,0,0,57,3446
5147,0,1,18,4794
5148,10,111,765,3447
5149,0,0,15,4795
515,0,0,0,5
5150,17,60,206,367
5151,0,0,15,4796
5152,0,1,37,370
5153,0,0,133,235
5154,0,9,54,54
5155,0,1,21,782
5156,0,1,4,509
5157,0,0,0,3448
5158,4,20,70,76
5159,0,0,0,9
516,0,0,0,2
5160,2,3,44,59
5161,0,1,1,115
5162,0,0,40,2427
5163,0,17,76,4797
5164,3,4,10,3449
5165,0,0,0,0
5166,0,0,17,39
5167,12,110,533,2132
5168,0,0,0,86
5169,0,0,0,1
517,2,3,100,1826
5170,1,2,3,3
5171,0,0,0,12
5172,0,1,476,2428
5173,0,9,65,211
5174,2,3,50,391
5175,0,0,0,271
5176,0,1,115,396
5177,1,19,87,559
5178,2,3,5,15
5179,2,3,31,36
518,0,0,0,1846
5180,0,1,1,8
5181,0,0,0,1
5182,2,3,5,134
5183,3,4,121,4798
5184,3,4,10,243
5185,0,0,0,12
5186,2,3,11,14
5187,0,1,1,8
5188,0,1,1,8
5189,1,2,7,7
519,0,0,0,77
5190,2,3,50,3450
5191,0,1,4,49
5192,0,1,14,85
5193,0,1,4,43
5194,0,1,103,178
5195,0,0,15,404
5196,1,2,2,4
5197,0,5,23,1025
5198,0,0,0,48
5199,2,3,50,2283
52,0,0,74,118
520,0,0,0,21
5200,0,1,4,2133
5201,0,1,120,172
5202,2,3,5,15
5203,0,1,14,3451
5204,0,0,0,0
5205,0,0,0,1478
5206,2,3,5,67
5207,2,3,11,14
5208,16,48,161,252
5209,2,3,132,2429
521,2,3,131,190
5210,2,3,8,1344
5211,3,155,766,3452
5212,1,2,3,33
5213,1,12,43,272
5214,1,2,7,7
5215,2,3,31,297
5216,0,0,0,12
5217,1,2,2,4
5218,0,0,0,4799
5219,0,0,0,1
522,15,44,149,748
5220,0,1,4,805
5221,0,1,1,8
5222,0,0,0,2
5223,0,0,0,3453
5224,0,1,4,2430
5225,1,2,7,7
5226,0,0,15,27
5227,1,2,2,4
5228,0,0,15,27
5229,1,2,7,7
523,1,78,634,6037
5230,0,0,0,2
5231,0,1,1,18
5232,0,1,64,656
5233,0,0,0,628
5234,1,2,3,2134
5235,1,2,2,424
5236,1,2,3,3
5237,1,2,3,33
5238,0,0,0,0
5239,0,0,0,1
524,1,23,357,4672
5240,0,1,1,44
5241,0,1,147,650
5242,1,2,9,13
5243,2,3,5,10
5244,0,0,0,0
5245,2,3,5,10
5246,1,2,2,4
5247,0,0,0,1
5248,0,0,17,123
5249,0,0,0,0
525,27,93,744,3328
5250,2,3,5,303
5251,2,3,5,10
5252,0,0,0,0
5253,0,1,33,481
5254,0,0,0,47
5255,2,34,99,422
5256,0,0,0,183
5257,0,0,77,142
5258,0,0,0,1
5259,1,2,3,33
526,1,56,193,356
5260,2,3,5,2431
5261,0,1,22,1245
5262,0,0,0,1
5263,0,1,4,805
5264,2,3,5,10
5265,0,0,505,6157
5266,2,3,11,14
5267,1,2,7,7
5268,0,1,1,8
5269,0,0,0,2
527,0,0,0,2
5270,1,2,2,4
5271,0,0,0,0
5272,0,1,63,120
5273,0,1,13,504
5274,0,1,4,1020
5275,0,9,767,3454
5276,0,0,0,0
5277,0,1,14,129
5278,0,1,1,65
5279,1,12,43,393
528,0,0,0,0
5280,2,3,11,80
5281,0,0,0,1
5282,0,0,15,27
5283,1,156,768,3455
5284,1,12,43,393
5285,1,2,3,33
5286,0,0,0,0
5287,0,1,1,8
5288,0,0,0,2
5289,0,0,0,0
529,0,1,39,156
5290,0,0,0,1
5291,2,3,477,1466
5292,0,1,1,207
5293,1,2,7,7
5294,0,0,0,1
5295,1,2,2,4
5296,1,2,3,33
5297,0,1,1,160
5298,0,0,0,2
5299,1,12,43,393
53,0,1,1,8
530,1,2,7,7
5300,0,0,0,0
5301,0,0,239,406
5302,0,1,22,372
5303,0,5,23,3456
5304,0,0,15,116
5305,0,1,1,44
5306,0,0,0,9
5307,0,1,4,1467
5308,0,1,4,542
5309,0,1,1,8
531,2,3,8,186
5310,0,1,4,214
5311,0,1,1,765
5312,4,20,70,76
5313,1,2,2,34
5314,0,0,0,655
5315,0,6,36,436
5316,0,1,4,1468
5317,1,2,2,68
5318,0,1,4,162
5319,0,1,1,8
532,2,3,11,14
5320,1,12,43,1864
5321,0,0,0,0
5322,0,0,0,1
5323,0,1,4,43
5324,0,0,15,913
5325,1,2,3,19
5326,0,0,442,1244
5327,0,1,4,3457
5328,0,0,19,6158
5329,0,1,1,1469
533,3,4,10,674
5330,0,1,1,798
5331,0,1,1,6159
5332,0,0,0,88
5333,0,1,1,1362
5334,0,0,442,1244
5335,0,0,15,135
5336,0,0,19,2135
5337,0,0,27,25
5338,1,2,2,126
5339,8,29,94,657
534,0,1,1,18
5340,0,1,1,2432
5341,0,1,1,1469
5342,0,0,15,1026
5343,17,60,206,367
5344,0,0,15,1027
5345,3,4,10,311
5346,0,0,0,48
5347,67,157,769,3458
5348,0,1,1,1028
5349,0,0,27,25
535,0,1,1,110
5350,0,0,40,4800
5351,0,1,1165,6160
5352,0,0,157,2136
5353,8,29,94,1029
5354,0,1,148,1470
5355,0,0,15,135
5356,0,1,1166,6161
5357,0,0,38,223
5358,0,0,17,123
5359,0,1,14,129
536,0,36,105,141
5360,0,1,1,8
5361,0,1,4,49
5362,0,69,1167,6162
5363,0,0,0,109
5364,0,0,0,1
5365,1,2,2,4
5366,1,2,3,19
5367,0,1,1,44
5368,0,5,23,2070
5369,0,1,4,6163
537,1,2,69,84
5370,0,0,0,21
5371,2,3,100,6164
5372,0,0,0,86
5373,0,1,24,1199
5374,0,0,59,64
5375,1,2,2,40
5376,0,1,1,8
5377,0,0,0,77
5378,1,2,7,7
5379,0,0,0,0
538,0,0,47,540
5380,0,1,297,6165
5381,0,0,0,2
5382,0,0,17,39
5383,0,0,0,2
5384,0,0,0,5
5385,0,1,1,8
5386,0,0,0,688
5387,0,0,6,6
5388,0,0,38,6166
5389,0,1,1,18
539,0,1,1,44
5390,0,1,33,1866
5391,0,1,1,20
5392,0,0,0,3459
5393,0,0,0,3460
5394,0,1,4,366
5395,0,0,17,39
5396,0,0,52,52
5397,1,2,53,53
5398,0,0,0,361
5399,2,51,170,799
54,0,0,61,89
540,0,1,33,455
5400,0,0,0,2
5401,0,0,0,0
5402,0,0,0,0
5403,0,1,1,8
5404,1,2,3,493
5405,0,1,58,445
5406,0,5,23,1867
5407,0,0,157,6167
5408,8,29,94,1029
5409,8,29,94,657
541,0,1,1,8
5410,0,1,24,2295
5411,0,0,0,407
5412,0,0,15,135
5413,0,0,27,25
5414,1,2,2,126
5415,0,0,15,135
5416,2,3,50,391
5417,1,2,7,7
5418,2,3,5,15
5419,0,1,1,44
542,0,1,1,18
5420,0,5,23,143
5421,0,0,0,1
5422,0,1,102,184
5423,2,3,44,59
5424,0,1,14,264
5425,0,0,0,290
5426,0,0,15,1026
5427,17,60,206,367
5428,0,0,15,1027
5429,0,1,20,29
543,0,1,1,44
5430,0,1,4,840
5431,0,0,0,56
5432,0,0,0,0
5433,0,0,59,64
5434,0,1,37,182
5435,0,0,0,1
5436,2,3,11,14
5437,2,3,31,36
5438,0,1,1,193
5439,1,2,7,7
544,0,1,1,8
5440,0,1,1,1471
5441,1,2,7,7
5442,0,0,15,27
5443,0,0,0,102
5444,2,3,66,377
5445,0,1,37,182
5446,0,9,696,3461
5447,0,0,0,0
5448,0,0,0,31
5449,0,0,1388,4801
545,0,1,358,4673
5450,0,17,1168,6168
5451,0,30,159,352
5452,0,1,4,49
5453,0,1,4,49
5454,3,4,10,320
5455,1,2,2,4
5456,0,0,0,1
5457,1,2,3,3
5458,1,2,3,3
5459,0,0,0,1
546,0,1,33,1232
5460,0,0,0,0
5461,3,136,656,1557
5462,2,3,8,11
5463,0,0,0,1
5464,0,0,0,398
5465,2,3,31,36
5466,0,1,110,747
5467,0,0,0,2
5468,0,0,0,12
5469,0,1,1,44
547,0,1,1,65
5470,18,49,164,244
5471,11,28,80,97
5472,2,3,5,41
5473,2,3,5,15
5474,2,3,8,285
5475,2,3,5,10
5476,0,0,19,369
5477,2,3,5,10
5478,1,2,2,4
5479,1,2,3,19
548,2,3,34,35
5480,3,4,116,4802
5481,0,1,4,1020
5482,0,1,1,115
5483,0,1,4,800
5484,1,2,2,4
5485,0,1,1,511
5486,0,1,1,104
5487,0,1,1,4803
5488,2,3,11,80
5489,0,1,1,8
549,0,1,13,636
5490,0,17,557,4804
5491,0,5,49,3462
5492,0,1,29,949
5493,0,0,0,48
5494,0,0,0,268
5495,0,1,4,269
5496,0,1,51,2433
5497,0,0,0,330
5498,0,1,4,673
5499,0,1,4,968
55,0,0,0,9
550,0,102,993,2338
5500,0,0,0,307
5501,0,1,14,484
5502,0,0,253,4805
5503,0,1,4,214
5504,0,0,17,39
5505,0,1,89,2434
5506,0,0,0,361
5507,0,1,37,370
5508,0,5,23,6169
5509,0,1,64,656
551,0,1,51,136
5510,1,2,2,4
5511,2,3,5,10
5512,1,2,3,19
5513,1,2,3,2134
5514,1,2,2,424
5515,0,0,0,628
5516,0,1,24,6170
5517,0,0,0,2
5518,2,3,5,15
5519,0,1,1,8
552,0,1,102,184
5520,0,1,82,6171
5521,0,1,1,6172
5522,0,5,23,1472
5523,0,1,1,8
5524,0,1,63,1938
5525,2,3,31,297
5526,2,3,8,868
5527,0,0,6,6
5528,0,1,4,132
5529,0,1,37,6173
553,1,23,145,230
5530,2,51,170,2137
5531,0,1,4,49
5532,0,1,13,166
5533,0,0,0,1
5534,0,1,20,29
5535,0,1,1,44
5536,0,0,0,0
5537,0,0,0,0
5538,0,0,0,31
5539,0,0,0,0
554,1,39,152,283
5540,0,0,0,0
5541,1,2,7,7
5542,0,1,1,8
5543,0,0,0,206
5544,1,2,2,4
5545,0,0,19,1030
5546,0,0,0,1
5547,0,1,24,200
5548,0,0,0,1
5549,0,1,13,490
555,0,0,74,118
5550,0,0,0,0
5551,0,0,0,2
5552,0,1,4,4806
5553,0,1,1,8
5554,1,2,9,87
5555,0,1,103,178
5556,0,0,0,9
5557,0,1,1,65
5558,0,0,0,21
5559,1,2,9,1031
556,0,1,1,8
5560,0,1,4,78
5561,0,1,1,8
5562,0,0,0,86
5563,0,1,37,158
5564,1,2,3,3
5565,0,1,1,18
5566,0,1,120,172
5567,0,6,73,1246
5568,0,0,0,1
5569,0,0,0,2
557,0,0,0,0
5570,0,1,58,279
5571,0,0,0,0
5572,0,1,148,6174
5573,0,0,157,1763
5574,3,4,121,365
5575,17,60,206,367
5576,0,0,15,653
5577,0,1,14,50
5578,3,4,10,502
5579,0,0,17,39
558,1,2,3,3
5580,0,0,15,444
5581,0,0,27,25
5582,1,2,2,126
5583,0,0,0,0
5584,2,3,5,226
5585,0,0,0,398
5586,3,4,10,83
5587,3,4,10,69
5588,0,1,4,214
5589,1,2,3,3
559,2,3,5,10
5590,0,1,1,2435
5591,0,1,13,60
5592,0,0,27,25
5593,0,0,95,483
5594,0,1,1,658
5595,0,0,59,64
5596,1,2,2,4
5597,0,1,280,801
5598,1,2,7,7
5599,1,2,3,368
56,1,2,3,3
560,1,12,43,3329
5600,0,0,0,846
5601,1,2,3,6175
5602,1,12,43,272
5603,0,8,32,32
5604,1,2,7,7
5605,1,2,2,17
5606,0,1,1,4807
5607,0,0,0,1
5608,0,1,4,519
5609,0,1,1,2138
561,1,2,2,4
5610,0,1,4,214
5611,0,1,1,1247
5612,0,1,443,4808
5613,0,1,1,192
5614,0,0,0,268
5615,0,1,1,2436
5616,0,0,0,88
5617,0,0,27,25
5618,8,29,94,657
5619,0,0,0,988
562,0,0,0,0
5620,0,0,0,37
5621,0,0,0,0
5622,1,2,2,23
5623,0,0,0,2
5624,0,0,0,5
5625,0,6,36,3463
5626,1,2,3,33
5627,0,1,1,329
5628,2,3,5,67
5629,2,3,5,67
563,1,2,3,3
5630,0,0,17,131
5631,0,0,0,1248
5632,2,3,11,14
5633,0,1,4,366
5634,0,0,0,0
5635,1,2,2,4
5636,0,1,4,2244
5637,0,1,1,65
5638,1,2,9,26
5639,1,2,9,26
564,2,3,5,15
5640,1,2,7,7
5641,1,2,2,4
5642,1,2,3,19
5643,2,3,5,10
5644,0,1,1,1032
5645,0,1,14,3464
5646,1,2,2,4
5647,1,2,3,19
5648,0,1,22,245
5649,0,0,0,1
565,2,3,8,11
5650,0,0,0,12
5651,0,1,1,160
5652,0,0,0,0
5653,0,1,4,57
5654,0,0,47,73
5655,0,1,21,111
5656,0,1,1,8
5657,1,2,7,7
5658,0,0,15,27
5659,1,2,2,4
566,0,0,0,2
5660,0,5,49,6176
5661,0,0,0,0
5662,0,0,0,1
5663,0,0,6,6
5664,0,0,0,0
5665,2,3,477,1466
5666,0,0,0,47
5667,0,0,0,1
5668,0,0,0,2
5669,1,2,3,33
567,1,2,2,4
5670,2,3,5,303
5671,2,3,5,10
5672,1,12,43,393
5673,0,0,0,2
5674,0,1,4,6177
5675,0,1,1,600
5676,0,0,0,1
5677,0,0,0,2
5678,0,1,4,214
5679,0,0,0,75
568,0,0,0,12
5680,0,0,0,1
5681,0,1,20,29
5682,0,1,4,1468
5683,0,1,770,3465
5684,0,0,0,163
5685,0,0,0,88
5686,0,0,0,2
5687,0,0,0,1
5688,0,1,13,6178
5689,0,1,1,4809
569,2,3,11,14
5690,1,2,2,219
5691,0,1,42,130
5692,0,0,0,290
5693,0,0,0,277
5694,0,1,20,29
5695,0,1,1,20
5696,0,0,0,31
5697,0,1,641,6179
5698,0,1,24,633
5699,2,3,5,226
57,0,1,39,156
570,1,2,3,3
5700,0,5,23,634
5701,0,1,1,1464
5702,0,0,0,31
5703,0,1,37,370
5704,0,1,24,1463
5705,2,3,143,560
5706,0,8,302,3466
5707,0,1,21,24
5708,1,2,2,34
5709,0,0,0,9
571,0,0,0,0
5710,0,1,4,538
5711,0,0,19,1021
5712,1,2,3,276
5713,0,0,0,108
5714,0,1,4,49
5715,0,0,0,0
5716,0,1,1,8
5717,0,0,0,1
5718,0,1,4,4810
5719,1,25,409,1000
572,0,1,21,24
5720,0,1,58,445
5721,1,2,3,493
5722,0,0,59,64
5723,0,1,441,1857
5724,0,8,32,6180
5725,0,1,1,6181
5726,0,1,4,1856
5727,0,1,4,1033
5728,0,1,1,2020
5729,0,1,175,2437
573,0,1,1,20
5730,0,1,14,1034
5731,0,1,20,1070
5732,1,2,7,7
5733,0,83,668,3467
5734,0,0,0,2
5735,0,0,0,86
5736,0,0,0,1
5737,1,2,2,40
5738,0,1,1,45
5739,0,0,92,139
574,1,2,2,17
5740,15,44,149,748
5741,0,0,27,25
5742,1,2,9,1249
5743,3,4,10,1035
5744,0,0,0,1
5745,1,2,2,4
5746,2,3,5,10
5747,2,3,31,36
5748,0,0,0,0
5749,1,2,3,3
575,0,0,0,9
5750,2,3,5,15
5751,0,0,0,0
5752,1,2,3,3
5753,2,3,44,59
5754,0,0,0,0
5755,2,3,11,14
5756,1,2,2,4
5757,0,1,12,1902
5758,0,10,30,151
5759,0,10,30,151
576,0,0,0,109
5760,0,1,12,1250
5761,0,1,219,1251
5762,0,1,163,4811
5763,0,1,12,622
5764,0,1,56,4812
5765,0,10,30,175
5766,5,26,310,802
5767,1,2,2,23
5768,0,1,12,294
5769,0,0,59,64
577,0,0,0,273
5770,0,1,51,359
5771,0,5,49,3468
5772,4,31,296,690
5773,0,1,1,8
5774,0,1,1,44
5775,1,2,9,46
5776,0,0,6,6
5777,0,0,0,12
5778,0,0,17,39
5779,0,0,41,106
578,1,2,2,353
5780,0,0,52,52
5781,1,2,53,53
5782,2,3,11,14
5783,0,0,45,71
5784,0,0,6,70
5785,0,1,1,20
5786,0,0,0,9
5787,1,2,2,17
5788,0,1,21,24
5789,0,1,21,24
579,1,2,2,17
5790,0,1,1,20
5791,0,1,1,20
5792,0,0,0,0
5793,1,2,3,19
5794,0,0,0,0
5795,2,3,8,194
5796,0,0,0,1
5797,1,2,2,4
5798,1,2,7,7
5799,2,3,5,10
58,0,0,0,0
580,0,1,1,38
5800,0,1,37,158
5801,6,14,543,3469
5802,3,4,574,3470
5803,0,0,315,1863
5804,0,0,57,4813
5805,0,17,76,2438
5806,1,2,7,7
5807,0,0,0,0
5808,2,3,5,10
5809,0,0,27,25
581,0,1,1,8
5810,0,0,15,1586
5811,0,1,1,8
5812,8,29,94,1881
5813,2,3,50,319
5814,0,1,4,78
5815,1,2,2,4
5816,0,0,0,0
5817,3,4,10,1868
5818,2,3,5,67
5819,0,0,15,135
582,0,1,21,648
5820,0,0,0,1
5821,2,3,11,14
5822,0,0,27,25
5823,1,2,2,126
5824,0,0,0,12
5825,1,2,3,33
5826,0,0,0,3471
5827,1,2,3,3
5828,0,0,0,0
5829,1,2,7,7
583,0,1,63,301
5830,0,0,0,0
5831,0,0,0,0
5832,2,3,44,59
5833,0,0,0,0
5834,1,2,2,4
5835,2,3,8,11
5836,1,2,7,7
5837,1,2,3,3
5838,0,0,0,0
5839,2,3,11,14
584,1,105,497,981
5840,0,0,0,749
5841,0,0,0,1
5842,0,0,0,2
5843,0,1,14,50
5844,1,2,9,26
5845,0,0,0,5
5846,2,3,111,150
5847,0,1,1,8
5848,2,3,127,174
5849,0,0,0,93
585,1,23,309,911
5850,0,1,29,51
5851,0,0,0,77
5852,0,0,92,139
5853,1,23,357,1823
5854,1,56,193,356
5855,1,23,145,2439
5856,1,39,152,2440
5857,0,0,246,534
5858,3,4,288,4814
5859,0,0,246,534
586,1,23,145,230
5860,0,1,1,96
5861,2,3,34,2441
5862,0,1,1,74
5863,0,1,1,74
5864,0,0,0,9
5865,0,0,28,1252
5866,0,0,0,1
5867,0,0,57,221
5868,1,2,3,3
5869,1,2,2,4
587,1,39,152,1233
5870,0,0,0,0
5871,0,0,0,1
5872,1,2,3,3
5873,0,0,0,2
5874,0,0,0,0
5875,0,0,0,0
5876,1,2,7,7
5877,0,0,0,398
5878,0,1,1,8
5879,0,0,0,2
588,0,0,92,139
5880,0,0,0,12
5881,1,2,3,3
5882,0,0,0,0
5883,0,0,0,1
5884,0,0,17,4815
5885,0,1,506,1473
5886,0,0,0,883
5887,1,2,9,127
5888,1,2,9,127
5889,2,3,100,564
589,1,39,273,2339
5890,0,0,0,21
5891,1,2,2,68
5892,0,0,0,98
5893,1,2,2,34
5894,4,20,70,76
5895,0,0,239,406
5896,0,0,134,181
5897,0,0,15,739
5898,1,12,43,803
5899,0,0,15,116
59,0,1,990,2329
590,1,56,193,356
5900,0,10,30,1474
5901,0,1,86,1363
5902,0,0,0,3472
5903,0,1,1,45
5904,0,1,13,804
5905,0,0,171,2047
5906,0,0,46,227
5907,0,1,13,804
5908,0,0,40,2046
5909,0,1,14,90
591,15,44,149,3330
5910,0,0,17,495
5911,0,1,14,1475
5912,0,0,17,131
5913,0,1,12,2442
5914,0,0,0,463
5915,2,3,178,535
5916,3,4,10,880
5917,0,9,316,4816
5918,0,0,0,206
5919,0,1,20,1869
592,1,50,166,280
5920,0,17,76,832
5921,0,0,455,1476
5922,1,2,3,19
5923,1,2,2,4
5924,2,3,5,10
5925,0,0,0,1
5926,0,0,0,0
5927,0,0,0,1
5928,0,1,20,29
5929,0,1,1,8
593,10,35,169,246
5930,0,1,22,1861
5931,0,1,1,8
5932,0,0,0,88
5933,0,0,133,235
5934,0,1,192,3473
5935,3,108,523,2129
5936,0,5,49,2443
5937,3,4,10,69
5938,0,0,0,48
5939,2,3,771,3474
594,2,51,170,4674
5940,3,4,67,6182
5941,0,0,15,423
5942,0,1,102,184
5943,0,1,18,430
5944,0,1,4,6183
5945,0,1,4,2216
5946,0,1,51,623
5947,0,0,0,1
5948,0,1,51,136
5949,0,0,17,131
595,0,1,13,3331
5950,0,1,4,408
5951,0,1,200,1036
5952,0,1,14,50
5953,0,0,0,2
5954,0,1,1,4817
5955,0,1,18,152
5956,0,1,14,50
5957,0,0,17,6184
5958,3,4,10,502
5959,0,0,0,2
596,0,0,6,107
5960,0,1,14,2444
5961,0,1,1,2445
5962,0,1,14,4818
5963,0,1,29,873
5964,0,0,138,201
5965,1,2,2,4
5966,0,1,1,44
5967,0,0,19,1030
5968,0,32,101,216
5969,2,3,5,6185
597,0,0,6,6
5970,0,1,22,372
5971,0,0,0,0
5972,0,0,52,52
5973,1,2,53,53
5974,0,0,41,106
5975,0,0,17,39
5976,3,4,10,69
5977,3,4,10,83
5978,0,1,113,2446
5979,0,0,59,64
598,1,2,9,355
5980,2,3,146,2447
5981,0,0,0,1
5982,6,14,122,649
5983,3,4,10,795
5984,1,2,2,4
5985,0,0,78,926
5986,0,1,1,8
5987,0,0,0,378
5988,0,0,40,496
5989,0,17,76,785
599,0,0,16,16
5990,0,0,74,118
5991,0,1,14,90
5992,0,0,0,1
5993,8,29,94,2139
5994,0,1,558,4819
5995,3,4,10,69
5996,3,4,10,83
5997,0,0,52,52
5998,1,2,53,53
5999,0,0,41,106
6,0,0,0,0
60,0,1,13,536
600,0,0,0,1407
6000,0,0,0,271
6001,1,2,2,40
6002,0,1,85,113
6003,0,0,17,39
6004,1,19,87,611
6005,0,0,17,39
6006,0,32,101,1053
6007,0,1,1,1101
6008,0,8,32,32
6009,0,0,40,1870
601,0,0,27,25
6010,0,1,4,1214
6011,0,0,17,39
6012,0,1,408,1477
6013,0,1,119,209
6014,0,0,138,201
6015,0,1,4,494
6016,0,1,22,2141
6017,0,0,332,1399
6018,0,0,52,52
6019,1,2,53,53
602,0,1,259,6038
6020,0,0,41,106
6021,2,3,11,80
6022,0,0,0,1
6023,0,0,0,2
6024,0,1,1,96
6025,0,32,101,819
6026,0,0,45,71
6027,0,0,0,108
6028,0,0,45,71
6029,0,1,14,50
603,1,2,9,87
6030,0,6,36,1982
6031,0,1,14,90
6032,10,61,236,561
6033,0,1,1,65
6034,0,1,1,18
6035,1,54,644,1482
6036,1,2,2,353
6037,0,117,1389,4820
6038,0,117,772,3475
6039,0,1,1,8
604,1,2,9,46
6040,0,1,151,228
6041,0,6,36,2262
6042,0,1,22,2448
6043,0,1,22,2449
6044,0,0,0,0
6045,1,2,3,3
6046,0,1,4,805
6047,0,0,45,71
6048,0,1,1,65
6049,0,1,1,2052
605,3,4,116,2193
6050,11,28,80,97
6051,2,3,5,41
6052,0,1,12,195
6053,3,4,470,6186
6054,0,0,0,3476
6055,0,1,1,45
6056,0,1,4,517
6057,1,12,420,2140
6058,40,118,559,1871
6059,0,1,128,191
606,0,0,0,5
6060,0,32,101,216
6061,0,1,126,2092
6062,0,1,1,2051
6063,0,1,1,96
6064,28,75,487,2450
6065,1,2,2,706
6066,0,0,27,25
6067,0,0,15,328
6068,1,2,2,240
6069,0,1,4,3477
607,1,2,2,826
6070,0,1,103,178
6071,1,2,2,17
6072,0,1,1,8
6073,0,0,0,77
6074,0,0,0,927
6075,0,0,0,77
6076,0,0,0,100
6077,0,8,32,32
6078,0,1,4,1364
6079,0,1,4,724
608,0,0,27,25
6080,0,0,0,2
6081,1,2,3,63
6082,0,1,22,2118
6083,0,6,36,436
6084,0,0,0,6187
6085,0,1,317,4821
6086,0,1,4,214
6087,0,0,0,93
6088,0,6,36,3478
6089,0,6,642,6188
609,1,2,9,26
6090,0,0,0,93
6091,0,0,0,2
6092,0,1,4,254
6093,0,1,4,2133
6094,0,0,138,201
6095,0,0,0,1
6096,0,0,0,1
6097,0,0,46,94
6098,0,1,4,1880
6099,0,0,0,1478
61,0,1,13,536
610,0,0,17,39
6100,0,1,1,3479
6101,0,0,19,55
6102,0,1,29,873
6103,0,1,51,623
6104,0,0,16,2451
6105,0,1,537,1365
6106,0,1,120,172
6107,0,0,0,109
6108,0,1,408,1477
6109,0,1,22,2141
611,0,1,14,90
6110,0,8,32,32
6111,0,1,1,8
6112,0,1,4,1872
6113,0,1,4,3480
6114,0,0,0,3481
6115,0,5,49,4822
6116,0,8,32,32
6117,0,1,1,45
6118,0,1,18,430
6119,0,0,138,201
612,0,0,0,48
6120,0,0,138,201
6121,0,0,108,1873
6122,0,32,101,810
6123,0,1,1,1874
6124,0,1,175,3482
6125,0,0,0,955
6126,0,0,138,201
6127,1,2,2,353
6128,0,0,108,6189
6129,0,6,36,1887
613,0,1,14,129
6130,1,2,3,750
6131,0,0,0,109
6132,0,32,101,216
6133,1,2,3,3
6134,0,0,0,1
6135,0,0,138,201
6136,0,1,364,4823
6137,0,0,0,2452
6138,0,0,0,452
6139,0,1,4,519
614,0,1,14,484
6140,0,32,101,216
6141,0,0,560,1875
6142,0,17,322,1897
6143,0,0,0,21
6144,1,2,2,4
6145,0,0,19,1253
6146,0,0,19,4824
6147,3,4,10,83
6148,0,1,1,3483
6149,0,0,0,12
615,0,0,17,123
6150,2,3,8,285
6151,3,4,10,69
6152,0,32,101,216
6153,5,46,210,2081
6154,0,1,1,3484
6155,2,3,50,391
6156,0,32,101,1053
6157,0,0,0,109
6158,0,0,0,1817
6159,4,20,70,76
616,0,0,17,982
6160,0,32,101,3485
6161,0,32,101,216
6162,0,1,14,90
6163,2,3,11,14
6164,2,3,8,79
6165,0,1,1,192
6166,2,3,5,15
6167,1,25,410,6190
6168,0,1,14,50
6169,0,0,138,1479
617,0,0,17,982
6170,0,0,15,135
6171,0,6,160,390
6172,0,0,19,555
6173,0,1,14,50
6174,0,1,20,29
6175,0,0,15,404
6176,0,0,138,201
6177,0,0,45,71
6178,0,0,40,2148
6179,0,0,52,52
618,0,0,0,5
6180,1,2,53,53
6181,0,1,361,877
6182,2,3,44,59
6183,0,0,17,39
6184,2,3,146,1235
6185,4,31,129,179
6186,0,0,17,39
6187,0,1,13,164
6188,1,19,87,1480
6189,0,0,0,1
619,1,2,2,23
6190,0,0,17,39
6191,0,0,138,201
6192,0,0,41,106
6193,0,0,59,64
6194,0,1,4,2453
6195,0,1,118,644
6196,0,32,101,819
6197,0,0,27,25
6198,1,19,87,994
6199,3,4,10,4825
62,0,0,741,3310
620,0,0,0,5
6200,0,0,15,135
6201,4,20,70,76
6202,0,1,51,583
6203,0,1,115,396
6204,1,19,87,559
6205,0,0,0,271
6206,0,5,49,1481
6207,0,0,27,25
6208,1,2,2,126
6209,0,0,15,444
621,0,0,0,2
6210,0,1,1,2454
6211,0,32,101,216
6212,0,0,52,52
6213,1,2,53,53
6214,2,3,8,6191
6215,0,1,1,133
6216,0,0,0,6192
6217,0,0,95,2455
6218,2,3,536,2456
6219,1,2,9,13
622,0,0,0,2
6220,0,0,0,398
6221,3,4,10,6193
6222,0,1,14,85
6223,0,0,0,1
6224,1,2,7,7
6225,0,1,148,794
6226,0,0,0,163
6227,4,31,129,179
6228,0,0,0,48
6229,8,29,94,657
623,0,0,104,171
6230,0,1,115,396
6231,2,3,31,36
6232,1,2,2,40
6233,0,1,1,8
6234,0,0,157,1037
6235,0,0,0,86
6236,0,0,0,2
6237,2,3,8,4826
6238,0,0,0,1
6239,17,60,206,367
624,1,74,433,4675
6240,0,0,15,653
6241,0,1,773,3486
6242,2,3,8,2457
6243,0,1,4,366
6244,0,1,126,324
6245,0,1,85,113
6246,0,1,220,360
6247,0,1,1,1247
6248,0,1,1,658
6249,0,1,1,192
625,0,0,0,5
6250,0,0,0,77
6251,0,1,537,1365
6252,0,0,204,1179
6253,0,0,0,21
6254,0,0,0,452
6255,0,1,4,519
6256,0,0,0,6194
6257,0,0,0,109
6258,1,2,3,750
6259,0,1,1,4827
626,0,0,0,21
6260,0,6,160,390
6261,0,0,0,109
6262,0,0,0,2061
6263,1,2,2,424
6264,2,3,8,4828
6265,1,2,2,17
6266,0,1,1,1876
6267,0,1,1,600
6268,1,74,643,6195
6269,1,54,644,1482
627,2,3,100,1827
6270,2,3,132,4829
6271,0,0,59,64
6272,0,0,15,27
6273,0,0,0,1
6274,0,0,0,0
6275,1,2,7,7
6276,0,1,1005,2458
6277,0,0,138,201
6278,0,0,59,64
6279,0,0,0,75
628,0,1,518,3332
6280,0,0,0,5
6281,0,0,0,2
6282,0,0,40,1660
6283,0,32,101,216
6284,0,17,76,853
6285,0,0,0,378
6286,0,0,6,6
6287,0,0,0,75
6288,0,0,0,1
6289,0,0,0,1
629,7,15,48,66
6290,1,2,3,63
6291,0,0,0,0
6292,1,2,2,4
6293,0,0,0,1
6294,6,14,122,263
6295,0,0,645,6196
6296,1,2,2,40
6297,0,1,14,50
6298,0,0,0,1
6299,0,0,0,387
63,0,151,742,3311
630,2,3,8,11
6300,1,2,2,4
6301,2,3,5,10
6302,0,0,15,654
6303,0,0,15,27
6304,0,0,0,1038
6305,3,4,10,83
6306,3,4,10,69
6307,0,1,1,8
6308,0,0,0,0
6309,0,0,0,1
631,1,2,3,3
6310,0,0,0,2
6311,8,41,144,4830
6312,1,2,7,7
6313,0,1,14,50
6314,3,4,10,69
6315,3,4,10,83
6316,0,1,14,50
6317,3,4,10,69
6318,3,4,10,83
6319,0,1,1,115
632,2,3,11,14
6320,0,1,175,591
6321,3,4,10,69
6322,0,0,0,9
6323,0,1,14,50
6324,0,1,1,1219
6325,0,1,363,3487
6326,0,1,14,50
6327,0,0,0,2
6328,3,4,10,4831
6329,0,1,22,318
633,2,3,44,485
6330,1,2,7,7
6331,0,0,0,0
6332,0,0,0,0
6333,0,0,57,221
6334,0,0,0,102
6335,0,0,92,6197
6336,3,4,10,2459
6337,0,0,0,2
6338,0,0,0,5
6339,0,0,134,181
634,0,0,0,37
6340,1,2,2,23
6341,0,0,0,2
6342,0,0,0,5
6343,0,0,0,9
6344,0,1,12,1347
6345,0,1,13,3488
6346,0,0,38,6198
6347,0,1,125,6199
6348,0,0,45,4832
6349,0,0,0,170
635,0,0,0,2
6350,0,0,0,48
6351,0,0,46,1039
6352,0,1,42,130
6353,0,1,4,6200
6354,0,6,36,6201
6355,0,1,538,2460
6356,28,75,561,1877
6357,0,0,17,495
6358,0,1,14,90
6359,0,1,14,85
636,1,2,2,23
6360,8,29,94,405
6361,0,0,0,102
6362,0,1,14,806
6363,0,1,14,6202
6364,0,0,78,212
6365,0,0,0,1
6366,0,1,13,624
6367,0,0,78,212
6368,0,1,14,3489
6369,0,0,17,1254
637,0,0,0,5
6370,0,0,0,1
6371,0,0,19,173
6372,0,1,14,249
6373,0,1,1,20
6374,0,0,16,16
6375,1,2,9,13
6376,0,0,6,6
6377,0,0,0,5
6378,0,0,61,89
6379,1,25,313,1088
638,1,2,9,26
6380,1,2,7,7
6381,0,0,0,1
6382,1,2,2,4
6383,0,0,0,2
6384,0,0,0,0
6385,2,3,8,1040
6386,0,0,0,1
6387,0,0,0,1
6388,0,0,0,0
6389,1,2,3,3
639,3,4,10,28
6390,0,0,0,1
6391,0,0,0,1
6392,2,3,11,14
6393,0,1,39,508
6394,1,2,2,4
6395,0,0,0,2
6396,1,2,7,7
6397,0,0,0,0
6398,0,0,0,12
6399,2,3,11,14
64,0,0,1359,4660
640,2,3,8,4676
6400,2,3,8,186
6401,3,4,10,28
6402,0,0,6,1483
6403,1,2,7,7
6404,2,3,8,414
6405,0,0,0,0
6406,1,2,3,3
6407,1,2,3,3
6408,1,2,3,91
6409,0,0,0,1
641,1,12,43,771
6410,1,2,3,114
6411,0,0,0,12
6412,0,0,0,1
6413,0,0,0,1
6414,0,0,0,2
6415,1,2,3,63
6416,1,2,2,4
6417,3,4,10,6203
6418,0,0,0,100
6419,2,3,5,10
642,0,0,0,0
6420,1,2,7,7
6421,1,2,3,33
6422,1,2,2,4
6423,0,0,0,0
6424,0,0,0,0
6425,2,3,11,14
6426,0,0,0,1
6427,0,0,0,1
6428,0,0,0,0
6429,0,1,39,58
643,1,2,3,3
6430,0,0,0,1
6431,1,2,2,4
6432,0,0,0,1
6433,1,2,3,3
6434,0,0,0,0
6435,0,0,0,2
6436,0,0,0,0
6437,1,2,7,7
6438,1,2,2,4
6439,0,0,0,0
644,2,3,8,79
6440,0,0,0,1
6441,1,2,3,3
6442,0,0,0,2
6443,0,0,0,0
6444,0,0,0,0
6445,1,2,7,7
6446,1,2,7,7
6447,3,4,10,1041
6448,1,2,3,3
6449,2,3,5,10
645,2,3,5,155
6450,1,2,2,4
6451,0,0,0,0
6452,1,2,3,3
6453,0,0,0,1
6454,1,2,2,4
6455,0,0,0,2
6456,0,0,0,0
6457,5,33,165,4833
6458,1,2,3,3
6459,0,1,39,58
646,0,0,0,0
6460,1,2,7,7
6461,0,0,0,2
6462,0,0,0,0
6463,2,3,8,11
6464,1,2,3,3
6465,0,0,0,0
6466,1,2,2,4
6467,0,0,0,1
6468,0,0,0,0
6469,0,0,0,2
647,1,2,2,4
6470,1,2,7,7
6471,0,0,0,12
6472,2,3,8,11
6473,1,2,3,3
6474,0,0,0,1
6475,0,0,0,0
6476,1,2,2,4
6477,2,3,8,188
6478,0,0,0,1
6479,1,2,7,7
648,2,3,34,35
6480,2,3,11,14
6481,0,0,0,12
6482,0,0,0,1
6483,2,3,5,10
6484,1,2,2,4
6485,0,0,0,12
6486,0,0,0,2
6487,0,0,0,12
6488,0,0,0,12
6489,0,0,0,12
649,0,0,0,1
6490,1,2,3,114
6491,0,0,0,1
6492,1,2,3,91
6493,2,3,8,124
6494,2,3,11,14
6495,2,3,5,446
6496,0,0,0,12
6497,1,2,2,4
6498,0,0,0,0
6499,0,0,0,2
65,0,0,0,3312
650,0,0,0,100
6500,0,0,0,0
6501,1,2,7,7
6502,1,2,3,3
6503,3,4,10,1041
6504,0,0,0,0
6505,0,0,0,1
6506,0,0,0,0
6507,1,2,2,4
6508,0,0,0,0
6509,1,2,3,3
651,1,2,9,13
6510,1,2,2,4
6511,0,0,0,0
6512,1,2,7,7
6513,0,0,0,0
6514,0,0,0,2
6515,0,0,0,0
6516,0,0,0,1
6517,1,2,3,3
6518,0,0,0,1
6519,1,2,7,7
652,1,2,3,63
6520,1,2,3,3
6521,2,3,5,10
6522,2,3,11,14
6523,1,2,7,7
6524,0,0,15,27
6525,0,0,0,2
6526,1,2,2,4
6527,2,3,8,11
6528,0,0,0,12
6529,0,0,0,2
653,0,0,0,1
6530,0,0,0,0
6531,1,2,2,4
6532,1,2,3,3
6533,0,0,0,1
6534,1,2,7,7
6535,2,3,5,15
6536,0,0,0,0
6537,0,0,0,2
6538,0,0,0,0
6539,0,0,0,1
654,1,2,9,26
6540,1,2,3,3
6541,0,0,0,12
6542,2,3,8,11
6543,0,0,0,2
6544,2,3,11,14
6545,1,2,7,7
6546,2,3,8,188
6547,2,3,8,11
6548,2,3,8,11
6549,0,0,0,12
655,0,0,0,37
6550,0,0,0,0
6551,1,2,2,4
6552,0,0,0,0
6553,0,0,0,1
6554,1,2,3,3
6555,0,0,0,0
6556,0,0,0,2
6557,1,2,7,7
6558,2,3,31,36
6559,2,3,5,15
656,0,0,27,25
6560,2,3,5,10
6561,0,0,0,0
6562,1,2,2,4
6563,1,2,3,3
6564,0,0,0,0
6565,1,2,2,4
6566,1,2,3,3
6567,2,3,8,11
6568,1,2,2,4
6569,2,3,5,10
657,0,1,1,18
6570,0,0,0,2
6571,0,0,0,0
6572,0,0,0,0
6573,1,2,3,3
6574,0,0,0,12
6575,2,3,8,11
6576,1,2,2,4
6577,0,0,0,2
6578,1,2,3,3
6579,0,0,0,0
658,0,1,1,8
6580,2,3,8,11
6581,2,3,8,11
6582,1,2,7,7
6583,0,0,0,12
6584,0,0,0,2
6585,0,0,0,0
6586,1,2,3,3
6587,0,0,0,12
6588,1,2,2,4
6589,0,0,0,0
659,0,1,1,38
6590,1,2,3,3
6591,3,4,10,28
6592,0,0,0,1
6593,1,2,7,7
6594,2,3,11,14
6595,2,3,5,15
6596,0,1,1,8
6597,0,1,1,18
6598,0,1,1,8
6599,0,1,1,18
66,3,4,67,3313
660,0,1,1,8
6600,0,1,1,38
6601,0,1,4,43
6602,0,0,0,31
6603,0,1,18,441
6604,0,5,23,323
6605,0,0,0,9
6606,0,1,4,43
6607,0,5,23,323
6608,0,0,0,9
6609,0,1,1,8
661,0,1,1,8
6610,0,1,1006,2461
6611,0,1,14,85
6612,0,0,693,2241
6613,0,0,57,3490
6614,3,4,588,6204
6615,3,45,300,2462
6616,0,9,330,659
6617,0,0,19,55
6618,0,0,46,94
6619,0,1,4,30
662,0,0,0,5
6620,0,0,19,146
6621,0,1,124,899
6622,0,1,124,2036
6623,0,1,124,899
6624,0,1,124,738
6625,0,1,124,738
6626,0,1,124,6205
6627,0,1,4,30
6628,0,0,257,756
6629,0,1,1,682
663,0,0,0,2
6630,0,1,4,1255
6631,0,0,204,4834
6632,0,0,204,3491
6633,0,1,1,660
6634,0,1,4,81
6635,0,1,4,1572
6636,0,1,4,81
6637,0,1,4,81
6638,0,1,20,295
6639,0,1,83,148
664,0,1,1,8
6640,0,1,20,295
6641,0,76,318,864
6642,0,1,135,332
6643,0,0,0,12
6644,0,0,0,1
6645,2,3,5,41
6646,1,2,2,4
6647,0,0,0,1
6648,2,3,774,3492
6649,2,3,31,3493
665,0,1,1,44
6650,0,0,0,1
6651,2,3,143,807
6652,0,0,0,0
6653,0,1,55,117
6654,0,1,96,1484
6655,0,1,83,148
6656,0,1,20,295
6657,0,1,55,117
6658,0,1,135,332
6659,0,1,209,3494
666,1,2,9,13
6660,0,1,209,6206
6661,0,1,209,865
6662,0,1,135,332
6663,0,1,135,332
6664,0,1,83,148
6665,0,1,83,148
6666,0,1,135,332
6667,0,1,83,148
6668,2,3,11,705
6669,0,0,0,0
667,1,2,9,13
6670,2,3,50,6207
6671,0,0,0,1
6672,2,3,44,1485
6673,2,3,143,807
6674,2,3,11,705
6675,2,3,11,14
6676,3,4,10,2463
6677,2,3,11,1256
6678,2,3,31,1212
6679,2,3,8,3495
668,1,2,2,4
6680,2,3,31,3496
6681,0,0,0,291
6682,1,12,43,1486
6683,2,3,11,808
6684,0,0,0,1
6685,2,3,11,1634
6686,2,3,5,6208
6687,0,1,83,148
6688,0,1,83,148
6689,0,1,42,122
669,0,0,0,2
6690,0,1,83,148
6691,0,0,15,27
6692,0,0,0,0
6693,1,2,9,13
6694,1,2,9,13
6695,2,3,112,1360
6696,0,1,1,8
6697,0,1,1,18
6698,0,1,119,209
6699,0,1,126,1231
67,0,0,743,3314
670,1,2,3,3
6700,0,1,128,191
6701,0,1,151,228
6702,0,1,85,113
6703,1,2,2,4
6704,0,0,0,0
6705,0,0,0,1
6706,1,2,3,3
6707,0,0,0,2
6708,0,0,0,0
6709,1,2,7,7
671,2,3,272,2340
6710,0,0,0,37
6711,1,23,240,1878
6712,0,0,0,2
6713,0,8,32,32
6714,0,1,1,6209
6715,0,1,1,133
6716,0,0,0,0
6717,2,3,5,10
6718,0,0,15,27
6719,1,2,2,4
672,0,0,0,0
6720,0,1,1,8
6721,0,0,47,73
6722,0,1,4,57
6723,0,1,33,112
6724,0,1,22,245
6725,0,0,0,185
6726,0,0,0,100
6727,0,0,0,75
6728,2,3,34,35
6729,0,0,6,6
673,0,1,12,6039
6730,2,3,5,67
6731,1,2,3,33
6732,0,0,0,2
6733,1,2,7,7
6734,0,0,0,0
6735,2,3,5,10
6736,1,2,2,4
6737,0,0,0,1
6738,2,3,5,15
6739,0,0,0,2464
674,0,0,0,0
6740,0,0,0,0
6741,0,0,0,0
6742,1,2,7,7
6743,2,3,8,11
6744,1,2,3,3
6745,2,3,44,59
6746,2,3,31,36
6747,2,3,11,14
6748,0,1,4,538
6749,0,0,0,9
675,1,23,240,2341
6750,1,2,2,34
6751,0,5,23,634
6752,0,1,24,633
6753,0,0,0,31
6754,0,1,356,4835
6755,0,0,0,2
6756,0,0,0,2
6757,0,1,4,43
6758,0,0,0,9
6759,0,1,24,196
676,1,2,9,26
6760,0,5,23,371
6761,0,1,4,43
6762,0,5,23,371
6763,0,1,24,196
6764,0,0,0,31
6765,0,1,4,43
6766,0,1,24,196
6767,0,0,0,31
6768,0,0,0,2
6769,0,0,0,9
677,0,0,0,5
6770,0,1,4,43
6771,0,0,0,72
6772,0,1,4,49
6773,0,1,24,784
6774,0,5,23,371
6775,0,0,0,56
6776,0,1,1,193
6777,0,1,82,2465
6778,0,0,0,31
6779,0,0,0,9
678,0,0,27,25
6780,0,6,73,809
6781,0,0,0,72
6782,0,1,37,182
6783,0,0,0,56
6784,0,1,4,199
6785,0,0,0,72
6786,0,0,0,31
6787,0,0,0,31
6788,1,2,3,92
6789,0,5,23,143
679,1,2,2,826
6790,0,1,24,251
6791,0,1,82,4836
6792,0,1,1,18
6793,0,1,4,43
6794,0,5,23,497
6795,0,1,24,153
6796,0,1,4,78
6797,0,1,1,8
6798,0,1,37,158
6799,0,1,1,193
68,0,0,1141,6020
680,0,0,0,2
6800,0,0,0,31
6801,0,6,73,809
6802,0,1,4,49
6803,0,1,24,784
6804,0,5,23,661
6805,0,1,4,43
6806,0,0,0,31
6807,0,1,82,6210
6808,0,1,24,447
6809,0,1,24,153
681,0,0,78,212
6810,0,0,0,31
6811,1,2,2,34
6812,0,0,0,9
6813,0,1,4,43
6814,0,5,23,497
6815,1,2,9,13
6816,0,0,0,5
6817,0,1,1,8
6818,0,1,18,761
6819,0,0,0,2
682,0,0,74,118
6820,0,0,0,9
6821,0,1,1,38
6822,1,12,43,3497
6823,1,2,3,3
6824,2,3,5,134
6825,0,0,0,0
6826,0,1,13,325
6827,0,0,6,6
6828,0,0,0,5
6829,1,2,9,26
683,0,8,32,32
6830,0,0,0,2
6831,1,2,9,26
6832,0,0,0,5
6833,0,0,0,2
6834,0,0,19,1021
6835,1,2,3,63
6836,0,0,0,1
6837,0,0,0,100
6838,0,8,223,6211
6839,0,0,6,6
684,0,0,0,668
6840,0,1,13,1042
6841,1,2,9,13
6842,0,0,52,52
6843,1,2,53,53
6844,0,0,52,52
6845,1,2,53,53
6846,0,0,17,39
6847,0,0,0,2
6848,0,0,0,5
6849,1,2,2,23
685,0,1,13,1110
6850,0,0,0,488
6851,0,0,0,2
6852,0,0,0,5
6853,1,2,2,23
6854,2,3,8,885
6855,0,0,0,1
6856,0,0,0,2
6857,0,1,106,241
6858,1,2,2,40
6859,0,0,0,2
686,0,0,41,106
6860,0,0,0,1
6861,1,2,9,575
6862,2,3,112,409
6863,0,1,12,3498
6864,0,0,27,25
6865,0,21,72,546
6866,1,2,9,26
6867,0,0,0,2
6868,0,0,0,5
6869,0,0,0,5
687,4,18,153,556
6870,0,1,82,4837
6871,0,0,0,56
6872,0,0,0,72
6873,0,1,24,251
6874,0,5,23,143
6875,0,1,4,199
6876,4,20,70,76
6877,0,0,0,31
6878,0,0,0,31
6879,1,2,3,92
688,0,1,14,90
6880,3,4,10,3499
6881,3,4,10,320
6882,3,4,10,205
6883,0,1,110,747
6884,0,1,139,298
6885,0,1,182,486
6886,0,1,110,4838
6887,3,4,10,205
6888,0,0,0,2
6889,1,2,3,3
689,8,29,1362,4677
6890,1,2,2,4
6891,0,0,0,0
6892,0,0,0,12
6893,1,2,2,4
6894,1,2,3,3
6895,0,0,0,0
6896,0,0,0,2
6897,0,0,0,12
6898,0,1,4,1115
6899,0,1,1,8
69,0,0,1142,6021
690,0,0,17,39
6900,0,1,4,1115
6901,0,1,1,8
6902,0,1,22,372
6903,0,1,1,1043
6904,0,1,1,1043
6905,0,1,1,8
6906,0,1,18,3500
6907,0,1,1,1043
6908,0,1,1,8
6909,3,4,10,28
691,6,14,122,881
6910,1,2,3,3
6911,0,0,0,0
6912,2,3,11,14
6913,0,0,0,0
6914,1,2,2,4
6915,2,3,8,11
6916,11,28,80,97
6917,2,3,5,41
6918,2,3,8,11
6919,2,3,5,15
692,0,1,14,264
6920,0,0,0,0
6921,2,3,44,59
6922,1,2,7,7
6923,2,3,11,14
6924,2,3,31,36
6925,1,2,3,3
6926,0,1,29,149
6927,1,2,2,4
6928,3,4,10,28
6929,0,0,0,185
693,8,41,144,637
6930,2,3,44,59
6931,11,28,80,97
6932,2,3,5,41
6933,0,1,1,8
6934,0,1,1,38
6935,0,0,47,73
6936,0,1,1,18
6937,0,1,1,8
6938,0,1,4,57
6939,0,1,33,1866
694,0,0,0,1
6940,0,1,33,112
6941,0,1,21,111
6942,0,1,21,6212
6943,0,0,17,131
6944,6,14,98,157
6945,0,0,92,139
6946,0,0,92,6213
6947,1,23,145,230
6948,1,39,152,283
6949,1,50,166,280
695,0,0,0,12
6950,1,23,309,3501
6951,0,0,0,2
6952,0,0,57,1044
6953,0,0,0,2
6954,0,0,27,25
6955,0,0,6,605
6956,0,0,6,6
6957,0,0,0,5
6958,1,2,2,23
6959,0,0,108,1873
696,0,0,0,2
6960,0,1,18,430
6961,0,8,32,32
6962,0,5,49,4839
6963,0,0,0,0
6964,1,2,3,3
6965,2,3,8,11
6966,0,0,0,2
6967,0,0,0,0
6968,1,2,9,46
6969,0,0,0,21
697,2,3,11,14
6970,1,2,9,13
6971,0,1,18,152
6972,0,1,1,96
6973,0,1,18,152
6974,0,0,0,273
6975,0,0,0,273
6976,2,3,5,10
6977,1,2,3,19
6978,1,2,9,1487
6979,7,15,48,265
698,0,0,0,12
6980,0,0,45,71
6981,0,0,52,52
6982,1,2,53,53
6983,0,0,41,106
6984,0,0,17,39
6985,0,0,15,135
6986,0,1,4,800
6987,0,0,74,292
6988,0,1,4,1495
6989,0,0,74,292
699,0,0,0,12
6990,0,0,74,292
6991,0,1,4,4840
6992,0,1,4,3502
6993,2,3,127,174
6994,0,1,29,51
6995,0,0,0,93
6996,0,0,0,77
6997,0,0,0,273
6998,0,0,0,48
6999,0,1,14,85
7,2,3,8,620
70,0,1,1360,4661
700,1,2,3,114
7000,0,1,1,20
7001,0,1,21,24
7002,0,0,0,9
7003,0,1,1,20
7004,0,0,0,9
7005,1,2,2,17
7006,0,0,41,106
7007,0,0,0,108
7008,0,0,17,39
7009,0,7,26,22
701,1,2,2,4
7010,0,7,26,22
7011,0,13,62,147
7012,0,1,20,29
7013,0,0,0,9
7014,0,1,22,3503
7015,0,0,0,56
7016,0,1,4,6214
7017,1,2,2,68
7018,1,2,3,92
7019,0,1,63,1488
702,1,2,7,7
7020,0,5,23,3504
7021,0,0,0,31
7022,0,0,0,72
7023,6,14,122,263
7024,0,0,17,333
7025,0,1,14,340
7026,3,4,116,299
7027,0,0,17,333
7028,6,14,122,263
7029,8,41,144,300
703,1,2,3,91
7030,6,14,775,3505
7031,6,14,122,263
7032,8,41,144,300
7033,3,4,116,299
7034,0,1,14,340
7035,0,0,17,333
7036,0,0,0,1
7037,2,3,11,14
7038,1,2,7,7
7039,0,0,0,1
704,2,3,5,10
7040,2,3,11,14
7041,0,0,0,1
7042,1,2,3,1148
7043,1,2,3,3
7044,1,2,2,4
7045,0,0,0,0
7046,1,2,2,40
7047,0,1,776,3506
7048,0,0,0,21
7049,1,2,9,1031
705,0,0,0,1
7050,0,0,0,100
7051,0,1,14,1489
7052,0,0,0,168
7053,0,8,32,32
7054,0,27,393,958
7055,0,0,0,5
7056,1,23,240,2290
7057,0,1,64,2466
7058,0,1,1,3507
7059,0,1,399,3508
706,2,3,8,124
7060,0,32,101,810
7061,6,14,349,1081
7062,0,0,0,1
7063,0,0,0,1
7064,0,1,18,1490
7065,0,0,27,25
7066,1,2,3,63
7067,0,0,38,1326
7068,0,0,0,590
7069,0,0,27,25
707,0,0,0,1
7070,1,2,2,126
7071,0,0,0,2
7072,0,0,0,1
7073,3,4,10,311
7074,0,0,0,2
7075,0,0,0,5
7076,0,0,0,2
7077,1,2,9,26
7078,0,0,0,37
7079,1,2,2,23
708,0,1,4,3333
7080,0,0,27,25
7081,0,1,4,2142
7082,0,0,0,6215
7083,0,1,200,1879
7084,0,1,1,45
7085,0,1,18,6216
7086,0,1,200,1640
7087,0,8,32,32
7088,0,1,1,45
7089,0,1,1,110
709,1,2,9,13
7090,0,1,20,629
7091,0,0,0,398
7092,0,0,38,6217
7093,0,0,0,170
7094,0,0,40,925
7095,0,0,17,4841
7096,0,1,4,3509
7097,0,0,40,395
7098,3,4,10,4842
7099,0,1,147,777
71,0,1,20,29
710,0,0,0,0
7100,0,1,13,498
7101,0,0,0,170
7102,0,0,38,1491
7103,0,0,19,1492
7104,0,1,14,50
7105,0,0,0,48
7106,0,1,1,18
7107,0,1,1,8
7108,0,0,27,25
7109,1,2,9,26
711,2,3,5,10
7110,0,0,0,168
7111,0,0,0,2
7112,0,0,19,6218
7113,0,0,19,1766
7114,0,0,19,1366
7115,0,0,19,1366
7116,0,1,4,1872
7117,0,0,15,3510
7118,0,0,0,1
7119,0,0,17,131
712,1,2,3,19
7120,0,1,22,4843
7121,0,1,1,45
7122,0,0,0,796
7123,0,6,777,3511
7124,0,1,340,2011
7125,0,1,4,1880
7126,0,1,148,562
7127,0,17,76,1493
7128,0,0,407,1022
7129,0,0,0,48
713,0,1,29,51
7130,3,4,10,311
7131,0,0,15,135
7132,0,0,230,499
7133,0,0,230,499
7134,1,25,778,3512
7135,0,1,4,364
7136,0,8,32,32
7137,0,1,13,2467
7138,0,1,14,50
7139,0,1,1,160
714,0,0,0,93
7140,0,1,1,3513
7141,0,0,17,500
7142,1,2,2,293
7143,0,0,0,0
7144,0,0,57,1045
7145,0,0,779,3514
7146,0,0,780,3515
7147,0,0,0,2
7148,0,0,0,12
7149,0,0,0,0
715,0,0,0,77
7150,1,2,3,3
7151,1,2,2,4
7152,0,0,0,1
7153,3,4,10,28
7154,0,0,0,1
7155,1,2,2,4
7156,0,0,0,0
7157,1,2,3,3
7158,1,2,3,3
7159,0,0,0,0
716,2,3,127,174
7160,13,37,107,198
7161,0,0,0,2
7162,0,0,0,1
7163,1,2,3,19
7164,1,2,2,4
7165,0,0,0,4844
7166,1,2,9,87
7167,0,0,0,1
7168,2,3,8,11
7169,1,2,2,4
717,0,1,18,2342
7170,0,0,0,0
7171,1,2,3,3
7172,0,0,0,12
7173,0,0,0,2
7174,3,4,10,28
7175,0,1,39,156
7176,0,0,0,0
7177,2,3,5,155
7178,2,3,8,186
7179,1,2,3,3
718,0,1,1,8
7180,1,2,7,7
7181,0,0,0,0
7182,0,0,0,2
7183,0,0,0,1
7184,1,2,3,3
7185,0,0,0,0
7186,1,2,2,4
7187,0,0,1390,4845
7188,0,1,4,669
7189,2,3,428,969
719,0,1,13,60
7190,0,0,74,118
7191,0,1,256,563
7192,0,0,0,2
7193,0,0,27,25
7194,0,1,89,2468
7195,0,1,1,18
7196,0,1,1,8
7197,0,0,15,135
7198,0,1,507,1046
7199,0,0,157,1257
72,0,0,0,9
720,0,1,1,4678
7200,8,29,94,1881
7201,0,0,27,25
7202,1,2,2,126
7203,0,0,15,135
7204,0,0,45,71
7205,0,0,41,106
7206,0,0,52,52
7207,1,2,53,53
7208,0,0,17,39
7209,2,3,34,35
721,0,1,24,973
7210,2,3,8,885
7211,0,1,4,1494
7212,0,1,4,1494
7213,0,0,74,292
7214,0,1,4,1495
7215,0,0,74,292
7216,0,0,74,292
7217,0,0,0,12
7218,1,2,3,3
7219,2,3,5,10
722,0,0,0,5
7220,3,4,10,2469
7221,1,2,2,4
7222,0,0,0,0
7223,0,0,0,1
7224,2,3,5,745
7225,0,0,0,1
7226,1,2,3,33
7227,0,0,15,27
7228,0,0,0,1
7229,1,2,7,7
723,0,5,23,6040
7230,0,0,0,0
7231,0,0,0,1
7232,1,2,2,4
7233,0,0,0,0
7234,0,0,0,0
7235,2,3,11,14
7236,0,0,0,0
7237,1,2,3,276
7238,0,0,0,21
7239,0,0,0,21
724,0,0,0,9
7240,0,0,74,292
7241,0,1,4,6219
7242,0,0,74,292
7243,0,1,4,4846
7244,0,0,0,1
7245,0,0,0,1
7246,1,2,3,63
7247,0,0,0,100
7248,0,1,1,402
7249,0,1,1,783
725,0,1,4,43
7250,0,1,63,922
7251,0,1,1,115
7252,0,0,0,5
7253,0,0,0,2
7254,0,0,19,173
7255,0,1,13,164
7256,0,0,0,206
7257,0,1,20,29
7258,0,0,0,206
7259,0,1,20,29
726,0,0,0,31
7260,0,1,13,164
7261,0,1,13,164
7262,0,1,20,29
7263,0,0,0,206
7264,0,1,13,164
7265,0,0,17,39
7266,0,0,0,268
7267,8,41,144,300
7268,0,0,0,0
7269,0,0,0,0
727,1,2,3,92
7270,0,1,39,4847
7271,2,3,31,36
7272,2,3,8,6220
7273,2,3,5,15
7274,1,2,3,3
7275,3,4,10,28
7276,2,3,11,14
7277,2,3,5,155
7278,1,2,3,3
7279,1,2,3,3
728,0,1,82,2343
7280,1,2,3,3
7281,2,3,5,134
7282,3,4,10,28
7283,0,0,0,0
7284,2,3,5,15
7285,1,2,2,4
7286,2,3,5,155
7287,1,2,2,4
7288,0,0,0,387
7289,2,3,8,4848
729,0,1,24,3334
7290,0,0,0,0
7291,0,0,0,1
7292,0,0,0,0
7293,1,2,3,3
7294,2,3,5,10
7295,1,2,7,7
7296,0,0,0,2
7297,0,0,0,0
7298,2,3,8,11
7299,1,2,3,19
73,0,0,0,9
730,1,2,2,68
7300,0,1,609,2013
7301,0,1,437,1237
7302,0,1,1,1357
7303,0,1,37,239
7304,1,2,3,92
7305,0,1,18,441
7306,0,1,4,78
7307,0,1,1,8
7308,0,1,22,270
7309,0,1,408,6221
731,0,0,0,56
7310,0,1,1,45
7311,0,1,1,96
7312,0,1,18,152
7313,0,0,0,4849
7314,0,8,32,32
7315,0,1,781,3516
7316,0,1,4,6222
7317,0,1,274,928
7318,0,1,274,1113
7319,0,1,22,479
732,0,0,0,72
7320,0,1,1,45
7321,0,6,160,529
7322,0,0,28,1498
7323,0,1,18,1496
7324,0,1,51,2470
7325,0,1,119,2277
7326,0,1,29,1499
7327,21,65,646,1497
7328,0,0,28,1498
7329,0,1,29,1499
733,3,4,10,3335
7330,0,1,51,4850
7331,0,1,14,2471
7332,0,0,0,342
7333,0,0,38,259
7334,0,96,596,1986
7335,0,0,647,6223
7336,0,0,114,4851
7337,0,0,1391,4852
7338,0,1,365,1882
7339,0,1,1,811
734,0,0,0,0
7340,0,1,18,1047
7341,0,0,0,751
7342,0,1,18,1883
7343,0,1,1,811
7344,5,26,421,1709
7345,0,1,64,1126
7346,0,1,29,6224
7347,0,0,81,2062
7348,1,2,2,1500
7349,0,1,4,314
735,1,2,7,7
7350,0,1,1,4853
7351,0,0,0,109
7352,0,27,1169,6225
7353,0,1,1,2472
7354,0,1,64,1126
7355,0,0,0,4854
7356,0,1,56,4855
7357,0,1,56,1884
7358,0,1,323,2473
7359,0,1,323,3517
736,0,1,89,435
7360,0,1,694,2474
7361,0,1,562,4856
7362,0,1,1,45
7363,0,55,451,3518
7364,0,0,254,4857
7365,0,1,1,45
7366,0,1,1,18
7367,0,1,4,760
7368,0,0,60,4858
7369,0,0,444,1258
737,0,5,23,6041
7370,0,0,46,448
7371,0,0,19,812
7372,0,0,16,887
7373,0,1,4,760
7374,0,1,12,6226
7375,0,0,19,812
7376,0,0,46,448
7377,0,1,12,2143
7378,0,1,12,767
7379,0,1,274,928
738,0,1,24,6042
7380,1,2,3,3
7381,0,0,0,2
7382,2,3,34,35
7383,0,0,16,16
7384,0,0,0,903
7385,0,0,0,21
7386,2,3,100,564
7387,1,2,9,127
7388,0,1,1,8
7389,0,1,1,38
739,1,2,9,13
7390,0,1,1,18
7391,0,8,238,581
7392,0,1,1,18
7393,0,1,14,700
7394,8,29,94,1048
7395,0,0,17,131
7396,0,0,17,131
7397,0,0,15,2475
7398,0,0,27,25
7399,1,2,2,126
74,0,1,1,8
740,1,2,9,13
7400,10,158,782,3519
7401,8,29,94,1048
7402,0,1,14,700
7403,0,0,27,25
7404,1,2,2,126
7405,0,0,15,135
7406,0,0,15,2144
7407,0,0,17,131
7408,0,0,15,2476
7409,0,0,27,25
741,0,0,6,6
7410,1,2,2,126
7411,0,1,783,3520
7412,0,0,17,6227
7413,0,1,20,29
7414,0,1,20,29
7415,2,3,11,14
7416,0,0,0,0
7417,1,2,7,7
7418,2,3,8,11
7419,2,3,272,1794
742,0,21,72,165
7420,1,2,3,3
7421,0,0,0,0
7422,1,2,2,4
7423,2,3,11,14
7424,2,3,5,15
7425,0,0,0,1
7426,2,3,5,10
7427,0,1,1,20
7428,0,0,0,2
7429,0,0,0,1
743,0,1,33,455
7430,1,2,2,40
7431,0,0,0,47
7432,0,0,0,1
7433,0,0,0,4859
7434,0,0,28,1267
7435,1,2,2,388
7436,0,1,1,65
7437,0,0,28,593
7438,0,1,4,1220
7439,0,1,1,18
744,0,1,1,8
7440,0,1,366,4860
7441,0,0,0,1
7442,0,0,28,593
7443,0,1,51,359
7444,0,1,225,410
7445,0,1,508,1501
7446,0,47,367,1885
7447,0,47,188,373
7448,0,1,276,1049
7449,0,47,188,373
745,1,2,3,3
7450,0,1,221,1528
7451,0,1,224,827
7452,0,0,0,2477
7453,0,0,0,2
7454,0,0,0,2
7455,0,0,191,786
7456,0,0,0,1
7457,2,3,146,3521
7458,0,1,1,96
7459,0,0,0,2
746,2,3,5,155
7460,0,0,0,1
7461,0,0,191,2478
7462,0,0,0,267
7463,4,20,70,76
7464,0,0,0,749
7465,1,2,2,40
7466,0,0,0,1
7467,0,0,0,1
7468,0,0,0,1
7469,0,0,229,946
747,0,0,0,0
7470,0,0,0,4861
7471,0,0,0,1
7472,1,2,2,40
7473,2,3,222,1287
7474,0,0,134,181
7475,0,0,0,327
7476,1,2,2,518
7477,1,2,2,4
7478,1,19,87,4862
7479,2,3,146,1367
748,0,1,39,156
7480,0,0,0,1
7481,0,1,13,2479
7482,2,3,5,10
7483,0,6,36,4863
7484,0,0,0,2
7485,1,2,7,7
7486,0,0,15,27
7487,0,1,1,45
7488,0,1,103,178
7489,0,0,0,1
749,1,2,2,68
7490,0,0,0,0
7491,0,0,15,27
7492,0,0,204,1192
7493,1,2,2,4
7494,0,1,1,18
7495,0,1,22,4864
7496,2,3,5,10
7497,2,3,5,745
7498,0,0,0,1
7499,1,2,2,4
75,0,8,238,1354
750,0,1,4,350
7500,0,0,0,1
7501,0,0,0,47
7502,0,1,13,977
7503,0,0,0,2
7504,0,1,120,172
7505,1,2,3,33
7506,0,0,0,47
7507,0,0,0,1
7508,2,3,5,303
7509,1,2,7,7
751,0,0,0,72
7510,1,12,43,393
7511,0,0,0,12
7512,0,0,0,0
7513,0,0,27,25
7514,1,2,2,240
7515,0,0,17,3522
7516,0,0,59,64
7517,0,0,0,375
7518,0,1,297,3523
7519,2,3,5,67
752,0,0,0,31
7520,0,0,0,2
7521,0,0,0,1
7522,1,2,7,7
7523,0,0,0,0
7524,1,2,2,4
7525,2,3,5,10
7526,1,2,3,33
7527,0,0,0,0
7528,1,2,3,3
7529,0,1,39,156
753,0,1,24,302
7530,0,0,0,0
7531,1,2,3,3
7532,1,2,2,4
7533,0,0,0,0
7534,0,0,0,1
7535,1,2,3,3
7536,0,0,0,0
7537,0,0,0,2
7538,0,0,0,0
7539,1,2,7,7
754,0,0,0,21
7540,0,1,1,8
7541,0,1,1,44
7542,0,0,0,9
7543,0,1,1,20
7544,1,2,2,17
7545,0,0,61,89
7546,0,0,16,16
7547,0,0,0,75
7548,0,0,0,1
7549,0,0,0,1
755,2,3,100,1273
7550,1,2,2,4
7551,1,2,3,63
7552,4,31,129,179
7553,1,2,2,23
7554,0,0,0,5
7555,0,0,0,2
7556,0,8,32,32
7557,0,8,32,32
7558,0,8,32,32
7559,0,8,32,32
756,1,2,2,34
7560,0,1,21,24
7561,0,1,1,20
7562,1,2,2,17
7563,1,2,9,13
7564,0,0,0,0
7565,1,2,3,276
7566,0,1,13,412
7567,0,1,13,1886
7568,0,1,13,1886
7569,0,159,784,3524
757,0,0,0,86
7570,0,1,12,3525
7571,0,1,12,2480
7572,0,1,12,2481
7573,0,1,189,2482
7574,0,11,1170,6228
7575,0,0,445,4865
7576,0,11,84,1143
7577,9,24,75,473
7578,0,11,84,3526
7579,2,3,8,6229
758,0,5,23,549
7580,2,3,8,813
7581,2,3,90,477
7582,7,15,48,3527
7583,1,2,9,2145
7584,0,0,246,534
7585,0,0,0,0
7586,0,0,0,2
7587,1,2,3,3
7588,0,0,0,0
7589,2,3,8,11
759,0,0,0,108
7590,2,3,90,256
7591,16,48,161,252
7592,2,3,8,3528
7593,2,3,8,1695
7594,2,3,8,813
7595,0,1,192,354
7596,0,1,51,136
7597,0,1,102,184
7598,2,3,34,35
7599,0,8,223,6230
76,1,2,2,17
760,0,1,12,454
7600,1,2,3,3
7601,0,0,0,2
7602,0,0,0,0
7603,1,2,2,4
7604,2,3,8,11
7605,0,0,372,1016
7606,1,2,9,26
7607,2,3,5,10
7608,2,3,8,11
7609,1,2,3,3
761,0,1,24,275
7610,0,0,0,0
7611,0,0,0,0
7612,0,0,0,31
7613,0,0,0,56
7614,4,20,70,76
7615,0,1,4,199
7616,1,2,2,4
7617,1,2,3,92
7618,0,1,1,2146
7619,0,6,73,814
762,0,5,23,274
7620,0,1,24,3529
7621,0,0,0,72
7622,0,0,138,201
7623,0,0,19,173
7624,1,2,2,68
7625,0,0,0,72
7626,0,0,0,9
7627,0,32,101,216
7628,0,0,40,6231
7629,0,0,0,31
763,0,1,4,257
7630,0,17,76,4866
7631,1,2,3,92
7632,0,1,22,4867
7633,0,1,4,3530
7634,0,0,16,16
7635,1,12,388,6232
7636,0,1,1,8
7637,2,3,34,35
7638,0,0,446,4868
7639,0,0,1392,4869
764,0,1,1,8
7640,0,0,446,4870
7641,3,4,205,487
7642,0,0,17,123
7643,0,0,38,223
7644,0,1,14,129
7645,0,0,0,48
7646,0,0,17,500
7647,0,0,15,3531
7648,0,0,15,6233
7649,0,0,57,4871
765,0,1,1,18
7650,0,0,57,397
7651,1,2,2,293
7652,1,2,2,68
7653,1,2,285,662
7654,0,0,134,181
7655,0,0,0,1
7656,0,0,0,75
7657,1,2,3,222
7658,0,0,0,2
7659,0,0,0,75
766,0,6,36,436
7660,1,2,2,4
7661,2,3,11,774
7662,1,2,7,7
7663,1,2,3,63
7664,0,5,347,1121
7665,0,1,22,1051
7666,0,1,18,1050
7667,0,1,319,4872
7668,0,1,325,1368
7669,0,1,509,1502
767,0,0,59,64
7670,0,0,0,9
7671,0,1,1,8
7672,0,0,0,9
7673,0,0,218,3532
7674,0,0,218,1306
7675,0,0,341,870
7676,0,0,218,1784
7677,0,0,0,731
7678,0,0,0,688
7679,1,2,3,3
768,0,1,1,8
7680,0,0,0,0
7681,1,2,2,4
7682,1,2,7,7
7683,0,0,0,2
7684,0,1,13,624
7685,0,0,78,212
7686,0,0,38,259
7687,0,0,6,6
7688,0,0,6,70
7689,0,0,6,6
769,0,1,1,38
7690,0,1,432,970
7691,0,1,1,8
7692,0,1,1,20
7693,0,1,21,24
7694,0,1,37,938
7695,0,1,4,49
7696,0,1,18,1503
7697,0,1,1,115
7698,0,1,4,4873
7699,3,45,194,2483
77,1,2,2,17
770,0,1,1,18
7700,3,45,194,3533
7701,0,43,162,565
7702,0,6,36,229
7703,0,6,36,229
7704,0,6,36,229
7705,0,1,4,217
7706,0,1,1,74
7707,0,1,4,30
7708,0,6,36,1887
7709,0,0,19,55
771,0,0,0,21
7710,0,1,4,940
7711,3,4,727,2147
7712,3,4,727,2147
7713,3,4,695,2271
7714,3,4,249,1369
7715,0,6,36,229
7716,0,1,4,217
7717,0,6,36,229
7718,3,4,386,815
7719,3,4,1171,6234
772,1,2,9,46
7720,12,92,1172,6235
7721,3,4,785,3534
7722,0,6,36,229
7723,0,1,141,284
7724,0,0,19,4874
7725,0,1,22,286
7726,0,8,32,32
7727,0,1,4,4875
7728,0,1,1,816
7729,0,1,4,734
773,2,3,34,35
7730,3,4,249,1369
7731,0,1,4,30
7732,0,1,22,2484
7733,0,1,1,458
7734,0,8,32,32
7735,0,8,32,32
7736,0,8,32,32
7737,0,1,4,30
7738,0,1,1,74
7739,0,1,1,929
774,0,1,1,20
7740,0,1,4,580
7741,0,1,4,550
7742,0,0,95,1504
7743,0,6,36,897
7744,0,1,4,550
7745,0,1,4,30
7746,0,6,36,229
7747,0,1,4,2485
7748,0,9,54,54
7749,0,9,54,54
775,12,40,136,189
7750,0,1,1,458
7751,0,1,1,180
7752,0,0,0,5
7753,0,0,0,5
7754,0,1,1,193
7755,0,0,0,56
7756,0,0,0,2
7757,0,1,24,196
7758,0,1,37,182
7759,0,6,73,451
776,0,7,26,22
7760,0,1,4,49
7761,2,3,90,477
7762,0,0,57,221
7763,0,0,0,326
7764,1,2,2,501
7765,0,0,0,1
7766,0,0,0,0
7767,3,4,10,588
7768,1,2,3,33
7769,0,0,0,9
777,0,13,62,147
7770,0,0,0,9
7771,1,2,2,17
7772,0,1,1,20
7773,1,2,2,17
7774,0,0,1007,2486
7775,1,25,786,3535
7776,0,0,0,5
7777,3,4,368,4876
7778,0,1,1,8
7779,0,1,29,149
778,0,7,26,22
7780,0,0,47,73
7781,0,1,33,112
7782,0,1,22,1658
7783,0,1,1,18
7784,0,1,21,111
7785,0,1,20,29
7786,1,2,9,13
7787,1,2,9,26
7788,0,0,0,168
7789,0,0,0,2
779,0,7,26,22
7790,0,0,27,25
7791,1,2,9,26
7792,0,0,0,168
7793,1,2,9,26
7794,0,0,0,168
7795,0,0,0,2
7796,0,0,27,25
7797,0,0,27,25
7798,0,0,0,0
7799,0,0,0,2
78,0,43,991,2330
780,0,13,62,203
7800,0,0,0,1
7801,1,2,3,3
7802,0,0,0,0
7803,1,2,2,4
7804,1,12,43,401
7805,1,2,7,6236
7806,1,2,3,3
7807,0,1,39,449
7808,0,0,0,1
7809,1,2,3,3
781,0,7,26,22
7810,0,0,0,2
7811,0,0,0,0
7812,1,2,7,7
7813,0,1,1,1007
7814,0,0,0,1259
7815,0,0,0,5
7816,0,0,28,932
7817,0,1,4,6237
7818,0,1,4,940
7819,0,0,0,5
782,0,7,26,22
7820,13,37,107,6238
7821,0,0,60,567
7822,0,0,447,1888
7823,0,0,289,934
7824,0,0,0,103
7825,14,38,187,2487
7826,14,38,187,2488
7827,0,0,0,9
7828,0,0,60,703
7829,0,1,12,137
783,0,7,26,22
7830,0,52,173,253
7831,0,0,0,1057
7832,0,1,12,167
7833,0,0,17,2489
7834,0,0,0,128
7835,0,0,0,103
7836,0,1,176,566
7837,0,1,12,137
7838,0,0,0,103
7839,0,0,0,9
784,0,13,62,147
7840,0,0,60,567
7841,0,52,173,253
7842,1,2,9,46
7843,0,0,0,21
7844,2,3,112,409
7845,0,1,106,241
7846,0,0,0,2
7847,1,2,2,40
7848,0,0,0,1
7849,0,1,14,50
785,0,1,1,104
7850,3,4,10,28
7851,0,0,0,2
7852,0,0,0,0
7853,1,2,7,7
7854,2,3,8,11
7855,1,2,3,3
7856,0,0,0,0
7857,1,2,2,4
7858,2,3,11,14
7859,1,2,7,7
786,0,8,32,32
7860,0,0,0,0
7861,0,0,0,2
7862,0,0,0,1
7863,1,2,3,3
7864,0,0,0,0
7865,1,2,2,4
7866,0,0,16,16
7867,0,0,0,463
7868,0,0,0,463
7869,0,1,1,180
787,0,1,4,162
7870,0,6,36,2490
7871,0,1,103,178
7872,0,1,228,6239
7873,0,1,120,172
7874,1,2,2,4
7875,0,0,0,0
7876,0,0,0,1
7877,1,2,3,3
7878,1,2,3,3
7879,0,0,0,2
788,2,3,34,35
7880,0,0,0,0
7881,1,2,7,7
7882,0,0,0,0
7883,4,18,198,3536
7884,0,1,4,132
7885,0,1,24,200
7886,0,1,1,8
7887,3,4,10,69
7888,0,1,14,50
7889,3,4,10,502
789,0,7,26,22
7890,0,1,1,44
7891,0,1,1,8
7892,0,1,1,2491
7893,0,0,0,5
7894,0,1,1,44
7895,0,1,1,8
7896,2,3,11,14
7897,2,3,31,36
7898,2,3,8,11
7899,1,2,3,3
79,2,3,5,134
790,0,7,26,22
7900,0,0,0,0
7901,1,2,2,4
7902,3,4,10,28
7903,2,3,5,1889
7904,0,0,0,1
7905,1,2,130,3537
7906,0,0,0,2
7907,0,0,0,5
7908,1,2,69,84
7909,2,3,5,155
791,0,13,62,203
7910,3,4,10,28
7911,1,2,2,4
7912,1,2,3,3
7913,1,2,3,3
7914,2,3,5,134
7915,0,0,0,0
7916,2,3,5,15
7917,0,1,4,257
7918,0,1,24,275
7919,0,5,23,274
792,0,1,154,607
7920,0,0,0,0
7921,0,1,319,6240
7922,0,1,18,1050
7923,0,1,22,1051
7924,0,1,325,1368
7925,0,5,347,1121
7926,0,1,1,18
7927,0,1,1,8
7928,0,1,1,6241
7929,0,1,1,8
793,0,1,18,742
7930,0,1,33,210
7931,0,1,63,120
7932,0,1,1,18
7933,0,1,51,136
7934,0,1,192,354
7935,0,1,346,663
7936,0,1,1,8
7937,0,1,22,309
7938,0,1,4,4877
7939,7,15,48,66
794,0,1,18,152
7940,0,0,0,2
7941,0,0,0,5
7942,0,0,40,2148
7943,0,1,14,85
7944,0,1,58,445
7945,0,0,0,1
7946,1,2,3,63
7947,0,0,0,100
7948,0,0,16,16
7949,2,3,8,3538
795,0,1,1,8
7950,0,0,563,4878
7951,0,0,52,52
7952,1,2,53,53
7953,0,0,17,39
7954,0,0,45,71
7955,0,1,361,877
7956,0,1,14,90
7957,0,0,17,39
7958,0,1,1,8
7959,0,1,1,18
796,0,1,155,357
7960,0,1,1,18
7961,0,1,1,8
7962,0,0,0,4879
7963,1,2,2,23
7964,0,0,17,39
7965,0,0,52,52
7966,1,2,53,53
7967,0,1,14,90
7968,0,0,45,71
7969,0,0,0,5
797,0,1,18,547
7970,2,3,5,134
7971,0,0,0,0
7972,3,4,10,28
7973,1,2,3,3
7974,1,2,3,3
7975,0,1,4,49
7976,0,5,23,1890
7977,0,0,0,31
7978,0,1,37,713
7979,2,3,5,67
798,0,1,155,357
7980,1,2,7,7
7981,0,0,0,0
7982,2,3,5,10
7983,1,2,3,33
7984,0,0,0,2
7985,0,0,0,0
7986,2,3,5,10
7987,1,2,2,4
7988,0,0,0,0
7989,0,0,0,0
799,0,1,155,357
7990,1,2,2,4
7991,0,0,0,1
7992,0,0,0,2
7993,2,3,5,67
7994,1,2,3,33
7995,0,0,0,1
7996,2,3,5,67
7997,2,3,8,817
7998,0,0,0,0
7999,1,2,3,33
8,1,2,3,3
80,1,2,3,3
800,0,1,155,357
8000,2,3,5,15
8001,1,2,7,7
8002,0,0,0,0
8003,2,3,5,10
8004,0,0,0,0
8005,0,1,24,2492
8006,0,1,29,51
8007,0,1,4,78
8008,0,1,37,158
8009,0,1,1,8
801,0,1,155,357
8010,0,0,0,0
8011,0,0,0,0
8012,1,2,3,3
8013,0,1,4,49
8014,0,0,0,462
8015,0,0,0,31
8016,1,2,2,34
8017,0,1,411,6242
8018,0,0,0,56
8019,0,0,0,109
802,0,1,155,357
8020,0,1,346,663
8021,0,8,32,32
8022,0,1,102,184
8023,0,1,192,354
8024,0,1,51,136
8025,0,0,6,6
8026,1,2,2,23
8027,0,0,0,2
8028,7,15,48,66
8029,0,0,0,5
803,0,1,155,357
8030,0,0,0,0
8031,1,2,2,4
8032,2,3,31,36
8033,1,2,7,7
8034,2,3,5,15
8035,0,0,0,0
8036,1,2,3,3
8037,2,3,8,11
8038,2,3,34,35
8039,3,4,10,1052
804,0,1,20,29
8040,0,1,599,6243
8041,1,2,2,34
8042,4,20,70,76
8043,0,1,1,3539
8044,0,0,0,9
8045,0,1,1,115
8046,0,1,1,402
8047,0,1,12,818
8048,0,0,0,0
8049,1,2,3,19
805,0,0,0,1333
8050,2,3,5,10
8051,1,2,7,7
8052,0,0,0,1
8053,1,25,186,4880
8054,0,0,45,71
8055,0,0,0,0
8056,0,0,0,1
8057,0,1,58,6244
8058,2,3,5,10
8059,0,0,52,52
806,0,0,0,262
8060,1,2,53,53
8061,2,3,8,1313
8062,0,0,17,39
8063,1,2,7,7
8064,10,61,236,561
8065,2,3,8,194
8066,0,0,0,0
8067,1,2,2,4
8068,2,3,5,10
8069,0,1,42,130
807,0,0,0,102
8070,0,6,493,3540
8071,1,2,3,3
8072,0,0,0,1
8073,0,0,0,1
8074,1,2,3,1505
8075,2,3,8,389
8076,0,0,0,0
8077,2,3,8,1099
8078,2,3,5,10
8079,1,2,3,19
808,0,5,23,323
8080,1,2,2,4
8081,1,2,2,4
8082,0,0,0,0
8083,0,1,340,2149
8084,0,0,0,1
8085,0,1,280,801
8086,0,0,0,1
8087,1,2,3,19
8088,2,3,5,10
8089,0,0,0,277
809,0,0,0,2
8090,1,2,2,4
8091,0,0,0,0
8092,0,0,0,0
8093,0,0,0,1
8094,0,0,0,0
8095,0,0,15,27
8096,0,0,204,1192
8097,0,0,6,6
8098,0,1,4,509
8099,0,1,91,144
81,1,2,3,3
810,0,8,32,32
8100,0,0,0,5
8101,1,2,9,13
8102,0,0,61,89
8103,0,0,0,5
8104,1,2,2,23
8105,7,15,48,6245
8106,0,0,0,2
8107,2,3,34,35
8108,1,2,9,46
8109,0,0,0,21
811,0,1,1,8
8110,1,2,9,127
8111,0,0,0,21
8112,1,2,9,46
8113,1,2,9,127
8114,0,0,0,21
8115,0,0,0,21
8116,1,2,9,1031
8117,1,2,9,127
8118,0,0,0,21
8119,0,0,0,21
812,0,0,0,9
8120,0,0,0,21
8121,6,14,184,305
8122,0,0,0,21
8123,1,2,9,46
8124,1,2,2,17
8125,2,3,111,150
8126,0,1,1,20
8127,0,1,21,24
8128,0,0,0,9
8129,1,2,2,17
813,0,1,4,43
8130,0,0,0,9
8131,0,1,1,20
8132,0,1,21,24
8133,0,0,0,9
8134,0,1,1,20
8135,0,1,21,24
8136,0,1,1,20
8137,1,2,2,17
8138,0,0,0,9
8139,1,2,2,17
814,0,1,13,983
8140,0,1,21,24
8141,0,1,1,20
8142,0,0,0,9
8143,1,2,2,17
8144,0,0,0,9
8145,0,1,1,20
8146,0,1,21,24
8147,0,0,0,2
8148,0,0,0,1
8149,1,2,3,3
815,0,17,76,832
8150,0,0,0,0
8151,1,2,2,4
8152,1,2,3,19
8153,2,3,5,10
8154,0,0,0,0
8155,0,0,0,0
8156,0,0,17,532
8157,0,0,0,5
8158,0,0,0,2
8159,1,2,9,13
816,0,0,17,982
8160,0,0,17,123
8161,0,1,14,484
8162,3,4,10,1052
8163,0,0,0,1
8164,0,0,0,47
8165,0,0,0,1
8166,0,0,0,47
8167,0,0,0,2
8168,0,0,0,1
8169,0,0,0,1
817,0,0,455,2344
8170,0,0,0,47
8171,1,2,2,17
8172,0,0,0,9
8173,0,1,1,20
8174,1,2,7,7
8175,0,0,0,0
8176,2,3,5,10
8177,2,3,222,707
8178,0,1,20,29
8179,0,0,6,6
818,0,1,4,162
8180,0,1,1,8
8181,0,0,6,6
8182,1,2,7,7
8183,2,3,8,188
8184,0,1,25,224
8185,0,1,25,224
8186,0,1,25,101
8187,0,1,25,121
8188,0,1,25,224
8189,0,1,25,101
819,0,1,1,104
8190,1,2,130,571
8191,0,0,27,25
8192,1,2,2,126
8193,0,0,57,828
8194,0,1,1393,4881
8195,8,41,144,2493
8196,6,14,122,3541
8197,3,4,787,3542
8198,3,160,788,3543
8199,0,0,15,135
82,0,0,0,0
820,0,0,0,2
8200,8,190,1008,2494
8201,0,0,0,2
8202,0,0,0,37
8203,1,2,2,23
8204,1,2,2,34
8205,4,20,70,76
8206,0,0,0,98
8207,0,0,239,406
8208,0,0,15,739
8209,1,2,2,68
821,2,3,5,303
8210,0,0,15,116
8211,1,12,43,803
8212,4,20,70,76
8213,1,2,2,34
8214,0,0,0,98
8215,0,0,0,0
8216,0,0,134,181
8217,1,2,2,68
8218,1,12,43,803
8219,0,0,239,406
822,1,2,7,7
8220,0,0,15,739
8221,0,0,15,116
8222,1,2,2,34
8223,0,0,28,61
8224,0,0,28,61
8225,0,0,28,119
8226,0,0,0,98
8227,18,49,164,244
8228,11,28,80,97
8229,2,3,5,41
823,0,0,0,1
8230,3,4,10,28
8231,1,2,7,7
8232,1,2,3,3
8233,0,0,0,0
8234,1,2,2,4
8235,0,0,0,0
8236,2,3,8,11
8237,2,3,11,80
8238,2,3,31,36
8239,0,1,89,435
824,0,0,0,47
8240,1,2,9,87
8241,0,0,171,379
8242,0,0,79,1506
8243,0,0,79,1506
8244,0,0,0,238
8245,4,31,129,179
8246,1,2,2,40
8247,0,1,4,1507
8248,0,0,0,31
8249,0,1,18,6246
825,0,0,0,12
8250,0,1,125,2495
8251,0,0,138,201
8252,0,32,101,819
8253,0,32,101,216
8254,0,0,138,201
8255,0,32,101,216
8256,0,32,101,1053
8257,0,0,138,201
8258,0,0,138,201
8259,0,32,101,216
826,0,0,15,27
8260,0,32,101,216
8261,0,0,138,201
8262,2,3,90,4882
8263,0,1,4,1054
8264,0,1,1,1508
8265,0,0,0,0
8266,1,2,2,4
8267,1,2,3,3
8268,1,2,7,7
8269,2,3,8,11
827,0,0,0,2
8270,0,0,0,0
8271,0,0,45,3544
8272,0,0,0,731
8273,0,1,1173,6247
8274,0,1,1009,2496
8275,0,1,245,510
8276,0,0,0,4883
8277,0,1,13,412
8278,0,1,13,977
8279,0,1,14,411
828,0,0,0,2
8280,0,0,123,374
8281,1,2,2,900
8282,0,1,12,3545
8283,4,191,1010,2497
8284,0,10,30,2498
8285,0,1,13,412
8286,2,3,132,664
8287,0,0,0,2499
8288,0,1,13,4884
8289,4,18,172,1260
829,1,2,3,3
8290,0,0,0,128
8291,2,3,132,1509
8292,0,9,696,2500
8293,0,9,268,1055
8294,2,3,132,664
8295,2,3,132,664
8296,0,0,40,925
8297,2,3,132,3546
8298,0,1,14,411
8299,0,1,13,1891
83,2,3,8,620
830,0,0,0,0
8300,0,1,13,4885
8301,0,1,13,1891
8302,4,18,172,1260
8303,0,1,13,6248
8304,0,1,14,411
8305,0,0,0,170
8306,0,0,40,925
8307,0,1,14,411
8308,0,1,14,411
8309,2,3,132,1509
831,0,0,0,0
8310,0,0,0,128
8311,2,3,132,664
8312,0,1,14,411
8313,4,18,172,1260
8314,0,0,0,128
8315,0,5,23,661
8316,0,0,0,31
8317,0,1,4,43
8318,0,1,24,447
8319,0,1,82,6249
832,0,0,0,1
8320,0,1,103,178
8321,0,0,0,2
8322,0,0,0,102
8323,0,1,22,6250
8324,0,1,1,8
8325,1,2,3,4886
8326,1,2,9,13
8327,0,0,6,6
8328,0,1,1,1575
8329,0,1,1,44
833,1,2,3,33
8330,0,1,1,8
8331,0,1,4,408
8332,0,0,0,88
8333,0,0,17,500
8334,0,0,57,1045
8335,1,2,2,293
8336,0,0,0,0
8337,0,1,1,18
8338,0,1,4,4887
8339,0,1,22,1510
834,0,0,0,1
8340,0,6,1011,2501
8341,0,0,108,1322
8342,2,3,131,190
8343,0,1,1,8
8344,0,1,18,930
8345,0,1,1,8
8346,0,1,4,199
8347,0,1,24,1511
8348,0,0,0,31
8349,0,1,1,8
835,0,0,0,0
8350,0,1,18,930
8351,0,1,21,111
8352,0,1,1,8
8353,0,1,33,112
8354,0,0,0,185
8355,0,1,4,57
8356,0,0,47,73
8357,0,1,1,8
8358,0,0,0,9
8359,0,1,1,8
836,0,0,0,3336
8360,0,0,0,9
8361,0,0,0,5
8362,0,0,0,2
8363,0,1,4,199
8364,0,1,24,1511
8365,0,0,0,31
8366,0,0,0,1
8367,0,0,0,47
8368,0,1,1,18
8369,0,0,0,2
837,0,0,0,12
8370,0,0,0,37
8371,0,0,0,2
8372,1,2,2,23
8373,0,0,0,5
8374,0,1,155,711
8375,0,1,155,2150
8376,0,0,16,16
8377,0,1,102,184
8378,0,1,192,354
8379,0,1,51,136
838,2,3,8,233
8380,0,0,0,0
8381,2,3,8,11
8382,0,0,0,0
8383,1,2,3,3
8384,2,3,5,10
8385,0,1,22,372
8386,0,1,33,481
8387,0,1,1,1261
8388,0,1,1,115
8389,0,1,4,57
839,1,2,3,91
8390,0,1,1,8
8391,1,2,3,19
8392,1,2,2,4
8393,0,0,0,0
8394,0,0,0,1
8395,0,0,0,109
8396,1,2,7,7
8397,0,0,16,16
8398,7,15,48,265
8399,1,2,9,606
84,2,3,8,3315
840,0,1,39,3337
8400,0,0,15,27
8401,0,0,0,0
8402,0,0,59,64
8403,0,1,1,8
8404,1,2,9,4888
8405,0,0,0,1
8406,2,3,11,14
8407,1,2,3,91
8408,0,0,0,2
8409,1,2,2,4
841,1,2,2,4
8410,0,0,0,12
8411,1,2,7,7
8412,2,3,5,41
8413,0,0,19,55
8414,0,1,4,214
8415,0,1,1,8
8416,0,1,1,18
8417,3,4,67,99
8418,0,0,46,94
8419,0,1,1,18
842,2,3,11,14
8420,0,1,22,245
8421,0,1,1,237
8422,0,1,1,8
8423,0,1,110,747
8424,3,4,10,6251
8425,1,2,3,1056
8426,0,0,138,201
8427,0,0,40,677
8428,0,17,789,3547
8429,0,0,40,4889
843,3,4,10,917
8430,0,0,57,828
8431,0,32,101,216
8432,0,0,38,6252
8433,0,0,0,0
8434,1,2,3,3
8435,0,0,0,0
8436,0,0,0,1
8437,0,0,0,0
8438,1,2,3,276
8439,0,1,89,2502
844,0,0,0,5
8440,0,0,0,102
8441,1,2,2,4
8442,0,0,0,0
8443,1,2,3,3
8444,2,3,8,11
8445,1,2,7,7
8446,0,0,0,0
8447,0,0,0,262
8448,2,3,31,36
8449,2,3,5,15
845,0,0,16,16
8450,0,0,123,4890
8451,0,0,0,9
8452,1,2,2,23
8453,0,0,0,5
8454,0,0,0,2
8455,0,0,15,140
8456,0,0,0,2
8457,1,2,2,40
8458,0,0,0,1
8459,1,2,3,33
846,3,4,10,905
8460,3,4,10,1211
8461,0,0,0,0
8462,2,3,5,10
8463,0,1,4,132
8464,0,0,16,16
8465,1,23,145,230
8466,1,39,152,283
8467,3,4,10,3548
8468,2,3,11,14
8469,0,0,0,1
847,0,0,0,2
8470,0,0,0,0
8471,1,2,7,7
8472,0,0,0,2
8473,1,2,3,3
8474,0,0,0,0
8475,1,2,2,4
8476,3,4,10,28
8477,2,3,5,41
8478,0,1,39,58
8479,1,2,3,3
848,0,0,0,5
8480,0,0,0,378
8481,0,0,407,1022
8482,0,0,40,4891
8483,0,17,76,2503
8484,2,3,8,1137
8485,1,2,7,7
8486,0,0,0,12
8487,1,2,3,3
8488,1,2,3,3
8489,2,3,5,134
849,1,2,9,26
8490,0,0,0,0
8491,0,0,0,5
8492,0,0,0,5
8493,1,2,9,26
8494,0,0,0,2
8495,0,1,1,38
8496,0,1,1,6253
8497,0,1,29,51
8498,0,0,0,9
8499,0,1,39,449
85,3,4,10,28
850,0,0,0,37
8500,1,2,3,3
8501,0,0,0,0
8502,0,0,0,1
8503,1,2,7,7
8504,0,0,0,2
8505,0,0,0,2
8506,0,1,20,6254
8507,0,1,1,8
8508,0,1,1,44
8509,0,1,141,284
851,0,1,151,228
8510,0,0,0,5
8511,7,15,48,66
8512,1,2,9,26
8513,0,0,0,37
8514,0,0,0,5
8515,0,0,0,2
8516,1,2,2,23
8517,1,2,9,13
8518,0,1,14,85
8519,3,4,10,243
852,0,1,85,113
8520,8,29,94,405
8521,0,1,13,2504
8522,0,0,15,140
8523,1,2,2,23
8524,0,0,0,2
8525,0,0,0,5
8526,0,0,0,4892
8527,0,0,516,1546
8528,2,3,5,10
8529,1,2,2,4
853,0,1,128,191
8530,0,0,0,0
8531,1,2,3,3
8532,1,2,7,7
8533,2,3,8,11
8534,0,0,0,0
8535,0,32,101,810
8536,1,2,7,7
8537,2,3,5,15
8538,2,3,5,10
8539,18,49,164,244
854,0,1,119,209
8540,11,28,80,97
8541,2,3,5,41
8542,1,2,2,4
8543,0,0,0,0
8544,1,2,3,3
8545,2,3,11,80
8546,2,3,8,11
8547,1,2,7,7
8548,0,0,0,0
8549,2,3,31,36
855,0,1,1,65
8550,0,8,223,904
8551,0,8,223,904
8552,3,4,10,3549
8553,3,4,10,1291
8554,2,51,170,2137
8555,0,0,0,5
8556,0,0,0,1
8557,0,1,106,241
8558,0,1,106,3550
8559,0,1,13,498
856,0,1,547,4679
8560,0,0,27,25
8561,0,0,1174,6255
8562,0,0,59,64
8563,0,0,0,5
8564,0,0,0,2
8565,0,1,13,2296
8566,0,1,13,2296
8567,0,0,0,2
8568,1,2,3,3
8569,0,0,0,0
857,0,1,18,2345
8570,1,2,2,4
8571,2,3,8,11
8572,1,2,7,7
8573,0,161,790,3551
8574,0,0,234,2505
8575,0,0,0,862
8576,1,12,1175,6256
8577,24,162,791,3552
8578,0,1,12,137
8579,0,1,12,931
858,0,1,12,918
8580,5,46,1012,2506
8581,0,1,12,2507
8582,0,1,12,294
8583,0,1,12,918
8584,0,0,320,4893
8585,0,0,0,9
8586,0,0,0,2
8587,0,1,1,8
8588,0,0,0,5
8589,0,0,0,5
859,0,5,49,1920
8590,0,0,0,2
8591,0,0,15,140
8592,1,2,2,23
8593,0,0,16,16
8594,3,4,10,320
8595,0,0,0,183
8596,2,34,99,422
8597,0,0,77,142
8598,1,2,9,2508
8599,1,2,9,87
86,1,2,2,4
860,0,5,49,2346
8600,0,0,6,6
8601,0,1,4,4894
8602,0,1,71,202
8603,2,3,111,150
8604,1,2,2,17
8605,0,1,21,24
8606,0,0,0,9
8607,0,1,21,24
8608,0,1,1,20
8609,0,0,0,9
861,0,1,18,2107
8610,1,2,2,17
8611,1,2,2,17
8612,0,1,1,20
8613,0,1,21,24
8614,0,0,0,9
8615,0,1,1,20
8616,0,1,21,24
8617,0,1,1,20
8618,0,0,0,5
8619,0,1,21,24
862,0,1,366,3338
8620,0,1,1,608
8621,1,2,2,17
8622,0,0,0,9
8623,0,1,1,20
8624,1,2,2,17
8625,2,3,111,150
8626,0,1,21,24
8627,0,1,1,20
8628,0,0,0,9
8629,0,0,0,9
863,0,5,49,2347
8630,0,1,21,24
8631,1,2,2,17
8632,0,1,21,24
8633,0,1,1,20
8634,0,1,1,20
8635,0,1,1,20
8636,0,1,1,44
8637,0,1,1,8
8638,0,1,21,24
8639,0,0,0,9
864,0,1,4,2053
8640,0,1,1,20
8641,0,0,0,9
8642,0,1,29,51
8643,0,1,33,543
8644,0,1,306,2509
8645,0,0,293,3553
8646,0,0,0,0
8647,1,2,3,63
8648,0,0,0,1
8649,0,0,0,75
865,0,1,85,113
8650,0,0,0,0
8651,1,2,3,33
8652,2,3,31,297
8653,1,2,2,23
8654,0,0,0,5
8655,0,0,0,37
8656,0,0,0,2
8657,0,11,140,1665
8658,1,2,9,87
8659,0,0,27,25
866,0,1,119,209
8660,0,1,106,4895
8661,0,0,0,361
8662,2,51,170,779
8663,2,51,170,997
8664,0,1,1,20
8665,0,1,21,24
8666,0,0,0,9
8667,0,1,21,24
8668,2,3,111,150
8669,1,2,2,17
867,0,1,1,65
8670,0,0,0,9
8671,0,1,1,20
8672,0,1,1,20
8673,0,1,1,18
8674,0,1,1,8
8675,0,1,29,149
8676,0,1,21,111
8677,0,1,33,112
8678,0,0,47,73
8679,1,2,2,17
868,0,1,151,228
8680,1,2,2,17
8681,0,0,0,9
8682,0,1,1,20
8683,0,1,1,20
8684,0,1,21,24
8685,0,1,21,24
8686,1,2,2,17
8687,0,1,1,20
8688,0,0,0,9
8689,0,1,21,24
869,0,1,128,191
8690,0,1,1,20
8691,1,2,2,17
8692,0,1,1,20
8693,0,0,0,9
8694,0,0,0,9
8695,0,1,18,665
8696,0,0,0,9
8697,1,2,2,17
8698,0,1,1,20
8699,0,1,1,20
87,2,3,5,155
870,0,0,0,12
8700,0,1,21,24
8701,1,2,3,3
8702,0,0,0,0
8703,0,1,1,20
8704,0,1,1,20
8705,1,2,2,17
8706,0,0,0,9
8707,0,0,0,9
8708,0,1,1,902
8709,0,1,1,608
871,0,0,0,12
8710,0,1,21,24
8711,0,1,1,20
8712,0,1,1,20
8713,0,0,47,2510
8714,0,1,1,8
8715,0,1,22,245
8716,0,1,501,6257
8717,0,1,21,24
8718,0,1,1,8
8719,0,1,29,149
872,0,0,0,2
8720,0,1,21,111
8721,0,1,1,18
8722,0,1,33,112
8723,0,0,47,73
8724,0,1,1,8
8725,0,1,1,18
8726,0,1,21,111
8727,0,1,33,112
8728,0,1,1,237
8729,0,0,47,73
873,1,2,7,7
8730,0,1,29,149
8731,0,1,1,20
8732,0,0,0,9
8733,1,2,2,17
8734,2,3,111,150
8735,1,2,2,17
8736,2,3,111,150
8737,0,0,0,9
8738,0,1,21,24
8739,0,1,18,665
874,1,2,3,91
8740,0,1,21,24
8741,0,1,18,665
8742,0,1,21,24
8743,0,1,1,20
8744,0,1,1,20
8745,0,0,0,9
8746,1,2,9,13
8747,0,0,15,140
8748,1,2,2,23
8749,1,25,186,1892
875,1,2,3,114
8750,0,0,0,5
8751,0,0,0,2
8752,0,1,18,430
8753,0,32,101,819
8754,0,0,138,201
8755,0,1,115,234
8756,1,2,9,13
8757,0,0,6,6
8758,2,3,90,4896
8759,0,0,0,0
876,2,3,11,14
8760,0,0,0,1
8761,0,0,0,2
8762,0,0,0,163
8763,0,0,6,107
8764,0,0,6,70
8765,0,0,6,70
8766,0,0,6,6
8767,0,0,17,1217
8768,0,0,0,1
8769,0,0,0,2
877,0,1,745,3339
8770,0,0,0,2
8771,0,1,22,675
8772,0,0,19,255
8773,0,0,28,932
8774,0,0,0,2
8775,0,0,0,1
8776,3,4,1013,2511
8777,0,0,0,271
8778,1,2,2,40
8779,1,19,87,611
878,0,0,28,2348
8780,0,0,0,3554
8781,0,1,265,6258
8782,0,0,0,2512
8783,0,0,0,4897
8784,0,0,0,4898
8785,0,0,0,103
8786,0,0,0,9
8787,1,2,2,2513
8788,0,0,0,9
8789,0,0,0,9
879,49,249,1363,4680
8790,0,85,370,3555
8791,0,0,0,187
8792,0,0,0,9
8793,0,0,52,52
8794,1,2,53,3556
8795,0,1,176,566
8796,51,257,1394,4899
8797,0,0,0,2
8798,0,0,0,5
8799,1,2,9,26
88,2,3,5,15
880,4,31,746,3340
8800,0,55,321,1893
8801,1,2,2,3557
8802,0,0,0,103
8803,0,1,25,159
8804,0,0,0,187
8805,0,90,1014,2514
8806,0,0,207,6259
8807,0,0,0,9
8808,0,1,179,667
8809,5,163,792,3558
881,0,0,6,2108
8810,0,0,0,128
8811,0,52,173,253
8812,0,0,60,820
8813,0,0,60,567
8814,0,1,176,6260
8815,0,0,0,9
8816,0,1,176,4900
8817,0,1,345,2151
8818,0,0,17,304
8819,0,0,0,1057
882,0,0,0,2
8820,0,1,12,1058
8821,0,1,25,159
8822,0,0,0,268
8823,0,52,173,253
8824,14,38,187,3559
8825,14,38,187,4901
8826,0,1,12,167
8827,0,1,176,1262
8828,0,1,12,1058
8829,0,0,60,567
883,0,0,0,12
8830,0,0,0,2515
8831,0,0,15,3560
8832,2,164,793,3561
8833,0,0,0,5
8834,0,0,60,512
8835,0,0,794,3562
8836,0,1,12,4902
8837,0,1,12,3563
8838,0,1,25,568
8839,0,1,12,167
884,2,3,11,14
8840,0,0,0,688
8841,0,0,1395,4903
8842,0,1,12,167
8843,0,10,30,175
8844,0,1,12,167
8845,0,0,27,25
8846,0,0,15,328
8847,1,2,2,240
8848,0,0,419,866
8849,0,52,173,253
885,1,2,3,3
8850,0,0,60,820
8851,0,0,60,512
8852,1,2,2,2516
8853,0,0,0,103
8854,2,3,1396,4904
8855,2,3,795,3564
8856,0,0,0,103
8857,0,0,41,1059
8858,0,1,12,137
8859,0,0,41,4905
886,0,0,0,0
8860,0,0,17,304
8861,34,135,648,1512
8862,0,1,12,167
8863,0,0,412,823
8864,1,2,2,1060
8865,1,2,369,1895
8866,0,1,12,137
8867,0,0,398,3565
8868,0,1,179,667
8869,0,1,12,4906
887,1,2,7,7
8870,0,0,275,1894
8871,1,2,2,852
8872,0,0,81,1370
8873,0,1,12,1513
8874,0,1,264,2517
8875,0,1,264,3566
8876,0,0,0,1
8877,0,1,264,2518
8878,0,0,289,3567
8879,0,0,0,9
888,0,0,0,5
8880,0,11,649,6261
8881,9,42,237,3568
8882,0,11,241,4907
8883,9,42,237,3569
8884,0,0,17,304
8885,0,0,41,666
8886,0,0,17,304
8887,0,0,41,666
8888,0,0,0,103
8889,0,0,17,304
889,0,0,0,2
8890,0,0,0,2519
8891,0,0,1015,2520
8892,1,2,53,2521
8893,0,1,12,137
8894,0,0,41,3570
8895,0,0,41,728
8896,0,1,176,566
8897,0,0,41,1059
8898,0,1,12,933
8899,0,0,60,512
89,0,0,114,875
890,0,0,0,5
8900,0,52,173,253
8901,0,0,60,820
8902,0,1,179,667
8903,0,1,176,566
8904,0,0,81,821
8905,0,95,564,1896
8906,0,0,412,823
8907,0,0,510,6262
8908,0,1,12,167
8909,0,1,12,1371
891,1,2,2,23
8910,0,1,12,1371
8911,5,46,448,4908
8912,0,1,12,933
8913,0,52,173,253
8914,0,1,12,3571
8915,19,147,690,3572
8916,0,0,207,822
8917,0,1,345,2151
8918,0,0,17,304
8919,0,1,179,1514
892,1,2,2,23
8920,0,1,12,933
8921,0,0,60,512
8922,0,1,176,1262
8923,0,52,173,253
8924,0,0,60,820
8925,0,0,60,567
8926,0,0,275,1894
8927,0,0,0,9
8928,0,1,12,294
8929,0,0,0,9
893,0,0,0,5
8930,0,0,0,128
8931,0,1,179,1514
8932,44,192,1016,2522
8933,0,0,0,128
8934,0,1,176,566
8935,0,1,12,167
8936,0,1,12,312
8937,0,1,12,167
8938,0,0,447,2523
8939,0,1,12,137
894,0,0,0,2
8940,0,1,12,1271
8941,0,1,12,4909
8942,0,1,12,3573
8943,0,0,17,2524
8944,0,1,796,3574
8945,0,1,12,167
8946,0,1,12,137
8947,0,0,41,1301
8948,0,0,45,71
8949,0,0,52,4910
895,0,0,104,171
8950,0,1,25,568
8951,0,52,173,253
8952,0,0,41,728
8953,0,0,17,6263
8954,0,0,289,934
8955,0,1,12,294
8956,0,0,650,3575
8957,0,85,370,3576
8958,0,0,0,9
8959,0,85,370,6264
896,0,0,15,140
8960,0,0,0,9
8961,0,1,12,167
8962,0,1,12,2525
8963,0,1,12,167
8964,0,11,140,6265
8965,0,0,510,2152
8966,0,0,728,3577
8967,1,2,369,1895
8968,0,0,412,823
8969,1,2,2,1060
897,0,0,0,2
8970,1,2,2,1263
8971,0,0,81,821
8972,0,0,1017,2526
8973,0,1,12,1371
8974,0,0,207,822
8975,0,1,12,3578
8976,0,52,173,253
8977,0,52,173,253
8978,0,0,60,512
8979,0,1,12,312
898,0,0,0,5
8980,0,0,207,1515
8981,0,1,12,137
8982,0,0,60,3579
8983,0,1,12,137
8984,0,0,0,128
8985,0,1,12,2527
8986,0,1,12,312
8987,0,1,1018,2528
8988,0,95,564,1896
8989,1,2,369,6266
899,1,74,643,3341
8990,1,2,2,4911
8991,0,0,81,821
8992,1,2,2,1263
8993,0,0,728,3580
8994,0,1,12,167
8995,0,1,12,167
8996,0,1,12,137
8997,1,2,2,6267
8998,0,0,1397,4912
8999,0,193,1019,2529
9,2,3,5,134
90,2,3,34,35
900,0,0,0,5
9000,1,2,2,1263
9001,0,95,1176,6268
9002,1,2,369,3581
9003,0,0,81,821
9004,0,0,1020,2530
9005,0,0,650,6269
9006,0,0,326,2531
9007,0,85,370,4913
9008,0,1,265,2532
9009,0,1,12,294
901,0,0,0,2
9010,0,0,0,128
9011,0,1,12,167
9012,0,0,207,2171
9013,0,1,12,167
9014,0,0,412,823
9015,0,0,510,2152
9016,1,2,2,1060
9017,0,1,265,2533
9018,0,0,0,1927
9019,0,1,12,167
902,0,1,21,4681
9020,0,1,413,1516
9021,0,1,12,137
9022,0,0,289,934
9023,0,0,378,6270
9024,0,1,12,137
9025,0,0,57,2008
9026,0,0,0,9
9027,0,0,0,128
9028,0,0,60,1697
9029,0,1,25,159
903,0,1,22,2349
9030,0,0,289,934
9031,0,1,1177,6271
9032,0,0,0,2534
9033,0,1,25,159
9034,77,219,1178,6272
9035,0,1,12,137
9036,0,1,12,933
9037,0,1,25,568
9038,0,0,0,103
9039,0,1,12,312
904,0,1,1,110
9040,0,0,41,1059
9041,1,2,9,13
9042,1,2,9,3582
9043,0,0,6,6
9044,1,2,9,13
9045,0,1,12,195
9046,10,35,169,246
9047,2,3,8,1061
9048,5,33,479,2535
9049,0,0,0,1
905,0,1,33,4682
9050,1,2,7,7
9051,0,0,0,0
9052,0,0,0,2
9053,0,145,729,3583
9054,0,1,1179,6273
9055,0,0,81,413
9056,0,1,12,3584
9057,0,1,12,918
9058,0,0,0,5
9059,1,2,9,26
906,0,1,1,18
9060,0,1,4,4914
9061,0,1,4,214
9062,0,0,6,6
9063,1,2,2,40
9064,0,0,0,327
9065,0,0,0,642
9066,0,0,0,1
9067,0,0,0,2
9068,0,0,0,1
9069,1,2,2,40
907,0,1,102,184
9070,0,6,797,3585
9071,0,1,4,6274
9072,0,0,74,292
9073,0,1,1180,6275
9074,0,8,32,32
9075,0,1,25,159
9076,0,1,25,121
9077,0,1,25,101
9078,0,0,0,506
9079,0,0,6,6
908,1,2,2,34
9080,2,3,8,389
9081,1,2,2,4
9082,0,0,0,0
9083,1,2,3,3
9084,0,0,0,0
9085,1,2,7,7
9086,2,3,8,11
9087,0,17,322,1897
9088,0,0,560,1875
9089,0,1,12,464
909,0,1,24,1202
9090,0,1,13,166
9091,0,1,13,166
9092,0,1,290,6276
9093,0,1,1,110
9094,0,1,1,110
9095,0,1,1,110
9096,0,1,1,110
9097,0,1,290,3586
9098,0,1,1,110
9099,0,1,290,4915
91,0,1,1,18
910,0,0,0,9
9100,0,1,1,110
9101,0,1,290,4916
9102,0,1,1,110
9103,0,1,1,110
9104,0,1,290,3587
9105,0,1,1,110
9106,0,1,664,2536
9107,0,0,15,3588
9108,0,30,449,6277
9109,0,30,449,4917
911,0,5,23,1342
9110,0,0,798,3589
9111,0,1,25,3590
9112,0,1,274,1113
9113,0,11,1398,4918
9114,9,42,237,6278
9115,0,30,449,4919
9116,0,1,1,20
9117,0,0,0,9
9118,1,2,2,17
9119,0,0,45,71
912,0,1,4,49
9120,0,0,41,106
9121,0,0,52,52
9122,1,2,53,53
9123,0,0,17,39
9124,0,1,14,90
9125,3,4,10,83
9126,3,4,10,69
9127,0,1,14,50
9128,0,1,14,90
9129,0,0,17,39
913,0,0,0,310
9130,0,0,0,77
9131,0,0,0,93
9132,0,1,29,51
9133,2,3,127,174
9134,1,2,2,17
9135,0,1,4,43
9136,1,2,2,34
9137,0,0,0,9
9138,0,0,0,349
9139,0,0,0,31
914,1,2,2,23
9140,0,5,23,143
9141,0,1,24,153
9142,0,1,1,8
9143,0,0,0,9
9144,0,0,0,2
9145,8,62,311,2537
9146,0,0,0,163
9147,0,0,0,1
9148,0,0,0,2
9149,1,2,9,13
915,0,0,0,2
9150,0,90,1021,2538
9151,0,1,86,1363
9152,0,1,12,1898
9153,0,1,390,3591
9154,0,10,30,1474
9155,0,1,163,3592
9156,0,1,56,177
9157,0,1,12,6279
9158,0,1,12,294
9159,0,1,190,2539
916,0,0,0,5
9160,0,1,190,6280
9161,0,22,511,1062
9162,0,10,30,450
9163,0,143,686,2540
9164,0,1,86,2541
9165,5,26,1022,2542
9166,0,1,97,4920
9167,0,1,56,6281
9168,0,1,56,313
9169,0,1,56,313
917,1,2,9,26
9170,0,10,30,151
9171,0,1,156,3593
9172,0,10,30,105
9173,0,10,30,2001
9174,0,10,30,175
9175,0,22,88,1069
9176,0,1,158,671
9177,0,1,56,177
9178,5,26,310,802
9179,0,1,97,1196
918,0,0,0,0
9180,0,1,799,3594
9181,0,1,86,1363
9182,0,22,88,2543
9183,0,1,97,1901
9184,0,1,158,671
9185,0,1,86,2544
9186,0,1,12,2545
9187,0,1,71,202
9188,0,0,0,12
9189,2,3,8,414
919,0,0,0,0
9190,0,0,0,12
9191,1,2,3,114
9192,0,0,0,1
9193,1,2,2,4
9194,2,3,8,233
9195,0,0,0,2
9196,1,2,7,7
9197,1,2,3,91
9198,2,3,5,3595
9199,2,3,11,14
92,0,1,1,8
920,1,2,3,3
9200,0,0,0,1
9201,0,0,0,1
9202,0,1,800,3596
9203,0,0,0,2
9204,2,3,112,6282
9205,0,0,0,1
9206,1,2,2,40
9207,0,1,106,241
9208,2,3,112,409
9209,10,53,185,439
921,2,3,8,11
9210,1,2,69,84
9211,0,1,125,1063
9212,0,1,125,1150
9213,0,11,801,3597
9214,0,1,150,334
9215,0,1,150,334
9216,0,1,150,334
9217,0,11,140,2153
9218,0,0,17,6283
9219,0,1,12,6284
922,2,3,5,10
9220,0,1,12,3598
9221,0,1,651,1517
9222,0,1,651,1517
9223,1,2,69,84
9224,1,2,69,84
9225,2,3,482,1518
9226,0,0,0,5
9227,0,0,0,2
9228,0,1,14,85
9229,1,2,9,26
923,0,0,0,1
9230,0,8,32,32
9231,0,1,1,3599
9232,0,1,1,8
9233,0,1,4,6285
9234,0,1,12,6286
9235,1,2,3,3
9236,0,0,0,0
9237,1,2,2,4
9238,0,1,1,8
9239,0,1,1,18
924,0,0,27,25
9240,0,1,147,650
9241,1,2,2,23
9242,0,0,0,5
9243,0,0,0,2
9244,0,0,6,6
9245,2,3,34,35
9246,0,0,92,139
9247,4,18,512,1064
9248,1,39,273,2154
9249,10,111,702,3600
925,0,0,0,2
9250,27,165,802,3601
9251,0,86,450,1065
9252,0,86,450,1065
9253,0,1,13,1519
9254,0,1,13,1519
9255,0,1,13,3602
9256,0,0,16,16
9257,0,0,0,5
9258,0,0,16,16
9259,0,0,0,5
926,0,0,0,5
9260,0,0,0,47
9261,0,0,0,1
9262,0,0,0,47
9263,0,0,0,1
9264,0,0,16,4921
9265,0,0,16,16
9266,0,0,6,6
9267,0,0,6,6
9268,0,0,16,3603
9269,0,0,6,6
927,1,2,2,23
9270,0,0,16,3604
9271,0,0,16,16
9272,3,4,10,243
9273,8,29,94,405
9274,0,1,12,825
9275,0,1,71,202
9276,0,0,0,515
9277,1,2,3,3
9278,1,2,2,4
9279,2,3,5,15
928,0,0,0,37
9280,2,3,5,155
9281,3,4,10,28
9282,0,1,4,3605
9283,0,1,141,998
9284,1,2,2,23
9285,0,0,0,5
9286,0,0,0,2
9287,0,0,0,37
9288,0,1,4,257
9289,0,1,24,275
929,0,0,0,2
9290,0,5,23,274
9291,0,0,0,668
9292,0,8,32,32
9293,0,0,0,47
9294,7,15,48,4922
9295,0,0,0,95
9296,0,0,0,1248
9297,0,1,4,752
9298,0,1,1,45
9299,0,8,32,32
93,1,2,2,23
930,0,0,0,5
9300,0,1,22,3606
9301,0,6,36,4923
9302,0,1,1,6287
9303,1,2,2,4
9304,0,0,0,0
9305,1,2,3,3
9306,0,1,4,4924
9307,0,1,1,4925
9308,0,1,1,104
9309,1,2,9,13
931,0,0,0,2
9310,0,1,106,241
9311,0,0,0,2
9312,1,2,2,40
9313,0,0,0,1
9314,2,3,112,409
9315,1,2,9,2546
9316,1,2,9,13
9317,0,1,1,322
9318,0,1,4,287
9319,0,0,0,0
932,0,0,0,5
9320,2,3,5,67
9321,2,3,11,14
9322,0,0,0,12
9323,1,2,2,4
9324,2,3,5,67
9325,1,2,7,7
9326,1,2,3,33
9327,0,1,513,1066
9328,0,1,1,18
9329,1,2,9,6288
933,0,0,0,5
9330,1,2,130,571
9331,2,3,8,11
9332,2,3,11,14
9333,0,0,0,1
9334,0,0,0,0
9335,1,2,3,3
9336,1,2,2,4
9337,0,0,0,12
9338,0,0,0,2
9339,1,2,7,7
934,0,0,0,488
9340,3,4,10,28
9341,1,2,130,1899
9342,1,2,130,776
9343,1,2,9,1900
9344,1,2,130,6289
9345,4,18,198,6290
9346,0,0,0,440
9347,0,1,12,195
9348,0,1,12,195
9349,0,0,0,108
935,1,2,2,23
9350,0,0,0,102
9351,0,0,0,262
9352,0,0,114,1067
9353,0,0,114,1067
9354,2,3,66,2155
9355,0,1,4,935
9356,0,0,0,335
9357,0,8,32,32
9358,0,1,4,314
9359,0,0,0,1
936,0,0,15,140
9360,1,2,7,7
9361,0,73,406,1068
9362,1,2,2,4
9363,0,0,0,0
9364,1,2,3,3
9365,0,0,0,0
9366,0,0,0,1
9367,1,2,3,3
9368,2,3,5,15
9369,0,1,1,1101
937,0,0,104,171
9370,0,1,1,8
9371,0,0,15,140
9372,1,2,2,23
9373,0,0,0,5
9374,0,0,0,5
9375,0,0,0,2
9376,1,2,130,776
9377,0,1,1,1520
9378,0,0,16,16
9379,0,1,13,4926
938,0,0,6,6
9380,1,19,87,363
9381,1,19,87,363
9382,0,0,0,1
9383,1,2,9,13
9384,2,3,5,41
9385,0,0,0,12
9386,0,0,0,1
9387,0,0,0,1
9388,2,3,11,14
9389,1,2,7,7
939,0,7,26,22
9390,1,2,3,91
9391,0,0,0,2
9392,1,2,2,4
9393,2,3,8,233
9394,0,0,0,12
9395,2,3,8,414
9396,1,2,3,114
9397,0,0,0,1
9398,0,0,0,5
9399,0,0,0,2
94,0,0,0,5
940,0,7,26,22
9400,0,0,16,16
9401,1,2,9,13
9402,2,3,428,969
9403,0,0,500,6291
9404,0,1,4,669
9405,1,148,697,2547
9406,0,0,6,6
9407,0,1,18,2107
9408,0,1,163,670
9409,0,1,97,1521
941,0,13,62,147
9410,0,22,88,1069
9411,0,1,163,670
9412,0,10,30,443
9413,0,1,97,1901
9414,0,0,60,6292
9415,0,10,30,151
9416,0,22,511,1062
9417,0,1,12,672
9418,0,22,511,1062
9419,0,1,158,671
942,0,7,26,22
9420,0,0,0,5
9421,0,0,0,2
9422,0,1,12,1902
9423,0,1,12,672
9424,0,1,56,313
9425,0,1,12,672
9426,0,22,504,2548
9427,0,22,504,3607
9428,0,1,56,313
9429,0,1,56,313
943,0,13,62,147
9430,0,10,30,450
9431,0,1,12,294
9432,0,22,88,3608
9433,0,1,163,670
9434,0,1,163,670
9435,0,1,97,1521
9436,0,22,88,1069
9437,0,1,12,2549
9438,5,26,1181,6293
9439,0,1,1399,4927
944,0,7,26,22
9440,0,1,12,1250
9441,0,1,12,6294
9442,0,1,12,622
9443,22,77,327,6295
9444,0,1,12,931
9445,0,1,56,177
9446,0,10,30,151
9447,0,22,88,4928
9448,0,1,219,1251
9449,0,10,30,175
945,0,0,0,9
9450,0,22,88,2156
9451,0,0,0,2
9452,0,0,0,5
9453,0,7,26,22
9454,0,22,88,2156
9455,0,22,88,3609
9456,0,1,97,4929
9457,0,10,30,6296
9458,0,1,137,6297
9459,0,0,0,0
946,0,0,0,9
9460,1,2,3,3
9461,0,0,0,936
9462,0,1,1,8
9463,0,1,18,176
9464,0,1,1,38
9465,0,1,22,318
9466,0,1,18,152
9467,0,1,1,96
9468,1,2,2,4
9469,0,0,0,1
947,2,51,170,779
9470,2,3,11,14
9471,2,3,11,6298
9472,1,2,7,7
9473,0,0,0,1
9474,0,0,0,1
9475,1,2,3,1903
9476,0,0,0,2
9477,1,23,240,2550
9478,0,0,0,108
9479,1,2,2,40
948,0,0,0,5
9480,0,0,0,1
9481,0,0,0,2
9482,0,0,0,88
9483,0,1,1,169
9484,0,1,1,169
9485,0,1,1,169
9486,0,1,1,169
9487,0,1,4,236
9488,0,1,1,169
9489,0,1,1,169
949,0,0,16,16
9490,0,32,101,810
9491,0,0,15,135
9492,1,2,2,505
9493,0,0,27,25
9494,0,112,1182,6299
9495,0,1,14,50
9496,2,3,11,2551
9497,1,2,7,7
9498,0,0,0,2
9499,0,0,0,2
95,2,3,34,35
950,0,5,23,539
9500,0,0,0,1
9501,0,0,0,75
9502,0,1,20,1070
9503,0,1,14,1034
9504,1,2,3,63
9505,1,2,3,3
9506,1,2,2,4
9507,2,3,5,10
9508,2,3,5,15
9509,0,0,0,0
951,0,1,250,613
9510,0,0,0,0
9511,1,2,7,7
9512,0,1,39,58
9513,2,3,11,14
9514,0,0,0,12
9515,1,2,2,4
9516,0,0,0,0
9517,0,0,0,2
9518,0,0,0,0
9519,2,3,5,41
952,0,1,4,594
9520,1,2,3,3
9521,5,33,539,2552
9522,1,2,7,7
9523,0,0,0,1
9524,3,4,10,3610
9525,2,3,5,10
9526,1,2,3,3
9527,0,0,0,0
9528,0,0,0,0
9529,1,2,7,7
953,0,1,29,702
9530,2,3,8,138
9531,3,4,10,28
9532,2,3,5,15
9533,1,2,3,3
9534,2,3,8,11
9535,0,0,0,0
9536,0,0,0,12
9537,0,0,0,2
9538,1,2,3,3
9539,1,2,7,7
954,0,0,0,2
9540,0,0,0,1
9541,0,0,0,1
9542,1,2,7,7
9543,1,2,3,91
9544,0,0,0,12
9545,1,2,2,4
9546,0,0,0,2
9547,0,0,0,12
9548,2,3,11,14
9549,2,3,5,446
955,0,0,0,93
9550,0,0,0,12
9551,1,2,2,4
9552,0,0,0,1
9553,1,2,3,114
9554,0,0,0,12
9555,0,0,0,1
9556,1,2,3,3
9557,2,3,5,10
9558,0,0,0,2
9559,0,0,0,0
956,0,1,1,8
9560,0,0,0,0
9561,1,2,7,7
9562,2,3,44,4930
9563,0,0,0,0
9564,1,2,3,3
9565,2,3,8,186
9566,3,4,10,674
9567,2,3,11,14
9568,1,2,7,7
9569,0,0,0,56
957,1,2,3,276
9570,4,20,70,76
9571,0,1,4,199
9572,0,0,0,31
9573,0,0,0,31
9574,0,0,0,72
9575,0,1,82,4931
9576,1,2,3,92
9577,0,5,23,143
9578,0,1,24,251
9579,0,1,33,210
958,0,5,23,1025
9580,0,1,1,8
9581,0,1,63,120
9582,0,0,0,9
9583,0,1,1,8
9584,0,1,1,18
9585,0,1,1,8
9586,0,1,1,8
9587,0,7,26,22
9588,0,7,26,22
9589,0,13,167,465
959,0,1,4,43
9590,0,7,26,22
9591,0,7,26,22
9592,0,7,26,22
9593,0,7,26,22
9594,0,13,167,465
9595,0,7,26,22
9596,0,13,62,3611
9597,0,7,26,22
9598,0,7,26,22
9599,0,13,803,3612
96,0,0,0,0
960,0,0,0,0
9600,0,7,26,22
9601,0,7,26,22
9602,0,7,26,22
9603,0,7,26,22
9604,0,13,167,465
9605,0,7,26,22
9606,0,7,26,22
9607,0,7,26,22
9608,0,13,62,3613
9609,0,7,26,22
961,0,0,16,16
9610,0,0,28,1252
9611,0,0,41,106
9612,0,0,45,71
9613,0,0,52,52
9614,1,2,53,53
9615,0,0,17,39
9616,1,2,2,40
9617,0,0,0,1
9618,0,0,0,2
9619,6,14,98,157
962,0,0,6,6
9620,6,14,98,157
9621,0,0,0,398
9622,0,0,0,398
9623,0,0,371,1904
9624,0,0,698,2553
9625,1,2,2,2192
9626,0,0,0,5
9627,0,0,0,5
9628,0,0,0,5
9629,0,0,0,1905
963,1,2,3,3
9630,0,0,0,2
9631,0,0,0,5
9632,0,0,652,6300
9633,4,97,699,3614
9634,0,1,14,50
9635,3,4,10,83
9636,0,0,0,2
9637,1,2,2,23
9638,0,0,6,503
9639,0,0,0,5
964,0,0,0,0
9640,0,1,33,112
9641,0,1,1,8
9642,0,1,4,57
9643,0,1,1,8
9644,0,1,33,6301
9645,0,1,4,57
9646,0,0,0,1905
9647,0,0,0,5
9648,0,0,371,1904
9649,0,0,0,2
965,1,2,2,2350
9650,0,0,652,6302
9651,4,97,699,2554
9652,0,0,0,5
9653,0,0,0,2
9654,0,0,27,25
9655,4,18,153,336
9656,0,1,12,195
9657,0,21,72,225
9658,0,0,0,2
9659,0,0,0,5
966,0,0,0,0
9660,0,0,0,438
9661,1,2,2,17
9662,0,0,0,9
9663,0,1,1,20
9664,0,1,21,24
9665,0,0,0,102
9666,0,0,114,576
9667,0,1,4,569
9668,0,1,64,6303
9669,0,1,323,6304
967,1,2,7,7
9670,0,1,323,4932
9671,0,1,1400,4933
9672,0,1,1183,6305
9673,0,1,64,1522
9674,0,13,804,3615
9675,0,1,414,6306
9676,0,96,1401,4934
9677,0,1,12,6307
9678,0,1,12,3616
9679,0,1,18,4935
968,1,2,3,3
9680,0,1,29,4936
9681,0,1,29,51
9682,0,1,1,1071
9683,0,1,4,1523
9684,0,1,22,2157
9685,0,1,4,1264
9686,0,1,4,1264
9687,0,0,0,837
9688,0,1,1,1906
9689,0,1,22,6308
969,0,0,0,1
9690,0,5,49,2555
9691,0,1,113,3617
9692,0,5,49,6309
9693,0,1,18,3618
9694,0,1,29,6310
9695,0,1,4,471
9696,0,1,4,673
9697,0,1,4,3619
9698,0,1,4,6311
9699,0,1,18,1415
97,2,3,5,67
970,0,0,0,1
9700,0,1,22,2157
9701,0,1,4,1523
9702,0,1,1,1071
9703,0,1,1184,6312
9704,0,1,196,1394
9705,0,1,196,1394
9706,0,1,12,1745
9707,0,0,291,4937
9708,0,0,0,824
9709,0,0,0,824
971,0,0,0,0
9710,0,0,291,2556
9711,0,55,343,6313
9712,0,55,451,4938
9713,0,0,254,4939
9714,0,0,46,227
9715,0,1,12,825
9716,0,1,12,4940
9717,1,2,1402,4941
9718,0,1,12,294
9719,0,0,46,227
972,1,2,3,3
9720,0,1,12,533
9721,0,1,139,4942
9722,0,1,585,6314
9723,0,1,255,6315
9724,0,0,0,2
9725,1,2,9,26
9726,0,0,0,5
9727,0,0,0,2
9728,0,0,0,5
9729,0,0,0,5
973,0,0,0,2
9730,0,0,0,5
9731,1,2,9,26
9732,1,2,3,3
9733,1,2,2,4
9734,0,0,0,0
9735,0,0,0,0
9736,1,25,313,1088
9737,0,1,1,8
9738,0,1,1,44
9739,0,1,1,38
974,1,2,9,13
9740,0,8,32,32
9741,0,1,1,18
9742,0,1,4,1356
9743,0,1,33,112
9744,2,3,131,1072
9745,0,1,20,29
9746,0,0,27,25
9747,0,0,15,328
9748,1,2,2,758
9749,0,21,72,225
975,0,1,214,1828
9750,0,0,27,25
9751,0,1,12,916
9752,3,4,10,735
9753,2,3,11,14
9754,0,0,0,1
9755,1,2,7,7
9756,0,0,0,0
9757,0,0,0,2
9758,0,0,0,12
9759,2,3,8,11
976,0,1,573,2351
9760,1,2,3,3
9761,5,33,303,3620
9762,0,0,0,0
9763,1,2,2,4
9764,2,3,5,41
9765,0,1,39,58
9766,2,3,31,36
9767,0,0,0,2
9768,0,0,0,2
9769,0,0,0,0
977,0,22,747,3342
9770,1,2,3,33
9771,1,2,7,7
9772,1,12,43,272
9773,2,3,5,67
9774,2,3,5,67
9775,0,0,0,12
9776,2,3,11,14
9777,0,0,0,1
9778,1,2,7,7
9779,2,3,5,226
978,0,1,252,638
9780,1,2,3,368
9781,0,1,58,279
9782,0,1,217,2158
9783,1,2,9,26
9784,0,0,0,5
9785,0,0,0,168
9786,0,0,123,374
9787,0,0,16,16
9788,0,0,16,16
9789,0,1,13,166
979,0,1,163,670
9790,8,62,387,1977
9791,0,1,13,166
9792,0,0,0,95
9793,0,0,0,95
9794,2,3,34,35
9795,0,0,6,6
9796,0,0,0,95
9797,0,0,0,95
9798,0,0,6,6
9799,0,0,0,95
98,2,3,5,15
980,0,1,109,480
9800,2,3,34,35
9801,0,0,0,95
9802,0,0,0,95
9803,0,0,6,6
9804,0,1,1,8
9805,0,1,63,120
9806,0,1,21,111
9807,0,1,1,8
9808,0,1,4,57
9809,0,1,33,710
981,0,22,88,4683
9810,0,1,1,8
9811,0,1,4,57
9812,0,1,1,18
9813,0,1,1,8
9814,0,1,1,38
9815,0,1,4,57
9816,0,1,1,18
9817,0,1,1,8
9818,0,1,33,2557
9819,0,1,4,57
982,0,1,109,480
9820,0,0,47,73
9821,0,1,33,112
9822,0,1,1,8
9823,0,1,29,149
9824,0,1,21,111
9825,0,0,47,73
9826,0,0,0,185
9827,0,1,1,8
9828,0,1,33,1524
9829,0,0,47,73
983,0,1,97,919
9830,0,1,71,3621
9831,0,1,805,3622
9832,0,1,33,2558
9833,0,1,1,8
9834,0,1,63,120
9835,0,0,47,2559
9836,1,2,2,34
9837,0,1,4,49
9838,0,0,0,56
9839,0,1,37,713
984,0,1,97,919
9840,1,2,2,68
9841,0,0,0,310
9842,0,0,0,2
9843,0,0,0,9
9844,0,0,0,2560
9845,0,5,23,1134
9846,0,1,1,74
9847,0,1,4,30
9848,0,1,4,30
9849,0,1,1,74
985,0,1,214,2126
9850,0,1,1,74
9851,0,1,4,30
9852,0,1,4,30
9853,0,1,1,74
9854,0,1,1,74
9855,0,1,4,30
9856,0,1,1,74
9857,1,2,9,87
9858,1,2,3,3
9859,0,0,0,0
986,0,1,109,6043
9860,0,0,0,2
9861,0,1,12,1525
9862,0,1,12,2561
9863,0,0,81,839
9864,0,1,12,1525
9865,0,1,12,6316
9866,0,1,12,3623
9867,0,1,12,3624
9868,0,0,0,1
9869,0,0,0,2
987,0,1,97,4684
9870,0,0,0,86
9871,1,2,2,40
9872,3,4,10,876
9873,0,0,0,102
9874,0,0,0,37
9875,1,2,9,26
9876,0,0,0,2
9877,7,15,48,66
9878,0,0,0,5
9879,0,0,0,2
988,0,1,97,919
9880,1,2,9,26
9881,0,0,0,5
9882,0,0,0,2
9883,1,2,9,26
9884,1,2,2,826
9885,0,0,0,5
9886,1,2,9,26
9887,0,0,0,5
9888,0,0,0,2
9889,1,2,9,26
989,0,1,434,1829
9890,0,0,0,5
9891,0,0,0,2
9892,0,0,0,37
9893,0,0,0,2
9894,7,15,48,66
9895,0,0,180,415
9896,0,0,0,5
9897,0,0,0,2
9898,0,0,0,5
9899,1,2,9,26
99,2,3,5,10
990,0,1,287,920
9900,0,0,0,5
9901,0,0,0,2
9902,1,2,9,26
9903,0,0,0,5
9904,0,0,0,2
9905,0,0,0,5
9906,0,0,0,37
9907,1,2,2,23
9908,0,0,0,2
9909,1,2,9,26
991,0,1,109,480
9910,0,0,27,25
9911,0,0,0,37
9912,1,2,2,23
9913,0,0,6,2562
9914,0,0,0,5
9915,7,15,48,66
9916,0,0,0,2
9917,1,2,9,26
9918,0,0,0,2
9919,0,0,0,5
992,0,1,97,919
9920,0,0,372,1016
9921,0,0,60,570
9922,0,0,0,290
9923,0,0,0,1
9924,1,2,9,13
9925,0,0,0,2
9926,1,2,2,40
9927,0,8,223,904
9928,0,8,223,4943
9929,2,3,112,6317
993,0,1,287,920
9930,1,2,9,13
9931,0,0,6,6
9932,1,2,9,13
9933,0,9,270,2563
9934,0,64,292,643
9935,0,0,0,2
9936,0,0,0,1
9937,0,0,468,3625
9938,0,0,0,163
9939,1,2,3,33
994,5,124,1147,6044
9940,0,0,0,0
9941,0,0,0,2
9942,0,0,0,1
9943,2,3,5,67
9944,1,2,7,7
9945,0,0,0,0
9946,1,2,2,4
9947,0,0,0,0
9948,0,0,0,2
9949,1,2,3,3
995,0,1,109,1830
9950,0,0,0,1
9951,1,2,7,7
9952,0,0,0,2
9953,0,1,39,449
9954,0,0,0,0
9955,1,2,7,7
9956,0,1,39,156
9957,0,0,0,2
9958,1,2,3,3
9959,3,4,10,674
996,0,1,548,4685
9960,2,3,11,14
9961,2,3,8,186
9962,0,0,0,0
9963,0,0,0,0
9964,0,0,0,5
9965,1,2,2,23
9966,0,0,0,2
9967,0,0,27,25
9968,0,0,0,37
9969,0,0,0,0
997,0,1,56,1410
9970,1,2,3,3
9971,0,0,0,0
9972,0,1,42,1340
9973,0,0,0,6318
9974,1,2,2,219
9975,0,1,700,2297
9976,0,0,79,2564
9977,0,1,14,145
9978,0,1,4,257
9979,0,1,24,275
998,0,1,1364,4686
9980,15,44,149,315
9981,0,0,92,139
9982,15,44,149,315
9983,0,0,0,0
9984,1,2,3,2565
9985,0,13,62,203
9986,0,7,26,22
9987,0,7,26,22
9988,2,3,127,174
9989,0,0,74,118
999,0,30,260,3343
9990,0,7,26,22
9991,0,7,26,22
9992,0,13,1403,4944
9993,0,7,26,22
9994,0,7,26,22
9995,0,7,26,22
9996,1,2,7,7
9997,1,2,3,33
9998,0,0,0,0
9999,0,0,0,2
