Entry,Total_num_GH18domains,Signature
A0A010YG22,1,PS51910
A0A011PM39,2,G3DSA:3.20.20.370
A0A011PM39,2,PF00704
A0A011PXQ4,2,G3DSA:3.20.20.370
A0A011PXQ4,2,PF00704
A0A014LJM1,1,PS51910
A0A014LR51,1,PF00704
A0A014LVP2,1,PF00704
A0A014M4I2,1,PF00704
A0A014MIZ7,1,PS51910
A0A014MM96,1,PF00704
A0A014MSN8,1,PS51910
A0A014N7H9,2,PS51910
A0A014N7H9,2,PTHR10963
A0A015SSG1,1,PS51910
A0A015VTG3,1,PS51910
A0A016AFS3,1,PS51910
A0A016BRW8,1,PS51910
A0A016E443,1,PS51910
A0A017RV85,1,PF00704
A0A017RY73,1,PF00704
A0A017T7V2,1,PF00704
A0A017TB45,1,PF00704
A0A017TB73,1,PF00704
A0A022MBR6,1,PS51910
A0A022MFL2,2,G3DSA:2.10.10.20:FF:000001
A0A022MFL2,2,PS51910
A0A022MJ40,1,PF00704
A0A022MM18,1,PF00704
A0A022MMQ0,1,PF00704
A0A022MN58,1,PF00704
A0A022MP52,1,PF00704
A0A022MSY7,1,PF00704
A0A022PIR9,1,PS51910
A0A022PK96,1,PF00704
A0A022PKS6,1,PF00704
A0A022PQJ1,1,PF00704
A0A023BS17,1,PF00704
A0A023BW51,1,PF00704
A0A023BW79,1,PF00704
A0A023BW90,1,PS51910
A0A023BWD9,1,PF00704
A0A023DE32,1,PF00704
A0A023DK13,1,PF00704
A0A023T6X9,1,PF00704
A0A023VSJ5,1,PF00704
A0A024A6R9,1,PF00704
A0A024E605,1,PF00704
A0A024KZF4,1,PF00704
A0A024P7D7,1,PF00704
A0A024Q678,1,PF00704
A0A024Q6J6,1,PF00704
A0A024QEX2,1,PF00704
A0A031FRW3,1,PF00704
A0A031HS48,2,G3DSA:3.20.20.370
A0A031HS48,2,PF00704
A0A031JYD3,2,G3DSA:3.20.20.370
A0A031JYD3,2,PS51910
A0A031WF37,1,PF00704
A0A059NZ20,1,PF00704
A0A059UJT0,1,PF00704
A0A059V772,1,PF00704
A0A059W789,1,PF00704
A0A059WC39,1,PF00704
A0A059WDQ5,1,PF00704
A0A059WI53,1,PF00704
A0A059WP27,1,PF00704
A0A059WTR9,1,PF00704
A0A059WZP6,1,PF00704
A0A060BI60,1,PF00704
A0A060BM13,1,PF00704
A0A060BRI4,1,PF00704
A0A060BRJ2,1,PF00704
A0A060BRX4,1,PS51910
A0A060BTZ5,1,PF00704
A0A060BWE0,1,PF00704
A0A060BXA3,1,PF00704
A0A060BYC0,1,PF00704
A0A060BYW1,1,PF00704
A0A060BZ14,1,PS51910
A0A060BZW5,1,PF00704
A0A060C0F4,1,PS51910
A0A060C2W4,1,PF00704
A0A060C341,1,PS51910
A0A060C3M9,1,PS51910
A0A060C4H6,1,PF00704
A0A060C4S7,1,PF00704
A0A060C594,1,PS51910
A0A060C612,1,PF00704
A0A060C6H1,1,PS51910
A0A060C8C7,1,PF00704
A0A060CA33,1,PS51910
A0A060CAY8,1,PS51910
A0A060CB07,1,PF00704
A0A060CB73,1,PF00704
A0A060CBA2,1,PF00704
A0A060CBC6,1,PF00704
A0A060CBK8,1,PF00704
A0A060CCB8,1,PF00704
A0A060CCF1,1,PF00704
A0A060CEH1,1,PF00704
A0A060CGR7,1,PS51910
A0A060CHH8,1,PS51910
A0A060CI06,1,PS51910
A0A060CI25,1,PF00704
A0A060CJ59,1,PF00704
A0A060CJP2,1,PF00704
A0A060CKY2,1,PS51910
A0A060H1X4,1,PF00704
A0A060KSS6,1,PF00704
A0A060LU70,1,PF00704
A0A060LZR4,1,PF00704
A0A060M1Q9,1,PF00704
A0A060QMM7,1,PF00704
A0A060QQ41,1,PF00704
A0A060R803,1,PF00704
A0A060ZJZ6,1,PS51910
A0A060ZLT9,1,PF00704
A0A060ZMT3,1,PF00704
A0A060ZPL7,1,PF00704
A0A060ZU03,1,PS51910
A0A060ZVB3,1,PS51910
A0A060ZZ82,1,PF00704
A0A061A147,1,PF00704
A0A061A149,1,PS51910
A0A061A156,1,PS51910
A0A061AGY2,1,PF00704
A0A061KT67,1,PF00704
A0A063YTH1,1,PF00704
A0A063YY91,1,PF00704
A0A066RLB6,1,PF00704
A0A066RRM7,1,PF00704
A0A066SUM4,1,PF00704
A0A066TP80,1,PF00704
A0A066TTP7,1,PF00704
A0A066TVY0,1,PS51910
A0A066TXL2,1,PS51910
A0A066TYQ1,1,PF00704
A0A066U0B5,1,PF00704
A0A066U2Y7,1,PF00704
A0A066U8Q4,1,PF00704
A0A066U9M1,1,PF00704
A0A066UJV1,2,PF00704
A0A066UJV1,2,PF06483
A0A066UKE3,1,PF00704
A0A066V080,1,PF00704
A0A066YKH6,1,PS51910
A0A066YL28,1,PF00704
A0A066YQ69,1,PF00704
A0A066YSP5,1,PS51910
A0A066YTF0,1,PF00704
A0A066YUY7,1,PF00704
A0A066YVH7,1,PF00704
A0A066YVU5,1,PF00704
A0A066YZ82,1,PF00704
A0A066Z1P1,1,PF00704
A0A066Z2M2,1,PF00704
A0A066Z2N8,1,PF00704
A0A066Z5S4,1,PF00704
A0A066Z6K1,1,PF00704
A0A066ZCL4,1,PF00704
A0A068BC25,1,PF00704
A0A068BC30,1,PF00704
A0A068NLF2,1,PF00704
A0A068NR15,1,PF00704
A0A068NRH2,1,PF00704
A0A068NYY7,2,G3DSA:3.20.20.370
A0A068NYY7,2,PF00704
A0A069D669,1,PF00704
A0A069DF76,1,PF00704
A0A069DGF1,1,PF00704
A0A069DJE5,1,PF00704
A0A069DJF7,1,PF00704
A0A069DJY0,1,PF00704
A0A069DMZ6,1,PF00704
A0A069RIK6,1,PF00704
A0A069RIZ1,1,PF00704
A0A069SEV1,1,PF00704
A0A071M6Z9,1,PF00704
A0A072NHE2,1,PF00704
A0A072NIN9,1,PF00704
A0A072NLA6,1,PF00704
A0A072NNS8,1,PF00704
A0A072NST3,1,PF00704
A0A072NWS7,1,PF00704
A0A073BBF0,1,PF00704
A0A073IUA7,1,PF00704
A0A073JXE9,1,PF00704
A0A073JYG8,1,PF00704
A0A073KCW8,1,PF00704
A0A073KI56,1,PF00704
A0A074LM05,1,PF00704
A0A074LMY3,1,PF00704
A0A074LXK7,1,PF00704
A0A074M7M9,1,PF00704
A0A074M8P3,1,PF00704
A0A075JKT9,1,PF00704
A0A075K1P9,1,PF00704
A0A075K6W6,1,PF00704
A0A075K7E3,1,PF00704
A0A075K7G2,1,PF00704
A0A075KCE2,1,PF00704
A0A075KEZ6,1,PF00704
A0A075LLL3,1,PF00704
A0A075LNI6,1,PF00704
A0A075QZK4,1,PF00704
A0A075R004,1,PF00704
A0A075R097,1,PF00704
A0A075R183,1,PF00704
A0A075R1J8,1,PF00704
A0A075R595,1,PF00704
A0A075R758,1,PF00704
A0A075UN32,1,PF00704
A0A075UPH5,1,PF00704
A0A075UU79,1,PS51910
A0A075UXA8,1,PF00704
A0A075UY70,1,PF00704
A0A075UYZ6,1,PF00704
A0A075UZS5,1,PF00704
A0A075V3C7,1,PF00704
A0A075V9Z7,1,PF00704
A0A076H6W3,1,PF00704
A0A076HB65,1,PF00704
A0A076HER4,1,PF00704
A0A076IY28,1,PF00704
A0A076LNG9,2,G3DSA:3.20.20.80
A0A076LNG9,2,PS51910
A0A076MW04,1,PF00704
A0A076MZM3,1,PF00704
A0A077ED57,1,PS51910
A0A077EEI1,1,PS51910
A0A077EEV6,2,G3DSA:3.20.20.370
A0A077EEV6,2,PF00704
A0A077EG80,1,PF00704
A0A077EJY3,1,PF00704
A0A077JGF0,1,PF00704
A0A077JIF4,1,PF00704
A0A077KC79,1,PF00704
A0A077KDA3,1,PF00704
A0A077KGT8,2,G3DSA:3.20.20.370
A0A077KGT8,2,PF00704
A0A077NE14,1,PF00704
A0A077NKA7,1,PF00704
A0A077NLB7,1,PF00704
A0A077NTY4,1,PF00704
A0A077NXL6,1,PF00704
A0A077NXN0,1,PF00704
A0A077P2M9,1,PF00704
A0A077P369,1,PF00704
A0A077P4H0,1,PF00704
A0A077P8B1,1,PF00704
A0A077PF04,1,PF00704
A0A077PIK7,1,PF00704
A0A077PL40,1,PF00704
A0A077PLV8,1,PF00704
A0A077PQW3,1,PF00704
A0A077PZF8,1,PF00704
A0A077QB51,1,PF00704
A0A077QI33,1,PF00704
A0A077QIG7,1,PF00704
A0A077QLV7,1,PF00704
A0A078KM80,1,PF00704
A0A078KSA3,1,PF00704
A0A078KSD7,1,PF00704
A0A078LFF8,1,PF00704
A0A078REL3,1,PF00704
A0A078RWX7,1,PF00704
A0A078S1G0,1,PF00704
A0A078S1G5,1,PF00704
A0A080LX25,3,G3DSA:3.20.20.370
A0A080LX25,3,PF00704
A0A080M3P3,2,G3DSA:3.20.20.370
A0A080M3P3,2,PF00704
A0A080N1Y1,1,PS51910
A0A081K811,1,PF00704
A0A081KBV4,1,PF00704
A0A081L6N4,1,PF00704
A0A081N041,1,PF00704
A0A081N043,1,PF00704
A0A081NDH6,1,PF00704
A0A081NJK6,1,PF00704
A0A081NUI7,1,PF00704
A0A081NYI1,1,PF00704
A0A081P0T6,1,PF00704
A0A081P1H9,1,PF00704
A0A081P1K6,1,PF00704
A0A081P4W1,1,PF00704
A0A081P558,1,PF00704
A0A081P769,1,PF00704
A0A081P8R3,1,PF00704
A0A081PA80,1,PF00704
A0A081PLV0,2,G3DSA:3.20.20.370
A0A081PLV0,2,PF00704
A0A081RR94,1,PF00704
A0A081RYB2,1,PF00704
A0A081RYB6,1,PF00704
A0A081S1F8,1,PF00704
A0A081S1G1,1,PF00704
A0A081XJW7,1,PF00704
A0A081XNT7,1,PF00704
A0A081XPK8,1,PF00704
A0A081XPW4,1,PF00704
A0A081XSS8,1,PF00704
A0A084A8I5,1,PF00704
A0A084GJF9,1,PF00704
A0A084J092,1,PF00704
A0A084J4G7,1,PF00704
A0A084JB75,1,PF00704
A0A084JCN3,1,PF00704
A0A084JFN2,1,PF00704
A0A084JHZ9,1,PF00704
A0A084JJU2,1,PF00704
A0A084JK55,1,PF00704
A0A084JNZ7,1,PF00704
A0A084JP18,1,PF00704
A0A084JPZ9,1,PF00704
A0A084T9C4,1,PF00704
A0A084TAE7,2,PF00704
A0A084TAE7,2,PF06483
A0A084ZUD4,1,PF00704
A0A085A4M8,1,PF00704
A0A085AC08,1,PF00704
A0A085AGU7,1,PF00704
A0A085G8R8,1,PF00704
A0A085GF52,1,PF00704
A0A085LDD4,1,PF00704
A0A085W732,1,PF00704
A0A085ZG94,1,PF00704
A0A085ZKX2,2,G3DSA:3.20.20.370
A0A085ZKX2,2,PF00704
A0A085ZLT2,1,PF00704
A0A085ZMF1,2,PF00704
A0A086A8I1,2,G3DSA:3.20.20.370
A0A086A8I1,2,PF00704
A0A086ADZ9,1,PF00704
A0A086AJJ4,2,G3DSA:3.20.20.370
A0A086AJJ4,2,PF00704
A0A086ALG5,2,PF00704
A0A086B9J2,1,PF00704
A0A086BJ91,2,G3DSA:3.20.20.370
A0A086BJ91,2,PF00704
A0A086BKF0,1,PS51910
A0A086MXP9,1,PF00704
A0A086MYJ0,1,PF00704
A0A086N630,1,PF00704
A0A087BJL3,1,PS51910
A0A087BQX1,1,PS51910
A0A087D0E0,2,PS51910
A0A087DG63,1,PS51910
A0A087EAN6,1,PS51910
A0A087JZA4,1,PF00704
A0A087K0A4,1,PF00704
A0A087K0R3,1,PF00704
A0A087K1B2,1,PF00704
A0A087K246,1,PF00704
A0A087K264,1,PF00704
A0A087K7V2,1,PF00704
A0A087KEQ5,1,PF00704
A0A087KEX6,1,PF00704
A0A087KFU1,1,PF00704
A0A089GFV8,1,PF00704
A0A089GJA0,1,PF00704
A0A089HM91,1,PF00704
A0A089HNM9,1,PF00704
A0A089I0G5,1,PF00704
A0A089IBP3,1,PF00704
A0A089IHP4,1,PF00704
A0A089IIZ7,1,PF00704
A0A089IN48,1,PF00704
A0A089IQL8,1,PF00704
A0A089IZV5,1,PF00704
A0A089J880,1,PF00704
A0A089JRY3,1,PF00704
A0A089JVB2,1,PF00704
A0A089JYN1,1,PF00704
A0A089JYW5,1,PF00704
A0A089K4T2,1,PF00704
A0A089K5Q1,1,PF00704
A0A089KHG9,1,PF00704
A0A089KLG1,1,PF00704
A0A089KLS3,1,PF00704
A0A089KW16,1,PF00704
A0A089L1T4,1,PF00704
A0A089L267,1,PF00704
A0A089L6I3,1,PF00704
A0A089LA05,1,PF00704
A0A089LHG1,1,PF00704
A0A089LKE4,1,PF00704
A0A089LWW4,1,PF00704
A0A089M238,1,PF00704
A0A089M718,1,PF00704
A0A089MEF2,1,PF00704
A0A089MF76,1,PF00704
A0A089N435,1,PF00704
A0A089N9Q8,1,PF00704
A0A089PXT0,1,PF00704
A0A089X0A3,1,PF00704
A0A089X0B6,2,G3DSA:2.10.10.20:FF:000001
A0A089X0B6,2,PF00704
A0A089X558,1,PF00704
A0A089X9D6,1,PF00704
A0A089XAI7,1,PF00704
A0A089YY12,1,PS51910
A0A089Z4W6,1,PF00704
A0A090HXY9,1,PF00704
A0A090ILU4,1,PF00704
A0A090IPD4,1,PF00704
A0A090KHK8,2,PF00704
A0A090KHK8,2,PF06483
A0A090KUG3,1,PF00704
A0A090QH06,1,PF00704
A0A090QI04,1,PF00704
A0A090QJS3,1,PF00704
A0A090QJY8,1,PS51910
A0A090QKS7,1,PF00704
A0A090QL38,1,PF00704
A0A090QLR0,1,PF00704
A0A090QN18,1,PF00704
A0A090QNJ9,1,PF00704
A0A090QP89,1,PF00704
A0A090QPB4,1,PF00704
A0A090QQI4,1,PF00704
A0A090QWG2,1,PF00704
A0A090QWS5,1,PS51910
A0A090QXL3,1,PF00704
A0A090R215,1,PF00704
A0A090R2B8,2,PF00704
A0A090R2B8,2,PF06483
A0A090R657,1,PF00704
A0A090R6G6,1,PF00704
A0A090RGN5,1,PF00704
A0A090S0F1,1,PF00704
A0A090S1N1,1,PF00704
A0A090S266,1,PF00704
A0A090S564,1,PS51910
A0A090SZB8,1,PS51910
A0A090SZN2,1,PF00704
A0A090T0I5,2,PF00704
A0A090T0I5,2,PF06483
A0A090T454,1,PF00704
A0A090T4C7,1,PF00704
A0A090T803,1,PS51910
A0A090T850,1,PF00704
A0A090XXF8,1,PF00704
A0A090Y317,1,PF00704
A0A090Y5V6,1,PF00704
A0A090YRF3,1,PF00704
A0A090YTM0,2,G3DSA:3.20.20.370
A0A090YTM0,2,PF00704
A0A090Z2P0,1,PF00704
A0A090ZA15,1,PF00704
A0A090ZH08,1,PF00704
A0A090ZXM6,1,PF00704
A0A091A0E0,1,PF00704
A0A094RVB3,1,PF00704
A0A094WFY1,1,PF00704
A0A094WSC9,1,PF00704
A0A095DFW5,1,PF00704
A0A096BDJ8,1,PF00704
A0A096BGE0,1,PF00704
A0A096CMF1,1,PF00704
A0A096D2F1,2,G3DSA:3.20.20.370
A0A096D2F1,2,PF00704
A0A097EDR2,2,G3DSA:3.20.20.370
A0A097EDR2,2,PF00704
A0A097EPI2,2,PF00704
A0A097EPI2,2,SSF51445
A0A097EQM1,1,PF00704
A0A097ER89,1,PF00704
A0A097ER91,1,PF00704
A0A097ERL8,1,PF00704
A0A097J9U0,1,PF00704
A0A097ZQL8,1,PF00704
A0A097ZQM2,1,PF00704
A0A098AWX4,1,PF00704
A0A098B3P6,1,PF00704
A0A098B7Z9,1,PF00704
A0A098EXT6,1,PF00704
A0A098EZU4,1,PF00704
A0A098F325,1,PF00704
A0A098F5V9,1,PF00704
A0A098G4J0,1,PF00704
A0A098G7J9,1,PF00704
A0A098GJ97,1,PF00704
A0A098LIP0,1,PF00704
A0A098M4C6,1,PS51910
A0A098M4Q8,1,PF00704
A0A098MB50,1,PF00704
A0A098MHA4,1,PF00704
A0A098PX33,1,PF00704
A0A098QUA5,1,PF00704
A0A098S8C2,1,PF00704
A0A099D556,1,PF00704
A0A099D983,1,PF00704
A0A099KEF1,1,PF00704
A0A099L3J3,1,PF00704
A0A099L5U2,1,PF00704
A0A099LCK5,1,PF00704
A0A099LDR2,1,PF00704
A0A099LDR6,1,PF00704
A0A099LV54,2,PF00704
A0A099LV54,2,PF06483
A0A099LVT3,1,PF00704
A0A099LWR4,1,PF00704
A0A099S1G1,1,PF00704
A0A099S4W7,1,PF00704
A0A099S902,1,PF00704
A0A099SBU9,1,PF00704
A0A099SG25,1,PF00704
A0A099W658,1,PF00704
A0A099W8Z4,1,PF00704
A0A099WB10,1,PF00704
A0A099WCP8,1,PF00704
A0A099WCQ5,1,PF00704
A0A099WEB1,1,PF00704
A0A099WEV4,1,PF00704
A0A099WLT5,1,PF00704
A0A0A0B3Z7,1,PF00704
A0A0A0IB11,1,PF00704
A0A0A0IG69,1,PF00704
A0A0A0N9J4,1,PF00704
A0A0A0ND72,1,PS51910
A0A0A0NDL9,1,PF00704
A0A0A0NJI4,1,PF00704
A0A0A0NTF5,1,PS51910
A0A0A0NW91,1,PF00704
A0A0A0QZL1,1,PF00704
A0A0A0R165,1,PF00704
A0A0A0R1Y7,1,PF00704
A0A0A0R1Y9,1,PF00704
A0A0A0R690,1,PF00704
A0A0A0R693,1,PF00704
A0A0A0R779,1,PF00704
A0A0A0R781,1,PF00704
A0A0A1E857,1,PF00704
A0A0A1E9R4,1,PF00704
A0A0A1E9Z3,1,PF00704
A0A0A1ECE1,1,PF00704
A0A0A1FAT4,1,PF00704
A0A0A1FD63,1,PF00704
A0A0A1FFZ8,1,PF00704
A0A0A1MKA3,1,PF00704
A0A0A1VHY3,1,PF00704
A0A0A1VHZ3,1,PF00704
A0A0A1W3C2,2,G3DSA:3.20.20.370
A0A0A1W3C2,2,PF00704
A0A0A2CMY8,1,PF00704
A0A0A2T6M9,1,PF00704
A0A0A2T9F2,1,PF00704
A0A0A2THQ6,1,PF00704
A0A0A2TI30,1,PF00704
A0A0A2TLR8,1,PF00704
A0A0A2TMS1,1,PF00704
A0A0A2U5T5,1,PF00704
A0A0A2U645,1,PF00704
A0A0A2UW23,1,PF00704
A0A0A2V1M4,1,PF00704
A0A0A2V1R5,1,PF00704
A0A0A3HVZ1,1,PF00704
A0A0A3I2K0,1,PF00704
A0A0A3I8M1,1,PF00704
A0A0A3IB74,1,PF00704
A0A0A3IPN1,1,PF00704
A0A0A3IQU1,1,PF00704
A0A0A3IRY6,1,PF00704
A0A0A3IVC4,1,PF00704
A0A0A3J4F9,1,PF00704
A0A0A3JUB6,1,PF00704
A0A0A3YLH6,1,PF00704
A0A0A5G3D5,1,PF00704
A0A0A5G553,1,PF00704
A0A0A5GE85,1,PF00704
A0A0A5GI44,1,PF00704
A0A0A5GJB5,1,PF00704
A0A0A5GQW6,1,PF00704
A0A0A5GQY1,1,PF00704
A0A0A5I0N2,1,PF00704
A0A0A5I1Z6,2,PF00704
A0A0A5I1Z6,2,PF06483
A0A0A5I3Y4,1,PF00704
A0A0A6D4X6,1,PF00704
A0A0A6UB86,1,PF00704
A0A0A6UDY5,1,PF00704
A0A0A6UES5,1,PS51910
A0A0A6UK83,1,PF00704
A0A0A6URT7,1,PF00704
A0A0A6UTW5,1,PF00704
A0A0A6V8R8,1,PF00704
A0A0A6VCQ6,1,PF00704
A0A0A6VEX2,1,PF00704
A0A0A6XV95,1,PF00704
A0A0A7EGV5,1,PF00704
A0A0A7EIG9,1,PF00704
A0A0A7FSD2,1,PS51910
A0A0A7FTC5,1,PF00704
A0A0A7FV50,1,PF00704
A0A0A7FYQ3,1,PF00704
A0A0A7I8V3,1,PF00704
A0A0A8E3H1,1,PF00704
A0A0A8E3Y4,1,PF00704
A0A0A8E463,1,PF00704
A0A0A8E4D8,1,PS51910
A0A0A8E4P9,1,PF00704
A0A0A8ECQ0,1,PF00704
A0A0A8ED51,1,PF00704
A0A0A8EF60,1,PF00704
A0A0A8EJY2,1,PF00704
A0A0A8EVX0,1,PS51910
A0A0A8EXA7,1,PF00704
A0A0A8EZ04,1,PF00704
A0A0A8JJW2,1,PF00704
A0A0A8JMF0,1,PF00704
A0A0A8UW26,1,PF00704
A0A0A8UWL5,1,PF00704
A0A0A8X0E3,1,PF00704
A0A0A8X3Y8,1,PF00704
A0A0A8X7A4,1,PF00704
A0A0A8XBV8,1,PF00704
A0A0A8XD16,1,PF00704
A0A0B0D054,1,PF00704
A0A0B0D9Z7,1,PF00704
A0A0B0IB02,2,G3DSA:3.20.20.370
A0A0B0IB02,2,PF00704
A0A0B0IBJ1,1,PF00704
A0A0B0IBS6,1,PF00704
A0A0B0VFL8,1,PF00704
A0A0B1U700,2,G3DSA:3.20.20.370
A0A0B1U700,2,PF00704
A0A0B3BNP8,2,G3DSA:3.20.20.370
A0A0B3BNP8,2,PF00704
A0A0B3BRK5,1,PF00704
A0A0B3BTX5,1,PF00704
A0A0B3VS10,2,PF00704
A0A0B3VS10,2,SSF51445
A0A0B3VZW1,1,PF00704
A0A0B5AH11,1,PF00704
A0A0B5DH58,1,PF00704
A0A0B5DM44,1,PF00704
A0A0B5DQ98,1,PS51910
A0A0B5EQG7,1,PF00704
A0A0B5ETI4,1,PF00704
A0A0B5EW01,1,PF00704
A0A0B5F7X8,1,PF00704
A0A0B5F8B9,1,PS51910
A0A0B5HY50,1,PS51910
A0A0B5I0V0,1,PF00704
A0A0B5I4S1,1,PF00704
A0A0B5I6Q8,1,PF00704
A0A0B5I7T5,1,PF00704
A0A0B5I983,1,PF00704
A0A0B5IA40,1,PF00704
A0A0B5NL12,2,G3DSA:3.20.20.370
A0A0B5NL12,2,PF00704
A0A0B5NUV0,1,PF00704
A0A0B5NVZ3,1,PF00704
A0A0B5P4H6,1,PF00704
A0A0B5QAI4,1,PF00704
A0A0B5QHG2,1,PF00704
A0A0B5QMJ7,1,PF00704
A0A0B5S795,1,PF00704
A0A0B6A5R3,1,PF00704
A0A0B6AI10,1,PF00704
A0A0B6ALY8,2,G3DSA:3.20.20.370
A0A0B6ALY8,2,PF00704
A0A0B6AP06,1,PF00704
A0A0B6CPF1,1,PF00704
A0A0B6CPG3,1,PF00704
A0A0B6D3Q9,2,PF00704
A0A0B6D3Q9,2,SSF51445
A0A0B6D4N0,1,PF00704
A0A0B6D4S8,1,PF00704
A0A0B6D4Y4,1,PF00704
A0A0B6D526,1,PF00704
A0A0B6DSZ8,1,PF00704
A0A0B6RUA7,1,PF00704
A0A0B6S9I5,1,PF00704
A0A0B6WVK3,2,G3DSA:3.20.20.370
A0A0B6WVK3,2,PF00704
A0A0B6X2W1,1,PF00704
A0A0B6X3H6,1,PF00704
A0A0B6XB82,1,PF00704
A0A0B7G7J7,1,PF00704
A0A0B7GXE8,1,PF00704
A0A0B7JIY7,1,PF00704
A0A0B7MM77,1,PF00704
A0A0B8QI29,1,PF00704
A0A0B8RFB2,1,PF00704
A0A0B8T2I5,1,PS51910
A0A0B9FPU6,1,PF00704
A0A0B9GEN5,1,PF00704
A0A0B9GL88,1,PF00704
A0A0B9H244,1,PF00704
A0A0C1CVB4,1,PF00704
A0A0C1D1V0,2,G3DSA:3.20.20.370
A0A0C1D1V0,2,PF00704
A0A0C1DDS7,1,PF00704
A0A0C1DN16,2,G3DSA:3.20.20.370
A0A0C1DN16,2,PF00704
A0A0C1FRX4,2,G3DSA:3.20.20.370
A0A0C1FRX4,2,PF00704
A0A0C1G9H7,1,PF00704
A0A0C1L415,1,PF00704
A0A0C1L960,1,PF00704
A0A0C1MEN8,1,PF00704
A0A0C1MUA7,1,PF00704
A0A0C1Q8W4,1,PF00704
A0A0C1QA67,1,PF00704
A0A0C1QAL2,1,PF00704
A0A0C1QCP1,1,PF00704
A0A0C1QEG0,1,PF00704
A0A0C1QMN4,1,PF00704
A0A0C1TYV2,2,PF00704
A0A0C1TYV2,2,SSF51445
A0A0C1UFD4,1,PF00704
A0A0C1W681,1,PF00704
A0A0C1XIF7,1,PS51910
A0A0C1XNW4,1,PF00704
A0A0C1XX71,1,PF00704
A0A0C1Y9E2,1,PS51910
A0A0C1Z1S8,1,PF00704
A0A0C1Z304,2,PF00704
A0A0C1Z304,2,PF06483
A0A0C1Z521,1,PF00704
A0A0C1Z6H7,1,PF00704
A0A0C1Z746,1,PF00704
A0A0C2AZ61,1,PF00704
A0A0C2AZI8,1,PS51910
A0A0C2B1R1,1,PS51910
A0A0C2B5Z2,1,PF00704
A0A0C2B937,1,PF00704
A0A0C2BDE3,1,PF00704
A0A0C2BER0,1,PS51910
A0A0C2BGZ5,1,PF00704
A0A0C2BIC2,1,PF00704
A0A0C2EER6,1,PF00704
A0A0C2FDL6,1,PF00704
A0A0C2G5P8,1,PF00704
A0A0C2HZF5,1,PF00704
A0A0C2J8Q3,1,PF00704
A0A0C2JCV7,1,PF00704
A0A0C2K822,1,PF00704
A0A0C2NHY8,1,PF00704
A0A0C2NQR2,1,PF00704
A0A0C2RH29,1,PF00704
A0A0C2RQV5,1,PF00704
A0A0C2V0V5,1,PF00704
A0A0C2W9B9,1,PF00704
A0A0C2WAZ5,1,PF00704
A0A0C3DIP8,1,PF00704
A0A0C3DLI6,2,PF00704
A0A0C3DLI6,2,PF06483
A0A0C5C9A1,1,PF00704
A0A0C5CB78,1,PF00704
A0A0C5E346,1,PF00704
A0A0C5EIC3,1,PF00704
A0A0C5FRE7,1,PF00704
A0A0C5FTU1,2,G3DSA:2.10.10.20:FF:000001
A0A0C5FTU1,2,PF00704
A0A0C5FU68,1,PF00704
A0A0C5G082,1,PS51910
A0A0C5G6D7,1,PF00704
A0A0C5VCF9,1,PF00704
A0A0C5VHC9,1,PF00704
A0A0C5VT44,1,PF00704
A0A0C5W174,1,PF00704
A0A0C5WEE2,1,PF00704
A0A0C5WMH6,1,PF00704
A0A0C5WQ31,1,PF00704
A0A0C5WRP0,2,PF00704
A0A0C5WRP0,2,PF06483
A0A0C5XBT9,1,PF00704
A0A0C7G643,1,PF00704
A0A0C7P2D8,1,PF00704
A0A0C7P3D2,1,PF00704
A0A0C9NCC1,2,G3DSA:3.20.20.370
A0A0C9NCC1,2,PF00704
A0A0D0EEB6,1,PF00704
A0A0D0EZV0,1,PS51910
A0A0D0F1T7,2,G3DSA:3.20.20.370
A0A0D0F1T7,2,PF00704
A0A0D0F7Y4,1,PS51910
A0A0D0F895,1,PF00704
A0A0D0FZ19,1,PS51910
A0A0D0GJC6,2,G3DSA:3.20.20.370
A0A0D0GJC6,2,PF00704
A0A0D0GNM3,1,PS51910
A0A0D0H8K7,1,PF00704
A0A0D0N632,1,PF00704
A0A0D0N740,1,PF00704
A0A0D0N9V5,1,PF00704
A0A0D0NRC8,1,PF00704
A0A0D0NS56,1,PF00704
A0A0D0NSM5,1,PF00704
A0A0D0PI98,1,PF00704
A0A0D0PIE8,1,PF00704
A0A0D0PNI5,1,PF00704
A0A0D0PSU5,1,PF00704
A0A0D0PSY9,1,PS51910
A0A0D0PU88,1,PF00704
A0A0D0Q5G9,1,PF00704
A0A0D0Q7V6,1,PF00704
A0A0D0SJG2,1,PF00704
A0A0D0SM36,1,PF00704
A0A0D0UPJ5,1,PF00704
A0A0D0UWX0,1,PS51910
A0A0D0WX37,1,PF00704
A0A0D0ZX68,1,PF00704
A0A0D1A1G7,1,PF00704
A0A0D1AHU5,1,PF00704
A0A0D1BTK9,1,PS51910
A0A0D1I9T7,1,PF00704
A0A0D1J092,1,PF00704
A0A0D1KVE2,1,PF00704
A0A0D1KWT7,1,PS51910
A0A0D1KZJ1,2,G3DSA:3.20.20.370
A0A0D1KZJ1,2,PF00704
A0A0D1L4P1,1,PF00704
A0A0D1UTA4,1,PF00704
A0A0D3QSW7,1,PF00704
A0A0D3V8Z7,1,PF00704
A0A0D3VC75,1,PF00704
A0A0D3VDE1,1,PF00704
A0A0D3VDY7,1,PF00704
A0A0D3VF06,1,PF00704
A0A0D3VGV5,1,PF00704
A0A0D3VH16,1,PF00704
A0A0D3VHD0,1,PF00704
A0A0D3VIC6,1,PF00704
A0A0D3VJI0,1,PF00704
A0A0D4C0G5,1,PF00704
A0A0D4D5C0,1,PF00704
A0A0D4D5F1,1,PF00704
A0A0D5CDZ1,1,PF00704
A0A0D5NNT7,1,PF00704
A0A0D5NRC0,1,PF00704
A0A0D5XYU4,1,PF00704
A0A0D5Y287,1,PF00704
A0A0D6HLQ3,1,PF00704
A0A0D6KBR4,1,PF00704
A0A0D6Z6Y8,1,PF00704
A0A0D6ZE51,1,PF00704
A0A0D7CDN3,1,PF00704
A0A0D7CIR7,1,PS51910
A0A0D7CL74,1,PF00704
A0A0D7CM83,1,PF00704
A0A0D7KHC0,1,PF00704
A0A0D7KHK8,1,PF00704
A0A0D7KIC7,1,PF00704
A0A0D7KKT0,1,PF00704
A0A0D7KL19,1,PF00704
A0A0D7KP18,2,PF00704
A0A0D7KP18,2,PS51910
A0A0D7KPX6,1,PF00704
A0A0D7KSE6,1,PF00704
A0A0D7KU04,1,PF00704
A0A0D7VWF1,1,PF00704
A0A0D7WBI2,1,PF00704
A0A0D7WXK1,1,PF00704
A0A0D7WYC1,1,PF00704
A0A0D7X716,1,PF00704
A0A0D8BS13,1,PF00704
A0A0D8BXV6,1,PF00704
A0A0D8IAL2,1,PF00704
A0A0D8J798,1,PF00704
A0A0E0T776,1,PF00704
A0A0E0TCK5,1,PF00704
A0A0E0TDQ4,1,PF00704
A0A0E0USP5,1,PF00704
A0A0E0UXB7,1,PF00704
A0A0E1LCK9,1,PF00704
A0A0E1MGE4,1,PF00704
A0A0E2AZC4,1,PS51910
A0A0E2B0A1,1,PF00704
A0A0E2B279,1,PF00704
A0A0E2BA75,1,PF00704
A0A0E2BDM1,1,PF00704
A0A0E2BFD3,1,PF00704
A0A0E2BHE7,1,PF00704
A0A0E2CZW6,1,PF00704
A0A0E2D6S3,1,PF00704
A0A0E2D9U1,1,PF00704
A0A0E2H4H7,1,PF00704
A0A0E2H9C8,1,PF00704
A0A0E2HUI8,1,PF00704
A0A0E2KZR4,1,PF00704
A0A0E3AZ74,1,PF00704
A0A0E3BNZ5,1,PF00704
A0A0E3BTA7,1,PF00704
A0A0E3GR07,1,PF00704
A0A0E3JSK3,1,PF00704
A0A0E3JWN3,1,PF00704
A0A0E3JYI4,1,PF00704
A0A0E3LP35,1,PF00704
A0A0E3M8F3,1,PF00704
A0A0E3Q1X9,1,PF00704
A0A0E3Q3U5,1,PF00704
A0A0E3Q9B7,1,PF00704
A0A0E3QBE0,1,PF00704
A0A0E3R6J0,1,PF00704
A0A0E3S8A5,1,PF00704
A0A0E3YQ66,1,PF00704
A0A0E3Z5T3,1,PF00704
A0A0E3ZUW2,1,PF00704
A0A0E3ZV69,1,PF00704
A0A0E4CW32,1,PF00704
A0A0E4CYW0,1,PF00704
A0A0E4GET7,1,PF00704
A0A0E4H6X5,1,PF00704
A0A0E4HD95,1,PF00704
A0A0E4HDR3,1,PF00704
A0A0E9MRF8,2,G3DSA:3.20.20.370
A0A0E9MRF8,2,PF00704
A0A0E9MV25,1,PF00704
A0A0E9MZK1,1,PF00704
A0A0E9N594,1,PF00704
A0A0F0CC41,1,PF00704
A0A0F0CCS6,1,PF00704
A0A0F0GCZ2,1,PF00704
A0A0F0GF70,1,PS51910
A0A0F0GGK6,1,PF00704
A0A0F0GMG1,1,PF00704
A0A0F0GPV1,1,PF00704
A0A0F0GPY5,1,PF00704
A0A0F0GQ33,1,PF00704
A0A0F0GSL9,1,PF00704
A0A0F0GSW3,1,PF00704
A0A0F0GT16,1,PF00704
A0A0F0GTN0,1,PF00704
A0A0F0GUP3,1,PF00704
A0A0F0GXP4,1,PF00704
A0A0F0H5U7,1,PF00704
A0A0F0H6V1,1,PF00704
A0A0F0H7L5,1,PF00704
A0A0F0HE21,1,PF00704
A0A0F0HFS4,1,PF00704
A0A0F0HH71,1,PF00704
A0A0F0HMS7,1,PF00704
A0A0F0HPV4,1,PF00704
A0A0F0HT99,1,PS51910
A0A0F0HTJ3,1,PF00704
A0A0F0HVF0,1,PF00704
A0A0F0HVP1,1,PF00704
A0A0F0HX22,1,PF00704
A0A0F0HZ74,1,PS51910
A0A0F0KP37,1,PF00704
A0A0F0V3Q2,1,PF00704
A0A0F1B1J7,1,PF00704
A0A0F2CCJ3,1,PF00704
A0A0F2H9N4,2,PF00704
A0A0F2H9N4,2,PF06483
A0A0F2HNK5,1,PF00704
A0A0F2I4F1,1,PF00704
A0A0F2IPX4,1,PF00704
A0A0F2JBE2,1,PF00704
A0A0F2JE31,1,PF00704
A0A0F2JHH5,1,PF00704
A0A0F2JI46,1,PF00704
A0A0F2JPY2,1,PF00704
A0A0F2N2N7,1,PF00704
A0A0F2NHD0,1,PF00704
A0A0F2P461,1,PF00704
A0A0F2PMG6,1,PF00704
A0A0F2PPZ3,1,PF00704
A0A0F2PY84,1,PF00704
A0A0F2Q4D7,1,PF00704
A0A0F2Q5W6,1,PF00704
A0A0F2Q6E6,1,PF00704
A0A0F2S636,1,PF00704
A0A0F2SA20,1,PF00704
A0A0F2SBL5,1,PF00704
A0A0F2SHP3,1,PF00704
A0A0F2SN11,1,PF00704
A0A0F2T5V7,1,PF00704
A0A0F2T6N3,1,PF00704
A0A0F2T9A4,1,PF00704
A0A0F2TET0,1,PF00704
A0A0F2TEX1,1,PF00704
A0A0F2TFP6,1,PF00704
A0A0F2THR5,1,PF00704
A0A0F3GTD6,1,PF00704
A0A0F3GTE8,1,PF00704
A0A0F3IFI1,1,PS51910
A0A0F3IKI4,1,PF00704
A0A0F3MSN8,1,PF00704
A0A0F4ITU9,1,PF00704
A0A0F4IWE9,1,PF00704
A0A0F4IXG1,1,PF00704
A0A0F4J510,1,PF00704
A0A0F4JA87,1,PF00704
A0A0F4JAB4,1,PF00704
A0A0F4JMX2,1,PF00704
A0A0F4NNQ7,1,PF00704
A0A0F4PM55,1,PF00704
A0A0F4PQG2,1,PF00704
A0A0F4PVF5,1,PF00704
A0A0F4QEV9,1,PF00704
A0A0F4QMJ4,1,PF00704
A0A0F4QMR2,1,PF00704
A0A0F4QU25,1,PF00704
A0A0F4QZ70,1,PF00704
A0A0F4QZP9,1,PF00704
A0A0F4R071,1,PF00704
A0A0F4R953,1,PF00704
A0A0F5AQY0,1,PF00704
A0A0F5ASN4,1,PF00704
A0A0F5I3Q3,2,G3DSA:3.20.20.370
A0A0F5I3Q3,2,PF00704
A0A0F5I4M3,1,PF00704
A0A0F5I829,1,PF00704
A0A0F5IBL1,1,PF00704
A0A0F5ID81,1,PF00704
A0A0F5PL86,1,PF00704
A0A0F5R625,1,PF00704
A0A0F5R9K9,1,PF00704
A0A0F5RA88,1,PF00704
A0A0F5RAH8,1,PF00704
A0A0F5RAQ7,1,PF00704
A0A0F5RBZ0,1,PF00704
A0A0F5VDU3,1,PF00704
A0A0F5VFI2,2,PF00704
A0A0F5VFI2,2,PF06483
A0A0F5VG93,2,G3DSA:2.10.10.20:FF:000001
A0A0F5VG93,2,PF00704
A0A0F5VIB1,1,PF00704
A0A0F5VNE5,1,PF00704
A0A0F5VNU3,1,PF00704
A0A0F5VR87,1,PF00704
A0A0F5VU49,1,PS51910
A0A0F5W6V7,1,PS51910
A0A0F5ZPN9,1,PF00704
A0A0F5ZTY5,1,PF00704
A0A0F5ZTZ7,2,PF00704
A0A0F5ZTZ7,2,PF06483
A0A0F5ZXX0,1,PF00704
A0A0F5ZZ61,1,PF00704
A0A0F5ZZI2,1,PF00704
A0A0F6A4X9,1,PF00704
A0A0F6A587,1,PF00704
A0A0F6AAE4,1,PF00704
A0A0F6AAG1,1,PF00704
A0A0F6ACA3,1,PF00704
A0A0F6ADT8,1,PF00704
A0A0F6AFV3,1,PF00704
A0A0F6AG35,1,PF00704
A0A0F6AG73,1,PF00704
A0A0F6AWD8,1,PF00704
A0A0F6H7K4,1,PF00704
A0A0F6H8H3,1,PF00704
A0A0F6HB67,1,PF00704
A0A0F6I810,1,PF00704
A0A0F6IA72,1,PF00704
A0A0F6IBU8,1,PF00704
A0A0F6NB08,1,PF00704
A0A0F6NWE3,1,PF00704
A0A0F6PM95,1,PF00704
A0A0F6TU13,1,PF00704
A0A0F6TU48,1,PF00704
A0A0F6XZ60,1,PF00704
A0A0F6Y032,1,PF00704
A0A0F7BZ71,1,PF00704
A0A0F7BZE3,1,PF00704
A0A0F7C0B6,1,PF00704
A0A0F7C1P6,1,PF00704
A0A0F7C1Q0,1,PF00704
A0A0F7CQP8,1,PF00704
A0A0F7F933,1,PS51910
A0A0F7FGD6,1,PF00704
A0A0F7FXV8,1,PF00704
A0A0F7HGS7,1,PF00704
A0A0F7LPW7,1,PF00704
A0A0F7N0G8,1,PF00704
A0A0F7N8Q5,1,PF00704
A0A0F7N8X5,1,PS51910
A0A0F7NA41,1,PF00704
A0A0F7NCN5,1,PF00704
A0A0F7NCR5,1,PF00704
A0A0F7NCZ5,1,PF00704
A0A0F7NDD9,1,PF00704
A0A0F7VPG4,1,PF00704
A0A0F7VQN6,1,PF00704
A0A0F7W2Y6,2,G3DSA:2.10.10.20:FF:000001
A0A0F7W2Y6,2,PF00704
A0A0F7Y7F1,1,PF00704
A0A0F9YKR4,1,PF00704
A0A0G0E398,1,PF00704
A0A0G0EWG2,1,PF00704
A0A0G0GME7,1,PF00704
A0A0G0H2D8,1,PF00704
A0A0G0HCJ6,1,PF00704
A0A0G0HD28,1,PF00704
A0A0G0HVF0,1,PF00704
A0A0G0HX75,1,PF00704
A0A0G0IN11,1,PF00704
A0A0G0IYN9,1,PF00704
A0A0G0JGH6,1,PF00704
A0A0G0K7H4,1,PF00704
A0A0G0KWG7,1,PF00704
A0A0G0L116,1,PF00704
A0A0G0LJB0,1,PF00704
A0A0G0LVS6,1,PF00704
A0A0G0MSK8,1,PF00704
A0A0G0MVZ3,1,PF00704
A0A0G0MWX6,1,PF00704
A0A0G0N1P5,1,PF00704
A0A0G0NPY2,1,PF00704
A0A0G0NRD6,1,PF00704
A0A0G0Q6I5,1,PF00704
A0A0G0Q6U9,1,PF00704
A0A0G0RDB0,1,PF00704
A0A0G0RDN1,1,PF00704
A0A0G0RVJ1,1,PF00704
A0A0G0SAK7,1,PF00704
A0A0G0TFE4,1,PF00704
A0A0G0TFU0,1,PF00704
A0A0G0U6H1,1,PF00704
A0A0G0U9Y3,1,PF00704
A0A0G0V3B1,1,PF00704
A0A0G0VMH8,1,PF00704
A0A0G0W6H4,1,PF00704
A0A0G0WM03,1,PF00704
A0A0G0WT07,1,PF00704
A0A0G0WWC2,1,PF00704
A0A0G0WYR0,1,PF00704
A0A0G0X2F1,1,PF00704
A0A0G0X6J6,1,PF00704
A0A0G0XC70,1,PF00704
A0A0G0XD31,1,PF00704
A0A0G0Z2C1,1,PF00704
A0A0G0ZD29,1,PF00704
A0A0G1A4M9,1,PF00704
A0A0G1A8Q7,1,PF00704
A0A0G1AX34,1,PF00704
A0A0G1AYL0,1,PF00704
A0A0G1B0X6,1,PF00704
A0A0G1BA96,1,PF00704
A0A0G1BIJ8,1,PF00704
A0A0G1BRH1,1,PF00704
A0A0G1BX72,1,PF00704
A0A0G1CHN5,1,PF00704
A0A0G1CJW3,1,PF00704
A0A0G1CUL8,1,PF00704
A0A0G1DA19,1,PF00704
A0A0G1DE89,1,PF00704
A0A0G1DJZ5,1,PF00704
A0A0G1DWP0,1,PF00704
A0A0G1F138,1,PF00704
A0A0G1FEY9,1,PF00704
A0A0G1G865,1,PF00704
A0A0G1GGE0,1,PF00704
A0A0G1GH81,1,PF00704
A0A0G1GWG3,1,PF00704
A0A0G1GZC2,1,PF00704
A0A0G1HFE5,1,PF00704
A0A0G1IEA4,1,PF00704
A0A0G1IMG0,1,PF00704
A0A0G1IRW3,1,PF00704
A0A0G1IWH2,1,PF00704
A0A0G1IXE8,1,PF00704
A0A0G1JED0,1,PF00704
A0A0G1JMB5,1,PF00704
A0A0G1JMH0,1,PF00704
A0A0G1K0L1,1,PF00704
A0A0G1K1S5,1,PF00704
A0A0G1KFW8,1,PF00704
A0A0G1KGY2,1,PF00704
A0A0G1KHG8,1,PF00704
A0A0G1KI81,1,PF00704
A0A0G1KPH3,1,PF00704
A0A0G1KQZ2,1,PF00704
A0A0G1KU41,1,PF00704
A0A0G1L6H2,1,PF00704
A0A0G1L6T4,1,PF00704
A0A0G1L841,1,PF00704
A0A0G1LCA9,2,G3DSA:3.20.20.370
A0A0G1LCA9,2,PF00704
A0A0G1LG94,1,PF00704
A0A0G1LHL1,1,PF00704
A0A0G1LN01,1,PF00704
A0A0G1LVH2,1,PF00704
A0A0G1LX75,1,PF00704
A0A0G1M5Q8,1,PF00704
A0A0G1MCC2,1,PF00704
A0A0G1N974,1,PF00704
A0A0G1NCK2,1,PF00704
A0A0G1NWQ6,2,G3DSA:3.20.20.370
A0A0G1NWQ6,2,PF00704
A0A0G1P1H9,1,PF00704
A0A0G1PLK0,1,PF00704
A0A0G1QDT7,1,PF00704
A0A0G1QMH9,1,PF00704
A0A0G1QTV2,1,PF00704
A0A0G1QXN2,1,PF00704
A0A0G1R0B5,1,PF00704
A0A0G1RBX9,2,G3DSA:3.20.20.370
A0A0G1RBX9,2,PF00704
A0A0G1RCY3,1,PF00704
A0A0G1RJS5,1,PF00704
A0A0G1RJU3,1,PF00704
A0A0G1RKV7,1,PF00704
A0A0G1S1N9,1,PF00704
A0A0G1SB31,1,PF00704
A0A0G1T4Z2,1,PF00704
A0A0G1TI47,1,PF00704
A0A0G1U3J9,1,PF00704
A0A0G1U8U6,1,PF00704
A0A0G1VKK1,2,G3DSA:3.20.20.370
A0A0G1VKK1,2,PF00704
A0A0G1WKM5,1,PF00704
A0A0G1Y3G4,1,PF00704
A0A0G1YK25,1,PF00704
A0A0G1ZB33,1,PF00704
A0A0G1ZTJ5,1,PF00704
A0A0G1ZU23,1,PF00704
A0A0G2ARY9,1,PF00704
A0A0G2QUN1,1,PF00704
A0A0G2UHE9,1,PF00704
A0A0G3BBN0,1,PF00704
A0A0G3BJ57,1,PF00704
A0A0G3BJJ2,1,PF00704
A0A0G3BKZ8,1,PF00704
A0A0G3BLA6,1,PS51910
A0A0G3BSI2,1,PF00704
A0A0G3CGT1,1,PF00704
A0A0G3GW68,1,PS51910
A0A0G3M3L6,2,G3DSA:3.20.20.370
A0A0G3M3L6,2,PF00704
A0A0G3SSG7,1,PF00704
A0A0G3UET3,1,PS51910
A0A0G3UK46,1,PF00704
A0A0G3UYZ4,1,PF00704
A0A0G3W854,1,PF00704
A0A0G4B274,1,PF00704
A0A0G8C2L1,1,PF00704
A0A0G8CGL8,1,PF00704
A0A0G8CGX5,1,PF00704
A0A0G8DLN8,1,PF00704
A0A0G8EIL8,1,PF00704
A0A0G8EM65,1,PF00704
A0A0G8F271,2,G3DSA:3.20.20.370
A0A0G8F271,2,PF00704
A0A0G8F3X8,1,PF00704
A0A0G8FAK8,1,PF00704
A0A0G9H979,1,PF00704
A0A0G9LFB8,1,PS51910
A0A0G9LFQ1,1,PF00704
A0A0G9LG49,1,PF00704
A0A0H1AS39,1,PF00704
A0A0H2KHZ6,1,PF00704
A0A0H2KJX3,1,PF00704
A0A0H2KNW6,1,PF00704
A0A0H2KNZ4,1,PF00704
A0A0H2KP10,1,PF00704
A0A0H2KP81,1,PF00704
A0A0H2KT24,1,PF00704
A0A0H2KWY1,1,PF00704
A0A0H2KYX9,1,PF00704
A0A0H2MA03,1,PF00704
A0A0H2MME1,2,PF00704
A0A0H2MME1,2,PF06483
A0A0H2MWR4,1,PF00704
A0A0H2VD17,1,PF00704
A0A0H2X6V3,1,PF00704
A0A0H2Z3S5,1,PF00704
A0A0H2ZAZ1,1,PF00704
A0A0H3AEY2,2,G3DSA:2.10.10.20:FF:000001
A0A0H3AEY2,2,PF00704
A0A0H3AFN3,2,PF00704
A0A0H3AFN3,2,PF06483
A0A0H3ALC1,1,PF00704
A0A0H3AMF0,3,G3DSA:2.60.40.10:FF:002602
A0A0H3AMF0,3,G3DSA:2.60.40.10:FF:002609
A0A0H3AMF0,3,PF00704
A0A0H3AXZ3,1,PF00704
A0A0H3BPM5,1,PF00704
A0A0H3CK80,1,PF00704
A0A0H3CMB9,1,PF00704
A0A0H3CVN4,1,PF00704
A0A0H3CX06,1,PF00704
A0A0H3CXP7,1,PS51910
A0A0H3CZ70,1,PF00704
A0A0H3D182,1,PF00704
A0A0H3D431,1,PF00704
A0A0H3DAP1,1,PF00704
A0A0H3DAQ2,1,PF00704
A0A0H3DB77,1,PF00704
A0A0H3DGB2,1,PF00704
A0A0H3DH87,1,PS51910
A0A0H3DI07,1,PF00704
A0A0H3EPM3,1,PF00704
A0A0H3FDB1,1,PF00704
A0A0H3FDK8,1,PF00704
A0A0H3FGZ0,1,PF00704
A0A0H3FJR3,1,PF00704
A0A0H3FRH0,1,PF00704
A0A0H3FXR9,1,PF00704
A0A0H3FYW6,2,G3DSA:3.20.20.370
A0A0H3FYW6,2,PF00704
A0A0H3G259,1,PF00704
A0A0H3GCL7,1,PF00704
A0A0H3GLE1,1,PF00704
A0A0H3GRG6,1,PF00704
A0A0H3H5A4,1,PF00704
A0A0H3HAA7,1,PF00704
A0A0H3HBQ9,1,PF00704
A0A0H3HDK2,1,PF00704
A0A0H3I1T6,1,PS51910
A0A0H3I6V6,1,PF00704
A0A0H3J7R6,1,PF00704
A0A0H3N1L0,1,PF00704
A0A0H3N7I6,1,PF00704
A0A0H3UAH7,1,PF00704
A0A0H3XML3,1,PF00704
A0A0H3YHQ2,1,PF00704
A0A0H3YJ45,1,PF00704
A0A0H4B665,1,PF00704
A0A0H4BYA1,1,PF00704
A0A0H4C1H1,1,PS51910
A0A0H4C551,1,PF00704
A0A0H4C6M7,1,PF00704
A0A0H4C9G7,1,PF00704
A0A0H4C9L8,1,PF00704
A0A0H4CPE0,1,PF00704
A0A0H4CS66,1,PF00704
A0A0H4KE92,1,PF00704
A0A0H4KN83,2,G3DSA:3.20.20.370
A0A0H4KN83,2,PF00704
A0A0H4KQ01,1,PF00704
A0A0H4KZ14,1,PF00704
A0A0H4U812,1,PF00704
A0A0H4VNN2,1,PF00704
A0A0H4WYW9,1,PF00704
A0A0H4WZF4,1,PF00704
A0A0H4X0Q3,1,PF00704
A0A0H4X2G6,1,PF00704
A0A0H4X7D5,1,PF00704
A0A0H4XJL8,1,PF00704
A0A0H5CJF6,1,PF00704
A0A0H5CZ67,1,PF00704
A0A0H5D360,1,PF00704
A0A0H5DPG7,1,PS51910
A0A0H5DR49,1,PF00704
A0A0H5SEV4,1,PF00704
A0A0H5SGY8,1,PF00704
A0A0H5SII4,1,PF00704
A0A0H5SJI7,1,PF00704
A0A0H5SKS4,1,PF00704
A0A0H5WNU7,3,G3DSA:2.60.40.10:FF:002602
A0A0H5WNU7,3,G3DSA:2.60.40.10:FF:002609
A0A0H5WNU7,3,PF00704
A0A0H6CRP1,2,G3DSA:2.10.10.20:FF:000001
A0A0H6CRP1,2,PF00704
A0A0I9S8G3,1,PS51910
A0A0J0V5W1,1,PF00704
A0A0J0Y1G3,2,G3DSA:3.20.20.370
A0A0J0Y1G3,2,PF00704
A0A0J0Y895,1,PF00704
A0A0J0YD84,2,PF00704
A0A0J0YGP9,1,PF00704
A0A0J0YM23,2,PF00704
A0A0J0YMR6,1,PF00704
A0A0J0YWA2,1,PF00704
A0A0J1DN43,1,PF00704
A0A0J1F7H8,1,PF00704
A0A0J1FJD8,1,PF00704
A0A0J1FL42,1,PF00704
A0A0J1FQ01,1,PF00704
A0A0J1FSU6,1,PF00704
A0A0J1FT55,1,PF00704
A0A0J1FUP7,1,PF00704
A0A0J1FV84,1,PF00704
A0A0J1FY81,1,PF00704
A0A0J1FYG1,1,PF00704
A0A0J1G6H8,1,PF00704
A0A0J1G728,1,PF00704
A0A0J1G7P7,1,PF00704
A0A0J1GGA3,1,PF00704
A0A0J1GHX1,1,PF00704
A0A0J1GNB3,1,PF00704
A0A0J1GQP5,1,PF00704
A0A0J1GQU1,1,PF00704
A0A0J1GTW2,1,PF00704
A0A0J1H5I1,2,PF00704
A0A0J1H5I1,2,PF06483
A0A0J1H5Y3,1,PF00704
A0A0J1HAS5,2,PF00704
A0A0J1HAS5,2,PF06483
A0A0J1HD30,1,PF00704
A0A0J1HDA8,1,PF00704
A0A0J1HDW0,1,PF00704
A0A0J1HG79,1,PF00704
A0A0J1HJQ2,2,G3DSA:3.20.20.370
A0A0J1HJQ2,2,PF00704
A0A0J1HRE6,1,PF00704
A0A0J1HU02,1,PF00704
A0A0J1I4H1,1,PF00704
A0A0J1I5Q5,1,PF00704
A0A0J1IAC6,1,PF00704
A0A0J1IBL6,1,PF00704
A0A0J1IQ48,1,PF00704
A0A0J1JE16,1,PF00704
A0A0J1JIB2,1,PF00704
A0A0J1JK16,2,PF00704
A0A0J1JK16,2,PF06483
A0A0J1JPB1,1,PF00704
A0A0J1K328,1,PF00704
A0A0J1KVH8,1,PF00704
A0A0J1LP59,1,PF00704
A0A0J1NB34,1,PF00704
A0A0J2E115,1,PF00704
A0A0J5GRB4,1,PF00704
A0A0J5H0I1,1,PF00704
A0A0J5M780,1,PF00704
A0A0J5S889,1,PF00704
A0A0J5X265,1,PF00704
A0A0J5X8Z1,1,PF00704
A0A0J6CUC8,1,PF00704
A0A0J6D5V5,1,PF00704
A0A0J6E9S9,1,PF00704
A0A0J6EB92,1,PF00704
A0A0J6FV26,1,PF00704
A0A0J6G2E8,1,PF00704
A0A0J6K835,1,PF00704
A0A0J6KNI3,1,PF00704
A0A0J6L0V3,2,G3DSA:3.20.20.370
A0A0J6L0V3,2,PF00704
A0A0J6LAP9,1,PF00704
A0A0J6NER8,1,PF00704
A0A0J6NKT9,1,PF00704
A0A0J6NLT4,1,PF00704
A0A0J6NMW8,1,PF00704
A0A0J6RCH4,1,PF00704
A0A0J6T3Q8,1,PS51910
A0A0J6WWD3,1,PF00704
A0A0J6XEG7,1,PF00704
A0A0J6XNJ2,1,PF00704
A0A0J6XNU0,1,PF00704
A0A0J6XSA4,1,PF00704
A0A0J6XSV3,1,PF00704
A0A0J6XUM1,1,PF00704
A0A0J6XVC1,1,PF00704
A0A0J7AI30,1,PF00704
A0A0J7I2L9,2,G3DSA:3.20.20.370
A0A0J7I2L9,2,PF00704
A0A0J7I2Z1,1,PF00704
A0A0J7I4L2,2,G3DSA:3.20.20.370
A0A0J7I4L2,2,PF00704
A0A0J7Z4I6,1,PF00704
A0A0J7Z682,1,PF00704
A0A0J7Z8G4,1,PS51910
A0A0J7ZBM4,1,PF00704
A0A0J8BRA9,1,PF00704
A0A0J8DB17,1,PF00704
A0A0J8DCC9,1,PF00704
A0A0J8DGF0,1,PF00704
A0A0J8GAS0,1,PF00704
A0A0J8GCR3,1,PF00704
A0A0J8VCX0,1,PF00704
A0A0J8VE98,1,PF00704
A0A0J8VKL7,1,PF00704
A0A0J8XTT9,1,PF00704
A0A0J8Y6L2,1,PF00704
A0A0J9BW04,1,PF00704
A0A0J9ES36,1,PF00704
A0A0J9FR65,1,PF00704
A0A0J9FRU7,1,PF00704
A0A0J9FT18,1,PF00704
A0A0K0GLW3,1,PF00704
A0A0K0H6W8,1,PF00704
A0A0K0ILH1,1,PF00704
A0A0K1EBA3,1,PF00704
A0A0K1EFJ5,1,PF00704
A0A0K1ENQ2,1,PF00704
A0A0K1FAE4,1,PF00704
A0A0K1JDW3,1,PF00704
A0A0K1JF66,1,PF00704
A0A0K1JWN3,1,PF00704
A0A0K1K6G6,1,PF00704
A0A0K1K704,1,PF00704
A0A0K1P6P3,1,PF00704
A0A0K1W1P2,1,PF00704
A0A0K2ARX7,1,PS51910
A0A0K2AXU5,1,PF00704
A0A0K2AZB2,1,PF00704
A0A0K2AZJ2,1,PF00704
A0A0K2JLP3,1,PF00704
A0A0K2SMR9,1,PF00704
A0A0K2VMB0,1,PF00704
A0A0K2ZL39,1,PF00704
A0A0K2ZXH9,1,PF00704
A0A0K3ACN5,1,PF00704
A0A0K3AVL2,1,PF00704
A0A0K3AXY0,1,PS51910
A0A0K3AYL1,1,PF00704
A0A0K3AZD2,1,PF00704
A0A0K3AZL6,1,PF00704
A0A0K3B200,1,PF00704
A0A0K3B2B6,1,PF00704
A0A0K3B4G9,1,PF00704
A0A0K3B4P1,1,PF00704
A0A0K3B6F2,1,PF00704
A0A0K3BCK3,1,PF00704
A0A0K3BEX6,1,PS51910
A0A0K3BHB6,1,PF00704
A0A0K3BLU8,1,PF00704
A0A0K3BMS8,1,PF00704
A0A0K6BYB7,1,PS51910
A0A0K8J2W4,1,PF00704
A0A0K8J339,1,PF00704
A0A0K8J3N3,1,PF00704
A0A0K8J6F8,1,PF00704
A0A0K8J8U3,1,PF00704
A0A0K8JDT2,1,PF00704
A0A0K8JE08,1,PF00704
A0A0K8JEW7,1,PF00704
A0A0K8JJE3,1,PF00704
A0A0K8PGH1,1,PF00704
A0A0K8PJD2,1,PF00704
A0A0K9F2D2,1,PF00704
A0A0K9F5Y7,1,PF00704
A0A0K9F6T8,1,PF00704
A0A0K9GAL0,1,PF00704
A0A0K9GRD3,1,PF00704
A0A0K9GUG4,1,PF00704
A0A0K9GUS1,1,PF00704
A0A0K9GY59,1,PF00704
A0A0K9H4H8,1,PF00704
A0A0K9H5M2,1,PF00704
A0A0K9H8J3,1,PF00704
A0A0K9H8K4,1,PF00704
A0A0K9HFF1,1,PF00704
A0A0K9NEM6,1,PF00704
A0A0K9NIE0,1,PF00704
A0A0K9UR19,2,PF00704
A0A0K9UR19,2,PF06483
A0A0K9USD5,1,PF00704
A0A0K9UV97,2,G3DSA:2.10.10.20:FF:000001
A0A0K9UV97,2,PF00704
A0A0K9V2C5,3,G3DSA:2.60.40.10:FF:002602
A0A0K9V2C5,3,G3DSA:2.60.40.10:FF:002609
A0A0K9V2C5,3,PF00704
A0A0K9XBG2,1,PF00704
A0A0K9XDP6,1,PF00704
A0A0K9XF56,1,PF00704
A0A0K9XKM1,1,PF00704
A0A0K9YNY1,1,PF00704
A0A0K9YQN3,1,PF00704
A0A0K9YTT8,1,PF00704
A0A0K9Z188,1,PF00704
A0A0L0AFP7,1,PF00704
A0A0L0AH80,1,PF00704
A0A0L0AS32,1,PF00704
A0A0L0EPZ6,1,PF00704
A0A0L0EU46,1,PF00704
A0A0L0GH33,1,PF00704
A0A0L0H2C5,1,PF00704
A0A0L0KCJ5,1,PF00704
A0A0L0LBU7,1,PF00704
A0A0L0LI59,1,PF00704
A0A0L0LKP8,1,PF00704
A0A0L0LLY0,1,PF00704
A0A0L0LUE8,1,PS51910
A0A0L0QSH1,1,PF00704
A0A0L0WA05,2,PF00704
A0A0L0WA05,2,SSF51445
A0A0L0WAV6,1,PF00704
A0A0L0WEJ3,1,PF00704
A0A0L6HXB5,1,PF00704
A0A0L6JKE9,1,PF00704
A0A0L6JLC0,1,PF00704
A0A0L6JMZ4,1,PF00704
A0A0L6JQL0,2,G3DSA:3.20.20.370
A0A0L6JQL0,2,PF00704
A0A0L6JSS5,1,PF00704
A0A0L6JUC3,1,PF00704
A0A0L6VYK6,1,PF00704
A0A0L6W6G5,1,PF00704
A0A0L6ZCD8,1,PF00704
A0A0L7AVW3,1,PS51910
A0A0L7D275,1,PS51910
A0A0L7TAB1,1,PF00704
A0A0L8A5C1,1,PF00704
A0A0L8AEQ8,1,PF00704
A0A0L8JQX5,1,PF00704
A0A0L8JQZ1,1,PS51910
A0A0L8K6L5,1,PF00704
A0A0L8KFE1,1,PF00704
A0A0L8KWL2,1,PF00704
A0A0L8L2L6,1,PF00704
A0A0L8L3Z3,1,PF00704
A0A0L8L8K7,1,PF00704
A0A0L8LBF3,1,PF00704
A0A0L8LDA4,1,PF00704
A0A0L8LEP6,1,PF00704
A0A0L8LZ60,1,PF00704
A0A0L8M115,1,PF00704
A0A0L8M4A4,1,PF00704
A0A0L8M848,1,PF00704
A0A0L8MHV4,1,PS51910
A0A0L8MP02,1,PF00704
A0A0L8MS44,1,PF00704
A0A0L8MZR0,1,PF00704
A0A0M0F1X2,1,PF00704
A0A0M0F2S3,1,PF00704
A0A0M0F2U7,1,PF00704
A0A0M0F307,1,PF00704
A0A0M0F6U3,1,PF00704
A0A0M0F7A3,1,PF00704
A0A0M0F8L4,1,PF00704
A0A0M0FD74,1,PS51910
A0A0M0FDQ7,1,PF00704
A0A0M0G902,1,PF00704
A0A0M0GEZ9,1,PF00704
A0A0M0GGI5,1,PF00704
A0A0M0GKH6,1,PF00704
A0A0M0GLD5,2,G3DSA:3.20.20.370
A0A0M0GLD5,2,PF00704
A0A0M0GMN6,1,PF00704
A0A0M0HMF6,1,PF00704
A0A0M0HRT5,2,PF00704
A0A0M0HRT5,2,PF06483
A0A0M0I0C1,1,PF00704
A0A0M0I4C6,2,PF00704
A0A0M0I4C6,2,PF06483
A0A0M0I4S5,1,PF00704
A0A0M0KDA9,1,PF00704
A0A0M0KJD2,1,PF00704
A0A0M0KVR0,1,PF00704
A0A0M0L761,1,PF00704
A0A0M0LB29,1,PF00704
A0A0M0LK02,1,PF00704
A0A0M0QQN2,1,PF00704
A0A0M0WE44,1,PF00704
A0A0M0WFN8,1,PF00704
A0A0M1IV21,1,PF00704
A0A0M1IX36,1,PF00704
A0A0M1IX62,1,PS51910
A0A0M1IY55,1,PF00704
A0A0M1J2G5,1,PF00704
A0A0M1N1J1,1,PF00704
A0A0M1N1V8,1,PF00704
A0A0M1N287,1,PF00704
A0A0M1NIW3,1,PF00704
A0A0M1NIW4,1,PF00704
A0A0M1NIZ9,1,PF00704
A0A0M1NYS1,1,PF00704
A0A0M1P4Y6,1,PF00704
A0A0M1P669,1,PF00704
A0A0M1P6F6,1,PF00704
A0A0M2GH03,1,PF00704
A0A0M2GI02,1,PF00704
A0A0M2GSF0,1,PF00704
A0A0M2HFG8,1,PF00704
A0A0M2P7N6,2,G3DSA:3.20.20.370
A0A0M2P7N6,2,PF00704
A0A0M2PAI8,1,PF00704
A0A0M2PCZ3,1,PF00704
A0A0M2PDY5,1,PF00704
A0A0M2PET9,1,PF00704
A0A0M2PH17,1,PF00704
A0A0M2PIK2,1,PF00704
A0A0M2PKX4,1,PF00704
A0A0M2RF07,1,PF00704
A0A0M2RTA6,1,PF00704
A0A0M2RY79,1,PS51910
A0A0M2S6D7,1,PF00704
A0A0M2S8P9,1,PF00704
A0A0M2SR59,1,PF00704
A0A0M2SVY1,2,G3DSA:3.20.20.370
A0A0M2SVY1,2,PF00704
A0A0M2SY07,1,PF00704
A0A0M2SY77,1,PF00704
A0A0M2T5G8,2,G3DSA:3.20.20.370
A0A0M2T5G8,2,PF00704
A0A0M2U0I6,1,PF00704
A0A0M2V2P1,1,PF00704
A0A0M2V377,1,PF00704
A0A0M2WDS3,1,PF00704
A0A0M2WG89,1,PF00704
A0A0M2WT14,1,PF00704
A0A0M2XTH7,2,G3DSA:3.20.20.370
A0A0M2XTH7,2,PF00704
A0A0M2XY78,1,PF00704
A0A0M3D620,1,PF00704
A0A0M3DCP3,1,PF00704
A0A0M3QIA6,1,PF00704
A0A0M3QKY0,1,PF00704
A0A0M3QM27,1,PF00704
A0A0M3R9E0,1,PF00704
A0A0M3RCT1,1,PF00704
A0A0M3RDW6,2,G3DSA:3.20.20.370
A0A0M3RDW6,2,PF00704
A0A0M3SJ87,1,PF00704
A0A0M3SJ89,1,PF00704
A0A0M3TMV7,1,PF00704
A0A0M4D2R7,1,PS51910
A0A0M4D8C8,1,PF00704
A0A0M4DAW9,1,PF00704
A0A0M4DFA9,1,PF00704
A0A0M4DGW5,1,PF00704
A0A0M4DKQ8,1,PF00704
A0A0M4DR46,1,PF00704
A0A0M4DSG6,1,PF00704
A0A0M4DTN2,1,PF00704
A0A0M4E3Y9,1,PF00704
A0A0M4E9T5,1,PF00704
A0A0M4FWM3,1,PF00704
A0A0M4G612,1,PF00704
A0A0M4GAC0,1,PF00704
A0A0M4GII8,1,PF00704
A0A0M4GP89,1,PF00704
A0A0M4GUJ0,2,G3DSA:3.20.20.370
A0A0M4GUJ0,2,PF00704
A0A0M4HDV9,1,PF00704
A0A0M4JIB2,1,PS51910
A0A0M4JWH6,1,PF00704
A0A0M4K3X3,1,PF00704
A0A0M4KCA6,1,PF00704
A0A0M4LU33,1,PS51910
A0A0M4MAX3,1,PF00704
A0A0M4MUN6,1,PF00704
A0A0M4N8B0,1,PF00704
A0A0M5ITM3,1,PF00704
A0A0M5J1Y1,1,PS51910
A0A0M5J2G6,1,PF00704
A0A0M5JD78,1,PF00704
A0A0M5JI69,1,PF00704
A0A0M6WIS8,1,PF00704
A0A0M6WX03,1,PF00704
A0A0M6WXH3,1,PF00704
A0A0M6ZZ42,1,PF00704
A0A0M8K8Q0,3,G3DSA:2.10.10.20:FF:000001
A0A0M8K8Q0,3,PF00704
A0A0M8PSF5,1,PF00704
A0A0M8PXS9,1,PF00704
A0A0M8Q4X3,1,PF00704
A0A0M8QQ75,1,PF00704
A0A0M8QQF8,1,PS51910
A0A0M8QSM9,1,PF00704
A0A0M8RBC7,1,PF00704
A0A0M8RGM1,1,PF00704
A0A0M8RH96,1,PF00704
A0A0M8RPH7,1,PF00704
A0A0M8RQF3,1,PF00704
A0A0M8SG88,1,PF00704
A0A0M8SJC3,1,PF00704
A0A0M8SKU2,1,PF00704
A0A0M8SLX8,1,PF00704
A0A0M8SPB1,1,PF00704
A0A0M8SR58,1,PF00704
A0A0M8SSA9,1,PF00704
A0A0M8T2D6,1,PF00704
A0A0M8T2Y0,1,PF00704
A0A0M8T3V3,1,PF00704
A0A0M8T3V8,1,PF00704
A0A0M8TA25,1,PF00704
A0A0M8TJJ0,1,PF00704
A0A0M8TPU8,1,PF00704
A0A0M8TRC0,1,PF00704
A0A0M8TSQ1,1,PS51910
A0A0M8TTY3,1,PF00704
A0A0M8U1R3,1,PF00704
A0A0M8U4U9,1,PF00704
A0A0M8UCZ5,1,PF00704
A0A0M8UFN1,1,PF00704
A0A0M8UJY2,1,PF00704
A0A0M8UWP2,1,PF00704
A0A0M8UXU0,1,PF00704
A0A0M8V650,1,PS51910
A0A0M8VA71,1,PS51910
A0A0M8VB27,1,PF00704
A0A0M8VDV6,1,PF00704
A0A0M8VGA5,1,PF00704
A0A0M8VGK3,2,PS51910
A0A0M8VGK3,2,SSF51445
A0A0M8VJY2,1,PS51910
A0A0M8VN40,1,PF00704
A0A0M8VZ90,1,PF00704
A0A0M8W1W3,1,PF00704
A0A0M8W357,1,PF00704
A0A0M8W455,1,PF00704
A0A0M8W8F1,1,PF00704
A0A0M8WBQ7,1,PS51910
A0A0M8WC03,1,PF00704
A0A0M8WCB4,1,PF00704
A0A0M8WHN5,1,PS51910
A0A0M8WKH5,1,PF00704
A0A0M8WLB7,1,PF00704
A0A0M8WRD5,1,PF00704
A0A0M8WRT9,1,PS51910
A0A0M8WUD8,1,PF00704
A0A0M8WYU6,1,PF00704
A0A0M8WZS8,1,PS51910
A0A0M8X016,1,PS51910
A0A0M8X798,1,PF00704
A0A0M8XCJ8,1,PS51910
A0A0M8XFA7,1,PF00704
A0A0M8XGB5,1,PF00704
A0A0M8XH04,1,PF00704
A0A0M8XTV4,1,PF00704
A0A0M8XUW7,1,PF00704
A0A0M8Y605,1,PF00704
A0A0M8Y840,1,PF00704
A0A0M8Y8U9,1,PF00704
A0A0M8YAX5,1,PS51910
A0A0M8YBQ3,1,PF00704
A0A0M8YCH7,1,PF00704
A0A0M8YFL3,1,PF00704
A0A0M8YH95,1,PF00704
A0A0M8YIC1,1,PF00704
A0A0M8YM79,2,G3DSA:2.10.10.20:FF:000001
A0A0M8YM79,2,PF00704
A0A0M8YP57,1,PF00704
A0A0M8YPQ2,1,PS51910
A0A0M8YSL5,1,PF00704
A0A0M8YUT6,1,PF00704
A0A0M8YZ26,1,PF00704
A0A0M8YZB8,1,PF00704
A0A0M8Z4V6,1,PF00704
A0A0M8Z6X1,1,PF00704
A0A0M8Z7R1,1,PF00704
A0A0M9BJV4,1,PF00704
A0A0M9BML6,1,PF00704
A0A0M9BN30,1,PF00704
A0A0M9DJX8,1,PF00704
A0A0M9DQK7,1,PF00704
A0A0M9GPX1,1,PF00704
A0A0M9XNM2,1,PS51910
A0A0M9YEE2,1,PS51910
A0A0M9YHJ7,1,PF00704
A0A0M9YQS1,1,PS51910
A0A0M9YS55,1,PF00704
A0A0M9YX78,1,PF00704
A0A0M9YY19,1,PF00704
A0A0M9Z454,1,PS51910
A0A0M9ZEX5,1,PF00704
A0A0M9ZNY0,1,PF00704
A0A0M9ZPQ1,1,PS51910
A0A0M9ZQE1,1,PF00704
A0A0M9ZR23,1,PS51910
A0A0M9ZW40,1,PS51910
A0A0M9ZXS8,1,PF00704
A0A0N0A8A3,1,PS51910
A0A0N0AFA7,1,PF00704
A0A0N0AKC3,1,PF00704
A0A0N0AXQ3,1,PF00704
A0A0N0AYD5,1,PF00704
A0A0N0AZD8,1,PF00704
A0A0N0B136,1,PF00704
A0A0N0C5L7,1,PF00704
A0A0N0GCV9,1,PF00704
A0A0N0GL01,1,PS51910
A0A0N0GL40,1,PF00704
A0A0N0GPS2,1,PF00704
A0A0N0GVZ3,1,PF00704
A0A0N0GWH8,1,PF00704
A0A0N0HJH7,1,PF00704
A0A0N0HMC5,1,PF00704
A0A0N0HNF2,1,PF00704
A0A0N0M1E7,1,PF00704
A0A0N0MJW5,1,PF00704
A0A0N0MPD6,1,PF00704
A0A0N0MQX9,1,PF00704
A0A0N0MV99,1,PF00704
A0A0N0N9R7,1,PF00704
A0A0N0S933,1,PF00704
A0A0N0SBA3,1,PF00704
A0A0N0SEL8,1,PF00704
A0A0N0SFU3,1,PF00704
A0A0N0SII9,1,PF00704
A0A0N0SJ66,1,PF00704
A0A0N0SKA2,1,PF00704
A0A0N0SVE1,1,PF00704
A0A0N0SW96,1,PS51910
A0A0N0SZ83,1,PF00704
A0A0N0SZU4,1,PF00704
A0A0N0T1G7,1,PF00704
A0A0N0T4N2,1,PF00704
A0A0N0T6G2,1,PF00704
A0A0N0T7Z3,1,PF00704
A0A0N0TBU0,1,PF00704
A0A0N0TCF7,1,PF00704
A0A0N0TM06,1,PF00704
A0A0N0UHA1,1,PF00704
A0A0N0UIN3,1,PF00704
A0A0N0XJ35,1,PF00704
A0A0N0XLI9,1,PF00704
A0A0N0XLS8,1,PF00704
A0A0N0XM48,1,PF00704
A0A0N0XTR5,1,PS51910
A0A0N0XZY5,1,PF00704
A0A0N1DWY8,2,G3DSA:3.20.20.370
A0A0N1DWY8,2,PF00704
A0A0N1EQ44,1,PF00704
A0A0N1ES29,1,PF00704
A0A0N1FLP2,1,PF00704
A0A0N1G5K9,1,PF00704
A0A0N1G8A9,1,PF00704
A0A0N1GCJ3,3,PS51910
A0A0N1GCJ3,3,SSF51445
A0A0N1H9U3,1,PF00704
A0A0N1HCF1,1,PS51910
A0A0N1HDD8,1,PF00704
A0A0N1JTS7,1,PF00704
A0A0N1JTV5,1,PF00704
A0A0N1JWR9,1,PF00704
A0A0N1JY64,1,PS51910
A0A0N1KI56,1,PF00704
A0A0N1LHB8,2,G3DSA:3.20.20.370
A0A0N1LHB8,2,PS51910
A0A0N1MUM3,1,PF00704
A0A0N1NFR1,1,PS51910
A0A0N1NGT1,1,PF00704
A0A0N1NSS2,1,PS51910
A0A0N1QZX6,1,PF00704
A0A0N6W544,1,PF00704
A0A0N6W657,2,G3DSA:2.10.10.20:FF:000001
A0A0N6W657,2,PF00704
A0A0N6ZGB1,1,PF00704
A0A0N6ZIH3,1,PF00704
A0A0N6ZIR2,1,PF00704
A0A0N6ZNB5,1,PS51910
A0A0N6ZSG5,1,PF00704
A0A0N6ZTB0,1,PF00704
A0A0N6ZU47,1,PF00704
A0A0N6ZZW1,1,PF00704
A0A0N7A2M5,1,PF00704
A0A0N8GD21,1,PF00704
A0A0N8LUN9,1,PF00704
A0A0N8NT48,1,PF00704
A0A0N8PNV6,1,PF00704
A0A0N8PPK5,1,PF00704
A0A0N8QPE1,1,PF00704
A0A0N8T848,1,PF00704
A0A0N8TCA8,1,PF00704
A0A0N8V9J5,2,PF00704
A0A0N8V9J5,2,PF06483
A0A0N8VMJ7,1,PF00704
A0A0N8W3G3,1,PF00704
A0A0N9HZA2,1,PF00704
A0A0N9I0I4,1,PF00704
A0A0N9I1V0,1,PF00704
A0A0N9I2K6,1,PF00704
A0A0N9I3T0,1,PF00704
A0A0N9I744,1,PF00704
A0A0N9I9E2,1,PF00704
A0A0N9I9Y9,1,PS51910
A0A0N9IBM1,1,PF00704
A0A0N9IDF3,1,PF00704
A0A0N9IDW9,1,PF00704
A0A0N9IFE0,1,PF00704
A0A0N9IJ31,1,PF00704
A0A0N9IKS6,1,PS51910
A0A0N9W002,1,PF00704
A0A0N9WDT0,1,PF00704
A0A0P0F784,1,PS51910
A0A0P0F9I6,1,PF00704
A0A0P0FD35,1,PF00704
A0A0P0GLG0,1,PF00704
A0A0P0GRD5,1,PF00704
A0A0P0GTM7,1,PS51910
A0A0P0M1F1,1,PF00704
A0A0P0NCX8,1,PS51910
A0A0P0NIN8,1,PF00704
A0A0P0NJU5,1,PS51910
A0A0P0NMT5,1,PF00704
A0A0P0NMX5,1,PF00704
A0A0P0UR86,1,PF00704
A0A0P0YW41,3,G3DSA:3.20.20.80
A0A0P0YW41,3,PS51910
A0A0P0YW41,3,SSF51445
A0A0P1M3K1,1,PF00704
A0A0P1MW15,1,PF00704
A0A0P4R010,1,PF00704
A0A0P4RBT8,1,PF00704
A0A0P4RGR0,1,PF00704
A0A0P4USA8,1,PF00704
A0A0P6VXU8,1,PF00704
A0A0P6W991,1,PF00704
A0A0P6XHA3,1,PF00704
A0A0P6YAD7,3,G3DSA:2.10.10.20:FF:000001
A0A0P6YAD7,3,PF00704
A0A0P6YXW8,1,PF00704
A0A0P6Z0Q1,1,PF00704
A0A0P7C0G1,1,PF00704
A0A0P7D3V0,1,PF00704
A0A0P7DQJ4,1,PF00704
A0A0P7JLN6,1,PF00704
A0A0P7KLB7,1,PF00704
A0A0P7KMN4,1,PF00704
A0A0P7YMY5,1,PF00704
A0A0P7Z547,1,PF00704
A0A0P8W979,1,PF00704
A0A0P8X5R8,1,PF00704
A0A0P8X6Y4,1,PF00704
A0A0P9AJ51,1,PF00704
A0A0P9CB87,1,PF00704
A0A0P9CCW2,1,PF00704
A0A0P9CDT8,1,PF00704
A0A0P9DAM2,1,PF00704
A0A0P9DBU1,1,PF00704
A0A0P9DJ33,1,PF00704
A0A0P9DSJ4,1,PF00704
A0A0P9DWG8,1,PF00704
A0A0P9FCH5,1,PF00704
A0A0P9FP29,1,PF00704
A0A0P9GUJ7,1,PF00704
A0A0P9HJA2,1,PF00704
A0A0P9HJD0,1,PF00704
A0A0P9J245,1,PF00704
A0A0P9N1J7,1,PF00704
A0A0P9N441,1,PF00704
A0A0P9QWN5,1,PF00704
A0A0P9R6S1,1,PF00704
A0A0P9RUM0,1,PS51910
A0A0P9SQC1,1,PF00704
A0A0P9SVF2,1,PF00704
A0A0P9SVG0,1,PF00704
A0A0P9UCJ7,1,PF00704
A0A0P9UIC4,1,PF00704
A0A0P9UKL3,1,PF00704
A0A0P9XEE3,1,PF00704
A0A0P9Y111,1,PF00704
A0A0Q0A4M8,1,PF00704
A0A0Q0CDQ4,1,PF00704
A0A0Q0DWF1,1,PF00704
A0A0Q0E023,1,PF00704
A0A0Q0EB68,1,PF00704
A0A0Q0FZ77,1,PF00704
A0A0Q0KG79,1,PF00704
A0A0Q0PZD7,1,PF00704
A0A0Q0Q217,1,PF00704
A0A0Q0TSU5,1,PF00704
A0A0Q0XU68,2,PF00704
A0A0Q0XUW3,1,PF00704
A0A0Q0YX70,1,PF00704
A0A0Q0Z5W1,2,G3DSA:2.10.10.20:FF:000001
A0A0Q0Z5W1,2,PF00704
A0A0Q0ZB41,1,PF00704
A0A0Q0ZH59,1,PF00704
A0A0Q1A4D2,1,PF00704
A0A0Q1AQ20,1,PF00704
A0A0Q1EN02,1,PF00704
A0A0Q1EZ30,1,PF00704
A0A0Q2MJ62,1,PF00704
A0A0Q2N6M6,2,PF00704
A0A0Q2N6M6,2,PF06483
A0A0Q3QP78,1,PF00704
A0A0Q3RXI1,1,PF00704
A0A0Q3TCL7,1,PF00704
A0A0Q3TWK6,1,PF00704
A0A0Q3VHU3,1,PF00704
A0A0Q3VI14,1,PF00704
A0A0Q3VXZ5,1,PF00704
A0A0Q3W1B8,1,PF00704
A0A0Q3WTL1,1,PF00704
A0A0Q3WWJ4,1,PF00704
A0A0Q3WXW3,1,PF00704
A0A0Q3WZV7,1,PF00704
A0A0Q4C3F7,2,G3DSA:3.20.20.370
A0A0Q4C3F7,2,PF00704
A0A0Q4CPZ5,2,G3DSA:3.20.20.370
A0A0Q4CPZ5,2,PF00704
A0A0Q4DSX5,2,G3DSA:3.20.20.370
A0A0Q4DSX5,2,PF00704
A0A0Q4F5X4,2,G3DSA:3.20.20.370
A0A0Q4F5X4,2,PF00704
A0A0Q4FMY9,2,G3DSA:3.20.20.370
A0A0Q4FMY9,2,PF00704
A0A0Q4FV92,2,G3DSA:3.20.20.370
A0A0Q4FV92,2,PF00704
A0A0Q4FZK3,1,PS51910
A0A0Q4G9E8,2,G3DSA:3.20.20.370
A0A0Q4G9E8,2,PF00704
A0A0Q4GI10,1,PF00704
A0A0Q4GMJ9,1,PF00704
A0A0Q4GMY8,2,G3DSA:3.20.20.370
A0A0Q4GMY8,2,PF00704
A0A0Q4GXJ2,2,G3DSA:3.20.20.370
A0A0Q4GXJ2,2,PF00704
A0A0Q4H5C3,1,PF00704
A0A0Q4HBT8,1,PF00704
A0A0Q4IUB8,2,G3DSA:3.20.20.370
A0A0Q4IUB8,2,PF00704
A0A0Q4J0J4,2,G3DSA:3.20.20.370
A0A0Q4J0J4,2,PF00704
A0A0Q4J234,2,G3DSA:3.20.20.370
A0A0Q4J234,2,PF00704
A0A0Q4JQI9,2,G3DSA:3.20.20.370
A0A0Q4JQI9,2,PF00704
A0A0Q4KBF6,2,G3DSA:3.20.20.370
A0A0Q4KBF6,2,PF00704
A0A0Q4KSS3,2,G3DSA:3.20.20.370
A0A0Q4KSS3,2,PF00704
A0A0Q4L1X5,2,G3DSA:3.20.20.370
A0A0Q4L1X5,2,PF00704
A0A0Q4L644,2,G3DSA:3.20.20.370
A0A0Q4L644,2,PF00704
A0A0Q4L6N0,1,PF00704
A0A0Q4LCP9,2,G3DSA:3.20.20.370
A0A0Q4LCP9,2,PF00704
A0A0Q4LIE8,1,PF00704
A0A0Q4LPM9,2,G3DSA:3.20.20.370
A0A0Q4LPM9,2,PF00704
A0A0Q4Q7P2,1,PF00704
A0A0Q4QA27,1,PF00704
A0A0Q4QBV5,1,PF00704
A0A0Q4QJB7,2,G3DSA:3.20.20.370
A0A0Q4QJB7,2,PF00704
A0A0Q4QXX0,1,PF00704
A0A0Q4RAR0,2,G3DSA:3.20.20.370
A0A0Q4RAR0,2,PF00704
A0A0Q4RIT6,1,PF00704
A0A0Q4RM28,1,PF00704
A0A0Q4RNI7,1,PF00704
A0A0Q4RR80,1,PF00704
A0A0Q4S254,2,PF00704
A0A0Q4TVH0,1,PF00704
A0A0Q4UET3,2,G3DSA:3.20.20.370
A0A0Q4UET3,2,PF00704
A0A0Q4UQL3,1,PF00704
A0A0Q4V6V0,1,PF00704
A0A0Q5CA94,1,PF00704
A0A0Q5CH70,1,PF00704
A0A0Q5EF86,1,PF00704
A0A0Q5EJS1,1,PF00704
A0A0Q5IK34,1,PF00704
A0A0Q5IK74,1,PS51910
A0A0Q5J0C4,1,PF00704
A0A0Q5J287,1,PF00704
A0A0Q5J490,1,PF00704
A0A0Q5L226,2,G3DSA:3.20.20.370
A0A0Q5L226,2,PF00704
A0A0Q5M9Z8,1,PS51910
A0A0Q5N8U7,1,PF00704
A0A0Q5NEJ3,1,PF00704
A0A0Q5NJF6,2,G3DSA:3.20.20.370
A0A0Q5NJF6,2,PF00704
A0A0Q5P3E5,2,G3DSA:3.20.20.370
A0A0Q5P3E5,2,PF00704
A0A0Q5R830,2,G3DSA:3.20.20.370
A0A0Q5R830,2,PF00704
A0A0Q5SHF4,1,PF00704
A0A0Q5SNN2,1,PF00704
A0A0Q5SUY3,1,PF00704
A0A0Q5TD19,1,PF00704
A0A0Q5TQ93,1,PF00704
A0A0Q5TXL5,2,G3DSA:3.20.20.370
A0A0Q5TXL5,2,PF00704
A0A0Q5U0L9,1,PF00704
A0A0Q5UR61,2,G3DSA:3.20.20.370
A0A0Q5UR61,2,PF00704
A0A0Q5VFL4,1,PF00704
A0A0Q5ZAX2,1,PS51910
A0A0Q5ZDI5,1,PS51910
A0A0Q6AKF1,2,G3DSA:3.20.20.370
A0A0Q6AKF1,2,PF00704
A0A0Q6AV39,2,G3DSA:3.20.20.370
A0A0Q6AV39,2,PF00704
A0A0Q6B414,1,PF00704
A0A0Q6G3M3,1,PF00704
A0A0Q6K2Y7,2,G3DSA:3.20.20.370
A0A0Q6K2Y7,2,PF00704
A0A0Q6KZI8,2,G3DSA:3.20.20.370
A0A0Q6KZI8,2,PF00704
A0A0Q6L9J7,1,PF00704
A0A0Q6L9V2,1,PF00704
A0A0Q6LB80,1,PF00704
A0A0Q6MD47,1,PF00704
A0A0Q6ME22,2,PF00704
A0A0Q6ME22,2,PS51910
A0A0Q6ML97,1,PS51910
A0A0Q6MNB8,1,PF00704
A0A0Q6MNI3,1,PF00704
A0A0Q6T0L3,1,PF00704
A0A0Q6TGN7,1,PF00704
A0A0Q6U4Q0,1,PF00704
A0A0Q6U8P9,1,PF00704
A0A0Q6U8S1,2,G3DSA:3.20.20.370
A0A0Q6U8S1,2,PF00704
A0A0Q6UJQ2,1,PF00704
A0A0Q6UVV8,2,G3DSA:3.20.20.370
A0A0Q6UVV8,2,PF00704
A0A0Q6UZ65,2,G3DSA:2.10.10.20:FF:000001
A0A0Q6UZ65,2,PF00704
A0A0Q6W3Z7,1,PF00704
A0A0Q6WII7,1,PF00704
A0A0Q6X2A2,1,PF00704
A0A0Q6X554,1,PF00704
A0A0Q6X795,1,PF00704
A0A0Q6XHP1,1,PF00704
A0A0Q6XVW6,1,PF00704
A0A0Q6XZI6,1,PS51910
A0A0Q6Y4W1,1,PF00704
A0A0Q6YBY7,1,PS51910
A0A0Q6YE48,1,PF00704
A0A0Q6YEY7,1,PF00704
A0A0Q6YMP8,2,PS51910
A0A0Q6YMP8,2,SSF51445
A0A0Q7ASB5,1,PF00704
A0A0Q7ASF5,1,PF00704
A0A0Q7B1F2,1,PF00704
A0A0Q7BKD6,1,PF00704
A0A0Q7BL86,1,PF00704
A0A0Q7EWZ3,1,PF00704
A0A0Q7FB38,1,PF00704
A0A0Q7FM65,1,PF00704
A0A0Q7FN12,1,PF00704
A0A0Q7ISF4,1,PF00704
A0A0Q7J8Y0,1,PF00704
A0A0Q7JQ22,1,PF00704
A0A0Q7JUV0,1,PF00704
A0A0Q7K225,1,PF00704
A0A0Q7K3P1,1,PF00704
A0A0Q7MQR3,1,PF00704
A0A0Q7PMF4,1,PF00704
A0A0Q7SA23,1,PF00704
A0A0Q7SMH0,1,PF00704
A0A0Q7T5B6,2,G3DSA:3.20.20.370
A0A0Q7T5B6,2,PS51910
A0A0Q7TU77,1,PF00704
A0A0Q7VNB7,1,PF00704
A0A0Q7VUI5,2,G3DSA:3.20.20.370
A0A0Q7VUI5,2,PF00704
A0A0Q7VVP9,1,PF00704
A0A0Q7WPW0,1,PF00704
A0A0Q7YTL3,1,PF00704
A0A0Q8BVS9,1,PF00704
A0A0Q8CPT6,1,PF00704
A0A0Q8DX66,1,PF00704
A0A0Q8DX76,1,PF00704
A0A0Q8E287,1,PF00704
A0A0Q8E2Z4,1,PF00704
A0A0Q8E747,2,G3DSA:3.20.20.370
A0A0Q8E747,2,PF00704
A0A0Q8EBG5,1,PF00704
A0A0Q8EE68,1,PF00704
A0A0Q8ELD1,1,PF00704
A0A0Q8F6B9,1,PF00704
A0A0Q8FRG9,2,G3DSA:3.20.20.370
A0A0Q8FRG9,2,PF00704
A0A0Q8GB64,1,PF00704
A0A0Q8GJX3,1,PF00704
A0A0Q8GMI8,1,PF00704
A0A0Q8H272,1,PF00704
A0A0Q8IQX8,1,PF00704
A0A0Q8N9N5,2,PF00704
A0A0Q8NB99,1,PF00704
A0A0Q8NFF7,1,PF00704
A0A0Q8NJK0,1,PF00704
A0A0Q8NLU2,1,PF00704
A0A0Q8NMC4,1,PF00704
A0A0Q8NMJ5,1,PF00704
A0A0Q8NMU2,1,PF00704
A0A0Q8NMX1,1,PF00704
A0A0Q8NXK4,1,PF00704
A0A0Q8P0X8,1,PF00704
A0A0Q8PPM8,1,PF00704
A0A0Q8PSY9,1,PF00704
A0A0Q8PTY3,1,PF00704
A0A0Q8Q184,1,PS51910
A0A0Q8Q4D5,1,PF00704
A0A0Q8Q5N2,2,G3DSA:3.20.20.370
A0A0Q8Q5N2,2,PF00704
A0A0Q8Q6R5,1,PS51910
A0A0Q8Q738,1,PF00704
A0A0Q8QX74,2,G3DSA:3.20.20.370
A0A0Q8QX74,2,PF00704
A0A0Q8RJB8,1,PF00704
A0A0Q8RLZ3,1,PF00704
A0A0Q8XGA2,2,G3DSA:3.20.20.370
A0A0Q8XGA2,2,PF00704
A0A0Q8YQ50,1,PF00704
A0A0Q8YQL2,1,PF00704
A0A0Q8ZSW5,1,PF00704
A0A0Q8ZW44,2,G3DSA:3.20.20.370
A0A0Q8ZW44,2,PF00704
A0A0Q9A238,1,PF00704
A0A0Q9A4P2,1,PF00704
A0A0Q9AAM3,2,PF00704
A0A0Q9AZL6,1,PS51910
A0A0Q9BYA6,1,PF00704
A0A0Q9C6W7,1,PF00704
A0A0Q9CS10,1,PF00704
A0A0Q9CVG6,1,PF00704
A0A0Q9CZP0,1,PF00704
A0A0Q9EUV5,1,PF00704
A0A0Q9J1F4,1,PF00704
A0A0Q9J1U3,1,PF00704
A0A0Q9JB73,1,PF00704
A0A0Q9JTR2,1,PF00704
A0A0Q9K0T5,1,PF00704
A0A0Q9K3U3,1,PF00704
A0A0Q9K875,1,PF00704
A0A0Q9KBB9,1,PF00704
A0A0Q9KE96,1,PF00704
A0A0Q9L3G9,1,PF00704
A0A0Q9L3Z8,1,PF00704
A0A0Q9LAG7,1,PF00704
A0A0Q9LH85,1,PF00704
A0A0Q9LZR6,1,PF00704
A0A0Q9MCU8,1,PF00704
A0A0Q9N1M5,1,PF00704
A0A0Q9N5B0,1,PF00704
A0A0Q9NHI3,1,PF00704
A0A0Q9PK89,1,PF00704
A0A0Q9PLJ0,2,G3DSA:3.20.20.370
A0A0Q9PLJ0,2,PF00704
A0A0Q9PQN6,1,PF00704
A0A0Q9Q966,2,G3DSA:3.20.20.370
A0A0Q9Q966,2,PF00704
A0A0Q9QDU0,1,PF00704
A0A0Q9QG35,1,PF00704
A0A0Q9QT25,1,PF00704
A0A0Q9QW18,1,PF00704
A0A0Q9R6U1,1,PF00704
A0A0Q9RR60,1,PF00704
A0A0Q9RYF5,1,PF00704
A0A0Q9SX87,1,PF00704
A0A0Q9T043,1,PF00704
A0A0Q9T2K7,1,PF00704
A0A0Q9U9U4,1,PF00704
A0A0Q9YAR8,1,PF00704
A0A0Q9ZG59,1,PF00704
A0A0R0A7F4,1,PF00704
A0A0R0AN24,1,PF00704
A0A0R0B0Y6,1,PF00704
A0A0R0B633,1,PF00704
A0A0R0B9V6,1,PF00704
A0A0R0C7A2,1,PF00704
A0A0R0CJ57,1,PF00704
A0A0R0CVB5,1,PF00704
A0A0R0CW16,1,PF00704
A0A0R0D0F3,1,PF00704
A0A0R0DWL5,1,PF00704
A0A0R0E0D2,1,PF00704
A0A0R1KLX2,1,PS51910
A0A0R1N7S6,1,PS51910
A0A0R1NC69,1,PS51910
A0A0R2AN00,1,PF00704
A0A0R2HWT2,1,PF00704
A0A0R2I7P1,1,PF00704
A0A0R2NE71,1,PF00704
A0A0R2PJS9,1,PF00704
A0A0R2Q6Y1,1,PF00704
A0A0R2QND7,1,PF00704
A0A0R2SR33,1,PF00704
A0A0R2THQ8,1,PF00704
A0A0R2TS60,1,PF00704
A0A0R2YJZ2,1,PF00704
A0A0R3APE3,1,PF00704
A0A0R3CZ89,1,PF00704
A0A0R3JRW0,1,PF00704
A0A0R3JVS9,1,PF00704
A0A0R3K2L7,1,PF00704
A0A0R9MMW9,1,PF00704
A0A0S1AVD8,1,PF00704
A0A0S1B4P0,1,PF00704
A0A0S1UVX6,1,PF00704
A0A0S2DBC2,1,PF00704
A0A0S2DKP3,1,PS51910
A0A0S2F536,1,PF00704
A0A0S2F7Z1,1,PF00704
A0A0S2JBG9,1,PF00704
A0A0S2JBI0,1,PF00704
A0A0S2JYP2,1,PF00704
A0A0S2K7M3,1,PF00704
A0A0S2K7Q2,1,PF00704
A0A0S2K8G2,1,PF00704
A0A0S2K8I0,1,PF00704
A0A0S2NWA5,1,PF00704
A0A0S2S3W5,1,PF00704
A0A0S2S7R1,1,PF00704
A0A0S2SCN7,1,PS51910
A0A0S2SEA8,1,PF00704
A0A0S2SKY8,1,PF00704
A0A0S2SP36,1,PF00704
A0A0S2VYE1,1,PF00704
A0A0S2W3B6,1,PF00704
A0A0S2W9E4,1,PF00704
A0A0S3KBL5,1,PF00704
A0A0S3KEC5,1,PS51910
A0A0S4MWE3,1,PF00704
A0A0S4TUK1,1,PS51910
A0A0S4VBX7,1,PS51910
A0A0S4WND0,1,PS51910
A0A0S4WUG7,1,PS51910
A0A0S4X5W8,1,PS51910
A0A0S6U0F2,1,PF00704
A0A0S6U2W2,1,PF00704
A0A0S6U350,1,PF00704
A0A0S6U3F8,1,PS51910
A0A0S6U4J3,1,PF00704
A0A0S6U7Q3,1,PF00704
A0A0S6UC16,1,PF00704
A0A0S6X401,2,G3DSA:3.20.20.370
A0A0S6X401,2,PF00704
A0A0S7BZ62,1,PF00704
A0A0S7Y9G4,1,PF00704
A0A0S7ZA95,1,PF00704
A0A0S8IGV0,1,PF00704
A0A0S9CGF0,2,G3DSA:3.20.20.370
A0A0S9CGF0,2,PF00704
A0A0S9Q4E6,1,PF00704
A0A0T0Q018,2,G3DSA:3.20.20.370
A0A0T0Q018,2,PF00704
A0A0T1Q3I2,1,PF00704
A0A0T1QAS6,1,PF00704
A0A0T1QBI6,1,PF00704
A0A0T1QC55,1,PF00704
A0A0T1QC99,1,PF00704
A0A0T1QIF1,1,PS51910
A0A0T1S1M5,1,PF00704
A0A0T1S4D6,1,PF00704
A0A0T1S567,1,PF00704
A0A0T1S694,1,PF00704
A0A0T1SGC9,1,PS51910
A0A0T1SGE5,1,PF00704
A0A0T1SRG7,1,PF00704
A0A0T1SRM7,1,PF00704
A0A0T1STH1,1,PF00704
A0A0T1SUJ9,1,PF00704
A0A0T1SW52,1,PS51910
A0A0T1TQ09,1,PF00704
A0A0T1TQA6,1,PF00704
A0A0T1UM60,1,PS51910
A0A0T5VLU7,1,PF00704
A0A0T5VMG3,1,PF00704
A0A0T5VPC2,1,PF00704
A0A0T5VSG7,1,PF00704
A0A0T5VTU6,2,G3DSA:3.20.20.370
A0A0T5VTU6,2,PF00704
A0A0T5VV30,1,PF00704
A0A0T5ZNR9,1,PF00704
A0A0T5ZNX2,1,PF00704
A0A0T6BS05,1,PF00704
A0A0T6LLH7,1,PF00704
A0A0T6LLU6,1,PF00704
A0A0T6LPW2,1,PF00704
A0A0T6LU31,1,PF00704
A0A0T6LUZ0,1,PF00704
A0A0T9Q9D6,1,PF00704
A0A0T9RBU6,1,PF00704
A0A0T9T7W4,1,PF00704
A0A0T9X930,1,PF00704
A0A0U1KIS4,1,PF00704
A0A0U1KUJ9,1,PF00704
A0A0U1KVS5,1,PF00704
A0A0U1L5D4,1,PF00704
A0A0U1NS87,2,G3DSA:3.20.20.370
A0A0U1NS87,2,PF00704
A0A0U1NSY9,1,PF00704
A0A0U1NUJ8,2,G3DSA:3.20.20.370
A0A0U1NUJ8,2,PF00704
A0A0U1NZJ1,1,PF00704
A0A0U1P5L7,1,PF00704
A0A0U1P621,1,PF00704
A0A0U1QRU4,1,PF00704
A0A0U1QW73,1,PF00704
A0A0U2NMW5,1,PF00704
A0A0U2T481,1,PF00704
A0A0U2UKP6,1,PF00704
A0A0U2UPR0,1,PF00704
A0A0U2WD50,1,PF00704
A0A0U2WDH5,1,PF00704
A0A0U2WEQ4,1,PF00704
A0A0U2WR47,1,PF00704
A0A0U2WVS4,1,PF00704
A0A0U2WWT4,1,PF00704
A0A0U2X120,1,PF00704
A0A0U2XDJ4,1,PS51910
A0A0U2XUR7,1,PF00704
A0A0U2ZB45,1,PF00704
A0A0U3B507,1,PF00704
A0A0U3B526,1,PF00704
A0A0U3C5T2,1,PF00704
A0A0U3D6V3,1,PF00704
A0A0U3DGG1,1,PF00704
A0A0U3EUV5,1,PF00704
A0A0U3F511,1,PF00704
A0A0U3FAK7,1,PS51910
A0A0U3GTP4,1,PF00704
A0A0U3GZ70,1,PF00704
A0A0U3HLH9,1,PF00704
A0A0U3I2D9,1,PF00704
A0A0U3IEC4,1,PF00704
A0A0U3IQN3,1,PF00704
A0A0U3L9D4,1,PF00704
A0A0U3LJM5,1,PF00704
A0A0U3LN69,1,PF00704
A0A0U3M1P9,1,PF00704
A0A0U3M8E6,1,PF00704
A0A0U3MBX8,1,PF00704
A0A0U3MSZ2,1,PF00704
A0A0U3N4S9,1,PS51910
A0A0U3NCZ1,1,PF00704
A0A0U3NFE9,1,PF00704
A0A0U3NPG6,1,PS51910
A0A0U3NSW9,1,PF00704
A0A0U3PFI8,2,PS51910
A0A0U3PFI8,2,SSF51445
A0A0U3PI98,1,PF00704
A0A0U3PW18,1,PF00704
A0A0U3QCE4,1,PF00704
A0A0U3W831,1,PF00704
A0A0U4DVW2,1,PF00704
A0A0U4ERV9,1,PF00704
A0A0U4NDR2,2,G3DSA:3.20.20.370
A0A0U4NDR2,2,PF00704
A0A0U4UZ92,1,PF00704
A0A0U5AW32,1,PS51910
A0A0U5BAV3,1,PF00704
A0A0U5C720,1,PF00704
A0A0U5FGK7,1,PF00704
A0A0U5NTW5,1,PF00704
A0A0U5NU61,1,PF00704
A0A0U9H8F0,1,PF00704
A0A0U9HCT1,1,PF00704
A0A0U9HJ81,1,PF00704
A0A0V7ZYY7,2,PF00704
A0A0V7ZYY7,2,SSF51989
A0A0V7ZZE2,1,PF00704
A0A0V7ZZR8,1,PF00704
A0A0V8B6Z1,1,PF00704
A0A0V8CKA6,1,PF00704
A0A0V8D423,1,PF00704
A0A0V8DNK9,1,PF00704
A0A0V8E386,1,PF00704
A0A0V8EA90,1,PS51910
A0A0V8EAA7,1,PS51910
A0A0V8EF89,1,PF00704
A0A0V8H3L7,1,PF00704
A0A0V8HHS0,1,PF00704
A0A0V8J9H3,1,PF00704
A0A0V8JF74,1,PF00704
A0A0V8JHB2,1,PF00704
A0A0V8QD53,1,PF00704
A0A0V8QGR6,1,PF00704
A0A0V8SE95,1,PF00704
A0A0W0MYA0,1,PF00704
A0A0W0RF81,1,PF00704
A0A0W0RJ18,1,PF00704
A0A0W0RJ35,1,PF00704
A0A0W0S0C7,1,PS51910
A0A0W0S8S9,1,PF00704
A0A0W0SAW7,1,PF00704
A0A0W0SBQ1,1,PF00704
A0A0W0SCR9,1,PF00704
A0A0W0SPI5,1,PF00704
A0A0W0SPM5,1,PF00704
A0A0W0T8D8,1,PF00704
A0A0W0THV7,1,PF00704
A0A0W0TR83,1,PF00704
A0A0W0TSR8,1,PF00704
A0A0W0TU09,1,PF00704
A0A0W0U7D3,1,PF00704
A0A0W0UTM0,1,PF00704
A0A0W0V8C8,1,PF00704
A0A0W0V922,1,PF00704
A0A0W0VZS8,1,PF00704
A0A0W0W8N1,1,PF00704
A0A0W0WLL9,1,PF00704
A0A0W0WQH1,1,PF00704
A0A0W0WQH3,1,PF00704
A0A0W0XN49,1,PF00704
A0A0W0XQQ5,1,PF00704
A0A0W0XXQ0,1,PF00704
A0A0W0YCE1,1,PF00704
A0A0W0YH19,1,PF00704
A0A0W0YMQ1,1,PF00704
A0A0W0Z4R2,1,PF00704
A0A0W0ZHL0,1,PF00704
A0A0W0ZJ71,1,PF00704
A0A0W0ZK10,1,PF00704
A0A0W0ZNW5,1,PF00704
A0A0W0ZW17,1,PF00704
A0A0W0ZYG1,1,PF00704
A0A0W0ZYU7,1,PF00704
A0A0W1A504,1,PF00704
A0A0W1AGL1,1,PF00704
A0A0W1AP70,1,PF00704
A0A0W1ASU2,1,PF00704
A0A0W1AWC1,1,PF00704
A0A0W1AX43,1,PF00704
A0A0W1B242,1,PF00704
A0A0W1B2G1,1,PF00704
A0A0W1B4X3,1,PF00704
A0A0W1B575,1,PF00704
A0A0W1D8A6,1,PF00704
A0A0W1EIB9,1,PF00704
A0A0W1JPQ6,1,PF00704
A0A0W1JQG6,1,PF00704
A0A0W1LB84,1,PF00704
A0A0W1LCL7,1,PF00704
A0A0W1QFV1,2,G3DSA:3.20.20.370
A0A0W1QFV1,2,PS51910
A0A0W7WQW0,1,PF00704
A0A0W7WR28,1,PF00704
A0A0W7WRT0,1,PF00704
A0A0W7WUB1,1,PF00704
A0A0W7WUE8,1,PF00704
A0A0W7WWX2,1,PF00704
A0A0W7WZR8,1,PF00704
A0A0W7X4V2,1,PF00704
A0A0W7X8T6,1,PF00704
A0A0W7Y5M8,1,PF00704
A0A0W7YD76,1,PF00704
A0A0W7YN08,1,PF00704
A0A0W8IFS3,1,PS51910
A0A0X1KVM9,1,PF00704
A0A0X1KXS0,3,G3DSA:2.60.40.10:FF:002602
A0A0X1KXS0,3,G3DSA:2.60.40.10:FF:002609
A0A0X1KXS0,3,PF00704
A0A0X1L026,2,PF00704
A0A0X1L026,2,PF06483
A0A0X1L1L6,2,G3DSA:2.10.10.20:FF:000001
A0A0X1L1L6,2,PF00704
A0A0X3S341,1,PF00704
A0A0X3S5M3,1,PS51910
A0A0X3S6N7,1,PF00704
A0A0X3S7F4,1,PF00704
A0A0X3SCR1,1,PF00704
A0A0X3SH51,1,PS51910
A0A0X3SHZ1,1,PS51910
A0A0X3U7K1,1,PF00704
A0A0X3UAA5,1,PF00704
A0A0X3UPK5,1,PF00704
A0A0X3UPQ2,1,PS51910
A0A0X3V0E6,1,PS51910
A0A0X3V136,1,PF00704
A0A0X3V1I2,1,PF00704
A0A0X3V7S2,1,PF00704
A0A0X3VB90,1,PS51910
A0A0X3VEQ8,1,PS51910
A0A0X3VG42,1,PF00704
A0A0X3VI85,1,PS51910
A0A0X3VK18,1,PS51910
A0A0X3VVT2,1,PF00704
A0A0X3VVT3,1,PF00704
A0A0X3W125,1,PF00704
A0A0X3W3A4,1,PF00704
A0A0X3W4P5,1,PF00704
A0A0X3W4U5,1,PF00704
A0A0X3W6Z6,1,PS51910
A0A0X3WE89,1,PF00704
A0A0X3WF53,1,PF00704
A0A0X3WGQ8,1,PF00704
A0A0X3WP79,1,PS51910
A0A0X3WY81,1,PF00704
A0A0X3X4F6,1,PF00704
A0A0X3XCU3,1,PS51910
A0A0X3XH54,1,PF00704
A0A0X3XIG2,1,PF00704
A0A0X3XKB9,1,PF00704
A0A0X3XLA7,1,PF00704
A0A0X3XNW9,1,PS51910
A0A0X3XPE4,1,PS51910
A0A0X3XSZ2,1,PF00704
A0A0X3XW33,1,PS51910
A0A0X4ER81,1,PF00704
A0A0X4EVS8,1,PF00704
A0A0X7JYU0,1,PF00704
A0A0X8D389,1,PF00704
A0A0X8D4X6,1,PF00704
A0A0X8GMS5,1,PF00704
A0A0X8GR27,1,PF00704
A0A0X8GRB8,1,PF00704
A0A0X8V9U1,1,PF00704
A0A100HMA7,1,PF00704
A0A100JUP1,1,PF00704
A0A100JYC3,1,PF00704
A0A100VJX6,1,PF00704
A0A100VKN4,1,PF00704
A0A100VR07,1,PF00704
A0A100Y2B0,2,G3DSA:2.10.10.20:FF:000001
A0A100Y2B0,2,PF00704
A0A100Y3L3,1,PF00704
A0A100Y8L1,1,PF00704
A0A100Y981,1,PF00704
A0A100Y9U3,1,PS51910
A0A101CNK5,1,PF00704
A0A101CT31,2,PF00704
A0A101CT31,2,PTHR22595
A0A101CV16,2,PF00704
A0A101EE98,1,PF00704
A0A101FHB5,1,PF00704
A0A101FQK7,1,PF00704
A0A101FRL7,1,PF00704
A0A101G5U8,1,PF00704
A0A101GAD2,1,PF00704
A0A101GKS4,1,PF00704
A0A101HAV6,1,PF00704
A0A101HMJ0,1,PF00704
A0A101HV59,1,PF00704
A0A101J9G8,1,PF00704
A0A101JCW2,1,PF00704
A0A101JDR4,1,PF00704
A0A101JEU5,1,PS51910
A0A101JL00,1,PF00704
A0A101JM87,1,PF00704
A0A101JMI9,1,PS51910
A0A101M6S3,1,PF00704
A0A101M6W8,1,PF00704
A0A101MYT8,1,PF00704
A0A101N1P4,1,PS51910
A0A101N343,2,PS51910
A0A101N343,2,SSF51445
A0A101N770,1,PS51910
A0A101N777,1,PF00704
A0A101N8W5,1,PF00704
A0A101NAD7,1,PF00704
A0A101NC31,1,PS51910
A0A101NJ10,1,PF00704
A0A101NJ16,1,PF00704
A0A101NKV6,1,PS51910
A0A101NUD2,1,PF00704
A0A101NXZ4,1,PS51910
A0A101NZ26,1,PF00704
A0A101P0T0,1,PS51910
A0A101P5B3,1,PF00704
A0A101P6T2,1,PS51910
A0A101PY61,1,PF00704
A0A101Q0C1,1,PS51910
A0A101Q5W1,1,PF00704
A0A101Q8I6,1,PF00704
A0A101QL83,1,PS51910
A0A101QLP0,1,PS51910
A0A101QMF2,1,PF00704
A0A101QTC7,1,PS51910
A0A101QUM3,1,PF00704
A0A101QV63,1,PS51910
A0A101QVC1,2,G3DSA:2.10.10.20:FF:000001
A0A101QVC1,2,PF00704
A0A101QVF2,1,PF00704
A0A101R148,1,PS51910
A0A101R590,1,PF00704
A0A101RLG4,1,PF00704
A0A101RSW9,1,PS51910
A0A101RTP3,1,PS51910
A0A101RXZ6,1,PF00704
A0A101S2F8,1,PF00704
A0A101S3F3,2,PS51910
A0A101S3F3,2,SSF51445
A0A101S5T8,1,PS51910
A0A101S5Y7,1,PF00704
A0A101SDM7,1,PF00704
A0A101SM75,1,PF00704
A0A101SPF3,1,PS51910
A0A101SUJ8,1,PF00704
A0A101SZP3,1,PS51910
A0A101T2H9,1,PF00704
A0A101T8V3,1,PS51910
A0A101TRL1,1,PF00704
A0A101TRM0,1,PF00704
A0A101TU64,1,PF00704
A0A101TWC9,1,PF00704
A0A101U0U9,1,PS51910
A0A101U5U0,1,PF00704
A0A101U829,1,PS51910
A0A101UA23,1,PF00704
A0A101UGE7,1,PS51910
A0A101UTQ1,1,PF00704
A0A101UXE5,1,PF00704
A0A101V3N3,1,PF00704
A0A101V8W2,1,PF00704
A0A101VNZ5,1,PF00704
A0A101VP11,1,PF00704
A0A101VSB7,1,PF00704
A0A101W3T6,1,PF00704
A0A101WB16,1,PF00704
A0A101WFE3,1,PF00704
A0A101WGF3,1,PF00704
A0A101WJ80,1,PF00704
A0A101WKG7,1,PF00704
A0A101WPQ9,1,PF00704
A0A101WSY9,1,PF00704
A0A101WTS7,1,PS51910
A0A101XRQ4,1,PF00704
A0A101XYI3,1,PF00704
A0A101XZR5,1,PF00704
A0A101Y1U1,1,PF00704
A0A102HKF3,1,PF00704
A0A102JX49,1,PF00704
A0A102L9V8,1,PF00704
A0A103NZK8,1,PF00704
A0A103Q2F8,1,PF00704
A0A103R2V0,1,PF00704
A0A103RT48,1,PF00704
A0A104J7W1,1,PF00704
A0A105L0Y0,1,PF00704
A0A105T517,1,PF00704
A0A106Q0N7,1,PF00704
A0A106ZWL7,1,PS51910
A0A107GK35,1,PF00704
A0A107YS91,1,PF00704
A0A108C7I9,1,PF00704
A0A108CEC6,1,PF00704
A0A108CNH4,1,PF00704
A0A108T609,1,PF00704
A0A108T630,1,PF00704
A0A108TCB4,1,PF00704
A0A108UBX8,1,PF00704
A0A109D566,2,PF00704
A0A109D566,2,PF06483
A0A109D5Z5,1,PF00704
A0A109FRJ8,1,PF00704
A0A109IJ51,1,PS51910
A0A109LA93,1,PF00704
A0A109MTL1,1,PF00704
A0A109MX36,1,PF00704
A0A109MXC4,1,PF00704
A0A109RTE3,1,PF00704
A0A109UH50,1,PF00704
A0A110B4H5,2,G3DSA:3.20.20.370
A0A110B4H5,2,PF00704
A0A117I042,1,PF00704
A0A117I2T5,1,PF00704
A0A117IV72,1,PF00704
A0A117IWR1,1,PF00704
A0A117KDS2,1,PF00704
A0A117KGB6,1,PF00704
A0A117KVY3,1,PF00704
A0A117LEH7,1,PF00704
A0A117LSY1,1,PF00704
A0A117M7A9,1,PF00704
A0A117MJJ9,1,PF00704
A0A117MM96,1,PF00704
A0A117MMN8,1,PF00704
A0A117MQ29,1,PF00704
A0A117MRX1,1,PF00704
A0A117MS76,1,PF00704
A0A117NXQ4,1,PS51910
A0A117P225,1,PF00704
A0A117P235,1,PF00704
A0A117P7Q4,1,PF00704
A0A117PEC9,1,PS51910
A0A117PIK7,1,PF00704
A0A117PU75,1,PF00704
A0A117PWS1,1,PF00704
A0A117PXL5,1,PS51910
A0A117Q0P8,1,PF00704
A0A117Q3I1,1,PF00704
A0A117Q5C1,1,PF00704
A0A117QIT6,1,PF00704
A0A117QM01,1,PF00704
A0A117QPD4,1,PF00704
A0A117QYV5,1,PF00704
A0A117R4E4,1,PF00704
A0A117R6K0,1,PF00704
A0A117RC78,1,PF00704
A0A117RU58,1,PF00704
A0A117S2W1,1,PF00704
A0A117SCC8,1,PF00704
A0A117SFJ3,1,PF00704
A0A117SFJ4,1,PF00704
A0A117SIE1,1,PF00704
A0A117SKS0,1,PF00704
A0A117SYQ5,1,PF00704
A0A117SZ34,1,PF00704
A0A117V2J6,2,G3DSA:3.20.20.370
A0A117V2J6,2,PF00704
A0A118HTJ8,1,PF00704
A0A119W9H9,1,PF00704
A0A120A164,1,PS51910
A0A120AG97,1,PF00704
A0A120EYG2,1,PF00704
A0A120F7J2,1,PF00704
A0A120IIG9,1,PF00704
A0A124C534,1,PF00704
A0A124DYE9,1,PF00704
A0A124EBV4,1,PS51910
A0A124F4D2,1,PF00704
A0A124GUY4,1,PF00704
A0A124GXE7,1,PF00704
A0A124HES9,1,PF00704
A0A124HH65,1,PS51910
A0A124HHB9,1,PS51910
A0A124HQ57,1,PF00704
A0A124HVZ6,1,PS51910
A0A124HWC7,2,PS51910
A0A124HWC7,2,SSF51445
A0A124I0W2,1,PF00704
A0A124I2S4,1,PF00704
A0A124IQB3,1,PF00704
A0A124IVQ6,1,PF00704
A0A124IWM2,1,PF00704
A0A124JYX0,2,G3DSA:3.20.20.370
A0A124JYX0,2,PF00704
A0A125A1G7,1,PF00704
A0A125MHA8,1,PF00704
A0A125QSR4,1,PF00704
A0A125W888,1,PF00704
A0A125W9E7,1,PF00704
A0A126NHU9,1,PF00704
A0A126NMP3,1,PF00704
A0A126NQK9,1,PF00704
A0A126PAU9,1,PF00704
A0A126YAS2,1,PF00704
A0A126Z2L8,1,PF00704
A0A126Z4I6,1,PF00704
A0A127PEY8,1,PF00704
A0A127PF13,1,PF00704
A0A127Q1G5,1,PF00704
A0A127Q6M0,1,PF00704
A0A127QH99,1,PF00704
A0A127QW32,1,PF00704
A0A127V893,1,PF00704
A0A127VBB2,2,G3DSA:3.20.20.370
A0A127VBB2,2,PF00704
A0A127VDL1,1,PF00704
A0A127VHB1,1,PF00704
A0A127VJP1,1,PF00704
A0A128ETB1,1,PF00704
A0A128EUH7,2,PF00704
A0A128EUH7,2,PF06483
A0A128F3J1,1,PF00704
A0A128F5Z4,1,PF00704
A0A128F7C1,1,PF00704
A0A128F9C6,1,PF00704
A0A128FCF2,1,PF00704
A0A128FHX8,1,PS51910
A0A128FI94,1,PF00704
A0A128FIT9,1,PF00704
A0A128FJ09,1,PF00704
A0A132N873,1,PF00704
A0A132N9X1,1,PF00704
A0A132TVE5,1,PF00704
A0A132TVS3,1,PF00704
A0A132U2T5,1,PF00704
A0A132UC03,1,PF00704
A0A133PP81,1,PF00704
A0A133S6S8,1,PF00704
A0A133SJY3,1,PF00704
A0A133ZL98,1,PF00704
A0A134ABG6,1,PF00704
A0A134AW94,1,PF00704
A0A134B4Y6,2,G3DSA:3.20.20.370
A0A134B4Y6,2,PF00704
A0A134BUQ2,1,PF00704
A0A134C4S8,1,PF00704
A0A134CFN5,1,PF00704
A0A134CN48,1,PF00704
A0A135I5T6,1,PF00704
A0A135I6R5,2,PF00704
A0A135I6R5,2,PF06483
A0A135I9L3,1,PF00704
A0A135IC73,1,PF00704
A0A135ICA0,1,PF00704
A0A135L1C4,1,PF00704
A0A135L1E2,1,PF00704
A0A135WA63,1,PF00704
A0A135WRL2,1,PF00704
A0A136A4Y2,1,PF00704
A0A136JST9,1,PF00704
A0A136KGB7,1,PF00704
A0A136KH24,1,PF00704
A0A136KM23,1,PF00704
A0A136L933,1,PF00704
A0A136LGR0,1,PS51910
A0A136M0M5,1,PF00704
A0A136PK51,1,PF00704
A0A136PNQ8,1,PF00704
A0A136PPX3,1,PF00704
A0A136WDR1,1,PF00704
A0A137S498,1,PF00704
A0A137SMM1,1,PF00704
A0A137SXL1,1,PF00704
A0A139CGL4,1,PF00704
A0A139JRT7,1,PF00704
A0A139JTS8,1,PF00704
A0A139K205,1,PF00704
A0A139KH13,1,PF00704
A0A139KP40,1,PF00704
A0A139KT60,1,PF00704
A0A139KZY1,1,PF00704
A0A139L2P0,1,PF00704
A0A139LCZ8,1,PF00704
A0A139LUI1,1,PF00704
A0A139MGL1,1,PF00704
A0A139TMZ1,1,PF00704
A0A139TNE0,1,PF00704
A0A139WSD0,1,PF00704
A0A140L1W8,1,PF00704
A0A140L2F8,1,PF00704
A0A140L494,1,PF00704
A0A140L6A7,1,PF00704
A0A140LA91,1,PF00704
A0A140LAD2,1,PF00704
A0A140LAW4,1,PF00704
A0A140NKI3,1,PF00704
A0A140ST00,1,PF00704
A0A141XSS4,1,PF00704
A0A142D2A7,1,PF00704
A0A142D4Q3,1,PF00704
A0A142D6B4,1,PF00704
A0A142DUU5,1,PF00704
A0A142DUU7,1,PF00704
A0A142DUV0,1,PF00704
A0A142DUV1,1,PF00704
A0A142DUV3,1,PF00704
A0A142DUV4,1,PF00704
A0A142DUV5,1,PF00704
A0A142DUV6,1,PF00704
A0A142EPS9,1,PF00704
A0A142EQZ3,1,PF00704
A0A142WS66,1,PF00704
A0A142YK08,1,PF00704
A0A143BHF2,1,PF00704
A0A143BND4,2,G3DSA:3.20.20.370
A0A143BND4,2,PF00704
A0A143BVU6,1,PF00704
A0A143C570,1,PF00704
A0A143C5Z1,1,PF00704
A0A143HBQ3,1,PF00704
A0A143HG05,1,PF00704
A0A143HKJ3,1,PF00704
A0A143HN00,1,PF00704
A0A143HNF3,1,PF00704
A0A143HP27,1,PF00704
A0A143PGZ5,1,PF00704
A0A143ZVQ5,1,PF00704
A0A144BL95,1,PF00704
A0A144M364,1,PF00704
A0A145HWB9,1,PF00704
A0A146FAY1,1,PF00704
A0A146FAZ1,1,PF00704
A0A146G4J2,2,PF00704
A0A146G4J2,2,SSF51989
A0A146G5E9,2,G3DSA:3.20.20.370
A0A146G5E9,2,PF00704
A0A147DUB9,1,PF00704
A0A147HV49,2,G3DSA:3.20.20.370
A0A147HV49,2,PS51910
A0A147I010,2,G3DSA:3.20.20.370
A0A147I010,2,PF00704
A0A147I2D8,2,G3DSA:3.20.20.370
A0A147I2D8,2,PF00704
A0A147IKT4,2,G3DSA:3.20.20.370
A0A147IKT4,2,PF00704
A0A147IPT0,2,G3DSA:3.20.20.370
A0A147IPT0,2,PF00704
A0A147JC87,2,G3DSA:3.20.20.370
A0A147JC87,2,PF00704
A0A147K3S3,1,PF00704
A0A147KBT5,1,PF00704
A0A147KD82,1,PF00704
A0A147KDA5,1,PF00704
A0A149PSH9,1,PF00704
A0A149QNI7,1,PF00704
A0A150AHB1,1,PF00704
A0A150AKJ6,1,PF00704
A0A150ARH0,2,PF00704
A0A150AVK5,1,PF00704
A0A150B0R3,2,G3DSA:3.20.20.370
A0A150B0R3,2,PF00704
A0A150B411,1,PF00704
A0A150DP71,1,PF00704
A0A150F758,1,PF00704
A0A150F779,1,PF00704
A0A150FNY8,1,PF00704
A0A150FST6,1,PF00704
A0A150JNN0,1,PS51910
A0A150JQ33,1,PS51910
A0A150JRF7,1,PF00704
A0A150JSH3,1,PF00704
A0A150KDT7,1,PF00704
A0A150KMD6,1,PF00704
A0A150KN54,1,PF00704
A0A150L966,1,PF00704
A0A150LA31,1,PF00704
A0A150LD36,1,PF00704
A0A150LJ21,1,PF00704
A0A150LJF0,1,PF00704
A0A150M2K6,1,PF00704
A0A150MCJ8,1,PF00704
A0A150MHP4,1,PF00704
A0A150MMM4,1,PF00704
A0A150MUD4,1,PF00704
A0A150MVV2,1,PF00704
A0A150MX37,2,G3DSA:3.20.20.370
A0A150MX37,2,PF00704
A0A150N0I2,1,PF00704
A0A150N3Y9,1,PF00704
A0A150P7L5,1,PS51910
A0A150PJ59,1,PF00704
A0A150PQG0,1,PS51910
A0A150PQJ1,1,PF00704
A0A150PR73,1,PF00704
A0A150QFY1,1,PF00704
A0A150QQ24,1,PF00704
A0A150QR64,1,PS51910
A0A150RB28,1,PF00704
A0A150RBE1,1,PF00704
A0A150RXD6,1,PF00704
A0A150SC17,1,PF00704
A0A150SWV4,1,PF00704
A0A150T5F7,1,PS51910
A0A150TLB7,1,PF00704
A0A150U2V3,1,PF00704
A0A150VK72,1,PF00704
A0A150VND8,1,PF00704
A0A150VQ20,1,PF00704
A0A150VTV0,1,PF00704
A0A150VU95,1,PF00704
A0A150VUX3,1,PF00704
A0A150VV14,1,PF00704
A0A150VZL6,1,PF00704
A0A151AKU1,1,PF00704
A0A151AZL1,1,PF00704
A0A151B7L5,1,PF00704
A0A151B7Y9,1,PF00704
A0A151C245,1,PF00704
A0A151CGR1,1,PF00704
A0A151JDG0,1,PF00704
A0A151KRS2,1,PF00704
A0A151KSP4,1,PF00704
A0A151KV96,2,PF00704
A0A151KV96,2,PF06483
A0A151KWB7,1,PF00704
A0A151YVI0,2,G3DSA:3.20.20.370
A0A151YVI0,2,PF00704
A0A151Z265,1,PF00704
A0A154BLE1,1,PF00704
A0A154BQ45,1,PF00704
A0A154BRQ7,1,PF00704
A0A154M4F7,1,PS51910
A0A154M6B1,1,PF00704
A0A154M8G3,1,PF00704
A0A154MCT3,1,PF00704
A0A154MH55,1,PS51910
A0A154MH91,1,PF00704
A0A154MI27,1,PF00704
A0A154MWD1,1,PF00704
A0A154QK77,2,G3DSA:3.20.20.370
A0A154QK77,2,PF00704
A0A154R6M0,2,G3DSA:3.20.20.370
A0A154R6M0,2,PF00704
A0A157Z3C7,1,PF00704
A0A157ZP21,1,PF00704
A0A157ZPR2,1,PF00704
A0A158BZ86,1,PF00704
A0A158FKZ6,1,PF00704
A0A158GIJ5,1,PF00704
A0A158RK37,1,PF00704
A0A158RKB2,1,PF00704
A0A158RND1,2,G3DSA:3.20.20.370
A0A158RND1,2,PF00704
A0A158RU79,1,PF00704
A0A160F361,1,PF00704
A0A160F565,2,G3DSA:3.20.20.370
A0A160F565,2,PF00704
A0A160FAY0,1,PF00704
A0A160INN4,1,PF00704
A0A160IQH5,1,PF00704
A0A160M6A9,1,PF00704
A0A160MAW1,1,PF00704
A0A160MH70,2,G3DSA:3.20.20.370
A0A160MH70,2,PF00704
A0A160MWR1,2,G3DSA:3.20.20.370
A0A160MWR1,2,PF00704
A0A160NW54,1,PF00704
A0A160NXF0,1,PF00704
A0A160P440,1,PF00704
A0A160P4M9,1,PF00704
A0A160P4S9,1,PF00704
A0A160P9I2,1,PF00704
A0A160VTP3,1,PF00704
A0A160VV18,2,PF00704
A0A160VV18,2,PS51910
A0A161HSE5,1,PF00704
A0A161I996,1,PF00704
A0A161MAM7,1,PF00704
A0A161RSW9,1,PF00704
A0A161TG10,1,PF00704
A0A161U5X6,1,PF00704
A0A161VBM2,1,PF00704
A0A161WI86,1,PF00704
A0A161WMN6,1,PF00704
A0A161WS86,1,PF00704
A0A161WWD7,1,PF00704
A0A161XA03,1,PF00704
A0A161XE23,1,PF00704
A0A161XXZ4,1,PF00704
A0A161XZM9,1,PF00704
A0A161Y9R2,1,PF00704
A0A161YBR6,1,PF00704
A0A161YWM0,1,PF00704
A0A161ZPN7,1,PF00704
A0A162A635,1,PF00704
A0A162ALY8,1,PF00704
A0A162BGT0,1,PF00704
A0A162C664,1,PF00704
A0A162C9I3,1,PF00704
A0A162CFA3,1,PF00704
A0A162D0D2,1,PF00704
A0A162DGL6,1,PF00704
A0A162H5X5,1,PF00704
A0A162K4U7,1,PF00704
A0A162KB46,1,PF00704
A0A162KVM9,1,PF00704
A0A162MBU6,1,PF00704
A0A162MWH2,1,PF00704
A0A162NQK3,1,PF00704
A0A162NYY8,1,PF00704
A0A162Q0A4,1,PF00704
A0A162Q6W8,2,G3DSA:3.20.20.370
A0A162Q6W8,2,PF00704
A0A162SZW5,1,PF00704
A0A162WKQ7,1,PF00704
A0A162XIB9,1,PF00704
A0A162XIE1,3,PF00704
A0A162ZEI0,1,PF00704
A0A163AXN8,1,PF00704
A0A163DDM9,1,PF00704
A0A163DGH2,1,PF00704
A0A163DYH5,1,PF00704
A0A163E358,1,PF00704
A0A163F2P1,1,PF00704
A0A163H9L9,1,PF00704
A0A163HL57,1,PF00704
A0A163IHV3,1,PF00704
A0A163IIQ7,1,PF00704
A0A163IR95,1,PF00704
A0A163LA05,1,PF00704
A0A163LUU6,1,PF00704
A0A163MF62,2,G3DSA:2.10.10.20:FF:000001
A0A163MF62,2,PF00704
A0A163PPX2,1,PF00704
A0A163PQ20,1,PF00704
A0A163PT45,1,PF00704
A0A163QWF7,1,PF00704
A0A163R571,1,PF00704
A0A163SLY1,1,PF00704
A0A163T2U1,1,PF00704
A0A163TPY0,1,PS51910
A0A163UBZ0,1,PF00704
A0A163VTC1,1,PF00704
A0A163XXL4,1,PF00704
A0A163YSN9,1,PF00704
A0A163YVY6,1,PF00704
A0A163YZM0,1,PF00704
A0A164AKG9,1,PF00704
A0A164GXY1,2,G3DSA:3.20.20.370
A0A164GXY1,2,PF00704
A0A164HFR0,1,PF00704
A0A164II68,1,PF00704
A0A164J341,1,PF00704
A0A164MEK0,1,PF00704
A0A164MQM7,1,PS51910
A0A164PPQ5,1,PF00704
A0A164QJ36,1,PF00704
A0A164RM01,1,PF00704
A0A164RPS7,1,PF00704
A0A164SEJ1,1,PF00704
A0A164VVM6,1,PF00704
A0A165HC65,1,PF00704
A0A165NVG3,1,PF00704
A0A165PNN2,1,PF00704
A0A165Q0B1,1,PF00704
A0A165Q5Z2,1,PF00704
A0A165QDD2,1,PF00704
A0A165RBG3,1,PF00704
A0A165V006,1,PF00704
A0A165X646,1,PF00704
A0A165X917,1,PF00704
A0A165YNP7,1,PF00704
A0A166H8N1,2,PF00704
A0A166H8N1,2,PF06483
A0A166I324,1,PS51910
A0A166K826,1,PF00704
A0A166QXY6,1,PF00704
A0A166R990,1,PF00704
A0A166REC3,1,PF00704
A0A166RUP3,1,PF00704
A0A166SF99,1,PF00704
A0A166TT35,1,PF00704
A0A166U110,1,PF00704
A0A166UPM9,1,PF00704
A0A166W4Z2,1,PF00704
A0A166W7E3,1,PF00704
A0A166W7H8,1,PF00704
A0A166WQH4,1,PF00704
A0A166YI59,1,PF00704
A0A166YZT8,1,PF00704
A0A166ZV84,1,PF00704
A0A167ADA2,1,PF00704
A0A167B1K0,1,PF00704
A0A167B1M0,1,PF00704
A0A167BW68,1,PF00704
A0A167CRP4,1,PF00704
A0A167DDZ5,1,PF00704
A0A167DIX6,1,PF00704
A0A167EGQ7,1,PF00704
A0A167ENJ8,1,PF00704
A0A167ER16,1,PF00704
A0A167ESH1,1,PF00704
A0A167F4N4,1,PF00704
A0A167FMG9,1,PF00704
A0A167FVT0,1,PF00704
A0A167G0Z6,1,PF00704
A0A167G124,1,PF00704
A0A167G4F2,1,PF00704
A0A167GAH6,1,PF00704
A0A167H3A9,1,PF00704
A0A167IVE5,1,PF00704
A0A167IVF7,1,PF00704
A0A167K5E8,1,PF00704
A0A167KEU4,1,PF00704
A0A167KH66,1,PF00704
A0A167L059,1,PF00704
A0A167LFY5,1,PF00704
A0A167LHU1,1,PF00704
A0A167NE22,1,PF00704
A0A167NYS9,1,PF00704
A0A167NYT8,1,PF00704
A0A167U8J0,1,PF00704
A0A168DVF3,1,PF00704
A0A168ELV5,1,PF00704
A0A168ENL9,1,PF00704
A0A168FD10,1,PF00704
A0A168FTY2,1,PF00704
A0A168H422,1,PF00704
A0A168K4J0,1,PF00704
A0A168KQD3,1,PF00704
A0A168LC64,1,PF00704
A0A168LT82,1,PF00704
A0A168MP19,1,PF00704
A0A168MYS8,1,PF00704
A0A168N714,1,PF00704
A0A168NG35,1,PF00704
A0A168NKN9,1,PF00704
A0A168NKW0,1,PF00704
A0A168PHJ0,1,PF00704
A0A168Q9B7,1,PF00704
A0A168Q9H8,1,PF00704
A0A168QPY1,1,PF00704
A0A169FP00,1,PF00704
A0A169Q1A2,1,PF00704
A0A170ND64,1,PF00704
A0A170RV86,1,PF00704
A0A170RVE8,1,PF00704
A0A170UCS3,1,PS51910
A0A170YHB9,1,PF00704
A0A170YI08,2,G3DSA:3.20.20.370
A0A170YI08,2,PF00704
A0A170ZR08,1,PF00704
A0A171ASV3,1,PF00704
A0A171BVG0,1,PF00704
A0A171BVH3,1,PS51910
A0A171BVI5,1,PF00704
A0A171D4L8,1,PF00704
A0A171DM41,1,PF00704
A0A171DPV7,1,PF00704
A0A172TDL8,1,PF00704
A0A172TDM6,1,PF00704
A0A172TDP2,1,PF00704
A0A172TGJ8,1,PF00704
A0A172TP23,1,PF00704
A0A172TPA8,1,PF00704
A0A172TQB2,1,PF00704
A0A172TXF7,1,PF00704
A0A172U1N4,1,PF00704
A0A172XRV6,2,G3DSA:3.20.20.370
A0A172XRV6,2,PF00704
A0A172YXV8,1,PF00704
A0A172Z4L3,1,PF00704
A0A172ZBF6,1,PF00704
A0A172ZDY9,1,PF00704
A0A172ZE68,1,PF00704
A0A172ZMR7,1,PF00704
A0A173LVK5,1,PF00704
A0A173MG55,1,PF00704
A0A173MQJ2,2,G3DSA:3.20.20.370
A0A173MQJ2,2,PF00704
A0A173N005,1,PF00704
A0A173RBP6,1,PF00704
A0A173RTR8,1,PF00704
A0A173S5W1,1,PF00704
A0A173T695,1,PF00704
A0A173T8E4,1,PF00704
A0A173VNL2,1,PF00704
A0A173WAT2,1,PF00704
A0A173XYQ6,1,PF00704
A0A173Y3Z6,1,PF00704
A0A173ZT57,1,PF00704
A0A173ZWQ3,1,PF00704
A0A174B604,1,PF00704
A0A174BYF5,1,PF00704
A0A174D2K3,1,PS51910
A0A174DNA2,1,PF00704
A0A174E328,1,PF00704
A0A174E9M1,1,PF00704
A0A174ED41,1,PF00704
A0A174EQN4,1,PF00704
A0A174EU02,1,PF00704
A0A174EUS1,1,PF00704
A0A174F9F2,1,PF00704
A0A174FDF7,1,PF00704
A0A174FIX2,1,PF00704
A0A174FSF4,1,PF00704
A0A174G4N9,1,PF00704
A0A174G5L4,1,PF00704
A0A174G8K2,1,PF00704
A0A174GF87,1,PF00704
A0A174GHC2,1,PF00704
A0A174GLP5,1,PF00704
A0A174HBL2,1,PF00704
A0A174I539,1,PF00704
A0A174I7C8,1,PF00704
A0A174I883,1,PF00704
A0A174IBK8,1,PF00704
A0A174IC95,1,PF00704
A0A174IDN6,1,PF00704
A0A174IKR3,1,PF00704
A0A174JIY2,1,PF00704
A0A174JR63,1,PF00704
A0A174JRU2,1,PF00704
A0A174K8F5,1,PF00704
A0A174KPE2,1,PF00704
A0A174KSY2,1,PF00704
A0A174LI47,1,PF00704
A0A174LM37,1,PF00704
A0A174LNM0,1,PF00704
A0A174LZF0,1,PF00704
A0A174MZU5,1,PF00704
A0A174P1K1,1,PF00704
A0A174P4H5,1,PS51910
A0A174PS43,1,PF00704
A0A174QIL9,1,PF00704
A0A174QJF1,1,PF00704
A0A174RB09,1,PS51910
A0A174RW74,1,PF00704
A0A174S0Y8,1,PF00704
A0A174S7F9,1,PF00704
A0A174STG3,1,PF00704
A0A174SUY5,1,PF00704
A0A174SWY7,1,PF00704
A0A174SZQ7,1,PF00704
A0A174T4E7,1,PF00704
A0A174TB75,1,PF00704
A0A174TMX2,1,PF00704
A0A174TRS5,1,PF00704
A0A174UEE3,1,PS51910
A0A174UMA4,1,PS51910
A0A174US24,1,PF00704
A0A174V771,1,PF00704
A0A174V9A5,1,PF00704
A0A174VT83,1,PF00704
A0A174VVG6,1,PF00704
A0A174YV80,1,PF00704
A0A174ZBM9,1,PF00704
A0A174ZCK0,1,PF00704
A0A175RUS2,1,PF00704
A0A175VDJ3,1,PF00704
A0A175VMD7,1,PF00704
A0A175VN16,1,PF00704
A0A175Y6D2,2,G3DSA:3.20.20.370
A0A175Y6D2,2,PF00704
A0A176J2S3,1,PF00704
A0A176J357,1,PF00704
A0A176T3I8,1,PF00704
A0A176TCC6,1,PF00704
A0A176U1T1,1,PF00704
A0A177HSD9,1,PF00704
A0A177HXA1,1,PF00704
A0A177KNX4,1,PF00704
A0A177KYZ6,1,PF00704
A0A177L277,1,PF00704
A0A177L6B5,1,PF00704
A0A177XXU5,1,PF00704
A0A177Y555,2,PF00704
A0A177Y555,2,PF06483
A0A177ZJ69,1,PF00704
A0A177ZNJ0,1,PF00704
A0A177ZYW7,1,PF00704
A0A178A249,1,PF00704
A0A178J3R6,1,PF00704
A0A178J6H9,1,PF00704
A0A178JA59,2,PF00704
A0A178JA59,2,PF06483
A0A178K491,1,PF00704
A0A178KKW3,1,PF00704
A0A178KLV5,1,PF00704
A0A178LBI4,2,PS51910
A0A178LBI4,2,SSF51445
A0A178M9T8,1,PF00704
A0A178WPS9,1,PF00704
A0A178WTL3,1,PF00704
A0A178WW55,1,PF00704
A0A178WX51,1,PF00704
A0A178WZX8,1,PF00704
A0A178X7E6,1,PS51910
A0A178X8B6,1,PF00704
A0A178XDC2,1,PF00704
A0A178XDM0,1,PF00704
A0A179B3N0,1,PF00704
A0A179EQH1,1,PF00704
A0A179ESS7,1,PF00704
A0A179EUA9,1,PS51910
A0A179SNB8,2,G3DSA:3.20.20.370
A0A179SNB8,2,PF00704
A0A179SPB3,1,PF00704
A0A179SQD3,1,PF00704
A0A179SRF6,1,PF00704
A0A181ZA88,1,PF00704
A0A181ZAK7,1,PF00704
A0A181ZGJ0,1,PF00704
A0A191TJT0,1,PF00704
A0A191UUV5,1,PF00704
A0A191UUW1,1,PF00704
A0A191UXE0,1,PF00704
A0A191UY20,1,PS51910
A0A191V2N7,1,PF00704
A0A191V3D9,1,PF00704
A0A191V4B9,1,PF00704
A0A191V4J7,1,PF00704
A0A191VAY2,1,PS51910
A0A191WDT0,1,PF00704
A0A191WDW2,1,PF00704
A0A191WED6,1,PF00704
A0A192A6A9,1,PF00704
A0A192CDH1,1,PF00704
A0A192EVR1,1,PF00704
A0A193BTW5,1,PF00704
A0A193BU08,1,PF00704
A0A193BWB6,1,PF00704
A0A193BWZ8,1,PF00704
A0A193BXJ7,1,PS51910
A0A193BZ98,1,PF00704
A0A193C5U0,1,PF00704
A0A193C7Q2,1,PF00704
A0A193KZD9,1,PF00704
A0A193KZF2,2,G3DSA:2.10.10.20:FF:000001
A0A193KZF2,2,PS51910
A0A193SIJ6,1,PF00704
A0A196MPM2,2,G3DSA:3.20.20.370
A0A196MPM2,2,PF00704
A0A197SHP5,1,PF00704
A0A197SJ45,1,PF00704
A0A197SJD4,1,PS51910
A0A197SK94,1,PF00704
A0A197SNT1,1,PF00704
A0A197SNZ3,1,PF00704
A0A197SQ66,1,PF00704
A0A197SUX2,1,PF00704
A0A197SVC9,1,PF00704
A0A197SWD2,1,PF00704
A0A197SWU2,1,PF00704
A0A197SWV8,1,PF00704
A0A197ZX66,1,PF00704
A0A197ZYN7,1,PF00704
A0A198AFD0,1,PF00704
A0A198AQS9,1,PF00704
A0A199P2G2,1,PF00704
A0A199XV27,1,PF00704
A0A1A2YZ61,1,PF00704
A0A1A5P6D2,1,PF00704
A0A1A5P8P3,1,PF00704
A0A1A5YHT7,1,PF00704
A0A1A5YJA0,1,PF00704
A0A1A5YUA1,1,PF00704
A0A1A5YVG0,1,PF00704
A0A1A6AHV8,1,PF00704
A0A1A6AVN8,1,PF00704
A0A1A6AZJ4,1,PF00704
A0A1A6FR20,1,PF00704
A0A1A6LY37,2,PF00704
A0A1A6LY37,2,PF06483
A0A1A6XVC8,1,PF00704
A0A1A6Y5D3,1,PF00704
A0A1A8ZCZ0,1,PF00704
A0A1A8ZLX3,1,PF00704
A0A1A8ZNR3,1,PF00704
A0A1A8ZRA9,1,PF00704
A0A1A8ZSK1,1,PS51910
A0A1A8ZWW4,1,PF00704
A0A1A9A2B3,1,PS51910
A0A1A9B4K9,1,PF00704
A0A1A9B839,1,PF00704
A0A1A9B9W6,1,PF00704
A0A1A9BAD3,1,PS51910
A0A1A9BD06,1,PF00704
A0A1A9BEU0,1,PF00704
A0A1A9BJL1,1,PF00704
A0A1A9BK63,1,PS51910
A0A1A9BM51,1,PF00704
A0A1A9BMN5,2,G3DSA:2.10.10.20:FF:000001
A0A1A9BMN5,2,PF00704
A0A1A9BRL9,1,PF00704
A0A1A9BUQ1,1,PS51910
A0A1A9BUX9,1,PF00704
A0A1A9CH90,1,PF00704
A0A1A9CMR2,1,PF00704
A0A1A9CRF2,1,PF00704
A0A1A9CRN4,1,PF00704
A0A1A9D2A7,1,PF00704
A0A1A9D4Y3,1,PF00704
A0A1A9DEY7,1,PS51910
A0A1A9DMI5,1,PF00704
A0A1A9HKF5,1,PF00704
A0A1A9HS10,1,PF00704
A0A1A9HYS4,1,PF00704
A0A1A9I4P3,2,G3DSA:3.20.20.370
A0A1A9I4P3,2,PF00704
A0A1A9IVQ8,1,PS51910
A0A1A9J078,1,PF00704
A0A1A9J296,1,PF00704
A0A1A9J3I5,1,PF00704
A0A1A9J3S5,1,PF00704
A0A1A9J7L2,1,PF00704
A0A1A9MHB5,1,PF00704
A0A1B0ZFP7,1,PF00704
A0A1B1ARI3,1,PF00704
A0A1B1ASB2,1,PF00704
A0A1B1AT98,1,PF00704
A0A1B1AVM4,2,PS51910
A0A1B1AVM4,2,SSF51445
A0A1B1AWH6,1,PS51910
A0A1B1AXJ7,1,PS51910
A0A1B1B4T6,1,PF00704
A0A1B1B7S8,1,PF00704
A0A1B1B8Y5,1,PS51910
A0A1B1I2Z2,1,PF00704
A0A1B1M5Y8,1,PF00704
A0A1B1MEX0,1,PS51910
A0A1B1MG85,1,PF00704
A0A1B1MGH6,1,PF00704
A0A1B1MHC2,1,PF00704
A0A1B1MW17,1,PF00704
A0A1B1N302,1,PF00704
A0A1B1N462,1,PF00704
A0A1B1N6W4,1,PF00704
A0A1B1N799,1,PF00704
A0A1B1N7L8,1,PF00704
A0A1B1NNG7,1,PF00704
A0A1B1SCA5,1,PS51910
A0A1B1W5I9,1,PF00704
A0A1B1W5J0,1,PF00704
A0A1B1YAV0,1,PF00704
A0A1B1YE67,1,PF00704
A0A1B1YFZ5,1,PF00704
A0A1B1YI42,1,PF00704
A0A1B1YLC2,1,PF00704
A0A1B1YM28,1,PF00704
A0A1B1YNE6,1,PF00704
A0A1B1Z0Y6,1,PF00704
A0A1B1Z353,1,PF00704
A0A1B1Z5F4,1,PF00704
A0A1B1Z7Z8,1,PF00704
A0A1B2DDF9,1,PF00704
A0A1B2DIZ6,1,PF00704
A0A1B2DMY2,1,PF00704
A0A1B2DNW8,1,PF00704
A0A1B2DWG4,1,PF00704
A0A1B2E1N8,1,PF00704
A0A1B2E1Y9,1,PF00704
A0A1B2E335,1,PF00704
A0A1B2E6R7,1,PF00704
A0A1B2E703,1,PF00704
A0A1B2E9J0,1,PF00704
A0A1B2HCF3,1,PF00704
A0A1B2HCN9,1,PS51910
A0A1B2HJ31,1,PF00704
A0A1B2HJC0,1,PF00704
A0A1B2HJX3,1,PF00704
A0A1B2HP36,1,PS51910
A0A1B2HPA0,1,PF00704
A0A1B2HUH1,1,PF00704
A0A1B2HUI8,1,PF00704
A0A1B2HYI4,1,PF00704
A0A1B2HYJ9,1,PF00704
A0A1B2HZQ5,1,PF00704
A0A1B2I7J4,1,PF00704
A0A1B2Z8C2,1,PF00704
A0A1B3SLR2,1,PF00704
A0A1B3XJ27,1,PF00704
A0A1B3XPP8,1,PF00704
A0A1B3XTV0,1,PF00704
A0A1B3XUL7,1,PF00704
A0A1B3ZB85,2,G3DSA:3.20.20.370
A0A1B3ZB85,2,PF00704
A0A1B4PL98,1,PF00704
A0A1B4Q3D5,1,PF00704
A0A1B4XRA8,1,PF00704
A0A1B4Y577,1,PF00704
A0A1B6ACZ6,1,PF00704
A0A1B6AQS0,1,PF00704
A0A1B6AV62,1,PF00704
A0A1B6BCK0,1,PF00704
A0A1B6BE77,1,PF00704
A0A1B6BHX5,1,PF00704
A0A1B7HKQ6,1,PF00704
A0A1B7HQZ0,1,PF00704
A0A1B7HXE8,1,PF00704
A0A1B7IS75,1,PF00704
A0A1B7JVH5,1,PF00704
A0A1B7KSL6,1,PF00704
A0A1B7KX15,1,PF00704
A0A1B7LEP1,1,PF00704
A0A1B7LKM8,1,PF00704
A0A1B7UGS5,1,PF00704
A0A1B7XA99,1,PF00704
A0A1B8RLE8,1,PF00704
A0A1B8RM09,1,PF00704
A0A1B8RPT9,1,PF00704
A0A1B8RPU4,1,PS51910
A0A1B8RQT4,1,PF00704
A0A1B8U1L0,1,PS51910
A0A1B8UL16,1,PF00704
A0A1B8UQ13,1,PF00704
A0A1B8URL4,1,PF00704
A0A1B8USV1,1,PF00704
A0A1B8UUZ0,1,PF00704
A0A1B8UVB5,1,PF00704
A0A1B8UWY7,1,PF00704
A0A1B8VVW0,1,PF00704
A0A1B8VWK3,1,PF00704
A0A1B8VWM9,1,PF00704
A0A1B8W2J3,1,PF00704
A0A1B8W2Q1,1,PF00704
A0A1B8W336,1,PF00704
A0A1B8W343,1,PF00704
A0A1B8W7B3,1,PF00704
A0A1B8W8A2,1,PF00704
A0A1B8WB41,1,PF00704
A0A1B8WLG1,1,PF00704
A0A1B8YD05,1,PF00704
A0A1B8YD19,1,PS51910
A0A1B8YFZ4,1,PF00704
A0A1B8YG06,1,PF00704
A0A1B8YJG1,1,PF00704
A0A1B8YJL1,1,PF00704
A0A1B8ZDG0,1,PF00704
A0A1B8ZIQ3,1,PF00704
A0A1B8ZIU9,1,PF00704
A0A1B8ZN33,2,G3DSA:3.20.20.370
A0A1B8ZN33,2,PF00704
A0A1B8ZWE9,2,G3DSA:3.20.20.370
A0A1B8ZWE9,2,PF00704
A0A1B9ABQ2,1,PF00704
A0A1B9ACX2,1,PF00704
A0A1B9AHQ2,2,G3DSA:3.20.20.370
A0A1B9AHQ2,2,PF00704
A0A1B9AMI8,1,PF00704
A0A1B9ARF9,1,PF00704
A0A1B9AVW4,2,G3DSA:3.20.20.370
A0A1B9AVW4,2,PF00704
A0A1B9AXY6,1,PF00704
A0A1B9B3M8,1,PF00704
A0A1B9B657,1,PF00704
A0A1B9B7G2,1,PF00704
A0A1B9B8K4,1,PF00704
A0A1B9DJG3,1,PF00704
A0A1B9EHI8,1,PF00704
A0A1B9ELZ0,1,PF00704
A0A1B9EMK0,1,PF00704
A0A1B9EN76,1,PF00704
A0A1B9EP24,1,PF00704
A0A1B9EU83,1,PF00704
A0A1B9EZR1,1,PF00704
A0A1B9NUD9,1,PF00704
A0A1B9NYL4,1,PF00704
A0A1B9NYN0,1,PF00704
A0A1B9P1C2,2,PF00704
A0A1B9P1C2,2,PF06483
A0A1B9P3E4,1,PF00704
A0A1B9PN68,1,PF00704
A0A1B9PPT9,2,PF00704
A0A1B9PPT9,2,PF06483
A0A1B9QFE5,1,PF00704
A0A1B9QWF3,1,PF00704
A0A1B9QXI8,1,PF00704
A0A1B9QYH1,1,PF00704
A0A1B9R1F9,1,PF00704
A0A1C0AC74,1,PF00704
A0A1C0BTN4,1,PF00704
A0A1C0BXS3,1,PF00704
A0A1C0TJ45,1,PF00704
A0A1C0TJM1,1,PF00704
A0A1C0TKJ0,1,PF00704
A0A1C0TKU0,1,PF00704
A0A1C0TML5,1,PF00704
A0A1C0TNL0,1,PF00704
A0A1C0TSD4,1,PF00704
A0A1C0TSH9,1,PF00704
A0A1C0TVA0,1,PF00704
A0A1C0U7R9,1,PF00704
A0A1C0U7Z7,1,PF00704
A0A1C0U815,1,PF00704
A0A1C1A0Y1,1,PF00704
A0A1C1A2D1,1,PF00704
A0A1C1A5P0,1,PF00704
A0A1C1A619,1,PF00704
A0A1C1A8G9,1,PF00704
A0A1C2GH46,2,G3DSA:3.20.20.370
A0A1C2GH46,2,PF00704
A0A1C2GMT2,1,PF00704
A0A1C2GNH9,1,PF00704
A0A1C2XQ61,1,PF00704
A0A1C2XQ75,1,PF00704
A0A1C2XYT8,1,PF00704
A0A1C2Y1R2,1,PF00704
A0A1C3D4C4,1,PF00704
A0A1C3EC26,1,PF00704
A0A1C3ECF3,1,PF00704
A0A1C3EKX7,1,PF00704
A0A1C3ELZ3,1,PF00704
A0A1C3EQW0,1,PF00704
A0A1C3F5T1,1,PF00704
A0A1C3F6Y3,1,PF00704
A0A1C3F6Y6,1,PF00704
A0A1C3F7G1,1,PF00704
A0A1C3F9V9,1,PF00704
A0A1C3HA89,1,PF00704
A0A1C3HEQ0,1,PF00704
A0A1C3HH76,1,PF00704
A0A1C3HLG1,1,PF00704
A0A1C3HMC2,1,PF00704
A0A1C3IUB2,1,PF00704
A0A1C3J0Y2,2,PF00704
A0A1C3J0Y2,2,PF06483
A0A1C3J888,1,PF00704
A0A1C3J983,2,PF00704
A0A1C3J983,2,PF06483
A0A1C3JDY7,1,PF00704
A0A1C3MZA5,1,PF00704
A0A1C3MZM8,1,PF00704
A0A1C3N026,1,PF00704
A0A1C3N078,1,PF00704
A0A1C3ND22,1,PF00704
A0A1C3NJ71,1,PF00704
A0A1C3TL02,1,PF00704
A0A1C3YUI4,1,PF00704
A0A1C3ZHR2,1,PF00704
A0A1C3ZND9,1,PF00704
A0A1C3ZQ90,1,PF00704
A0A1C4CKB5,1,PF00704
A0A1C4CVB5,1,PF00704
A0A1C4DTF1,1,PF00704
A0A1C4EB13,1,PF00704
A0A1C4EJ75,2,G3DSA:3.20.20.370
A0A1C4EJ75,2,PF00704
A0A1C4EK78,1,PF00704
A0A1C4F2A2,2,G3DSA:3.20.20.370
A0A1C4F2A2,2,PF00704
A0A1C4FC03,1,PF00704
A0A1C4FIM0,1,PF00704
A0A1C4FN34,1,PF00704
A0A1C4FSG4,1,PF00704
A0A1C4FUS9,1,PS51910
A0A1C4GMP8,1,PF00704
A0A1C4HUM8,1,PF00704
A0A1C4I1L9,1,PS51910
A0A1C4JB19,1,PF00704
A0A1C4JKF9,1,PF00704
A0A1C4JKS4,1,PS51910
A0A1C4JNR4,1,PS51910
A0A1C4JWF3,1,PF00704
A0A1C4JZS8,1,PF00704
A0A1C4KAB4,1,PS51910
A0A1C4KN19,1,PF00704
A0A1C4KV92,1,PS51910
A0A1C4LA62,1,PF00704
A0A1C4MMI6,1,PF00704
A0A1C4MW09,1,PS51910
A0A1C4N7X6,1,PF00704
A0A1C4P5E7,1,PF00704
A0A1C4PFA1,1,PF00704
A0A1C4PFK0,1,PF00704
A0A1C4PHC2,1,PS51910
A0A1C4PQU2,1,PF00704
A0A1C4PS33,1,PF00704
A0A1C4PV35,1,PF00704
A0A1C4PXB9,1,PF00704
A0A1C4Q2E5,1,PF00704
A0A1C4Q793,1,PF00704
A0A1C4QJP8,1,PS51910
A0A1C4QQA8,1,PS51910
A0A1C4QY68,1,PS51910
A0A1C4R1J0,1,PS51910
A0A1C4R4E2,1,PS51910
A0A1C4RP83,1,PF00704
A0A1C4RP96,1,PS51910
A0A1C4RRG9,1,PF00704
A0A1C4RWP5,1,PF00704
A0A1C4S054,1,PF00704
A0A1C4S906,1,PS51910
A0A1C4SB12,1,PF00704
A0A1C4SB92,1,PF00704
A0A1C4SIW6,1,PF00704
A0A1C4SKJ6,1,PF00704
A0A1C4SLK2,1,PF00704
A0A1C4TKV2,1,PF00704
A0A1C4TLW5,1,PF00704
A0A1C4TMV9,1,PF00704
A0A1C4TQX0,1,PF00704
A0A1C4TRU3,1,PF00704
A0A1C4TXD4,1,PF00704
A0A1C4UB58,1,PF00704
A0A1C4UMG1,1,PF00704
A0A1C4UUV3,1,PS51910
A0A1C4UV27,1,PF00704
A0A1C4VJE2,1,PF00704
A0A1C4VLD4,1,PF00704
A0A1C4VYJ9,1,PF00704
A0A1C4W181,1,PF00704
A0A1C4W5K5,1,PF00704
A0A1C4W628,1,PF00704
A0A1C4W6F3,1,PS51910
A0A1C4W8R9,1,PF00704
A0A1C4WFZ0,1,PS51910
A0A1C4WG69,1,PF00704
A0A1C4WGK3,1,PF00704
A0A1C4WJC1,1,PS51910
A0A1C4WVS7,1,PF00704
A0A1C4WWC1,1,PF00704
A0A1C4X156,1,PF00704
A0A1C4X312,1,PF00704
A0A1C4X396,1,PF00704
A0A1C4XCS5,1,PF00704
A0A1C4XCX9,1,PF00704
A0A1C4XKQ0,1,PF00704
A0A1C4XLI4,1,PF00704
A0A1C4XLP6,1,PF00704
A0A1C4XND5,1,PF00704
A0A1C4XQV5,1,PF00704
A0A1C4XVV5,1,PF00704
A0A1C4Y6Z9,1,PF00704
A0A1C4Y9X8,1,PF00704
A0A1C4YCY1,1,PF00704
A0A1C4YP09,1,PF00704
A0A1C4YPS3,1,PF00704
A0A1C4YQV8,1,PF00704
A0A1C4YUB2,1,PF00704
A0A1C4YY48,1,PF00704
A0A1C4Z0S6,1,PF00704
A0A1C4Z7H7,1,PF00704
A0A1C4Z8Z7,1,PF00704
A0A1C4ZJ45,1,PS51910
A0A1C4ZJA6,1,PF00704
A0A1C4ZQB0,1,PF00704
A0A1C5A366,1,PF00704
A0A1C5A812,1,PF00704
A0A1C5BL58,1,PF00704
A0A1C5BPF3,1,PS51910
A0A1C5BPV0,1,PF00704
A0A1C5BSD0,1,PS51910
A0A1C5BVZ6,1,PS51910
A0A1C5C675,1,PF00704
A0A1C5C6F4,1,PF00704
A0A1C5CIK0,1,PF00704
A0A1C5CIW5,1,PF00704
A0A1C5CQC2,1,PF00704
A0A1C5CUK7,1,PF00704
A0A1C5CYZ5,1,PF00704
A0A1C5D372,1,PF00704
A0A1C5D5G0,1,PF00704
A0A1C5D7Y1,1,PF00704
A0A1C5D861,1,PS51910
A0A1C5DHA0,1,PF00704
A0A1C5DN59,1,PF00704
A0A1C5DP70,1,PF00704
A0A1C5DPA9,1,PF00704
A0A1C5DR27,1,PF00704
A0A1C5DT09,1,PF00704
A0A1C5E0I5,1,PF00704
A0A1C5E0V5,1,PF00704
A0A1C5E484,1,PF00704
A0A1C5EBR1,1,PF00704
A0A1C5EF49,1,PF00704
A0A1C5EN54,1,PF00704
A0A1C5EQZ3,1,PS51910
A0A1C5EWQ0,1,PF00704
A0A1C5F543,1,PF00704
A0A1C5FIH5,1,PS51910
A0A1C5FNI5,1,PS51910
A0A1C5FT97,1,PS51910
A0A1C5FWF3,1,PS51910
A0A1C5G3D5,1,PS51910
A0A1C5G3Y1,1,PF00704
A0A1C5G3Z3,1,PF00704
A0A1C5G5J5,1,PF00704
A0A1C5G7S8,1,PF00704
A0A1C5G9W3,1,PF00704
A0A1C5GL79,1,PF00704
A0A1C5GT19,1,PF00704
A0A1C5GW86,1,PF00704
A0A1C5GZR7,1,PF00704
A0A1C5H4Z4,1,PF00704
A0A1C5H6C2,1,PF00704
A0A1C5H9B9,1,PF00704
A0A1C5HMB6,1,PF00704
A0A1C5HMD2,1,PF00704
A0A1C5HN85,1,PF00704
A0A1C5HV03,1,PF00704
A0A1C5I4C5,1,PF00704
A0A1C5I6V3,1,PF00704
A0A1C5I9Q0,1,PF00704
A0A1C5IK55,1,PS51910
A0A1C5IYH7,1,PF00704
A0A1C5J1S5,1,PF00704
A0A1C5J281,1,PF00704
A0A1C5JDM7,1,PS51910
A0A1C5JDN6,1,PF00704
A0A1C5JJK1,1,PF00704
A0A1C5JRG4,1,PF00704
A0A1C5JRN4,1,PS51910
A0A1C5K7P7,1,PF00704
A0A1C5KIX8,1,PF00704
A0A1C5KYX9,1,PF00704
A0A1C5L7E7,1,PF00704
A0A1C5LB21,1,PF00704
A0A1C5LE34,1,PF00704
A0A1C5LFT2,1,PF00704
A0A1C5LQU2,1,PF00704
A0A1C5LV40,1,PF00704
A0A1C5M2B6,1,PF00704
A0A1C5MLG0,1,PF00704
A0A1C5NW60,1,PF00704
A0A1C5PBS6,1,PF00704
A0A1C5PF82,1,PF00704
A0A1C5PFU2,1,PF00704
A0A1C5PGL3,1,PF00704
A0A1C5PKT8,1,PF00704
A0A1C5PMA4,1,PF00704
A0A1C5PRN6,1,PF00704
A0A1C5Q453,1,PS51910
A0A1C5Q6S0,1,PF00704
A0A1C5Q9Q0,1,PF00704
A0A1C5QLX2,1,PF00704
A0A1C5QMZ5,1,PF00704
A0A1C5R7L0,1,PF00704
A0A1C5RBR7,1,PF00704
A0A1C5RL40,1,PF00704
A0A1C5RN45,1,PF00704
A0A1C5S4D8,1,PF00704
A0A1C5S6U7,1,PF00704
A0A1C5SCI3,1,PF00704
A0A1C5SSB2,1,PF00704
A0A1C5TK31,1,PF00704
A0A1C5TQ55,1,PF00704
A0A1C5U1R4,1,PF00704
A0A1C5U761,1,PF00704
A0A1C5UJE2,1,PF00704
A0A1C5V233,1,PF00704
A0A1C5V534,1,PF00704
A0A1C5VCL4,1,PF00704
A0A1C5WDD0,1,PF00704
A0A1C5X6M2,1,PF00704
A0A1C5XXQ5,1,PF00704
A0A1C5XY45,1,PF00704
A0A1C5Y1Z6,1,PF00704
A0A1C5Y412,1,PF00704
A0A1C5Y4G7,1,PF00704
A0A1C5YGF5,1,PF00704
A0A1C5YM23,1,PF00704
A0A1C5YTL9,1,PF00704
A0A1C5ZET3,1,PF00704
A0A1C6AM40,1,PF00704
A0A1C6B142,1,PF00704
A0A1C6B1N4,1,PF00704
A0A1C6B6H2,1,PF00704
A0A1C6B9H2,1,PF00704
A0A1C6BBE1,1,PF00704
A0A1C6BFR6,1,PF00704
A0A1C6BI33,1,PF00704
A0A1C6BKG8,1,PF00704
A0A1C6C495,1,PF00704
A0A1C6C618,1,PF00704
A0A1C6CRH6,1,PF00704
A0A1C6CZA3,1,PF00704
A0A1C6DJG8,1,PF00704
A0A1C6E1S2,1,PF00704
A0A1C6E5R3,1,PF00704
A0A1C6EI38,1,PF00704
A0A1C6FCX3,1,PF00704
A0A1C6FCZ1,1,PF00704
A0A1C6GFT0,1,PF00704
A0A1C6GI15,1,PF00704
A0A1C6GPU2,1,PF00704
A0A1C6H4X2,1,PF00704
A0A1C6HAX0,1,PF00704
A0A1C6HBP5,1,PF00704
A0A1C6HPN4,1,PF00704
A0A1C6HQK3,1,PF00704
A0A1C6I3F0,1,PF00704
A0A1C6IBB0,1,PF00704
A0A1C6IED6,1,PF00704
A0A1C6IGG3,1,PF00704
A0A1C6IIW9,1,PF00704
A0A1C6IMJ3,1,PF00704
A0A1C6IQA3,1,PF00704
A0A1C6JEI7,1,PF00704
A0A1C6JG10,1,PF00704
A0A1C6JRE2,1,PF00704
A0A1C6KJQ9,1,PF00704
A0A1C6L952,1,PF00704
A0A1C6LI03,1,PF00704
A0A1C6LNI4,1,PS51910
A0A1C6M3G8,1,PF00704
A0A1C6M6M9,1,PF00704
A0A1C6M839,1,PF00704
A0A1C6MB92,1,PF00704
A0A1C6MFA7,1,PF00704
A0A1C6MJR3,1,PF00704
A0A1C6MPD6,1,PF00704
A0A1C6MVR5,1,PF00704
A0A1C6MYS9,1,PF00704
A0A1C6N6F8,1,PF00704
A0A1C6NNH1,1,PF00704
A0A1C6NVW5,1,PS51910
A0A1C6NXF0,1,PF00704
A0A1C6P1I6,1,PF00704
A0A1C6P7V3,1,PF00704
A0A1C6PCL6,1,PF00704
A0A1C6PFZ8,1,PF00704
A0A1C6PGB7,1,PF00704
A0A1C6PKY6,1,PF00704
A0A1C6PNM4,1,PF00704
A0A1C6PRY4,1,PF00704
A0A1C6Q8G4,1,PF00704
A0A1C6QDS5,1,PF00704
A0A1C6QH57,1,PS51910
A0A1C6QN34,1,PF00704
A0A1C6QN56,1,PF00704
A0A1C6QQE5,1,PF00704
A0A1C6QT19,1,PF00704
A0A1C6QVL8,1,PF00704
A0A1C6QVT2,1,PF00704
A0A1C6QYB2,1,PF00704
A0A1C6R0R1,1,PF00704
A0A1C6R307,1,PF00704
A0A1C6R8J4,1,PF00704
A0A1C6RGM1,1,PF00704
A0A1C6RM43,1,PF00704
A0A1C6RNX5,1,PF00704
A0A1C6S1U8,1,PF00704
A0A1C6SBL6,1,PF00704
A0A1C6T735,1,PF00704
A0A1C6TI14,1,PF00704
A0A1C6TR31,1,PF00704
A0A1C6TVY7,1,PF00704
A0A1C6TWQ6,1,PF00704
A0A1C6TYX4,1,PF00704
A0A1C6U6Q4,1,PF00704
A0A1C6UA79,1,PF00704
A0A1C6ULR4,1,PF00704
A0A1C6UNF6,1,PF00704
A0A1C6V088,1,PF00704
A0A1C6V789,1,PF00704
A0A1C6VF67,1,PF00704
A0A1C6VJ81,1,PF00704
A0A1C6VQ27,1,PF00704
A0A1C6VSM4,1,PF00704
A0A1C6VSU6,1,PS51910
A0A1C6VX67,1,PF00704
A0A1C6VY64,1,PF00704
A0A1C6W3D5,1,PF00704
A0A1C6W4B1,1,PF00704
A0A1C7FFM7,1,PF00704
A0A1C7FGE2,1,PS51910
A0A1C7FIH9,1,PF00704
A0A1C7GPA3,1,PF00704
A0A1C7GQD5,1,PF00704
A0A1C7H5N7,1,PF00704
A0A1C7ICN6,1,PF00704
A0A1C7IER3,1,PF00704
A0A1C7P950,1,PF00704
A0A1C7P9R8,1,PF00704
A0A1C7PA03,1,PF00704
A0A1C7W4Q4,1,PF00704
A0A1C8FNW5,1,PF00704
A0A1C9J7J5,1,PF00704
A0A1D2I5F1,1,PF00704
A0A1D2IEK3,1,PF00704
A0A1D2LA21,1,PF00704
A0A1D2QHN0,1,PF00704
A0A1D2QSR5,2,PF00704
A0A1D2QSV3,1,PF00704
A0A1D2WTF8,1,PF00704
A0A1D2YTC3,1,PF00704
A0A1D2YUQ0,1,PF00704
A0A1D3DPY6,1,PF00704
A0A1D3DQM0,1,PF00704
A0A1D3DUY9,1,PS51910
A0A1D3DXR8,1,PF00704
A0A1D3DYM7,1,PF00704
A0A1D3MXC6,2,G3DSA:3.20.20.370
A0A1D3MXC6,2,PF00704
A0A1D3NM36,1,PF00704
A0A1D3NR81,1,PF00704
A0A1D3PKR0,1,PF00704
A0A1D3TRH3,1,PF00704
A0A1D7QAL3,1,PS51910
A0A1D7QCS6,1,PF00704
A0A1D7QD53,1,PF00704
A0A1D7QFS6,1,PS51910
A0A1D7QKG3,1,PF00704
A0A1D7QM48,1,PF00704
A0A1D7QPN0,1,PF00704
A0A1D7QQM0,1,PF00704
A0A1D7UWZ0,1,PF00704
A0A1D7UYS8,1,PF00704
A0A1D7V1M6,1,PF00704
A0A1D7VG80,1,PS51910
A0A1D7VP16,1,PF00704
A0A1D7VPQ9,1,PF00704
A0A1D7VSD0,1,PF00704
A0A1D7VTG5,1,PF00704
A0A1D7X6S4,1,PF00704
A0A1D7XME5,1,PF00704
A0A1D7XWR9,1,PF00704
A0A1D7XWT5,2,PF00704
A0A1D7Y3E4,1,PF00704
A0A1D7Y3J7,1,PF00704
A0A1D7Y3M8,1,PS51910
A0A1D7Y4V8,1,PS51910
A0A1D7Y5E3,1,PS51910
A0A1D7Y8Y0,1,PF00704
A0A1D7Y925,1,PF00704
A0A1D7Y9Z9,1,PF00704
A0A1D7YIY0,1,PF00704
A0A1D7YKJ5,1,PS51910
A0A1D8FWD4,1,PF00704
A0A1D8FXG6,2,G3DSA:2.10.10.20:FF:000001
A0A1D8FXG6,2,PF00704
A0A1D8G5S1,1,PF00704
A0A1D8G6J7,1,PF00704
A0A1D8G7B4,1,PF00704
A0A1D8GDS1,1,PF00704
A0A1D8GIL9,1,PF00704
A0A1D8GL06,1,PF00704
A0A1D8GMV5,1,PF00704
A0A1D8GQ78,1,PF00704
A0A1D8JGA7,1,PF00704
A0A1D8JK67,1,PF00704
A0A1D8P834,1,PF00704
A0A1D8QN02,1,PF00704
A0A1D8TLY0,1,PF00704
A0A1D9BAB5,1,PF00704
A0A1D9BCQ2,1,PF00704
A0A1D9BD05,1,PF00704
A0A1D9BEN7,1,PF00704
A0A1D9BFN5,1,PF00704
A0A1D9BGG7,1,PF00704
A0A1D9BGU6,1,PF00704
A0A1D9BIW0,1,PF00704
A0A1D9BJ65,1,PF00704
A0A1D9BJB4,1,PF00704
A0A1D9FUU0,1,PF00704
A0A1D9IZJ1,1,PF00704
A0A1D9IZK0,1,PF00704
A0A1D9IZK4,1,PF00704
A0A1D9IZK5,1,PF00704
A0A1D9IZK6,1,PF00704
A0A1D9IZK7,1,PF00704
A0A1D9IZL3,1,PF00704
A0A1D9IZL5,1,PF00704
A0A1D9IZL6,1,PF00704
A0A1D9IZL9,1,PF00704
A0A1D9IZM1,1,PF00704
A0A1D9IZM4,1,PF00704
A0A1D9IZP0,1,PF00704
A0A1D9LC50,1,PS51910
A0A1D9LDZ6,1,PF00704
A0A1D9LEX9,1,PF00704
A0A1D9LKK0,1,PF00704
A0A1D9LLN2,1,PF00704
A0A1D9LNA2,1,PF00704
A0A1D9LNR6,1,PF00704
A0A1D9P4N9,1,PF00704
A0A1D9PCF9,1,PF00704
A0A1E2RZQ8,1,PF00704
A0A1E3A1Y0,1,PF00704
A0A1E3A4R1,1,PF00704
A0A1E3AHL7,1,PF00704
A0A1E3AJV1,1,PF00704
A0A1E3AKI9,1,PF00704
A0A1E3AR80,1,PF00704
A0A1E3KXD2,1,PF00704
A0A1E3L6C6,1,PF00704
A0A1E3L967,1,PF00704
A0A1E3U6Q3,1,PF00704
A0A1E3UK05,1,PF00704
A0A1E3USJ1,1,PF00704
A0A1E3WHQ5,1,PF00704
A0A1E3WIF6,1,PF00704
A0A1E3WN92,1,PF00704
A0A1E3ZAV5,1,PF00704
A0A1E4EB28,2,G3DSA:3.20.20.370
A0A1E4EB28,2,PF00704
A0A1E4EG75,2,G3DSA:3.20.20.370
A0A1E4EG75,2,PS51910
A0A1E4JIG4,2,G3DSA:3.20.20.370
A0A1E4JIG4,2,PS51910
A0A1E4K475,1,PF00704
A0A1E4MD72,2,G3DSA:3.20.20.370
A0A1E4MD72,2,PS51910
A0A1E4NQA8,1,PF00704
A0A1E4Q2Q6,2,G3DSA:3.20.20.370
A0A1E4Q2Q6,2,PF00704
A0A1E4QZ33,1,PF00704
A0A1E4R166,1,PF00704
A0A1E4RAE1,1,PF00704
A0A1E4VGB5,1,PF00704
A0A1E4X7Z0,1,PF00704
A0A1E4XMS6,1,PF00704
A0A1E4ZJD6,1,PF00704
A0A1E4ZYS9,1,PF00704
A0A1E5BAW0,1,PF00704
A0A1E5BC73,1,PF00704
A0A1E5BCS1,1,PF00704
A0A1E5BEG9,1,PF00704
A0A1E5BW33,1,PF00704
A0A1E5C2K8,1,PF00704
A0A1E5C8B7,1,PF00704
A0A1E5CBQ3,1,PF00704
A0A1E5CEH4,1,PF00704
A0A1E5CF80,1,PF00704
A0A1E5D3D5,2,PF00704
A0A1E5D3D5,2,PF06483
A0A1E5E038,1,PF00704
A0A1E5E0S8,1,PF00704
A0A1E5E1R5,2,PF00704
A0A1E5E1R5,2,PF06483
A0A1E5E4A1,1,PF00704
A0A1E5FBI2,1,PF00704
A0A1E5FD71,1,PF00704
A0A1E5FNQ8,2,PF00704
A0A1E5FNQ8,2,PF06483
A0A1E5FVW2,1,PF00704
A0A1E5G1A1,1,PF00704
A0A1E5G5R8,1,PF00704
A0A1E5G8Z0,1,PF00704
A0A1E5GA92,1,PS51910
A0A1E5GDC5,1,PS51910
A0A1E5GGP9,1,PF00704
A0A1E5GH02,1,PF00704
A0A1E5GPJ7,1,PF00704
A0A1E5GS16,1,PF00704
A0A1E5H7X1,1,PF00704
A0A1E5HBG3,1,PS51910
A0A1E5JRV3,1,PF00704
A0A1E5JVB2,1,PF00704
A0A1E5JVB8,1,PF00704
A0A1E5JWS3,1,PF00704
A0A1E5K768,1,PF00704
A0A1E5KZK1,1,PF00704
A0A1E5L1J2,2,PF00704
A0A1E5L1J2,2,PS51910
A0A1E5L265,1,PF00704
A0A1E5L5I3,1,PF00704
A0A1E5L6J1,1,PF00704
A0A1E5L8Z4,1,PF00704
A0A1E5L9M3,1,PF00704
A0A1E5LCX1,1,PF00704
A0A1E5LE99,1,PF00704
A0A1E5LFI6,1,PF00704
A0A1E5LJU1,1,PF00704
A0A1E5MG69,1,PF00704
A0A1E5MKM7,1,PF00704
A0A1E5NZL6,1,PF00704
A0A1E5P601,1,PF00704
A0A1E5PED7,1,PF00704
A0A1E5PIN0,1,PF00704
A0A1E5PNE9,1,PF00704
A0A1E5PVE9,1,PF00704
A0A1E5PZE6,1,PF00704
A0A1E5Q2C2,1,PF00704
A0A1E5SHI8,1,PF00704
A0A1E7DQX5,1,PS51910
A0A1E7DR01,1,PF00704
A0A1E7DR59,1,PF00704
A0A1E7DRH6,1,PF00704
A0A1E7G1M3,1,PF00704
A0A1E7JG36,1,PF00704
A0A1E7JGY9,1,PF00704
A0A1E7JTG5,1,PF00704
A0A1E7K4D5,1,PF00704
A0A1E7K9F5,1,PF00704
A0A1E7KLR9,1,PF00704
A0A1E7KP94,1,PF00704
A0A1E7KT54,1,PF00704
A0A1E7KW38,1,PS51910
A0A1E7L3D0,1,PF00704
A0A1E7L8E1,1,PS51910
A0A1E7LDZ3,1,PF00704
A0A1E7LE79,1,PF00704
A0A1E7LFG8,1,PF00704
A0A1E7LGU1,1,PF00704
A0A1E7LGX2,1,PF00704
A0A1E7LNV1,1,PF00704
A0A1E7LR16,1,PF00704
A0A1E7LUI0,1,PF00704
A0A1E7LYQ4,1,PF00704
A0A1E7LZ45,1,PF00704
A0A1E7MYV6,1,PF00704
A0A1E7MZV5,1,PF00704
A0A1E7N351,1,PF00704
A0A1E7NC05,1,PF00704
A0A1E7NC67,1,PF00704
A0A1E7NG46,1,PF00704
A0A1E7RP37,1,PF00704
A0A1E8AY09,1,PS51910
A0A1E8B479,1,PF00704
A0A1E8D076,1,PS51910
A0A1E8EX36,1,PF00704
A0A1E8PP64,1,PF00704
A0A1E8PX74,1,PF00704
A0A1E9ADB4,1,PF00704
A0A1E9BDS4,1,PF00704
A0A1E9BRL3,1,PF00704
A0A1E9BS88,1,PF00704
A0A1E9BTS1,1,PF00704
A0A1F0GEE6,1,PF00704
A0A1F0I3H2,1,PF00704
A0A1F0I5Z1,1,PF00704
A0A1F0IPS3,1,PF00704
A0A1F0IVQ5,1,PF00704
A0A1F0J2G3,1,PS51910
A0A1F2JXU8,1,PF00704
A0A1F2JZ26,2,G3DSA:3.20.20.370
A0A1F2JZ26,2,PF00704
A0A1F2MG35,1,PF00704
A0A1F2QWV0,1,PF00704
A0A1F2ST22,1,PF00704
A0A1F2Y1M3,1,PF00704
A0A1F2Y5W6,1,PF00704
A0A1F2Y940,1,PF00704
A0A1F3D482,1,PF00704
A0A1F3D6P7,1,PF00704
A0A1F3D9U3,1,PF00704
A0A1F3DC34,1,PF00704
A0A1F3DE20,1,PF00704
A0A1F3DNM8,1,PF00704
A0A1F3F4M5,1,PF00704
A0A1F3GAE6,1,PF00704
A0A1F3IS18,1,PF00704
A0A1F3K3T0,1,PF00704
A0A1F3KJ47,1,PF00704
A0A1F3LF06,1,PF00704
A0A1F3PJY7,1,PF00704
A0A1F3PS56,1,PF00704
A0A1F3PVJ2,1,PF00704
A0A1F3SV99,1,PF00704
A0A1F3VD85,1,PF00704
A0A1F4PQD6,1,PF00704
A0A1F4UDF1,1,PF00704
A0A1F4UUS4,1,PF00704
A0A1F4V5A9,1,PF00704
A0A1F4VA06,1,PF00704
A0A1F4VB61,1,PF00704
A0A1F4VCH5,1,PF00704
A0A1F4VI75,1,PF00704
A0A1F4VLJ5,1,PF00704
A0A1F4VQE4,1,PF00704
A0A1F4W2V5,1,PF00704
A0A1F4W397,1,PF00704
A0A1F4X8L8,1,PF00704
A0A1F4XB78,1,PF00704
A0A1F4XKJ4,1,PF00704
A0A1F4XNY7,1,PF00704
A0A1F4XTM6,1,PF00704
A0A1F4XWV3,1,PF00704
A0A1F4XZN3,1,PF00704
A0A1F4Y1I2,1,PF00704
A0A1F4Y3L5,1,PF00704
A0A1F5ALV0,1,PF00704
A0A1F5AWL8,1,PF00704
A0A1F5B393,1,PF00704
A0A1F5B8W6,1,PF00704
A0A1F5CBZ8,1,PF00704
A0A1F5DKV2,1,PF00704
A0A1F5E8J7,1,PF00704
A0A1F5EVH8,1,PF00704
A0A1F5EVN4,1,PF00704
A0A1F5F3L4,1,PF00704
A0A1F5FKX7,1,PF00704
A0A1F5FXM6,1,PF00704
A0A1F5G7B5,1,PF00704
A0A1F5G8A6,1,PF00704
A0A1F5GIA6,1,PF00704
A0A1F5H1L7,1,PF00704
A0A1F5H8E6,1,PF00704
A0A1F5HC89,1,PF00704
A0A1F5HCS3,1,PF00704
A0A1F5IAI3,1,PF00704
A0A1F5JVZ1,1,PF00704
A0A1F5K629,1,PF00704
A0A1F5KEE9,1,PF00704
A0A1F5KK38,1,PF00704
A0A1F5R8S0,1,PF00704
A0A1F5WCX3,1,PF00704
A0A1F5WYP8,1,PF00704
A0A1F5X461,1,PF00704
A0A1F5X5B2,1,PF00704
A0A1F5XCI9,1,PF00704
A0A1F5XGU9,1,PF00704
A0A1F5XWL6,1,PF00704
A0A1F5XZD3,1,PF00704
A0A1F5Y658,1,PF00704
A0A1F5YEV5,1,PF00704
A0A1F5YHK0,1,PF00704
A0A1F5YYT7,1,PF00704
A0A1F5Z3V5,1,PF00704
A0A1F5Z6T0,1,PF00704
A0A1F5Z792,1,PF00704
A0A1F5ZBU2,1,PF00704
A0A1F5ZSL7,1,PF00704
A0A1F6A0J7,1,PF00704
A0A1F6A1F9,1,PF00704
A0A1F6B2I4,1,PF00704
A0A1F6BD89,1,PF00704
A0A1F6BYM3,1,PF00704
A0A1F6CL07,1,PF00704
A0A1F6CMM2,1,PF00704
A0A1F6CV61,1,PF00704
A0A1F6D1W4,1,PF00704
A0A1F6D7W6,1,PF00704
A0A1F6DG35,1,PF00704
A0A1F6DXM9,1,PF00704
A0A1F6E2F3,1,PF00704
A0A1F6E986,1,PF00704
A0A1F6ECB0,1,PF00704
A0A1F6EDU5,1,PF00704
A0A1F6EE33,1,PF00704
A0A1F6EGL8,1,PF00704
A0A1F6F287,1,PF00704
A0A1F6FGL9,1,PF00704
A0A1F6FRH4,1,PF00704
A0A1F6FT93,1,PF00704
A0A1F6FYW6,1,PF00704
A0A1F6GWR9,1,PF00704
A0A1F6HJD3,1,PF00704
A0A1F6HJX4,1,PF00704
A0A1F6HNY6,1,PF00704
A0A1F6HTH0,1,PF00704
A0A1F6HUL4,1,PF00704
A0A1F6HX47,1,PF00704
A0A1F6IAF3,1,PF00704
A0A1F6IBP7,1,PF00704
A0A1F6IX74,1,PF00704
A0A1F6JKY8,1,PF00704
A0A1F6JS81,1,PF00704
A0A1F6JU39,1,PF00704
A0A1F6KBS2,1,PF00704
A0A1F6KJG9,1,PF00704
A0A1F6KM39,1,PF00704
A0A1F6KUM7,1,PF00704
A0A1F6WP64,1,PF00704
A0A1F6ZT87,1,PF00704
A0A1F6ZW53,1,PF00704
A0A1F7A3G1,1,PF00704
A0A1F7AU32,1,PF00704
A0A1F7GAN0,1,PF00704
A0A1F7GEU8,1,PF00704
A0A1F7GKI1,1,PF00704
A0A1F7GV61,1,PF00704
A0A1F7H0K3,1,PF00704
A0A1F7H2T8,1,PF00704
A0A1F7I067,1,PF00704
A0A1F7I2V4,1,PF00704
A0A1F7I5N2,1,PF00704
A0A1F7ID98,1,PF00704
A0A1F7IES9,1,PF00704
A0A1F7IFQ0,1,PF00704
A0A1F7IG16,1,PF00704
A0A1F7IZ77,1,PF00704
A0A1F7J0S3,1,PF00704
A0A1F7J6K4,1,PF00704
A0A1F7J6L4,1,PF00704
A0A1F7J805,1,PF00704
A0A1F7JH90,1,PF00704
A0A1F7JRD4,1,PF00704
A0A1F7JRX7,1,PF00704
A0A1F7KF58,1,PF00704
A0A1F7L1D7,1,PF00704
A0A1F7QV39,1,PS51910
A0A1F7SWV5,1,PF00704
A0A1F7WJ91,1,PF00704
A0A1F7YH44,1,PF00704
A0A1F7YLD7,1,PF00704
A0A1F7YXG8,1,PF00704
A0A1F8ARK5,1,PF00704
A0A1F8BIN2,1,PF00704
A0A1F8JIX1,1,PF00704
A0A1F8LN41,1,PF00704
A0A1F8RF17,1,PF00704
A0A1F8RW44,1,PF00704
A0A1F8S160,1,PF00704
A0A1F8S245,1,PF00704
A0A1F8S8M9,1,PF00704
A0A1F8SH34,1,PF00704
A0A1F8TWY2,1,PF00704
A0A1F8TXH3,1,PF00704
A0A1F8TYN0,1,PF00704
A0A1F8UJ32,1,PF00704
A0A1F8UJ55,1,PF00704
A0A1F8UQD8,1,PF00704
A0A1F8UR21,1,PF00704
A0A1F8USQ8,1,PF00704
A0A1F8UUJ4,1,PF00704
A0A1F8V232,1,PF00704
A0A1F8V2K8,1,PF00704
A0A1F8V3D2,1,PS51910
A0A1F8WNB1,1,PF00704
A0A1F9CIG3,1,PF00704
A0A1F9M2I2,2,G3DSA:3.20.20.370
A0A1F9M2I2,2,PS51910
A0A1F9UHD5,1,PF00704
A0A1G0FBI5,1,PF00704
A0A1G0FWR1,1,PF00704
A0A1G0GFP6,1,PF00704
A0A1G0GFY9,1,PF00704
A0A1G0HBW3,1,PF00704
A0A1G0IGU4,1,PF00704
A0A1G0KRR9,2,G3DSA:3.20.20.370
A0A1G0KRR9,2,PF00704
A0A1G0N5W4,1,PF00704
A0A1G0NVY9,1,PF00704
A0A1G0NXG8,1,PF00704
A0A1G0P9W2,1,PF00704
A0A1G0PBV8,1,PS51910
A0A1G0PDK3,1,PF00704
A0A1G0PI52,1,PF00704
A0A1G0QSH7,1,PF00704
A0A1G0QWW4,1,PS51910
A0A1G0SFV4,1,PF00704
A0A1G0VB43,1,PF00704
A0A1G0VB93,1,PF00704
A0A1G0VDU0,1,PF00704
A0A1G0WBU2,2,PF00704
A0A1G0WF35,1,PF00704
A0A1G0WR40,1,PF00704
A0A1G0WUQ5,1,PF00704
A0A1G0YF68,1,PF00704
A0A1G0YNV7,1,PF00704
A0A1G0Z9I1,1,PF00704
A0A1G0ZSJ9,1,PF00704
A0A1G1B9T8,1,PF00704
A0A1G1B9U3,1,PF00704
A0A1G1BBJ5,1,PF00704
A0A1G1BEY2,1,PF00704
A0A1G1CNM7,1,PF00704
A0A1G1CR59,1,PF00704
A0A1G1HZJ7,1,PF00704
A0A1G1N4U7,1,PF00704
A0A1G1PQ76,1,PF00704
A0A1G1V1I3,1,PF00704
A0A1G1VC36,1,PF00704
A0A1G1VLC1,1,PF00704
A0A1G1VP61,1,PF00704
A0A1G1VQY3,1,PF00704
A0A1G1VT82,1,PF00704
A0A1G1W0G7,1,PF00704
A0A1G1W437,1,PF00704
A0A1G1W9F4,1,PF00704
A0A1G1WAZ5,1,PF00704
A0A1G1WEI1,1,PF00704
A0A1G1WFQ3,1,PF00704
A0A1G1WG11,1,PF00704
A0A1G1WKQ0,1,PF00704
A0A1G1YY46,1,PF00704
A0A1G2CIY9,1,PF00704
A0A1G2CKE4,1,PF00704
A0A1G2CW78,1,PF00704
A0A1G2EXZ6,1,PF00704
A0A1G2EZM7,1,PF00704
A0A1G2G0Z5,1,PF00704
A0A1G2HJR3,1,PF00704
A0A1G2IB64,1,PF00704
A0A1G2ISN2,1,PF00704
A0A1G2IV36,1,PF00704
A0A1G2JP42,1,PF00704
A0A1G2LCA2,1,PF00704
A0A1G2MS88,1,PF00704
A0A1G2MS94,1,PF00704
A0A1G2MT28,1,PF00704
A0A1G2N8X0,1,PF00704
A0A1G2NE04,1,PF00704
A0A1G2QDD0,1,PF00704
A0A1G2QGL4,1,PF00704
A0A1G2QH85,1,PF00704
A0A1G2QL97,1,PF00704
A0A1G2S578,1,PF00704
A0A1G2S8K3,1,PF00704
A0A1G2SG41,1,PF00704
A0A1G2SPQ7,1,PF00704
A0A1G2VFH9,1,PF00704
A0A1G2Y126,1,PF00704
A0A1G3J8S4,2,G3DSA:3.20.20.370
A0A1G3J8S4,2,PF00704
A0A1G3KY33,1,PF00704
A0A1G3KZR7,1,PF00704
A0A1G3L045,1,PS51910
A0A1G3L4R3,1,PF00704
A0A1G3MW34,1,PF00704
A0A1G3QJG5,1,PF00704
A0A1G3QTR1,1,PF00704
A0A1G3QZU0,1,PF00704
A0A1G3VWS6,1,PF00704
A0A1G3WI86,1,PF00704
A0A1G3X389,1,PF00704
A0A1G3YRZ0,1,PF00704
A0A1G4FHY8,1,PF00704
A0A1G4FKA1,1,PF00704
A0A1G4FNU1,1,PF00704
A0A1G4PA11,1,PF00704
A0A1G4PU27,1,PF00704
A0A1G4QHA2,2,G3DSA:3.20.20.370
A0A1G4QHA2,2,PF00704
A0A1G4QIR1,1,PF00704
A0A1G4QLX8,1,PS51910
A0A1G4R7X2,1,PF00704
A0A1G4SFB2,1,PF00704
A0A1G4SHR1,1,PF00704
A0A1G4SQL2,1,PF00704
A0A1G4SR55,1,PF00704
A0A1G4T3Z9,1,PF00704
A0A1G4TJQ3,1,PF00704
A0A1G4TKA9,1,PF00704
A0A1G4TM47,1,PF00704
A0A1G4TU54,2,G3DSA:3.20.20.370
A0A1G4TU54,2,PF00704
A0A1G4VTU4,1,PF00704
A0A1G5AB60,1,PF00704
A0A1G5BGS4,1,PF00704
A0A1G5CE62,1,PF00704
A0A1G5CK91,1,PF00704
A0A1G5CMU5,1,PS51910
A0A1G5D599,1,PF00704
A0A1G5D9C2,1,PF00704
A0A1G5DRV3,1,PF00704
A0A1G5ELT0,1,PF00704
A0A1G5GC00,1,PF00704
A0A1G5GC37,1,PF00704
A0A1G5GYK3,1,PF00704
A0A1G5H4A1,1,PF00704
A0A1G5HPM4,1,PF00704
A0A1G5IEH4,1,PF00704
A0A1G5IRP3,1,PF00704
A0A1G5IVQ9,1,PF00704
A0A1G5IVS7,1,PF00704
A0A1G5K8B2,1,PF00704
A0A1G5L3T0,1,PS51910
A0A1G5LCY2,1,PF00704
A0A1G5LD64,1,PF00704
A0A1G5LFM2,1,PF00704
A0A1G5LR83,1,PF00704
A0A1G5PNJ8,1,PF00704
A0A1G5PPD2,1,PF00704
A0A1G5PRC5,1,PF00704
A0A1G5RQL3,1,PF00704
A0A1G5RXW1,1,PF00704
A0A1G5S2V8,1,PF00704
A0A1G5SXA5,2,G3DSA:3.20.20.370
A0A1G5SXA5,2,PF00704
A0A1G5VDF3,1,PF00704
A0A1G5VER3,1,PF00704
A0A1G5XHT3,1,PF00704
A0A1G5Y4T5,1,PF00704
A0A1G5Y5U7,1,PF00704
A0A1G6A0B5,1,PF00704
A0A1G6CTR7,1,PF00704
A0A1G6CVP2,1,PF00704
A0A1G6G0P7,1,PF00704
A0A1G6G7M6,1,PF00704
A0A1G6G844,1,PF00704
A0A1G6G8Q4,1,PF00704
A0A1G6H2B2,1,PF00704
A0A1G6H6Q8,1,PF00704
A0A1G6HF09,1,PF00704
A0A1G6HHJ9,1,PF00704
A0A1G6I0P1,1,PF00704
A0A1G6IXD7,1,PF00704
A0A1G6JHC1,1,PF00704
A0A1G6JR34,1,PF00704
A0A1G6KL34,1,PF00704
A0A1G6KUI6,1,PF00704
A0A1G6KZT4,2,G3DSA:3.20.20.370
A0A1G6KZT4,2,PF00704
A0A1G6LPS8,1,PF00704
A0A1G6M295,1,PF00704
A0A1G6M5G5,1,PF00704
A0A1G6MNN6,1,PF00704
A0A1G6NF94,1,PF00704
A0A1G6NM64,1,PF00704
A0A1G6PZG6,1,PF00704
A0A1G6PZR2,1,PS51910
A0A1G6QNK0,2,G3DSA:3.20.20.370
A0A1G6QNK0,2,PF00704
A0A1G6QNW3,1,PF00704
A0A1G6R8W9,1,PF00704
A0A1G6RSD3,1,PF00704
A0A1G6S4V6,1,PF00704
A0A1G6TVZ5,2,G3DSA:3.20.20.370
A0A1G6TVZ5,2,PF00704
A0A1G6U8Y2,1,PF00704
A0A1G6VTE5,2,G3DSA:3.20.20.370
A0A1G6VTE5,2,PF00704
A0A1G6W0F7,1,PF00704
A0A1G6W0M6,1,PF00704
A0A1G6W510,1,PF00704
A0A1G6WMJ9,1,PF00704
A0A1G6WU49,1,PF00704
A0A1G6X7I0,1,PF00704
A0A1G6XEK3,1,PF00704
A0A1G7B2R0,1,PF00704
A0A1G7BER5,1,PS51910
A0A1G7BFZ8,1,PF00704
A0A1G7BJA4,1,PF00704
A0A1G7C122,1,PF00704
A0A1G7D529,2,G3DSA:3.20.20.370
A0A1G7D529,2,PF00704
A0A1G7E2L3,1,PF00704
A0A1G7EIU9,1,PF00704
A0A1G7FK17,1,PF00704
A0A1G7G4H2,1,PF00704
A0A1G7GTJ4,1,PF00704
A0A1G7I152,1,PF00704
A0A1G7I8L7,1,PF00704
A0A1G7JD47,1,PF00704
A0A1G7JLS6,1,PF00704
A0A1G7K364,2,G3DSA:3.20.20.370
A0A1G7K364,2,PS51910
A0A1G7K985,1,PF00704
A0A1G7KII5,1,PF00704
A0A1G7LGN8,1,PF00704
A0A1G7LRJ4,1,PF00704
A0A1G7LRR5,1,PF00704
A0A1G7MES1,1,PF00704
A0A1G7MH27,2,G3DSA:3.20.20.370
A0A1G7MH27,2,PF00704
A0A1G7N0B4,1,PF00704
A0A1G7N7Z2,1,PF00704
A0A1G7NUA0,1,PF00704
A0A1G7NWR8,1,PF00704
A0A1G7NWX5,1,PF00704
A0A1G7P1C7,1,PF00704
A0A1G7PBN6,1,PF00704
A0A1G7PUM4,1,PF00704
A0A1G7Q9W0,1,PF00704
A0A1G7QKH7,1,PF00704
A0A1G7QNC5,1,PF00704
A0A1G7R0D1,2,PF00704
A0A1G7R0I1,1,PF00704
A0A1G7R1T8,1,PF00704
A0A1G7R821,1,PF00704
A0A1G7RRL0,1,PF00704
A0A1G7RZ37,2,PF00704
A0A1G7RZ37,2,SSF51445
A0A1G7RZY3,1,PF00704
A0A1G7S592,1,PF00704
A0A1G7SNS2,1,PF00704
A0A1G7TJD5,1,PF00704
A0A1G7TRL5,1,PF00704
A0A1G7U535,1,PF00704
A0A1G7UKK8,1,PF00704
A0A1G7UKW9,2,PF00704
A0A1G7UKW9,2,PS51910
A0A1G7V080,1,PF00704
A0A1G7VH58,1,PF00704
A0A1G7VH87,1,PF00704
A0A1G7VHD3,1,PF00704
A0A1G7VII4,1,PF00704
A0A1G7VL32,1,PF00704
A0A1G7WA62,1,PF00704
A0A1G7WY23,1,PF00704
A0A1G7XB70,1,PF00704
A0A1G7XBW4,1,PF00704
A0A1G7XJU0,1,PF00704
A0A1G7Y7M9,1,PF00704
A0A1G7YH82,1,PF00704
A0A1G7YTX2,1,PF00704
A0A1G7Z6L1,1,PF00704
A0A1G7Z8D3,1,PF00704
A0A1G7ZAE5,1,PF00704
A0A1G7ZAT3,1,PF00704
A0A1G7ZC18,1,PF00704
A0A1G7ZN42,1,PF00704
A0A1G8BMU2,1,PF00704
A0A1G8C017,1,PF00704
A0A1G8CK85,1,PF00704
A0A1G8CQ40,1,PF00704
A0A1G8DCK1,1,PF00704
A0A1G8DD78,2,G3DSA:3.20.20.370
A0A1G8DD78,2,PF00704
A0A1G8E2A7,1,PF00704
A0A1G8EMW0,1,PF00704
A0A1G8ESJ3,1,PF00704
A0A1G8F954,1,PF00704
A0A1G8FNP4,1,PF00704
A0A1G8GN61,1,PF00704
A0A1G8GQ54,1,PF00704
A0A1G8GW19,1,PF00704
A0A1G8GXN4,1,PF00704
A0A1G8H291,1,PF00704
A0A1G8H2Z7,1,PF00704
A0A1G8IS28,1,PF00704
A0A1G8JDX8,1,PF00704
A0A1G8LNE5,1,PF00704
A0A1G8MBV9,2,G3DSA:3.20.20.370
A0A1G8MBV9,2,PF00704
A0A1G8Q130,1,PF00704
A0A1G8RUZ1,1,PF00704
A0A1G8SZG1,1,PF00704
A0A1G8TS73,1,PF00704
A0A1G8TWM4,1,PF00704
A0A1G8UW04,1,PF00704
A0A1G8V320,1,PF00704
A0A1G8V559,1,PF00704
A0A1G8VC70,1,PF00704
A0A1G8WEP2,1,PF00704
A0A1G8WFN5,1,PF00704
A0A1G8X0X7,1,PF00704
A0A1G8X9H8,1,PF00704
A0A1G8Z199,1,PF00704
A0A1G8Z7V5,1,PF00704
A0A1G8ZD08,1,PF00704
A0A1G8ZS20,1,PF00704
A0A1G9A982,1,PF00704
A0A1G9AK42,1,PF00704
A0A1G9BIM1,1,PF00704
A0A1G9BMB7,1,PF00704
A0A1G9C4S6,1,PF00704
A0A1G9CWQ7,1,PF00704
A0A1G9EBQ3,1,PF00704
A0A1G9F1T6,1,PF00704
A0A1G9F733,1,PF00704
A0A1G9G313,1,PF00704
A0A1G9GIM1,1,PF00704
A0A1G9HT84,1,PF00704
A0A1G9HXE2,1,PF00704
A0A1G9IXX9,1,PS51910
A0A1G9IXZ4,1,PF00704
A0A1G9IZ81,1,PF00704
A0A1G9J6Y7,1,PF00704
A0A1G9KBC8,1,PF00704
A0A1G9KGR7,1,PF00704
A0A1G9L5E5,1,PF00704
A0A1G9LPB6,1,PF00704
A0A1G9LT50,1,PF00704
A0A1G9LV10,1,PF00704
A0A1G9MW80,3,G3DSA:3.20.20.370
A0A1G9MW80,3,PF00704
A0A1G9N7F8,1,PF00704
A0A1G9NP46,1,PF00704
A0A1G9NZX5,1,PF00704
A0A1G9P2H2,1,PF00704
A0A1G9P3H2,1,PF00704
A0A1G9PZ56,1,PF00704
A0A1G9RDK9,1,PF00704
A0A1G9RFU5,1,PF00704
A0A1G9RKP2,1,PF00704
A0A1G9S1R9,2,PF00704
A0A1G9S1R9,2,SSF51445
A0A1G9S5M9,1,PF00704
A0A1G9SAU2,1,PF00704
A0A1G9SB69,1,PF00704
A0A1G9SCI1,1,PF00704
A0A1G9SCS9,1,PF00704
A0A1G9SEI8,1,PS51910
A0A1G9SSV8,1,PS51910
A0A1G9STQ9,2,G3DSA:2.10.10.20:FF:000001
A0A1G9STQ9,2,PF00704
A0A1G9SW34,1,PF00704
A0A1G9TIW6,1,PS51910
A0A1G9U5B7,1,PF00704
A0A1G9UD02,1,PS51910
A0A1G9UHP2,1,PF00704
A0A1G9UW11,1,PF00704
A0A1G9UWH7,1,PF00704
A0A1G9VIY6,1,PS51910
A0A1G9VJC3,1,PF00704
A0A1G9VK01,1,PF00704
A0A1G9VTI6,1,PF00704
A0A1G9VX61,1,PF00704
A0A1G9VZH0,1,PS51910
A0A1G9W2L5,1,PF00704
A0A1G9W3R3,1,PF00704
A0A1G9W3U4,1,PF00704
A0A1G9W9H1,1,PF00704
A0A1G9WW48,1,PF00704
A0A1G9XB17,1,PF00704
A0A1G9XDI6,1,PF00704
A0A1G9XWK3,1,PF00704
A0A1G9XZU3,1,PF00704
A0A1G9Y2S2,1,PS51910
A0A1G9Y7M5,1,PF00704
A0A1G9YFN8,1,PS51910
A0A1G9YJV2,1,PF00704
A0A1G9YK44,1,PF00704
A0A1G9YMB1,1,PS51910
A0A1G9YVB1,1,PF00704
A0A1G9ZH74,1,PF00704
A0A1G9ZQF3,1,PF00704
A0A1H0,1,PF00704
A0A1H0A336,1,PF00704
A0A1H0A7S4,1,PF00704
A0A1H0AAJ5,1,PF00704
A0A1H0AD63,1,PF00704
A0A1H0AM30,1,PS51910
A0A1H0ANL5,1,PF00704
A0A1H0B9Q4,1,PF00704
A0A1H0BIQ1,1,PF00704
A0A1H0C8X5,1,PF00704
A0A1H0CAJ9,1,PF00704
A0A1H0CM79,1,PF00704
A0A1H0CVR0,1,PF00704
A0A1H0D6C1,1,PF00704
A0A1H0DH57,1,PF00704
A0A1H0DPR6,1,PF00704
A0A1H0E9I2,1,PF00704
A0A1H0EHD9,1,PF00704
A0A1H0EHM6,1,PF00704
A0A1H0ENR2,1,PF00704
A0A1H0EPX9,1,PF00704
A0A1H0EY77,1,PF00704
A0A1H0FAV1,1,PF00704
A0A1H0FH94,1,PF00704
A0A1H0FQE3,1,PF00704
A0A1H0FYZ9,1,PF00704
A0A1H0GEX6,1,PF00704
A0A1H0GHP8,1,PS51910
A0A1H0GNA8,1,PF00704
A0A1H0HAW0,1,PF00704
A0A1H0HM87,1,PF00704
A0A1H0IS39,1,PF00704
A0A1H0IXH9,1,PS51910
A0A1H0JZK6,1,PF00704
A0A1H0L6S2,1,PF00704
A0A1H0LKS3,1,PF00704
A0A1H0LY38,1,PF00704
A0A1H0NB41,1,PF00704
A0A1H0NJA2,1,PF00704
A0A1H0NTK8,1,PF00704
A0A1H0NWA3,1,PF00704
A0A1H0PIV8,1,PS51910
A0A1H0PY53,1,PS51910
A0A1H0Q5D6,1,PF00704
A0A1H0Q7E2,1,PF00704
A0A1H0QBX7,1,PF00704
A0A1H0QCF0,1,PS51910
A0A1H0QIJ6,1,PF00704
A0A1H0RHM8,1,PF00704
A0A1H0RU11,1,PF00704
A0A1H0RUX7,1,PF00704
A0A1H0S237,1,PF00704
A0A1H0SSJ9,1,PF00704
A0A1H0TLH8,1,PS51910
A0A1H0TZW1,1,PF00704
A0A1H0U131,1,PF00704
A0A1H0U2M6,1,PF00704
A0A1H0U3E8,1,PF00704
A0A1H0UK24,1,PF00704
A0A1H0UKS4,1,PF00704
A0A1H0UXZ6,1,PF00704
A0A1H0VQ57,1,PF00704
A0A1H0VY41,1,PF00704
A0A1H0WCY9,1,PF00704
A0A1H0WVF5,1,PF00704
A0A1H0WWA7,1,PF00704
A0A1H0X2E8,1,PF00704
A0A1H0X5M0,1,PS51910
A0A1H0XBN8,1,PF00704
A0A1H0XBW6,1,PF00704
A0A1H0XEV3,2,G3DSA:3.20.20.370
A0A1H0XEV3,2,PF00704
A0A1H0XNQ9,1,PF00704
A0A1H0Y3V1,1,PF00704
A0A1H0Y5L5,2,G3DSA:3.20.20.370
A0A1H0Y5L5,2,PF00704
A0A1H1AA06,1,PF00704
A0A1H1ADI6,1,PF00704
A0A1H1AIA0,1,PF00704
A0A1H1CEU5,1,PF00704
A0A1H1CTS4,1,PF00704
A0A1H1D3I4,1,PF00704
A0A1H1DI83,1,PF00704
A0A1H1F551,1,PF00704
A0A1H1FMH2,1,PF00704
A0A1H1GMF6,1,PF00704
A0A1H1ICH2,1,PF00704
A0A1H1ITI3,1,PF00704
A0A1H1M1L4,1,PF00704
A0A1H1N4T7,1,PF00704
A0A1H1NII8,2,G3DSA:3.20.20.370
A0A1H1NII8,2,PF00704
A0A1H1PJ41,1,PF00704
A0A1H1PSU7,1,PF00704
A0A1H1PTA1,1,PF00704
A0A1H1PUI3,1,PF00704
A0A1H1Q1P2,1,PF00704
A0A1H1QM59,1,PF00704
A0A1H1RYM4,1,PF00704
A0A1H1T117,1,PF00704
A0A1H1TFT8,1,PF00704
A0A1H1VDJ4,1,PF00704
A0A1H1W482,1,PF00704
A0A1H1W997,1,PF00704
A0A1H1XGC0,1,PF00704
A0A1H2BAV8,2,PF00704
A0A1H2BE56,1,PF00704
A0A1H2C0L7,1,PF00704
A0A1H2CX35,1,PS51910
A0A1H2CXB4,1,PF00704
A0A1H2GQY4,1,PF00704
A0A1H2JAI3,2,PF00704
A0A1H2M323,1,PF00704
A0A1H2Q523,1,PF00704
A0A1H2QC90,1,PF00704
A0A1H2QDF1,1,PF00704
A0A1H2QV28,1,PF00704
A0A1H2QYI5,1,PF00704
A0A1H2RAP4,1,PF00704
A0A1H2T356,1,PF00704
A0A1H2T5L7,1,PF00704
A0A1H2TEI7,1,PF00704
A0A1H2U679,1,PF00704
A0A1H2UK32,1,PF00704
A0A1H2UNI8,1,PF00704
A0A1H2V030,1,PF00704
A0A1H2V1Q9,1,PF00704
A0A1H2VAJ0,1,PF00704
A0A1H2VD16,1,PS51910
A0A1H2W256,1,PF00704
A0A1H2WZM2,1,PF00704
A0A1H2X1G0,1,PF00704
A0A1H2XH28,1,PF00704
A0A1H2Y3T7,1,PS51910
A0A1H3B1Z0,1,PF00704
A0A1H3B5N0,1,PF00704
A0A1H3BL33,1,PF00704
A0A1H3BQ75,1,PF00704
A0A1H3CXU1,1,PF00704
A0A1H3DH20,1,PF00704
A0A1H3DTX7,1,PF00704
A0A1H3ET76,1,PF00704
A0A1H3F1I0,1,PF00704
A0A1H3FVC4,1,PS51910
A0A1H3FY47,1,PF00704
A0A1H3GB38,1,PF00704
A0A1H3H5J3,1,PF00704
A0A1H3IJS6,1,PF00704
A0A1H3J5A1,1,PS51910
A0A1H3JKF1,1,PF00704
A0A1H3K077,1,PF00704
A0A1H3K5W0,1,PF00704
A0A1H3M303,1,PF00704
A0A1H3M834,1,PF00704
A0A1H3MM31,1,PF00704
A0A1H3MQL7,1,PF00704
A0A1H3MVL0,1,PS51910
A0A1H3MX20,1,PF00704
A0A1H3NCC0,1,PF00704
A0A1H3NEZ7,1,PF00704
A0A1H3NHG2,1,PF00704
A0A1H3NNK0,1,PS51910
A0A1H3NNK6,1,PS51910
A0A1H3NQ15,1,PF00704
A0A1H3NWA6,1,PF00704
A0A1H3NZS6,1,PF00704
A0A1H3P4G7,1,PF00704
A0A1H3P647,1,PF00704
A0A1H3P9Y6,1,PF00704
A0A1H3Q012,2,G3DSA:3.20.20.370
A0A1H3Q012,2,PF00704
A0A1H3Q0N1,1,PF00704
A0A1H3Q151,1,PF00704
A0A1H3QD37,1,PF00704
A0A1H3QRE4,1,PF00704
A0A1H3R438,1,PF00704
A0A1H3R4C0,1,PS51910
A0A1H3RCU9,1,PF00704
A0A1H3RJ20,1,PF00704
A0A1H3RUC6,1,PF00704
A0A1H3RUQ4,1,PF00704
A0A1H3TPM6,1,PF00704
A0A1H3UP68,1,PF00704
A0A1H3V259,1,PF00704
A0A1H3WG75,1,PF00704
A0A1H3WLZ8,1,PF00704
A0A1H3X122,1,PF00704
A0A1H3X171,1,PF00704
A0A1H3XKR3,1,PF00704
A0A1H3YSW8,1,PF00704
A0A1H3ZZ10,1,PF00704
A0A1H4AN09,1,PF00704
A0A1H4B488,1,PF00704
A0A1H4BBN7,1,PF00704
A0A1H4BGN6,1,PF00704
A0A1H4BIY4,1,PF00704
A0A1H4BR11,1,PF00704
A0A1H4D2N0,1,PF00704
A0A1H4D690,1,PF00704
A0A1H4DZG0,1,PF00704
A0A1H4E0H3,1,PF00704
A0A1H4E0R4,1,PF00704
A0A1H4EF68,1,PF00704
A0A1H4F5Q0,1,PF00704
A0A1H4FLX1,1,PF00704
A0A1H4FM74,1,PF00704
A0A1H4G841,1,PF00704
A0A1H4H7W1,1,PF00704
A0A1H4HBR5,2,G3DSA:3.20.20.370
A0A1H4HBR5,2,PF00704
A0A1H4HEE7,1,PF00704
A0A1H4HEN5,1,PF00704
A0A1H4HGQ4,1,PS51910
A0A1H4HH78,1,PF00704
A0A1H4I3G8,1,PF00704
A0A1H4II72,1,PF00704
A0A1H4IP28,1,PF00704
A0A1H4IWD9,1,PF00704
A0A1H4J758,1,PF00704
A0A1H4JEY4,1,PF00704
A0A1H4JFZ9,1,PF00704
A0A1H4JXV2,1,PF00704
A0A1H4KTS1,1,PF00704
A0A1H4LSL4,1,PF00704
A0A1H4LTT4,1,PF00704
A0A1H4MGC4,1,PF00704
A0A1H4MMY7,1,PF00704
A0A1H4N3U7,1,PS51910
A0A1H4NFF2,1,PF00704
A0A1H4NNV0,1,PS51910
A0A1H4P5W7,1,PF00704
A0A1H4P5X4,1,PF00704
A0A1H4PNA0,1,PF00704
A0A1H4Q3G1,1,PS51910
A0A1H4QTB0,1,PS51910
A0A1H4R6K0,1,PF00704
A0A1H4R8V1,1,PF00704
A0A1H4RAD5,1,PF00704
A0A1H4RNL3,2,G3DSA:3.20.20.370
A0A1H4RNL3,2,PS51910
A0A1H4RS47,1,PF00704
A0A1H4RYQ0,1,PF00704
A0A1H4S1A8,1,PF00704
A0A1H4S1B1,1,PF00704
A0A1H4S9N7,1,PF00704
A0A1H4SB08,1,PF00704
A0A1H4SE02,1,PF00704
A0A1H4SPT6,1,PF00704
A0A1H4SVK8,1,PF00704
A0A1H4T2X4,1,PF00704
A0A1H4T5T6,1,PF00704
A0A1H4T5X7,1,PF00704
A0A1H4T8R8,1,PF00704
A0A1H4TA09,1,PS51910
A0A1H4TB50,1,PS51910
A0A1H4TJK6,1,PF00704
A0A1H4TX92,1,PF00704
A0A1H4U2G8,1,PS51910
A0A1H4U448,1,PF00704
A0A1H4UE94,1,PF00704
A0A1H4UQR0,1,PF00704
A0A1H4UX35,1,PF00704
A0A1H4VDM9,1,PF00704
A0A1H4VM87,1,PF00704
A0A1H4W9A9,1,PS51910
A0A1H4WQM2,1,PF00704
A0A1H4WSM7,1,PF00704
A0A1H4WVW7,1,PF00704
A0A1H4XI79,1,PF00704
A0A1H4XIY4,1,PF00704
A0A1H4XM92,1,PS51910
A0A1H4Y0G2,1,PF00704
A0A1H4YKU3,1,PF00704
A0A1H4Z8S6,1,PF00704
A0A1H4ZL74,1,PF00704
A0A1H4ZMZ2,1,PS51910
A0A1H4ZSA8,1,PS51910
A0A1H4ZSH8,1,PS51910
A0A1H4ZUN8,1,PF00704
A0A1H5AW55,1,PF00704
A0A1H5AYF4,1,PF00704
A0A1H5B132,1,PF00704
A0A1H5B5Q6,1,PF00704
A0A1H5B6H4,1,PF00704
A0A1H5BB76,1,PS51910
A0A1H5BLE7,1,PS51910
A0A1H5C4R2,1,PF00704
A0A1H5C5H5,1,PS51910
A0A1H5C7Q3,1,PS51910
A0A1H5CND0,1,PF00704
A0A1H5CQ50,1,PS51910
A0A1H5CZY7,1,PF00704
A0A1H5DE06,1,PF00704
A0A1H5DL95,1,PF00704
A0A1H5DN36,1,PF00704
A0A1H5E120,1,PF00704
A0A1H5EH84,1,PF00704
A0A1H5FMS6,1,PS51910
A0A1H5FV90,1,PF00704
A0A1H5G2Y9,1,PS51910
A0A1H5G5U9,1,PS51910
A0A1H5GAU1,1,PF00704
A0A1H5GCP9,1,PF00704
A0A1H5GG29,2,PS51910
A0A1H5GG29,2,SSF51445
A0A1H5GWM7,1,PS51910
A0A1H5II36,1,PF00704
A0A1H5J4G9,1,PF00704
A0A1H5J954,1,PF00704
A0A1H5JUB7,1,PF00704
A0A1H5JVQ4,2,PF00704
A0A1H5K0D4,1,PF00704
A0A1H5KKV3,1,PF00704
A0A1H5MG02,1,PF00704
A0A1H5NBN3,1,PS51910
A0A1H5NBS8,1,PF00704
A0A1H5NLY4,1,PS51910
A0A1H5NM88,1,PF00704
A0A1H5NP74,1,PS51910
A0A1H5NR03,1,PS51910
A0A1H5P1B1,1,PF00704
A0A1H5PCV3,1,PF00704
A0A1H5PLJ5,1,PF00704
A0A1H5PQW1,1,PS51910
A0A1H5PU08,1,PS51910
A0A1H5PVC1,2,PF00704
A0A1H5PVQ4,1,PS51910
A0A1H5Q7Z1,1,PF00704
A0A1H5QIW2,1,PF00704
A0A1H5QJE9,1,PF00704
A0A1H5QLD3,1,PF00704
A0A1H5QMS6,1,PS51910
A0A1H5QTY8,1,PF00704
A0A1H5QWZ2,1,PF00704
A0A1H5QX69,1,PS51910
A0A1H5R9F9,1,PF00704
A0A1H5REH9,1,PF00704
A0A1H5REV8,1,PF00704
A0A1H5RGY7,1,PS51910
A0A1H5RH79,1,PF00704
A0A1H5RHR5,1,PF00704
A0A1H5RQA9,1,PF00704
A0A1H5SCH6,1,PF00704
A0A1H5SML6,1,PF00704
A0A1H5TFF7,2,G3DSA:3.20.20.370
A0A1H5TFF7,2,PF00704
A0A1H5TKD9,1,PF00704
A0A1H5TTD2,2,G3DSA:3.20.20.370
A0A1H5TTD2,2,PF00704
A0A1H5TUZ1,1,PF00704
A0A1H5U0L8,1,PF00704
A0A1H5U2Z5,1,PF00704
A0A1H5UU34,1,PF00704
A0A1H5UUQ0,1,PS51910
A0A1H5UZN0,1,PF00704
A0A1H5V117,1,PF00704
A0A1H5V1L9,1,PF00704
A0A1H5VL83,1,PF00704
A0A1H5W1N1,1,PF00704
A0A1H5W977,1,PF00704
A0A1H5WXB2,1,PF00704
A0A1H5X7X5,1,PF00704
A0A1H5Y110,1,PF00704
A0A1H5Y8B2,1,PF00704
A0A1H5YSH1,3,PF00704
A0A1H6AGZ8,1,PF00704
A0A1H6AK27,1,PS51910
A0A1H6AX53,1,PS51910
A0A1H6AX95,1,PS51910
A0A1H6AXL2,1,PF00704
A0A1H6AXX2,1,PF00704
A0A1H6B8B4,1,PF00704
A0A1H6BLU7,1,PF00704
A0A1H6BVD5,1,PF00704
A0A1H6C142,1,PF00704
A0A1H6C1N6,1,PF00704
A0A1H6C7U7,2,PF00704
A0A1H6CML9,1,PS51910
A0A1H6CPS5,1,PS51910
A0A1H6CPW4,1,PF00704
A0A1H6CWK9,1,PS51910
A0A1H6CXA8,1,PS51910
A0A1H6CYE5,1,PF00704
A0A1H6D2G8,1,PS51910
A0A1H6D310,1,PF00704
A0A1H6DV63,1,PF00704
A0A1H6DXF6,1,PF00704
A0A1H6E4K5,1,PF00704
A0A1H6EBF4,1,PF00704
A0A1H6ECJ6,1,PF00704
A0A1H6EEJ1,1,PF00704
A0A1H6EI89,1,PF00704
A0A1H6HHN5,1,PF00704
A0A1H6HL56,1,PF00704
A0A1H6HQY6,2,G3DSA:3.20.20.370
A0A1H6HQY6,2,PF00704
A0A1H6HV19,1,PF00704
A0A1H6JRH1,1,PF00704
A0A1H6JRH7,1,PF00704
A0A1H6SHY5,1,PF00704
A0A1H6SLG3,1,PF00704
A0A1H6V6I7,1,PF00704
A0A1H6VDU2,1,PF00704
A0A1H6WJP1,1,PF00704
A0A1H6WKF5,1,PF00704
A0A1H6WRV9,1,PF00704
A0A1H6WVM0,1,PF00704
A0A1H6Y988,2,G3DSA:3.20.20.370
A0A1H6Y988,2,PF00704
A0A1H6YFH1,1,PF00704
A0A1H6YY52,1,PF00704
A0A1H6ZB58,1,PF00704
A0A1H7AP93,1,PF00704
A0A1H7B7R4,1,PF00704
A0A1H7CK03,1,PF00704
A0A1H7CZT0,1,PF00704
A0A1H7FJ08,1,PF00704
A0A1H7FMC6,1,PF00704
A0A1H7FPD2,1,PF00704
A0A1H7FQW9,1,PF00704
A0A1H7G6X2,1,PF00704
A0A1H7GGI2,1,PF00704
A0A1H7GRE2,1,PF00704
A0A1H7GX79,1,PF00704
A0A1H7GXG5,1,PF00704
A0A1H7GZL9,1,PF00704
A0A1H7I491,2,PF00704
A0A1H7JTP7,1,PF00704
A0A1H7JX08,1,PF00704
A0A1H7KIF2,2,G3DSA:3.20.20.370
A0A1H7KIF2,2,PF00704
A0A1H7KNJ2,1,PF00704
A0A1H7L5A6,3,PF00704
A0A1H7LSM0,1,PF00704
A0A1H7ML13,1,PF00704
A0A1H7MU03,1,PF00704
A0A1H7MYU3,1,PF00704
A0A1H7MYU5,1,PF00704
A0A1H7N0I1,1,PF00704
A0A1H7N9W3,1,PF00704
A0A1H7NC57,1,PF00704
A0A1H7NJ08,1,PF00704
A0A1H7NP19,1,PF00704
A0A1H7NQL6,1,PF00704
A0A1H7PCC3,1,PF00704
A0A1H7PJC8,1,PF00704
A0A1H7Q4L1,1,PF00704
A0A1H7Q5H2,1,PF00704
A0A1H7QAX5,1,PF00704
A0A1H7QBK8,1,PF00704
A0A1H7QLL4,1,PF00704
A0A1H7QLZ9,1,PF00704
A0A1H7QRC6,1,PF00704
A0A1H7QTT7,1,PF00704
A0A1H7QZ33,1,PF00704
A0A1H7RGG1,1,PS51910
A0A1H7RJT7,1,PF00704
A0A1H7RK41,1,PS51910
A0A1H7RLX6,1,PS51910
A0A1H7RS82,1,PF00704
A0A1H7RWT5,1,PF00704
A0A1H7RZ48,1,PF00704
A0A1H7S8I7,1,PF00704
A0A1H7SA71,1,PF00704
A0A1H7SK75,1,PS51910
A0A1H7TA25,1,PF00704
A0A1H7TTU7,2,G3DSA:3.20.20.370
A0A1H7TTU7,2,PF00704
A0A1H7TWR4,1,PF00704
A0A1H7UNL5,1,PS51910
A0A1H7VVT8,1,PF00704
A0A1H7VXT0,1,PF00704
A0A1H7VYD2,1,PF00704
A0A1H7VYH9,1,PS51910
A0A1H7VYK0,1,PF00704
A0A1H7VZL8,1,PF00704
A0A1H7XMY8,1,PF00704
A0A1H7XU86,1,PS51910
A0A1H7XWF3,1,PF00704
A0A1H7XYC3,1,PF00704
A0A1H7Y255,1,PF00704
A0A1H7YBA2,2,G3DSA:3.20.20.370
A0A1H7YBA2,2,PF00704
A0A1H7YCL9,1,PF00704
A0A1H7YKA7,2,G3DSA:2.10.10.20:FF:000001
A0A1H7YKA7,2,PF00704
A0A1H7YL35,1,PF00704
A0A1H7YLC2,1,PF00704
A0A1H7YNZ1,1,PF00704
A0A1H7YTH3,1,PF00704
A0A1H7YZS6,2,G3DSA:3.20.20.370
A0A1H7YZS6,2,PF00704
A0A1H7Z0X9,1,PF00704
A0A1H7ZC20,1,PF00704
A0A1H7ZSE9,1,PF00704
A0A1H8A8W4,1,PF00704
A0A1H8ABN9,1,PF00704
A0A1H8ANH5,1,PF00704
A0A1H8AW25,1,PF00704
A0A1H8B0E0,1,PF00704
A0A1H8B8S0,2,G3DSA:3.30.1490.230
A0A1H8B8S0,2,PF00704
A0A1H8BAN3,1,PF00704
A0A1H8BB10,2,PF00704
A0A1H8BB10,2,SSF51445
A0A1H8BE15,1,PF00704
A0A1H8BGL4,1,PF00704
A0A1H8C5D3,1,PF00704
A0A1H8CIB1,2,G3DSA:3.20.20.370
A0A1H8CIB1,2,PF00704
A0A1H8CWC4,1,PF00704
A0A1H8DF59,1,PF00704
A0A1H8E4W8,1,PF00704
A0A1H8E5B1,1,PF00704
A0A1H8E7B1,2,G3DSA:2.10.10.20:FF:000001
A0A1H8E7B1,2,PS51910
A0A1H8EUB4,1,PF00704
A0A1H8F120,1,PF00704
A0A1H8F174,1,PF00704
A0A1H8FQ00,1,PF00704
A0A1H8FRF1,1,PF00704
A0A1H8G2J0,1,PF00704
A0A1H8G459,1,PS51910
A0A1H8H810,1,PF00704
A0A1H8HEB0,1,PF00704
A0A1H8HID6,1,PF00704
A0A1H8I0U3,1,PF00704
A0A1H8IEP4,1,PF00704
A0A1H8IWY7,1,PF00704
A0A1H8JER2,1,PS51910
A0A1H8JNE2,1,PF00704
A0A1H8JNY3,1,PF00704
A0A1H8JPM1,1,PS51910
A0A1H8JUM2,1,PS51910
A0A1H8JY06,1,PS51910
A0A1H8KQ71,1,PF00704
A0A1H8MQW9,1,PF00704
A0A1H8N1N4,1,PS51910
A0A1H8N1W6,1,PF00704
A0A1H8N499,1,PF00704
A0A1H8N5E5,1,PF00704
A0A1H8NPA7,1,PF00704
A0A1H8PAF8,1,PF00704
A0A1H8PCZ6,1,PF00704
A0A1H8QU62,1,PF00704
A0A1H8RBR6,1,PF00704
A0A1H8RSN5,1,PF00704
A0A1H8S0V7,2,G3DSA:3.20.20.370
A0A1H8S0V7,2,PF00704
A0A1H8SLE0,1,PF00704
A0A1H8SMW4,1,PF00704
A0A1H8TFH0,1,PF00704
A0A1H8U4D0,1,PF00704
A0A1H8U740,1,PS51910
A0A1H8UGQ0,1,PF00704
A0A1H8UI51,1,PF00704
A0A1H8VE44,1,PF00704
A0A1H8VIF8,1,PF00704
A0A1H8WN37,1,PS51910
A0A1H8WTG0,2,G3DSA:3.20.20.370
A0A1H8WTG0,2,PF00704
A0A1H8X543,1,PF00704
A0A1H8XVE1,1,PF00704
A0A1H8XWV7,1,PS51910
A0A1H8Y4U2,1,PF00704
A0A1H8YC67,2,PF00704
A0A1H8YC67,2,SSF51445
A0A1H8YDI9,1,PF00704
A0A1H8YDL8,1,PS51910
A0A1H8YE26,1,PF00704
A0A1H8YJ86,1,PF00704
A0A1H8YKD8,1,PF00704
A0A1H8YL14,1,PS51910
A0A1H8YLW4,1,PF00704
A0A1H8YMJ0,1,PF00704
A0A1H9B3U3,1,PF00704
A0A1H9BYR5,1,PF00704
A0A1H9C9J8,1,PF00704
A0A1H9D6H1,1,PF00704
A0A1H9E644,2,G3DSA:2.10.10.20:FF:000001
A0A1H9E644,2,PF00704
A0A1H9E7Q0,1,PF00704
A0A1H9EDV5,1,PF00704
A0A1H9EHM1,1,PF00704
A0A1H9EHR6,1,PF00704
A0A1H9F4K2,1,PF00704
A0A1H9FFB3,1,PF00704
A0A1H9FJF9,1,PF00704
A0A1H9FYJ3,1,PF00704
A0A1H9GI38,1,PF00704
A0A1H9GKS5,1,PF00704
A0A1H9HAT1,1,PF00704
A0A1H9HB05,2,PF00704
A0A1H9HDT1,1,PF00704
A0A1H9HEL8,1,PF00704
A0A1H9I9Q5,1,PF00704
A0A1H9IH57,1,PF00704
A0A1H9J152,1,PF00704
A0A1H9JEA2,1,PF00704
A0A1H9JEU3,1,PF00704
A0A1H9K1H2,1,PS51910
A0A1H9K2M1,1,PF00704
A0A1H9K7Z4,1,PS51910
A0A1H9KE58,1,PF00704
A0A1H9L4D7,1,PF00704
A0A1H9LED4,1,PF00704
A0A1H9MMP9,1,PF00704
A0A1H9MXG9,1,PS51910
A0A1H9MZ88,1,PS51910
A0A1H9N5D9,1,PF00704
A0A1H9N9C0,1,PF00704
A0A1H9NHB9,1,PF00704
A0A1H9NLN1,1,PF00704
A0A1H9NLT7,1,PF00704
A0A1H9NML0,1,PF00704
A0A1H9NQZ5,1,PF00704
A0A1H9NSL3,1,PF00704
A0A1H9NW79,1,PS51910
A0A1H9P9T7,1,PF00704
A0A1H9PGJ6,1,PF00704
A0A1H9QCY0,1,PF00704
A0A1H9QHH0,1,PS51910
A0A1H9QM53,1,PF00704
A0A1H9QV33,1,PF00704
A0A1H9QVB8,1,PF00704
A0A1H9QWK8,1,PF00704
A0A1H9R1Q8,1,PF00704
A0A1H9RD58,1,PF00704
A0A1H9RXZ3,1,PF00704
A0A1H9S2M6,1,PF00704
A0A1H9SHU3,2,G3DSA:3.20.20.370
A0A1H9SHU3,2,PF00704
A0A1H9SWJ5,1,PF00704
A0A1H9T3M1,1,PF00704
A0A1H9T9R0,1,PF00704
A0A1H9TCQ2,2,G3DSA:3.20.20.370
A0A1H9TCQ2,2,PF00704
A0A1H9TGD1,1,PF00704
A0A1H9TGK6,1,PS51910
A0A1H9TSJ9,1,PF00704
A0A1H9TU77,1,PF00704
A0A1H9TY04,1,PF00704
A0A1H9TYC4,1,PF00704
A0A1H9UEH4,1,PS51910
A0A1H9UMJ3,1,PF00704
A0A1H9UW12,1,PF00704
A0A1H9V1K9,1,PF00704
A0A1H9VTD0,1,PF00704
A0A1H9WBE4,1,PF00704
A0A1H9WDU5,1,PF00704
A0A1H9WLP1,1,PS51910
A0A1H9X3K8,1,PF00704
A0A1H9X6Y0,1,PF00704
A0A1H9X977,1,PF00704
A0A1H9XD05,1,PF00704
A0A1H9XI08,1,PF00704
A0A1H9XI91,1,PF00704
A0A1H9XMK3,1,PF00704
A0A1H9XPT3,1,PS51910
A0A1H9YSU2,1,PF00704
A0A1I0A142,1,PF00704
A0A1I0A546,1,PF00704
A0A1I0ASP4,1,PF00704
A0A1I0AY27,1,PF00704
A0A1I0B5N6,1,PF00704
A0A1I0BM43,1,PF00704
A0A1I0BPY9,1,PF00704
A0A1I0BSV1,1,PF00704
A0A1I0C2H9,1,PF00704
A0A1I0C7C9,1,PF00704
A0A1I0CAJ8,1,PF00704
A0A1I0CKT7,1,PF00704
A0A1I0CM96,1,PF00704
A0A1I0CVH3,1,PF00704
A0A1I0DNM9,1,PF00704
A0A1I0FCB9,1,PF00704
A0A1I0FZD2,1,PF00704
A0A1I0GUJ1,1,PF00704
A0A1I0GWB1,1,PF00704
A0A1I0IGK0,1,PF00704
A0A1I0JTB4,1,PF00704
A0A1I0JXX5,1,PF00704
A0A1I0KLE6,1,PF00704
A0A1I0L4B0,1,PF00704
A0A1I0LUM2,1,PF00704
A0A1I0M056,1,PF00704
A0A1I0M2H7,1,PF00704
A0A1I0MGS7,1,PF00704
A0A1I0MR33,1,PF00704
A0A1I0PIM6,1,PF00704
A0A1I0PVQ4,1,PF00704
A0A1I0Q8R6,1,PF00704
A0A1I0Q9R5,1,PF00704
A0A1I0QER4,1,PF00704
A0A1I0QES4,1,PF00704
A0A1I0QEW0,1,PF00704
A0A1I0QFB0,2,PF00704
A0A1I0QM49,1,PS51910
A0A1I0QRZ4,1,PF00704
A0A1I0QS04,1,PF00704
A0A1I0R1Q5,1,PF00704
A0A1I0R294,2,PF00704
A0A1I0R294,2,SSF51445
A0A1I0R4L1,1,PF00704
A0A1I0RD77,1,PF00704
A0A1I0RH06,1,PF00704
A0A1I0RIB5,1,PF00704
A0A1I0RNM2,1,PF00704
A0A1I0RP19,1,PF00704
A0A1I0RS01,1,PF00704
A0A1I0RVQ2,1,PF00704
A0A1I0RWZ1,1,PS51910
A0A1I0RYX6,1,PF00704
A0A1I0S7Y4,1,PF00704
A0A1I0SZK9,1,PF00704
A0A1I0TC14,1,PF00704
A0A1I0TCY4,1,PF00704
A0A1I0TKI7,2,G3DSA:3.20.20.370
A0A1I0TKI7,2,PF00704
A0A1I0TSL0,1,PF00704
A0A1I0V3S9,1,PF00704
A0A1I0V7B0,1,PF00704
A0A1I0V8B0,1,PF00704
A0A1I0WGJ7,1,PF00704
A0A1I0X1V2,1,PF00704
A0A1I0X1X2,1,PF00704
A0A1I0Y457,1,PF00704
A0A1I0YNB7,1,PF00704
A0A1I0YSB0,1,PF00704
A0A1I0YT93,2,PF00704
A0A1I0YT93,2,PS51910
A0A1I0YV93,1,PF00704
A0A1I0Z938,1,PF00704
A0A1I0ZLJ4,1,PF00704
A0A1I0ZRS5,1,PF00704
A0A1I1A411,1,PF00704
A0A1I1AA10,1,PF00704
A0A1I1AK19,1,PF00704
A0A1I1B857,1,PF00704
A0A1I1BSQ6,1,PF00704
A0A1I1CUK5,1,PF00704
A0A1I1E642,1,PF00704
A0A1I1EZC8,1,PF00704
A0A1I1F0Q9,1,PF00704
A0A1I1I267,1,PF00704
A0A1I1I6Y0,1,PF00704
A0A1I1IMZ3,1,PF00704
A0A1I1J9V4,1,PF00704
A0A1I1LTB4,1,PF00704
A0A1I1MDE9,1,PF00704
A0A1I1MU38,1,PF00704
A0A1I1MYH8,2,G3DSA:2.10.10.20:FF:000001
A0A1I1MYH8,2,PF00704
A0A1I1N6F1,1,PF00704
A0A1I1NID3,1,PF00704
A0A1I1NKZ7,1,PF00704
A0A1I1QH15,2,PF00704
A0A1I1RRA3,1,PF00704
A0A1I1RRF4,1,PF00704
A0A1I1SAV1,1,PF00704
A0A1I1SVC5,1,PF00704
A0A1I1SVW3,1,PF00704
A0A1I1UMK8,1,PF00704
A0A1I1VDT1,1,PF00704
A0A1I1VFS8,1,PF00704
A0A1I1VTD6,1,PF00704
A0A1I1VZ38,1,PF00704
A0A1I1W0T1,1,PS51910
A0A1I1X2F0,1,PS51910
A0A1I1X4K9,1,PF00704
A0A1I1X714,1,PF00704
A0A1I1XH80,1,PF00704
A0A1I1XHH2,2,PF00704
A0A1I1XHM5,1,PF00704
A0A1I1XIQ5,1,PF00704
A0A1I1XN63,1,PF00704
A0A1I1XZ36,1,PS51910
A0A1I1YEM0,1,PF00704
A0A1I1YWA3,1,PF00704
A0A1I1ZAR7,1,PF00704
A0A1I1ZCL5,1,PF00704
A0A1I1ZPK0,2,G3DSA:2.10.10.20:FF:000001
A0A1I1ZPK0,2,PS51910
A0A1I1ZVF4,2,G3DSA:3.20.20.370
A0A1I1ZVF4,2,PF00704
A0A1I1ZVY5,1,PF00704
A0A1I2AAD5,1,PF00704
A0A1I2ABN1,2,PF00704
A0A1I2ABN1,2,SSF51445
A0A1I2APS2,1,PF00704
A0A1I2AYW0,1,PF00704
A0A1I2BFV8,1,PF00704
A0A1I2BPR1,1,PF00704
A0A1I2BX55,1,PF00704
A0A1I2BXE6,1,PF00704
A0A1I2BYV0,1,PF00704
A0A1I2C3M9,1,PF00704
A0A1I2C4T9,1,PS51910
A0A1I2CG70,1,PF00704
A0A1I2CMX1,1,PF00704
A0A1I2D0X8,1,PF00704
A0A1I2E089,1,PF00704
A0A1I2EBP3,1,PF00704
A0A1I2F616,1,PF00704
A0A1I2FNA3,1,PS51910
A0A1I2FU75,1,PF00704
A0A1I2G7U4,1,PF00704
A0A1I2GAZ9,1,PF00704
A0A1I2GIW0,1,PF00704
A0A1I2H054,1,PF00704
A0A1I2H1S7,1,PF00704
A0A1I2H7M4,1,PF00704
A0A1I2HFI3,1,PF00704
A0A1I2HGT9,1,PF00704
A0A1I2I1W1,1,PF00704
A0A1I2I6L5,1,PF00704
A0A1I2ID79,1,PF00704
A0A1I2IUV3,1,PF00704
A0A1I2IXT6,1,PF00704
A0A1I2J0D8,1,PF00704
A0A1I2J800,1,PF00704
A0A1I2JA00,1,PS51910
A0A1I2JMW1,1,PS51910
A0A1I2K3T8,1,PF00704
A0A1I2K400,1,PF00704
A0A1I2K465,1,PS51910
A0A1I2K590,1,PF00704
A0A1I2K821,1,PF00704
A0A1I2KDJ6,1,PF00704
A0A1I2KKB4,1,PF00704
A0A1I2KS21,3,PS51910
A0A1I2KS21,3,SSF51445
A0A1I2L672,1,PS51910
A0A1I2M2X0,1,PS51910
A0A1I2M3D7,1,PS51910
A0A1I2M4C1,1,PF00704
A0A1I2MJ98,1,PS51910
A0A1I2MKS2,1,PF00704
A0A1I2MLJ3,1,PF00704
A0A1I2NN79,1,PS51910
A0A1I2NPN9,1,PF00704
A0A1I2NSR8,1,PF00704
A0A1I2PE32,1,PF00704
A0A1I2PH19,1,PF00704
A0A1I2Q7M1,1,PF00704
A0A1I2QRC8,1,PF00704
A0A1I2QZI5,1,PF00704
A0A1I2R9Q7,1,PF00704
A0A1I2SBY4,1,PF00704
A0A1I2SHE6,1,PF00704
A0A1I2TTB8,1,PF00704
A0A1I2U9M6,1,PF00704
A0A1I2V231,1,PF00704
A0A1I2X5Q1,1,PF00704
A0A1I2XTT4,1,PF00704
A0A1I2Y0H4,1,PF00704
A0A1I2ZT54,1,PF00704
A0A1I3BU46,1,PF00704
A0A1I3DMJ2,1,PF00704
A0A1I3DNW3,1,PF00704
A0A1I3E0B6,2,G3DSA:3.20.20.370
A0A1I3E0B6,2,PF00704
A0A1I3EZ84,1,PF00704
A0A1I3FHB5,1,PF00704
A0A1I3FNK4,1,PF00704
A0A1I3FT74,1,PF00704
A0A1I3GPM5,1,PF00704
A0A1I3H7V7,1,PF00704
A0A1I3HPA7,1,PF00704
A0A1I3HQW0,1,PF00704
A0A1I3HU68,1,PF00704
A0A1I3HUK8,1,PS51910
A0A1I3HUV2,1,PF00704
A0A1I3HX06,2,PF00704
A0A1I3HX14,1,PF00704
A0A1I3IQ36,1,PF00704
A0A1I3JWS8,1,PF00704
A0A1I3K8N5,1,PS51910
A0A1I3KSY5,1,PF00704
A0A1I3NGM3,1,PF00704
A0A1I3P575,1,PF00704
A0A1I3PLG1,1,PF00704
A0A1I3PM32,1,PF00704
A0A1I3PTQ6,1,PF00704
A0A1I3PV65,1,PS51910
A0A1I3PV85,1,PS51910
A0A1I3QB30,1,PF00704
A0A1I3QDU0,1,PF00704
A0A1I3QKG3,1,PF00704
A0A1I3QL91,1,PF00704
A0A1I3RKB7,1,PF00704
A0A1I3S1Y7,2,G3DSA:3.20.20.370
A0A1I3S1Y7,2,PS51910
A0A1I3SRF8,1,PF00704
A0A1I3T6E4,1,PF00704
A0A1I3TFA5,1,PF00704
A0A1I3TJG9,1,PF00704
A0A1I3U2L1,1,PF00704
A0A1I3UQ16,1,PF00704
A0A1I3V726,1,PF00704
A0A1I3W013,1,PF00704
A0A1I3WT48,1,PF00704
A0A1I3WZ06,1,PF00704
A0A1I3XJL0,1,PF00704
A0A1I3XZB8,1,PF00704
A0A1I3YKE7,1,PF00704
A0A1I3Z3K5,1,PF00704
A0A1I3Z5R5,1,PF00704
A0A1I3Z9S8,1,PF00704
A0A1I3ZGY4,2,G3DSA:3.20.20.370
A0A1I3ZGY4,2,PF00704
A0A1I4ANJ3,1,PF00704
A0A1I4C5H2,1,PF00704
A0A1I4D4Z2,1,PF00704
A0A1I4E047,1,PF00704
A0A1I4EWL4,1,PF00704
A0A1I4H9B0,1,PF00704
A0A1I4HJE2,1,PF00704
A0A1I4HV71,1,PF00704
A0A1I4I299,2,PF00704
A0A1I4JSS6,1,PF00704
A0A1I4K8Q9,1,PF00704
A0A1I4KR41,1,PF00704
A0A1I4L288,1,PF00704
A0A1I4LAC9,1,PF00704
A0A1I4N3X2,1,PF00704
A0A1I4QFZ7,1,PF00704
A0A1I4QZU9,1,PF00704
A0A1I4RZG6,1,PF00704
A0A1I4RZV7,1,PF00704
A0A1I4SDX5,1,PF00704
A0A1I4TJR5,1,PF00704
A0A1I4V9Q0,1,PF00704
A0A1I4VBG2,1,PF00704
A0A1I4X580,1,PS51910
A0A1I4X6Q0,2,PF00704
A0A1I4X6Q0,2,SSF51445
A0A1I4XEV9,2,G3DSA:3.20.20.370
A0A1I4XEV9,2,PF00704
A0A1I4XLF6,1,PF00704
A0A1I4XRJ3,1,PF00704
A0A1I4XZT8,1,PF00704
A0A1I4XZZ2,2,PF00704
A0A1I4YHP2,1,PF00704
A0A1I5A6H4,1,PS51910
A0A1I5A9T6,1,PF00704
A0A1I5AN67,1,PF00704
A0A1I5ANE6,1,PF00704
A0A1I5BHC4,1,PF00704
A0A1I5BR54,1,PF00704
A0A1I5BRH9,1,PF00704
A0A1I5BSP5,2,G3DSA:3.20.20.370
A0A1I5BSP5,2,PF00704
A0A1I5CHR3,2,PF00704
A0A1I5EA09,1,PF00704
A0A1I5ECG9,1,PF00704
A0A1I5ECM6,1,PF00704
A0A1I5EGS2,1,PF00704
A0A1I5FD99,1,PF00704
A0A1I5FFU9,1,PF00704
A0A1I5FHA1,1,PF00704
A0A1I5FK24,1,PF00704
A0A1I5FMY6,1,PF00704
A0A1I5FX38,1,PF00704
A0A1I5GBH9,1,PF00704
A0A1I5GRK8,1,PF00704
A0A1I5H7L3,1,PF00704
A0A1I5HEL5,1,PF00704
A0A1I5I1W1,1,PF00704
A0A1I5IGD3,1,PF00704
A0A1I5IIB6,1,PF00704
A0A1I5IPK9,1,PF00704
A0A1I5ISK1,2,PF00704
A0A1I5ISK1,2,PTHR10963
A0A1I5IYA5,1,PF00704
A0A1I5J2S1,1,PF00704
A0A1I5J529,1,PF00704
A0A1I5J6R5,1,PF00704
A0A1I5J8F1,1,PF00704
A0A1I5JIH3,1,PF00704
A0A1I5JY25,1,PS51910
A0A1I5K0P7,1,PF00704
A0A1I5KZG1,1,PF00704
A0A1I5L926,1,PF00704
A0A1I5LUD3,1,PF00704
A0A1I5M4L7,1,PF00704
A0A1I5MV52,1,PF00704
A0A1I5MVM0,1,PF00704
A0A1I5N6Z2,1,PF00704
A0A1I5N9V5,1,PF00704
A0A1I5PN00,1,PF00704
A0A1I5Q355,1,PS51910
A0A1I5RB99,1,PF00704
A0A1I5TBX2,1,PF00704
A0A1I5TXB8,1,PF00704
A0A1I5V3K8,1,PF00704
A0A1I5VJP5,1,PF00704
A0A1I5WLV9,1,PF00704
A0A1I5WNS4,1,PF00704
A0A1I5WRM3,1,PF00704
A0A1I5XG59,1,PF00704
A0A1I5XG64,1,PF00704
A0A1I5XTG9,1,PF00704
A0A1I5Y096,1,PF00704
A0A1I5Y098,1,PF00704
A0A1I5Y0I1,1,PS51910
A0A1I5Y7P2,1,PF00704
A0A1I5YNC9,2,G3DSA:3.20.20.370
A0A1I5YNC9,2,PF00704
A0A1I5ZBJ0,1,PF00704
A0A1I5ZBL8,1,PF00704
A0A1I5ZW27,1,PF00704
A0A1I6ASE1,1,PF00704
A0A1I6B1W1,1,PF00704
A0A1I6BES8,1,PF00704
A0A1I6BIG4,1,PF00704
A0A1I6BV53,1,PF00704
A0A1I6BVP8,1,PF00704
A0A1I6C7M5,2,G3DSA:3.20.20.370
A0A1I6C7M5,2,PF00704
A0A1I6CFP4,1,PF00704
A0A1I6CPE7,1,PF00704
A0A1I6CPX2,1,PF00704
A0A1I6CU05,1,PF00704
A0A1I6DQZ2,1,PF00704
A0A1I6DVV0,1,PF00704
A0A1I6DWZ6,1,PF00704
A0A1I6DZF0,1,PF00704
A0A1I6E0X7,1,PF00704
A0A1I6E4R1,1,PS51910
A0A1I6EKI0,1,PF00704
A0A1I6ELH1,1,PF00704
A0A1I6ESK7,1,PF00704
A0A1I6F399,1,PF00704
A0A1I6F9F3,1,PS51910
A0A1I6FE86,1,PS51910
A0A1I6FH96,1,PS51910
A0A1I6FIB5,1,PF00704
A0A1I6I8M8,1,PF00704
A0A1I6IKX1,1,PF00704
A0A1I6J1E2,1,PF00704
A0A1I6J1J4,1,PF00704
A0A1I6J274,1,PF00704
A0A1I6J6H3,1,PF00704
A0A1I6KCW9,1,PF00704
A0A1I6KHF1,1,PF00704
A0A1I6KIZ9,1,PF00704
A0A1I6KLF8,1,PF00704
A0A1I6KLQ2,1,PF00704
A0A1I6KLZ9,1,PF00704
A0A1I6KYM5,1,PF00704
A0A1I6L448,1,PF00704
A0A1I6L4N9,1,PF00704
A0A1I6LAQ5,2,G3DSA:3.20.20.370
A0A1I6LAQ5,2,PF00704
A0A1I6LKN1,1,PF00704
A0A1I6LV51,1,PF00704
A0A1I6MF46,2,G3DSA:3.20.20.370
A0A1I6MF46,2,PF00704
A0A1I6MGC3,1,PF00704
A0A1I6MSR8,1,PF00704
A0A1I6MU73,1,PF00704
A0A1I6P6P4,1,PF00704
A0A1I6P807,1,PF00704
A0A1I6Q3X7,1,PF00704
A0A1I6QAC0,1,PF00704
A0A1I6QM56,1,PS51910
A0A1I6QML8,1,PF00704
A0A1I6QNN1,1,PF00704
A0A1I6R6T2,1,PF00704
A0A1I6RBE4,1,PF00704
A0A1I6RVZ2,1,PF00704
A0A1I6S720,1,PS51910
A0A1I6SGM8,1,PF00704
A0A1I6SL31,2,G3DSA:3.20.20.370
A0A1I6SL31,2,PF00704
A0A1I6TAY6,1,PF00704
A0A1I6TBI4,1,PF00704
A0A1I6TVN2,1,PF00704
A0A1I6UEP1,1,PF00704
A0A1I6VF08,1,PF00704
A0A1I6VNV8,1,PF00704
A0A1I6VTT7,1,PF00704
A0A1I6VZ49,1,PF00704
A0A1I6W3P9,1,PF00704
A0A1I6YC35,1,PF00704
A0A1I6YPE9,1,PF00704
A0A1I6ZDX7,1,PF00704
A0A1I6ZNZ9,1,PF00704
A0A1I6ZQG3,1,PF00704
A0A1I7BMT6,1,PF00704
A0A1I7FMT3,1,PF00704
A0A1I7FWR9,1,PF00704
A0A1I7GW47,1,PF00704
A0A1I7IFX7,1,PF00704
A0A1I7KDI2,1,PF00704
A0A1I7KHE1,1,PF00704
A0A1I7KN23,1,PF00704
A0A1I7NAB6,2,G3DSA:3.20.20.370
A0A1I7NAB6,2,PF00704
A0A1I7NC01,1,PF00704
A0A1I9J660,1,PF00704
A0A1I9XWN8,1,PF00704
A0A1I9XZW9,1,PF00704
A0A1I9Y1A4,1,PF00704
A0A1I9Y595,1,PF00704
A0A1I9Y5P8,1,PF00704
A0A1J0GD07,1,PF00704
A0A1J0KS75,1,PF00704
A0A1J0KSD9,1,PF00704
A0A1J0LIG8,1,PF00704
A0A1J0U0U2,1,PF00704
A0A1J4MYA7,1,PF00704
A0A1J4NA61,1,PF00704
A0A1J4NM10,1,PF00704
A0A1J4NT80,1,PF00704
A0A1J4NT96,1,PS51910
A0A1J4NTA9,1,PF00704
A0A1J4NVD0,1,PF00704
A0A1J4NXW9,1,PS51910
A0A1J4NZ23,1,PF00704
A0A1J4PQL9,1,PF00704
A0A1J4Q104,1,PS51910
A0A1J4Q3R1,1,PF00704
A0A1J4Q804,1,PF00704
A0A1J4QAK1,1,PF00704
A0A1J4TV60,1,PF00704
A0A1J4V606,1,PF00704
A0A1J4VDB3,1,PF00704
A0A1J4XLI3,1,PF00704
A0A1J5BQ97,1,PF00704
A0A1J5FAP5,1,PF00704
A0A1J5G290,1,PF00704
A0A1J5GLW0,1,PF00704
A0A1J5H9V3,1,PF00704
A0A1J5HJ40,1,PF00704
A0A1J5L3Q7,1,PF00704
A0A1J5LRH0,1,PF00704
A0A1J5M4S2,1,PF00704
A0A1J5NLX2,1,PF00704
A0A1J5NS95,1,PS51910
A0A1J5P2Z1,1,PF00704
A0A1J5TU38,1,PS51910
A0A1J6W201,1,PF00704
A0A1J6WZD2,1,PF00704
A0A1J6YDM6,1,PF00704
A0A1J6YQW9,1,PF00704
A0A1J7BB18,1,PF00704
A0A1J7BM16,1,PF00704
A0A1J7C238,1,PF00704
A0A1J7C273,2,PF00704
A0A1J7CE06,1,PF00704
A0A1J7CFG4,1,PF00704
A0A1J8NIR8,1,PF00704
A0A1J9TLP3,1,PF00704
A0A1J9TQU3,1,PF00704
A0A1J9TR04,1,PF00704
A0A1J9U964,2,G3DSA:3.20.20.370
A0A1J9U964,2,PF00704
A0A1J9UIZ9,2,G3DSA:3.20.20.370
A0A1J9UIZ9,2,PF00704
A0A1J9UXG2,1,PF00704
A0A1J9Z620,1,PF00704
A0A1K0FIQ5,1,PF00704
A0A1K0FPP8,1,PF00704
A0A1K0G9Y5,1,PF00704
A0A1K0GG44,1,PS51910
A0A1K0GH77,1,PF00704
A0A1K0GNK9,1,PF00704
A0A1K0GPG0,1,PF00704
A0A1K0GQZ3,1,PS51910
A0A1K1LP21,1,PF00704
A0A1K1M968,1,PS51910
A0A1K1M994,1,PF00704
A0A1K1MCN7,1,PF00704
A0A1K1NNH4,1,PF00704
A0A1K1NP11,1,PF00704
A0A1K1P4R0,1,PF00704
A0A1K1PRT1,1,PF00704
A0A1K1PTQ3,1,PS51910
A0A1K1PX64,2,PF00704
A0A1K1PY12,1,PF00704
A0A1K1QWR1,1,PS51910
A0A1K1QYK9,1,PS51910
A0A1K1R075,1,PF00704
A0A1K1RBS0,1,PF00704
A0A1K1RCX0,1,PF00704
A0A1K1RK52,1,PF00704
A0A1K1S192,1,PF00704
A0A1K1S1G6,1,PF00704
A0A1K1SB35,1,PF00704
A0A1K1SD31,1,PF00704
A0A1K1SHG3,2,PF00704
A0A1K1SUW2,1,PF00704
A0A1K1T5R5,1,PF00704
A0A1K1VJU4,1,PF00704
A0A1K1WE80,1,PF00704
A0A1K2CZ44,1,PF00704
A0A1K2F4U4,1,PF00704
A0A1K2F941,1,PF00704
A0A1K2F9E0,1,PF00704
A0A1K2FAY8,1,PF00704
A0A1K2FKE4,1,PS51910
A0A1K2FLK7,1,PF00704
A0A1K2FQ29,1,PF00704
A0A1K2FT27,1,PS51910
A0A1K2FXC8,1,PF00704
A0A1K2FZR5,1,PF00704
A0A1K2G0D4,1,PF00704
A0A1K2G0F9,1,PF00704
A0A1K2HM77,1,PF00704
A0A1K2HRN4,1,PF00704
A0A1K2HT20,1,PF00704
A0A1K2IWJ6,2,G3DSA:3.20.20.370
A0A1K2IWJ6,2,PF00704
A0A1K9YJA7,1,PF00704
A0A1L0A535,1,PF00704
A0A1L2Z0A5,1,PS51910
A0A1L3MWP9,1,PF00704
A0A1L3ND64,1,PS51910
A0A1L3NFF9,1,PF00704
A0A1L3NJQ1,1,PF00704
A0A1L3NKC0,1,PF00704
A0A1L4BRI0,1,PF00704
A0A1L4BST8,1,PF00704
A0A1L4BTK8,1,PF00704
A0A1L4BUP1,2,PF00704
A0A1L4BUP1,2,SSF51445
A0A1L4CZS5,1,PF00704
A0A1L4D0A2,1,PF00704
A0A1L4D3B9,1,PF00704
A0A1L5F5V9,1,PF00704
A0A1L5J2D5,1,PF00704
A0A1L5J2D9,1,PF00704
A0A1L5J2E3,1,PF00704
A0A1L5J2E6,1,PF00704
A0A1L5J2G8,1,PF00704
A0A1L5J6Y0,1,PF00704
A0A1L5J6Y1,1,PF00704
A0A1L5J6Y4,1,PF00704
A0A1L5J6Y7,1,PF00704
A0A1L5J6Z6,1,PF00704
A0A1L5KKR4,1,PS51910
A0A1L5KM87,1,PF00704
A0A1L5KNY7,1,PF00704
A0A1L5KU36,1,PF00704
A0A1L5LHT3,1,PF00704
A0A1L5NXY9,1,PF00704
A0A1L6C1H7,1,PF00704
A0A1L6C1H8,1,PF00704
A0A1L6C1I6,1,PF00704
A0A1L6C1J4,1,PF00704
A0A1L6I0R9,1,PF00704
A0A1L6J8E7,1,PF00704
A0A1L6PCC2,1,PF00704
A0A1L6PFT5,1,PF00704
A0A1L6PGN3,1,PF00704
A0A1L6PHJ3,1,PF00704
A0A1L6PHN5,1,PF00704
A0A1L6PRU4,1,PF00704
A0A1L6PRV0,1,PF00704
A0A1L6PSV8,1,PF00704
A0A1L6PT80,1,PF00704
A0A1L6R3Z6,1,PF00704
A0A1L6ZDP2,1,PF00704
A0A1L7GBG0,1,PF00704
A0A1L7GEF9,1,PF00704
A0A1L7GIQ1,1,PF00704
A0A1L7GJY4,1,PF00704
A0A1L7GNS3,1,PF00704
A0A1L7I3I2,1,PF00704
A0A1L8I426,1,PF00704
A0A1L8QN01,1,PF00704
A0A1L8UZC0,1,PF00704
A0A1L8WGX1,1,PF00704
A0A1L8WJF5,1,PS51910
A0A1L8WQ27,1,PF00704
A0A1L8WQ37,1,PF00704
A0A1L9AVS8,1,PF00704
A0A1L9B5B8,1,PF00704
A0A1L9B5C9,1,PF00704
A0A1L9B5D3,1,PF00704
A0A1L9B894,1,PF00704
A0A1L9B9W4,1,PF00704
A0A1L9BA38,1,PF00704
A0A1L9BKQ4,1,PF00704
A0A1L9BKT5,1,PF00704
A0A1L9GYH7,1,PF00704
A0A1L9H0G4,1,PF00704
A0A1M2ZA88,1,PF00704
A0A1M2ZAL9,1,PF00704
A0A1M2ZQ69,2,G3DSA:3.20.20.370
A0A1M2ZQ69,2,PF00704
A0A1M3CQA2,1,PF00704
A0A1M3D4K4,1,PF00704
A0A1M3DBD8,2,G3DSA:3.20.20.370
A0A1M3DBD8,2,PF00704
A0A1M3FU21,1,PF00704
A0A1M3G4G8,2,G3DSA:3.20.20.370
A0A1M3G4G8,2,PF00704
A0A1M3G9G0,1,PF00704
A0A1M3HKN8,2,G3DSA:3.20.20.370
A0A1M3HKN8,2,PF00704
A0A1M3HRN9,1,PF00704
A0A1M3L094,1,PF00704
A0A1M3LF67,1,PF00704
A0A1M3LNV9,1,PF00704
A0A1M3M3A1,1,PF00704
A0A1M3M9B4,1,PF00704
A0A1M3P4Q0,1,PF00704
A0A1M3QIW1,1,PF00704
A0A1M3QP20,1,PF00704
A0A1M3QP58,1,PF00704
A0A1M4E2V7,1,PF00704
A0A1M4E2X6,1,PF00704
A0A1M4E302,1,PS51910
A0A1M4E3V5,1,PF00704
A0A1M4E4M4,1,PF00704
A0A1M4EKW5,1,PF00704
A0A1M4L5Q7,1,PF00704
A0A1M4M5W5,1,PF00704
A0A1M4M6C2,1,PF00704
A0A1M4NB83,1,PF00704
A0A1M4T9G7,1,PF00704
A0A1M4TGL5,1,PF00704
A0A1M4TU10,1,PF00704
A0A1M4TWK5,1,PS51910
A0A1M4ULC8,1,PF00704
A0A1M4VEZ5,1,PF00704
A0A1M4VS35,1,PF00704
A0A1M4VTH7,1,PS51910
A0A1M4VU27,1,PS51910
A0A1M4W2E2,1,PF00704
A0A1M4WN09,1,PF00704
A0A1M4XAX6,1,PF00704
A0A1M4XBY8,1,PF00704
A0A1M4Y214,1,PF00704
A0A1M4Y5B1,1,PF00704
A0A1M4YZ24,1,PF00704
A0A1M4Z0X9,1,PF00704
A0A1M4Z620,1,PF00704
A0A1M4ZUP7,1,PF00704
A0A1M4ZYF8,1,PF00704
A0A1M5AE19,2,G3DSA:3.20.20.370
A0A1M5AE19,2,PF00704
A0A1M5AJR8,1,PF00704
A0A1M5B4K5,1,PS51910
A0A1M5BIN2,1,PF00704
A0A1M5BJU0,2,G3DSA:3.20.20.370
A0A1M5BJU0,2,PF00704
A0A1M5BNE8,1,PF00704
A0A1M5C2I8,1,PF00704
A0A1M5CAZ5,1,PF00704
A0A1M5CJ15,2,G3DSA:3.20.20.370
A0A1M5CJ15,2,PF00704
A0A1M5CLL5,1,PF00704
A0A1M5CR16,2,G3DSA:3.20.20.370
A0A1M5CR16,2,PF00704
A0A1M5D335,1,PF00704
A0A1M5DDE8,1,PF00704
A0A1M5DPC1,1,PF00704
A0A1M5DUQ4,1,PF00704
A0A1M5E309,1,PF00704
A0A1M5GCN3,1,PF00704
A0A1M5GNN6,1,PS51910
A0A1M5GRK2,1,PF00704
A0A1M5I507,1,PF00704
A0A1M5IBH5,2,PF00704
A0A1M5IBR5,1,PF00704
A0A1M5IZ07,1,PF00704
A0A1M5J6H7,1,PF00704
A0A1M5J6R3,1,PF00704
A0A1M5JFC7,1,PF00704
A0A1M5K334,1,PF00704
A0A1M5K4B4,1,PS51910
A0A1M5K9M3,1,PF00704
A0A1M5L9W7,1,PS51910
A0A1M5LA17,1,PF00704
A0A1M5LAA3,1,PF00704
A0A1M5M0K0,1,PF00704
A0A1M5M2H5,1,PF00704
A0A1M5MFL1,1,PF00704
A0A1M5MS00,1,PF00704
A0A1M5MSD1,1,PF00704
A0A1M5N9W0,1,PF00704
A0A1M5NFS0,2,G3DSA:3.20.20.370
A0A1M5NFS0,2,PF00704
A0A1M5P166,1,PF00704
A0A1M5P2G1,1,PF00704
A0A1M5P9V0,1,PF00704
A0A1M5PGG2,1,PF00704
A0A1M5PGR8,1,PF00704
A0A1M5PHF5,2,PF00704
A0A1M5PI23,1,PF00704
A0A1M5PI97,1,PF00704
A0A1M5PM53,1,PF00704
A0A1M5PW28,1,PF00704
A0A1M5Q0V9,1,PF00704
A0A1M5Q518,1,PF00704
A0A1M5Q832,1,PF00704
A0A1M5QCE0,1,PF00704
A0A1M5QD20,1,PF00704
A0A1M5R3G4,1,PF00704
A0A1M5R8U1,1,PF00704
A0A1M5RGI6,1,PF00704
A0A1M5RLW9,1,PF00704
A0A1M5RPI0,1,PF00704
A0A1M5RXD2,1,PF00704
A0A1M5RY59,1,PF00704
A0A1M5S1R6,1,PF00704
A0A1M5S1W7,1,PF00704
A0A1M5S6Z9,1,PF00704
A0A1M5SD35,2,PF00704
A0A1M5SE44,1,PF00704
A0A1M5SWE6,1,PF00704
A0A1M5SXE1,1,PF00704
A0A1M5SY66,1,PF00704
A0A1M5TKT4,1,PF00704
A0A1M5TS35,1,PF00704
A0A1M5TV71,1,PF00704
A0A1M5UBU2,1,PF00704
A0A1M5UFN2,1,PF00704
A0A1M5UH23,2,G3DSA:3.20.20.370
A0A1M5UH23,2,PF00704
A0A1M5V0A1,1,PF00704
A0A1M5V2S6,2,G3DSA:3.20.20.370
A0A1M5V2S6,2,PF00704
A0A1M5V6X8,1,PF00704
A0A1M5V7Q3,1,PF00704
A0A1M5VLC8,1,PF00704
A0A1M5VNK9,1,PF00704
A0A1M5VTU5,1,PF00704
A0A1M5VYJ1,1,PF00704
A0A1M5VYR7,1,PF00704
A0A1M5W9U0,1,PF00704
A0A1M5WRH5,1,PF00704
A0A1M5WV80,1,PF00704
A0A1M5X3T9,1,PF00704
A0A1M5X4G5,1,PF00704
A0A1M5X6F5,1,PF00704
A0A1M5XND0,1,PF00704
A0A1M5XXX9,1,PF00704
A0A1M5Y2A1,1,PF00704
A0A1M5Y7X7,1,PF00704
A0A1M5YTR8,1,PF00704
A0A1M5ZI52,2,PS51910
A0A1M5ZI52,2,SSF51445
A0A1M6A2R0,1,PF00704
A0A1M6A698,1,PF00704
A0A1M6AK26,1,PF00704
A0A1M6AZS2,1,PF00704
A0A1M6B3J4,1,PF00704
A0A1M6B930,2,PF00704
A0A1M6B930,2,SSF51445
A0A1M6B9Y2,1,PF00704
A0A1M6BS60,1,PF00704
A0A1M6CAN5,1,PF00704
A0A1M6CCB5,1,PF00704
A0A1M6CGL4,1,PF00704
A0A1M6CJK0,2,PF00704
A0A1M6CJK0,2,SSF51445
A0A1M6CJN1,3,PF00704
A0A1M6CP41,1,PF00704
A0A1M6D884,1,PF00704
A0A1M6D8D0,1,PF00704
A0A1M6DS59,1,PF00704
A0A1M6E8G0,1,PF00704
A0A1M6E8M2,1,PF00704
A0A1M6E8Q3,1,PF00704
A0A1M6EIF5,1,PF00704
A0A1M6ERP2,1,PF00704
A0A1M6EVJ1,1,PF00704
A0A1M6EVK2,1,PF00704
A0A1M6FHB3,1,PF00704
A0A1M6FHJ3,1,PF00704
A0A1M6FRP7,1,PF00704
A0A1M6GC86,1,PF00704
A0A1M6GDN6,1,PF00704
A0A1M6GY70,1,PF00704
A0A1M6H9C8,1,PF00704
A0A1M6HXY5,1,PF00704
A0A1M6I096,1,PF00704
A0A1M6I0Z9,1,PF00704
A0A1M6I551,1,PF00704
A0A1M6I554,1,PF00704
A0A1M6I969,1,PF00704
A0A1M6IUF0,1,PF00704
A0A1M6JYD8,1,PF00704
A0A1M6K3C6,1,PF00704
A0A1M6K3M3,1,PF00704
A0A1M6K4F6,1,PF00704
A0A1M6K6T7,1,PF00704
A0A1M6K8V9,1,PF00704
A0A1M6KEX8,1,PF00704
A0A1M6KHK3,1,PF00704
A0A1M6LKI1,1,PF00704
A0A1M6LX03,1,PF00704
A0A1M6LYA2,1,PF00704
A0A1M6MEZ0,1,PF00704
A0A1M6MS18,1,PF00704
A0A1M6MWS0,1,PF00704
A0A1M6N5R1,1,PF00704
A0A1M6NHW9,1,PF00704
A0A1M6NLM6,1,PF00704
A0A1M6NYU8,1,PF00704
A0A1M6NZ59,1,PF00704
A0A1M6P3P1,1,PF00704
A0A1M6P7N6,1,PF00704
A0A1M6PM26,1,PF00704
A0A1M6PWK1,1,PF00704
A0A1M6Q4L5,1,PF00704
A0A1M6QUK8,1,PF00704
A0A1M6QWV3,1,PF00704
A0A1M6R7T0,1,PF00704
A0A1M6RKW3,1,PF00704
A0A1M6RW17,1,PF00704
A0A1M6S564,1,PF00704
A0A1M6S835,1,PF00704
A0A1M6SPD3,1,PF00704
A0A1M6SUW7,1,PF00704
A0A1M6T3B1,1,PF00704
A0A1M6T8J9,1,PF00704
A0A1M6TC39,1,PF00704
A0A1M6TWX0,1,PF00704
A0A1M6TX63,1,PF00704
A0A1M6UDW0,1,PF00704
A0A1M6UH31,1,PF00704
A0A1M6UN12,1,PF00704
A0A1M6UQF0,1,PF00704
A0A1M6UVF8,1,PF00704
A0A1M6UWC9,1,PF00704
A0A1M6UXL8,1,PF00704
A0A1M6V1X7,1,PF00704
A0A1M6V5M1,1,PF00704
A0A1M6V685,1,PF00704
A0A1M6V699,1,PF00704
A0A1M6V7S3,1,PF00704
A0A1M6V9L8,1,PF00704
A0A1M6VBN3,1,PF00704
A0A1M6VBQ3,1,PF00704
A0A1M6VZ96,1,PF00704
A0A1M6W6I6,1,PF00704
A0A1M6W938,1,PF00704
A0A1M6WJE6,1,PF00704
A0A1M6WL14,1,PS51910
A0A1M6WWG1,1,PF00704
A0A1M6WXY2,1,PF00704
A0A1M6WZK9,1,PF00704
A0A1M6X0A3,1,PF00704
A0A1M6XRU4,1,PF00704
A0A1M6Y1U4,1,PF00704
A0A1M6YPG2,3,PF00704
A0A1M6Z0U8,1,PF00704
A0A1M6ZKU8,1,PF00704
A0A1M6ZLC5,2,G3DSA:3.20.20.370
A0A1M6ZLC5,2,PF00704
A0A1M7A7Q8,1,PF00704
A0A1M7ABA9,1,PS51910
A0A1M7AEG0,1,PF00704
A0A1M7AR11,1,PS51910
A0A1M7AW20,1,PF00704
A0A1M7BBY9,2,G3DSA:3.20.20.370
A0A1M7BBY9,2,PF00704
A0A1M7BJ55,1,PF00704
A0A1M7CNR2,1,PF00704
A0A1M7DHI8,1,PF00704
A0A1M7DNT0,1,PF00704
A0A1M7DZD3,2,G3DSA:3.20.20.370
A0A1M7DZD3,2,PF00704
A0A1M7E499,1,PF00704
A0A1M7EL19,1,PF00704
A0A1M7F2B2,1,PF00704
A0A1M7F2S4,1,PF00704
A0A1M7FCZ1,1,PF00704
A0A1M7FED0,2,PF00704
A0A1M7FJB4,1,PF00704
A0A1M7G2F1,1,PS51910
A0A1M7G7B8,1,PF00704
A0A1M7G9E0,2,PF00704
A0A1M7G9E0,2,PS51910
A0A1M7GUB3,1,PF00704
A0A1M7GXF3,2,G3DSA:3.20.20.370
A0A1M7GXF3,2,PF00704
A0A1M7H3Z8,1,PS51910
A0A1M7H5C8,1,PF00704
A0A1M7HSR7,1,PF00704
A0A1M7HXK2,1,PF00704
A0A1M7ICN0,1,PF00704
A0A1M7IMZ5,1,PF00704
A0A1M7IYP8,1,PF00704
A0A1M7J1G8,1,PF00704
A0A1M7JWT7,1,PF00704
A0A1M7K3L1,1,PF00704
A0A1M7K532,1,PS51910
A0A1M7KFR0,1,PF00704
A0A1M7L5L3,1,PF00704
A0A1M7L6H6,1,PF00704
A0A1M7LIY2,1,PF00704
A0A1M7LJP5,1,PF00704
A0A1M7LJT6,1,PS51910
A0A1M7LK16,1,PF00704
A0A1M7LT48,1,PF00704
A0A1M7M1M4,2,PF00704
A0A1M7M1S1,1,PF00704
A0A1M7M9L3,1,PF00704
A0A1M7MBC4,1,PF00704
A0A1M7N3U2,2,PF00704
A0A1M7N5L7,1,PS51910
A0A1M7N5V6,1,PF00704
A0A1M7NI73,1,PF00704
A0A1M7NI83,1,PF00704
A0A1M7NLP4,1,PS51910
A0A1M7NM15,1,PF00704
A0A1M7P0B1,1,PF00704
A0A1M7P6X7,1,PF00704
A0A1M7PK60,2,G3DSA:3.20.20.370
A0A1M7PK60,2,PF00704
A0A1M7PN11,1,PF00704
A0A1M7PQD5,1,PF00704
A0A1M7PQW0,1,PF00704
A0A1M7PSI0,1,PF00704
A0A1M7PZ05,1,PF00704
A0A1M7Q0E9,1,PF00704
A0A1M7Q692,1,PS51910
A0A1M7Q7P8,1,PF00704
A0A1M7QD65,1,PS51910
A0A1M7QLL9,1,PF00704
A0A1M7QN01,1,PF00704
A0A1M7QNL3,1,PF00704
A0A1M7R1R9,1,PF00704
A0A1M7RBX5,1,PF00704
A0A1M7RC01,1,PS51910
A0A1M7RC74,1,PF00704
A0A1M7RC99,2,PF00704
A0A1M7RC99,2,SSF51445
A0A1M7RML0,1,PF00704
A0A1M7RND6,1,PS51910
A0A1M7SVG4,1,PF00704
A0A1M7TBI9,1,PF00704
A0A1M7TI13,1,PF00704
A0A1M7U9F2,1,PF00704
A0A1M7XYF8,1,PF00704
A0A1M7XZR5,1,PF00704
A0A1M7XZW8,1,PF00704
A0A1M7Y1E6,1,PF00704
A0A1M7Y3U1,1,PF00704
A0A1M7Y768,1,PF00704
A0A1M7Y963,1,PF00704
A0A1M7Y9F4,1,PF00704
A0A1M7Y9T4,1,PF00704
A0A1M7YC84,1,PF00704
A0A1M7YE66,1,PF00704
A0A1M7YEH9,1,PF00704
A0A1M7YGN1,1,PF00704
A0A1M7YGY5,1,PF00704
A0A1M7YIL4,1,PF00704
A0A1M7YIP1,1,PF00704
A0A1M7YIP9,1,PF00704
A0A1M7YIU1,1,PF00704
A0A1M7YIY6,1,PF00704
A0A1M7YJR3,1,PF00704
A0A1M7YNQ4,1,PF00704
A0A1M7YVQ4,1,PF00704
A0A1M7Z112,1,PF00704
A0A1M7Z5Y8,1,PS51910
A0A1M7ZAD9,1,PF00704
A0A1N5VBG5,1,PF00704
A0A1N5WFB0,1,PF00704
A0A1N5YLE8,1,PF00704
A0A1N5Z753,1,PF00704
A0A1N6EAN7,1,PF00704
A0A1N6GWX7,1,PF00704
A0A1N6H6P7,1,PF00704
A0A1N6HL84,1,PF00704
A0A1N6I2S3,1,PF00704
A0A1N6I2U5,1,PF00704
A0A1N6J2W1,1,PF00704
A0A1N6JB79,1,PF00704
A0A1N6JTN5,1,PF00704
A0A1N6K7K4,1,PF00704
A0A1N6LFY1,1,PF00704
A0A1N6QGG7,1,PF00704
A0A1N6QMF2,1,PF00704
A0A1N6QN69,1,PF00704
A0A1N6SHX4,1,PF00704
A0A1N6SM50,1,PF00704
A0A1N6ST47,1,PF00704
A0A1N6SW96,1,PF00704
A0A1N6U5T7,1,PS51910
A0A1N6WGR0,1,PF00704
A0A1N6Y9R3,1,PF00704
A0A1N6YF60,2,G3DSA:3.20.20.370
A0A1N6YF60,2,PF00704
A0A1N6ZZ68,1,PF00704
A0A1N7ALX3,1,PF00704
A0A1N7AMC6,1,PF00704
A0A1N7AMF0,1,PS51910
A0A1N7AX59,1,PF00704
A0A1N7C7B0,1,PF00704
A0A1N7CQP1,1,PF00704
A0A1N7CYN8,1,PF00704
A0A1N7CZA5,1,PF00704
A0A1N7CZR9,1,PF00704
A0A1N7DCH9,1,PF00704
A0A1N7EBX5,1,PF00704
A0A1N7ETD3,1,PF00704
A0A1N7FRG4,1,PS51910
A0A1N7HC93,1,PF00704
A0A1N7I7N1,2,G3DSA:3.20.20.370
A0A1N7I7N1,2,PF00704
A0A1N7I980,1,PF00704
A0A1N7I9C9,1,PF00704
A0A1N7IC14,2,G3DSA:3.20.20.370
A0A1N7IC14,2,PF00704
A0A1N7IFE6,1,PF00704
A0A1N7IFK6,1,PF00704
A0A1N7IY00,1,PF00704
A0A1N7KM35,1,PF00704
A0A1N7NAP8,1,PF00704
A0A1N7NU48,1,PF00704
A0A1N7PBX7,2,G3DSA:3.20.20.370
A0A1N7PBX7,2,PF00704
A0A1N7PMQ6,1,PF00704
A0A1N7Q6G4,1,PF00704
A0A1N7QLE6,2,G3DSA:3.20.20.370
A0A1N7QLE6,2,PF00704
A0A1P8D865,1,PF00704
A0A1P8NDZ6,1,PF00704
A0A1P8SN40,1,PF00704
A0A1P8TP50,1,PF00704
A0A1P8TP66,1,PF00704
A0A1P8TT42,1,PF00704
A0A1P8WWQ4,1,PF00704
A0A1P9WZC6,1,PF00704
A0A1Q1FQ38,1,PF00704
A0A1Q2CKI3,1,PF00704
A0A1Q2H1U8,1,PF00704
A0A1Q2H1W4,1,PF00704
A0A1Q2M3W1,1,PF00704
A0A1Q2M3Y0,1,PF00704
A0A1Q2M8D0,1,PF00704
A0A1Q2M9M7,1,PF00704
A0A1Q2U2L6,1,PF00704
A0A1Q3H1D9,1,PF00704
A0A1Q3JHU1,2,G3DSA:3.20.20.370
A0A1Q3JHU1,2,PF00704
A0A1Q3JYP5,1,PF00704
A0A1Q3MG66,2,G3DSA:3.20.20.370
A0A1Q3MG66,2,PF00704
A0A1Q3MLM6,1,PF00704
A0A1Q3P6D3,1,PF00704
A0A1Q3PHJ7,1,PF00704
A0A1Q3QDA9,1,PF00704
A0A1Q3QTV8,2,G3DSA:3.20.20.370
A0A1Q3QTV8,2,PS51910
A0A1Q3RER4,1,PF00704
A0A1Q3RK16,1,PF00704
A0A1Q3T3R2,1,PF00704
A0A1Q3TQ19,1,PF00704
A0A1Q3U1L3,2,G3DSA:3.20.20.370
A0A1Q3U1L3,2,PF00704
A0A1Q3U9X4,2,G3DSA:3.20.20.370
A0A1Q3U9X4,2,PF00704
A0A1Q3ULA8,1,PS51910
A0A1Q3WFA8,1,PF00704
A0A1Q3WXN0,2,G3DSA:3.20.20.370
A0A1Q3WXN0,2,PF00704
A0A1Q3X8U1,2,G3DSA:3.20.20.370
A0A1Q3X8U1,2,PF00704
A0A1Q3ZZ00,1,PF00704
A0A1Q4A667,1,PF00704
A0A1Q4E5H3,2,G3DSA:3.20.20.370
A0A1Q4E5H3,2,PF00704
A0A1Q4E7W7,1,PF00704
A0A1Q4F654,2,G3DSA:3.20.20.370
A0A1Q4F654,2,PF00704
A0A1Q4F6U9,1,PF00704
A0A1Q4FUR9,1,PF00704
A0A1Q4G719,1,PF00704
A0A1Q4GHK6,2,G3DSA:3.20.20.370
A0A1Q4GHK6,2,PF00704
A0A1Q4LH62,1,PF00704
A0A1Q4NVC8,1,PF00704
A0A1Q4NWG7,1,PF00704
A0A1Q4NWT2,1,PF00704
A0A1Q4NX96,1,PF00704
A0A1Q4NZ54,1,PF00704
A0A1Q4USP3,1,PF00704
A0A1Q4UYV4,1,PF00704
A0A1Q4UZM3,1,PF00704
A0A1Q4V1I6,1,PF00704
A0A1Q4V361,1,PF00704
A0A1Q4V3K8,1,PF00704
A0A1Q4V852,1,PS51910
A0A1Q4V9N5,1,PF00704
A0A1Q4VA53,1,PF00704
A0A1Q4VFC6,1,PF00704
A0A1Q4VG36,1,PF00704
A0A1Q4VH29,1,PF00704
A0A1Q4VHG5,1,PF00704
A0A1Q4VML7,1,PF00704
A0A1Q4VN25,1,PF00704
A0A1Q4VVG9,1,PF00704
A0A1Q4VVI4,1,PF00704
A0A1Q4VWB9,1,PF00704
A0A1Q4VXB8,1,PF00704
A0A1Q4VYS0,1,PF00704
A0A1Q4W0W6,1,PF00704
A0A1Q4W375,1,PS51910
A0A1Q4W7Z0,1,PF00704
A0A1Q4W9U9,1,PF00704
A0A1Q4WA16,1,PF00704
A0A1Q4WB97,1,PS51910
A0A1Q4WH62,1,PF00704
A0A1Q4WID5,1,PF00704
A0A1Q4WJ92,1,PF00704
A0A1Q4WKD1,1,PF00704
A0A1Q4WLG7,1,PF00704
A0A1Q4WLK0,1,PF00704
A0A1Q4WNM7,1,PF00704
A0A1Q4WX35,1,PF00704
A0A1Q4WX36,1,PF00704
A0A1Q4WY00,2,G3DSA:2.10.10.20:FF:000001
A0A1Q4WY00,2,PF00704
A0A1Q4WYD5,1,PF00704
A0A1Q4WZQ9,1,PF00704
A0A1Q4X1W1,1,PF00704
A0A1Q4X9V2,1,PF00704
A0A1Q4Y9S2,1,PS51910
A0A1Q4YCQ9,1,PF00704
A0A1Q4YFX4,1,PF00704
A0A1Q4YHK8,1,PF00704
A0A1Q4YIP9,1,PF00704
A0A1Q4YQV1,1,PF00704
A0A1Q4YTD4,1,PF00704
A0A1Q4YVY8,1,PF00704
A0A1Q4YX35,1,PF00704
A0A1Q4Z2A5,1,PF00704
A0A1Q4Z896,1,PF00704
A0A1Q4Z9R3,1,PF00704
A0A1Q4ZDE4,1,PF00704
A0A1Q4ZLT8,1,PF00704
A0A1Q4ZLW4,1,PF00704
A0A1Q4ZPN2,1,PF00704
A0A1Q5A0B8,1,PF00704
A0A1Q5A0C9,1,PF00704
A0A1Q5A2H2,1,PF00704
A0A1Q5AH71,1,PF00704
A0A1Q5AI52,1,PF00704
A0A1Q5AIZ8,1,PF00704
A0A1Q5AML3,1,PF00704
A0A1Q5B032,1,PF00704
A0A1Q5B090,1,PF00704
A0A1Q5B1T6,1,PF00704
A0A1Q5B6Q8,1,PF00704
A0A1Q5B6Q9,1,PF00704
A0A1Q5B7N4,1,PF00704
A0A1Q5B9F9,1,PF00704
A0A1Q5BBP3,1,PF00704
A0A1Q5BBY4,1,PS51910
A0A1Q5BKD3,1,PF00704
A0A1Q5BLK6,1,PF00704
A0A1Q5BMC7,1,PF00704
A0A1Q5BME5,1,PF00704
A0A1Q5C2N6,1,PF00704
A0A1Q5CB83,2,G3DSA:2.10.10.20:FF:000001
A0A1Q5CB83,2,PF00704
A0A1Q5CWD4,1,PF00704
A0A1Q5CWQ6,1,PF00704
A0A1Q5CWW1,1,PF00704
A0A1Q5CZJ9,1,PF00704
A0A1Q5D2Y9,1,PF00704
A0A1Q5D5Q1,1,PF00704
A0A1Q5D5V0,1,PF00704
A0A1Q5DIY4,1,PS51910
A0A1Q5DQ25,1,PF00704
A0A1Q5DQU8,1,PF00704
A0A1Q5DRU0,1,PF00704
A0A1Q5DS31,1,PF00704
A0A1Q5DS71,1,PF00704
A0A1Q5DSC7,1,PF00704
A0A1Q5DU12,1,PF00704
A0A1Q5DWM5,1,PF00704
A0A1Q5DXM6,1,PS51910
A0A1Q5E221,1,PF00704
A0A1Q5E266,1,PF00704
A0A1Q5E320,1,PF00704
A0A1Q5E3R1,1,PF00704
A0A1Q5E751,1,PS51910
A0A1Q5E7Y5,1,PF00704
A0A1Q5E944,1,PF00704
A0A1Q5E9A6,1,PF00704
A0A1Q5EAL9,1,PF00704
A0A1Q5EAV2,1,PF00704
A0A1Q5EC12,1,PS51910
A0A1Q5ED47,1,PF00704
A0A1Q5EDJ3,1,PF00704
A0A1Q5EDJ5,1,PF00704
A0A1Q5EHJ0,1,PF00704
A0A1Q5EJD6,1,PF00704
A0A1Q5EQA6,1,PF00704
A0A1Q5EQJ7,1,PF00704
A0A1Q5EQS8,1,PF00704
A0A1Q5EUC8,1,PF00704
A0A1Q5F0T4,1,PF00704
A0A1Q5F6R7,1,PF00704
A0A1Q5F6S6,1,PS51910
A0A1Q5F7D8,1,PF00704
A0A1Q5FGI1,1,PF00704
A0A1Q5FJG7,1,PF00704
A0A1Q5FSK1,1,PF00704
A0A1Q5FSR2,1,PF00704
A0A1Q5FX33,1,PF00704
A0A1Q5G2P3,1,PF00704
A0A1Q5G4X6,1,PF00704
A0A1Q5G623,1,PF00704
A0A1Q5GD87,1,PF00704
A0A1Q5GE75,1,PF00704
A0A1Q5GET3,1,PF00704
A0A1Q5GFD0,1,PF00704
A0A1Q5GFF3,1,PF00704
A0A1Q5GIC0,1,PF00704
A0A1Q5GMI5,1,PF00704
A0A1Q5GMX6,1,PF00704
A0A1Q5GRN6,1,PF00704
A0A1Q5GUD9,1,PF00704
A0A1Q5H6H6,1,PF00704
A0A1Q5H787,1,PF00704
A0A1Q5H7L7,1,PF00704
A0A1Q5HCH4,1,PF00704
A0A1Q5HDS8,1,PF00704
A0A1Q5HGJ8,1,PF00704
A0A1Q5HGR6,1,PS51910
A0A1Q5HJ88,1,PF00704
A0A1Q5HJ92,1,PF00704
A0A1Q5HNE7,1,PF00704
A0A1Q5HUA2,1,PF00704
A0A1Q5I9S1,1,PF00704
A0A1Q5ICQ3,1,PS51910
A0A1Q5ICR6,1,PF00704
A0A1Q5IE11,1,PF00704
A0A1Q5IIX9,1,PF00704
A0A1Q5IJ42,1,PF00704
A0A1Q5IRL7,1,PF00704
A0A1Q5ITF0,1,PF00704
A0A1Q5J3C4,1,PF00704
A0A1Q5J5N5,1,PS51910
A0A1Q5J7P4,1,PF00704
A0A1Q5J8N6,1,PF00704
A0A1Q5JE61,1,PF00704
A0A1Q5JES7,1,PF00704
A0A1Q5JEX6,1,PF00704
A0A1Q5JK20,1,PF00704
A0A1Q5JK37,1,PS51910
A0A1Q5JQC4,1,PF00704
A0A1Q5JUW6,1,PF00704
A0A1Q5JUZ5,1,PF00704
A0A1Q5K180,1,PS51910
A0A1Q5K207,1,PS51910
A0A1Q5K3K8,1,PS51910
A0A1Q5K4N4,1,PF00704
A0A1Q5K584,1,PF00704
A0A1Q5K7C9,1,PF00704
A0A1Q5K821,1,PF00704
A0A1Q5K8U2,1,PF00704
A0A1Q5K961,1,PF00704
A0A1Q5KKV3,1,PF00704
A0A1Q5KKY3,2,G3DSA:2.10.10.20:FF:000001
A0A1Q5KKY3,2,PF00704
A0A1Q5KPF2,1,PF00704
A0A1Q5KSD6,1,PS51910
A0A1Q5KT26,1,PS51910
A0A1Q5KTR1,1,PS51910
A0A1Q5KUQ9,1,PF00704
A0A1Q5KVH2,1,PF00704
A0A1Q5KYN8,1,PF00704
A0A1Q5KZQ7,1,PF00704
A0A1Q5L0L4,1,PF00704
A0A1Q5L1P4,1,PF00704
A0A1Q5L7N7,1,PS51910
A0A1Q5LAQ0,1,PF00704
A0A1Q5LB74,1,PS51910
A0A1Q5LF03,1,PF00704
A0A1Q5LUV1,1,PF00704
A0A1Q5LX69,1,PF00704
A0A1Q5LYB8,1,PF00704
A0A1Q5M0G9,1,PF00704
A0A1Q5M0K1,1,PS51910
A0A1Q5M4M1,1,PF00704
A0A1Q5M619,1,PF00704
A0A1Q5MBA1,1,PF00704
A0A1Q5MC38,1,PF00704
A0A1Q5MD13,1,PS51910
A0A1Q5ME22,1,PS51910
A0A1Q5MEX2,1,PF00704
A0A1Q5MFP6,1,PF00704
A0A1Q5MLM5,1,PF00704
A0A1Q5MNK3,1,PF00704
A0A1Q5MQU8,1,PF00704
A0A1Q5MZI0,1,PF00704
A0A1Q5N1L4,1,PF00704
A0A1Q5N296,1,PF00704
A0A1Q5N2X9,1,PF00704
A0A1Q5N4D1,1,PF00704
A0A1Q5N5D2,1,PF00704
A0A1Q5NBS8,1,PF00704
A0A1Q5NBU6,1,PF00704
A0A1Q5NC44,1,PS51910
A0A1Q5NZB0,1,PF00704
A0A1Q5NZX9,1,PF00704
A0A1Q5SL47,1,PF00704
A0A1Q5T3A0,1,PF00704
A0A1Q5T7W1,1,PF00704
A0A1Q5WS80,1,PF00704
A0A1Q5WXH9,1,PF00704
A0A1Q5XEA5,1,PF00704
A0A1Q5XF53,1,PF00704
A0A1Q5XHG3,1,PF00704
A0A1Q5XQH0,1,PF00704
A0A1Q5XRI2,1,PF00704
A0A1Q5XV66,1,PF00704
A0A1Q5XY80,1,PF00704
A0A1Q5ZXM0,1,PF00704
A0A1Q6A638,2,G3DSA:3.20.20.370
A0A1Q6A638,2,PF00704
A0A1Q6CIH3,1,PF00704
A0A1Q6CIJ7,1,PF00704
A0A1Q6EG87,1,PF00704
A0A1Q6EGQ6,1,PF00704
A0A1Q6GB80,1,PF00704
A0A1Q6HZU6,1,PF00704
A0A1Q6IDS8,1,PF00704
A0A1Q6ILH4,1,PF00704
A0A1Q6J185,1,PF00704
A0A1Q6JXD5,1,PF00704
A0A1Q6K2W4,1,PF00704
A0A1Q6KH17,1,PF00704
A0A1Q6L5K0,1,PF00704
A0A1Q6LCW5,1,PF00704
A0A1Q6M1N7,1,PF00704
A0A1Q6NN58,1,PF00704
A0A1Q6PXY5,1,PF00704
A0A1Q6QAG9,1,PF00704
A0A1Q6QGS1,1,PF00704
A0A1Q6RBS3,1,PF00704
A0A1Q6RBU9,1,PF00704
A0A1Q6RHJ2,1,PF00704
A0A1Q6SBC7,1,PF00704
A0A1Q6SPM0,1,PF00704
A0A1Q6T6D2,1,PF00704
A0A1Q6U2Z1,1,PF00704
A0A1Q6WVT2,1,PF00704
A0A1Q6YCK1,2,G3DSA:3.20.20.370
A0A1Q6YCK1,2,PF00704
A0A1Q6YU10,1,PF00704
A0A1Q6Z825,1,PF00704
A0A1Q6ZZ26,2,G3DSA:3.20.20.370
A0A1Q6ZZ26,2,PF00704
A0A1Q7AR26,1,PF00704
A0A1Q7BM39,1,PF00704
A0A1Q7BR08,1,PS51910
A0A1Q7BRW1,1,PF00704
A0A1Q7BWT3,1,PF00704
A0A1Q7BWW7,1,PS51910
A0A1Q7BYE9,1,PS51910
A0A1Q7C3D7,1,PF00704
A0A1Q7C4J2,1,PS51910
A0A1Q7C6L9,1,PF00704
A0A1Q7CAZ2,1,PF00704
A0A1Q7CAZ8,1,PF00704
A0A1Q7CCN6,2,G3DSA:3.20.20.370
A0A1Q7CCN6,2,PF00704
A0A1Q7CIT9,1,PF00704
A0A1Q7D0J8,1,PF00704
A0A1Q7E5G6,2,G3DSA:3.20.20.370
A0A1Q7E5G6,2,PF00704
A0A1Q7FMQ4,1,PF00704
A0A1Q7FN35,1,PF00704
A0A1Q7FWY7,1,PF00704
A0A1Q7GI18,2,G3DSA:3.20.20.370
A0A1Q7GI18,2,PF00704
A0A1Q7JTB7,2,G3DSA:3.20.20.370
A0A1Q7JTB7,2,PF00704
A0A1Q7L929,2,G3DSA:3.20.20.370
A0A1Q7L929,2,PF00704
A0A1Q7N1H1,2,G3DSA:3.20.20.370
A0A1Q7N1H1,2,PF00704
A0A1Q7R899,2,G3DSA:3.20.20.370
A0A1Q7R899,2,PF00704
A0A1Q7T0X7,2,G3DSA:3.20.20.370
A0A1Q7T0X7,2,PF00704
A0A1Q7UFT0,1,PF00704
A0A1Q7VRK6,1,PF00704
A0A1Q7VRQ8,1,PS51910
A0A1Q7VSB4,1,PF00704
A0A1Q7VSF3,1,PF00704
A0A1Q7VVZ3,1,PS51910
A0A1Q7VWA4,1,PF00704
A0A1Q7VWY5,1,PF00704
A0A1Q7VXK1,1,PF00704
A0A1Q7VXR7,1,PF00704
A0A1Q7VXS0,1,PS51910
A0A1Q7W636,1,PS51910
A0A1Q7WA22,1,PS51910
A0A1Q7WAL5,1,PF00704
A0A1Q7WDC7,1,PF00704
A0A1Q7WDH8,1,PF00704
A0A1Q7WFV1,1,PF00704
A0A1Q7WI69,1,PF00704
A0A1Q7WJ78,1,PS51910
A0A1Q7XVS2,2,G3DSA:3.20.20.370
A0A1Q7XVS2,2,PF00704
A0A1Q7YQC5,2,G3DSA:3.20.20.370
A0A1Q7YQC5,2,PF00704
A0A1Q7YRR5,2,G3DSA:3.20.20.370
A0A1Q7YRR5,2,PF00704
A0A1Q8B026,2,G3DSA:3.20.20.370
A0A1Q8B026,2,PF00704
A0A1Q8C5F3,1,PF00704
A0A1Q8CXH4,1,PF00704
A0A1Q8EPM6,1,PF00704
A0A1Q8EU26,1,PF00704
A0A1Q8IYV5,1,PF00704
A0A1Q8Q1E0,1,PF00704
A0A1Q8Q770,1,PF00704
A0A1Q8QWN1,1,PF00704
A0A1Q8QYT2,1,PF00704
A0A1Q8QZS3,1,PF00704
A0A1Q8R2F9,1,PF00704
A0A1Q8R3B8,1,PF00704
A0A1Q8U429,1,PF00704
A0A1Q8U4R6,1,PF00704
A0A1Q8U5L0,1,PF00704
A0A1Q8U5R0,1,PF00704
A0A1Q8UEV8,1,PF00704
A0A1Q8UF03,1,PF00704
A0A1Q8UGK2,1,PF00704
A0A1Q9GFF7,1,PF00704
A0A1Q9GV69,1,PF00704
A0A1Q9H146,2,PF00704
A0A1Q9H146,2,PF06483
A0A1Q9JKB3,1,PF00704
A0A1Q9JVW8,1,PF00704
A0A1Q9K5A8,1,PF00704
A0A1Q9LJ92,1,PF00704
A0A1Q9LMB5,1,PS51910
A0A1Q9LNX4,1,PF00704
A0A1Q9LP75,1,PF00704
A0A1Q9PGL0,1,PF00704
A0A1Q9PPC2,1,PF00704
A0A1Q9PW30,1,PF00704
A0A1Q9Q001,1,PF00704
A0A1Q9Q0J6,1,PF00704
A0A1Q9Q386,1,PF00704
A0A1Q9TKR5,1,PF00704
A0A1Q9TPU0,1,PF00704
A0A1Q9VTW4,1,PF00704
A0A1R0FT85,1,PF00704
A0A1R0FWT2,1,PF00704
A0A1R0KIT9,1,PS51910
A0A1R0KK82,1,PF00704
A0A1R0KNC9,1,PF00704
A0A1R0KQ43,1,PF00704
A0A1R0KRR0,1,PF00704
A0A1R0KRV6,1,PS51910
A0A1R0KRW2,1,PF00704
A0A1R0KT29,1,PF00704
A0A1R0L6I2,1,PS51910
A0A1R0LBC3,1,PF00704
A0A1R0LE52,1,PF00704
A0A1R0LKT9,1,PF00704
A0A1R0LLL9,1,PF00704
A0A1R0LW22,1,PS51910
A0A1R0LYR7,1,PF00704
A0A1R0M6D3,1,PS51910
A0A1R0M9G6,1,PS51910
A0A1R0M9N3,1,PF00704
A0A1R0W6C2,1,PF00704
A0A1R0W987,1,PF00704
A0A1R0W9V8,1,PF00704
A0A1R0WEF3,1,PF00704
A0A1R0WF60,1,PF00704
A0A1R0WIX8,1,PF00704
A0A1R0WKI6,1,PF00704
A0A1R0WQ95,1,PF00704
A0A1R0WW00,1,PF00704
A0A1R0WW54,1,PF00704
A0A1R0WW61,1,PF00704
A0A1R0X755,1,PF00704
A0A1R0XB69,1,PF00704
A0A1R0XU36,1,PF00704
A0A1R0XVJ2,1,PF00704
A0A1R0XZH4,1,PF00704
A0A1R0Y6I0,1,PF00704
A0A1R0YPN0,1,PF00704
A0A1R0ZB87,1,PF00704
A0A1R0ZBF8,1,PF00704
A0A1R0ZBY1,1,PF00704
A0A1R0ZC26,1,PF00704
A0A1R0ZDG2,1,PF00704
A0A1R0ZES5,1,PF00704
A0A1R0ZFG4,1,PF00704
A0A1R0ZGL3,1,PF00704
A0A1R0ZQ75,1,PF00704
A0A1R0ZQT6,1,PF00704
A0A1R0ZSE6,1,PF00704
A0A1R1A081,1,PF00704
A0A1R1A0N9,1,PF00704
A0A1R1A1V0,1,PF00704
A0A1R1A270,1,PF00704
A0A1R1AC80,1,PF00704
A0A1R1ASQ7,1,PF00704
A0A1R1AV18,1,PF00704
A0A1R1AV25,1,PF00704
A0A1R1AZ10,1,PF00704
A0A1R1AZJ1,1,PF00704
A0A1R1AZW0,1,PF00704
A0A1R1B6C7,1,PF00704
A0A1R1B6J8,1,PF00704
A0A1R1B6S0,1,PF00704
A0A1R1B8L6,1,PF00704
A0A1R1BB86,1,PF00704
A0A1R1BKN1,1,PF00704
A0A1R1C6T0,1,PF00704
A0A1R1C7R5,1,PF00704
A0A1R1C9L6,1,PF00704
A0A1R1CAD2,1,PF00704
A0A1R1CCP0,1,PF00704
A0A1R1CQA2,1,PF00704
A0A1R1CR23,1,PF00704
A0A1R1CZK6,1,PF00704
A0A1R1D9Q3,1,PF00704
A0A1R1DBQ2,1,PF00704
A0A1R1DXG6,1,PF00704
A0A1R1E8Y3,1,PF00704
A0A1R1EI96,1,PF00704
A0A1R1F1K8,1,PF00704
A0A1R1F527,1,PF00704
A0A1R1F880,1,PF00704
A0A1R1FDY1,1,PF00704
A0A1R1FG39,1,PF00704
A0A1R1FG49,1,PF00704
A0A1R1FI41,1,PF00704
A0A1R1FJD7,1,PF00704
A0A1R1JDB5,1,PF00704
A0A1R1JG66,1,PF00704
A0A1R1Q780,1,PF00704
A0A1R1Q953,1,PF00704
A0A1R1QMC4,1,PF00704
A0A1R1QMD8,1,PF00704
A0A1R1QTM7,1,PF00704
A0A1R1SAX2,1,PF00704
A0A1R1SNN2,1,PF00704
A0A1R1SPU2,1,PS51910
A0A1R1STG7,1,PF00704
A0A1R1YXM1,2,G3DSA:3.20.20.370
A0A1R1YXM1,2,PF00704
A0A1R2TDR4,1,PF00704
A0A1R3EQX1,1,PF00704
A0A1R3F401,1,PF00704
A0A1R3F514,2,PF00704
A0A1R3F514,2,PF06483
A0A1R3FBM3,1,PF00704
A0A1R3FLJ3,1,PF00704
A0A1R3FRW0,2,PF00704
A0A1R3FRW0,2,PF06483
A0A1R3SZP4,1,PF00704
A0A1R3URE5,1,PF00704
A0A1R3UTC9,1,PF00704
A0A1R3UVG0,1,PF00704
A0A1R4FUY2,1,PF00704
A0A1S0ZEI1,1,PF00704
A0A1S1HE25,2,G3DSA:3.20.20.370
A0A1S1HE25,2,PF00704
A0A1S1HP42,1,PF00704
A0A1S1HRS1,1,PF00704
A0A1S1J059,2,PF00704
A0A1S1J547,2,PF00704
A0A1S1J626,1,PF00704
A0A1S1MP44,1,PF00704
A0A1S1MPK6,1,PF00704
A0A1S1MYP0,1,PF00704
A0A1S1N078,1,PF00704
A0A1S1N145,1,PF00704
A0A1S1N204,1,PF00704
A0A1S1N9R4,1,PF00704
A0A1S1QK15,1,PS51910
A0A1S1UBH9,1,PF00704
A0A1S1UCV8,1,PF00704
A0A1S1WTH0,1,PF00704
A0A1S1WX68,1,PF00704
A0A1S1X196,1,PF00704
A0A1S1X290,1,PF00704
A0A1S1X3M0,1,PF00704
A0A1S1X480,1,SSF51445
A0A1S1YVY0,1,PF00704
A0A1S1Z458,2,PF00704
A0A1S2CPF9,1,PF00704
A0A1S2CVL1,1,PF00704
A0A1S2D004,1,PF00704
A0A1S2D048,1,PF00704
A0A1S2EVW2,1,PF00704
A0A1S2F4R3,1,PF00704
A0A1S2F5J2,1,PF00704
A0A1S2F6Y8,1,PF00704
A0A1S2F7J0,1,PF00704
A0A1S2F7Z5,1,PF00704
A0A1S2F8L0,1,PF00704
A0A1S2FAI5,1,PF00704
A0A1S2FB88,1,PF00704
A0A1S2FBQ6,1,PF00704
A0A1S2H0G9,1,PF00704
A0A1S2H748,1,PF00704
A0A1S2HF94,1,PF00704
A0A1S2HW23,1,PF00704
A0A1S2HWP4,1,PF00704
A0A1S2IDP0,1,PF00704
A0A1S2IZ83,1,PF00704
A0A1S2J096,1,PF00704
A0A1S2JXU3,2,G3DSA:2.10.10.20:FF:000001
A0A1S2JXU3,2,PF00704
A0A1S2JXW8,1,PF00704
A0A1S2K8L9,1,PF00704
A0A1S2K963,1,PF00704
A0A1S2KDU8,2,G3DSA:2.10.10.20:FF:000001
A0A1S2KDU8,2,PF00704
A0A1S2KG00,1,PF00704
A0A1S2KIV1,1,PF00704
A0A1S2KKJ3,1,PF00704
A0A1S2KLC1,2,G3DSA:2.10.10.20:FF:000001
A0A1S2KLC1,2,PF00704
A0A1S2KN19,1,PF00704
A0A1S2KXM5,1,PF00704
A0A1S2LJN6,1,PF00704
A0A1S2LKC5,1,PF00704
A0A1S2LKN8,1,PF00704
A0A1S2LLF4,1,PF00704
A0A1S2LPD4,1,PF00704
A0A1S2LTF5,1,PF00704
A0A1S2M2M4,1,PF00704
A0A1S2M2V6,1,PF00704
A0A1S2M669,1,PF00704
A0A1S2M7Q6,1,PF00704
A0A1S2P1H1,1,PF00704
A0A1S2P664,1,PF00704
A0A1S2P6C3,1,PF00704
A0A1S2P7H2,1,PF00704
A0A1S2PA91,1,PF00704
A0A1S2PB74,1,PF00704
A0A1S2PSY6,1,PS51910
A0A1S2PUC8,2,PS51910
A0A1S2PUC8,2,SSF51445
A0A1S2PYC0,1,PS51910
A0A1S2Q1C7,1,PS51910
A0A1S2Q1X9,1,PF00704
A0A1S2Q3R4,1,PS51910
A0A1S2QAV0,1,PF00704
A0A1S2QBS0,1,PF00704
A0A1S2QF75,1,PS51910
A0A1S2QIA3,1,PF00704
A0A1S2QL09,1,PF00704
A0A1S2QL42,1,PF00704
A0A1S2QL74,1,PF00704
A0A1S2QPX2,1,PF00704
A0A1S2QPZ7,1,PS51910
A0A1S2QQK6,2,PS51910
A0A1S2QQK6,2,SSF51445
A0A1S2QSJ5,1,PF00704
A0A1S2QTU8,1,PF00704
A0A1S2QYW7,1,PF00704
A0A1S2R236,1,PF00704
A0A1S2R5N1,1,PF00704
A0A1S2R5U0,1,PF00704
A0A1S2RA22,1,PF00704
A0A1S2RE47,1,PF00704
A0A1S2RE58,2,G3DSA:3.20.20.370
A0A1S2RE58,2,PF00704
A0A1S2RFI7,2,G3DSA:3.20.20.370
A0A1S2RFI7,2,PF00704
A0A1S2VLI6,1,PF00704
A0A1S2VTN3,1,PS51910
A0A1S2WRS3,1,PF00704
A0A1S2WT94,1,PF00704
A0A1S2WWY4,2,PF00704
A0A1S2WWY4,2,SSF51445
A0A1S2WWZ7,1,PF00704
A0A1S2WXQ7,1,PF00704
A0A1S6F5A2,1,PF00704
A0A1S6FIJ8,1,PF00704
A0A1S6HJL8,1,PF00704
A0A1S6HJQ0,1,PF00704
A0A1S6HLY5,1,PF00704
A0A1S6HM64,1,PF00704
A0A1S6HQG7,1,PF00704
A0A1S6HUL8,1,PF00704
A0A1S6ISQ3,1,PF00704
A0A1S6IU14,1,PF00704
A0A1S6IY18,1,PF00704
A0A1S6J0E0,1,PF00704
A0A1S6J6W0,1,PF00704
A0A1S6J7Q4,1,PF00704
A0A1S6JCG1,1,PS51910
A0A1S6JFU1,1,PF00704
A0A1S6JFW8,1,PF00704
A0A1S7FQH6,1,PF00704
A0A1S7FY17,1,PF00704
A0A1S8CPU9,1,PF00704
A0A1S8L0M1,1,PF00704
A0A1S8LQQ9,1,PF00704
A0A1S8MCQ3,1,PF00704
A0A1S8NI62,1,PF00704
A0A1S8SDN4,1,PF00704
A0A1S8XRJ0,1,PS51910
A0A1S8XRU0,1,PF00704
A0A1S8YQD7,1,PF00704
A0A1S8YRU4,1,PF00704
A0A1S8ZSZ6,1,PF00704
A0A1S9A2P2,2,PF00704
A0A1S9A2Q6,1,PF00704
A0A1S9A3E3,1,PF00704
A0A1S9ARC0,1,PF00704
A0A1S9BVI6,1,PF00704
A0A1S9CE68,1,PF00704
A0A1S9CG28,1,PF00704
A0A1S9CKC2,1,PF00704
A0A1S9CN90,1,PF00704
A0A1S9CPL0,1,PF00704
A0A1S9CT76,1,PF00704
A0A1S9I178,1,PS51910
A0A1S9IBC8,1,PF00704
A0A1S9IE62,1,PF00704
A0A1S9II18,1,PF00704
A0A1S9MZQ8,1,PF00704
A0A1S9PAU3,1,PF00704
A0A1S9PCQ7,2,G3DSA:3.20.20.370
A0A1S9PCQ7,2,PF00704
A0A1S9S8T1,1,PF00704
A0A1S9SYU7,2,G3DSA:3.20.20.370
A0A1S9SYU7,2,PF00704
A0A1S9TB04,1,PF00704
A0A1S9TCA2,1,PF00704
A0A1S9TRH3,1,PF00704
A0A1S9TWS4,1,PF00704
A0A1T1BNC0,1,PF00704
A0A1T1BSP8,1,PF00704
A0A1T1CNG1,1,PF00704
A0A1T1DV81,1,PF00704
A0A1T1E2C7,1,PF00704
A0A1T1E2G8,1,PF00704
A0A1T1P5P1,1,PF00704
A0A1T2WZU8,1,PF00704
A0A1T2X2V3,1,PF00704
A0A1T2X306,1,PF00704
A0A1T2X3C7,1,PF00704
A0A1T2X6C7,1,PF00704
A0A1T2X961,1,PF00704
A0A1T2XFI9,1,PF00704
A0A1T2XHE1,1,PF00704
A0A1T2XHL7,1,PF00704
A0A1T2XHZ8,1,PF00704
A0A1T3D5G1,1,PS51910
A0A1T3DF32,1,PF00704
A0A1T3FF01,2,G3DSA:3.20.20.370
A0A1T3FF01,2,PF00704
A0A1T3FH12,1,PS51910
A0A1T3FLM0,1,PF00704
A0A1T3IAS9,1,PS51910
A0A1T3L4R2,1,PS51910
A0A1T3M972,1,PS51910
A0A1T3MN13,1,PS51910
A0A1T3MNL9,1,PS51910
A0A1T3MTB5,1,PF00704
A0A1T3MX25,2,G3DSA:3.20.20.370
A0A1T3MX25,2,PF00704
A0A1T3MZ63,1,PF00704
A0A1T3NME4,1,PF00704
A0A1T3NMX4,1,PF00704
A0A1T3NPA2,1,PF00704
A0A1T3NPE7,1,PF00704
A0A1T3NQ80,1,PF00704
A0A1T3NQS4,1,PF00704
A0A1T3NRD3,1,PF00704
A0A1T3NRM5,1,PF00704
A0A1T3NS00,1,PF00704
A0A1T3P5F9,1,PF00704
A0A1T3VL21,1,PF00704
A0A1T4JHK4,1,PF00704
A0A1T4L9J9,2,PF00704
A0A1T4LS47,1,PF00704
A0A1T4M2H8,2,G3DSA:3.20.20.370
A0A1T4M2H8,2,PF00704
A0A1T4ML36,1,PF00704
A0A1T4MRI3,1,PF00704
A0A1T4NB93,1,PF00704
A0A1T4NNU6,1,PF00704
A0A1T4P626,1,PF00704
A0A1T4P8X1,1,PF00704
A0A1T4PJ61,1,PF00704
A0A1T4PLX1,1,PF00704
A0A1T4PVB4,1,PF00704
A0A1T4PZ55,1,PS51910
A0A1T4Q752,1,PF00704
A0A1T4Q7U4,1,PF00704
A0A1T4Q8T0,1,PF00704
A0A1T4QB08,1,PF00704
A0A1T4QLQ7,1,PF00704
A0A1T4R2Q7,1,PF00704
A0A1T4RCF9,1,PF00704
A0A1T4RGG0,2,PF00704
A0A1T4S374,2,PF00704
A0A1T4S374,2,PF06483
A0A1T4SED0,1,PF00704
A0A1T4SSD1,1,PF00704
A0A1T4T7M1,1,PF00704
A0A1T4U5Q8,1,PF00704
A0A1T4UG54,2,PF00704
A0A1T4UG54,2,PF06483
A0A1T4UQJ7,1,PF00704
A0A1T4V0L0,1,PF00704
A0A1T4V6H7,1,PF00704
A0A1T4VAY8,1,PF00704
A0A1T4VHY8,1,PF00704
A0A1T4WFL2,1,PF00704
A0A1T4WNX0,1,PF00704
A0A1T4XA36,1,PF00704
A0A1T4XAB5,1,PF00704
A0A1T4XP21,1,PF00704
A0A1T4XR57,1,PF00704
A0A1T4XTY5,1,PF00704
A0A1T4YL62,1,PF00704
A0A1T4ZXJ1,1,PF00704
A0A1T5ATV7,1,PF00704
A0A1T5AXP0,1,PF00704
A0A1T5B954,1,PF00704
A0A1T5B9D0,1,PF00704
A0A1T5BUG6,1,PF00704
A0A1T5C620,1,PF00704
A0A1T5CDZ6,1,PF00704
A0A1T5D1U9,1,PF00704
A0A1T5DFI3,1,PF00704
A0A1T5DLH1,2,G3DSA:3.20.20.370
A0A1T5DLH1,2,PF00704
A0A1T5DQR6,1,PF00704
A0A1T5DVZ0,1,PF00704
A0A1T5EGF4,1,PF00704
A0A1T5EUT8,2,G3DSA:3.20.20.370
A0A1T5EUT8,2,PF00704
A0A1T5FTS2,1,PF00704
A0A1T5GM54,1,PF00704
A0A1T5H3D1,1,PF00704
A0A1T5HVH2,1,PF00704
A0A1T5HZY6,1,PF00704
A0A1T5HZZ2,1,PF00704
A0A1T5I147,1,PF00704
A0A1T5I6U1,1,PF00704
A0A1T5IAI8,1,PF00704
A0A1T5IAM8,1,PF00704
A0A1T5IB05,1,PF00704
A0A1T5IIH2,1,PF00704
A0A1T5J5E0,1,PF00704
A0A1T5JR08,1,PF00704
A0A1T5KG78,1,PF00704
A0A1T5KI43,1,PF00704
A0A1T5KIB0,1,PF00704
A0A1T5KNB5,1,PF00704
A0A1T5LC60,1,PF00704
A0A1T5LTI0,1,PF00704
A0A1T5MAM2,1,PF00704
A0A1T5N573,1,PF00704
A0A1T5NC98,1,PF00704
A0A1T5ND73,1,PF00704
A0A1T5NE03,1,PF00704
A0A1T5NH60,1,PF00704
A0A1T5P9H6,1,PF00704
A0A1U7CLA5,1,PF00704
A0A1U7GGM3,1,PF00704
A0A1U7JL05,1,PF00704
A0A1U7LYM7,1,PF00704
A0A1U7M2W5,1,PF00704
A0A1U7P0N2,2,G3DSA:3.20.20.370
A0A1U7P0N2,2,PF00704
A0A1U7PTK7,2,G3DSA:3.20.20.370
A0A1U7PTK7,2,PF00704
A0A1U7PUB4,1,PF00704
A0A1U9K2Z9,1,PF00704
A0A1U9N559,1,PF00704
A0A1U9N9Q6,1,PF00704
A0A1U9N9Z9,1,PF00704
A0A1U9NAP8,1,PF00704
A0A1U9NLP4,1,PF00704
A0A1U9NN77,1,PF00704
A0A1U9NUF4,1,PF00704
A0A1U9NYF6,1,PF00704
A0A1U9P2P4,1,PF00704
A0A1U9P307,1,PF00704
A0A1U9P3E0,1,PF00704
A0A1U9P6Z5,1,PF00704
A0A1U9QM62,1,PF00704
A0A1U9QM84,1,PF00704
A0A1U9QPT2,1,PF00704
A0A1U9QQR9,1,PF00704
A0A1U9QR86,1,PF00704
A0A1U9QRT6,1,PF00704
A0A1U9R0W0,1,PF00704
A0A1U9VL05,1,PF00704
A0A1U9X479,1,PF00704
A0A1U9X483,1,PF00704
A0A1U9X484,1,PF00704
A0A1U9X485,1,PF00704
A0A1U9X486,1,PF00704
A0A1U9X487,1,PF00704
A0A1U9X488,1,PF00704
A0A1U9X489,1,PF00704
A0A1U9X490,1,PF00704
A0A1U9X491,1,PF00704
A0A1U9X492,1,PF00704
A0A1U9X495,1,PF00704
A0A1U9X496,1,PF00704
A0A1U9X499,1,PF00704
A0A1U9ZX91,1,PF00704
A0A1V0A655,1,PF00704
A0A1V0A733,1,PF00704
A0A1V0A751,1,PF00704
A0A1V0DGB3,1,PF00704
A0A1V0PEP9,1,PF00704
A0A1V0QUD4,1,PF00704
A0A1V0QUL5,1,PS51910
A0A1V0QY30,1,PF00704
A0A1V0QYT7,1,PF00704
A0A1V0QZT1,1,PF00704
A0A1V0R456,1,PF00704
A0A1V0R7L9,1,PF00704
A0A1V0TK04,1,PF00704
A0A1V0U0I9,1,PF00704
A0A1V0U104,1,PF00704
A0A1V0U1Y1,1,PS51910
A0A1V0U2P3,1,PS51910
A0A1V0U3F1,1,PF00704
A0A1V0U4V7,1,PF00704
A0A1V0U5Z5,1,PF00704
A0A1V0U649,1,PF00704
A0A1V0UFL8,1,PF00704
A0A1V0UG99,1,PF00704
A0A1V0UGX5,1,PF00704
A0A1V0UHA3,1,PF00704
A0A1V0UQI3,1,PF00704
A0A1V0UQI6,1,PF00704
A0A1V0UQX3,1,PF00704
A0A1V0UQZ0,1,PF00704
A0A1V0UVW8,1,PF00704
A0A1V1I2H4,1,PF00704
A0A1V1UZ97,2,G3DSA:3.20.20.370
A0A1V1UZ97,2,PF00704
A0A1V1V9T7,1,PF00704
A0A1V1VEU2,1,PF00704
A0A1V1VY32,1,PF00704
A0A1V2A3W7,1,PF00704
A0A1V2A739,1,PF00704
A0A1V2AZB6,1,PF00704
A0A1V2B1M1,1,PF00704
A0A1V2B2U0,1,PF00704
A0A1V2B738,1,PS51910
A0A1V2BC56,2,PF00704
A0A1V2BC96,1,PF00704
A0A1V2C937,1,PF00704
A0A1V2CCL3,1,PF00704
A0A1V2CCP4,2,PF00704
A0A1V2CCY6,1,PF00704
A0A1V2FVH7,1,PF00704
A0A1V2I7E7,1,PS51910
A0A1V2LWF9,1,PF00704
A0A1V2LWZ3,1,PF00704
A0A1V2M0S4,1,PF00704
A0A1V2M639,1,PF00704
A0A1V2M8F7,1,PF00704
A0A1V2MCH6,1,PF00704
A0A1V2NUD7,1,PF00704
A0A1V2NUG5,1,PF00704
A0A1V2NUI1,1,PS51910
A0A1V2NWF4,1,PF00704
A0A1V2P8F4,1,PF00704
A0A1V2P942,1,PF00704
A0A1V2PAW8,1,PF00704
A0A1V2PCP1,1,PF00704
A0A1V2PFY8,1,PF00704
A0A1V2PLW0,1,PF00704
A0A1V2PQP1,1,PF00704
A0A1V2PVW3,1,PF00704
A0A1V2PYB1,1,PF00704
A0A1V2Q608,1,PF00704
A0A1V2Q696,1,PF00704
A0A1V2Q8D1,1,PF00704
A0A1V2QH89,1,PF00704
A0A1V2QMH4,1,PF00704
A0A1V2QPQ0,1,PF00704
A0A1V2RFE1,1,PF00704
A0A1V2RHE2,1,PF00704
A0A1V2UMA2,1,PF00704
A0A1V2UMH7,1,PF00704
A0A1V2YDK4,1,PF00704
A0A1V2YFS8,1,PF00704
A0A1V2YGZ8,1,PF00704
A0A1V2YKV9,1,PF00704
A0A1V3BWG1,1,PF00704
A0A1V3BWI7,1,PF00704
A0A1V3C3M7,1,PF00704
A0A1V3C8Z9,1,PF00704
A0A1V3G568,1,PF00704
A0A1V3G7E0,1,PF00704
A0A1V3G9Z9,1,PF00704
A0A1V3GCX7,1,PF00704
A0A1V3HB83,1,PF00704
A0A1V3HBM9,1,PF00704
A0A1V3MWE0,1,PF00704
A0A1V3P024,2,G3DSA:3.20.20.370
A0A1V3P024,2,PF00704
A0A1V3P2C7,1,PF00704
A0A1V3P5V2,1,PF00704
A0A1V3PE69,1,PF00704
A0A1V3PJD7,1,PF00704
A0A1V3PYE8,2,G3DSA:3.20.20.370
A0A1V3PYE8,2,PF00704
A0A1V3PYY7,2,G3DSA:3.20.20.370
A0A1V3PYY7,2,PF00704
A0A1V3Q0S5,1,PF00704
A0A1V3Q2P4,1,PF00704
A0A1V3QJN1,2,G3DSA:3.20.20.370
A0A1V3QJN1,2,PF00704
A0A1V3RCT2,1,PF00704
A0A1V3RLG5,1,PF00704
A0A1V3U698,1,PS51910
A0A1V3ZYY3,1,PF00704
A0A1V3ZZU4,1,PF00704
A0A1V4A2A6,1,PF00704
A0A1V4A2G1,1,PS51910
A0A1V4A612,1,PS51910
A0A1V4AAD0,1,PS51910
A0A1V4ACH2,1,PF00704
A0A1V4ADK5,1,PF00704
A0A1V4AGA9,1,PF00704
A0A1V4AH32,1,PS51910
A0A1V4AH82,1,PF00704
A0A1V4CTR1,1,PF00704
A0A1V4CUC6,1,PF00704
A0A1V4CZM8,1,PS51910
A0A1V4D0R2,1,PF00704
A0A1V4D8X7,1,PF00704
A0A1V4D8Y3,1,PS51910
A0A1V4D921,1,PF00704
A0A1V4D946,1,PS51910
A0A1V4DMB8,1,PF00704
A0A1V4DMF0,1,PF00704
A0A1V4DMI2,1,PF00704
A0A1V4DSK2,1,PF00704
A0A1V4DZP1,1,PF00704
A0A1V4E4C8,1,PF00704
A0A1V4E7A8,1,PF00704
A0A1V4E8F7,1,PS51910
A0A1V4E8P2,1,PF00704
A0A1V4E9C0,1,PF00704
A0A1V4EAE3,1,PF00704
A0A1V4EC71,1,PS51910
A0A1V4EH38,1,PF00704
A0A1V4EQW7,1,PF00704
A0A1V4ESA0,1,PF00704
A0A1V4EWY2,1,PF00704
A0A1V4H7P4,1,PF00704
A0A1V4HBW5,1,PF00704
A0A1V4HID6,1,PF00704
A0A1V4HIH7,1,PF00704
A0A1V4HNK5,1,PF00704
A0A1V4HPQ9,1,PF00704
A0A1V4I7G3,1,PF00704
A0A1V4I941,1,PF00704
A0A1V4IMT7,1,PF00704
A0A1V4IS50,1,PF00704
A0A1V4IXN6,1,PF00704
A0A1V4IY01,1,PF00704
A0A1V4LY90,1,PF00704
A0A1V4MA05,1,PF00704
A0A1V4MTL7,1,PF00704
A0A1V4RIC2,1,PF00704
A0A1V4SK32,1,PF00704
A0A1V4SMF7,1,PF00704
A0A1V4SNQ5,1,PF00704
A0A1V4TUM9,1,PF00704
A0A1V4VB60,1,PF00704
A0A1V4VEG8,1,PF00704
A0A1V4VW90,1,PF00704
A0A1V4VYR4,1,PF00704
A0A1V4W0S6,1,PS51910
A0A1V4YNC6,1,PF00704
A0A1V4ZI26,1,PF00704
A0A1V5BPH5,1,PF00704
A0A1V5BX62,1,PF00704
A0A1V5G8T8,2,G3DSA:3.20.20.370
A0A1V5G8T8,2,PF00704
A0A1V5GCT5,1,PF00704
A0A1V5GEE6,1,PF00704
A0A1V5HJ15,1,PF00704
A0A1V5HKS2,1,PF00704
A0A1V5HLR7,1,PF00704
A0A1V5HLW8,1,PF00704
A0A1V5ICB2,1,PF00704
A0A1V5J2Y1,1,PF00704
A0A1V5J4A5,1,PF00704
A0A1V5JM64,1,PF00704
A0A1V5JXT9,1,PF00704
A0A1V5K6G5,1,PF00704
A0A1V5LTQ9,1,PF00704
A0A1V5NP79,1,PF00704
A0A1V5NTH9,1,PF00704
A0A1V5NUL9,1,PF00704
A0A1V5P2X8,1,PF00704
A0A1V5PBS5,1,PF00704
A0A1V5PCA5,1,PF00704
A0A1V5RXS0,1,PF00704
A0A1V5S5M0,1,PF00704
A0A1V5S6W4,1,PF00704
A0A1V5TEI3,1,PF00704
A0A1V5U2K4,1,PF00704
A0A1V5UT19,1,PF00704
A0A1V5UWK6,1,PF00704
A0A1V5W316,1,PF00704
A0A1V5W3G8,1,PF00704
A0A1V5WKP4,1,PF00704
A0A1V5XGI5,1,PF00704
A0A1V5XIS7,1,PF00704
A0A1V5XYU4,1,PF00704
A0A1V5Y4U2,1,PF00704
A0A1V5Y9R4,1,PF00704
A0A1V5YCI7,1,PF00704
A0A1V6AGH9,1,PF00704
A0A1V6AWC3,1,PF00704
A0A1V6BNU1,1,PF00704
A0A1V6BX22,1,PF00704
A0A1V6C1M6,1,PF00704
A0A1V6E3L4,1,PF00704
A0A1V6EIU4,1,PF00704
A0A1V6HV07,1,PF00704
A0A1V6J2B3,1,PF00704
A0A1V6J5F1,1,PF00704
A0A1V6J9B9,1,PF00704
A0A1V6JA79,1,PF00704
A0A1V6K318,1,PF00704
A0A1V6MJ63,1,PF00704
A0A1V6MPH8,1,PF00704
A0A1V8NVF6,1,PF00704
A0A1V8P4V2,1,PF00704
A0A1V8YAC0,1,PF00704
A0A1V8YD07,1,PF00704
A0A1V8YE83,1,PS51910
A0A1V8YRZ3,1,PF00704
A0A1V9B3J5,1,PF00704
A0A1V9B820,1,PF00704
A0A1V9B8Z1,1,PF00704
A0A1V9BE60,1,PF00704
A0A1V9CSW3,1,PF00704
A0A1V9E1H5,2,G3DSA:3.20.20.370
A0A1V9E1H5,2,PF00704
A0A1V9E1S8,1,PS51910
A0A1V9EAI5,1,PF00704
A0A1V9ETC2,1,PF00704
A0A1V9F811,1,PF00704
A0A1V9F8F7,2,PF00704
A0A1V9FFN5,1,PF00704
A0A1V9FH04,1,PS51910
A0A1V9FLG0,2,G3DSA:3.20.20.370
A0A1V9FLG0,2,PF00704
A0A1V9FTS3,2,PF00704
A0A1V9FU40,1,PF00704
A0A1V9FX01,1,PF00704
A0A1V9FXS4,1,PF00704
A0A1V9G656,1,PF00704
A0A1V9G6B6,2,PF00704
A0A1V9GCJ2,1,PF00704
A0A1V9GD51,1,PF00704
A0A1V9GVT6,1,PF00704
A0A1V9GZ78,1,PF00704
A0A1V9K0Y7,1,PF00704
A0A1V9K5R5,1,PF00704
A0A1V9K9I0,1,PF00704
A0A1V9KA90,1,PS51910
A0A1V9KDJ5,1,PS51910
A0A1V9KEM7,1,PF00704
A0A1V9KFJ0,1,PF00704
A0A1V9KG86,1,PF00704
A0A1V9KHL5,1,PF00704
A0A1V9KIZ1,1,PS51910
A0A1V9KJQ3,1,PF00704
A0A1V9KLZ4,1,PF00704
A0A1V9W951,1,PF00704
A0A1W0CN33,1,PF00704
A0A1W0D4P1,1,PF00704
A0A1W0D5W3,1,PF00704
A0A1W1GTM0,1,PF00704
A0A1W1H1M4,1,PF00704
A0A1W1UDE7,1,PF00704
A0A1W1UE35,1,PF00704
A0A1W1UEM2,1,PF00704
A0A1W1UJ07,1,PF00704
A0A1W1UQ38,1,PF00704
A0A1W1USR8,1,PF00704
A0A1W1VAZ4,1,PF00704
A0A1W1VGE5,1,PF00704
A0A1W1VP72,1,PF00704
A0A1W1VW55,1,PF00704
A0A1W1W1T6,1,PF00704
A0A1W1W9R2,1,PF00704
A0A1W1WBJ1,1,PF00704
A0A1W1WDV7,1,PF00704
A0A1W1WE87,1,PF00704
A0A1W1WJT3,1,PF00704
A0A1W1WK50,1,PF00704
A0A1W1WLQ3,1,PF00704
A0A1W1WM16,1,PF00704
A0A1W1WX40,1,PF00704
A0A1W1WXB1,1,PF00704
A0A1W1X279,1,PF00704
A0A1W1X2S7,1,PF00704
A0A1W1X441,1,PF00704
A0A1W1XBN1,1,PS51910
A0A1W1XG55,1,PF00704
A0A1W1XJZ1,1,PF00704
A0A1W1XL98,1,PF00704
A0A1W1XLJ8,1,PF00704
A0A1W1XMF9,1,PF00704
A0A1W1XNR9,1,PF00704
A0A1W1XP22,1,PF00704
A0A1W1XPC3,1,PF00704
A0A1W1XRP7,1,PF00704
A0A1W1XRS2,1,PF00704
A0A1W1XVP6,1,PF00704
A0A1W1XWH5,1,PF00704
A0A1W1XWI7,1,PF00704
A0A1W1XWZ7,1,PF00704
A0A1W1XXD1,1,PF00704
A0A1W1XXE3,1,PS51910
A0A1W1XXJ3,1,PF00704
A0A1W1XY73,1,PF00704
A0A1W1XYK6,1,PF00704
A0A1W1XYQ5,1,PF00704
A0A1W1XZ89,1,PS51910
A0A1W1Y0G9,1,PS51910
A0A1W1Y1B0,2,PF00704
A0A1W1Y1B0,2,SSF51445
A0A1W1YPF8,2,G3DSA:3.20.20.370
A0A1W1YPF8,2,PF00704
A0A1W1ZZ66,1,PS51910
A0A1W2A292,1,PF00704
A0A1W2A7G2,1,PF00704
A0A1W2AEA3,1,PF00704
A0A1W2AF25,1,PF00704
A0A1W2AI11,1,PF00704
A0A1W2AXB5,1,PF00704
A0A1W2B640,1,PF00704
A0A1W2BBH4,1,PF00704
A0A1W2BIN5,1,PF00704
A0A1W2C7Z6,1,PF00704
A0A1W2CFX7,1,PF00704
A0A1W2CNP0,1,PF00704
A0A1W2CPD6,1,PF00704
A0A1W2CVS0,1,PS51910
A0A1W2D541,1,PS51910
A0A1W2D750,1,PF00704
A0A1W2DKI6,1,PF00704
A0A1W2EC16,1,PF00704
A0A1W2EDZ4,1,PF00704
A0A1W2EFQ7,2,G3DSA:3.20.20.370
A0A1W2EFQ7,2,PF00704
A0A1W2EKE4,1,PF00704
A0A1W2ELK7,1,PF00704
A0A1W2F2L6,1,PF00704
A0A1W2F394,1,PF00704
A0A1W2FJ81,1,PF00704
A0A1W2FJG4,1,PS51910
A0A1W2FR06,1,PF00704
A0A1W2FRE3,1,PS51910
A0A1W2FRT6,1,PF00704
A0A1W2FYQ7,1,PF00704
A0A1W2FZ59,1,PF00704
A0A1W2G5Y1,2,PF00704
A0A1W2G9A0,1,PF00704
A0A1W2H5Z8,1,PF00704
A0A1W2H699,1,PF00704
A0A1W2H9U8,1,PF00704
A0A1W2LLS1,1,PS51910
A0A1W2LM58,1,PF00704
A0A1W2LNK1,1,PF00704
A0A1W2LQ51,1,PF00704
A0A1W2LSN2,1,PF00704
A0A1W2LSP3,1,PF00704
A0A1W2LTC0,1,PS51910
A0A1W2LWI7,1,PF00704
A0A1W2LXL1,1,PF00704
A0A1W2M0H9,1,PF00704
A0A1W5XTW1,1,PF00704
A0A1W5XWE2,1,PF00704
A0A1W5XXB1,1,PF00704
A0A1W5Y093,1,PF00704
A0A1W5YX14,1,PF00704
A0A1W5YXM8,1,PF00704
A0A1W5YYG2,1,PF00704
A0A1W5YYH5,1,PF00704
A0A1W5YZJ9,1,PF00704
A0A1W5Z772,1,PF00704
A0A1W5Z7A4,1,PF00704
A0A1W5Z8K9,1,PF00704
A0A1W5ZQD0,1,PF00704
A0A1W5ZSC6,1,PF00704
A0A1W6A307,1,PF00704
A0A1W6ABJ9,1,PF00704
A0A1W6ABQ3,1,PF00704
A0A1W6AQA1,1,PF00704
A0A1W6AQC5,1,PF00704
A0A1W6DNC0,1,PF00704
A0A1W6DNI7,1,PF00704
A0A1W6DNN0,1,PF00704
A0A1W6DTA0,1,PF00704
A0A1W6DTV4,1,PF00704
A0A1W6LEX7,1,PF00704
A0A1W6TET7,1,PF00704
A0A1W6TLE1,1,PF00704
A0A1W6USI1,1,PF00704
A0A1W6WBE4,1,PF00704
A0A1W6WBK9,1,PF00704
A0A1W6WCU5,1,PF00704
A0A1W6WFV4,1,PF00704
A0A1W6WQ92,2,G3DSA:3.20.20.370
A0A1W6WQ92,2,PF00704
A0A1W6WRM8,1,PF00704
A0A1W6WS17,1,PF00704
A0A1W6YVJ8,1,PF00704
A0A1W7CUN2,1,PF00704
A0A1W7CVQ4,1,PF00704
A0A1W7M5Z3,2,G3DSA:3.20.20.370
A0A1W7M5Z3,2,PS51910
A0A1W9HD35,2,G3DSA:3.20.20.370
A0A1W9HD35,2,PF00704
A0A1W9HG93,2,G3DSA:3.20.20.370
A0A1W9HG93,2,PF00704
A0A1W9LEN4,1,PF00704
A0A1W9P354,1,PF00704
A0A1W9SMV1,1,PF00704
A0A1W9T7K2,1,PF00704
A0A1W9UHK5,1,PF00704
A0A1W9UWW6,1,PF00704
A0A1W9V949,1,PF00704
A0A1W9VIT1,2,PS51910
A0A1W9VIT1,2,SSF51445
A0A1W9WJ57,1,PS51910
A0A1X0A1E1,1,PF00704
A0A1X0G1K7,1,PF00704
A0A1X0J5B5,1,PF00704
A0A1X0WH84,1,PF00704
A0A1X1EQV8,1,PF00704
A0A1X1ETE4,1,PF00704
A0A1X1N630,1,PF00704
A0A1X1N6E1,1,PF00704
A0A1X1NNF2,1,PF00704
A0A1X1NPA7,1,PF00704
A0A1X1NPV5,1,PS51910
A0A1X1WW69,2,PS51910
A0A1X1WW69,2,SSF51445
A0A1X1XMQ8,1,PF00704
A0A1X2D6H3,2,PF00704
A0A1X2D6H3,2,SSF51445
A0A1X2FX90,1,PF00704
A0A1X2FYM6,1,PF00704
A0A1X2G0X6,1,PF00704
A0A1X3JB74,1,PF00704
A0A1X3P887,1,PF00704
A0A1X4HU28,1,PF00704
A0A1X4HY15,1,PF00704
A0A1X4HY72,1,PF00704
A0A1X4I6S2,1,PF00704
A0A1X4IDT2,1,PS51910
A0A1X4XYY5,1,PF00704
A0A1X7AQD1,1,PF00704
A0A1X7CIZ4,1,PS51910
A0A1X7D1I9,1,PS51910
A0A1X7DCH5,1,PF00704
A0A1X7E3L7,1,PF00704
A0A1X7FMF8,1,PF00704
A0A1X7G9G6,1,PF00704
A0A1X7GH42,1,PF00704
A0A1X7GI02,1,PF00704
A0A1X7GKS0,1,PF00704
A0A1X7GQ29,1,PF00704
A0A1X7GTL8,1,PF00704
A0A1X7GW46,1,PF00704
A0A1X7GZT2,1,PF00704
A0A1X7H9W2,1,PF00704
A0A1X7HCF2,1,PF00704
A0A1X7IUJ4,1,PF00704
A0A1X7J3Q3,1,PF00704
A0A1X7J3V8,1,PF00704
A0A1X7JMT5,1,PF00704
A0A1X7KCS9,1,PF00704
A0A1X7KIV3,1,PF00704
A0A1X7KRY0,1,PF00704
A0A1X7KRY2,1,PF00704
A0A1X7KSG4,1,PF00704
A0A1X7L593,1,PF00704
A0A1X7LHZ7,1,PF00704
A0A1X7LR70,1,PF00704
A0A1X7M498,1,PF00704
A0A1X9LQ77,1,PF00704
A0A1X9MEM1,1,PF00704
A0A1X9THT7,1,PF00704
A0A1X9Z5N8,1,PF00704
A0A1X9Z5W2,1,PF00704
A0A1X9Z604,1,PF00704
A0A1X9Z6M1,1,PF00704
A0A1X9Z834,1,PF00704
A0A1X9ZA01,1,PF00704
A0A1X9ZBE1,2,G3DSA:3.20.20.370
A0A1X9ZBE1,2,PF00704
A0A1X9ZD51,1,PF00704
A0A1Y0FSG8,1,PF00704
A0A1Y0FTE8,1,PF00704
A0A1Y0FTW0,2,PF00704
A0A1Y0FTW0,2,PIRSR001103-1
A0A1Y0FV85,1,PF00704
A0A1Y0FVI6,1,PF00704
A0A1Y0FXI8,1,PF00704
A0A1Y0FYZ4,1,PF00704
A0A1Y0G0G4,1,PF00704
A0A1Y0G3G6,1,PF00704
A0A1Y0HRS3,1,PF00704
A0A1Y0HSL0,1,PF00704
A0A1Y0HSM6,1,PF00704
A0A1Y0HTL3,1,PF00704
A0A1Y0HVP0,1,PF00704
A0A1Y0HW92,1,PF00704
A0A1Y0HX29,1,PF00704
A0A1Y0I0F0,1,PF00704
A0A1Y0I0H2,1,PF00704
A0A1Y0INQ1,1,PF00704
A0A1Y0IR35,1,PF00704
A0A1Y0IRT2,1,PF00704
A0A1Y0ISA1,1,PF00704
A0A1Y0IU12,1,PF00704
A0A1Y0IU62,1,PF00704
A0A1Y0JY52,1,PF00704
A0A1Y0Y9X3,1,PF00704
A0A1Y0YDH1,1,PF00704
A0A1Y1Q9L3,1,PF00704
A0A1Y1Q9M7,1,PF00704
A0A1Y1QE25,1,PF00704
A0A1Y1QHQ5,1,PF00704
A0A1Y1QY59,1,PF00704
A0A1Y1RIB0,1,PF00704
A0A1Y1T945,1,PF00704
A0A1Y2NQE6,1,PF00704
A0A1Y2NRN2,1,PF00704
A0A1Y2NWM6,1,PF00704
A0A1Y2NXL6,1,PF00704
A0A1Y2P304,2,G3DSA:2.10.10.20:FF:000001
A0A1Y2P304,2,PF00704
A0A1Y2Q9W3,2,G3DSA:3.20.20.370
A0A1Y2Q9W3,2,PF00704
A0A1Y2QMF6,1,PF00704
A0A1Y2RHE5,1,PF00704
A0A1Y2S7C5,1,PF00704
A0A1Y2SAN5,1,PF00704
A0A1Y2SI51,1,PF00704
A0A1Y2T5D3,1,PF00704
A0A1Y2T734,1,PF00704
A0A1Y2T999,1,PF00704
A0A1Y3MF87,1,PF00704
A0A1Y3MG57,2,G3DSA:3.20.20.370
A0A1Y3MG57,2,PF00704
A0A1Y3QBK7,1,PF00704
A0A1Y3QCK3,1,PF00704
A0A1Y3QJD4,1,PF00704
A0A1Y3QJF8,1,PF00704
A0A1Y3QLB0,1,PF00704
A0A1Y3QVU4,1,PF00704
A0A1Y3QWI1,1,PF00704
A0A1Y3QXL8,1,PF00704
A0A1Y3RQP9,1,PF00704
A0A1Y3RS85,1,PF00704
A0A1Y3SEV4,1,PF00704
A0A1Y3T059,1,PF00704
A0A1Y3T8G6,1,PF00704
A0A1Y3TDI3,1,PF00704
A0A1Y3U558,1,PF00704
A0A1Y3VF10,1,PS51910
A0A1Y3VHQ4,1,PF00704
A0A1Y3WGM6,1,PF00704
A0A1Y3WLQ6,1,PF00704
A0A1Y3WPF3,1,PF00704
A0A1Y3WSF4,1,PS51910
A0A1Y3X972,1,PS51910
A0A1Y3XKT5,1,PF00704
A0A1Y3XYE7,1,PF00704
A0A1Y4A6Q3,1,PF00704
A0A1Y4A9X0,1,PS51910
A0A1Y4AAD6,1,PS51910
A0A1Y4AL91,1,PS51910
A0A1Y4APY5,1,PS51910
A0A1Y4CBT5,1,PF00704
A0A1Y4CPG2,1,PF00704
A0A1Y4D4Y5,1,PF00704
A0A1Y4ERR0,1,PF00704
A0A1Y4EU18,1,PF00704
A0A1Y4FLG9,1,PF00704
A0A1Y4HWD4,1,PF00704
A0A1Y4IDL6,1,PF00704
A0A1Y4JCX0,1,PS51910
A0A1Y4L0H2,1,PF00704
A0A1Y4L6W6,1,PF00704
A0A1Y4LPJ4,1,PF00704
A0A1Y4MRQ6,1,PF00704
A0A1Y4NFL0,1,PF00704
A0A1Y4NI71,1,PF00704
A0A1Y4NIF7,1,PF00704
A0A1Y4NM55,1,PF00704
A0A1Y4R756,1,PF00704
A0A1Y4RHH9,1,PF00704
A0A1Y4RNZ8,1,PF00704
A0A1Y4RZN6,1,PF00704
A0A1Y4S079,1,PF00704
A0A1Y4SGS6,1,PF00704
A0A1Y4TUT2,1,PF00704
A0A1Y4UJP4,1,PF00704
A0A1Y4UKX8,1,PF00704
A0A1Y4VI08,1,PF00704
A0A1Y4VX35,1,PF00704
A0A1Y4WCH8,1,PF00704
A0A1Y4WQ64,1,PF00704
A0A1Y5H4N6,1,PF00704
A0A1Y5JUT2,1,PF00704
A0A1Y5JV18,1,PF00704
A0A1Y5JVW5,1,PF00704
A0A1Y5JYP9,1,PF00704
A0A1Y5K0Q9,1,PF00704
A0A1Y5K9S0,1,PF00704
A0A1Y5K9Z2,1,PF00704
A0A1Y5KIK3,1,PF00704
A0A1Y5PK69,1,PF00704
A0A1Y5PPX9,1,PF00704
A0A1Y5Q8F8,1,PF00704
A0A1Y5Q973,1,PF00704
A0A1Y5X541,1,PF00704
A0A1Y5XXC4,1,PF00704
A0A1Y5Y3J6,1,PF00704
A0A1Y5YA10,1,PF00704
A0A1Y5Z2K7,1,PF00704
A0A1Y5Z8C6,1,PF00704
A0A1Y5ZN91,1,PF00704
A0A1Y5ZQR0,1,PF00704
A0A1Y5ZZ00,1,PF00704
A0A1Y6BNJ0,1,PF00704
A0A1Y6BRI8,1,PF00704
A0A1Y6CA89,1,PF00704
A0A1Y6CYC3,1,PF00704
A0A1Y6E9W8,1,PF00704
A0A1Y6FJC8,1,PF00704
A0A1Y6G1N3,1,PF00704
A0A1Y6G1V4,1,PF00704
A0A1Y6G445,1,PF00704
A0A1Y6G8R7,1,PF00704
A0A1Y6GAR7,2,G3DSA:3.20.20.370
A0A1Y6GAR7,2,PF00704
A0A1Y6GY33,1,PF00704
A0A1Y6JDW8,1,PF00704
A0A1Y6KT76,1,PF00704
A0A1Y6KTE6,1,PF00704
A0A1Y6KUC8,2,PF00704
A0A1Y6KUC8,2,PF06483
A0A1Y6KW18,1,PF00704
A0A1Y6M6K0,1,PF00704
A0A1Y6M6Y7,1,PF00704
A0A1Y6M8G7,1,PF00704
A0A1Y6MAC2,1,PF00704
A0A1Y6MAE4,2,PF00704
A0A1Y6MAE4,2,PF06483
A0A1Y6MCM0,1,PF00704
A0A1Y6MEU5,1,PF00704
A0A1Z1W6L9,1,PF00704
A0A1Z1W6N7,1,PF00704
A0A1Z1WHX0,1,PF00704
A0A1Z1WIC0,1,PF00704
A0A1Z1WJA9,1,PF00704
A0A1Z1WK50,1,PF00704
A0A1Z1WP75,1,PS51910
A0A1Z1WQY8,1,PS51910
A0A1Z1WSI8,1,PF00704
A0A1Z2KWX2,1,PF00704
A0A1Z2L0M8,1,PF00704
A0A1Z2L1L3,1,PF00704
A0A1Z2LA28,1,PF00704
A0A1Z2LA97,1,PF00704
A0A1Z2LC56,1,PF00704
A0A1Z2XLI1,1,PF00704
A0A1Z2XVF1,1,PF00704
A0A1Z3MTI9,1,PF00704
A0A1Z4BY73,1,PF00704
A0A1Z5HQI1,1,PF00704
A0A1Z7M8Y2,1,PF00704
A0A1Z7YXJ3,1,PF00704
A0A1Z7ZYK0,1,PS51910
A0A1Z8KTJ4,1,PF00704
A0A1Z8MGT3,1,PF00704
A0A1Z8N4P1,1,PF00704
A0A1Z8NB79,1,PF00704
A0A1Z8SZ03,1,PF00704
A0A1Z8TYU5,1,PF00704
A0A1Z8YHA2,1,PF00704
A0A1Z8Z0W9,1,PF00704
A0A1Z8Z7Z7,1,PF00704
A0A1Z8ZBN1,1,PF00704
A0A1Z9BDX8,1,PF00704
A0A1Z9CD30,1,PF00704
A0A1Z9CEQ1,1,PF00704
A0A1Z9ERP3,1,PF00704
A0A1Z9J4S0,1,PF00704
A0A1Z9NC58,1,PF00704
A0A1Z9NED1,1,PF00704
A0A1Z9Q556,1,PF00704
A0A1Z9QDD0,1,PF00704
A0A1Z9SN61,1,PF00704
A0A1Z9SUZ4,1,PF00704
A0A200IV44,1,PF00704
A0A200J8P5,1,PF00704
A0A202B2W8,1,PF00704
A0A202B6A7,1,PF00704
A0A202BA44,1,PF00704
A0A202BEH7,1,PF00704
A0A202BFR7,1,PF00704
A0A202C0Y3,2,G3DSA:3.20.20.370
A0A202C0Y3,2,PF00704
A0A209B5A7,1,PF00704
A0A209B9F5,1,PF00704
A0A209B9H2,1,PF00704
A0A209BFV5,1,PF00704
A0A209BHU6,1,PS51910
A0A209BVI9,1,PF00704
A0A209BY89,1,PF00704
A0A209BZP8,1,PF00704
A0A209C4H6,1,PF00704
A0A209CD65,1,PF00704
A0A209CL23,1,PF00704
A0A209CL40,1,PF00704
A0A209D4V1,1,PF00704
A0A209D4Z3,1,PF00704
A0A209D674,1,PF00704
A0A209D6R1,1,PF00704
A0A212IJE7,1,PF00704
A0A212JJS9,1,PF00704
A0A212JV01,1,PF00704
A0A212JWZ6,1,PF00704
A0A212KLP0,1,PF00704
A0A212LSE8,1,PF00704
A0A212LV67,1,PF00704
A0A212LZ39,1,PF00704
A0A212QEK4,1,PF00704
A0A212QWV2,1,PF00704
A0A212RAY2,1,PF00704
A0A212RE57,1,PF00704
A0A212RUZ6,1,PF00704
A0A212SM59,1,PF00704
A0A212SM76,1,PF00704
A0A212STF5,1,PF00704
A0A212SV55,1,PF00704
A0A218QRE0,1,PF00704
A0A220MB13,1,PF00704
A0A220MEX2,1,PF00704
A0A220MHC9,1,PF00704
A0A220SDN0,1,PS51910
A0A220SFI8,2,G3DSA:3.20.20.370
A0A220SFI8,2,PF00704
A0A220SG28,1,PF00704
A0A220U0N8,1,PF00704
A0A220U170,1,PF00704
A0A220U7R3,1,PF00704
A0A220UJT6,1,PF00704
A0A221M7E1,1,PF00704
A0A221M7Z9,1,PF00704
A0A221NSH4,1,PF00704
A0A221NSN9,1,PS51910
A0A221NXS0,1,PS51910
A0A221P2A9,1,PF00704
A0A221P3J4,1,PF00704
A0A221P3P2,1,PF00704
A0A221P5F7,1,PF00704
A0A221VWP6,1,PS51910
A0A221W9F8,1,PF00704
A0A222EPU0,1,PF00704
A0A222FEX1,1,PF00704
A0A222FGM5,1,PF00704
A0A222P3A9,1,PF00704
A0A222SPU8,1,PS51910
A0A222SQ98,1,PF00704
A0A222SQS1,1,PF00704
A0A222T0G5,1,PF00704
A0A222T130,1,PF00704
A0A222T1L9,1,PS51910
A0A222T4V2,1,PF00704
A0A222TA02,1,PS51910
A0A222WJ34,1,PF00704
A0A222WQS6,1,PF00704
A0A222WUC9,1,PF00704
A0A222X9A1,1,PF00704
A0A223CZK3,1,PF00704
A0A223D0Q3,1,PF00704
A0A223D195,1,PF00704
A0A223D1K8,1,PF00704
A0A223D5Z5,1,PF00704
A0A223E7D8,1,PF00704
A0A223EAP3,1,PF00704
A0A223EB39,1,PF00704
A0A223EIJ2,1,PF00704
A0A223ENK5,1,PF00704
A0A223EQB0,1,PF00704
A0A223EQC5,1,PF00704
A0A223HVV7,1,PF00704
A0A223I1T1,1,PF00704
A0A223I239,1,PF00704
A0A223KPZ2,1,PF00704
A0A223KRA4,1,PF00704
A0A223KY64,1,PF00704
A0A223N0Z7,1,PF00704
A0A223N226,2,PF00704
A0A223N226,2,PF06483
A0A223N3L4,1,PF00704
A0A223NZ96,1,PF00704
A0A223P1S3,2,G3DSA:3.20.20.370
A0A223P1S3,2,PF00704
A0A223RRA3,1,PF00704
A0A223SAU6,1,PF00704
A0A223SBN2,1,PF00704
A0A223SE21,1,PF00704
A0A223UD69,1,PF00704
A0A225DFT9,1,PF00704
A0A225DYN0,1,PF00704
A0A226GU22,2,PF00704
A0A226H4X3,1,PF00704
A0A226H8B5,1,PF00704
A0A226HQY9,1,PF00704
A0A226I0A3,2,G3DSA:3.20.20.370
A0A226I0A3,2,PF00704
A0A226I4U0,1,PF00704
A0A226Q6H0,1,PF00704
A0A226QCR0,1,PF00704
A0A226QLC1,1,PF00704
A0A226QLP5,1,PF00704
A0A227HHI3,1,PF00704
A0A227IYW4,1,PF00704
A0A227IZG6,1,PF00704
A0A227J3J4,1,PF00704
A0A227J6H6,1,PF00704
A0A227J6K5,1,PF00704
A0A227J966,1,PS51910
A0A227JAC0,1,PF00704
A0A227JEL9,1,PF00704
A0A227NJH6,1,PF00704
A0A227NSX8,2,PF00704
A0A227P2I7,2,G3DSA:3.20.20.370
A0A227P2I7,2,PF00704
A0A227PHF5,1,PF00704
A0A228K8X3,1,PF00704
A0A229GIK8,1,PS51910
A0A229GZ04,1,PF00704
A0A229H9P4,1,PF00704
A0A229HKP3,1,PF00704
A0A229HKT3,1,PF00704
A0A229NV72,1,PF00704
A0A229NWD9,1,PF00704
A0A229NWH1,1,PF00704
A0A229P2P5,1,PF00704
A0A229QZW5,1,PS51910
A0A229R2L5,1,PF00704
A0A229R4E3,1,PF00704
A0A229R9B9,1,PF00704
A0A229RA20,1,PS51910
A0A229RBC6,1,PF00704
A0A229RDE9,1,PF00704
A0A229RF68,1,PF00704
A0A229RF73,1,PS51910
A0A229RFN0,1,PF00704
A0A229RMX9,1,PF00704
A0A229RQ89,1,PF00704
A0A229RSD7,1,PF00704
A0A229S682,1,PF00704
A0A229S830,1,PF00704
A0A229SBX1,1,PS51910
A0A229SDG7,1,PF00704
A0A229SIH8,1,PF00704
A0A229STS4,1,PF00704
A0A229SX19,1,PF00704
A0A229SZ91,1,PF00704
A0A229T0X5,1,PF00704
A0A229T2J5,1,PS51910
A0A229T631,1,PF00704
A0A229T8W5,1,PF00704
A0A229TKN8,1,PS51910
A0A229TL83,1,PF00704
A0A229UK49,1,PF00704
A0A229UKI1,1,PF00704
A0A229UKM2,1,PF00704
A0A229UXQ2,1,PF00704
A0A229UXU0,1,PF00704
A0A231PBV0,1,PF00704
A0A231PD81,1,PF00704
A0A231PGU0,1,PF00704
A0A231QZ81,1,PF00704
A0A231R3Z5,1,PF00704
A0A231R8P6,1,PF00704
A0A231RHT9,1,PF00704
A0A231RQ10,1,PF00704
A0A231RQB0,1,PF00704
A0A231VEW7,1,PF00704
A0A231VIB6,1,PF00704
A0A231VIC5,1,PF00704
A0A231VK63,1,PF00704
A0A231VMC5,1,PF00704
A0A231VNP9,1,PF00704
A0A232RCQ2,1,PF00704
A0A233HDG4,1,PF00704
A0A233HK24,2,PF00704
A0A233HK24,2,PF06483
A0A233HKI1,1,PF00704
A0A233HPE3,1,PF00704
A0A233S4A2,1,PF00704
A0A233S4W5,1,PF00704
A0A233S845,1,PS51910
A0A233SEF3,1,PF00704
A0A233SH68,1,PS51910
A0A233SNK8,1,PF00704
A0A233SRN1,1,PF00704
A0A233SWZ2,1,PS51910
A0A234S2A5,1,PF00704
A0A235ACN0,1,PF00704
A0A235B1H0,1,PF00704
A0A235B1S8,1,PF00704
A0A235B3S2,1,PF00704
A0A235B945,1,PF00704
A0A235BEE4,1,PF00704
A0A235F407,1,PF00704
A0A235FBD4,1,PF00704
A0A238U6J5,1,PF00704
A0A238UMT2,1,PF00704
A0A238V4Q4,1,PF00704
A0A238V5E7,1,PS51910
A0A238VRH2,1,PF00704
A0A238VWT3,1,PF00704
A0A238W9N3,1,PF00704
A0A238WDB8,1,PF00704
A0A238WIB4,1,PF00704
A0A238WN93,1,PF00704
A0A238X3Z5,1,PF00704
A0A238ZIG1,1,PS51910
A0A238ZLK4,2,PF00704
A0A238ZWQ9,1,PS51910
A0A239A7G5,1,PF00704
A0A239A8Y9,1,PF00704
A0A239AL41,1,PF00704
A0A239ATE7,1,PS51910
A0A239CLC5,1,PF00704
A0A239CSG9,1,PF00704
A0A239D9K8,1,PS51910
A0A239EMX6,2,G3DSA:3.20.20.370
A0A239EMX6,2,PF00704
A0A239EY38,1,PF00704
A0A239F5I2,1,PF00704
A0A239FFN0,1,PF00704
A0A239FGC3,1,PF00704
A0A239FH85,1,PS51910
A0A239FPB5,1,PF00704
A0A239FSV0,1,PS51910
A0A239FWQ1,1,PF00704
A0A239FWZ5,1,PS51910
A0A239GFL0,1,PS51910
A0A239GFP6,1,PF00704
A0A239GFX5,1,PF00704
A0A239HFU3,1,PF00704
A0A239HIA5,1,PF00704
A0A239HX96,1,PF00704
A0A239JCB7,1,PF00704
A0A239JN04,1,PF00704
A0A239JNA0,1,PF00704
A0A239K5F2,1,PF00704
A0A239K7L0,1,PS51910
A0A239L1E5,1,PF00704
A0A239LML3,1,PF00704
A0A239M921,1,PF00704
A0A239MZS0,1,PF00704
A0A239NA82,1,PF00704
A0A239NEC6,1,PF00704
A0A239PB16,1,PF00704
A0A239QFU2,1,PF00704
A0A239SJY4,1,PF00704
A0A239TAA0,1,PF00704
A0A239Z3U2,1,PF00704
A0A240A944,1,PF00704
A0A240BK97,1,PF00704
A0A240C7E2,1,PF00704
A0A240EH72,1,PF00704
A0A240EKI6,1,PS51910
A0A240EMU0,1,PF00704
A0A240EQ73,1,PF00704
A0A240ER74,2,PF00704
A0A240ER74,2,PF06483
A0A241QLT8,1,PF00704
A0A242AS13,1,PF00704
A0A242BD15,1,PF00704
A0A242BL61,1,PF00704
A0A242CCV0,1,PF00704
A0A242CE43,1,PF00704
A0A242DK55,1,PF00704
A0A242DZJ3,1,PF00704
A0A242JYP9,2,PF00704
A0A242K175,1,PF00704
A0A242K2Z1,1,PF00704
A0A242L1F1,1,PF00704
A0A242L1F3,1,PF00704
A0A242LKB5,1,PS51910
A0A242LMT8,1,PF00704
A0A242LMW5,1,PF00704
A0A242VZN5,1,PF00704
A0A242W123,1,PS51910
A0A242WB90,1,PF00704
A0A242WBW2,2,G3DSA:3.20.20.370
A0A242WBW2,2,PF00704
A0A242WEP3,1,PF00704
A0A242YZI0,1,PF00704
A0A242Z6M3,1,PF00704
A0A242ZBS5,1,PF00704
A0A242ZLC4,2,G3DSA:3.20.20.370
A0A242ZLC4,2,PF00704
A0A243AI62,1,PF00704
A0A243ANB3,1,PF00704
A0A243AZI2,2,G3DSA:3.20.20.370
A0A243AZI2,2,PF00704
A0A243B040,1,PF00704
A0A243BBS5,1,PF00704
A0A243BHL4,1,PF00704
A0A243CSL8,1,PF00704
A0A243CU37,2,G3DSA:3.20.20.370
A0A243CU37,2,PF00704
A0A243D0M8,1,PF00704
A0A243D290,1,PF00704
A0A243GH40,1,PF00704
A0A243GLM2,1,PF00704
A0A243GMI3,1,PF00704
A0A243GQ49,2,G3DSA:3.20.20.370
A0A243GQ49,2,PF00704
A0A243Q9N2,1,PF00704
A0A243RAW3,1,PF00704
A0A243RDK2,1,PF00704
A0A243RFI0,1,PF00704
A0A243RHB4,1,PF00704
A0A243RHE0,1,PF00704
A0A243RJ81,1,PS51910
A0A243S4X0,1,PF00704
A0A243S4Z6,1,PF00704
A0A243W8F5,1,PF00704
A0A244CV32,1,PF00704
A0A244CW39,1,PF00704
A0A244EQD4,1,PF00704
A0A246AAR0,1,PF00704
A0A246AJV0,2,G3DSA:3.20.20.370
A0A246AJV0,2,PF00704
A0A246E4I4,1,PF00704
A0A246HMK4,1,PF00704
A0A246HQR3,1,PF00704
A0A246I7I6,1,PF00704
A0A246IEI3,1,PF00704
A0A246JKN5,1,PF00704
A0A246JP15,1,PF00704
A0A246KZP8,1,PF00704
A0A246L1C6,1,PF00704
A0A246PMY3,1,PF00704
A0A246PPM5,1,PF00704
A0A246PS66,1,PF00704
A0A246RFN4,1,PF00704
A0A246RQ89,1,PF00704
A0A246RRN4,1,PS51910
A0A248JPN6,1,PS51910
A0A248K409,1,PF00704
A0A248KDA1,1,PF00704
A0A248THR0,1,PF00704
A0A248VLS9,1,PF00704
A0A248YRK8,1,PF00704
A0A248YSZ9,1,PS51910
A0A249JYV9,1,PF00704
A0A249KAC0,1,PF00704
A0A249KFF8,1,PF00704
A0A249KRY9,1,PF00704
A0A249L523,1,PF00704
A0A249LGM1,1,PF00704
A0A249SNS8,1,PF00704
A0A249SU51,2,PF00704
A0A249SW59,1,PF00704
A0A249SXE4,1,PF00704
A0A249SXG3,1,PS51910
A0A249SXG5,1,PS51910
A0A249SYL4,1,PS51910
A0A249T0A8,1,PF00704
A0A249T0K4,1,PF00704
A0A249T0M6,1,PS51910
A0A249VZ45,1,PF00704
A0A249W0K0,1,PF00704
A0A249W3Z8,1,PF00704
A0A250IG18,1,PF00704
A0A250IHR6,1,PF00704
A0A250IHY6,1,PF00704
A0A250II21,1,PF00704
A0A250IKF8,1,PF00704
A0A250INA6,1,PF00704
A0A250IQX6,1,PF00704
A0A250IS65,1,PF00704
A0A250IV57,1,PF00704
A0A250IV65,1,PF00704
A0A250IWN3,1,PF00704
A0A250J0G2,1,PF00704
A0A250J3I2,1,PF00704
A0A250J423,1,PF00704
A0A250J652,1,PF00704
A0A250JBU0,1,PF00704
A0A250JGP2,1,PF00704
A0A250JI50,1,PF00704
A0A250JPB7,1,PF00704
A0A250JQL1,1,PF00704
A0A250JR75,1,PF00704
A0A250JS49,1,PF00704
A0A250JTX1,1,PF00704
A0A250V3C3,3,PS51910
A0A250V3C3,3,SSF51445
A0A250V5Y6,1,PF00704
A0A250V7F6,1,PF00704
A0A250VAC6,1,PF00704
A0A250VB46,1,PF00704
A0A250VBH3,1,PF00704
A0A250VM25,1,PF00704
A0A250VP45,1,PS51910
A0A250VQY0,1,PF00704
A0A250VWN1,1,PS51910
A0A251Y9K4,1,PF00704
A0A252CEH1,1,PF00704
A0A252E1J0,1,PF00704
A0A252E6E5,1,PF00704
A0A252EAW1,1,PF00704
A0A254MZ89,1,PF00704
A0A254N3U8,1,PF00704
A0A254N966,1,PF00704
A0A254NF32,1,PF00704
A0A254NHV9,1,PF00704
A0A254NPP0,1,PF00704
A0A254QGI3,2,G3DSA:3.20.20.370
A0A254QGI3,2,PF00704
A0A254RCB1,1,PF00704
A0A254RCT9,1,PF00704
A0A254RME4,1,PF00704
A0A254RUX9,1,PF00704
A0A254RWX8,1,PF00704
A0A254S5T2,1,PF00704
A0A254S704,1,PF00704
A0A254SLT1,1,PF00704
A0A254SME0,1,PF00704
A0A254SR37,1,PF00704
A0A254SWV6,1,PF00704
A0A255DTU8,1,PF00704
A0A255I3V8,1,PF00704
A0A255ID80,1,PF00704
A0A255PGL0,1,PF00704
A0A255PHA2,1,PF00704
A0A255PHK8,1,PF00704
A0A255PNI6,1,PF00704
A0A255PNY9,1,PS51910
A0A255PRA6,1,PF00704
A0A255RES0,1,PF00704
A0A256WDA2,1,PF00704
A0A256WI37,1,PF00704
A0A256XQF5,1,PF00704
A0A256ZBF2,1,PF00704
A0A257CW11,1,PF00704
A0A257G6N1,2,G3DSA:3.20.20.370
A0A257G6N1,2,PS51910
A0A257G6N7,2,G3DSA:3.20.20.370
A0A257G6N7,2,PF00704
A0A257I0N1,2,G3DSA:3.20.20.370
A0A257I0N1,2,PF00704
A0A257IV49,1,PF00704
A0A257L7D1,1,PF00704
A0A257LU27,1,PF00704
A0A257Q022,1,PF00704
A0A257RQZ4,1,PF00704
A0A257W369,2,G3DSA:3.20.20.370
A0A257W369,2,PF00704
A0A257Z424,1,PF00704
A0A258DS93,1,PF00704
A0A258ERV1,1,PS51910
A0A258HY96,2,G3DSA:3.20.20.370
A0A258HY96,2,PF00704
A0A258IGJ4,1,PF00704
A0A258J0G9,1,PF00704
A0A258J1N2,1,PF00704
A0A258JVP1,1,PF00704
A0A258JW60,1,PF00704
A0A258JZQ2,1,PF00704
A0A258K1C8,1,PF00704
A0A258KDX7,1,PF00704
A0A258MWD1,1,PF00704
A0A258N1R3,1,PF00704
A0A258RTV1,2,G3DSA:3.20.20.370
A0A258RTV1,2,PS51910
A0A258RXC4,2,G3DSA:3.20.20.370
A0A258RXC4,2,PS51910
A0A258SA01,2,G3DSA:3.20.20.370
A0A258SA01,2,PF00704
A0A258SND6,1,PF00704
A0A258TJ51,2,G3DSA:3.20.20.370
A0A258TJ51,2,PS51910
A0A258UFA0,2,G3DSA:3.20.20.370
A0A258UFA0,2,PF00704
A0A258WMQ0,1,PF00704
A0A258WMU9,1,PF00704
A0A258YKJ7,2,G3DSA:3.20.20.370
A0A258YKJ7,2,PF00704
A0A258YM33,2,G3DSA:3.20.20.370
A0A258YM33,2,PF00704
A0A258ZM83,1,PS51910
A0A258ZWP1,1,PF00704
A0A259A2Q9,1,PF00704
A0A259CDH0,2,PF00704
A0A259CDH0,2,PS51910
A0A259HZB8,2,G3DSA:3.20.20.370
A0A259HZB8,2,PF00704
A0A259KVE5,1,PF00704
A0A259LFL8,1,PF00704
A0A259SWU6,1,PF00704
A0A259SZG8,1,PF00704
A0A259SZY2,1,PF00704
A0A259TMV1,1,PF00704
A0A259TN25,1,PF00704
A0A259U681,1,PF00704
A0A261GMF8,1,PF00704
A0A261Q5N5,1,PF00704
A0A263BT13,1,PF00704
A0A263BUC4,1,PF00704
A0A263D642,1,PF00704
A0A263NTY9,1,PF00704
A0A265BCT1,1,PF00704
A0A265N5Q7,1,PF00704
A0A265N5V4,1,PF00704
A0A265NCH5,1,PF00704
A0A265Q2I7,1,PF00704
A0A265Q6C8,1,PF00704
A0A266Q2X3,1,PF00704
A0A266Q3L3,1,PF00704
A0A266Q994,1,PF00704
A0A266Q9Z0,1,PF00704
A0A267ME34,1,PF00704
A0A267MGG8,1,PF00704
A0A267MGS3,1,PF00704
A0A267MHS4,1,PF00704
A0A267MI60,1,PF00704
A0A267WL81,1,PS51910
A0A268A710,1,PF00704
A0A268ADQ8,1,PF00704
A0A268BRM5,1,PF00704
A0A268EMM4,1,PF00704
A0A268EPU2,1,PF00704
A0A268EW71,1,PF00704
A0A268H8B4,1,PF00704
A0A268HEX8,1,PF00704
A0A268JAC1,2,G3DSA:3.20.20.370
A0A268JAC1,2,PF00704
A0A268JAW1,1,PF00704
A0A268JPN8,1,PF00704
A0A268JUH0,1,PF00704
A0A268KBX8,1,PF00704
A0A268KC54,1,PF00704
A0A268NTD9,1,PF00704
A0A268NZ90,1,PF00704
A0A268RXK0,1,PF00704
A0A268S140,1,PF00704
A0A269PTB8,1,PF00704
A0A269PTN8,1,PF00704
A0A269VXX2,1,PF00704
A0A269VYQ6,1,PF00704
A0A269VZ17,1,PF00704
A0A270NGD4,1,PF00704
A0A270NLW0,1,PF00704
A0A271M502,1,PF00704
A0A271VP81,2,PF00704
A0A271VP81,2,PF06483
A0A271VTL4,1,PF00704
A0A271VV35,1,PF00704
A0A271VX16,2,G3DSA:2.60.40.10:FF:002602
A0A271VX16,2,PF00704
A0A271VYK4,2,G3DSA:2.10.10.20:FF:000001
A0A271VYK4,2,PF00704
A0A284VLD7,1,PF00704
A0A284VQY2,1,PF00704
A0A285AUL1,1,PF00704
A0A285AUM8,1,PF00704
A0A285AUM9,1,PF00704
A0A285AUQ1,1,PF00704
A0A285AUT4,1,PF00704
A0A285B2G4,1,PF00704
A0A285BIB6,1,PF00704
A0A285BIQ3,1,PF00704
A0A285BIQ5,1,PF00704
A0A285BPU0,1,PF00704
A0A285C0A8,1,PS51910
A0A285C915,1,PF00704
A0A285C9M1,1,PF00704
A0A285CC43,1,PS51910
A0A285CI26,1,PF00704
A0A285CME5,1,PF00704
A0A285CMY7,1,PF00704
A0A285CYU8,1,PF00704
A0A285D757,1,PF00704
A0A285D7F5,1,PF00704
A0A285FB84,1,PF00704
A0A285FBH4,1,PF00704
A0A285HAQ2,1,PF00704
A0A285HE23,1,PF00704
A0A285I7Z5,1,PF00704
A0A285IME9,1,PF00704
A0A285JI14,1,PF00704
A0A285JZI1,1,PF00704
A0A285JZK6,1,PF00704
A0A285KA80,1,PF00704
A0A285KP28,1,PF00704
A0A285MBK4,1,PF00704
A0A285MY51,1,PF00704
A0A285P8H4,1,PF00704
A0A285QEL4,1,PF00704
A0A285QFZ7,1,PF00704
A0A285QKH6,1,PF00704
A0A285QPV7,1,PF00704
A0A285QPW3,1,PF00704
A0A285QR08,1,PF00704
A0A285QXJ1,1,PF00704
A0A285R4H1,1,PS51910
A0A285RT26,1,PF00704
A0A285RX64,1,PF00704
A0A285S162,1,PF00704
A0A285SMQ7,1,PF00704
A0A285T8W2,1,PF00704
A0A285TNM5,1,PF00704
A0A285UBT0,1,PF00704
A0A285UDP9,1,PF00704
A0A285UJZ6,1,PF00704
A0A285UP96,1,PF00704
A0A285XRM3,1,PF00704
A0A285XSS9,1,PF00704
A0A285XSV7,1,PF00704
A0A285ZQD3,1,PF00704
A0A285ZS40,1,PF00704
A0A285ZS51,1,PF00704
A0A285ZS65,1,PF00704
A0A285ZS97,1,PF00704
A0A286A106,1,PF00704
A0A286ADK6,1,PF00704
A0A286CC48,1,PF00704
A0A286CMK0,1,PF00704
A0A286CNS2,1,PF00704
A0A286D7P7,1,PF00704
A0A286DL54,1,PF00704
A0A286DU86,1,PF00704
A0A286EVS9,1,PF00704
A0A286FGF4,1,PF00704
A0A286FI46,1,PF00704
A0A286FKJ1,1,PF00704
A0A286FLJ2,1,PF00704
A0A286FSV0,1,PS51910
A0A286FUA4,1,PF00704
A0A286FYP9,1,PF00704
A0A286GVP5,1,PF00704
A0A286HGM7,1,PS51910
A0A286HIK2,1,PS51910
A0A286IP07,1,PF00704
A0A286QZ45,1,PF00704
A0A289GAT0,1,PF00704
A0A289GG65,1,PF00704
A0A289GG85,2,PF00704
A0A289GG85,2,PF06483
A0A290TYF4,1,PF00704
A0A290WUM5,1,PF00704
A0A290X412,1,PF00704
A0A290X4E2,1,PF00704
A0A290Z1L9,1,PF00704
A0A290Z8B9,1,PF00704
A0A290ZDN7,1,PF00704
A0A290ZDR3,1,PS51910
A0A291BF08,1,PF00704
A0A291DZP2,1,PF00704
A0A291FHA4,2,PF00704
A0A291FHA4,2,SSF51445
A0A291GVT7,1,PF00704
A0A291Q2N5,1,PF00704
A0A291Q306,1,PF00704
A0A291Q350,1,PF00704
A0A291Q3I1,1,PF00704
A0A291Q415,1,PF00704
A0A291QFB6,1,PF00704
A0A291QFX2,1,PF00704
A0A291QH51,1,PF00704
A0A291QJM9,1,PF00704
A0A291QK63,1,PS51910
A0A291QLA9,1,PF00704
A0A291QMQ0,1,PF00704
A0A291QPC6,1,PF00704
A0A291QZ96,1,PF00704
A0A291QZE9,1,PF00704
A0A291QZJ2,1,PF00704
A0A291R911,1,PF00704
A0A291R923,1,PF00704
A0A291R925,1,PF00704
A0A291R930,1,PF00704
A0A291RIJ0,1,PS51910
A0A291RNQ5,1,PF00704
A0A291RQ04,1,PF00704
A0A291SW16,1,PF00704
A0A291SWA5,1,PF00704
A0A291SXM6,1,PS51910
A0A291T167,1,PF00704
A0A291TEF4,1,PF00704
A0A291TEH7,1,PF00704
A0A291TM74,1,PF00704
A0A291TPY4,1,PF00704
A0A292GP67,1,PF00704
A0A292YL86,1,PF00704
A0A292YM84,1,PF00704
A0A293NHT9,1,PF00704
A0A2A2CY67,1,PF00704
A0A2A2CYT1,1,PF00704
A0A2A2D4A7,1,PF00704
A0A2A2D5S2,1,PF00704
A0A2A2D652,1,PF00704
A0A2A2D6L2,1,PF00704
A0A2A2DBC1,1,PF00704
A0A2A2GB82,1,PF00704
A0A2A2IA52,1,PF00704
A0A2A2IFM1,1,PF00704
A0A2A2IKR6,1,PF00704
A0A2A2MWM0,1,PF00704
A0A2A2MZC1,1,PF00704
A0A2A2N0I1,1,PF00704
A0A2A2N4E1,1,PF00704
A0A2A2N6M6,1,PF00704
A0A2A2N711,2,PF00704
A0A2A2N711,2,PF06483
A0A2A2ND82,1,PF00704
A0A2A2PFA9,1,PF00704
A0A2A2S094,2,G3DSA:3.20.20.370
A0A2A2S094,2,PF00704
A0A2A2S490,1,PF00704
A0A2A2S7E3,1,PS51910
A0A2A2THR6,2,G3DSA:3.20.20.370
A0A2A2THR6,2,PF00704
A0A2A2URY7,1,PF00704
A0A2A2V085,1,PF00704
A0A2A2V2G0,1,PF00704
A0A2A2V3C8,1,PF00704
A0A2A2XYI5,1,PF00704
A0A2A2Y9U9,1,PF00704
A0A2A3GWJ9,1,PS51910
A0A2A3GX79,1,PF00704
A0A2A3GYX3,1,PF00704
A0A2A3GZG9,1,PF00704
A0A2A3H5P7,1,PF00704
A0A2A3H5U2,1,PS51910
A0A2A3HAU0,1,PF00704
A0A2A3HDD4,1,PF00704
A0A2A3HW91,1,PF00704
A0A2A3IYY5,1,PS51910
A0A2A3J0H4,1,PS51910
A0A2A3J143,3,PS51910
A0A2A3J143,3,SSF51445
A0A2A3J4W4,1,PF00704
A0A2A3J4W8,1,PF00704
A0A2A3J8C6,1,PF00704
A0A2A3JA86,1,PF00704
A0A2A3JE12,1,PS51910
A0A2A3JF58,1,PF00704
A0A2A3JHL1,1,PF00704
A0A2A3JL92,1,PS51910
A0A2A3Y1B3,1,PF00704
A0A2A3Y5B5,1,PF00704
A0A2A3YJ17,1,PF00704
A0A2A4EBT5,1,PF00704
A0A2A4EV00,1,PF00704
A0A2A4EXV6,1,PF00704
A0A2A4FE26,1,PF00704
A0A2A4FK31,1,PF00704
A0A2A4FPH4,1,PF00704
A0A2A4FZ17,2,G3DSA:3.20.20.370
A0A2A4FZ17,2,PF00704
A0A2A4G9B3,1,PF00704
A0A2A4GB72,1,PF00704
A0A2A4GFN2,1,PF00704
A0A2A4GI07,1,PF00704
A0A2A4GK66,1,PF00704
A0A2A4HYQ3,2,G3DSA:3.20.20.370
A0A2A4HYQ3,2,PF00704
A0A2A4I594,2,G3DSA:3.20.20.370
A0A2A4I594,2,PF00704
A0A2A4KFK7,1,PF00704
A0A2A4KI12,1,PF00704
A0A2A4KN68,1,PF00704
A0A2A4KQL8,1,PF00704
A0A2A4KRW2,1,PS51910
A0A2A4KUG9,1,PF00704
A0A2A4QZR8,1,PF00704
A0A2A4TM60,1,PF00704
A0A2A4TR26,1,PF00704
A0A2A4X9T6,1,PS51910
A0A2A4YDP2,1,PS51910
A0A2A4ZYB6,1,PF00704
A0A2A5B1P4,1,PF00704
A0A2A5DE18,1,PF00704
A0A2A5G046,1,PF00704
A0A2A5HCA2,1,PF00704
A0A2A5HHA2,1,PF00704
A0A2A5HSY9,1,PF00704
A0A2A5IZK2,1,PF00704
A0A2A5IZZ8,1,PF00704
A0A2A5J2H7,1,PF00704
A0A2A5JL46,1,PF00704
A0A2A5JNX9,1,PF00704
A0A2A5JP28,1,PF00704
A0A2A5JQK2,1,PF00704
A0A2A5JQM6,1,PF00704
A0A2A5MIH0,1,PF00704
A0A2A5NQG4,1,PF00704
A0A2A5QYP9,1,PF00704
A0A2A5QYS0,1,PF00704
A0A2A5QYT1,1,PF00704
A0A2A5SFH9,1,PF00704
A0A2A5STI3,1,PF00704
A0A2A6DCW1,1,PF00704
A0A2A6DWD5,1,PF00704
A0A2A6RJL3,1,PF00704
A0A2A7BL51,1,PS51910
A0A2A7BQP5,1,PF00704
A0A2A7BRF9,2,G3DSA:3.20.20.370
A0A2A7BRF9,2,PF00704
A0A2A7BUA2,1,PF00704
A0A2A7D3L0,2,G3DSA:3.20.20.370
A0A2A7D3L0,2,PF00704
A0A2A7D3Z6,1,PF00704
A0A2A7DEN7,1,PF00704
A0A2A7DER2,1,PF00704
A0A2A7E7Y4,1,PF00704
A0A2A7E9N9,1,PF00704
A0A2A7E9S5,2,G3DSA:3.20.20.370
A0A2A7E9S5,2,PF00704
A0A2A7EDP2,1,PF00704
A0A2A7HER7,1,PF00704
A0A2A7HS27,2,G3DSA:3.20.20.370
A0A2A7HS27,2,PF00704
A0A2A7I1F7,1,PF00704
A0A2A7SEL0,1,PF00704
A0A2A7VZR4,2,G3DSA:3.20.20.370
A0A2A7VZR4,2,PF00704
A0A2A7WUA3,1,PF00704
A0A2A7XVX2,1,PF00704
A0A2A8AR87,1,PF00704
A0A2A8AX32,1,PF00704
A0A2A8BG10,1,PF00704
A0A2A8BL08,1,PS51910
A0A2A8BLU8,2,G3DSA:3.20.20.370
A0A2A8BLU8,2,PF00704
A0A2A8BQJ3,1,PF00704
A0A2A8CEY0,1,PF00704
A0A2A8H9S2,1,PF00704
A0A2A8HAW0,2,G3DSA:3.20.20.370
A0A2A8HAW0,2,PF00704
A0A2A8HFY0,1,PF00704
A0A2A8LR90,2,G3DSA:3.20.20.370
A0A2A8LR90,2,PF00704
A0A2A8PW19,1,PF00704
A0A2A8S9E7,1,PF00704
A0A2A8UPI4,1,PF00704
A0A2A8V0R0,1,PF00704
A0A2A8V2Y4,1,PF00704
A0A2A8V8W4,2,G3DSA:3.20.20.370
A0A2A8V8W4,2,PF00704
A0A2A8XXR9,1,PF00704
A0A2A8ZYF7,1,PF00704
A0A2A9A6V8,1,PF00704
A0A2A9CGA4,1,PF00704
A0A2A9CKU2,1,PF00704
A0A2A9CM53,1,PF00704
A0A2A9CM63,1,PF00704
A0A2A9E7T2,1,PF00704
A0A2A9EYB6,1,PF00704
A0A2A9F1V3,1,PF00704
A0A2A9F209,1,PF00704
A0A2A9F6F2,1,PF00704
A0A2A9F707,1,PF00704
A0A2A9FGG1,1,PS51910
A0A2A9FVX4,1,PF00704
A0A2A9G4H8,1,PF00704
A0A2A9G4Q1,1,PF00704
A0A2A9G6K0,2,PF00704
A0A2A9G6K0,2,PF06483
A0A2A9HF90,1,PF00704
A0A2A9HTE2,1,PF00704
A0A2A9K9K8,1,PF00704
A0A2A9KFF6,1,PF00704
A0A2A9KJU7,1,PF00704
A0A2A9KJZ5,1,PF00704
A0A2A9KKX2,1,PF00704
A0A2B0LTE0,1,PF00704
A0A2B0MCE5,2,G3DSA:3.20.20.370
A0A2B0MCE5,2,PF00704
A0A2B0TWW9,1,PF00704
A0A2B0WKC0,2,G3DSA:3.20.20.370
A0A2B0WKC0,2,PF00704
A0A2B0X134,1,PS51910
A0A2B0Y0B7,1,PF00704
A0A2B0Y307,1,PF00704
A0A2B0YAE2,1,PF00704
A0A2B1KDC9,1,PF00704
A0A2B2BQ26,1,PF00704
A0A2B2C3G9,1,PF00704
A0A2B2C667,1,PF00704
A0A2B2C8H4,2,G3DSA:3.20.20.370
A0A2B2C8H4,2,PF00704
A0A2B2CA46,1,PF00704
A0A2B2CGH7,1,PF00704
A0A2B2ERC6,1,PF00704
A0A2B2LN01,1,PF00704
A0A2B2LW36,1,PF00704
A0A2B3U849,1,PF00704
A0A2B3ZEP3,1,PF00704
A0A2B3ZVG5,2,G3DSA:3.20.20.370
A0A2B3ZVG5,2,PF00704
A0A2B4EDQ6,2,G3DSA:3.20.20.370
A0A2B4EDQ6,2,PF00704
A0A2B4EFD9,1,PF00704
A0A2B4EGH5,1,PF00704
A0A2B4FLU4,1,PF00704
A0A2B4ML98,2,G3DSA:3.20.20.370
A0A2B4ML98,2,PF00704
A0A2B4MP76,1,PF00704
A0A2B5CA13,1,PF00704
A0A2B5F366,1,PF00704
A0A2B5IX15,1,PF00704
A0A2B5J4W2,1,PF00704
A0A2B5W3F0,1,PF00704
A0A2B5XLI4,1,PF00704
A0A2B5XYP2,1,PF00704
A0A2B5Y0F7,1,PF00704
A0A2B6R9B0,1,PF00704
A0A2B7VV88,2,G3DSA:3.20.20.370
A0A2B7VV88,2,PF00704
A0A2B8ASZ7,1,PF00704
A0A2B8ATF2,1,PF00704
A0A2B8T7J6,1,PF00704
A0A2B9D695,1,PF00704
A0A2B9DGB5,1,PF00704
A0A2B9E2U2,1,PF00704
A0A2B9PIB0,1,PF00704
A0A2C0ZAA5,1,PF00704
A0A2C0ZR01,1,PF00704
A0A2C1CSV6,2,G3DSA:3.20.20.370
A0A2C1CSV6,2,PF00704
A0A2C1DT31,1,PF00704
A0A2C1ESY5,1,PF00704
A0A2C1K1G4,1,PF00704
A0A2C1K3L9,1,PF00704
A0A2C1K998,1,PF00704
A0A2C1KT09,2,G3DSA:3.20.20.370
A0A2C1KT09,2,PF00704
A0A2C1LG37,2,G3DSA:3.20.20.370
A0A2C1LG37,2,PF00704
A0A2C1Y896,1,PF00704
A0A2C1YER2,1,PF00704
A0A2C1YQW1,2,G3DSA:3.20.20.370
A0A2C1YQW1,2,PF00704
A0A2C1Z8G3,1,PF00704
A0A2C1Z8V7,1,PF00704
A0A2C1ZFA0,1,PF00704
A0A2C2ULZ4,1,PF00704
A0A2C2UUV2,1,PF00704
A0A2C2UUW2,2,G3DSA:3.20.20.370
A0A2C2UUW2,2,PF00704
A0A2C2UWT0,1,PF00704
A0A2C2V0L8,1,PF00704
A0A2C2V4F1,1,PF00704
A0A2C2VIC7,1,PF00704
A0A2C4A4M5,1,PF00704
A0A2C4E2I9,1,PF00704
A0A2C4H760,1,PF00704
A0A2C4H7I6,1,PS51910
A0A2C4LE96,1,PF00704
A0A2C4NV52,1,PS51910
A0A2C4Q0I5,1,PF00704
A0A2C4Q589,2,G3DSA:3.20.20.370
A0A2C4Q589,2,PF00704
A0A2C4QGC9,1,PF00704
A0A2C4QVV1,2,G3DSA:3.20.20.370
A0A2C4QVV1,2,PF00704
A0A2C4VXU1,1,PF00704
A0A2C5GN61,2,G3DSA:3.20.20.370
A0A2C5GN61,2,PF00704
A0A2C5IHZ0,1,PF00704
A0A2C5KAU4,1,PF00704
A0A2C5MWY0,1,PF00704
A0A2C5WB95,1,PF00704
A0A2C6E3J4,1,PF00704
A0A2C6E6C5,1,PF00704
A0A2C6E9K7,1,PF00704
A0A2C6EA20,1,PF00704
A0A2C6EBG3,1,PF00704
A0A2C6MH47,1,PF00704
A0A2C9A5Y5,1,PF00704
A0A2C9A828,1,PF00704
A0A2C9EHH4,1,PF00704
A0A2C9EJS3,1,PF00704
A0A2C9P0M4,1,PS51910
A0A2C9P0Q8,1,PS51910
A0A2C9P3X1,1,PF00704
A0A2C9T1G4,1,PF00704
A0A2C9ZJJ4,1,PF00704
A0A2C9ZMG1,1,PF00704
A0A2C9ZPE1,2,PF00704
A0A2C9ZPE1,2,PIRSR001103-1
A0A2D0ALU8,1,PF00704
A0A2D0J4D8,1,PF00704
A0A2D0J4J4,1,PF00704
A0A2D0KDS1,1,PF00704
A0A2D0KEA0,1,PF00704
A0A2D0N550,1,PF00704
A0A2D1CLS3,1,PF00704
A0A2D1IK25,1,PF00704
A0A2D1QKU5,1,PF00704
A0A2D1QUD0,1,PF00704
A0A2D1QUE7,1,PF00704
A0A2D1QUJ4,1,PF00704
A0A2D1SS59,1,PF00704
A0A2D1U344,1,PF00704
A0A2D1VKZ9,1,PF00704
A0A2D2AKK1,1,PF00704
A0A2D2AKK2,1,PF00704
A0A2D2CZD1,1,PF00704
A0A2D2DER2,1,PF00704
A0A2D2DES9,1,PF00704
A0A2D2DMB9,1,PS51910
A0A2D2DRS0,1,PF00704
A0A2D2DVP0,1,PF00704
A0A2D2DVW1,1,PS51910
A0A2D4SLN7,1,PF00704
A0A2D4SRV8,1,PF00704
A0A2D4WSH7,1,PF00704
A0A2D4YWY5,1,PF00704
A0A2D4YXF7,1,PF00704
A0A2D4YYZ9,1,PF00704
A0A2D5ABV7,1,PF00704
A0A2D5AY95,1,PF00704
A0A2D5B3L4,1,PF00704
A0A2D5B4X5,1,PF00704
A0A2D5B5J0,1,PF00704
A0A2D5BSA9,1,PF00704
A0A2D5INM5,1,PF00704
A0A2D5JJW7,1,PF00704
A0A2D5JK16,1,PF00704
A0A2D5K3Q9,1,PF00704
A0A2D5MQL2,1,PF00704
A0A2D5SY91,1,PF00704
A0A2D5SYA2,1,PF00704
A0A2D5T483,1,PF00704
A0A2D5W9J1,1,PF00704
A0A2D6A7H1,1,PF00704
A0A2D6FEM9,1,PF00704
A0A2D6I2D5,1,PF00704
A0A2D6PVC1,1,PF00704
A0A2D6R8A2,1,PF00704
A0A2D6UDV4,1,PF00704
A0A2D6YRJ8,1,PF00704
A0A2D7D8L0,1,PF00704
A0A2D7HVT9,1,PF00704
A0A2D7I619,1,PF00704
A0A2D7IME6,1,PF00704
A0A2D7IME7,1,PF00704
A0A2D7MFW8,1,PF00704
A0A2D7MNR2,1,PF00704
A0A2D7NH40,1,PF00704
A0A2D7NV07,1,PF00704
A0A2D7NVZ1,1,PF00704
A0A2D7NYX2,1,PF00704
A0A2D7PMB9,1,PF00704
A0A2D7VUW7,1,PF00704
A0A2D7W400,1,PF00704
A0A2D8C6B3,1,PF00704
A0A2D8GDB4,1,PF00704
A0A2D8HZ55,1,PF00704
A0A2D8I2Z1,1,PF00704
A0A2D8KEJ6,1,PF00704
A0A2D8KJP4,1,PF00704
A0A2D8LPR6,1,PF00704
A0A2D8MQ10,1,PF00704
A0A2D8N1I1,1,PF00704
A0A2D8RF19,1,PF00704
A0A2D8RFF5,2,PF00704
A0A2D8S5A5,1,PF00704
A0A2D8U830,1,PF00704
A0A2D8UA04,1,PF00704
A0A2D8UQ63,1,PF00704
A0A2D8V270,1,PF00704
A0A2D8VRT7,1,PF00704
A0A2D9DIB1,1,PF00704
A0A2D9FRS5,1,PF00704
A0A2D9PIS7,1,PF00704
A0A2D9WPP4,1,PF00704
A0A2D9XVH0,1,PF00704
A0A2D9Y0Y6,3,PF00704
A0A2D9Y403,1,PF00704
A0A2D9YZ52,1,PF00704
A0A2D9Z080,1,PF00704
A0A2D9Z1P6,1,PF00704
A0A2E0AK67,2,PF00704
A0A2E0AK96,3,G3DSA:3.20.20.80
A0A2E0AK96,3,PS51910
A0A2E0AK96,3,SSF51445
A0A2E0AL73,1,PF00704
A0A2E0ALN6,1,PF00704
A0A2E0C4F9,1,PF00704
A0A2E0CX71,1,PF00704
A0A2E0F4I5,1,PF00704
A0A2E0F5W2,1,PF00704
A0A2E0G4E2,1,PS51910
A0A2E0GX54,1,PS51910
A0A2E0HYE5,1,PF00704
A0A2E0K430,1,PF00704
A0A2E0MDT1,1,PF00704
A0A2E0MFW1,1,PF00704
A0A2E0MGX7,1,PF00704
A0A2E0PI56,1,PF00704
A0A2E0R2G0,1,PF00704
A0A2E0R548,1,PF00704
A0A2E0UJU8,1,PF00704
A0A2E0V967,1,PF00704
A0A2E0VQT4,1,PF00704
A0A2E0VWA1,1,PF00704
A0A2E0W521,1,PF00704
A0A2E0W9I7,1,PF00704
A0A2E0WAZ2,1,PF00704
A0A2E0WBH5,1,PF00704
A0A2E0WEG6,1,PF00704
A0A2E0XKU0,1,PF00704
A0A2E0XT42,1,PS51910
A0A2E0XWF1,1,PF00704
A0A2E0Z982,2,PF00704
A0A2E0Z982,2,SSF51445
A0A2E0ZB33,2,PS51910
A0A2E0ZB33,2,SSF51445
A0A2E1E0F2,1,PF00704
A0A2E1EMC8,1,PF00704
A0A2E1EP36,1,PF00704
A0A2E1I3D5,1,PF00704
A0A2E1IGR9,1,PF00704
A0A2E1ISY1,1,PF00704
A0A2E1KHQ3,1,PF00704
A0A2E1KW89,2,PF00704
A0A2E1NEA4,1,PF00704
A0A2E1P5F4,1,PF00704
A0A2E1P5Y9,1,PF00704
A0A2E1P6Z7,1,PF00704
A0A2E1PAI3,1,PF00704
A0A2E1QBC7,1,PF00704
A0A2E1QK49,1,PF00704
A0A2E1QKL2,1,PF00704
A0A2E1QKN1,1,PF00704
A0A2E1U2V0,1,PF00704
A0A2E1V244,1,PF00704
A0A2E1W452,1,PF00704
A0A2E1W4T1,1,PF00704
A0A2E1W6R3,1,PF00704
A0A2E1W726,1,PF00704
A0A2E1WIP6,1,PF00704
A0A2E1ZS06,1,PF00704
A0A2E2A445,1,PF00704
A0A2E2AYR3,1,PF00704
A0A2E2BHU0,1,PF00704
A0A2E2EJP2,1,PF00704
A0A2E2FED5,1,PF00704
A0A2E2FHT4,1,PS51910
A0A2E2HMC3,1,PF00704
A0A2E2TNS2,1,PF00704
A0A2E2TR55,1,PF00704
A0A2E2UT54,1,PF00704
A0A2E2V9W2,1,PF00704
A0A2E2Z5B5,1,PF00704
A0A2E3A405,1,PF00704
A0A2E3ABP4,1,PF00704
A0A2E3DSX4,1,PF00704
A0A2E3DT18,1,PF00704
A0A2E3DUZ1,1,PF00704
A0A2E3H821,1,PF00704
A0A2E3KLF3,1,PF00704
A0A2E3N3J9,1,PF00704
A0A2E3PZF7,1,PF00704
A0A2E3RIV0,2,PF00704
A0A2E3RIV0,2,SSF51989
A0A2E3TN05,1,PF00704
A0A2E3W5V9,1,PF00704
A0A2E3X4W6,1,PF00704
A0A2E3XAJ3,1,PF00704
A0A2E3Y480,1,PF00704
A0A2E3Y9Q4,1,PF00704
A0A2E4AII5,1,PF00704
A0A2E4CF89,1,PF00704
A0A2E4DHV1,1,PF00704
A0A2E4DYD6,1,PF00704
A0A2E4ECU2,1,PF00704
A0A2E4F7K9,1,PF00704
A0A2E4HBH8,1,PF00704
A0A2E4HJB9,1,PF00704
A0A2E4L2P6,1,PF00704
A0A2E4MCK8,1,PF00704
A0A2E4PM99,1,PF00704
A0A2E4PPA3,1,PF00704
A0A2E4PPF1,1,PF00704
A0A2E4RNQ3,1,PF00704
A0A2E4SCE1,1,PF00704
A0A2E4V6K8,1,PF00704
A0A2E4V7R1,1,PF00704
A0A2E4VFK7,1,PF00704
A0A2E4YPK9,1,PF00704
A0A2E4ZUF7,1,PF00704
A0A2E5DZA2,1,PF00704
A0A2E5E221,1,PF00704
A0A2E5EAH3,1,PF00704
A0A2E5ED08,1,PF00704
A0A2E5HF90,1,PF00704
A0A2E5JS64,1,PF00704
A0A2E5JSF0,1,PF00704
A0A2E5LXH1,1,PF00704
A0A2E5RK46,1,PF00704
A0A2E5RKH4,1,PF00704
A0A2E5RLS0,1,PF00704
A0A2E5RM70,1,PF00704
A0A2E5RM78,1,PF00704
A0A2E5RPA4,1,PF00704
A0A2E5RPR4,1,PF00704
A0A2E5RRE0,1,PF00704
A0A2E5SF82,1,PF00704
A0A2E5TSF1,1,PF00704
A0A2E5UNJ1,1,PF00704
A0A2E5VXC3,1,PF00704
A0A2E5W3S9,1,PF00704
A0A2E5W4C4,1,PF00704
A0A2E5WGR5,1,PF00704
A0A2E5WPT7,1,PF00704
A0A2E5Y0U7,1,PF00704
A0A2E5Y1S5,1,PF00704
A0A2E5Y2N5,1,PF00704
A0A2E6AKU7,1,PF00704
A0A2E6AUE6,1,PF00704
A0A2E6CG73,1,PF00704
A0A2E6EL87,1,PF00704
A0A2E6GV53,1,PF00704
A0A2E6GW58,1,PF00704
A0A2E6GWJ8,1,PF00704
A0A2E6GWW1,1,PF00704
A0A2E6GWX7,1,PF00704
A0A2E6GWZ9,1,PF00704
A0A2E6JHR2,1,PF00704
A0A2E6S1E4,1,PF00704
A0A2E6SIU7,1,PF00704
A0A2E6STT1,1,PS51910
A0A2E6SU41,1,PF00704
A0A2E6SVQ1,1,PF00704
A0A2E6SW68,1,PF00704
A0A2E6SW72,1,PF00704
A0A2E6SXT9,1,PF00704
A0A2E6SXY7,1,PF00704
A0A2E6SZ10,1,PF00704
A0A2E6SZH9,1,PF00704
A0A2E6TDZ4,1,PF00704
A0A2E6XXX0,1,PF00704
A0A2E6ZZQ3,1,PF00704
A0A2E7CM32,1,PF00704
A0A2E7CRJ6,1,PF00704
A0A2E7EJF8,1,PF00704
A0A2E7N0E1,1,PF00704
A0A2E7PYC2,1,PF00704
A0A2E7THV7,1,PF00704
A0A2E7TNG1,1,PF00704
A0A2E7TNQ5,1,PF00704
A0A2E7TQ68,1,PF00704
A0A2E7TQ78,1,PF00704
A0A2E7UUC0,1,PF00704
A0A2E7UV72,1,PF00704
A0A2E7VXG3,1,PF00704
A0A2E7ZUE3,1,PF00704
A0A2E8B9J2,1,PF00704
A0A2E8DNR7,1,PF00704
A0A2E8FH24,1,PF00704
A0A2E8GXT4,1,PF00704
A0A2E8HF72,1,PF00704
A0A2E8K1J4,1,PF00704
A0A2E8KNN2,1,PF00704
A0A2E8KYR6,1,PF00704
A0A2E8P5G7,1,PF00704
A0A2E8RQ16,1,PF00704
A0A2E8RWZ5,1,PF00704
A0A2E8S238,1,PF00704
A0A2E8UWW7,1,PF00704
A0A2E8VH02,1,PS51910
A0A2E8VH19,1,PF00704
A0A2E8XUV8,1,PF00704
A0A2E8Y1D3,1,PF00704
A0A2E9IXW7,1,PF00704
A0A2E9MGP5,1,PF00704
A0A2E9T2W0,1,PS51910
A0A2E9TU99,1,PS51910
A0A2E9TUH6,1,PF00704
A0A2F0PPI3,1,PF00704
A0A2G0E6W5,1,PF00704
A0A2G0Q8X1,1,PF00704
A0A2G0ZBA6,1,PF00704
A0A2G1BUU1,1,PF00704
A0A2G1BWL7,1,PF00704
A0A2G1XAS8,1,PS51910
A0A2G1XBA6,1,PF00704
A0A2G1XDD4,1,PF00704
A0A2G1XJI0,1,PF00704
A0A2G1XPM5,1,PF00704
A0A2G1XPN1,1,PF00704
A0A2G1ZZA3,1,PF00704
A0A2G2DKG5,1,PF00704
A0A2G2DKK2,1,PF00704
A0A2G2FB06,1,PF00704
A0A2G2FB86,1,PF00704
A0A2G2GAB8,1,PF00704
A0A2G2IMS1,1,PF00704
A0A2G2INF2,1,PF00704
A0A2G3E6C7,1,PF00704
A0A2G3ED75,1,PF00704
A0A2G3J8J2,1,PF00704
A0A2G3J9C4,1,PF00704
A0A2G3JAB1,1,PF00704
A0A2G3JGB3,1,PF00704
A0A2G3K4H3,1,PF00704
A0A2G3L6E7,1,PF00704
A0A2G3L6U0,1,PF00704
A0A2G3LKH9,1,PF00704
A0A2G3PW12,1,PF00704
A0A2G3PX51,1,PF00704
A0A2G3Q0G1,1,PF00704
A0A2G3Q2F2,1,PF00704
A0A2G3Q309,1,PF00704
A0A2G4FFF4,1,PF00704
A0A2G4FYB1,1,PF00704
A0A2G4G6Y3,1,PF00704
A0A2G4GRH1,1,PF00704
A0A2G4U0J3,1,PF00704
A0A2G5II48,1,PS51910
A0A2G5IRS2,1,PF00704
A0A2G5IXZ6,1,PF00704
A0A2G5IYV6,1,PF00704
A0A2G5J0L9,1,PF00704
A0A2G5J1F3,1,PF00704
A0A2G5J260,1,PS51910
A0A2G5KY02,1,PF00704
A0A2G5KYB4,1,PF00704
A0A2G5L0V2,1,PF00704
A0A2G5QU96,2,G3DSA:3.20.20.370
A0A2G5QU96,2,PF00704
A0A2G5RFS0,2,G3DSA:3.20.20.370
A0A2G5RFS0,2,PF00704
A0A2G5VX73,1,PF00704
A0A2G5VXQ0,1,PF00704
A0A2G5WFM7,1,PF00704
A0A2G5WT02,1,PF00704
A0A2G5X5E4,1,PF00704
A0A2G5X8P0,1,PF00704
A0A2G5XF72,1,PF00704
A0A2G5XHM4,1,PF00704
A0A2G5XJN2,1,PF00704
A0A2G5ZDB6,1,PF00704
A0A2G5ZJM1,1,PF00704
A0A2G6AS33,1,PF00704
A0A2G6B521,1,PF00704
A0A2G6B601,1,PF00704
A0A2G6G419,1,PF00704
A0A2G6GEF3,1,PF00704
A0A2G6GI91,1,PS51910
A0A2G6GIA3,1,PF00704
A0A2G6JQQ7,1,PF00704
A0A2G6K8N6,1,PF00704
A0A2G6LW31,1,PF00704
A0A2G6PBH3,2,PF00704
A0A2G6PBH3,2,SSF51445
A0A2G6PKT3,1,PF00704
A0A2G6Q8V2,1,PF00704
A0A2G6QC96,1,PF00704
A0A2G6QIB8,1,PF00704
A0A2G6T8L9,1,PF00704
A0A2G6T9Q5,1,PF00704
A0A2G6T9Z4,2,PF00704
A0A2G6TAK0,1,PF00704
A0A2G6TMD2,2,G3DSA:3.20.20.370
A0A2G6TMD2,2,PF00704
A0A2G6UCC9,1,PF00704
A0A2G6UCD9,1,PF00704
A0A2G6UFS0,2,G3DSA:3.20.20.370
A0A2G6UFS0,2,PF00704
A0A2G6VLK1,2,G3DSA:3.20.20.370
A0A2G6VLK1,2,PF00704
A0A2G6WPE4,1,PF00704
A0A2G7HD81,1,PF00704
A0A2G7HJU2,1,PF00704
A0A2G7HL70,1,PF00704
A0A2G7HLG8,1,PS51910
A0A2G7HMN5,1,PF00704
A0A2G7LRF9,1,PF00704
A0A2G7LUY7,1,PF00704
A0A2G7LUY8,1,PF00704
A0A2G7LW88,1,PF00704
A0A2G7LZE2,1,PF00704
A0A2G7M4B3,1,PF00704
A0A2G7M5D9,1,PF00704
A0A2G8IPE8,1,PF00704
A0A2G8IT80,1,PF00704
A0A2G8IT86,1,PF00704
A0A2G8RHI5,1,PS51910
A0A2G9C4L4,1,PF00704
A0A2G9C788,1,PF00704
A0A2G9C795,1,PF00704
A0A2G9L9C4,1,PF00704
A0A2G9MMZ6,1,PF00704
A0A2G9XBB8,1,PF00704
A0A2G9Y4S6,1,PF00704
A0A2H0B5D8,1,PF00704
A0A2H0BL03,1,PF00704
A0A2H0BTW0,1,PF00704
A0A2H0DUS9,1,PF00704
A0A2H0FN67,1,PF00704
A0A2H0GBW0,1,PF00704
A0A2H0JU27,1,PF00704
A0A2H0JVX7,1,PF00704
A0A2H0KK18,1,PF00704
A0A2H0NAQ4,1,PF00704
A0A2H0PEF8,1,PF00704
A0A2H0RBM3,1,PF00704
A0A2H0S7E7,1,PF00704
A0A2H0SEQ8,1,PS51910
A0A2H0SJ70,1,PF00704
A0A2H0SMH7,1,PF00704
A0A2H0SUZ6,1,PF00704
A0A2H0TEU8,1,PF00704
A0A2H0U3R5,1,PF00704
A0A2H0UBX1,1,PF00704
A0A2H0UD82,1,PF00704
A0A2H0UGZ2,1,PF00704
A0A2H0V587,1,PF00704
A0A2H0VIX5,1,PF00704
A0A2H0VLP4,1,PF00704
A0A2H0VZ29,1,PF00704
A0A2H0W9W2,1,PF00704
A0A2H0WAF0,1,PF00704
A0A2H0WJY1,1,PF00704
A0A2H0WSC2,1,PF00704
A0A2H0WTU2,1,PF00704
A0A2H0WZ54,1,PF00704
A0A2H0XAU8,1,PF00704
A0A2H0XR17,1,PF00704
A0A2H3KPT2,1,PF00704
A0A2H5ASW0,1,PF00704
A0A2H5AW99,1,PS51910
A0A2H5AXW9,1,PF00704
A0A2H5AYI6,1,PF00704
A0A2H5AYT6,1,PF00704
A0A2H5AYX7,1,PF00704
A0A2H5AZ98,1,PS51910
A0A2H5AZB3,1,PF00704
A0A2H5B4R7,1,PF00704
A0A2H5B4W9,1,PF00704
A0A2H5B8R7,1,PS51910
A0A2H5B8S4,1,PF00704
A0A2H5BA28,1,PF00704
A0A2H5BA84,1,PF00704
A0A2H5BCC8,1,PF00704
A0A2H5DT46,1,PF00704
A0A2H5DYF9,1,PF00704
A0A2H5E0D7,1,PF00704
A0A2H5E2P1,1,PF00704
A0A2H5E2R1,1,PF00704
A0A2H5E2X2,1,PF00704
A0A2H5FIQ2,1,PF00704
A0A2H5FQM9,1,PF00704
A0A2H5WTQ5,2,G3DSA:3.20.20.370
A0A2H5WTQ5,2,PF00704
A0A2H5X6U3,2,G3DSA:3.20.20.370
A0A2H5X6U3,2,PF00704
A0A2H5YMU7,1,PF00704
A0A2H5YTZ6,1,PF00704
A0A2H5YXE7,1,PF00704
A0A2H5Z2H5,1,PF00704
A0A2H5ZC08,1,PF00704
A0A2H6EKN6,1,PF00704
A0A2H6ELX2,1,PF00704
A0A2H6EZ03,1,PF00704
A0A2H9MKF1,1,PF00704
A0A2H9QWV0,1,PF00704
A0A2H9SDT6,1,PF00704
A0A2H9SJ06,1,PF00704
A0A2H9STV6,1,PS51910
A0A2H9U1K6,1,PF00704
A0A2H9U585,1,PF00704
A0A2H9VSG8,2,G3DSA:3.20.20.370
A0A2H9VSG8,2,PF00704
A0A2I0F5K5,1,PF00704
A0A2I0N365,1,PF00704
A0A2I0NAR7,1,PF00704
A0A2I0QTQ1,1,PF00704
A0A2I0QWM9,1,PF00704
A0A2I0R1R5,1,PF00704
A0A2I0SEQ2,1,PF00704
A0A2I0SMM9,1,PF00704
A0A2I0SUT2,1,PF00704
A0A2I0UV37,1,PF00704
A0A2I0V1X3,1,PF00704
A0A2I0V2K1,1,PF00704
A0A2I3C8L7,1,PF00704
A0A2I3CN75,1,PF00704
A0A2I3CQH1,1,PF00704
A0A2I5HL07,1,PF00704
A0A2I5SU96,1,PF00704
A0A2I7N4G8,1,PF00704
A0A2I7N731,1,PF00704
A0A2I7N8A6,1,PF00704
A0A2I7N8G2,1,PS51910
A0A2I7N8W0,1,PF00704
A0A2I7N9P7,2,PF00704
A0A2J0HN86,2,G3DSA:3.20.20.370
A0A2J0HN86,2,PF00704
A0A2J0MTB0,2,G3DSA:3.20.20.370
A0A2J0MTB0,2,PF00704
A0A2J0MVR4,2,G3DSA:3.20.20.370
A0A2J0MVR4,2,PF00704
A0A2J0PML5,1,PF00704
A0A2J0PP25,1,PF00704
A0A2J0PZQ1,1,PF00704
A0A2J0Q0M4,1,PF00704
A0A2J0SP56,1,PF00704
A0A2J0SRV5,1,PF00704
A0A2J0UEP3,1,PF00704
A0A2J0UHQ8,1,PF00704
A0A2J4PD39,1,PF00704
A0A2J4PD49,1,PF00704
A0A2J4RKM0,1,PF00704
A0A2J4XZD1,1,PF00704
A0A2J4Y4V8,1,PF00704
A0A2J4YKE6,1,PF00704
A0A2J4ZW31,1,PF00704
A0A2J5NGG4,1,PF00704
A0A2J5NJR9,1,PF00704
A0A2J6H6J6,1,PF00704
A0A2J6H8Y0,1,PS51910
A0A2J6HEN3,1,PF00704
A0A2J6WSY3,1,PF00704
A0A2J6XV30,1,PF00704
A0A2J7YYX4,1,PF00704
A0A2J7Z619,1,PF00704
A0A2J7Z643,1,PS51910
A0A2J7Z6E2,1,PS51910
A0A2J7Z6R8,1,PF00704
A0A2J8B649,1,PF00704
A0A2J8BCR3,1,PF00704
A0A2J9UXC3,1,PF00704
A0A2J9VI44,1,PF00704
A0A2J9VK98,2,PF00704
A0A2J9VK98,2,PF06483
A0A2J9VLQ2,1,PF00704
A0A2K1ECW2,1,PF00704
A0A2K1EN22,1,PF00704
A0A2K1ERT7,1,PF00704
A0A2K1NZM9,1,PF00704
A0A2K1P5I0,1,PF00704
A0A2K1Q071,1,PF00704
A0A2K1QBA0,1,PF00704
A0A2K1QF50,1,PF00704
A0A2K2F5X2,1,PF00704
A0A2K2FDJ3,1,PF00704
A0A2K2FF65,1,PF00704
A0A2K2FGA9,1,PF00704
A0A2K2FLN0,1,PF00704
A0A2K2FML1,1,PF00704
A0A2K2FQW0,1,PF00704
A0A2K2RG00,1,PF00704
A0A2K2RGM3,1,PF00704
A0A2K2RHF9,1,PF00704
A0A2K2TR01,1,PF00704
A0A2K2TTW7,1,PF00704
A0A2K2TV44,1,PF00704
A0A2K4I7B2,1,PF00704
A0A2K4MNN3,1,PF00704
A0A2K4MQX6,1,PF00704
A0A2K4MS23,1,PF00704
A0A2K4MSC6,1,PF00704
A0A2K4MTC8,1,PF00704
A0A2K4PS05,1,PF00704
A0A2K4PS13,1,PF00704
A0A2K4PS14,1,PF00704
A0A2K4PS18,1,PF00704
A0A2K4PS20,1,PF00704
A0A2K4PS21,1,PF00704
A0A2K4PS22,1,PF00704
A0A2K4PS23,1,PF00704
A0A2K4PS24,1,PF00704
A0A2K4PS25,1,PF00704
A0A2K4PS32,1,PF00704
A0A2K4PS37,1,PF00704
A0A2K4PS38,1,PF00704
A0A2K4PS47,1,PF00704
A0A2K4W756,1,PF00704
A0A2K4WNQ6,1,PF00704
A0A2K4ZJN5,1,PF00704
A0A2K4ZLH0,1,PF00704
A0A2K8LQS4,1,PF00704
A0A2K8LUM8,1,PS51910
A0A2K8LVJ3,1,PF00704
A0A2K8LWT8,1,PF00704
A0A2K8M599,1,PF00704
A0A2K8M6S4,1,PS51910
A0A2K8M8V7,1,PF00704
A0A2K8M912,1,PF00704
A0A2K8N8D1,1,PF00704
A0A2K8NBE9,1,PF00704
A0A2K8NY17,1,PF00704
A0A2K8P291,1,PF00704
A0A2K8P8Q0,1,PS51910
A0A2K8PAB8,1,PF00704
A0A2K8PAX5,1,PF00704
A0A2K8PCH9,1,PF00704
A0A2K8PDH9,1,PF00704
A0A2K8PEW9,1,PF00704
A0A2K8PL93,1,PF00704
A0A2K8PME2,1,PF00704
A0A2K8PSQ8,1,PF00704
A0A2K8REB0,1,PF00704
A0A2K8SCZ8,1,PS51910
A0A2K8SDG9,1,PF00704
A0A2K8SDZ3,1,PF00704
A0A2K8SE07,1,PF00704
A0A2K8T351,1,PF00704
A0A2K8T3V7,1,PF00704
A0A2K8VE34,1,PF00704
A0A2K8XAU2,1,PF00704
A0A2K8XLL9,1,PF00704
A0A2K8Z083,1,PF00704
A0A2K8Z1J4,1,PF00704
A0A2K9A715,1,PF00704
A0A2K9AVR7,1,PF00704
A0A2K9DD14,1,PS51910
A0A2K9E4F5,1,PF00704
A0A2K9E6Q6,1,PF00704
A0A2K9EEN9,1,PF00704
A0A2K9EFL0,1,PF00704
A0A2K9ELQ4,1,PF00704
A0A2K9EMG8,1,PF00704
A0A2K9EP50,1,PF00704
A0A2K9EQ86,1,PF00704
A0A2K9EQG2,1,PF00704
A0A2K9ERT4,1,PF00704
A0A2K9EUT4,1,PF00704
A0A2K9EVU6,1,PF00704
A0A2K9EZV0,1,PF00704
A0A2K9FDP2,1,PS51910
A0A2K9IWC8,1,PF00704
A0A2K9J0D3,1,PF00704
A0A2K9JTR2,1,PF00704
A0A2K9JVD4,1,PF00704
A0A2K9K374,1,PF00704
A0A2K9K4V8,1,PF00704
A0A2K9K5M1,1,PF00704
A0A2K9LY06,1,PF00704
A0A2K9NZD9,1,PF00704
A0A2K9PB20,1,PF00704
A0A2L0AC21,2,G3DSA:3.20.20.370
A0A2L0AC21,2,PF00704
A0A2L0EM61,1,PS51910
A0A2L0EZD6,1,PS51910
A0A2L0FBB2,1,PF00704
A0A2L0LM32,1,PF00704
A0A2L0MVZ1,1,PS51910
A0A2L0MWP4,1,PF00704
A0A2L0MYJ7,1,PF00704
A0A2L0MYK8,1,PF00704
A0A2L0MZD5,1,PF00704
A0A2L0N003,1,PF00704
A0A2L0N2A5,1,PF00704
A0A2L0N6T6,1,PF00704
A0A2L0N712,1,PF00704
A0A2L0N7U7,1,PS51910
A0A2L0N8Z6,1,PF00704
A0A2L0N904,1,PS51910
A0A2L0NFB5,1,PF00704
A0A2L0NG22,1,PF00704
A0A2L0TPL2,1,PF00704
A0A2L0TZK3,1,PF00704
A0A2L1C0C6,1,PF00704
A0A2L1J3T3,1,PF00704
A0A2L1TXF9,1,PS51910
A0A2L1U3D5,1,PF00704
A0A2L1U3E6,1,PF00704
A0A2L1U549,1,PF00704
A0A2L1U9C5,1,PF00704
A0A2L1UM70,1,PF00704
A0A2L2XEC8,1,PF00704
A0A2M6ITB6,1,PF00704
A0A2M6ITK7,1,PF00704
A0A2M6ITW5,1,PF00704
A0A2M6K8T6,1,PF00704
A0A2M6WEL8,1,PF00704
A0A2M6XE37,1,PF00704
A0A2M6YZM1,1,PF00704
A0A2M7B9B6,1,PF00704
A0A2M7BTD0,1,PF00704
A0A2M7E678,1,PF00704
A0A2M7EKM5,1,PF00704
A0A2M7FLB8,1,PF00704
A0A2M7HP48,1,PF00704
A0A2M7HXN8,1,PF00704
A0A2M7ITE6,1,PF00704
A0A2M7K3Z2,1,PF00704
A0A2M7MEE7,1,PF00704
A0A2M7N1T6,1,PF00704
A0A2M7QCM9,1,PF00704
A0A2M7QIZ0,1,PF00704
A0A2M7QU96,1,PF00704
A0A2M7QWB3,1,PF00704
A0A2M7RIK3,1,PF00704
A0A2M7RXL7,1,PF00704
A0A2M7TZ73,1,PF00704
A0A2M7U1J3,1,PF00704
A0A2M7U4Y5,1,PF00704
A0A2M7U5J2,1,PF00704
A0A2M7U677,1,PF00704
A0A2M7UGE6,1,PF00704
A0A2M7UPE3,1,PF00704
A0A2M7W1J0,1,PF00704
A0A2M7XQ69,1,PF00704
A0A2M7ZDI2,1,PF00704
A0A2M7ZL79,1,PF00704
A0A2M7ZXA4,1,PF00704
A0A2M8ABM0,1,PF00704
A0A2M8BUI3,1,PF00704
A0A2M8D8C6,1,PF00704
A0A2M8DB60,1,PF00704
A0A2M8EFP2,1,PF00704
A0A2M8EWY7,1,PF00704
A0A2M8FEV1,1,PF00704
A0A2M8GN99,1,PF00704
A0A2M8H8Y0,1,PF00704
A0A2M8HES0,1,PF00704
A0A2M8HQZ9,1,PF00704
A0A2M8KMT8,1,PF00704
A0A2M8KNL4,1,PF00704
A0A2M8KRK3,1,PF00704
A0A2M8KVW0,1,PF00704
A0A2M8L0K2,1,PF00704
A0A2M8LW97,1,PF00704
A0A2M8LXE2,1,PF00704
A0A2M8PVI7,1,PF00704
A0A2M8SUH3,1,PF00704
A0A2M8SV13,1,PF00704
A0A2M8SYF2,1,PF00704
A0A2M8T4C1,1,PF00704
A0A2M8T709,1,PF00704
A0A2M8TEE5,1,PF00704
A0A2M8W3E9,1,PF00704
A0A2M8WS60,1,PF00704
A0A2M8WSV2,1,PF00704
A0A2M8WT56,1,PF00704
A0A2M8WTV5,1,PF00704
A0A2M8WV12,1,PF00704
A0A2M8WV59,1,PF00704
A0A2M8WVJ0,1,PF00704
A0A2M8WVY5,1,PF00704
A0A2M8XXG5,1,PF00704
A0A2M8XZ05,1,PF00704
A0A2M8Y9D2,1,PF00704
A0A2M8YCN7,1,PF00704
A0A2M8YMC3,1,PF00704
A0A2M8YZT8,1,PF00704
A0A2M8Z314,1,PF00704
A0A2M8Z522,1,PF00704
A0A2M8Z5Y1,1,PF00704
A0A2M8Z6X1,1,PF00704
A0A2M8Z974,1,PF00704
A0A2M8ZAU1,1,PF00704
A0A2M8ZBR0,1,PF00704
A0A2M9A5G0,1,PF00704
A0A2M9BAE7,1,PF00704
A0A2M9BRK5,1,PF00704
A0A2M9BRK9,1,PF00704
A0A2M9BS71,2,PF00704
A0A2M9BS71,2,SSF51445
A0A2M9BXN6,2,G3DSA:3.20.20.370
A0A2M9BXN6,2,PF00704
A0A2M9CCE2,1,PF00704
A0A2M9CCP2,1,PF00704
A0A2M9CEB7,1,PF00704
A0A2M9CEI5,1,PF00704
A0A2M9CEK6,1,PF00704
A0A2M9CEQ8,1,PF00704
A0A2M9CRM3,1,PF00704
A0A2M9CRR5,2,G3DSA:3.20.20.370
A0A2M9CRR5,2,PF00704
A0A2M9CZB1,1,PF00704
A0A2M9IBT6,1,PF00704
A0A2M9ICH7,1,PF00704
A0A2M9ICW1,1,PS51910
A0A2M9IEP0,1,PS51910
A0A2M9IMN1,1,PF00704
A0A2M9IP98,1,PF00704
A0A2M9IR15,1,PF00704
A0A2M9IWR5,1,PF00704
A0A2M9IWT8,1,PF00704
A0A2M9IXV5,1,PF00704
A0A2M9IZU9,1,PF00704
A0A2M9J0L2,1,PF00704
A0A2M9J249,1,PF00704
A0A2M9J291,1,PF00704
A0A2M9J7F0,1,PS51910
A0A2M9J814,1,PF00704
A0A2M9J879,1,PF00704
A0A2M9JC72,1,PF00704
A0A2M9JCH4,1,PF00704
A0A2M9JDT3,1,PF00704
A0A2M9JFR8,1,PS51910
A0A2M9JI53,1,PF00704
A0A2M9JKF3,1,PF00704
A0A2M9JPT8,1,PF00704
A0A2M9JTH5,1,PF00704
A0A2M9JUZ1,1,PS51910
A0A2M9JW20,1,PF00704
A0A2M9JYU3,1,PS51910
A0A2M9JZ49,1,PF00704
A0A2M9K4U7,1,PS51910
A0A2M9KBN4,1,PF00704
A0A2M9KCD3,1,PF00704
A0A2M9KDM9,1,PF00704
A0A2M9KGB5,1,PF00704
A0A2M9KHL4,1,PF00704
A0A2M9KLH4,1,PF00704
A0A2M9KSE1,1,PF00704
A0A2M9KTN2,1,PF00704
A0A2M9KTZ7,1,PF00704
A0A2M9KUR6,1,PF00704
A0A2M9KUT0,1,PF00704
A0A2M9KUU5,1,PF00704
A0A2M9KWV0,1,PF00704
A0A2M9KXE6,1,PF00704
A0A2M9KXG1,1,PS51910
A0A2M9L0U0,1,PF00704
A0A2M9L303,1,PF00704
A0A2M9L5U3,1,PF00704
A0A2M9L5V9,1,PF00704
A0A2M9L6B1,1,PF00704
A0A2M9LAX0,1,PF00704
A0A2M9LB50,1,PF00704
A0A2M9LCZ2,1,PS51910
A0A2M9LHN9,1,PF00704
A0A2M9LHR9,1,PF00704
A0A2M9LKQ8,1,PF00704
A0A2M9LMZ8,1,PF00704
A0A2M9LQ77,1,PS51910
A0A2M9LZE8,1,PF00704
A0A2M9M0Q4,1,PF00704
A0A2M9M5V8,1,PS51910
A0A2M9M7A1,1,PF00704
A0A2M9M7W5,1,PF00704
A0A2M9MEK9,1,PF00704
A0A2M9MIL3,1,PF00704
A0A2M9MIS3,2,G3DSA:2.10.10.20:FF:000001
A0A2M9MIS3,2,PF00704
A0A2M9MJ29,1,PF00704
A0A2M9MKG7,1,PF00704
A0A2M9MKI2,1,PF00704
A0A2M9MKZ3,1,PF00704
A0A2M9MWP0,1,PF00704
A0A2M9N1V8,1,PF00704
A0A2M9N2D6,1,PF00704
A0A2M9N2K0,1,PF00704
A0A2M9NWN1,1,PF00704
A0A2M9NYK8,1,PF00704
A0A2M9NYT1,1,PF00704
A0A2M9P0B0,1,PF00704
A0A2M9Q0K6,1,PF00704
A0A2M9Q0P1,1,PF00704
A0A2M9QBH7,1,PF00704
A0A2M9T0F6,1,PF00704
A0A2M9X8N1,1,PF00704
A0A2M9XEL8,1,PF00704
A0A2M9XH65,1,PF00704
A0A2M9XKA0,1,PF00704
A0A2M9Y179,1,PF00704
A0A2M9Y865,1,PF00704
A0A2M9YDD9,1,PF00704
A0A2M9YFV1,1,PF00704
A0A2M9YML4,1,PF00704
A0A2M9YSR5,1,PF00704
A0A2M9YU09,1,PF00704
A0A2M9Z9I2,1,PF00704
A0A2M9ZF15,1,PF00704
A0A2M9ZI28,1,PF00704
A0A2M9ZJ04,1,PF00704
A0A2M9ZJT7,1,PF00704
A0A2M9ZTS1,1,PF00704
A0A2N0A1A0,1,PF00704
A0A2N0A399,1,PF00704
A0A2N0APA2,1,PF00704
A0A2N0B9W0,1,PF00704
A0A2N0BDQ3,1,PF00704
A0A2N0BM19,1,PF00704
A0A2N0D9N8,1,PF00704
A0A2N0HF89,1,PF00704
A0A2N0HII9,1,PF00704
A0A2N0HJ13,2,PF00704
A0A2N0HJ86,1,PF00704
A0A2N0HN20,1,PF00704
A0A2N0HR73,1,PF00704
A0A2N0I0E0,1,PF00704
A0A2N0T0T5,1,PS51910
A0A2N0TI92,1,PS51910
A0A2N0TPN3,1,PF00704
A0A2N0U5S1,1,PF00704
A0A2N0WXM1,1,PF00704
A0A2N0WY76,1,PF00704
A0A2N0WZN8,1,PF00704
A0A2N0X062,1,PF00704
A0A2N0X065,1,PF00704
A0A2N0X067,1,PF00704
A0A2N0X074,1,PF00704
A0A2N0X1Y8,2,PF00704
A0A2N0X1Y8,2,PF06483
A0A2N0X3D0,1,PF00704
A0A2N0X3W2,1,PF00704
A0A2N0X4E0,1,PF00704
A0A2N0XG77,2,G3DSA:3.20.20.370
A0A2N0XG77,2,PF00704
A0A2N0XHL9,1,PF00704
A0A2N0XLU6,2,PF00704
A0A2N0XLU6,2,PF06483
A0A2N0XR83,1,PF00704
A0A2N0XV74,1,PF00704
A0A2N0XWC5,1,PF00704
A0A2N0YWX4,1,PF00704
A0A2N0YXG3,1,PF00704
A0A2N0Z188,1,PF00704
A0A2N0Z8P3,1,PF00704
A0A2N0ZI30,1,PF00704
A0A2N0ZIJ6,1,PF00704
A0A2N1A085,1,PF00704
A0A2N1A3U4,1,PF00704
A0A2N1A496,1,PF00704
A0A2N1A4X3,2,PF00704
A0A2N1A4X3,2,PF06483
A0A2N1A5P3,1,PF00704
A0A2N1A8E1,1,PF00704
A0A2N1C6N4,1,PF00704
A0A2N1C6R5,1,PF00704
A0A2N1F8A7,1,PF00704
A0A2N1F9A1,1,PS51910
A0A2N1FCE5,1,PF00704
A0A2N1FCK5,1,PF00704
A0A2N1IEE0,1,PF00704
A0A2N1IEJ5,1,PF00704
A0A2N1JIK6,1,PF00704
A0A2N1JS98,1,PF00704
A0A2N1JV77,1,PF00704
A0A2N1JZC5,1,PF00704
A0A2N1JZR0,2,G3DSA:3.20.20.370
A0A2N1JZR0,2,PF00704
A0A2N1KSC9,1,PF00704
A0A2N1QA70,1,PF00704
A0A2N1QTV6,1,PF00704
A0A2N1R702,1,PF00704
A0A2N1RT06,1,PF00704
A0A2N1RV95,1,PF00704
A0A2N1RVB0,1,PF00704
A0A2N1RXN8,1,PF00704
A0A2N1SA92,1,PF00704
A0A2N1TEI4,1,PF00704
A0A2N1TQ49,1,PF00704
A0A2N1UYR2,1,PF00704
A0A2N1VCZ4,1,PF00704
A0A2N1VTR2,1,PF00704
A0A2N2A3G2,1,PF00704
A0A2N2A8X5,1,PF00704
A0A2N2A9D7,1,PF00704
A0A2N2AWI4,1,PF00704
A0A2N2B0Q4,1,PF00704
A0A2N2B3U2,1,PF00704
A0A2N2BGD1,1,PF00704
A0A2N2C685,1,PF00704
A0A2N2CMU8,1,PF00704
A0A2N2CW25,1,PF00704
A0A2N2CWC6,1,PF00704
A0A2N2D182,1,PF00704
A0A2N2D4E8,1,PF00704
A0A2N2DB06,1,PF00704
A0A2N2DBU1,1,PF00704
A0A2N2DH16,1,PF00704
A0A2N2DSF2,1,PF00704
A0A2N2DT93,1,PF00704
A0A2N2E1T2,1,PF00704
A0A2N2E1Z1,1,PF00704
A0A2N2EEZ9,1,PF00704
A0A2N2EG39,1,PF00704
A0A2N2EHC8,1,PF00704
A0A2N2EIP9,1,PF00704
A0A2N2F4B3,1,PF00704
A0A2N2GAI3,1,PF00704
A0A2N2INP3,1,PF00704
A0A2N2JPM8,1,PF00704
A0A2N2MGL6,1,PF00704
A0A2N2MNV2,1,PF00704
A0A2N2N274,1,PF00704
A0A2N2NC24,1,PF00704
A0A2N2P7B4,1,PF00704
A0A2N2P9E1,1,PF00704
A0A2N2PLZ1,1,PF00704
A0A2N2PNU2,1,PF00704
A0A2N2VVS3,1,PF00704
A0A2N2WG67,1,PF00704
A0A2N2XSY8,1,PF00704
A0A2N2XZI5,1,PS51910
A0A2N2XZK8,1,PF00704
A0A2N2Z5H8,1,PF00704
A0A2N2ZE41,1,PF00704
A0A2N3A6H7,1,PF00704
A0A2N3FR97,1,PF00704
A0A2N3GCQ3,1,PF00704
A0A2N3GE96,1,PF00704
A0A2N3ILY3,1,PF00704
A0A2N3IVN4,1,PF00704
A0A2N3J537,1,PF00704
A0A2N3J581,1,PF00704
A0A2N3J5B2,1,PF00704
A0A2N3J5S1,1,PF00704
A0A2N3J5W8,1,PF00704
A0A2N3J9K8,1,PF00704
A0A2N3JVZ3,1,PF00704
A0A2N3JXH2,1,PF00704
A0A2N3K4K8,1,PF00704
A0A2N3K6N8,1,PF00704
A0A2N3KIY4,1,PF00704
A0A2N3LD19,1,PF00704
A0A2N3LDX6,1,PF00704
A0A2N3LGD3,1,PF00704
A0A2N3LHL1,1,PF00704
A0A2N3LLG8,1,PF00704
A0A2N3LLX9,1,PF00704
A0A2N3LPB0,1,PF00704
A0A2N3QG46,1,PS51910
A0A2N3RQE4,1,PF00704
A0A2N3T6Q8,2,PF00704
A0A2N3T718,1,PF00704
A0A2N3T723,1,PF00704
A0A2N3T726,1,PF00704
A0A2N3TDB7,1,PF00704
A0A2N3VNX7,1,PF00704
A0A2N3VQ58,1,PF00704
A0A2N3VR08,1,PF00704
A0A2N3VRV0,1,PF00704
A0A2N3VSD5,1,PF00704
A0A2N3VSJ8,1,PF00704
A0A2N3VW65,2,G3DSA:2.10.10.20:FF:000001
A0A2N3VW65,2,PF00704
A0A2N3VWC3,1,PS51910
A0A2N3W111,1,PF00704
A0A2N3W175,1,PF00704
A0A2N3W238,1,PF00704
A0A2N3W310,1,PF00704
A0A2N3W4Q8,1,PS51910
A0A2N3W5E5,1,PF00704
A0A2N3W5W0,1,PS51910
A0A2N3W7W1,1,PF00704
A0A2N3W8I9,1,PF00704
A0A2N3W9R4,1,PF00704
A0A2N3WBV2,1,PF00704
A0A2N3WD43,1,PF00704
A0A2N3WHA0,1,PF00704
A0A2N3WP26,1,PS51910
A0A2N3WPL4,1,PF00704
A0A2N3WRP8,1,PF00704
A0A2N3WU40,1,PF00704
A0A2N3XPR4,1,PF00704
A0A2N3XTC7,1,PF00704
A0A2N3XV28,1,PS51910
A0A2N3XXU9,1,PF00704
A0A2N3Y4A3,1,PF00704
A0A2N4TSC2,1,PF00704
A0A2N4UMC9,1,PF00704
A0A2N4UP48,1,PF00704
A0A2N4UWT1,1,PF00704
A0A2N4XJ84,1,PF00704
A0A2N4Z1J8,1,PF00704
A0A2N5A4H2,1,PS51910
A0A2N5AF89,1,PF00704
A0A2N5CSI5,2,G3DSA:3.20.20.370
A0A2N5CSI5,2,PF00704
A0A2N5D2N1,1,PS51910
A0A2N5DP06,2,G3DSA:3.20.20.370
A0A2N5DP06,2,PF00704
A0A2N5DZ17,1,PF00704
A0A2N5DZ24,1,PF00704
A0A2N5E0E9,1,PF00704
A0A2N5E967,1,PF00704
A0A2N5EE67,1,PF00704
A0A2N5EE79,1,PF00704
A0A2N5EEY7,1,PF00704
A0A2N5EIG8,1,PF00704
A0A2N5EL11,1,PF00704
A0A2N5EPR5,1,PF00704
A0A2N5EPS1,1,PF00704
A0A2N5ERU6,1,PF00704
A0A2N5FAI6,1,PF00704
A0A2N5FCF5,1,PF00704
A0A2N5FGV6,2,G3DSA:3.20.20.370
A0A2N5FGV6,2,PF00704
A0A2N5FNB1,1,PF00704
A0A2N5G153,1,PF00704
A0A2N5G155,1,PF00704
A0A2N5G7R5,1,PF00704
A0A2N5GD22,1,PF00704
A0A2N5GDY9,1,PF00704
A0A2N5GHE6,1,PF00704
A0A2N5GLA6,1,PF00704
A0A2N5GLS0,1,PF00704
A0A2N5GPA2,1,PF00704
A0A2N5GTG8,1,PF00704
A0A2N5GU47,1,PF00704
A0A2N5GXZ6,1,PF00704
A0A2N5GY43,1,PF00704
A0A2N5H9S1,1,PF00704
A0A2N5H9W5,1,PF00704
A0A2N5HA52,1,PF00704
A0A2N5HVE3,2,G3DSA:3.20.20.370
A0A2N5HVE3,2,PF00704
A0A2N5HVJ5,1,PF00704
A0A2N5HVK9,1,PF00704
A0A2N5I170,1,PF00704
A0A2N5I5H6,1,PF00704
A0A2N5I8H5,1,PF00704
A0A2N5K0M5,1,PF00704
A0A2N5KF93,1,PF00704
A0A2N5M6K6,1,PF00704
A0A2N5MI67,1,PF00704
A0A2N5MLL1,1,PF00704
A0A2N5MMN1,1,PF00704
A0A2N5N0S9,1,PF00704
A0A2N5N3J2,1,PF00704
A0A2N5N4C4,1,PF00704
A0A2N5N644,1,PF00704
A0A2N5N7C0,1,PF00704
A0A2N5N8T9,1,PF00704
A0A2N5NAW1,1,PF00704
A0A2N5NAZ7,1,PF00704
A0A2N5ND37,1,PF00704
A0A2N5ND83,1,PF00704
A0A2N5NHK6,1,PF00704
A0A2N5NKH7,1,PF00704
A0A2N5NSB3,1,PF00704
A0A2N5NUZ1,1,PF00704
A0A2N5P285,1,PF00704
A0A2N5P8I2,1,PF00704
A0A2N5P9U1,1,PF00704
A0A2N5PIA1,1,PF00704
A0A2N5PLW6,1,PF00704
A0A2N5PXD1,1,PF00704
A0A2N5Q2K7,1,PF00704
A0A2N5WC15,1,PF00704
A0A2N5WUT4,1,PF00704
A0A2N5WVM6,1,PF00704
A0A2N5X2W4,1,PF00704
A0A2N5YIS6,1,PF00704
A0A2N5YNA4,1,PF00704
A0A2N5YPT5,1,PF00704
A0A2N5YZ78,1,PF00704
A0A2N5Z8G3,1,PF00704
A0A2N6A048,1,PF00704
A0A2N6ADF5,1,PF00704
A0A2N6IBR1,1,PF00704
A0A2N6ICP5,1,PF00704
A0A2N6IIK6,1,PF00704
A0A2N6IP85,1,PF00704
A0A2N6PVF9,1,PF00704
A0A2N7BEV3,1,PF00704
A0A2N7BIC9,1,PF00704
A0A2N7BKZ1,1,PF00704
A0A2N7BPL5,2,PF00704
A0A2N7BPL5,2,PF06483
A0A2N7C6B8,1,PF00704
A0A2N7CBN8,1,PF00704
A0A2N7CDY5,2,PF00704
A0A2N7CDY5,2,PF06483
A0A2N7CJR6,1,PF00704
A0A2N7D1I3,1,PF00704
A0A2N7D3B2,2,PF00704
A0A2N7D3B2,2,PF06483
A0A2N7DBA2,1,PF00704
A0A2N7DCD0,1,PF00704
A0A2N7DHP2,1,PF00704
A0A2N7EK32,1,PF00704
A0A2N7FDS7,1,PF00704
A0A2N7FGG7,2,PF00704
A0A2N7FGG7,2,PF06483
A0A2N7FLW5,1,PF00704
A0A2N7GBT0,1,PF00704
A0A2N7GGB3,1,PF00704
A0A2N7GHL7,1,PF00704
A0A2N7HT96,2,PF00704
A0A2N7HT96,2,PF06483
A0A2N7HV47,1,PF00704
A0A2N7I6X9,1,PF00704
A0A2N7I7B6,1,PF00704
A0A2N7I933,2,PF00704
A0A2N7I933,2,PF06483
A0A2N7IHD8,1,PF00704
A0A2N7IJZ0,1,PF00704
A0A2N7JJ78,1,PF00704
A0A2N7JLE1,2,PF00704
A0A2N7JLE1,2,PF06483
A0A2N7JRW3,1,PF00704
A0A2N7JYU8,1,PF00704
A0A2N7K4F6,2,PF00704
A0A2N7K4F6,2,PF06483
A0A2N7L992,1,PF00704
A0A2N7LBA0,1,PF00704
A0A2N7LDU1,1,PF00704
A0A2N7LFL3,1,PF00704
A0A2N7LG23,1,PF00704
A0A2N7LGM6,1,PF00704
A0A2N7N187,1,PF00704
A0A2N7N426,1,PF00704
A0A2N7N460,1,PF00704
A0A2N7N5S7,1,PF00704
A0A2N7N887,1,PF00704
A0A2N7N8E2,2,PF00704
A0A2N7N8E2,2,PF06483
A0A2N7N8W4,1,PF00704
A0A2N7ND49,2,PF00704
A0A2N7ND49,2,PF06483
A0A2N7NKR3,1,PF00704
A0A2N7PXG4,1,PF00704
A0A2N7QDP4,1,PF00704
A0A2N7QMS5,1,PF00704
A0A2N7QPI9,1,PF00704
A0A2N7R2U8,1,PF00704
A0A2N7R3T4,1,PF00704
A0A2N7REM2,1,PF00704
A0A2N7RZG3,1,PF00704
A0A2N7S645,1,PF00704
A0A2N7VZE1,1,PF00704
A0A2N8BU70,1,PF00704
A0A2N8C8A9,1,PF00704
A0A2N8DNM3,1,PF00704
A0A2N8HDT5,1,PF00704
A0A2N8HH52,1,PF00704
A0A2N8KWP8,1,PF00704
A0A2N8KWQ3,1,PF00704
A0A2N8KXU7,1,PF00704
A0A2N8L149,1,PF00704
A0A2N8MHA3,1,PF00704
A0A2N8MIE6,1,PF00704
A0A2N8MJ60,1,PF00704
A0A2N8MLT2,1,PF00704
A0A2N8MNN1,1,PS51910
A0A2N8MY72,1,PF00704
A0A2N8N2J9,1,PF00704
A0A2N8N2N6,1,PF00704
A0A2N8NMX0,1,PF00704
A0A2N8NMZ8,1,PF00704
A0A2N8NP56,1,PF00704
A0A2N8NRT0,1,PF00704
A0A2N8NTM6,1,PF00704
A0A2N8NYU9,1,PF00704
A0A2N8NZV5,1,PF00704
A0A2N8P9D9,1,PF00704
A0A2N8PEV7,1,PF00704
A0A2N8PEW3,1,PF00704
A0A2N8PF43,1,PF00704
A0A2N8PFK3,1,PF00704
A0A2N8PI37,1,PF00704
A0A2N8PIV9,1,PF00704
A0A2N8PN35,1,PS51910
A0A2N8TTX2,1,PF00704
A0A2N8TUZ9,1,PF00704
A0A2N8ZBB0,1,PF00704
A0A2N8ZC50,1,PF00704
A0A2N8ZKK4,1,PF00704
A0A2N8ZKN7,2,PF00704
A0A2N8ZKN7,2,PF06483
A0A2N8ZL38,1,PF00704
A0A2N8ZLE9,1,PF00704
A0A2N9B6P3,1,PF00704
A0A2N9B7X2,1,PF00704
A0A2N9BIN8,1,PF00704
A0A2N9M5D2,2,G3DSA:3.20.20.370
A0A2N9M5D2,2,PF00704
A0A2N9MAJ1,1,PF00704
A0A2N9MIB7,1,PF00704
A0A2N9MLL1,1,PF00704
A0A2N9NXF1,1,PF00704
A0A2N9QRQ0,2,G3DSA:3.20.20.370
A0A2N9QRQ0,2,PF00704
A0A2N9YY51,1,PF00704
A0A2N9Z3X8,1,PF00704
A0A2P0ZI60,1,PF00704
A0A2P0ZI64,1,PF00704
A0A2P0ZI65,1,PF00704
A0A2P1M9F9,1,PF00704
A0A2P1M9G0,1,PF00704
A0A2P1QQ08,1,PF00704
A0A2P1QSD7,1,PF00704
A0A2P1QSR9,1,PF00704
A0A2P1TG24,1,PS51910
A0A2P2BSX1,1,PF00704
A0A2P2CZ14,1,PF00704
A0A2P2D269,1,PF00704
A0A2P2D5N1,1,PF00704
A0A2P2DBS7,1,PF00704
A0A2P2DX65,1,PF00704
A0A2P2E0L2,1,PF00704
A0A2P2FFN1,1,PF00704
A0A2P2FGN5,1,PF00704
A0A2P2FHE2,1,PF00704
A0A2P2FLF5,1,PF00704
A0A2P2FPG4,1,PF00704
A0A2P2FPG8,1,PF00704
A0A2P2FTZ5,1,PS51910
A0A2P2FZD9,1,PF00704
A0A2P2FZY8,1,PF00704
A0A2P2GF93,1,PF00704
A0A2P2GFH1,1,PS51910
A0A2P2GHI9,1,PF00704
A0A2P2GJ74,1,PF00704
A0A2P2GJW2,1,PF00704
A0A2P2GL13,1,PF00704
A0A2P2GP01,1,PF00704
A0A2P2GPQ0,1,PF00704
A0A2P2GQN4,1,PF00704
A0A2P2GVD2,1,PF00704
A0A2P2GWG9,1,PF00704
A0A2P5GIZ4,1,PS51910
A0A2P5GJA1,1,PF00704
A0A2P5GJC2,1,PF00704
A0A2P5KC39,1,PF00704
A0A2P5Z245,1,PS51910
A0A2P5Z369,1,PF00704
A0A2P5Z8U1,1,PF00704
A0A2P6FC62,1,PF00704
A0A2P6FWQ4,1,PF00704
A0A2P6WKG6,2,G3DSA:3.20.20.370
A0A2P6WKG6,2,PF00704
A0A2P7QKI6,1,PF00704
A0A2P7TAI9,1,PF00704
A0A2P7TEB5,1,PF00704
A0A2P7TGB3,1,PF00704
A0A2P7TIQ7,1,PF00704
A0A2P7TMB0,1,PF00704
A0A2P7TNC7,1,PF00704
A0A2P7TVX9,1,PF00704
A0A2P7UKT4,1,PF00704
A0A2P7UWD0,1,PF00704
A0A2P7VCJ8,1,PF00704
A0A2P7VDD4,1,PF00704
A0A2P7VEF5,1,PF00704
A0A2P7VKB2,1,PF00704
A0A2P8AP29,1,PF00704
A0A2P8AQ73,1,PS51910
A0A2P8AXA4,1,PF00704
A0A2P8B4T0,1,PF00704
A0A2P8BBC3,1,PF00704
A0A2P8C6A8,1,PF00704
A0A2P8C7Y0,1,PF00704
A0A2P8CHG8,1,PF00704
A0A2P8CMT8,1,PF00704
A0A2P8D2E5,1,PF00704
A0A2P8DJU5,1,PF00704
A0A2P8DSK2,1,PS51910
A0A2P8DZ94,2,PF00704
A0A2P8E1G6,1,PF00704
A0A2P8FRZ5,1,PS51910
A0A2P8FVM0,1,PF00704
A0A2P8G0T5,1,PF00704
A0A2P8G8H2,1,PF00704
A0A2P8G9L7,2,PF00704
A0A2P8G9V3,1,PF00704
A0A2P8GAJ3,1,PF00704
A0A2P8GM43,1,PF00704
A0A2P8HFD7,2,PF00704
A0A2P8HGQ1,1,PF00704
A0A2P8HJL9,1,PF00704
A0A2P8HKG0,1,PF00704
A0A2P8HPE0,1,PS51910
A0A2P8HRT9,1,PF00704
A0A2P8HZV7,1,PF00704
A0A2P8I7X5,1,PF00704
A0A2P8I983,1,PF00704
A0A2P8IBY0,1,PF00704
A0A2P8IDT9,1,PF00704
A0A2P8IHI8,2,G3DSA:2.10.10.20:FF:000001
A0A2P8IHI8,2,PF00704
A0A2P8IJB0,1,PF00704
A0A2P8LJE6,1,PF00704
A0A2P8MAN9,1,PF00704
A0A2P8MHB3,1,PF00704
A0A2P8PUF3,1,PF00704
A0A2P8PV92,1,PF00704
A0A2P8PWE6,1,PF00704
A0A2P8PZJ3,1,PF00704
A0A2P8Q1F4,1,PF00704
A0A2P8Q862,1,PS51910
A0A2P8QC18,1,PS51910
A0A2P8QPM0,1,PF00704
A0A2P8QPM1,1,PF00704
A0A2P8VH24,1,PF00704
A0A2P9F005,1,PF00704
A0A2P9F305,1,PF00704
A0A2P9FDG2,1,PF00704
A0A2R2IVC9,1,PF00704
A0A2R2IX04,1,PF00704
A0A2R2IYM3,1,PF00704
A0A2R2J238,1,PF00704
A0A2R2W5H0,1,PF00704
A0A2R2ZJI9,1,PF00704
A0A2R3IU73,1,PF00704
A0A2R3MWN6,1,PF00704
A0A2R3MWW9,1,PF00704
A0A2R3P7D7,1,PF00704
A0A2R3QCN7,1,PF00704
A0A2R3Z3H0,1,PF00704
A0A2R4CAI1,1,PF00704
A0A2R4DE76,1,PF00704
A0A2R4FDN3,1,PF00704
A0A2R4FFC1,1,PF00704
A0A2R4FPK6,1,PF00704
A0A2R4FRZ8,1,PF00704
A0A2R4FUE0,1,PF00704
A0A2R4FV18,1,PF00704
A0A2R4JFX5,1,PF00704
A0A2R4MWV5,1,PF00704
A0A2R4T256,1,PF00704
A0A2R4TET6,1,PF00704
A0A2R4TET7,1,PF00704
A0A2R4TEV8,1,PF00704
A0A2R4TEY9,1,PF00704
A0A2R4VYX7,1,PF00704
A0A2R4WZY7,1,PF00704
A0A2R4XH04,1,PF00704
A0A2R5EIP4,1,PF00704
A0A2R5EUY6,1,PF00704
A0A2R5F2R2,1,PF00704
A0A2R5F4P8,1,PF00704
A0A2R5F693,1,PF00704
A0A2R5FJI9,1,PF00704
A0A2R6TWW8,1,PF00704
A0A2R6XXY0,1,PF00704
A0A2R6XY06,1,PF00704
A0A2R6Y1U4,1,PF00704
A0A2R7J1T8,1,PS51910
A0A2R7KHC4,2,G3DSA:3.20.20.370
A0A2R7KHC4,2,PF00704
A0A2R7KXX1,1,PF00704
A0A2R7L4J8,2,G3DSA:3.20.20.370
A0A2R7L4J8,2,PF00704
A0A2R7LLZ1,2,G3DSA:3.20.20.370
A0A2R7LLZ1,2,PS51910
A0A2R7NZ18,2,G3DSA:3.20.20.370
A0A2R7NZ18,2,PF00704
A0A2R7P6K4,1,PF00704
A0A2R7P6Q3,1,PF00704
A0A2R7QR08,1,PF00704
A0A2R7SNK3,1,PF00704
A0A2R7T7G0,1,PS51910
A0A2R7Y8Q1,1,PF00704
A0A2R7Z3Q4,1,PF00704
A0A2R9SM34,2,G3DSA:2.10.10.20:FF:000001
A0A2R9SM34,2,PF00704
A0A2R9SMA4,1,PF00704
A0A2R9SMA5,1,PF00704
A0A2R9SR49,1,PF00704
A0A2R9SRD9,1,PF00704
A0A2R9STZ6,1,PF00704
A0A2R9SUU9,1,PF00704
A0A2R9SWN0,1,PF00704
A0A2R9T1W9,1,PF00704
A0A2R9T296,1,PF00704
A0A2R9T2R7,1,PF00704
A0A2S0HUZ4,1,PF00704
A0A2S0JKJ2,1,PF00704
A0A2S0JQV6,1,PF00704
A0A2S0JSU9,1,PF00704
A0A2S0JY26,1,PF00704
A0A2S0K6G8,1,PF00704
A0A2S0K6K7,1,PF00704
A0A2S0KLY6,1,PS51910
A0A2S0KM27,1,PF00704
A0A2S0KPP8,2,PF00704
A0A2S0KPR0,1,PF00704
A0A2S0LJL8,1,PS51910
A0A2S0M5F9,1,PF00704
A0A2S0M8A3,1,PF00704
A0A2S0PCM1,1,PF00704
A0A2S0Q937,1,PF00704
A0A2S0SC67,1,PF00704
A0A2S0U507,1,PF00704
A0A2S0U6Y9,1,PF00704
A0A2S0UDQ5,1,PF00704
A0A2S0WN51,1,PF00704
A0A2S0WUH2,1,PF00704
A0A2S1B7B4,1,PF00704
A0A2S1H0Z1,1,PF00704
A0A2S1JP16,1,PF00704
A0A2S1JXE7,1,PF00704
A0A2S1MFK7,1,PF00704
A0A2S1SWE5,1,PF00704
A0A2S1SX44,1,PF00704
A0A2S1YU36,1,PF00704
A0A2S1YU70,1,PF00704
A0A2S2E7B9,1,PF00704
A0A2S2G214,1,PF00704
A0A2S2G242,1,PF00704
A0A2S2GAT2,1,PF00704
A0A2S2GBH4,1,PF00704
A0A2S2GC95,1,PF00704
A0A2S2GFN8,1,PF00704
A0A2S2GH27,1,PF00704
A0A2S2GH49,1,PS51910
A0A2S3QBP8,1,PF00704
A0A2S3QEB9,1,PF00704
A0A2S3QEX0,1,PF00704
A0A2S3QIH2,1,PF00704
A0A2S3QKE7,1,PF00704
A0A2S3QV57,1,PF00704
A0A2S3QWE2,1,PF00704
A0A2S3QXX3,2,G3DSA:2.10.10.20:FF:000001
A0A2S3QXX3,2,PF00704
A0A2S3QZ47,1,PF00704
A0A2S3R3I6,2,PF00704
A0A2S3R3I6,2,PF06483
A0A2S3XN69,1,PF00704
A0A2S3XWJ4,1,PF00704
A0A2S3XX28,1,PF00704
A0A2S3Y293,1,PF00704
A0A2S3Y7W2,1,PF00704
A0A2S3Y918,1,PF00704
A0A2S3Y9Z8,1,PF00704
A0A2S3YAP7,1,PF00704
A0A2S3YAU7,1,PF00704
A0A2S3ZSR6,1,PF00704
A0A2S4RRY3,1,PF00704
A0A2S4RS87,1,PF00704
A0A2S4RX84,1,PF00704
A0A2S4XI65,1,PS51910
A0A2S4XLF1,1,PF00704
A0A2S4XM61,1,PF00704
A0A2S4XP51,1,PS51910
A0A2S4XYT2,1,PF00704
A0A2S4Y050,1,PF00704
A0A2S4Y0L0,1,PF00704
A0A2S4Y1M0,1,PS51910
A0A2S4Y9K8,1,PS51910
A0A2S4YAQ7,1,PF00704
A0A2S4YCZ9,1,PS51910
A0A2S4YRH1,1,PF00704
A0A2S4YTB5,1,PS51910
A0A2S4YV58,1,PF00704
A0A2S4YVN0,1,PF00704
A0A2S4Z2R2,1,PF00704
A0A2S4Z435,1,PF00704
A0A2S4Z4H3,1,PS51910
A0A2S4Z790,1,PF00704
A0A2S4Z9X4,1,PS51910
A0A2S4ZAR0,1,PS51910
A0A2S4ZD17,1,PF00704
A0A2S4ZFJ9,1,PF00704
A0A2S4ZMF1,1,PF00704
A0A2S4ZRC5,1,PF00704
A0A2S4ZS77,1,PF00704
A0A2S4ZUZ6,1,PS51910
A0A2S5A1F1,2,G3DSA:3.20.20.370
A0A2S5A1F1,2,PF00704
A0A2S5A5X8,1,PF00704
A0A2S5A604,1,PF00704
A0A2S5A711,1,PF00704
A0A2S5CB02,1,PF00704
A0A2S5CTS1,1,PF00704
A0A2S5CWE7,1,PF00704
A0A2S5CX37,1,PF00704
A0A2S5D2N0,1,PF00704
A0A2S5DAU5,1,PF00704
A0A2S5DFU6,1,PF00704
A0A2S5DFZ8,1,PF00704
A0A2S5DIQ0,1,PF00704
A0A2S5DJM0,1,PF00704
A0A2S5DKE1,1,PF00704
A0A2S5DS95,1,PF00704
A0A2S5G668,1,PF00704
A0A2S5IYV9,1,PS51910
A0A2S5J262,1,PF00704
A0A2S5TJX9,1,PF00704
A0A2S6EYY8,1,PF00704
A0A2S6FUC2,1,PF00704
A0A2S6FZK5,1,PF00704
A0A2S6GEE5,1,PF00704
A0A2S6GF27,1,PF00704
A0A2S6GGC6,1,PF00704
A0A2S6GIL8,1,PF00704
A0A2S6GJH7,1,PF00704
A0A2S6GM90,1,PF00704
A0A2S6GT49,1,PF00704
A0A2S6GT73,1,PF00704
A0A2S6GVD9,1,PF00704
A0A2S6H004,1,PF00704
A0A2S6H006,1,PF00704
A0A2S6H105,1,PS51910
A0A2S6HMA0,1,PF00704
A0A2S6HQE7,1,PF00704
A0A2S6HXW1,1,PF00704
A0A2S6HY21,1,PF00704
A0A2S6I8P4,1,PF00704
A0A2S6I989,1,PF00704
A0A2S6PHS4,1,PF00704
A0A2S6PTP0,1,PF00704
A0A2S6PUI4,1,PF00704
A0A2S6PVD5,1,PF00704
A0A2S6PYD2,1,PF00704
A0A2S6WEN9,1,PF00704
A0A2S6WVV4,1,PF00704
A0A2S6WYK0,1,PF00704
A0A2S6X4M7,1,PF00704
A0A2S6X5H1,1,PF00704
A0A2S6X5M5,1,PF00704
A0A2S6X8C9,1,PF00704
A0A2S6X8D5,1,PF00704
A0A2S6X9S2,1,PF00704
A0A2S6XB39,1,PS51910
A0A2S6XCC9,1,PF00704
A0A2S6XDP6,1,PF00704
A0A2S6XF37,1,PF00704
A0A2S6Z0M3,1,PF00704
A0A2S6ZLH5,1,PF00704
A0A2S6ZW39,1,PF00704
A0A2S7AGU0,1,PF00704
A0A2S7BZL4,1,PF00704
A0A2S7CQE2,1,PF00704
A0A2S7CZ39,1,PF00704
A0A2S7D0N6,1,PF00704
A0A2S7DIC9,1,PF00704
A0A2S7DSZ7,1,PF00704
A0A2S7EV19,1,PF00704
A0A2S7F4P5,1,PF00704
A0A2S7ILA4,1,PF00704
A0A2S7M2A4,1,PF00704
A0A2S7N1W0,1,PF00704
A0A2S7N343,1,PF00704
A0A2S7RTW7,1,PF00704
A0A2S7RU10,1,PF00704
A0A2S7RZR2,1,PF00704
A0A2S7VEJ6,1,PF00704
A0A2S7VI79,1,PF00704
A0A2S7VI96,1,PF00704
A0A2S7VIF8,1,PF00704
A0A2S7VIS8,1,PF00704
A0A2S7VL86,1,PF00704
A0A2S7VP03,1,PF00704
A0A2S7VPW4,2,PF00704
A0A2S7VPW4,2,PF06483
A0A2S7VR76,1,PF00704
A0A2S7VVY7,1,PF00704
A0A2S7VX12,1,PF00704
A0A2S7VX15,2,PF00704
A0A2S7VX15,2,PF06483
A0A2S7VXE8,1,PF00704
A0A2S7W253,1,PF00704
A0A2S7XAZ5,1,PF00704
A0A2S7XBW7,2,PF00704
A0A2S7XBW7,2,PF06483
A0A2S7XDP5,1,PF00704
A0A2S7XHZ1,1,PF00704
A0A2S7XIW4,1,PF00704
A0A2S7XK15,2,PF00704
A0A2S7XK15,2,PF06483
A0A2S7XK82,1,PF00704
A0A2S7XKY8,1,PF00704
A0A2S7YUW4,1,PF00704
A0A2S7Z4E1,1,PF00704
A0A2S7Z778,1,PF00704
A0A2S7ZGT3,1,PF00704
A0A2S7ZNK2,1,PF00704
A0A2S8F397,1,PF00704
A0A2S8FYP0,1,PF00704
A0A2S8GKZ5,1,PF00704
A0A2S8JLK6,1,PF00704
A0A2S8KJ83,2,PF00704
A0A2S8KJ83,2,SSF51445
A0A2S8NY01,1,PF00704
A0A2S8P9M4,1,PF00704
A0A2S8PFK1,1,PF00704
A0A2S8PG34,1,PF00704
A0A2S8PLR7,1,PF00704
A0A2S8PMI3,1,PF00704
A0A2S8PPL4,1,PS51910
A0A2S8Q1B2,1,PF00704
A0A2S8Q1D6,1,PF00704
A0A2S8Q281,1,PF00704
A0A2S8Q306,1,PS51910
A0A2S8Q323,1,PF00704
A0A2S8Q7R3,1,PF00704
A0A2S8Q7T8,1,PF00704
A0A2S8R871,1,PF00704
A0A2S8R9A4,1,PF00704
A0A2S8RDU0,1,PF00704
A0A2S8REC9,1,PF00704
A0A2S8UAB8,2,G3DSA:3.20.20.370
A0A2S8UAB8,2,PF00704
A0A2S8UD57,1,PF00704
A0A2S8USW9,1,PF00704
A0A2S8VIF3,1,PF00704
A0A2S8VNE5,1,PF00704
A0A2S8VSJ7,2,G3DSA:3.20.20.370
A0A2S8VSJ7,2,PF00704
A0A2S8VTG7,1,PF00704
A0A2S8WYJ1,1,PF00704
A0A2S8X1G4,1,PF00704
A0A2S8X3J0,1,PF00704
A0A2S8X3P2,1,PF00704
A0A2S8X7X0,1,PF00704
A0A2S8XDC0,1,PF00704
A0A2S8ZJA8,2,G3DSA:3.20.20.370
A0A2S8ZJA8,2,PF00704
A0A2S8ZZX1,1,PF00704
A0A2S8ZZY1,1,PF00704
A0A2S9B7S2,1,PF00704
A0A2S9CMQ2,2,G3DSA:3.20.20.370
A0A2S9CMQ2,2,PF00704
A0A2S9CSE4,1,PS51910
A0A2S9CSE8,1,PF00704
A0A2S9DKV7,1,PS51910
A0A2S9DSM6,1,PF00704
A0A2S9FLS3,1,PS51910
A0A2S9G602,1,PS51910
A0A2S9HJD7,2,G3DSA:3.20.20.370
A0A2S9HJD7,2,PF00704
A0A2S9HQ48,1,PF00704
A0A2S9HTP2,1,PF00704
A0A2S9HYN5,1,PF00704
A0A2S9PNN9,1,PF00704
A0A2S9PPR3,1,PF00704
A0A2S9PQK1,1,PF00704
A0A2S9PQM7,1,PF00704
A0A2S9PU28,1,PF00704
A0A2S9PWU0,1,PF00704
A0A2S9X021,1,PF00704
A0A2S9X2J6,1,PF00704
A0A2S9X3Y9,1,PF00704
A0A2S9X7F2,1,PF00704
A0A2T0ASE2,1,PF00704
A0A2T0AUY8,1,PF00704
A0A2T0AZA0,1,PF00704
A0A2T0B408,1,PF00704
A0A2T0B5E3,1,PF00704
A0A2T0B714,1,PF00704
A0A2T0BBV7,1,PF00704
A0A2T0BNN4,1,PF00704
A0A2T0GS36,1,PF00704
A0A2T0GT92,1,PF00704
A0A2T0I5Y6,1,PF00704
A0A2T0K8D9,1,PF00704
A0A2T0KB56,1,PF00704
A0A2T0KB58,1,PF00704
A0A2T0KBP6,1,PS51910
A0A2T0KC03,1,PF00704
A0A2T0KEB5,1,PS51910
A0A2T0KGN2,1,PF00704
A0A2T0KJ58,1,PF00704
A0A2T0KJS1,1,PF00704
A0A2T0LAV8,1,PF00704
A0A2T0LQY7,1,PF00704
A0A2T0M4S1,1,PF00704
A0A2T0M4V2,1,PF00704
A0A2T0M500,1,PS51910
A0A2T0N8Z6,1,PF00704
A0A2T0N9Q6,1,PF00704
A0A2T0Q9C1,1,PF00704
A0A2T0QA00,1,PF00704
A0A2T0QCP9,1,PS51910
A0A2T0QDY0,1,PF00704
A0A2T0QFM6,1,PF00704
A0A2T0RCA8,1,PF00704
A0A2T0REB6,1,PF00704
A0A2T0S6E8,1,PS51910
A0A2T0S887,1,PF00704
A0A2T0S9Q4,1,PF00704
A0A2T0SDF3,1,PF00704
A0A2T0SDF6,1,PS51910
A0A2T0SDG4,1,PF00704
A0A2T0SJ27,1,PF00704
A0A2T0SQX3,1,PF00704
A0A2T0SRX8,1,PF00704
A0A2T0SVP8,1,PF00704
A0A2T0SWL2,1,PF00704
A0A2T0SWL6,1,PS51910
A0A2T0T0I3,2,G3DSA:3.20.20.370
A0A2T0T0I3,2,PF00704
A0A2T0T2W8,1,PF00704
A0A2T0T6M0,1,PF00704
A0A2T0T9S5,1,PF00704
A0A2T0TC75,1,PF00704
A0A2T0TDM9,1,PF00704
A0A2T0TE62,1,PS51910
A0A2T0TEA6,1,PF00704
A0A2T0UAF2,1,PF00704
A0A2T0URM3,1,PF00704
A0A2T0WP89,1,PF00704
A0A2T0WPZ3,1,PF00704
A0A2T0WVL3,1,PF00704
A0A2T0XVF8,1,PF00704
A0A2T0Y4Q6,1,PF00704
A0A2T0Y585,1,PF00704
A0A2T0YKH8,1,PS51910
A0A2T2V9Y2,1,PF00704
A0A2T2VTL4,1,PF00704
A0A2T2WF21,1,PF00704
A0A2T2WF44,1,PF00704
A0A2T2WGF5,1,PF00704
A0A2T2WHY9,1,PF00704
A0A2T2WMT3,1,PF00704
A0A2T2WNE9,1,PF00704
A0A2T2WNM4,1,PF00704
A0A2T2WQZ4,1,PF00704
A0A2T2WW29,1,PF00704
A0A2T2WWT7,1,PF00704
A0A2T2WXT8,1,PF00704
A0A2T2WZP6,1,PF00704
A0A2T2WZQ7,1,PF00704
A0A2T2X0P9,1,PF00704
A0A2T2X3E6,1,PF00704
A0A2T2X5G7,1,PF00704
A0A2T2X5W2,1,PF00704
A0A2T2X736,1,PF00704
A0A2T2X780,1,PF00704
A0A2T2X8Z0,1,PF00704
A0A2T2XB25,1,PF00704
A0A2T2XD65,1,PF00704
A0A2T2XIX0,1,PF00704
A0A2T2XJK9,1,PF00704
A0A2T2XLR8,1,PF00704
A0A2T2XM68,1,PF00704
A0A2T2Y390,1,PF00704
A0A2T2YH34,1,PF00704
A0A2T2YH38,1,PF00704
A0A2T2YIE1,1,PF00704
A0A2T3FKA1,1,PF00704
A0A2T3HJQ5,1,PF00704
A0A2T3HJR1,1,PF00704
A0A2T3HJU9,1,PF00704
A0A2T3HRS9,1,PF00704
A0A2T3HTU7,1,PF00704
A0A2T3HUE0,1,PF00704
A0A2T3HZR1,1,PF00704
A0A2T3I2G6,1,PF00704
A0A2T3IKA9,1,PF00704
A0A2T3ILP5,1,PF00704
A0A2T3IMD4,2,PF00704
A0A2T3IMD4,2,PF06483
A0A2T3IQQ4,1,PF00704
A0A2T3ITC6,1,PF00704
A0A2T3IZU3,2,PF00704
A0A2T3IZU3,2,PF06483
A0A2T3J165,1,PF00704
A0A2T3J396,1,PF00704
A0A2T3J5I5,1,PF00704
A0A2T3J636,1,PF00704
A0A2T3J8X3,1,PF00704
A0A2T3JK33,2,PF00704
A0A2T3JK33,2,PF06483
A0A2T3JK58,1,PF00704
A0A2T3JKY0,1,PF00704
A0A2T3JQA8,1,PF00704
A0A2T3JQH1,1,PF00704
A0A2T3JV06,1,PF00704
A0A2T3KFH0,1,PF00704
A0A2T3KFQ0,1,PF00704
A0A2T3KPH1,1,PF00704
A0A2T3KUL8,1,PF00704
A0A2T3KV12,2,PF00704
A0A2T3KV12,2,PF06483
A0A2T3KVH2,1,PF00704
A0A2T3KWZ2,1,PF00704
A0A2T3KYB3,1,PF00704
A0A2T3KZ88,1,PF00704
A0A2T3L7I0,1,PF00704
A0A2T3L9N0,2,PF00704
A0A2T3L9N0,2,PF06483
A0A2T3L9N9,1,PF00704
A0A2T3LG28,1,PF00704
A0A2T3LGM2,1,PF00704
A0A2T3LGW2,1,PF00704
A0A2T3LIR2,1,PF00704
A0A2T3LJM1,2,PF00704
A0A2T3LJM1,2,PF06483
A0A2T3LMS7,1,PF00704
A0A2T3LPD9,1,PF00704
A0A2T3LPU8,1,PF00704
A0A2T3M4P2,1,PF00704
A0A2T3M5E6,3,PF00704
A0A2T3M5E6,3,PTHR22595
A0A2T3M7W2,1,PF00704
A0A2T3M9N8,1,PF00704
A0A2T3MB46,2,PF00704
A0A2T3MB46,2,PF06483
A0A2T3MEQ0,1,PF00704
A0A2T3MHR2,1,PF00704
A0A2T3MJB1,1,PF00704
A0A2T3MMM4,1,PF00704
A0A2T3MMV7,1,PF00704
A0A2T3MN14,1,PF00704
A0A2T3MRB9,1,PF00704
A0A2T3MUV7,2,PF00704
A0A2T3MUV7,2,PF06483
A0A2T3MUY0,1,PF00704
A0A2T3MYX6,1,PF00704
A0A2T3N733,2,PF00704
A0A2T3N733,2,PF06483
A0A2T3NLM8,1,PF00704
A0A2T3NUC0,1,PF00704
A0A2T3NW50,1,PF00704
A0A2T3NWF6,1,PF00704
A0A2T3NWH4,1,PF00704
A0A2T3NZ72,1,PF00704
A0A2T3P176,1,PS51910
A0A2T3P4J2,1,PF00704
A0A2T3QB87,1,PF00704
A0A2T3QM45,2,PF00704
A0A2T3QM45,2,PF06483
A0A2T3QN92,1,PF00704
A0A2T3QNV3,1,PF00704
A0A2T3QPF1,1,PF00704
A0A2T3W644,1,PF00704
A0A2T3W9V9,1,PF00704
A0A2T4HJ61,2,G3DSA:3.20.20.370
A0A2T4HJ61,2,PF00704
A0A2T4N0W8,1,PF00704
A0A2T4N0X0,1,PF00704
A0A2T4N1N4,1,PF00704
A0A2T4N1U6,1,PF00704
A0A2T4NF06,1,PF00704
A0A2T4NL60,1,PF00704
A0A2T4NM18,1,PF00704
A0A2T4T6S0,1,PF00704
A0A2T4TAB1,1,PF00704
A0A2T4TFW8,2,G3DSA:3.20.20.370
A0A2T4TFW8,2,PF00704
A0A2T4V3J8,1,PF00704
A0A2T4V3J9,1,PF00704
A0A2T4V404,1,PF00704
A0A2T4V6F9,1,PF00704
A0A2T4VAT7,1,PF00704
A0A2T4VB38,1,PF00704
A0A2T4VEZ2,1,PF00704
A0A2T4VGM0,1,PF00704
A0A2T4VS67,1,PF00704
A0A2T4Y0F2,1,PF00704
A0A2T4Y1R3,1,PF00704
A0A2T4YM35,2,G3DSA:3.20.20.370
A0A2T4YM35,2,PF00704
A0A2T4Z0E9,1,PF00704
A0A2T5AED3,1,PS51910
A0A2T5AHX3,1,PF00704
A0A2T5ALU1,1,PF00704
A0A2T5ASZ9,1,PF00704
A0A2T5AWT3,1,PF00704
A0A2T5AZU0,1,PS51910
A0A2T5B6A4,1,PF00704
A0A2T5BJP1,1,PF00704
A0A2T5BLB1,1,PS51910
A0A2T5C679,1,PF00704
A0A2T5DDZ0,1,PF00704
A0A2T5DGD3,1,PF00704
A0A2T5DZE6,1,PF00704
A0A2T5E5W4,1,PF00704
A0A2T5E9I1,1,PF00704
A0A2T5EBZ3,2,PF00704
A0A2T5EBZ3,2,PF06483
A0A2T5EHT1,1,PF00704
A0A2T5EY33,1,PF00704
A0A2T5F0P2,1,PF00704
A0A2T5F201,2,PF00704
A0A2T5F201,2,PF06483
A0A2T5GIS0,2,G3DSA:3.20.20.370
A0A2T5GIS0,2,PF00704
A0A2T5H001,2,G3DSA:3.20.20.370
A0A2T5H001,2,PF00704
A0A2T5J852,2,G3DSA:3.20.20.370
A0A2T5J852,2,PF00704
A0A2T5JM55,1,PF00704
A0A2T5JW33,1,PF00704
A0A2T5MED7,2,G3DSA:3.20.20.370
A0A2T5MED7,2,PF00704
A0A2T5NDM0,1,PF00704
A0A2T5NJ54,1,PF00704
A0A2T5NK45,1,PF00704
A0A2T5NL71,1,PF00704
A0A2T5TYS6,2,G3DSA:3.20.20.370
A0A2T5TYS6,2,PF00704
A0A2T6AMG2,1,PF00704
A0A2T6ASF3,1,PF00704
A0A2T6C898,1,PF00704
A0A2T6CY30,2,G3DSA:3.20.20.370
A0A2T6CY30,2,PF00704
A0A2T6CY94,2,PF00704
A0A2T6CY94,2,SSF51989
A0A2T6FED7,1,PF00704
A0A2T6FJK2,1,PF00704
A0A2T6FMW9,1,PF00704
A0A2T6FQ57,1,PF00704
A0A2T6FQF3,1,PF00704
A0A2T6FQR8,1,PF00704
A0A2T6FR93,1,PF00704
A0A2T6FU35,1,PF00704
A0A2T6FU68,1,PF00704
A0A2T6FVY0,1,PF00704
A0A2T6G1E8,1,PF00704
A0A2T6G5M8,1,PF00704
A0A2T6G762,1,PF00704
A0A2T6G9L8,1,PF00704
A0A2T6GAJ3,1,PF00704
A0A2T6GBX5,1,PF00704
A0A2T6GN58,1,PF00704
A0A2T6K0X7,1,PF00704
A0A2T6L1V8,1,PS51910
A0A2T6L7I6,1,PF00704
A0A2T6LF48,1,PF00704
A0A2T6LF94,1,PF00704
A0A2T6X4W1,1,PF00704
A0A2T7ARB3,1,PF00704
A0A2T7BA21,1,PF00704
A0A2T7BH97,1,PF00704
A0A2T7BIG7,1,PF00704
A0A2T7BJ70,1,PF00704
A0A2T7BJ99,1,PF00704
A0A2T7J335,1,PF00704
A0A2T7KJB8,1,PF00704
A0A2T7KJI6,1,PF00704
A0A2T7KSH0,1,PF00704
A0A2T7KXY8,1,PF00704
A0A2T7L1E9,1,PF00704
A0A2T7L1F5,1,PF00704
A0A2T7L1L5,1,PF00704
A0A2T7L6A0,1,PF00704
A0A2T7L6H0,1,PF00704
A0A2T7LH66,1,PF00704
A0A2T7LPN6,1,PF00704
A0A2T7LSC4,1,PS51910
A0A2T7LT80,1,PF00704
A0A2T7LW51,1,PF00704
A0A2T7LWQ0,1,PF00704
A0A2T7LXJ4,1,PF00704
A0A2T7LZR1,1,PF00704
A0A2T7M2H8,1,PF00704
A0A2T7M2W8,1,PF00704
A0A2T7M2Y8,1,PF00704
A0A2T7M6C9,1,PS51910
A0A2T7M799,1,PF00704
A0A2T7MT31,1,PF00704
A0A2T7MT46,1,PF00704
A0A2T7MV02,1,PF00704
A0A2T7MWF2,1,PF00704
A0A2T7QAY1,1,PF00704
A0A2T7QB04,1,PF00704
A0A2T7T3P6,1,PF00704
A0A2T7T897,1,PF00704
A0A2T7T8W5,1,PF00704
A0A2T7TA54,1,PF00704
A0A2T7TDA3,1,PS51910
A0A2T7TDZ6,1,PF00704
A0A2T7TJQ3,1,PF00704
A0A2T7VA92,2,G3DSA:3.20.20.370
A0A2T7VA92,2,PF00704
A0A2T8THC5,1,PF00704
A0A2T8XCP6,1,PF00704
A0A2T9I1Y0,1,PF00704
A0A2T9JDR9,1,PS51910
A0A2T9JQ19,2,G3DSA:3.20.20.370
A0A2T9JQ19,2,PF00704
A0A2T9K1B7,2,G3DSA:3.20.20.370
A0A2T9K1B7,2,PF00704
A0A2T9K3K8,1,PS51910
A0A2T9QE00,1,PF00704
A0A2T9VDN2,1,PF00704
A0A2T9VG44,1,PF00704
A0A2U0E218,2,G3DSA:3.20.20.370
A0A2U0E218,2,PF00704
A0A2U0SDR4,2,G3DSA:3.20.20.370
A0A2U0SDR4,2,PS51910
A0A2U0SW00,1,PF00704
A0A2U0SYB9,1,PF00704
A0A2U0T1S6,1,PF00704
A0A2U0TP36,1,PF00704
A0A2U1CEG9,1,PF00704
A0A2U1CGU3,1,PF00704
A0A2U1CQY6,1,PF00704
A0A2U1JLP9,1,PF00704
A0A2U1JWS7,1,PF00704
A0A2U1K522,1,PF00704
A0A2U1QRS7,1,PF00704
A0A2U1QTQ8,2,G3DSA:3.20.20.370
A0A2U1QTQ8,2,PF00704
A0A2U1QUU5,1,PF00704
A0A2U1QV18,2,PF00704
A0A2U1R3K3,1,PF00704
A0A2U2B7Y2,1,PF00704
A0A2U2BBC3,1,PF00704
A0A2U2DD21,1,PF00704
A0A2U2EFI5,1,PF00704
A0A2U2PEX8,1,PF00704
A0A2U2PGL8,1,PF00704
A0A2U2PKL3,1,PF00704
A0A2U2PKM2,2,PF00704
A0A2U2PKM2,2,SSF51445
A0A2U2S130,1,PF00704
A0A2U2SPT5,2,PF00704
A0A2U2SPT5,2,SSF51445
A0A2U2Z0T4,1,PF00704
A0A2U2ZEM4,1,PF00704
A0A2U2ZHJ6,1,PF00704
A0A2U2ZPF4,1,PS51910
A0A2U2ZTD0,1,PF00704
A0A2U2ZZQ2,1,PF00704
A0A2U3A0F4,1,PS51910
A0A2U3A155,1,PS51910
A0A2U3A5K1,1,PF00704
A0A2U3C100,1,PF00704
A0A2U3C150,1,PF00704
A0A2U3C4C3,1,PF00704
A0A2U3C721,1,PS51910
A0A2U3C8N5,1,PF00704
A0A2U3C8N6,1,PS51910
A0A2U3D7S2,1,PF00704
A0A2U3DBN3,1,PF00704
A0A2U3DC99,1,PF00704
A0A2U3EVC7,1,PF00704
A0A2U3H2N5,1,PF00704
A0A2U3H2T7,1,PF00704
A0A2U3HBD6,1,PF00704
A0A2U3HC52,1,PF00704
A0A2U3IEP2,1,PF00704
A0A2U3K4R4,1,PF00704
A0A2U3KDD6,1,PF00704
A0A2U3KH57,1,PF00704
A0A2U3KJ73,1,PF00704
A0A2U3KNS7,1,PF00704
A0A2U3KSL9,1,PF00704
A0A2U3L0E3,2,G3DSA:3.20.20.370
A0A2U3L0E3,2,PF00704
A0A2U3L3U1,1,PF00704
A0A2U3LKN6,1,PF00704
A0A2U3LM14,1,PF00704
A0A2U3LQE8,1,PF00704
A0A2U8DPM0,1,PF00704
A0A2U8DQL8,1,PF00704
A0A2U8DS95,1,PF00704
A0A2U8DUG7,1,PF00704
A0A2U8DUS3,1,PF00704
A0A2U8JPW0,1,PF00704
A0A2U8JPW8,1,PF00704
A0A2U8N536,1,PF00704
A0A2U8TQ40,1,PF00704
A0A2U9NX89,1,PF00704
A0A2U9P1S8,1,PF00704
A0A2U9P2Q7,1,PS51910
A0A2U9P5Y6,1,PF00704
A0A2U9P7N0,1,PF00704
A0A2U9P9P3,1,PF00704
A0A2U9PA59,1,PS51910
A0A2U9PE75,1,PF00704
A0A2U9T290,1,PF00704
A0A2U9TB29,1,PS51910
A0A2V1IW03,1,PF00704
A0A2V1JUH8,1,PF00704
A0A2V1NCW2,1,PF00704
A0A2V2AM31,1,PF00704
A0A2V2ANU7,1,PF00704
A0A2V2AX04,1,PF00704
A0A2V2AY16,1,PF00704
A0A2V2AZ85,1,PF00704
A0A2V2B046,1,PF00704
A0A2V2B2I4,1,PF00704
A0A2V2B3K5,1,PS51910
A0A2V2CKD7,1,PF00704
A0A2V2D618,1,PF00704
A0A2V2DG69,1,PF00704
A0A2V2E3Z3,1,PF00704
A0A2V2E4W7,1,PF00704
A0A2V2F879,1,PF00704
A0A2V2FCG2,1,PF00704
A0A2V2G3K4,1,PF00704
A0A2V2G726,1,PF00704
A0A2V2GM31,1,PF00704
A0A2V2PNF6,1,PF00704
A0A2V2PWJ5,1,PF00704
A0A2V2Q1N7,1,PF00704
A0A2V2Q555,1,PF00704
A0A2V2Q675,1,PF00704
A0A2V2Q6X6,1,PF00704
A0A2V2Q9M5,1,PF00704
A0A2V2QJR1,1,PF00704
A0A2V2YMP5,1,PF00704
A0A2V2YPM8,1,PF00704
A0A2V2YSK2,1,PF00704
A0A2V2YWY9,1,PF00704
A0A2V2YYD3,1,PF00704
A0A2V2YYH2,1,PF00704
A0A2V2ZIG0,2,G3DSA:3.20.20.370
A0A2V2ZIG0,2,PF00704
A0A2V2ZNB5,1,PF00704
A0A2V2ZNF0,1,PF00704
A0A2V2ZP93,1,PF00704
A0A2V2ZSR8,1,PF00704
A0A2V2ZZA8,1,PF00704
A0A2V2ZZC1,1,PF00704
A0A2V3A5A1,1,PF00704
A0A2V3A5L8,2,G3DSA:3.20.20.370
A0A2V3A5L8,2,PF00704
A0A2V3DV80,1,PS51910
A0A2V3DVQ5,1,PF00704
A0A2V3DW99,1,PF00704
A0A2V3PJP0,1,PF00704
A0A2V3PKR0,1,PF00704
A0A2V3VNZ1,1,PF00704
A0A2V3Y5M0,1,PF00704
A0A2V3Y6U8,1,PF00704
A0A2V4AQB8,1,PF00704
A0A2V4BK60,1,PF00704
A0A2V4C4E9,1,PF00704
A0A2V4C7L2,1,PF00704
A0A2V4C860,2,PF00704
A0A2V4C8L8,1,PF00704
A0A2V4HP30,1,PF00704
A0A2V4MTD7,1,PF00704
A0A2V4MVL3,1,PF00704
A0A2V4MYU2,1,PF00704
A0A2V4N1Y6,1,PF00704
A0A2V4N3H6,1,PF00704
A0A2V4N7P5,2,PF00704
A0A2V4N7P5,2,PF06483
A0A2V4N8K6,1,PF00704
A0A2V4NEE1,1,PF00704
A0A2V4NES4,1,PS51910
A0A2V4NIF3,1,PF00704
A0A2V4NP53,1,PF00704
A0A2V4NSL7,1,PF00704
A0A2V4P2X1,1,PF00704
A0A2V4P4S8,1,PF00704
A0A2V4P6M2,1,PF00704
A0A2V4QFL1,1,PF00704
A0A2V4VB90,1,PF00704
A0A2V4VU21,1,PF00704
A0A2V4WPY8,1,PF00704
A0A2V5IXM1,2,G3DSA:3.20.20.370
A0A2V5IXM1,2,PF00704
A0A2V5JSG0,2,G3DSA:3.20.20.370
A0A2V5JSG0,2,PF00704
A0A2V5JVJ8,1,PF00704
A0A2V5K7L0,1,PF00704
A0A2V5K9W0,1,PF00704
A0A2V5KAH5,2,G3DSA:3.20.20.370
A0A2V5KAH5,2,PF00704
A0A2V5KJM1,1,PF00704
A0A2V5KLH5,1,PF00704
A0A2V5KT62,2,G3DSA:3.20.20.370
A0A2V5KT62,2,PF00704
A0A2V5KVW5,1,PF00704
A0A2V5KXS0,1,PF00704
A0A2V5KZW8,2,G3DSA:3.20.20.370
A0A2V5KZW8,2,PF00704
A0A2V5LSN7,2,G3DSA:3.20.20.370
A0A2V5LSN7,2,PF00704
A0A2V5M1E5,1,PS51910
A0A2V5M8A6,2,G3DSA:3.20.20.370
A0A2V5M8A6,2,PF00704
A0A2V5M9G9,1,PF00704
A0A2V5MAP9,2,G3DSA:3.20.20.370
A0A2V5MAP9,2,PF00704
A0A2V5MJ33,2,G3DSA:3.20.20.370
A0A2V5MJ33,2,PF00704
A0A2V5N013,1,PF00704
A0A2V5NN71,2,G3DSA:3.20.20.370
A0A2V5NN71,2,PF00704
A0A2V5NSA5,2,G3DSA:3.20.20.370
A0A2V5NSA5,2,PF00704
A0A2V5NWK9,2,G3DSA:3.20.20.370
A0A2V5NWK9,2,PF00704
A0A2V5NX78,2,G3DSA:3.20.20.370
A0A2V5NX78,2,PF00704
A0A2V5PEJ0,2,G3DSA:3.20.20.370
A0A2V5PEJ0,2,PF00704
A0A2V5Q7K0,2,G3DSA:3.20.20.370
A0A2V5Q7K0,2,PF00704
A0A2V5Q7X5,2,G3DSA:3.20.20.370
A0A2V5Q7X5,2,PF00704
A0A2V5QAR8,2,G3DSA:3.20.20.370
A0A2V5QAR8,2,PF00704
A0A2V5QBP9,2,G3DSA:3.20.20.370
A0A2V5QBP9,2,PF00704
A0A2V5QKG5,2,G3DSA:3.20.20.370
A0A2V5QKG5,2,PF00704
A0A2V5R7N3,2,G3DSA:3.20.20.370
A0A2V5R7N3,2,PF00704
A0A2V5RC42,2,G3DSA:3.20.20.370
A0A2V5RC42,2,PF00704
A0A2V5RJA5,2,G3DSA:3.20.20.370
A0A2V5RJA5,2,PF00704
A0A2V5RNC2,2,G3DSA:3.20.20.370
A0A2V5RNC2,2,PF00704
A0A2V5S575,2,G3DSA:3.20.20.370
A0A2V5S575,2,PF00704
A0A2V5S819,2,G3DSA:3.20.20.370
A0A2V5S819,2,PF00704
A0A2V5SDM9,2,G3DSA:3.20.20.370
A0A2V5SDM9,2,PF00704
A0A2V5SPK3,2,G3DSA:3.20.20.370
A0A2V5SPK3,2,PF00704
A0A2V5T2P4,1,PF00704
A0A2V5TBS2,2,G3DSA:3.20.20.370
A0A2V5TBS2,2,PF00704
A0A2V5TGI9,2,G3DSA:3.20.20.370
A0A2V5TGI9,2,PF00704
A0A2V5UBG7,2,G3DSA:3.20.20.370
A0A2V5UBG7,2,PF00704
A0A2V5UKJ3,1,PS51910
A0A2V5ULS1,2,G3DSA:3.20.20.370
A0A2V5ULS1,2,PF00704
A0A2V5VK38,2,G3DSA:3.20.20.370
A0A2V5VK38,2,PF00704
A0A2V5VP56,2,G3DSA:3.20.20.370
A0A2V5VP56,2,PF00704
A0A2V5WB17,2,G3DSA:3.20.20.370
A0A2V5WB17,2,PF00704
A0A2V5WJI0,2,G3DSA:3.20.20.370
A0A2V5WJI0,2,PF00704
A0A2V5WKW2,2,G3DSA:3.20.20.370
A0A2V5WKW2,2,PF00704
A0A2V5X6D5,2,G3DSA:3.20.20.370
A0A2V5X6D5,2,PF00704
A0A2V5XQ85,2,G3DSA:3.20.20.370
A0A2V5XQ85,2,PF00704
A0A2V5XRD9,1,PF00704
A0A2V5XUV2,2,G3DSA:3.20.20.370
A0A2V5XUV2,2,PF00704
A0A2V5Y4U0,2,G3DSA:3.20.20.370
A0A2V5Y4U0,2,PF00704
A0A2V5Y5U5,1,PF00704
A0A2V5YFS8,2,G3DSA:3.20.20.370
A0A2V5YFS8,2,PF00704
A0A2V5YM89,2,G3DSA:3.20.20.370
A0A2V5YM89,2,PF00704
A0A2V5Z2J3,2,G3DSA:3.20.20.370
A0A2V5Z2J3,2,PF00704
A0A2V5Z950,2,G3DSA:3.20.20.370
A0A2V5Z950,2,PF00704
A0A2V5ZRV4,2,G3DSA:3.20.20.370
A0A2V5ZRV4,2,PF00704
A0A2V5ZU05,2,G3DSA:3.20.20.370
A0A2V5ZU05,2,PF00704
A0A2V5ZX87,2,G3DSA:3.20.20.370
A0A2V5ZX87,2,PF00704
A0A2V6A7L8,2,G3DSA:3.20.20.370
A0A2V6A7L8,2,PF00704
A0A2V6A8J1,2,G3DSA:3.20.20.370
A0A2V6A8J1,2,PF00704
A0A2V6ANR5,2,G3DSA:3.20.20.370
A0A2V6ANR5,2,PF00704
A0A2V6AV14,1,PF00704
A0A2V6B9K9,2,G3DSA:3.20.20.370
A0A2V6B9K9,2,PF00704
A0A2V6BJ82,2,G3DSA:3.20.20.370
A0A2V6BJ82,2,PF00704
A0A2V6BRJ1,2,G3DSA:3.20.20.370
A0A2V6BRJ1,2,PF00704
A0A2V6BTJ0,2,G3DSA:3.20.20.370
A0A2V6BTJ0,2,PF00704
A0A2V6CN87,2,G3DSA:3.20.20.370
A0A2V6CN87,2,PF00704
A0A2V6D0P9,2,G3DSA:3.20.20.370
A0A2V6D0P9,2,PF00704
A0A2V6D7X4,2,G3DSA:3.20.20.370
A0A2V6D7X4,2,PF00704
A0A2V6DIF0,2,G3DSA:3.20.20.370
A0A2V6DIF0,2,PF00704
A0A2V6DPV3,1,PF00704
A0A2V6DXS9,2,G3DSA:3.20.20.370
A0A2V6DXS9,2,PF00704
A0A2V6EJP6,2,G3DSA:3.20.20.370
A0A2V6EJP6,2,PF00704
A0A2V6EMZ9,2,G3DSA:3.20.20.370
A0A2V6EMZ9,2,PF00704
A0A2V6F7C6,2,G3DSA:3.20.20.370
A0A2V6F7C6,2,PF00704
A0A2V6FME6,2,G3DSA:3.20.20.370
A0A2V6FME6,2,PF00704
A0A2V6G091,2,G3DSA:3.20.20.370
A0A2V6G091,2,PF00704
A0A2V6G0W6,2,G3DSA:3.20.20.370
A0A2V6G0W6,2,PF00704
A0A2V6GEP1,2,G3DSA:3.20.20.370
A0A2V6GEP1,2,PF00704
A0A2V6GIP5,2,G3DSA:3.20.20.370
A0A2V6GIP5,2,PF00704
A0A2V6GJK8,2,G3DSA:3.20.20.370
A0A2V6GJK8,2,PF00704
A0A2V6H1J8,1,PF00704
A0A2V6I2E8,2,G3DSA:3.20.20.370
A0A2V6I2E8,2,PF00704
A0A2V6I3Q5,2,G3DSA:3.20.20.370
A0A2V6I3Q5,2,PF00704
A0A2V6IJ57,2,G3DSA:3.20.20.370
A0A2V6IJ57,2,PF00704
A0A2V6IUE1,1,PF00704
A0A2V6J4P0,2,G3DSA:3.20.20.370
A0A2V6J4P0,2,PF00704
A0A2V6JC17,2,G3DSA:3.20.20.370
A0A2V6JC17,2,PF00704
A0A2V6JJG1,2,G3DSA:3.20.20.370
A0A2V6JJG1,2,PF00704
A0A2V6JRZ4,1,PF00704
A0A2V6K3Q5,2,G3DSA:3.20.20.370
A0A2V6K3Q5,2,PF00704
A0A2V6KI09,2,G3DSA:3.20.20.370
A0A2V6KI09,2,PF00704
A0A2V6KSG9,1,PF00704
A0A2V6KWL6,2,G3DSA:3.20.20.370
A0A2V6KWL6,2,PF00704
A0A2V6LA49,2,G3DSA:3.20.20.370
A0A2V6LA49,2,PF00704
A0A2V6LE46,2,G3DSA:3.20.20.370
A0A2V6LE46,2,PF00704
A0A2V6LNA8,2,G3DSA:3.20.20.370
A0A2V6LNA8,2,PF00704
A0A2V6LNE1,1,PF00704
A0A2V6M1K1,2,G3DSA:3.20.20.370
A0A2V6M1K1,2,PF00704
A0A2V6M4M0,1,PF00704
A0A2V6MIV7,2,G3DSA:3.20.20.370
A0A2V6MIV7,2,PF00704
A0A2V6ML93,1,PF00704
A0A2V6MLZ0,2,G3DSA:3.20.20.370
A0A2V6MLZ0,2,PF00704
A0A2V6MTF8,1,PF00704
A0A2V6N1D9,2,G3DSA:3.20.20.370
A0A2V6N1D9,2,PF00704
A0A2V6N710,2,G3DSA:3.20.20.370
A0A2V6N710,2,PF00704
A0A2V6NAF1,2,G3DSA:3.20.20.370
A0A2V6NAF1,2,PF00704
A0A2V6NCV1,2,G3DSA:3.20.20.370
A0A2V6NCV1,2,PF00704
A0A2V6NVT5,1,PS51910
A0A2V6P144,1,PF00704
A0A2V6P4P4,2,G3DSA:3.20.20.370
A0A2V6P4P4,2,PF00704
A0A2V6P7E7,2,G3DSA:3.20.20.370
A0A2V6P7E7,2,PF00704
A0A2V7E9V7,1,PF00704
A0A2V7EET6,1,PF00704
A0A2V7G4P5,2,G3DSA:3.20.20.370
A0A2V7G4P5,2,PF00704
A0A2V7GML6,1,PF00704
A0A2V7GPX4,2,G3DSA:3.20.20.370
A0A2V7GPX4,2,PF00704
A0A2V7H227,1,PF00704
A0A2V7HLL0,1,PF00704
A0A2V7IC93,1,PF00704
A0A2V7J847,1,PF00704
A0A2V7JJQ5,1,PF00704
A0A2V7JKD4,1,PF00704
A0A2V7K924,1,PF00704
A0A2V7L9C3,2,G3DSA:3.20.20.370
A0A2V7L9C3,2,PF00704
A0A2V7LIF8,1,PF00704
A0A2V7M1E4,1,PF00704
A0A2V7MFP0,1,PF00704
A0A2V7MIY8,1,PF00704
A0A2V7RSB1,2,G3DSA:3.20.20.370
A0A2V7RSB1,2,PF00704
A0A2V7RWY3,1,PF00704
A0A2V7S005,1,PF00704
A0A2V7SE14,2,G3DSA:3.20.20.370
A0A2V7SE14,2,PF00704
A0A2V7SPK9,2,G3DSA:3.20.20.370
A0A2V7SPK9,2,PS51910
A0A2V7TXT6,1,PF00704
A0A2V7TZ91,1,PF00704
A0A2V7V7Q3,1,PF00704
A0A2V7V8K0,1,PF00704
A0A2V7VJ92,1,PF00704
A0A2V7VV71,1,PS51910
A0A2V7VYK2,1,PF00704
A0A2V7WKU7,2,G3DSA:3.20.20.370
A0A2V7WKU7,2,PF00704
A0A2V7XB87,1,PF00704
A0A2V7XGK5,1,PF00704
A0A2V7XRQ5,1,PF00704
A0A2V7XUZ8,1,PF00704
A0A2V7Y081,1,PF00704
A0A2V7Y0X7,1,PF00704
A0A2V7Y699,1,PF00704
A0A2V7YG60,1,PF00704
A0A2V7YYH4,1,PF00704
A0A2V8GHU2,1,PF00704
A0A2V8L899,2,G3DSA:3.20.20.370
A0A2V8L899,2,PF00704
A0A2V8LS04,2,G3DSA:3.20.20.370
A0A2V8LS04,2,PF00704
A0A2V8MP95,1,PF00704
A0A2V8NNJ3,2,G3DSA:3.20.20.370
A0A2V8NNJ3,2,PF00704
A0A2V8NTE2,1,PF00704
A0A2V8P716,1,PF00704
A0A2V8PAV2,2,G3DSA:3.20.20.370
A0A2V8PAV2,2,PF00704
A0A2V8Q3Y9,2,G3DSA:3.20.20.370
A0A2V8Q3Y9,2,PF00704
A0A2V8QBI2,2,G3DSA:3.20.20.370
A0A2V8QBI2,2,PF00704
A0A2V8QHW6,1,PF00704
A0A2V8QLJ3,2,G3DSA:3.20.20.370
A0A2V8QLJ3,2,PF00704
A0A2V8R4U3,2,G3DSA:3.20.20.370
A0A2V8R4U3,2,PF00704
A0A2V8RDR6,2,G3DSA:3.20.20.370
A0A2V8RDR6,2,PF00704
A0A2V8RSG5,1,PS51910
A0A2V8RX25,2,G3DSA:3.20.20.370
A0A2V8RX25,2,PF00704
A0A2V8S014,2,G3DSA:3.20.20.370
A0A2V8S014,2,PF00704
A0A2V8SIG8,2,G3DSA:3.20.20.370
A0A2V8SIG8,2,PF00704
A0A2V8TLI0,1,PF00704
A0A2V8U2U0,1,PF00704
A0A2V8VTS5,2,G3DSA:3.20.20.370
A0A2V8VTS5,2,PF00704
A0A2V8W1C4,1,PF00704
A0A2V8W7Z6,2,G3DSA:3.20.20.370
A0A2V8W7Z6,2,PF00704
A0A2V8WQ16,2,G3DSA:3.20.20.370
A0A2V8WQ16,2,PF00704
A0A2V8X6E5,2,G3DSA:3.20.20.370
A0A2V8X6E5,2,PF00704
A0A2V8XDR7,1,PF00704
A0A2V8XG29,2,G3DSA:3.20.20.370
A0A2V8XG29,2,PF00704
A0A2V8XLS3,2,G3DSA:3.20.20.370
A0A2V8XLS3,2,PF00704
A0A2V8Y9M9,1,PF00704
A0A2V8Z9H0,1,PF00704
A0A2V8ZCT1,2,G3DSA:3.20.20.370
A0A2V8ZCT1,2,PF00704
A0A2V8ZWL9,2,G3DSA:3.20.20.370
A0A2V8ZWL9,2,PF00704
A0A2V8ZXL0,2,G3DSA:3.20.20.370
A0A2V8ZXL0,2,PF00704
A0A2V9A9Q6,1,PF00704
A0A2V9AGT9,1,PF00704
A0A2V9AUB5,2,G3DSA:3.20.20.370
A0A2V9AUB5,2,PF00704
A0A2V9B8W7,2,G3DSA:3.20.20.370
A0A2V9B8W7,2,PF00704
A0A2V9C4H9,2,G3DSA:3.20.20.370
A0A2V9C4H9,2,PF00704
A0A2V9C5Q5,2,G3DSA:3.20.20.370
A0A2V9C5Q5,2,PF00704
A0A2V9DUF5,2,G3DSA:3.20.20.370
A0A2V9DUF5,2,PF00704
A0A2V9E7G3,2,G3DSA:3.20.20.370
A0A2V9E7G3,2,PF00704
A0A2V9F3A9,1,PF00704
A0A2V9F6Z3,2,G3DSA:3.20.20.370
A0A2V9F6Z3,2,PF00704
A0A2V9FFC6,2,G3DSA:3.20.20.370
A0A2V9FFC6,2,PF00704
A0A2V9G8I5,2,G3DSA:3.20.20.370
A0A2V9G8I5,2,PS51910
A0A2V9GSN2,1,PF00704
A0A2V9HDI7,2,G3DSA:3.20.20.370
A0A2V9HDI7,2,PF00704
A0A2V9HZW1,2,G3DSA:3.20.20.370
A0A2V9HZW1,2,PF00704
A0A2V9MYL8,2,G3DSA:3.20.20.370
A0A2V9MYL8,2,PF00704
A0A2V9NEW7,1,PF00704
A0A2V9NHH1,1,PF00704
A0A2V9NK26,2,G3DSA:3.20.20.370
A0A2V9NK26,2,PF00704
A0A2V9NKM3,2,G3DSA:3.20.20.370
A0A2V9NKM3,2,PF00704
A0A2V9PBX0,1,PF00704
A0A2V9PHE2,2,G3DSA:3.20.20.370
A0A2V9PHE2,2,PF00704
A0A2V9PQP2,2,G3DSA:3.20.20.370
A0A2V9PQP2,2,PF00704
A0A2V9PYN6,2,G3DSA:3.20.20.370
A0A2V9PYN6,2,PF00704
A0A2V9QEV0,2,G3DSA:3.20.20.370
A0A2V9QEV0,2,PF00704
A0A2V9QPG1,2,G3DSA:3.20.20.370
A0A2V9QPG1,2,PF00704
A0A2V9QU68,1,PF00704
A0A2V9RQ03,2,G3DSA:3.20.20.370
A0A2V9RQ03,2,PF00704
A0A2V9SQ48,2,G3DSA:3.20.20.370
A0A2V9SQ48,2,PF00704
A0A2V9SUA5,1,PF00704
A0A2V9T6E5,2,G3DSA:3.20.20.370
A0A2V9T6E5,2,PF00704
A0A2V9TEQ8,1,PF00704
A0A2V9TVT7,2,G3DSA:3.20.20.370
A0A2V9TVT7,2,PF00704
A0A2V9U193,1,PF00704
A0A2V9UIF2,1,PF00704
A0A2V9UIF3,2,G3DSA:3.20.20.370
A0A2V9UIF3,2,PF00704
A0A2V9UW51,2,G3DSA:3.20.20.370
A0A2V9UW51,2,PF00704
A0A2V9VJS3,2,G3DSA:3.20.20.370
A0A2V9VJS3,2,PF00704
A0A2V9WQH2,2,G3DSA:3.20.20.370
A0A2V9WQH2,2,PF00704
A0A2V9WVL2,2,G3DSA:3.20.20.370
A0A2V9WVL2,2,PF00704
A0A2V9XCY5,2,G3DSA:3.20.20.370
A0A2V9XCY5,2,PF00704
A0A2V9YFR8,2,G3DSA:3.20.20.370
A0A2V9YFR8,2,PF00704
A0A2V9YQL0,2,G3DSA:3.20.20.370
A0A2V9YQL0,2,PF00704
A0A2V9YR15,1,PF00704
A0A2V9YTC9,1,PF00704
A0A2V9ZFT0,1,PS51910
A0A2V9ZTE7,1,PF00704
A0A2V9ZW78,1,PF00704
A0A2W0A824,1,PF00704
A0A2W0ASK9,2,G3DSA:3.20.20.370
A0A2W0ASK9,2,PF00704
A0A2W0B7D0,1,PF00704
A0A2W0BCE2,1,PF00704
A0A2W0BD51,1,PF00704
A0A2W0BEC1,2,G3DSA:3.20.20.370
A0A2W0BEC1,2,PS51910
A0A2W0BGF0,2,G3DSA:3.20.20.370
A0A2W0BGF0,2,PF00704
A0A2W0BQZ3,2,G3DSA:3.20.20.370
A0A2W0BQZ3,2,PS51910
A0A2W0C1S5,1,PF00704
A0A2W0C470,1,PF00704
A0A2W0C8V6,1,PF00704
A0A2W0CAK2,1,PF00704
A0A2W0CG85,1,PF00704
A0A2W0CN86,1,PF00704
A0A2W0DIN0,1,PF00704
A0A2W0ECH9,1,PF00704
A0A2W0FHP8,1,PF00704
A0A2W0FV29,1,PF00704
A0A2W0G0A5,1,PF00704
A0A2W0G0D8,1,PF00704
A0A2W0GAV1,1,PF00704
A0A2W0KU83,1,PF00704
A0A2W1B588,1,PF00704
A0A2W1L3M1,1,PF00704
A0A2W1LBW3,1,PF00704
A0A2W1LKI0,1,PF00704
A0A2W1LLK1,1,PF00704
A0A2W1MTY4,1,PF00704
A0A2W1N540,1,PF00704
A0A2W1N8Y5,1,PF00704
A0A2W1NT72,1,PF00704
A0A2W1TE07,1,PF00704
A0A2W1TFE8,1,PF00704
A0A2W1TVP5,1,PF00704
A0A2W1TXP1,1,PF00704
A0A2W1TXP2,1,PF00704
A0A2W1UVK2,1,PS51910
A0A2W1ZL67,1,PF00704
A0A2W2A0R3,1,PF00704
A0A2W2AHB6,1,PF00704
A0A2W2AHK1,1,PF00704
A0A2W2B443,2,G3DSA:3.20.20.370
A0A2W2B443,2,PF00704
A0A2W2BE29,1,PF00704
A0A2W2BS00,1,PF00704
A0A2W2C2F4,1,PF00704
A0A2W2C405,1,PF00704
A0A2W2C663,1,PF00704
A0A2W2CJ48,1,PF00704
A0A2W2CTR3,1,PF00704
A0A2W2D083,1,PF00704
A0A2W2D3A7,1,PF00704
A0A2W2D7K9,1,PF00704
A0A2W2DJB0,1,PF00704
A0A2W2DK83,1,PF00704
A0A2W2DXM9,1,PF00704
A0A2W2EM20,1,PF00704
A0A2W2ESX9,1,PF00704
A0A2W2EVW6,1,PF00704
A0A2W2FDR1,1,PF00704
A0A2W2FR03,1,PF00704
A0A2W2FW41,1,PS51910
A0A2W2G2F3,1,PF00704
A0A2W2GNH3,1,PF00704
A0A2W2GNI1,1,PF00704
A0A2W2GQZ2,1,PF00704
A0A2W2HD16,1,PF00704
A0A2W2HUF0,1,PF00704
A0A2W2LPB6,1,PF00704
A0A2W2N1X8,1,PF00704
A0A2W4BJ98,1,PS51910
A0A2W4BVB9,1,PF00704
A0A2W4IG88,1,PF00704
A0A2W4JHE2,1,PF00704
A0A2W4K6H1,1,PF00704
A0A2W4KD69,1,PF00704
A0A2W4KT90,2,G3DSA:3.20.20.370
A0A2W4KT90,2,PS51910
A0A2W4M5U8,1,PF00704
A0A2W4MA96,1,PF00704
A0A2W4MD92,2,G3DSA:3.20.20.370
A0A2W4MD92,2,PF00704
A0A2W4MFA3,1,PF00704
A0A2W4NXH1,1,PF00704
A0A2W4NZD0,1,PF00704
A0A2W4P570,1,PF00704
A0A2W4PUI4,1,PF00704
A0A2W4Q8E2,1,PF00704
A0A2W4QPY8,1,PF00704
A0A2W4QS53,1,PF00704
A0A2W4QU63,1,PF00704
A0A2W4YYT4,2,G3DSA:3.20.20.370
A0A2W4YYT4,2,PF00704
A0A2W4ZCF1,2,G3DSA:3.20.20.370
A0A2W4ZCF1,2,PF00704
A0A2W5A840,2,G3DSA:3.20.20.370
A0A2W5A840,2,PF00704
A0A2W5EDF0,1,PF00704
A0A2W5F1K8,1,PF00704
A0A2W5F3L2,1,PF00704
A0A2W5F760,2,G3DSA:3.20.20.370
A0A2W5F760,2,PF00704
A0A2W5P5M4,2,G3DSA:3.20.20.370
A0A2W5P5M4,2,PS51910
A0A2W5P5Y6,2,G3DSA:3.20.20.370
A0A2W5P5Y6,2,PF00704
A0A2W5V0G6,2,G3DSA:3.20.20.370
A0A2W5V0G6,2,PF00704
A0A2W5WXD7,1,PF00704
A0A2W5XV49,1,PF00704
A0A2W5ZAG5,2,G3DSA:3.20.20.370
A0A2W5ZAG5,2,PF00704
A0A2W5ZCC2,1,PF00704
A0A2W6ABM7,1,PF00704
A0A2W6AGJ1,2,G3DSA:3.20.20.370
A0A2W6AGJ1,2,PF00704
A0A2W6ASK6,1,PF00704
A0A2W6B650,1,PF00704
A0A2W6BCC0,1,PF00704
A0A2W6CD63,1,PF00704
A0A2W6CGH8,1,PF00704
A0A2W6CMV5,1,PF00704
A0A2W6CRF2,1,PF00704
A0A2W6DZ84,1,PF00704
A0A2W6E3J0,1,PF00704
A0A2W6E7Q7,1,PF00704
A0A2W6EMG4,1,PS51910
A0A2W6HZ96,1,PF00704
A0A2W6IQQ5,1,PF00704
A0A2W6NP67,1,PF00704
A0A2W6P4N5,1,PF00704
A0A2W6PEV2,1,PF00704
A0A2W6SF98,2,G3DSA:3.20.20.370
A0A2W6SF98,2,PF00704
A0A2W6U1X2,2,G3DSA:3.20.20.370
A0A2W6U1X2,2,PF00704
A0A2W6UJD8,2,G3DSA:3.20.20.370
A0A2W6UJD8,2,PS51910
A0A2W6VTG7,1,PF00704
A0A2W6VUI2,1,PF00704
A0A2W6X8L8,2,G3DSA:3.20.20.370
A0A2W6X8L8,2,PF00704
A0A2W6X9A8,2,G3DSA:3.20.20.370
A0A2W6X9A8,2,PF00704
A0A2W6YAZ2,2,G3DSA:3.20.20.370
A0A2W6YAZ2,2,PF00704
A0A2W7LRE8,1,PF00704
A0A2W7MCG4,1,PF00704
A0A2W7QTM4,1,PF00704
A0A2W7RLJ9,1,PF00704
A0A2W7RNW3,2,G3DSA:3.20.20.370
A0A2W7RNW3,2,PF00704
A0A2W7S3S4,1,PF00704
A0A2W7TSM3,1,PF00704
A0A2W7UIJ7,2,PF00704
A0A2X0I6S6,1,PS51910
A0A2X0I9E5,1,PF00704
A0A2X0IHH0,1,PS51910
A0A2X0IHX3,1,PF00704
A0A2X0IKS0,1,PF00704
A0A2X0IL00,1,PS51910
A0A2X0IPI3,1,PF00704
A0A2X0ISS8,1,PF00704
A0A2X0ITX0,1,PF00704
A0A2X0IWD8,1,PS51910
A0A2X0JBG4,1,PS51910
A0A2X0KAU8,1,PS51910
A0A2X0KCB6,1,PF00704
A0A2X0QKA7,1,PF00704
A0A2X0XE01,1,PF00704
A0A2X0XEK5,1,PF00704
A0A2X0YM31,1,PF00704
A0A2X1JSJ5,1,PF00704
A0A2X1Y1S4,1,PF00704
A0A2X2HII4,1,PF00704
A0A2X2LUE2,2,G3DSA:3.20.20.370
A0A2X2LUE2,2,PF00704
A0A2X2TVQ9,1,PF00704
A0A2X2UVR7,1,PF00704
A0A2X2W2H2,1,PF00704
A0A2X2X0I0,2,G3DSA:3.20.20.370
A0A2X2X0I0,2,PF00704
A0A2X2Z9P8,1,PF00704
A0A2X2ZBW6,1,PF00704
A0A2X3F4B8,1,PF00704
A0A2X3F8U8,1,PF00704
A0A2X3GUZ2,1,PF00704
A0A2X3HHC2,1,PF00704
A0A2X3HIL2,1,PF00704
A0A2X3ILY5,1,PF00704
A0A2X3IPG3,1,PF00704
A0A2X3J5N3,1,PF00704
A0A2X3NG70,1,PF00704
A0A2X4U951,1,PF00704
A0A2X4UK83,1,PF00704
A0A2X4UL24,1,PF00704
A0A2X4V4M3,1,PF00704
A0A2X4VGQ6,1,PF00704
A0A2X4VK37,1,PF00704
A0A2X4VLK4,1,PF00704
A0A2X4WTS3,1,PF00704
A0A2X4Y777,1,PF00704
A0A2X7NVJ6,1,PF00704
A0A2Y9BJ56,1,PF00704
A0A2Y9BLW5,1,PF00704
A0A2Y9TXF7,1,PF00704
A0A2Y9U243,1,PF00704
A0A2Z2K6M2,1,PF00704
A0A2Z2KVX6,1,PF00704
A0A2Z2NGA0,1,PS51910
A0A2Z3GCX0,1,PF00704
A0A2Z3JC27,1,PF00704
A0A2Z3KGV8,1,PF00704
A0A2Z3N985,1,PF00704
A0A2Z3S1R8,1,PF00704
A0A2Z3UHZ5,1,PF00704
A0A2Z3UJ74,1,PS51910
A0A2Z3UMR8,1,PF00704
A0A2Z3UPV7,1,PF00704
A0A2Z3UQY8,1,PF00704
A0A2Z3V0J4,1,PS51910
A0A2Z3V6M1,1,PF00704
A0A2Z3V711,1,PF00704
A0A2Z3X291,1,PF00704
A0A2Z3X3B6,1,PF00704
A0A2Z3X892,1,PF00704
A0A2Z3XA71,1,PF00704
A0A2Z4GAJ7,1,PF00704
A0A2Z4HPX9,1,PF00704
A0A2Z4IVZ1,1,PF00704
A0A2Z4IXB1,1,PF00704
A0A2Z4IZ15,1,PF00704
A0A2Z4J4M9,1,PF00704
A0A2Z4J622,1,PF00704
A0A2Z4JEE8,1,PS51910
A0A2Z4MBL4,1,PF00704
A0A2Z4MDQ8,1,PF00704
A0A2Z4MFF0,1,PF00704
A0A2Z4MHQ3,1,PF00704
A0A2Z4MIH2,1,PF00704
A0A2Z4MQT7,1,PF00704
A0A2Z4U8L7,1,PF00704
A0A2Z4UVS3,1,PF00704
A0A2Z4UX78,1,PF00704
A0A2Z4UYN2,1,PF00704
A0A2Z4UYQ6,1,PF00704
A0A2Z4UZE3,1,PF00704
A0A2Z4V483,1,PF00704
A0A2Z4V6Q5,1,PS51910
A0A2Z4XW28,1,PF00704
A0A2Z4XZR3,1,PF00704
A0A2Z4Y025,1,PF00704
A0A2Z4Y0X2,1,PF00704
A0A2Z4Y124,2,PF00704
A0A2Z4Y124,2,SSF51445
A0A2Z4Y194,1,PF00704
A0A2Z4Y775,1,PF00704
A0A2Z4Y8U3,1,PF00704
A0A2Z5BZW0,1,PF00704
A0A2Z5FVQ3,1,PF00704
A0A2Z5FZQ8,1,PF00704
A0A2Z5G383,1,PF00704
A0A2Z5G7V7,1,PF00704
A0A2Z5G872,1,PF00704
A0A2Z5J8W3,1,PF00704
A0A2Z5JHN1,1,PF00704
A0A2Z5JIL4,1,PF00704
A0A2Z5JVX5,1,PF00704
A0A2Z5K6F9,1,PF00704
A0A2Z5K7X7,1,PF00704
A0A2Z5T6G3,1,PF00704
A0A2Z5VGM9,1,PF00704
A0A2Z5VGQ3,2,G3DSA:3.20.20.370
A0A2Z5VGQ3,2,PF00704
A0A2Z5VGV8,1,PS51910
A0A2Z6AKA8,2,G3DSA:3.20.20.370
A0A2Z6AKA8,2,PF00704
A0A2Z6E6V3,2,G3DSA:3.20.20.370
A0A2Z6E6V3,2,PF00704
A0A315GT19,1,PF00704
A0A315HDD4,1,PF00704
A0A315X3U6,1,PF00704
A0A315Y2V1,1,PF00704
A0A315YYI0,2,PF00704
A0A315ZUB2,1,PF00704
A0A316AFE5,1,PF00704
A0A316AP35,1,PF00704
A0A316APV8,1,PF00704
A0A316BD44,1,PF00704
A0A316D2R6,1,PF00704
A0A316D474,1,PF00704
A0A316D6C2,1,PF00704
A0A316D9R5,1,PF00704
A0A316DAZ7,1,PF00704
A0A316DEM9,1,PF00704
A0A316DYQ9,1,PF00704
A0A316DZP8,1,PF00704
A0A316EVF9,1,PF00704
A0A316FC57,1,PF00704
A0A316FDQ9,1,PF00704
A0A316FIZ9,1,PF00704
A0A316FLW8,1,PF00704
A0A316FM07,1,PF00704
A0A316FS64,1,PS51910
A0A316FWL1,1,PF00704
A0A316FWM0,1,PS51910
A0A316FWN0,1,PF00704
A0A316G0D3,1,PF00704
A0A316H4L3,1,PF00704
A0A316H4V0,1,PF00704
A0A316HBN1,2,G3DSA:3.20.20.370
A0A316HBN1,2,PF00704
A0A316HI03,1,PF00704
A0A316HL89,1,PF00704
A0A316HLR1,2,G3DSA:2.10.10.20:FF:000001
A0A316HLR1,2,PF00704
A0A316HM26,1,PF00704
A0A316HNA2,1,PF00704
A0A316HNK9,1,PF00704
A0A316HRW4,1,PF00704
A0A316HSR9,1,PF00704
A0A316HVE6,1,PF00704
A0A316IAE0,1,PF00704
A0A316IAX2,1,PF00704
A0A316IED7,2,G3DSA:3.20.20.370
A0A316IED7,2,PF00704
A0A316IH61,1,PS51910
A0A316L1F8,1,PF00704
A0A316LMZ4,1,PF00704
A0A316NH26,1,PF00704
A0A316NNC3,1,PF00704
A0A316P7A4,1,PF00704
A0A316P9G0,1,PF00704
A0A316PGK9,1,PF00704
A0A316QD44,1,PF00704
A0A316QZ78,1,PF00704
A0A316R8Y5,1,PF00704
A0A316R9W6,1,PF00704
A0A316RMG2,1,PF00704
A0A316WH67,2,G3DSA:3.20.20.370
A0A316WH67,2,PF00704
A0A316WTU0,1,PF00704
A0A316WW40,1,PF00704
A0A316WYJ3,1,PS51910
A0A316X115,1,PF00704
A0A316X2D5,2,G3DSA:3.20.20.370
A0A316X2D5,2,PF00704
A0A316X497,1,PF00704
A0A316X6P3,1,PF00704
A0A316XC56,2,G3DSA:3.20.20.370
A0A316XC56,2,PF00704
A0A317CWT4,1,PF00704
A0A317CXB7,1,PF00704
A0A317CZL7,1,PF00704
A0A317D201,1,PS51910
A0A317D7L1,1,PF00704
A0A317DDE7,1,PF00704
A0A317DDG4,1,PF00704
A0A317DFY9,1,PF00704
A0A317DMK5,1,PF00704
A0A317DP46,1,PF00704
A0A317DUJ6,1,PS51910
A0A317ESH3,2,G3DSA:3.20.20.370
A0A317ESH3,2,PF00704
A0A317ETG0,1,PF00704
A0A317F164,2,G3DSA:3.20.20.370
A0A317F164,2,PF00704
A0A317F3I6,1,PF00704
A0A317FQ78,1,PF00704
A0A317FUB9,1,PF00704
A0A317FYM6,1,PF00704
A0A317HA96,1,PF00704
A0A317HET1,2,G3DSA:3.20.20.370
A0A317HET1,2,PF00704
A0A317IAM7,2,G3DSA:3.20.20.370
A0A317IAM7,2,PF00704
A0A317IZE1,1,PF00704
A0A317JPZ2,1,PF00704
A0A317K523,1,PF00704
A0A317KB27,1,PF00704
A0A317KBP4,1,PS51910
A0A317KCU9,1,PF00704
A0A317KED8,1,PF00704
A0A317KNN8,1,PF00704
A0A317L3M4,1,PF00704
A0A317LQJ2,2,PF00704
A0A317LQJ2,2,SSF51445
A0A317LSF0,1,PS51910
A0A317M060,2,PF00704
A0A317M0W9,1,PF00704
A0A317M143,1,PF00704
A0A317MBB0,1,PF00704
A0A317MIN7,1,PF00704
A0A317MIQ6,2,PF00704
A0A317MIQ6,2,PTHR22595
A0A317ML02,1,PF00704
A0A317MNB5,1,PF00704
A0A317PNT8,1,PF00704
A0A317U1Q6,1,PF00704
A0A317UBZ0,1,PF00704
A0A318A4N1,1,PF00704
A0A318A510,1,PF00704
A0A318B2W5,2,G3DSA:3.20.20.370
A0A318B2W5,2,PF00704
A0A318DN89,1,PF00704
A0A318DTT1,1,PF00704
A0A318DZC2,1,PF00704
A0A318ER09,1,PF00704
A0A318EX24,1,PF00704
A0A318EXJ5,1,PF00704
A0A318FSI7,1,PF00704
A0A318I6A2,1,PF00704
A0A318IRD8,1,PF00704
A0A318IZV4,1,PF00704
A0A318J4Y4,1,PF00704
A0A318JD65,1,PF00704
A0A318KF80,1,PF00704
A0A318KNJ2,1,PF00704
A0A318LQR4,1,PF00704
A0A318NAP8,1,PF00704
A0A318NBN4,1,PF00704
A0A318NJB1,1,PF00704
A0A318NTA6,1,PF00704
A0A318NVQ4,1,PF00704
A0A318NYV9,1,PF00704
A0A318P1E7,1,PF00704
A0A318PBN2,1,PF00704
A0A318PE65,1,PF00704
A0A318SDH7,1,PF00704
A0A318TN03,1,PF00704
A0A318TXE3,1,PF00704
A0A318UB29,1,PF00704
A0A318UEX2,1,PS51910
A0A318UJN2,1,PF00704
A0A318UNJ6,1,PF00704
A0A318UNZ5,2,G3DSA:3.20.20.370
A0A318UNZ5,2,PF00704
A0A318UU07,1,PF00704
A0A318XGG9,1,PF00704
A0A318XHB3,1,PF00704
A0A318XQA7,1,PF00704
A0A318XTP2,1,PF00704
A0A321LEF3,2,G3DSA:3.20.20.370
A0A321LEF3,2,PF00704
A0A321LZC8,2,G3DSA:3.20.20.370
A0A321LZC8,2,PF00704
A0A323TIN8,1,PF00704
A0A326GLI6,2,G3DSA:3.20.20.370
A0A326GLI6,2,PF00704
A0A326RQE8,1,PF00704
A0A326U5K8,1,PF00704
A0A326U7Z8,1,PF00704
A0A326UA91,1,PS51910
A0A326UDU5,1,PS51910
A0A326UDZ5,1,PF00704
A0A326UMD7,1,PF00704
A0A327NC05,1,PF00704
A0A327NQ76,1,PF00704
A0A327P819,1,PF00704
A0A327QPM2,1,PF00704
A0A327QVM8,1,PF00704
A0A327R3J2,1,PF00704
A0A327R4R0,1,PF00704
A0A327R5D8,1,PF00704
A0A327SJV1,1,PF00704
A0A327SM31,1,PF00704
A0A327SMI4,1,PF00704
A0A327SN36,2,G3DSA:3.20.20.370
A0A327SN36,2,PF00704
A0A327SV86,1,PF00704
A0A327SWM3,1,PF00704
A0A327SZQ9,1,PF00704
A0A327SZS7,1,PF00704
A0A327T271,1,PF00704
A0A327T5L3,1,PF00704
A0A327TAB9,1,PF00704
A0A327TGD9,1,PF00704
A0A327TH18,1,PF00704
A0A327THG3,1,PF00704
A0A327TJW3,1,PF00704
A0A327TLW2,1,PF00704
A0A327TNK0,1,PF00704
A0A327TQF6,1,PS51910
A0A327TWG3,1,PF00704
A0A327TXN1,1,PF00704
A0A327TXZ5,1,PF00704
A0A327U209,1,PF00704
A0A327U4J4,1,PF00704
A0A327UEW3,1,PF00704
A0A327UFV0,1,PF00704
A0A327UHA3,1,PS51910
A0A327UN09,1,PF00704
A0A327US70,1,PS51910
A0A327UZ86,1,PF00704
A0A327V4X4,1,PF00704
A0A327V5P6,1,PF00704
A0A327V6S4,1,PS51910
A0A327V961,1,PF00704
A0A327VEN2,1,PF00704
A0A327VEQ2,1,PF00704
A0A327VFS3,1,PF00704
A0A327VGZ5,1,PS51910
A0A327VT30,1,PF00704
A0A327VUG5,1,PF00704
A0A327VVB8,1,PS51910
A0A327VWJ4,1,PF00704
A0A327VWM1,2,G3DSA:3.20.20.370
A0A327VWM1,2,PF00704
A0A327VXW7,1,PF00704
A0A327W120,1,PF00704
A0A327W2P9,1,PS51910
A0A327W466,1,PF00704
A0A327W474,1,PS51910
A0A327WA86,1,PS51910
A0A327WAQ2,1,PF00704
A0A327WC14,1,PF00704
A0A327WCX7,1,PF00704
A0A327WM92,1,PF00704
A0A327WTC3,1,PF00704
A0A327WZH3,1,PF00704
A0A327X4H8,1,PF00704
A0A327Y1C8,1,PF00704
A0A327Z0F6,1,PF00704
A0A327Z145,1,PF00704
A0A327Z1C0,1,PF00704
A0A327Z2R9,1,PS51910
A0A327Z691,1,PF00704
A0A327Z6U3,1,PF00704
A0A327ZEF1,1,PF00704
A0A327ZH79,1,PF00704
A0A328AGS3,2,G3DSA:3.20.20.370
A0A328AGS3,2,PF00704
A0A328AI99,1,PF00704
A0A328AXE3,2,G3DSA:3.20.20.370
A0A328AXE3,2,PF00704
A0A328KRH7,1,PF00704
A0A328KWZ2,1,PF00704
A0A328KYQ7,1,PF00704
A0A328L7L6,2,G3DSA:3.20.20.370
A0A328L7L6,2,PF00704
A0A328LFW7,2,G3DSA:3.20.20.370
A0A328LFW7,2,PF00704
A0A328LG83,1,PF00704
A0A328LVR6,1,PF00704
A0A328MVA2,1,PF00704
A0A328MYU9,1,PF00704
A0A328N4S6,1,PF00704
A0A328N4S9,1,PS51910
A0A328N895,1,PF00704
A0A328NEA3,1,PF00704
A0A328NJ66,1,PF00704
A0A328NK92,1,PF00704
A0A328NKL6,1,PF00704
A0A328NPJ5,1,PS51910
A0A328NR12,1,PF00704
A0A328NVI5,1,PF00704
A0A328P774,1,PF00704
A0A328P815,1,PF00704
A0A328RH00,2,PF00704
A0A328RUD6,1,PF00704
A0A328T1W9,1,PF00704
A0A328TXM6,1,PF00704
A0A328TYH3,1,PF00704
A0A328TZE3,1,PF00704
A0A328U2U9,1,PF00704
A0A328UD96,1,PF00704
A0A328UDP7,1,PF00704
A0A328VDV5,1,PF00704
A0A328VGU0,1,PF00704
A0A328VK01,1,PS51910
A0A328W0Q3,1,PF00704
A0A328WAS5,1,PF00704
A0A328WB06,1,PF00704
A0A328WDG1,1,PF00704
A0A328WE58,1,PF00704
A0A328WFF5,1,PF00704
A0A328WGQ6,1,PF00704
A0A328WHB0,1,PF00704
A0A328WJH1,1,PF00704
A0A328WN25,1,PF00704
A0A328ZH92,1,PF00704
A0A329BG70,1,PF00704
A0A329FAB9,1,PF00704
A0A329HCX6,1,PF00704
A0A329HSN3,1,PF00704
A0A329KIP7,1,PF00704
A0A329L3I9,1,PF00704
A0A329LEC3,1,PF00704
A0A329MC25,1,PF00704
A0A329MLD7,1,PF00704
A0A329MLN0,1,PF00704
A0A329MPB4,1,PF00704
A0A329MQU8,1,PF00704
A0A329QB20,1,PF00704
A0A329QDY3,1,PF00704
A0A329QGV0,1,PF00704
A0A329QKL2,1,PF00704
A0A329QQL6,1,PF00704
A0A329QS07,1,PF00704
A0A329QUP3,1,PF00704
A0A329QVW6,1,PF00704
A0A329QYH7,1,PF00704
A0A329QZH3,1,PF00704
A0A329R3I9,1,PF00704
A0A329U5L1,1,PF00704
A0A329VE72,1,PF00704
A0A329VFK4,1,PF00704
A0A329VJP3,1,PF00704
A0A329WFV5,1,PF00704
A0A329WHI4,1,PF00704
A0A329WIZ9,1,PF00704
A0A329WM96,1,PF00704
A0A329WMG3,1,PF00704
A0A329WMX5,1,PF00704
A0A329WN90,1,PF00704
A0A329WP55,1,PF00704
A0A329WS27,1,PF00704
A0A329WYE7,1,PF00704
A0A329XCA0,1,PF00704
A0A329XCX7,1,PF00704
A0A330G8V8,1,PF00704
A0A330GDJ1,1,PF00704
A0A332XF03,1,PF00704
A0A336PWU6,1,PF00704
A0A343F0L1,1,PF00704
A0A343F0L2,1,PF00704
A0A343F0L3,1,PF00704
A0A343F0L4,1,PF00704
A0A344L5X7,1,PF00704
A0A344L625,1,PF00704
A0A344L769,1,PF00704
A0A344L8S7,1,PF00704
A0A344LAY7,1,PF00704
A0A344LX08,2,PF00704
A0A344LXL6,1,PF00704
A0A344R634,1,PF00704
A0A344TMG8,1,PF00704
A0A344TVQ9,1,PF00704
A0A344TWJ3,1,PF00704
A0A344U167,1,PF00704
A0A344U251,1,PS51910
A0A344U3Q6,1,PF00704
A0A344U6I6,1,PF00704
A0A344UED8,1,PF00704
A0A344UK31,1,PF00704
A0A344ULB3,1,PF00704
A0A344UNL7,1,PF00704
A0A345F0T8,1,PF00704
A0A345HUD3,1,PF00704
A0A345JQH3,1,PF00704
A0A345JT91,2,PS51910
A0A345JT91,2,SSF51445
A0A345JTU1,1,PF00704
A0A345NX24,1,PF00704
A0A345PBY1,1,PF00704
A0A345PFC0,2,G3DSA:3.20.20.370
A0A345PFC0,2,PF00704
A0A345RSI6,1,PF00704
A0A345SVT5,2,G3DSA:2.10.10.20:FF:000001
A0A345SVT5,2,PF00704
A0A345SZS4,1,PF00704
A0A345T0C9,1,PF00704
A0A345T1L5,1,PF00704
A0A345T1Q7,1,PF00704
A0A345T4K4,1,PS51910
A0A345UZ54,1,PF00704
A0A345WR58,2,G3DSA:3.20.20.370
A0A345WR58,2,PF00704
A0A345XIJ0,1,PF00704
A0A345XPJ9,1,PF00704
A0A345XR35,1,PS51910
A0A345XSV1,1,PF00704
A0A345XY23,1,PF00704
A0A345XY92,1,PF00704
A0A345Y1N3,1,PF00704
A0A345YNV8,1,PF00704
A0A345ZCU6,1,PF00704
A0A346B1X6,1,PF00704
A0A346BWT5,1,PF00704
A0A346BWU8,2,G3DSA:2.10.10.20:FF:000001
A0A346BWU8,2,PF00704
A0A346C0D5,1,PS51910
A0A346C5R5,1,PF00704
A0A346C6N3,1,PF00704
A0A346C7C8,1,PF00704
A0A346C842,1,PF00704
A0A346C8B3,1,PF00704
A0A346CBP5,1,PF00704
A0A346R028,1,PF00704
A0A346XR80,1,PF00704
A0A347AFF8,1,PF00704
A0A348AFX9,1,PF00704
A0A348AGR5,1,PF00704
A0A348ALL6,1,PF00704
A0A348AM25,1,PF00704
A0A348AZ34,1,PS51910
A0A348MJJ2,1,PF00704
A0A348N5U4,1,PF00704
A0A348SDB2,1,PF00704
A0A348SDH5,1,PF00704
A0A348TMT5,1,PF00704
A0A348TNG1,1,PF00704
A0A348TQW9,1,PF00704
A0A348TRE2,1,PF00704
A0A348TS75,1,PF00704
A0A348V1N2,1,PF00704
A0A348V3R5,1,PF00704
A0A348WSB9,1,PF00704
A0A348WU49,1,PF00704
A0A348WUK5,1,PF00704
A0A348XIE9,1,PF00704
A0A348Z0J3,1,PF00704
A0A348ZL24,1,PF00704
A0A349BRT0,1,PF00704
A0A349BYG3,1,PF00704
A0A349D4U4,1,PF00704
A0A349DYS1,2,PF00704
A0A349DZX2,1,PF00704
A0A349FD80,1,PS51910
A0A349GA07,1,PF00704
A0A349H7K9,1,PF00704
A0A349HS56,1,PF00704
A0A349HSG3,1,PF00704
A0A349HTT9,1,PF00704
A0A349K0H7,1,PF00704
A0A349KWV7,1,PF00704
A0A349L086,1,PF00704
A0A349LY92,1,PF00704
A0A349LY94,1,PF00704
A0A349MZQ7,1,PF00704
A0A349P186,1,PF00704
A0A349PXF4,1,PF00704
A0A349PYE1,1,PF00704
A0A349PZP4,1,PF00704
A0A349R2H4,2,G3DSA:3.20.20.370
A0A349R2H4,2,PF00704
A0A349VGG9,1,PF00704
A0A349W0A7,1,PF00704
A0A349W273,2,G3DSA:3.20.20.370
A0A349W273,2,PF00704
A0A349Y1Z0,1,PF00704
A0A349Y7Y1,1,PF00704
A0A349YPY2,1,PF00704
A0A349YQH6,1,PF00704
A0A350ANU7,2,G3DSA:3.20.20.370
A0A350ANU7,2,PF00704
A0A350BJW6,1,PF00704
A0A350BXI5,1,PF00704
A0A350D393,1,PF00704
A0A350H4N9,1,PF00704
A0A350HBB9,1,PF00704
A0A350J4V5,1,PF00704
A0A350JJ05,1,PF00704
A0A350MNZ1,1,PF00704
A0A350NND5,1,PF00704
A0A350QW17,1,PF00704
A0A350R6A0,1,PF00704
A0A350RBJ9,1,PF00704
A0A350T5F6,1,PF00704
A0A350VU78,1,PF00704
A0A350WYS6,1,PF00704
A0A350X1X4,1,PF00704
A0A350X5I7,1,PF00704
A0A350Y6B0,1,PF00704
A0A351C242,1,PF00704
A0A351C4K0,1,PF00704
A0A351C622,1,PF00704
A0A351E9I7,1,PF00704
A0A351FDZ8,1,PF00704
A0A351FSW7,1,PS51910
A0A351IZ48,1,PF00704
A0A351J9I9,1,PF00704
A0A351JU91,1,PF00704
A0A351K452,1,PF00704
A0A351MTX0,1,PF00704
A0A351PSH6,1,PF00704
A0A351Q945,1,PF00704
A0A351QYX2,1,PF00704
A0A351R0R7,1,PF00704
A0A351TIK6,1,PF00704
A0A351TQ26,1,PF00704
A0A351TT74,1,PF00704
A0A351UUQ8,1,PF00704
A0A351VBK4,1,PF00704
A0A351WIE0,1,PF00704
A0A351XA03,1,PF00704
A0A351XK75,1,PF00704
A0A351XK76,1,PS51910
A0A351YY73,1,PF00704
A0A351ZZZ0,1,PF00704
A0A352A614,1,PF00704
A0A352A6M4,1,PF00704
A0A352BAV9,1,PF00704
A0A352BGL8,1,PF00704
A0A352C5N7,1,PF00704
A0A352CKE0,1,PF00704
A0A352CPH1,1,PF00704
A0A352CQG5,1,PF00704
A0A352CR29,1,PF00704
A0A352D5A4,1,PF00704
A0A352DRR0,1,PF00704
A0A352EYD6,2,G3DSA:3.20.20.370
A0A352EYD6,2,PF00704
A0A352FKV7,2,G3DSA:3.20.20.370
A0A352FKV7,2,PF00704
A0A352IDH6,1,PF00704
A0A352IFR6,1,PF00704
A0A352MWE2,1,PF00704
A0A352NIT4,1,PS51910
A0A352NNV3,1,PF00704
A0A352NZI1,1,PS51910
A0A352PBY4,1,PF00704
A0A352RNU1,1,PF00704
A0A352SEI5,1,PF00704
A0A352SHB7,1,PF00704
A0A352SWJ7,1,PF00704
A0A352T218,1,PF00704
A0A352T260,1,PS51910
A0A352T261,1,PF00704
A0A352T7Y4,1,PF00704
A0A352TCB9,1,PF00704
A0A352UKU0,1,PF00704
A0A352UL48,1,PS51910
A0A352WW24,1,PF00704
A0A352WWD9,1,PF00704
A0A352WWE0,1,PF00704
A0A352XKB1,1,PF00704
A0A352YY00,1,PF00704
A0A353A3Q7,1,PF00704
A0A353BVH4,1,PF00704
A0A353BXY6,1,PF00704
A0A353BZB1,1,PF00704
A0A353C1Z7,1,PF00704
A0A353DF99,1,PF00704
A0A353FZQ3,1,PF00704
A0A353GPC4,1,PF00704
A0A353GQ99,1,PF00704
A0A353GQV6,1,PF00704
A0A353GRE6,1,PF00704
A0A353GRH8,2,G3DSA:3.20.20.370
A0A353GRH8,2,PF00704
A0A353GX29,1,PF00704
A0A353GXW0,1,PF00704
A0A353JZS1,1,PF00704
A0A353KVG1,1,PF00704
A0A353M060,1,PF00704
A0A353N4X3,1,PF00704
A0A353P1N7,1,PF00704
A0A353PHH9,1,PF00704
A0A353QDN0,1,PF00704
A0A353R640,1,PF00704
A0A353R9C6,1,PF00704
A0A353R9C7,1,PF00704
A0A353R9C8,1,PS51910
A0A353RFM1,1,PF00704
A0A353SB33,1,PF00704
A0A353T212,1,PF00704
A0A353W472,1,PF00704
A0A353YCW3,2,G3DSA:3.20.20.370
A0A353YCW3,2,PF00704
A0A354BTI4,1,PF00704
A0A354BX62,1,PF00704
A0A354C004,1,PF00704
A0A354CNY9,1,PF00704
A0A354D642,1,PF00704
A0A354DG22,1,PF00704
A0A354DJE1,1,PF00704
A0A354DJG6,1,PF00704
A0A354DLV2,1,PF00704
A0A354DM15,1,PF00704
A0A354EWA8,2,G3DSA:3.20.20.370
A0A354EWA8,2,PF00704
A0A354G398,1,PF00704
A0A354GII3,1,PF00704
A0A354HVW1,1,PF00704
A0A354IAE0,1,PF00704
A0A354J1J4,1,PF00704
A0A354J283,1,PF00704
A0A354J4L3,1,PF00704
A0A354J5C8,1,PF00704
A0A354J5M0,1,PF00704
A0A354J9J4,1,PF00704
A0A354MEH1,1,PF00704
A0A354MRJ4,1,PF00704
A0A354SAQ8,1,PS51910
A0A354SD28,1,PF00704
A0A354WQK4,1,PF00704
A0A354WRG4,1,PF00704
A0A354WU18,1,PF00704
A0A354Y778,1,PF00704
A0A354Z122,1,PF00704
A0A354ZC51,1,PF00704
A0A354ZE46,1,PF00704
A0A354ZFR6,1,PF00704
A0A354ZHP0,1,PS51910
A0A355A044,1,PF00704
A0A355A431,1,PF00704
A0A355A4L8,1,PF00704
A0A355A6M0,1,PF00704
A0A355AIP3,1,PF00704
A0A355AL09,1,PS51910
A0A355BGH5,1,PS51910
A0A355DL86,1,PF00704
A0A355FLK7,1,PF00704
A0A355L5A8,1,PF00704
A0A355L6E0,1,PF00704
A0A355M3K4,1,PF00704
A0A355MA93,2,PF00704
A0A355PTI4,1,PF00704
A0A355RYJ8,1,PF00704
A0A355S4E9,1,PF00704
A0A355SAQ3,1,PF00704
A0A355SGA1,1,PF00704
A0A355U5Q6,1,PF00704
A0A355U7S8,1,PF00704
A0A355X557,1,PF00704
A0A355X594,1,PF00704
A0A355X6N5,1,PF00704
A0A355YB86,1,PF00704
A0A355YQM5,1,PF00704
A0A356AM67,1,PF00704
A0A356AVD8,1,PF00704
A0A356AZF4,1,PF00704
A0A356B1F2,1,PF00704
A0A356BX04,1,PF00704
A0A356EG50,1,PF00704
A0A356F1Z7,1,PF00704
A0A356F7V2,1,PF00704
A0A356FA76,1,PF00704
A0A356FAL7,1,PF00704
A0A356I649,1,PF00704
A0A356JB53,2,G3DSA:3.20.20.370
A0A356JB53,2,PF00704
A0A356JZ18,1,PF00704
A0A356KE71,1,PF00704
A0A356KZG3,1,PF00704
A0A356L3M9,1,PF00704
A0A356L5T6,1,PF00704
A0A356MN13,1,PF00704
A0A356P7F5,1,PF00704
A0A356PB90,1,PF00704
A0A356PCD5,1,PF00704
A0A356PCL8,1,PF00704
A0A356PFX1,1,PF00704
A0A356QQL8,1,PS51910
A0A356UAT5,1,PF00704
A0A356UCN0,1,PF00704
A0A356XDJ5,1,PF00704
A0A356XE51,1,PF00704
A0A356XH33,1,PF00704
A0A356XI68,1,PF00704
A0A356YTG7,1,PF00704
A0A356YVB8,1,PF00704
A0A356Z2T0,1,PF00704
A0A356Z568,1,PF00704
A0A356Z674,1,PS51910
A0A356ZB53,1,PF00704
A0A356ZVS4,1,PF00704
A0A356ZYJ9,1,PF00704
A0A357A0K4,1,PF00704
A0A357A0L7,1,PF00704
A0A357AGS0,1,PF00704
A0A357AK39,1,PF00704
A0A357AK67,1,PF00704
A0A357AKA1,1,PS51910
A0A357AQ73,1,PF00704
A0A357ASF4,1,PF00704
A0A357B0G6,1,PF00704
A0A357B4Q3,1,PF00704
A0A357CQD5,1,PF00704
A0A357CW74,1,PF00704
A0A357CZM2,1,PF00704
A0A357D170,1,PF00704
A0A357D2X2,1,PF00704
A0A357D344,1,PF00704
A0A357D3J4,1,PF00704
A0A357HGC3,1,PF00704
A0A357M391,1,PF00704
A0A357M7P9,1,PF00704
A0A357MCC6,1,PF00704
A0A357N493,1,PF00704
A0A357NEX7,1,PF00704
A0A357QI09,1,PF00704
A0A357QPU4,1,PF00704
A0A357QQ06,1,PF00704
A0A357R454,1,PF00704
A0A357VM72,1,PF00704
A0A357VNU5,1,PF00704
A0A357WT84,1,PF00704
A0A357WZ87,1,PF00704
A0A357Y8A2,1,PF00704
A0A357YZ39,1,PF00704
A0A357ZEP5,1,PF00704
A0A357ZEP6,1,PF00704
A0A357ZEX8,2,G3DSA:3.20.20.80
A0A357ZEX8,2,PF00704
A0A358CUN6,1,PF00704
A0A358EPD9,1,PF00704
A0A358FWQ6,1,PS51910
A0A358GCR1,1,PF00704
A0A358GCS4,1,PF00704
A0A358GFM1,1,PF00704
A0A358GH21,1,PF00704
A0A358GLE1,1,PF00704
A0A358GLS8,1,PF00704
A0A358GSC9,1,PF00704
A0A358KMC3,1,PF00704
A0A358M422,1,PF00704
A0A358NEV9,1,PF00704
A0A358NFB7,1,PF00704
A0A358NIV9,1,PF00704
A0A358NKD9,1,PF00704
A0A358Q0R2,1,PF00704
A0A358Q1D1,1,PF00704
A0A358Q1P6,1,PF00704
A0A358Q488,1,PF00704
A0A358Q4S5,1,PF00704
A0A358Q6H3,1,PF00704
A0A358QNF5,1,PF00704
A0A358QSL8,1,PF00704
A0A358R0G9,1,PF00704
A0A358TZK6,1,PF00704
A0A358U060,1,PF00704
A0A358U165,1,PF00704
A0A358U6M7,1,PF00704
A0A358U9Z2,1,PF00704
A0A358VNC7,1,PF00704
A0A358W0S2,1,PF00704
A0A358XKP5,1,PF00704
A0A358XQN2,1,PF00704
A0A359B944,1,PF00704
A0A359B9X0,1,PF00704
A0A359CU12,1,PF00704
A0A359DXX0,1,PF00704
A0A359EF31,1,PF00704
A0A359EX27,1,PF00704
A0A359F6Z5,1,PF00704
A0A359FX12,1,PF00704
A0A359IB75,1,PF00704
A0A359IE66,1,PF00704
A0A359IJV5,1,PF00704
A0A359IM53,1,PF00704
A0A359KMG7,1,PF00704
A0A359MMX6,1,PF00704
A0A359MRP0,1,PF00704
A0A359MRV6,1,PF00704
A0A363MSL5,1,PF00704
A0A363MTV3,2,G3DSA:3.20.20.370
A0A363MTV3,2,PF00704
A0A363MZU2,1,PF00704
A0A363N4M5,1,PF00704
A0A363N4P9,2,PF00704
A0A363NL37,1,PF00704
A0A364K223,1,PF00704
A0A364K418,1,PF00704
A0A364K7G0,1,PF00704
A0A364KA09,1,PF00704
A0A364XVS5,1,PF00704
A0A364XYW3,1,PF00704
A0A364Y0G1,1,PF00704
A0A364Y0W0,2,PF00704
A0A364Y154,1,PF00704
A0A364Y196,1,PF00704
A0A364Y199,2,PF00704
A0A364Y2X4,1,PF00704
A0A364Y776,1,PF00704
A0A365QZG0,1,PF00704
A0A365XWF0,1,PS51910
A0A365XYN8,1,PF00704
A0A365Y487,2,PF00704
A0A365Z670,1,PF00704
A0A365Z861,1,PF00704
A0A365ZQA0,1,PF00704
A0A366DVC6,1,PF00704
A0A366E7L8,1,PF00704
A0A366EC85,1,PF00704
A0A366ECV7,1,PF00704
A0A366FKP1,1,PS51910
A0A366G5Z4,1,PF00704
A0A366GK07,1,PF00704
A0A366GUN4,1,PF00704
A0A366I9M0,1,PF00704
A0A366JGZ8,1,PF00704
A0A366JH17,1,PF00704
A0A366JIA4,1,PF00704
A0A366K2I0,2,G3DSA:3.20.20.370
A0A366K2I0,2,PF00704
A0A366K4R6,1,PF00704
A0A366K596,1,PF00704
A0A366K5C4,1,PF00704
A0A366KM70,1,PF00704
A0A366KQZ7,1,PF00704
A0A366KW31,2,G3DSA:3.20.20.370
A0A366KW31,2,PF00704
A0A366L1T0,1,PF00704
A0A366L912,1,PF00704
A0A366LDC4,1,PF00704
A0A366LLU8,1,PF00704
A0A366LNJ8,1,PF00704
A0A366LNM5,1,PF00704
A0A366LPZ1,1,PF00704
A0A366LQ98,1,PF00704
A0A366LUF8,1,PF00704
A0A366LYJ1,1,PS51910
A0A366M7S9,1,PF00704
A0A366SGL0,1,PF00704
A0A366WAW5,1,PF00704
A0A366XGP7,2,PF00704
A0A366XGP7,2,PF06483
A0A366XKQ7,1,PF00704
A0A366XNX2,1,PF00704
A0A366XVW4,2,G3DSA:3.20.20.370
A0A366XVW4,2,PF00704
A0A366XZU5,1,PF00704
A0A366YHG2,1,PF00704
A0A367CFU3,1,PS51910
A0A367CG57,1,PF00704
A0A367CHK8,2,PF00704
A0A367CHK8,2,PS51910
A0A367EA48,1,PS51910
A0A367EGV5,1,PF00704
A0A367EN43,1,PF00704
A0A367ENS5,1,PF00704
A0A367ERD4,1,PS51910
A0A367ERV1,1,PF00704
A0A367ES95,1,PF00704
A0A367ESC8,1,PF00704
A0A367ESG6,1,PF00704
A0A367ETP7,1,PF00704
A0A367EYX3,1,PF00704
A0A367F1S4,1,PS51910
A0A367FAA3,1,PF00704
A0A367FEF0,1,PS51910
A0A367FG11,1,PS51910
A0A367FHZ3,1,PF00704
A0A367FLG4,1,PF00704
A0A367FMZ4,1,PF00704
A0A367FPY0,1,PF00704
A0A367FSZ2,1,PF00704
A0A367FZY6,1,PF00704
A0A367GPP8,2,G3DSA:3.20.20.370
A0A367GPP8,2,PF00704
A0A367HH95,1,PF00704
A0A367HKQ4,1,PF00704
A0A367HKW0,1,PF00704
A0A367HMF9,1,PF00704
A0A367HNF4,1,PF00704
A0A367HQ81,1,PF00704
A0A367HQP0,1,PF00704
A0A367HSS7,2,G3DSA:2.10.10.20:FF:000001
A0A367HSS7,2,PF00704
A0A367HTY9,1,PS51910
A0A367HY51,1,PS51910
A0A367HY73,1,PF00704
A0A367WPD2,1,PF00704
A0A367ZHG4,1,PF00704
A0A368CPA9,1,PF00704
A0A368D2R0,1,PF00704
A0A368DCI8,1,PF00704
A0A368JUL4,1,PF00704
A0A368KG26,2,G3DSA:3.20.20.370
A0A368KG26,2,PF00704
A0A368KZP9,1,PF00704
A0A368LJF3,2,PF00704
A0A368LJF3,2,PF06483
A0A368LNT3,1,PF00704
A0A368LPU5,1,PF00704
A0A368T1Q5,1,PF00704
A0A368T415,1,PF00704
A0A368T742,1,PF00704
A0A368VAJ5,1,PF00704
A0A368VRC1,1,PF00704
A0A368VRQ3,1,PF00704
A0A368VSY1,1,PF00704
A0A368W4J0,1,PF00704
A0A368W5H8,1,PF00704
A0A368X9T1,1,PF00704
A0A369A9D3,1,PF00704
A0A369AIA8,1,PF00704
A0A369AXJ6,1,PF00704
A0A369B1X0,1,PF00704
A0A369B4X2,1,PF00704
A0A369B5U2,1,PF00704
A0A369BMN1,1,PF00704
A0A369I207,1,PF00704
A0A369PRP4,1,PF00704
A0A369Q0Z8,1,PF00704
A0A369Q529,1,PF00704
A0A369QU53,1,PF00704
A0A369UKH0,1,PF00704
A0A369UR65,1,PF00704
A0A369UZJ9,1,PF00704
A0A369V4R3,1,PF00704
A0A369V5H0,1,PS51910
A0A369V6A3,1,PF00704
A0A369V7A4,1,PF00704
A0A369V7E2,1,PF00704
A0A369V7G9,1,PF00704
A0A369V7M9,1,PF00704
A0A369W3W5,2,G3DSA:3.20.20.370
A0A369W3W5,2,PF00704
A0A369XHB8,2,G3DSA:3.20.20.370
A0A369XHB8,2,PF00704
A0A370AW62,1,PF00704
A0A370B167,1,PF00704
A0A370B6B2,1,PF00704
A0A370BCW0,1,PF00704
A0A370FB38,1,PF00704
A0A370G3K7,1,PF00704
A0A370G7S2,1,PF00704
A0A370GC86,1,PS51910
A0A370GGF9,1,PS51910
A0A370GQ96,1,PF00704
A0A370GYH3,1,PF00704
A0A370GYY2,1,PF00704
A0A370I945,1,PF00704
A0A370ICQ1,1,PF00704
A0A370KA34,1,PF00704
A0A370NDX2,1,PF00704
A0A370Q603,1,PF00704
A0A370QPF3,1,PF00704
A0A370QQ13,1,PF00704
A0A370R204,1,PF00704
A0A370SEE2,1,PF00704
A0A370VL34,1,PF00704
A0A370VLQ8,1,PS51910
A0A370VPI3,1,PF00704
A0A370VR90,1,PF00704
A0A370VS56,1,PF00704
A0A370VWK6,1,PF00704
A0A370VXI2,1,PS51910
A0A370VZG2,1,PS51910
A0A370WSK7,1,PS51910
A0A370WW19,1,PF00704
A0A370X5T7,1,PF00704
A0A370X9I4,1,PF00704
A0A370XF12,1,PF00704
A0A371ATR0,1,PF00704
A0A371AUH2,1,PF00704
A0A371AVV4,1,PF00704
A0A371AYP4,1,PF00704
A0A371AYQ6,1,PF00704
A0A371AYS9,1,PF00704
A0A371AYV7,1,PF00704
A0A371AZH1,1,PF00704
A0A371BL94,1,PF00704
A0A371IW07,1,PF00704
A0A371J9T3,1,PF00704
A0A371JA17,1,PF00704
A0A371JK81,1,PF00704
A0A371JPF7,1,PF00704
A0A371K6E8,1,PF00704
A0A371NS57,1,PF00704
A0A371NVK8,1,PF00704
A0A371NW03,1,PF00704
A0A371NZ66,1,PF00704
A0A371P1Q0,1,PF00704
A0A371P5K4,1,PF00704
A0A371P5M0,1,PF00704
A0A371P896,1,PF00704
A0A371PF12,1,PF00704
A0A371PFY7,1,PF00704
A0A371PLR8,1,PF00704
A0A371PTB7,1,PF00704
A0A371PU97,1,PF00704
A0A371PWX2,1,PS51910
A0A371Q3W8,1,PF00704
A0A371Q8X2,1,PF00704
A0A371QA73,1,PF00704
A0A371RVH6,1,PF00704
A0A371S124,1,PF00704
A0A371SI24,1,PF00704
A0A371SNR0,1,PF00704
A0A371XMI0,1,PF00704
A0A371XTL3,1,PF00704
A0A371XY52,1,PS51910
A0A371XZ14,1,PF00704
A0A371XZW1,1,PF00704
A0A371Y3N1,1,PS51910
A0A371Y4C3,1,PF00704
A0A371Y715,1,PF00704
A0A371Y806,1,PF00704
A0A372FYY9,1,PF00704
A0A372G5P3,1,PF00704
A0A372GCV5,1,PF00704
A0A372GD17,1,PF00704
A0A372GD77,1,PF00704
A0A372GD89,1,PF00704
A0A372GGA6,1,PF00704
A0A372GP84,1,PF00704
A0A372IIX0,1,PF00704
A0A372ILS4,1,PS51910
A0A372J2A3,1,PS51910
A0A372JKF3,1,PF00704
A0A372JPL7,1,PF00704
A0A372JS29,1,PF00704
A0A372LDA6,1,PF00704
A0A372LIC1,1,PF00704
A0A372LIW3,1,PF00704
A0A372LLI2,1,PF00704
A0A372LQQ6,1,PF00704
A0A372LRI7,1,PF00704
A0A372LTV9,1,PF00704
A0A372LVK4,1,PF00704
A0A372LXC3,1,PF00704
A0A372M0Z9,1,PF00704
A0A372M1M0,1,PS51910
A0A372M5X0,1,PF00704
A0A372NRF7,2,G3DSA:3.20.20.370
A0A372NRF7,2,PF00704
A0A372NT77,1,PF00704
A0A372NTT2,1,PF00704
A0A372UFK9,1,PF00704
A0A372YXL4,1,PF00704
A0A372Z340,1,PF00704
A0A372ZIH1,1,PF00704
A0A372ZK77,1,PF00704
A0A372ZP20,1,PF00704
A0A372ZSJ7,1,PS51910
A0A372ZTS0,1,PF00704
A0A372ZUR5,1,PF00704
A0A372ZV23,1,PF00704
A0A372ZWY8,1,PF00704
A0A373A151,1,PF00704
A0A373A304,1,PF00704
A0A373A5P0,1,PF00704
A0A373B9Q6,1,PF00704
A0A373C632,1,PF00704
A0A373CDI4,1,PF00704
A0A373CPZ8,1,PF00704
A0A373CYE0,1,PF00704
A0A373D418,1,PF00704
A0A373DFH5,1,PF00704
A0A373G1Q4,1,PF00704
A0A373GFA8,1,PF00704
A0A373GFM9,1,PF00704
A0A373GLY6,1,PF00704
A0A373GM85,1,PF00704
A0A373GR53,1,PF00704
A0A373GTV9,1,PF00704
A0A373JDY5,1,PF00704
A0A373LL46,1,PF00704
A0A373LT83,3,PF00704
A0A373LWA2,1,PF00704
A0A373LX41,1,PF00704
A0A373MSJ6,1,PF00704
A0A373MW24,1,PF00704
A0A373NKC8,1,PF00704
A0A373NZY1,1,PF00704
A0A373P2F8,1,PF00704
A0A373P311,1,PF00704
A0A373RU12,1,PF00704
A0A373RY63,1,PF00704
A0A373UE61,1,PF00704
A0A373VJP8,1,PF00704
A0A373VKZ1,2,PF00704
A0A373VLD9,1,PF00704
A0A373VLM0,1,PF00704
A0A373VQ69,2,PF00704
A0A373VQ69,2,SSF51445
A0A373VSD3,2,PF00704
A0A373VSD3,2,SSF51445
A0A373VT22,1,PF00704
A0A373VVQ4,1,PF00704
A0A373W3A9,1,PF00704
A0A374ADC5,1,PS51910
A0A374ASF7,1,PF00704
A0A374AVI0,1,PF00704
A0A374AVW4,1,PF00704
A0A374I9Z9,1,PF00704
A0A374MTR8,1,PF00704
A0A374MWB1,1,PF00704
A0A374P1N6,1,PF00704
A0A374PBD1,1,PF00704
A0A374PZE8,1,PF00704
A0A374VB19,1,PF00704
A0A374W8E5,1,PF00704
A0A374WDG4,1,PF00704
A0A374WFT6,1,PF00704
A0A374WVH6,1,PF00704
A0A375YNS9,2,PS51910
A0A375YNS9,2,SSF51445
A0A376CXY2,1,PF00704
A0A376E139,1,PF00704
A0A376E9L0,2,G3DSA:3.20.20.370
A0A376E9L0,2,PF00704
A0A376EL13,1,PF00704
A0A376EM59,1,PF00704
A0A376H4C6,1,PF00704
A0A376M302,1,PS51910
A0A376ML52,1,PF00704
A0A376VXH9,1,PF00704
A0A376WT81,1,PF00704
A0A376Y679,1,PF00704
A0A377C5B9,1,PS51910
A0A377D9J4,1,PS51910
A0A377DA90,1,PF00704
A0A377FIF9,1,PF00704
A0A377GA80,1,PF00704
A0A377GCI4,1,PF00704
A0A377GCK2,1,PF00704
A0A377GLJ4,1,PF00704
A0A377GLN0,1,PF00704
A0A377HP85,1,PF00704
A0A377HQ40,2,PF00704
A0A377HQ40,2,PF06483
A0A377KGJ3,1,PF00704
A0A377KGX9,1,PS51910
A0A377KGY5,1,PS51910
A0A377KIF7,1,PF00704
A0A377M2F7,1,PF00704
A0A377M328,1,PF00704
A0A377M3S2,1,PF00704
A0A377M4W7,1,PF00704
A0A377NCD1,1,PF00704
A0A377Q1N8,1,PF00704
A0A377Q9E1,1,PF00704
A0A377QAF7,1,PF00704
A0A377ST16,2,PF00704
A0A377ST16,2,PF06483
A0A377SV13,1,PF00704
A0A377SW23,1,PF00704
A0A377TVH3,1,PF00704
A0A377UZZ5,1,PF00704
A0A377V3L5,1,PF00704
A0A377WGP5,1,PF00704
A0A377WH67,1,PF00704
A0A377XR03,1,PF00704
A0A377ZDX5,1,PF00704
A0A377ZE76,1,PF00704
A0A377ZEG9,1,PS51910
A0A377ZUP1,1,PF00704
A0A377ZWL4,1,PF00704
A0A377ZX87,1,PF00704
A0A378BCT1,1,PF00704
A0A378BE38,1,PF00704
A0A378F762,1,PF00704
A0A378GQJ4,1,PF00704
A0A378HZE0,1,PF00704
A0A378I142,1,PF00704
A0A378I1G1,1,PF00704
A0A378I2W4,1,PF00704
A0A378IF08,1,PF00704
A0A378IJQ9,1,PF00704
A0A378IW13,1,PF00704
A0A378J102,1,PF00704
A0A378J4F2,1,PF00704
A0A378JDC6,1,PF00704
A0A378JI63,1,PF00704
A0A378JK98,1,PF00704
A0A378JNS1,1,PF00704
A0A378K432,1,PF00704
A0A378K7P0,1,PF00704
A0A378L4R2,1,PF00704
A0A378L6B2,1,PF00704
A0A378L6L4,1,PF00704
A0A378L8H7,1,PF00704
A0A378LT36,1,PF00704
A0A378LTW2,1,PF00704
A0A378LU72,1,PF00704
A0A378MH27,1,PF00704
A0A378MNP1,1,PF00704
A0A378NWF8,1,PF00704
A0A378SQU6,1,PF00704
A0A378XN19,1,PF00704
A0A378XV20,1,PF00704
A0A378Y5A2,1,PF00704
A0A378ZRR4,1,PF00704
A0A379C4F0,1,PF00704
A0A379DEW8,1,PF00704
A0A379E3P4,2,G3DSA:3.20.20.370
A0A379E3P4,2,PF00704
A0A379GAA9,2,G3DSA:3.20.20.370
A0A379GAA9,2,PF00704
A0A379Q880,1,PF00704
A0A379QP67,1,PF00704
A0A379R2N3,1,PF00704
A0A379S819,1,PF00704
A0A379SFF2,1,PF00704
A0A379T115,1,PF00704
A0A379THM3,1,PF00704
A0A379TN84,1,PF00704
A0A379V0A3,1,PF00704
A0A379V188,1,PF00704
A0A379VS79,1,PS51910
A0A379VWB7,1,PF00704
A0A379WF40,1,PF00704
A0A379WGK4,1,PF00704
A0A379X0K6,1,PF00704
A0A379XVG7,1,PF00704
A0A379Y6D9,1,PF00704
A0A379YH44,1,PF00704
A0A379YL51,1,PS51910
A0A379YRH9,1,PF00704
A0A379YYI0,1,PF00704
A0A379ZDQ1,1,PF00704
A0A379ZED9,1,PF00704
A0A380A257,1,PF00704
A0A380A9L9,1,PF00704
A0A380AAH5,1,PF00704
A0A380ANW3,1,PF00704
A0A380BA79,1,PF00704
A0A380BQU0,1,PF00704
A0A380C7F0,1,PF00704
A0A380EKW0,1,PF00704
A0A380MRJ0,1,PF00704
A0A380MSD9,1,PF00704
A0A380MWB0,1,PF00704
A0A380NBW2,1,PF00704
A0A380NJV0,1,PF00704
A0A380PBD2,1,PF00704
A0A380QDL2,1,PF00704
A0A380RVX4,1,PF00704
A0A380S7I4,1,PF00704
A0A380T704,1,PF00704
A0A381C972,1,PF00704
A0A381ETT0,1,PF00704
A0A381I9E4,1,PF00704
A0A381J8B5,1,PF00704
A0A381KNH8,1,PS51910
A0A381KR17,1,PF00704
A0A381M092,1,PF00704
A0A383R4E0,1,PF00704
A0A383R4W3,1,PF00704
A0A383R6H1,1,PF00704
A0A383R7N6,2,PF00704
A0A383R7N6,2,PS51910
A0A383R9D5,1,PF00704
A0A383RB57,1,PF00704
A0A383RBS7,1,PF00704
A0A383REL2,1,PF00704
A0A383RJK1,1,PF00704
A0A383RLS6,1,PF00704
A0A383U397,1,PF00704
A0A384HX90,1,PF00704
A0A384HZU6,1,PS51910
A0A384I7F5,1,PS51910
A0A384I7J3,1,PF00704
A0A384I7R1,1,PF00704
A0A384I8D9,1,PF00704
A0A384IM55,1,PF00704
A0A384IR52,1,PF00704
A0A384ITJ9,1,PF00704
A0A384IU43,1,PF00704
A0A385D937,1,PF00704
A0A385D9H9,1,PF00704
A0A385DGB3,1,PF00704
A0A385DIF6,1,PF00704
A0A385DM62,1,PF00704
A0A385KKR2,1,PF00704
A0A385KKT0,1,PF00704
A0A385KKW4,1,PF00704
A0A385KKZ6,1,PF00704
A0A385KL13,1,PF00704
A0A385KL25,1,PF00704
A0A385KL26,1,PF00704
A0A385KL29,1,PF00704
A0A385KL30,1,PF00704
A0A385PXQ7,1,PF00704
A0A385SL54,1,PF00704
A0A385SVP9,1,PF00704
A0A385T136,1,PF00704
A0A385THE8,1,PF00704
A0A385THP9,2,G3DSA:2.10.10.20:FF:000001
A0A385THP9,2,PF00704
A0A385TJA9,1,PF00704
A0A385TM21,1,PF00704
A0A385TRH1,1,PF00704
A0A385TUV4,1,PF00704
A0A385TWX7,1,PF00704
A0A385TX38,1,PF00704
A0A385TYU8,1,PF00704
A0A386H380,1,PF00704
A0A386HNS3,2,G3DSA:3.20.20.370
A0A386HNS3,2,PF00704
A0A386HS82,1,PF00704
A0A386HTM3,1,PF00704
A0A386WDA7,1,PF00704
A0A386WHU0,1,PF00704
A0A386WMK9,1,PF00704
A0A386WUT1,1,PF00704
A0A386WZT5,1,PS51910
A0A387BFH7,1,PF00704
A0A387H6W8,1,PF00704
A0A387H8D2,1,PF00704
A0A387H9A7,1,PF00704
A0A387H9T0,1,PS51910
A0A387HAB8,1,PF00704
A0A387HAC6,1,PF00704
A0A387HGX2,2,G3DSA:2.10.10.20:FF:000001
A0A387HGX2,2,PF00704
A0A387HJP4,1,PF00704
A0A387HJR9,1,PF00704
A0A387HMP9,1,PF00704
A0A387HNZ6,1,PF00704
A0A387HPC3,1,PF00704
A0A388NU50,1,PF00704
A0A388PC04,1,PF00704
A0A388Q9H1,1,PF00704
A0A388SWF9,1,PF00704
A0A388SYF5,1,PF00704
A0A389M723,1,PF00704
A0A391PBD4,1,PF00704
A0A395TE00,1,PF00704
A0A395TJI6,2,PF00704
A0A395TJI6,2,PF06483
A0A395TMB1,2,G3DSA:2.10.10.20:FF:000001
A0A395TMB1,2,PF00704
A0A395ULG0,1,PF00704
A0A395UYZ5,1,PF00704
A0A395V4Q8,1,PF00704
A0A395W139,1,PF00704
A0A395W6F9,1,PF00704
A0A395X404,1,PF00704
A0A395XJ38,1,PF00704
A0A395Y9V7,1,PF00704
A0A395YQS8,1,PF00704
A0A396AJ03,1,PF00704
A0A396AMF7,1,PF00704
A0A396FPU5,1,PF00704
A0A396FZS0,1,PF00704
A0A396G6R6,1,PF00704
A0A396KK13,1,PF00704
A0A396LEJ6,1,PF00704
A0A396MTQ2,1,PF00704
A0A396P2S0,1,PF00704
A0A396PE67,1,PF00704
A0A396Q6N9,1,PF00704
A0A396QK92,1,PF00704
A0A396QNC4,1,PF00704
A0A396R2Q7,1,PS51910
A0A396S1H0,1,PF00704
A0A396S6Q8,1,PF00704
A0A396S9R5,1,PF00704
A0A396SB92,1,PF00704
A0A396YWP1,1,PF00704
A0A396Z4X3,1,PF00704
A0A396ZF66,1,PF00704
A0A397LDU4,1,PF00704
A0A397M4M2,1,PF00704
A0A397ND45,1,PF00704
A0A398AUK4,1,PF00704
A0A398AVK8,1,PF00704
A0A398B2V4,1,PF00704
A0A398B6N3,1,PF00704
A0A398BBZ6,1,PF00704
A0A398BFA6,1,PF00704
A0A398BKU7,2,G3DSA:3.20.20.370
A0A398BKU7,2,PF00704
A0A398CJG4,1,PF00704
A0A398CRA6,1,PF00704
A0A398CTK7,1,PF00704
A0A398CYE1,1,PF00704
A0A399G314,1,PF00704
A0A399G667,1,PF00704
A0A399GQC6,1,PF00704
A0A399HEA5,1,PF00704
A0A399HGH4,1,PS51910
A0A399HJ52,1,PF00704
A0A399HJH6,1,PF00704
A0A399M830,1,PF00704
A0A399P898,1,PF00704
A0A399PZ30,1,PF00704
A0A399QE27,1,PF00704
A0A399SIM4,1,PF00704
A0A399SPL4,1,PF00704
A0A399T3P6,1,PF00704
A0A399T7Q6,1,PF00704
A0A399WTC6,2,G3DSA:3.20.20.370
A0A399WTC6,2,PF00704
A0A399YEG5,1,PF00704
A0A399Z3J0,1,PF00704
A0A3A0AIG1,1,PF00704
A0A3A0BGS3,1,PF00704
A0A3A0DZ19,1,PF00704
A0A3A0FKW0,1,PF00704
A0A3A1QRI0,1,PF00704
A0A3A1R2B4,1,PF00704
A0A3A1R664,1,PF00704
A0A3A1UK66,1,PF00704
A0A3A1ULQ8,1,PF00704
A0A3A1UP68,1,PF00704
A0A3A1UPG9,1,PF00704
A0A3A1UVD8,1,PF00704
A0A3A1UZN2,1,PF00704
A0A3A1VHI8,1,PF00704
A0A3A1VHU5,1,PF00704
A0A3A2I0B9,1,PF00704
A0A3A2I228,2,PF00704
A0A3A2I228,2,PF06483
A0A3A3CP67,1,PF00704
A0A3A3CVY7,1,PF00704
A0A3A3CWC7,1,PF00704
A0A3A3D6R0,1,PF00704
A0A3A3D828,1,PF00704
A0A3A3D8X7,1,PF00704
A0A3A3DD05,1,PF00704
A0A3A3DE26,1,PF00704
A0A3A3EL95,1,PF00704
A0A3A3F2K5,1,PF00704
A0A3A3G2Y2,1,PF00704
A0A3A3GCP7,1,PF00704
A0A3A3GDL5,1,PF00704
A0A3A3GKS0,1,PF00704
A0A3A3GTP3,1,PF00704
A0A3A3H2I5,1,PF00704
A0A3A3H2Y9,1,PF00704
A0A3A3IV04,1,PS51910
A0A3A4ABC0,1,PS51910
A0A3A4BA17,2,G3DSA:2.10.10.20:FF:000001
A0A3A4BA17,2,PF00704
A0A3A4BBE2,1,PF00704
A0A3A4BN59,1,PF00704
A0A3A4KL38,1,PF00704
A0A3A4U3V3,1,PF00704
A0A3A4UL29,1,PF00704
A0A3A4ULJ9,1,PF00704
A0A3A4UYI9,1,PF00704
A0A3A4V0Z8,1,PF00704
A0A3A4VDE1,1,PF00704
A0A3A4VGY6,1,PF00704
A0A3A4VKS5,1,PF00704
A0A3A4YIV1,1,PF00704
A0A3A4YJ05,1,PF00704
A0A3A4YJW9,1,PF00704
A0A3A4YVE2,1,PF00704
A0A3A5IAW3,1,PF00704
A0A3A5ICP2,1,PF00704
A0A3A5IGW0,1,PF00704
A0A3A5JX96,1,PF00704
A0A3A5L0Z7,1,PF00704
A0A3A5LAW6,1,PF00704
A0A3A5LD98,1,PF00704
A0A3A5PE58,1,PF00704
A0A3A5PG45,1,PF00704
A0A3A5PKM0,1,PF00704
A0A3A5QG64,1,PF00704
A0A3A5QMY6,1,PS51910
A0A3A5QS30,1,PF00704
A0A3A5QVT5,1,PS51910
A0A3A5QZL4,1,PF00704
A0A3A5R3D2,1,PF00704
A0A3A5R6B1,1,PF00704
A0A3A5R6V1,1,PF00704
A0A3A5RAI9,1,PF00704
A0A3A5RLE0,1,PS51910
A0A3A5RLU1,1,PF00704
A0A3A5RRR6,1,PF00704
A0A3A5RYH7,1,PF00704
A0A3A5S1A5,1,PF00704
A0A3A5S1U3,1,PF00704
A0A3A5S698,1,PF00704
A0A3A5SKB2,1,PF00704
A0A3A5SKU0,1,PF00704
A0A3A5SRZ4,1,PF00704
A0A3A5SWX8,1,PF00704
A0A3A5THT1,1,PF00704
A0A3A5TJU9,1,PF00704
A0A3A5TWY2,1,PF00704
A0A3A5WK63,1,PF00704
A0A3A5WLZ6,1,PF00704
A0A3A5WUT1,1,PF00704
A0A3A5WW86,1,PF00704
A0A3A5WZM8,1,PF00704
A0A3A5X4M7,1,PF00704
A0A3A5YEF7,1,PF00704
A0A3A5YRL5,1,PF00704
A0A3A5YYX2,1,PS51910
A0A3A5Z822,1,PF00704
A0A3A5ZE44,1,PF00704
A0A3A5ZFD5,1,PS51910
A0A3A5ZKC4,1,PS51910
A0A3A5ZLI5,1,PF00704
A0A3A5ZM16,1,PF00704
A0A3A5ZVG8,1,PF00704
A0A3A6ES46,1,PF00704
A0A3A6FY23,1,PF00704
A0A3A6G2E2,1,PF00704
A0A3A6GFN2,1,PF00704
A0A3A6GGY7,1,PF00704
A0A3A6GX97,1,PF00704
A0A3A6HG89,1,PF00704
A0A3A6HQ37,1,PF00704
A0A3A6I2E9,1,PF00704
A0A3A6KHF3,1,PF00704
A0A3A6KL56,1,PF00704
A0A3A6KSB3,1,PF00704
A0A3A6KTC5,1,PF00704
A0A3A6MC40,1,PF00704
A0A3A6MI62,1,PF00704
A0A3A6MJG9,1,PF00704
A0A3A6MLW8,1,PF00704
A0A3A6MWR2,1,PS51910
A0A3A6N3B9,1,PF00704
A0A3A6N4D0,1,PF00704
A0A3A6NF77,1,PF00704
A0A3A6NL00,1,PF00704
A0A3A6PED2,1,PF00704
A0A3A6PGU0,1,PF00704
A0A3A6PHJ9,1,PF00704
A0A3A6PP53,1,PF00704
A0A3A6PSI7,1,PF00704
A0A3A6PTG2,1,PF00704
A0A3A6PV70,1,PF00704
A0A3A6QRB6,1,PF00704
A0A3A6R448,1,PF00704
A0A3A6V9R6,1,PF00704
A0A3A6VA34,1,PS51910
A0A3A6WI35,1,PF00704
A0A3A8G0L8,1,PF00704
A0A3A8GJD2,1,PF00704
A0A3A8GKA3,1,PF00704
A0A3A8GKA8,1,PF00704
A0A3A8GZ24,1,PF00704
A0A3A8H5Q8,1,PF00704
A0A3A8H6K1,1,PF00704
A0A3A8HAY2,1,PF00704
A0A3A8HCS5,1,PF00704
A0A3A8HS30,1,PF00704
A0A3A8HUC5,1,PF00704
A0A3A8HXY3,1,PF00704
A0A3A8I7Y2,1,PF00704
A0A3A8IDF5,1,PF00704
A0A3A8ILP4,1,PF00704
A0A3A8IQ61,1,PF00704
A0A3A8IRT4,1,PF00704
A0A3A8IWL7,1,PF00704
A0A3A8J0U3,1,PF00704
A0A3A8J1X3,1,PF00704
A0A3A8J2Q0,1,PF00704
A0A3A8JAC7,1,PF00704
A0A3A8JCH2,1,PF00704
A0A3A8JE75,1,PF00704
A0A3A8JES3,1,PF00704
A0A3A8JGR0,1,PF00704
A0A3A8JIM1,1,PF00704
A0A3A8JSL5,1,PF00704
A0A3A8JVQ8,1,PF00704
A0A3A8K4P6,1,PF00704
A0A3A8K5B6,1,PF00704
A0A3A8K6H3,1,PF00704
A0A3A8K6S6,2,G3DSA:3.10.50.10
A0A3A8K6S6,2,PF00704
A0A3A8K8R9,1,PF00704
A0A3A8KC14,1,PF00704
A0A3A8KD63,1,PF00704
A0A3A8KEW1,1,PF00704
A0A3A8L363,1,PF00704
A0A3A8L3R0,1,PF00704
A0A3A8L421,1,PF00704
A0A3A8L9X5,1,PF00704
A0A3A8LA40,1,PF00704
A0A3A8LAU6,1,PF00704
A0A3A8LFW8,1,PF00704
A0A3A8MKU8,1,PF00704
A0A3A8MT95,1,PF00704
A0A3A8NCW3,1,PF00704
A0A3A8NI09,1,PF00704
A0A3A8NJ88,1,PF00704
A0A3A8NQN7,1,PF00704
A0A3A8NZV9,1,PF00704
A0A3A8PE61,1,PF00704
A0A3A8PHN1,1,PF00704
A0A3A8PLY6,1,PF00704
A0A3A8PMU3,1,PF00704
A0A3A8PUZ4,1,PF00704
A0A3A8PVE6,1,PF00704
A0A3A8PZV3,1,PF00704
A0A3A8Q8Q9,1,PF00704
A0A3A8QEK7,1,PF00704
A0A3A8QIU2,1,PF00704
A0A3A8QJ67,1,PF00704
A0A3A8QPQ0,1,PF00704
A0A3A8QTT6,1,PF00704
A0A3A8QVM7,1,PF00704
A0A3A8R4U0,1,PF00704
A0A3A8RAR5,1,PF00704
A0A3A8RC92,1,PF00704
A0A3A8RPF3,1,PF00704
A0A3A8RTQ0,1,PF00704
A0A3A8RXN8,1,PF00704
A0A3A8RYQ9,1,PF00704
A0A3A8S1K9,1,PF00704
A0A3A8S5V6,1,PF00704
A0A3A8SPI8,1,PF00704
A0A3A8STJ7,1,PF00704
A0A3A8T3Y0,1,PF00704
A0A3A8T491,1,PF00704
A0A3A8T4M4,1,PF00704
A0A3A8T9F8,1,PF00704
A0A3A8TBG6,1,PF00704
A0A3A8TH13,1,PF00704
A0A3A8UK47,1,PF00704
A0A3A8US63,1,PF00704
A0A3A8UT03,1,PS51910
A0A3A8WCP9,1,PF00704
A0A3A8WH43,1,PF00704
A0A3A8WME4,1,PF00704
A0A3A8Y7R4,1,PF00704
A0A3A8YJ99,1,PF00704
A0A3A8YJL3,1,PF00704
A0A3A8YQC3,1,PF00704
A0A3A8ZNL7,1,PF00704
A0A3A9A088,1,PF00704
A0A3A9AGJ2,1,PF00704
A0A3A9AJ90,1,PF00704
A0A3A9AW07,1,PF00704
A0A3A9BF99,1,PS51910
A0A3A9BJW6,1,PF00704
A0A3A9BYK5,1,PF00704
A0A3A9CK10,1,PF00704
A0A3A9ELL3,1,PF00704
A0A3A9ERB5,1,PF00704
A0A3A9ETJ3,1,PF00704
A0A3A9FBF5,1,PF00704
A0A3A9FJM0,1,PF00704
A0A3A9FQ62,1,PF00704
A0A3A9FX21,1,PF00704
A0A3A9GSP7,1,PF00704
A0A3A9H3A7,1,PF00704
A0A3A9H4V6,1,PF00704
A0A3A9HDE8,1,PF00704
A0A3A9ICL5,1,PF00704
A0A3A9IG21,1,PF00704
A0A3A9IHK9,1,PF00704
A0A3A9IP01,1,PF00704
A0A3A9JUJ3,1,PF00704
A0A3A9JYG2,1,PF00704
A0A3A9JZR1,1,PF00704
A0A3A9KGY4,1,PF00704
A0A3A9SEA0,1,PF00704
A0A3A9SN27,1,PF00704
A0A3A9T2E1,1,PF00704
A0A3A9T6R4,1,PF00704
A0A3A9V474,1,PF00704
A0A3A9V577,1,PF00704
A0A3A9VF68,1,PF00704
A0A3A9VL07,3,PF00704
A0A3A9VWN9,1,PF00704
A0A3A9W9Q4,1,PF00704
A0A3A9WDY4,1,PF00704
A0A3A9WMQ5,1,PF00704
A0A3A9YBN5,1,PF00704
A0A3A9YI53,1,PF00704
A0A3A9YND1,1,PF00704
A0A3A9YNF5,1,PF00704
A0A3A9YVD5,1,PF00704
A0A3A9YXJ2,1,PF00704
A0A3A9ZHP2,1,PF00704
A0A3A9ZNM9,1,PF00704
A0A3A9ZS85,1,PF00704
A0A3A9ZU33,1,PF00704
A0A3A9ZWI3,1,PF00704
A0A3A9ZZM6,1,PF00704
A0A3B0A393,1,PS51910
A0A3B0A5R4,1,PF00704
A0A3B0AI09,1,PF00704
A0A3B0AQR0,1,PF00704
A0A3B0AX97,1,PF00704
A0A3B0AXA9,1,PF00704
A0A3B0AXS8,1,PF00704
A0A3B0BCZ4,1,PF00704
A0A3B0BF52,1,PF00704
A0A3B0BHM9,1,PF00704
A0A3B0BW83,1,PF00704
A0A3B0BX39,1,PF00704
A0A3B0CXV9,1,PF00704
A0A3B7MF87,1,PF00704
A0A3B7MMV7,1,PF00704
A0A3B7MNN0,1,PF00704
A0A3B7MRP2,1,PF00704
A0A3B7MSK9,2,G3DSA:3.20.20.370
A0A3B7MSK9,2,PF00704
A0A3B7MU38,1,PF00704
A0A3B7MVF9,1,PF00704
A0A3B7MVM0,1,PF00704
A0A3B7MY47,1,PF00704
A0A3B8HUQ9,1,PF00704
A0A3B8III2,1,PF00704
A0A3B8ILW3,2,PF00704
A0A3B8IXT2,1,PF00704
A0A3B8IYG8,1,PF00704
A0A3B8J3X7,1,PF00704
A0A3B8J441,1,PF00704
A0A3B8J6M4,1,PF00704
A0A3B8K630,1,PF00704
A0A3B8PI84,1,PF00704
A0A3B8U2T8,1,PF00704
A0A3B8UL60,1,PF00704
A0A3B8VZW7,1,PF00704
A0A3B8WPN4,1,PF00704
A0A3B8X0J9,1,PF00704
A0A3B8X7S4,1,PF00704
A0A3B8XAL2,1,PF00704
A0A3B8XBL4,1,PF00704
A0A3B8XEF3,1,PF00704
A0A3B8XGY2,1,PF00704
A0A3B9ANH5,1,PF00704
A0A3B9C2W5,1,PF00704
A0A3B9D653,1,PF00704
A0A3B9ECF9,1,PF00704
A0A3B9FKM2,1,PF00704
A0A3B9GKW7,1,PF00704
A0A3B9I791,1,PF00704
A0A3B9J7X6,1,PS51910
A0A3B9J8V3,1,PF00704
A0A3B9K5W6,1,PF00704
A0A3B9K8L2,1,PF00704
A0A3B9K8T4,1,PF00704
A0A3B9KNJ3,1,PF00704
A0A3B9LW65,2,G3DSA:3.20.20.370
A0A3B9LW65,2,PF00704
A0A3B9M3G3,1,PF00704
A0A3B9MFC4,2,G3DSA:3.20.20.370
A0A3B9MFC4,2,PF00704
A0A3B9MV57,1,PF00704
A0A3B9NGJ0,2,G3DSA:3.20.20.370
A0A3B9NGJ0,2,PF00704
A0A3B9PW04,1,PF00704
A0A3B9PW64,1,PF00704
A0A3B9PYT9,1,PF00704
A0A3B9Q5G1,1,PF00704
A0A3B9QD93,1,PF00704
A0A3B9QDH0,1,PF00704
A0A3B9SNP4,1,PF00704
A0A3B9SPX3,1,PF00704
A0A3B9UTN1,1,PF00704
A0A3B9W6F8,1,PS51910
A0A3B9WWY4,1,PF00704
A0A3B9ZTK1,1,PF00704
A0A3C0B355,2,PF00704
A0A3C0BGT0,1,PF00704
A0A3C0BK43,1,PF00704
A0A3C0BNM2,1,PF00704
A0A3C0BNM7,2,PF00704
A0A3C0BU87,2,G3DSA:3.20.20.370
A0A3C0BU87,2,PF00704
A0A3C0C5U6,1,PF00704
A0A3C0DUK3,1,PF00704
A0A3C0EK51,1,PF00704
A0A3C0FBY9,1,PF00704
A0A3C0FBZ0,1,PF00704
A0A3C0GNC9,1,PF00704
A0A3C0GSZ4,1,PS51910
A0A3C0GV78,1,PS51910
A0A3C0GVX3,1,PF00704
A0A3C0IYM6,1,PF00704
A0A3C0IZD8,1,PF00704
A0A3C0J4N7,1,PF00704
A0A3C0NNW3,1,PF00704
A0A3C0NZ63,1,PF00704
A0A3C0QE53,1,PF00704
A0A3C0RBP1,1,PF00704
A0A3C0RDL9,2,G3DSA:3.20.20.370
A0A3C0RDL9,2,PF00704
A0A3C0RXD9,2,G3DSA:3.20.20.370
A0A3C0RXD9,2,PF00704
A0A3C0S159,1,PF00704
A0A3C0SPF5,1,PF00704
A0A3C0U265,1,PF00704
A0A3C0UCX1,1,PF00704
A0A3C0UD99,1,PF00704
A0A3C0UFF2,1,PF00704
A0A3C0UHK1,1,PF00704
A0A3C0UXV5,1,PF00704
A0A3C0VQH0,1,PF00704
A0A3C0ZCX0,1,PF00704
A0A3C0ZDP3,1,PF00704
A0A3C0ZFX5,2,G3DSA:3.20.20.370
A0A3C0ZFX5,2,PS51910
A0A3C0ZKH4,1,PF00704
A0A3C0ZKL2,1,PF00704
A0A3C0ZTP7,1,PF00704
A0A3C1ABL0,1,PF00704
A0A3C1B1A6,1,PF00704
A0A3C1BE93,1,PF00704
A0A3C1BHK3,2,G3DSA:3.20.20.370
A0A3C1BHK3,2,PF00704
A0A3C1C4I1,1,PF00704
A0A3C1CA83,1,PF00704
A0A3C1CFX3,1,PF00704
A0A3C1DGD4,1,PF00704
A0A3C1DHG1,1,PF00704
A0A3C1DI07,1,PS51910
A0A3C1DJ77,1,PF00704
A0A3C1EJM8,1,PF00704
A0A3C1FFU6,1,PF00704
A0A3C1I110,1,PF00704
A0A3C1K2J4,1,PF00704
A0A3C1K3R3,1,PS51910
A0A3C1KZ54,1,PF00704
A0A3C1L9S9,1,PS51910
A0A3C1LA37,1,PF00704
A0A3C1LV82,1,PF00704
A0A3C1NYW3,1,PF00704
A0A3C1PIC4,1,PF00704
A0A3C1Q7K2,1,PF00704
A0A3C1Q9E3,1,PF00704
A0A3C1RBV8,2,G3DSA:3.20.20.370
A0A3C1RBV8,2,PF00704
A0A3C1S0W9,1,PF00704
A0A3C1S2G6,1,PF00704
A0A3C1S3M8,1,PF00704
A0A3C1SGT6,1,PF00704
A0A3C1T6N0,1,PF00704
A0A3C1T8P2,1,PF00704
A0A3C1UB40,1,PF00704
A0A3C1WNL0,1,PF00704
A0A3C1WR17,1,PF00704
A0A3C1YMD8,1,PF00704
A0A3C1ZC46,1,PF00704
A0A3C1ZF44,1,PF00704
A0A3C1ZG29,1,PF00704
A0A3C1ZGD9,1,PF00704
A0A3C1ZY33,1,PF00704
A0A3C1ZY94,1,PF00704
A0A3C2AB89,1,PF00704
A0A3C2ABC3,1,PF00704
A0A3C2AZT7,1,PF00704
A0A3C2CUJ4,1,PF00704
A0A3C2CUQ8,1,PF00704
A0A3C2CXD7,1,PF00704
A0A3C2CY73,1,PF00704
A0A3C2D1C3,1,PF00704
A0A3C2DU14,1,PF00704
A0A3C2ED80,1,PF00704
A0A3D0CDR2,1,PF00704
A0A3D0DBQ9,1,PF00704
A0A3D0F7I4,1,PF00704
A0A3D0GXB6,1,PF00704
A0A3D0IZ34,1,PS51910
A0A3D0JFI5,1,PF00704
A0A3D0K1S1,1,PF00704
A0A3D0LB78,1,PF00704
A0A3D0LRT0,1,PF00704
A0A3D0M375,1,PF00704
A0A3D0MA74,1,PF00704
A0A3D0MZU9,1,PF00704
A0A3D0P8L5,1,PF00704
A0A3D0PP11,1,PF00704
A0A3D0PX63,1,PF00704
A0A3D0QD44,1,PF00704
A0A3D0QHE1,1,PF00704
A0A3D0QVM4,1,PF00704
A0A3D0QZG1,1,PF00704
A0A3D0R236,1,PF00704
A0A3D0SUW8,2,G3DSA:3.20.20.370
A0A3D0SUW8,2,PF00704
A0A3D0VNN0,1,PF00704
A0A3D0WBP9,2,G3DSA:3.20.20.370
A0A3D0WBP9,2,PF00704
A0A3D0XMX0,1,PS51910
A0A3D0Y3T8,1,PF00704
A0A3D0Y8R8,1,PF00704
A0A3D0YAL6,1,PF00704
A0A3D0YAX8,1,PF00704
A0A3D0YBE0,1,PF00704
A0A3D0YYG4,1,PF00704
A0A3D0YYU4,1,PF00704
A0A3D0Z8D5,1,PF00704
A0A3D0ZQG5,1,PF00704
A0A3D1ABQ4,1,PF00704
A0A3D1AWW1,2,G3DSA:3.20.20.370
A0A3D1AWW1,2,PF00704
A0A3D1B2A0,1,PF00704
A0A3D1BPZ1,1,PF00704
A0A3D1BQW4,1,PF00704
A0A3D1BTL7,1,PF00704
A0A3D1CTI4,1,PF00704
A0A3D1CUA5,1,PF00704
A0A3D1CW21,1,PF00704
A0A3D1DGI9,1,PF00704
A0A3D1EW73,1,PF00704
A0A3D1FSS6,1,PF00704
A0A3D1HCU0,1,PF00704
A0A3D1K912,1,PF00704
A0A3D1LCQ5,1,PF00704
A0A3D1M4A4,1,PF00704
A0A3D1PQH0,1,PF00704
A0A3D1Q8N1,1,PF00704
A0A3D1QEN4,1,PF00704
A0A3D1QGH4,1,PF00704
A0A3D1RI77,1,PF00704
A0A3D1RQ66,1,PF00704
A0A3D1RVY1,1,PF00704
A0A3D1TIG7,1,PF00704
A0A3D1TQV4,1,PF00704
A0A3D1TTI5,1,PF00704
A0A3D1V676,1,PF00704
A0A3D1VN72,1,PF00704
A0A3D1VPW8,1,PF00704
A0A3D1YBA7,1,PF00704
A0A3D1YBC3,1,PF00704
A0A3D1Z917,1,PF00704
A0A3D1ZT02,1,PS51910
A0A3D2B708,1,PF00704
A0A3D2B9I8,1,PF00704
A0A3D2C9K9,1,PF00704
A0A3D2CLQ4,1,PF00704
A0A3D2DJP1,1,PF00704
A0A3D2EIA9,1,PF00704
A0A3D2F715,1,PF00704
A0A3D2FRI4,1,PF00704
A0A3D2G974,1,PF00704
A0A3D2GZK8,1,PF00704
A0A3D2HL52,1,PF00704
A0A3D2I1Z5,1,PF00704
A0A3D2I3Q6,1,PF00704
A0A3D2IMJ7,1,PF00704
A0A3D2J567,1,PF00704
A0A3D2KKI7,1,PF00704
A0A3D2KL27,1,PS51910
A0A3D2KMP7,1,PF00704
A0A3D2KN24,1,PF00704
A0A3D2KQL2,1,PF00704
A0A3D2PXA6,1,PF00704
A0A3D2QIJ1,1,PF00704
A0A3D2TWM4,1,PF00704
A0A3D2U2Q0,1,PF00704
A0A3D2VNV9,1,PS51910
A0A3D2WXK3,1,PF00704
A0A3D2X0Y1,1,PF00704
A0A3D2X784,1,PF00704
A0A3D2X7H1,1,PF00704
A0A3D2XAT4,1,PF00704
A0A3D2XBB2,1,PF00704
A0A3D2XHV7,1,PF00704
A0A3D2Z128,1,PF00704
A0A3D2Z9H4,1,PF00704
A0A3D3BS63,1,PF00704
A0A3D3CS40,2,G3DSA:3.20.20.370
A0A3D3CS40,2,PF00704
A0A3D3ERY2,1,PF00704
A0A3D3FNR6,1,PF00704
A0A3D3GQ04,1,PF00704
A0A3D3GTA8,1,PF00704
A0A3D3H1N2,1,PF00704
A0A3D3HD85,1,PF00704
A0A3D3IQ63,1,PF00704
A0A3D3M9L4,2,G3DSA:3.20.20.370
A0A3D3M9L4,2,PF00704
A0A3D3MLR1,1,PF00704
A0A3D3MN71,1,PF00704
A0A3D3MQP6,2,G3DSA:3.20.20.370
A0A3D3MQP6,2,PF00704
A0A3D3Q7P4,1,PF00704
A0A3D3RIL1,1,PF00704
A0A3D3TE87,1,PF00704
A0A3D3TI50,1,PF00704
A0A3D3VNK9,1,PS51910
A0A3D3Z8P0,1,PF00704
A0A3D4CDT3,1,PF00704
A0A3D4CLI9,1,PS51910
A0A3D4CP31,1,PF00704
A0A3D4CPW1,1,PF00704
A0A3D4D7R3,1,PF00704
A0A3D4DHY4,1,PF00704
A0A3D4EAJ2,1,PF00704
A0A3D4EAQ2,1,PF00704
A0A3D4EGX2,1,PF00704
A0A3D4FFX7,1,PF00704
A0A3D4FJA4,2,PF00704
A0A3D4FJA4,2,SSF51445
A0A3D4GIT6,1,PF00704
A0A3D4I308,1,PF00704
A0A3D4IDN8,1,PF00704
A0A3D4IJG6,1,PF00704
A0A3D4JY27,2,G3DSA:3.20.20.370
A0A3D4JY27,2,PF00704
A0A3D4LMQ0,1,PF00704
A0A3D4LR49,1,PF00704
A0A3D4NEE2,1,PF00704
A0A3D4PYL9,1,PF00704
A0A3D4Q169,1,PF00704
A0A3D4Q1I4,1,PF00704
A0A3D4Q9N1,1,PF00704
A0A3D4QT12,1,PF00704
A0A3D4QUD6,1,PF00704
A0A3D4R600,1,PF00704
A0A3D4T9S1,1,PF00704
A0A3D4TM83,1,PF00704
A0A3D4TR09,1,PF00704
A0A3D4VAK1,2,G3DSA:3.20.20.370
A0A3D4VAK1,2,PF00704
A0A3D4VBV7,2,G3DSA:3.20.20.370
A0A3D4VBV7,2,PF00704
A0A3D4VYD3,1,PF00704
A0A3D4W701,1,PF00704
A0A3D4WKL9,1,PF00704
A0A3D4WPN4,1,PF00704
A0A3D4WVJ8,1,PS51910
A0A3D4WVY9,1,PS51910
A0A3D4WX62,1,PS51910
A0A3D4WYI7,1,PF00704
A0A3D4WYZ4,1,PF00704
A0A3D4WZB2,1,PF00704
A0A3D4X075,1,PF00704
A0A3D4X0T4,1,PF00704
A0A3D4X121,1,PF00704
A0A3D4X1T8,1,PF00704
A0A3D4X3C3,1,PF00704
A0A3D4X3S7,1,PS51910
A0A3D4X5B6,1,PF00704
A0A3D4XI88,1,PF00704
A0A3D4Y309,1,PF00704
A0A3D4YGX7,1,PF00704
A0A3D5AGT9,1,PF00704
A0A3D5AH66,1,PF00704
A0A3D5AIA9,1,PS51910
A0A3D5ANJ9,1,PF00704
A0A3D5AQW4,1,PS51910
A0A3D5ARZ2,1,PF00704
A0A3D5AU74,1,PF00704
A0A3D5B253,1,PF00704
A0A3D5CQU6,1,PF00704
A0A3D5D732,1,PF00704
A0A3D5DMC6,1,PF00704
A0A3D5E2B9,1,PF00704
A0A3D5EFY3,1,PF00704
A0A3D5EH53,1,PS51910
A0A3D5EM99,1,PF00704
A0A3D5FUV9,1,PF00704
A0A3D5H5H7,1,PF00704
A0A3D5H5Q3,1,PF00704
A0A3D5I8Y7,1,PF00704
A0A3D5IYK7,1,PF00704
A0A3D5JND4,1,PF00704
A0A3D5KCF4,1,PF00704
A0A3D5KG32,1,PF00704
A0A3D5KI28,1,PF00704
A0A3D5KT49,1,PF00704
A0A3D5L1H2,1,PF00704
A0A3D5L2X1,1,PF00704
A0A3D5L4C9,1,PF00704
A0A3D5L6W3,1,PF00704
A0A3D5LD54,1,PF00704
A0A3D5MNT6,1,PF00704
A0A3D5MQR1,1,PF00704
A0A3D5NYE8,1,PF00704
A0A3D5PC17,1,PF00704
A0A3D5PVH6,1,PF00704
A0A3D5R745,1,PF00704
A0A3D5RI19,1,PF00704
A0A3D5RKK2,1,PF00704
A0A3D5RKQ7,1,PF00704
A0A3D5RLI7,1,PF00704
A0A3D5SA35,1,PF00704
A0A3D5TAM1,1,PF00704
A0A3D5TG52,1,PF00704
A0A3D5TQZ9,1,PF00704
A0A3D5VE24,1,PF00704
A0A3D5YT75,1,PF00704
A0A3D5YZZ4,1,PF00704
A0A3D6BJ93,1,PF00704
A0A3D7VJ15,1,PF00704
A0A3D8GJU7,1,PF00704
A0A3D8GN18,2,G3DSA:3.20.20.370
A0A3D8GN18,2,PF00704
A0A3D8GQG3,1,PF00704
A0A3D8GR67,1,PF00704
A0A3D8GRI1,1,PF00704
A0A3D8GU18,1,PF00704
A0A3D8GW90,1,PF00704
A0A3D8P4Y9,1,PF00704
A0A3D8PI08,1,PF00704
A0A3D8PNI8,1,PF00704
A0A3D8PVC7,1,PF00704
A0A3D8PVI4,1,PF00704
A0A3D8PW90,1,PF00704
A0A3D8U0X8,1,PS51910
A0A3D8VD55,1,PF00704
A0A3D8VG26,1,PF00704
A0A3D8VNN0,1,PF00704
A0A3D8VQS0,1,PF00704
A0A3D8VU02,1,PF00704
A0A3D8WUR7,1,PF00704
A0A3D8X558,1,PF00704
A0A3D8X5M5,1,PF00704
A0A3D8Y6R1,1,PF00704
A0A3D8YS88,1,PF00704
A0A3D8YUN7,1,PF00704
A0A3D8YW65,1,PF00704
A0A3D9B322,1,PF00704
A0A3D9B5E6,1,PF00704
A0A3D9BHA4,2,G3DSA:3.20.20.370
A0A3D9BHA4,2,PF00704
A0A3D9C395,2,G3DSA:3.20.20.370
A0A3D9C395,2,PF00704
A0A3D9CEA2,1,PS51910
A0A3D9CFC6,1,PF00704
A0A3D9CT55,1,PF00704
A0A3D9DQK7,1,PF00704
A0A3D9DR42,1,PF00704
A0A3D9FJV4,2,G3DSA:3.20.20.370
A0A3D9FJV4,2,PF00704
A0A3D9FSR3,1,PF00704
A0A3D9G5W1,1,PF00704
A0A3D9G8W1,1,PF00704
A0A3D9GCA5,1,PF00704
A0A3D9GX29,1,PF00704
A0A3D9GXW0,1,PF00704
A0A3D9HTL7,1,PF00704
A0A3D9HYY9,1,PF00704
A0A3D9HZ01,1,PF00704
A0A3D9I088,1,PF00704
A0A3D9I3X7,1,PF00704
A0A3D9I4K1,1,PF00704
A0A3D9I842,1,PF00704
A0A3D9ICH4,1,PF00704
A0A3D9IIR0,1,PF00704
A0A3D9IQ96,1,PF00704
A0A3D9IW26,1,PF00704
A0A3D9IYE1,1,PF00704
A0A3D9JPL4,1,PF00704
A0A3D9KFS1,1,PF00704
A0A3D9KNG0,1,PF00704
A0A3D9L4V4,2,PF00704
A0A3D9L712,1,PF00704
A0A3D9PYJ4,1,PF00704
A0A3D9Q670,1,PF00704
A0A3D9Q6T9,1,PF00704
A0A3D9QZR1,1,PF00704
A0A3D9RRP3,1,PF00704
A0A3D9S553,1,PF00704
A0A3D9S6G2,1,PF00704
A0A3D9UGJ7,1,PF00704
A0A3D9UPJ1,1,PF00704
A0A3D9V7T1,1,PF00704
A0A3D9VCC8,1,PF00704
A0A3D9YL54,2,G3DSA:3.20.20.370
A0A3D9YL54,2,PF00704
A0A3D9ZKA4,1,PS51910
A0A3D9ZL72,1,PF00704
A0A3D9ZSL9,1,PF00704
A0A3D9ZUC6,1,PF00704
A0A3D9ZVI6,1,PF00704
A0A3D9ZZT3,1,PF00704
A0A3E0A063,1,PF00704
A0A3E0A314,1,PF00704
A0A3E0DJW9,1,PF00704
A0A3E0EPA6,1,PF00704
A0A3E0EV05,1,PF00704
A0A3E0GWJ4,1,PS51910
A0A3E0GWU2,1,PS51910
A0A3E0GZI3,1,PF00704
A0A3E0H0I4,1,PF00704
A0A3E0H2Z1,1,PF00704
A0A3E0H345,1,PS51910
A0A3E0H6Z4,1,PF00704
A0A3E0HCA7,1,PF00704
A0A3E0HCB7,1,PS51910
A0A3E0HF76,1,PF00704
A0A3E0HG57,1,PF00704
A0A3E0HGS8,1,PF00704
A0A3E0HMA9,2,PF00704
A0A3E0HP92,1,PS51910
A0A3E0HRA1,1,PF00704
A0A3E0HU56,1,PF00704
A0A3E0HZ79,1,PF00704
A0A3E0HZJ3,1,PF00704
A0A3E0HZQ8,1,PS51910
A0A3E0HZR3,1,PF00704
A0A3E0I0F3,1,PF00704
A0A3E0I6I1,1,PF00704
A0A3E0I852,1,PF00704
A0A3E0I947,1,PF00704
A0A3E0JA30,1,PF00704
A0A3E0JDC0,1,PF00704
A0A3E0K8H4,1,PF00704
A0A3E0K905,1,PF00704
A0A3E0KB62,1,PF00704
A0A3E0KBY3,1,PF00704
A0A3E0KIV9,1,PF00704
A0A3E0KNB9,1,PF00704
A0A3E0KSD5,1,PF00704
A0A3E0KT87,1,PF00704
A0A3E0Q101,1,PF00704
A0A3E0QP05,1,PF00704
A0A3E0QWQ0,1,PF00704
A0A3E0WPZ4,1,PF00704
A0A3E0WU46,1,PF00704
A0A3E1HW52,1,PF00704
A0A3E1KJ51,1,PF00704
A0A3E1NLX7,1,PF00704
A0A3E1NRN5,2,G3DSA:3.20.20.370
A0A3E1NRN5,2,PF00704
A0A3E1NSW6,1,PF00704
A0A3E1NUG3,1,PF00704
A0A3E1NZ40,1,PF00704
A0A3E1NZD1,1,PF00704
A0A3E1P8P2,1,PF00704
A0A3E1P8Y8,2,PF00704
A0A3E1P9P6,1,PF00704
A0A3E2B3X8,1,PF00704
A0A3E2BKN6,1,PF00704
A0A3E2ECF9,1,PF00704
A0A3E2J339,1,PF00704
A0A3E2JMJ2,1,PF00704
A0A3E2JQS4,1,PF00704
A0A3E2JTY7,1,PF00704
A0A3E2MX78,1,PF00704
A0A3E2N1D5,1,PS51910
A0A3E2N5L9,1,PF00704
A0A3E2N9J5,1,PF00704
A0A3E2NAS1,1,PF00704
A0A3E2NFX4,1,PS51910
A0A3E2NGH4,1,PF00704
A0A3E2NIT6,1,PF00704
A0A3E2NL41,2,G3DSA:3.20.20.370
A0A3E2NL41,2,PF00704
A0A3E2NYA0,1,PF00704
A0A3E2TEY3,1,PF00704
A0A3E2WXP5,1,PF00704
A0A3E2X276,1,PF00704
A0A3E2XKP1,1,PF00704
A0A3E2YIX8,1,PF00704
A0A3E2YKK6,1,PF00704
A0A3E2YNW4,1,PF00704
A0A3E2YW09,1,PF00704
A0A3E2YWI7,1,PS51910
A0A3E3DJE3,1,PF00704
A0A3E3DSY4,1,PF00704
A0A3E3I0W9,1,PF00704
A0A3E3I235,1,PF00704
A0A3E3I642,1,PF00704
A0A3E3I6P8,1,PF00704
A0A3E3I748,1,PF00704
A0A3E3IA45,1,PF00704
A0A3E3IFK3,1,PF00704
A0A3E3ILV8,1,PF00704
A0A3E3J265,1,PF00704
A0A3E3K0K4,1,PF00704
A0A3E4EC27,1,PF00704
A0A3E4GM21,1,PF00704
A0A3E4IK71,2,PF00704
A0A3E4IK71,2,PIRSR001103-1
A0A3E4KCQ5,1,PF00704
A0A3E4KW27,1,PF00704
A0A3E4LHY2,1,PF00704
A0A3E4LY27,1,PF00704
A0A3E4MGW5,1,PF00704
A0A3E4NFF4,1,PF00704
A0A3E4PY21,1,PF00704
A0A3E4Q2G4,1,PF00704
A0A3E4Q4E9,1,PF00704
A0A3E4U6C8,1,PF00704
A0A3E4UEC3,1,PF00704
A0A3E4UNC6,1,PS51910
A0A3E4V115,1,PF00704
A0A3E4VA43,1,PF00704
A0A3E4WEE4,1,PF00704
A0A3E4XB74,1,PF00704
A0A3E4XPU9,1,PF00704
A0A3E4Y5A6,1,PF00704
A0A3E5A3H0,1,PF00704
A0A3E5AR75,1,PF00704
A0A3E5B551,1,PF00704
A0A3E5BCV4,1,PF00704
A0A3E5BL79,1,PF00704
A0A3E5BSK5,1,PF00704
A0A3E5E6H7,1,PF00704
A0A3E5ESJ5,1,PF00704
A0A3E5F250,1,PF00704
A0A3E5G2X9,1,PF00704
A0A3E5GBV8,1,PF00704
A0A3E5HH64,1,PS51910
A0A3E5ICG9,1,PS51910
A0A3F2ZSS5,1,PF00704
A0A3F2ZTP7,1,PF00704
A0A3F2ZU77,1,PF00704
A0A3F2ZZY5,1,PS51910
A0A3F3ICA3,1,PF00704
A0A3F3JF47,1,PF00704
A0A3G1KMF3,1,PF00704
A0A3G1KP88,1,PF00704
A0A3G1KRQ6,1,PF00704
A0A3G1KVA8,1,PF00704
A0A3G1KWY5,1,PF00704
A0A3G1L082,1,PF00704
A0A3G1L1H8,1,PF00704
A0A3G2E876,1,PF00704
A0A3G2EDD2,1,PF00704
A0A3G2EH86,1,PF00704
A0A3G2IL98,1,PF00704
A0A3G2J6H9,1,PF00704
A0A3G2JA20,1,PF00704
A0A3G2JBI9,1,PF00704
A0A3G2JHT3,1,PS51910
A0A3G2JIJ4,1,PF00704
A0A3G2JJ73,1,PF00704
A0A3G2JP99,1,PS51910
A0A3G2R9Q4,1,PF00704
A0A3G2RA53,1,PF00704
A0A3G2RBB8,1,PF00704
A0A3G3E4X9,1,PF00704
A0A3G3GWM4,1,PF00704
A0A3G3IKT6,1,PS51910
A0A3G3JWI5,1,PF00704
A0A3G3JX18,1,PF00704
A0A3G3JXD2,1,PF00704
A0A3G3K2D0,1,PF00704
A0A3G3K3W9,1,PF00704
A0A3G3K4P9,1,PF00704
A0A3G4V946,1,PF00704
A0A3G4VFM6,1,PF00704
A0A3G4VJ10,2,PF00704
A0A3G4VJ10,2,PF06483
A0A3G4VPM5,1,PS51910
A0A3G4VUR1,1,PF00704
A0A3G4VUY6,1,PF00704
A0A3G4VYI6,1,PF00704
A0A3G4VZQ2,1,PF00704
A0A3G5T454,1,PF00704
A0A3G5T5L2,1,PF00704
A0A3G5T926,1,PF00704
A0A3G5UCD8,1,PF00704
A0A3G5UCN5,2,G3DSA:3.20.20.370
A0A3G5UCN5,2,PF00704
A0A3G5UDE2,1,PF00704
A0A3G5UKI1,1,PF00704
A0A3G6PHH5,1,PF00704
A0A3G6PK25,1,PF00704
A0A3G6PK72,2,G3DSA:3.20.20.370
A0A3G6PK72,2,PF00704
A0A3G6PNJ7,1,PS51910
A0A3G6RFY7,2,G3DSA:3.20.20.370
A0A3G6RFY7,2,PF00704
A0A3G6RQL5,1,PF00704
A0A3G6RTJ7,2,G3DSA:3.20.20.370
A0A3G6RTJ7,2,PF00704
A0A3G6RUB0,1,PF00704
A0A3G6RXN1,1,PF00704
A0A3G6S1B0,1,PF00704
A0A3G6T4P5,1,PF00704
A0A3G6TBT7,2,G3DSA:3.20.20.370
A0A3G6TBT7,2,PF00704
A0A3G6UQV0,1,PF00704
A0A3G6UXA3,1,PF00704
A0A3G7TM85,1,PF00704
A0A3G7TPV1,1,PF00704
A0A3G7TTC4,1,PF00704
A0A3G7TTF4,1,PF00704
A0A3G7UBG3,1,PF00704
A0A3G7UCR3,1,PF00704
A0A3G8H5E1,1,PF00704
A0A3G8R1F4,1,PF00704
A0A3G8R1X2,1,PF00704
A0A3G8RAB9,1,PF00704
A0A3G8WVI4,1,PF00704
A0A3G8WWF5,1,PF00704
A0A3G8WYV6,1,PF00704
A0A3G8WYW5,1,PF00704
A0A3G8XEF8,1,PF00704
A0A3G9G0B3,2,G3DSA:3.20.20.370
A0A3G9G0B3,2,PF00704
A0A3G9ILE6,1,PF00704
A0A3G9IQ54,1,PF00704
A0A3G9IWE2,1,PF00704
A0A3G9J1R2,1,PF00704
A0A3G9J3S5,1,PF00704
A0A3G9J7T0,1,PF00704
A0A3G9JAQ5,1,PF00704
A0A3G9JBF4,1,PS51910
A0A3G9JCX2,2,G3DSA:3.20.20.370
A0A3G9JCX2,2,PF00704
A0A3G9JN81,1,PF00704
A0A3H0R3E4,1,PF00704
A0A3I2PWC0,1,PF00704
A0A3I5E9D7,1,PF00704
A0A3J0N1W3,1,PF00704
A0A3J4LHS5,1,PF00704
A0A3J5XQD9,1,PF00704
A0A3J6UPQ3,1,PF00704
A0A3K0PE27,1,PF00704
A0A3K2YUJ5,1,PF00704
A0A3L0VUP8,1,PF00704
A0A3L0YGH8,1,PF00704
A0A3L5GX40,1,PF00704
A0A3L7AP79,1,PF00704
A0A3L7AXS5,1,PF00704
A0A3L7AZV0,1,PF00704
A0A3L7B5R9,1,PF00704
A0A3L7BPT5,1,PF00704
A0A3L7BWN8,1,PF00704
A0A3L7BWP7,1,PF00704
A0A3L7JGV4,1,PF00704
A0A3L7JZ45,1,PF00704
A0A3L7K4T6,1,PF00704
A0A3L7MPP4,2,PS51910
A0A3L7MPP4,2,SSF51445
A0A3L7N0H7,2,PF00704
A0A3L7N0H7,2,SSF51445
A0A3L7NW38,1,PF00704
A0A3L7NYN8,2,PF00704
A0A3L7NYN8,2,PS51910
A0A3L7Q2T2,1,PF00704
A0A3L7TCN1,1,PF00704
A0A3L7TGL4,1,PF00704
A0A3L7VYZ2,1,PF00704
A0A3L7VZA5,1,PS51910
A0A3L7W7X2,1,PF00704
A0A3L7W8H3,1,PF00704
A0A3L7W8L0,1,PF00704
A0A3L7Y1Q6,1,PF00704
A0A3L7YG68,1,PF00704
A0A3L7YUZ0,1,PF00704
A0A3L8A5G8,1,PF00704
A0A3L8CF58,1,PF00704
A0A3L8RI67,1,PS51910
A0A3L9ZUH9,1,PF00704
A0A3M0C590,1,PF00704
A0A3M0EKV6,2,G3DSA:3.20.20.370
A0A3M0EKV6,2,PF00704
A0A3M0FT55,2,G3DSA:3.20.20.370
A0A3M0FT55,2,PF00704
A0A3M0I173,1,PF00704
A0A3M0I6S2,1,PF00704
A0A3M0IC83,1,PF00704
A0A3M0ICM5,1,PS51910
A0A3M0IFL5,1,PF00704
A0A3M0IFV7,1,PF00704
A0A3M0IGA1,1,PF00704
A0A3M0SLP6,1,PF00704
A0A3M0SY03,1,PF00704
A0A3M0WNX7,1,PF00704
A0A3M0YQC1,1,PF00704
A0A3M0YXD1,1,PF00704
A0A3M0ZE53,1,PF00704
A0A3M0ZVP7,1,PF00704
A0A3M1A028,1,PF00704
A0A3M1AES5,1,PF00704
A0A3M1AL90,1,PF00704
A0A3M1AM25,1,PF00704
A0A3M1AXU7,1,PF00704
A0A3M1B7G0,1,PF00704
A0A3M1BE87,1,PF00704
A0A3M1EIS5,1,PF00704
A0A3M1EV42,1,PF00704
A0A3M1EW84,1,PF00704
A0A3M1GKQ6,2,PF00704
A0A3M1GKQ6,2,SSF51445
A0A3M1IEH9,1,PF00704
A0A3M1ITG0,1,PF00704
A0A3M1JA03,1,PF00704
A0A3M1JRT8,1,PF00704
A0A3M1NER4,1,PF00704
A0A3M1NRC8,1,PF00704
A0A3M1NTJ7,1,PF00704
A0A3M1QM71,2,PF00704
A0A3M1QM71,2,SSF51445
A0A3M1QSQ5,1,PF00704
A0A3M1SKP6,2,G3DSA:3.20.20.370
A0A3M1SKP6,2,PF00704
A0A3M1TB64,1,PF00704
A0A3M1TJ87,1,PS51910
A0A3M1VBJ4,1,PF00704
A0A3M1XLC7,1,PF00704
A0A3M1YBM2,1,PF00704
A0A3M1ZB69,1,PF00704
A0A3M1ZBL9,1,PF00704
A0A3M1ZF25,1,PF00704
A0A3M2CLB9,1,PF00704
A0A3M2CPQ1,1,PF00704
A0A3M2FAA6,1,PF00704
A0A3M2FEN1,1,PF00704
A0A3M2G971,1,PS51910
A0A3M2GCK9,1,PF00704
A0A3M2J5R1,1,PF00704
A0A3M2L808,1,PF00704
A0A3M2LKF4,1,PF00704
A0A3M2LPE8,1,PF00704
A0A3M2LSC3,1,PF00704
A0A3M2M811,1,PF00704
A0A3M2MAI8,1,PS51910
A0A3M2W160,1,PF00704
A0A3M2WJR3,1,PF00704
A0A3M2ZE57,1,PF00704
A0A3M3B0N1,1,PS51910
A0A3M3FN68,1,PF00704
A0A3M3JRF9,1,PF00704
A0A3M3R028,1,PS51910
A0A3M3RB66,1,PF00704
A0A3M3V4Z4,1,PF00704
A0A3M3XC13,1,PF00704
A0A3M3YAY7,1,PF00704
A0A3M3YV13,1,PF00704
A0A3M3ZP96,1,PF00704
A0A3M3ZPX7,1,PS51910
A0A3M4J904,1,PF00704
A0A3M4KSY6,1,PF00704
A0A3M4LHX3,1,PF00704
A0A3M4SKI3,1,PF00704
A0A3M4SKI6,1,PF00704
A0A3M4TNU2,1,PF00704
A0A3M4YTC7,1,PF00704
A0A3M5B3H4,1,PF00704
A0A3M5E1S1,1,PF00704
A0A3M5GBX1,1,PF00704
A0A3M5GHP4,1,PF00704
A0A3M5J593,1,PF00704
A0A3M5J5W1,1,PF00704
A0A3M5KKS3,1,PF00704
A0A3M5T680,1,PF00704
A0A3M5W2H8,1,PF00704
A0A3M5WER2,1,PF00704
A0A3M5X1E7,1,PF00704
A0A3M5ZV86,1,PF00704
A0A3M6A2C1,1,PF00704
A0A3M6AIW7,1,PF00704
A0A3M6BPR9,1,PF00704
A0A3M6CHS5,1,PF00704
A0A3M6ESG8,1,PF00704
A0A3M6FQ19,1,PF00704
A0A3M7TYF6,1,PF00704
A0A3M8AAE7,1,PF00704
A0A3M8AJW9,1,PF00704
A0A3M8AMW7,1,PF00704
A0A3M8ARJ0,1,PF00704
A0A3M8AX30,1,PF00704
A0A3M8B0A4,1,PF00704
A0A3M8B8C1,1,PF00704
A0A3M8BUD4,1,PF00704
A0A3M8C8N4,1,PF00704
A0A3M8CCR5,1,PF00704
A0A3M8CHS6,1,PF00704
A0A3M8CLM0,1,PF00704
A0A3M8CLY7,1,PF00704
A0A3M8CPF0,1,PF00704
A0A3M8CWD5,1,PF00704
A0A3M8CXI1,1,PF00704
A0A3M8D181,1,PF00704
A0A3M8D5G6,1,PF00704
A0A3M8D9W3,1,PF00704
A0A3M8DHD6,1,PF00704
A0A3M8DIU0,1,PF00704
A0A3M8DJZ6,1,PF00704
A0A3M8DLQ5,1,PF00704
A0A3M8DMU0,1,PF00704
A0A3M8DMZ4,1,PF00704
A0A3M8DWF3,1,PF00704
A0A3M8DWQ0,1,PF00704
A0A3M8DXB7,1,PF00704
A0A3M8DXW1,1,PF00704
A0A3M8FBF8,1,PF00704
A0A3M8H562,1,PF00704
A0A3M8H871,1,PF00704
A0A3M8T9I5,1,PF00704
A0A3M8WD57,1,PS51910
A0A3M9MT31,1,PF00704
A0A3M9MT38,1,PF00704
A0A3M9MT55,1,PF00704
A0A3M9N4L1,2,G3DSA:3.20.20.370
A0A3M9N4L1,2,PF00704
A0A3M9NI29,1,PF00704
A0A3N0BXG6,1,PS51910
A0A3N0BZ32,1,PF00704
A0A3N0C2W8,2,G3DSA:3.20.20.370
A0A3N0C2W8,2,PF00704
A0A3N0D2Y4,1,PF00704
A0A3N0DA48,1,PF00704
A0A3N0DAV9,1,PF00704
A0A3N0DQK8,1,PF00704
A0A3N0DQL6,1,PF00704
A0A3N0EAS5,1,PF00704
A0A3N0EE47,1,PF00704
A0A3N0EMV2,2,PF00704
A0A3N0VSS8,1,PS51910
A0A3N0VSX1,1,PF00704
A0A3N0WBC3,1,PF00704
A0A3N0WGN6,2,G3DSA:3.20.20.370
A0A3N0WGN6,2,PF00704
A0A3N1A7Y5,1,PF00704
A0A3N1ANE3,1,PF00704
A0A3N1AX57,1,PF00704
A0A3N1GGD4,1,PF00704
A0A3N1GGM3,1,PF00704
A0A3N1GK61,1,PF00704
A0A3N1GMG0,1,PS51910
A0A3N1GPS7,1,PF00704
A0A3N1GPT7,1,PS51910
A0A3N1GPV7,1,PF00704
A0A3N1GWB9,1,PF00704
A0A3N1H5Q3,1,PF00704
A0A3N1HAR0,1,PF00704
A0A3N1HC45,1,PF00704
A0A3N1HCR0,1,PS51910
A0A3N1HCW0,1,PF00704
A0A3N1HER9,1,PF00704
A0A3N1HIZ4,1,PF00704
A0A3N1HJJ5,1,PF00704
A0A3N1HVU9,1,PS51910
A0A3N1HWQ1,1,PS51910
A0A3N1HXU6,1,PS51910
A0A3N1I783,1,PF00704
A0A3N1I902,1,PF00704
A0A3N1IA21,1,PF00704
A0A3N1IDU5,1,PS51910
A0A3N1IFN1,1,PF00704
A0A3N1IH68,1,PF00704
A0A3N1IYK0,1,PS51910
A0A3N1J070,1,PF00704
A0A3N1KKR0,1,PF00704
A0A3N1MDP8,1,PF00704
A0A3N1NBV2,1,PF00704
A0A3N1P9J2,1,PF00704
A0A3N1PAY5,1,PF00704
A0A3N1PJD4,1,PF00704
A0A3N1PLU0,1,PS51910
A0A3N1PSC9,1,PF00704
A0A3N1PST5,1,PF00704
A0A3N1PW69,1,PF00704
A0A3N1PZ40,1,PF00704
A0A3N1PZW6,1,PF00704
A0A3N1Q644,1,PF00704
A0A3N1QA34,1,PF00704
A0A3N1QC29,1,PF00704
A0A3N1S0T5,1,PS51910
A0A3N1S2K7,1,PF00704
A0A3N1S6B4,1,PF00704
A0A3N1S6I8,1,PF00704
A0A3N1SE94,1,PF00704
A0A3N1SEF6,1,PF00704
A0A3N1SGP6,1,PF00704
A0A3N1SGZ7,1,PF00704
A0A3N1SPU0,1,PF00704
A0A3N1SZ54,1,PF00704
A0A3N1T340,1,PF00704
A0A3N1T369,1,PF00704
A0A3N1TB66,1,PF00704
A0A3N1TD06,1,PF00704
A0A3N1TDJ8,1,PS51910
A0A3N1TKQ9,1,PF00704
A0A3N1TPB1,1,PF00704
A0A3N1TPD7,1,PF00704
A0A3N1TU37,1,PF00704
A0A3N1TVA5,1,PF00704
A0A3N1TZN3,1,PF00704
A0A3N1UXN3,1,PF00704
A0A3N1UXW8,1,PF00704
A0A3N1UYU8,1,PF00704
A0A3N1UZ05,1,PF00704
A0A3N1V0L3,1,PF00704
A0A3N1V3Z4,1,PF00704
A0A3N1V814,1,PF00704
A0A3N1VE76,1,PF00704
A0A3N1X9F4,1,PF00704
A0A3N1XAV4,1,PF00704
A0A3N1XEX2,1,PF00704
A0A3N1XF40,1,PF00704
A0A3N1XG47,1,PF00704
A0A3N1XG75,1,PF00704
A0A3N1XKV4,1,PF00704
A0A3N1XKV9,1,PF00704
A0A3N1XL96,1,PF00704
A0A3N1XLC6,1,PF00704
A0A3N1XP71,1,PF00704
A0A3N1XR93,1,PF00704
A0A3N1XU89,1,PF00704
A0A3N1XVX8,1,PF00704
A0A3N1XX77,1,PF00704
A0A3N1XZC2,1,PF00704
A0A3N1XZR4,1,PF00704
A0A3N1Y101,1,PF00704
A0A3N2D577,1,PF00704
A0A3N2DPS6,1,PF00704
A0A3N2FHW6,1,PF00704
A0A3N2FU54,1,PF00704
A0A3N2G5N9,1,PF00704
A0A3N2GZT4,1,PF00704
A0A3N2H2H6,1,PF00704
A0A3N2HPX7,1,PF00704
A0A3N2IIT8,1,PF00704
A0A3N2P0U3,1,PF00704
A0A3N2P9D4,1,PF00704
A0A3N2RBV4,1,PF00704
A0A3N2RIT6,1,PS51910
A0A3N2RQ01,1,PF00704
A0A3N2S0U8,1,PF00704
A0A3N3DSU1,1,PF00704
A0A3N3SDL5,1,PF00704
A0A3N4GXS9,1,PF00704
A0A3N4H4W9,1,PF00704
A0A3N4M5Q3,1,PF00704
A0A3N4MBC3,1,PF00704
A0A3N4MH74,1,PF00704
A0A3N4P1P4,1,PF00704
A0A3N4Q9Q4,1,PF00704
A0A3N4R1H0,1,PS51910
A0A3N4RG49,1,PF00704
A0A3N4RIY5,1,PF00704
A0A3N4RMJ8,1,PF00704
A0A3N4RMN9,1,PF00704
A0A3N4RNL2,1,PF00704
A0A3N4RPF5,1,PF00704
A0A3N4RPL6,1,PF00704
A0A3N4RPU1,1,PF00704
A0A3N4RQC3,1,PF00704
A0A3N4RRT8,1,PF00704
A0A3N4RTS3,1,PF00704
A0A3N4RU57,1,PF00704
A0A3N4RUH9,1,PF00704
A0A3N4S4Z0,1,PS51910
A0A3N4S771,1,PF00704
A0A3N4S7G6,2,PS51910
A0A3N4S7G6,2,SSF51445
A0A3N4S9V4,1,PF00704
A0A3N4SD63,1,PS51910
A0A3N4SDH1,1,PF00704
A0A3N4SE67,1,PF00704
A0A3N4SKN4,1,PF00704
A0A3N4SNC1,1,PS51910
A0A3N4SUK0,1,PS51910
A0A3N4T004,1,PF00704
A0A3N4V1P8,1,PF00704
A0A3N4VKM6,1,PF00704
A0A3N4YMR8,1,PF00704
A0A3N4ZGH0,1,PS51910
A0A3N4ZIL0,1,PF00704
A0A3N4ZQ99,1,PF00704
A0A3N4ZS29,1,PF00704
A0A3N4ZW65,1,PF00704
A0A3N5A0A7,1,PS51910
A0A3N5A3C6,1,PS51910
A0A3N5A543,1,PF00704
A0A3N5A778,1,PF00704
A0A3N5A8V3,1,PS51910
A0A3N5AGD2,1,PF00704
A0A3N5AJK4,1,PF00704
A0A3N5AJR6,1,PF00704
A0A3N5AKW2,1,PF00704
A0A3N5ANB9,1,PF00704
A0A3N5ARA0,1,PF00704
A0A3N5B4L5,1,PS51910
A0A3N5B635,1,PF00704
A0A3N5B6N3,1,PF00704
A0A3N5C6Y6,1,PF00704
A0A3N5DVP7,1,PF00704
A0A3N5E9M8,1,PF00704
A0A3N5EB21,1,PF00704
A0A3N5EJJ0,1,PF00704
A0A3N5FNV7,1,PF00704
A0A3N5J460,1,PF00704
A0A3N5J9R0,1,PF00704
A0A3N5JC19,1,PF00704
A0A3N5LA45,1,PF00704
A0A3N5M0B3,1,PF00704
A0A3N5QPY1,1,PF00704
A0A3N5RNX3,1,PF00704
A0A3N5SFN4,1,PF00704
A0A3N5UCR2,1,PF00704
A0A3N5URI9,1,PF00704
A0A3N5USN1,1,PS51910
A0A3N5V3U2,1,PF00704
A0A3N5V9S2,1,PF00704
A0A3N5WMU9,1,PF00704
A0A3N5Y4J7,1,PF00704
A0A3N5ZR82,1,PF00704
A0A3N6A749,1,PF00704
A0A3N6BUG5,1,PF00704
A0A3N6CC33,1,PF00704
A0A3N6CQT2,1,PS51910
A0A3N6DKM4,1,PF00704
A0A3N6DPC8,1,PF00704
A0A3N6DSE7,1,PF00704
A0A3N6DUM7,1,PF00704
A0A3N6EJ43,1,PF00704
A0A3N6EUT8,1,PF00704
A0A3N6EZ61,1,PF00704
A0A3N6F020,1,PF00704
A0A3N6F201,1,PF00704
A0A3N6FF48,1,PS51910
A0A3N6FYN6,1,PF00704
A0A3N6FZY9,1,PS51910
A0A3N6G0U2,1,PF00704
A0A3N6G2T7,1,PF00704
A0A3N6G3Y3,1,PF00704
A0A3N6G4U9,1,PF00704
A0A3N6G657,1,PF00704
A0A3N6G6R1,1,PF00704
A0A3N6GBY5,1,PF00704
A0A3N6GGT1,1,PF00704
A0A3N6GPN2,1,PF00704
A0A3N6GQ58,1,PS51910
A0A3N6GWH3,1,PF00704
A0A3N6GXD2,1,PF00704
A0A3N6H424,1,PF00704
A0A3N6H5W8,1,PF00704
A0A3N6HAE3,1,PF00704
A0A3N6HFY8,1,PF00704
A0A3N6HT84,1,PF00704
A0A3N6IBT1,1,PF00704
A0A3N6IWX2,1,PF00704
A0A3N6LHN5,1,PF00704
A0A3N6LZZ4,1,PF00704
A0A3N6M9T6,1,PF00704
A0A3N6MAZ1,1,PS51910
A0A3N6MB47,1,PS51910
A0A3N6MEF4,1,PS51910
A0A3N6MNX9,1,PF00704
A0A3N6MR13,1,PF00704
A0A3N6MSE4,1,PF00704
A0A3N6MSF3,1,PF00704
A0A3N6MW86,1,PS51910
A0A3N6NU72,1,PF00704
A0A3N6P5T8,1,PF00704
A0A3N6P5X9,1,PF00704
A0A3N6PG72,1,PF00704
A0A3N6SHM5,1,PF00704
A0A3N6TU92,1,PF00704
A0A3N7AK86,1,PS51910
A0A3N7C0C3,1,PF00704
A0A3N7C592,1,PS51910
A0A3N7CZV2,1,PF00704
A0A3N7D167,1,PF00704
A0A3N7D282,1,PF00704
A0A3N7D4E7,1,PF00704
A0A3N7D5D2,1,PF00704
A0A3N7D782,1,PF00704
A0A3N7DB08,1,PS51910
A0A3N7DDT7,2,G3DSA:3.20.20.370
A0A3N7DDT7,2,PF00704
A0A3N7DHR3,1,PF00704
A0A3N7DWE1,2,G3DSA:3.20.20.370
A0A3N7DWE1,2,PF00704
A0A3N7F5W4,1,PF00704
A0A3N7FGG5,1,PF00704
A0A3N7HII1,1,PS51910
A0A3N7HMR7,1,PS51910
A0A3N7HQ87,1,PF00704
A0A3N7HR93,1,PF00704
A0A3N7HUJ9,1,PF00704
A0A3N7HWT4,1,PF00704
A0A3N7K052,1,PF00704
A0A3N7K4D6,1,PF00704
A0A3N8QNS3,1,PF00704
A0A3N9NIN3,1,PF00704
A0A3N9NQH9,1,PF00704
A0A3N9NZN8,1,PF00704
A0A3N9PI50,1,PF00704
A0A3N9PPI6,1,PF00704
A0A3N9PW47,1,PF00704
A0A3N9SM28,2,G3DSA:3.20.20.370
A0A3N9SM28,2,PS51910
A0A3N9TNB9,1,PF00704
A0A3N9TTG8,1,PF00704
A0A3N9TUI6,1,PF00704
A0A3N9UCD3,1,PF00704
A0A3N9UE02,1,PF00704
A0A3N9ULJ6,1,PF00704
A0A3N9WDU7,1,PF00704
A0A3N9WF27,1,PF00704
A0A3N9WSP9,1,PF00704
A0A3N9X8I1,1,PF00704
A0A3N9XBT5,1,PF00704
A0A3N9XN26,1,PF00704
A0A3N9XND3,1,PF00704
A0A3N9XP54,1,PF00704
A0A3N9XPY5,1,PF00704
A0A3N9XQJ5,1,PF00704
A0A3N9Y184,1,PF00704
A0A3P0X5H1,1,PF00704
A0A3P0X5X4,1,PF00704
A0A3P0X5Z5,2,G3DSA:3.20.20.370
A0A3P0X5Z5,2,PF00704
A0A3P1BV29,1,PF00704
A0A3P1CGT6,1,PF00704
A0A3P1YJJ8,1,PS51910
A0A3P2AFJ0,1,PF00704
A0A3P2AGW0,1,PF00704
A0A3P3PXL9,1,PF00704
A0A3P3QNY8,1,PF00704
A0A3P3QR62,1,PF00704
A0A3P3QWI5,1,PF00704
A0A3P3TV28,1,PF00704
A0A3P3TZB4,1,PF00704
A0A3P3U7S7,1,PF00704
A0A3P3U8D4,1,PF00704
A0A3P3UBD0,1,PF00704
A0A3P3UDF4,1,PF00704
A0A3P5XFP0,1,PF00704
A0A3P7P2X7,1,PF00704
A0A3P8J0K5,1,PF00704
A0A3Q0KXI5,2,PF00704
A0A3Q0KXI5,2,PF06483
A0A3Q0KYB0,1,PF00704
A0A3Q0L013,2,G3DSA:2.10.10.20:FF:000001
A0A3Q0L013,2,PF00704
A0A3Q0L482,1,PF00704
A0A3Q0L5A0,1,PF00704
A0A3Q0NAL3,1,PF00704
A0A3Q0NFR8,1,PF00704
A0A3Q8FL52,1,PF00704
A0A3Q8FQI3,1,PF00704
A0A3Q8I224,1,PF00704
A0A3Q8RRL3,1,PF00704
A0A3Q8S6D2,1,PF00704
A0A3Q8S9D2,1,PF00704
A0A3Q8SEW5,1,PF00704
A0A3Q8TJ06,2,G3DSA:2.60.40.10:FF:003164
A0A3Q8TJ06,2,PS51910
A0A3Q8UPD3,1,PS51910
A0A3Q8UT15,1,PF00704
A0A3Q8UTY0,1,PF00704
A0A3Q8UU21,1,PF00704
A0A3Q8UW32,1,PF00704
A0A3Q8UW89,1,PF00704
A0A3Q8UYU0,1,PF00704
A0A3Q8V533,1,PF00704
A0A3Q8V6K5,1,PF00704
A0A3Q8V704,1,PF00704
A0A3Q8VAB6,1,PF00704
A0A3Q8VAY0,1,PF00704
A0A3Q8VCP1,1,PF00704
A0A3Q8VFP1,1,PS51910
A0A3Q8VHB7,1,PF00704
A0A3Q8VHC7,1,PF00704
A0A3Q8VTD7,1,PF00704
A0A3Q8VTQ7,1,PF00704
A0A3Q8VU88,1,PF00704
A0A3Q8VX86,1,PS51910
A0A3Q8W047,1,PF00704
A0A3Q8W1G3,1,PF00704
A0A3Q8W9I9,1,PF00704
A0A3Q8WAD1,1,PF00704
A0A3Q8X7W0,1,PF00704
A0A3Q8X832,1,PF00704
A0A3Q8XAA3,1,PF00704
A0A3Q9C5Y0,1,PS51910
A0A3Q9C6C9,1,PF00704
A0A3Q9EMY2,1,PS51910
A0A3Q9EQN8,1,PF00704
A0A3Q9ERP4,1,PF00704
A0A3Q9EWJ6,1,PF00704
A0A3Q9F7D1,1,PF00704
A0A3Q9FJZ7,2,PF00704
A0A3Q9FJZ7,2,PTHR22595
A0A3Q9FMA6,1,PF00704
A0A3Q9FRD9,1,PF00704
A0A3Q9FUM9,1,PF00704
A0A3Q9FUR9,1,PF00704
A0A3Q9FXI9,1,PF00704
A0A3Q9HS49,1,PF00704
A0A3Q9IB60,1,PF00704
A0A3Q9IBS9,1,PF00704
A0A3Q9IDH6,1,PF00704
A0A3Q9IKA0,2,G3DSA:3.20.20.370
A0A3Q9IKA0,2,PF00704
A0A3Q9J835,1,PF00704
A0A3Q9KBJ1,1,PF00704
A0A3Q9KR25,1,PF00704
A0A3Q9KSH4,1,PF00704
A0A3Q9KV49,1,PF00704
A0A3Q9LAW6,1,PF00704
A0A3Q9LGE6,1,PF00704
A0A3Q9MVU8,1,PF00704
A0A3Q9Q5L5,1,PF00704
A0A3Q9QQS7,1,PF00704
A0A3Q9QSA5,1,PF00704
A0A3Q9QVQ1,1,PF00704
A0A3Q9QW73,1,PF00704
A0A3Q9RIV3,1,PF00704
A0A3Q9RK54,1,PF00704
A0A3Q9RNQ1,1,PF00704
A0A3Q9S789,1,PF00704
A0A3Q9U4U9,1,PF00704
A0A3Q9W5S8,1,PF00704
A0A3Q9W8F9,1,PF00704
A0A3R0BVQ9,1,PF00704
A0A3R0D3H7,1,PF00704
A0A3R0F897,1,PF00704
A0A3R0I9E5,1,PF00704
A0A3R0Q8D6,1,PF00704
A0A3R0VPR2,1,PF00704
A0A3R0X4W6,1,PF00704
A0A3R0Y3Z5,1,PF00704
A0A3R5STS2,1,PF00704
A0A3R5THL6,1,PF00704
A0A3R6A7E1,1,PF00704
A0A3R6AL30,1,PF00704
A0A3R6B472,1,PF00704
A0A3R6GNS3,1,PF00704
A0A3R6GUN1,1,PF00704
A0A3R6JZH9,1,PF00704
A0A3R6M4C8,1,PF00704
A0A3R6MNV4,1,PF00704
A0A3R6NV15,1,PF00704
A0A3R6PEL5,1,PF00704
A0A3R6PIP5,1,PF00704
A0A3R6PT80,1,PF00704
A0A3R6QD10,1,PF00704
A0A3R6R0G7,1,PF00704
A0A3R6RCK8,1,PF00704
A0A3R6RHU7,1,PF00704
A0A3R6RLN0,1,PF00704
A0A3R6T887,1,PF00704
A0A3R6TE67,1,PF00704
A0A3R6TQ41,1,PF00704
A0A3R6U8Y9,1,PF00704
A0A3R6VJE6,1,PF00704
A0A3R6X929,1,PF00704
A0A3R7ARU4,1,PF00704
A0A3R7DX52,1,PF00704
A0A3R7E489,1,PF00704
A0A3R7HFA7,1,PF00704
A0A3R7SHH7,1,PF00704
A0A3R7SME0,1,PF00704
A0A3R7V4P9,1,PF00704
A0A3R8NTC7,2,G3DSA:3.20.20.370
A0A3R8NTC7,2,PF00704
A0A3R8NXW1,1,PS51910
A0A3R8QC47,1,PF00704
A0A3R8QT07,1,PF00704
A0A3R8RUV9,1,PS51910
A0A3R8S707,1,PF00704
A0A3R8S9Q7,1,PF00704
A0A3R8SAN7,1,PF00704
A0A3R8SY68,1,PF00704
A0A3R8SYC9,1,PF00704
A0A3R8TEK6,1,PS51910
A0A3R8TGD8,1,PF00704
A0A3R8U1X9,1,PF00704
A0A3R9B480,1,PF00704
A0A3R9D7X3,2,G3DSA:3.20.20.370
A0A3R9D7X3,2,PF00704
A0A3R9DGP3,1,PF00704
A0A3R9DP15,1,PF00704
A0A3R9DWX2,1,PF00704
A0A3R9EAU5,1,PF00704
A0A3R9EDQ6,1,PF00704
A0A3R9EF43,1,PF00704
A0A3R9EFI4,1,PF00704
A0A3R9F057,1,PF00704
A0A3R9FFA7,1,PF00704
A0A3R9FJM4,2,PF00704
A0A3R9FJM4,2,PF06483
A0A3R9FK93,1,PF00704
A0A3R9KKX7,1,PF00704
A0A3R9KTT1,1,PF00704
A0A3R9NV60,1,PF00704
A0A3R9PYY2,1,PF00704
A0A3R9QHR2,1,PF00704
A0A3R9QRQ0,1,PF00704
A0A3R9TTL1,1,PF00704
A0A3R9UF78,1,PF00704
A0A3R9UUN2,2,G3DSA:2.10.10.20:FF:000001
A0A3R9UUN2,2,PF00704
A0A3R9V4V8,1,PF00704
A0A3R9VC44,1,PF00704
A0A3R9VI37,1,PF00704
A0A3R9VU94,1,PF00704
A0A3R9VZ96,1,PF00704
A0A3R9VZA2,1,PS51910
A0A3R9W6C5,1,PF00704
A0A3R9W952,1,PF00704
A0A3R9WA38,1,PF00704
A0A3R9WBL4,1,PF00704
A0A3R9WR13,1,PF00704
A0A3R9WYH0,1,PF00704
A0A3R9XTW6,1,PF00704
A0A3S0BSK7,1,PF00704
A0A3S0C7L8,1,PF00704
A0A3S0CQL6,1,PF00704
A0A3S0CYB7,1,PF00704
A0A3S0DK24,2,G3DSA:3.20.20.370
A0A3S0DK24,2,PF00704
A0A3S0DZW1,1,PF00704
A0A3S0EHC5,1,PF00704
A0A3S0EIK6,1,PF00704
A0A3S0I8E8,1,PF00704
A0A3S0IWF1,1,PF00704
A0A3S0JMM2,1,PF00704
A0A3S0JNE5,1,PF00704
A0A3S0KKN4,1,PF00704
A0A3S0P971,1,PF00704
A0A3S0PG73,1,PF00704
A0A3S0QP88,1,PF00704
A0A3S0RQA3,1,PF00704
A0A3S0SL47,1,PF00704
A0A3S0SWC4,2,G3DSA:3.20.20.370
A0A3S0SWC4,2,PF00704
A0A3S0TRN1,1,PF00704
A0A3S0VJU7,1,PF00704
A0A3S0VPI5,2,G3DSA:3.20.20.370
A0A3S0VPI5,2,PF00704
A0A3S0VZ36,1,PF00704
A0A3S0Y300,1,PF00704
A0A3S0YRD0,2,G3DSA:3.20.20.370
A0A3S0YRD0,2,PF00704
A0A3S0YTE6,1,PF00704
A0A3S0ZD29,1,PF00704
A0A3S1AQR8,1,PF00704
A0A3S1B1M4,1,PF00704
A0A3S1B422,2,PF00704
A0A3S1B7K4,1,PF00704
A0A3S1BGB0,1,PF00704
A0A3S1BKN7,1,PF00704
A0A3S1BR11,1,PF00704
A0A3S1C323,1,PF00704
A0A3S2TTC6,1,PF00704
A0A3S2U4M5,1,PF00704
A0A3S2W2E4,1,PS51910
A0A3S2WEE5,1,PF00704
A0A3S2XSM8,1,PF00704
A0A3S2Y707,2,G3DSA:3.20.20.370
A0A3S2Y707,2,PF00704
A0A3S3AS30,1,PF00704
A0A3S3Q1L4,1,PF00704
A0A3S3QTC6,1,PF00704
A0A3S3RHT4,1,PF00704
A0A3S3SRS1,1,PF00704
A0A3S3T0D4,1,PF00704
A0A3S4BV18,1,PS51910
A0A3S4DSA8,1,PS51910
A0A3S4FT48,1,PS51910
A0A3S4G668,1,PF00704
A0A3S4HPN0,1,PF00704
A0A3S4LGA4,1,PF00704
A0A3S4LN58,1,PF00704
A0A3S4R429,1,PF00704
A0A3S4RQX2,1,PF00704
A0A3S4RZD4,2,PF00704
A0A3S4RZD4,2,SSF51445
A0A3S4WAZ7,1,PF00704
A0A3S4Y7S0,1,PF00704
A0A3S4YF48,1,PF00704
A0A3S4ZQP5,1,PF00704
A0A3S5G4P2,1,PF00704
A0A3S5IUS2,1,PF00704
A0A3S5WTL8,1,PF00704
A0A3S5XZM7,1,PF00704
A0A3S5YGH8,1,PF00704
A0A3S7KBK6,1,PF00704
A0A3S7KN20,1,PF00704
A0A3S8R9N2,1,PF00704
A0A3S8RPW0,1,PF00704
A0A3S8RTY5,1,PF00704
A0A3S8RUR2,1,PF00704
A0A3S8VM69,1,PF00704
A0A3S8VVZ6,1,PF00704
A0A3S8W508,1,PF00704
A0A3S8XN55,1,PF00704
A0A3S8XNZ4,1,PF00704
A0A3S8XXP8,2,G3DSA:2.10.10.20:FF:000001
A0A3S8XXP8,2,PF00704
A0A3S8XZP3,1,PF00704
A0A3S8Y8N8,1,PF00704
A0A3S8YKG6,1,PF00704
A0A3S8ZWD6,1,PF00704
A0A3S8ZWQ7,1,PF00704
A0A3S8ZXC0,1,PF00704
A0A3S9A0T1,1,PF00704
A0A3S9A8D5,1,PF00704
A0A3S9B109,1,PF00704
A0A3S9HLH9,1,PF00704
A0A3S9HW93,1,PF00704
A0A3S9I129,1,PS51910
A0A3S9I6W8,1,PF00704
A0A3S9ID08,1,PF00704
A0A3S9M602,1,PF00704
A0A3S9ME27,1,PF00704
A0A3S9MI72,1,PS51910
A0A3S9MKZ8,1,PS51910
A0A3S9NXG3,1,PF00704
A0A3S9P0J3,2,PF00704
A0A3S9PLQ8,1,PF00704
A0A3S9PTQ3,1,PF00704
A0A3S9UW07,1,PF00704
A0A3S9UZ98,1,PF00704
A0A3S9V1F4,1,PF00704
A0A3S9V433,1,PF00704
A0A3S9V692,1,PF00704
A0A3S9V789,1,PF00704
A0A3S9YG28,1,PF00704
A0A3S9YK37,1,PF00704
A0A3S9Z850,1,PS51910
A0A3S9ZC85,1,PF00704
A0A3S9ZH36,1,PS51910
A0A3S9ZKS1,1,PF00704
A0A3S9ZMJ4,1,PS51910
A0A3S9ZR26,1,PS51910
A0A3T0G109,1,PF00704
A0A3T0HUP0,1,PF00704
A0A3T0HYL8,1,PF00704
A0A3T0I0K9,1,PF00704
A0A3T0JX01,1,PF00704
A0A3T0KS45,1,PF00704
A0A3T0KSK8,1,PF00704
A0A3T0KUM1,2,G3DSA:3.20.20.370
A0A3T0KUM1,2,PF00704
A0A3T0KX32,1,PF00704
A0A3T0KXH0,1,PF00704
A0A3T0LYJ8,1,PF00704
A0A3T0M2P0,1,PF00704
A0A3T0VXL2,1,PF00704
A0A3T0W3M3,1,PF00704
A0A3T0W3P8,1,PF00704
A0A3T0W4J4,1,PF00704
A0A3T1AKJ0,1,PF00704
A0A3T1ANW5,1,PF00704
A0A3T1AQT2,1,PS51910
A0A3T1ASM4,1,PF00704
A0A3T1AV80,1,PF00704
A0A3T1AVJ1,1,PF00704
A0A3T1B445,1,PF00704
A0A3T1B639,1,PF00704
A0A3T1D2J7,1,PF00704
A0A3T1D4U3,1,PF00704
A0A3T1D6Q9,1,PF00704
A0A3T1DA55,1,PF00704
A0A3T1DBA7,1,PF00704
A0A3T1HM74,1,PF00704
A0A3T1NFR6,1,PF00704
A0A3T2HG89,1,PF00704
A0A3T2I268,1,PF00704
A0A3T2P0M5,1,PF00704
A0A3T2W9V7,1,PF00704
A0A3T3EQ48,1,PF00704
A0A3T3ILH8,1,PF00704
A0A3T4NTE5,1,PF00704
A0A3T5MUH5,1,PF00704
A0A3T6DFF7,1,PS51910
A0A3T6URQ1,1,PF00704
A0A3T7S1F8,1,PF00704
A0A3T7X274,1,PF00704
A0A3T8TI82,1,PS51910
A0A3T9YEB7,1,PF00704
A0A3U0D4Z5,1,PF00704
A0A3U0GXS4,1,PF00704
A0A3U1R5K3,1,PS51910
A0A3U2RX11,1,PF00704
A0A3U2RYN4,1,PS51910
A0A3U2SRS5,1,PF00704
A0A3U3DBI2,1,PF00704
A0A3U3R183,1,PF00704
A0A3U4MVZ9,1,PS51910
A0A3U4TKP4,1,PF00704
A0A3U5JGI5,1,PF00704
A0A3U6MFF8,1,PF00704
A0A3U7XT75,1,PF00704
A0A3U8ILU0,1,PF00704
A0A3U8PGQ3,1,PF00704
A0A3U8PHE0,1,PS51910
A0A3U8XI96,1,PF00704
A0A3U9SGC1,1,PF00704
A0A3V0URQ6,1,PF00704
A0A3V1EYM3,1,PF00704
A0A3V2EUB5,1,PF00704
A0A3V2I2N5,1,PF00704
A0A3V2I8C0,1,PF00704
A0A3V2W034,1,PF00704
A0A3V3C565,1,PF00704
A0A3V3CHC5,1,PF00704
A0A3V3CVX5,1,PF00704
A0A3V3U0M0,1,PF00704
A0A3V4B7F4,1,PF00704
A0A3V4IMJ4,1,PF00704
A0A3V4QTW5,1,PF00704
A0A3V4QUY4,1,PF00704
A0A3V4SHR2,1,PF00704
A0A3V4UV83,1,PF00704
A0A3V5GMH1,1,PF00704
A0A3V5URG2,1,PF00704
A0A3V5US30,1,PS51910
A0A3V5VP71,1,PS51910
A0A3V5VU67,1,PF00704
A0A3V6BM30,1,PF00704
A0A3V6KRN8,1,PF00704
A0A3V7I6E3,1,PF00704
A0A3V7IDZ7,1,PF00704
A0A3V7IMM9,1,PF00704
A0A3V7KJS5,1,PF00704
A0A3V7PED5,1,PF00704
A0A3V8KPM0,1,PF00704
A0A3V8KQZ9,1,PS51910
A0A3V8UWI7,1,PF00704
A0A3V8VIB9,1,PS51910
A0A3V8VLJ4,1,PF00704
A0A3V8XD95,1,PF00704
A0A3V8YY03,1,PS51910
A0A3V9FQI0,1,PF00704
A0A3V9PW40,1,PF00704
A0A3V9S3D8,1,PF00704
A0A3V9WWL1,1,PF00704
A0A3V9YDY4,1,PF00704
A0A3W0FI15,1,PF00704
A0A3W1F1C5,1,PF00704
A0A3W4RQQ4,1,PF00704
A0A3X8XB19,1,PF00704
A0A3X9TYL3,1,PF00704
A0A3Y0DVW2,1,PF00704
A0A3Y0EC22,1,PF00704
A0A3Y1JWR4,1,PF00704
A0A3Y2JH18,1,PS51910
A0A3Y2JHF4,1,PS51910
A0A3Y2N590,1,PF00704
A0A3Y2WBG2,1,PF00704
A0A3Y4BZX3,1,PF00704
A0A3Y5UZ79,1,PS51910
A0A3Y6D2S8,1,PF00704
A0A3Y6K6K9,1,PF00704
A0A3Y9BZ69,1,PS51910
A0A3Y9C796,1,PF00704
A0A3Y9IFW1,1,PF00704
A0A3Z0V8M9,1,PF00704
A0A3Z0Y1E6,1,PF00704
A0A3Z1NYN2,1,PF00704
A0A3Z1U3I4,1,PF00704
A0A3Z2I964,1,PF00704
A0A3Z3G9N5,1,PF00704
A0A3Z3U107,1,PF00704
A0A3Z4FNZ4,1,PF00704
A0A3Z5KCQ8,1,PF00704
A0A3Z5NEN5,1,PF00704
A0A3Z5PYE6,1,PF00704
A0A401HTC0,1,PF00704
A0A401I797,1,PF00704
A0A401LPN0,1,PF00704
A0A401M3C0,1,PF00704
A0A401MRG0,1,PF00704
A0A401QQ10,1,PF00704
A0A401QVK1,1,PF00704
A0A401R156,1,PS51910
A0A401RBW3,1,PF00704
A0A401UTF7,1,PF00704
A0A401V4B2,1,PF00704
A0A401VTX6,1,PF00704
A0A401VVZ7,1,PF00704
A0A401W0G8,1,PF00704
A0A401W112,1,PF00704
A0A401W148,1,PF00704
A0A401W202,1,PF00704
A0A401W8J1,1,PS51910
A0A401WF85,1,PF00704
A0A401WFZ1,1,PF00704
A0A401YGQ5,1,PF00704
A0A401YIU1,1,PF00704
A0A401YJU9,1,PF00704
A0A401YK14,1,PF00704
A0A401YKC5,1,PF00704
A0A401YM02,1,PF00704
A0A401YMT0,1,PF00704
A0A401Z076,1,PF00704
A0A401Z0D9,1,PF00704
A0A401Z6T4,1,PF00704
A0A401Z9F0,1,PF00704
A0A401ZG78,1,PF00704
A0A401ZM58,1,PF00704
A0A401ZMG1,1,PF00704
A0A402AA88,1,PF00704
A0A402AT15,1,PF00704
A0A402AT57,1,PF00704
A0A402BNH3,1,PF00704
A0A402BP33,1,PF00704
A0A402BV07,1,PF00704
A0A402CP22,2,G3DSA:3.20.20.370
A0A402CP22,2,PF00704
A0A402CR39,1,PF00704
A0A402CSV8,1,PF00704
A0A402CUL5,1,PF00704
A0A402D079,1,PF00704
A0A402D1R8,1,PF00704
A0A402DNE8,1,PF00704
A0A402UY68,1,PF00704
A0A402X7Y9,1,PF00704
A0A403JRS0,1,PF00704
A0A410DC80,1,PF00704
A0A410MDQ3,1,PF00704
A0A410MFR8,1,PF00704
A0A410PLV1,1,PF00704
A0A410PTD4,1,PF00704
A0A410PTL5,1,PF00704
A0A410PTX0,1,PF00704
A0A410PUM5,1,PF00704
A0A410PUS0,1,PF00704
A0A410Q7U9,1,PF00704
A0A410QBY6,1,PF00704
A0A410QDG0,1,PF00704
A0A410QEL6,1,PF00704
A0A410RLD4,1,PF00704
A0A410RSZ9,1,PF00704
A0A410RYM7,1,PF00704
A0A410RZ08,1,PF00704
A0A410S0Q6,1,PF00704
A0A410S1A1,1,PF00704
A0A410UGJ6,1,PF00704
A0A410WPN7,3,PF00704
A0A410WQV7,1,PF00704
A0A410WR28,1,PF00704
A0A410WT31,1,PF00704
A0A410WTI2,1,PF00704
A0A410WTR0,2,PF00704
A0A410WVJ9,1,PF00704
A0A410WXR6,1,PF00704
A0A410WXW6,1,PF00704
A0A410WZF7,1,PF00704
A0A410X3D4,1,PF00704
A0A410X3Q2,1,PF00704
A0A410X4Z4,1,PF00704
A0A410X5C9,1,PF00704
A0A411DQV8,2,G3DSA:3.20.20.370
A0A411DQV8,2,PF00704
A0A411DRD7,1,PF00704
A0A411DRE2,1,PF00704
A0A411HLL1,1,PF00704
A0A411LHI3,2,G3DSA:3.20.20.370
A0A411LHI3,2,PF00704
A0A411WNE2,1,PF00704
A0A411WNN8,1,PF00704
A0A411ZV04,1,PF00704
A0A412B729,1,PS51910
A0A412BIR5,1,PF00704
A0A412CAB8,1,PF00704
A0A412CHP5,1,PF00704
A0A412D6B4,1,PF00704
A0A412D6J7,1,PF00704
A0A412DS48,1,PF00704
A0A412DSK7,1,PS51910
A0A412EZA7,1,PF00704
A0A412GFR0,1,PF00704
A0A412GPT7,1,PF00704
A0A412GU08,1,PF00704
A0A412JYI3,1,PF00704
A0A412KMH7,1,PF00704
A0A412MA52,1,PF00704
A0A412NKF2,1,PF00704
A0A412NUL8,1,PF00704
A0A412P585,2,PF00704
A0A412P585,2,PIRSR001103-1
A0A412Q1T4,1,PF00704
A0A412QEB7,1,PF00704
A0A412VSS0,1,PF00704
A0A412VTW6,1,PF00704
A0A412W4J0,1,PF00704
A0A412XQI0,1,PF00704
A0A412XU72,1,PF00704
A0A412YAE3,1,PS51910
A0A412YDZ0,2,PF00704
A0A412YDZ0,2,PIRSR001103-1
A0A412YG12,1,PF00704
A0A412YVG3,1,PF00704
A0A412Z3L9,1,PF00704
A0A412ZBH7,1,PF00704
A0A413B9C7,1,PS51910
A0A413BHB5,1,PF00704
A0A413DKX9,1,PF00704
A0A413E6H1,1,PS51910
A0A413EWT7,1,PF00704
A0A413FEA1,1,PF00704
A0A413FKE1,1,PF00704
A0A413G4Z4,1,PF00704
A0A413H298,1,PF00704
A0A413HJH2,1,PF00704
A0A413HVZ8,1,PF00704
A0A413I227,1,PF00704
A0A413K2M1,1,PS51910
A0A413KBH6,1,PS51910
A0A413NL12,1,PF00704
A0A413NS52,1,PS51910
A0A413QKK8,1,PF00704
A0A413QX66,1,PF00704
A0A413QYR5,1,PF00704
A0A413RBI4,3,PF00704
A0A413RD59,1,PF00704
A0A413RPF4,1,PF00704
A0A413RQS9,1,PF00704
A0A413S2N2,1,PF00704
A0A413SQX4,1,PF00704
A0A413SWQ4,1,PF00704
A0A413T116,1,PF00704
A0A413T4X4,1,PF00704
A0A413T4Z4,2,PF00704
A0A413T6F1,1,PF00704
A0A413TMJ6,1,PF00704
A0A413UUX5,1,PS51910
A0A413VSH1,1,PF00704
A0A413VXB4,1,PF00704
A0A413VYC1,1,PF00704
A0A413WUN9,1,PF00704
A0A413X5J8,1,PS51910
A0A413YKP8,1,PF00704
A0A413YSL7,1,PF00704
A0A413ZYF5,1,PF00704
A0A414AVI2,1,PF00704
A0A414AX88,1,PF00704
A0A414AZF6,1,PF00704
A0A414BBG9,1,PF00704
A0A414D7L0,1,PF00704
A0A414E029,1,PF00704
A0A414E0L8,1,PS51910
A0A414E8M4,1,PF00704
A0A414F005,1,PF00704
A0A414FQC3,1,PF00704
A0A414G7Z6,1,PF00704
A0A414H5Y3,1,PF00704
A0A414HC85,1,PS51910
A0A414HWM5,1,PF00704
A0A414IRA7,1,PF00704
A0A414J7P9,1,PF00704
A0A414JSR6,1,PF00704
A0A414KXR3,1,PF00704
A0A414LBH7,1,PF00704
A0A414LGH4,2,PF00704
A0A414LGH4,2,PIRSR001103-1
A0A414LIX1,1,PF00704
A0A414M5R5,1,PF00704
A0A414P1C5,1,PF00704
A0A414PNK9,1,PS51910
A0A414Q5U1,1,PF00704
A0A414QAP2,1,PF00704
A0A414QPJ1,1,PF00704
A0A414R8A7,1,PF00704
A0A414R9J2,3,PF00704
A0A414RLB8,1,PF00704
A0A414S1Q4,1,PF00704
A0A414SEU5,1,PF00704
A0A414SUT2,1,PF00704
A0A414UAU3,1,PF00704
A0A414UYV0,1,PF00704
A0A414WAD5,1,PF00704
A0A414WDB3,1,PF00704
A0A414WPZ2,1,PS51910
A0A414XA52,1,PF00704
A0A414Z6Y0,1,PF00704
A0A414ZBX2,1,PF00704
A0A414ZEU1,1,PF00704
A0A414ZID6,1,PF00704
A0A415AIV4,1,PF00704
A0A415BI61,1,PF00704
A0A415BS37,1,PF00704
A0A415DFA2,1,PF00704
A0A415E166,1,PF00704
A0A415FYJ2,1,PF00704
A0A415G0K4,1,PF00704
A0A415H1I9,1,PF00704
A0A415HPL4,1,PF00704
A0A415I0E4,1,PF00704
A0A415I1L0,1,PF00704
A0A415I574,1,PF00704
A0A415II96,1,PF00704
A0A415IPT6,2,PF00704
A0A415IPT6,2,PIRSR001103-1
A0A415IUR6,1,PF00704
A0A415J4T7,1,PF00704
A0A415JSF8,1,PF00704
A0A415KEZ8,1,PF00704
A0A415KVG6,1,PF00704
A0A415L5F2,1,PF00704
A0A415LA33,1,PF00704
A0A415LF83,3,PF00704
A0A415LS37,1,PF00704
A0A415M1Q2,1,PF00704
A0A415M6T5,1,PF00704
A0A415M8P1,1,PF00704
A0A415MX80,1,PF00704
A0A415N8H1,1,PF00704
A0A415Q0R8,1,PS51910
A0A415S5J6,1,PF00704
A0A415S891,1,PF00704
A0A415TSC9,1,PF00704
A0A415U8U0,1,PF00704
A0A415X8N5,1,PF00704
A0A415ZIS9,1,PF00704
A0A416CHU1,1,PF00704
A0A416DLV3,1,PF00704
A0A416E182,1,PF00704
A0A416EA51,1,PF00704
A0A416EJ16,1,PF00704
A0A416EJ60,1,PF00704
A0A416ETA3,1,PF00704
A0A416EYA6,1,PF00704
A0A416F7A7,1,PF00704
A0A416G4E5,1,PF00704
A0A416HCJ7,1,PF00704
A0A416HU84,1,PF00704
A0A416HYD9,1,PF00704
A0A416I595,1,PF00704
A0A416JW36,1,PF00704
A0A416K0F5,1,PF00704
A0A416MI59,1,PF00704
A0A416NSN0,1,PF00704
A0A416PGL6,1,PF00704
A0A416R944,1,PF00704
A0A416RTM0,1,PF00704
A0A416S050,1,PF00704
A0A416SAY6,1,PF00704
A0A416SJ88,1,PF00704
A0A416SK99,1,PF00704
A0A416SRQ8,2,PF00704
A0A416SRQ8,2,SSF51445
A0A416SUL9,1,PF00704
A0A416SVD5,1,PS51910
A0A416SW78,2,PF00704
A0A416SZS4,2,PF00704
A0A416T408,1,PF00704
A0A416T957,1,PF00704
A0A416TE80,1,PF00704
A0A416U1A9,1,PF00704
A0A416U9H1,1,PF00704
A0A416VS63,1,PF00704
A0A416VTE0,1,PF00704
A0A416VY72,1,PF00704
A0A416W1X9,1,PF00704
A0A416W1Z5,2,PF00704
A0A416W1Z5,2,SSF51445
A0A416W5C4,1,PF00704
A0A416W5R2,3,PF00704
A0A416W787,1,PF00704
A0A416XSY3,1,PF00704
A0A416XVF5,1,PF00704
A0A416YXB1,1,PF00704
A0A416ZBM0,1,PF00704
A0A416ZLY2,1,PF00704
A0A416ZM84,1,PF00704
A0A416ZM89,1,PF00704
A0A417AP81,1,PF00704
A0A417BU89,1,PF00704
A0A417C602,1,PF00704
A0A417C9A1,1,PF00704
A0A417CPM8,1,PF00704
A0A417EMM0,1,PF00704
A0A417FC54,1,PF00704
A0A417FD09,1,PF00704
A0A417FKV7,1,PF00704
A0A417HLW7,1,PF00704
A0A417HXL2,1,PF00704
A0A417HZF4,1,PF00704
A0A417IML6,1,PF00704
A0A417J180,1,PF00704
A0A417L521,1,PF00704
A0A417M326,1,PF00704
A0A417PIA1,1,PF00704
A0A417QAS1,1,PF00704
A0A417R0B6,1,PF00704
A0A417S886,1,PF00704
A0A417SK45,1,PF00704
A0A417U936,1,PF00704
A0A417VEK7,1,PF00704
A0A417WPN4,1,PF00704
A0A417WT92,1,PF00704
A0A417WTN7,1,PF00704
A0A417YE61,1,PF00704
A0A417YHD6,1,PF00704
A0A417YX23,1,PF00704
A0A417YXQ1,1,PF00704
A0A417YZ18,1,PF00704
A0A418GAD5,1,PF00704
A0A418KQ04,1,PF00704
A0A418LUR5,1,PF00704
A0A418LUT3,1,PF00704
A0A418LVX8,1,PF00704
A0A418M0T1,1,PF00704
A0A418M4N2,1,PF00704
A0A418M9V7,1,PF00704
A0A418MBN5,1,PF00704
A0A418MGT9,1,PF00704
A0A418MQC2,1,PF00704
A0A418MUU7,1,PF00704
A0A418MX02,1,PF00704
A0A418PR50,1,PF00704
A0A418RE13,1,PF00704
A0A418RW13,1,PF00704
A0A418SNX1,1,PF00704
A0A418STY0,1,PF00704
A0A418SVV5,1,PF00704
A0A418T2W8,1,PF00704
A0A418T651,1,PF00704
A0A418TA90,1,PF00704
A0A418WJK4,1,PF00704
A0A418Y9L9,1,PF00704
A0A418Y9R3,1,PF00704
A0A418YBQ5,1,PF00704
A0A418YBS7,1,PF00704
A0A418YD14,1,PF00704
A0A418YDG3,1,PF00704
A0A418YF50,1,PF00704
A0A418YF83,1,PF00704
A0A418YFB5,1,PF00704
A0A418YFY3,1,PF00704
A0A418YG61,1,PF00704
A0A418YH70,1,PF00704
A0A418YH73,1,PF00704
A0A418YHJ3,1,PF00704
A0A418YIG5,1,PF00704
A0A418YIH7,2,PF00704
A0A418YLG5,2,PF00704
A0A418YLG5,2,PF06483
A0A418Z3J3,1,PF00704
A0A419AT96,1,PF00704
A0A419DGU5,1,PF00704
A0A419EMM5,1,PS51910
A0A419EZ65,1,PF00704
A0A419H2T1,1,PS51910
A0A419H7K0,1,PF00704
A0A419H7L6,1,PF00704
A0A419HC75,1,PF00704
A0A419HFN0,1,PF00704
A0A419HFU3,1,PF00704
A0A419HFX0,1,PF00704
A0A419HGK9,1,PF00704
A0A419HML0,1,PS51910
A0A419HR84,1,PF00704
A0A419HRK8,1,PF00704
A0A419HU56,1,PF00704
A0A419HUF1,1,PS51910
A0A419HUF9,1,PS51910
A0A419HUI5,1,PS51910
A0A419HVW8,1,PF00704
A0A419HXI0,1,PF00704
A0A419IA90,1,PF00704
A0A419IEJ7,1,PF00704
A0A419SN19,1,PF00704
A0A419SQM5,1,PF00704
A0A419SWA5,1,PF00704
A0A419SWF0,1,PF00704
A0A419SXU1,1,PF00704
A0A419SZ69,1,PF00704
A0A419T2S6,1,PF00704
A0A419T2V3,1,PF00704
A0A419T571,1,PF00704
A0A419T5U8,1,PF00704
A0A419T8R1,1,PF00704
A0A419TCT1,1,PF00704
A0A419V4X9,2,G3DSA:3.20.20.370
A0A419V4X9,2,PF00704
A0A419V775,2,G3DSA:3.20.20.370
A0A419V775,2,PF00704
A0A419YAY1,1,PF00704
A0A419YEE5,1,PF00704
A0A419YF89,1,PF00704
A0A419YG38,1,PF00704
A0A419YGM7,1,PF00704
A0A419YGS5,1,PF00704
A0A419YGT4,1,PF00704
A0A419YH17,1,PF00704
A0A419YHF5,1,PF00704
A0A419YKM7,1,PF00704
A0A419YLZ5,1,PF00704
A0A419YM57,1,PF00704
A0A419YQW6,1,PS51910
A0A419YQX1,1,PF00704
A0A419YT71,1,PS51910
A0A419YT86,1,PF00704
A0A420ADS6,1,PF00704
A0A420BGG3,1,PS51910
A0A420BJ00,2,G3DSA:3.20.20.370
A0A420BJ00,2,PF00704
A0A420BKR4,1,PS51910
A0A420CFH6,2,G3DSA:3.20.20.370
A0A420CFH6,2,PF00704
A0A420CKH5,1,PF00704
A0A420CKY3,1,PS51910
A0A420EU51,1,PF00704
A0A420F162,1,PF00704
A0A420F165,1,PS51910
A0A420F1I3,1,PF00704
A0A420F651,1,PF00704
A0A420F7P0,1,PF00704
A0A420F804,1,PF00704
A0A420G586,1,PF00704
A0A420GAZ9,2,G3DSA:3.20.20.370
A0A420GAZ9,2,PF00704
A0A420VB81,1,PF00704
A0A420VGC3,1,PF00704
A0A420VS98,1,PF00704
A0A420W245,2,G3DSA:3.20.20.370
A0A420W245,2,PF00704
A0A420XKC1,1,PF00704
A0A420YXL7,2,G3DSA:3.20.20.370
A0A420YXL7,2,PF00704
A0A420ZAV6,1,PF00704
A0A421AVM6,1,PF00704
A0A421AWS1,1,PF00704
A0A421AX49,1,PF00704
A0A421AYA7,1,PF00704
A0A421AZR9,1,PF00704
A0A421B0P6,1,PF00704
A0A421B189,1,PF00704
A0A421B3S6,1,PS51910
A0A421BA59,1,PF00704
A0A421BBJ7,1,PF00704
A0A422ZI36,1,PF00704
A0A423DGS0,1,PF00704
A0A423GMJ7,2,G3DSA:3.10.50.10
A0A423GMJ7,2,PF00704
A0A423KB07,1,PF00704
A0A423KRD2,1,PF00704
A0A423LVX5,1,PF00704
A0A423MDK0,1,PF00704
A0A423MTJ2,1,PF00704
A0A423P487,1,PF00704
A0A423UPG3,1,PF00704
A0A423UPI3,1,PS51910
A0A423UQ75,1,PF00704
A0A423UR82,1,PF00704
A0A423V1M7,1,PF00704
A0A423V1P5,1,PF00704
A0A423V3M7,1,PF00704
A0A423V5V8,1,PF00704
A0A423V5Y8,1,PF00704
A0A423XQB5,1,PF00704
A0A424HCF0,1,PF00704
A0A424STZ6,1,PF00704
A0A424Y2P7,1,PF00704
A0A424Y8D6,1,PF00704
A0A425WBX4,1,PF00704
A0A426DNF1,1,PF00704
A0A426RYM3,1,PS51910
A0A426S0Q5,1,PF00704
A0A426S322,1,PF00704
A0A426S3V7,1,PF00704
A0A426S5W9,1,PS51910
A0A426SCU3,1,PS51910
A0A426SF88,1,PF00704
A0A426TUB4,1,PF00704
A0A426U2X3,1,PF00704
A0A426U4B9,1,PS51910
A0A426UJA9,1,PF00704
A0A426UPJ1,1,PF00704
A0A426UYZ2,1,PF00704
A0A426V0M1,1,PF00704
A0A426VSE8,1,PF00704
A0A427K777,1,PF00704
A0A427KLL4,1,PF00704
A0A427RW83,1,PF00704
A0A427SVI4,1,PF00704
A0A427T9R5,1,PS51910
A0A427TGK1,1,PF00704
A0A427TGP8,1,PF00704
A0A427TN26,1,PF00704
A0A427TN29,1,PS51910
A0A427TSV7,1,PF00704
A0A427TWH7,1,PF00704
A0A427TZJ3,1,PF00704
A0A428J0C7,1,PF00704
A0A428J5D6,1,PF00704
A0A428JGP2,1,PF00704
A0A428KAH5,1,PF00704
A0A428MMQ8,2,G3DSA:3.20.20.370
A0A428MMQ8,2,PF00704
A0A428N235,1,PF00704
A0A428N8N5,1,PF00704
A0A428VWA5,1,PF00704
A0A428WFI3,1,PF00704
A0A428WFL8,1,PS51910
A0A428WGX3,1,PF00704
A0A428WHD5,1,PS51910
A0A428WIH9,1,PF00704
A0A428WKF7,1,PF00704
A0A428WKL0,1,PF00704
A0A428WU98,1,PF00704
A0A428WXB1,1,PF00704
A0A428WXE2,1,PS51910
A0A428X636,1,PF00704
A0A428XI67,1,PF00704
A0A428XSD0,1,PF00704
A0A428XT63,1,PF00704
A0A428XXG1,1,PF00704
A0A428XXW0,1,PF00704
A0A428XY20,1,PF00704
A0A428YK69,1,PF00704
A0A428YNQ6,1,PF00704
A0A428YQP5,1,PF00704
A0A428YU78,1,PF00704
A0A428YZ77,1,PF00704
A0A428Z1F2,1,PF00704
A0A428Z1N1,1,PF00704
A0A428Z2C7,1,PS51910
A0A428Z3H1,1,PF00704
A0A428Z7F7,1,PF00704
A0A428Z8B6,1,PF00704
A0A428Z8N2,1,PS51910
A0A428Z9W5,1,PF00704
A0A428ZG54,1,PF00704
A0A428ZMX5,1,PF00704
A0A428ZQU5,1,PF00704
A0A429A1R0,1,PS51910
A0A429A1S3,1,PF00704
A0A429A1U0,1,PF00704
A0A429AR37,1,PF00704
A0A429ATZ5,1,PF00704
A0A429AVR2,1,PF00704
A0A429AYT7,1,PF00704
A0A429B0K2,1,PS51910
A0A429B0Q8,1,PS51910
A0A429BER3,1,PS51910
A0A429BJ32,1,PF00704
A0A429BJ75,1,PF00704
A0A429BJE1,2,G3DSA:2.10.10.20:FF:000001
A0A429BJE1,2,PF00704
A0A429BJL6,1,PF00704
A0A429BL56,1,PF00704
A0A429CTJ9,1,PF00704
A0A429CVE2,1,PF00704
A0A429CWF4,1,PF00704
A0A429CYV4,1,PF00704
A0A429D2A3,1,PF00704
A0A429D2C5,1,PF00704
A0A429D9T8,1,PF00704
A0A429DDD5,1,PS51910
A0A429DDR9,1,PF00704
A0A429DQ13,1,PF00704
A0A429DW00,1,PF00704
A0A429DW01,1,PS51910
A0A429DWS8,1,PF00704
A0A429DZR2,1,PF00704
A0A429E0D6,1,PF00704
A0A429E6D3,1,PF00704
A0A429E6H9,1,PF00704
A0A429EAN6,1,PF00704
A0A429EAX6,1,PS51910
A0A429ECG7,1,PF00704
A0A429EL95,1,PF00704
A0A429ETD3,1,PF00704
A0A429F405,1,PF00704
A0A429F703,1,PF00704
A0A429F7Q1,1,PF00704
A0A429FI59,1,PF00704
A0A429FKS9,1,PF00704
A0A429FKX9,1,PF00704
A0A429FM67,1,PS51910
A0A429FMQ8,1,PF00704
A0A429FNA4,1,PF00704
A0A429FV87,1,PF00704
A0A429FV90,1,PF00704
A0A429FZ11,1,PF00704
A0A429G0F2,1,PF00704
A0A429G0G5,1,PF00704
A0A429G301,1,PF00704
A0A429HS79,1,PF00704
A0A429HSC5,1,PF00704
A0A429HT55,1,PF00704
A0A429HYE5,1,PS51910
A0A429I8N4,1,PF00704
A0A429IA60,1,PF00704
A0A429IAR7,1,PF00704
A0A429IDH9,1,PF00704
A0A429IDM8,1,PF00704
A0A429IE82,1,PF00704
A0A429II00,1,PF00704
A0A429IJV7,1,PF00704
A0A429INU2,1,PF00704
A0A429IVR1,1,PF00704
A0A429IWN7,1,PS51910
A0A429JK06,1,PF00704
A0A429JKY2,1,PF00704
A0A429JMB2,1,PF00704
A0A429JNM8,1,PF00704
A0A429JPN9,1,PF00704
A0A429JQA7,1,PF00704
A0A429JS09,1,PF00704
A0A429N1Q4,1,PS51910
A0A429N1Y1,1,PF00704
A0A429NBX1,1,PF00704
A0A429PAX6,1,PF00704
A0A429PFR5,1,PF00704
A0A429PJC0,1,PF00704
A0A429PNK2,1,PF00704
A0A429PTK5,1,PF00704
A0A429Q537,1,PF00704
A0A429R770,1,PF00704
A0A429RBN4,1,PF00704
A0A429S2Y2,1,PF00704
A0A429S9Y8,1,PF00704
A0A429SA15,1,PF00704
A0A429STH2,1,PF00704
A0A429T1L6,1,PF00704
A0A429T5U5,1,PF00704
A0A429T9G5,1,PF00704
A0A429TCY6,1,PF00704
A0A429TLV6,1,PF00704
A0A429U8J2,1,PF00704
A0A429UC98,1,PF00704
A0A429UIK5,1,PF00704
A0A429VAU8,2,G3DSA:3.20.20.370
A0A429VAU8,2,PF00704
A0A429X2W1,1,PF00704
A0A429X4Y5,1,PF00704
A0A429X567,1,PF00704
A0A429XTG9,1,PF00704
A0A429XZQ7,1,PF00704
A0A429XZR2,2,G3DSA:3.20.20.370
A0A429XZR2,2,PF00704
A0A429XZS6,1,PF00704
A0A429ZM10,1,PF00704
A0A430A8D6,1,PF00704
A0A430ABD8,1,PF00704
A0A430ABG6,1,PF00704
A0A430ARI7,1,PF00704
A0A430AZ03,1,PF00704
A0A430B1C7,1,PF00704
A0A430BFI5,2,G3DSA:3.20.20.370
A0A430BFI5,2,PF00704
A0A430BIJ9,2,G3DSA:3.20.20.370
A0A430BIJ9,2,PF00704
A0A430CVR7,2,G3DSA:3.20.20.370
A0A430CVR7,2,PF00704
A0A430EMQ3,2,G3DSA:3.20.20.370
A0A430EMQ3,2,PF00704
A0A430FUV1,1,PS51910
A0A430G417,1,PF00704
A0A430HC66,1,PS51910
A0A430HNW2,1,PF00704
A0A430HNW6,1,PF00704
A0A430HQW1,1,PF00704
A0A430HRH0,1,PS51910
A0A430HU86,1,PF00704
A0A430JA11,1,PF00704
A0A430JBK7,1,PF00704
A0A430JBR1,1,PF00704
A0A430JII4,1,PS51910
A0A430JJC3,1,PF00704
A0A431HTP6,1,PF00704
A0A431IRT5,1,PF00704
A0A431ISA6,1,PF00704
A0A431ISP3,1,PF00704
A0A431ISZ7,1,PF00704
A0A431IT86,1,PF00704
A0A431IVR4,1,PF00704
A0A431IZ60,1,PS51910
A0A431J0Y8,1,PF00704
A0A431J6W7,1,PF00704
A0A431LRZ0,1,PF00704
A0A431LS51,1,PF00704
A0A431SH70,1,PF00704
A0A431UDR7,1,PF00704
A0A431UTX3,1,PF00704
A0A431W0B1,1,PF00704
A0A432CKR3,2,G3DSA:3.20.20.370
A0A432CKR3,2,PF00704
A0A432D079,2,PF00704
A0A432D079,2,PF06483
A0A432HLX2,1,PF00704
A0A432IFU5,1,PF00704
A0A432IZ73,1,PF00704
A0A432LB46,1,PF00704
A0A432LDN1,1,PF00704
A0A432LY07,1,PF00704
A0A432M1G9,1,PF00704
A0A432M2T7,1,PF00704
A0A433DR52,1,PF00704
A0A433DRQ2,1,PF00704
A0A433DTM4,1,PF00704
A0A433DTP2,1,PF00704
A0A433DWL0,1,PF00704
A0A433E6H6,1,PF00704
A0A433E6M6,1,PF00704
A0A433E744,1,PF00704
A0A433E845,1,PF00704
A0A433ESP5,1,PF00704
A0A433H9X4,1,PF00704
A0A433HIP2,1,PF00704
A0A433IB11,2,G3DSA:3.20.20.370
A0A433IB11,2,PF00704
A0A433JZT3,1,PS51910
A0A433RPS3,1,PF00704
A0A433X1J3,1,PF00704
A0A433X4N1,1,PF00704
A0A433X974,1,PF00704
A0A433Y619,1,PF00704
A0A433Y760,1,PF00704
A0A433Y786,1,PF00704
A0A434A4L8,1,PF00704
A0A434A6P0,1,PF00704
A0A434A709,2,PF00704
A0A434AD35,1,PF00704
A0A437K2X6,1,PF00704
A0A437K5M6,1,PF00704
A0A437K6G1,1,PF00704
A0A437M4D8,2,G3DSA:3.20.20.370
A0A437M4D8,2,PF00704
A0A437M533,2,G3DSA:3.20.20.370
A0A437M533,2,PF00704
A0A437MW77,2,G3DSA:3.20.20.370
A0A437MW77,2,PF00704
A0A437PNU6,1,PF00704
A0A437PZT6,1,PF00704
A0A437QMG7,1,PF00704
A0A437QMK9,1,PF00704
A0A437S601,1,PF00704
A0A437S8J9,1,PF00704
A0A437S8X2,1,PF00704
A0A437S9M1,1,PF00704
A0A437SEP6,1,PF00704
A0A437SFR0,1,PF00704
A0A437SS02,1,PF00704
A0A438LWB3,1,PF00704
A0A438LWB7,1,PS51910
A0A438LWZ7,1,PF00704
A0A438LXD4,1,PF00704
A0A438LYM9,1,PF00704
A0A443ILE5,1,PF00704
A0A443ILX2,1,PF00704
A0A443INR4,1,PF00704
A0A443LEA4,1,PF00704
A0A443VH82,1,PF00704
A0A444H6K5,1,PF00704
A0A444JWV6,2,PF00704
A0A444JWV6,2,PF06483
A0A444MKA4,2,G3DSA:3.20.20.370
A0A444MKA4,2,PF00704
A0A444MQD8,1,PF00704
A0A444RBH3,1,PF00704
A0A444VW43,1,PF00704
A0A444W4X4,1,PF00704
A0A444W5N3,2,PF00704
A0A445MWR2,2,G3DSA:3.20.20.370
A0A445MWR2,2,PF00704
A0A446AVM7,1,PF00704
A0A447JH99,1,PS51910
A0A447JNS9,1,PF00704
A0A447L2W7,1,PS51910
A0A447MTR4,1,PS51910
A0A447P0S5,1,PF00704
A0A447PN04,1,PF00704
A0A447PU61,1,PF00704
A0A447PU94,1,PF00704
A0A447QQN1,1,PF00704
A0A447TF24,1,PF00704
A0A447TFA1,1,PF00704
A0A447TG40,1,PF00704
A0A447TLB3,1,PF00704
A0A447TN42,1,PF00704
A0A447V3L4,1,PF00704
A0A448B5X7,1,PF00704
A0A448BAZ0,2,G3DSA:3.20.20.370
A0A448BAZ0,2,PF00704
A0A448BL62,1,PF00704
A0A448W0D4,1,PF00704
A0A449BL28,1,PF00704
A0A454A8D6,1,PF00704
A0A454B520,1,PF00704
A0A454CNN8,1,PF00704
A0A454CQG5,1,PF00704
A0A454CRX5,1,PF00704
A0A454CRX6,1,PF00704
A0A454CST9,2,PF00704
A0A454CST9,2,PF06483
A0A454D1X6,1,PF00704
A0A454HJC6,1,PF00704
A0A454TIE2,1,PS51910
A0A454VYA5,1,PF00704
A0A454VZ24,1,PF00704
A0A454VZC1,1,PF00704
A0A454WAL7,1,PF00704
A0A454WDU1,1,PF00704
A0A454WDW3,1,PF00704
A0A454WGR5,1,PF00704
A0A454WGU7,1,PF00704
A0A454WH10,1,PF00704
A0A454WHX0,1,PF00704
A0A455SCN0,1,PF00704
A0A455SEI0,1,PS51910
A0A455SI14,1,PF00704
A0A455SMD0,1,PF00704
A0A455SPX2,1,PF00704
A0A455SQP1,1,PS51910
A0A455T455,1,PS51910
A0A455T860,1,PF00704
A0A455T8H1,1,PF00704
A0A455VND9,1,PF00704
A0A455VWB7,1,PF00704
A0A462GPC7,1,PF00704
A0A463XL31,1,PF00704
A0A466U709,1,PF00704
A0A477Q339,1,PF00704
A0A480AEU1,1,PS51910
A0A480AXY5,1,PF00704
A0A481QWG9,1,PF00704
A0A482EWG0,1,PF00704
A0A482G4C5,1,PF00704
A0A482PC87,1,PF00704
A0A482PGY0,1,PF00704
A0A482PJ69,1,PF00704
A0A482PS50,1,PF00704
A0A482PTH2,1,PF00704
A0A482PVX2,1,PF00704
A0A482RNL8,1,PF00704
A0A482T159,1,PF00704
A0A482T7W5,1,PF00704
A0A482TB44,1,PF00704
A0A482XX99,1,PS51910
A0A482XYK4,1,PF00704
A0A482Y1Q5,1,PF00704
A0A482ZXH8,1,PS51910
A0A483AAH8,1,PS51910
A0A483IGY5,1,PF00704
A0A483J161,1,PF00704
A0A483LF11,1,PF00704
A0A483NET4,1,PF00704
A0A483RDM5,1,PF00704
A0A484Z7D4,1,PF00704
A0A484Z8K9,1,PF00704
A0A485A9C3,1,PF00704
A0A485BAA6,1,PF00704
A0A485BAI8,1,PF00704
A0A485BCV8,1,PF00704
A0A485CFM4,1,PF00704
A0A485J8L1,1,PF00704
A0A486CZG5,1,PF00704
A0A486QFJ7,1,PF00704
A0A486S140,1,PF00704
A0A486UPE0,1,PF00704
A0A486UPG9,1,PF00704
A0A486X3H3,1,PF00704
A0A493QYA7,1,PF00704
A0A494J4N3,1,PF00704
A0A494JA21,2,G3DSA:3.20.20.370
A0A494JA21,2,PF00704
A0A494TRK8,2,G3DSA:3.20.20.370
A0A494TRK8,2,PF00704
A0A494UKD2,1,PF00704
A0A494US54,1,PS51910
A0A494USX1,1,PF00704
A0A494V4Z0,1,PF00704
A0A494VH65,2,G3DSA:3.20.20.370
A0A494VH65,2,PF00704
A0A494VPE0,1,PF00704
A0A494VU73,1,PF00704
A0A494W2W9,1,PF00704
A0A494WNG9,1,PF00704
A0A494WTZ0,1,PF00704
A0A494X1B5,1,PF00704
A0A494X756,1,PF00704
A0A494X8X2,1,PF00704
A0A494X956,1,PF00704
A0A494XAW2,1,PF00704
A0A494XCL5,1,PF00704
A0A494Y0R7,1,PF00704
A0A494Y239,1,PF00704
A0A494YSH9,1,PF00704
A0A494YUH9,1,PF00704
A0A494Z394,1,PF00704
A0A494ZWA1,1,PF00704
A0A495A107,1,PF00704
A0A495IJN4,1,PF00704
A0A495IKX5,1,PF00704
A0A495IL12,1,PS51910
A0A495IXV9,2,G3DSA:3.20.20.370
A0A495IXV9,2,PF00704
A0A495JFC2,1,PF00704
A0A495JFZ4,1,PF00704
A0A495JGD2,1,PF00704
A0A495JI06,1,PF00704
A0A495JID8,1,PF00704
A0A495JRX8,1,PF00704
A0A495KVM3,1,PF00704
A0A495KWL4,1,PF00704
A0A495L915,1,PF00704
A0A495L9P0,1,PF00704
A0A495LBG0,1,PF00704
A0A495QLB3,1,PF00704
A0A495QUD8,1,PF00704
A0A495QUL6,1,PF00704
A0A495QUN0,1,PS51910
A0A495QUP5,1,PF00704
A0A495QUY7,1,PF00704
A0A495QY55,1,PF00704
A0A495RR08,1,PS51910
A0A495S910,1,PF00704
A0A495SAN6,1,PF00704
A0A495SUF9,1,PS51910
A0A495T0E7,1,PF00704
A0A495T1A1,1,PF00704
A0A495T9U6,1,PF00704
A0A495TE15,1,PF00704
A0A495TGM0,1,PF00704
A0A495TJM9,1,PF00704
A0A495TNS9,1,PF00704
A0A495VST7,1,PF00704
A0A495VVH2,1,PS51910
A0A495VVI0,1,PF00704
A0A495VXM9,1,PF00704
A0A495W1H6,1,PF00704
A0A495W2K8,1,PF00704
A0A495W5V4,1,PF00704
A0A495W6T8,1,PF00704
A0A495W9D3,1,PF00704
A0A495X145,1,PF00704
A0A495X5C0,1,PF00704
A0A495X7I6,1,PF00704
A0A495XBS3,1,PF00704
A0A495XCW3,1,PF00704
A0A495XF48,1,PF00704
A0A495XFQ2,1,PS51910
A0A495XG56,1,PS51910
A0A495XG97,2,G3DSA:2.10.10.20:FF:000001
A0A495XG97,2,PF00704
A0A495XJF4,1,PF00704
A0A495XLP0,1,PF00704
A0A495Y9X8,1,PF00704
A0A496C6Z8,1,PF00704
A0A496D0R0,1,PF00704
A0A496P5P7,1,PF00704
A0A496QXK1,1,PF00704
A0A496U2R6,1,PF00704
A0A496UDH4,1,PF00704
A0A496UN34,1,PF00704
A0A496ZZJ9,1,PF00704
A0A497A4R8,2,PF00704
A0A497A4R8,2,SSF51445
A0A497A6D2,2,PS51910
A0A497A6D2,2,SSF51445
A0A497ARB5,1,PS51910
A0A497B8T3,2,PS51910
A0A497B8T3,2,SSF51445
A0A497BEK0,2,PS51910
A0A497BEK0,2,SSF51445
A0A497BJL3,1,PF00704
A0A497BML9,1,PF00704
A0A497CRW3,1,PF00704
A0A497DAL9,1,PF00704
A0A497FN87,1,PF00704
A0A497FNS1,1,PF00704
A0A497G195,1,PF00704
A0A497GB61,1,PF00704
A0A497GLW1,1,PF00704
A0A497HJ92,1,PF00704
A0A497HPJ1,1,PF00704
A0A497HU27,2,PF00704
A0A497HU27,2,SSF51445
A0A497JKL3,1,PF00704
A0A497URG0,1,PF00704
A0A497UWI6,1,PF00704
A0A497UYB4,2,G3DSA:3.20.20.370
A0A497UYB4,2,PF00704
A0A497XU34,1,PF00704
A0A497Y408,1,PF00704
A0A497Y964,2,G3DSA:3.20.20.370
A0A497Y964,2,PF00704
A0A497ZJ07,1,PF00704
A0A497ZQZ0,1,PF00704
A0A497ZX50,1,PF00704
A0A498B0R5,1,PF00704
A0A498B1Q1,1,PF00704
A0A498B2I9,1,PF00704
A0A498B3C6,1,PF00704
A0A498CB97,1,PF00704
A0A498CF47,1,PF00704
A0A498D5Q2,1,PF00704
A0A498D756,1,PF00704
A0A498DQX4,1,PF00704
A0A498DT28,1,PF00704
A0A498DT87,1,PF00704
A0A498DY56,1,PF00704
A0A498DYA3,1,PF00704
A0A498E5C7,1,PS51910
A0A498GRW6,1,PF00704
A0A498QCE4,1,PS51910
A0A498QXC4,1,PS51910
A0A498R2B8,1,PF00704
A0A498R9W7,1,PF00704
A0A498RBK7,1,PF00704
A0A498RF99,1,PF00704
A0A498RGK3,1,PF00704
A0A499UGS5,1,PS51910
A0A499UH39,1,PF00704
A0A499UKH6,1,PF00704
A0A499UR72,1,PF00704
A0A499UU78,1,PS51910
A0A499UVL9,1,PF00704
A0A499VB85,1,PS51910
A0A499VBB9,1,PF00704
A0A499VT62,1,PF00704
A0A499VXY6,1,PS51910
A0A4B0GMD8,1,PF00704
A0A4B9HT15,1,PF00704
A0A4B9HWN6,1,PF00704
A0A4D4J0Z1,1,PF00704
A0A4D4J4L5,1,PS51910
A0A4D4JYT6,1,PS51910
A0A4D4K4W7,1,PF00704
A0A4D4K4Y5,1,PS51910
A0A4D4K7N0,1,PS51910
A0A4D4K844,1,PF00704
A0A4D4KAE0,1,PF00704
A0A4D4KH00,1,PS51910
A0A4D4KJU1,1,PF00704
A0A4D4KM58,1,PF00704
A0A4D4KQI8,1,PS51910
A0A4D4KYH7,1,PF00704
A0A4D4KZ24,1,PF00704
A0A4D4L3K4,1,PF00704
A0A4D4LAI5,1,PF00704
A0A4D4LDN8,1,PF00704
A0A4D4LF89,1,PS51910
A0A4D4LJG2,1,PS51910
A0A4D4LPF7,1,PF00704
A0A4D4LSR4,1,PF00704
A0A4D4LX13,1,PF00704
A0A4D4M5Y4,1,PF00704
A0A4D4M806,1,PS51910
A0A4D4MJC4,1,PS51910
A0A4D4MM35,1,PF00704
A0A4D4MQK3,1,PF00704
A0A4D4MRL0,1,PS51910
A0A4D4MY60,1,PF00704
A0A4D4N5C8,1,PS51910
A0A4D6D1G6,1,PF00704
A0A4D6GVM7,1,PF00704
A0A4D6GWK5,1,PF00704
A0A4D6HHK3,1,PF00704
A0A4D6K8A2,1,PS51910
A0A4D6K9D3,1,PF00704
A0A4D6KBK7,1,PF00704
A0A4D6KBS1,1,PF00704
A0A4D6KEL6,1,PF00704
A0A4D6KHC3,1,PS51910
A0A4D6PG50,1,PF00704
A0A4D7APT8,1,PF00704
A0A4D7ATE1,1,PF00704
A0A4D7AUN3,1,PF00704
A0A4D7CV12,1,PF00704
A0A4D7DDM6,2,G3DSA:3.20.20.370
A0A4D7DDM6,2,PF00704
A0A4D7JHM8,1,PF00704
A0A4P0Y3D7,1,PF00704
A0A4P0Y3H2,1,PF00704
A0A4P2Q6Y1,1,PF00704
A0A4P2Q9R6,1,PF00704
A0A4P2QAK4,1,PF00704
A0A4P2QIZ6,1,PF00704
A0A4P2QN03,1,PF00704
A0A4P2QYU7,1,PF00704
A0A4P2VW10,1,PF00704
A0A4P5QG88,1,PF00704
A0A4P5R381,1,PF00704
A0A4P5RJA9,1,PF00704
A0A4P5RMG8,1,PF00704
A0A4P5RPD7,1,PF00704
A0A4P5S9V0,1,PF00704
A0A4P5SAA5,1,PF00704
A0A4P5SWV7,1,PF00704
A0A4P5TRG6,1,PF00704
A0A4P5TS73,1,PF00704
A0A4P5UVX5,1,PF00704
A0A4P5V1W2,1,PF00704
A0A4P5VJQ1,1,PF00704
A0A4P6BG89,1,PF00704
A0A4P6EDR2,1,PF00704
A0A4P6EUV8,1,PF00704
A0A4P6EZQ7,1,PF00704
A0A4P6F5H6,1,PF00704
A0A4P6FCV4,1,PF00704
A0A4P6FD22,1,PF00704
A0A4P6FMV1,1,PF00704
A0A4P6FNN4,1,PF00704
A0A4P6LWL5,1,PF00704
A0A4P6LY28,1,PF00704
A0A4P6Q1Z3,1,PF00704
A0A4P6Q391,1,PF00704
A0A4P6Q9L1,1,PF00704
A0A4P6RDZ9,1,PF00704
A0A4P6REV1,1,PF00704
A0A4P6RIU1,1,PS51910
A0A4P6TR68,1,PS51910
A0A4P6TW77,1,PS51910
A0A4P6TYP4,1,PF00704
A0A4P6U1H9,1,PS51910
A0A4P6U1P8,1,PS51910
A0A4P6U5A3,1,PF00704
A0A4P6UR79,1,PF00704
A0A4P6UUZ5,1,PF00704
A0A4P6WQB1,1,PF00704
A0A4P6X8H9,2,G3DSA:3.20.20.370
A0A4P6X8H9,2,PF00704
A0A4P6ZHG7,2,G3DSA:3.20.20.370
A0A4P6ZHG7,2,PF00704
A0A4P7A1I4,2,G3DSA:3.20.20.370
A0A4P7A1I4,2,PF00704
A0A4P7A1M6,1,PF00704
A0A4P7B9C7,1,PF00704
A0A4P7BA31,1,PF00704
A0A4P7GU83,1,PF00704
A0A4P7GUE3,1,PF00704
A0A4P7GV86,1,PF00704
A0A4P7GWV2,1,PF00704
A0A4P7H275,1,PF00704
A0A4P7R2S6,2,G3DSA:3.20.20.370
A0A4P7R2S6,2,PF00704
A0A4P7RVD9,1,PF00704
A0A4P7SJR6,1,PF00704
A0A4P7Z1C9,1,PF00704
A0A4P8IE76,1,PF00704
A0A4P8IT40,1,PF00704
A0A4P8S6Z0,1,PF00704
A0A4P8S7T2,1,PF00704
A0A4P8SG09,1,PF00704
A0A4P8SKE4,1,PF00704
A0A4P8SQA7,1,PF00704
A0A4P8SRG1,1,PS51910
A0A4P8W7A2,1,PF00704
A0A4P8XL84,1,PF00704
A0A4P8XR25,1,PF00704
A0A4P8YP46,1,PF00704
A0A4P9E8X8,1,PF00704
A0A4P9J9U9,1,PS51910
A0A4P9SYY6,1,PF00704
A0A4P9TF13,1,PF00704
A0A4P9TF42,1,PS51910
A0A4P9THL2,1,PF00704
A0A4P9VJH2,1,PF00704
A0A4P9VNH1,3,PF00704
A0A4Q0AWX3,2,G3DSA:3.20.20.370
A0A4Q0AWX3,2,PF00704
A0A4Q0GPU9,2,G3DSA:3.20.20.370
A0A4Q0GPU9,2,PF00704
A0A4Q0HYH2,1,PF00704
A0A4Q0I317,1,PF00704
A0A4Q0I340,1,PF00704
A0A4Q0I5H2,1,PF00704
A0A4Q0M2V1,1,PF00704
A0A4Q0SYJ7,1,PF00704
A0A4Q0T369,2,G3DSA:3.20.20.370
A0A4Q0T369,2,PS51910
A0A4Q0T803,1,PF00704
A0A4Q0TAU0,1,PF00704
A0A4Q0VHE8,1,PF00704
A0A4Q0VML3,1,PF00704
A0A4Q0VX89,1,PF00704
A0A4Q0XG49,1,PF00704
A0A4Q0XIS9,1,PF00704
A0A4Q0YS56,1,PF00704
A0A4Q0YUL0,1,PF00704
A0A4Q1CEW2,1,PF00704
A0A4Q1CVJ3,1,PF00704
A0A4Q1CYF9,1,PF00704
A0A4Q1D122,2,G3DSA:3.20.20.370
A0A4Q1D122,2,PF00704
A0A4Q1DBY6,1,PF00704
A0A4Q1EWT5,1,PF00704
A0A4Q1EXN7,2,G3DSA:3.20.20.370
A0A4Q1EXN7,2,PF00704
A0A4Q1EY57,1,PF00704
A0A4Q1F2V2,2,G3DSA:3.20.20.370
A0A4Q1F2V2,2,PF00704
A0A4Q1F3W4,1,PF00704
A0A4Q1FD43,1,PF00704
A0A4Q1FIH9,1,PF00704
A0A4Q1FQA1,1,PF00704
A0A4Q1FYS3,2,G3DSA:3.20.20.370
A0A4Q1FYS3,2,PF00704
A0A4Q1K1B9,1,PF00704
A0A4Q1KQS8,1,PF00704
A0A4Q1KS67,1,PF00704
A0A4Q1KY61,1,PF00704
A0A4Q1L0Y5,1,PF00704
A0A4Q1L137,1,PF00704
A0A4Q1L299,1,PF00704
A0A4Q1QTJ3,1,PF00704
A0A4Q1R2E7,1,PF00704
A0A4Q1R5B6,1,PF00704
A0A4Q1R9H2,1,PF00704
A0A4Q1RAC5,1,PS51910
A0A4Q1REX2,1,PF00704
A0A4Q1RZS7,1,PS51910
A0A4Q1S1D2,1,PF00704
A0A4Q1S304,1,PF00704
A0A4Q1S3A8,1,PF00704
A0A4Q1SGN7,1,PF00704
A0A4Q1SHX6,1,PF00704
A0A4Q1SMZ2,1,PF00704
A0A4Q1SPL0,1,PF00704
A0A4Q1SRR1,1,PF00704
A0A4Q1SY74,1,PF00704
A0A4Q1ZR43,1,PF00704
A0A4Q1ZXM8,1,PF00704
A0A4Q2A3T2,1,PF00704
A0A4Q2AAA7,1,PF00704
A0A4Q2AX46,1,PF00704
A0A4Q2E0N6,1,PF00704
A0A4Q2E817,1,PF00704
A0A4Q2JIW4,1,PF00704
A0A4Q2KSM4,1,PF00704
A0A4Q2LLN6,1,PF00704
A0A4Q2LNH3,1,PF00704
A0A4Q2LQ54,1,PF00704
A0A4Q2LTX5,1,PF00704
A0A4Q2R0M2,1,PF00704
A0A4Q2R365,1,PF00704
A0A4Q2RSD8,1,PF00704
A0A4Q2RZ13,1,PF00704
A0A4Q2S0M4,2,G3DSA:2.10.10.20:FF:000001
A0A4Q2S0M4,2,PF00704
A0A4Q2UFV2,1,PF00704
A0A4Q2UXB6,1,PF00704
A0A4Q2Y935,1,PF00704
A0A4Q2YYP5,1,PF00704
A0A4Q2Z184,1,PF00704
A0A4Q2Z9J6,1,PF00704
A0A4Q2ZAH7,1,PF00704
A0A4Q2ZAP2,1,PF00704
A0A4Q3BCP0,2,G3DSA:3.20.20.370
A0A4Q3BCP0,2,PF00704
A0A4Q3BYW2,1,PF00704
A0A4Q3CFI7,1,PF00704
A0A4Q3CGQ7,1,PF00704
A0A4Q3E5G4,2,G3DSA:3.20.20.370
A0A4Q3E5G4,2,PF00704
A0A4Q3E805,1,PF00704
A0A4Q3FRJ2,1,PF00704
A0A4Q3J6S9,1,PS51910
A0A4Q3JC53,1,PF00704
A0A4Q3RGS3,2,G3DSA:3.20.20.370
A0A4Q3RGS3,2,PF00704
A0A4Q3RPN6,1,PF00704
A0A4Q3RR09,1,PF00704
A0A4Q3RTH0,1,PF00704
A0A4Q3SAK3,1,PF00704
A0A4Q3SH49,1,PF00704
A0A4Q3T2U2,2,G3DSA:3.20.20.370
A0A4Q3T2U2,2,PF00704
A0A4Q3U1H0,1,PF00704
A0A4Q3UFY9,1,PF00704
A0A4Q3USP0,1,PF00704
A0A4Q3V7B1,1,PF00704
A0A4Q3V7C7,1,PF00704
A0A4Q3VG80,1,PF00704
A0A4Q3VSU3,1,PF00704
A0A4Q3W293,1,PF00704
A0A4Q3W4M8,1,PF00704
A0A4Q4DBC0,1,PF00704
A0A4Q4DBZ5,1,PF00704
A0A4Q4DGS6,1,PF00704
A0A4Q4DJZ7,1,PF00704
A0A4Q5C5T2,1,PF00704
A0A4Q5DAI7,1,PF00704
A0A4Q5DLK0,1,PF00704
A0A4Q5E7Y4,1,PF00704
A0A4Q5EAC9,1,PF00704
A0A4Q5EB50,1,PF00704
A0A4Q5F1S6,1,PF00704
A0A4Q5HCQ2,1,PF00704
A0A4Q5KEF5,1,PF00704
A0A4Q5KLV0,2,PF00704
A0A4Q5KLV0,2,PF06483
A0A4Q5KNE2,1,PF00704
A0A4Q5KQ22,1,PF00704
A0A4Q5KQT3,1,PF00704
A0A4Q5KSI0,1,PF00704
A0A4Q5KSU2,1,PF00704
A0A4Q5KVC6,2,PF00704
A0A4Q5KVC6,2,PF06483
A0A4Q5KVZ5,1,PF00704
A0A4Q5KW88,1,PF00704
A0A4Q5LGU5,2,G3DSA:3.20.20.370
A0A4Q5LGU5,2,PF00704
A0A4Q5LQF6,1,PF00704
A0A4Q5LQI3,1,PF00704
A0A4Q5NKV7,2,G3DSA:3.20.20.370
A0A4Q5NKV7,2,PF00704
A0A4Q5NTE4,1,PF00704
A0A4Q5S7N7,1,PF00704
A0A4Q5S864,1,PF00704
A0A4Q5SFI5,1,PF00704
A0A4Q5SLB4,2,G3DSA:3.20.20.370
A0A4Q5SLB4,2,PF00704
A0A4Q5SMD2,1,PF00704
A0A4Q5SU12,2,G3DSA:3.20.20.370
A0A4Q5SU12,2,PF00704
A0A4Q5T0R5,1,PF00704
A0A4Q5U623,1,PF00704
A0A4Q5UFH8,1,PF00704
A0A4Q5Y3H0,1,PF00704
A0A4Q5YYJ4,1,PF00704
A0A4Q5ZCV9,1,PF00704
A0A4Q6AUL7,1,PF00704
A0A4Q6B170,1,PF00704
A0A4Q6E6Q7,2,G3DSA:3.20.20.370
A0A4Q6E6Q7,2,PF00704
A0A4Q6GWN3,1,PF00704
A0A4Q6I5L1,1,PS51910
A0A4Q6ICK1,1,PF00704
A0A4Q6ICV4,1,PF00704
A0A4Q6IG25,1,PF00704
A0A4Q6IR67,1,PF00704
A0A4Q6J8R4,1,PF00704
A0A4Q6J8T5,1,PF00704
A0A4Q6UHJ0,1,PF00704
A0A4Q6UV98,1,PF00704
A0A4Q6VBV4,1,PF00704
A0A4Q6VC66,1,PF00704
A0A4Q6VEC2,1,PF00704
A0A4Q6XGU7,1,PF00704
A0A4Q6XPZ0,1,PF00704
A0A4Q6Y727,2,G3DSA:3.20.20.370
A0A4Q6Y727,2,PF00704
A0A4Q7DQR1,1,PF00704
A0A4Q7DZK9,1,PF00704
A0A4Q7E2P7,1,PF00704
A0A4Q7E5Z2,1,PF00704
A0A4Q7E6I1,1,PF00704
A0A4Q7E9L3,1,PF00704
A0A4Q7ECQ2,1,PF00704
A0A4Q7ED49,1,PF00704
A0A4Q7HPE0,1,PF00704
A0A4Q7I760,1,PF00704
A0A4Q7IR94,1,PF00704
A0A4Q7IS94,1,PF00704
A0A4Q7IZD1,1,PF00704
A0A4Q7IZP9,1,PF00704
A0A4Q7J0Z1,1,PF00704
A0A4Q7J101,1,PF00704
A0A4Q7J6D2,1,PF00704
A0A4Q7KCD5,1,PF00704
A0A4Q7KEY1,1,PF00704
A0A4Q7KNT3,1,PF00704
A0A4Q7KTP6,1,PF00704
A0A4Q7KYJ8,1,PS51910
A0A4Q7MB04,1,PF00704
A0A4Q7N2Z9,1,PF00704
A0A4Q7NT57,1,PF00704
A0A4Q7PH04,1,PF00704
A0A4Q7PMT6,1,PF00704
A0A4Q7PRV7,1,PF00704
A0A4Q7Q1M9,1,PF00704
A0A4Q7Q9N5,1,PS51910
A0A4Q7QBV7,1,PF00704
A0A4Q7QIL9,1,PF00704
A0A4Q7QLT2,1,PS51910
A0A4Q7QVB9,1,PF00704
A0A4Q7QVH9,1,PF00704
A0A4Q7QXP1,1,PF00704
A0A4Q7RFN2,1,PF00704
A0A4Q7RT48,1,PF00704
A0A4Q7T238,2,G3DSA:3.20.20.370
A0A4Q7T238,2,PF00704
A0A4Q7UC95,1,PF00704
A0A4Q7UEM3,1,PF00704
A0A4Q7UHU1,1,PF00704
A0A4Q7UII7,1,PF00704
A0A4Q7WTK9,1,PS51910
A0A4Q7WUQ6,1,PF00704
A0A4Q7X5C9,1,PF00704
A0A4Q7X5Y7,1,PS51910
A0A4Q7X630,1,PF00704
A0A4Q7XAZ2,1,PF00704
A0A4Q7XM81,1,PS51910
A0A4Q7YL91,1,PS51910
A0A4Q7YUK2,1,PF00704
A0A4Q7YW51,1,PF00704
A0A4Q7YWW1,1,PF00704
A0A4Q7YYX6,2,G3DSA:3.20.20.370
A0A4Q7YYX6,2,PF00704
A0A4Q7Z263,1,PF00704
A0A4Q7Z3L0,1,PF00704
A0A4Q7Z4B5,1,PF00704
A0A4Q7Z4U1,1,PS51910
A0A4Q7Z512,1,PF00704
A0A4Q7Z8A1,1,PS51910
A0A4Q7ZFA7,1,PF00704
A0A4Q7ZGV2,1,PS51910
A0A4Q7ZHX1,1,PF00704
A0A4Q7ZIP8,1,PF00704
A0A4Q7ZIT8,1,PS51910
A0A4Q7ZQ90,1,PF00704
A0A4Q7ZQG6,1,PF00704
A0A4Q7ZTK3,1,PF00704
A0A4Q8BGW9,1,PF00704
A0A4Q8BIL1,1,PS51910
A0A4Q8BK07,1,PF00704
A0A4Q8LBI1,1,PF00704
A0A4Q8LLH9,1,PS51910
A0A4Q8LNF8,1,PS51910
A0A4Q8LP86,1,PF00704
A0A4Q8M1C5,1,PF00704
A0A4Q8P6H5,1,PF00704
A0A4Q8TG89,1,PF00704
A0A4Q8TZ22,1,PF00704
A0A4Q9DCJ9,1,PF00704
A0A4Q9DP50,1,PF00704
A0A4Q9DTB9,1,PF00704
A0A4Q9DU51,1,PF00704
A0A4Q9DU89,1,PF00704
A0A4Q9GTG1,1,PF00704
A0A4Q9GYZ5,1,PF00704
A0A4Q9H7X0,1,PF00704
A0A4Q9HBK0,1,PF00704
A0A4Q9HD17,1,PF00704
A0A4Q9HHK0,2,G3DSA:3.20.20.370
A0A4Q9HHK0,2,PF00704
A0A4Q9HLB0,1,PF00704
A0A4Q9HMC7,1,PS51910
A0A4Q9HPB1,1,PF00704
A0A4Q9HYY1,1,PF00704
A0A4Q9HZN7,1,PS51910
A0A4Q9I069,1,PF00704
A0A4Q9V3B8,1,PF00704
A0A4R0FWV8,1,PF00704
A0A4R0G6P7,1,PF00704
A0A4R0G9F9,1,PF00704
A0A4R0GBI6,1,PF00704
A0A4R0GQB3,1,PF00704
A0A4R0GVX7,1,PF00704
A0A4R0GXS1,1,PF00704
A0A4R0H836,1,PF00704
A0A4R0HAQ5,1,PS51910
A0A4R0HJM4,1,PS51910
A0A4R0HLI0,1,PF00704
A0A4R0HNA1,1,PS51910
A0A4R0HQ93,1,PF00704
A0A4R0HS80,1,PF00704
A0A4R0I9Z9,1,PF00704
A0A4R0IBU7,1,PF00704
A0A4R0IEY9,1,PF00704
A0A4R0IF67,1,PS51910
A0A4R0IGV3,1,PF00704
A0A4R0IKK3,1,PS51910
A0A4R0IQX5,1,PF00704
A0A4R0J0N4,1,PF00704
A0A4R0J2G2,1,PF00704
A0A4R0J5D1,1,PF00704
A0A4R0J868,1,PF00704
A0A4R0J9G3,1,PS51910
A0A4R0JAG2,1,PF00704
A0A4R0JF49,1,PF00704
A0A4R0JGE7,1,PF00704
A0A4R0JHM4,1,PF00704
A0A4R0JPN2,1,PS51910
A0A4R0JY11,1,PF00704
A0A4R0K0C4,1,PS51910
A0A4R0K3L9,1,PF00704
A0A4R0K5U9,1,PF00704
A0A4R0K8L5,1,PF00704
A0A4R0KCR7,1,PF00704
A0A4R0KJD1,1,PF00704
A0A4R0KJR4,1,PS51910
A0A4R0L0U8,1,PF00704
A0A4R0MBV8,1,PF00704
A0A4R0MKX2,1,PF00704
A0A4R0MLT4,1,PF00704
A0A4R0MTL1,1,PF00704
A0A4R0MZK5,1,PF00704
A0A4R0N6A3,1,PF00704
A0A4R0NAD8,1,PS51910
A0A4R0NAE8,1,PF00704
A0A4R0NEZ1,1,PF00704
A0A4R0NUR8,1,PF00704
A0A4R0NW30,1,PF00704
A0A4R0P4K9,2,G3DSA:3.20.20.370
A0A4R0P4K9,2,PF00704
A0A4R0PA62,1,PF00704
A0A4R0PFG7,1,PF00704
A0A4R0PIV5,2,G3DSA:3.20.20.370
A0A4R0PIV5,2,PF00704
A0A4R0Q2N9,1,PF00704
A0A4R0Q4R5,1,PF00704
A0A4R0SRG4,1,PS51910
A0A4R0U7B9,1,PS51910
A0A4R0UJH9,1,PS51910
A0A4R0WKK2,1,PS51910
A0A4R0YM77,1,PF00704
A0A4R1AKT6,1,PF00704
A0A4R1ANL0,1,PF00704
A0A4R1ATM4,1,PF00704
A0A4R1AXX8,1,PF00704
A0A4R1BBV5,2,G3DSA:3.20.20.370
A0A4R1BBV5,2,PF00704
A0A4R1JVH5,1,PF00704
A0A4R1JW72,2,PF00704
A0A4R1JWQ0,1,PF00704
A0A4R1JX12,1,PF00704
A0A4R1JZL7,2,G3DSA:3.20.20.370
A0A4R1JZL7,2,PF00704
A0A4R1L646,1,PF00704
A0A4R1LA66,1,PF00704
A0A4R1MXS1,1,PF00704
A0A4R1N0P1,1,PF00704
A0A4R1PZY6,1,PF00704
A0A4R1Q285,1,PF00704
A0A4R1Q5Q0,1,PF00704
A0A4R1Q974,1,PF00704
A0A4R1QWS9,1,PF00704
A0A4R1QZ68,1,PF00704
A0A4R1R0W3,1,PF00704
A0A4R1R6J5,1,PF00704
A0A4R1R6T6,1,PF00704
A0A4R1R9S4,1,PF00704
A0A4R1RAM5,1,PF00704
A0A4R1RH23,1,PF00704
A0A4R1RZZ8,1,PF00704
A0A4R1S4U7,1,PF00704
A0A4R1U6A8,2,G3DSA:3.20.20.370
A0A4R1U6A8,2,PF00704
A0A4R1USM9,2,G3DSA:3.20.20.370
A0A4R1USM9,2,PS51910
A0A4R1W4R1,1,PF00704
A0A4R1WKW6,1,PF00704
A0A4R1WSS6,1,PF00704
A0A4R1WWN2,1,PS51910
A0A4R1Z2Z0,1,PF00704
A0A4R1ZGH1,1,PF00704
A0A4R1ZMQ6,1,PF00704
A0A4R1ZQT3,1,PF00704
A0A4R1ZR00,1,PF00704
A0A4R2A0G1,1,PF00704
A0A4R2A2F5,1,PF00704
A0A4R2A2R5,1,PF00704
A0A4R2BAJ8,2,G3DSA:3.20.20.370
A0A4R2BAJ8,2,PF00704
A0A4R2BFX7,1,PF00704
A0A4R2BGP4,1,PF00704
A0A4R2BIW6,1,PF00704
A0A4R2BKJ8,1,PF00704
A0A4R2CG01,1,PF00704
A0A4R2CJ38,1,PF00704
A0A4R2CRL0,1,PF00704
A0A4R2CUZ8,1,PF00704
A0A4R2G5T0,1,PF00704
A0A4R2GSY4,1,PF00704
A0A4R2H091,1,PS51910
A0A4R2H093,1,PF00704
A0A4R2H2W2,1,PF00704
A0A4R2H9B3,1,PF00704
A0A4R2HIK3,1,PF00704
A0A4R2HR45,1,PF00704
A0A4R2HVV9,1,PF00704
A0A4R2I668,1,PF00704
A0A4R2I6T5,1,PF00704
A0A4R2IBG0,1,PF00704
A0A4R2IGE5,1,PF00704
A0A4R2INA3,1,PF00704
A0A4R2INR5,1,PS51910
A0A4R2IRM3,1,PS51910
A0A4R2IT03,1,PF00704
A0A4R2IY30,1,PF00704
A0A4R2IZE4,1,PF00704
A0A4R2JAB7,1,PS51910
A0A4R2JC16,1,PF00704
A0A4R2JDN9,1,PF00704
A0A4R2JJC0,1,PF00704
A0A4R2JLJ8,1,PF00704
A0A4R2JLS6,1,PF00704
A0A4R2K0L8,1,PS51910
A0A4R2K4V4,1,PF00704
A0A4R2K5C6,1,PF00704
A0A4R2KAN4,1,PF00704
A0A4R2KFG3,1,PF00704
A0A4R2KMV7,1,PF00704
A0A4R2L0D3,1,PF00704
A0A4R2LLG6,1,PF00704
A0A4R2NGV6,1,PF00704
A0A4R2NMJ1,1,PF00704
A0A4R2P9B4,1,PF00704
A0A4R2P9R0,1,PF00704
A0A4R2PL37,2,G3DSA:3.20.20.370
A0A4R2PL37,2,PF00704
A0A4R2PMH8,2,G3DSA:3.20.20.370
A0A4R2PMH8,2,PF00704
A0A4R2QRG0,1,PF00704
A0A4R2QXA5,1,PF00704
A0A4R2R7V9,1,PF00704
A0A4R2R984,1,PF00704
A0A4R2RB79,1,PF00704
A0A4R2RCC0,1,PF00704
A0A4R2RCP2,1,PF00704
A0A4R2RI63,1,PF00704
A0A4R2RNK5,1,PF00704
A0A4R2S5S2,2,G3DSA:3.20.20.370
A0A4R2S5S2,2,PF00704
A0A4R2TDS5,2,G3DSA:3.20.20.370
A0A4R2TDS5,2,PF00704
A0A4R2TI88,2,G3DSA:3.20.20.370
A0A4R2TI88,2,PF00704
A0A4R2TUL9,1,PF00704
A0A4R2U3H5,2,G3DSA:3.20.20.370
A0A4R2U3H5,2,PF00704
A0A4R2YPV8,1,PF00704
A0A4R2YVZ7,1,PF00704
A0A4R2Z239,1,PF00704
A0A4R3AWE5,1,PF00704
A0A4R3AWH8,1,PF00704
A0A4R3H1Q4,2,G3DSA:3.20.20.370
A0A4R3H1Q4,2,PF00704
A0A4R3HEX5,1,PF00704
A0A4R3JF33,1,PF00704
A0A4R3K2A2,1,PF00704
A0A4R3K5Z3,1,PF00704
A0A4R3K8X7,1,PF00704
A0A4R3KAV9,1,PF00704
A0A4R3KKG3,1,PF00704
A0A4R3KQG0,1,PF00704
A0A4R3KTZ7,1,PF00704
A0A4R3KZW4,1,PF00704
A0A4R3L3S2,1,PF00704
A0A4R3LG74,1,PF00704
A0A4R3LXU3,2,PF00704
A0A4R3LXU3,2,PS51910
A0A4R3MLS1,1,PF00704
A0A4R3MMU8,1,PF00704
A0A4R3MPE1,1,PF00704
A0A4R3MR52,1,PF00704
A0A4R3MRT0,1,PF00704
A0A4R3N0N5,1,PF00704
A0A4R3N8U2,1,PF00704
A0A4R3Q1H9,1,PF00704
A0A4R3SQY5,1,PF00704
A0A4R3UBT5,1,PF00704
A0A4R3UPK1,1,PF00704
A0A4R3YNA6,1,PF00704
A0A4R3ZH85,1,PF00704
A0A4R4B944,1,PF00704
A0A4R4BDM6,1,PF00704
A0A4R4BHL5,1,PF00704
A0A4R4BN74,1,PF00704
A0A4R4BPF7,1,PF00704
A0A4R4CVG2,1,PF00704
A0A4R4CXT4,1,PF00704
A0A4R4D2Y2,1,PF00704
A0A4R4D4H9,1,PF00704
A0A4R4E1Y6,1,PF00704
A0A4R4E275,1,PF00704
A0A4R4FDF2,1,PF00704
A0A4R4FL35,1,PF00704
A0A4R4IFA6,1,PF00704
A0A4R4IHD0,1,PF00704
A0A4R4J1X7,1,PS51910
A0A4R4J2X8,1,PF00704
A0A4R4J6T7,1,PF00704
A0A4R4J6Y2,1,PS51910
A0A4R4JGQ6,1,PF00704
A0A4R4JGQ8,1,PF00704
A0A4R4JJF1,1,PF00704
A0A4R4JM25,1,PF00704
A0A4R4K8T0,1,PF00704
A0A4R4K9W3,1,PF00704
A0A4R4KNV7,1,PF00704
A0A4R4L3G3,1,PF00704
A0A4R4L5C6,1,PF00704
A0A4R4LCA4,1,PS51910
A0A4R4LDT4,1,PF00704
A0A4R4M208,1,PF00704
A0A4R4M4E7,1,PF00704
A0A4R4M637,1,PF00704
A0A4R4MC53,1,PF00704
A0A4R4MM07,1,PF00704
A0A4R4MNQ2,1,PS51910
A0A4R4MQD2,1,PF00704
A0A4R4MR69,1,PF00704
A0A4R4MS94,1,PF00704
A0A4R4MT26,1,PF00704
A0A4R4MZR4,1,PF00704
A0A4R4N5T5,1,PF00704
A0A4R4NA81,1,PF00704
A0A4R4NFR4,1,PS51910
A0A4R4NZN4,1,PF00704
A0A4R4P0W2,1,PF00704
A0A4R4P2X7,1,PF00704
A0A4R4P503,1,PS51910
A0A4R4P7S4,1,PF00704
A0A4R4P9M3,1,PF00704
A0A4R4PA81,1,PF00704
A0A4R4PIB1,1,PF00704
A0A4R4PIF4,1,PF00704
A0A4R4PN82,1,PF00704
A0A4R4PV69,1,PF00704
A0A4R4PVY9,1,PF00704
A0A4R4Q2S2,1,PF00704
A0A4R4Q975,1,PF00704
A0A4R4QL10,1,PF00704
A0A4R4QWN4,1,PF00704
A0A4R4QZB6,1,PS51910
A0A4R4R4G5,1,PF00704
A0A4R4RME9,2,PF00704
A0A4R4RWU1,1,PF00704
A0A4R4S4A5,1,PS51910
A0A4R4T291,1,PF00704
A0A4R4TDC5,1,PF00704
A0A4R4TT42,1,PF00704
A0A4R4U106,1,PF00704
A0A4R4UBT4,1,PS51910
A0A4R4UG70,1,PF00704
A0A4R4UL93,1,PF00704
A0A4R4UMR2,1,PS51910
A0A4R4UXJ7,1,PF00704
A0A4R4VSP7,1,PS51910
A0A4R4VVT4,1,PF00704
A0A4R4VYJ0,1,PS51910
A0A4R4W450,1,PF00704
A0A4R4W7E3,1,PF00704
A0A4R4W8Q5,1,PF00704
A0A4R4WKD7,1,PF00704
A0A4R4X5Z8,1,PF00704
A0A4R4X872,1,PF00704
A0A4R4XCU5,1,PF00704
A0A4R4XES6,1,PF00704
A0A4R4XH55,1,PF00704
A0A4R4XXP1,1,PF00704
A0A4R4Y2E3,1,PF00704
A0A4R4Y748,1,PF00704
A0A4R4Y7C0,1,PS51910
A0A4R4Y8J1,1,PF00704
A0A4R4YH41,1,PS51910
A0A4R4YHB1,1,PF00704
A0A4R4YHG1,1,PF00704
A0A4R4YPR0,1,PF00704
A0A4R4YX36,1,PF00704
A0A4R4YY58,1,PF00704
A0A4R4Z0Y3,1,PF00704
A0A4R4Z1W0,1,PF00704
A0A4R4Z2R6,1,PF00704
A0A4R4Z4Z5,1,PF00704
A0A4R4Z594,1,PF00704
A0A4R4ZB64,1,PF00704
A0A4R4ZKS4,1,PF00704
A0A4R4ZKU4,1,PS51910
A0A4R4ZM50,1,PF00704
A0A4R4ZPH4,1,PF00704
A0A4R4ZRL1,1,PF00704
A0A4R4ZUE0,1,PF00704
A0A4R4ZW40,1,PF00704
A0A4R4ZXY0,1,PF00704
A0A4R5ADR4,1,PF00704
A0A4R5AKU2,1,PS51910
A0A4R5B471,1,PF00704
A0A4R5B562,1,PF00704
A0A4R5B7S4,1,PF00704
A0A4R5BD97,1,PS51910
A0A4R5BDX0,1,PF00704
A0A4R5BE50,1,PS51910
A0A4R5BGW9,1,PF00704
A0A4R5BKX6,1,PF00704
A0A4R5BLE0,1,PF00704
A0A4R5C255,1,PS51910
A0A4R5CXE5,1,PF00704
A0A4R5DFB8,2,PF00704
A0A4R5DNB2,1,PF00704
A0A4R5DW17,1,PF00704
A0A4R5DWC5,1,PF00704
A0A4R5DY83,1,PF00704
A0A4R5E2B3,1,PS51910
A0A4R5E2W3,1,PF00704
A0A4R5E7L2,1,PF00704
A0A4R5E8L9,1,PF00704
A0A4R5E8M8,1,PS51910
A0A4R5FAX6,1,PF00704
A0A4R5FME2,1,PF00704
A0A4R5H7R9,1,PF00704
A0A4R5H9M2,1,PF00704
A0A4R5HFU7,1,PF00704
A0A4R5HKD8,2,G3DSA:2.10.10.20:FF:000001
A0A4R5HKD8,2,PF00704
A0A4R5HM36,1,PS51910
A0A4R5KIE4,1,PF00704
A0A4R5KQ16,1,PF00704
A0A4R5KV70,1,PF00704
A0A4R5URP5,1,PF00704
A0A4R5UXX2,1,PF00704
A0A4R5VE46,1,PF00704
A0A4R5VI33,1,PF00704
A0A4R5VJS3,1,PF00704
A0A4R5VKA4,1,PF00704
A0A4R5VKK2,1,PF00704
A0A4R5VPG7,1,PF00704
A0A4R5VQJ1,1,PF00704
A0A4R5VR46,1,PF00704
A0A4R5VRQ5,2,G3DSA:3.20.20.370
A0A4R5VRQ5,2,PF00704
A0A4R5W6T4,1,PF00704
A0A4R5WG56,1,PS51910
A0A4R5XGH1,1,PF00704
A0A4R5Z6E2,1,PF00704
A0A4R6DG54,1,PF00704
A0A4R6DMQ1,1,PF00704
A0A4R6FNT3,2,G3DSA:3.20.20.370
A0A4R6FNT3,2,PF00704
A0A4R6G237,1,PF00704
A0A4R6H5Y5,1,PF00704
A0A4R6IKE4,2,G3DSA:3.20.20.370
A0A4R6IKE4,2,PF00704
A0A4R6JK13,1,PF00704
A0A4R6JM39,1,PF00704
A0A4R6JPN2,1,PF00704
A0A4R6JQZ5,1,PF00704
A0A4R6JSW8,1,PF00704
A0A4R6JUM7,1,PF00704
A0A4R6JZZ7,1,PF00704
A0A4R6K4A4,1,PF00704
A0A4R6K600,1,PS51910
A0A4R6KIH0,1,PF00704
A0A4R6KII8,1,PS51910
A0A4R6KIZ2,1,PF00704
A0A4R6KMQ2,1,PF00704
A0A4R6KW72,1,PF00704
A0A4R6KWL6,1,PF00704
A0A4R6KYB2,1,PS51910
A0A4R6L2Q3,1,PF00704
A0A4R6L3K4,1,PS51910
A0A4R6LBN3,1,PF00704
A0A4R6LCG5,2,PF00704
A0A4R6LCP1,1,PF00704
A0A4R6LCZ4,1,PF00704
A0A4R6LDS4,2,G3DSA:3.20.20.370
A0A4R6LDS4,2,PF00704
A0A4R6M358,1,PF00704
A0A4R6MGD1,2,G3DSA:3.20.20.370
A0A4R6MGD1,2,PF00704
A0A4R6MKS7,1,PF00704
A0A4R6NC38,1,PF00704
A0A4R6RBX6,1,PF00704
A0A4R6S332,1,PS51910
A0A4R6S7C9,1,PF00704
A0A4R6S843,1,PF00704
A0A4R6SHA3,1,PF00704
A0A4R6SIB2,1,PS51910
A0A4R6T8N8,1,PF00704
A0A4R6TEU2,1,PF00704
A0A4R6TGZ8,1,PF00704
A0A4R6TXK0,1,PF00704
A0A4R6U0D6,1,PF00704
A0A4R6UHY3,1,PF00704
A0A4R6UKG4,1,PF00704
A0A4R6UP89,1,PF00704
A0A4R6UZF8,1,PF00704
A0A4R6V1N6,1,PF00704
A0A4R6V6Y5,1,PF00704
A0A4R6VAD5,1,PF00704
A0A4R6W8K3,1,PF00704
A0A4R6YQQ5,1,PF00704
A0A4R6YU88,1,PS51910
A0A4R6Z0L2,1,PF00704
A0A4R6Z0L8,1,PF00704
A0A4R6ZAE4,1,PF00704
A0A4R6ZHC0,1,PF00704
A0A4R6ZKP4,1,PF00704
A0A4R7B7G1,1,PF00704
A0A4R7B9N5,1,PF00704
A0A4R7CR91,1,PS51910
A0A4R7CSD4,1,PS51910
A0A4R7FZ86,1,PS51910
A0A4R7GDL8,1,PF00704
A0A4R7GDV5,1,PF00704
A0A4R7GED1,1,PF00704
A0A4R7I4B8,1,PF00704
A0A4R7IYN3,1,PF00704
A0A4R7J1G0,1,PF00704
A0A4R7JGF0,1,PF00704
A0A4R7JIM8,1,PF00704
A0A4R7JKV5,1,PF00704
A0A4R7JLQ2,1,PF00704
A0A4R7JTM5,1,PF00704
A0A4R7JV57,1,PS51910
A0A4R7KNP9,1,PF00704
A0A4R7KUA2,1,PF00704
A0A4R7T878,1,PF00704
A0A4R7T9P5,1,PF00704
A0A4R7TA70,1,PF00704
A0A4R7TBF2,1,PF00704
A0A4R7TC73,1,PS51910
A0A4R7TD56,1,PF00704
A0A4R7TEX9,1,PF00704
A0A4R7THH9,1,PF00704
A0A4R7V835,1,PF00704
A0A4R7VJP1,1,PF00704
A0A4R7VV16,1,PS51910
A0A4R7VV70,1,PF00704
A0A4R7VVB7,1,PF00704
A0A4R7VW82,1,PF00704
A0A4R7VXW7,1,PF00704
A0A4R7VYK6,1,PS51910
A0A4R7ZCT8,1,PF00704
A0A4R7ZJB1,1,PF00704
A0A4R7ZLN5,1,PS51910
A0A4R7ZLP0,1,PF00704
A0A4R7ZPP9,1,PS51910
A0A4R7ZRM3,1,PF00704
A0A4R7ZTC9,1,PF00704
A0A4R8A1K8,1,PS51910
A0A4R8B3H9,2,G3DSA:3.20.20.370
A0A4R8B3H9,2,PF00704
A0A4R8B5P3,2,PF00704
A0A4R8B688,1,PF00704
A0A4R8B6D2,1,PF00704
A0A4R8B723,1,PF00704
A0A4R8B927,1,PF00704
A0A4R8BXV7,1,PS51910
A0A4R8BZJ8,1,PF00704
A0A4R8BZL0,1,PF00704
A0A4R8C2Y5,1,PF00704
A0A4R8C4N1,1,PF00704
A0A4R8C5F4,1,PS51910
A0A4R8CB83,1,PF00704
A0A4R8CFH0,1,PS51910
A0A4R8CWR7,1,PF00704
A0A4R8DC69,1,PS51910
A0A4R8DJF9,1,PF00704
A0A4R8DK42,1,PS51910
A0A4R8DM98,1,PF00704
A0A4R8DP32,2,G3DSA:3.20.20.370
A0A4R8DP32,2,PF00704
A0A4R8DSG9,1,PF00704
A0A4R8DV47,1,PF00704
A0A4R8EEG2,1,PF00704
A0A4R8EF60,1,PF00704
A0A4R8ELB0,2,PF00704
A0A4R8EQT8,1,PF00704
A0A4R8GAB9,1,PF00704
A0A4R8GCK0,1,PF00704
A0A4R8GH69,2,G3DSA:3.20.20.370
A0A4R8GH69,2,PF00704
A0A4R8GJS2,1,PF00704
A0A4R8GN35,1,PF00704
A0A4R8GTM2,1,PF00704
A0A4R8KX69,1,PF00704
A0A4R8L1H3,1,PF00704
A0A4R8L4F0,1,PF00704
A0A4R8LIE6,1,PF00704
A0A4R8LTX9,1,PF00704
A0A4R8MWG9,1,PF00704
A0A4R9EIP8,1,PS51910
A0A4R9EIW6,1,PF00704
A0A4R9ELN1,1,PF00704
A0A4R9EMV2,1,PF00704
A0A4R9ENC6,1,PS51910
A0A4R9EVH5,1,PF00704
A0A4R9F1U2,1,PS51910
A0A4R9FMS7,1,PF00704
A0A4R9FST6,1,PF00704
A0A4R9G730,1,PF00704
A0A4R9GG17,1,PF00704
A0A4R9GJE2,1,PF00704
A0A4R9GL27,1,PF00704
A0A4R9GMA5,1,PF00704
A0A4R9GSQ9,1,PF00704
A0A4R9H3T4,1,PF00704
A0A4R9HZK9,1,PF00704
A0A4R9J8N1,1,PF00704
A0A4R9J9S5,1,PF00704
A0A4R9JAL0,1,PF00704
A0A4R9JD35,1,PF00704
A0A4R9JUD4,1,PF00704
A0A4R9K4A8,1,PF00704
A0A4R9K5H4,1,PF00704
A0A4R9KCV2,1,PF00704
A0A4R9KDH7,1,PF00704
A0A4R9LNU8,1,PF00704
A0A4S1WKK0,2,G3DSA:3.20.20.370
A0A4S1WKK0,2,PS51910
A0A4S2AF83,1,PF00704
A0A4S2AGU4,1,PF00704
A0A4S2AGZ8,1,PF00704
A0A4S2AWS7,1,PF00704
A0A4S2CYC7,1,PF00704
A0A4S2D4F8,1,PF00704
A0A4S2D6D3,1,PF00704
A0A4S2DES0,1,PF00704
A0A4S2DES4,1,PF00704
A0A4S2G1Y1,1,PS51910
A0A4S2HGP1,1,PF00704
A0A4S2HIK0,1,PF00704
A0A4S2IRX0,1,PF00704
A0A4S2IS16,1,PF00704
A0A4S2IWD5,1,PS51910
A0A4S2IX60,1,PF00704
A0A4S2IYR8,1,PF00704
A0A4S2IZL6,1,PF00704
A0A4S2J4K4,1,PS51910
A0A4S2J504,1,PF00704
A0A4S2JCT6,1,PS51910
A0A4S2QX98,1,PF00704
A0A4S2R1P1,1,PF00704
A0A4S2RAI4,1,PF00704
A0A4S2REB1,1,PF00704
A0A4S2RFM4,1,PF00704
A0A4S2RGS6,1,PF00704
A0A4S2RH36,1,PF00704
A0A4S2RH56,1,PF00704
A0A4S2RMT7,1,PF00704
A0A4S2RPR9,1,PF00704
A0A4S2RTK6,1,PF00704
A0A4S2RUF0,1,PF00704
A0A4S2RUW7,1,PF00704
A0A4S2RW24,1,PF00704
A0A4S2RYY2,1,PF00704
A0A4S2RZ10,1,PF00704
A0A4S2S912,1,PF00704
A0A4S2SD98,1,PF00704
A0A4S2SVM5,1,PF00704
A0A4S2T6Q9,1,PF00704
A0A4S2TA35,1,PF00704
A0A4S2TJ56,1,PF00704
A0A4S2TKA7,1,PF00704
A0A4S2TLK6,1,PF00704
A0A4S2TY70,1,PF00704
A0A4S2U3J7,1,PF00704
A0A4S2U8R5,1,PF00704
A0A4S2UB01,1,PF00704
A0A4S2UG79,1,PF00704
A0A4S2UGE0,1,PF00704
A0A4S2UK56,1,PF00704
A0A4S2ULF5,1,PF00704
A0A4S2ULR0,1,PF00704
A0A4S2UY20,1,PF00704
A0A4S2V273,1,PS51910
A0A4S2V4G9,1,PS51910
A0A4S2V8V6,1,PF00704
A0A4S2VB77,1,PF00704
A0A4S2VCB4,1,PF00704
A0A4S2VIQ9,1,PF00704
A0A4S3DXX9,1,PF00704
A0A4S3KSB6,1,PF00704
A0A4S3LLT2,1,PF00704
A0A4S3PIC9,1,PF00704
A0A4S3PJT1,1,PF00704
A0A4S3PL35,1,PF00704
A0A4S3PQJ6,1,PF00704
A0A4S3PQJ7,1,PF00704
A0A4S3PVP4,1,PF00704
A0A4S4BIM4,1,PF00704
A0A4S4BNG5,1,PF00704
A0A4S4BVW8,1,PF00704
A0A4S4BWN2,1,PF00704
A0A4S4BX19,1,PF00704
A0A4S4BXR1,2,G3DSA:3.20.20.370
A0A4S4BXR1,2,PF00704
A0A4S4C443,1,PF00704
A0A4S4C818,1,PF00704
A0A4S4FUU1,1,PF00704
A0A4S4H0W0,1,PF00704
A0A4S4HH94,1,PF00704
A0A4S4HIJ1,1,PF00704
A0A4S4HR59,1,PF00704
A0A4S4JZY7,1,PF00704
A0A4S5B8P6,1,PS51910
A0A4S5BHW9,1,PS51910
A0A4S5C270,1,PF00704
A0A4S5CLR9,1,PF00704
A0A4S5CM73,1,PF00704
A0A4S5D7E0,1,PF00704
A0A4S5D8B2,1,PF00704
A0A4S8HKR5,2,G3DSA:3.20.20.370
A0A4S8HKR5,2,PF00704
A0A4S8HLG5,2,PF00704
A0A4S8HW85,1,PF00704
A0A4S8NXN4,1,PF00704
A0A4S8P3M1,1,PF00704
A0A4S8PFN1,1,PF00704
A0A4S8QCS5,1,PF00704
A0A4S8QMM9,1,PF00704
A0A4T0V4H9,1,PF00704
A0A4T3KI91,1,PF00704
A0A4U0FBM2,1,PF00704
A0A4U0FCV0,1,PF00704
A0A4U0FG55,1,PF00704
A0A4U0FGY0,1,PF00704
A0A4U0H1P4,1,PF00704
A0A4U0HC12,1,PF00704
A0A4U0MW96,1,PF00704
A0A4U0MZA9,1,PF00704
A0A4U0NVP3,1,PF00704
A0A4U0PEY4,1,PF00704
A0A4U0PFH4,1,PF00704
A0A4U0PRY7,1,PS51910
A0A4U0PWM1,1,PF00704
A0A4U0PWS9,1,PF00704
A0A4U0PWW3,1,PF00704
A0A4U0PXQ5,1,PF00704
A0A4U0PY33,1,PS51910
A0A4U0PZ76,1,PF00704
A0A4U0PZD4,1,PF00704
A0A4U0Q081,1,PF00704
A0A4U0Q1A3,1,PF00704
A0A4U0Q5I5,1,PF00704
A0A4U0Q8H5,1,PF00704
A0A4U0Q8T1,1,PF00704
A0A4U0QB33,1,PS51910
A0A4U0QBB3,1,PF00704
A0A4U0QC78,1,PF00704
A0A4U0QCD7,1,PF00704
A0A4U0QND7,1,PF00704
A0A4U0RMM4,1,PF00704
A0A4U0RN04,1,PF00704
A0A4U0RZX3,1,PS51910
A0A4U0S2C6,1,PF00704
A0A4U0S3N6,1,PS51910
A0A4U0SDI4,1,PS51910
A0A4U0SF07,1,PF00704
A0A4U0SF94,1,PF00704
A0A4U0SGX8,1,PF00704
A0A4U0SKK2,1,PS51910
A0A4U0STJ7,1,PS51910
A0A4U0SW07,1,PF00704
A0A4U0T1E4,1,PS51910
A0A4U1BC14,1,PF00704
A0A4U1CAN9,1,PF00704
A0A4U1CF90,1,PF00704
A0A4U1CGP6,1,PF00704
A0A4U1CKV9,1,PF00704
A0A4U1D053,1,PF00704
A0A4U1D9Y5,1,PF00704
A0A4U1DA08,1,PF00704
A0A4U1DB62,1,PF00704
A0A4U1GC22,1,PF00704
A0A4U1GEK2,1,PF00704
A0A4U1GIW8,1,PF00704
A0A4U1I803,1,PF00704
A0A4U1IV26,1,PS51910
A0A4U1MJP4,1,PF00704
A0A4U1MN87,1,PF00704
A0A4U1VWM5,1,PF00704
A0A4U1W2F8,2,PF00704
A0A4U1W2F8,2,PF06483
A0A4U1W443,1,PF00704
A0A4U1WFF9,1,PF00704
A0A4U1Y8B7,2,PF00704
A0A4U1Y8B7,2,PF06483
A0A4U1YPB0,1,PF00704
A0A4U1Z098,2,PF00704
A0A4U1Z098,2,PF06483
A0A4U2A002,2,PF00704
A0A4U2A002,2,PF06483
A0A4U2AA30,1,PF00704
A0A4U2CLG8,1,PF00704
A0A4U2CU92,2,PF00704
A0A4U2CU92,2,PF06483
A0A4U2DCP7,1,PF00704
A0A4U2E577,1,PF00704
A0A4U2E707,1,PF00704
A0A4U2EBM9,1,PF00704
A0A4U2EDX2,1,PS51910
A0A4U2EG48,1,PF00704
A0A4U2EGH4,1,PF00704
A0A4U2F915,1,PF00704
A0A4U2GF65,1,PF00704
A0A4U2H1V6,1,PF00704
A0A4U2H4J9,1,PF00704
A0A4U2H503,2,PF00704
A0A4U2H503,2,PF06483
A0A4U2N1Z1,1,PF00704
A0A4U2N4A9,1,PF00704
A0A4U2Q1M2,1,PF00704
A0A4U2Q2B4,1,PF00704
A0A4U2Q2J6,1,PF00704
A0A4U2Y4C3,1,PF00704
A0A4U2Y8R8,1,PF00704
A0A4U2Y922,1,PF00704
A0A4U2Y9G6,1,PF00704
A0A4U2YBX2,1,PF00704
A0A4U2YCV0,1,PF00704
A0A4U2Z382,1,PF00704
A0A4U2ZCT9,1,PF00704
A0A4U2ZDJ9,1,PF00704
A0A4U2ZDL5,1,PF00704
A0A4U3A081,1,PF00704
A0A4U3A1T3,1,PF00704
A0A4U3A5N1,1,PF00704
A0A4U3ADX5,1,PF00704
A0A4U3AF28,1,PF00704
A0A4U3AGW3,1,PF00704
A0A4U3AYL0,1,PS51910
A0A4U3BB15,1,PF00704
A0A4U3ES69,1,PF00704
A0A4U3EUJ6,1,PF00704
A0A4U3FIA1,1,PF00704
A0A4U3KUU2,1,PF00704
A0A4U3LI84,1,PF00704
A0A4U3LJR1,1,PS51910
A0A4U3LS33,1,PF00704
A0A4U3LYL4,1,PS51910
A0A4U3LYR6,1,PF00704
A0A4U3LZ36,1,PF00704
A0A4U3LZ92,1,PF00704
A0A4U3LZN6,1,PS51910
A0A4U3M053,1,PF00704
A0A4U3M0I0,1,PF00704
A0A4U3M2D7,1,PS51910
A0A4U3M8Y2,1,PF00704
A0A4U3MB03,1,PS51910
A0A4U3MJD2,1,PF00704
A0A4U3MJI9,1,PF00704
A0A4U3MNS1,1,PF00704
A0A4U3MRY6,1,PF00704
A0A4U4ELH7,1,PF00704
A0A4U5JPU3,1,PF00704
A0A4U5WC32,1,PS51910
A0A4U5WCM6,1,PF00704
A0A4U5WD13,1,PF00704
A0A4U5WD54,2,G3DSA:2.10.10.20:FF:000001
A0A4U5WD54,2,PF00704
A0A4U5WDS3,1,PF00704
A0A4U5WF89,1,PF00704
A0A4U5WGC6,1,PS51910
A0A4U5WLQ5,1,PF00704
A0A4U5WLT4,1,PF00704
A0A4U5WNW4,1,PS51910
A0A4U5WSR2,1,PS51910
A0A4U5WSR4,1,PF00704
A0A4U5WUJ9,1,PF00704
A0A4U5WY79,2,G3DSA:2.10.10.20:FF:000001
A0A4U5WY79,2,PF00704
A0A4U5X006,1,PS51910
A0A4U5X2K2,1,PF00704
A0A4U5X302,1,PF00704
A0A4U5X5A0,1,PS51910
A0A4U5X8H9,1,PF00704
A0A4U6D7V5,1,PF00704
A0A4U6D9W7,1,PF00704
A0A4U6LMC5,1,PF00704
A0A4U6MTZ6,1,PF00704
A0A4U6QM86,1,PF00704
A0A4U6RTI3,1,PF00704
A0A4U7J9K1,1,PF00704
A0A4U7JCN4,1,PF00704
A0A4U7JGX1,1,PF00704
A0A4U7JHD7,1,PF00704
A0A4U7JI37,1,PF00704
A0A4U8IW57,1,PF00704
A0A4U8J1W2,1,PS51910
A0A4U8LSE6,1,PF00704
A0A4U8Q0M9,1,PF00704
A0A4U8Q8Y5,1,PF00704
A0A4U8QBP0,1,PF00704
A0A4U8QG68,1,PF00704
A0A4U9CR47,1,PF00704
A0A4U9CX55,1,PF00704
A0A4U9HNW9,1,PF00704
A0A4U9HQ31,1,PS51910
A0A4U9HTS1,1,PS51910
A0A4V0GWY8,1,PF00704
A0A4V0P2J2,1,PS51910
A0A4V0YF00,1,PF00704
A0A4V0Z6X9,1,PF00704
A0A4V0ZGT4,1,PF00704
A0A4V0ZJB3,1,PF00704
A0A4V0ZPZ7,1,PF00704
A0A4V0ZZV0,1,PF00704
A0A4V1CAL4,1,PF00704
A0A4V1FFD1,1,PF00704
A0A4V1IP79,1,PF00704
A0A4V1IP83,1,PF00704
A0A4V1KHH7,1,PF00704
A0A4V1LFQ4,1,PF00704
A0A4V1LGF0,1,PF00704
A0A4V1MK39,1,PF00704
A0A4V1N148,1,PF00704
A0A4V1NTY8,1,PF00704
A0A4V1NUY4,1,PF00704
A0A4V1NVT3,1,PF00704
A0A4V1NX05,1,PF00704
A0A4V1NYR7,1,PF00704
A0A4V1QRZ6,1,PF00704
A0A4V1SHU4,1,PF00704
A0A4V1V3K4,1,PF00704
A0A4V1VMP6,1,PF00704
A0A4V1VNS4,1,PS51910
A0A4V2AEL9,1,PF00704
A0A4V2AQA0,1,PF00704
A0A4V2AVK7,1,PF00704
A0A4V2AYH2,1,PF00704
A0A4V2EMB7,1,PF00704
A0A4V2F1Z5,1,PF00704
A0A4V2FAD1,1,PF00704
A0A4V2FC71,1,PF00704
A0A4V2FE32,1,PF00704
A0A4V2FXD3,1,PF00704
A0A4V2FXH9,1,PF00704
A0A4V2HCK3,1,PF00704
A0A4V2HKY6,1,PS51910
A0A4V2JBV3,1,PF00704
A0A4V2M5C6,1,PS51910
A0A4V2MA70,1,PS51910
A0A4V2MQU2,1,PF00704
A0A4V2NMD1,1,PF00704
A0A4V2NU87,1,PF00704
A0A4V2NX70,1,PF00704
A0A4V2Q1L4,1,PF00704
A0A4V2Q7J4,1,PF00704
A0A4V2QXB8,1,PF00704
A0A4V2RBJ4,1,PF00704
A0A4V2RH63,1,PS51910
A0A4V2SB14,1,PF00704
A0A4V2SUH0,1,PF00704
A0A4V2TMY6,1,PF00704
A0A4V2VI45,1,PF00704
A0A4V2WMG5,2,G3DSA:3.20.20.370
A0A4V2WMG5,2,PF00704
A0A4V2XCE2,1,PF00704
A0A4V2XI06,1,PS51910
A0A4V2XWC5,1,PF00704
A0A4V2Y4Y7,1,PF00704
A0A4V2Y7F9,1,PS51910
A0A4V2YC65,1,PF00704
A0A4V2YD44,1,PS51910
A0A4V2YI19,1,PF00704
A0A4V2YJV3,1,PF00704
A0A4V2YNB2,1,PS51910
A0A4V2YUY7,1,PF00704
A0A4V2Z5X0,1,PF00704
A0A4V2ZFG9,1,PF00704
A0A4V2ZH73,1,PF00704
A0A4V2ZSY2,1,PS51910
A0A4V3BKM8,1,PS51910
A0A4V3BLQ5,1,PF00704
A0A4V3C416,1,PF00704
A0A4V3C4E4,1,PF00704
A0A4V3C699,1,PF00704
A0A4V3CSX0,1,PF00704
A0A4V3DPP7,1,PF00704
A0A4V3EE21,1,PF00704
A0A4V3EQ67,1,PF00704
A0A4V3F958,1,PF00704
A0A4V3GLN7,1,PF00704
A0A4V3GVB3,1,PF00704
A0A4V3HE22,1,PF00704
A0A4V3HF13,1,PF00704
A0A4V3HF25,1,PF00704
A0A4V3J8T6,1,PF00704
A0A4V3JDZ7,1,PF00704
A0A4V3JFU7,1,PF00704
A0A4V3JGH1,1,PF00704
A0A4V3JL45,1,PF00704
A0A4V3JY58,1,PF00704
A0A4V3QXG9,1,PF00704
A0A4V3RZA7,1,PF00704
A0A4V3SYS6,1,PF00704
A0A4V3T5D5,1,PF00704
A0A4V3T7D5,1,PF00704
A0A4V3T7G8,1,PF00704
A0A4V3T7Y8,1,PF00704
A0A4V3T9M5,1,PF00704
A0A4V3WDP5,1,PF00704
A0A4V3WDZ9,1,PF00704
A0A4V3X0G4,2,G3DSA:3.20.20.370
A0A4V3X0G4,2,PF00704
A0A4V3Z0M8,1,PF00704
A0A4V5LRA7,1,PF00704
A0A4V5MLG0,1,PF00704
A0A4V5MM03,1,PS51910
A0A4V5MRH6,1,PF00704
A0A4V5MSN9,1,PF00704
A0A4V5P0E7,1,PF00704
A0A4V5PC97,1,PF00704
A0A4V5R6N6,1,PF00704
A0A4V5RI81,1,PF00704
A0A4V5RML4,2,PF00704
A0A4V5RML4,2,PF06483
A0A4V5TS17,1,PS51910
A0A4V6AXH9,1,PF00704
A0A4V6BLB6,1,PF00704
A0A4V6KC97,1,PF00704
A0A4V6MU07,1,PF00704
A0A4V6N3Q8,1,PF00704
A0A4V6P5A4,2,PF00704
A0A4V6PEZ1,1,PF00704
A0A4V6PGM7,1,PF00704
A0A4V6PJ98,2,G3DSA:3.20.20.370
A0A4V6PJ98,2,PS51910
A0A4V6Q9W8,1,PF00704
A0A4V6T658,1,PF00704
A0A4Y1VLU6,1,PF00704
A0A4Y1X1G0,1,PF00704
A0A4Y1X588,1,PF00704
A0A4Y1Z6V2,1,PF00704
A0A4Y3JLT7,1,PF00704
A0A4Y3JPW4,1,PF00704
A0A4Y3KCR5,1,PF00704
A0A4Y3KLL1,1,PF00704
A0A4Y3KYI9,1,PF00704
A0A4Y3N7B0,1,PS51910
A0A4Y3PFI3,1,PF00704
A0A4Y3PG15,1,PF00704
A0A4Y3PLQ4,1,PF00704
A0A4Y3PPV9,1,PF00704
A0A4Y3PST5,1,PF00704
A0A4Y3QQX0,1,PF00704
A0A4Y3QTF1,1,PF00704
A0A4Y3QXW6,1,PF00704
A0A4Y3R0U2,1,PF00704
A0A4Y3R8L3,1,PF00704
A0A4Y3RA26,1,PS51910
A0A4Y3RJ27,1,PF00704
A0A4Y3RLY9,1,PF00704
A0A4Y3RTZ4,1,PF00704
A0A4Y3RU03,1,PF00704
A0A4Y3RUA9,1,PS51910
A0A4Y3RVK4,1,PF00704
A0A4Y3VE00,1,PF00704
A0A4Y3VG59,1,PF00704
A0A4Y3VH30,1,PF00704
A0A4Y3VJV5,1,PF00704
A0A4Y3VNG7,1,PF00704
A0A4Y3VVX7,1,PS51910
A0A4Y4AXN8,1,PF00704
A0A4Y4DVS1,1,PF00704
A0A4Y4DW43,1,PF00704
A0A4Y4E2J8,1,PF00704
A0A4Y4E3B3,1,PF00704
A0A4Y4E6B3,1,PF00704
A0A4Y4JYW4,1,PS51910
A0A4Y4K413,1,PF00704
A0A4Y4K4U5,1,PF00704
A0A4Y4K7M7,1,PF00704
A0A4Y4KDI2,1,PF00704
A0A4Y4KEX6,1,PF00704
A0A4Y4KJV3,1,PS51910
A0A4Y4KMK3,1,PF00704
A0A4Y4M5B9,2,G3DSA:3.20.20.370
A0A4Y4M5B9,2,PF00704
A0A4Y4MA56,1,PF00704
A0A4Y4MCI5,1,PF00704
A0A4Y6GSM8,1,PF00704
A0A4Y6ID44,1,PF00704
A0A4Y6IG91,1,PF00704
A0A4Y6IGG3,1,PS51910
A0A4Y6JLM6,1,PF00704
A0A4Y6MFL9,1,PF00704
A0A4Y6RL06,1,PF00704
A0A4Y6RLD7,1,PF00704
A0A4Y6RNK1,1,PF00704
A0A4Y6RNY9,1,PF00704
A0A4Y6S336,1,PF00704
A0A4Y6UX56,1,PF00704
A0A4Y6UXR0,1,PF00704
A0A4Y6V3B8,1,PF00704
A0A4Y7QU25,1,PF00704
A0A4Y7R3M0,1,PF00704
A0A4Y7R4H1,1,PF00704
A0A4Y7R5P5,2,G3DSA:3.20.20.370
A0A4Y7R5P5,2,PF00704
A0A4Y7RHK5,1,PF00704
A0A4Y7RN71,1,PS51910
A0A4Y7RSY3,1,PF00704
A0A4Y7RVE4,1,PF00704
A0A4Y7RW25,1,PF00704
A0A4Y7RWN0,1,PF00704
A0A4Y7U8Q5,1,PF00704
A0A4Y7UCF3,1,PF00704
A0A4Y7UD60,2,PF00704
A0A4Y7UD77,1,PF00704
A0A4Y7WGP0,1,PF00704
A0A4Y7WN25,1,PF00704
A0A4Y7WS32,1,PF00704
A0A4Y7ZPM6,1,PF00704
A0A4Y7ZVR7,1,PF00704
A0A4Y8A944,1,PS51910
A0A4Y8ABE5,2,G3DSA:3.20.20.370
A0A4Y8ABE5,2,PF00704
A0A4Y8AGX2,1,PF00704
A0A4Y8AQL9,1,PF00704
A0A4Y8IED4,1,PF00704
A0A4Y8IF15,1,PF00704
A0A4Y8IJT8,1,PF00704
A0A4Y8IMZ2,1,PF00704
A0A4Y8L264,1,PF00704
A0A4Y8L2K5,1,PF00704
A0A4Y8L602,1,PS51910
A0A4Y8LNJ5,1,PF00704
A0A4Y8LPT5,1,PF00704
A0A4Y8LQ85,1,PF00704
A0A4Y8LU82,1,PF00704
A0A4Y8LXD7,1,PF00704
A0A4Y8LXF0,1,PF00704
A0A4Y8PQ46,1,PF00704
A0A4Y8PSQ8,1,PF00704
A0A4Y8Q001,1,PF00704
A0A4Y8Q1F2,1,PF00704
A0A4Y8Q295,1,PF00704
A0A4Y8Q2E2,1,PF00704
A0A4Y8Q8T1,1,PS51910
A0A4Y8QXW6,1,PF00704
A0A4Y8QY67,1,PF00704
A0A4Y8QYK1,1,PF00704
A0A4Y8R346,1,PF00704
A0A4Y8R3U7,1,PF00704
A0A4Y8S6G7,2,G3DSA:3.20.20.370
A0A4Y8S6G7,2,PF00704
A0A4Y8SA46,1,PF00704
A0A4Y8T1K2,1,PF00704
A0A4Y8T412,1,PF00704
A0A4Y8T5A0,1,PF00704
A0A4Y8T7P1,2,G3DSA:3.20.20.370
A0A4Y8T7P1,2,PF00704
A0A4Y8UKF4,1,PF00704
A0A4Y8VJT3,1,PF00704
A0A4Y8WI68,2,PF00704
A0A4Y8WI68,2,PF06483
A0A4Y8WK34,1,PF00704
A0A4Y8XUR7,1,PF00704
A0A4Y8XZU6,1,PF00704
A0A4Y8Y1U6,1,PF00704
A0A4Y8Y480,1,PF00704
A0A4Y8Y553,1,PF00704
A0A4Y8Y7N0,1,PF00704
A0A4Y8Y986,1,PF00704
A0A4Y8YA14,1,PS51910
A0A4Y8YDJ9,1,PF00704
A0A4Y8ZW87,1,PF00704
A0A4Y8ZZA9,1,PF00704
A0A4Y9A9X0,1,PF00704
A0A4Y9AB69,1,PF00704
A0A4Y9II84,1,PF00704
A0A4Y9IKT3,1,PF00704
A0A4Y9QRA8,1,PF00704
A0A4Y9QXH9,1,PF00704
A0A4Y9S5I4,1,PF00704
A0A4Y9S8P8,1,PF00704
A0A4Y9SCR7,2,PF00704
A0A4Y9SY11,1,PF00704
A0A4Z0BH68,1,PF00704
A0A4Z0BKN4,1,PS51910
A0A4Z0BQV9,1,PS51910
A0A4Z0C0D8,1,PF00704
A0A4Z0C1N3,1,PS51910
A0A4Z0C392,1,PS51910
A0A4Z0C8Z1,1,PF00704
A0A4Z0EJL8,1,PF00704
A0A4Z0EL13,1,PF00704
A0A4Z0GC76,1,PF00704
A0A4Z0GMD8,1,PF00704
A0A4Z0GWF5,1,PF00704
A0A4Z0H6B0,1,PF00704
A0A4Z0H9W5,1,PF00704
A0A4Z0HCP0,1,PF00704
A0A4Z0L5T5,1,PF00704
A0A4Z0MDU1,1,PF00704
A0A4Z0N3E3,1,PF00704
A0A4Z0P4B0,1,PF00704
A0A4Z0PGY1,2,PF00704
A0A4Z0PGY1,2,SSF51445
A0A4Z0QC35,1,PF00704
A0A4Z0QFE5,1,PF00704
A0A4Z0QFF1,1,PF00704
A0A4Z0QMU7,1,PF00704
A0A4Z0QNH3,1,PF00704
A0A4Z0QSQ6,1,PF00704
A0A4Z0QSU9,1,PF00704
A0A4Z0QSV7,1,PF00704
A0A4Z0QT37,1,PF00704
A0A4Z0QTC6,1,PF00704
A0A4Z0R182,1,PF00704
A0A4Z0R2K4,1,PF00704
A0A4Z0R414,1,PF00704
A0A4Z0RBD6,1,PF00704
A0A4Z0Y1K3,1,PF00704
A0A4Z0Y1W2,1,PF00704
A0A4Z0YB54,1,PF00704
A0A4Z0ZTG6,1,PF00704
A0A4Z0ZWQ7,1,PF00704
A0A4Z1A6V6,1,PF00704
A0A4Z1AH30,1,PF00704
A0A4Z1AH46,1,PF00704
A0A4Z1AMQ1,1,PF00704
A0A4Z1CUC6,1,PS51910
A0A4Z1D3M3,1,PS51910
A0A4Z1D4P5,1,PS51910
A0A4Z1D552,1,PS51910
A0A4Z1D9G2,1,PS51910
A0A4Z1D9Z9,1,PS51910
A0A4Z1DC44,1,PS51910
A0A4Z1DF71,1,PF00704
A0A4Z1DIJ1,1,PF00704
A0A4Z1DIT1,1,PF00704
A0A4Z1DPU9,1,PF00704
A0A4Z1DR00,1,PF00704
A0A4Z1E0K6,1,PF00704
A0A4Z7KX77,1,PF00704
A0A4Z8YRW1,1,PF00704
A0A502BT48,1,PF00704
A0A502BZG5,2,G3DSA:3.20.20.370
A0A502BZG5,2,PF00704
A0A502E1Y8,2,PF00704
A0A502E4C3,1,PF00704
A0A502E934,1,PF00704
A0A502ESV9,1,PF00704
A0A502F4X6,2,G3DSA:3.20.20.370
A0A502F4X6,2,PF00704
A0A502G2Y8,2,G3DSA:3.20.20.370
A0A502G2Y8,2,PF00704
A0A502GIW4,1,PF00704
A0A502J2K9,1,PF00704
A0A504J3B9,3,PF00704
A0A504J4Q7,1,PF00704
A0A504JIA7,1,PF00704
A0A505D7J4,1,PF00704
A0A505DGL1,1,PF00704
A0A505H6H6,1,PS51910
A0A505H938,1,PF00704
A0A505HGA1,1,PF00704
A0A506Q1P7,1,PF00704
A0A506QEN4,1,PF00704
A0A506QEW0,1,PF00704
A0A506QFG1,2,G3DSA:3.20.20.370
A0A506QFG1,2,PF00704
A0A506UDZ2,1,PS51910
A0A506X030,1,PS51910
A0A506XRA7,1,PF00704
A0A506XXZ5,1,PF00704
A0A506Y268,1,PF00704
A0A506Y4B2,1,PF00704
A0A506Y6G0,1,PF00704
A0A506Y6I5,1,PF00704
A0A508ACG6,1,PF00704
A0A508AHM1,1,PF00704
A0A508AVI0,1,PS51910
A0A509C552,1,PF00704
A0A509CN46,1,PF00704
A0A510AR49,1,PF00704
A0A510IAF8,2,PF00704
A0A510IAF8,2,PF06483
A0A510IAU5,1,PF00704
A0A510ICI4,1,PF00704
A0A510IMK3,1,PF00704
A0A510INT9,1,PF00704
A0A510IUM5,1,PF00704
A0A510IYY7,1,PF00704
A0A510T686,1,PF00704
A0A510T753,1,PF00704
A0A510TER3,1,PF00704
A0A510TGL7,1,PS51910
A0A510TIU2,1,PS51910
A0A510TKF4,1,PF00704
A0A510TMM9,1,PF00704
A0A510TPH2,1,PS51910
A0A510TSL2,1,PF00704
A0A510UH72,1,PF00704
A0A510UJK5,2,PF00704
A0A510UJK5,2,PF06483
A0A510ULT9,1,PF00704
A0A510USY5,1,PF00704
A0A510V2T3,1,PF00704
A0A510V9H1,1,PF00704
A0A510VDU4,1,PF00704
A0A510WA40,1,PS51910
A0A510WF99,1,PF00704
A0A511HC76,1,PF00704
A0A511HEF2,1,PF00704
A0A511HEW1,1,PS51910
A0A511HL90,1,PF00704
A0A511J0Y9,1,PS51910
A0A511J4F3,1,PF00704
A0A511J5H9,1,PF00704
A0A511J9Q1,1,PF00704
A0A511JAX2,1,PF00704
A0A511JMY2,1,PF00704
A0A511JPW5,1,PF00704
A0A511JQR1,1,PF00704
A0A511M4R3,1,PF00704
A0A511MCS7,1,PF00704
A0A511MWE5,1,PF00704
A0A511MWF5,1,PF00704
A0A511MXR0,1,PF00704
A0A511MZL5,1,PF00704
A0A511N102,1,PF00704
A0A511N568,1,PF00704
A0A511N5S1,1,PF00704
A0A511QCB0,1,PF00704
A0A511QCI2,1,PF00704
A0A511QCJ5,1,PF00704
A0A511QDA8,1,PF00704
A0A511QFT1,2,PF00704
A0A511QFT1,2,PF06483
A0A511SYN2,1,PF00704
A0A511T6W8,1,PF00704
A0A511T9A9,1,PF00704
A0A511T9Z6,1,PF00704
A0A511TFL4,1,PF00704
A0A511UYD9,1,PF00704
A0A511VBN6,1,PF00704
A0A511VC59,1,PF00704
A0A511VEF8,1,PS51910
A0A511W0T6,1,PF00704
A0A511WPK7,1,PF00704
A0A511WR85,1,PF00704
A0A511YDM7,1,PF00704
A0A511YDR5,1,PF00704
A0A511YR33,2,G3DSA:3.20.20.370
A0A511YR33,2,PF00704
A0A511Z9D5,1,PF00704
A0A511ZPH8,1,PF00704
A0A512AMY6,2,G3DSA:3.20.20.370
A0A512AMY6,2,PF00704
A0A512J5K1,1,PF00704
A0A512MAN0,1,PF00704
A0A512N6C1,1,PF00704
A0A512PE80,1,PF00704
A0A512REQ8,1,PF00704
A0A514BPJ8,1,PF00704
A0A514EA00,1,PF00704
A0A514JN51,1,PF00704
A0A514JNY2,1,PF00704
A0A514JPN6,1,PF00704
A0A514JU76,1,PS51910
A0A514JXT1,1,PF00704
A0A515A9U2,1,PF00704
A0A515CUE8,1,PF00704
A0A515CZ05,1,PF00704
A0A515D218,1,PF00704
A0A516KBP5,1,PF00704
A0A516KDL6,1,PF00704
A0A516KJD4,1,PF00704
A0A516ND42,1,PF00704
A0A516QLI5,1,PF00704
A0A516QUG7,1,PF00704
A0A516QV83,1,PF00704
A0A516R188,1,PF00704
A0A516R3Z1,1,PF00704
A0A516R443,1,PF00704
A0A516RCI3,1,PF00704
A0A516RDG8,1,PF00704
A0A516REC9,1,PF00704
A0A516RH44,1,PS51910
A0A516RH97,1,PF00704
A0A516RHX7,1,PF00704
A0A516RKD5,1,PF00704
A0A516RL34,1,PF00704
A0A516RLK4,1,PF00704
A0A516SMF3,1,PF00704
A0A516SMF5,1,PF00704
A0A516TZE1,1,PF00704
A0A517DQU0,1,PF00704
A0A517DTB0,1,PF00704
A0A517DZI9,1,PF00704
A0A517I4J9,1,PF00704
A0A517I519,1,PF00704
A0A517I646,1,PF00704
A0A517I8L2,1,PF00704
A0A517IAJ5,1,PF00704
A0A517ICJ5,1,PF00704
A0A517IDU4,1,PF00704
A0A517SFH8,1,PF00704
A0A517ST49,1,PF00704
A0A517TQN4,1,PF00704
A0A517TVP4,1,PF00704
A0A517Y8M6,1,PF00704
A0A517YP19,1,PF00704
A0A517YSS6,2,PF00704
A0A517YSS6,2,SSF51989
A0A517YSX3,1,PF00704
A0A518B8G5,2,PF00704
A0A518B8G5,2,SSF51989
A0A518D7E1,1,PF00704
A0A518F193,1,PF00704
A0A518H459,1,PF00704
A0A518K377,1,PF00704
A0A518KA91,1,PF00704
A0A518KA93,1,PF00704
A0A518RJE3,1,PF00704
A0A518V604,1,PF00704
A0A518V699,1,PF00704
A0A518V6Q1,1,PF00704
A0A518V6R3,1,PF00704
A0A518VBP8,1,PF00704
A0A518VBT0,1,PF00704
A0A518WHS5,1,PF00704
A0A518WKP8,1,PF00704
A0A518WMA6,1,PS51910
A0A519DX99,1,PF00704
A0A519DY37,1,PF00704
A0A519E446,1,PS51910
A0A519EFH4,1,PF00704
A0A519EGL1,1,PF00704
A0A519EGM4,1,PF00704
A0A519I8V1,1,PF00704
A0A519I970,1,PF00704
A0A519IMT4,1,PF00704
A0A519IZN9,1,PF00704
A0A519L912,1,PF00704
A0A519LAT4,1,PF00704
A0A519LH67,1,PF00704
A0A519LXI6,2,G3DSA:3.20.20.370
A0A519LXI6,2,PF00704
A0A519QDM9,1,PF00704
A0A519QFP4,1,PF00704
A0A519QVL2,2,G3DSA:3.20.20.370
A0A519QVL2,2,PF00704
A0A519RWI8,1,PF00704
A0A519S2L1,1,PF00704
A0A519S6C3,1,PF00704
A0A519S8H7,1,PF00704
A0A519S928,1,PF00704
A0A519S9D0,2,G3DSA:3.20.20.370
A0A519S9D0,2,PF00704
A0A519SNG0,1,PF00704
A0A519TPE7,1,PS51910
A0A519TQC8,1,PF00704
A0A519TR31,1,PF00704
A0A519U9L3,1,PF00704
A0A519USU8,1,PF00704
A0A519V301,1,PF00704
A0A519V3Q8,1,PF00704
A0A519V7W6,1,PF00704
A0A519V8C4,1,PF00704
A0A519V8S9,1,PF00704
A0A519VJ21,1,PF00704
A0A519VPC4,2,G3DSA:3.20.20.370
A0A519VPC4,2,PF00704
A0A519VR30,1,PS51910
A0A519VT59,1,PF00704
A0A519W1H1,1,PF00704
A0A519W4V2,1,PF00704
A0A519W662,1,PF00704
A0A519W6P9,1,PF00704
A0A519W6R1,1,PF00704
A0A519X0Y3,1,PF00704
A0A519X9F1,1,PF00704
A0A519XEI1,1,PF00704
A0A519XGB6,1,PF00704
A0A519XH61,1,PF00704
A0A519XHZ8,1,PF00704
A0A519YX72,1,PF00704
A0A519Z8P0,1,PF00704
A0A520A2W5,1,PF00704
A0A520A624,1,PF00704
A0A520A6T0,1,PF00704
A0A520ADU8,1,PF00704
A0A520BAY9,1,PF00704
A0A520BI28,1,PF00704
A0A520BMQ6,1,PF00704
A0A520C2M0,1,PF00704
A0A520CHZ2,1,PF00704
A0A520CK87,1,PF00704
A0A520CZF2,1,PF00704
A0A520D0L9,1,PF00704
A0A520DSB9,1,PF00704
A0A520DXZ5,1,PF00704
A0A520EES6,1,PF00704
A0A520GV32,1,PF00704
A0A520HKX8,1,PF00704
A0A520HM92,1,PF00704
A0A520I7B5,1,PF00704
A0A520J4S4,2,G3DSA:3.20.20.370
A0A520J4S4,2,PF00704
A0A520J5H2,1,PF00704
A0A520JC05,1,PF00704
A0A520R596,1,PF00704
A0A520SSF0,1,PF00704
A0A520UJ63,1,PF00704
A0A520UN74,1,PF00704
A0A520UNC9,1,PF00704
A0A520UNG5,1,PF00704
A0A520UTN5,1,PF00704
A0A520VSF1,1,PF00704
A0A520VY69,1,PF00704
A0A520W081,1,PF00704
A0A520WAZ5,1,PF00704
A0A520WHF6,1,PF00704
A0A520WHW1,1,PF00704
A0A521AFJ3,1,PF00704
A0A521AZT1,1,PF00704
A0A521BHU5,1,PF00704
A0A521BLE5,1,PF00704
A0A521BN67,2,G3DSA:3.20.20.370
A0A521BN67,2,PF00704
A0A521BNL8,1,PF00704
A0A521BPT7,1,PF00704
A0A521BY71,1,PF00704
A0A521BY85,1,PF00704
A0A521CLT5,1,PF00704
A0A521CWC5,1,PF00704
A0A521CZI7,1,PF00704
A0A521DBB0,1,PF00704
A0A521DCV3,2,PF00704
A0A521DGX6,1,PF00704
A0A521DIK1,1,PF00704
A0A521DQZ6,1,PF00704
A0A521DWV2,2,PF00704
A0A521EHE1,2,G3DSA:3.20.20.370
A0A521EHE1,2,PF00704
A0A521EHI7,1,PF00704
A0A521EN41,1,PF00704
A0A521F385,1,PF00704
A0A521FDI2,1,PF00704
A0A521FHQ8,2,G3DSA:3.20.20.370
A0A521FHQ8,2,PF00704
A0A521G666,1,PF00704
A0A521GWV6,1,PF00704
A0A521HCZ8,1,PF00704
A0A521HZP8,1,PF00704
A0A521IAD4,2,PS51910
A0A521IAD4,2,SSF51445
A0A521IIM6,1,PF00704
A0A521J5Z0,1,PF00704
A0A521JIW8,1,PF00704
A0A521JR52,1,PF00704
A0A521JRL2,1,PF00704
A0A521LMB0,1,PF00704
A0A521RV61,1,PF00704
A0A521SAK2,1,PF00704
A0A521TFB4,1,PF00704
A0A521UDU6,1,PF00704
A0A521UNA9,1,PF00704
A0A521UNJ8,1,PF00704
A0A521VFW9,1,PS51910
A0A521WK52,1,PF00704
A0A521WQS3,1,PF00704
A0A521XK55,1,PF00704
A0A521XWA7,1,PF00704
A0A522AKU2,1,PF00704
A0A522AN63,1,PF00704
A0A522DA10,1,PF00704
A0A522DPU9,1,PF00704
A0A522F3J1,1,PF00704
A0A522FI75,2,G3DSA:3.20.20.370
A0A522FI75,2,PF00704
A0A522FQQ1,1,PF00704
A0A522FS14,2,G3DSA:3.20.20.370
A0A522FS14,2,PF00704
A0A522H953,2,G3DSA:3.20.20.370
A0A522H953,2,PF00704
A0A522IJJ5,1,PF00704
A0A522JKQ4,1,PF00704
A0A522MVM9,1,PF00704
A0A522PTB0,1,PF00704
A0A522PYM1,1,PF00704
A0A522QV96,1,PF00704
A0A522QZM5,1,PF00704
A0A522R866,1,PF00704
A0A522RPK8,1,PF00704
A0A522RYT8,1,PF00704
A0A522SID9,1,PF00704
A0A522SLD6,1,PF00704
A0A522SN58,1,PF00704
A0A522STB5,2,G3DSA:3.20.20.370
A0A522STB5,2,PF00704
A0A522T5Y7,1,PF00704
A0A522U810,1,PF00704
A0A522U814,1,PF00704
A0A523BT14,1,PF00704
A0A523C4J3,1,PF00704
A0A523HAQ2,1,PF00704
A0A523IV16,1,PF00704
A0A523R3Q3,1,PF00704
A0A523SNT9,1,PF00704
A0A523U696,1,PF00704
A0A523VEC0,1,PF00704
A0A523VFX9,1,PF00704
A0A523WBT2,1,PF00704
A0A523XXL4,1,PF00704
A0A523YW63,1,PF00704
A0A524AP40,2,PF00704
A0A524AP40,2,SSF51445
A0A524BIL8,1,PF00704
A0A524HRS7,1,PF00704
A0A524J3Q6,1,PF00704
A0A524NK54,1,PF00704
A0A524PZH6,1,PF00704
A0A524QCD6,1,PF00704
A0A524QG39,1,PF00704
A0A525HMM3,2,G3DSA:3.20.20.370
A0A525HMM3,2,PF00704
A0A525I5L8,2,G3DSA:3.20.20.370
A0A525I5L8,2,PF00704
A0A525IQB2,2,G3DSA:3.20.20.370
A0A525IQB2,2,PS51910
A0A525JI77,1,PF00704
A0A525JKK1,1,PF00704
A0A525KW48,2,G3DSA:3.20.20.370
A0A525KW48,2,PF00704
A0A532U704,2,PF00704
A0A532U704,2,SSF51445
A0A533RJS9,1,PF00704
A0A533YAU9,1,PF00704
A0A533YH04,1,PF00704
A0A533YH05,1,PF00704
A0A533YH64,1,PF00704
A0A533YHJ2,1,PF00704
A0A533YHW7,1,PF00704
A0A533YIA0,1,PF00704
A0A533YL81,1,PF00704
A0A533YMD6,1,PF00704
A0A533ZY71,1,PF00704
A0A533ZZ94,2,G3DSA:3.20.20.370
A0A533ZZ94,2,PF00704
A0A534A9G3,1,PF00704
A0A534B3Z3,1,PF00704
A0A534CH95,1,PF00704
A0A534PGY1,2,G3DSA:3.20.20.370
A0A534PGY1,2,PF00704
A0A534PT08,1,PF00704
A0A534PVT4,1,PF00704
A0A534UYE2,1,PF00704
A0A534W468,2,G3DSA:3.20.20.370
A0A534W468,2,PF00704
A0A534WF13,1,PF00704
A0A534WMC1,1,PF00704
A0A534YEE4,2,G3DSA:3.20.20.370
A0A534YEE4,2,PF00704
A0A535A9E8,1,PF00704
A0A535A9L1,1,PS51910
A0A535AZD5,1,PF00704
A0A535BCX9,1,PF00704
A0A535BED2,1,PF00704
A0A535BYX5,1,PF00704
A0A535C173,1,PF00704
A0A535CD40,1,PS51910
A0A535CD53,1,PF00704
A0A535CF79,1,PF00704
A0A535CVB5,1,PF00704
A0A535DP47,1,PF00704
A0A535DSB9,1,PF00704
A0A535E316,1,PF00704
A0A535E5V4,1,PF00704
A0A535E664,1,PS51910
A0A535E6E4,1,PS51910
A0A535EDS9,1,PF00704
A0A535ENM4,1,PF00704
A0A535EV55,1,PF00704
A0A535F2T4,1,PS51910
A0A535G762,1,PF00704
A0A535GDX1,1,PF00704
A0A535HMY1,1,PF00704
A0A535HQA2,1,PF00704
A0A535HWL9,1,PF00704
A0A535I792,1,PF00704
A0A535I7C3,1,PF00704
A0A535IQJ3,1,PF00704
A0A535J303,1,PF00704
A0A535JLV8,1,PF00704
A0A535JNX4,1,PF00704
A0A535KHA6,1,PF00704
A0A535KIZ2,1,PF00704
A0A535KMN1,1,PF00704
A0A535LBA7,1,PF00704
A0A535LF20,1,PF00704
A0A535LNK9,1,PF00704
A0A535LNT7,1,PF00704
A0A535LUK8,1,PF00704
A0A535M1Q6,1,PF00704
A0A535MDF6,1,PF00704
A0A535MHA9,1,PF00704
A0A535MLJ7,1,PF00704
A0A535MPI7,1,PF00704
A0A535MQT2,1,PF00704
A0A535MYF2,1,PF00704
A0A535MYF5,1,PF00704
A0A535N580,1,PF00704
A0A535NBU0,1,PF00704
A0A535NHJ0,1,PF00704
A0A535NJQ7,1,PF00704
A0A535NK05,1,PF00704
A0A535NUF4,1,PF00704
A0A535P2X3,1,PF00704
A0A535P7G9,1,PF00704
A0A535PAV2,1,PF00704
A0A535PCX8,1,PF00704
A0A535PLS6,1,PF00704
A0A535PXQ2,1,PF00704
A0A535PYZ8,1,PF00704
A0A535Q0C1,1,PF00704
A0A535Q3V3,1,PF00704
A0A535QAF3,1,PF00704
A0A535QKI0,1,PF00704
A0A535QQ68,1,PF00704
A0A535R563,1,PF00704
A0A535R6Z2,1,PF00704
A0A535S4N3,1,PF00704
A0A535S9H0,1,PF00704
A0A535SIJ1,1,PF00704
A0A535SV92,1,PF00704
A0A535SVS6,1,PF00704
A0A535SY32,1,PF00704
A0A535TMM6,1,PF00704
A0A535TTK5,1,PF00704
A0A535TXC9,1,PF00704
A0A535TXR3,1,PS51910
A0A535U455,1,PF00704
A0A535UCI4,1,PF00704
A0A535UKG5,1,PF00704
A0A535US59,1,PF00704
A0A535USL6,1,PF00704
A0A535V1K1,1,PF00704
A0A535VC33,1,PF00704
A0A535VCA4,1,PF00704
A0A535VI71,1,PS51910
A0A535VTQ4,1,PF00704
A0A535W1K8,1,PF00704
A0A535WA72,1,PF00704
A0A535WMH8,1,PF00704
A0A535WN37,1,PF00704
A0A535WVB6,1,PF00704
A0A535X3B2,1,PF00704
A0A535XRS2,1,PF00704
A0A535XYJ3,1,PF00704
A0A535Y0U7,1,PF00704
A0A535YP12,1,PF00704
A0A535YP92,1,PF00704
A0A535YUP3,1,PF00704
A0A535YYI7,1,PF00704
A0A535YZZ1,1,PF00704
A0A535Z6E8,1,PF00704
A0A535Z8L4,1,PF00704
A0A535ZFG2,1,PF00704
A0A535ZS39,1,PF00704
A0A535ZT86,1,PF00704
A0A536A1E7,1,PF00704
A0A536B847,1,PF00704
A0A536BHL5,1,PF00704
A0A536BNS7,1,PF00704
A0A536BQH9,1,PF00704
A0A536D804,1,PF00704
A0A536DB61,1,PF00704
A0A536DIK6,1,PF00704
A0A536DZX5,1,PF00704
A0A536E7L0,1,PF00704
A0A536E8R8,1,PF00704
A0A536EEI5,1,PF00704
A0A536EJ70,1,PF00704
A0A536EJJ1,1,PF00704
A0A536EWY1,1,PF00704
A0A536F1B9,1,PF00704
A0A536FQ19,1,PF00704
A0A536G107,1,PF00704
A0A536GB70,1,PF00704
A0A536GGW9,1,PF00704
A0A536GL78,1,PF00704
A0A536GMW5,1,PF00704
A0A536GVK9,1,PF00704
A0A536HMI2,1,PF00704
A0A536HV05,1,PF00704
A0A536I3J5,1,PF00704
A0A536I5X5,1,PF00704
A0A536J3Y9,1,PF00704
A0A536J5K4,1,PF00704
A0A536JAC1,1,PF00704
A0A536JGJ0,1,PF00704
A0A536KMP1,1,PF00704
A0A536KNE9,1,PF00704
A0A536L585,1,PF00704
A0A536LEA5,1,PF00704
A0A536LFQ0,1,PF00704
A0A536LFU8,1,PF00704
A0A536LI16,1,PF00704
A0A536LI19,1,PS51910
A0A536LLB6,1,PF00704
A0A536LPA5,1,PF00704
A0A536M3A9,1,PF00704
A0A536M3B3,1,PF00704
A0A536M6L4,1,PF00704
A0A536MLS5,1,PF00704
A0A536MQ31,1,PF00704
A0A536NII3,1,PF00704
A0A536NJH5,1,PF00704
A0A536P3C8,1,PF00704
A0A536P5X7,1,PF00704
A0A536PFM3,1,PF00704
A0A536PQ38,1,PF00704
A0A536PR63,1,PF00704
A0A536PS69,1,PF00704
A0A536PX75,1,PF00704
A0A536QA97,1,PF00704
A0A536QCP7,1,PS51910
A0A536QEL9,1,PF00704
A0A536RDU0,1,PF00704
A0A536RDU7,1,PF00704
A0A536S070,1,PF00704
A0A536S072,1,PF00704
A0A536VEZ3,1,PF00704
A0A536VQQ2,1,PF00704
A0A536WUP0,1,PF00704
A0A536XAV3,1,PF00704
A0A536XCH0,1,PF00704
A0A537I951,1,PF00704
A0A537IGM9,1,PS51910
A0A537IKW2,1,PF00704
A0A537J777,1,PF00704
A0A537JQS3,1,PF00704
A0A537KBC4,1,PF00704
A0A537KJL9,1,PF00704
A0A537L8T9,1,PF00704
A0A537LFK4,1,PF00704
A0A537LKI1,1,PF00704
A0A537LLN9,1,PF00704
A0A537LQF0,1,PF00704
A0A537LX48,1,PF00704
A0A537M4D5,1,PF00704
A0A537M948,1,PF00704
A0A537X671,1,PS51910
A0A537XTF0,2,G3DSA:3.20.20.370
A0A537XTF0,2,PF00704
A0A538B9H0,1,PF00704
A0A538CHN9,1,PF00704
A0A538DXB3,1,PF00704
A0A538DYF9,1,PF00704
A0A538ECA7,1,PF00704
A0A538ED27,1,PS51910
A0A538EHY2,1,PF00704
A0A538EV17,1,PF00704
A0A538FF67,1,PF00704
A0A538H6J5,1,PF00704
A0A538H7Z6,1,PS51910
A0A538HC76,1,PF00704
A0A538HHD9,1,PF00704
A0A538HKJ6,1,PF00704
A0A538HYV0,1,PF00704
A0A538IKQ5,1,PF00704
A0A538J8B8,1,PF00704
A0A538JZC7,1,PF00704
A0A538KR29,1,PF00704
A0A538LTD9,1,PF00704
A0A538MS07,1,PF00704
A0A538MSL9,1,PF00704
A0A538MUS8,1,PS51910
A0A538MWF1,1,PS51910
A0A538MWM8,1,PF00704
A0A538MZV8,1,PF00704
A0A538N393,1,PF00704
A0A538N6N5,1,PF00704
A0A538N834,1,PF00704
A0A538NKP5,2,G3DSA:3.20.20.370
A0A538NKP5,2,PF00704
A0A538NY33,2,G3DSA:3.20.20.370
A0A538NY33,2,PF00704
A0A538NZS7,1,PS51910
A0A538PKL4,1,PF00704
A0A538QA71,1,PF00704
A0A538T2X9,2,G3DSA:3.20.20.370
A0A538T2X9,2,PF00704
A0A538TA43,2,G3DSA:3.20.20.370
A0A538TA43,2,PF00704
A0A539DS32,1,PF00704
A0A539E989,1,PF00704
A0A540UZM1,1,PF00704
A0A540V305,1,PF00704
A0A540VXX6,1,PS51910
A0A540W016,1,PF00704
A0A540W059,1,PF00704
A0A540W0U2,1,PF00704
A0A540W3C5,1,PF00704
A0A540W3N9,1,PF00704
A0A540W610,1,PF00704
A0A540WER3,1,PF00704
A0A540WR94,1,PF00704
A0A540WVI2,1,PF00704
A0A540WXG7,1,PF00704
A0A540WXH8,1,PF00704
A0A540X054,1,PF00704
A0A540X7T0,1,PF00704
A0A541B736,1,PF00704
A0A542AQC4,1,PF00704
A0A542ARW2,1,PF00704
A0A542ARY3,1,PF00704
A0A542BHY0,1,PF00704
A0A542CSI4,1,PF00704
A0A542CT70,1,PF00704
A0A542DCW1,2,G3DSA:2.10.10.20:FF:000001
A0A542DCW1,2,PF00704
A0A542DCW2,1,PF00704
A0A542DFK8,1,PF00704
A0A542DQJ3,1,PF00704
A0A542DR42,1,PF00704
A0A542E833,1,PF00704
A0A542EAG7,1,PS51910
A0A542EP82,1,PS51910
A0A542ETQ8,1,PF00704
A0A542EVY1,1,PS51910
A0A542EW03,1,PF00704
A0A542EWB2,1,PF00704
A0A542H6G7,1,PF00704
A0A542HMF2,1,PS51910
A0A542HTF8,1,PF00704
A0A542HUH4,1,PF00704
A0A542I0L5,1,PS51910
A0A542KCW2,1,PF00704
A0A542KGL0,1,PF00704
A0A542KHP7,1,PS51910
A0A542KLS9,1,PF00704
A0A542KMF4,1,PF00704
A0A542KN93,1,PF00704
A0A542KQW2,1,PS51910
A0A542KT69,1,PS51910
A0A542PW55,1,PF00704
A0A542PZJ7,1,PF00704
A0A542QN89,1,PF00704
A0A542QP05,1,PF00704
A0A542QQ22,1,PF00704
A0A542QTX5,1,PF00704
A0A542QTY2,1,PF00704
A0A542RKE9,1,PF00704
A0A542RNC6,1,PF00704
A0A542SHJ1,1,PF00704
A0A542SRB6,1,PF00704
A0A542SS03,1,PF00704
A0A542SY72,1,PS51910
A0A542SYT0,1,PS51910
A0A542SZ81,1,PF00704
A0A542SZQ4,1,PS51910
A0A542T0D4,1,PS51910
A0A542UBV3,1,PF00704
A0A542UCP8,1,PF00704
A0A542UIE6,1,PS51910
A0A542UMZ6,1,PF00704
A0A542UVS9,1,PF00704
A0A542W0L2,2,G3DSA:3.20.20.370
A0A542W0L2,2,PF00704
A0A542X8L3,1,PF00704
A0A542XPG2,1,PF00704
A0A542XQB0,1,PF00704
A0A542XRM1,1,PF00704
A0A542ZDS5,1,PF00704
A0A542ZDW9,1,PF00704
A0A542ZXG2,1,PF00704
A0A543A5E7,1,PF00704
A0A543AA52,1,PF00704
A0A543APZ1,1,PF00704
A0A543ASJ4,1,PF00704
A0A543AWP2,1,PF00704
A0A543B162,1,PF00704
A0A543C0L5,1,PS51910
A0A543CCU7,1,PS51910
A0A543CE80,1,PF00704
A0A543CPZ9,1,PF00704
A0A543CRT4,1,PS51910
A0A543DB60,1,PS51910
A0A543EC16,1,PF00704
A0A543EC26,1,PF00704
A0A543EFV2,2,G3DSA:3.20.20.370
A0A543EFV2,2,PF00704
A0A543ES05,1,PF00704
A0A543G0V7,2,PF00704
A0A543IB92,1,PF00704
A0A543IBC3,1,PF00704
A0A543IBC8,1,PS51910
A0A543IBS8,1,PF00704
A0A543IUU9,1,PF00704
A0A543IWX1,1,PF00704
A0A543IWX2,1,PF00704
A0A543J6I9,1,PF00704
A0A543J7R1,1,PF00704
A0A543JCN2,1,PF00704
A0A543JHB9,1,PF00704
A0A543JIZ5,1,PF00704
A0A543JJA0,1,PS51910
A0A543JJC1,1,PF00704
A0A543JLI6,2,G3DSA:2.10.10.20:FF:000001
A0A543JLI6,2,PF00704
A0A543NF27,1,PF00704
A0A543NG19,1,PF00704
A0A543NH02,1,PF00704
A0A543P1C0,1,PF00704
A0A544BXI2,1,PF00704
A0A544C3L9,2,PF00704
A0A544C3L9,2,PF06483
A0A544C405,1,PF00704
A0A544C773,2,G3DSA:2.10.10.20:FF:000001
A0A544C773,2,PF00704
A0A544SIZ3,1,PF00704
A0A544SQQ7,1,PF00704
A0A544STW6,1,PF00704
A0A544TAX7,1,PF00704
A0A544TE33,1,PF00704
A0A544TGH6,1,PF00704
A0A544TMC2,1,PF00704
A0A544TPY0,1,PF00704
A0A544U8G4,1,PF00704
A0A544U9M3,1,PF00704
A0A544UK12,1,PF00704
A0A544V484,1,PF00704
A0A544XUZ9,1,PF00704
A0A544XY87,1,PF00704
A0A544XYC2,1,PS51910
A0A544XYD0,1,PF00704
A0A544YFL1,1,PF00704
A0A544YKS8,1,PS51910
A0A544YKY6,1,PF00704
A0A544YLF5,1,PF00704
A0A544YLW2,1,PF00704
A0A544YTA9,1,PF00704
A0A544YTB7,1,PF00704
A0A544Z2W6,1,PF00704
A0A544ZE16,1,PF00704
A0A544ZHV9,1,PF00704
A0A544ZHZ4,1,PS51910
A0A544ZII0,1,PF00704
A0A544ZIW0,1,PF00704
A0A544ZQP9,1,PF00704
A0A545AGC9,1,PS51910
A0A545AR09,1,PS51910
A0A545BI60,1,PS51910
A0A545SRR4,1,PF00704
A0A545SRT0,1,PF00704
A0A545SRY2,1,PF00704
A0A545T002,1,PF00704
A0A545TV24,1,PF00704
A0A545TV61,1,PF00704
A0A545U4L7,1,PF00704
A0A545U651,1,PF00704
A0A545UAQ8,1,PF00704
A0A545UDP6,1,PF00704
A0A549YFI8,1,PF00704
A0A549YGS0,1,PF00704
A0A549YIQ0,1,PF00704
A0A550HRF9,1,PF00704
A0A550I104,1,PF00704
A0A550I1U0,1,PF00704
A0A550I4S2,1,PF00704
A0A550IFM6,1,PS51910
A0A552ET34,1,PF00704
A0A552QR25,1,PF00704
A0A552R0D7,1,PF00704
A0A552R2U8,1,PF00704
A0A552RAT6,1,PF00704
A0A552RD33,1,PF00704
A0A552RDK4,1,PF00704
A0A552REA3,1,PF00704
A0A552RF85,1,PF00704
A0A552RKS0,1,PF00704
A0A552Z1I9,1,PF00704
A0A553BEE0,1,PF00704
A0A553C7G3,2,G3DSA:3.20.20.370
A0A553C7G3,2,PF00704
A0A553DR70,2,PF00704
A0A553DV20,1,PF00704
A0A553EC99,1,PF00704
A0A553EHB3,1,PF00704
A0A553FFT8,2,PF00704
A0A553FM05,1,PF00704
A0A553FU29,1,PF00704
A0A553IGB7,1,PF00704
A0A553JJB1,1,PF00704
A0A553JKM8,1,PF00704
A0A553JTX2,1,PF00704
A0A553KK09,1,PF00704
A0A553KL03,1,PF00704
A0A553KNQ0,1,PF00704
A0A553KU97,1,PF00704
A0A553LCQ5,1,PF00704
A0A553LZS0,1,PF00704
A0A553M724,1,PF00704
A0A553SHK4,1,PF00704
A0A553SMB4,1,PF00704
A0A553SSN1,1,PF00704
A0A553SUM2,1,PF00704
A0A553V3T2,2,G3DSA:3.20.20.370
A0A553V3T2,2,PF00704
A0A553YQB7,1,PF00704
A0A553YW99,1,PF00704
A0A553YXG5,1,PF00704
A0A553Z5T6,1,PS51910
A0A553Z6B1,1,PF00704
A0A553ZI23,1,PF00704
A0A553ZNT9,1,PS51910
A0A554G0V2,1,PF00704
A0A554G2P5,1,PF00704
A0A554G2U5,2,G3DSA:3.10.50.10
A0A554G2U5,2,PF00704
A0A554GM63,1,PF00704
A0A554GM67,1,PF00704
A0A554GML9,1,PF00704
A0A554GQ18,1,PF00704
A0A554H0Q4,1,PF00704
A0A554I7K8,1,PF00704
A0A554IFK5,1,PF00704
A0A554IW12,1,PF00704
A0A554J175,1,PF00704
A0A554J1Y3,1,PF00704
A0A554J769,1,PF00704
A0A554J9G2,1,PF00704
A0A554JJ53,1,PF00704
A0A554JN99,1,PF00704
A0A554JST5,1,PF00704
A0A554KAU0,1,PF00704
A0A554KNU2,1,PF00704
A0A554L0Y7,1,PF00704
A0A554MB61,1,PF00704
A0A554MM36,1,PF00704
A0A554N1G3,1,PF00704
A0A554N264,1,PF00704
A0A554PQM0,1,PF00704
A0A554VHP7,1,PF00704
A0A554VIW4,1,PF00704
A0A554VPT2,1,PF00704
A0A554VQ01,1,PF00704
A0A554VQ08,1,PF00704
A0A556C431,1,PF00704
A0A556C5Q6,1,PF00704
A0A556CS13,1,PF00704
A0A556MWP5,2,G3DSA:3.20.20.370
A0A556MWP5,2,PF00704
A0A556P6I1,1,PF00704
A0A556PM22,1,PF00704
A0A556QJM9,1,PF00704
A0A557NX32,1,PF00704
A0A557P146,2,PF00704
A0A557P146,2,PF06483
A0A557ZRZ3,1,PS51910
A0A557ZYB5,1,PS51910
A0A558A7I5,1,PF00704
A0A558AGI6,1,PS51910
A0A558BZQ2,1,PF00704
A0A558C331,1,PF00704
A0A558FEW6,1,PF00704
A0A559IGD3,1,PF00704
A0A559IK27,1,PF00704
A0A559IQD1,1,PF00704
A0A559IYB7,1,PF00704
A0A559J042,1,PF00704
A0A559J106,1,PF00704
A0A559J358,1,PF00704
A0A559J660,1,PF00704
A0A559J6J3,1,PF00704
A0A559J7S8,1,PF00704
A0A559JJ13,1,PF00704
A0A559JJ30,1,PF00704
A0A559JKY3,1,PF00704
A0A559JMA2,1,PF00704
A0A559JMG1,1,PF00704
A0A559JQQ4,1,PF00704
A0A559JXA3,1,PF00704
A0A559K3Y4,1,PF00704
A0A559K692,1,PF00704
A0A559T0B8,1,PF00704
A0A559TXT4,1,PF00704
A0A559U4N6,3,PS51910
A0A559U4N6,3,SSF51445
A0A559U774,1,PF00704
A0A559UBI8,1,PF00704
A0A559UET9,1,PF00704
A0A559UIE5,1,PF00704
A0A559UR38,1,PS51910
A0A559UY88,1,PF00704
A0A559VB12,1,PS51910
A0A560EWD8,1,PF00704
A0A560F6C7,1,PS51910
A0A560G7N5,1,PF00704
A0A560GAJ2,1,PS51910
A0A560H3W2,1,PS51910
A0A560H485,1,PF00704
A0A560IXN1,1,PS51910
A0A560IZ11,1,PF00704
A0A560JL29,1,PF00704
A0A560K9N2,1,PS51910
A0A560VHP9,1,PF00704
A0A560W936,1,PF00704
A0A560WJ85,1,PS51910
A0A560WNV6,1,PF00704
A0A560WRU7,1,PS51910
A0A560WV13,1,PF00704
A0A560WVK1,1,PF00704
A0A560ZBU2,1,PF00704
A0A561B322,1,PF00704
A0A561B981,1,PF00704
A0A561BQF8,1,PF00704
A0A561BQG7,1,PS51910
A0A561C9K6,1,PF00704
A0A561CK97,2,G3DSA:3.20.20.370
A0A561CK97,2,PF00704
A0A561DCN3,1,PF00704
A0A561DD16,1,PF00704
A0A561DEB6,1,PF00704
A0A561DF33,1,PF00704
A0A561EKQ7,1,PF00704
A0A561EMM9,1,PS51910
A0A561EMN9,1,PF00704
A0A561ENY6,1,PF00704
A0A561EP13,1,PF00704
A0A561EP77,1,PF00704
A0A561EPF3,1,PF00704
A0A561EPK6,1,PS51910
A0A561EUF4,1,PF00704
A0A561EY52,1,PS51910
A0A561F124,1,PF00704
A0A561P160,1,PF00704
A0A561PLG5,1,PF00704
A0A561S9P5,1,PS51910
A0A561SER4,1,PF00704
A0A561SF16,1,PF00704
A0A561TCS4,1,PF00704
A0A561TDJ4,1,PF00704
A0A561TEH5,1,PF00704
A0A561TJI1,1,PS51910
A0A561TNT4,1,PF00704
A0A561TP12,1,PF00704
A0A561TS67,1,PS51910
A0A561TT81,1,PF00704
A0A561U1P4,1,PS51910
A0A561U9S2,1,PF00704
A0A561UA95,1,PF00704
A0A561UB98,1,PF00704
A0A561UBM6,1,PF00704
A0A561UF85,1,PF00704
A0A561UF89,1,PF00704
A0A561UFP0,1,PF00704
A0A561UHW5,1,PF00704
A0A561UK86,1,PS51910
A0A561UKB8,1,PF00704
A0A561ULN4,1,PF00704
A0A561UR77,1,PF00704
A0A561V183,1,PF00704
A0A561V1G8,1,PF00704
A0A561V291,1,PF00704
A0A561V322,1,PF00704
A0A561V4B9,2,PF00704
A0A561V4B9,2,SSF51445
A0A561V4W3,1,PF00704
A0A561V4W4,1,PF00704
A0A561V590,1,PS51910
A0A561V6T8,1,PF00704
A0A561V8R1,1,PS51910
A0A561VFV4,1,PF00704
A0A561VII4,1,PF00704
A0A561VKI0,1,PF00704
A0A561VNH8,1,PF00704
A0A561VNJ7,1,PS51910
A0A561VWP0,1,PF00704
A0A561VYI6,1,PF00704
A0A561W0Q9,1,PF00704
A0A561W331,1,PF00704
A0A561W4W6,1,PF00704
A0A561WIJ7,1,PF00704
A0A561WIX1,1,PF00704
A0A561WLU9,1,PF00704
A0A561WP05,1,PF00704
A0A561WP20,1,PS51910
A0A561WQX0,1,PF00704
A0A561WSL6,1,PF00704
A0A561WVU1,1,PF00704
A0A561WYV8,1,PF00704
A0A561X400,1,PF00704
A0A562GJ23,1,PF00704
A0A562GMI5,1,PF00704
A0A562GR59,1,PF00704
A0A562HKE7,1,PF00704
A0A562HLB6,1,PF00704
A0A562HMK1,1,PF00704
A0A562I3U6,1,PF00704
A0A562I5M2,1,PS51910
A0A562J5I3,1,PF00704
A0A562J5S0,2,G3DSA:3.20.20.370
A0A562J5S0,2,PF00704
A0A562J721,1,PF00704
A0A562JBH1,1,PF00704
A0A562JC83,1,PF00704
A0A562JH76,1,PF00704
A0A562JHM0,1,PF00704
A0A562JRF0,1,PF00704
A0A562JTQ2,1,PF00704
A0A562JTR3,1,PF00704
A0A562JUG9,1,PF00704
A0A562LAB4,1,PF00704
A0A562MC64,1,PF00704
A0A562MGN8,1,PF00704
A0A562MYI3,2,G3DSA:3.20.20.370
A0A562MYI3,2,PF00704
A0A562PKN3,1,PF00704
A0A562PKP9,1,PF00704
A0A562Q4E5,2,PF00704
A0A562QN52,1,PF00704
A0A562QN88,1,PF00704
A0A562QR23,1,PF00704
A0A562QSV7,1,PF00704
A0A562RLA6,1,PF00704
A0A562SHZ4,2,PF00704
A0A562SHZ4,2,SSF51445
A0A562SV11,1,PF00704
A0A562SWP4,1,PF00704
A0A562SWS9,2,G3DSA:3.20.20.370
A0A562SWS9,2,PF00704
A0A562T7P8,1,PF00704
A0A562TCN2,2,PF00704
A0A562TD44,1,PF00704
A0A562THM8,1,PF00704
A0A562TRL3,1,PF00704
A0A562U3M3,2,G3DSA:3.20.20.370
A0A562U3M3,2,PF00704
A0A562U7T9,1,PF00704
A0A562UQS2,1,PF00704
A0A562V3J6,1,PF00704
A0A562V3Y8,1,PF00704
A0A562VAN3,1,PF00704
A0A562VDM8,1,PF00704
A0A562WB05,1,PF00704
A0A562WCP6,1,PF00704
A0A562WEY0,1,PF00704
A0A562WI93,1,PF00704
A0A563EED8,1,PF00704
A0A563EGS5,1,PF00704
A0A563EIY9,1,PF00704
A0A563EKQ5,1,PF00704
A0A563EM58,1,PF00704
A0A563EPQ6,1,PS51910
A0A563ESK5,1,PF00704
A0A563EUG5,1,PF00704
A0A563EWE2,1,PF00704
A0A563EWY5,1,PS51910
A0A563EZM1,1,PF00704
A0A563F037,1,PF00704
A0A563F372,1,PF00704
A0A563U167,1,PF00704
A0A563U765,1,PS51910
A0A563U9A9,1,PF00704
A0A563UA56,2,G3DSA:3.20.20.370
A0A563UA56,2,PF00704
A0A563UG40,2,G3DSA:3.20.20.370
A0A563UG40,2,PF00704
A0A564GWD2,1,PF00704
A0A564H5B8,1,PF00704
A0A564IS55,1,PF00704
A0A564NXN8,1,PF00704
A0A564RWQ8,1,PS51910
A0A564RZB1,1,PS51910
A0A564SNI2,1,PF00704
A0A564TA62,1,PF00704
A0A564U1F0,1,PF00704
A0A564UDP1,1,PF00704
A0A564VDT8,1,PF00704
A0A564VLG5,1,PS51910
A0A564WK01,1,PF00704
A0A5A4U7B0,1,PF00704
A0A5A4U7B1,1,PF00704
A0A5A4U8A7,1,PF00704
A0A5A4U8N9,1,PF00704
A0A5A4UB73,1,PF00704
A0A5A4UBY5,1,PF00704
A0A5A5TEL3,1,PS51910
A0A5A5TJF7,1,PF00704
A0A5A7VL46,2,G3DSA:3.20.20.370
A0A5A7VL46,2,PF00704
A0A5A8AKA0,2,G3DSA:3.20.20.370
A0A5A8AKA0,2,PF00704
A0A5A9DRK0,1,PF00704
A0A5A9E4R2,1,PF00704
A0A5A9E673,1,PF00704
A0A5A9ZVH8,1,PF00704
A0A5A9ZXN0,1,PF00704
A0A5B0AKK9,1,PS51910
A0A5B0B0P8,1,PF00704
A0A5B0B1H0,1,PF00704
A0A5B0BF61,1,PF00704
A0A5B0BHY9,1,PS51910
A0A5B0D9X4,1,PF00704
A0A5B0DE65,1,PF00704
A0A5B0DFX7,1,PF00704
A0A5B0FBX6,1,PF00704
A0A5B0FFM1,1,PF00704
A0A5B0FTY8,1,PF00704
A0A5B0FVU8,1,PF00704
A0A5B0ST28,1,PF00704
A0A5B0W508,1,PF00704
A0A5B0WD91,1,PF00704
A0A5B0WE91,1,PF00704
A0A5B0WNY4,1,PF00704
A0A5B0WQJ0,1,PF00704
A0A5B0WR24,1,PF00704
A0A5B0WSX0,1,PF00704
A0A5B0WWP8,1,PF00704
A0A5B1BD93,2,PF00704
A0A5B1BIQ1,1,PF00704
A0A5B1BL79,1,PF00704
A0A5B1KWZ3,1,PS51910
A0A5B1L4U0,1,PF00704
A0A5B1LNB2,1,PF00704
A0A5B1LPD1,1,PF00704
A0A5B2U284,2,G3DSA:3.20.20.370
A0A5B2U284,2,PF00704
A0A5B2U3K7,1,PF00704
A0A5B2U482,1,PS51910
A0A5B2VPJ5,1,PF00704
A0A5B2VQK9,1,PF00704
A0A5B2VRG8,1,PF00704
A0A5B2VS66,1,PS51910
A0A5B2W0S5,2,PF00704
A0A5B2WFM5,1,PF00704
A0A5B2WI94,1,PF00704
A0A5B2WKK9,1,PS51910
A0A5B2WQN1,1,PF00704
A0A5B2X6B7,2,G3DSA:2.10.10.20:FF:000001
A0A5B2X6B7,2,PF00704
A0A5B2XAJ5,1,PF00704
A0A5B2XD41,1,PS51910
A0A5B2XE11,1,PF00704
A0A5B2XEZ9,1,PF00704
A0A5B2XFL1,1,PF00704
A0A5B2XKC0,1,PS51910
A0A5B2XKC3,1,PF00704
A0A5B2XTE9,1,PF00704
A0A5B3FY50,1,PF00704
A0A5B3GKF8,1,PF00704
A0A5B3GMD1,1,PF00704
A0A5B3GND0,1,PS51910
A0A5B3GRG1,1,PS51910
A0A5B3GTD1,1,PF00704
A0A5B5VK44,1,PF00704
A0A5B6TL15,1,PF00704
A0A5B6TL26,1,PF00704
A0A5B6TNF8,1,PF00704
A0A5B7R9A8,1,PF00704
A0A5B7TFA5,1,PF00704
A0A5B7TFT7,1,PF00704
A0A5B7TI46,1,PF00704
A0A5B7TQ14,1,PF00704
A0A5B7TYN6,1,PF00704
A0A5B7UJC8,1,PF00704
A0A5B7ULE2,1,PF00704
A0A5B7UNH0,1,PF00704
A0A5B7UNX2,1,PF00704
A0A5B7UT16,1,PF00704
A0A5B7UYL7,1,PF00704
A0A5B7UZI1,1,PF00704
A0A5B7UZN0,1,PF00704
A0A5B7V094,1,PF00704
A0A5B7V5P5,1,PF00704
A0A5B7V6T8,1,PF00704
A0A5B8IBP6,1,PF00704
A0A5B8IHH4,1,PF00704
A0A5B8INX3,1,PF00704
A0A5B8ITR1,1,PF00704
A0A5B8ITZ6,1,PF00704
A0A5B8J9X2,1,PF00704
A0A5B8JFM7,1,PF00704
A0A5B8JFX6,1,PF00704
A0A5B8JGL9,1,PF00704
A0A5B8JM47,1,PF00704
A0A5B8LJI2,2,G3DSA:3.20.20.370
A0A5B8LJI2,2,PF00704
A0A5B8M4X2,1,PF00704
A0A5B8R107,1,PF00704
A0A5B8UI96,2,G3DSA:3.20.20.370
A0A5B8UI96,2,PF00704
A0A5B8UR28,2,G3DSA:3.20.20.370
A0A5B8UR28,2,PF00704
A0A5B8UUR8,1,PF00704
A0A5B8V1T8,1,PF00704
A0A5B8V7G7,1,PF00704
A0A5B8VB61,1,PF00704
A0A5B8VWV0,2,G3DSA:3.20.20.370
A0A5B8VWV0,2,PF00704
A0A5B8W794,1,PF00704
A0A5B8W7Q2,1,PF00704
A0A5B8WA37,1,PF00704
A0A5B8WBQ8,1,PF00704
A0A5B8Z3E1,1,PF00704
A0A5B8Z465,1,PF00704
A0A5B8Z4I4,1,PF00704
A0A5B9DXQ3,1,PF00704
A0A5B9EB14,2,G3DSA:3.20.20.370
A0A5B9EB14,2,PS51910
A0A5B9EHA4,1,PF00704
A0A5B9EK53,1,PF00704
A0A5B9HPU8,1,PF00704
A0A5B9HWD1,2,G3DSA:3.20.20.370
A0A5B9HWD1,2,PF00704
A0A5B9Q922,1,PF00704
A0A5B9Q994,1,PF00704
A0A5B9W1Y4,1,PF00704
A0A5B9WHH3,1,PF00704
A0A5B9WKD8,1,PF00704
A0A5B9WRR5,1,PF00704
A0A5B9YBF8,1,PF00704
A0A5B9YBL1,1,PF00704
A0A5B9YCW2,1,PF00704
A0A5C0E063,1,PF00704
A0A5C0SCI6,1,PF00704
A0A5C0SEG6,1,PF00704
A0A5C0SI57,1,PF00704
A0A5C0WF62,1,PF00704
A0A5C0XPK2,2,PF00704
A0A5C0XPK2,2,SSF51445
A0A5C0XRH2,1,PF00704
A0A5C0ZJU1,1,PF00704
A0A5C1AMZ5,1,PF00704
A0A5C1DCU1,1,PF00704
A0A5C1DMU9,1,PF00704
A0A5C1DP96,1,PF00704
A0A5C1DP98,1,PF00704
A0A5C1HUI1,2,G3DSA:3.20.20.370
A0A5C1HUI1,2,PF00704
A0A5C1HYL6,1,PF00704
A0A5C1I3V9,1,PF00704
A0A5C1I4F8,1,PF00704
A0A5C1IAW7,1,PF00704
A0A5C1QG45,1,PF00704
A0A5C1QGT0,1,PF00704
A0A5C1YDM0,1,PF00704
A0A5C1YHY0,1,PF00704
A0A5C2LJN1,1,PF00704
A0A5C2LXJ4,1,PS51910
A0A5C2M1F0,1,PF00704
A0A5C4J016,1,PF00704
A0A5C4J033,1,PF00704
A0A5C4J081,1,PF00704
A0A5C4J0B4,1,PF00704
A0A5C4J1E7,1,PS51910
A0A5C4J3R1,1,PF00704
A0A5C4JAX1,1,PF00704
A0A5C4JFU6,1,PF00704
A0A5C4KZF1,1,PF00704
A0A5C4NPA9,1,PF00704
A0A5C4NTU8,1,PF00704
A0A5C4NXL1,1,PF00704
A0A5C4Q9F9,1,PS51910
A0A5C4QAQ6,1,PF00704
A0A5C4QD22,1,PF00704
A0A5C4QDK7,1,PF00704
A0A5C4QF53,1,PF00704
A0A5C4QWQ9,1,PF00704
A0A5C4RE40,1,PF00704
A0A5C4REN9,1,PF00704
A0A5C4RFG3,1,PF00704
A0A5C4T209,1,PF00704
A0A5C4T2V4,1,PF00704
A0A5C4T2Y9,1,PF00704
A0A5C4TAC8,1,PF00704
A0A5C4V9X3,1,PF00704
A0A5C4VFA4,1,PF00704
A0A5C4WL86,1,PF00704
A0A5C4WQP1,1,PF00704
A0A5C4WX28,1,PF00704
A0A5C4Y4D5,1,PF00704
A0A5C4ZZX0,1,PF00704
A0A5C5A3D6,1,PF00704
A0A5C5AA95,1,PF00704
A0A5C5AC80,2,G3DSA:3.20.20.370
A0A5C5AC80,2,PF00704
A0A5C5AG09,1,PF00704
A0A5C5AJ76,1,PF00704
A0A5C5AND6,1,PF00704
A0A5C5AYQ4,2,G3DSA:3.20.20.370
A0A5C5AYQ4,2,PF00704
A0A5C5DBT5,1,PF00704
A0A5C5HBP7,1,PF00704
A0A5C5Q7C5,1,PF00704
A0A5C5VEA9,1,PF00704
A0A5C5W7T7,1,PF00704
A0A5C5WDR9,1,PF00704
A0A5C5XU37,1,PF00704
A0A5C5YT81,1,PF00704
A0A5C5Z6E2,2,PF00704
A0A5C5Z6E2,2,SSF51445
A0A5C5ZPG4,1,PF00704
A0A5C6AKS0,1,PF00704
A0A5C6ARE7,1,PF00704
A0A5C6AZ02,1,PF00704
A0A5C6CHU5,1,PF00704
A0A5C6CZB2,1,PF00704
A0A5C6EFV9,1,PF00704
A0A5C6HKS7,2,G3DSA:3.20.20.370
A0A5C6HKS7,2,PF00704
A0A5C6HL60,1,PF00704
A0A5C6HRQ3,2,PF00704
A0A5C6HRQ3,2,PIRSR001103-1
A0A5C6I9V0,1,PF00704
A0A5C6IPY1,1,PS51910
A0A5C6ISM0,1,PF00704
A0A5C6IZX5,1,PF00704
A0A5C6J501,1,PF00704
A0A5C6JQN0,1,PS51910
A0A5C6JYY5,1,PF00704
A0A5C6KWC7,1,PF00704
A0A5C6LNJ0,1,PF00704
A0A5C6LQZ2,1,PF00704
A0A5C6LU48,2,PF00704
A0A5C6PTS1,1,PF00704
A0A5C6PUV6,1,PF00704
A0A5C6R777,1,PF00704
A0A5C6RHA4,1,PF00704
A0A5C6RRW9,1,PF00704
A0A5C6RUF1,1,PS51910
A0A5C6RXP9,1,PF00704
A0A5C6TUR0,2,G3DSA:3.20.20.370
A0A5C6TUR0,2,PF00704
A0A5C6UGZ1,2,G3DSA:3.20.20.370
A0A5C6UGZ1,2,PF00704
A0A5C6UZ54,1,PF00704
A0A5C6W357,1,PF00704
A0A5C6XGZ5,1,PF00704
A0A5C6XNG8,1,PF00704
A0A5C6XQH1,1,PF00704
A0A5C6Z6M0,1,PF00704
A0A5C6Z7S2,1,PF00704
A0A5C6Z7X5,1,PF00704
A0A5C6ZYU5,1,PF00704
A0A5C7ABK1,1,PF00704
A0A5C7AKM6,1,PF00704
A0A5C7CFA3,1,PF00704
A0A5C7CFP7,1,PF00704
A0A5C7CMI0,1,PF00704
A0A5C7KRC8,1,PF00704
A0A5C7KVI9,1,PF00704
A0A5C7KZT8,1,PS51910
A0A5C7L7F2,2,G3DSA:3.20.20.370
A0A5C7L7F2,2,PF00704
A0A5C7MJM3,1,PF00704
A0A5C7NAS1,1,PF00704
A0A5C7NWQ0,1,PF00704
A0A5C7PIS5,1,PF00704
A0A5C7PLE3,1,PF00704
A0A5C7UMQ9,2,G3DSA:3.20.20.370
A0A5C7UMQ9,2,PF00704
A0A5C7URJ7,1,PF00704
A0A5C7WKM8,1,PF00704
A0A5C7WRU4,2,PF00704
A0A5C8A9G2,1,PF00704
A0A5C8AXH6,1,PF00704
A0A5C8AZI4,1,PF00704
A0A5C8B0H9,1,PF00704
A0A5C8B167,1,PF00704
A0A5C8B180,1,PF00704
A0A5C8B2Y8,1,PF00704
A0A5C8B363,1,PF00704
A0A5C8B5F6,1,PF00704
A0A5C8B836,1,PF00704
A0A5C8BB29,1,PF00704
A0A5C8BBT6,1,PF00704
A0A5C8BCC1,1,PS51910
A0A5C8BEK8,1,PF00704
A0A5C8BH91,1,PF00704
A0A5C8BHG7,1,PS51910
A0A5C8BMI8,1,PF00704
A0A5C8BT20,1,PF00704
A0A5C8DWM2,1,PF00704
A0A5C8JAK6,1,PF00704
A0A5C8JWK3,1,PF00704
A0A5C8K4X5,1,PF00704
A0A5C8LEG4,1,PF00704
A0A5C8LJX6,1,PF00704
A0A5C8LKF3,1,PF00704
A0A5C8LVH0,1,PF00704
A0A5C8M965,1,PF00704
A0A5C8MBK8,1,PF00704
A0A5C8MCF2,1,PF00704
A0A5C8MSM7,1,PF00704
A0A5C8NQX5,1,PF00704
A0A5C8Q3U0,1,PF00704
A0A5C8Q674,1,PF00704
A0A5C8QBL8,1,PS51910
A0A5C8QGY8,1,PF00704
A0A5C8QHD6,1,PF00704
A0A5C8QJI8,1,PF00704
A0A5C8QJN1,1,PF00704
A0A5C8QKW1,1,PF00704
A0A5C8V8Z4,1,PF00704
A0A5C8Z415,1,PF00704
A0A5C9AF96,1,PS51910
A0A5C9AFV4,1,PS51910
A0A5C9C9M5,1,PF00704
A0A5C9CY51,1,PF00704
A0A5C9SYN7,2,G3DSA:2.10.10.20:FF:000001
A0A5C9SYN7,2,PF00704
A0A5C9T016,1,PF00704
A0A5D0CKI8,1,PF00704
A0A5D0CP19,1,PF00704
A0A5D0CSE1,1,PF00704
A0A5D0CTI2,1,PF00704
A0A5D0CWU9,1,PF00704
A0A5D0MVN0,1,PS51910
A0A5D0MWD0,1,PF00704
A0A5D0N5D1,1,PF00704
A0A5D0N7L4,1,PF00704
A0A5D0NA60,1,PF00704
A0A5D0NIM2,1,PF00704
A0A5D0NM47,1,PS51910
A0A5D0NML0,1,PS51910
A0A5D0NMM6,1,PF00704
A0A5D0NNE8,1,PF00704
A0A5D0NNP1,1,PF00704
A0A5D0P0W2,1,PF00704
A0A5D0PCM3,1,PF00704
A0A5D0PP80,1,PF00704
A0A5D0QCL7,1,PF00704
A0A5D0QDY2,1,PF00704
A0A5D0QG89,1,PF00704
A0A5D0SGL5,1,PF00704
A0A5D0SPF6,1,PS51910
A0A5D0TAR7,1,PF00704
A0A5D0TC08,1,PF00704
A0A5D0THD5,1,PF00704
A0A5D0TZY6,1,PF00704
A0A5D0UH52,1,PS51910
A0A5D0UI32,1,PF00704
A0A5D0UI54,1,PF00704
A0A5D0UJ65,1,PF00704
A0A5D0UJJ3,1,PF00704
A0A5D0ULI7,1,PF00704
A0A5D0UQZ6,1,PF00704
A0A5D0UTL0,1,PF00704
A0A5D0V225,1,PS51910
A0A5D3E8P7,1,PS51910
A0A5D3FGB8,1,PF00704
A0A5D3FJC4,1,PF00704
A0A5D3FWZ0,1,PF00704
A0A5D3FX69,1,PF00704
A0A5D3FX85,1,PF00704
A0A5D3FZA1,1,PS51910
A0A5D3G034,1,PF00704
A0A5D3GJF7,1,PF00704
A0A5D4H7L1,1,PF00704
A0A5D4HAB2,1,PF00704
A0A5D4I1G2,1,PF00704
A0A5D4IEK2,1,PF00704
A0A5D4IYC4,1,PF00704
A0A5D4JE90,1,PF00704
A0A5D4JHK5,1,PF00704
A0A5D4JI61,1,PF00704
A0A5D4K5R5,1,PF00704
A0A5D4KF64,1,PF00704
A0A5D4KFT9,1,PF00704
A0A5D4M096,1,PF00704
A0A5D4MDV2,1,PF00704
A0A5D4NFX6,1,PF00704
A0A5D4NJ36,1,PF00704
A0A5D4NRH5,1,PF00704
A0A5D4QRV0,1,PF00704
A0A5D4R5Y4,1,PF00704
A0A5D4R966,1,PF00704
A0A5D4RDY7,1,PF00704
A0A5D4RV32,1,PF00704
A0A5D4S9Q6,1,PF00704
A0A5D4SKW1,1,PF00704
A0A5D4SPP4,1,PF00704
A0A5D4STV0,1,PF00704
A0A5D4T107,1,PF00704
A0A5D4TA97,1,PF00704
A0A5D4TBI5,1,PF00704
A0A5D4TEX1,1,PF00704
A0A5D4TY14,1,PF00704
A0A5D4U7K9,1,PF00704
A0A5D4UE32,1,PF00704
A0A5D4XR43,1,PF00704
A0A5D6VEF2,1,PF00704
A0A5D6VES4,1,PF00704
A0A5D8QBD5,1,PF00704
A0A5D8QBW4,1,PF00704
A0A5D8YFH5,1,PF00704
A0A5D8YFW0,1,PF00704
A0A5D8ZNA3,1,PF00704
A0A5D8ZNC1,1,PF00704
A0A5D8ZR00,2,G3DSA:3.20.20.370
A0A5D8ZR00,2,PF00704
A0A5D9C392,2,G3DSA:3.20.20.370
A0A5D9C392,2,PF00704
A0A5D9C5V6,2,G3DSA:3.20.20.370
A0A5D9C5V6,2,PF00704
A0A5E4IY32,1,PF00704
A0A5E4KF17,1,PF00704
A0A5E4KP05,1,PF00704
A0A5E4PGB6,1,PF00704
A0A5E4PH80,1,PF00704
A0A5E4TAZ8,1,PF00704
A0A5E4V5H2,1,PF00704
A0A5E4W3K7,1,PF00704
A0A5E4WS06,1,PF00704
A0A5E4X4M6,1,PF00704
A0A5E4XJX6,1,PF00704
A0A5E4YMM7,1,PF00704
A0A5E4Z5P0,1,PF00704
A0A5E5A2G2,1,PF00704
A0A5E5AU41,1,PF00704
A0A5E5BNG0,1,PF00704
A0A5E5BSL1,1,PF00704
A0A5E5P308,1,PF00704
A0A5E6SDF9,1,PF00704
A0A5E6T2E1,1,PF00704
A0A5E6XJK1,1,PF00704
A0A5E7GHU2,1,PF00704
A0A5E7N9G3,1,PF00704
A0A5E7TS17,1,PF00704
A0A5E7UNK6,1,PF00704
A0A5E7Y4L0,1,PF00704
A0A5E7Y5D9,1,PF00704
A0A5E7Z957,2,G3DSA:3.20.20.370
A0A5E7Z957,2,PF00704
A0A5E7Z984,2,G3DSA:3.20.20.370
A0A5E7Z984,2,PF00704
A0A5E8AVP5,1,PF00704
A0A5E8H3U2,1,PF00704
A0A5E8HB05,1,PF00704
A0A5E8HC19,1,PF00704
A0A5F0K5T5,1,PF00704
A0A5F0KCE0,1,PF00704
A0A5F1Y0N5,1,PF00704
A0A5F1Y5F7,1,PF00704
A0A5F1Y719,1,PF00704
A0A5F1YC01,1,PF00704
A0A5F1ZRJ8,1,PF00704
A0A5F1ZVW9,1,PF00704
A0A5F1ZY62,1,PF00704
A0A5F2BNR4,1,PF00704
A0A5F2BRJ0,1,PF00704
A0A5F2BUS8,1,PF00704
A0A5F2BYZ0,1,PF00704
A0A5F2C553,1,PF00704
A0A5F2C5Z3,1,PF00704
A0A5F2DN28,1,PF00704
A0A5F2KMD5,1,PF00704
A0A5H2XT86,1,PF00704
A0A5H2Y198,1,PF00704
A0A5H2Y6H2,1,PF00704
A0A5H2Y886,1,PF00704
A0A5H3KCP4,1,PF00704
A0A5H5HTG2,1,PF00704
A0A5H5WX66,1,PF00704
A0A5H6JSL8,1,PF00704
A0A5H6NWU5,1,PS51910
A0A5H6P0U6,1,PF00704
A0A5H7IEG1,1,PF00704
A0A5H7IFS8,1,PF00704
A0A5H7II25,1,PS51910
A0A5H7K064,1,PF00704
A0A5H7LMU7,1,PF00704
A0A5H7NSQ1,1,PF00704
A0A5H7SAJ7,1,PF00704
A0A5H8HCL9,1,PF00704
A0A5H8SXR6,1,PF00704
A0A5H9DBN1,1,PF00704
A0A5H9DXB1,1,PF00704
A0A5H9H370,1,PS51910
A0A5H9T3T1,1,PF00704
A0A5H9TWM4,1,PS51910
A0A5I0BEE1,1,PF00704
A0A5I0BKL1,1,PF00704
A0A5I0CP29,1,PF00704
A0A5I0CZR8,1,PF00704
A0A5I0D4R0,1,PS51910
A0A5I0F0J9,1,PF00704
A0A5I0MKY9,1,PF00704
A0A5I0NHL7,1,PF00704
A0A5I0QZ84,1,PS51910
A0A5I0SB22,1,PF00704
A0A5I0TZK4,1,PF00704
A0A5I0ZNF5,1,PS51910
A0A5I1ESP9,1,PF00704
A0A5I1FVV4,1,PF00704
A0A5I1U2T0,1,PF00704
A0A5I2FQL5,1,PF00704
A0A5I2LFP0,1,PS51910
A0A5I2LHM6,1,PF00704
A0A5I2WP92,1,PF00704
A0A5I2X4G1,1,PS51910
A0A5I2X4L4,1,PF00704
A0A5I2YUV8,1,PF00704
A0A5I3D1L9,1,PF00704
A0A5I4ALV0,1,PS51910
A0A5I4DBM4,1,PS51910
A0A5I4DGV1,1,PF00704
A0A5I4KCZ6,1,PF00704
A0A5I4NPH1,1,PS51910
A0A5I4QJ02,1,PF00704
A0A5I4R8Y4,1,PF00704
A0A5I4TVG0,1,PF00704
A0A5I5E0C1,1,PF00704
A0A5I5LRU4,1,PF00704
A0A5I5SZ06,1,PF00704
A0A5I5T896,1,PS51910
A0A5I6CAT4,1,PF00704
A0A5I6DME4,1,PF00704
A0A5I6DQX1,1,PS51910
A0A5I6QGV7,1,PF00704
A0A5I6QY54,1,PS51910
A0A5I6RZL4,1,PF00704
A0A5I8I1I9,1,PF00704
A0A5I8Q185,1,PS51910
A0A5I8VHX2,1,PF00704
A0A5I8VNQ3,1,PF00704
A0A5I9B5U4,1,PF00704
A0A5I9C1L3,1,PF00704
A0A5I9REX7,1,PF00704
A0A5I9S8S3,1,PF00704
A0A5J0C327,1,PF00704
A0A5J0F440,1,PF00704
A0A5J0HVE4,1,PF00704
A0A5J0RWI0,1,PF00704
A0A5J0XLA0,1,PF00704
A0A5J1RWK5,1,PF00704
A0A5J2CH13,1,PF00704
A0A5J4JA60,1,PF00704
A0A5J4JJW8,1,PF00704
A0A5J4K3W0,1,PF00704
A0A5J4K6W7,1,PS51910
A0A5J4KCJ1,1,PF00704
A0A5J4KXK6,1,PF00704
A0A5J4L1D1,1,PF00704
A0A5J4LAP3,1,PS51910
A0A5J4LCC0,1,PF00704
A0A5J4LKM0,1,PF00704
A0A5J5FZK2,1,PS51910
A0A5J5G4Z8,1,PF00704
A0A5J5GTF6,1,PF00704
A0A5J5H4J2,2,G3DSA:3.20.20.370
A0A5J5H4J2,2,PF00704
A0A5J5H743,1,PF00704
A0A5J5HLX2,1,PF00704
A0A5J5HPD4,1,PF00704
A0A5J5HZV2,2,G3DSA:3.20.20.370
A0A5J5HZV2,2,PF00704
A0A5J5I1L3,1,PF00704
A0A5J5I1W9,2,G3DSA:3.20.20.370
A0A5J5I1W9,2,PF00704
A0A5J5I588,2,G3DSA:3.20.20.370
A0A5J5I588,2,PF00704
A0A5J5IEP7,1,PF00704
A0A5J5ILB3,2,G3DSA:3.20.20.370
A0A5J5ILB3,2,PF00704
A0A5J5JSA2,1,PF00704
A0A5J5JUR6,1,PS51910
A0A5J5JZ30,1,PF00704
A0A5J5K2F9,1,PF00704
A0A5J6D2H9,1,PF00704
A0A5J6EI98,1,PF00704
A0A5J6F525,1,PF00704
A0A5J6F7N3,1,PF00704
A0A5J6F858,1,PF00704
A0A5J6F8S4,1,PF00704
A0A5J6F9L9,1,PF00704
A0A5J6FC39,1,PF00704
A0A5J6FKT6,1,PF00704
A0A5J6G5X5,1,PF00704
A0A5J6G9F0,1,PF00704
A0A5J6GA47,1,PF00704
A0A5J6GC30,1,PF00704
A0A5J6GF26,1,PF00704
A0A5J6GIF7,1,PF00704
A0A5J6GL75,1,PF00704
A0A5J6GNQ0,1,PF00704
A0A5J6GP52,1,PF00704
A0A5J6GQB0,1,PF00704
A0A5J6GQD5,1,PF00704
A0A5J6GSD3,1,PS51910
A0A5J6HEU8,1,PF00704
A0A5J6HI75,1,PF00704
A0A5J6HIK6,1,PF00704
A0A5J6HMW6,1,PF00704
A0A5J6HVP5,1,PF00704
A0A5J6I0E6,1,PF00704
A0A5J6I0G9,1,PF00704
A0A5J6IFA6,1,PF00704
A0A5J6IGA2,1,PF00704
A0A5J6J1J4,1,PF00704
A0A5J6J1V8,1,PF00704
A0A5J6J2P4,1,PF00704
A0A5J6J4K2,1,PF00704
A0A5J6J8T0,1,PF00704
A0A5J6JFF3,1,PF00704
A0A5J6JGG5,1,PF00704
A0A5J6JMN4,1,PF00704
A0A5J6P4A9,1,PF00704
A0A5J6P4W4,1,PF00704
A0A5J6PBH2,1,PF00704
A0A5J6PCK2,1,PF00704
A0A5J6PJ00,1,PF00704
A0A5J6PJ82,1,PF00704
A0A5J6PZ85,1,PS51910
A0A5J6SHK9,1,PF00704
A0A5J6SJ40,1,PF00704
A0A5J6U1P4,1,PF00704
A0A5J6U3B3,1,PF00704
A0A5J6UKG2,1,PF00704
A0A5J6WPI0,1,PF00704
A0A5J6WRH5,1,PF00704
A0A5J6WSI2,1,PF00704
A0A5J6XPK1,1,PF00704
A0A5J6Y301,1,PS51910
A0A5K7SEM4,2,G3DSA:3.20.20.370
A0A5K7SEM4,2,PF00704
A0A5K7SGQ1,1,PF00704
A0A5K7X5T0,1,PF00704
A0A5K7X6B3,1,PF00704
A0A5K9S1E8,1,PF00704
A0A5L7YWK7,1,PF00704
A0A5M1QBL0,1,PF00704
A0A5M3EQK4,1,PF00704
A0A5M3VVL7,1,PF00704
A0A5M3VYJ0,1,PF00704
A0A5M3W0G2,1,PF00704
A0A5M3W5A7,1,PF00704
A0A5M3W899,1,PF00704
A0A5M3WA85,1,PF00704
A0A5M3WD99,1,PF00704
A0A5M3WFW3,1,PF00704
A0A5M3WL11,1,PF00704
A0A5M3WVF9,1,PF00704
A0A5M3WYZ9,1,PF00704
A0A5M3WZC4,1,PF00704
A0A5M3X3K4,1,PF00704
A0A5M3X807,1,PF00704
A0A5M3X8J2,1,PF00704
A0A5M3XCA1,1,PF00704
A0A5M3XDY3,1,PF00704
A0A5M3XI23,1,PF00704
A0A5M3XKX9,1,PF00704
A0A5M3XPS5,1,PF00704
A0A5M3XQN4,1,PF00704
A0A5M3XRS9,1,PF00704
A0A5M3XUU5,1,PF00704
A0A5M3XWM2,1,PF00704
A0A5M3Y0P1,1,PF00704
A0A5M4AAQ6,1,PF00704
A0A5M4AHA1,1,PF00704
A0A5M4AMI9,1,PF00704
A0A5M4AYP3,1,PF00704
A0A5M4B570,1,PF00704
A0A5M5A222,1,PF00704
A0A5M5BUY1,1,PF00704
A0A5M5C1R9,1,PF00704
A0A5M5DUC8,1,PF00704
A0A5M5EKU3,1,PF00704
A0A5M5MF01,1,PF00704
A0A5M5MFN9,1,PF00704
A0A5M5ZVZ5,1,PF00704
A0A5M6A965,1,PF00704
A0A5M6CHN1,1,PF00704
A0A5M6D623,1,PF00704
A0A5M6D951,1,PF00704
A0A5M7BQW0,1,PF00704
A0A5M7BSE4,1,PF00704
A0A5M7BVE1,1,PF00704
A0A5M7BXS8,1,PF00704
A0A5M7C7N8,1,PF00704
A0A5M7C9P2,1,PS51910
A0A5M8FT47,1,PF00704
A0A5M8NUU0,1,PF00704
A0A5M8Q3C8,1,PF00704
A0A5M8Q6C7,1,PF00704
A0A5M8QDY0,1,PF00704
A0A5M8QJ74,1,PF00704
A0A5M8QNA6,1,PF00704
A0A5M8R5K1,1,PF00704
A0A5M8RM87,1,PF00704
A0A5M8RQA8,1,PF00704
A0A5M8RRU0,1,PF00704
A0A5M8S028,1,PF00704
A0A5M8SD30,2,G3DSA:3.20.20.370
A0A5M8SD30,2,PF00704
A0A5M8SHD9,1,PF00704
A0A5M8SUS7,1,PF00704
A0A5M9GK49,1,PF00704
A0A5M9GPB9,1,PF00704
A0A5M9GSD4,1,PF00704
A0A5M9GSE2,1,PF00704
A0A5M9GUY4,1,PF00704
A0A5M9HC89,1,PF00704
A0A5M9HUI7,1,PF00704
A0A5M9HY55,1,PF00704
A0A5M9NH19,1,PF00704
A0A5M9NRX5,1,PF00704
A0A5M9NZM7,2,PF00704
A0A5M9NZM7,2,PF06483
A0A5M9P0U9,1,PF00704
A0A5M9P0Z3,1,PF00704
A0A5M9P5Q7,1,PF00704
A0A5M9P6I3,1,PF00704
A0A5M9TLT5,1,PF00704
A0A5M9TQE1,1,PF00704
A0A5M9TSX0,1,PF00704
A0A5M9U5T9,1,PF00704
A0A5M9UAM2,1,PF00704
A0A5M9UHD7,1,PF00704
A0A5M9WQ44,1,PF00704
A0A5M9WWQ0,1,PF00704
A0A5M9WZD2,1,PF00704
A0A5N0E730,1,PF00704
A0A5N0LZZ4,1,PF00704
A0A5N0TI39,1,PF00704
A0A5N0URR6,1,PS51910
A0A5N0US61,1,PS51910
A0A5N0UZU8,1,PF00704
A0A5N0V4K9,1,PF00704
A0A5N0YXN8,1,PF00704
A0A5N0YZ48,1,PF00704
A0A5N0Z0Q3,1,PS51910
A0A5N1JIR7,1,PF00704
A0A5N3QY56,1,PF00704
A0A5N3R7D4,2,PF00704
A0A5N3R7D4,2,PF06483
A0A5N3RAZ7,1,PF00704
A0A5N3S218,2,PF00704
A0A5N3S218,2,PF06483
A0A5N3S3R8,1,PF00704
A0A5N3S9U7,1,PF00704
A0A5N5ECW3,1,PF00704
A0A5N5EG33,1,PF00704
A0A5N5EGT9,1,PF00704
A0A5N5EP51,1,PF00704
A0A5N5EPI3,1,PS51910
A0A5N5ER89,1,PF00704
A0A5N5ERA5,1,PF00704
A0A5N5ES82,1,PS51910
A0A5N5ESR1,1,PF00704
A0A5N5EZV7,1,PF00704
A0A5N5VZA2,1,PF00704
A0A5N5W4B3,1,PF00704
A0A5N5W890,1,PF00704
A0A5N5WE27,1,PF00704
A0A5N5WEY7,1,PF00704
A0A5N6A9N4,1,PF00704
A0A5N6ABQ7,1,PF00704
A0A5N6AKL2,1,PS51910
A0A5N6B6P5,1,PF00704
A0A5N6B7F5,1,PS51910
A0A5N6B7G4,1,PF00704
A0A5N6BKZ4,1,PF00704
A0A5N6BMU9,1,PS51910
A0A5N6BUS9,1,PF00704
A0A5N6BWC5,1,PF00704
A0A5N7III2,1,PF00704
A0A5N7IXC6,1,PF00704
A0A5N7SIS0,1,PF00704
A0A5N7U8T1,2,G3DSA:3.20.20.370
A0A5N7U8T1,2,PF00704
A0A5N8H4G1,1,PF00704
A0A5N8TCP2,1,PF00704
A0A5N8TDZ6,1,PF00704
A0A5N8UIH0,1,PF00704
A0A5N8UNV7,1,PF00704
A0A5N8UNY9,1,PF00704
A0A5N8UVT0,2,G3DSA:3.10.50.10
A0A5N8UVT0,2,PF00704
A0A5N8UYI2,1,PF00704
A0A5N8V403,1,PS51910
A0A5N8V5J2,1,PF00704
A0A5N8VE23,1,PS51910
A0A5N8VE36,1,PF00704
A0A5N8VJ41,1,PF00704
A0A5N8VMP9,1,PS51910
A0A5N8VQ39,1,PS51910
A0A5N8VU30,1,PF00704
A0A5N8VWA0,1,PF00704
A0A5N8WA42,1,PF00704
A0A5N8WGZ7,1,PF00704
A0A5N8WRR3,1,PF00704
A0A5N8WWX7,1,PF00704
A0A5N8X194,1,PF00704
A0A5N8XE73,1,PF00704
A0A5N8XLT5,1,PF00704
A0A5N8XNS0,1,PF00704
A0A5P0YN68,1,PF00704
A0A5P0YWM1,1,PF00704
A0A5P0YZ56,1,PF00704
A0A5P1D9J5,1,PF00704
A0A5P1MBJ0,1,PF00704
A0A5P1R610,1,PS51910
A0A5P1R620,1,PF00704
A0A5P1R628,1,PF00704
A0A5P1R639,1,PF00704
A0A5P1R670,1,PF00704
A0A5P1R6E0,1,PF00704
A0A5P1R6F2,1,PF00704
A0A5P1R795,1,PF00704
A0A5P1R7D2,1,PF00704
A0A5P1R7E3,1,PF00704
A0A5P1R7E5,1,PF00704
A0A5P2AIT0,1,PF00704
A0A5P2AMU7,1,PF00704
A0A5P2AP16,1,PF00704
A0A5P2AQD4,1,PF00704
A0A5P2AQG9,1,PF00704
A0A5P2AV70,1,PF00704
A0A5P2AWN6,1,PS51910
A0A5P2AYF0,1,PF00704
A0A5P2B5H3,1,PF00704
A0A5P2B615,1,PF00704
A0A5P2B696,1,PF00704
A0A5P2BCI4,1,PF00704
A0A5P2BGC9,1,PF00704
A0A5P2BHC3,1,PF00704
A0A5P2BNF9,1,PF00704
A0A5P2BRA8,1,PS51910
A0A5P2BTG7,1,PF00704
A0A5P2BUB2,1,PF00704
A0A5P2BWV9,1,PF00704
A0A5P2BXJ5,1,PF00704
A0A5P2C4B0,1,PF00704
A0A5P2C5V9,1,PF00704
A0A5P2C854,1,PF00704
A0A5P2C8E1,1,PF00704
A0A5P2C8S0,1,PF00704
A0A5P2CC27,1,PF00704
A0A5P2CCF7,1,PF00704
A0A5P2CCI8,1,PF00704
A0A5P2CDM8,1,PF00704
A0A5P2CDU7,1,PF00704
A0A5P2CPA0,1,PF00704
A0A5P2CQY0,1,PF00704
A0A5P2CSN5,1,PF00704
A0A5P2CU75,1,PF00704
A0A5P2CVA0,1,PF00704
A0A5P2D0W7,1,PF00704
A0A5P2D2E9,1,PF00704
A0A5P2D404,1,PF00704
A0A5P2DB43,1,PF00704
A0A5P2DDH7,1,PF00704
A0A5P2DEU9,1,PF00704
A0A5P2DI97,1,PF00704
A0A5P2DNB1,1,PF00704
A0A5P2DQ14,1,PF00704
A0A5P2DWA7,1,PF00704
A0A5P2E0C2,1,PF00704
A0A5P2FZM6,1,PS51910
A0A5P2G0H1,1,PS51910
A0A5P2G3K6,1,PF00704
A0A5P2HEK2,1,PF00704
A0A5P2UF08,1,PF00704
A0A5P2UGU7,1,PF00704
A0A5P2UID3,1,PF00704
A0A5P2UN52,1,PF00704
A0A5P2UQ10,1,PF00704
A0A5P2UTC5,1,PF00704
A0A5P2UVQ5,1,PS51910
A0A5P2UWP5,1,PF00704
A0A5P2UXF0,1,PF00704
A0A5P2W7H7,1,PF00704
A0A5P2WCU9,1,PF00704
A0A5P2X167,1,PF00704
A0A5P2X638,1,PF00704
A0A5P2X6H5,1,PF00704
A0A5P2XBL5,1,PF00704
A0A5P2XBX1,1,PF00704
A0A5P2XCT0,1,PF00704
A0A5P2XDR7,1,PF00704
A0A5P2XEM2,1,PF00704
A0A5P2XG23,1,PF00704
A0A5P2XKT2,1,PF00704
A0A5P2XLU9,1,PF00704
A0A5P3AZY3,1,PF00704
A0A5P3IL44,1,PF00704
A0A5P3XEN2,1,PF00704
A0A5P3XG83,1,PF00704
A0A5P6VNV9,1,PF00704
A0A5P8AM61,1,PS51910
A0A5P8AM84,1,PS51910
A0A5P8JZF9,1,PF00704
A0A5P8K9Y0,1,PF00704
A0A5P8KC34,1,PF00704
A0A5P8LSW2,1,PF00704
A0A5P8LSY8,1,PS51910
A0A5P8LSY9,1,PF00704
A0A5P8LTG0,1,PF00704
A0A5P8M059,1,PF00704
A0A5P8M0B4,1,PS51910
A0A5P8MVJ8,1,PF00704
A0A5P8TXM0,1,PF00704
A0A5P8TXR5,1,PF00704
A0A5P8WC21,1,PF00704
A0A5P9B6W1,1,PF00704
A0A5P9BBY2,2,PF00704
A0A5P9BBY2,2,PF06483
A0A5P9BDF4,1,PF00704
A0A5P9CNF6,2,PF00704
A0A5P9CNF6,2,PF06483
A0A5P9CR21,1,PF00704
A0A5P9CR75,1,PF00704
A0A5P9CS58,1,PF00704
A0A5P9EUG5,1,PF00704
A0A5P9F1T8,1,PF00704
A0A5P9HIY2,1,PF00704
A0A5P9J0A8,1,PF00704
A0A5P9J2I8,1,PF00704
A0A5P9JAT3,1,PF00704
A0A5P9P703,1,PF00704
A0A5P9PD00,1,PF00704
A0A5P9PI76,1,PF00704
A0A5P9PIT1,1,PF00704
A0A5P9PT14,1,PF00704
A0A5P9PTM9,1,PF00704
A0A5P9PYL3,1,PF00704
A0A5P9Q684,1,PF00704
A0A5P9Q798,1,PF00704
A0A5P9Q8J2,1,PF00704
A0A5P9Q994,1,PF00704
A0A5P9Q9H2,1,PF00704
A0A5P9QCC6,1,PS51910
A0A5P9QDF6,1,PF00704
A0A5P9WHR5,1,PF00704
A0A5P9WID8,1,PF00704
A0A5P9WJ45,1,PF00704
A0A5P9WJC0,1,PF00704
A0A5P9WJX1,1,PF00704
A0A5P9WKA3,1,PF00704
A0A5P9WQ15,1,PS51910
A0A5P9WR21,1,PF00704
A0A5P9WTT8,1,PF00704
A0A5P9WU26,1,PF00704
A0A5P9WVY8,1,PF00704
A0A5Q0BJC4,1,PF00704
A0A5Q0GT77,1,PF00704
A0A5Q0GZN1,1,PF00704
A0A5Q0GZT3,1,PF00704
A0A5Q0H0H3,1,PF00704
A0A5Q0H1E3,1,PF00704
A0A5Q0H4I5,1,PF00704
A0A5Q0H992,2,G3DSA:2.10.10.20:FF:000001
A0A5Q0H992,2,PF00704
A0A5Q0HA59,1,PS51910
A0A5Q0HAW6,1,PF00704
A0A5Q0HBN8,1,PF00704
A0A5Q0HBV2,1,PF00704
A0A5Q0JSP9,1,PF00704
A0A5Q0L8U1,1,PS51910
A0A5Q0LB08,1,PF00704
A0A5Q0LB38,1,PF00704
A0A5Q0LBX1,1,PF00704
A0A5Q0LE42,1,PF00704
A0A5Q0LH87,1,PF00704
A0A5Q0LHY0,1,PS51910
A0A5Q0LK64,1,PF00704
A0A5Q0LPR9,1,PF00704
A0A5Q0NRR6,1,PF00704
A0A5Q0QF95,1,PS51910
A0A5Q0TBW6,1,PF00704
A0A5Q0TGJ1,2,PF00704
A0A5Q0TGJ1,2,PF06483
A0A5Q0THD7,1,PF00704
A0A5Q0UJ19,1,PS51910
A0A5Q0UMG0,1,PF00704
A0A5Q0UNP1,1,PF00704
A0A5Q0UNX2,1,PF00704
A0A5Q0UNZ3,1,PF00704
A0A5Q0UQG0,1,PS51910
A0A5Q0V464,1,PF00704
A0A5Q0V467,1,PF00704
A0A5Q0V468,1,PF00704
A0A5Q0V470,1,PF00704
A0A5Q0V474,1,PF00704
A0A5Q0V4M2,1,PF00704
A0A5Q2MJJ2,1,PF00704
A0A5Q2MMX0,1,PS51910
A0A5Q2MXB7,1,PF00704
A0A5Q2N0V5,1,PF00704
A0A5Q2N4T9,1,PF00704
A0A5Q2NPP4,1,PF00704
A0A5Q2NQK5,1,PF00704
A0A5Q2NQK6,1,PF00704
A0A5Q2NR17,1,PF00704
A0A5Q2NSV4,1,PF00704
A0A5Q2NTI0,1,PF00704
A0A5Q2NU64,1,PF00704
A0A5Q2NX09,1,PF00704
A0A5Q2NXB9,1,PF00704
A0A5Q2NY06,1,PF00704
A0A5Q2TF48,1,PF00704
A0A5Q2TMX2,1,PF00704
A0A5Q2V3X9,1,PF00704
A0A5Q2VBN1,1,PF00704
A0A5Q2VD45,1,PF00704
A0A5Q2VHS1,1,PF00704
A0A5Q3QG39,1,PS51910
A0A5Q4SIJ0,1,PF00704
A0A5Q4SQV4,1,PF00704
A0A5Q4SRN4,1,PF00704
A0A5Q4SSB5,1,PF00704
A0A5Q4STG4,1,PF00704
A0A5Q4T4J3,1,PF00704
A0A5Q4TC26,1,PF00704
A0A5Q4TCD9,1,PF00704
A0A5Q4TCU8,1,PF00704
A0A5Q4TDK5,1,PF00704
A0A5Q4Z8T5,1,PF00704
A0A5Q4ZQP2,2,PF00704
A0A5Q4ZQP2,2,PF06483
A0A5Q4ZSY0,1,PF00704
A0A5Q6PJC2,1,PF00704
A0A5Q6PP09,2,PF00704
A0A5Q6PP09,2,PF06483
A0A5R1YMA2,1,PF00704
A0A5R1Z0A5,1,PF00704
A0A5R8MNV5,1,PF00704
A0A5R8MNV6,1,PS51910
A0A5R8MQH2,1,PF00704
A0A5R8MSX0,1,PF00704
A0A5R8QDH4,1,PF00704
A0A5R8YHD7,1,PF00704
A0A5R8YHD8,1,PS51910
A0A5R8YJG2,1,PF00704
A0A5R9AKU1,1,PF00704
A0A5R9E2T4,1,PF00704
A0A5R9E3Z5,1,PF00704
A0A5R9ECE6,1,PF00704
A0A5R9F2P5,2,G3DSA:3.20.20.370
A0A5R9F2P5,2,PF00704
A0A5R9F4I7,1,PF00704
A0A5R9F4K8,1,PF00704
A0A5R9F843,1,PF00704
A0A5R9FAF6,1,PF00704
A0A5R9FCK5,1,PF00704
A0A5R9FHQ1,1,PF00704
A0A5R9FMN5,1,PF00704
A0A5R9FT72,1,PS51910
A0A5R9G2X7,1,PF00704
A0A5R9G673,1,PF00704
A0A5R9GBU0,1,PF00704
A0A5R9GC46,1,PF00704
A0A5R9GCS8,1,PF00704
A0A5R9KA63,1,PF00704
A0A5R9KDL3,1,PF00704
A0A5R9KFR5,1,PF00704
A0A5R9KRL6,1,PF00704
A0A5R9KXA3,1,PF00704
A0A5R9L308,1,PF00704
A0A5R9LLC6,1,PF00704
A0A5R9LTQ0,1,PS51910
A0A5R9LX97,1,PF00704
A0A5R9M1X8,1,PF00704
A0A5R9M484,1,PF00704
A0A5R9M5W6,1,PF00704
A0A5R9M5W9,1,PF00704
A0A5R9M615,1,PS51910
A0A5R9M9G3,1,PF00704
A0A5R9MA98,1,PF00704
A0A5R9MBL1,1,PF00704
A0A5R9MEF8,1,PF00704
A0A5R9Q0I4,1,PF00704
A0A5R9Q0J2,1,PF00704
A0A5R9Q294,1,PF00704
A0A5R9Q348,1,PF00704
A0A5R9Q462,1,PF00704
A0A5S3QKP1,1,PF00704
A0A5S3QM40,1,PF00704
A0A5S3QQ75,1,PF00704
A0A5S3QRL9,1,PF00704
A0A5S3QRP5,1,PF00704
A0A5S3QWA6,1,PF00704
A0A5S3R2P7,1,PF00704
A0A5S3R8M7,1,PF00704
A0A5S3RRR5,1,PF00704
A0A5S3RRT5,1,PF00704
A0A5S3SG15,1,PF00704
A0A5S3SH71,1,PF00704
A0A5S3T8P8,1,PF00704
A0A5S3T9C6,1,PF00704
A0A5S3UFV8,1,PF00704
A0A5S3UGR4,1,PF00704
A0A5S3USE2,1,PF00704
A0A5S3USH6,1,PF00704
A0A5S3V0U4,1,PF00704
A0A5S3V351,1,PF00704
A0A5S3V378,1,PF00704
A0A5S3V3K3,1,PF00704
A0A5S3V6T3,1,PF00704
A0A5S3V9A0,1,PF00704
A0A5S3VBD0,1,PF00704
A0A5S3VC63,1,PF00704
A0A5S3VDK2,1,PF00704
A0A5S3VDQ2,1,PF00704
A0A5S3VSA9,1,PF00704
A0A5S3WFC2,1,PF00704
A0A5S3WHB0,1,PF00704
A0A5S3WL47,1,PF00704
A0A5S3WLZ9,1,PF00704
A0A5S3WM84,1,PF00704
A0A5S3WS65,1,PF00704
A0A5S3WV30,1,PF00704
A0A5S3WVJ1,1,PF00704
A0A5S3WVW6,1,PF00704
A0A5S3WW93,1,PF00704
A0A5S3WWE4,1,PF00704
A0A5S3WZ55,1,PF00704
A0A5S3X3H1,1,PF00704
A0A5S3X4N1,1,PF00704
A0A5S3X5I1,1,PF00704
A0A5S3X5P4,1,PF00704
A0A5S3XHK3,1,PF00704
A0A5S3XLS0,1,PF00704
A0A5S3XP44,1,PF00704
A0A5S3XPQ8,1,PF00704
A0A5S3XPT2,1,PF00704
A0A5S3XQT9,1,PF00704
A0A5S3XRU4,1,PF00704
A0A5S3XS72,1,PF00704
A0A5S3XU99,1,PF00704
A0A5S3Y440,1,PF00704
A0A5S3Y8I3,1,PF00704
A0A5S3YAS4,1,PF00704
A0A5S3YPW9,1,PF00704
A0A5S3YS81,1,PS51910
A0A5S3YZS1,1,PF00704
A0A5S3Z2W5,1,PF00704
A0A5S3Z2X4,1,PF00704
A0A5S3Z6G0,1,PF00704
A0A5S4EU63,2,G3DSA:3.20.20.370
A0A5S4EU63,2,PF00704
A0A5S4F3P4,1,PF00704
A0A5S4FQ85,1,PF00704
A0A5S4FQK4,1,PF00704
A0A5S4FQK7,1,PF00704
A0A5S4FRI5,1,PS51910
A0A5S4FUH2,1,PF00704
A0A5S4G042,1,PF00704
A0A5S4G143,1,PF00704
A0A5S4G1S3,1,PF00704
A0A5S4G2T6,1,PF00704
A0A5S4G3L2,1,PF00704
A0A5S4G5A8,1,PF00704
A0A5S4GLQ7,1,PF00704
A0A5S4GMG1,1,PF00704
A0A5S4H0J1,1,PF00704
A0A5S4HIV8,1,PS51910
A0A5S4HKG1,1,PF00704
A0A5S4VFT7,1,PF00704
A0A5S4ZQY1,1,PS51910
A0A5S4ZR43,1,PF00704
A0A5S5AMN8,1,PF00704
A0A5S5BQK3,1,PF00704
A0A5S5BT18,1,PF00704
A0A5S5BUX5,1,PF00704
A0A5S5BZ14,1,PF00704
A0A5S5C1S1,1,PF00704
A0A5S5C2N1,1,PF00704
A0A5S5C3F8,1,PF00704
A0A5S5C5Q6,1,PF00704
A0A5S5C6Q8,1,PF00704
A0A5S5C949,2,G3DSA:3.20.20.80
A0A5S5C949,2,PF00704
A0A5S5CB23,1,PF00704
A0A5S5CBV3,1,PF00704
A0A5S5CHG6,1,PF00704
A0A5S5DWU2,3,PF00704
A0A5S9LYB3,1,PF00704
A0A5S9NTF6,1,PF00704
A0A5S9P7P3,1,PF00704
A0A5S9PFK9,1,PS51910
A0A5S9PGM7,1,PF00704
A0A5S9PPU1,1,PF00704
A0A5S9QPZ7,1,PF00704
A0A5S9QY66,1,PF00704
A0A5S9QZJ9,1,PF00704
A0A5S9RA08,2,PF00704
A0A5S9RA08,2,SSF51445
A0A5T2N565,1,PS51910
A0A5T2QA30,1,PF00704
A0A5T2VLF1,1,PF00704
A0A5T2YLL2,1,PF00704
A0A5T3EJU1,1,PF00704
A0A5T3N1P9,1,PF00704
A0A5T3NFL1,1,PF00704
A0A5T3RLS8,1,PF00704
A0A5T5HXR2,1,PS51910
A0A5T5I6K1,1,PF00704
A0A5T5P4X5,1,PF00704
A0A5T5W8T5,1,PF00704
A0A5T5ZJG8,1,PF00704
A0A5T6CEP5,1,PF00704
A0A5T6SKM8,1,PF00704
A0A5T6U994,1,PF00704
A0A5T7KNZ8,1,PS51910
A0A5T8WQ57,1,PF00704
A0A5T8ZXB8,1,PF00704
A0A5T9GU75,1,PF00704
A0A5T9RBZ4,1,PF00704
A0A5U0P958,1,PF00704
A0A5U0WQR5,1,PF00704
A0A5U1F954,1,PF00704
A0A5U1G3Y2,1,PS51910
A0A5U1JB91,1,PF00704
A0A5U1N0G6,1,PS51910
A0A5U1Q4S3,1,PF00704
A0A5U1R1U0,1,PF00704
A0A5U2D309,1,PF00704
A0A5U2F4U2,1,PF00704
A0A5U2H9I1,1,PF00704
A0A5U2IS49,1,PF00704
A0A5U2MAY0,1,PF00704
A0A5U2NCX1,1,PF00704
A0A5U2QDR3,1,PS51910
A0A5U2QET4,1,PS51910
A0A5U2RM57,1,PF00704
A0A5U2TF41,1,PF00704
A0A5U3A941,1,PF00704
A0A5U3CVR1,1,PF00704
A0A5U3EK68,1,PF00704
A0A5U3RBZ7,1,PF00704
A0A5U3RUY6,1,PF00704
A0A5U4IDG8,1,PF00704
A0A5U4L8X0,1,PF00704
A0A5U4SPW1,1,PF00704
A0A5U4UGV3,1,PF00704
A0A5U5BNG1,1,PF00704
A0A5U5CAM2,1,PF00704
A0A5U5X4M7,1,PF00704
A0A5U6H7F6,1,PF00704
A0A5U6NI43,1,PF00704
A0A5U7LWQ6,1,PF00704
A0A5U7QJ53,1,PF00704
A0A5U8F8X4,1,PF00704
A0A5U8XVY6,1,PF00704
A0A5U9GRZ7,1,PF00704
A0A5U9JLY5,1,PF00704
A0A5U9PIV8,1,PF00704
A0A5U9R218,1,PF00704
A0A5V0BKG9,1,PF00704
A0A5V0Q4H6,1,PS51910
A0A5V0QDS1,1,PF00704
A0A5V1MHK6,1,PF00704
A0A5V1WSV0,1,PF00704
A0A5V2QK02,1,PF00704
A0A5V2QYF6,1,PF00704
A0A5V2S8P5,1,PF00704
A0A5V3CI23,1,PF00704
A0A5V3MQ67,1,PF00704
A0A5V5CVW7,1,PF00704
A0A5V5FTK0,1,PF00704
A0A5V5RT21,1,PF00704
A0A5V6Q181,1,PF00704
A0A5V7B6U8,1,PS51910
A0A5V7BXN6,1,PF00704
A0A5V8FR45,1,PF00704
A0A5V8Y3I6,1,PF00704
A0A5V9GN19,1,PF00704
A0A5W0HI87,1,PF00704
A0A5W0X3K5,1,PF00704
A0A5W1ER80,1,PF00704
A0A5W1Z5C9,1,PF00704
A0A5W2A8U8,1,PF00704
A0A5W2LMS3,1,PF00704
A0A5W3DXT3,1,PF00704
A0A5W3E439,1,PS51910
A0A5W3FFZ7,1,PF00704
A0A5W3GNN0,1,PF00704
A0A5W3RM87,1,PS51910
A0A5W4NUH4,1,PF00704
A0A5W5H003,1,PF00704
A0A5W5H5D7,1,PS51910
A0A5W5IAL4,1,PF00704
A0A5W5KNJ5,1,PF00704
A0A5W5RW49,1,PF00704
A0A5W7QEV9,1,PF00704
A0A5W7RSF1,1,PF00704
A0A5W8CCZ8,1,PF00704
A0A5W8FHL1,1,PF00704
A0A5W8GA99,1,PF00704
A0A5W8MAA4,1,PF00704
A0A5W8X4A0,1,PF00704
A0A5W9CJ53,1,PF00704
A0A5W9F9F3,1,PF00704
A0A5W9UBT3,1,PF00704
A0A5X0DDG7,1,PS51910
A0A5X0ZKE0,1,PS51910
A0A5X2USU0,1,PF00704
A0A5X3G0I7,1,PF00704
A0A5X3N8V9,1,PS51910
A0A5X3NYS0,1,PF00704
A0A5X3R5I8,1,PF00704
A0A5X4LPM8,1,PF00704
A0A5X5WQZ4,1,PS51910
A0A5X6ECU3,1,PF00704
A0A5X6EI29,1,PS51910
A0A5X7JXD2,1,PF00704
A0A5X7JYY8,1,PF00704
A0A5X7WHL5,1,PF00704
A0A5X8SV16,1,PF00704
A0A5X8YJW3,1,PF00704
A0A5X8YPP8,1,PS51910
A0A5X9FBI7,1,PF00704
A0A5Y0WWG4,1,PF00704
A0A5Y2DZP6,1,PF00704
A0A5Y2KLL2,1,PF00704
A0A5Y2LM14,1,PF00704
A0A5Y2QDD1,1,PF00704
A0A5Y2QLG3,1,PF00704
A0A5Y2S010,1,PF00704
A0A5Y2T9X4,1,PF00704
A0A5Y2YGV3,1,PF00704
A0A5Y2ZPX6,1,PS51910
A0A5Y3I013,1,PS51910
A0A5Y3L9N5,1,PF00704
A0A5Y3URD2,1,PF00704
A0A5Y3X5Q2,1,PF00704
A0A5Y3ZZY2,1,PF00704
A0A5Y4CGT7,1,PF00704
A0A5Y4CVG2,1,PF00704
A0A5Y4FMB6,1,PF00704
A0A5Y4SGD9,1,PF00704
A0A5Y4VBQ3,1,PF00704
A0A5Y6G427,1,PF00704
A0A5Y6M3Y6,1,PF00704
A0A5Y7A5I2,1,PS51910
A0A5Y7ACP4,1,PS51910
A0A5Y7AFG4,1,PF00704
A0A5Y7WIF4,1,PF00704
A0A5Y8G0M7,1,PS51910
A0A5Y8G6W8,1,PF00704
A0A5Y8LHJ7,1,PF00704
A0A5Y8MKX9,1,PF00704
A0A5Y9Q0I9,1,PF00704
A0A5Y9Y4S6,1,PF00704
A0A5Z0MHD9,1,PF00704
A0A5Z0QQQ8,1,PF00704
A0A5Z0R200,1,PF00704
A0A5Z1BAI4,1,PS51910
A0A5Z1J1K5,1,PF00704
A0A5Z2DKS4,1,PF00704
A0A5Z3CUF1,1,PS51910
A0A5Z3RS26,1,PF00704
A0A5Z4B207,1,PF00704
A0A5Z4IHJ3,1,PS51910
A0A5Z5F672,1,PF00704
A0A5Z5VLC4,1,PF00704
A0A5Z6P8V9,1,PF00704
A0A5Z7HNK9,1,PF00704
A0A5Z7MVJ1,1,PF00704
A0A5Z7XN70,1,PF00704
A0A602DNT1,1,PF00704
A0A602Z7W9,1,PF00704
A0A603BA65,1,PF00704
A0A603E024,1,PF00704
A0A603KTI6,1,PF00704
A0A603N656,1,PF00704
A0A605R092,1,PF00704
A0A608DBJ2,1,PF00704
A0A608MPV0,1,PF00704
A0A608SGD6,1,PF00704
A0A609M1B1,1,PF00704
A0A609W4J8,1,PF00704
A0A610LSQ9,1,PF00704
A0A611ENK6,1,PF00704
A0A612JRB6,1,PF00704
A0A613JZY1,1,PF00704
A0A616AIP2,1,PF00704
A0A616MGL7,1,PF00704
A0A617JG58,1,PS51910
A0A617JJ51,1,PF00704
A0A618TNU1,1,PF00704
A0A619AAH1,1,PF00704
A0A619UD54,1,PF00704
A0A620VXM8,1,PF00704
A0A620W576,1,PS51910
A0A621S5B8,1,PF00704
A0A621X728,1,PF00704
A0A622BH08,1,PF00704
A0A622KPE7,1,PF00704
A0A622M176,1,PS51910
A0A623H472,1,PF00704
A0A623IAR7,1,PF00704
A0A624B055,1,PF00704
A0A624NM44,1,PF00704
A0A624Z8U3,1,PF00704
A0A625QEA1,1,PF00704
A0A625WDB9,1,PF00704
A0A626QYF8,1,PF00704
A0A627EQ10,1,PF00704
A0A627UE43,1,PF00704
A0A628QV91,1,PF00704
A0A628T963,1,PF00704
A0A629LMZ6,1,PS51910
A0A630V2A0,1,PF00704
A0A632ERK8,1,PF00704
A0A632GEV1,1,PF00704
A0A632N0Z3,1,PF00704
A0A632V7K1,1,PF00704
A0A633DDI2,1,PF00704
A0A633I5W8,1,PF00704
A0A633Q298,1,PF00704
A0A633SY13,1,PF00704
A0A634N906,1,PF00704
A0A634U4J4,1,PF00704
A0A636CZB9,1,PF00704
A0A636J1G3,1,PF00704
A0A636KCS0,1,PF00704
A0A636M5E6,1,PF00704
A0A636NTM1,1,PS51910
A0A636NTQ3,1,PS51910
A0A636P7L8,1,PF00704
A0A636RYV5,1,PF00704
A0A636VYA9,1,PF00704
A0A637DLG3,1,PF00704
A0A639W882,1,PF00704
A0A640MQ11,1,PF00704
A0A640RZV8,1,PF00704
A0A640S706,1,PF00704
A0A640S9A3,1,PF00704
A0A640SKJ2,1,PS51910
A0A640SN83,1,PF00704
A0A640SNR3,1,PF00704
A0A640SUX6,1,PF00704
A0A640T9L6,1,PF00704
A0A640TEP7,1,PF00704
A0A640TKF8,1,PF00704
A0A640UHH2,1,PF00704
A0A640UJX2,1,PF00704
A0A641AHX4,1,PF00704
A0A642C6G1,1,PF00704
A0A642KXK1,1,PS51910
A0A642MFA2,1,PF00704
A0A643ISB6,1,PF00704
A0A643M6Z0,1,PF00704
A0A643MKM9,2,G3DSA:3.20.20.370
A0A643MKM9,2,PF00704
A0A646K9Q2,1,PF00704
A0A646KIX1,1,PF00704
A0A646KJ77,1,PF00704
A0A646KJA9,1,PF00704
A0A646KPD6,1,PF00704
A0A646KQ51,1,PF00704
A0A646KQ91,1,PF00704
A0A646KSS6,1,PF00704
A0A646KTK0,1,PF00704
A0A646SDC5,1,PF00704
A0A649U8R2,1,PF00704
A0A650AJ72,1,PF00704
A0A650D483,1,PF00704
A0A650D4D3,1,PF00704
A0A650DF34,1,PF00704
A0A651DKI0,1,PF00704
A0A651G7S5,1,PF00704
A0A651GQY0,1,PF00704
A0A652JWD5,1,PF00704
A0A652JWR3,1,PF00704
A0A652JX17,1,PF00704
A0A652JXZ5,1,PF00704
A0A652K320,1,PF00704
A0A652K899,1,PF00704
A0A652KAV6,1,PF00704
A0A652KAY4,1,PS51910
A0A652KBH2,1,PF00704
A0A652KGC8,1,PF00704
A0A652KP08,1,PF00704
A0A652KTR1,1,PF00704
A0A652KU88,1,PF00704
A0A652KXQ7,1,PF00704
A0A652KZ59,1,PF00704
A0A652L7Q6,1,PF00704
A0A652L861,1,PF00704
A0A652LCX1,1,PS51910
A0A652LD16,1,PF00704
A0A653ACK8,2,G3DSA:3.20.20.370
A0A653ACK8,2,PF00704
A0A653INU3,2,G3DSA:3.20.20.370
A0A653INU3,2,PF00704
A0A653L585,1,PF00704
A0A653L5G7,1,PF00704
A0A653L5I7,1,PF00704
A0A653LB60,1,PF00704
A0A653N547,1,PS51910
A0A653N549,1,PS51910
A0A653PN39,1,PF00704
A0A653QWN9,1,PF00704
A0A653RMQ4,1,PF00704
A0A653RMY3,1,PF00704
A0A653SAW1,1,PS51910
A0A653SLC7,1,PF00704
A0A653T0U3,1,PF00704
A0A653UDP4,1,PF00704
A0A653UXR1,2,PF00704
A0A653VFU3,1,PF00704
A0A653VNG5,1,PF00704
A0A653YHQ6,1,PF00704
A0A653YYK2,2,G3DSA:3.20.20.370
A0A653YYK2,2,PF00704
A0A653Z868,1,PF00704
A0A654ABG1,1,PS51910
A0A654D3X3,2,G3DSA:3.20.20.370
A0A654D3X3,2,PF00704
A0A654DPR1,2,G3DSA:3.20.20.370
A0A654DPR1,2,PF00704
A0A654DU61,1,PF00704
A0A654DYZ7,2,PF00704
A0A654E7J8,1,PF00704
A0A655DG41,1,PF00704
A0A655NW49,1,PF00704
A0A655V237,1,PF00704
A0A655VGD3,1,PF00704
A0A655XHL4,1,PF00704
A0A655ZCM6,2,G3DSA:2.10.10.20:FF:000001
A0A655ZCM6,2,PF00704
A0A655ZQ23,1,PF00704
A0A656D7Q3,1,PF00704
A0A656GE48,1,PF00704
A0A656HEE2,1,PF00704
A0A656HFI7,1,PF00704
A0A656HI79,1,PF00704
A0A656IEX5,1,PF00704
A0A656JLY6,1,PF00704
A0A656PLI4,1,PF00704
A0A656QA28,1,PF00704
A0A656VGV7,1,PF00704
A0A656VJT9,1,PF00704
A0A656VLW2,1,PF00704
A0A656VP00,1,PF00704
A0A656Y2L4,1,PF00704
A0A657FLE0,1,PF00704
A0A657H5U3,1,PF00704
A0A657HWE6,1,PF00704
A0A657HWJ8,1,PS51910
A0A658B2N9,1,PF00704
A0A658IPU5,1,PF00704
A0A658NR50,1,PF00704
A0A659ANC5,1,PF00704
A0A659MB60,1,PF00704
A0A659MH82,1,PF00704
A0A659NDQ6,1,PF00704
A0A659PSR6,1,PF00704
A0A659QVX5,1,PF00704
A0A659QYJ8,1,PF00704
A0A659RVG8,1,PF00704
A0A660JUK8,1,PF00704
A0A660M833,1,PF00704
A0A660NBL1,1,PF00704
A0A660QC21,1,PF00704
A0A660QZH9,1,PF00704
A0A660SKS8,1,PF00704
A0A660SRT8,1,PF00704
A0A660STC0,1,PF00704
A0A660TJJ5,1,PF00704
A0A660XS03,1,PF00704
A0A660XTT5,1,PF00704
A0A660ZH31,1,PF00704
A0A661A2I7,1,PF00704
A0A661AHL8,1,PF00704
A0A661ANQ5,1,PF00704
A0A661ARC3,1,PF00704
A0A661AVF7,1,PF00704
A0A661B4T0,1,PF00704
A0A661BCY7,1,PF00704
A0A661BJH9,1,PF00704
A0A661SNH4,1,PF00704
A0A661UUX0,1,PF00704
A0A661VNK9,1,PF00704
A0A661VX69,2,PS51910
A0A661VX69,2,SSF51445
A0A661VX88,1,PF00704
A0A661WXV2,1,PF00704
A0A661WYL2,1,PF00704
A0A661YMT5,1,PF00704
A0A661YNH1,1,PF00704
A0A661Z773,1,PF00704
A0A661Z908,1,PS51910
A0A661Z970,1,PF00704
A0A662A107,1,PF00704
A0A662AXT7,1,PF00704
A0A662AYQ0,1,PF00704
A0A662BFU5,1,PF00704
A0A662BYM3,1,PF00704
A0A662E9X6,1,PF00704
A0A662GBT5,1,PF00704
A0A662H0V3,1,PF00704
A0A662HY65,1,PF00704
A0A662I1K5,1,PF00704
A0A662IGQ3,1,PF00704
A0A662JGJ8,1,PF00704
A0A662LJ77,2,PF00704
A0A662LJ77,2,SSF51445
A0A662M992,1,PF00704
A0A662MNC5,2,PF00704
A0A662MNC5,2,SSF51445
A0A662MYP8,2,PF00704
A0A662MYP8,2,SSF51445
A0A662TR40,1,PF00704
A0A662V4E3,1,PF00704
A0A679FN14,1,PF00704
A0A679FNM8,1,PF00704
A0A679FP99,2,G3DSA:3.20.20.370
A0A679FP99,2,PF00704
A0A679FPH5,1,PF00704
A0A679HDH4,1,PF00704
A0A679HKE5,1,PF00704
A0A679HLL8,1,PF00704
A0A679HLT9,1,PF00704
A0A6A0B128,1,PF00704
A0A6A0BE63,1,PF00704
A0A6A0HL98,1,PF00704
A0A6A1K0Q5,1,PF00704
A0A6A1K4P8,1,PF00704
A0A6A1X7T4,1,PF00704
A0A6A1XPQ2,1,PS51910
A0A6A1XR42,1,PS51910
A0A6A2FUW6,1,PF00704
A0A6A2GFZ0,1,PF00704
A0A6A2RQ36,1,PF00704
A0A6A2SC27,1,PS51910
A0A6A4UBI5,1,PF00704
A0A6A7KAB3,1,PF00704
A0A6A7KCZ4,1,PF00704
A0A6A7LN18,1,PF00704
A0A6A7M5U1,2,PF00704
A0A6A7M5U1,2,SSF51445
A0A6A7MYE3,1,PF00704
A0A6A7N301,1,PF00704
A0A6A7N4K1,1,PF00704
A0A6A7N518,1,PF00704
A0A6A8D7J2,1,PF00704
A0A6A8DHH4,1,PF00704
A0A6A8LCW8,1,PF00704
A0A6A8LN89,1,PF00704
A0A6A8MNB5,1,PF00704
A0A6A8Q706,1,PF00704
A0A6A8Q7W6,1,PF00704
A0A6A9JT60,1,PF00704
A0A6A9WQK4,2,G3DSA:2.10.10.20:FF:000001
A0A6A9WQK4,2,PF00704
A0A6B0JU72,1,PF00704
A0A6B1KNW7,1,PF00704
A0A6B1KQC6,1,PF00704
A0A6B1KUU1,1,PF00704
A0A6B1PVK2,1,PF00704
A0A6B1TTF9,1,PF00704
A0A6B1YI47,1,PF00704
A0A6B2BDC7,1,PF00704
A0A6B2C9L5,1,PF00704
A0A6B2D7M4,1,PF00704
A0A6B2DAB1,1,PF00704
A0A6B2DCC6,1,PF00704
A0A6B2DG93,1,PS51910
A0A6B2DIL6,1,PS51910
A0A6B2DJ24,1,PF00704
A0A6B2DJN7,1,PF00704
A0A6B2DN01,1,PF00704
A0A6B2DSZ2,1,PF00704
A0A6B2DU15,1,PF00704
A0A6B2E0F1,1,PF00704
A0A6B2E205,1,PF00704
A0A6B2E769,1,PF00704
A0A6B2FPW7,1,PF00704
A0A6B2JC61,1,PS51910
A0A6B2JDG2,1,PF00704
A0A6B2JKU0,1,PF00704
A0A6B2RSZ0,1,PF00704
A0A6B2RTF9,1,PF00704
A0A6B2S1C8,1,PS51910
A0A6B2S401,1,PF00704
A0A6B2S4N1,1,PF00704
A0A6B2S5K0,1,PS51910
A0A6B2S7W7,1,PF00704
A0A6B2SBR0,1,PF00704
A0A6B2SDM2,1,PS51910
A0A6B2SFT1,1,PF00704
A0A6B2SRW7,1,PF00704
A0A6B2SXG8,1,PF00704
A0A6B2SYZ5,1,PF00704
A0A6B2T0N7,1,PF00704
A0A6B2T206,1,PF00704
A0A6B2T2N8,1,PF00704
A0A6B2T4B7,1,PF00704
A0A6B2T6V1,1,PF00704
A0A6B2T6V4,1,PF00704
A0A6B2T9Z5,1,PF00704
A0A6B2TIQ3,1,PF00704
A0A6B2TLY7,1,PF00704
A0A6B2TPA5,1,PF00704
A0A6B2UDX3,1,PF00704
A0A6B2UE43,1,PF00704
A0A6B2UM92,1,PF00704
A0A6B2UQQ7,1,PF00704
A0A6B2US03,1,PS51910
A0A6B2USL2,1,PS51910
A0A6B2UX91,1,PS51910
A0A6B2V779,1,PF00704
A0A6B2VB02,1,PF00704
A0A6B2VC32,1,PF00704
A0A6B2VCN8,1,PF00704
A0A6B2VDQ8,1,PF00704
A0A6B2VIQ1,1,PF00704
A0A6B2VKF1,1,PS51910
A0A6B2X190,1,PS51910
A0A6B2X592,1,PF00704
A0A6B2XB14,1,PF00704
A0A6B2XGB4,1,PF00704
A0A6B2XIZ5,1,PF00704
A0A6B2XL60,1,PS51910
A0A6B2XMA2,1,PF00704
A0A6B2YSV1,1,PF00704
A0A6B2YV65,1,PS51910
A0A6B2Z165,1,PF00704
A0A6B2Z225,1,PF00704
A0A6B2Z8P0,1,PF00704
A0A6B2Z8R0,1,PF00704
A0A6B2Z8S9,1,PF00704
A0A6B2ZBE6,1,PF00704
A0A6B2ZH46,1,PF00704
A0A6B3AFV9,1,PF00704
A0A6B3AJE2,1,PF00704
A0A6B3AR23,1,PF00704
A0A6B3AXN6,1,PF00704
A0A6B3AZV1,1,PS51910
A0A6B3B042,1,PF00704
A0A6B3B1X8,1,PF00704
A0A6B3B4Y0,1,PF00704
A0A6B3B856,1,PF00704
A0A6B3B919,1,PF00704
A0A6B3BBQ3,1,PF00704
A0A6B3BBY5,1,PF00704
A0A6B3BDX3,1,PF00704
A0A6B3BE38,1,PF00704
A0A6B3BJ24,1,PF00704
A0A6B3BLF9,1,PF00704
A0A6B3BRY8,1,PF00704
A0A6B3BSP3,1,PF00704
A0A6B3C8Z3,1,PF00704
A0A6B3CCZ3,1,PF00704
A0A6B3CDA2,1,PF00704
A0A6B3CEB8,1,PF00704
A0A6B3CEF5,1,PF00704
A0A6B3CFF8,1,PF00704
A0A6B3CJP7,1,PF00704
A0A6B3CT77,1,PF00704
A0A6B3CU48,1,PF00704
A0A6B3D1C3,1,PF00704
A0A6B3D2T8,1,PF00704
A0A6B3D3U2,1,PF00704
A0A6B3D594,1,PF00704
A0A6B3DTR0,1,PF00704
A0A6B3DUB1,1,PF00704
A0A6B3DUT4,1,PS51910
A0A6B3DZ78,1,PF00704
A0A6B3E0U1,1,PF00704
A0A6B3E0X0,1,PF00704
A0A6B3E9T1,1,PF00704
A0A6B3EAC5,1,PS51910
A0A6B3EEN9,1,PS51910
A0A6B3EHB3,1,PF00704
A0A6B3EHW3,1,PF00704
A0A6B3EI14,1,PF00704
A0A6B3EI93,1,PS51910
A0A6B3EJV4,1,PF00704
A0A6B3EL53,1,PF00704
A0A6B3ESV8,1,PF00704
A0A6B3ET81,1,PS51910
A0A6B3EUW8,1,PF00704
A0A6B3EV92,1,PS51910
A0A6B3F220,1,PF00704
A0A6B3F7P0,1,PS51910
A0A6B3FAH2,1,PF00704
A0A6B3FCA8,1,PF00704
A0A6B3FFP9,1,PF00704
A0A6B3FH06,1,PF00704
A0A6B3FN26,1,PF00704
A0A6B3FUN4,1,PF00704
A0A6B3FZN2,1,PF00704
A0A6B3G260,1,PF00704
A0A6B3G5C2,1,PF00704
A0A6B3G6G5,1,PS51910
A0A6B3G909,1,PS51910
A0A6B3GBJ4,1,PS51910
A0A6B3GDL0,1,PF00704
A0A6B3GEV2,1,PF00704
A0A6B3GIJ9,1,PF00704
A0A6B3GKF1,1,PF00704
A0A6B3GME3,1,PF00704
A0A6B3GPL3,1,PF00704
A0A6B3GRT5,1,PF00704
A0A6B3GRV8,1,PF00704
A0A6B3GTA0,1,PF00704
A0A6B3GV84,1,PS51910
A0A6B3GY26,1,PF00704
A0A6B3H4T8,1,PF00704
A0A6B3H5M0,1,PF00704
A0A6B3HAR2,1,PF00704
A0A6B3HAU1,1,PF00704
A0A6B3HCV4,1,PS51910
A0A6B3HDG1,1,PF00704
A0A6B3HH91,1,PF00704
A0A6B3HIF5,1,PF00704
A0A6B3HKG9,1,PF00704
A0A6B3HNE6,1,PF00704
A0A6B3HNS3,1,PF00704
A0A6B3HT57,1,PS51910
A0A6B3HWB5,1,PF00704
A0A6B3I1B6,1,PF00704
A0A6B3I1G6,1,PF00704
A0A6B3I8S3,1,PF00704
A0A6B3IE93,1,PS51910
A0A6B3IEF1,1,PF00704
A0A6B3IL46,1,PF00704
A0A6B3KDK6,1,PF00704
A0A6B3KRF0,1,PS51910
A0A6B3L634,1,PF00704
A0A6B3LAK6,2,PF00704
A0A6B3LAK6,2,PF06483
A0A6B3LCD0,2,G3DSA:2.60.40.10:FF:002602
A0A6B3LCD0,2,PF00704
A0A6B3LD42,1,PF00704
A0A6B3LIE6,1,PF00704
A0A6B3QET6,1,PS51910
A0A6B3QGA2,1,PF00704
A0A6B3QI38,1,PF00704
A0A6B3QIX7,1,PF00704
A0A6B3QJ39,1,PF00704
A0A6B3QNF5,1,PF00704
A0A6B3QT07,1,PF00704
A0A6B3QTN5,1,PF00704
A0A6B3QUB4,1,PF00704
A0A6B3QZ24,2,G3DSA:2.10.10.20:FF:000001
A0A6B3QZ24,2,PF00704
A0A6B3R4S7,1,PF00704
A0A6B3RWM5,1,PF00704
A0A6B3SKY8,1,PF00704
A0A6B3TV55,1,PF00704
A0A6B3TW54,1,PF00704
A0A6B3UU21,1,PF00704
A0A6B3VPT4,1,PF00704
A0A6B3VXP9,1,PF00704
A0A6B3VZ71,1,PF00704
A0A6B3ZYH8,1,PF00704
A0A6B4CYN0,1,PS51910
A0A6B4FZF7,1,PF00704
A0A6B4FZZ9,1,PF00704
A0A6B4G466,1,PF00704
A0A6B4GYV2,1,PF00704
A0A6B4JTY4,1,PS51910
A0A6B4JU44,1,PF00704
A0A6B4U8I5,1,PF00704
A0A6B4ZG00,1,PF00704
A0A6B8HBS4,1,PF00704
A0A6B8J7W2,1,PF00704
A0A6B8JIB5,1,PF00704
A0A6B8MUI8,1,PF00704
A0A6B8MVW8,1,PF00704
A0A6B8RDK4,1,PF00704
A0A6B8RER0,1,PF00704
A0A6B8RFI5,1,PF00704
A0A6B8RFT8,1,PF00704
A0A6B8RN11,1,PF00704
A0A6B8RSC9,1,PF00704
A0A6B9G636,1,PF00704
A0A6B9G723,1,PF00704
A0A6B9G9G1,1,PF00704
A0A6B9J875,1,PF00704
A0A6B9XKB6,1,PS51910
A0A6B9XKC8,1,PF00704
A0A6B9XKT5,1,PF00704
A0A6B9XKW1,1,PF00704
A0A6B9YGG6,1,PF00704
A0A6B9YHH6,1,PF00704
A0A6B9YMD6,2,G3DSA:3.20.20.370
A0A6B9YMD6,2,PF00704
A0A6B9YSN1,1,PF00704
A0A6B9YW03,1,PF00704
A0A6B9YXE0,1,PF00704
A0A6B9Z0F1,2,G3DSA:3.20.20.370
A0A6B9Z0F1,2,PF00704
A0A6B9ZCL9,1,PF00704
A0A6B9ZKN8,2,PF00704
A0A6B9ZQ77,1,PF00704
A0A6C0FRX0,1,PF00704
A0A6C0FSS8,1,PF00704
A0A6C0FWC3,1,PF00704
A0A6C0G0P1,1,PF00704
A0A6C0G748,1,PF00704
A0A6C0G7E8,1,PF00704
A0A6C0G8A2,1,PF00704
A0A6C0GE21,1,PF00704
A0A6C0GRE9,1,PF00704
A0A6C0GUQ8,1,PF00704
A0A6C0P0B3,1,PF00704
A0A6C0P267,1,PF00704
A0A6C0P3N8,1,PF00704
A0A6C0P7B4,1,PF00704
A0A6C0P8B2,1,PF00704
A0A6C0P8S6,1,PF00704
A0A6C0PW83,1,PS51910
A0A6C0PY92,1,PF00704
A0A6C0Q7H2,1,PF00704
A0A6C0Q872,1,PF00704
A0A6C0Q8D5,1,PF00704
A0A6C0Q9K1,1,PF00704
A0A6C0QCF2,1,PF00704
A0A6C0QCZ6,1,PF00704
A0A6C0QM67,1,PF00704
A0A6C0QNS3,1,PF00704
A0A6C0QWK3,1,PF00704
A0A6C0QX38,1,PF00704
A0A6C0QXD3,1,PF00704
A0A6C0REU4,1,PF00704
A0A6C0UFT4,1,PF00704
A0A6C0UJ36,1,PF00704
A0A6C1BXA8,1,PF00704
A0A6C1KAT3,1,PS51910
A0A6C1KNV5,1,PF00704
A0A6C1PQL1,1,PF00704
A0A6C1QK78,1,PF00704
A0A6C2TVG8,1,PF00704
A0A6C2UKN5,1,PF00704
A0A6C2UL15,1,PF00704
A0A6C6YX89,1,PF00704
A0A6C6ZPK4,1,PF00704
A0A6C6ZUM1,1,PF00704
A0A6C7AIL0,1,PF00704
A0A6C7C9E8,1,PF00704
A0A6C7DH45,1,PF00704
A0A6C7E140,1,PF00704
A0A6C7HLM2,1,PF00704
A0A6C7I6D3,1,PF00704
A0A6C8F6X9,1,PF00704
A0A6C8G8Y0,1,PS51910
A0A6C8GCE6,1,PF00704
A0A6C8GSV8,1,PF00704
A0A6C8H231,1,PS51910
A0A6C8HAH8,1,PF00704
A0A6C8LVC0,1,PF00704
A0A6D0CEU3,1,PF00704
A0A6D0G0P9,1,PF00704
A0A6D0I7V2,1,PF00704
A0A6D0V4H8,1,PF00704
A0A6D1JIA4,1,PF00704
A0A6D2G8V8,1,PF00704
A0A6D2GD32,1,PF00704
A0A6D2GD35,1,PF00704
A0A6F8TLY9,1,PF00704
A0A6F8TPT0,1,PF00704
A0A6F8XQG3,1,PF00704
A0A6F8XU75,1,PF00704
A0A6F8XUK5,1,PF00704
A0A6F8XYJ6,1,PF00704
A0A6F8Y033,1,PF00704
A0A6F8Y6L2,1,PS51910
A0A6F8Y6M4,1,PF00704
A0A6F8Y6W7,1,PF00704
A0A6F8YD41,1,PF00704
A0A6F8YLX8,1,PS51910
A0A6F8YM13,1,PF00704
A0A6F8YMG3,1,PF00704
A0A6F8YWG7,1,PF00704
A0A6F8YYN5,1,PF00704
A0A6F8YZN2,1,PF00704
A0A6F8ZFP5,1,PF00704
A0A6F8ZGN5,1,PF00704
A0A6F8ZI80,1,PF00704
A0A6F8ZJN0,1,PF00704
A0A6F8ZK81,1,PF00704
A0A6F9EEH1,1,PF00704
A0A6F9EH91,1,PF00704
A0A6G0F4X4,1,PF00704
A0A6G0F7R6,1,PF00704
A0A6G0F8J1,1,PS51910
A0A6G0FD78,1,PF00704
A0A6G0FDZ9,1,PF00704
A0A6G0FEP9,1,PF00704
A0A6G0FGS2,1,PS51910
A0A6G0FJK2,1,PS51910
A0A6G1X2G5,1,PF00704
A0A6G1X676,1,PF00704
A0A6G1X9A6,1,PF00704
A0A6G1XAJ9,1,PF00704
A0A6G2BA45,1,PF00704
A0A6G2BER9,1,PF00704
A0A6G2BFI3,1,PF00704
A0A6G2I5N7,1,PS51910
A0A6G2I9M1,1,PF00704
A0A6G2IAW9,1,PF00704
A0A6G2IBV0,1,PS51910
A0A6G2IDB3,1,PF00704
A0A6G2IGI9,1,PF00704
A0A6G2IJ36,1,PF00704
A0A6G2IJJ9,1,PF00704
A0A6G2PSW9,1,PF00704
A0A6G2PVW9,1,PF00704
A0A6G2PX71,1,PF00704
A0A6G2PZQ7,1,PF00704
A0A6G2Q313,1,PS51910
A0A6G2Q6Z6,1,PS51910
A0A6G2Q9L6,1,PF00704
A0A6G2QA98,1,PF00704
A0A6G2QAV0,1,PS51910
A0A6G2QHA4,1,PF00704
A0A6G2QIU9,1,PS51910
A0A6G2QL88,1,PF00704
A0A6G2QNC6,1,PF00704
A0A6G2QSM9,1,PF00704
A0A6G2QYZ7,1,PF00704
A0A6G2RMQ5,1,PF00704
A0A6G2RQY0,1,PF00704
A0A6G2RX84,1,PS51910
A0A6G2S135,1,PF00704
A0A6G2S5C2,1,PF00704
A0A6G2S8E8,1,PF00704
A0A6G2TTF4,1,PF00704
A0A6G2U1F4,1,PF00704
A0A6G2U4B3,1,PF00704
A0A6G2U6D5,1,PF00704
A0A6G2U8U9,1,PF00704
A0A6G2U9K2,1,PF00704
A0A6G2U9K4,1,PF00704
A0A6G2UX24,1,PF00704
A0A6G2UYD9,1,PF00704
A0A6G2UZF0,1,PF00704
A0A6G2V1Q2,1,PF00704
A0A6G2V2V2,1,PF00704
A0A6G2V4B4,1,PF00704
A0A6G2V6H8,1,PF00704
A0A6G2V6Y5,1,PS51910
A0A6G2V7T8,1,PS51910
A0A6G2V7Y2,1,PF00704
A0A6G2V9J4,1,PF00704
A0A6G2VBP4,1,PF00704
A0A6G2VCE2,1,PF00704
A0A6G2VCV2,1,PF00704
A0A6G2VF02,1,PF00704
A0A6G2VF52,1,PF00704
A0A6G2VJU5,1,PF00704
A0A6G2VMX1,1,PF00704
A0A6G2VPB8,1,PF00704
A0A6G2VR35,1,PF00704
A0A6G2VRC4,1,PS51910
A0A6G2VTF6,1,PF00704
A0A6G2VUM0,1,PF00704
A0A6G2VXE7,1,PS51910
A0A6G2VYP2,1,PS51910
A0A6G2W0X0,1,PF00704
A0A6G2W2Z6,1,PF00704
A0A6G2XD40,1,PF00704
A0A6G2XD85,1,PS51910
A0A6G2XHH9,1,PS51910
A0A6G2XI70,1,PF00704
A0A6G2XJU5,1,PF00704
A0A6G2XL22,1,PF00704
A0A6G2XME9,1,PF00704
A0A6G2XNQ8,1,PF00704
A0A6G3B8W5,1,PF00704
A0A6G3B995,1,PF00704
A0A6G3BA91,1,PF00704
A0A6G3BBF1,1,PF00704
A0A6G3BFP8,1,PF00704
A0A6G3BG92,1,PF00704
A0A6G3BI10,1,PS51910
A0A6G3BL67,1,PF00704
A0A6G3BL74,1,PF00704
A0A6G3BMU0,1,PS51910
A0A6G3C9D1,1,PF00704
A0A6G3CAU7,1,PF00704
A0A6G3CC83,1,PF00704
A0A6G3CG85,1,PF00704
A0A6G3CJ48,1,PF00704
A0A6G3CJJ0,1,PF00704
A0A6G3CL32,1,PF00704
A0A6G3CNA6,1,PF00704
A0A6G3CP17,1,PF00704
A0A6G3CSL7,1,PF00704
A0A6G3CSZ1,1,PF00704
A0A6G3CTF5,1,PF00704
A0A6G3CU32,1,PF00704
A0A6G3CU49,1,PF00704
A0A6G3CZM3,1,PF00704
A0A6G3CZQ2,1,PF00704
A0A6G3D1N0,1,PS51910
A0A6G3D359,2,G3DSA:2.10.10.20:FF:000001
A0A6G3D359,2,PF00704
A0A6G3D3A7,1,PF00704
A0A6G3D444,1,PS51910
A0A6G3D5P6,1,PF00704
A0A6G3D8I6,2,G3DSA:2.10.10.20:FF:000001
A0A6G3D8I6,2,PF00704
A0A6G3D9F1,1,PF00704
A0A6G3DCN3,1,PF00704
A0A6G3DDI6,1,PF00704
A0A6G3DE12,1,PF00704
A0A6G3DEC4,1,PF00704
A0A6G3DGI9,1,PF00704
A0A6G3DJA0,1,PF00704
A0A6G3PE67,1,PF00704
A0A6G3PEW0,1,PF00704
A0A6G3PQ01,1,PF00704
A0A6G3PQ38,1,PF00704
A0A6G3PRU9,1,PF00704
A0A6G3PU28,1,PF00704
A0A6G3PXH8,1,PF00704
A0A6G3Q4U2,1,PF00704
A0A6G3Q7C0,1,PF00704
A0A6G3QMT2,1,PF00704
A0A6G3QQD0,1,PF00704
A0A6G3QQI2,1,PF00704
A0A6G3QT23,1,PF00704
A0A6G3QUW9,1,PF00704
A0A6G3RBW8,1,PF00704
A0A6G3RE30,1,PF00704
A0A6G3RE90,1,PF00704
A0A6G3RFN6,1,PF00704
A0A6G3RI42,1,PF00704
A0A6G3RI99,1,PF00704
A0A6G3RIX6,1,PF00704
A0A6G3RK56,1,PS51910
A0A6G3RSS9,1,PF00704
A0A6G3RU09,1,PF00704
A0A6G3RVG7,1,PF00704
A0A6G3RWV3,1,PS51910
A0A6G3RZR5,1,PF00704
A0A6G3S2T7,1,PF00704
A0A6G3S580,1,PF00704
A0A6G3S711,1,PS51910
A0A6G3S932,1,PF00704
A0A6G3SAK0,1,PS51910
A0A6G3SCI6,1,PF00704
A0A6G3SDN3,1,PF00704
A0A6G3SLA3,1,PF00704
A0A6G3SM31,1,PF00704
A0A6G3SQA0,1,PF00704
A0A6G3SRA1,1,PF00704
A0A6G3SY37,1,PF00704
A0A6G3T0I6,1,PF00704
A0A6G3T4G3,1,PF00704
A0A6G3T8I7,1,PF00704
A0A6G3TAQ9,1,PF00704
A0A6G3TBW4,1,PF00704
A0A6G3TD42,2,G3DSA:2.10.10.20:FF:000001
A0A6G3TD42,2,PF00704
A0A6G3TDJ7,1,PF00704
A0A6G3TF20,1,PF00704
A0A6G3TH76,1,PS51910
A0A6G3TQQ8,1,PF00704
A0A6G3TT18,1,PF00704
A0A6G3TT94,1,PF00704
A0A6G3TUA0,1,PF00704
A0A6G3TX05,1,PF00704
A0A6G3TX21,1,PF00704
A0A6G3TZB8,1,PF00704
A0A6G3U428,1,PF00704
A0A6G3UA01,1,PS51910
A0A6G3UDD4,1,PF00704
A0A6G3UDK9,1,PF00704
A0A6G3UES2,1,PS51910
A0A6G3UH10,1,PF00704
A0A6G3UH18,1,PF00704
A0A6G3UI51,1,PF00704
A0A6G3UIA7,1,PF00704
A0A6G3UJC2,1,PF00704
A0A6G3UKV3,1,PF00704
A0A6G3ULP9,1,PF00704
A0A6G3UR88,1,PF00704
A0A6G3UVC8,1,PF00704
A0A6G3WPW5,1,PS51910
A0A6G3WSM3,1,PS51910
A0A6G3X2K8,1,PF00704
A0A6G3X3P2,1,PS51910
A0A6G3X5C6,1,PS51910
A0A6G3XBS3,1,PF00704
A0A6G3XEV9,1,PS51910
A0A6G3XIT2,1,PS51910
A0A6G3XT55,1,PF00704
A0A6G3XXY6,1,PF00704
A0A6G3Y0D2,1,PF00704
A0A6G3ZS62,1,PF00704
A0A6G3ZSZ3,1,PF00704
A0A6G3ZU85,1,PF00704
A0A6G3ZWD7,1,PF00704
A0A6G3ZWE4,1,PF00704
A0A6G3ZWJ5,1,PF00704
A0A6G3ZXI1,1,PF00704
A0A6G3ZYF9,1,PF00704
A0A6G3ZZ40,1,PF00704
A0A6G4A0K5,1,PF00704
A0A6G4A192,1,PF00704
A0A6G4A1J0,1,PF00704
A0A6G4A2B0,1,PF00704
A0A6G4A4B8,1,PF00704
A0A6G4A4C5,1,PF00704
A0A6G4A6C4,1,PF00704
A0A6G4A8U6,1,PS51910
A0A6G4A8V8,1,PS51910
A0A6G4A9W9,1,PF00704
A0A6G4ABA1,1,PF00704
A0A6G4ACD0,1,PF00704
A0A6G4AGF4,1,PF00704
A0A6G4AIJ3,1,PF00704
A0A6G4AR73,1,PS51910
A0A6G4CMV1,1,PS51910
A0A6G4EBP4,1,PF00704
A0A6G4ECL3,1,PF00704
A0A6G4ECU4,1,PS51910
A0A6G4EID6,1,PF00704
A0A6G4EJ77,1,PF00704
A0A6G4H184,1,PF00704
A0A6G4HQT1,1,PF00704
A0A6G4HR75,1,PF00704
A0A6G4HSV1,1,PF00704
A0A6G4MI42,1,PF00704
A0A6G4MIZ8,1,PF00704
A0A6G4QUL9,1,PS51910
A0A6G4R5E3,2,G3DSA:3.20.20.370
A0A6G4R5E3,2,PF00704
A0A6G4U489,1,PF00704
A0A6G4U4H6,1,PF00704
A0A6G4V2E9,1,PF00704
A0A6G4VEX2,1,PF00704
A0A6G4VL97,1,PS51910
A0A6G4WQ63,1,PF00704
A0A6G4WRM6,1,PF00704
A0A6G4WWJ0,1,PF00704
A0A6G4WZG0,1,PF00704
A0A6G4X7D8,1,PF00704
A0A6G4X9P4,1,PF00704
A0A6G4X9V8,1,PF00704
A0A6G4XA05,1,PF00704
A0A6G4XAU8,1,PF00704
A0A6G4XGB9,1,PF00704
A0A6G4XMH8,1,PF00704
A0A6G4XUW1,1,PS51910
A0A6G4ZTD5,1,PF00704
A0A6G5RAB2,1,PF00704
A0A6G5RIT8,1,PF00704
A0A6G5RJF7,1,PF00704
A0A6G6CZV9,1,PF00704
A0A6G6FTE5,1,PS51910
A0A6G6FTF9,1,PS51910
A0A6G6FTH0,1,PS51910
A0A6G6FTH4,1,PS51910
A0A6G6FTH6,1,PS51910
A0A6G6FTI5,1,PS51910
A0A6G6FTI7,1,PF00704
A0A6G6FTJ2,1,PS51910
A0A6G6FTK4,1,PS51910
A0A6G6FTL8,1,PS51910
A0A6G6FTM7,1,PS51910
A0A6G6FTN6,1,PF00704
A0A6G6FTN7,1,PS51910
A0A6G6FTN8,1,PS51910
A0A6G6FTP9,1,PF00704
A0A6G6FTY0,1,PF00704
A0A6G6FVP5,1,PS51910
A0A6G6FVQ5,1,PF00704
A0A6G6WCF5,1,PF00704
A0A6G7A2H9,1,PF00704
A0A6G7AB34,1,PF00704
A0A6G7C1Q0,1,PF00704
A0A6G7LSJ0,1,PF00704
A0A6G7P328,2,G3DSA:2.10.10.20:FF:000001
A0A6G7P328,2,PF00704
A0A6G7P363,1,PF00704
A0A6G7P6I6,1,PS51910
A0A6G7PBX3,1,PF00704
A0A6G7PCP1,1,PF00704
A0A6G7PHR2,1,PF00704
A0A6G7SQJ5,1,PF00704
A0A6G7SQM9,1,PF00704
A0A6G7T7A4,1,PF00704
A0A6G7XAL9,1,PF00704
A0A6G7Z131,1,PF00704
A0A6G7Z2H5,1,PF00704
A0A6G7Z309,1,PF00704
A0A6G7Z6E0,1,PF00704
A0A6G8AL95,1,PF00704
A0A6G8D640,1,PF00704
A0A6G8D789,1,PF00704
A0A6G8D9J6,1,PF00704
A0A6G8D9N8,1,PF00704
A0A6G8D9Q5,1,PF00704
A0A6G8DJ16,1,PF00704
A0A6G8IYN9,1,PF00704
A0A6G9AJH4,1,PS51910
A0A6G9ALE5,1,PF00704
A0A6G9FEM9,1,PF00704
A0A6G9FFD5,1,PF00704
A0A6G9FI24,1,PF00704
A0A6G9FJK1,1,PS51910
A0A6G9FJM3,1,PF00704
A0A6G9FMR9,1,PF00704
A0A6G9FQP5,1,PF00704
A0A6G9GVU8,1,PF00704
A0A6G9GW73,1,PS51910
A0A6G9GXH6,1,PF00704
A0A6G9GXU6,1,PF00704
A0A6G9H2L2,1,PS51910
A0A6G9H6G4,1,PF00704
A0A6G9H7I8,1,PF00704
A0A6G9H9C6,1,PF00704
A0A6G9H9Y7,1,PS51910
A0A6G9J251,1,PF00704
A0A6G9J608,1,PF00704
A0A6G9KLE5,1,PF00704
A0A6G9KLF0,1,PF00704
A0A6G9KLF8,1,PF00704
A0A6G9KLH1,1,PF00704
A0A6G9KLH3,1,PF00704
A0A6G9KLH6,1,PF00704
A0A6G9KLI3,1,PF00704
A0A6G9KLI6,1,PF00704
A0A6G9KLI9,1,PF00704
A0A6G9KLJ1,1,PS51910
A0A6G9KLJ2,1,PF00704
A0A6G9KLJ3,1,PF00704
A0A6G9KLK2,1,PF00704
A0A6G9KLK3,1,PF00704
A0A6G9KLK5,1,PF00704
A0A6G9KLL0,1,PF00704
A0A6G9KLL2,1,PF00704
A0A6G9KLL4,1,PF00704
A0A6G9KLL5,1,PF00704
A0A6G9KLM5,1,PF00704
A0A6G9KLM8,1,PF00704
A0A6G9KLN3,1,PF00704
A0A6G9KLN4,1,PF00704
A0A6G9KLN6,1,PF00704
A0A6G9KLN8,1,PF00704
A0A6G9KLP7,1,PF00704
A0A6G9KLP9,1,PF00704
A0A6G9KLQ3,1,PF00704
A0A6G9KLQ7,1,PF00704
A0A6G9KLR1,1,PF00704
A0A6G9KLR9,1,PF00704
A0A6G9KLW9,1,PF00704
A0A6G9KLX0,1,PF00704
A0A6G9KLX2,1,PF00704
A0A6G9KLY9,1,PF00704
A0A6G9KLZ0,1,PF00704
A0A6G9KLZ1,1,PF00704
A0A6G9KLZ7,1,PF00704
A0A6G9KM03,1,PF00704
A0A6G9KM12,1,PF00704
A0A6G9KM14,1,PF00704
A0A6G9KM18,1,PF00704
A0A6G9KM22,1,PF00704
A0A6G9KM30,1,PF00704
A0A6G9KM35,1,PF00704
A0A6G9KM40,1,PF00704
A0A6G9KM41,1,PF00704
A0A6G9KM43,1,PF00704
A0A6G9KM49,1,PF00704
A0A6G9KM52,1,PF00704
A0A6G9KM65,1,PF00704
A0A6G9KM80,1,PF00704
A0A6G9KMU7,1,PF00704
A0A6G9KMW7,1,PF00704
A0A6G9KMW8,1,PF00704
A0A6G9KMX8,1,PF00704
A0A6G9KN07,1,PF00704
A0A6G9KN18,1,PF00704
A0A6G9KN29,1,PF00704
A0A6G9KN30,1,PF00704
A0A6G9KN43,1,PF00704
A0A6G9KN54,1,PF00704
A0A6G9KNC9,1,PF00704
A0A6G9KNE1,1,PF00704
A0A6G9KNG0,1,PF00704
A0A6G9KNG1,1,PF00704
A0A6G9KNH2,1,PF00704
A0A6G9KNH4,1,PF00704
A0A6G9KNI4,1,PF00704
A0A6G9KNJ3,1,PF00704
A0A6G9KNJ6,1,PF00704
A0A6G9KNK7,1,PF00704
A0A6G9KNM1,1,PF00704
A0A6G9KNR4,1,PF00704
A0A6G9KNS6,1,PF00704
A0A6G9KNT7,1,PF00704
A0A6G9KNU7,1,PF00704
A0A6G9KNV7,1,PF00704
A0A6G9KNW2,1,PF00704
A0A6G9KNY4,1,PF00704
A0A6G9KP07,1,PF00704
A0A6G9KP40,1,PF00704
A0A6G9KP44,1,PF00704
A0A6G9KP54,1,PF00704
A0A6G9KP73,1,PF00704
A0A6G9KP92,1,PF00704
A0A6G9KP97,1,PF00704
A0A6G9KPA7,1,PF00704
A0A6G9KPC9,1,PF00704
A0A6G9KPD5,1,PF00704
A0A6G9KPD9,1,PF00704
A0A6G9KPF4,1,PF00704
A0A6G9KPG4,1,PF00704
A0A6G9KPK9,1,PF00704
A0A6G9KPL6,1,PF00704
A0A6G9KPM1,1,PF00704
A0A6G9KPN6,1,PF00704
A0A6G9KPP9,1,PF00704
A0A6G9KPT3,1,PF00704
A0A6G9QK31,1,PF00704
A0A6G9RLS8,1,PF00704
A0A6G9RNB2,1,PF00704
A0A6G9RSL9,1,PF00704
A0A6G9XTD7,1,PF00704
A0A6G9XW23,1,PF00704
A0A6G9YBU0,1,PF00704
A0A6G9YE98,1,PF00704
A0A6G9Z133,1,PS51910
A0A6G9Z6P6,1,PF00704
A0A6G9Z974,1,PF00704
A0A6H0CE50,1,PF00704
A0A6H0CFV7,1,PF00704
A0A6H0CHN9,1,PF00704
A0A6H0CMJ2,1,PS51910
A0A6H0CNX5,1,PF00704
A0A6H0CRZ4,1,PF00704
A0A6H0CT27,1,PF00704
A0A6H0CTB5,1,PF00704
A0A6H0D1P0,1,PF00704
A0A6H0KIU0,1,PF00704
A0A6H0KL62,1,PF00704
A0A6H0KN04,1,PF00704
A0A6H0KPV3,1,PF00704
A0A6H0KUP9,1,PF00704
A0A6H0KVH8,1,PF00704
A0A6H0KWS6,1,PF00704
A0A6H0TFF6,1,PF00704
A0A6H0TI77,1,PF00704
A0A6H0TMZ0,1,PF00704
A0A6H0TSH3,2,G3DSA:3.20.20.370
A0A6H0TSH3,2,PF00704
A0A6H0WCZ6,1,PF00704
A0A6H0WED3,1,PF00704
A0A6H0WMT7,1,PF00704
A0A6H1FUS0,1,PF00704
A0A6H1JYC8,1,PF00704
A0A6H1K660,1,PF00704
A0A6H1K6U0,1,PS51910
A0A6H1K9A0,1,PF00704
A0A6H1KCL3,1,PS51910
A0A6H1KE65,1,PS51910
A0A6H1KJ26,1,PF00704
A0A6H1KJZ3,1,PF00704
A0A6H1KKP0,1,PF00704
A0A6H1KLC0,1,PS51910
A0A6H1KMJ5,1,PF00704
A0A6H1KVZ0,1,PS51910
A0A6H1KZ90,1,PF00704
A0A6H1KZG7,1,PF00704
A0A6H1L175,1,PF00704
A0A6H1L238,1,PF00704
A0A6H1L313,1,PF00704
A0A6H1L497,1,PS51910
A0A6H1L660,1,PF00704
A0A6H1L872,1,PS51910
A0A6H1L975,1,PF00704
A0A6H1LDZ4,1,PS51910
A0A6H1LR75,3,PS51910
A0A6H1LR75,3,SSF51445
A0A6H1MVF3,1,PF00704
A0A6H1MW82,1,PF00704
A0A6H1N6Z1,1,PF00704
A0A6H1N7F2,1,PS51910
A0A6H1N8T3,1,PS51910
A0A6H1NBI4,1,PF00704
A0A6H1NCD8,1,PF00704
A0A6H1ND41,1,PF00704
A0A6H1NNA6,3,PS51910
A0A6H1NNA6,3,SSF51445
A0A6H1NNB1,1,PS51910
A0A6H1NND9,1,PS51910
A0A6H1NVX9,1,PF00704
A0A6H1NXE1,1,PF00704
A0A6H1P658,1,PF00704
A0A6H1P6L5,1,PF00704
A0A6H1P852,1,PF00704
A0A6H1PB00,2,G3DSA:3.20.20.370
A0A6H1PB00,2,PF00704
A0A6H1PBM7,1,PF00704
A0A6H1R5K8,1,PF00704
A0A6H1R9X7,1,PF00704
A0A6H1RH49,1,PF00704
A0A6H1RIR1,1,PF00704
A0A6H1WYE0,1,PF00704
A0A6H1X0A3,1,PF00704
A0A6H2GTK2,1,PF00704
A0A6H2GV37,1,PF00704
A0A6H2GW74,1,PF00704
A0A6H2GX20,1,PF00704
A0A6H2GY43,1,PF00704
A0A6H2GZ49,1,PF00704
A0A6H2H193,1,PF00704
A0A6H2H1D1,1,PF00704
A0A6H2H2I1,1,PF00704
A0A6H2H3M1,1,PF00704
A0A6H3NKQ9,1,PF00704
A0A6H9HVT1,1,PF00704
A0A6H9I3X1,1,PF00704
A0A6H9IDY1,1,PF00704
A0A6H9ILL6,2,G3DSA:3.20.20.370
A0A6H9ILL6,2,PF00704
A0A6H9KVR0,1,PF00704
A0A6H9QE76,1,PF00704
A0A6H9UQ87,1,PF00704
A0A6H9UR24,1,PF00704
A0A6H9UTW3,1,PF00704
A0A6H9UUR6,1,PS51910
A0A6H9UW25,1,PF00704
A0A6H9UX17,1,PS51910
A0A6H9V374,1,PF00704
A0A6H9V5W1,1,PF00704
A0A6H9Y696,1,PF00704
A0A6H9YI85,1,PF00704
A0A6I0BFR8,1,PF00704
A0A6I0BLQ9,1,PF00704
A0A6I0BWN0,1,PF00704
A0A6I0F0X9,1,PF00704
A0A6I0F434,1,PF00704
A0A6I0IWE2,1,PF00704
A0A6I0JF42,1,PS51910
A0A6I0JRQ7,1,PF00704
A0A6I0K0G9,1,PF00704
A0A6I0LFF9,1,PF00704
A0A6I0MFN6,1,PF00704
A0A6I0SEM9,1,PF00704
A0A6I0WI47,1,PF00704
A0A6I0X5Q4,1,PF00704
A0A6I1DR82,1,PS51910
A0A6I1DWR2,1,PF00704
A0A6I1ES69,1,PF00704
A0A6I1F1W7,1,PF00704
A0A6I1F6H2,1,PF00704
A0A6I1FD96,1,PF00704
A0A6I1FG89,1,PF00704
A0A6I1FMZ9,1,PF00704
A0A6I1H288,1,PF00704
A0A6I1H8D4,1,PF00704
A0A6I1HEL6,1,PF00704
A0A6I1HEZ3,1,PF00704
A0A6I1HLL8,1,PF00704
A0A6I1HRU9,1,PF00704
A0A6I1HWT9,1,PF00704
A0A6I1HZ38,1,PF00704
A0A6I1I6N7,1,PF00704
A0A6I1IBQ8,1,PF00704
A0A6I1IHL0,1,PF00704
A0A6I1IHZ4,1,PF00704
A0A6I1N9X1,1,PF00704
A0A6I1Q9R2,1,PF00704
A0A6I1QJB5,1,PF00704
A0A6I1YD99,1,PS51910
A0A6I1YKM9,1,PF00704
A0A6I1YR46,1,PS51910
A0A6I1YRC2,1,PF00704
A0A6I1YVZ5,1,PF00704
A0A6I1YY47,1,PS51910
A0A6I1Z3B5,1,PF00704
A0A6I1Z6H1,1,PS51910
A0A6I1Z9C9,1,PS51910
A0A6I1Z9H7,1,PF00704
A0A6I1ZH13,2,PS51910
A0A6I1ZH13,2,SSF51445
A0A6I1ZP57,1,PF00704
A0A6I1ZTX5,1,PF00704
A0A6I2FJ58,1,PF00704
A0A6I2GID7,1,PF00704
A0A6I2H967,1,PF00704
A0A6I2HGG3,1,PF00704
A0A6I2I2N2,1,PF00704
A0A6I2I962,1,PF00704
A0A6I2J5D4,1,PF00704
A0A6I2KTN1,1,PF00704
A0A6I2KUB6,1,PS51910
A0A6I2L3M6,1,PF00704
A0A6I2MI73,1,PF00704
A0A6I2MIS9,1,PF00704
A0A6I2QYA7,1,PF00704
A0A6I2RGP1,1,PF00704
A0A6I2UAU3,1,PF00704
A0A6I2V6M7,1,PF00704
A0A6I2V806,1,PS51910
A0A6I2VJQ0,1,PF00704
A0A6I2W1A7,1,PF00704
A0A6I2W9C5,1,PF00704
A0A6I2WNF8,1,PF00704
A0A6I2WX96,1,PF00704
A0A6I2X1L7,1,PF00704
A0A6I2XP46,1,PF00704
A0A6I2XW76,1,PF00704
A0A6I2XWF0,1,PF00704
A0A6I2YRB6,1,PS51910
A0A6I2YSQ9,1,PF00704
A0A6I2YZJ7,1,PF00704
A0A6I2YZS6,1,PF00704
A0A6I2Z9H2,1,PF00704
A0A6I3AET4,1,PF00704
A0A6I3ALI7,1,PF00704
A0A6I3AVI9,1,PF00704
A0A6I3B527,1,PF00704
A0A6I3B8A8,1,PF00704
A0A6I3BKQ6,1,PF00704
A0A6I3BML3,1,PF00704
A0A6I3CBB1,1,PF00704
A0A6I3CBF2,1,PF00704
A0A6I3CUN0,1,PF00704
A0A6I3CUZ6,1,PF00704
A0A6I3DU22,1,PF00704
A0A6I3DYL9,1,PF00704
A0A6I3E0R7,1,PF00704
A0A6I3E7L5,1,PF00704
A0A6I3EAC7,1,PF00704
A0A6I3EDV1,1,PF00704
A0A6I3EUX6,1,PF00704
A0A6I3F2Q6,1,PF00704
A0A6I3F4W0,1,PF00704
A0A6I3FAH8,1,PF00704
A0A6I3FW99,1,PF00704
A0A6I3FZ39,1,PF00704
A0A6I3GQK5,1,PF00704
A0A6I3HEN7,1,PF00704
A0A6I3HHH1,1,PS51910
A0A6I3HIK1,1,PF00704
A0A6I3ISQ0,1,PF00704
A0A6I3KPD4,2,G3DSA:3.20.20.370
A0A6I3KPD4,2,PF00704
A0A6I3LRJ5,2,PF00704
A0A6I3LT46,1,PF00704
A0A6I3LYZ8,2,G3DSA:3.20.20.370
A0A6I3LYZ8,2,PF00704
A0A6I3M026,1,PF00704
A0A6I3MEQ3,1,PS51910
A0A6I3MG68,1,PF00704
A0A6I3MJF4,1,PF00704
A0A6I3MK13,2,PF00704
A0A6I3MMA8,1,PF00704
A0A6I3MNT7,2,G3DSA:3.20.20.370
A0A6I3MNT7,2,PF00704
A0A6I3N144,1,PF00704
A0A6I3N8A4,2,G3DSA:3.20.20.370
A0A6I3N8A4,2,PF00704
A0A6I3SBX8,1,PF00704
A0A6I3SEZ9,1,PF00704
A0A6I3SMG0,1,PF00704
A0A6I3SPK0,1,PF00704
A0A6I3T1I6,1,PF00704
A0A6I3T1N7,1,PF00704
A0A6I3WJV3,1,PF00704
A0A6I3X062,1,PF00704
A0A6I3X7K6,1,PF00704
A0A6I4HZG0,2,G3DSA:3.20.20.370
A0A6I4HZG0,2,PF00704
A0A6I4IB51,2,G3DSA:3.20.20.370
A0A6I4IB51,2,PF00704
A0A6I4IHZ6,2,PF00704
A0A6I4II44,1,PF00704
A0A6I4IM23,1,PF00704
A0A6I4J015,2,G3DSA:3.20.20.370
A0A6I4J015,2,PF00704
A0A6I4MQ45,1,PF00704
A0A6I4MRP9,1,PF00704
A0A6I4MU76,1,PF00704
A0A6I4N275,1,PS51910
A0A6I4N5V6,1,PF00704
A0A6I4N8A2,1,PF00704
A0A6I4NBH1,1,PF00704
A0A6I4NBW0,1,PF00704
A0A6I4NG11,2,PF00704
A0A6I4NGZ5,1,PF00704
A0A6I4NSX1,1,PF00704
A0A6I4P105,1,PF00704
A0A6I4RSK0,2,PF00704
A0A6I4RSK0,2,SSF51445
A0A6I4RWW5,1,PF00704
A0A6I4RWX1,1,PF00704
A0A6I4T2M9,1,PF00704
A0A6I4VTG2,1,PF00704
A0A6I4XQR5,1,PF00704
A0A6I4YE07,1,PF00704
A0A6I4Z5L5,1,PF00704
A0A6I4ZIF1,1,PF00704
A0A6I4ZQU9,1,PF00704
A0A6I4ZY66,1,PF00704
A0A6I5A1Q1,1,PF00704
A0A6I5A6M7,1,PF00704
A0A6I5C4G2,2,G3DSA:2.10.10.20:FF:000001
A0A6I5C4G2,2,PS51910
A0A6I5C719,1,PF00704
A0A6I5C8M3,1,PF00704
A0A6I5C9T8,1,PF00704
A0A6I5CBY1,1,PS51910
A0A6I5CHY9,1,PF00704
A0A6I5CLD4,1,PF00704
A0A6I5E7R0,1,PS51910
A0A6I5E8Z2,1,PF00704
A0A6I5EBS4,1,PF00704
A0A6I5EDA8,1,PF00704
A0A6I5EK08,1,PS51910
A0A6I5EPA0,1,PF00704
A0A6I5ERE7,1,PF00704
A0A6I5ERI1,1,PF00704
A0A6I5ERM3,1,PF00704
A0A6I5ETP3,1,PF00704
A0A6I5EUX9,1,PF00704
A0A6I5EVX1,1,PF00704
A0A6I5EWI6,1,PF00704
A0A6I5EY40,1,PF00704
A0A6I5EYK8,1,PF00704
A0A6I5F4I2,1,PF00704
A0A6I5H1C6,1,PF00704
A0A6I5H8P4,1,PF00704
A0A6I5H8W5,1,PS51910
A0A6I5HAY1,1,PS51910
A0A6I5HDE4,1,PF00704
A0A6I5HDH2,1,PF00704
A0A6I5HI18,1,PF00704
A0A6I5HL47,1,PF00704
A0A6I5HL72,1,PF00704
A0A6I5HM13,1,PF00704
A0A6I5HRV3,1,PF00704
A0A6I5HUT4,1,PF00704
A0A6I5HWC3,1,PF00704
A0A6I5HY06,1,PS51910
A0A6I5I396,1,PF00704
A0A6I5I3V0,1,PF00704
A0A6I5I3X1,1,PS51910
A0A6I5I4E4,1,PF00704
A0A6I5I5A1,1,PF00704
A0A6I5I708,1,PF00704
A0A6I5I8I8,1,PF00704
A0A6I5I9A2,1,PF00704
A0A6I5IPN5,2,PF00704
A0A6I5IPN5,2,PF06483
A0A6I5IYJ4,1,PF00704
A0A6I5V094,1,PS51910
A0A6I5VLI0,1,PF00704
A0A6I5VVK8,1,PF00704
A0A6I5W9U3,1,PF00704
A0A6I5WCB1,1,PF00704
A0A6I5WD54,1,PF00704
A0A6I5WD79,1,PF00704
A0A6I5WGV8,1,PF00704
A0A6I5WHH8,1,PF00704
A0A6I5YRN5,2,G3DSA:3.20.20.370
A0A6I5YRN5,2,PS51910
A0A6I5ZY98,1,PF00704
A0A6I6CEK4,1,PF00704
A0A6I6D816,1,PF00704
A0A6I6DDX7,1,PF00704
A0A6I6DMN9,1,PF00704
A0A6I6DMT7,1,PF00704
A0A6I6ED70,2,G3DSA:3.20.20.370
A0A6I6ED70,2,PS51910
A0A6I6EQ74,1,PF00704
A0A6I6F9X0,1,PS51910
A0A6I6FC76,1,PF00704
A0A6I6FMJ7,1,PF00704
A0A6I6FVG9,1,PF00704
A0A6I6G912,1,PF00704
A0A6I6MWQ4,1,PS51910
A0A6I6N258,1,PF00704
A0A6I6N2P4,1,PS51910
A0A6I6N3X3,1,PF00704
A0A6I6N638,1,PS51910
A0A6I6N685,1,PF00704
A0A6I6N6Q5,1,PF00704
A0A6I6N7D7,1,PF00704
A0A6I6NA97,1,PF00704
A0A6I6NCQ9,1,PS51910
A0A6I6NK51,1,PF00704
A0A6I6R213,1,PF00704
A0A6I6SAU1,1,PF00704
A0A6I6SH84,1,PF00704
A0A6I6SIB4,1,PF00704
A0A6I6UDR0,1,PF00704
A0A6I6UKW4,1,PF00704
A0A6I6WDF2,1,PF00704
A0A6I6WEH8,1,PS51910
A0A6I6WH88,1,PF00704
A0A6I6WP43,1,PF00704
A0A6I6WV91,1,PF00704
A0A6I6WWE3,1,PF00704
A0A6I6YTT8,1,PF00704
A0A6I7F6V4,1,PF00704
A0A6I7F9Z1,1,PF00704
A0A6I7FC95,1,PF00704
A0A6I7FF71,1,PF00704
A0A6I7FF77,1,PF00704
A0A6I7MWL6,1,PF00704
A0A6I7MZ68,1,PF00704
A0A6I7NRM4,1,PF00704
A0A6I7TKJ3,1,PF00704
A0A6I7XL16,1,PF00704
A0A6I7XP28,1,PF00704
A0A6I7XPF4,1,PF00704
A0A6I7XQK2,1,PS51910
A0A6I7XQT3,1,PF00704
A0A6I7XTU0,1,PF00704
A0A6I7XVS9,1,PF00704
A0A6I7XWL1,2,G3DSA:3.20.20.370
A0A6I7XWL1,2,PF00704
A0A6I7XYK3,1,PS51910
A0A6I7Y0L8,1,PF00704
A0A6I7Y0N7,1,PF00704
A0A6I7Y1E7,1,PF00704
A0A6I7YBC3,1,PF00704
A0A6I7YBQ1,1,PF00704
A0A6I7YC45,1,PF00704
A0A6I7YFT2,1,PF00704
A0A6I7YNU1,1,PS51910
A0A6I7YV93,1,PF00704
A0A6I7YWS6,1,PS51910
A0A6I7YXC8,1,PF00704
A0A6I7YXH7,1,PF00704
A0A6I7YYN7,1,PF00704
A0A6I7Z2R5,1,PF00704
A0A6I7Z3Y7,1,PF00704
A0A6I7Z4J3,1,PF00704
A0A6I8LF45,1,PS51910
A0A6I8LGC8,1,PF00704
A0A6I8LGU8,1,PS51910
A0A6I8LK50,1,PF00704
A0A6I8LKC5,1,PF00704
A0A6I8LLL8,1,PF00704
A0A6I8LRJ4,1,PF00704
A0A6I8LV64,1,PF00704
A0A6I8LXZ5,1,PF00704
A0A6I8M289,1,PS51910
A0A6I8M2S8,1,PF00704
A0A6I8M3A8,1,PF00704
A0A6I8M410,1,PF00704
A0A6I8MBN6,1,PF00704
A0A6J4BWW8,2,G3DSA:3.20.20.370
A0A6J4BWW8,2,PF00704
A0A6J4GAA1,2,PF00704
A0A6J4GAX8,2,G3DSA:3.20.20.370
A0A6J4GAX8,2,PF00704
A0A6J4GFH1,1,PF00704
A0A6J4GK26,1,PF00704
A0A6J4GVW7,1,PF00704
A0A6J4UIF1,1,PF00704
A0A6J4UQA6,1,PF00704
A0A6J4UT33,1,PS51910
A0A6J5DQA3,1,PF00704
A0A6J5IYW7,1,PF00704
A0A6L2ZT08,1,PF00704
A0A6L3AA47,1,PF00704
A0A6L3MQA8,1,PS51910
A0A6L3MX88,1,PF00704
A0A6L3UYW8,1,PF00704
A0A6L3UZ65,1,PF00704
A0A6L3UZT5,1,PF00704
A0A6L3V774,1,PF00704
A0A6L3V942,1,PF00704
A0A6L3V974,1,PF00704
A0A6L3VEE6,1,PF00704
A0A6L3VI31,1,PF00704
A0A6L3VVZ8,1,PF00704
A0A6L3XLG8,1,PF00704
A0A6L3XUV9,1,PF00704
A0A6L3XVN6,1,PF00704
A0A6L4ABV6,1,PF00704
A0A6L4YSN5,1,PF00704
A0A6L5BSY5,1,PF00704
A0A6L5E8J0,1,PF00704
A0A6L5GEQ3,1,PF00704
A0A6L5GG51,1,PF00704
A0A6L5NRY9,1,PF00704
A0A6L5PU40,1,PF00704
A0A6L5PWX5,1,PF00704
A0A6L5Q5W0,1,PF00704
A0A6L5QHX4,1,PF00704
A0A6L5T7R6,1,PF00704
A0A6L5X872,1,PF00704
A0A6L5XC91,2,G3DSA:3.20.20.370
A0A6L5XC91,2,PF00704
A0A6L5XUL2,1,PF00704
A0A6L5XVN6,1,PF00704
A0A6L5XWA3,1,PF00704
A0A6L5XYD6,2,PF00704
A0A6L5XYD6,2,PTHR22595
A0A6L5XYH4,1,PF00704
A0A6L5Y1U7,1,PF00704
A0A6L5YGI0,1,PF00704
A0A6L5YS81,1,PF00704
A0A6L5ZID3,1,PF00704
A0A6L5ZK59,1,PF00704
A0A6L6A815,1,PF00704
A0A6L6AD10,1,PF00704
A0A6L6ARZ9,1,PF00704
A0A6L6B505,1,PF00704
A0A6L6B884,1,PF00704
A0A6L6B8B9,1,PF00704
A0A6L6C938,1,PF00704
A0A6L6DM53,1,PF00704
A0A6L6E4R4,1,PF00704
A0A6L6E9Y9,1,PF00704
A0A6L6EJJ9,1,PF00704
A0A6L6F093,1,PF00704
A0A6L6F6P4,1,PF00704
A0A6L6Q4K0,1,PF00704
A0A6L6Q4Y7,1,PF00704
A0A6L6QIR2,1,PF00704
A0A6L6QJX5,1,PF00704
A0A6L6R1D0,1,PF00704
A0A6L6R4Y2,1,PF00704
A0A6L6WMK6,1,PF00704
A0A6L6WSU4,1,PF00704
A0A6L6WTY2,1,PF00704
A0A6L6X0Z5,1,PF00704
A0A6L6X157,1,PF00704
A0A6L6X5Z1,1,PF00704
A0A6L6X7M8,1,PF00704
A0A6L6X7W6,1,PF00704
A0A6L6X9J9,1,PF00704
A0A6L6X9N1,1,PF00704
A0A6L6XJH9,1,PF00704
A0A6L6Y379,1,PF00704
A0A6L7C6B3,1,PF00704
A0A6L7EY24,1,PF00704
A0A6L7H1P2,1,PF00704
A0A6L7HGW8,1,PF00704
A0A6L7HRV6,1,PF00704
A0A6L8C9Q8,1,PF00704
A0A6L8KJN4,1,PF00704
A0A6L8KKW4,1,PF00704
A0A6L8KL56,1,PF00704
A0A6L8KQV4,1,PS51910
A0A6L8KT50,1,PF00704
A0A6L8KX95,1,PF00704
A0A6L8KXM6,1,PF00704
A0A6L8LRZ1,1,PF00704
A0A6L8LS30,1,PF00704
A0A6L8LT62,1,PF00704
A0A6L8LU85,2,PF00704
A0A6L8LU85,2,PF06483
A0A6L8N276,1,PF00704
A0A6L8N4F1,1,PF00704
A0A6L8N799,1,PF00704
A0A6L8N7Y5,1,PF00704
A0A6L8N8U4,1,PF00704
A0A6L8N9B3,1,PF00704
A0A6L8NDR5,1,PF00704
A0A6L8NFM5,1,PF00704
A0A6L8NHU7,1,PF00704
A0A6L8RXC4,1,PF00704
A0A6L8TDV1,1,PF00704
A0A6L8UAX0,1,PF00704
A0A6L8UBF6,1,PF00704
A0A6L8UBR0,1,PF00704
A0A6L8UGQ6,1,PF00704
A0A6L8UGZ6,1,PF00704
A0A6L8UHP6,1,PF00704
A0A6L8UHY9,1,PF00704
A0A6L8UJ53,1,PF00704
A0A6L8UW98,1,PF00704
A0A6L8UXD9,1,PF00704
A0A6L8V5S6,1,PF00704
A0A6L8V9E0,1,PF00704
A0A6L8V9Q2,1,PF00704
A0A6L8VCM3,1,PF00704
A0A6L9FCU9,1,PS51910
A0A6L9FJS5,2,PF00704
A0A6L9FJS5,2,PF06483
A0A6L9FMB0,1,PF00704
A0A6L9FPE2,1,PF00704
A0A6L9HC14,1,PF00704
A0A6L9IEJ0,1,PF00704
A0A6L9J7B7,1,PF00704
A0A6L9J7M8,1,PF00704
A0A6L9JQQ5,1,PF00704
A0A6L9JRJ1,1,PF00704
A0A6L9JTG3,1,PS51910
A0A6L9JUS0,1,PF00704
A0A6L9L5M3,1,PF00704
A0A6L9QE74,1,PF00704
A0A6L9QEI3,1,PF00704
A0A6L9QGN9,1,PF00704
A0A6L9QHM7,1,PF00704
A0A6L9QKN6,1,PF00704
A0A6L9QKP4,1,PS51910
A0A6L9QWA9,1,PS51910
A0A6M0FAY6,1,PF00704
A0A6M0H4R7,2,PF00704
A0A6M0H4R7,2,SSF51445
A0A6M0H4U9,1,PS51910
A0A6M0IE72,1,PF00704
A0A6M0IG58,2,G3DSA:3.20.20.370
A0A6M0IG58,2,PF00704
A0A6M0IIH8,1,PF00704
A0A6M0LHQ0,1,PF00704
A0A6M0P1U6,1,PF00704
A0A6M0P7E6,1,PF00704
A0A6M0PAI3,1,PF00704
A0A6M0PB62,1,PF00704
A0A6M0Q560,1,PF00704
A0A6M0Q986,1,PF00704
A0A6M0QCY1,1,PF00704
A0A6M0RCI9,1,PF00704
A0A6M0SWF3,1,PS51910
A0A6M0SWW3,1,PF00704
A0A6M0SYG9,1,PF00704
A0A6M0T0Z8,1,PF00704
A0A6M0T2K5,1,PF00704
A0A6M1E2E8,1,PF00704
A0A6M1E3H3,1,PS51910
A0A6M1E3R8,1,PF00704
A0A6M1L4L8,1,PF00704
A0A6M1L9Y7,1,PF00704
A0A6M1LAX0,1,PF00704
A0A6M1NQV6,1,PF00704
A0A6M1PQG7,1,PF00704
A0A6M1PY34,1,PF00704
A0A6M1QXZ3,1,PF00704
A0A6M1RCE0,1,PF00704
A0A6M1REV4,1,PF00704
A0A6M1RTT2,2,PF00704
A0A6M1RTT2,2,PF06483
A0A6M1T8Y3,1,PF00704
A0A6M1UAR0,1,PF00704
A0A6M1UB99,1,PF00704
A0A6M1UEA7,1,PF00704
A0A6M1UGA3,1,PF00704
A0A6M1YKG7,1,PF00704
A0A6M1YLW4,1,PF00704
A0A6M1YY56,1,PF00704
A0A6M1ZAI5,1,PF00704
A0A6M2A519,1,PF00704
A0A6M2A7T3,1,PF00704
A0A6M2C6I9,1,PF00704
A0A6M2C7E5,1,PF00704
A0A6M3HUP9,1,PF00704
A0A6M3HVK0,1,PF00704
A0A6M3P4L0,1,PF00704
A0A6M3Z815,1,PF00704
A0A6M3ZKX2,1,PF00704
A0A6M4A6V4,1,PF00704
A0A6M4IS26,2,G3DSA:3.20.20.370
A0A6M4IS26,2,PF00704
A0A6M4JC46,1,PF00704
A0A6M4PEN1,1,PS51910
A0A6M4PFI4,1,PF00704
A0A6M4PGL7,1,PS51910
A0A6M4PH78,1,PF00704
A0A6M4PJI2,1,PF00704
A0A6M4PM44,1,PF00704
A0A6M4PMI6,1,PS51910
A0A6M4PPG9,1,PF00704
A0A6M4WKP0,1,PF00704
A0A6M4WRF8,1,PS51910
A0A6M4X2N2,1,PS51910
A0A6M4X4J4,1,PF00704
A0A6M4X7J5,1,PF00704
A0A6M4YGA9,1,PF00704
A0A6M4YJ20,1,PF00704
A0A6M5GBH2,1,PF00704
A0A6M5IV11,1,PF00704
A0A6M5JBE1,2,G3DSA:3.20.20.370
A0A6M5JBE1,2,PF00704
A0A6M5U9Q0,1,PF00704
A0A6M5UAW9,1,PF00704
A0A6M5UBY0,1,PF00704
A0A6M5UG81,1,PF00704
A0A6M5UGJ4,1,PF00704
A0A6M5UJD0,1,PF00704
A0A6M5UK61,1,PF00704
A0A6M5UMT1,1,PF00704
A0A6M5Y616,1,PF00704
A0A6M6DT57,1,PF00704
A0A6M6DTR5,1,PF00704
A0A6M8SN68,1,PF00704
A0A6M8SNC7,1,PF00704
A0A6M8SQV5,1,PF00704
A0A6M8SRB5,1,PF00704
A0A6M8STY8,1,PF00704
A0A6M8SVF2,2,PF00704
A0A6M8SVF2,2,PF06483
A0A6M8SW75,1,PF00704
A0A6N0KIX6,1,PF00704
A0A6N0X348,2,G3DSA:3.20.20.370
A0A6N0X348,2,PF00704
A0A6N0Y908,1,PF00704
A0A6N2DG64,1,PF00704
A0A6N2EJ95,1,PF00704
A0A6N2HSX2,1,PF00704
A0A6N2HXY2,1,PF00704
A0A6N2HY64,1,PF00704
A0A6N2I0A5,1,PF00704
A0A6N2I0Y6,1,PF00704
A0A6N2I3B8,1,PF00704
A0A6N2I3Y3,1,PF00704
A0A6N2I4D1,1,PF00704
A0A6N2I5S8,1,PF00704
A0A6N2QXR8,1,PF00704
A0A6N2R7I0,2,PF00704
A0A6N2R7I0,2,PIRSR001103-1
A0A6N2RGF8,1,PF00704
A0A6N2RZG0,1,PF00704
A0A6N2S5G2,1,PF00704
A0A6N2SBM8,1,PF00704
A0A6N2SHC9,1,PF00704
A0A6N2SQU1,1,PF00704
A0A6N2SUX8,1,PF00704
A0A6N2TAA3,1,PF00704
A0A6N2TER5,1,PF00704
A0A6N2TGN6,1,PF00704
A0A6N2THX7,1,PS51910
A0A6N2TS76,1,PF00704
A0A6N2TUH7,1,PF00704
A0A6N2V220,1,PF00704
A0A6N2VB27,1,PF00704
A0A6N2VF50,1,PF00704
A0A6N2VMG7,1,PF00704
A0A6N2WLJ0,1,PF00704
A0A6N2WRC3,1,PF00704
A0A6N2WRY2,1,PF00704
A0A6N2X6F4,1,PF00704
A0A6N2YB96,1,PF00704
A0A6N2YD36,1,PF00704
A0A6N2YMY7,1,PS51910
A0A6N2YRL3,1,PF00704
A0A6N2YWT3,1,PF00704
A0A6N2ZFM1,1,PF00704
A0A6N2ZJY2,1,PF00704
A0A6N2ZNL5,1,PF00704
A0A6N2ZV06,1,PF00704
A0A6N2ZVV5,1,PF00704
A0A6N3A7K3,1,PF00704
A0A6N3ADG3,1,PF00704
A0A6N3B1H1,1,PF00704
A0A6N3B221,1,PF00704
A0A6N3BND6,1,PF00704
A0A6N3CML0,1,PF00704
A0A6N3CQM3,1,PF00704
A0A6N3D997,1,PF00704
A0A6N3DC33,1,PF00704
A0A6N3DKP7,1,PF00704
A0A6N3F676,1,PF00704
A0A6N3FLV4,1,PF00704
A0A6N3FTU1,1,PF00704
A0A6N3FV50,1,PF00704
A0A6N3G1A4,1,PF00704
A0A6N3GM20,1,PF00704
A0A6N3GSW4,1,PF00704
A0A6N3HZH1,1,PF00704
A0A6N3I3S0,1,PF00704
A0A6N3JTJ2,1,PS51910
A0A6N3K557,1,PF00704
A0A6N3K818,1,PF00704
A0A6N3K8V8,1,PF00704
A0A6N3KBS3,1,PF00704
A0A6N3V173,1,PF00704
A0A6N3Z4K6,2,PF00704
A0A6N3Z4K6,2,PF06483
A0A6N3Z644,1,PF00704
A0A6N3Z7E0,1,PF00704
A0A6N4GY78,1,PF00704
A0A6N4H3H3,1,PS51910
A0A6N4HAV8,1,PF00704
A0A6N4QKV1,1,PF00704
A0A6N4QVQ1,1,PF00704
A0A6N4QW07,1,PF00704
A0A6N4QZE4,1,PF00704
A0A6N4SYD6,1,PF00704
A0A6N4SZM6,1,PF00704
A0A6N4T976,1,PF00704
A0A6N4TEU6,1,PF00704
A0A6N4VFE1,2,PS51910
A0A6N4VFE1,2,SSF51445
A0A6N4W3Y4,1,PF00704
A0A6N6K494,1,PF00704
A0A6N6KH40,1,PF00704
A0A6N6KS48,1,PF00704
A0A6N6P810,2,G3DSA:3.20.20.370
A0A6N6P810,2,PF00704
A0A6N6RP54,3,PF00704
A0A6N6RSC4,1,PF00704
A0A6N6RST9,1,PF00704
A0A6N6RXX9,2,PF00704
A0A6N6RXX9,2,PF06483
A0A6N6SK77,1,PF00704
A0A6N6VKD5,2,G3DSA:3.20.20.370
A0A6N6VKD5,2,PF00704
A0A6N7B1F7,1,PF00704
A0A6N7B7R9,1,PF00704
A0A6N7BI48,1,PF00704
A0A6N7BIB5,1,PF00704
A0A6N7BKK2,1,PF00704
A0A6N7FU74,1,PF00704
A0A6N7GFM8,1,PF00704
A0A6N7GIZ0,1,PF00704
A0A6N7HAW9,1,PS51910
A0A6N7HGV7,1,PF00704
A0A6N7HIT4,1,PS51910
A0A6N7HN20,1,PF00704
A0A6N7HQV9,1,PF00704
A0A6N7HWU0,1,PF00704
A0A6N7HXL9,1,PS51910
A0A6N7IQI7,1,PF00704
A0A6N7IUZ2,1,PF00704
A0A6N7IW46,1,PF00704
A0A6N7J1W5,1,PF00704
A0A6N7KN80,1,PF00704
A0A6N7KQT3,1,PS51910
A0A6N7KSM4,1,PF00704
A0A6N7NWD0,1,PF00704
A0A6N7NZA2,1,PF00704
A0A6N7P775,1,PF00704
A0A6N7PEF3,1,PF00704
A0A6N7PJH5,1,PF00704
A0A6N7QA78,1,PF00704
A0A6N7QCK3,1,PF00704
A0A6N7R1P6,1,PF00704
A0A6N7R1W5,1,PF00704
A0A6N7R341,1,PF00704
A0A6N7STH5,1,PF00704
A0A6N7SV58,1,PF00704
A0A6N7V197,1,PF00704
A0A6N7VY23,1,PF00704
A0A6N7W114,1,PF00704
A0A6N7W6W4,1,PF00704
A0A6N7WGK9,1,PF00704
A0A6N7WJ23,1,PF00704
A0A6N7WYE7,1,PF00704
A0A6N7XJT5,1,PF00704
A0A6N7XXR2,1,PF00704
A0A6N7Y0H5,1,PF00704
A0A6N7YVW1,1,PS51910
A0A6N7YX92,1,PF00704
A0A6N7ZCU6,1,PS51910
A0A6N7ZFX1,1,PF00704
A0A6N7ZGZ8,1,PF00704
A0A6N7ZH77,1,PF00704
A0A6N7ZH92,1,PF00704
A0A6N7ZJW6,1,PF00704
A0A6N7ZUJ1,1,PF00704
A0A6N7ZVM0,1,PS51910
A0A6N7ZXB7,1,PF00704
A0A6N7ZXE2,1,PS51910
A0A6N8A5N9,1,PF00704
A0A6N8AT36,1,PF00704
A0A6N8AV75,1,PF00704
A0A6N8B2P0,1,PF00704
A0A6N8BCF6,1,PF00704
A0A6N8BIH9,1,PF00704
A0A6N8CSG3,1,PF00704
A0A6N8EVP7,1,PF00704
A0A6N8EX09,1,PF00704
A0A6N8EY51,1,PF00704
A0A6N8F479,1,PF00704
A0A6N8FEF1,1,PF00704
A0A6N8FI94,1,PF00704
A0A6N8FJG2,1,PF00704
A0A6N8FL66,1,PF00704
A0A6N8G3J3,1,PF00704
A0A6N8G8A0,1,PF00704
A0A6N8G8U7,1,PF00704
A0A6N8GBQ2,1,PF00704
A0A6N8HNJ3,1,PF00704
A0A6N8HNU4,1,PF00704
A0A6N8HXI7,1,PF00704
A0A6N8J7B1,1,PF00704
A0A6N8J7Z1,2,PF00704
A0A6N8J7Z1,2,SSF51445
A0A6N8J882,2,PF00704
A0A6N8J9S8,1,PF00704
A0A6N8JBK0,1,PF00704
A0A6N8JHY0,1,PS51910
A0A6N8JJV0,1,PF00704
A0A6N8L5C4,1,PF00704
A0A6N8LPH1,2,G3DSA:3.20.20.370
A0A6N8LPH1,2,PF00704
A0A6N9AES9,1,PF00704
A0A6N9HCG8,1,PF00704
A0A6N9HDB6,1,PF00704
A0A6N9JX03,1,PF00704
A0A6N9NTB5,1,PF00704
A0A6N9NV87,1,PF00704
A0A6N9NY26,1,PS51910
A0A6N9P5F8,1,PF00704
A0A6N9PZ25,1,PF00704
A0A6N9Q1E9,1,PF00704
A0A6N9Q5P8,1,PF00704
A0A6N9Q5R9,1,PF00704
A0A6N9Q5W7,1,PF00704
A0A6N9Q7T8,1,PF00704
A0A6N9QFS1,1,PF00704
A0A6N9QJQ2,1,PF00704
A0A6N9RJ45,1,PF00704
A0A6N9TTJ4,1,PF00704
A0A6N9TYC6,1,PF00704
A0A6N9TZN2,1,PF00704
A0A6N9TZY5,1,PF00704
A0A6N9U623,1,PF00704
A0A6N9U7K1,1,PS51910
A0A6N9UA14,1,PF00704
A0A6N9UDI0,1,PF00704
A0A6N9UDT6,1,PS51910
A0A6N9UGZ8,1,PF00704
A0A6N9UHH1,1,PF00704
A0A6N9UKK9,1,PF00704
A0A6N9URI3,1,PF00704
A0A6N9UT87,1,PF00704
A0A6N9UXJ8,1,PF00704
A0A6N9UXK2,1,PF00704
A0A6N9UZ07,1,PS51910
A0A6N9UZX8,2,G3DSA:2.10.10.20:FF:000001
A0A6N9UZX8,2,PF00704
A0A6N9V124,1,PF00704
A0A6N9V1J1,1,PF00704
A0A6N9V1T3,1,PF00704
A0A6N9V2J0,1,PF00704
A0A6N9V4J3,1,PF00704
A0A6N9V4Q6,1,PF00704
A0A6N9V5G9,1,PF00704
A0A6N9V7L3,1,PS51910
A0A6N9V8G0,1,PF00704
A0A6N9VFJ5,1,PF00704
A0A6N9VKT2,1,PS51910
A0A6N9YU75,1,PF00704
A0A6N9Z3H8,1,PS51910
A0A6P0EYI2,1,PF00704
A0A6P0HSC9,1,PF00704
A0A6P0MKQ2,1,PF00704
A0A6P0REC8,1,PF00704
A0A6P0UBM5,1,PF00704
A0A6P0UHX3,1,PF00704
A0A6P0UJ60,1,PF00704
A0A6P0W301,1,PF00704
A0A6P0X9T4,1,PF00704
A0A6P0XCI9,1,PF00704
A0A6P1EIL1,1,PF00704
A0A6P1EP47,1,PF00704
A0A6P1HI09,1,PF00704
A0A6P1HK01,1,PF00704
A0A6P1HK62,1,PF00704
A0A6P1M7E1,1,PF00704
A0A6P1M7U3,1,PF00704
A0A6P1M7V3,1,PF00704
A0A6P1M8Z1,1,PF00704
A0A6P1MBB5,1,PF00704
A0A6P1MCN6,1,PF00704
A0A6P1MCU2,2,G3DSA:3.20.20.370
A0A6P1MCU2,2,PF00704
A0A6P1MG73,1,PF00704
A0A6P1MGE3,1,PF00704
A0A6P1MQG1,1,PF00704
A0A6P1R541,1,PF00704
A0A6P1TB13,1,PF00704
A0A6P1TDC8,1,PF00704
A0A6P1TDE0,1,PF00704
A0A6P1TGP1,1,PF00704
A0A6P1TI18,1,PF00704
A0A6P1TIN3,1,PF00704
A0A6P1TMV1,1,PF00704
A0A6P1TMV9,1,PF00704
A0A6P1TP67,1,PF00704
A0A6P1TPF1,1,PF00704
A0A6P1TPI7,1,PF00704
A0A6P1TQ28,1,PF00704
A0A6P1TQ48,1,PF00704
A0A6P1TRB1,1,PF00704
A0A6P1TSC8,1,PF00704
A0A6P1TT29,1,PF00704
A0A6P1TT92,1,PF00704
A0A6P1TTC0,1,PF00704
A0A6P1UUS9,1,PF00704
A0A6P1V023,1,PF00704
A0A6P1V0L4,1,PF00704
A0A6P1VU28,1,PF00704
A0A6P1VWM2,1,PS51910
A0A6P1YC43,1,PF00704
A0A6P1YC90,1,PF00704
A0A6P1YE35,1,PF00704
A0A6P1YT65,1,PF00704
A0A6P2C3A0,1,PF00704
A0A6P2C7J0,1,PS51910
A0A6P2H4S4,1,PF00704
A0A6P2SH27,1,PF00704
A0A6P2USU4,1,PF00704
A0A6P2ZMP7,1,PF00704
A0A6P3AC16,1,PF00704
A0A6S4T560,1,PF00704
A0A6S4TSL8,1,PF00704
A0A6S5BYX2,1,PF00704
A0A6S5C9Z0,1,PF00704
A0A6S5CIA2,1,PF00704
A0A6S5DK38,1,PF00704
A0A6S5JJ08,1,PF00704
A0A6S5JSV8,1,PF00704
A0A6S5Y7D6,1,PF00704
A0A6S6FWA7,2,G3DSA:3.20.20.370
A0A6S6FWA7,2,PF00704
A0A6S6PXV9,1,PF00704
A0A6S6QRI1,1,PF00704
A0A6S6QTK4,1,PF00704
A0A6S6QTX5,1,PF00704
A0A6S6QV64,1,PF00704
A0A6S6R0C3,2,PF00704
A0A6S6R1X3,1,PF00704
A0A6S6R683,1,PF00704
A0A6S6R6A0,1,PF00704
A0A6S6R6H6,1,PF00704
A0A6S6R8P3,1,PF00704
A0A6S6RBX8,1,PF00704
A0A6S6TPE3,1,PF00704
A0A6S6TYP3,1,PF00704
A0A6S6U6X0,1,PF00704
A0A6S6UE44,1,PF00704
A0A6S6XP17,1,PF00704
A0A6S7AXF7,1,PF00704
A0A6S7BUG5,1,PF00704
A0A6V6XZB7,1,PF00704
A0A6V6YWI5,1,PF00704
A0A6V6Z0W2,1,PF00704
A0A6V6Z1X7,1,PF00704
A0A6V6Z3E4,1,PF00704
A0A6V6Z8S0,1,PF00704
A0A6V7CIE7,1,PF00704
A0A6V7CKC8,1,PF00704
A0A6V7CQR3,1,PF00704
A0A6V7EZJ0,1,PF00704
A0A6V7RQ91,1,PF00704
A0A6V8JXI9,1,PF00704
A0A6V8K2U6,1,PF00704
A0A6V8K8I8,1,PS51910
A0A6V8K908,1,PF00704
A0A6V8K923,1,PF00704
A0A6V8KGQ1,1,PF00704
A0A6V8KJ62,1,PF00704
A0A6V8KVE0,1,PF00704
A0A6V8L8D4,1,PF00704
A0A6V8L9T4,1,PS51910
A0A6V8L9W7,1,PF00704
A0A6V8LJX8,1,PF00704
A0A6V8LNZ2,1,PF00704
A0A6V8SK86,1,PF00704
A0A6V8SKV9,1,PF00704
A0A6V9XLH1,1,PF00704
A0A6V9XME2,1,PS51910
A0A6W0M397,1,PS51910
A0A6W0M4W8,1,PF00704
A0A6W0P0Z6,1,PF00704
A0A6X4P8M2,1,PF00704
A0A6X7SNL8,1,PF00704
A0A6X7XG93,1,PF00704
A0A6X8D904,1,PF00704
A0A6X8KJJ2,1,PF00704
A0A6X9CM48,1,PF00704
A0A6Y0T582,1,PF00704
A0A6Y0YXW7,1,PF00704
A0A6Y2I3Y9,1,PF00704
A0A6Y2KAV5,1,PF00704
A0A6Y2KQU0,1,PF00704
A0A6Y2L666,1,PF00704
A0A6Y2PQ14,1,PF00704
A0A6Y3DQU6,1,PF00704
A0A6Y3HYB2,1,PF00704
A0A6Y3UU68,1,PF00704
A0A6Y4XXP2,1,PF00704
A0A6Y5I4H5,1,PF00704
A0A6Y5YTY2,1,PF00704
A0A6Y6DMR5,1,PF00704
A0A6Y6LMV4,1,PF00704
A0A6Y9A7A9,1,PF00704
A0A6Z2TIW2,1,PF00704
A0A701FL58,1,PF00704
A0A701H6R3,1,PF00704
A0A701IYH4,1,PF00704
A0A701QRY8,1,PF00704
A0A701XSB3,1,PF00704
A0A701Y4K6,1,PF00704
A0A701ZD79,1,PF00704
A0A702B6E8,1,PF00704
A0A702BH71,1,PF00704
A0A702D301,1,PF00704
A0A702DR70,1,PF00704
A0A702E2Q3,1,PF00704
A0A702J8J0,1,PF00704
A0A702KY59,1,PF00704
A0A702P4D2,1,PF00704
A0A702P671,1,PF00704
A0A703KTL8,1,PF00704
A0A703ZX01,1,PF00704
A0A704VCS0,1,PF00704
A0A707Q3E6,1,PF00704
A0A707YRB7,1,PS51910
A0A708A9H6,1,PF00704
A0A708E1G4,1,PS51910
A0A708TDJ8,1,PF00704
A0A708XE69,1,PF00704
A0A709R1L4,1,PF00704
A0A710XHV7,1,PF00704
A0A713TDM1,1,PF00704
A0A715AS49,1,PF00704
A0A715I3P9,1,PF00704
A0A718RQX0,1,PS51910
A0A718TTI8,1,PF00704
A0A718UEQ1,1,PF00704
A0A718W5T7,1,PF00704
A0A718Y1I5,1,PF00704
A0A718YIH8,1,PF00704
A0A719CEX0,1,PF00704
A0A719LC86,1,PF00704
A0A719V6C9,1,PF00704
A0A721L3Z1,1,PF00704
A0A723AIY8,1,PF00704
A0A724IVC4,1,PF00704
A0A725FYX0,1,PF00704
A0A726K3W4,1,PF00704
A0A726KWN9,1,PF00704
A0A727RN24,1,PF00704
A0A727U8A4,1,PF00704
A0A727YPU7,1,PF00704
A0A728BU75,1,PF00704
A0A728FYY3,1,PF00704
A0A728KUN3,1,PF00704
A0A728XQU9,1,PF00704
A0A729FNM1,1,PS51910
A0A729FZ83,1,PF00704
A0A729IPP6,1,PF00704
A0A729JRD1,1,PF00704
A0A729K8S1,1,PF00704
A0A729KYU7,1,PF00704
A0A729WE95,1,PS51910
A0A730C3U2,1,PF00704
A0A730EX83,1,PF00704
A0A730JZI7,1,PF00704
A0A730ND76,1,PF00704
A0A730WGS5,1,PF00704
A0A730YAA8,1,PF00704
A0A731NJ79,1,PF00704
A0A731T648,1,PF00704
A0A731V148,1,PF00704
A0A732CRB2,1,PF00704
A0A732CVD2,1,PF00704
A0A732GSF2,1,PS51910
A0A732I371,1,PF00704
A0A732S6U1,1,PF00704
A0A733LQC1,1,PF00704
A0A733LZA9,1,PF00704
A0A734A867,1,PF00704
A0A734HZA9,1,PF00704
A0A734TZY9,1,PF00704
A0A735B6L7,1,PF00704
A0A735EBB5,1,PF00704
A0A735ILP6,1,PF00704
A0A735MGV5,1,PF00704
A0A735N0V4,1,PS51910
A0A735NWK3,1,PF00704
A0A735PVI8,1,PF00704
A0A735REG3,1,PF00704
A0A735SBE4,1,PF00704
A0A735Z157,1,PF00704
A0A736A116,1,PF00704
A0A736I479,1,PF00704
A0A736KKK8,1,PF00704
A0A736Q2B5,1,PF00704
A0A736TH90,1,PF00704
A0A736VDG2,1,PF00704
A0A736WAY3,1,PS51910
A0A736Z6D0,1,PF00704
A0A737BMF8,1,PF00704
A0A737C659,1,PF00704
A0A737C6X8,1,PF00704
A0A737GX42,1,PF00704
A0A737HV46,1,PF00704
A0A737INQ2,1,PF00704
A0A737NP34,1,PF00704
A0A737U372,1,PF00704
A0A737VAT3,1,PF00704
A0A737Y5W7,1,PF00704
A0A738APM3,1,PS51910
A0A738AYJ6,1,PF00704
A0A738YQJ5,1,PF00704
A0A739C2W5,1,PF00704
A0A739DQI2,1,PF00704
A0A739LMS4,1,PF00704
A0A739LQZ8,1,PF00704
A0A740VGW1,1,PF00704
A0A740XBI7,1,PF00704
A0A741CLV6,1,PF00704
A0A741MZ92,1,PF00704
A0A741N659,1,PF00704
A0A742R6P2,1,PF00704
A0A742TTG5,1,PF00704
A0A742XW07,1,PF00704
A0A742YHE1,1,PF00704
A0A742ZJF6,1,PF00704
A0A743C8V7,1,PF00704
A0A743SM11,1,PF00704
A0A743WQB2,1,PF00704
A0A743ZHF9,1,PF00704
A0A744C294,1,PF00704
A0A744EGR9,1,PF00704
A0A744FYG0,1,PF00704
A0A744JN57,1,PF00704
A0A744LJ28,1,PF00704
A0A744QEY0,1,PF00704
A0A745J6T0,1,PF00704
A0A746AD98,1,PF00704
A0A746JLD9,1,PF00704
A0A747HK65,1,PF00704
A0A747Q8Q6,1,PF00704
A0A747QKH8,1,PF00704
A0A747QQ68,1,PF00704
A0A747V2K5,1,PF00704
A0A748XT52,1,PF00704
A0A749KXE5,1,PF00704
A0A749LP32,1,PF00704
A0A749NIZ8,1,PF00704
A0A749T561,1,PF00704
A0A749WZ62,1,PF00704
A0A749YTN4,1,PF00704
A0A750HT56,1,PF00704
A0A750IM03,1,PF00704
A0A750KIQ5,1,PF00704
A0A751ZX28,1,PS51910
A0A751ZXB9,1,PF00704
A0A752IEZ5,1,PF00704
A0A752IMI2,1,PF00704
A0A752KAH8,1,PF00704
A0A752VS81,1,PF00704
A0A753A1W2,1,PF00704
A0A753B060,1,PF00704
A0A753FVY8,1,PF00704
A0A753KXP4,1,PS51910
A0A753X134,1,PF00704
A0A754D784,1,PF00704
A0A754DTY1,1,PF00704
A0A754Q7D3,1,PF00704
A0A755V327,1,PF00704
A0A755XC74,1,PF00704
A0A756I0J2,1,PF00704
A0A757XGJ4,1,PS51910
A0A759HDF9,1,PS51910
A0A759MJK8,1,PS51910
A0A759YDV7,1,PF00704
A0A760MH65,1,PF00704
A0A760R9N6,1,PF00704
A0A760RZI1,1,PF00704
A0A760ZLV9,1,PF00704
A0A761P895,1,PF00704
A0A762A193,1,PS51910
A0A762AKZ0,1,PF00704
A0A762G9J5,1,PF00704
A0A762Y700,1,PF00704
A0A763BNY1,1,PF00704
A0A763FYB2,1,PF00704
A0A763MAW8,1,PF00704
A0A763VSU6,1,PF00704
A0A764B1C5,1,PF00704
A0A764CY93,1,PS51910
A0A764IUN5,1,PF00704
A0A764PJV6,1,PF00704
A0A765IQB0,1,PF00704
A0A776QUT4,1,PF00704
A0A7A0HCQ9,1,PF00704
A0A7A2R114,1,PF00704
A0A7C0VCB2,1,PF00704
A0A7C0YGN9,1,PF00704
A0A7C1CK41,1,PF00704
A0A7C1DEG7,1,PF00704
A0A7C1EIN6,1,PS51910
A0A7C1EPM3,1,PF00704
A0A7C1ERY2,1,PF00704
A0A7C1G1K8,1,PF00704
A0A7C1ILI6,1,PF00704
A0A7C1IRK3,1,PF00704
A0A7C1J6Y2,1,PF00704
A0A7C1JJM7,1,PS51910
A0A7C1JMM8,1,PF00704
A0A7C1JQM2,1,PF00704
A0A7C1K7A5,1,PS51910
A0A7C1K8C3,1,PF00704
A0A7C1M557,1,PF00704
A0A7C1ND66,1,PF00704
A0A7C1PL41,1,PF00704
A0A7C1RC28,1,PF00704
A0A7C2AV36,1,PF00704
A0A7C2F9M9,1,PF00704
A0A7C2FTF3,1,PF00704
A0A7C2JBM9,2,G3DSA:3.20.20.370
A0A7C2JBM9,2,PF00704
A0A7C2K5H8,1,PF00704
A0A7C2KIG8,1,PF00704
A0A7C2R6Z1,2,G3DSA:3.20.20.370
A0A7C2R6Z1,2,PF00704
A0A7C2SKV0,1,PF00704
A0A7C2VI01,1,PF00704
A0A7C2VI33,1,PF00704
A0A7C2YE25,1,PF00704
A0A7C2ZHN2,1,PF00704
A0A7C3AS45,1,PF00704
A0A7C3BF05,1,PF00704
A0A7C3CNN7,1,PF00704
A0A7C3D4I7,1,PF00704
A0A7C3E8D0,1,PF00704
A0A7C3FDL6,1,PF00704
A0A7C3GSJ1,1,PS51910
A0A7C3HU99,1,PF00704
A0A7C3I0D9,1,PF00704
A0A7C3JDD6,1,PF00704
A0A7C3LYC4,2,PF00704
A0A7C3LYC4,2,SSF51445
A0A7C3MJK7,1,PF00704
A0A7C3N678,1,PF00704
A0A7C3NBC9,1,PF00704
A0A7C3NZV0,1,PS51910
A0A7C3PSA3,1,PF00704
A0A7C3Q3R7,1,PF00704
A0A7C3QMX6,1,PF00704
A0A7C3RV92,1,PF00704
A0A7C3SRY1,1,PF00704
A0A7C3THH7,1,PF00704
A0A7C3TLU4,1,PF00704
A0A7C3W3Z2,2,PF00704
A0A7C3W3Z2,2,SSF51445
A0A7C3WVQ3,1,PF00704
A0A7C3X8J2,1,PF00704
A0A7C3YQ17,1,PF00704
A0A7C3Z690,1,PF00704
A0A7C3ZV33,1,PF00704
A0A7C3ZVX1,1,PF00704
A0A7C4ANY6,2,G3DSA:3.20.20.370
A0A7C4ANY6,2,PF00704
A0A7C4B5V7,1,PF00704
A0A7C4ELJ9,1,PF00704
A0A7C4F2C6,1,PF00704
A0A7C4F6D5,1,PF00704
A0A7C4FN41,1,PF00704
A0A7C4J2J5,1,PF00704
A0A7C4JT84,1,PF00704
A0A7C4L2B6,1,PF00704
A0A7C4L7L1,1,PF00704
A0A7C4N655,1,PF00704
A0A7C4PU99,2,G3DSA:3.20.20.370
A0A7C4PU99,2,PF00704
A0A7C4RZ03,1,PF00704
A0A7C4T372,1,PF00704
A0A7C4T4P5,1,PF00704
A0A7C4U3Q0,1,PF00704
A0A7C4U9H5,1,PF00704
A0A7C4V330,2,G3DSA:3.20.20.370
A0A7C4V330,2,PF00704
A0A7C4VCW3,1,PF00704
A0A7C4VXW4,2,PF00704
A0A7C4VXW4,2,SSF51445
A0A7C4YDW6,1,PF00704
A0A7C5A2G0,1,PF00704
A0A7C5A5Z4,1,PF00704
A0A7C5A715,1,PS51910
A0A7C5AIZ0,1,PF00704
A0A7C5CAP7,1,PF00704
A0A7C5CJ56,1,PF00704
A0A7C5CVH3,1,PF00704
A0A7C5E993,1,PF00704
A0A7C5EDN2,1,PF00704
A0A7C5F7A4,1,PF00704
A0A7C5FHT8,1,PF00704
A0A7C5FQF0,2,G3DSA:3.20.20.370
A0A7C5FQF0,2,PF00704
A0A7C5FTA0,1,PF00704
A0A7C5L6T1,1,PF00704
A0A7C5M8Y8,1,PF00704
A0A7C5MBX3,1,PF00704
A0A7C5N2Y7,1,PF00704
A0A7C5NLZ9,1,PF00704
A0A7C5NWM3,1,PF00704
A0A7C5PQE1,1,PS51910
A0A7C5QIN7,1,PF00704
A0A7C5T5V9,1,PF00704
A0A7C5US70,1,PF00704
A0A7C5Y1D1,1,PF00704
A0A7C5ZAB7,1,PF00704
A0A7C5ZC61,1,PF00704
A0A7C6A7N1,1,PF00704
A0A7C6BUK6,1,PF00704
A0A7C6C976,1,PF00704
A0A7C6C9F0,1,PF00704
A0A7C6D7B5,1,PF00704
A0A7C6D937,1,PF00704
A0A7C6D9W8,1,PF00704
A0A7C6DDQ1,1,PF00704
A0A7C6DJA1,1,PF00704
A0A7C6E2F9,2,G3DSA:3.20.20.370
A0A7C6E2F9,2,PF00704
A0A7C6EFI7,1,PF00704
A0A7C6GDH9,1,PF00704
A0A7C6GJJ3,1,PF00704
A0A7C6GL91,1,PF00704
A0A7C6GWJ2,1,PF00704
A0A7C6HAT5,1,PF00704
A0A7C6HDV1,1,PF00704
A0A7C6HES0,1,PF00704
A0A7C6HUJ6,1,PF00704
A0A7C6HVC0,1,PF00704
A0A7C6HVT0,1,PF00704
A0A7C6HWX2,1,PF00704
A0A7C6HWX6,1,PF00704
A0A7C6I2X8,1,PF00704
A0A7C6I8W7,1,PF00704
A0A7C6IPI7,1,PF00704
A0A7C6IQU3,1,PF00704
A0A7C6IVG5,1,PF00704
A0A7C6IW70,1,PF00704
A0A7C6IY19,1,PF00704
A0A7C6IZ15,1,PF00704
A0A7C6IZV9,1,PF00704
A0A7C6J0R2,1,PF00704
A0A7C6J0U7,1,PF00704
A0A7C6J6B2,1,PF00704
A0A7C6JAR8,1,PF00704
A0A7C6JM93,1,PF00704
A0A7C6JSZ3,1,PF00704
A0A7C6JTH1,1,PF00704
A0A7C6JTS0,1,PF00704
A0A7C6JX34,1,PF00704
A0A7C6JXE8,1,PF00704
A0A7C6JXR5,1,PF00704
A0A7C6K0N4,1,PF00704
A0A7C6K269,1,PF00704
A0A7C6KJ70,1,PF00704
A0A7C6KKV7,1,PF00704
A0A7C6KNL5,1,PF00704
A0A7C6KRU4,1,PF00704
A0A7C6KSY2,1,PF00704
A0A7C6KWX3,1,PF00704
A0A7C6KX77,1,PF00704
A0A7C6KY28,1,PF00704
A0A7C6L818,1,PF00704
A0A7C6LRZ3,1,PF00704
A0A7C6M0J6,1,PF00704
A0A7C6M618,1,PF00704
A0A7C6M6S5,1,PF00704
A0A7C6MSJ3,1,PF00704
A0A7C6MXG4,1,PF00704
A0A7C6MZ10,1,PF00704
A0A7C6N5C7,1,PF00704
A0A7C6N5S7,1,PF00704
A0A7C6N8S8,1,PF00704
A0A7C6NAM2,1,PF00704
A0A7C6NHD0,1,PF00704
A0A7C6NHN0,1,PF00704
A0A7C6NV77,1,PF00704
A0A7C6NVJ6,1,PF00704
A0A7C6NWD0,1,PF00704
A0A7C6NX77,1,PF00704
A0A7C6NYY1,1,PF00704
A0A7C6NZJ3,1,PF00704
A0A7C6NZZ4,1,PF00704
A0A7C6P0B2,1,PF00704
A0A7C6P390,1,PF00704
A0A7C6PNW2,1,PF00704
A0A7C6PPN7,1,PF00704
A0A7C6PV07,1,PF00704
A0A7C6PW20,1,PF00704
A0A7C6Q002,1,PF00704
A0A7C6Q1W5,1,PF00704
A0A7C6Q339,1,PF00704
A0A7C6Q573,1,PF00704
A0A7C6Q9N9,1,PF00704
A0A7C6QBR0,1,PF00704
A0A7C6QD97,1,PF00704
A0A7C6QEG2,1,PF00704
A0A7C6QN86,1,PF00704
A0A7C6QVK0,1,PF00704
A0A7C6QVK3,1,PF00704
A0A7C6QW21,1,PF00704
A0A7C6R4L5,1,PF00704
A0A7C6R5S2,1,PF00704
A0A7C6R7K4,1,PF00704
A0A7C6RSL3,1,PF00704
A0A7C6RSN3,1,PF00704
A0A7C6S5W0,1,PF00704
A0A7C6SIF9,1,PF00704
A0A7C6SIJ4,1,PF00704
A0A7C6SJK1,1,PF00704
A0A7C6SMS3,1,PF00704
A0A7C6ST59,1,PF00704
A0A7C6STJ1,1,PF00704
A0A7C6STP1,1,PF00704
A0A7C6SZQ4,1,PF00704
A0A7C6TDI1,2,PF00704
A0A7C6TDI1,2,SSF51445
A0A7C6TYN7,1,PF00704
A0A7C6U1T8,1,PF00704
A0A7C6U399,1,PF00704
A0A7C6U4U7,1,PF00704
A0A7C6ULF3,1,PF00704
A0A7C6UVL5,1,PF00704
A0A7C6UXG3,1,PF00704
A0A7C6UY75,1,PF00704
A0A7C6UZW9,1,PF00704
A0A7C6V141,1,PF00704
A0A7C6V3L9,1,PF00704
A0A7C6WAE9,1,PF00704
A0A7C6WEA3,1,PF00704
A0A7C6WMV2,1,PF00704
A0A7C6WN85,1,PF00704
A0A7C6WR31,1,PF00704
A0A7C6WU75,1,PF00704
A0A7C6WXK9,1,PF00704
A0A7C6X4F5,1,PF00704
A0A7C6XEM5,1,PF00704
A0A7C6XV40,2,PF00704
A0A7C6XV40,2,SSF51445
A0A7C6YJT8,1,PF00704
A0A7C6YM27,1,PF00704
A0A7C6YPB9,1,PF00704
A0A7C6YSC5,1,PF00704
A0A7C6YSG6,1,PF00704
A0A7C6YWL2,1,PF00704
A0A7C6YXV9,1,PF00704
A0A7C6YYC6,1,PF00704
A0A7C6YYF1,1,PF00704
A0A7C6Z0Z7,1,PF00704
A0A7C6Z489,1,PF00704
A0A7C6Z672,1,PF00704
A0A7C6Z6B9,1,PF00704
A0A7C6ZAG6,1,PF00704
A0A7C6ZDT1,1,PF00704
A0A7C6ZK62,1,PF00704
A0A7C6ZLV3,1,PF00704
A0A7C6ZP07,1,PF00704
A0A7C6ZP84,1,PF00704
A0A7C6ZQG2,1,PF00704
A0A7C6ZYC2,1,PF00704
A0A7C6ZZQ4,1,PF00704
A0A7C6ZZZ7,1,PF00704
A0A7C7A1K9,1,PF00704
A0A7C7A6R0,1,PF00704
A0A7C7A7E0,1,PF00704
A0A7C7A966,1,PF00704
A0A7C7AGQ3,1,PF00704
A0A7C7AI19,1,PF00704
A0A7C7AJH9,1,PF00704
A0A7C7AKD3,1,PF00704
A0A7C7AKZ6,1,PF00704
A0A7C7ARN4,1,PF00704
A0A7C7ASJ2,1,PF00704
A0A7C7CYW5,1,PF00704
A0A7C7D1X8,1,PF00704
A0A7C7D3Z2,1,PF00704
A0A7C7D4G0,1,PF00704
A0A7C7DDC3,1,PF00704
A0A7C7DER9,1,PF00704
A0A7C7DET2,1,PF00704
A0A7C7DI95,1,PF00704
A0A7C7DIX9,1,PF00704
A0A7C7DJL5,1,PF00704
A0A7C7DJQ6,1,PF00704
A0A7C7DZV1,1,PF00704
A0A7C7E094,1,PF00704
A0A7C7E325,1,PF00704
A0A7C7E770,1,PF00704
A0A7C7E7J0,1,PF00704
A0A7C7E9Q3,1,PF00704
A0A7C7EAC5,1,PF00704
A0A7C7ED37,1,PF00704
A0A7C7EEH7,1,PF00704
A0A7C7EEU1,1,PF00704
A0A7C7EQP1,1,PF00704
A0A7C7GCR8,1,PF00704
A0A7C7HXB9,1,PF00704
A0A7C7J0U5,1,PF00704
A0A7C7L5N8,1,PF00704
A0A7C7LL99,1,PF00704
A0A7C7M4F7,1,PF00704
A0A7C7MNQ7,1,PF00704
A0A7C7NN85,1,PF00704
A0A7C7P8P6,1,PF00704
A0A7C7QR83,2,PF00704
A0A7C7QR83,2,SSF51445
A0A7C7RS71,2,PS51910
A0A7C7RS71,2,SSF51445
A0A7C7U617,1,PF00704
A0A7C7UE88,1,PF00704
A0A7C7UF42,2,PS51910
A0A7C7UF42,2,SSF51445
A0A7C7YDU7,1,PF00704
A0A7C8AZG5,2,G3DSA:3.20.20.370
A0A7C8AZG5,2,PF00704
A0A7C8GTB0,1,PF00704
A0A7C8HDT5,1,PF00704
A0A7C8HFD8,1,PF00704
A0A7C8HGN2,1,PF00704
A0A7C8KSC0,1,PF00704
A0A7C8LZ54,1,PF00704
A0A7C9BDC8,1,PF00704
A0A7C9GHT6,1,PS51910
A0A7C9GL63,1,PF00704
A0A7C9GMU2,1,PF00704
A0A7C9HDD1,2,G3DSA:3.20.20.370
A0A7C9HDD1,2,PF00704
A0A7C9HRM6,1,PS51910
A0A7C9HVZ5,1,PF00704
A0A7C9HZA0,1,PF00704
A0A7C9I2K9,1,PF00704
A0A7C9J1Z4,1,PF00704
A0A7C9J9X3,1,PF00704
A0A7C9JH33,1,PF00704
A0A7C9JHP7,1,PS51910
A0A7C9K0X2,1,PF00704
A0A7C9KBU9,1,PF00704
A0A7C9KFU1,1,PF00704
A0A7C9KVA4,1,PF00704
A0A7C9LCN6,1,PF00704
A0A7C9LP38,1,PF00704
A0A7C9N226,2,G3DSA:3.20.20.370
A0A7C9N226,2,PF00704
A0A7C9N3D5,1,PF00704
A0A7C9NFV7,1,PS51910
A0A7C9NPP9,1,PF00704
A0A7C9P0Z8,1,PF00704
A0A7C9RLZ6,1,PF00704
A0A7C9RV77,1,PF00704
A0A7C9RXT7,1,PF00704
A0A7C9VLK9,1,PF00704
A0A7C9VS43,1,PF00704
A0A7C9VVT4,1,PF00704
A0A7C9VY95,1,PF00704
A0A7C9W080,1,PF00704
A0A7C9W973,1,PF00704
A0A7C9WA36,1,PS51910
A0A7D3VRP8,1,PF00704
A0A7D3XQ62,1,PF00704
A0A7D3Y192,1,PF00704
A0A7D3ZWP8,1,PF00704
A0A7D4A7T1,1,PF00704
A0A7D4BDL5,1,PF00704
A0A7D4CPJ1,1,PF00704
A0A7D4KES4,2,G3DSA:3.20.20.370
A0A7D4KES4,2,PF00704
A0A7D4Q363,1,PF00704
A0A7D4QA86,1,PF00704
A0A7D4UG53,2,G3DSA:3.20.20.370
A0A7D4UG53,2,PF00704
A0A7D4Y999,1,PS51910
A0A7D5J620,1,PF00704
A0A7D5J8U9,1,PF00704
A0A7D5JZ48,1,PF00704
A0A7D5KXN2,1,PS51910
A0A7D5MCB5,1,PS51910
A0A7D5MCV0,1,PF00704
A0A7D5MCX5,1,PS51910
A0A7D5MEB7,1,PS51910
A0A7D5MET9,1,PF00704
A0A7D5MNG4,1,PF00704
A0A7D5MQ88,1,PF00704
A0A7D5MTH0,1,PF00704
A0A7D5N0G1,1,PF00704
A0A7D5N0K3,1,PF00704
A0A7D5N0X4,1,PF00704
A0A7D5N2Y5,1,PF00704
A0A7D5N5C9,1,PF00704
A0A7D5N5K7,1,PF00704
A0A7D5N9D4,1,PF00704
A0A7D5NSE8,1,PF00704
A0A7D5RJ37,1,PF00704
A0A7D5RQ23,1,PF00704
A0A7D5S748,2,G3DSA:3.20.20.370
A0A7D5S748,2,PF00704
A0A7D5V8B4,1,PF00704
A0A7D5V9I5,1,PF00704
A0A7D5VBN2,1,PF00704
A0A7D5VBX9,1,PF00704
A0A7D5VC05,1,PF00704
A0A7D5VCH5,1,PF00704
A0A7D5VDX2,1,PS51910
A0A7D5VG04,1,PF00704
A0A7D5VL24,1,PF00704
A0A7D5VLR3,1,PF00704
A0A7D5Y710,1,PF00704
A0A7D5Z4J7,2,PF00704
A0A7D5Z4J7,2,PS51910
A0A7D5Z5L5,1,PF00704
A0A7D5ZCF4,1,PF00704
A0A7D5ZCX2,1,PF00704
A0A7D5ZD77,1,PF00704
A0A7D5ZIX0,1,PF00704
A0A7D5ZIY7,1,PF00704
A0A7D5ZJB8,1,PF00704
A0A7D5ZJJ4,1,PS51910
A0A7D5ZM90,1,PF00704
A0A7D5ZNP0,1,PF00704
A0A7D6ENV1,1,PF00704
A0A7D6IGA3,1,PF00704
A0A7D7BPU9,1,PS51910
A0A7D7BSW4,1,PF00704
A0A7D7FUB2,1,PF00704
A0A7D8BAS5,2,G3DSA:3.20.20.370
A0A7D8BAS5,2,PF00704
A0A7D8BBA2,1,PF00704
A0A7D8D553,1,PF00704
A0A7D8IPY7,1,PF00704
A0A7G1GM63,1,PF00704
A0A7G1GMN3,1,PF00704
A0A7G1HTX5,1,PF00704
A0A7G1HVJ7,1,PF00704
A0A7G1NBK7,1,PF00704
A0A7G1NJQ9,1,PF00704
A0A7G1NLZ7,1,PF00704
A0A7G1NUY2,1,PF00704
A0A7G1NW96,1,PF00704
A0A7G1NWQ5,1,PF00704
A0A7G1NX69,1,PF00704
A0A7G1P960,1,PS51910
A0A7G1PAE7,1,PF00704
A0A7G2D6V4,1,PF00704
A0A7G2JHQ2,1,PF00704
A0A7G2JQW7,1,PF00704
A0A7G3G567,1,PS51910
A0A7G3G5L8,1,PF00704
A0A7G3G633,1,PF00704
A0A7G3G9N2,1,PF00704
A0A7G3GA78,1,PF00704
A0A7G3UBB9,1,PF00704
A0A7G3UDW5,1,PF00704
A0A7G3UM21,1,PF00704
A0A7G3UMM5,1,PF00704
A0A7G3URV2,1,PF00704
A0A7G4A0I0,1,PF00704
A0A7G4A2M3,1,PF00704
A0A7G4A2N8,1,PF00704
A0A7G4RI78,1,PF00704
A0A7G4RI94,1,PF00704
A0A7G5BSP3,1,PF00704
A0A7G5C241,1,PF00704
A0A7G5C2U0,1,PF00704
A0A7G5C533,1,PF00704
A0A7G5C655,1,PF00704
A0A7G5DYF1,2,G3DSA:3.20.20.370
A0A7G5DYF1,2,PF00704
A0A7G5E9M0,1,PF00704
A0A7G5H6T0,1,PF00704
A0A7G5MYZ5,1,PF00704
A0A7G5N258,1,PS51910
A0A7G5N299,1,PF00704
A0A7G5XBX6,1,PF00704
A0A7G5Z379,2,G3DSA:3.20.20.370
A0A7G5Z379,2,PF00704
A0A7G6E696,1,PF00704
A0A7G6WUQ7,1,PF00704
A0A7G6WV90,1,PF00704
A0A7G6WVP6,1,PF00704
A0A7G6X0D9,1,PF00704
A0A7G6X250,1,PS51910
A0A7G6X251,1,PF00704
A0A7G6X3E3,1,PF00704
A0A7G6X4X8,1,PF00704
A0A7G6XC34,1,PF00704
A0A7G6XFI1,1,PF00704
A0A7G6XG75,1,PF00704
A0A7G6XH52,1,PF00704
A0A7G6XLT1,1,PF00704
A0A7G6XQ28,1,PF00704
A0A7G6YFI6,1,PS51910
A0A7G6Z786,1,PF00704
A0A7G7BDY2,1,PF00704
A0A7G7BHS3,1,PF00704
A0A7G7BIU9,1,PF00704
A0A7G7FXP3,1,PF00704
A0A7G7G6B4,1,PF00704
A0A7G7SUE8,1,PF00704
A0A7G7U9N4,1,PF00704
A0A7G7UBW6,1,PF00704
A0A7G7UDC8,1,PF00704
A0A7G7UFD7,1,PF00704
A0A7G8BEC1,1,PF00704
A0A7G8BEQ5,1,PF00704
A0A7G8BHL7,1,PF00704
A0A7G8BI01,2,G3DSA:3.20.20.370
A0A7G8BI01,2,PF00704
A0A7G8BQZ0,1,PF00704
A0A7G8BTQ9,2,G3DSA:3.20.20.370
A0A7G8BTQ9,2,PF00704
A0A7G8BX84,1,PF00704
A0A7G8BXU7,1,PF00704
A0A7G8DFX2,1,PF00704
A0A7G8E998,1,PF00704
A0A7G8EH79,1,PF00704
A0A7G8F2V9,1,PF00704
A0A7G8FX26,1,PF00704
A0A7G8G1U9,1,PS51910
A0A7G8G1V0,1,PS51910
A0A7G8G1V1,1,PF00704
A0A7G8HLP2,1,PF00704
A0A7G8J442,1,PF00704
A0A7G8Q2I9,1,PF00704
A0A7G8Q393,1,PF00704
A0A7G8UHB6,1,PF00704
A0A7G8UL70,1,PF00704
A0A7G8USF3,1,PF00704
A0A7G8UUG3,1,PF00704
A0A7G8UUK8,1,PF00704
A0A7G8UXD5,1,PF00704
A0A7G8UZ92,1,PS51910
A0A7G8V0P1,1,PS51910
A0A7G8V2V1,1,PF00704
A0A7G8V723,1,PF00704
A0A7G8V7Y8,2,G3DSA:3.20.20.370
A0A7G8V7Y8,2,PF00704
A0A7G8V832,1,PS51910
A0A7G8VA00,1,PF00704
A0A7G8X0N4,1,PF00704
A0A7G8XA51,1,PF00704
A0A7G8YS23,1,PF00704
A0A7G8YU70,1,PF00704
A0A7G9B156,1,PF00704
A0A7G9B2F5,1,PF00704
A0A7G9B2G1,1,PF00704
A0A7G9B7P9,1,PF00704
A0A7G9BFG1,1,PF00704
A0A7G9BIM0,1,PF00704
A0A7G9FD19,1,PF00704
A0A7G9FWI0,1,PF00704
A0A7G9G1H6,1,PF00704
A0A7G9G1K3,1,PF00704
A0A7G9G9P3,1,PF00704
A0A7G9GG87,1,PF00704
A0A7G9GSR4,1,PF00704
A0A7G9QB87,1,PF00704
A0A7G9QBB1,1,PF00704
A0A7G9QCZ6,1,PF00704
A0A7G9QFW8,2,G3DSA:3.20.20.370
A0A7G9QFW8,2,PF00704
A0A7G9QWT1,1,PF00704
A0A7G9R5H7,1,PF00704
A0A7G9R5H8,1,PS51910
A0A7G9RTA4,1,PF00704
A0A7G9RYU8,1,PF00704
A0A7G9TD36,1,PS51910
A0A7G9XRX2,1,PF00704
A0A7G9XT70,1,PF00704
A0A7H0HP13,1,PF00704
A0A7H0HWS2,1,PF00704
A0A7H0HWW4,1,PF00704
A0A7H0HX46,1,PF00704
A0A7H0HXQ6,1,PF00704
A0A7H0HYG6,1,PF00704
A0A7H0I3I8,2,G3DSA:2.10.10.20:FF:000001
A0A7H0I3I8,2,PF00704
A0A7H0IBK4,1,PF00704
A0A7H0LLC3,2,G3DSA:3.20.20.370
A0A7H0LLC3,2,PF00704
A0A7H0M8F4,1,PF00704
A0A7H0MAD3,1,PF00704
A0A7H0NFZ1,1,PF00704
A0A7H0NGS4,1,PF00704
A0A7H0NHQ4,1,PF00704
A0A7H0NST1,1,PF00704
A0A7H0NSU6,1,PF00704
A0A7H0NUK7,1,PF00704
A0A7H0NVN4,1,PF00704
A0A7H0Y6N7,1,PF00704
A0A7H0YA09,1,PF00704
A0A7H0YCT2,1,PF00704
A0A7H1B180,1,PF00704
A0A7H1B2C8,1,PF00704
A0A7H1B5U9,1,PF00704
A0A7H1BBI4,1,PS51910
A0A7H1BF85,1,PF00704
A0A7H1BF99,1,PF00704
A0A7H1BIA9,1,PS51910
A0A7H1K1N9,1,PF00704
A0A7H1PXB8,1,PF00704
A0A7H1PZ23,1,PF00704
A0A7H1Q4N0,1,PS51910
A0A7H1Q5F6,1,PF00704
A0A7H1Q9Z1,1,PS51910
A0A7H1QB50,1,PF00704
A0A7H1QC19,1,PF00704
A0A7H1RT40,1,PF00704
A0A7H1RYA3,1,PF00704
A0A7H4LUQ4,1,PF00704
A0A7H4LUQ6,1,PF00704
A0A7H4LXN7,1,PF00704
A0A7H4M0B6,1,PF00704
A0A7H4M0B7,1,PF00704
A0A7H4MI24,1,PF00704
A0A7H4MI25,1,PF00704
A0A7H4N130,1,PF00704
A0A7H4N512,1,PF00704
A0A7H4N817,1,PF00704
A0A7H5A1S8,1,PF00704
A0A7H5A867,1,PF00704
A0A7H5F1I4,1,PF00704
A0A7H8GIX9,1,PF00704
A0A7H8H8E1,1,PF00704
A0A7H8HGF7,1,PF00704
A0A7H8HHK8,1,PF00704
A0A7H8HJF9,1,PS51910
A0A7H8HK01,1,PF00704
A0A7H8HPZ9,1,PF00704
A0A7H8HQN8,1,PF00704
A0A7H8HSA5,1,PS51910
A0A7H8HSI2,1,PF00704
A0A7H8HX69,1,PF00704
A0A7H8HXU9,1,PS51910
A0A7H8HZA6,1,PF00704
A0A7H8I077,1,PF00704
A0A7H8IFN8,1,PF00704
A0A7H8J3Q8,1,PF00704
A0A7H8JK67,1,PF00704
A0A7H8JR70,1,PF00704
A0A7H8JZL4,1,PF00704
A0A7H8K8N3,1,PF00704
A0A7H8KCL3,1,PF00704
A0A7H8KDM6,1,PF00704
A0A7H8KFN8,1,PF00704
A0A7H8KHI6,1,PF00704
A0A7H8KRB5,1,PF00704
A0A7H8KRM6,1,PF00704
A0A7H8KS01,1,PF00704
A0A7H8KTG8,1,PF00704
A0A7H8KTJ3,1,PF00704
A0A7H8KTK4,1,PF00704
A0A7H8KU67,1,PF00704
A0A7H8KXU8,1,PF00704
A0A7H8KYT1,1,PF00704
A0A7H8L260,1,PF00704
A0A7H8L2B2,1,PF00704
A0A7H8L4J2,1,PS51910
A0A7H8L553,1,PF00704
A0A7H8L5A1,1,PF00704
A0A7H8L5C8,1,PF00704
A0A7H8L615,1,PF00704
A0A7H8L824,1,PF00704
A0A7H8M6E0,1,PF00704
A0A7H8M750,1,PF00704
A0A7H8M8G0,1,PF00704
A0A7H8MF14,1,PS51910
A0A7H8MFJ7,1,PF00704
A0A7H8MH76,1,PS51910
A0A7H8MHG6,1,PF00704
A0A7H8MI12,1,PF00704
A0A7H8MI39,1,PF00704
A0A7H8MSU0,1,PF00704
A0A7H8MUK5,1,PF00704
A0A7H8MZD8,1,PF00704
A0A7H8N1M7,1,PF00704
A0A7H8N2U6,1,PF00704
A0A7H8NC98,1,PF00704
A0A7H8NCA1,1,PF00704
A0A7H8ND03,1,PF00704
A0A7H8NDC3,1,PF00704
A0A7H8NFW1,1,PF00704
A0A7H8NGZ1,1,PF00704
A0A7H8NHN1,1,PF00704
A0A7H8NI39,1,PF00704
A0A7H8NI55,1,PS51910
A0A7H8NIG4,1,PF00704
A0A7H8NRC6,1,PF00704
A0A7H8NUG8,1,PF00704
A0A7H8PJW8,1,PF00704
A0A7H8PLN4,1,PF00704
A0A7H8PML4,1,PF00704
A0A7H8PPJ0,3,PF00704
A0A7H8PTL5,1,PF00704
A0A7H8PZ20,1,PF00704
A0A7H8PZD8,1,PF00704
A0A7H8Q2I5,1,PF00704
A0A7H8Q3S8,1,PF00704
A0A7H8S9Q5,1,PF00704
A0A7H8T0T3,1,PS51910
A0A7H8T2T2,1,PS51910
A0A7H8T4A6,1,PF00704
A0A7H8T5Z6,1,PF00704
A0A7H8TAV1,1,PF00704
A0A7H8TD69,1,PS51910
A0A7H8TE96,1,PF00704
A0A7H8THJ8,1,PF00704
A0A7H8TK74,1,PF00704
A0A7H8UHV6,1,PF00704
A0A7H8UIR9,1,PF00704
A0A7H8WEM3,2,G3DSA:3.20.20.370
A0A7H8WEM3,2,PF00704
A0A7H8XQE7,1,PF00704
A0A7H8XRW8,1,PF00704
A0A7H8XWP5,1,PS51910
A0A7H9AWH6,1,PF00704
A0A7H9BDU9,2,PF00704
A0A7H9BDU9,2,SSF51445
A0A7H9BFA1,1,PF00704
A0A7H9BH75,1,PF00704
A0A7H9BHI8,1,PF00704
A0A7H9BHS1,1,PF00704
A0A7H9BJK3,1,PF00704
A0A7H9BM90,1,PF00704
A0A7H9BN34,1,PF00704
A0A7H9BN42,1,PF00704
A0A7H9BNN2,1,PF00704
A0A7H9BP05,2,PF00704
A0A7H9BP05,2,PF06483
A0A7H9BP10,1,PF00704
A0A7H9BPH6,1,PF00704
A0A7H9S1F9,1,PF00704
A0A7I0HQD9,1,PF00704
A0A7I0HVW5,1,PF00704
A0A7I7JW88,2,PF00704
A0A7I7JW88,2,SSF51445
A0A7I7L7U2,1,PS51910
A0A7I7LIJ4,1,PF00704
A0A7I7MJW0,3,G3DSA:3.20.20.80
A0A7I7MJW0,3,PS51910
A0A7I7MJW0,3,SSF51445
A0A7I7STT4,1,PF00704
A0A7I7TAG3,1,PF00704
A0A7I7U6L0,1,PF00704
A0A7I8D412,1,PF00704
A0A7I8D9M6,1,PS51910
A0A7I8DD49,1,PF00704
A0A7I8DE51,1,PF00704
A0A7I8DES5,1,PF00704
A0A7I8DFG3,1,PF00704
A0A7I8DFR3,1,PF00704
A0A7I8DGQ1,1,PF00704
A0A7I8DH06,1,PF00704
A0A7I8DI45,1,PF00704
A0A7I8DIB0,1,PF00704
A0A7I8DIT0,1,PF00704
A0A7I8DIV6,1,PF00704
A0A7I8DLM4,1,PF00704
A0A7I8DLX4,1,PF00704
A0A7I8DNV1,1,PF00704
A0A7I8DP50,1,PF00704
A0A7I8DS69,1,PF00704
A0A7I8E957,1,PF00704
A0A7I8E9C6,1,PF00704
A0A7I8EBB0,1,PF00704
A0A7I8EBC4,1,PF00704
A0A7I8ED62,1,PF00704
A0A7I8EEC5,1,PF00704
A0A7I8EG83,1,PF00704
A0A7I8EGK2,1,PF00704
A0A7I8EHI6,1,PF00704
A0A7I8EI72,1,PS51910
A0A7I8ELM6,1,PF00704
A0A7I8EN73,1,PF00704
A0A7I8ENG0,1,PF00704
A0A7I8ESY6,1,PF00704
A0A7I8YPU9,1,PF00704
A0A7I9YPI3,1,PF00704
A0A7I9ZSW2,2,PF00704
A0A7I9ZSW2,2,SSF51445
A0A7J0C9V7,1,PF00704
A0A7J0CAE1,1,PF00704
A0A7J0CB11,1,PF00704
A0A7J0CBW2,1,PF00704
A0A7J0CC22,1,PF00704
A0A7J0CEF8,1,PF00704
A0A7J0CGF1,1,PF00704
A0A7J0CGT2,1,PS51910
A0A7J0CGY6,1,PS51910
A0A7J0CHB9,1,PF00704
A0A7J0CJ86,1,PF00704
A0A7J0CJN4,1,PF00704
A0A7J0CNP1,1,PS51910
A0A7J0CW39,1,PF00704
A0A7J0CWP9,1,PF00704
A0A7J0CXB8,1,PF00704
A0A7J0CYJ3,1,PF00704
A0A7J0CZ92,1,PF00704
A0A7J0D5U1,1,PF00704
A0A7J3MK28,1,PF00704
A0A7J4VBR5,1,PF00704
A0A7J4XI54,1,PF00704
A0A7J4XI90,1,PF00704
A0A7J4Y2J0,1,PF00704
A0A7J4YPD7,1,PF00704
A0A7J4YR47,1,PF00704
A0A7J4ZWE4,1,PF00704
A0A7J4ZWG2,1,PF00704
A0A7J5A1H2,1,PF00704
A0A7J5A4W9,1,PF00704
A0A7J5ALA4,1,PF00704
A0A7J5AUN7,1,PF00704
A0A7J5AVW1,1,PF00704
A0A7J5C9E4,1,PS51910
A0A7J5CBM3,1,PF00704
A0A7J5CEM1,1,PF00704
A0A7J5CH76,1,PF00704
A0A7J5CI01,1,PF00704
A0A7J5D9G4,1,PF00704
A0A7J5D9X2,1,PF00704
A0A7J5DD01,1,PS51910
A0A7J5DGX0,1,PF00704
A0A7J5DQ36,1,PS51910
A0A7J5E3Q3,1,PF00704
A0A7J5E8W1,1,PF00704
A0A7J5F150,1,PF00704
A0A7J5F599,1,PF00704
A0A7J5F6T2,1,PF00704
A0A7J5GQK0,1,PF00704
A0A7J5GZH2,1,PF00704
A0A7J5H2M2,1,PS51910
A0A7J5H5H7,1,PF00704
A0A7J5HAU2,1,PF00704
A0A7J5HIB5,1,PF00704
A0A7J5JMI6,1,PF00704
A0A7J5JYX8,1,PF00704
A0A7J5LHC6,1,PS51910
A0A7J5NY91,1,PF00704
A0A7J5NZS6,1,PF00704
A0A7J5P8M0,1,PF00704
A0A7J5QQJ4,1,PF00704
A0A7J5U0S6,1,PF00704
A0A7J5U1A0,1,PF00704
A0A7J5W4U5,1,PF00704
A0A7J5WQN6,2,G3DSA:3.20.20.370
A0A7J5WQN6,2,PF00704
A0A7J9PY01,1,PF00704
A0A7J9QRN7,1,PF00704
A0A7J9R4L7,1,PF00704
A0A7J9WIG9,1,PF00704
A0A7J9Y5I3,1,PF00704
A0A7J9Y9I4,1,PF00704
A0A7J9ZUM8,1,PF00704
A0A7K0BXS3,1,PF00704
A0A7K0BYQ3,1,PF00704
A0A7K0C383,1,PF00704
A0A7K0CAB3,1,PF00704
A0A7K0CAH3,1,PF00704
A0A7K0CEX2,1,PF00704
A0A7K0CGP0,1,PF00704
A0A7K0CKL2,1,PF00704
A0A7K0CMW9,1,PF00704
A0A7K0CSY6,1,PF00704
A0A7K0CT08,1,PF00704
A0A7K0EPC7,1,PF00704
A0A7K0F7Z5,1,PF00704
A0A7K0F8H4,1,PF00704
A0A7K0FES2,1,PF00704
A0A7K0FES8,1,PF00704
A0A7K0FF24,2,PF00704
A0A7K0FXI1,1,PF00704
A0A7K0G0S3,1,PF00704
A0A7K0KB35,2,G3DSA:3.20.20.370
A0A7K0KB35,2,PF00704
A0A7K0L351,1,PF00704
A0A7K0L592,1,PF00704
A0A7K0LJF9,1,PF00704
A0A7K0LQR7,1,PF00704
A0A7K0LUJ2,1,PF00704
A0A7K0LVZ4,1,PF00704
A0A7K0LXJ8,1,PF00704
A0A7K0MVT2,1,PF00704
A0A7K0N281,1,PF00704
A0A7K0N2N5,1,PF00704
A0A7K0N603,1,PF00704
A0A7K0NK81,1,PF00704
A0A7K0P1K2,1,PF00704
A0A7K0P2P1,1,PF00704
A0A7K0Q4H0,1,PF00704
A0A7K0QCB7,1,PF00704
A0A7K0QZ90,1,PF00704
A0A7K0R2C9,1,PF00704
A0A7K0S4S6,1,PF00704
A0A7K0SD17,1,PF00704
A0A7K0STZ2,1,PF00704
A0A7K0T084,1,PF00704
A0A7K0TE78,1,PF00704
A0A7K0TSB8,1,PF00704
A0A7K0TYT5,1,PF00704
A0A7K0UA16,1,PF00704
A0A7K0UVM5,1,PF00704
A0A7K0VD37,1,PF00704
A0A7K0VG45,1,PF00704
A0A7K0VGW4,1,PF00704
A0A7K0VK15,1,PF00704
A0A7K0VLH5,1,PF00704
A0A7K0VNY5,1,PF00704
A0A7K0VYD5,1,PF00704
A0A7K0W1M0,1,PF00704
A0A7K0W894,1,PF00704
A0A7K0WDI8,1,PF00704
A0A7K0WQM5,1,PS51910
A0A7K0XD10,1,PS51910
A0A7K0XE99,1,PF00704
A0A7K0XH61,1,PF00704
A0A7K0XK03,1,PF00704
A0A7K0YE25,1,PF00704
A0A7K0YZW2,1,PF00704
A0A7K0Z2Y9,1,PF00704
A0A7K0Z5C4,1,PF00704
A0A7K0ZAM4,1,PF00704
A0A7K0ZKE3,1,PS51910
A0A7K1AI59,1,PF00704
A0A7K1AKH6,1,PF00704
A0A7K1APK4,1,PF00704
A0A7K1AUB2,1,PF00704
A0A7K1BAY0,1,PF00704
A0A7K1BCM9,1,PF00704
A0A7K1BE11,1,PF00704
A0A7K1BH96,1,PF00704
A0A7K1BPQ9,1,PF00704
A0A7K1BVK1,1,PF00704
A0A7K1BZU4,1,PF00704
A0A7K1C1T7,1,PF00704
A0A7K1CER8,1,PF00704
A0A7K1CJE6,1,PF00704
A0A7K1CTR2,1,PF00704
A0A7K1DVE1,1,PF00704
A0A7K1EST5,1,PF00704
A0A7K1EWS0,1,PF00704
A0A7K1F040,1,PF00704
A0A7K1F1A5,1,PF00704
A0A7K1FXU1,2,G3DSA:3.20.20.370
A0A7K1FXU1,2,PF00704
A0A7K1FYR3,1,PF00704
A0A7K1G2V9,1,PF00704
A0A7K1G2X8,2,PF00704
A0A7K1G9E1,1,PF00704
A0A7K1H2X3,1,PF00704
A0A7K1KUD1,1,PF00704
A0A7K1KZ78,1,PF00704
A0A7K1KZJ8,1,PF00704
A0A7K1KZV4,1,PF00704
A0A7K1L2R4,1,PS51910
A0A7K1L3B6,1,PF00704
A0A7K1L711,1,PF00704
A0A7K1LRG8,1,PF00704
A0A7K1S5I8,1,PF00704
A0A7K1SRS0,2,G3DSA:3.20.20.370
A0A7K1SRS0,2,PF00704
A0A7K1STT5,1,PF00704
A0A7K1TAD9,1,PF00704
A0A7K1TR94,1,PF00704
A0A7K1TSZ5,1,PF00704
A0A7K1U017,1,PS51910
A0A7K1U2I8,1,PF00704
A0A7K1U5R3,1,PF00704
A0A7K1U6I4,1,PF00704
A0A7K1U6I9,2,PF00704
A0A7K1UV37,1,PS51910
A0A7K1VVC9,1,PF00704
A0A7K1VW09,1,PF00704
A0A7K1VW76,1,PF00704
A0A7K1VX07,1,PF00704
A0A7K1VXQ9,1,PS51910
A0A7K1W189,1,PF00704
A0A7K1W3G3,1,PF00704
A0A7K1W467,1,PF00704
A0A7K1W5R2,1,PF00704
A0A7K1W6I1,1,PF00704
A0A7K1W9N9,1,PS51910
A0A7K1WUT6,1,PF00704
A0A7K1WX11,1,PF00704
A0A7K1X287,2,PF00704
A0A7K1XZK3,1,PF00704
A0A7K1Y0F5,1,PF00704
A0A7K1Y1A0,1,PF00704
A0A7K1Y6U6,1,PF00704
A0A7K1YAR4,2,G3DSA:3.20.20.370
A0A7K1YAR4,2,PF00704
A0A7K1YGD5,1,PF00704
A0A7K1ZH68,1,PF00704
A0A7K1ZL75,1,PF00704
A0A7K2C2G6,1,PF00704
A0A7K2C6A9,1,PF00704
A0A7K2CC29,1,PF00704
A0A7K2EIB4,1,PF00704
A0A7K2EUA4,1,PF00704
A0A7K2EUT5,1,PF00704
A0A7K2EX90,1,PF00704
A0A7K2EYN6,1,PF00704
A0A7K2EZN9,1,PF00704
A0A7K2F6C7,1,PS51910
A0A7K2FA29,1,PF00704
A0A7K2FFB9,1,PF00704
A0A7K2FHR3,1,PS51910
A0A7K2FJD7,1,PF00704
A0A7K2FMP1,1,PS51910
A0A7K2FR04,1,PF00704
A0A7K2FV90,1,PS51910
A0A7K2IPZ9,1,PF00704
A0A7K2IVH0,1,PF00704
A0A7K2IVH7,1,PF00704
A0A7K2IWH7,1,PF00704
A0A7K2J0J6,1,PF00704
A0A7K2J0M6,1,PF00704
A0A7K2J1F3,1,PF00704
A0A7K2J1Q6,1,PF00704
A0A7K2J4Y5,1,PF00704
A0A7K2J6A7,1,PF00704
A0A7K2JG05,1,PF00704
A0A7K2JMQ7,1,PF00704
A0A7K2JNB9,1,PS51910
A0A7K2JPC2,1,PS51910
A0A7K2JQ24,1,PF00704
A0A7K2JTP6,1,PF00704
A0A7K2JUC1,1,PF00704
A0A7K2JUT4,1,PF00704
A0A7K2JVS6,1,PF00704
A0A7K2JYD4,1,PF00704
A0A7K2JYK4,1,PF00704
A0A7K2JYP2,1,PF00704
A0A7K2KK85,1,PF00704
A0A7K2KMG5,1,PF00704
A0A7K2KMV0,1,PF00704
A0A7K2KQU2,1,PF00704
A0A7K2KRQ9,1,PF00704
A0A7K2KX72,1,PS51910
A0A7K2KYL7,1,PF00704
A0A7K2KZN9,1,PF00704
A0A7K2L0M1,1,PF00704
A0A7K2L2P7,1,PS51910
A0A7K2L3U8,1,PF00704
A0A7K2L486,1,PF00704
A0A7K2LT53,1,PF00704
A0A7K2LUS3,1,PF00704
A0A7K2LXJ0,1,PF00704
A0A7K2M0L6,1,PS51910
A0A7K2M547,1,PF00704
A0A7K2M7Q2,1,PF00704
A0A7K2MAD8,1,PS51910
A0A7K2MCD5,1,PS51910
A0A7K2MG48,1,PF00704
A0A7K2MR64,1,PF00704
A0A7K2MSR9,1,PF00704
A0A7K2MTQ4,1,PF00704
A0A7K2MZE0,1,PF00704
A0A7K2N097,1,PF00704
A0A7K2N1H3,1,PS51910
A0A7K2N4V1,1,PF00704
A0A7K2N591,1,PF00704
A0A7K2N5Z5,1,PF00704
A0A7K2NA18,1,PS51910
A0A7K2NA59,1,PF00704
A0A7K2NFE5,1,PF00704
A0A7K2NK58,1,PF00704
A0A7K2NM89,1,PF00704
A0A7K2NSR6,1,PF00704
A0A7K2NYQ7,1,PF00704
A0A7K2NZJ0,1,PF00704
A0A7K2P0W8,1,PF00704
A0A7K2P7R0,1,PF00704
A0A7K2P7R5,1,PF00704
A0A7K2PAQ5,1,PF00704
A0A7K2PBS1,1,PF00704
A0A7K2PCI8,1,PF00704
A0A7K2PDE5,1,PS51910
A0A7K2PDG0,1,PF00704
A0A7K2PHJ2,1,PF00704
A0A7K2PLZ4,1,PS51910
A0A7K2PSZ1,1,PF00704
A0A7K2PTZ2,1,PF00704
A0A7K2PUT7,1,PF00704
A0A7K2PX99,2,PS51910
A0A7K2PX99,2,SSF51445
A0A7K2PXD3,1,PS51910
A0A7K2Q6X1,1,PF00704
A0A7K2Q9N8,1,PF00704
A0A7K2QBN0,1,PF00704
A0A7K2QFR6,1,PF00704
A0A7K2QGR2,1,PF00704
A0A7K2QK76,1,PF00704
A0A7K2QN61,1,PF00704
A0A7K2QN90,1,PF00704
A0A7K2QNP7,1,PF00704
A0A7K2S3B8,1,PF00704
A0A7K2S3M3,1,PF00704
A0A7K2S4B9,1,PF00704
A0A7K2S5J1,1,PF00704
A0A7K2S5U6,1,PF00704
A0A7K2SHU2,1,PS51910
A0A7K2SI48,1,PF00704
A0A7K2SJI6,1,PF00704
A0A7K2SK96,1,PF00704
A0A7K2T7C4,1,PF00704
A0A7K2T9S6,1,PF00704
A0A7K2TGV6,1,PF00704
A0A7K2THG3,1,PF00704
A0A7K2TJC9,1,PS51910
A0A7K2TJN9,1,PS51910
A0A7K2TKG4,1,PF00704
A0A7K2TKX4,1,PF00704
A0A7K2TNM8,1,PF00704
A0A7K2TNY4,1,PF00704
A0A7K2TP66,1,PF00704
A0A7K2TTE8,1,PF00704
A0A7K2TU37,1,PF00704
A0A7K2TVF8,1,PS51910
A0A7K2U2V1,1,PF00704
A0A7K2U4X2,1,PF00704
A0A7K2VCR9,1,PS51910
A0A7K2VFM6,1,PF00704
A0A7K2VNL5,1,PS51910
A0A7K2VQA1,1,PS51910
A0A7K2VR00,1,PF00704
A0A7K2VUW2,1,PF00704
A0A7K2VXA6,1,PF00704
A0A7K2VYD2,1,PF00704
A0A7K2VYE4,1,PF00704
A0A7K2VZ95,1,PF00704
A0A7K2W440,1,PS51910
A0A7K2WG09,1,PF00704
A0A7K2WJ70,1,PF00704
A0A7K2WL75,1,PF00704
A0A7K2WL83,1,PS51910
A0A7K2WLF2,1,PS51910
A0A7K2WRR2,1,PF00704
A0A7K2WSI6,1,PF00704
A0A7K2WXB1,1,PF00704
A0A7K2X213,1,PF00704
A0A7K2X2T9,1,PF00704
A0A7K2X9M8,1,PS51910
A0A7K2XAR3,1,PF00704
A0A7K2XBK7,1,PF00704
A0A7K2XFY6,1,PF00704
A0A7K2XHG9,1,PF00704
A0A7K2XK55,1,PF00704
A0A7K2XKG7,1,PF00704
A0A7K2XMF2,1,PF00704
A0A7K2XMV1,1,PF00704
A0A7K2XNC6,1,PF00704
A0A7K2XQP5,1,PF00704
A0A7K2XU67,1,PF00704
A0A7K2XYG1,1,PS51910
A0A7K2Y078,1,PF00704
A0A7K2Y5T7,1,PS51910
A0A7K2Y791,1,PF00704
A0A7K2Y9E8,1,PF00704
A0A7K2Y9V4,1,PF00704
A0A7K2YDF8,1,PF00704
A0A7K2YDL1,1,PF00704
A0A7K2YDT3,1,PF00704
A0A7K2YGX9,1,PF00704
A0A7K2YL33,1,PF00704
A0A7K2YU22,1,PF00704
A0A7K2YUL2,1,PF00704
A0A7K2YWN9,1,PF00704
A0A7K2Z869,1,PS51910
A0A7K2Z9Y6,1,PF00704
A0A7K2ZD87,1,PF00704
A0A7K2ZFM4,1,PF00704
A0A7K2ZG54,1,PF00704
A0A7K2ZGH0,1,PF00704
A0A7K2ZGL7,1,PS51910
A0A7K2ZGU8,1,PF00704
A0A7K2ZJ15,1,PF00704
A0A7K2ZM04,1,PF00704
A0A7K2ZPJ2,1,PF00704
A0A7K2ZQK7,1,PF00704
A0A7K2ZRQ3,1,PF00704
A0A7K2ZSH3,1,PF00704
A0A7K2ZUS8,1,PF00704
A0A7K2ZV94,1,PF00704
A0A7K2ZVU4,1,PF00704
A0A7K2ZZL8,1,PF00704
A0A7K2ZZY6,1,PF00704
A0A7K3A0L4,1,PF00704
A0A7K3A0U4,1,PS51910
A0A7K3A174,1,PF00704
A0A7K3A2V8,1,PS51910
A0A7K3A7L8,1,PF00704
A0A7K3AAA6,1,PS51910
A0A7K3AE44,1,PF00704
A0A7K3AEH7,1,PF00704
A0A7K3AII8,1,PF00704
A0A7K3AN96,1,PF00704
A0A7K3ANB6,1,PF00704
A0A7K3APP7,1,PF00704
A0A7K3AS10,1,PF00704
A0A7K3AT21,1,PF00704
A0A7K3ATX6,1,PF00704
A0A7K3AU22,1,PF00704
A0A7K3AXQ8,1,PF00704
A0A7K3B2I9,1,PS51910
A0A7K3B3C6,1,PS51910
A0A7K3BB81,1,PF00704
A0A7K3BCR2,1,PF00704
A0A7K3BKJ3,1,PS51910
A0A7K3BKL5,1,PF00704
A0A7K3CQG4,1,PF00704
A0A7K3CQI3,1,PF00704
A0A7K3CWA1,1,PF00704
A0A7K3D0N7,1,PF00704
A0A7K3D3H8,1,PF00704
A0A7K3D4J7,1,PF00704
A0A7K3D6U9,1,PF00704
A0A7K3DAC5,1,PF00704
A0A7K3DCE8,1,PS51910
A0A7K3DDU2,1,PF00704
A0A7K3DDV2,1,PF00704
A0A7K3DDY7,1,PF00704
A0A7K3DFE7,1,PS51910
A0A7K3DJL8,1,PF00704
A0A7K3DS17,1,PS51910
A0A7K3DUY9,1,PS51910
A0A7K3DW00,1,PF00704
A0A7K3DWS5,1,PF00704
A0A7K3E989,1,PF00704
A0A7K3EA32,1,PF00704
A0A7K3ED83,1,PF00704
A0A7K3EKA7,1,PF00704
A0A7K3EKD8,1,PF00704
A0A7K3ETL1,1,PS51910
A0A7K3EV07,1,PF00704
A0A7K3EWU4,1,PF00704
A0A7K3EYK6,1,PF00704
A0A7K3EZG4,1,PS51910
A0A7K3F398,1,PF00704
A0A7K3F4R3,1,PF00704
A0A7K3FU62,1,PF00704
A0A7K3FWS8,1,PF00704
A0A7K3FWV7,1,PF00704
A0A7K3FXM8,1,PF00704
A0A7K3FZ49,1,PS51910
A0A7K3G0W2,1,PS51910
A0A7K3G1M7,1,PF00704
A0A7K3G7B2,1,PF00704
A0A7K3G8X3,1,PF00704
A0A7K3GA56,1,PF00704
A0A7K3GCT3,1,PF00704
A0A7K3GEI2,1,PF00704
A0A7K3GSP7,1,PF00704
A0A7K3GTQ6,1,PS51910
A0A7K3GTY0,1,PS51910
A0A7K3GUU7,1,PF00704
A0A7K3GV11,1,PF00704
A0A7K3GWE6,1,PF00704
A0A7K3GYC0,1,PF00704
A0A7K3GZY1,1,PF00704
A0A7K3GZY2,1,PF00704
A0A7K3H0T0,1,PF00704
A0A7K3H7E4,1,PF00704
A0A7K3HEQ2,1,PF00704
A0A7K3LYQ6,1,PF00704
A0A7K3M8P8,1,PF00704
A0A7K3NPB8,1,PF00704
A0A7K3PC91,1,PF00704
A0A7K3PCE0,1,PF00704
A0A7K3PCP9,1,PS51910
A0A7K3PFX4,1,PF00704
A0A7K3PHQ8,2,G3DSA:2.10.10.20:FF:000001
A0A7K3PHQ8,2,PF00704
A0A7K3PMF1,1,PF00704
A0A7K3PPX8,1,PF00704
A0A7K3PS68,1,PF00704
A0A7K3PTM0,1,PF00704
A0A7K3PUT9,1,PF00704
A0A7K3QKD7,1,PS51910
A0A7K3QVP7,1,PS51910
A0A7K3QWM4,1,PF00704
A0A7K3QXA5,1,PF00704
A0A7K3R2C9,1,PF00704
A0A7K3RF70,1,PF00704
A0A7K3RLK0,1,PF00704
A0A7K3RLT7,1,PF00704
A0A7K3RM37,1,PF00704
A0A7K3RPI4,1,PF00704
A0A7K3RPU5,1,PF00704
A0A7K3RUL1,1,PF00704
A0A7K3RVX4,1,PF00704
A0A7K3RZK2,1,PF00704
A0A7K3S378,1,PF00704
A0A7K3S3I1,1,PF00704
A0A7K3S3Q4,1,PF00704
A0A7K3S4L8,1,PF00704
A0A7K3SAL4,1,PF00704
A0A7K3STM4,1,PF00704
A0A7K3UPB8,1,PF00704
A0A7K3W339,1,PF00704
A0A7K3WX16,1,PF00704
A0A7K3X1U5,1,PF00704
A0A7K3X2H0,1,PF00704
A0A7K3XAD5,1,PS51910
A0A7L4P3Z7,1,PF00704
A0A7L4TDV2,1,PF00704
A0A7L4TKP7,2,PF00704
A0A7L4TM80,1,PF00704
A0A7L4TMN6,1,PF00704
A0A7L4XW39,1,PF00704
A0A7L4Y039,1,PF00704
A0A7L4Y2G0,1,PS51910
A0A7L4Y7B1,1,PF00704
A0A7L4Y7P9,1,PF00704
A0A7L4Y8H7,1,PF00704
A0A7L4Y8M3,1,PF00704
A0A7L4YBH0,1,PF00704
A0A7L4YVR3,1,PS51910
A0A7L4YZ56,1,PF00704
A0A7L4YZN1,1,PF00704
A0A7L4YZR9,1,PS51910
A0A7L4Z409,1,PF00704
A0A7L4Z5P5,1,PF00704
A0A7L4ZBS6,1,PS51910
A0A7L5A5L4,2,G3DSA:3.20.20.370
A0A7L5A5L4,2,PF00704
A0A7L5A7F8,1,PF00704
A0A7L5C7P6,1,PF00704
A0A7L5DL91,1,PF00704
A0A7L5DUG8,2,G3DSA:3.20.20.370
A0A7L5DUG8,2,PF00704
A0A7L5E1D2,1,PF00704
A0A7L5E3E9,2,G3DSA:3.20.20.370
A0A7L5E3E9,2,PF00704
A0A7L5T0N2,1,PS51910
A0A7L5YWS2,2,PF00704
A0A7L5YWS2,2,SSF51445
A0A7L6AP13,1,PF00704
A0A7L6AP23,1,PF00704
A0A7L6AY46,1,PF00704
A0A7L6AZ13,1,PF00704
A0A7L6B3U0,1,PF00704
A0A7L6B428,1,PS51910
A0A7L6B536,1,PF00704
A0A7L6BC28,1,PF00704
A0A7L6BFC3,1,PF00704
A0A7L6CIM6,1,PF00704
A0A7L7ILD7,1,PF00704
A0A7L7IPK4,1,PF00704
A0A7L7ISS1,1,PF00704
A0A7L7IW58,1,PF00704
A0A7L7L2Q9,1,PF00704
A0A7L7LE54,1,PF00704
A0A7L7LFH0,1,PF00704
A0A7L7ME13,1,PF00704
A0A7L7MFC7,1,PF00704
A0A7L7MI84,1,PF00704
A0A7L7Z2K8,1,PF00704
A0A7L8A0G2,1,PF00704
A0A7L8A0Q4,1,PF00704
A0A7L8A704,1,PF00704
A0A7L8U6Q5,1,PF00704
A0A7L8UI46,2,PF00704
A0A7L8UI63,1,PF00704
A0A7M1KIT2,1,PF00704
A0A7M1Q0Y8,1,PF00704
A0A7M1TAI1,2,G3DSA:3.20.20.370
A0A7M1TAI1,2,PF00704
A0A7M1TC62,1,PF00704
A0A7M2A2T9,1,PF00704
A0A7M2A9B5,1,PF00704
A0A7M2AFD6,1,PF00704
A0A7M2AFH5,1,PF00704
A0A7M2AH85,1,PF00704
A0A7M2AHV9,1,PF00704
A0A7M2AIC7,1,PF00704
A0A7M2BZL0,1,PF00704
A0A7M2QQJ5,1,PF00704
A0A7M2QVR9,1,PF00704
A0A7M2RIK6,1,PF00704
A0A7M2RJ99,1,PF00704
A0A7M2RJL5,1,PF00704
A0A7M2RKR3,1,PF00704
A0A7M2SGM8,1,PF00704
A0A7M2SHM4,1,PF00704
A0A7M2SI23,1,PF00704
A0A7M2SR22,1,PS51910
A0A7M2STK3,1,PF00704
A0A7M2T1Y0,1,PF00704
A0A7M2T5Y6,1,PF00704
A0A7M2T9Z9,1,PF00704
A0A7M2X2N8,1,PF00704
A0A7M2Y6D7,2,G3DSA:3.20.20.370
A0A7M2Y6D7,2,PF00704
A0A7M2ZU65,1,PF00704
A0A7M3M7C2,1,PF00704
A0A7M3M7P0,1,PF00704
A0A7M3M811,1,PF00704
A0A7M3NHS9,1,PF00704
A0A7M3NSP5,1,PF00704
A0A7M3NXZ6,1,PS51910
A0A7M3P2F2,1,PF00704
A0A7M3P3Y2,1,PF00704
A0A7M3P478,1,PF00704
A0A7M3P4C7,1,PS51910
A0A7M3P4Y5,1,PS51910
A0A7M3TCR1,1,PF00704
A0A7R6FIE8,1,PF00704
A0A7R6SYW9,1,PF00704
A0A7R6TP66,2,PF00704
A0A7R6TP66,2,PS51910
A0A7R6W6H0,2,G3DSA:3.30.20.10:FF:000003
A0A7R6W6H0,2,PF00704
A0A7R7DMU6,1,PF00704
A0A7R7DMV0,1,PF00704
A0A7R7DUP0,1,PF00704
A0A7R7DUU2,2,PF00704
A0A7R7DUU2,2,PS51910
A0A7R7EIS5,1,PF00704
A0A7R7EJ49,1,PF00704
A0A7R7EKD7,1,PF00704
A0A7R7EM82,1,PF00704
A0A7R7EMC4,1,PF00704
A0A7R7EN02,1,PF00704
A0A7R7EPZ8,1,PF00704
A0A7R7EQA8,1,PF00704
A0A7R7HYK4,1,PS51910
A0A7R7HZ81,1,PF00704
A0A7R7IB53,1,PF00704
A0A7R8ND26,1,PF00704
A0A7R8NDM4,1,PF00704
A0A7R8NFV5,1,PF00704
A0A7R8NIW7,1,PS51910
A0A7R8NW61,1,PF00704
A0A7R8P3Y8,1,PF00704
A0A7R8RKH5,1,PF00704
A0A7R8RN84,1,PS51910
A0A7R8RSS1,1,PF00704
A0A7R8RTL6,1,PF00704
A0A7S6MZL0,1,PF00704
A0A7S6SDX6,1,PF00704
A0A7S7BYK5,1,PF00704
A0A7S7EPX3,1,PF00704
A0A7S7EQ50,1,PF00704
A0A7S7ESK3,1,PF00704
A0A7S7EV65,1,PF00704
A0A7S7J0G2,1,PF00704
A0A7S7J0R6,1,PF00704
A0A7S7J1M4,1,PF00704
A0A7S7J3B3,1,PF00704
A0A7S7MR83,1,PF00704
A0A7S7NNH2,2,G3DSA:3.20.20.370
A0A7S7NNH2,2,PF00704
A0A7S7Q6T3,1,PF00704
A0A7S7TJG7,1,PF00704
A0A7S7Z775,1,PF00704
A0A7S8EKV3,1,PF00704
A0A7S8HF61,1,PF00704
A0A7S8HGI7,1,PF00704
A0A7S8MVQ2,1,PF00704
A0A7S9C6K8,1,PF00704
A0A7S9C7A1,1,PF00704
A0A7S9GGB4,1,PF00704
A0A7S9L3U7,1,PF00704
A0A7S9YY49,2,G3DSA:3.20.20.370
A0A7S9YY49,2,PS51910
A0A7T0DYW0,1,PF00704
A0A7T0DZA8,1,PF00704
A0A7T1T2A0,1,PF00704
A0A7T1TCS6,1,PF00704
A0A7T1WRS7,1,PS51910
A0A7T2GI79,1,PF00704
A0A7T2GJC2,1,PF00704
A0A7T2PE20,1,PF00704
A0A7T2PFP4,1,PF00704
A0A7T2UQE0,1,PF00704
A0A7T3RDG5,1,PF00704
A0A7T3X3A6,1,PF00704
A0A7T4C5A1,1,PF00704
A0A7T4PDW8,1,PF00704
A0A7T4PMA7,1,PS51910
A0A7T4PNC9,1,PF00704
A0A7T4PPX7,1,PF00704
A0A7T4TYI7,1,PS51910
A0A7T4UK56,1,PF00704
A0A7T4WLC8,1,PF00704
A0A7T4WLS8,1,PF00704
A0A7T4YFC9,2,PF00704
A0A7T4YFC9,2,SSF51989
A0A7T4YFW3,1,PF00704
A0A7T4YJW9,1,PS51910
A0A7T4YL69,1,PF00704
A0A7T5EHA6,1,PF00704
A0A7T5EN04,1,PF00704
A0A7T5ES46,1,PF00704
A0A7T5ES49,1,PF00704
A0A7T5EXN2,1,PF00704
A0A7T5JM65,1,PF00704
A0A7T5JN61,1,PF00704
A0A7T5JR23,1,PF00704
A0A7T5JR75,1,PF00704
A0A7T5JV41,1,PF00704
A0A7T5RB44,1,PF00704
A0A7T5RI02,1,PF00704
A0A7T5RI74,1,PF00704
A0A7T5UK10,1,PF00704
A0A7T5UNH1,1,PF00704
A0A7T7HBU7,1,PS51910
A0A7T7HBZ8,1,PS51910
A0A7T7HEP1,1,PF00704
A0A7T7KIY6,1,PF00704
A0A7T7KJ16,2,G3DSA:3.20.20.370
A0A7T7KJ16,2,PF00704
A0A7T7KVW6,1,PF00704
A0A7T7KW59,1,PF00704
A0A7T7KWC2,1,PF00704
A0A7T7KYI7,1,PS51910
A0A7T7L1Q6,1,PF00704
A0A7T7L244,1,PS51910
A0A7T7UZI0,1,PF00704
A0A7T7V0M3,1,PS51910
A0A7T7V0P2,1,PS51910
A0A7T7XLL0,1,PF00704
A0A7T7ZWH1,1,PF00704
A0A7T7ZXF4,2,G3DSA:3.20.20.370
A0A7T7ZXF4,2,PF00704
A0A7T8FGB8,1,PF00704
A0A7T8RD76,1,PF00704
A0A7T8S5L4,1,PF00704
A0A7U0N565,1,PF00704
A0A7U0NAX8,1,PF00704
A0A7U0RLV6,1,PF00704
A0A7U0RP27,1,PF00704
A0A7U1Q7F5,1,PF00704
A0A7U3UNK1,1,PS51910
A0A7U3UNR7,1,PF00704
A0A7U3UNT3,1,PS51910
A0A7U3UT82,1,PF00704
A0A7U3UW02,1,PF00704
A0A7U3UW91,1,PF00704
A0A7U3UWN3,1,PF00704
A0A7U3VNF0,1,PF00704
A0A7U3VPC2,1,PS51910
A0A7U3YLQ1,2,G3DSA:3.20.20.370
A0A7U3YLQ1,2,PF00704
A0A7U3YXR4,1,PF00704
A0A7U3YZS3,1,PF00704
A0A7U3Z1V6,1,PF00704
A0A7U4DJ49,1,PF00704
A0A7U4DKD6,1,PF00704
A0A7U4DX10,1,PF00704
A0A7U4DXV3,1,PF00704
A0A7U4E602,1,PF00704
A0A7U4JMD1,1,PF00704
A0A7U4LMA2,1,PS51910
A0A7U4LP13,1,PF00704
A0A7U4P4A1,1,PS51910
A0A7U4XTH1,1,PF00704
A0A7U5BF58,2,G3DSA:3.20.20.370
A0A7U5BF58,2,PS51910
A0A7U5JWZ7,1,PF00704
A0A7U5JX22,1,PF00704
A0A7U5YUE0,1,PF00704
A0A7U6B3Z5,1,PF00704
A0A7U6B5K4,1,PF00704
A0A7U6BBP2,1,PF00704
A0A7U6KD11,1,PF00704
A0A7U6KD94,1,PF00704
A0A7U6KJ35,1,PF00704
A0A7U6KKD7,1,PF00704
A0A7U7CZ31,1,PF00704
A0A7U7CZD7,1,PF00704
A0A7U7GCM5,2,G3DSA:3.20.20.370
A0A7U7GCM5,2,PF00704
A0A7U7HGS9,2,G3DSA:3.20.20.370
A0A7U7HGS9,2,PF00704
A0A7U7J1Y1,2,G3DSA:3.20.20.370
A0A7U7J1Y1,2,PF00704
A0A7U7JEF7,1,PF00704
A0A7U7L1B5,1,PF00704
A0A7U7TVP2,1,PF00704
A0A7U7YJI0,1,PF00704
A0A7U9DNZ8,1,PF00704
A0A7U9DP10,2,G3DSA:2.10.10.20:FF:000001
A0A7U9DP10,2,PF00704
A0A7U9DP43,1,PF00704
A0A7U9DV55,1,PF00704
A0A7U9DVK2,1,PF00704
A0A7U9DXZ8,1,PF00704
A0A7U9E0F7,1,PF00704
A0A7U9ETJ8,1,PF00704
A0A7U9EUX4,1,PF00704
A0A7U9GS35,1,PF00704
A0A7U9HB14,1,PS51910
A0A7U9HD32,1,PF00704
A0A7U9HEU9,1,PF00704
A0A7U9J8P4,1,PF00704
A0A7U9JBE9,1,PF00704
A0A7U9JD66,1,PF00704
A0A7U9KP10,1,PF00704
A0A7U9KT21,1,PF00704
A0A7U9KTP1,1,PF00704
A0A7U9KU47,1,PF00704
A0A7U9L402,1,PF00704
A0A7U9MMY6,1,PF00704
A0A7U9MQE4,1,PF00704
A0A7U9N2B4,1,PF00704
A0A7U9N7A4,1,PF00704
A0A7U9NI29,1,PF00704
A0A7U9PUQ6,1,PF00704
A0A7U9PVI6,1,PF00704
A0A7U9PVJ8,1,PF00704
A0A7U9PVX7,1,PF00704
A0A7U9PY02,1,PF00704
A0A7U9Q047,1,PS51910
A0A7U9QXA3,1,PF00704
A0A7U9R0T8,1,PF00704
A0A7U9R636,1,PF00704
A0A7U9RHD8,1,PF00704
A0A7U9RRZ1,1,PF00704
A0A7U9RS20,1,PF00704
A0A7U9RX51,1,PF00704
A0A7U9S225,1,PF00704
A0A7U9S2V0,1,PF00704
A0A7U9S845,1,PF00704
A0A7U9SF82,1,PF00704
A0A7U9SKX6,1,PF00704
A0A7U9SVY1,1,PF00704
A0A7U9T0C5,1,PF00704
A0A7U9TH29,1,PF00704
A0A7U9X139,1,PF00704
A0A7U9X655,1,PF00704
A0A7U9XCB6,1,PF00704
A0A7U9XFN0,1,PF00704
A0A7U9XL58,1,PF00704
A0A7V0JVK2,1,PF00704
A0A7V0SFH9,1,PF00704
A0A7V0SS27,1,PF00704
A0A7V0T531,1,PF00704
A0A7V0VET7,1,PF00704
A0A7V1CYJ2,1,PF00704
A0A7V1CYN5,1,PF00704
A0A7V1EED1,2,G3DSA:3.20.20.370
A0A7V1EED1,2,PF00704
A0A7V1EHM8,1,PF00704
A0A7V1H0Y0,1,PF00704
A0A7V1H1I1,1,PF00704
A0A7V1M3G1,2,G3DSA:3.20.20.370
A0A7V1M3G1,2,PF00704
A0A7V1QV81,1,PF00704
A0A7V1R1S1,1,PF00704
A0A7V1RHI2,1,PF00704
A0A7V1SAE3,2,G3DSA:3.20.20.370
A0A7V1SAE3,2,PF00704
A0A7V1SR07,1,PS51910
A0A7V1SRB6,1,PF00704
A0A7V1TUV4,1,PF00704
A0A7V1WWL0,2,G3DSA:3.20.20.370
A0A7V1WWL0,2,PF00704
A0A7V2F6A7,1,PF00704
A0A7V2HK14,1,PF00704
A0A7V2JS73,1,PF00704
A0A7V2LLE8,1,PF00704
A0A7V2QBT9,1,PS51910
A0A7V2QDA0,1,PF00704
A0A7V2QHR6,1,PF00704
A0A7V2RML6,1,PF00704
A0A7V2RPB0,1,PF00704
A0A7V3A9S5,1,PF00704
A0A7V3CTZ6,1,PF00704
A0A7V3G868,1,PF00704
A0A7V3GUF8,1,PF00704
A0A7V3HH32,2,PF00704
A0A7V3HH32,2,SSF51445
A0A7V3HN02,1,PF00704
A0A7V3I5X0,1,PF00704
A0A7V3QLF9,1,PF00704
A0A7V3RH70,1,PF00704
A0A7V3RII0,1,PF00704
A0A7V3SKC3,2,G3DSA:3.20.20.370
A0A7V3SKC3,2,PF00704
A0A7V3UV53,1,PF00704
A0A7V3VJD0,1,PF00704
A0A7V3WL47,1,PF00704
A0A7V3Y3C1,1,PF00704
A0A7V3ZHK7,1,PF00704
A0A7V3ZZ80,1,PF00704
A0A7V4BL41,1,PF00704
A0A7V4CUX1,1,PF00704
A0A7V4GCX7,1,PF00704
A0A7V4GD38,1,PF00704
A0A7V4HGF8,1,PF00704
A0A7V4IIR8,2,PF00704
A0A7V4JRK0,2,PF00704
A0A7V4JRK0,2,SSF51445
A0A7V4KRL7,1,PS51910
A0A7V4QT86,1,PF00704
A0A7V4QUC5,1,PF00704
A0A7V4SYE3,1,PF00704
A0A7V4U1X6,1,PF00704
A0A7V4V7V9,1,PF00704
A0A7V4V8H2,1,PF00704
A0A7V4WVH1,1,PF00704
A0A7V4XEH8,2,G3DSA:3.20.20.370
A0A7V4XEH8,2,PF00704
A0A7V4XQ10,1,PF00704
A0A7V4XRH2,1,PF00704
A0A7V5CXI6,1,PF00704
A0A7V5ET36,1,PF00704
A0A7V5FGY2,1,PF00704
A0A7V5H4K7,1,PF00704
A0A7V5LUK1,1,PF00704
A0A7V5MGY6,1,PF00704
A0A7V5N7V9,1,PF00704
A0A7V5PRL5,1,PF00704
A0A7V5QGI9,1,PF00704
A0A7V5RMF0,1,PF00704
A0A7V5TNF3,1,PS51910
A0A7V5VR57,1,PF00704
A0A7V5Y6E1,2,G3DSA:3.20.20.370
A0A7V5Y6E1,2,PF00704
A0A7V6AQC9,1,PF00704
A0A7V6D028,1,PF00704
A0A7V6E8F1,1,PF00704
A0A7V6GBZ3,1,PF00704
A0A7V6ITE4,1,PF00704
A0A7V6IUV6,1,PF00704
A0A7V6IV00,1,PF00704
A0A7V6JKN6,1,PF00704
A0A7V6JKU1,1,PF00704
A0A7V6L6Q5,1,PF00704
A0A7V6LL67,1,PF00704
A0A7V6M4H3,1,PF00704
A0A7V6M4J4,1,PF00704
A0A7V6M4Q7,1,PF00704
A0A7V6M4U1,1,PF00704
A0A7V6MIE4,1,PF00704
A0A7V6MIK5,1,PF00704
A0A7V6MML6,1,PF00704
A0A7V6NFW0,1,PF00704
A0A7V6NYG0,1,PF00704
A0A7V6P1P8,1,PF00704
A0A7V6PXG9,1,PF00704
A0A7V6PXJ3,1,PF00704
A0A7V6PYG7,1,PF00704
A0A7V6PZ67,1,PF00704
A0A7V6PZZ0,1,PF00704
A0A7V6Q2E3,1,PF00704
A0A7V6Q3I2,1,PF00704
A0A7V6QMF4,1,PF00704
A0A7V6R4D2,1,PF00704
A0A7V6R5D6,1,PF00704
A0A7V6R916,1,PF00704
A0A7V6RHR2,1,PF00704
A0A7V6T8H2,1,PF00704
A0A7V6TAJ9,1,PF00704
A0A7V6TUK0,1,PF00704
A0A7V6UAG6,1,PF00704
A0A7V6UCC7,1,PF00704
A0A7V6UEF8,1,PF00704
A0A7V6ULK6,1,PF00704
A0A7V6UM79,1,PF00704
A0A7V6UPY5,1,PF00704
A0A7V6UWF9,1,PF00704
A0A7V6V401,1,PF00704
A0A7V6WI12,1,PF00704
A0A7V6X162,1,PF00704
A0A7V6X3P2,1,PF00704
A0A7V6Y3F3,1,PF00704
A0A7V6YQZ6,1,PF00704
A0A7V6YWW2,1,PF00704
A0A7V6ZUB1,1,PF00704
A0A7V7B432,1,PF00704
A0A7V7BB55,1,PF00704
A0A7V7BBS0,1,PF00704
A0A7V7BH01,1,PF00704
A0A7V7BN18,1,PF00704
A0A7V7BP09,1,PF00704
A0A7V7C3A6,1,PF00704
A0A7V7C6Q1,1,PF00704
A0A7V7HB91,2,G3DSA:3.20.20.370
A0A7V7HB91,2,PF00704
A0A7V7HGD8,1,PF00704
A0A7V7HVF0,1,PF00704
A0A7V7I4R4,1,PF00704
A0A7V7KTF0,1,PF00704
A0A7V7KUU2,1,PF00704
A0A7V7L9F4,1,PF00704
A0A7V7LHU2,1,PS51910
A0A7V7NQ10,1,PF00704
A0A7V7NU22,1,PF00704
A0A7V7QIW6,1,PF00704
A0A7V7QJP4,1,PF00704
A0A7V7QJT0,1,PF00704
A0A7V7QKA3,1,PF00704
A0A7V7QMH1,1,PF00704
A0A7V7QMI7,1,PF00704
A0A7V7RCQ4,1,PF00704
A0A7V7RHG4,1,PF00704
A0A7V7S242,1,PF00704
A0A7V7SXT4,1,PF00704
A0A7V7TF10,1,PF00704
A0A7V7TFJ7,2,PF00704
A0A7V7TFJ7,2,PF06483
A0A7V7UBP1,1,PF00704
A0A7V7UCQ7,1,PF00704
A0A7V7UEL7,1,PF00704
A0A7V7UXS6,1,PF00704
A0A7V7YET9,1,PF00704
A0A7V7ZH59,1,PF00704
A0A7V7ZMZ6,1,PF00704
A0A7V8CDH8,1,PF00704
A0A7V8CU22,1,PF00704
A0A7V8DLA8,1,PF00704
A0A7V8EW80,1,PF00704
A0A7V8F3N1,1,PF00704
A0A7V8F444,1,PS51910
A0A7V8FHI7,1,PF00704
A0A7V8JAE5,1,PF00704
A0A7V8JF88,1,PF00704
A0A7V8JKZ0,1,PF00704
A0A7V8K7I4,1,PF00704
A0A7V8NEW4,1,PF00704
A0A7V8NF89,1,PF00704
A0A7V8NLF0,1,PF00704
A0A7V8W257,2,G3DSA:3.20.20.370
A0A7V8W257,2,PF00704
A0A7V9AGV4,1,PS51910
A0A7V9DMG5,1,PF00704
A0A7V9F5E1,1,PF00704
A0A7V9FAT2,1,PF00704
A0A7V9FTY0,1,PF00704
A0A7V9N168,2,G3DSA:3.20.20.370
A0A7V9N168,2,PF00704
A0A7V9NFZ4,1,PF00704
A0A7V9P2G8,1,PF00704
A0A7V9S2T2,1,PF00704
A0A7V9TJH0,2,G3DSA:3.20.20.370
A0A7V9TJH0,2,PF00704
A0A7V9U4M1,1,PF00704
A0A7V9UFF7,1,PS51910
A0A7V9UFG4,1,PS51910
A0A7V9UHR1,1,PF00704
A0A7V9Z2Q3,2,G3DSA:3.20.20.370
A0A7V9Z2Q3,2,PF00704
A0A7V9ZAC4,1,PF00704
A0A7V9ZB65,2,G3DSA:3.20.20.370
A0A7V9ZB65,2,PF00704
A0A7W0BV32,1,PF00704
A0A7W0BYM0,1,PF00704
A0A7W0BYT2,1,PF00704
A0A7W0CDB3,1,PF00704
A0A7W0CT61,1,PF00704
A0A7W0CTW2,1,PF00704
A0A7W0D108,2,G3DSA:3.20.20.370
A0A7W0D108,2,PF00704
A0A7W0D7Q0,1,PF00704
A0A7W0DA89,1,PF00704
A0A7W0DAF7,1,PF00704
A0A7W0DCX1,1,PF00704
A0A7W0DD25,1,PF00704
A0A7W0DGD2,1,PF00704
A0A7W0DRC3,1,PF00704
A0A7W0HNI8,1,PF00704
A0A7W0HRJ8,1,PF00704
A0A7W0HRU5,1,PF00704
A0A7W0HSC8,1,PF00704
A0A7W0I5D7,1,PF00704
A0A7W0JEQ9,1,PF00704
A0A7W0KZ31,1,PF00704
A0A7W0W5H9,1,PS51910
A0A7W0W7U2,1,PF00704
A0A7W1A920,1,PF00704
A0A7W1A9Y1,1,PF00704
A0A7W1BL79,1,PF00704
A0A7W1CP39,1,PF00704
A0A7W1EKJ0,1,PF00704
A0A7W1EMJ0,1,PS51910
A0A7W1ET86,1,PF00704
A0A7W1FWE7,1,PF00704
A0A7W1H061,1,PS51910
A0A7W1I672,1,PF00704
A0A7W1IES1,1,PF00704
A0A7W1JJV0,1,PF00704
A0A7W1JLZ5,1,PS51910
A0A7W1KDS0,1,PF00704
A0A7W1NQQ2,1,PF00704
A0A7W1S7C9,1,PF00704
A0A7W1S7P0,1,PF00704
A0A7W1SQW0,1,PF00704
A0A7W1T516,1,PF00704
A0A7W1T6Q6,1,PF00704
A0A7W1T963,1,PF00704
A0A7W1TC16,1,PF00704
A0A7W1TRT1,1,PF00704
A0A7W1U4L5,2,G3DSA:3.20.20.370
A0A7W1U4L5,2,PF00704
A0A7W1U6V6,1,PF00704
A0A7W1UQJ7,1,PF00704
A0A7W1UUF0,1,PF00704
A0A7W1VU78,1,PF00704
A0A7W1WPX7,2,G3DSA:3.20.20.370
A0A7W1WPX7,2,PF00704
A0A7W1WPY0,1,PS51910
A0A7W1WQ06,1,PF00704
A0A7W1WRZ8,1,PF00704
A0A7W1XCS6,1,PF00704
A0A7W1XCT9,1,PF00704
A0A7W1XFB7,1,PF00704
A0A7W1XRN7,1,PF00704
A0A7W1XS89,1,PF00704
A0A7W1XUN7,2,G3DSA:3.20.20.370
A0A7W1XUN7,2,PF00704
A0A7W1YGE9,1,PF00704
A0A7W1ZUV8,1,PF00704
A0A7W2A603,1,PF00704
A0A7W2AAJ8,1,PF00704
A0A7W2AAW3,1,PF00704
A0A7W2AGT7,1,PF00704
A0A7W2AJA6,1,PF00704
A0A7W2CWM1,1,PF00704
A0A7W2DU06,1,PS51910
A0A7W2DXS0,1,PF00704
A0A7W2G189,1,PF00704
A0A7W2G2D0,1,PF00704
A0A7W2HG46,1,PF00704
A0A7W2HSH4,1,PF00704
A0A7W2HVQ9,1,PF00704
A0A7W2HWD7,1,PF00704
A0A7W2I701,1,PF00704
A0A7W2I731,1,PF00704
A0A7W2JTP4,1,PF00704
A0A7W2M1Y2,1,PF00704
A0A7W2M4C6,1,PF00704
A0A7W2M5S0,1,PF00704
A0A7W2RYG2,1,PF00704
A0A7W2RYJ0,1,PF00704
A0A7W2UEF6,1,PF00704
A0A7W2UEI2,1,PS51910
A0A7W2UJN9,1,PF00704
A0A7W2UMJ3,1,PS51910
A0A7W2UTL3,1,PF00704
A0A7W2UTM4,1,PF00704
A0A7W2V9U2,1,PF00704
A0A7W2X6P3,1,PF00704
A0A7W2XCZ7,1,PF00704
A0A7W2YAT5,1,PF00704
A0A7W2Z0U2,1,PF00704
A0A7W2Z7R6,1,PF00704
A0A7W3CA43,1,PF00704
A0A7W3FMW1,1,PF00704
A0A7W3FNI9,1,PF00704
A0A7W3J686,1,PF00704
A0A7W3J6A6,1,PF00704
A0A7W3JCR3,2,G3DSA:2.10.10.20:FF:000001
A0A7W3JCR3,2,PF00704
A0A7W3LPX6,1,PF00704
A0A7W3LPY1,1,PF00704
A0A7W3LQ00,1,PF00704
A0A7W3LSS1,1,PF00704
A0A7W3N2A8,1,PF00704
A0A7W3NBA8,1,PF00704
A0A7W3NBP1,1,PF00704
A0A7W3NHM0,1,PF00704
A0A7W3NJ25,1,PF00704
A0A7W3NMX8,1,PF00704
A0A7W3NRZ0,1,PF00704
A0A7W3NSN1,1,PF00704
A0A7W3P5S7,1,PF00704
A0A7W3PEB3,1,PS51910
A0A7W3PMF5,1,PF00704
A0A7W3QRB8,1,PF00704
A0A7W3RIJ2,1,PF00704
A0A7W3RK27,1,PS51910
A0A7W3RL82,1,PS51910
A0A7W3RNQ2,1,PF00704
A0A7W3SRL8,1,PF00704
A0A7W3SWU8,1,PF00704
A0A7W3SX04,1,PF00704
A0A7W3SX76,1,PF00704
A0A7W3T092,1,PF00704
A0A7W3T0D6,1,PF00704
A0A7W3T687,1,PF00704
A0A7W3T6S5,1,PF00704
A0A7W3TBJ5,1,PF00704
A0A7W3TBQ8,1,PF00704
A0A7W3TF63,1,PF00704
A0A7W3TGK1,1,PF00704
A0A7W3TKV9,1,PF00704
A0A7W3VSR3,1,PF00704
A0A7W3VV01,1,PF00704
A0A7W3VZ80,1,PF00704
A0A7W3W2C2,1,PF00704
A0A7W3W607,1,PS51910
A0A7W3W6Z6,1,PF00704
A0A7W3W7I4,1,PF00704
A0A7W3WIV2,1,PF00704
A0A7W3WN19,1,PF00704
A0A7W3WQ16,1,PF00704
A0A7W3X1N9,1,PF00704
A0A7W3YE98,1,PF00704
A0A7W3Z995,1,PF00704
A0A7W3ZB92,1,PF00704
A0A7W4ABQ4,1,PF00704
A0A7W4AXX1,1,PF00704
A0A7W4B3M6,1,PF00704
A0A7W4B3N4,1,PF00704
A0A7W4CEJ7,1,PF00704
A0A7W4ET64,1,PF00704
A0A7W4F4I5,1,PF00704
A0A7W4F5J2,1,PF00704
A0A7W4F8K5,1,PF00704
A0A7W4FFP8,1,PF00704
A0A7W4FL93,1,PF00704
A0A7W4G8H1,1,PF00704
A0A7W4G8R2,1,PF00704
A0A7W4GKW3,1,PF00704
A0A7W4GN11,1,PF00704
A0A7W4HMI2,1,PF00704
A0A7W4I128,1,PF00704
A0A7W4LT34,1,PF00704
A0A7W4QFZ8,1,PF00704
A0A7W4UIP1,1,PF00704
A0A7W4UX39,1,PF00704
A0A7W4V015,1,PF00704
A0A7W4VU96,1,PF00704
A0A7W4YA33,1,PF00704
A0A7W4YN96,1,PS51910
A0A7W4ZP54,1,PF00704
A0A7W4ZVQ2,1,PF00704
A0A7W5AL04,1,PF00704
A0A7W5APN1,1,PF00704
A0A7W5AVW9,1,PF00704
A0A7W5AWV8,1,PF00704
A0A7W5AX35,1,PF00704
A0A7W5B2T0,1,PF00704
A0A7W5B440,1,PF00704
A0A7W5B792,1,PF00704
A0A7W5C5X5,1,PF00704
A0A7W5C7P8,1,PF00704
A0A7W5CBE3,1,PF00704
A0A7W5DPS8,1,PF00704
A0A7W5F0Q5,1,PF00704
A0A7W5FCR0,1,PF00704
A0A7W5FDU5,1,PF00704
A0A7W5FH87,1,PS51910
A0A7W5FI80,1,PF00704
A0A7W5FIU6,1,PF00704
A0A7W5FJD1,1,PF00704
A0A7W5FMA3,1,PF00704
A0A7W5FPA9,1,PF00704
A0A7W5FPJ1,1,PF00704
A0A7W5FT54,1,PF00704
A0A7W5FTJ0,1,PF00704
A0A7W5G8V7,1,PF00704
A0A7W5GA91,1,PF00704
A0A7W5GBT3,1,PF00704
A0A7W5GDS3,1,PF00704
A0A7W5H217,1,PF00704
A0A7W5J4P4,1,PF00704
A0A7W5KD56,2,G3DSA:3.20.20.370
A0A7W5KD56,2,PF00704
A0A7W5KDN6,2,G3DSA:3.20.20.370
A0A7W5KDN6,2,PF00704
A0A7W5MPJ5,2,G3DSA:3.20.20.370
A0A7W5MPJ5,2,PF00704
A0A7W5MQL5,2,G3DSA:3.20.20.370
A0A7W5MQL5,2,PF00704
A0A7W5S3S4,2,G3DSA:3.20.20.370
A0A7W5S3S4,2,PF00704
A0A7W5VDC1,1,PF00704
A0A7W5Y991,1,PF00704
A0A7W5YB02,1,PS51910
A0A7W5YRI2,1,PF00704
A0A7W5ZKV6,1,PF00704
A0A7W6AG45,2,G3DSA:3.20.20.370
A0A7W6AG45,2,PF00704
A0A7W6BXC4,2,G3DSA:3.20.20.370
A0A7W6BXC4,2,PS51910
A0A7W6CQF9,2,G3DSA:3.20.20.370
A0A7W6CQF9,2,PS51910
A0A7W6EUJ6,2,G3DSA:3.20.20.370
A0A7W6EUJ6,2,PF00704
A0A7W6JSP9,2,G3DSA:3.20.20.370
A0A7W6JSP9,2,PF00704
A0A7W6K8L9,1,PF00704
A0A7W6KD04,1,PF00704
A0A7W6KED0,1,PF00704
A0A7W6KED5,2,G3DSA:3.20.20.370
A0A7W6KED5,2,PF00704
A0A7W6L071,1,PF00704
A0A7W6RCW6,1,PF00704
A0A7W7A924,2,G3DSA:3.20.20.370
A0A7W7A924,2,PS51910
A0A7W7AJJ1,2,G3DSA:3.20.20.370
A0A7W7AJJ1,2,PF00704
A0A7W7AK79,2,G3DSA:3.20.20.370
A0A7W7AK79,2,PF00704
A0A7W7C5U5,1,PF00704
A0A7W7C6R6,1,PF00704
A0A7W7C767,1,PF00704
A0A7W7C7T6,1,PF00704
A0A7W7C9G1,1,PF00704
A0A7W7CAH0,1,PF00704
A0A7W7CCQ7,1,PF00704
A0A7W7CI42,2,G3DSA:2.10.10.20:FF:000001
A0A7W7CI42,2,PF00704
A0A7W7CJM2,1,PF00704
A0A7W7CSK2,1,PF00704
A0A7W7CWG2,1,PF00704
A0A7W7CWM2,1,PF00704
A0A7W7CYH8,1,PF00704
A0A7W7CYK6,1,PF00704
A0A7W7D1E1,1,PF00704
A0A7W7D1Z6,1,PF00704
A0A7W7D6Y8,1,PF00704
A0A7W7D7J7,1,PF00704
A0A7W7D908,1,PF00704
A0A7W7DBW6,1,PF00704
A0A7W7DEQ5,1,PF00704
A0A7W7DLC0,1,PF00704
A0A7W7DTU9,1,PF00704
A0A7W7FSY2,1,PF00704
A0A7W7FVZ8,1,PF00704
A0A7W7FXK5,1,PF00704
A0A7W7G0E9,1,PS51910
A0A7W7G195,1,PF00704
A0A7W7G6T6,1,PS51910
A0A7W7G7H6,1,PF00704
A0A7W7G9C5,1,PF00704
A0A7W7GAC5,1,PS51910
A0A7W7GE76,1,PF00704
A0A7W7GJ19,1,PF00704
A0A7W7GTA8,1,PS51910
A0A7W7GUP3,1,PF00704
A0A7W7GWX8,1,PF00704
A0A7W7GXY1,1,PF00704
A0A7W7GYX3,1,PF00704
A0A7W7H345,1,PF00704
A0A7W7HBV5,1,PS51910
A0A7W7HBY8,1,PF00704
A0A7W7HEY3,1,PF00704
A0A7W7HG00,1,PF00704
A0A7W7I1S5,1,PF00704
A0A7W7I328,1,PF00704
A0A7W7I3F9,1,PF00704
A0A7W7I5E8,1,PF00704
A0A7W7I6L4,1,PS51910
A0A7W7IAQ0,1,PF00704
A0A7W7IAQ5,1,PF00704
A0A7W7IB49,1,PF00704
A0A7W7IXX4,1,PF00704
A0A7W7K396,2,G3DSA:3.20.20.370
A0A7W7K396,2,PF00704
A0A7W7L9N2,1,PF00704
A0A7W7L9T3,1,PF00704
A0A7W7LB26,1,PF00704
A0A7W7LGQ7,1,PF00704
A0A7W7LJY3,1,PF00704
A0A7W7LKD3,1,PF00704
A0A7W7LNE5,1,PF00704
A0A7W7LRR8,1,PF00704
A0A7W7LST4,1,PF00704
A0A7W7LV55,1,PF00704
A0A7W7M1V3,2,G3DSA:2.10.10.20:FF:000001
A0A7W7M1V3,2,PF00704
A0A7W7M525,1,PS51910
A0A7W7M526,1,PF00704
A0A7W7M5P9,1,PF00704
A0A7W7M777,1,PF00704
A0A7W7M781,1,PS51910
A0A7W7MAG8,1,PF00704
A0A7W7MFG6,1,PF00704
A0A7W7MID0,1,PF00704
A0A7W7ML35,1,PF00704
A0A7W7MML2,1,PS51910
A0A7W7MML6,1,PF00704
A0A7W7MMV7,1,PF00704
A0A7W7MPY0,1,PF00704
A0A7W7MTD0,1,PF00704
A0A7W7MX47,1,PS51910
A0A7W7NT98,1,PF00704
A0A7W7NXP8,2,G3DSA:3.20.20.370
A0A7W7NXP8,2,PF00704
A0A7W7PEQ0,1,PF00704
A0A7W7PF81,1,PF00704
A0A7W7PLF8,1,PF00704
A0A7W7PP95,1,PF00704
A0A7W7PTH3,1,PS51910
A0A7W7PZI9,1,PF00704
A0A7W7Q1B8,1,PF00704
A0A7W7Q389,1,PF00704
A0A7W7Q798,1,PF00704
A0A7W7Q9N6,1,PF00704
A0A7W7QH53,1,PS51910
A0A7W7QJ91,1,PF00704
A0A7W7QJI4,1,PS51910
A0A7W7QJJ5,1,PF00704
A0A7W7QJR2,1,PF00704
A0A7W7QJT1,1,PF00704
A0A7W7QMT0,1,PF00704
A0A7W7QQY1,1,PF00704
A0A7W7QRF7,1,PF00704
A0A7W7QSH8,1,PF00704
A0A7W7QYD7,1,PF00704
A0A7W7QZE2,1,PF00704
A0A7W7R070,1,PF00704
A0A7W7R1F9,1,PF00704
A0A7W7R1S1,1,PF00704
A0A7W7R1V1,1,PF00704
A0A7W7R384,1,PF00704
A0A7W7R4Q4,1,PF00704
A0A7W7R6U5,1,PF00704
A0A7W7R7P1,1,PF00704
A0A7W7RBU7,1,PF00704
A0A7W7REI4,1,PF00704
A0A7W7RY71,1,PF00704
A0A7W7RY80,1,PS51910
A0A7W7RZZ7,1,PF00704
A0A7W7S7B1,1,PF00704
A0A7W7S8Q5,1,PF00704
A0A7W7S900,1,PF00704
A0A7W7SEL3,1,PS51910
A0A7W7SEV1,1,PF00704
A0A7W7SFX7,1,PF00704
A0A7W7SG21,1,PF00704
A0A7W7SG55,1,PF00704
A0A7W7SI34,1,PF00704
A0A7W7SJQ4,1,PF00704
A0A7W7SSI3,1,PF00704
A0A7W7SSL1,1,PS51910
A0A7W7SSL4,1,PF00704
A0A7W7SSS2,1,PF00704
A0A7W7SVM6,1,PF00704
A0A7W7SX75,1,PF00704
A0A7W7SYK6,1,PS51910
A0A7W7SYL1,1,PF00704
A0A7W7T0V6,1,PF00704
A0A7W7T315,1,PF00704
A0A7W7T3U7,1,PF00704
A0A7W7T619,1,PF00704
A0A7W7T7B9,1,PF00704
A0A7W7TBC5,1,PF00704
A0A7W7U0E3,1,PF00704
A0A7W7U772,1,PF00704
A0A7W7V9W0,1,PF00704
A0A7W7VF51,1,PF00704
A0A7W7VGU0,1,PS51910
A0A7W7VN00,1,PF00704
A0A7W7VNM3,1,PF00704
A0A7W7VSW8,1,PS51910
A0A7W7VTW0,1,PS51910
A0A7W7VWK1,1,PF00704
A0A7W7VXG3,1,PS51910
A0A7W7VYD4,1,PF00704
A0A7W7W7T8,1,PF00704
A0A7W7WC30,1,PF00704
A0A7W7WGV9,1,PS51910
A0A7W7WHJ7,1,PF00704
A0A7W7WJB9,1,PS51910
A0A7W7WJE9,1,PF00704
A0A7W7WKX7,1,PS51910
A0A7W7WTP5,1,PF00704
A0A7W7WWR7,1,PF00704
A0A7W7X8V7,1,PF00704
A0A7W7X9N5,1,PS51910
A0A7W7XAM7,1,PF00704
A0A7W7XCF1,1,PF00704
A0A7W7XCM4,1,PF00704
A0A7W7XCP4,1,PF00704
A0A7W7XEV5,1,PF00704
A0A7W7XGK5,1,PS51910
A0A7W7XX53,1,PF00704
A0A7W7YCJ9,1,PF00704
A0A7W7ZDL2,1,PF00704
A0A7W7ZDQ2,2,G3DSA:3.20.20.370
A0A7W7ZDQ2,2,PS51910
A0A7W7ZPI5,1,PF00704
A0A7W7ZUG8,1,PF00704
A0A7W7ZUM3,2,G3DSA:3.20.20.370
A0A7W7ZUM3,2,PF00704
A0A7W8A4W4,1,PF00704
A0A7W8A643,1,PF00704
A0A7W8AAE5,1,PF00704
A0A7W8AAN1,1,PF00704
A0A7W8AED7,1,PF00704
A0A7W8AN71,1,PF00704
A0A7W8AT78,1,PF00704
A0A7W8B0F5,1,PF00704
A0A7W8B848,1,PF00704
A0A7W8BCF6,1,PF00704
A0A7W8BT95,1,PF00704
A0A7W8DAE1,1,PF00704
A0A7W8E1Z7,1,PF00704
A0A7W8E8L4,1,PF00704
A0A7W8E998,1,PF00704
A0A7W8EBB7,1,PF00704
A0A7W8EG85,1,PF00704
A0A7W8EG96,1,PF00704
A0A7W8EHI4,1,PF00704
A0A7W8EUE5,1,PF00704
A0A7W8F175,1,PF00704
A0A7W8F4M2,1,PF00704
A0A7W8F7N2,1,PF00704
A0A7W8FB39,1,PF00704
A0A7W8FDV6,1,PF00704
A0A7W8FUK2,1,PF00704
A0A7W8HB00,1,PF00704
A0A7W8HE15,1,PF00704
A0A7W8IFU2,2,G3DSA:3.20.20.370
A0A7W8IFU2,2,PS51910
A0A7W8IK45,1,PF00704
A0A7W8ILG0,1,PF00704
A0A7W8ITE0,1,PF00704
A0A7W8J7W7,1,PF00704
A0A7W8J9L7,1,PF00704
A0A7W8JBZ4,1,PF00704
A0A7W8JLU6,1,PF00704
A0A7W8K5U4,1,PF00704
A0A7W8LLY5,1,PF00704
A0A7W8MR85,1,PF00704
A0A7W8N397,2,G3DSA:3.20.20.370
A0A7W8N397,2,PS51910
A0A7W8N9N1,1,PF00704
A0A7W8NKG1,1,PF00704
A0A7W8NNU2,1,PF00704
A0A7W8NP08,1,PF00704
A0A7W8NRE8,1,PF00704
A0A7W8QKF2,1,PF00704
A0A7W8QLI6,1,PF00704
A0A7W8QNH5,1,PF00704
A0A7W8VE41,1,PF00704
A0A7W8VEE9,1,PF00704
A0A7W8YEI4,1,PF00704
A0A7W8YHD1,1,PF00704
A0A7W8YLB0,1,PF00704
A0A7W8YP51,1,PS51910
A0A7W8YSR1,2,G3DSA:3.20.20.370
A0A7W8YSR1,2,PF00704
A0A7W8Z0N5,1,PF00704
A0A7W8Z0S9,1,PF00704
A0A7W8Z1B0,1,PF00704
A0A7W8Z729,1,PF00704
A0A7W8Z7S8,1,PF00704
A0A7W8ZCI6,1,PF00704
A0A7W8ZCU4,1,PS51910
A0A7W8ZJL0,1,PF00704
A0A7W8ZL86,1,PF00704
A0A7W8ZM12,1,PF00704
A0A7W9BQL5,2,G3DSA:3.20.20.370
A0A7W9BQL5,2,PF00704
A0A7W9DDD4,1,PF00704
A0A7W9DHW4,1,PF00704
A0A7W9DIB9,1,PF00704
A0A7W9DM28,1,PF00704
A0A7W9DR70,1,PF00704
A0A7W9DSV0,1,PF00704
A0A7W9DZ37,1,PF00704
A0A7W9E047,2,G3DSA:3.20.20.370
A0A7W9E047,2,PF00704
A0A7W9E0L1,1,PS51910
A0A7W9EIF3,2,G3DSA:3.20.20.370
A0A7W9EIF3,2,PF00704
A0A7W9ETS2,2,G3DSA:3.20.20.370
A0A7W9ETS2,2,PF00704
A0A7W9G6Q2,1,PS51910
A0A7W9G6R4,1,PF00704
A0A7W9G7E3,1,PF00704
A0A7W9GM07,2,PF00704
A0A7W9GRB4,1,PF00704
A0A7W9H8X8,1,PF00704
A0A7W9HIG6,1,PF00704
A0A7W9HIN7,1,PF00704
A0A7W9HMK0,1,PF00704
A0A7W9HPA2,1,PF00704
A0A7W9HPW7,1,PF00704
A0A7W9IF23,1,PS51910
A0A7W9J898,1,PF00704
A0A7W9JBQ5,1,PF00704
A0A7W9JD09,1,PS51910
A0A7W9JD85,1,PF00704
A0A7W9JEU1,1,PF00704
A0A7W9JGA7,1,PF00704
A0A7W9KB40,1,PF00704
A0A7W9KBL9,1,PF00704
A0A7W9KBP8,1,PF00704
A0A7W9KDG6,1,PS51910
A0A7W9KGW9,1,PF00704
A0A7W9KHI9,1,PF00704
A0A7W9KI38,1,PF00704
A0A7W9KKF1,1,PF00704
A0A7W9KKZ7,1,PF00704
A0A7W9KL91,1,PF00704
A0A7W9KPF3,1,PS51910
A0A7W9KQN7,1,PF00704
A0A7W9LBY2,1,PF00704
A0A7W9LCH9,1,PF00704
A0A7W9LRH2,1,PF00704
A0A7W9LRK2,1,PF00704
A0A7W9M3V9,1,PF00704
A0A7W9M5N9,1,PF00704
A0A7W9MFS7,1,PF00704
A0A7W9MVC5,1,PF00704
A0A7W9MWF2,1,PF00704
A0A7W9MY42,1,PF00704
A0A7W9MY78,1,PF00704
A0A7W9NDM2,1,PF00704
A0A7W9NGD7,1,PS51910
A0A7W9NLP4,1,PS51910
A0A7W9PNP5,1,PF00704
A0A7W9PP30,1,PS51910
A0A7W9PRV8,1,PF00704
A0A7W9PW34,1,PF00704
A0A7W9PX57,1,PS51910
A0A7W9PX60,1,PF00704
A0A7W9PXW5,1,PS51910
A0A7W9PY52,1,PF00704
A0A7W9Q0J8,1,PS51910
A0A7W9Q8V7,1,PF00704
A0A7W9QA87,1,PF00704
A0A7W9QAL6,1,PS51910
A0A7W9QB69,1,PF00704
A0A7W9QEA6,1,PF00704
A0A7W9QGP4,1,PF00704
A0A7W9QLJ3,1,PF00704
A0A7W9SES4,1,PF00704
A0A7W9SVB9,2,G3DSA:3.20.20.370
A0A7W9SVB9,2,PF00704
A0A7W9TBS8,1,PF00704
A0A7W9TBW4,1,PF00704
A0A7W9UQZ6,1,PF00704
A0A7W9UUE7,1,PF00704
A0A7W9UZP0,1,PF00704
A0A7W9V0Q7,1,PF00704
A0A7W9V0T7,1,PF00704
A0A7W9V3C1,1,PF00704
A0A7W9V5P0,1,PF00704
A0A7W9W408,1,PF00704
A0A7W9WGW0,1,PF00704
A0A7W9X9H4,2,G3DSA:3.20.20.370
A0A7W9X9H4,2,PF00704
A0A7W9XGC4,1,PF00704
A0A7W9XM05,1,PF00704
A0A7W9XP16,2,G3DSA:3.20.20.370
A0A7W9XP16,2,PF00704
A0A7W9YDH0,1,PF00704
A0A7W9YDY2,1,PF00704
A0A7W9YEW3,1,PF00704
A0A7X0A2K3,2,G3DSA:3.20.20.370
A0A7X0A2K3,2,PF00704
A0A7X0A3I0,1,PF00704
A0A7X0A6B3,1,PF00704
A0A7X0AEF4,1,PF00704
A0A7X0AF36,1,PF00704
A0A7X0AJT9,1,PF00704
A0A7X0ARL1,1,PF00704
A0A7X0AS57,1,PF00704
A0A7X0AYL3,1,PF00704
A0A7X0BW43,1,PF00704
A0A7X0CGV0,1,PF00704
A0A7X0CLB2,1,PF00704
A0A7X0DHX3,1,PF00704
A0A7X0E7G8,1,PF00704
A0A7X0EE76,1,PF00704
A0A7X0FJU8,1,PF00704
A0A7X0G043,1,PF00704
A0A7X0G061,1,PF00704
A0A7X0G1I5,1,PF00704
A0A7X0G213,1,PF00704
A0A7X0GR12,1,PF00704
A0A7X0HGH1,1,PF00704
A0A7X0HH86,1,PF00704
A0A7X0HJI5,1,PF00704
A0A7X0HQW5,1,PF00704
A0A7X0HR94,1,PF00704
A0A7X0HU03,1,PF00704
A0A7X0HVN5,1,PF00704
A0A7X0I8Z7,1,PF00704
A0A7X0IDC0,1,PF00704
A0A7X0II80,1,PF00704
A0A7X0IZ74,1,PS51910
A0A7X0J2S7,2,G3DSA:3.20.20.370
A0A7X0J2S7,2,PF00704
A0A7X0J867,1,PS51910
A0A7X0J869,1,PF00704
A0A7X0J8K3,1,PS51910
A0A7X0KS51,1,PF00704
A0A7X0L0A3,1,PS51910
A0A7X0L1K6,1,PF00704
A0A7X0L9F8,1,PF00704
A0A7X0LCC0,1,PF00704
A0A7X0LFS5,1,PF00704
A0A7X0LP72,1,PF00704
A0A7X0LP74,1,PF00704
A0A7X0LXA3,1,PF00704
A0A7X0LYW7,1,PF00704
A0A7X0M6X5,1,PS51910
A0A7X0MJ28,1,PF00704
A0A7X0MNS3,2,G3DSA:3.20.20.370
A0A7X0MNS3,2,PF00704
A0A7X0NQG9,1,PF00704
A0A7X0P2J3,1,PF00704
A0A7X0P304,1,PF00704
A0A7X0P3Q7,1,PF00704
A0A7X0P3R4,1,PF00704
A0A7X0PM36,1,PF00704
A0A7X0RSC7,2,G3DSA:3.20.20.370
A0A7X0RSC7,2,PF00704
A0A7X0RSJ5,1,PF00704
A0A7X0RUI9,1,PF00704
A0A7X0RVP0,1,PF00704
A0A7X0SCD6,1,PF00704
A0A7X0SDL7,1,PF00704
A0A7X0SG81,1,PF00704
A0A7X0SGL0,1,PF00704
A0A7X0SHV9,1,PF00704
A0A7X0SLC3,1,PF00704
A0A7X0T427,1,PF00704
A0A7X0VAJ3,1,PF00704
A0A7X0VCU9,1,PF00704
A0A7X0VR35,1,PF00704
A0A7X0VT46,1,PF00704
A0A7X0VVC5,1,PF00704
A0A7X0W482,1,PF00704
A0A7X0WT60,1,PF00704
A0A7X0X2M8,1,PF00704
A0A7X0X6J8,1,PF00704
A0A7X0XAS8,1,PF00704
A0A7X0XIH3,1,PF00704
A0A7X0XJ07,1,PF00704
A0A7X0XR80,1,PF00704
A0A7X0XR90,1,PF00704
A0A7X0XRI9,1,PF00704
A0A7X0XZP9,1,PF00704
A0A7X0Y0F1,1,PF00704
A0A7X0Y150,1,PF00704
A0A7X0Y2L7,1,PF00704
A0A7X0Y3L3,1,PF00704
A0A7X0Y3S4,2,PF00704
A0A7X0Y3S4,2,PS51910
A0A7X0Y613,1,PF00704
A0A7X0Y6D7,1,PF00704
A0A7X0Y6M2,1,PF00704
A0A7X0YKY5,1,PF00704
A0A7X0YLT4,1,PF00704
A0A7X0YLY7,1,PF00704
A0A7X0Z0E5,1,PF00704
A0A7X0Z0G5,1,PF00704
A0A7X0Z0H1,1,PF00704
A0A7X0Z3M4,1,PF00704
A0A7X0Z3P0,1,PF00704
A0A7X0Z3Y7,1,PF00704
A0A7X0ZHP6,1,PF00704
A0A7X0ZIL1,1,PF00704
A0A7X0ZRJ1,1,PF00704
A0A7X0ZU41,1,PF00704
A0A7X0ZWZ3,1,PF00704
A0A7X0ZX69,1,PF00704
A0A7X0ZXA2,1,PF00704
A0A7X1A0T9,1,PF00704
A0A7X1AZG9,1,PF00704
A0A7X1B1H2,1,PF00704
A0A7X1B452,1,PF00704
A0A7X1C6N2,1,PF00704
A0A7X1CMI7,1,PF00704
A0A7X1CPV4,1,PF00704
A0A7X1DBY1,1,PF00704
A0A7X1DCI4,1,PF00704
A0A7X1DNV6,1,PF00704
A0A7X1EGA1,1,PF00704
A0A7X1EHH3,1,PF00704
A0A7X1EK00,1,PF00704
A0A7X1EKI6,1,PF00704
A0A7X1FIQ1,1,PF00704
A0A7X1FM27,1,PF00704
A0A7X1FWU0,2,G3DSA:3.20.20.370
A0A7X1FWU0,2,PS51910
A0A7X1HRJ1,1,PF00704
A0A7X1HZ44,1,PS51910
A0A7X1I3L3,1,PF00704
A0A7X1I3X8,1,PF00704
A0A7X1I6S5,1,PF00704
A0A7X1IH40,1,PF00704
A0A7X1IHZ7,1,PF00704
A0A7X1IMS0,1,PF00704
A0A7X1IXI1,1,PS51910
A0A7X1IY99,1,PF00704
A0A7X1J6I0,1,PS51910
A0A7X1J6J3,1,PF00704
A0A7X1KC49,2,G3DSA:3.20.20.370
A0A7X1KC49,2,PS51910
A0A7X1LLR5,1,PF00704
A0A7X1LQF7,1,PF00704
A0A7X1LXZ9,1,PF00704
A0A7X1M1P4,1,PF00704
A0A7X1MDX6,1,PF00704
A0A7X1MDY5,2,G3DSA:2.10.10.20:FF:000001
A0A7X1MDY5,2,PF00704
A0A7X1PJY9,1,PF00704
A0A7X1PKM4,1,PF00704
A0A7X1ZHC4,1,PF00704
A0A7X2H9V4,1,PF00704
A0A7X2HAY9,1,PF00704
A0A7X2HCF3,1,PF00704
A0A7X2IM77,1,PF00704
A0A7X2IMD2,1,PF00704
A0A7X2IW04,1,PF00704
A0A7X2IZB8,2,G3DSA:3.20.20.370
A0A7X2IZB8,2,PF00704
A0A7X2J2G9,1,PF00704
A0A7X2JCB0,1,PF00704
A0A7X2JCS5,1,PF00704
A0A7X2L1A5,1,PF00704
A0A7X2M9K3,1,PF00704
A0A7X2NM89,1,PF00704
A0A7X2NPB4,1,PF00704
A0A7X2P3Y3,1,PF00704
A0A7X2P7W9,1,PF00704
A0A7X2S7R3,1,PF00704
A0A7X2S8N5,1,PF00704
A0A7X2YY58,1,PF00704
A0A7X2Z022,1,PF00704
A0A7X2Z329,1,PF00704
A0A7X2Z392,1,PF00704
A0A7X2Z5Q8,1,PF00704
A0A7X2Z5U4,1,PF00704
A0A7X2ZAA3,1,PF00704
A0A7X2ZCM9,1,PF00704
A0A7X2ZFC4,1,PF00704
A0A7X3A5H3,1,PF00704
A0A7X3A682,1,PF00704
A0A7X3A6G6,1,PF00704
A0A7X3AC07,1,PF00704
A0A7X3AS92,1,PF00704
A0A7X3AU21,1,PF00704
A0A7X3CN77,1,PF00704
A0A7X3CUH4,1,PF00704
A0A7X3DIR5,1,PF00704
A0A7X3FEN7,1,PF00704
A0A7X3FF21,1,PF00704
A0A7X3FHB7,1,PF00704
A0A7X3FHM0,1,PF00704
A0A7X3FIW6,1,PF00704
A0A7X3FKZ4,3,PF00704
A0A7X3FL21,1,PF00704
A0A7X3FL52,1,PF00704
A0A7X3FLT4,1,PF00704
A0A7X3G489,1,PF00704
A0A7X3GH86,1,PF00704
A0A7X3GLP2,1,PF00704
A0A7X3GM56,1,PF00704
A0A7X3GMQ4,1,PF00704
A0A7X3GN19,1,PF00704
A0A7X3IFJ0,1,PF00704
A0A7X3IFY2,1,PF00704
A0A7X3IFZ9,1,PF00704
A0A7X3IGB2,1,PF00704
A0A7X3IIT5,1,PF00704
A0A7X3IMD1,1,PF00704
A0A7X3INP9,2,PF00704
A0A7X3IPM8,1,PF00704
A0A7X3K0F3,1,PF00704
A0A7X3KFY5,1,PF00704
A0A7X3KIM7,1,PF00704
A0A7X3KIR7,1,PF00704
A0A7X3L1H6,1,PF00704
A0A7X3LFR0,1,PF00704
A0A7X3LH82,1,PF00704
A0A7X3LK96,1,PF00704
A0A7X3MD59,1,PF00704
A0A7X3MLD6,1,PF00704
A0A7X3R136,1,PF00704
A0A7X3R2K1,1,PF00704
A0A7X3U2M0,1,PF00704
A0A7X4AGS8,1,PF00704
A0A7X4GWS4,1,PF00704
A0A7X4H012,1,PF00704
A0A7X4H033,1,PS51910
A0A7X4H165,1,PF00704
A0A7X4K9X0,1,PF00704
A0A7X4WS53,1,PF00704
A0A7X4X765,2,PF00704
A0A7X4X765,2,PF06483
A0A7X4XFI2,1,PF00704
A0A7X4XFK7,2,PF00704
A0A7X4XFK7,2,PF06483
A0A7X4XND3,2,PF00704
A0A7X4XND3,2,PF06483
A0A7X4XPW0,1,PF00704
A0A7X4XR19,2,PF00704
A0A7X4XR19,2,PF06483
A0A7X4XUS2,2,PF00704
A0A7X4XUS2,2,PF06483
A0A7X4Y9R8,1,PF00704
A0A7X4YB47,1,PF00704
A0A7X4YH01,1,PF00704
A0A7X4YL31,1,PF00704
A0A7X4YL75,1,PF00704
A0A7X4YTE4,1,PF00704
A0A7X4Z6P0,1,PF00704
A0A7X5AVQ4,1,PF00704
A0A7X5B726,1,PF00704
A0A7X5BF70,1,PF00704
A0A7X5BQ63,1,PF00704
A0A7X5BTK0,1,PF00704
A0A7X5BV49,1,PF00704
A0A7X5BVG4,1,PF00704
A0A7X5C038,1,PF00704
A0A7X5C149,1,PF00704
A0A7X5CBL2,1,PF00704
A0A7X5CYH8,1,PF00704
A0A7X5D2H3,1,PF00704
A0A7X5E3K4,1,PF00704
A0A7X5E970,1,PF00704
A0A7X5E9R5,1,PF00704
A0A7X5F6Y1,1,PF00704
A0A7X5HUI1,1,PF00704
A0A7X5HVK1,1,PF00704
A0A7X5ILA0,1,PF00704
A0A7X5L419,1,PF00704
A0A7X5MVE6,1,PF00704
A0A7X5N129,1,PF00704
A0A7X5P6E5,1,PF00704
A0A7X5P817,1,PF00704
A0A7X5PB39,1,PF00704
A0A7X5QCW0,1,PF00704
A0A7X5QJX9,1,PF00704
A0A7X5QK61,1,PF00704
A0A7X5QR99,1,PF00704
A0A7X5RE21,1,PF00704
A0A7X5SZ70,1,PF00704
A0A7X5TKG0,1,PF00704
A0A7X5UWS0,1,PF00704
A0A7X5V5A9,1,PF00704
A0A7X5V5B2,1,PS51910
A0A7X5V655,1,PF00704
A0A7X5V8E5,1,PF00704
A0A7X5VAD4,1,PF00704
A0A7X5X1E2,1,PS51910
A0A7X5X8A7,1,PS51910
A0A7X5XB09,1,PF00704
A0A7X5ZH38,1,PS51910
A0A7X5ZI46,1,PF00704
A0A7X5ZYK4,2,G3DSA:3.20.20.370
A0A7X5ZYK4,2,PF00704
A0A7X6AVH0,1,PF00704
A0A7X6AVH7,2,PS51910
A0A7X6AVH7,2,PTHR10963
A0A7X6AW82,1,PF00704
A0A7X6B7H0,1,PF00704
A0A7X6BCV8,2,G3DSA:3.20.20.370
A0A7X6BCV8,2,PF00704
A0A7X6CYM0,1,PF00704
A0A7X6D5E3,1,PF00704
A0A7X6DQI8,1,PF00704
A0A7X6HWL4,1,PF00704
A0A7X6M9Z4,1,PF00704
A0A7X6MB49,1,PF00704
A0A7X6NJA5,1,PF00704
A0A7X6NKK3,1,PF00704
A0A7X6NL21,1,PF00704
A0A7X6NP02,1,PF00704
A0A7X6RQA4,1,PF00704
A0A7X6RQE8,1,PF00704
A0A7X6SBS8,1,PF00704
A0A7X6UGN2,1,PF00704
A0A7X6UIZ5,1,PF00704
A0A7X6UZJ2,1,PF00704
A0A7X6V362,1,PF00704
A0A7X6VDG6,1,PF00704
A0A7X6VI63,1,PF00704
A0A7X6VKF6,1,PF00704
A0A7X6VRP8,1,PF00704
A0A7X6VY90,1,PF00704
A0A7X6W1N4,1,PF00704
A0A7X6WE14,1,PF00704
A0A7X6WWE3,1,PF00704
A0A7X6XIW6,1,PF00704
A0A7X6XJL4,1,PF00704
A0A7X6Y1Z0,1,PF00704
A0A7X6Y4N2,1,PF00704
A0A7X6Y4V7,1,PF00704
A0A7X6Y6T3,1,PF00704
A0A7X6Y8N3,1,PF00704
A0A7X6YML6,1,PF00704
A0A7X6ZKP7,1,PF00704
A0A7X6ZTZ3,1,PF00704
A0A7X7A170,1,PF00704
A0A7X7ADY2,1,PF00704
A0A7X7AFK5,1,PF00704
A0A7X7B1Q4,1,PF00704
A0A7X7B647,1,PF00704
A0A7X7B722,1,PF00704
A0A7X7B8I1,1,PF00704
A0A7X7BJD0,1,PF00704
A0A7X7BP10,1,PF00704
A0A7X7C0W0,1,PS51910
A0A7X7CWY4,1,PF00704
A0A7X7FLN0,1,PF00704
A0A7X7GHU6,1,PF00704
A0A7X7GU21,1,PF00704
A0A7X7HAT4,1,PF00704
A0A7X7HQA0,1,PF00704
A0A7X7I9V2,1,PF00704
A0A7X7IMM5,1,PF00704
A0A7X7IMR8,1,PF00704
A0A7X7JXH3,1,PF00704
A0A7X7L533,1,PF00704
A0A7X7LMA2,1,PF00704
A0A7X7NZ61,1,PF00704
A0A7X7Q2J5,1,PF00704
A0A7X7R3P1,1,PF00704
A0A7X7R4E3,1,PF00704
A0A7X7RS08,1,PF00704
A0A7X7S9B9,1,PF00704
A0A7X7SC57,1,PF00704
A0A7X7SK82,1,PS51910
A0A7X7SWT6,1,PF00704
A0A7X7SXB1,1,PF00704
A0A7X7SYY0,1,PF00704
A0A7X7TJN7,1,PF00704
A0A7X7UNS8,1,PF00704
A0A7X7UQZ8,1,PF00704
A0A7X7UYC8,1,PF00704
A0A7X7W0A0,1,PF00704
A0A7X7W1H1,1,PF00704
A0A7X7WWS4,2,G3DSA:3.20.20.370
A0A7X7WWS4,2,PF00704
A0A7X7WZN7,1,PF00704
A0A7X7X0W7,1,PF00704
A0A7X7X1M9,1,PF00704
A0A7X7X4C4,1,PF00704
A0A7X7XX18,1,PF00704
A0A7X7XX25,1,PF00704
A0A7X7XYJ3,1,PF00704
A0A7X7Y3Q5,1,PF00704
A0A7X7YBR0,1,PF00704
A0A7X7YX14,1,PF00704
A0A7X7ZJQ7,1,PF00704
A0A7X7ZW23,1,PF00704
A0A7X8AUA7,1,PF00704
A0A7X8BFU8,1,PF00704
A0A7X8BL58,1,PF00704
A0A7X8D2M6,1,PF00704
A0A7X8D415,1,PF00704
A0A7X8DTT8,1,PF00704
A0A7X8DW34,1,PF00704
A0A7X8DWN3,1,PF00704
A0A7X8EQ47,1,PF00704
A0A7X8EQW7,1,PF00704
A0A7X8F3Z5,1,PF00704
A0A7X8FXR4,1,PF00704
A0A7X8G197,1,PF00704
A0A7X8G4B7,1,PF00704
A0A7X8G602,1,PF00704
A0A7X8G6U0,1,PF00704
A0A7X8HFS0,1,PF00704
A0A7X8HG21,1,PF00704
A0A7X8HNS4,1,PS51910
A0A7X8HUB2,1,PF00704
A0A7X8IAZ2,1,PF00704
A0A7X8IBW3,1,PF00704
A0A7X8ILH3,1,PF00704
A0A7X8IYS6,1,PF00704
A0A7X8J234,1,PF00704
A0A7X8JEP4,1,PF00704
A0A7X8JGM9,1,PS51910
A0A7X8JVE3,1,PF00704
A0A7X8JWU2,1,PF00704
A0A7X8KM26,1,PF00704
A0A7X8KSJ1,1,PF00704
A0A7X8KVV1,1,PF00704
A0A7X8KWR8,1,PF00704
A0A7X8KZV7,1,PF00704
A0A7X8L4S2,1,PF00704
A0A7X8L4Y2,1,PF00704
A0A7X8L5B6,1,PF00704
A0A7X8LCH9,1,PF00704
A0A7X8LLX5,1,PF00704
A0A7X8LUY3,1,PF00704
A0A7X8M119,1,PF00704
A0A7X8M5B5,1,PF00704
A0A7X8MEN5,1,PF00704
A0A7X8MIC8,1,PF00704
A0A7X8MKG5,1,PF00704
A0A7X8MNP6,1,PF00704
A0A7X8MP04,1,PF00704
A0A7X8MPV7,1,PF00704
A0A7X8N3R5,1,PF00704
A0A7X8N5B5,1,PF00704
A0A7X8PQT0,1,PF00704
A0A7X8PRV3,1,PF00704
A0A7X8Q112,1,PF00704
A0A7X8QFZ2,1,PF00704
A0A7X8QH50,1,PF00704
A0A7X8QLC9,1,PS51910
A0A7X8QPG7,1,PF00704
A0A7X8QQX5,1,PF00704
A0A7X8QWR9,1,PF00704
A0A7X8QYI3,1,PF00704
A0A7X8R1D8,1,PF00704
A0A7X8R2T1,1,PF00704
A0A7X8R3D5,1,PF00704
A0A7X8R3G4,1,PF00704
A0A7X8RA50,1,PF00704
A0A7X8RCK2,1,PF00704
A0A7X8RDI3,1,PF00704
A0A7X8RDJ0,1,PF00704
A0A7X8RI74,2,G3DSA:3.20.20.370
A0A7X8RI74,2,PF00704
A0A7X8SHQ0,1,PF00704
A0A7X8SL50,2,PF00704
A0A7X8TNV1,1,PF00704
A0A7X8U482,1,PF00704
A0A7X8UAC9,1,PF00704
A0A7X8V527,1,PF00704
A0A7X8VEF0,1,PF00704
A0A7X8WY77,1,PF00704
A0A7X8X1N7,1,PF00704
A0A7X8X2C2,1,PF00704
A0A7X8X5A8,1,PF00704
A0A7X8YH75,1,PF00704
A0A7X8YHB6,2,PF00704
A0A7X8YHB6,2,PF06483
A0A7X8YHU4,1,PF00704
A0A7X8YN32,1,PF00704
A0A7X8ZAK1,1,PF00704
A0A7X8ZB89,1,PF00704
A0A7X8ZW27,1,PF00704
A0A7X9A236,1,PS51910
A0A7X9AIF8,1,PF00704
A0A7X9BQT2,1,PF00704
A0A7X9BRJ6,1,PF00704
A0A7X9BSD4,1,PF00704
A0A7X9BY82,1,PF00704
A0A7X9CED7,1,PF00704
A0A7X9CNH3,1,PF00704
A0A7X9D1X6,1,PF00704
A0A7X9DC62,1,PF00704
A0A7X9DKF1,1,PF00704
A0A7X9DZS5,1,PF00704
A0A7X9E6S4,1,PF00704
A0A7X9E9F0,1,PF00704
A0A7X9ECF8,1,PS51910
A0A7X9EIP2,1,PF00704
A0A7X9EJJ2,1,PF00704
A0A7X9EYH3,1,PF00704
A0A7X9F2N9,1,PF00704
A0A7X9F6Y5,1,PF00704
A0A7X9F6Z2,1,PF00704
A0A7X9FZC0,1,PF00704
A0A7X9FZP3,1,PF00704
A0A7X9GCB1,1,PF00704
A0A7X9GI89,1,PF00704
A0A7X9GKE6,1,PF00704
A0A7X9H858,1,PF00704
A0A7X9H8R0,1,PF00704
A0A7X9HCN4,1,PF00704
A0A7X9HNW9,2,G3DSA:3.20.20.370
A0A7X9HNW9,2,PF00704
A0A7X9HT49,1,PF00704
A0A7X9HU35,1,PF00704
A0A7X9HU57,1,PF00704
A0A7X9HUV8,1,PF00704
A0A7X9HVP5,1,PF00704
A0A7X9IMF1,1,PF00704
A0A7X9IN33,1,PF00704
A0A7X9IYP8,1,PF00704
A0A7X9J9Z8,1,PF00704
A0A7X9KL26,1,PF00704
A0A7X9LZ61,1,PF00704
A0A7X9M3S3,1,PF00704
A0A7X9MSW5,1,PF00704
A0A7X9MVS0,1,PF00704
A0A7X9P1C3,2,PF00704
A0A7X9P904,1,PF00704
A0A7X9PGE6,1,PF00704
A0A7X9Q284,1,PF00704
A0A7X9QQU1,1,PF00704
A0A7X9QSH8,1,PF00704
A0A7X9RX86,1,PF00704
A0A7X9RYZ5,1,PF00704
A0A7X9UN89,1,PF00704
A0A7X9UVU9,1,PF00704
A0A7X9WQ59,1,PF00704
A0A7X9YKY8,1,PF00704
A0A7X9YME2,1,PF00704
A0A7X9ZTL9,2,G3DSA:3.20.20.370
A0A7X9ZTL9,2,PF00704
A0A7Y0A9W3,2,G3DSA:3.20.20.370
A0A7Y0A9W3,2,PF00704
A0A7Y0AD34,1,PF00704
A0A7Y0AHL8,1,PF00704
A0A7Y0AQ05,1,PF00704
A0A7Y0AQ87,1,PF00704
A0A7Y0B141,1,PS51910
A0A7Y0B1D9,1,PF00704
A0A7Y0B8T8,1,PS51910
A0A7Y0BDM9,1,PF00704
A0A7Y0CIP6,1,PF00704
A0A7Y0EK16,1,PF00704
A0A7Y0ENT2,1,PF00704
A0A7Y0FZ66,1,PF00704
A0A7Y0G077,1,PF00704
A0A7Y0G0I8,1,PF00704
A0A7Y0G2M7,1,PF00704
A0A7Y0G361,1,PF00704
A0A7Y0GBN4,2,G3DSA:3.20.20.370
A0A7Y0GBN4,2,PF00704
A0A7Y0HBI1,1,PF00704
A0A7Y0HCR1,1,PF00704
A0A7Y0HPE6,1,PF00704
A0A7Y0HPQ9,1,PF00704
A0A7Y0IGB7,1,PF00704
A0A7Y0J7F6,1,PF00704
A0A7Y0JAK9,1,PF00704
A0A7Y0JBA8,1,PF00704
A0A7Y0JDH9,1,PS51910
A0A7Y0JG33,1,PF00704
A0A7Y0JIC8,1,PF00704
A0A7Y0JII4,1,PF00704
A0A7Y0JJF2,1,PS51910
A0A7Y0JKB3,1,PF00704
A0A7Y0JMZ7,1,PF00704
A0A7Y0JRL6,1,PF00704
A0A7Y0K476,1,PF00704
A0A7Y0K8T8,1,PF00704
A0A7Y0L105,1,PF00704
A0A7Y0L1P5,1,PF00704
A0A7Y0L411,1,PF00704
A0A7Y0L4L3,1,PF00704
A0A7Y0L6B3,1,PF00704
A0A7Y0L6E4,1,PF00704
A0A7Y0MUH6,1,PF00704
A0A7Y0MVH9,1,PF00704
A0A7Y0MY76,2,PF00704
A0A7Y0MY76,2,PF06483
A0A7Y0N3Q1,1,PF00704
A0A7Y0NRR9,2,G3DSA:3.20.20.370
A0A7Y0NRR9,2,PF00704
A0A7Y0NS03,1,PF00704
A0A7Y0NSL4,1,PF00704
A0A7Y0P4T2,1,PS51910
A0A7Y0P7V4,1,PF00704
A0A7Y0P857,1,PF00704
A0A7Y0PAC1,1,PF00704
A0A7Y0PDB3,1,PF00704
A0A7Y0PUC7,1,PF00704
A0A7Y0Q176,1,PF00704
A0A7Y0Q256,1,PF00704
A0A7Y0S481,1,PF00704
A0A7Y0S4X5,1,PF00704
A0A7Y0S598,1,PF00704
A0A7Y0SAU1,1,PF00704
A0A7Y0SCU4,1,PS51910
A0A7Y0SDE0,1,PF00704
A0A7Y0WG39,1,PF00704
A0A7Y0XCR4,1,PF00704
A0A7Y0XCV1,1,PF00704
A0A7Y0XE85,1,PF00704
A0A7Y0XG39,1,PF00704
A0A7Y1GCH1,1,PF00704
A0A7Y1GF02,1,PF00704
A0A7Y1MMM6,1,PF00704
A0A7Y1Y761,1,PF00704
A0A7Y1ZW31,1,PF00704
A0A7Y2CPK0,1,PF00704
A0A7Y2G9X5,1,PF00704
A0A7Y2ISA0,1,PF00704
A0A7Y2IX54,1,PS51910
A0A7Y2L4P8,1,PF00704
A0A7Y2L567,1,PF00704
A0A7Y2L841,1,PF00704
A0A7Y2NAJ9,1,PF00704
A0A7Y2SLE4,1,PF00704
A0A7Y3B712,1,PF00704
A0A7Y3C2M0,1,PF00704
A0A7Y3ESY4,1,PF00704
A0A7Y3ETS4,1,PF00704
A0A7Y3GGQ9,1,PF00704
A0A7Y3J1S7,1,PF00704
A0A7Y3J294,1,PF00704
A0A7Y3JF85,1,PF00704
A0A7Y3KAI7,1,PF00704
A0A7Y3KBH3,1,PF00704
A0A7Y3KD18,1,PF00704
A0A7Y3KMI0,1,PF00704
A0A7Y3LMS1,1,PF00704
A0A7Y3LV15,1,PF00704
A0A7Y3LZ55,1,PF00704
A0A7Y3NVW3,1,PF00704
A0A7Y3NX39,1,PF00704
A0A7Y3P6X3,1,PF00704
A0A7Y3PLR8,1,PS51910
A0A7Y3PQU7,1,PF00704
A0A7Y3PRZ5,1,PF00704
A0A7Y3PU31,1,PF00704
A0A7Y3PUP9,1,PF00704
A0A7Y3Q1I1,1,PF00704
A0A7Y3R2C4,1,PF00704
A0A7Y3R2S3,2,PF00704
A0A7Y3R2S3,2,PF06483
A0A7Y3T069,1,PF00704
A0A7Y3TD25,1,PF00704
A0A7Y3TDK2,2,PF00704
A0A7Y3TDY0,1,PF00704
A0A7Y3TEH6,1,PF00704
A0A7Y3TH70,1,PF00704
A0A7Y3V7R7,1,PS51910
A0A7Y3VCL4,2,PF00704
A0A7Y3VCL4,2,PF06483
A0A7Y3XZX7,1,PF00704
A0A7Y3YKL6,1,PF00704
A0A7Y3YN88,1,PF00704
A0A7Y3Z6K9,1,PF00704
A0A7Y3ZXJ1,1,PF00704
A0A7Y3ZXR7,1,PF00704
A0A7Y3ZYX0,1,PF00704
A0A7Y4AQ29,1,PF00704
A0A7Y4B1G5,1,PF00704
A0A7Y4B2D8,1,PF00704
A0A7Y4CKG5,1,PF00704
A0A7Y4CLA4,2,PF00704
A0A7Y4CLA4,2,PF06483
A0A7Y4CMD7,1,PF00704
A0A7Y4D278,1,PF00704
A0A7Y4D426,1,PF00704
A0A7Y4DQW4,1,PF00704
A0A7Y4E299,2,PF00704
A0A7Y4E299,2,PF06483
A0A7Y4E2Q6,1,PF00704
A0A7Y4E3Z4,1,PF00704
A0A7Y4E9T7,1,PF00704
A0A7Y4EEH7,2,PF00704
A0A7Y4EEH7,2,PF06483
A0A7Y4EF21,1,PF00704
A0A7Y4EGT3,1,PF00704
A0A7Y4EQ61,1,PF00704
A0A7Y4ERG9,2,PF00704
A0A7Y4ERG9,2,PF06483
A0A7Y4F087,1,PF00704
A0A7Y4FRD0,1,PF00704
A0A7Y4HQD7,1,PF00704
A0A7Y4IEF5,1,PF00704
A0A7Y4ING8,1,PF00704
A0A7Y4JQG8,1,PF00704
A0A7Y4JRJ0,1,PF00704
A0A7Y4JTU0,1,PF00704
A0A7Y4JY38,1,PF00704
A0A7Y4KGM0,1,PF00704
A0A7Y4KIU4,1,PF00704
A0A7Y4KRS4,1,PF00704
A0A7Y4KST5,1,PF00704
A0A7Y4KYI7,1,PF00704
A0A7Y4KYN6,1,PF00704
A0A7Y4L107,1,PF00704
A0A7Y4L2Y7,1,PF00704
A0A7Y4L3A5,1,PF00704
A0A7Y4L567,1,PF00704
A0A7Y4L816,1,PF00704
A0A7Y4L841,1,PS51910
A0A7Y4MHM1,1,PF00704
A0A7Y4MQG0,1,PF00704
A0A7Y4NC16,1,PF00704
A0A7Y4NHC1,1,PF00704
A0A7Y4NQJ1,1,PF00704
A0A7Y4NU58,1,PF00704
A0A7Y4P2R7,1,PF00704
A0A7Y4P2U9,1,PF00704
A0A7Y4RK80,1,PF00704
A0A7Y4TMY4,2,G3DSA:3.20.20.370
A0A7Y4TMY4,2,PF00704
A0A7Y4UHQ1,1,PS51910
A0A7Y4VDD0,1,PF00704
A0A7Y4X0L0,1,PF00704
A0A7Y4YCV5,1,PF00704
A0A7Y5APK7,1,PF00704
A0A7Y5APU0,1,PF00704
A0A7Y5BKH3,1,PF00704
A0A7Y5CNN7,1,PF00704
A0A7Y5DZH5,1,PF00704
A0A7Y5E2E1,1,PF00704
A0A7Y5FKD8,1,PF00704
A0A7Y5FS63,1,PF00704
A0A7Y5FUA1,1,PF00704
A0A7Y5GL18,1,PF00704
A0A7Y5HHE8,1,PF00704
A0A7Y5IGF1,1,PF00704
A0A7Y5II94,1,PF00704
A0A7Y5IZ82,1,PF00704
A0A7Y5KY59,1,PF00704
A0A7Y5LJQ1,1,PF00704
A0A7Y5LQX9,1,PF00704
A0A7Y5N2L4,1,PF00704
A0A7Y5N834,1,PF00704
A0A7Y5QE19,1,PF00704
A0A7Y5QHH0,1,PF00704
A0A7Y5QW35,1,PF00704
A0A7Y5REB0,1,PF00704
A0A7Y5RFK1,2,G3DSA:3.20.20.370
A0A7Y5RFK1,2,PS51910
A0A7Y5SBN1,1,PF00704
A0A7Y5TSL0,2,G3DSA:3.20.20.370
A0A7Y5TSL0,2,PF00704
A0A7Y5UHM5,2,G3DSA:3.20.20.370
A0A7Y5UHM5,2,PF00704
A0A7Y5VJQ3,1,PF00704
A0A7Y5ZY40,1,PF00704
A0A7Y6ACA3,1,PF00704
A0A7Y6ACS4,1,PS51910
A0A7Y6BXI8,1,PF00704
A0A7Y6BXP4,1,PF00704
A0A7Y6BYH4,1,PF00704
A0A7Y6BYJ8,1,PF00704
A0A7Y6C607,1,PF00704
A0A7Y6EGL3,2,G3DSA:3.20.20.370
A0A7Y6EGL3,2,PF00704
A0A7Y6EVL3,1,PF00704
A0A7Y6EVL9,1,PF00704
A0A7Y6F095,1,PF00704
A0A7Y6F3X4,1,PF00704
A0A7Y6F662,1,PF00704
A0A7Y6FFH2,1,PF00704
A0A7Y6FFU7,1,PF00704
A0A7Y6FGJ4,1,PF00704
A0A7Y6GB74,1,PF00704
A0A7Y6GIF9,1,PF00704
A0A7Y6IHK3,1,PF00704
A0A7Y6IY57,1,PF00704
A0A7Y6KIK9,1,PF00704
A0A7Y6KJB9,1,PF00704
A0A7Y6KKK2,1,PF00704
A0A7Y6KMR0,1,PF00704
A0A7Y6KP39,1,PF00704
A0A7Y6KPC0,1,PF00704
A0A7Y6KPE7,1,PF00704
A0A7Y6L4X3,1,PS51910
A0A7Y6L8T1,1,PF00704
A0A7Y6L9L5,1,PF00704
A0A7Y6QKP4,1,PF00704
A0A7Y6QKR6,1,PF00704
A0A7Y6QN03,1,PF00704
A0A7Y6UBX0,1,PF00704
A0A7Y6WSX9,1,PF00704
A0A7Y6X6G6,1,PF00704
A0A7Y6XAU6,1,PF00704
A0A7Y7AB78,1,PF00704
A0A7Y7B2Z1,1,PF00704
A0A7Y7B326,1,PF00704
A0A7Y7B377,1,PF00704
A0A7Y7B6M1,1,PF00704
A0A7Y7C274,1,PF00704
A0A7Y7C386,1,PF00704
A0A7Y7C536,1,PF00704
A0A7Y7C9I5,1,PF00704
A0A7Y7CAB6,1,PF00704
A0A7Y7CDQ0,1,PF00704
A0A7Y7E7G0,1,PF00704
A0A7Y7E9W1,1,PF00704
A0A7Y7H0T1,2,G3DSA:3.20.20.370
A0A7Y7H0T1,2,PF00704
A0A7Y7LA00,1,PF00704
A0A7Y7LB09,1,PF00704
A0A7Y7MXP5,1,PF00704
A0A7Y7MYZ5,2,PF00704
A0A7Y7MYZ5,2,PF06483
A0A7Y7NT26,1,PF00704
A0A7Y7P8B5,2,G3DSA:3.20.20.370
A0A7Y7P8B5,2,PF00704
A0A7Y7QXZ1,2,G3DSA:3.20.20.370
A0A7Y7QXZ1,2,PF00704
A0A7Y7TD73,1,PF00704
A0A7Y7WEA7,1,PF00704
A0A7Y7WXG4,1,PF00704
A0A7Y7XGD3,1,PF00704
A0A7Y8CC10,1,PF00704
A0A7Y8CRZ3,1,PF00704
A0A7Y8GQ92,1,PF00704
A0A7Y8ICC7,1,PF00704
A0A7Y8KT73,1,PF00704
A0A7Y8RYI3,1,PF00704
A0A7Y8S0C8,1,PF00704
A0A7Y8TFA5,2,G3DSA:3.20.20.370
A0A7Y8TFA5,2,PF00704
A0A7Y8UZK5,1,PF00704
A0A7Y8V1T7,1,PF00704
A0A7Y8WM29,1,PF00704
A0A7Y8WQ80,1,PF00704
A0A7Y8WQQ0,1,PF00704
A0A7Y8WSG7,1,PF00704
A0A7Y8WWF6,1,PF00704
A0A7Y8X140,1,PF00704
A0A7Y8X1P7,1,PF00704
A0A7Y8X4K5,1,PF00704
A0A7Y8YHQ6,1,PF00704
A0A7Y9BGK9,1,PF00704
A0A7Y9BHJ2,1,PF00704
A0A7Y9BHT9,1,PF00704
A0A7Y9BIZ9,1,PF00704
A0A7Y9ELX5,1,PS51910
A0A7Y9ELY2,1,PF00704
A0A7Y9EMR5,1,PF00704
A0A7Y9EWA5,1,PF00704
A0A7Y9EWH1,1,PF00704
A0A7Y9FMW1,2,G3DSA:3.20.20.370
A0A7Y9FMW1,2,PF00704
A0A7Y9GH26,1,PS51910
A0A7Y9GHC8,1,PF00704
A0A7Y9GJX3,1,PF00704
A0A7Y9H1J3,1,PF00704
A0A7Y9HEQ0,1,PF00704
A0A7Y9HHE4,1,PF00704
A0A7Y9HUG6,1,PF00704
A0A7Y9HVE5,1,PF00704
A0A7Y9IDF5,1,PF00704
A0A7Y9JIA9,1,PF00704
A0A7Y9JIM1,1,PF00704
A0A7Y9JIS4,1,PF00704
A0A7Y9JXJ1,1,PF00704
A0A7Y9KEL6,1,PF00704
A0A7Y9KG29,1,PF00704
A0A7Y9KHT8,1,PF00704
A0A7Y9KRV1,1,PF00704
A0A7Y9KVI5,1,PF00704
A0A7Y9KZB7,1,PF00704
A0A7Y9L3L0,1,PF00704
A0A7Y9L681,1,PF00704
A0A7Y9L6C5,2,G3DSA:3.20.20.370
A0A7Y9L6C5,2,PF00704
A0A7Y9L7G4,1,PF00704
A0A7Y9MCY5,1,PS51910
A0A7Y9MND9,1,PS51910
A0A7Y9MR19,1,PF00704
A0A7Y9N9L9,1,PF00704
A0A7Y9NGP0,1,PF00704
A0A7Y9NP26,1,PF00704
A0A7Y9NR80,1,PF00704
A0A7Y9PE03,1,PF00704
A0A7Y9PHT9,2,G3DSA:3.20.20.370
A0A7Y9PHT9,2,PS51910
A0A7Y9SR15,1,PF00704
A0A7Y9SZB4,1,PF00704
A0A7Y9TA16,2,G3DSA:3.20.20.370
A0A7Y9TA16,2,PF00704
A0A7Y9WVL6,1,PF00704
A0A7Y9WY27,1,PF00704
A0A7Y9WZJ1,1,PF00704
A0A7Y9X2F2,1,PF00704
A0A7Y9XBW7,1,PF00704
A0A7Y9XDH0,1,PF00704
A0A7Y9XDR8,1,PF00704
A0A7Z0AVY1,1,PF00704
A0A7Z0BDG7,1,PF00704
A0A7Z0BMA0,1,PF00704
A0A7Z0DJ24,1,PF00704
A0A7Z0EA21,1,PS51910
A0A7Z0EL75,1,PF00704
A0A7Z0ELI2,1,PF00704
A0A7Z0EQU2,1,PF00704
A0A7Z0ESC4,1,PF00704
A0A7Z0K8B0,1,PF00704
A0A7Z0NTD6,1,PF00704
A0A7Z0PSC2,1,PF00704
A0A7Z0Q1G4,1,PF00704
A0A7Z0SVS9,1,PF00704
A0A7Z0TIS4,1,PF00704
A0A7Z0TLZ9,1,PF00704
A0A7Z0WDH8,1,PF00704
A0A7Z0WFF6,1,PF00704
A0A7Z0WJY9,1,PF00704
A0A7Z0WP27,1,PF00704
A0A7Z0WVZ8,1,PF00704
A0A7Z0WXB0,1,PF00704
A0A7Z0WXU6,1,PF00704
A0A7Z1AUA5,1,PS51910
A0A7Z1AWY2,1,PF00704
A0A7Z1AZ67,1,PF00704
A0A7Z1B490,1,PF00704
A0A7Z1BSW4,1,PF00704
A0A7Z1HMQ5,1,PF00704
A0A7Z1KIX1,1,PF00704
A0A7Z1MF52,1,PF00704
A0A7Z1MLL9,1,PF00704
A0A7Z1S4K8,2,PF00704
A0A7Z1S4K8,2,PF06483
A0A7Z2K810,1,PF00704
A0A7Z2K9B6,1,PF00704
A0A7Z2KV15,1,PF00704
A0A7Z2MTF3,1,PF00704
A0A7Z2MW31,1,PF00704
A0A7Z2MXY0,1,PF00704
A0A7Z2REG6,1,PF00704
A0A7Z2T8F0,1,PF00704
A0A7Z2VBP8,1,PF00704
A0A7Z2VFR8,1,PF00704
A0A7Z2VH96,1,PF00704
A0A7Z2VPT0,2,PF00704
A0A7Z2VPT0,2,PIRSR001103-1
A0A7Z2VQT4,1,PF00704
A0A7Z2VR24,1,PF00704
A0A7Z2VRB9,1,PF00704
A0A7Z2Y849,1,PF00704
A0A7Z2ZK72,1,PF00704
A0A7Z2ZRK3,1,PF00704
A0A7Z3C6C0,1,PF00704
A0A7Z6T496,1,PF00704
A0A7Z6T4B6,1,PS51910
A0A7Z6T707,1,PS51910
A0A7Z6TBI7,1,PF00704
A0A7Z6TCA6,1,PF00704
A0A7Z6TEH0,1,PF00704
A0A7Z6U816,1,PF00704
A0A7Z6UEM6,1,PF00704
A0A7Z6UTR2,1,PF00704
A0A7Z6XCP7,1,PF00704
A0A7Z6XDX3,1,PF00704
A0A7Z6XEL2,1,PF00704
A0A7Z6XIK7,1,PF00704
A0A7Z7CE32,1,PF00704
A0A7Z7CEU3,1,PF00704
A0A7Z7CFK5,1,PF00704
A0A7Z7CL65,1,PF00704
A0A7Z7G564,1,PF00704
A0A7Z7G5A8,1,PF00704
A0A7Z7G6Z3,1,PF00704
A0A7Z7IJZ7,2,PF00704
A0A7Z7IJZ7,2,SSF51445
A0A7Z7IZR7,1,PF00704
A0A7Z7LSS4,2,G3DSA:3.20.20.370
A0A7Z7LSS4,2,PF00704
A0A7Z7LVK9,1,PF00704
A0A7Z7PYF5,1,PF00704
A0A7Z7Q0N4,1,PS51910
A0A7Z7YDP1,2,PF00704
A0A7Z7YDP1,2,PF06483
A0A7Z7YET4,2,G3DSA:2.10.10.20:FF:000001
A0A7Z7YET4,2,PF00704
A0A7Z7YGW5,2,G3DSA:2.60.40.10:FF:002602
A0A7Z7YGW5,2,PF00704
A0A7Z7YGY5,1,PF00704
A0A7Z8CZU5,1,PF00704
A0A7Z8G4Y7,1,PF00704
A0A7Z8PUY8,1,PF00704
A0A7Z8RMV7,1,PF00704
A0A7Z8RPY7,2,G3DSA:3.20.20.370
A0A7Z8RPY7,2,PF00704
A0A7Z8RQ65,1,PF00704
A0A7Z8RTW5,1,PF00704
A0A7Z8S1Z5,1,PF00704
A0A7Z8W384,1,PF00704
A0A7Z8WHW0,1,PF00704
A0A7Z9AT87,1,PS51910
A0A7Z9CTH4,1,PF00704
A0A7Z9DJ09,1,PF00704
A0A7Z9DKI4,1,PF00704
A0A7Z9G540,1,PF00704
A0A7Z9G5T1,1,PF00704
A0A7Z9IRC0,1,PF00704
A0A7Z9KUE4,1,PF00704
A0A7Z9L967,1,PF00704
A0A7Z9LXK5,1,PF00704
A0A7Z9M4V9,1,PF00704
A0A7Z9N689,1,PF00704
A0A7Z9QER3,1,PF00704
A0A7Z9SDE0,1,PF00704
A0A7Z9UHT8,1,PF00704
A0A7Z9WK14,2,PS51910
A0A7Z9WK14,2,SSF51445
A0A7Z9XIQ9,1,PF00704
A0A7Z9XLC1,1,PF00704
A0A7Z9ZF43,1,PS51910
A0A7Z9ZN04,1,PF00704
A0A800MVJ1,1,PF00704
A0A800MWT7,1,PF00704
A0A800N8P1,1,PF00704
A0A806K052,1,PF00704
A0A806K123,1,PF00704
A0A806KHD3,1,PF00704
A0A806KP80,1,PF00704
A0A806TF74,1,PF00704
A0A806TPJ5,1,PF00704
A0A807LDC0,1,PF00704
A0A807LDZ4,1,PF00704
A0A809PFI3,1,PF00704
A0A809PQW2,1,PF00704
A0A809PY91,1,PF00704
A0A809QGV7,1,PF00704
A0A810DYR6,1,PF00704
A0A810E2D5,1,PF00704
A0A810KX89,2,PF00704
A0A810KX89,2,PS51910
A0A810KYE9,1,PF00704
A0A810L2U6,1,PS51910
A0A810L7D2,1,PF00704
A0A810L7L9,1,PF00704
A0A810MQA7,1,PF00704
A0A810MR48,1,PF00704
A0A810N2Z8,1,PF00704
A0A810N319,1,PS51910
A0A810N4D7,1,PF00704
A0A810NAW4,1,PF00704
A0A810NB66,1,PF00704
A0A810NB75,1,PF00704
A0A810NHP7,1,PF00704
A0A810NK65,1,PF00704
A0A810NKT2,1,PS51910
A0A810NLI7,1,PF00704
A0A810NLI8,1,PF00704
A0A810NMD0,1,PF00704
A0A810NS67,1,PF00704
A0A810NU27,1,PF00704
A0A810NV52,1,PF00704
A0A810PVA1,1,PF00704
A0A810Q6U7,1,PF00704
A0A810QBU3,1,PF00704
A0A810QDK7,1,PF00704
A0A812FJX9,1,PF00704
A0A812G8R6,1,PF00704
A0A812GN18,1,PF00704
A0A812GNA3,1,PF00704
A0A812GPA4,2,PF00704
A0A812GPA4,2,PF06483
A0A812GPG6,2,PF00704
A0A812GPG6,2,PF06483
A0A812GUP0,1,PF00704
A0A812GYH0,1,PF00704
A0A812GZG3,1,PF00704
A0A812H146,1,PF00704
A0A812HKG5,1,PF00704
A0A812HML5,1,PF00704
A0A812HR48,2,PF00704
A0A812HR48,2,PF06483
A0A812HUC6,1,PF00704
A0A812I0M1,1,PF00704
A0A822MTZ7,1,PF00704
A0A822MVY1,2,PF00704
A0A822MVY1,2,PF06483
A0A822WCP2,1,PF00704
A0A822WEV0,1,PF00704
A0A822WL53,1,PF00704
A0A822WN75,1,PF00704
A0A822X2J8,1,PF00704
A0A822X564,1,PF00704
A0A823DD97,1,PF00704
A0A823IVX0,1,PF00704
A0A826CU83,1,PF00704
A0A828RS80,1,PF00704
A0A828T2T0,1,PF00704
A0A828T369,1,PF00704
A0A828T4R9,1,PF00704
A0A828XTD5,1,PF00704
A0A828Y3S3,1,PF00704
A0A828Y5E8,1,PF00704
A0A828Z1V5,1,PF00704
A0A828Z7M4,1,PF00704
A0A828Z864,1,PF00704
A0A828ZN56,1,PF00704
A0A828ZXV5,1,PF00704
A0A829A2C1,1,PF00704
A0A829AAC2,1,PF00704
A0A829C512,1,PF00704
A0A829CVQ6,1,PF00704
A0A829D454,1,PF00704
A0A829NLG6,1,PF00704
A0A829NP31,1,PF00704
A0A829R4R4,1,PF00704
A0A829W015,1,PF00704
A0A829W4P6,1,PF00704
A0A829YAJ6,1,PF00704
A0A829ZQ13,1,PF00704
A0A829ZRS3,1,PF00704
A0A830GGL1,1,PF00704
A0A830YSL8,1,PF00704
A0A831K4D8,2,PF00704
A0A831K4D8,2,SSF51445
A0A831K4K4,1,PF00704
A0A831TGB3,1,PF00704
A0A831TMU6,1,PF00704
A0A831X0D4,1,PF00704
A0A831X287,1,PF00704
A0A831XDC6,1,PF00704
A0A832A748,1,PF00704
A0A832B8S8,2,G3DSA:3.20.20.370
A0A832B8S8,2,PF00704
A0A832E547,1,PF00704
A0A832EUG4,1,PF00704
A0A832GY44,1,PF00704
A0A832MUG3,1,PF00704
A0A832P2W1,1,PF00704
A0A832P3Z3,1,PF00704
A0A832P439,1,PF00704
A0A832R1M0,1,PF00704
A0A832WMF1,1,PS51910
A0A833CC23,1,PF00704
A0A833H2V2,1,PF00704
A0A833H5F9,1,PF00704
A0A833JH39,1,PF00704
A0A833LWY7,2,G3DSA:3.20.20.370
A0A833LWY7,2,PF00704
A0A833M890,1,PF00704
A0A833N7M3,1,PF00704
A0A836P4G9,1,PF00704
A0A836QGY0,1,PF00704
A0A836RQ64,1,PF00704
A0A836S4G9,1,PF00704
A0A836SQX0,1,PF00704
A0A836SW88,1,PF00704
A0A836U4V4,1,PF00704
A0A836USL5,1,PF00704
A0A836W359,1,PF00704
A0A836W572,1,PF00704
A0A837F5S9,1,PF00704
A0A837FEM3,1,PF00704
A0A837FZN8,1,PF00704
A0A837G3J0,1,PF00704
A0A837G8V8,1,PF00704
A0A837G8X8,1,PF00704
A0A837GBX1,1,PF00704
A0A837HP85,1,PF00704
A0A837HYG4,1,PF00704
A0A837I8M7,1,PF00704
A0A837IE09,1,PF00704
A0A837IEA6,1,PF00704
A0A837IIM1,1,PF00704
A0A837KHS6,1,PF00704
A0A837KHW1,1,PF00704
A0A837KLP1,1,PF00704
A0A837KRY8,1,PF00704
A0A837KS78,1,PF00704
A0A837KT03,1,PF00704
A0A837LD38,1,PF00704
A0A837NXJ2,1,PF00704
A0A837P083,1,PF00704
A0A837P2M5,2,PF00704
A0A837P2M5,2,PF06483
A0A838AFX7,1,PF00704
A0A838CQG2,1,PF00704
A0A838CS54,1,PF00704
A0A838CT98,1,PF00704
A0A838DPC8,1,PS51910
A0A838DYU7,1,PF00704
A0A838EGH2,1,PF00704
A0A838EIW6,1,PS51910
A0A838EN12,1,PF00704
A0A838EQ96,1,PF00704
A0A838L6E4,2,G3DSA:3.20.20.370
A0A838L6E4,2,PF00704
A0A838R7J9,1,PF00704
A0A838TMU2,1,PF00704
A0A838TS70,1,PF00704
A0A838TTB7,1,PF00704
A0A838TX86,2,G3DSA:3.20.20.370
A0A838TX86,2,PF00704
A0A838TXF6,1,PF00704
A0A838UAL6,1,PF00704
A0A838UJW6,1,PF00704
A0A838UPC0,2,G3DSA:3.20.20.370
A0A838UPC0,2,PS51910
A0A838VD87,2,G3DSA:3.20.20.370
A0A838VD87,2,PF00704
A0A838VGP9,2,G3DSA:3.20.20.370
A0A838VGP9,2,PF00704
A0A838VIZ4,1,PF00704
A0A838VSM6,1,PF00704
A0A838W5K1,1,PF00704
A0A838YWB9,1,PF00704
A0A839BIU6,1,PF00704
A0A839BKE4,1,PF00704
A0A839CT86,1,PF00704
A0A839DYF1,1,PF00704
A0A839DZ12,1,PF00704
A0A839DZB7,1,PF00704
A0A839E4V1,1,PF00704
A0A839ESF7,1,PF00704
A0A839F7S0,1,PF00704
A0A839FN37,1,PS51910
A0A839GPI9,1,PF00704
A0A839I1K7,1,PF00704
A0A839I2C7,1,PF00704
A0A839I2J0,1,PF00704
A0A839I373,1,PF00704
A0A839I7Z4,2,PF00704
A0A839I7Z4,2,PF06483
A0A839JYA4,1,PF00704
A0A839JYV3,1,PF00704
A0A839K7C4,1,PF00704
A0A839LJK4,1,PF00704
A0A839LJZ0,1,PF00704
A0A839LMZ5,1,PF00704
A0A839LQ29,1,PF00704
A0A839NFD3,1,PF00704
A0A839TMT7,1,PF00704
A0A839TYB0,1,PF00704
A0A839U057,1,PF00704
A0A839U2Q9,1,PF00704
A0A839WB08,1,PF00704
A0A839WER0,1,PF00704
A0A839WWV2,1,PF00704
A0A839YED1,2,G3DSA:3.20.20.370
A0A839YED1,2,PF00704
A0A839YJA1,2,G3DSA:3.20.20.370
A0A839YJA1,2,PF00704
A0A840BGT6,2,PF00704
A0A840BGT6,2,SSF51445
A0A840CEC2,1,PF00704
A0A840CMN1,1,PF00704
A0A840CZQ4,1,PF00704
A0A840DVP9,2,G3DSA:3.20.20.370
A0A840DVP9,2,PF00704
A0A840E016,1,PF00704
A0A840FDA8,2,G3DSA:3.20.20.370
A0A840FDA8,2,PF00704
A0A840IMA6,1,PF00704
A0A840ITH5,1,PS51910
A0A840IVD2,1,PF00704
A0A840IWE6,1,PF00704
A0A840IWJ9,1,PF00704
A0A840IX90,1,PF00704
A0A840J229,1,PS51910
A0A840J6J9,1,PS51910
A0A840LA95,1,PF00704
A0A840MEX1,1,PF00704
A0A840MFJ9,1,PF00704
A0A840MI75,1,PF00704
A0A840MJ66,1,PF00704
A0A840MPL0,1,PF00704
A0A840MUI1,1,PF00704
A0A840NDT1,1,PS51910
A0A840NE31,1,PF00704
A0A840NFA3,1,PS51910
A0A840NKH8,1,PS51910
A0A840P254,1,PF00704
A0A840P5Q8,1,PF00704
A0A840PFF1,1,PF00704
A0A840PL25,1,PF00704
A0A840PVA6,1,PF00704
A0A840Q1C8,1,PF00704
A0A840Q5Q1,1,PF00704
A0A840QEU7,1,PF00704
A0A840QMH5,1,PF00704
A0A840QQY8,1,PF00704
A0A840QT35,1,PF00704
A0A840RAX4,1,PF00704
A0A840RBV4,1,PF00704
A0A840RCV0,1,PF00704
A0A840RIK0,1,PS51910
A0A840RL95,1,PF00704
A0A840RLH7,1,PF00704
A0A840RLI6,1,PF00704
A0A840RMA5,1,PF00704
A0A840RTS4,1,PF00704
A0A840S9H2,1,PF00704
A0A840SC68,3,PF00704
A0A840SG58,1,PF00704
A0A840TTT6,1,PF00704
A0A840UMM3,1,PF00704
A0A840VIQ1,1,PF00704
A0A840VTK8,1,PF00704
A0A840VZW0,1,PF00704
A0A840WBJ1,1,PF00704
A0A840WCU1,1,PF00704
A0A840WET5,1,PF00704
A0A840WLW1,1,PF00704
A0A840WM25,1,PF00704
A0A840WR62,1,PF00704
A0A840YYV2,2,G3DSA:3.20.20.370
A0A840YYV2,2,PF00704
A0A841AJI4,1,PF00704
A0A841B0C6,1,PS51910
A0A841B0I5,1,PF00704
A0A841B144,1,PF00704
A0A841B450,1,PF00704
A0A841B9B9,1,PF00704
A0A841BCW4,1,PF00704
A0A841BEL0,1,PS51910
A0A841BEU8,1,PF00704
A0A841BFU6,1,PF00704
A0A841BMI2,1,PF00704
A0A841BMP2,1,PF00704
A0A841BMV1,1,PF00704
A0A841BRD3,1,PF00704
A0A841BRZ1,1,PF00704
A0A841BWI4,1,PF00704
A0A841BYB3,1,PF00704
A0A841BYG1,1,PS51910
A0A841BZM9,1,PF00704
A0A841C0I3,1,PF00704
A0A841C0Z7,1,PF00704
A0A841CDR4,1,PF00704
A0A841CEN0,1,PF00704
A0A841CFC0,1,PF00704
A0A841CFM4,1,PS51910
A0A841CFS5,2,G3DSA:2.10.10.20:FF:000001
A0A841CFS5,2,PF00704
A0A841CIS6,1,PF00704
A0A841CK93,1,PF00704
A0A841CKE6,1,PF00704
A0A841CNN7,1,PF00704
A0A841CU36,1,PF00704
A0A841CWD1,1,PF00704
A0A841D1B0,1,PF00704
A0A841D3X5,1,PF00704
A0A841D6E7,1,PF00704
A0A841DAG1,1,PF00704
A0A841DDE9,1,PF00704
A0A841DEB9,1,PF00704
A0A841DF48,1,PS51910
A0A841DII2,1,PF00704
A0A841DSV1,1,PF00704
A0A841DTK6,1,PF00704
A0A841DX76,1,PF00704
A0A841DX83,1,PS51910
A0A841E351,1,PF00704
A0A841E4Z4,1,PF00704
A0A841E8W7,1,PF00704
A0A841EI68,1,PF00704
A0A841EV80,1,PF00704
A0A841F364,1,PF00704
A0A841FBH7,1,PF00704
A0A841FCF9,1,PS51910
A0A841FH32,1,PF00704
A0A841FHJ2,1,PF00704
A0A841FMR3,1,PF00704
A0A841FNF0,1,PF00704
A0A841G6S3,2,G3DSA:2.10.10.20:FF:000001
A0A841G6S3,2,PF00704
A0A841HC46,1,PF00704
A0A841HDG4,1,PF00704
A0A841I5K5,1,PF00704
A0A841IP84,1,PF00704
A0A841IQK5,1,PF00704
A0A841IRD5,1,PF00704
A0A841IW93,1,PF00704
A0A841J862,2,G3DSA:3.20.20.370
A0A841J862,2,PF00704
A0A841JB27,1,PF00704
A0A841JEQ8,1,PF00704
A0A841JGB1,2,G3DSA:3.20.20.370
A0A841JGB1,2,PF00704
A0A841JKC9,1,PS51910
A0A841JL03,1,PF00704
A0A841JLK4,1,PF00704
A0A841JQG5,1,PF00704
A0A841JRX2,1,PF00704
A0A841JUL0,1,PF00704
A0A841JUM3,1,PS51910
A0A841JXP2,1,PF00704
A0A841JYU5,1,PF00704
A0A841JZS7,1,PF00704
A0A841KFK4,1,PF00704
A0A841KM77,1,PF00704
A0A841KMV5,1,PF00704
A0A841KPB6,1,PF00704
A0A841KUY9,1,PF00704
A0A841KVP8,1,PF00704
A0A841KWQ5,1,PF00704
A0A841KWY3,1,PF00704
A0A841L7D4,1,PF00704
A0A841LJL2,2,G3DSA:3.20.20.370
A0A841LJL2,2,PF00704
A0A841LNI9,1,PF00704
A0A841LQJ3,1,PF00704
A0A841LVN1,1,PF00704
A0A841MM08,1,PF00704
A0A841N330,1,PF00704
A0A841N502,1,PF00704
A0A841Q372,1,PF00704
A0A841Q7T3,1,PF00704
A0A841RHU1,1,PF00704
A0A841RLM7,1,PF00704
A0A841RMX1,1,PS51910
A0A841RP63,1,PF00704
A0A841RR46,1,PF00704
A0A841S7Q8,1,PF00704
A0A841SP33,1,PF00704
A0A841SSR3,1,PF00704
A0A841SVN3,1,PF00704
A0A841T1V2,1,PF00704
A0A841T6H5,1,PF00704
A0A841T7J2,1,PF00704
A0A841TA53,1,PF00704
A0A841TA80,1,PF00704
A0A841TD62,1,PF00704
A0A841TG65,1,PF00704
A0A841TVZ7,1,PF00704
A0A841TZM4,1,PF00704
A0A841U5D7,1,PF00704
A0A841U6H3,1,PF00704
A0A841Y647,1,PF00704
A0A841Y680,1,PF00704
A0A841Y6F6,1,PF00704
A0A841YC76,1,PF00704
A0A841YE18,1,PF00704
A0A841YYN6,1,PF00704
A0A841YYN9,1,PF00704
A0A841YZD3,1,PF00704
A0A841Z1T1,1,PF00704
A0A841Z3S3,1,PF00704
A0A841Z7Z5,1,PF00704
A0A841ZAI8,1,PF00704
A0A841ZTN6,1,PF00704
A0A841ZX85,1,PF00704
A0A842AVP8,1,PF00704
A0A842AWC3,1,PF00704
A0A842AZF2,1,PF00704
A0A842B282,1,PF00704
A0A842B820,1,PF00704
A0A842CES3,1,PF00704
A0A842CI68,1,PF00704
A0A842CLR2,1,PF00704
A0A842CRU0,1,PF00704
A0A842EV33,1,PF00704
A0A842F6M5,1,PF00704
A0A842F6X6,1,PF00704
A0A842FBS8,1,PF00704
A0A842FSX0,1,PF00704
A0A842G5Z1,1,PF00704
A0A842HGD8,2,PF00704
A0A842HGD8,2,SSF51989
A0A842RET7,1,PF00704
A0A842VRB8,1,PF00704
A0A843S9I4,1,PF00704
A0A843SB63,1,PF00704
A0A843SG09,1,PF00704
A0A843SHR4,1,PF00704
A0A843T617,1,PF00704
A0A844CEY8,1,PF00704
A0A844CI03,1,PF00704
A0A844CKP7,1,PF00704
A0A844CLE0,1,PF00704
A0A844CPF5,1,PF00704
A0A844CXJ6,1,PF00704
A0A844DY87,1,PF00704
A0A844FCP5,1,PF00704
A0A844FCX9,1,PF00704
A0A844GK26,1,PF00704
A0A844GZJ6,1,PF00704
A0A844IF55,1,PF00704
A0A844KCW9,1,PF00704
A0A844KNH6,1,PF00704
A0A844KNJ0,1,PF00704
A0A844MCM1,1,PF00704
A0A844NYV0,2,PF00704
A0A844NYV0,2,PF06483
A0A844P773,1,PF00704
A0A845AGE5,2,G3DSA:3.20.20.370
A0A845AGE5,2,PF00704
A0A845DTK5,1,PF00704
A0A845DVJ7,1,PF00704
A0A845E752,1,PF00704
A0A845EG53,1,PF00704
A0A845EP22,1,PF00704
A0A845F1U1,1,PF00704
A0A845F5Q5,1,PF00704
A0A845F991,1,PF00704
A0A845FZ98,1,PF00704
A0A845FZV0,1,PF00704
A0A845G0Y6,1,PF00704
A0A845G1T0,1,PF00704
A0A845GEC8,1,PF00704
A0A845GK45,1,PF00704
A0A845GLT8,1,PF00704
A0A845GRL9,1,PF00704
A0A845H9Y6,1,PF00704
A0A845HK23,1,PF00704
A0A845HKE4,1,PF00704
A0A845KJP5,1,PF00704
A0A845KRT7,1,PF00704
A0A845KXB5,1,PF00704
A0A845L0Q0,1,PF00704
A0A845L5U8,1,PF00704
A0A845L8Y6,1,PF00704
A0A845LGL4,1,PF00704
A0A845LM30,1,PF00704
A0A845LTN9,1,PF00704
A0A845LZK1,1,PF00704
A0A845QHC7,1,PF00704
A0A845QKM2,1,PF00704
A0A845R1V4,1,PF00704
A0A845R2R8,1,PF00704
A0A845RNK9,1,PF00704
A0A845RRN6,1,PF00704
A0A845RS29,1,PF00704
A0A845RU47,1,PF00704
A0A845S7V2,1,PF00704
A0A845U688,2,G3DSA:3.20.20.370
A0A845U688,2,PF00704
A0A845YSW0,1,PF00704
A0A845YWX6,1,PF00704
A0A846GHE3,1,PF00704
A0A846HY30,1,PF00704
A0A846HZZ3,1,PF00704
A0A846I3F6,1,PF00704
A0A846I5S9,1,PF00704
A0A846IAK3,1,PS51910
A0A846J5W5,1,PF00704
A0A846J8W8,1,PF00704
A0A846J9L5,1,PS51910
A0A846JC32,1,PF00704
A0A846JDE7,1,PF00704
A0A846KZQ5,1,PF00704
A0A846MD72,1,PF00704
A0A846MET0,1,PF00704
A0A846MWV7,2,G3DSA:3.20.20.370
A0A846MWV7,2,PF00704
A0A846MYB2,1,PF00704
A0A846PSV6,1,PF00704
A0A846PZG0,1,PF00704
A0A846Q0J3,1,PF00704
A0A846QN40,1,PF00704
A0A846R962,1,PF00704
A0A846TA93,2,G3DSA:3.20.20.370
A0A846TA93,2,PS51910
A0A846TFW1,1,PF00704
A0A846TL00,1,PF00704
A0A846TLR3,1,PF00704
A0A846TN20,1,PF00704
A0A846TPF8,1,PF00704
A0A846U7B6,1,PF00704
A0A846U9M5,1,PF00704
A0A846UB69,1,PF00704
A0A846UE77,1,PS51910
A0A846UGK3,2,PF00704
A0A846UGK3,2,PS51910
A0A846UI46,1,PF00704
A0A846UII3,1,PF00704
A0A846UL36,1,PF00704
A0A846ULL9,1,PS51910
A0A846UMW8,1,PF00704
A0A846UPC9,1,PF00704
A0A846URM7,1,PF00704
A0A846YW61,1,PF00704
A0A846YXD9,1,PF00704
A0A846YXK1,1,PF00704
A0A846Z7K0,1,PS51910
A0A846Z7P6,1,PF00704
A0A846ZLR8,1,PF00704
A0A847ATF2,1,PF00704
A0A847CDG4,1,PF00704
A0A847CUK1,1,PF00704
A0A847DQB3,1,PF00704
A0A847ET46,1,PF00704
A0A847FNM0,1,PS51910
A0A847IQD1,1,PF00704
A0A847IRQ5,1,PF00704
A0A847ISQ8,1,PF00704
A0A847L7C7,1,PF00704
A0A847M069,2,PF00704
A0A847M0G8,1,PF00704
A0A847N9B6,1,PF00704
A0A847N9J5,1,PF00704
A0A847NAE2,1,PF00704
A0A847NBV1,1,PF00704
A0A847NIC4,1,PF00704
A0A847NIV6,1,PF00704
A0A847NYQ8,1,PF00704
A0A847Q0D9,1,PF00704
A0A847QJQ2,1,PF00704
A0A847QUX8,1,PF00704
A0A847QV77,1,PF00704
A0A847RHT2,1,PF00704
A0A847RV51,2,PF00704
A0A847S784,1,PS51910
A0A847SBF5,1,PF00704
A0A847SDH2,1,PF00704
A0A847SS26,1,PF00704
A0A847T5B7,1,PF00704
A0A847T884,1,PF00704
A0A847TFA4,1,PF00704
A0A847TZ20,1,PF00704
A0A847U696,1,PF00704
A0A847UCM5,1,PS51910
A0A847UD27,1,PF00704
A0A847UIS3,1,PS51910
A0A847W6M9,1,PF00704
A0A847WBQ0,1,PF00704
A0A847WD16,1,PF00704
A0A847WEH9,1,PF00704
A0A847WHJ5,1,PF00704
A0A847WHX1,1,PF00704
A0A847WJ69,1,PF00704
A0A847WP60,1,PF00704
A0A847XDC6,1,PF00704
A0A847Y7J1,1,PF00704
A0A847YSP5,1,PF00704
A0A847YWV0,1,PF00704
A0A847YYI0,1,PF00704
A0A847YZM0,1,PF00704
A0A848C047,1,PF00704
A0A848CDJ0,1,PF00704
A0A848CY79,2,G3DSA:3.20.20.370
A0A848CY79,2,PF00704
A0A848D4V5,1,PF00704
A0A848ETP5,1,PF00704
A0A848EUZ7,1,PF00704
A0A848FK72,1,PF00704
A0A848FUL9,1,PF00704
A0A848GET3,2,PF00704
A0A848GIN9,1,PF00704
A0A848GN09,1,PS51910
A0A848GQ25,1,PS51910
A0A848J1E9,2,PF00704
A0A848J1R4,1,PF00704
A0A848K8K1,1,PF00704
A0A848LKY6,1,PF00704
A0A848LMZ6,1,PF00704
A0A848LQP1,1,PF00704
A0A848LY24,1,PF00704
A0A848LZA1,1,PF00704
A0A848M445,1,PF00704
A0A848M989,1,PF00704
A0A848MC13,1,PF00704
A0A848MCI0,1,PF00704
A0A848MGW0,1,PS51910
A0A848MV25,1,PF00704
A0A848MX73,1,PF00704
A0A848MYE6,1,PF00704
A0A848RGT2,1,PF00704
A0A848TTQ2,1,PF00704
A0A848TTZ6,1,PF00704
A0A848VJ24,1,PF00704
A0A848VL24,1,PF00704
A0A848VMU6,1,PF00704
A0A849AEW1,1,PF00704
A0A849DSZ7,1,PS51910
A0A849DW48,1,PF00704
A0A849HY65,1,PF00704
A0A849JRZ9,1,PF00704
A0A849M5K1,1,PF00704
A0A849N6S6,1,PF00704
A0A849NFB6,1,PF00704
A0A849UQS8,1,PF00704
A0A849VIK0,1,PF00704
A0A849VJP2,1,PF00704
A0A849VKS4,1,PF00704
A0A849XXF5,1,PF00704
A0A849YW34,1,PF00704
A0A849Z2T4,1,PF00704
A0A849ZE99,1,PF00704
A0A849ZJK6,1,PF00704
A0A850BBL3,1,PF00704
A0A850BSY0,1,PF00704
A0A850BXY5,1,PF00704
A0A850C5N9,1,PF00704
A0A850C9Z5,1,PF00704
A0A850DUC2,1,PF00704
A0A850DW70,1,PF00704
A0A850EF72,1,PF00704
A0A850EGD1,1,PF00704
A0A850EJM9,1,PF00704
A0A850ELY1,1,PF00704
A0A850EQD7,1,PF00704
A0A850F1J4,1,PF00704
A0A850HSN2,1,PF00704
A0A850J7G8,1,PF00704
A0A850J9V9,1,PF00704
A0A850JDD0,1,PF00704
A0A850JEX9,1,PS51910
A0A850JGI5,1,PF00704
A0A850KVS5,1,PF00704
A0A850QES1,1,PF00704
A0A850QLR6,1,PF00704
A0A850QNQ3,2,PF00704
A0A850QNQ3,2,PF06483
A0A850QRX3,1,PF00704
A0A850QW52,1,PF00704
A0A850QX47,1,PF00704
A0A850R0W0,1,PF00704
A0A850R2Z0,1,PF00704
A0A850R3P1,1,PF00704
A0A851G693,1,PF00704
A0A851GIK1,1,PF00704
A0A852T603,1,PF00704
A0A852T6B2,1,PF00704
A0A852T998,1,PF00704
A0A852TEA4,1,PF00704
A0A852TI46,2,G3DSA:3.20.20.370
A0A852TI46,2,PF00704
A0A852TKE6,1,PF00704
A0A852TLL8,1,PF00704
A0A852TQ27,1,PF00704
A0A852TSJ8,1,PF00704
A0A852U018,1,PF00704
A0A852U0P1,1,PF00704
A0A852U102,1,PF00704
A0A852U2J0,1,PS51910
A0A852U694,1,PF00704
A0A852UMX1,1,PF00704
A0A852UQE3,1,PF00704
A0A852UT51,1,PS51910
A0A852V4D3,1,PF00704
A0A852V5V1,1,PF00704
A0A852VES3,2,G3DSA:3.20.20.370
A0A852VES3,2,PF00704
A0A852VK41,1,PF00704
A0A852VLQ5,1,PF00704
A0A852VQI9,1,PF00704
A0A852WZ93,1,PF00704
A0A852YGE1,1,PF00704
A0A852YKM2,1,PF00704
A0A852YRF9,1,PF00704
A0A852YW15,1,PF00704
A0A852YW42,1,PF00704
A0A852ZB76,1,PF00704
A0A852ZLL5,1,PF00704
A0A853A9X8,1,PF00704
A0A853AKE1,1,PF00704
A0A853AN45,1,PF00704
A0A853ANE2,1,PF00704
A0A853AUZ9,1,PS51910
A0A853B167,1,PF00704
A0A853B6T1,1,PF00704
A0A853BH61,1,PF00704
A0A853BIV8,1,PF00704
A0A853BLQ4,1,PF00704
A0A853BNT1,1,PF00704
A0A853C3A9,1,PF00704
A0A853CAA9,1,PF00704
A0A853CVK5,1,PS51910
A0A853DJQ3,1,PS51910
A0A853DNB5,1,PF00704
A0A853DVF4,1,PF00704
A0A853EQ79,1,PF00704
A0A853F6E5,1,PS51910
A0A853FEG9,1,PF00704
A0A853FLX8,2,G3DSA:3.20.20.370
A0A853FLX8,2,PF00704
A0A853I753,2,PF00704
A0A853IAW3,1,PF00704
A0A853JIH1,1,PF00704
A0A853K8F4,1,PF00704
A0A853KCE1,1,PF00704
A0A853KGF7,1,PF00704
A0A853R042,2,PF00704
A0A853R042,2,PF06483
A0A853R234,1,PF00704
A0A853R3A7,1,PF00704
A0A853R5S9,1,PF00704
A0A853RA14,1,PF00704
A0A853SVL6,1,PF00704
A0A853SXZ9,1,PF00704
A0A853T626,1,PF00704
A0A853X6F2,2,G3DSA:3.20.20.370
A0A853X6F2,2,PF00704
A0A853X8N4,1,PF00704
A0A853XBY2,1,PF00704
A0A853XII5,1,PF00704
A0A854DSP3,1,PF00704
A0A854DXQ9,1,PF00704
A0A854F270,1,PF00704
A0A854XDD0,1,PF00704
A0A855EPM4,1,PF00704
A0A855IR32,1,PF00704
A0A855IX26,1,PF00704
A0A855IZ55,2,PF00704
A0A855IZ55,2,PF06483
A0A855KKS0,1,PF00704
A0A855LPD9,1,PF00704
A0A855LX82,1,PF00704
A0A855S6N9,1,PF00704
A0A855SBQ3,1,PF00704
A0A855SBY8,1,PF00704
A0A855SCC3,2,PF00704
A0A855SCC3,2,PF06483
A0A855SER5,1,PF00704
A0A855SFH2,1,PF00704
A0A855SFI3,1,PF00704
A0A855SHA9,1,PF00704
A0A855SJR4,1,PF00704
A0A855XS67,1,PF00704
A0A855XSD1,1,PF00704
A0A855XSG2,1,PF00704
A0A855Y376,1,PF00704
A0A855YAH1,1,PF00704
A0A855YJP4,1,PF00704
A0A857DHB9,1,PF00704
A0A857DIS2,1,PF00704
A0A857DME4,1,PF00704
A0A857DNB4,1,PF00704
A0A857N4D4,1,PF00704
A0A858BSI1,1,PF00704
A0A858BVR6,1,PF00704
A0A858BVS8,1,PF00704
A0A858RPD7,1,PF00704
A0A859DR49,1,PF00704
A0A873P568,1,PF00704
A0A873P569,1,PF00704
A0A873P570,1,PF00704
A0A873P572,1,PF00704
A0A873P576,1,PF00704
A0A873P579,1,PF00704
A0A873P580,1,PF00704
A0A873P584,1,PF00704
A0A873P585,1,PF00704
A0A873P593,1,PF00704
A0A873P5B6,1,PF00704
A0A873P5C9,1,PF00704
A0A889IUD2,1,PF00704
A0A891ZVP8,1,PF00704
A0A892I4G1,1,PF00704
A0A892IHL6,1,PF00704
A0A894KGU9,1,PF00704
A0A894KK99,1,PF00704
A0A895ABG8,1,PF00704
A0A895ACD0,1,PF00704
A0A895AH56,1,PF00704
A0A895AJR9,1,PF00704
A0A895XRT6,1,PF00704
A0A895XUM4,1,PF00704
A0A895XXQ5,1,PF00704
A0A895YKT0,2,G3DSA:2.10.10.20:FF:000001
A0A895YKT0,2,PF00704
A0A895YN27,1,PF00704
A0A896TCS5,1,PF00704
A0A898JY74,1,PF00704
A0A8A0RM92,1,PF00704
A0A8A0RPC0,1,PF00704
A0A8A1V050,1,PF00704
A0A8A1V118,1,PF00704
A0A8A1V1K6,1,PF00704
A0A8A1V2H0,1,PF00704
A0A8A1V4B5,1,PF00704
A0A8A2U2L1,1,PF00704
A0A8A2U2S5,1,PF00704
A0A8A2U6T0,1,PF00704
A0A8A4TI30,1,PF00704
A0A8A4TME8,1,PF00704
A0A8A4U428,1,PF00704
A0A8A7FKN8,1,PF00704
A0A8A7KE08,1,PF00704
A0A8A7KKX0,1,PF00704
A0A8B0SC36,1,PF00704
A0A8B0SDH3,1,PF00704
A0A8B1NXX0,1,PS51910
A0A8B2SDI3,1,PF00704
A0A8B2SHC2,1,PF00704
A0A8B2XUN7,1,PF00704
A0A8B2Y0F4,1,PF00704
A0A8B3BXT7,1,PF00704
A0A8B3CR63,1,PF00704
A0A8B3CXT7,1,PF00704
A0A8B3D1J9,1,PF00704
A0A8B3DBX2,2,PF00704
A0A8B3DBX2,2,PF06483
A0A8B3DDK0,1,PF00704
A0A8B3DLU9,1,PF00704
A0A8B3DQD9,1,PF00704
A0A8B3E964,1,PF00704
A0A8B3E9S0,1,PF00704
A0A8B3F677,1,PF00704
A0A8B3JEG4,1,PF00704
A0A8B3JMI7,1,PF00704
A0A8B3JMY8,1,PF00704
A0A8B3M981,1,PF00704
A0A8B3RTE8,1,PF00704
A0A8B4BT67,1,PF00704
A0A8B4BZV8,1,PF00704
A0A8B4GC27,1,PF00704
A0A8B4GGN5,1,PF00704
A0A8B4GKC8,1,PF00704
A0A8B4GNG5,1,PF00704
A0A8B5XFV0,1,PF00704
A0A8B5XVP4,1,PF00704
A0A8B5XX62,1,PF00704
A0A8B5Y0P8,1,PF00704
A0A8B5Y4Y1,1,PF00704
A0A8B6IR01,1,PF00704
A0A8D3WCA5,1,PS51910
A0A8D3WEA3,1,PF00704
A0A8D3WGU6,1,PF00704
A0A8D3WHE6,1,PF00704
A0A8D3WIV4,1,PF00704
A0A8D3WKH3,1,PF00704
A0A8D3X0T8,1,PF00704
A0A8D3X6M9,1,PF00704
A0A8D4BPP2,1,PF00704
A0A8D5A2J4,1,PF00704
A0A8D5UGI9,1,PF00704
A0A8D5UGV6,1,PF00704
A0A8D6PW22,1,PF00704
A0A8E0S8U5,1,PF00704
A0A8E0SAD6,1,PF00704
A0A8E0SCC5,1,PF00704
A0A8E0VT09,1,PF00704
A0A8E1RMY2,1,PF00704
A0A8E1RSZ6,1,PF00704
A0A8E1V2T9,1,PF00704
A0A8E1V3Y1,1,PF00704
A0A8E1VU47,1,PF00704
A0A8E1VVF6,1,PF00704
A0A8E1VVX1,1,PS51910
A0A8E1VXI9,1,PF00704
A0A8E1W3V9,1,PF00704
A0A8E1YAV4,1,PF00704
A0A8E1ZZ21,1,PF00704
A0A8E2A019,1,PS51910
A0A8E2B5S5,1,PF00704
A0A8E2H9D1,2,G3DSA:3.20.20.370
A0A8E2H9D1,2,PS51910
A0A8E2I589,1,PF00704
A0A8E2I7A2,1,PF00704
A0A8E2LEG9,1,PF00704
A0A8E2LET0,1,PF00704
A0A8E2NA29,1,PF00704
A0A8E2VJ06,1,PF00704
A0A8E4E435,1,PF00704
A0A8E5JIY3,1,PF00704
A0A8E5MUQ4,1,PF00704
A0A8E5TX86,1,PF00704
A0A8E5X896,1,PF00704
A0A8E6B7D3,1,PF00704
A0A8E6IG01,1,PF00704
A0A8E6J900,1,PF00704
A0A8E6K4C0,1,PS51910
A0A8E6K9B9,1,PF00704
A0A8E6KEX0,1,PF00704
A0A8E6KF69,1,PS51910
A0A8E6KJ90,1,PF00704
A0A8E6KNQ2,1,PS51910
A0A8E6N424,1,PF00704
A0A8E6PNT4,1,PF00704
A0A8E6RYU5,1,PF00704
A0A8E6TVB4,1,PF00704
A0A8E6VTD7,1,PS51910
A0A8E6VUS2,1,PS51910
A0A8E6XF38,1,PF00704
A0A8E7QGA0,1,PS51910
A0A8E7QI01,1,PF00704
A0A8E7VC52,1,PF00704
A0A8E7VPL1,1,PF00704
A0A8E9YB55,1,PF00704
A0A8E9YM27,1,PF00704
A0A8E9YQ54,1,PS51910
A0A8E9Z2U8,1,PF00704
A0A8E9ZB56,1,PF00704
A0A8F0CNX0,1,PS51910
A0A8F0ZTQ0,1,PF00704
A0A8F0ZV90,1,PF00704
A0A8F2F3K7,1,PF00704
A0A8F2UQ16,1,PF00704
A0A8F4J6A6,1,PS51910
A0A8F4NU34,1,PF00704
A0A8F4NU74,1,PF00704
A0A8F4NUZ4,1,PF00704
A0A8F4NW78,1,PF00704
A0A8F4NWB2,1,PF00704
A0A8F6NFT8,1,PS51910
A0A8F6SNE7,1,PF00704
A0A8F7KV02,1,PF00704
A0A8F7UCK0,1,PF00704
A0A8F7UPH3,1,PF00704
A0A8F7UZ76,1,PF00704
A0A8F8AU51,1,PF00704
A0A8F8Z5Q2,1,PF00704
A0A8F9ZQ60,1,PF00704
A0A8G1A3Q5,1,PF00704
A0A8G1N247,1,PF00704
A0A8G1N408,1,PF00704
A0A8G1UBK6,1,PF00704
A0A8G1UEJ0,1,PF00704
A0A8G1UF63,1,PF00704
A0A8G1UHR2,1,PF00704
A0A8G1UHV4,1,PF00704
A0A8G1UI05,1,PF00704
A0A8G1UI99,1,PF00704
A0A8G1UJV3,1,PF00704
A0A8G1ULK9,1,PF00704
A0A8G1UNW1,1,PF00704
A0A8G1X7L1,1,PS51910
A0A8G1X9Q7,1,PF00704
A0A8G1XC51,1,PF00704
A0A8G1XCE5,1,PF00704
A0A8G1XDM1,1,PF00704
A0A8G1ZUY0,1,PF00704
A0A8G1ZVP2,1,PF00704
A0A8G2AE55,1,PF00704
A0A8G2E2Z0,1,PF00704
A0A8G2E9U9,1,PF00704
A0A8H1L419,1,PF00704
A0A8H1LLT7,1,PF00704
A0A8H1QNK1,1,PF00704
A0A8H1QUM8,1,PS51910
A0A8H1Y7C1,1,PF00704
A0A8H2QT21,1,PF00704
A0A8H8XDM6,1,PS51910
A0A8H9FY33,1,PF00704
A0A8H9GBB6,1,PF00704
A0A8H9GMC7,1,PF00704
A0A8H9GMI7,1,PS51910
A0A8H9GMN7,1,PF00704
A0A8H9H6F2,1,PF00704
A0A8H9H6G8,1,PS51910
A0A8H9H7K7,1,PF00704
A0A8H9HEN4,1,PF00704
A0A8H9HI41,1,PF00704
A0A8H9HM50,1,PF00704
A0A8H9HTS6,1,PF00704
A0A8H9IQR2,1,PS51910
A0A8H9IY45,1,PF00704
A0A8H9JRC6,1,PF00704
A0A8H9K7I0,2,PF00704
A0A8H9K7I0,2,PF06483
A0A8H9K7T8,1,PF00704
A0A8H9KBL1,1,PF00704
A0A8H9L2F9,2,G3DSA:2.10.10.20:FF:000001
A0A8H9L2F9,2,PF00704
A0A8H9L2K4,1,PF00704
A0A8H9LJZ7,1,PF00704
A0A8H9LSF1,1,PF00704
A0A8H9LTS3,1,PF00704
A0A8H9M987,1,PS51910
A0A8H9MB60,1,PS51910
A0A8H9N2B4,1,PF00704
A0A8H9P0N3,1,PF00704
A0A8H9TGD5,1,PF00704
A0A8H9Z8V5,1,PF00704
A0A8I0AKL8,1,PF00704
A0A8I0G0Y7,1,PF00704
A0A8I0GTW2,1,PF00704
A0A8I0GUN6,1,PF00704
A0A8I0IEZ9,1,PF00704
A0A8I0KW30,2,G3DSA:3.20.20.370
A0A8I0KW30,2,PF00704
A0A8I0MIP3,1,PF00704
A0A8I0ML03,1,PF00704
A0A8I0MZK1,1,PF00704
A0A8I0MZV5,1,PF00704
A0A8I0NXQ0,1,PF00704
A0A8I0P9Y1,1,PF00704
A0A8I0PDA6,1,PF00704
A0A8I0T3P5,1,PF00704
A0A8I0T5W6,1,PF00704
A0A8I0T6Y7,1,PF00704
A0A8I1AE48,1,PF00704
A0A8I1AHF7,2,G3DSA:3.20.20.370
A0A8I1AHF7,2,PF00704
A0A8I1B2N6,1,PF00704
A0A8I1FVE6,1,PF00704
A0A8I1GJQ5,2,G3DSA:3.20.20.370
A0A8I1GJQ5,2,PF00704
A0A8I1GMI5,1,PF00704
A0A8I1GQ04,1,PF00704
A0A8I1GS35,2,G3DSA:3.20.20.370
A0A8I1GS35,2,PF00704
A0A8I1GUF7,1,PF00704
A0A8I1J449,1,PF00704
A0A8I1KR10,1,PF00704
A0A8I1LTM2,1,PF00704
A0A8I1LV88,1,PF00704
A0A8I1MKR7,2,PF00704
A0A8I1MKR7,2,SSF51989
A0A8I1MTL7,2,G3DSA:3.20.20.370
A0A8I1MTL7,2,PF00704
A0A8I1QBQ8,1,PF00704
A0A8I1RR09,2,G3DSA:3.20.20.370
A0A8I1RR09,2,PF00704
A0A8I1S146,2,G3DSA:3.20.20.370
A0A8I1S146,2,PF00704
A0A8I1SPX7,1,PF00704
A0A8I1U5C6,1,PF00704
A0A8I1W437,1,PF00704
A0A8I1WAI3,1,PF00704
A0A8I1WI30,1,PF00704
A0A8I1WKT2,1,PF00704
A0A8I1XKZ7,1,PF00704
A0A8I1XLK3,1,PF00704
A0A8I1XPU3,1,PF00704
A0A8I1XQH9,1,PF00704
A0A8I1YHG4,1,PF00704
A0A8I2A9E6,1,PF00704
A0A8I2B2J1,1,PF00704
A0A8I2BD34,1,PF00704
A0A8I2BZT2,1,PF00704
A0A8I2DUP5,1,PF00704
A0A8I2DVG1,1,PF00704
A0A8I2DXX5,1,PF00704
A0A8I2E069,1,PS51910
A0A8I2E071,1,PF00704
A0A8I2E0N8,1,PF00704
A0A8I2HE34,1,PF00704
A0A8I2J2H8,1,PS51910
A0A8I2J4E0,1,PF00704
A0A8I2J4E5,1,PF00704
A0A8I2KMZ9,1,PF00704
A0A8I2KQR9,1,PF00704
A0A8I2KS64,1,PF00704
A0A8J2BN25,2,G3DSA:3.20.20.370
A0A8J2BN25,2,PF00704
A0A8J2TMJ7,1,PF00704
A0A8J2UE71,1,PS51910
A0A8J2UEC7,2,G3DSA:3.20.20.370
A0A8J2UEC7,2,PF00704
A0A8J2UHA6,1,PF00704
A0A8J2UHI1,1,PF00704
A0A8J2UIE4,1,PF00704
A0A8J2VFE2,1,PF00704
A0A8J2VMQ8,1,PF00704
A0A8J2YGB4,1,PF00704
A0A8J2YWA8,1,PF00704
A0A8J2Z0X6,1,PF00704
A0A8J2Z4Z7,1,PF00704
A0A8J2Z5M9,1,PF00704
A0A8J2Z6Q4,1,PS51910
A0A8J2Z6Z6,1,PF00704
A0A8J2ZUL9,1,PF00704
A0A8J3AIY2,1,PF00704
A0A8J3AKQ8,1,PF00704
A0A8J3B9Y4,1,PF00704
A0A8J3BAR8,1,PF00704
A0A8J3BAR9,1,PF00704
A0A8J3BC81,1,PF00704
A0A8J3BH96,1,PF00704
A0A8J3BIN4,1,PF00704
A0A8J3BRB4,1,PF00704
A0A8J3BW35,1,PF00704
A0A8J3BX90,1,PF00704
A0A8J3BZF5,1,PF00704
A0A8J3C3D6,1,PF00704
A0A8J3C622,1,PF00704
A0A8J3CGZ7,1,PF00704
A0A8J3DA31,1,PF00704
A0A8J3E7S5,2,PF00704
A0A8J3E7S5,2,SSF51445
A0A8J3E8S8,1,PS51910
A0A8J3ENN3,1,PF00704
A0A8J3EU21,1,PF00704
A0A8J3EXB5,1,PF00704
A0A8J3F984,1,PF00704
A0A8J3FB60,1,PF00704
A0A8J3FM58,1,PF00704
A0A8J3FRQ8,1,PF00704
A0A8J3FT73,1,PS51910
A0A8J3G4L8,1,PF00704
A0A8J3GEB7,1,PF00704
A0A8J3HCA3,1,PF00704
A0A8J3HCF4,1,PS51910
A0A8J3HES1,1,PF00704
A0A8J3HGJ9,1,PF00704
A0A8J3HHX0,1,PF00704
A0A8J3HQM1,1,PF00704
A0A8J3HRK8,1,PF00704
A0A8J3I4E9,1,PF00704
A0A8J3I8M2,1,PF00704
A0A8J3IMR9,1,PF00704
A0A8J3IQG3,1,PF00704
A0A8J3J7V3,2,PF00704
A0A8J3J7V3,2,PS51910
A0A8J3J8J7,1,PF00704
A0A8J3JAG0,1,PS51910
A0A8J3JEX3,1,PF00704
A0A8J3JFB1,1,PF00704
A0A8J3JFH1,1,PS51910
A0A8J3JIA7,1,PF00704
A0A8J3JII2,1,PF00704
A0A8J3JKQ9,1,PF00704
A0A8J3JNI8,1,PF00704
A0A8J3JNQ2,1,PF00704
A0A8J3JRF0,1,PF00704
A0A8J3JW07,1,PF00704
A0A8J3JX62,1,PF00704
A0A8J3K0B5,1,PF00704
A0A8J3K0T2,1,PF00704
A0A8J3K7S3,1,PF00704
A0A8J3K9B3,1,PS51910
A0A8J3KAP9,1,PF00704
A0A8J3KDZ8,1,PF00704
A0A8J3KFV6,1,PF00704
A0A8J3KKK9,1,PF00704
A0A8J3KMC4,1,PF00704
A0A8J3KNK2,1,PF00704
A0A8J3KQ23,1,PF00704
A0A8J3KRD4,1,PF00704
A0A8J3KU13,1,PF00704
A0A8J3KVH7,1,PF00704
A0A8J3KZL1,1,PF00704
A0A8J3L0I1,1,PF00704
A0A8J3L2N0,1,PF00704
A0A8J3L463,1,PF00704
A0A8J3L4M7,1,PF00704
A0A8J3LB88,1,PF00704
A0A8J3LCL8,1,PF00704
A0A8J3LD15,1,PF00704
A0A8J3LJ59,1,PF00704
A0A8J3LM56,1,PS51910
A0A8J3LTV5,1,PS51910
A0A8J3LV29,1,PF00704
A0A8J3LVK2,1,PF00704
A0A8J3LW88,1,PF00704
A0A8J3MIY1,1,PF00704
A0A8J3MK52,1,PF00704
A0A8J3MK98,1,PF00704
A0A8J3MPG2,1,PF00704
A0A8J3MSH5,1,PF00704
A0A8J3MUM6,1,PS51910
A0A8J3N3H6,1,PF00704
A0A8J3N5D1,1,PF00704
A0A8J3NBR1,1,PF00704
A0A8J3NG44,1,PF00704
A0A8J3NGP5,1,PF00704
A0A8J3NIJ7,1,PF00704
A0A8J3NIX6,1,PF00704
A0A8J3NK71,1,PF00704
A0A8J3NND4,1,PF00704
A0A8J3NPG4,1,PF00704
A0A8J3P0X8,1,PF00704
A0A8J3P1K4,1,PF00704
A0A8J3P1N8,1,PF00704
A0A8J3P2C5,1,PF00704
A0A8J3P356,1,PS51910
A0A8J3P5C9,1,PF00704
A0A8J3P5M3,1,PF00704
A0A8J3P706,1,PF00704
A0A8J3P7E3,1,PF00704
A0A8J3P7G1,1,PS51910
A0A8J3PDI6,1,PF00704
A0A8J3PHL3,1,PS51910
A0A8J3PHX4,1,PF00704
A0A8J3PIU0,1,PF00704
A0A8J3PJE9,1,PF00704
A0A8J3PTN7,1,PF00704
A0A8J3Q0G1,1,PF00704
A0A8J3Q0H8,1,PF00704
A0A8J3Q0S2,1,PS51910
A0A8J3Q3T1,1,PF00704
A0A8J3QAC2,1,PF00704
A0A8J3QBI6,1,PF00704
A0A8J3QGY6,1,PF00704
A0A8J3QH29,1,PF00704
A0A8J3QIX6,1,PF00704
A0A8J3QLU7,1,PF00704
A0A8J3QT14,1,PS51910
A0A8J3QTC7,1,PS51910
A0A8J3QVC0,1,PF00704
A0A8J3QYU1,1,PF00704
A0A8J3QZV3,1,PS51910
A0A8J3R0D6,1,PF00704
A0A8J3R127,1,PF00704
A0A8J3R2W2,1,PF00704
A0A8J3R725,1,PF00704
A0A8J3R7M9,1,PF00704
A0A8J3R8I8,1,PF00704
A0A8J3RGQ4,1,PF00704
A0A8J3RIB1,1,PF00704
A0A8J3RQ01,1,PF00704
A0A8J3RVM3,1,PF00704
A0A8J3RZF8,1,PF00704
A0A8J3S1I0,1,PF00704
A0A8J3S6L5,1,PF00704
A0A8J3S9B8,1,PF00704
A0A8J3SAX0,1,PS51910
A0A8J3SBQ5,1,PF00704
A0A8J3SD43,1,PF00704
A0A8J3SHD0,1,PF00704
A0A8J3SIV3,1,PF00704
A0A8J3SQ43,1,PF00704
A0A8J3SR59,1,PF00704
A0A8J3SUF6,1,PF00704
A0A8J3T356,1,PF00704
A0A8J3T410,1,PF00704
A0A8J3T4Q3,1,PF00704
A0A8J3T7N5,1,PF00704
A0A8J3T870,1,PF00704
A0A8J3T923,1,PF00704
A0A8J3T944,1,PS51910
A0A8J3TDV6,1,PF00704
A0A8J3TK34,1,PF00704
A0A8J3TPM8,1,PF00704
A0A8J3TTP2,1,PF00704
A0A8J3U229,1,PF00704
A0A8J3U279,1,PF00704
A0A8J3U4J9,1,PF00704
A0A8J3U4X7,1,PF00704
A0A8J3U5A8,1,PS51910
A0A8J3U5C8,1,PF00704
A0A8J3U5N6,1,PF00704
A0A8J3U8E7,1,PF00704
A0A8J3UCP4,1,PF00704
A0A8J3UEN0,1,PF00704
A0A8J3UHH6,1,PS51910
A0A8J3UIW8,1,PF00704
A0A8J3UP27,1,PF00704
A0A8J3VAS8,1,PF00704
A0A8J3VCT5,1,PF00704
A0A8J3VHQ1,1,PF00704
A0A8J3VI65,1,PF00704
A0A8J3VNG1,1,PF00704
A0A8J3VQF6,1,PS51910
A0A8J3VRV4,1,PF00704
A0A8J3W194,1,PF00704
A0A8J3W1G2,1,PF00704
A0A8J3W1M6,1,PF00704
A0A8J3W2P3,1,PS51910
A0A8J3W336,1,PF00704
A0A8J3W3P2,1,PF00704
A0A8J3W512,1,PF00704
A0A8J3W666,1,PF00704
A0A8J3WG23,1,PF00704
A0A8J3WJ19,1,PF00704
A0A8J3WKF6,1,PF00704
A0A8J3X689,1,PF00704
A0A8J3X7P7,1,PF00704
A0A8J3X8C5,1,PS51910
A0A8J3XK43,1,PF00704
A0A8J3XMA8,1,PF00704
A0A8J3XPI8,1,PF00704
A0A8J3XTU4,1,PF00704
A0A8J3XWR7,1,PF00704
A0A8J3Y1Y8,1,PF00704
A0A8J3Y249,1,PF00704
A0A8J3Y288,1,PS51910
A0A8J3Y3R9,1,PS51910
A0A8J3Y478,1,PF00704
A0A8J3Y488,1,PF00704
A0A8J3YA99,1,PF00704
A0A8J3YCE5,1,PF00704
A0A8J3YCQ5,1,PF00704
A0A8J3YEH0,1,PF00704
A0A8J3YJK4,1,PF00704
A0A8J3ZFP1,1,PF00704
A0A8J3ZG19,1,PS51910
A0A8J3ZIC7,1,PF00704
A0A8J3ZR18,1,PF00704
A0A8J3ZRR4,1,PF00704
A0A8J3ZSD7,1,PF00704
A0A8J4A026,1,PF00704
A0A8J4A8B3,1,PS51910
A0A8J4A9I4,1,PF00704
A0A8J4ABF8,1,PF00704
A0A8J4AHF6,2,PF00704
A0A8J4AHF6,2,PS51910
A0A8J4AI45,1,PF00704
A0A8J4AKS8,1,PF00704
A0A8J4DF63,1,PF00704
A0A8J4DGZ1,1,PF00704
A0A8J4DJB5,1,PF00704
A0A8J4DJM1,1,PF00704
A0A8J4DJX6,1,PF00704
A0A8J4DMH3,1,PF00704
A0A8J4DQZ7,1,PS51910
A0A8J4DSX6,1,PF00704
A0A8J4DZT3,1,PF00704
A0A8J4E107,1,PF00704
A0A8J4E176,1,PS51910
A0A8J4E4Q2,1,PF00704
A0A8J4EKK9,1,PF00704
A0A8J4EN53,1,PS51910
A0A8J4H123,1,PF00704
A0A8J4M1B3,1,PF00704
A0A8J4M369,1,PF00704
A0A8J4M4B5,1,PF00704
A0A8J4WXB2,2,G3DSA:3.20.20.370
A0A8J4WXB2,2,PF00704
A0A8J6HXQ0,1,PF00704
A0A8J6I0V4,1,PF00704
A0A8J6I1D9,1,PF00704
A0A8J6I2A2,1,PF00704
A0A8J6I3I3,1,PF00704
A0A8J6I433,1,PF00704
A0A8J6IKZ1,1,PF00704
A0A8J6ISG7,1,PF00704
A0A8J6J7I8,1,PF00704
A0A8J6J9F5,1,PF00704
A0A8J6JFL5,1,PF00704
A0A8J6JFT4,1,PF00704
A0A8J6JJD3,1,PF00704
A0A8J6JJS2,1,PF00704
A0A8J6MEY7,1,PF00704
A0A8J6MYK6,1,PF00704
A0A8J6PGA7,1,PF00704
A0A8J6PTK6,1,PF00704
A0A8J6Q993,1,PF00704
A0A8J6T1K3,1,PF00704
A0A8J6T242,1,PF00704
A0A8J6T4S1,1,PF00704
A0A8J6T669,1,PF00704
A0A8J6T8T1,1,PF00704
A0A8J6T8W2,2,PF00704
A0A8J6T8W2,2,SSF51445
A0A8J6TIG1,1,PF00704
A0A8J6UG45,1,PF00704
A0A8J6YRD3,1,PF00704
A0A8J6YSB2,1,PF00704
A0A8J7FG33,1,PF00704
A0A8J7FHR4,1,PF00704
A0A8J7FJ65,1,PF00704
A0A8J7FJ97,1,PF00704
A0A8J7FL75,1,PF00704
A0A8J7FMJ2,1,PF00704
A0A8J7FMR8,1,PF00704
A0A8J7G360,1,PF00704
A0A8J7GBH1,1,PF00704
A0A8J7GC02,1,PF00704
A0A8J7GI71,1,PF00704
A0A8J7GML4,1,PS51910
A0A8J7GQ32,1,PF00704
A0A8J7GRN7,1,PF00704
A0A8J7GWV6,1,PF00704
A0A8J7H0N7,1,PF00704
A0A8J7H310,1,PF00704
A0A8J7H3T3,1,PF00704
A0A8J7H6M5,1,PF00704
A0A8J7H6R4,1,PF00704
A0A8J7HC33,1,PF00704
A0A8J7IGC4,1,PF00704
A0A8J7IQA8,1,PF00704
A0A8J7IV82,1,PF00704
A0A8J7K0Y2,1,PF00704
A0A8J7K186,1,PF00704
A0A8J7K7Q8,1,PF00704
A0A8J7K8S1,1,PF00704
A0A8J7K8T3,1,PF00704
A0A8J7K9L2,2,PF00704
A0A8J7K9L2,2,PS51910
A0A8J7KHU8,1,PF00704
A0A8J7KMT6,1,PF00704
A0A8J7KU20,1,PF00704
A0A8J7KWC0,1,PF00704
A0A8J7KX60,1,PS51910
A0A8J7MDQ8,1,PF00704
A0A8J7MMP3,1,PF00704
A0A8J7PQI5,1,PF00704
A0A8J7QJG1,1,PF00704
A0A8J7RJ97,1,PF00704
A0A8J7SKE9,2,PF00704
A0A8J7SKE9,2,SSF51989
A0A8J7SLP5,1,PF00704
A0A8J7TUH8,1,PF00704
A0A8J7U1M4,1,PF00704
A0A8J7UF31,1,PF00704
A0A8J7VWK0,1,PF00704
A0A8J7W0A8,1,PF00704
A0A8J7W2Q6,1,PF00704
A0A8J7W3Q9,1,PF00704
A0A8J7W462,1,PF00704
A0A8J7W4Q4,1,PF00704
A0A8J7WFX6,1,PS51910
A0A8J7WIK9,1,PF00704
A0A8J7WPU0,1,PF00704
A0A8J7WVE6,1,PF00704
A0A8J8B0R2,1,PF00704
A0A8J8B332,1,PF00704
A0A8J8B3P5,1,PF00704
A0A8J8BC90,1,PF00704
A0A8J8BE82,1,PS51910
A0A8J8C682,1,PF00704
A0A8J8E6D7,1,PF00704
A0A8J8EHY2,2,PF00704
A0A8J8EHY2,2,PS51910
A0A8J8FB16,1,PF00704
A0A8J8FC93,1,PF00704
A0A8J8GHL2,1,PF00704
A0A8J8GHR6,1,PF00704
A0A8J8GV19,1,PF00704
A0A8J8GVQ8,1,PF00704
A0A8J8GXZ6,1,PF00704
A0A8J8H1E1,1,PF00704
A0A8J8H2R5,1,PF00704
A0A8J8H2U5,1,PS51910
A0A8J8H3B6,1,PF00704
A0A8J8HGR5,1,PF00704
A0A8J8J5N7,1,PF00704
A0A8J8K9J7,1,PF00704
A0A8J8KC72,1,PF00704
A0A8J8KIY9,1,PF00704
A0A8J8KM84,1,PF00704
A0A8J8KMJ7,1,PF00704
A0A8J8KNV4,1,PF00704
A0A8J8MAQ9,1,PF00704
A0A8J8MBC2,1,PF00704
A0A8J8MCU8,1,PF00704
A0A8J8MEH9,1,PF00704
A0A8J8MF38,1,PF00704
A0A8J8MG72,1,PF00704
A0A8J8MJ99,1,PF00704
A0A8J8MKN8,1,PF00704
A0A8J8MKS3,1,PF00704
A0A8J8ML55,1,PF00704
A0A8J8MMY4,1,PF00704
A0A8J8MQ82,1,PF00704
A0A8J8Q667,1,PF00704
A0A8J8SEW0,1,PF00704
A0A8J8SHG1,1,PF00704
A0A8S0FJV1,1,PF00704
A0A8S0GSP0,1,PF00704
A0A8S0H3F0,1,PF00704
A0A8S0W464,1,PF00704
A0A8S0W691,1,PF00704
A0A8S0WLB4,1,PF00704
A0A8S0X4R0,1,PF00704
A0A8S0XAI4,1,PF00704
A0A8S0Y8R2,1,PF00704
A0A8S0Y9D7,1,PF00704
A0A8S7BZJ0,1,PF00704
A0A8S7JXQ3,1,PF00704
A0A8S7SBJ3,1,PF00704
A0A8T0C183,1,PF00704
A0A8T0C271,1,PF00704
A0A8T0C3Z8,1,PF00704
A0A8T0C4G8,1,PF00704
A0A8T0C542,1,PF00704
A0A8T0C5S1,1,PF00704
A0A8T0C5U0,1,PF00704
A0A8T0C7N0,1,PF00704
A0A8T0C9A9,1,PF00704
A0A8T3KGU7,1,PF00704
A0A8T3KT03,1,PF00704
A0A8T3LPP1,1,PF00704
A0A8T3LRB7,1,PF00704
A0A8T3M2J5,1,PF00704
A0A8T3M8M1,1,PF00704
A0A8T3MAG6,1,PF00704
A0A8T3MD97,1,PF00704
A0A8T3MEN7,1,PF00704
A0A8T3MSS4,1,PF00704
A0A8T3MTX0,1,PF00704
A0A8T3MWF7,1,PF00704
A0A8T3MXF9,1,PF00704
A0A8T3P889,1,PF00704
A0A8T3PB95,1,PF00704
A0A8T3Q552,1,PF00704
A0A8T3QAE6,1,PF00704
A0A8T3QAF8,1,PF00704
A0A8T3QE26,1,PF00704
A0A8T3QEQ3,1,PF00704
A0A8T3QJ30,1,PF00704
A0A8T3QKS9,1,PF00704
A0A8T3QPW9,1,PF00704
A0A8T3QS52,1,PF00704
A0A8T3R0B0,1,PF00704
A0A8T3R2P2,1,PF00704
A0A8T3R4Q9,1,PF00704
A0A8T3SFB2,1,PF00704
A0A8T3SIT4,1,PF00704
A0A8T3SPU6,1,PF00704
A0A8T3SZA2,1,PF00704
A0A8T3T3T1,1,PF00704
A0A8T3TYG0,1,PF00704
A0A8T3U8C9,1,PF00704
A0A8T3UA88,1,PF00704
A0A8T3UZL4,1,PS51910
A0A8T3ZG43,1,PF00704
A0A8T3ZLQ1,1,PF00704
A0A8T4CQM2,1,PF00704
A0A8T4CQW3,1,PF00704
A0A8T4CSE9,1,PF00704
A0A8T4CT46,1,PF00704
A0A8T4CVN9,1,PF00704
A0A8T4CVQ1,1,PF00704
A0A8T4CWN0,1,PF00704
A0A8T4CWW4,1,PS51910
A0A8T4CXC2,1,PF00704
A0A8T4CXK9,1,PF00704
A0A8T4D035,1,PF00704
A0A8T4D068,1,PF00704
A0A8T4D0V7,1,PF00704
A0A8T4ENH5,1,PS51910
A0A8T4EUN0,1,PF00704
A0A8T4EWT3,1,PF00704
A0A8T4EYV0,1,PF00704
A0A8T4EZ79,1,PF00704
A0A8T4F1H3,1,PF00704
A0A8T4F7G7,1,PF00704
A0A8T4H9H1,1,PF00704
A0A8T4HEG3,1,PF00704
A0A8T4HH82,1,PF00704
A0A8T4HLM9,1,PS51910
A0A8T4HNV1,1,PF00704
A0A8T4HV96,1,PF00704
A0A8T4I1D3,1,PS51910
A0A8T4ILM4,1,PS51910
A0A8T4IPY3,1,PF00704
A0A8T4IVK2,1,PF00704
A0A8T4IVW6,1,PF00704
A0A8T4IX05,1,PF00704
A0A8T4J0D3,1,PS51910
A0A8T4J173,1,PF00704
A0A8T4J3V4,1,PF00704
A0A8T4J585,1,PF00704
A0A8T4JCF7,1,PF00704
A0A8T4JT94,1,PF00704
A0A8T4K569,1,PF00704
A0A8T4Q010,2,PF00704
A0A8T4Q010,2,SSF51445
A0A8T5LXX5,1,PF00704
A0A8T5N5C4,1,PF00704
A0A8T5UUL9,1,PF00704
A0A8T5XF97,1,PF00704
A0A8T5XLX7,1,PF00704
A0A8T5XN41,1,PF00704
A0A8T5XP79,1,PF00704
A0A8T5XSA6,1,PF00704
A0A8T5XXH8,1,PF00704
A0A8T5XXN4,1,PF00704
A0A8T5Y1E6,1,PF00704
A0A8T5Y2F4,1,PF00704
A0A8T5Z779,1,PF00704
A0A8T6BCU1,1,PF00704
A0A8T6M3T6,1,PF00704
A0A8T6PY23,1,PF00704
A0A8T6QCG4,1,PF00704
A0A8T7EE50,1,PF00704
A0A8T7EHB8,1,PS51910
A0A8T7EJD8,1,PS51910
A0A8T7EK42,1,PS51910
A0A8T7F5J4,1,PF00704
A0A8T7FN08,1,PF00704
A0A8T7JSU4,1,PS51910
A0A8T7K1D4,1,PF00704
A0A8T7KF47,1,PF00704
A0A8T7LKQ8,1,PF00704
A0A8T7LXU7,1,PF00704
A0A8T7LZL0,1,PF00704
A0A8T7MPQ7,1,PF00704
A0A8T8C7P9,1,PS51910
A0A8T8D5V0,1,PF00704
A0A8T8D745,1,PF00704
A0A8T8D781,1,PF00704
A0A8T8HT43,1,PS51910
A0A8T8HUF6,2,G3DSA:2.10.10.20:FF:000001
A0A8T8HUF6,2,PF00704
A0A8T8HX03,1,PF00704
A0A8T8HXX5,1,PF00704
A0A8T8LW61,1,PF00704
A0A8T9IH67,1,PF00704
A0A8T9PZY2,1,PF00704
A0A8T9Q0Z9,1,PF00704
A0A8T9Q441,1,PF00704
A0A8T9Z975,1,PF00704
A0A8T9Z9I9,1,PF00704
A0A8T9ZD14,1,PF00704
A0A8T9ZJ03,2,G3DSA:3.20.20.370
A0A8T9ZJ03,2,PF00704
A0A8U0A0U3,1,PF00704
A0A8U0A1M8,1,PF00704
A0A8U0A4I7,1,PF00704
A0A8U0A4W9,1,PF00704
A0A8U0I0B3,1,PF00704
A0A8U0I2A7,1,PF00704
A0A8U0M196,1,PF00704
A0A8U0M7Y1,1,PF00704
A0A8X6JXI1,1,PF00704
A0A8X8FPI4,1,PF00704
A0A8X8IER2,2,G3DSA:3.20.20.370
A0A8X8IER2,2,PF00704
A0A8X8LE79,1,PF00704
A0A915YKJ4,1,PF00704
A0A916BQL5,1,PF00704
A0A916BTF8,1,PF00704
A0A916BVX8,1,PF00704
A0A916CYD4,1,PF00704
A0A916DQ11,1,PF00704
A0A916DVR6,1,PF00704
A0A916DWG0,1,PF00704
A0A916FDT4,1,PF00704
A0A916FY25,2,PF00704
A0A916FY25,2,SSF51445
A0A916GKH5,1,PF00704
A0A916ID68,1,PF00704
A0A916IFK2,1,PF00704
A0A916J8X0,1,PF00704
A0A916JEV4,1,PF00704
A0A916JK18,1,PF00704
A0A916K5E9,1,PF00704
A0A916K8H6,1,PF00704
A0A916KAP5,1,PF00704
A0A916NEL3,1,PF00704
A0A916NFA3,1,PF00704
A0A916NK20,1,PF00704
A0A916NS20,1,PF00704
A0A916PEL0,1,PF00704
A0A916QBE8,1,PF00704
A0A916S077,2,G3DSA:3.20.20.370
A0A916S077,2,PF00704
A0A916SUA4,1,PF00704
A0A916VII6,1,PF00704
A0A916W6M8,1,PF00704
A0A916W916,1,PF00704
A0A916W948,1,PF00704
A0A916WQY0,2,G3DSA:3.20.20.370
A0A916WQY0,2,PF00704
A0A916XS53,1,PF00704
A0A916YV23,1,PF00704
A0A916Z8Z0,1,PF00704
A0A916ZX89,1,PF00704
A0A917AIQ4,1,PF00704
A0A917AND2,1,PF00704
A0A917ASD6,1,PF00704
A0A917ASK8,1,PF00704
A0A917B1G9,1,PF00704
A0A917BWM4,1,PF00704
A0A917C1V8,1,PF00704
A0A917CIB4,1,PF00704
A0A917CQP8,1,PF00704
A0A917D0L5,1,PF00704
A0A917D230,1,PF00704
A0A917D7B9,1,PF00704
A0A917DQ69,1,PF00704
A0A917DRI5,1,PF00704
A0A917E4X8,1,PF00704
A0A917FMB1,1,PF00704
A0A917FYK2,1,PF00704
A0A917FYK8,1,PF00704
A0A917G5S3,1,PF00704
A0A917GFR2,1,PS51910
A0A917GZ77,1,PF00704
A0A917GZG6,1,PF00704
A0A917HAC7,2,G3DSA:3.20.20.370
A0A917HAC7,2,PF00704
A0A917HH53,1,PF00704
A0A917HHC6,1,PF00704
A0A917HIF1,1,PF00704
A0A917HLN3,1,PF00704
A0A917HTH2,1,PF00704
A0A917ILC0,1,PF00704
A0A917J3V9,2,G3DSA:3.20.20.370
A0A917J3V9,2,PF00704
A0A917JLB4,1,PS51910
A0A917K1B6,1,PS51910
A0A917K2B9,1,PF00704
A0A917K3I5,1,PF00704
A0A917KCU8,1,PF00704
A0A917KFF4,1,PF00704
A0A917KGW9,1,PF00704
A0A917KHP1,1,PF00704
A0A917KJY6,1,PS51910
A0A917KM41,1,PF00704
A0A917KSI7,1,PF00704
A0A917L1L7,1,PF00704
A0A917L8Z4,1,PF00704
A0A917M1Q1,1,PF00704
A0A917M644,1,PF00704
A0A917M6V8,1,PF00704
A0A917MEI0,1,PF00704
A0A917N0D4,2,G3DSA:3.20.20.370
A0A917N0D4,2,PF00704
A0A917N4Y9,1,PF00704
A0A917ND91,1,PF00704
A0A917NGS1,1,PF00704
A0A917P0T6,1,PF00704
A0A917P2Y4,1,PS51910
A0A917PH87,2,G3DSA:3.20.20.370
A0A917PH87,2,PF00704
A0A917PR97,1,PF00704
A0A917QY05,1,PF00704
A0A917R0W3,1,PF00704
A0A917RAY7,1,PF00704
A0A917RGL2,1,PF00704
A0A917S0Z6,1,PF00704
A0A917SAN3,1,PF00704
A0A917T9R1,1,PF00704
A0A917TK29,1,PF00704
A0A917TLU1,1,PS51910
A0A917TM68,1,PF00704
A0A917TRI1,1,PF00704
A0A917TUC9,1,PF00704
A0A917TXX7,1,PF00704
A0A917U492,1,PF00704
A0A917UVZ3,1,PF00704
A0A917UW99,1,PF00704
A0A917UZD9,1,PF00704
A0A917V8Y7,1,PF00704
A0A917VUH7,1,PS51910
A0A917VZ64,1,PF00704
A0A917W407,1,PF00704
A0A917WQN2,1,PF00704
A0A917WXC0,1,PF00704
A0A917X322,1,PF00704
A0A917X705,1,PF00704
A0A917X970,1,PS51910
A0A917XD83,1,PS51910
A0A917XDB4,1,PF00704
A0A917XKH0,1,PS51910
A0A917XMD4,1,PF00704
A0A917XS50,1,PF00704
A0A917XUM7,1,PS51910
A0A917XXD5,1,PF00704
A0A917Y9G0,1,PS51910
A0A917YA71,1,PF00704
A0A917YBY9,1,PS51910
A0A917YCB4,1,PF00704
A0A917ZC36,1,PS51910
A0A917ZCZ7,1,PF00704
A0A917ZLQ8,1,PF00704
A0A917ZPM2,1,PF00704
A0A917ZPU1,1,PF00704
A0A917ZSH1,1,PS51910
A0A917ZTZ8,1,PS51910
A0A918A1V0,1,PS51910
A0A918A3L3,1,PF00704
A0A918A4C8,1,PF00704
A0A918APU3,1,PF00704
A0A918AWW0,1,PF00704
A0A918AXV2,1,PF00704
A0A918AZK7,1,PS51910
A0A918B403,2,G3DSA:2.10.10.20:FF:000001
A0A918B403,2,PF00704
A0A918B6H0,1,PF00704
A0A918BA21,1,PF00704
A0A918BHD4,1,PS51910
A0A918BNP3,1,PF00704
A0A918BXV9,1,PF00704
A0A918C2A7,1,PF00704
A0A918C4X1,2,G3DSA:3.20.20.370
A0A918C4X1,2,PF00704
A0A918C904,1,PF00704
A0A918CN58,1,PF00704
A0A918CQH8,1,PF00704
A0A918CUF9,1,PS51910
A0A918CV74,1,PF00704
A0A918CWI1,1,PF00704
A0A918D4I6,1,PF00704
A0A918D5K8,1,PF00704
A0A918D7W6,1,PF00704
A0A918DIJ8,1,PF00704
A0A918DP03,1,PF00704
A0A918DV52,1,PF00704
A0A918E038,1,PF00704
A0A918E0E2,1,PF00704
A0A918E1I6,1,PF00704
A0A918EA78,1,PF00704
A0A918EF73,1,PF00704
A0A918EIC0,1,PF00704
A0A918EIQ7,1,PF00704
A0A918EMD6,1,PF00704
A0A918EYR4,1,PF00704
A0A918FAU2,1,PF00704
A0A918FKU6,1,PF00704
A0A918FZ41,1,PF00704
A0A918G6Q7,1,PF00704
A0A918GAG3,1,PF00704
A0A918GBK1,1,PF00704
A0A918GE57,1,PF00704
A0A918GI31,1,PS51910
A0A918GMI1,1,PF00704
A0A918GPS9,1,PF00704
A0A918GQL6,1,PF00704
A0A918GQV1,1,PF00704
A0A918H0W2,1,PF00704
A0A918H1U4,1,PS51910
A0A918H303,1,PF00704
A0A918H5G1,1,PF00704
A0A918H5T3,1,PF00704
A0A918H6F7,1,PF00704
A0A918H8M5,1,PS51910
A0A918HA12,1,PF00704
A0A918HBM6,1,PF00704
A0A918HQ38,1,PF00704
A0A918HWL2,1,PF00704
A0A918HYB2,1,PF00704
A0A918I0S4,1,PF00704
A0A918I375,1,PF00704
A0A918I4A2,2,G3DSA:2.10.10.20:FF:000001
A0A918I4A2,2,PF00704
A0A918I522,1,PS51910
A0A918IB90,1,PF00704
A0A918IEC9,1,PS51910
A0A918IG78,1,PS51910
A0A918IGM8,1,PF00704
A0A918IKH3,1,PF00704
A0A918IN45,1,PF00704
A0A918ITF0,1,PF00704
A0A918IWR8,1,PF00704
A0A918IX19,1,PS51910
A0A918IYI2,1,PF00704
A0A918J8V7,1,PF00704
A0A918JXP3,1,PS51910
A0A918JZC9,1,PF00704
A0A918K3M9,1,PF00704
A0A918KC06,1,PF00704
A0A918KI58,1,PS51910
A0A918KT07,1,PF00704
A0A918KVE8,1,PF00704
A0A918LH84,1,PF00704
A0A918LHC5,1,PF00704
A0A918LT58,1,PF00704
A0A918M664,1,PF00704
A0A918M668,1,PF00704
A0A918MA01,1,PF00704
A0A918MAD7,2,PS51910
A0A918MAD7,2,SSF51445
A0A918ME88,1,PF00704
A0A918MS60,1,PF00704
A0A918MVW1,1,PF00704
A0A918N2G0,1,PF00704
A0A918N423,1,PF00704
A0A918N979,1,PF00704
A0A918NE01,1,PS51910
A0A918NR03,1,PF00704
A0A918NR36,1,PF00704
A0A918NRD2,1,PS51910
A0A918P6R5,1,PF00704
A0A918P8P8,1,PF00704
A0A918PI89,2,G3DSA:3.20.20.370
A0A918PI89,2,PF00704
A0A918PIG3,1,PF00704
A0A918PWH5,1,PS51910
A0A918Q2W8,1,PF00704
A0A918Q4F4,1,PF00704
A0A918QAK4,1,PF00704
A0A918QEV5,1,PF00704
A0A918QIW3,1,PF00704
A0A918QL48,1,PF00704
A0A918QMP9,1,PF00704
A0A918QMT5,1,PF00704
A0A918QRJ0,1,PF00704
A0A918QYE1,1,PS51910
A0A918REH2,1,PF00704
A0A918RGJ0,1,PF00704
A0A918RK40,1,PF00704
A0A918SUW9,1,PF00704
A0A918SVE8,1,PF00704
A0A918SVI2,1,PF00704
A0A918SW33,1,PF00704
A0A918T005,1,PF00704
A0A918T5C5,1,PF00704
A0A918T6W1,1,PF00704
A0A918T9I8,1,PS51910
A0A918TAD5,1,PS51910
A0A918TCB3,1,PF00704
A0A918TDJ7,1,PF00704
A0A918TDR7,1,PF00704
A0A918THT1,1,PF00704
A0A918TYR8,1,PF00704
A0A918U4X6,1,PF00704
A0A918UAP5,1,PF00704
A0A918UL55,1,PF00704
A0A918UVG7,1,PF00704
A0A918V1U8,1,PF00704
A0A918V6J2,1,PS51910
A0A918V6Y0,1,PF00704
A0A918V786,1,PF00704
A0A918VM46,1,PS51910
A0A918WBY5,1,PF00704
A0A918WSF9,1,PF00704
A0A918X070,1,PF00704
A0A918X1W1,1,PF00704
A0A918X1Z2,1,PF00704
A0A918X2K7,1,PF00704
A0A918X3E4,1,PF00704
A0A918X4F5,1,PF00704
A0A918X8J6,1,PF00704
A0A918X918,1,PF00704
A0A918Y0K5,2,G3DSA:2.10.10.20:FF:000001
A0A918Y0K5,2,PS51910
A0A918Y0L7,1,PF00704
A0A918Y5Q1,1,PS51910
A0A918Y8I6,1,PF00704
A0A918Y8R2,1,PF00704
A0A918YAL6,1,PS51910
A0A918YJE5,1,PS51910
A0A918YM86,1,PF00704
A0A918YMP5,1,PS51910
A0A918YNI6,1,PF00704
A0A918YP15,1,PF00704
A0A918Z5F8,1,PF00704
A0A918Z5W7,1,PF00704
A0A918ZJ89,1,PF00704
A0A918ZJY7,1,PF00704
A0A918ZMW6,1,PF00704
A0A918ZTI4,1,PF00704
A0A918ZXN6,1,PF00704
A0A919A361,1,PF00704
A0A919A4T8,1,PF00704
A0A919A692,1,PF00704
A0A919A8M0,1,PS51910
A0A919ACX8,1,PF00704
A0A919AFL5,1,PS51910
A0A919AVF3,1,PF00704
A0A919AWF1,1,PS51910
A0A919B2E1,1,PF00704
A0A919B476,1,PF00704
A0A919B849,1,PF00704
A0A919BER6,1,PF00704
A0A919BG92,1,PF00704
A0A919BRA5,1,PF00704
A0A919BRM6,1,PF00704
A0A919BVP4,1,PF00704
A0A919C2Q8,1,PS51910
A0A919C354,1,PF00704
A0A919C3W3,1,PF00704
A0A919C5R9,1,PF00704
A0A919CCI9,1,PF00704
A0A919CE51,1,PF00704
A0A919CU62,1,PF00704
A0A919CVD7,1,PS51910
A0A919CW89,1,PF00704
A0A919CYX1,1,PF00704
A0A919D1L0,1,PF00704
A0A919D1P7,1,PF00704
A0A919D1W8,1,PS51910
A0A919D1X0,1,PF00704
A0A919D227,1,PS51910
A0A919D4S1,1,PF00704
A0A919DJD0,1,PF00704
A0A919DJV5,1,PF00704
A0A919DK18,1,PS51910
A0A919DP12,1,PF00704
A0A919DRW8,1,PF00704
A0A919DS36,1,PF00704
A0A919DTC9,2,G3DSA:2.10.10.20:FF:000001
A0A919DTC9,2,PS51910
A0A919DZ94,1,PF00704
A0A919E471,1,PF00704
A0A919E6T5,1,PF00704
A0A919ECD8,1,PF00704
A0A919EI82,1,PF00704
A0A919EJ38,1,PF00704
A0A919ELI8,1,PF00704
A0A919ENK4,1,PS51910
A0A919EP11,1,PF00704
A0A919EQS2,1,PF00704
A0A919EWT2,1,PS51910
A0A919EYI8,1,PF00704
A0A919F4H3,1,PF00704
A0A919F4Z3,1,PF00704
A0A919F559,1,PF00704
A0A919FDX0,1,PS51910
A0A919FEL9,1,PF00704
A0A919FG28,1,PF00704
A0A919FH41,1,PF00704
A0A919FJM5,1,PF00704
A0A919FQ97,1,PF00704
A0A919FRK5,1,PF00704
A0A919FWL4,1,PF00704
A0A919FWM6,1,PF00704
A0A919G0T4,1,PF00704
A0A919G2P2,1,PF00704
A0A919G3R9,1,PF00704
A0A919G495,1,PF00704
A0A919GAZ7,1,PF00704
A0A919GBG8,1,PF00704
A0A919GFC0,1,PS51910
A0A919GGB7,1,PF00704
A0A919GI89,1,PF00704
A0A919GIA1,1,PS51910
A0A919GJQ0,1,PS51910
A0A919GKH1,1,PS51910
A0A919GRQ4,1,PF00704
A0A919GX27,1,PF00704
A0A919H5A6,1,PF00704
A0A919HCP6,1,PS51910
A0A919HEC2,1,PF00704
A0A919HEE5,1,PS51910
A0A919HH65,1,PF00704
A0A919HHJ6,1,PS51910
A0A919HJ82,1,PF00704
A0A919HK64,1,PS51910
A0A919HUE5,1,PF00704
A0A919I6W7,1,PF00704
A0A919ICH8,1,PF00704
A0A919ICN8,1,PF00704
A0A919IFL1,1,PF00704
A0A919IMY5,1,PF00704
A0A919IPC3,1,PS51910
A0A919IRZ0,1,PS51910
A0A919IUK7,1,PS51910
A0A919IUQ2,1,PS51910
A0A919IUS2,1,PF00704
A0A919IYR3,1,PF00704
A0A919J020,1,PS51910
A0A919J274,1,PS51910
A0A919J2U5,1,PS51910
A0A919J6G0,1,PF00704
A0A919J6W7,1,PF00704
A0A919JE07,1,PF00704
A0A919JGY8,1,PF00704
A0A919JHN1,1,PS51910
A0A919JKK5,1,PF00704
A0A919JKP1,1,PF00704
A0A919JQ81,1,PF00704
A0A919JRS3,1,PS51910
A0A919JUX7,1,PS51910
A0A919JV36,1,PF00704
A0A919K0I3,1,PF00704
A0A919K0R0,1,PF00704
A0A919K8V9,1,PF00704
A0A919K977,1,PF00704
A0A919KAX1,1,PS51910
A0A919KUG4,1,PS51910
A0A919KVU9,1,PF00704
A0A919KW08,1,PF00704
A0A919L3D3,1,PF00704
A0A919L869,1,PF00704
A0A919LCB5,1,PF00704
A0A919LD86,1,PS51910
A0A919LGH1,1,PF00704
A0A919LGR4,1,PF00704
A0A919LIQ9,1,PF00704
A0A919LLB4,1,PF00704
A0A919LNM3,1,PF00704
A0A919LRK3,1,PF00704
A0A919M6J5,1,PF00704
A0A919M9E7,1,PF00704
A0A919MBW5,1,PF00704
A0A919MEI1,1,PF00704
A0A919MG04,1,PF00704
A0A919MI79,1,PF00704
A0A919MNF7,1,PF00704
A0A919MRQ4,1,PF00704
A0A919MU57,1,PF00704
A0A919MU78,1,PF00704
A0A919MZJ7,1,PF00704
A0A919N6V0,1,PS51910
A0A919N6Y3,1,PF00704
A0A919NBD2,1,PF00704
A0A919NCH6,1,PF00704
A0A919NF73,1,PS51910
A0A919NJ81,1,PF00704
A0A919NLI1,1,PF00704
A0A919NM82,1,PF00704
A0A919NMT6,1,PF00704
A0A919NNE4,1,PF00704
A0A919NT81,1,PF00704
A0A919NWE1,1,PS51910
A0A919NWK4,1,PF00704
A0A919P3K3,1,PF00704
A0A919P4E4,1,PF00704
A0A919P507,1,PF00704
A0A919PFL0,1,PF00704
A0A919PSR0,1,PF00704
A0A919PVY9,1,PF00704
A0A919PY49,1,PF00704
A0A919PY81,1,PF00704
A0A919QCH3,1,PF00704
A0A919QDE7,1,PF00704
A0A919QHG7,1,PF00704
A0A919QJ49,1,PF00704
A0A919RJX2,1,PF00704
A0A919S0Q5,1,PF00704
A0A919SAZ6,1,PS51910
A0A919SCP7,1,PF00704
A0A919SII5,1,PF00704
A0A919SJY1,1,PF00704
A0A919SK42,1,PF00704
A0A919SKB1,1,PS51910
A0A919SKH6,1,PF00704
A0A919SL20,1,PS51910
A0A919SRQ6,1,PF00704
A0A919STL8,1,PF00704
A0A919SVB6,1,PF00704
A0A919T1T9,1,PS51910
A0A919T351,1,PF00704
A0A919T3R4,1,PF00704
A0A919T4Y4,1,PF00704
A0A919T9N3,1,PS51910
A0A919TAD6,1,PF00704
A0A919TEJ4,1,PF00704
A0A919THM5,1,PS51910
A0A919TPA8,1,PF00704
A0A919TYA4,1,PS51910
A0A919U512,1,PF00704
A0A919U859,1,PF00704
A0A919UD28,1,PF00704
A0A919UGW2,1,PF00704
A0A919UHP6,1,PF00704
A0A919UHU6,1,PS51910
A0A919UKJ5,1,PF00704
A0A919UQ85,1,PF00704
A0A919URP8,1,PF00704
A0A919V4P7,1,PF00704
A0A919V5E7,1,PS51910
A0A919V610,1,PF00704
A0A919V6D4,1,PF00704
A0A919V6X3,1,PF00704
A0A919V788,1,PF00704
A0A919VAU8,1,PF00704
A0A919VFM1,1,PF00704
A0A919VMS6,1,PF00704
A0A919VR52,1,PF00704
A0A919VRT2,1,PF00704
A0A919VV13,1,PF00704
A0A919VWK6,1,PF00704
A0A919W3I1,1,PF00704
A0A919W5L1,1,PF00704
A0A919W6E1,1,PF00704
A0A919WDD1,1,PF00704
A0A919WMN9,1,PF00704
A0A919WMR6,1,PF00704
A0A919WRD3,1,PF00704
A0A919WUG4,1,PF00704
A0A919WW16,1,PF00704
A0A919X4C0,1,PF00704
A0A919XBN3,1,PF00704
A0A919XBT4,1,PF00704
A0A919XCL4,1,PF00704
A0A919XDZ2,1,PF00704
A0A919XG21,1,PF00704
A0A919XH69,2,PF00704
A0A919XJQ1,1,PF00704
A0A919XLC9,1,PF00704
A0A919XNK1,1,PF00704
A0A919XQU7,1,PF00704
A0A919XT00,1,PF00704
A0A919XVY8,1,PF00704
A0A919XW09,1,PF00704
A0A919Y0S9,1,PF00704
A0A919Y1T8,1,PF00704
A0A919Y3Z4,1,PF00704
A0A919Y5F4,1,PF00704
A0A919Y6E9,1,PF00704
A0A919Y7Z5,1,PF00704
A0A919Y8N1,1,PF00704
A0A919Y928,1,PF00704
A0A919Y938,1,PF00704
A0A919YAE1,2,PF00704
A0A919YER2,1,PF00704
A0A919YJ39,1,PF00704
A0A919YKG9,1,PF00704
A0A919YML7,1,PF00704
A0A919YQE1,1,PF00704
A0A919YUH5,1,PF00704
A0A919YV63,1,PF00704
A0A919Z5X1,1,PF00704
A0A919Z7S1,1,PF00704
A0A919ZHX4,1,PF00704
A0A919ZR54,1,PF00704
A0A919ZSS5,1,PF00704
A0A920A8X6,1,PS51910
A0A920AAA8,1,PF00704
A0A920ABH8,1,PF00704
A0A920BRA1,1,PS51910
A0A920C677,1,PF00704
A0A920C9H6,1,PF00704
A0A920C9V8,1,PF00704
A0A920CFB5,1,PF00704
A0A920CG90,1,PF00704
A0A920CGD1,1,PF00704
A0A920CL16,1,PF00704
A0A920CTL5,1,PF00704
A0A920CTV4,1,PF00704
A0A920CUU4,1,PF00704
A0A920CVV1,1,PF00704
A0A920D1I3,1,PF00704
A0A920D1X8,1,PF00704
A0A920D2D3,1,PF00704
A0A920D9U7,1,PF00704
A0A920DA48,1,PF00704
A0A920DE70,1,PF00704
A0A920JGT8,1,PS51910
A0A920TK05,1,PF00704
A0A920YMY7,1,PF00704
A0A920YPW8,1,PF00704
A0A920YQZ1,1,PF00704
A0A921CJX4,2,PS51910
A0A921CJX4,2,SSF51445
A0A921CMI5,1,PF00704
A0A921CMM1,1,PF00704
A0A921CPB8,1,PF00704
A0A921CPS3,1,PF00704
A0A921CPW0,1,PF00704
A0A921CQH5,1,PF00704
A0A921FDV4,1,PS51910
A0A921FDZ2,1,PS51910
A0A921FYJ3,1,PF00704
A0A921HM38,1,PF00704
A0A921HVP1,1,PF00704
A0A921I128,1,PF00704
A0A921I964,1,PF00704
A0A921LKR4,1,PF00704
A0A921MPE0,1,PF00704
A0A921N008,1,PF00704
A0A921SS02,1,PF00704
A0A922XBX5,1,PF00704
A0A922ZDN1,1,PF00704
A0A922ZDN2,1,PF00704
A0A923ALL4,1,PF00704
A0A923B755,1,PF00704
A0A923CMM1,1,PF00704
A0A923DXR0,2,G3DSA:3.20.20.370
A0A923DXR0,2,PF00704
A0A923DXS4,1,PF00704
A0A923DY81,1,PF00704
A0A923DZ15,1,PF00704
A0A923ECZ0,1,PF00704
A0A923EEK4,1,PF00704
A0A923GD21,1,PF00704
A0A923HL52,1,PF00704
A0A923I012,1,PF00704
A0A923IYE7,1,PF00704
A0A923J1J7,1,PF00704
A0A923J1K1,1,PF00704
A0A923J1M1,1,PF00704
A0A923KPC5,1,PF00704
A0A923KT14,1,PF00704
A0A923KTM4,1,PF00704
A0A923KZR1,1,PF00704
A0A923L8A6,1,PF00704
A0A923LDV7,1,PF00704
A0A923LGP3,1,PF00704
A0A923LJJ8,1,PF00704
A0A923LPT8,1,PF00704
A0A923LVF0,1,PF00704
A0A923NNL6,1,PF00704
A0A923NTW4,1,PF00704
A0A923QK17,2,G3DSA:3.20.20.370
A0A923QK17,2,PF00704
A0A923RVB4,1,PF00704
A0A923TAN5,1,PF00704
A0A923UQ91,1,PF00704
A0A923V514,1,PF00704
A0A923V6G0,2,G3DSA:3.20.20.370
A0A923V6G0,2,PF00704
A0A923VES7,2,G3DSA:3.20.20.370
A0A923VES7,2,PF00704
A0A923X0T8,1,PF00704
A0A923XVG1,2,G3DSA:3.20.20.370
A0A923XVG1,2,PF00704
A0A923Y9A9,1,PF00704
A0A923YAC4,1,PF00704
A0A923YCE8,1,PF00704
A0A923YDD7,1,PF00704
A0A923YDE4,1,PF00704
A0A923YDQ0,1,PF00704
A0A923YGL7,1,PF00704
A0A923YKP3,1,PF00704
A0A923YQU1,2,G3DSA:3.20.20.370
A0A923YQU1,2,PF00704
A0A923YUY7,2,G3DSA:3.20.20.370
A0A923YUY7,2,PF00704
A0A923Z2X1,2,G3DSA:3.20.20.370
A0A923Z2X1,2,PF00704
A0A924A151,1,PF00704
A0A924BDR5,1,PF00704
A0A924BQF8,1,PS51910
A0A924BVP9,2,G3DSA:3.20.20.370
A0A924BVP9,2,PF00704
A0A924BW25,1,PF00704
A0A924BWG5,1,PF00704
A0A924C032,1,PF00704
A0A924C503,1,PF00704
A0A924DMQ0,2,G3DSA:3.20.20.370
A0A924DMQ0,2,PF00704
A0A924F2X3,2,G3DSA:3.20.20.370
A0A924F2X3,2,PF00704
A0A924F7Q6,1,PF00704
A0A924G3Y1,1,PF00704
A0A924HKV9,2,G3DSA:3.20.20.370
A0A924HKV9,2,PF00704
A0A924HM66,1,PF00704
A0A924HNH9,2,G3DSA:3.20.20.370
A0A924HNH9,2,PF00704
A0A924IDI9,2,G3DSA:3.20.20.370
A0A924IDI9,2,PF00704
A0A924IP96,1,PF00704
A0A924IZP5,2,G3DSA:3.20.20.370
A0A924IZP5,2,PF00704
A0A924J9B5,1,PF00704
A0A924MEZ2,1,PF00704
A0A924MFV1,2,G3DSA:3.20.20.370
A0A924MFV1,2,PF00704
A0A924MQE2,1,PF00704
A0A924MTQ5,1,PF00704
A0A924N112,2,G3DSA:3.20.20.370
A0A924N112,2,PF00704
A0A924NB48,2,G3DSA:3.20.20.370
A0A924NB48,2,PS51910
A0A924NZ78,1,PF00704
A0A924QKM6,1,PF00704
A0A924RAD8,2,G3DSA:3.20.20.370
A0A924RAD8,2,PF00704
A0A924RMS8,1,PS51910
A0A924RW46,2,G3DSA:3.20.20.370
A0A924RW46,2,PF00704
A0A924S602,1,PF00704
A0A924TKG2,2,G3DSA:3.20.20.370
A0A924TKG2,2,PF00704
A0A924VFY8,1,PF00704
A0A924VFZ4,1,PF00704
A0A924VGQ1,1,PS51910
A0A924VJV3,1,PF00704
A0A924VP99,1,PF00704
A0A924VUR3,1,PF00704
A0A924WIZ8,1,PF00704
A0A924X567,1,PF00704
A0A924YCS0,1,PF00704
A0A924YF84,1,PF00704
A0A924ZZQ4,1,PS51910
A0A925BC24,1,PF00704
A0A925BGM3,1,PS51910
A0A925BVD1,1,PF00704
A0A925CF31,1,PF00704
A0A925DJA5,1,PF00704
A0A925EGK6,1,PF00704
A0A925FTZ0,1,PF00704
A0A925HDJ9,1,PF00704
A0A925HZ03,1,PS51910
A0A925I0G9,1,PS51910
A0A925I7Z4,1,PF00704
A0A925IAU5,1,PF00704
A0A925ICL5,1,PF00704
A0A925IDX0,1,PF00704
A0A925IKM8,1,PF00704
A0A925J9R6,1,PF00704
A0A925K4A9,1,PF00704
A0A925KA95,1,PF00704
A0A925KDR8,1,PF00704
A0A925LHP5,1,PF00704
A0A925N4B9,1,PS51910
A0A925NTL6,1,PF00704
A0A925PGJ6,1,PF00704
A0A925PIM4,1,PF00704
A0A925PXE0,1,PF00704
A0A925QLV6,2,G3DSA:3.20.20.370
A0A925QLV6,2,PF00704
A0A925QWJ0,1,PF00704
A0A925R7X4,1,PF00704
A0A925R853,1,PF00704
A0A925T0U7,1,PF00704
A0A925T5D5,1,PS51910
A0A925UN53,1,PF00704
A0A925UQ10,1,PF00704
A0A925URG0,1,PS51910
A0A925UUE7,1,PF00704
A0A925V1B5,1,PF00704
A0A925VH64,1,PF00704
A0A925VQ85,1,PF00704
A0A925X0G6,1,PF00704
A0A925X6J4,1,PF00704
A0A925X8D1,1,PF00704
A0A925XBN4,1,PF00704
A0A925YDP9,1,PF00704
A0A925YQ42,1,PF00704
A0A925ZG89,1,PF00704
A0A925ZT62,1,PF00704
A0A926BAH2,1,PF00704
A0A926CAQ4,1,PF00704
A0A926CZD4,1,PF00704
A0A926D597,1,PF00704
A0A926DEE5,1,PF00704
A0A926DID9,1,PF00704
A0A926DLE5,1,PF00704
A0A926DWV5,1,PF00704
A0A926DYT2,1,PF00704
A0A926E0U8,1,PF00704
A0A926E1T4,1,PF00704
A0A926EIM6,1,PF00704
A0A926EM46,1,PF00704
A0A926ETF0,1,PF00704
A0A926F0H0,1,PF00704
A0A926F0X3,1,PF00704
A0A926F358,1,PF00704
A0A926GQ72,1,PF00704
A0A926GZK7,1,PF00704
A0A926H4G9,1,PF00704
A0A926HN71,1,PF00704
A0A926HVG0,1,PF00704
A0A926I1V0,1,PF00704
A0A926I1Y8,1,PF00704
A0A926I9K8,1,PF00704
A0A926ICB5,1,PF00704
A0A926IE50,1,PF00704
A0A926IKF7,1,PF00704
A0A926ISX7,1,PF00704
A0A926J8H8,2,G3DSA:3.20.20.370
A0A926J8H8,2,PF00704
A0A926KNN6,1,PF00704
A0A926KSF8,1,PF00704
A0A926KSW1,1,PF00704
A0A926L197,1,PS51910
A0A926L7P2,1,PF00704
A0A926LBM9,1,PF00704
A0A926LSZ4,1,PS51910
A0A926NKI9,1,PF00704
A0A926NWN5,1,PF00704
A0A926NYU3,2,G3DSA:3.20.20.370
A0A926NYU3,2,PF00704
A0A926QLC4,1,PF00704
A0A926QND6,1,PF00704
A0A926QQD6,2,G3DSA:2.10.10.20:FF:000001
A0A926QQD6,2,PF00704
A0A926QUR5,1,PF00704
A0A926QV22,1,PF00704
A0A926QV28,2,G3DSA:2.10.10.20:FF:000001
A0A926QV28,2,PF00704
A0A926QVF9,1,PF00704
A0A926R1A3,1,PF00704
A0A926R214,1,PF00704
A0A926RX12,1,PF00704
A0A926WS04,1,PF00704
A0A926XWL2,1,PF00704
A0A927AS24,1,PF00704
A0A927B0F1,1,PF00704
A0A927BLQ0,1,PF00704
A0A927BM91,1,PF00704
A0A927BVT6,1,PF00704
A0A927BY52,1,PF00704
A0A927C4I3,1,PF00704
A0A927CEJ3,1,PF00704
A0A927CI89,1,PF00704
A0A927CMS4,1,PF00704
A0A927CP44,1,PF00704
A0A927CQ29,1,PF00704
A0A927CT85,1,PF00704
A0A927CTN4,1,PF00704
A0A927D0H1,1,PF00704
A0A927DP91,1,PF00704
A0A927EYM0,1,PF00704
A0A927EZQ7,2,G3DSA:2.10.10.20:FF:000001
A0A927EZQ7,2,PF00704
A0A927F2V2,1,PF00704
A0A927F4Z4,1,PF00704
A0A927FJW1,1,PF00704
A0A927FNI9,1,PF00704
A0A927FYV7,1,PF00704
A0A927G0J1,1,PF00704
A0A927G3V8,1,PF00704
A0A927GEY3,1,PF00704
A0A927GYF5,1,PF00704
A0A927IC88,1,PF00704
A0A927ID07,1,PF00704
A0A927J368,1,PF00704
A0A927J3V6,1,PF00704
A0A927J5W1,1,PF00704
A0A927J600,1,PF00704
A0A927JHQ2,2,G3DSA:3.20.20.370
A0A927JHQ2,2,PF00704
A0A927JK43,2,G3DSA:3.20.20.370
A0A927JK43,2,PF00704
A0A927KYT3,1,PF00704
A0A927L9Q0,1,PF00704
A0A927LCZ9,1,PF00704
A0A927LNN7,1,PF00704
A0A927LT77,1,PF00704
A0A927LVY6,1,PF00704
A0A927M415,1,PF00704
A0A927MAB4,1,PF00704
A0A927MB06,1,PF00704
A0A927MD75,1,PF00704
A0A927NJG6,1,PF00704
A0A927PDA9,1,PF00704
A0A927PDC7,1,PF00704
A0A927QVG2,1,PF00704
A0A927R6U8,1,PF00704
A0A927RCC4,1,PF00704
A0A927RU82,1,PF00704
A0A927RZ16,1,PF00704
A0A927SDW9,1,PF00704
A0A927SJA7,1,PF00704
A0A927SPH9,1,PF00704
A0A927STI6,1,PF00704
A0A927T9K3,1,PF00704
A0A927T9Q9,1,PF00704
A0A927TDX4,1,PF00704
A0A927TF11,1,PF00704
A0A927TLT1,1,PF00704
A0A927TMY5,1,PF00704
A0A927TQZ8,1,PF00704
A0A927TSF9,1,PF00704
A0A927U1L0,1,PF00704
A0A927U6U2,1,PF00704
A0A927UFV6,1,PF00704
A0A927UFX7,1,PF00704
A0A927UQ78,1,PF00704
A0A927V1A5,1,PF00704
A0A927V861,1,PF00704
A0A927V8N9,1,PF00704
A0A927VP04,1,PF00704
A0A927VZM9,1,PF00704
A0A927W3G9,1,PF00704
A0A927W3H9,1,PF00704
A0A927W5F5,1,PF00704
A0A927W6P9,1,PF00704
A0A927WXI9,1,PF00704
A0A927WYF2,1,PF00704
A0A927WYS7,1,PF00704
A0A927X0X0,1,PF00704
A0A927X5A3,1,PF00704
A0A927X909,1,PF00704
A0A927XA17,1,PF00704
A0A927XQA0,1,PF00704
A0A927YIE5,1,PF00704
A0A927YTX2,1,PF00704
A0A927YVC1,1,PF00704
A0A927YXI7,1,PF00704
A0A927Z329,1,PF00704
A0A927Z839,1,PF00704
A0A927ZB06,1,PF00704
A0A927ZDY2,1,PF00704
A0A927ZFV6,1,PF00704
A0A927ZGN7,1,PF00704
A0A927ZKE9,1,PF00704
A0A928B6Z8,1,PF00704
A0A928BDY5,1,PF00704
A0A928BXV3,1,PS51910
A0A928C1Z7,2,PF00704
A0A928C3T7,2,PF00704
A0A928C3T7,2,SSF51445
A0A928CH41,1,PF00704
A0A928D1A0,1,PF00704
A0A928DKF2,1,PF00704
A0A928DMV3,1,PF00704
A0A928ELW7,1,PF00704
A0A928ESS6,1,PF00704
A0A928F082,1,PF00704
A0A928GAP8,1,PF00704
A0A928IBY3,1,PF00704
A0A928IHW1,1,PF00704
A0A928IQ73,1,PF00704
A0A928ITY2,1,PF00704
A0A928IUP5,1,PF00704
A0A928IVL0,1,PF00704
A0A928IW03,1,PF00704
A0A928IY12,1,PF00704
A0A928J8U5,1,PF00704
A0A928JBZ3,1,PF00704
A0A928JCX1,1,PF00704
A0A928LHY9,1,PF00704
A0A928MRP3,1,PF00704
A0A928N1W7,1,PF00704
A0A928N6U4,1,PF00704
A0A928NBD5,1,PF00704
A0A928NEZ4,1,PF00704
A0A928NKP1,1,PF00704
A0A928NVQ8,1,PF00704
A0A928P2K9,1,PF00704
A0A928P3Q0,1,PF00704
A0A928P3Q4,1,PF00704
A0A928PDL3,1,PF00704
A0A928PU48,1,PF00704
A0A928Q226,1,PF00704
A0A928Q9C6,1,PF00704
A0A928RIC5,1,PF00704
A0A928TYJ5,1,PF00704
A0A928V242,1,PF00704
A0A928V247,1,PF00704
A0A928XF81,2,PF00704
A0A928XF81,2,SSF51445
A0A928XFD2,1,PF00704
A0A928XZJ5,1,PF00704
A0A928YQK9,1,PS51910
A0A929CQQ3,1,PF00704
A0A929G7X3,1,PS51910
A0A929H088,1,PF00704
A0A929JZG6,1,PF00704
A0A929KEU8,1,PF00704
A0A929L2D7,1,PF00704
A0A929L303,2,G3DSA:3.20.20.370
A0A929L303,2,PF00704
A0A929PEJ7,2,G3DSA:3.20.20.370
A0A929PEJ7,2,PF00704
A0A929PLW4,1,PF00704
A0A929S6I9,1,PF00704
A0A929SPS9,1,PF00704
A0A929T8F4,1,PF00704
A0A929TH23,1,PF00704
A0A929TVH5,1,PF00704
A0A929UF39,1,PF00704
A0A929ULZ4,1,PF00704
A0A929XAB9,1,PF00704
A0A929XLJ0,1,PF00704
A0A929XPM8,1,PF00704
A0A929XVF1,1,PF00704
A0A929Y0F3,1,PF00704
A0A929Y197,1,PF00704
A0A929Y3W8,1,PF00704
A0A929YHV1,1,PF00704
A0A930B6M6,1,PF00704
A0A930DB26,1,PF00704
A0A930DNY9,1,PF00704
A0A930EMG5,2,G3DSA:3.20.20.370
A0A930EMG5,2,PF00704
A0A930GUF5,1,PF00704
A0A930GWA0,1,PF00704
A0A930H0H9,1,PF00704
A0A930HYH6,2,G3DSA:3.20.20.370
A0A930HYH6,2,PF00704
A0A930I0L0,2,G3DSA:3.20.20.370
A0A930I0L0,2,PF00704
A0A930IX60,2,G3DSA:3.20.20.370
A0A930IX60,2,PF00704
A0A930J5X0,2,G3DSA:3.20.20.370
A0A930J5X0,2,PF00704
A0A930KAJ1,2,G3DSA:3.20.20.370
A0A930KAJ1,2,PF00704
A0A930NVX0,2,G3DSA:3.20.20.370
A0A930NVX0,2,PF00704
A0A930P089,2,G3DSA:3.20.20.370
A0A930P089,2,PF00704
A0A930P6I7,2,G3DSA:3.20.20.370
A0A930P6I7,2,PF00704
A0A930P9V9,2,G3DSA:3.20.20.370
A0A930P9V9,2,PF00704
A0A930UUC7,1,PF00704
A0A930V7R2,1,PS51910
A0A930Y9K2,1,PF00704
A0A930ZHI9,1,PF00704
A0A931A658,1,PF00704
A0A931A6F0,1,PF00704
A0A931A9D2,1,PS51910
A0A931AC48,1,PF00704
A0A931AWY0,1,PF00704
A0A931B3Q5,1,PF00704
A0A931B9A1,1,PS51910
A0A931BA67,1,PF00704
A0A931C331,1,PF00704
A0A931C5P2,1,PS51910
A0A931C7Z3,1,PF00704
A0A931CBX5,1,PF00704
A0A931CEH0,1,PF00704
A0A931DL25,1,PF00704
A0A931E7E5,1,PF00704
A0A931EFV4,1,PF00704
A0A931F4S0,1,PF00704
A0A931F5P7,1,PF00704
A0A931FDL1,1,PF00704
A0A931FDL5,1,PF00704
A0A931FG34,1,PF00704
A0A931FG65,1,PS51910
A0A931FGF0,1,PS51910
A0A931FHJ3,1,PS51910
A0A931FJ37,1,PS51910
A0A931FJ52,1,PF00704
A0A931FYF2,1,PF00704
A0A931FYW2,1,PF00704
A0A931FZJ4,1,PF00704
A0A931G169,1,PF00704
A0A931IM56,1,PF00704
A0A931INH8,1,PF00704
A0A931INJ6,1,PF00704
A0A931IQ78,1,PF00704
A0A931IW90,1,PF00704
A0A931IYR4,1,PF00704
A0A931KI75,1,PF00704
A0A931KIS0,1,PF00704
A0A931KQK2,2,G3DSA:3.20.20.370
A0A931KQK2,2,PF00704
A0A931M260,1,PF00704
A0A931M4Y2,2,G3DSA:3.20.20.370
A0A931M4Y2,2,PF00704
A0A931N810,1,PF00704
A0A931NAW2,1,PF00704
A0A931NBP3,1,PF00704
A0A931NCK5,1,PF00704
A0A931NH84,1,PF00704
A0A931NHT1,1,PF00704
A0A931PET4,1,PF00704
A0A931QR36,1,PS51910
A0A931QZ17,2,G3DSA:3.20.20.370
A0A931QZ17,2,PS51910
A0A931QZA3,1,PF00704
A0A931RIM2,1,PF00704
A0A931RIT6,1,PF00704
A0A931USJ3,1,PF00704
A0A931UV65,1,PS51910
A0A931VDQ9,1,PF00704
A0A931VEF5,1,PF00704
A0A931VSG8,1,PF00704
A0A931W6D2,1,PF00704
A0A931WAZ8,1,PS51910
A0A931WBJ0,1,PF00704
A0A931XJ97,1,PF00704
A0A931XY49,1,PF00704
A0A931Y1U0,1,PF00704
A0A931YBA9,1,PF00704
A0A931YD16,1,PF00704
A0A931ZIF6,1,PF00704
A0A931ZLX4,1,PF00704
A0A931ZYY4,1,PF00704
A0A932C222,2,G3DSA:3.20.20.370
A0A932C222,2,PF00704
A0A932CGS1,1,PF00704
A0A932DIK5,1,PF00704
A0A932GKX8,1,PF00704
A0A932HNA9,1,PF00704
A0A932HS27,1,PF00704
A0A932HUK6,1,PF00704
A0A932I7E4,1,PF00704
A0A932J219,1,PF00704
A0A932JTV8,1,PF00704
A0A932KSM8,1,PF00704
A0A932LNW7,1,PF00704
A0A932LRR0,2,G3DSA:3.20.20.370
A0A932LRR0,2,PF00704
A0A932LT69,1,PF00704
A0A932MGP7,1,PF00704
A0A932N603,1,PF00704
A0A932N7D3,1,PF00704
A0A932Q1K6,1,PF00704
A0A932QEN0,2,G3DSA:3.20.20.370
A0A932QEN0,2,PF00704
A0A932R851,2,G3DSA:3.20.20.370
A0A932R851,2,PF00704
A0A932RB66,1,PF00704
A0A932RG75,2,G3DSA:3.20.20.370
A0A932RG75,2,PF00704
A0A932RMY1,2,G3DSA:3.20.20.370
A0A932RMY1,2,PF00704
A0A932S0R3,1,PF00704
A0A932S3U4,1,PF00704
A0A932T6F1,2,PF00704
A0A932T6F1,2,SSF51445
A0A932TA86,1,PF00704
A0A932TGU3,1,PF00704
A0A932V1Y6,1,PF00704
A0A932V4N8,1,PF00704
A0A932VGB3,1,PF00704
A0A932VL30,1,PF00704
A0A932WCD3,1,PF00704
A0A932WWA9,1,PF00704
A0A932X6M0,1,PF00704
A0A932YHS2,1,PF00704
A0A932YJU5,1,PF00704
A0A932YK10,1,PF00704
A0A932YRT7,1,PF00704
A0A932Z1K8,1,PF00704
A0A933BN39,1,PF00704
A0A933BUL9,1,PF00704
A0A933CBK2,1,PF00704
A0A933DNX0,1,PF00704
A0A933EPU3,1,PF00704
A0A933ESN9,1,PF00704
A0A933F1X7,1,PF00704
A0A933FYW2,1,PF00704
A0A933HRS0,1,PF00704
A0A933HTF6,2,PF00704
A0A933HTF6,2,SSF51445
A0A933IW21,1,PF00704
A0A933JUI3,1,PF00704
A0A933KL88,1,PF00704
A0A933LVT2,1,PF00704
A0A933MU33,2,PF00704
A0A933MU33,2,SSF51445
A0A933NF03,1,PS51910
A0A933P3I2,1,PF00704
A0A933PTJ4,1,PF00704
A0A933QMR2,1,PF00704
A0A933QRT1,2,PF00704
A0A933QRT1,2,SSF51445
A0A933QVH0,1,PF00704
A0A933R684,1,PF00704
A0A933RAU4,1,PF00704
A0A933RPP1,1,PF00704
A0A933SDX8,1,PF00704
A0A933UIM4,1,PF00704
A0A933VKT0,1,PF00704
A0A933XAE4,1,PF00704
A0A933XAG6,1,PF00704
A0A933YBS6,1,PF00704
A0A933YFK5,1,PF00704
A0A933YMY1,1,PF00704
A0A933YPS3,1,PF00704
A0A933ZG64,1,PF00704
A0A933ZRK7,1,PF00704
A0A934AA68,2,G3DSA:3.20.20.370
A0A934AA68,2,PF00704
A0A934CPB6,1,PF00704
A0A934DDN2,1,PF00704
A0A934DEG6,1,PF00704
A0A934DU21,1,PF00704
A0A934E378,1,PF00704
A0A934GS84,1,PF00704
A0A934H8K6,2,PF00704
A0A934H8K6,2,SSF51445
A0A934HN73,1,PF00704
A0A934I0Z4,1,PF00704
A0A934I1M9,1,PF00704
A0A934I2X8,1,PF00704
A0A934I3G5,1,PF00704
A0A934J271,1,PF00704
A0A934J428,1,PF00704
A0A934JB72,1,PF00704
A0A934K0G4,1,PF00704
A0A934K1U3,1,PF00704
A0A934KGJ7,1,PF00704
A0A934LTP6,1,PF00704
A0A934LU49,1,PF00704
A0A934LW82,1,PF00704
A0A934M1J9,1,PF00704
A0A934MUY0,1,PF00704
A0A934NA94,1,PF00704
A0A934NHI5,1,PF00704
A0A934PHN4,1,PF00704
A0A934PRU3,2,G3DSA:3.20.20.370
A0A934PRU3,2,PF00704
A0A934QN13,1,PF00704
A0A934R3U0,1,PF00704
A0A934UJZ7,1,PF00704
A0A934V1L4,1,PS51910
A0A934WXT2,1,PF00704
A0A934YCQ0,1,PF00704
A0A934YU05,1,PF00704
A0A935CP32,1,PF00704
A0A935F9Z6,1,PF00704
A0A935FTQ6,1,PF00704
A0A935G9N8,1,PF00704
A0A935HCK8,1,PF00704
A0A935HJT9,1,PF00704
A0A935HKG5,2,G3DSA:3.20.20.370
A0A935HKG5,2,PF00704
A0A935HKX3,1,PF00704
A0A935I5S1,1,PF00704
A0A935MAZ9,1,PF00704
A0A935MVZ2,1,PF00704
A0A935NF49,1,PF00704
A0A935Q8A3,1,PF00704
A0A935QZG0,1,PF00704
A0A935RJE7,2,G3DSA:3.20.20.370
A0A935RJE7,2,PF00704
A0A935TA63,2,G3DSA:3.20.20.370
A0A935TA63,2,PF00704
A0A935TIS9,1,PF00704
A0A935TRI6,1,PF00704
A0A935W8L0,1,PF00704
A0A935WAJ2,1,PF00704
A0A935WGX5,1,PF00704
A0A935ZLM0,2,G3DSA:3.20.20.370
A0A935ZLM0,2,PF00704
A0A936D533,1,PF00704
A0A936DC52,1,PF00704
A0A936EPV6,1,PF00704
A0A936HAW2,2,G3DSA:3.20.20.370
A0A936HAW2,2,PF00704
A0A936HNW6,1,PF00704
A0A936I0M8,1,PF00704
A0A936I455,1,PF00704
A0A936JPI2,1,PF00704
A0A936L9I1,1,PF00704
A0A936PLN3,1,PF00704
A0A936PQ56,1,PF00704
A0A936QN11,1,PF00704
A0A936SZ07,1,PF00704
A0A936T5B5,1,PF00704
A0A936UZG7,1,PF00704
A0A936VE33,1,PF00704
A0A936VFB6,1,PF00704
A0A936W8G0,1,PF00704
A0A936XP59,2,G3DSA:3.20.20.370
A0A936XP59,2,PF00704
A0A936ZUA5,3,PF00704
A0A937B2N4,1,PF00704
A0A937B554,1,PF00704
A0A937BDY8,1,PF00704
A0A937BM41,1,PF00704
A0A937BUK4,1,PF00704
A0A937C1D2,1,PF00704
A0A937C6Y6,1,PF00704
A0A937CB27,1,PF00704
A0A937ED21,1,PS51910
A0A937EDQ5,1,PF00704
A0A937EFK6,1,PF00704
A0A937EMT8,1,PF00704
A0A937EPH2,1,PS51910
A0A937ES03,1,PF00704
A0A937F5V8,2,PF00704
A0A937F9Y1,1,PF00704
A0A937FEW4,1,PF00704
A0A937FF33,1,PF00704
A0A937FGH4,1,PF00704
A0A937FGS7,1,PF00704
A0A937FH40,1,PF00704
A0A937FWK4,1,PF00704
A0A937G1A6,1,PF00704
A0A937GFZ5,1,PF00704
A0A937GPZ9,1,PF00704
A0A937GTG2,1,PF00704
A0A937JMQ9,1,PF00704
A0A937JRA7,1,PS51910
A0A937K0I9,1,PF00704
A0A937KB93,1,PF00704
A0A937KBA8,1,PF00704
A0A937KD34,1,PF00704
A0A937KSP1,1,PF00704
A0A937KYQ6,1,PF00704
A0A937MLZ2,2,PF00704
A0A937MLZ2,2,SSF51445
A0A937MMC4,1,PF00704
A0A937NM24,2,PS51910
A0A937NM24,2,SSF51445
A0A937NYV1,1,PF00704
A0A937T7X5,2,PS51910
A0A937T7X5,2,SSF51445
A0A937TVS6,1,PF00704
A0A937UPH0,1,PS51910
A0A937VYB5,1,PF00704
A0A937X7P6,1,PF00704
A0A938AQX3,2,PF00704
A0A938AQX3,2,SSF51445
A0A938AUA5,1,PF00704
A0A938BH71,1,PF00704
A0A938EMY6,1,PF00704
A0A938ERH5,1,PF00704
A0A938F6U7,1,PF00704
A0A938FF80,1,PF00704
A0A938FJ69,1,PF00704
A0A938GR31,1,PF00704
A0A938J3U0,1,PF00704
A0A938JEW0,1,PF00704
A0A938KNZ1,1,PF00704
A0A938NYL4,1,PF00704
A0A938P5F5,1,PF00704
A0A938P6A9,1,PF00704
A0A938PAS1,1,PF00704
A0A938PB78,1,PF00704
A0A938RUF5,1,PF00704
A0A938T8K2,1,PF00704
A0A938WY53,1,PF00704
A0A938X7W5,1,PF00704
A0A938X812,1,PF00704
A0A938X892,1,PF00704
A0A938X983,1,PF00704
A0A938Y0T8,1,PF00704
A0A938YCG2,1,PF00704
A0A938Z3B0,1,PF00704
A0A939A6I9,1,PF00704
A0A939BDK0,1,PF00704
A0A939BNZ2,1,PF00704
A0A939BSS2,1,PF00704
A0A939CQE5,1,PF00704
A0A939D6Y5,1,PF00704
A0A939D772,1,PF00704
A0A939D7G8,1,PF00704
A0A939D7M1,1,PF00704
A0A939D923,1,PF00704
A0A939FBW8,1,PF00704
A0A939FD10,1,PF00704
A0A939FEZ7,1,PF00704
A0A939FLV7,1,PF00704
A0A939FMW0,1,PF00704
A0A939FQU2,1,PF00704
A0A939G376,1,PF00704
A0A939G9E1,1,PF00704
A0A939GDM2,1,PF00704
A0A939HWG4,1,PF00704
A0A939I3Z7,1,PF00704
A0A939I4E7,1,PF00704
A0A939I4X4,1,PF00704
A0A939I632,1,PF00704
A0A939I7K1,1,PF00704
A0A939I8P4,1,PF00704
A0A939I8R9,1,PF00704
A0A939I9H2,1,PF00704
A0A939IB76,1,PF00704
A0A939IJ01,1,PF00704
A0A939IL68,1,PF00704
A0A939JEL0,1,PS51910
A0A939JFH1,1,PF00704
A0A939JFW3,1,PF00704
A0A939JFZ9,1,PF00704
A0A939JGI8,1,PF00704
A0A939JGY6,1,PF00704
A0A939JH28,1,PS51910
A0A939JHB4,1,PF00704
A0A939JHU8,1,PF00704
A0A939JJ41,1,PF00704
A0A939JJV6,1,PF00704
A0A939JKX3,1,PS51910
A0A939L3I5,1,PF00704
A0A939L6N7,1,PF00704
A0A939NQD9,1,PF00704
A0A939P5I8,1,PF00704
A0A939PCK7,1,PS51910
A0A939PEJ8,1,PF00704
A0A939PH75,1,PS51910
A0A939PJW2,1,PF00704
A0A939PN24,1,PF00704
A0A939Q0X7,1,PF00704
A0A939R8B9,1,PF00704
A0A939RCS9,1,PF00704
A0A939RFA9,1,PF00704
A0A939T2K7,1,PS51910
A0A939TAZ6,1,PS51910
A0A939TH90,1,PF00704
A0A939THN5,1,PF00704
A0A939U2G1,1,PF00704
A0A939UAG0,1,PF00704
A0A939VC69,1,PF00704
A0A939VDC3,1,PF00704
A0A939VI66,1,PF00704
A0A939VNL1,1,PF00704
A0A939W408,1,PF00704
A0A939WAF7,1,PF00704
A0A939X5L1,1,PF00704
A0A939Z1I2,1,PF00704
A0A939Z252,1,PF00704
A0A939Z8P9,1,PF00704
A0A939ZIB4,1,PF00704
A0A940A9B1,1,PF00704
A0A940AC52,1,PS51910
A0A940B6A7,1,PF00704
A0A940BQR6,1,PF00704
A0A940BZB2,1,PF00704
A0A940CC10,1,PF00704
A0A940CS70,1,PF00704
A0A940CT22,1,PS51910
A0A940CV79,1,PF00704
A0A940CZM5,1,PF00704
A0A940D9U0,1,PF00704
A0A940DEV1,1,PF00704
A0A940DIY1,1,PF00704
A0A940DPT4,1,PF00704
A0A940DX91,1,PF00704
A0A940G1G4,2,G3DSA:3.20.20.370
A0A940G1G4,2,PF00704
A0A940GE75,2,G3DSA:3.20.20.370
A0A940GE75,2,PF00704
A0A940HH53,1,PF00704
A0A940I5M7,1,PF00704
A0A940IKS6,1,PF00704
A0A940JHR4,2,G3DSA:3.20.20.370
A0A940JHR4,2,PF00704
A0A940JMX8,2,G3DSA:3.20.20.370
A0A940JMX8,2,PF00704
A0A940K6U5,1,PF00704
A0A940KFW9,1,PF00704
A0A940KGE8,1,PF00704
A0A940KLP7,1,PF00704
A0A940KMC6,1,PF00704
A0A940L8R9,1,PF00704
A0A940LTM4,2,G3DSA:3.20.20.370
A0A940LTM4,2,PF00704
A0A940LYD0,2,G3DSA:3.20.20.370
A0A940LYD0,2,PF00704
A0A940M7F8,1,PF00704
A0A940MAD6,1,PF00704
A0A940MEY3,1,PS51910
A0A940MG01,1,PF00704
A0A940MLE5,1,PF00704
A0A940NK86,1,PF00704
A0A940NQH1,1,PF00704
A0A940NTL5,1,PF00704
A0A940PA18,1,PF00704
A0A940PC95,1,PF00704
A0A940PJH0,1,PF00704
A0A940R6A4,1,PF00704
A0A940RVA6,1,PF00704
A0A940RX78,1,PS51910
A0A940RX96,1,PF00704
A0A940RY40,1,PF00704
A0A940SJM7,2,G3DSA:3.20.20.370
A0A940SJM7,2,PF00704
A0A940SLB0,1,PF00704
A0A940STK5,1,PF00704
A0A940STP9,1,PF00704
A0A940T1C2,1,PF00704
A0A940TEU3,1,PF00704
A0A940TEY5,1,PF00704
A0A940TI78,1,PF00704
A0A940UZL8,1,PF00704
A0A940V0D1,1,PF00704
A0A940V1P9,1,PF00704
A0A940V3V9,1,PF00704
A0A940V3X2,1,PF00704
A0A940V4S6,1,PF00704
A0A940VXY0,1,PF00704
A0A940X0J9,1,PF00704
A0A940XKZ1,1,PS51910
A0A940XNN1,1,PF00704
A0A940XRK9,1,PF00704
A0A940XTP2,1,PF00704
A0A940Y4V4,1,PF00704
A0A940Y5B6,1,PF00704
A0A940YCT6,1,PF00704
A0A940YD47,1,PS51910
A0A940YRN1,2,G3DSA:2.10.10.20:FF:000001
A0A940YRN1,2,PF00704
A0A940YW78,1,PF00704
A0A940YZM7,1,PF00704
A0A940Z2R2,1,PF00704
A0A940Z870,1,PF00704
A0A940ZMP8,1,PF00704
A0A940ZST2,1,PF00704
A0A940ZTT9,1,PF00704
A0A940ZTX6,1,PF00704
A0A940ZUA6,1,PF00704
A0A940ZWM4,1,PF00704
A0A941A440,1,PF00704
A0A941A4D5,1,PF00704
A0A941AIG0,1,PF00704
A0A941ANJ6,1,PF00704
A0A941ATS9,1,PF00704
A0A941AV60,2,PF00704
A0A941AW23,1,PF00704
A0A941AWW0,1,PF00704
A0A941B2G0,1,PS51910
A0A941B340,1,PS51910
A0A941B413,1,PF00704
A0A941B4W2,1,PF00704
A0A941B6B9,1,PF00704
A0A941BC05,1,PF00704
A0A941BQF7,1,PS51910
A0A941BS20,1,PF00704
A0A941CEH0,1,PF00704
A0A941CEH3,3,PF00704
A0A941CUM2,1,PF00704
A0A941CWX1,2,G3DSA:3.20.20.370
A0A941CWX1,2,PF00704
A0A941DTF1,1,PF00704
A0A941DXE5,1,PF00704
A0A941ECF4,1,PS51910
A0A941ECU9,1,PS51910
A0A941EG85,1,PF00704
A0A941EHI9,1,PF00704
A0A941EHK2,1,PS51910
A0A941EIP0,1,PF00704
A0A941EL73,1,PF00704
A0A941EN20,1,PF00704
A0A941EP49,1,PS51910
A0A941EPB2,1,PF00704
A0A941EVZ3,1,PS51910
A0A941EWF2,1,PS51910
A0A941EWJ8,1,PF00704
A0A941EWZ6,1,PS51910
A0A941FNY3,1,PF00704
A0A941GCE0,1,PF00704
A0A941GSF5,1,PF00704
A0A941I4Q1,1,PF00704
A0A941I895,1,PF00704
A0A941IC18,1,PF00704
A0A941ID51,1,PF00704
A0A941IIJ5,1,PF00704
A0A941IIY4,1,PF00704
A0A941IKZ5,1,PS51910
A0A941ILB1,1,PF00704
A0A941IP68,1,PF00704
A0A941IR38,1,PS51910
A0A941J118,1,PF00704
A0A941JPZ3,1,PF00704
A0A941MWG1,1,PS51910
A0A941N1L0,1,PF00704
A0A941NF22,2,G3DSA:3.20.20.370
A0A941NF22,2,PF00704
A0A941PLC2,2,G3DSA:3.20.20.370
A0A941PLC2,2,PF00704
A0A941S295,2,G3DSA:3.20.20.370
A0A941S295,2,PF00704
A0A941TEA2,1,PF00704
A0A941TJN9,1,PF00704
A0A941WYF1,1,PF00704
A0A941X785,1,PF00704
A0A941X7Z3,1,PF00704
A0A941XKK7,1,PF00704
A0A941YDV7,2,G3DSA:3.20.20.370
A0A941YDV7,2,PF00704
A0A941YF43,1,PF00704
A0A941YH76,1,PF00704
A0A942AEM5,1,PF00704
A0A942C3V0,2,G3DSA:3.20.20.370
A0A942C3V0,2,PF00704
A0A942CDY8,2,G3DSA:3.20.20.370
A0A942CDY8,2,PF00704
A0A942CSD5,2,G3DSA:3.20.20.370
A0A942CSD5,2,PF00704
A0A942DGN3,1,PF00704
A0A942DGQ4,1,PF00704
A0A942E9X3,1,PS51910
A0A942FZ55,1,PF00704
A0A942GLA9,1,PF00704
A0A942GUS1,2,G3DSA:3.20.20.370
A0A942GUS1,2,PF00704
A0A942GWW4,2,G3DSA:3.20.20.370
A0A942GWW4,2,PF00704
A0A942H0T9,2,G3DSA:3.20.20.370
A0A942H0T9,2,PF00704
A0A942J0M2,1,PF00704
A0A942JIA1,1,PF00704
A0A942KSP2,1,PF00704
A0A942L4R9,1,PF00704
A0A942L9U1,1,PF00704
A0A942LH49,1,PS51910
A0A942MHN8,1,PF00704
A0A942MQJ8,1,PF00704
A0A942PAI3,1,PF00704
A0A942PPT6,1,PF00704
A0A942PZI5,1,PF00704
A0A942Q0S5,1,PF00704
A0A942QTI2,1,PF00704
A0A942STJ0,1,PF00704
A0A942STV2,1,PF00704
A0A942STX5,1,PF00704
A0A942SUX6,1,PF00704
A0A942SZM7,1,PF00704
A0A942T3W9,1,PF00704
A0A942T714,1,PF00704
A0A942T8I7,1,PF00704
A0A942TAG2,1,PF00704
A0A942TB72,1,PF00704
A0A942TEQ5,1,PF00704
A0A942TH58,1,PF00704
A0A942THW4,1,PF00704
A0A942TIX0,1,PF00704
A0A942TSJ5,1,PF00704
A0A942TTT5,1,PF00704
A0A942TUI6,1,PF00704
A0A942TYB7,1,PF00704
A0A942TZL5,1,PF00704
A0A942U1S6,1,PF00704
A0A942U1Y1,1,PF00704
A0A942U2A9,1,PF00704
A0A942U5H6,1,PF00704
A0A942UAB8,1,PF00704
A0A942UCE4,1,PF00704
A0A942UFY2,1,PF00704
A0A942UGD4,1,PF00704
A0A942UGR2,1,PF00704
A0A942UND6,1,PF00704
A0A942USL6,1,PF00704
A0A942UXE9,1,PF00704
A0A942VX01,1,PF00704
A0A942W1N0,1,PF00704
A0A942XFW4,1,PF00704
A0A942Y551,1,PF00704
A0A942Y6L1,1,PF00704
A0A942YGK9,1,PF00704
A0A942YJD0,1,PF00704
A0A942YJL9,1,PF00704
A0A942YLL9,1,PF00704
A0A942YSE3,1,PF00704
A0A942YSF6,1,PF00704
A0A942Z000,1,PF00704
A0A942Z4T9,1,PF00704
A0A942Z732,1,PF00704
A0A943A2F2,1,PF00704
A0A943AA36,1,PF00704
A0A943BBZ8,1,PF00704
A0A943BK39,1,PF00704
A0A943C2R3,1,PF00704
A0A943C9Q3,1,PF00704
A0A943CDH5,1,PF00704
A0A943CST8,1,PF00704
A0A943CZ34,1,PS51910
A0A943D1H4,1,PF00704
A0A943DJL2,1,PF00704
A0A943DKN1,1,PF00704
A0A943DP92,1,PF00704
A0A943EJC9,1,PF00704
A0A943GNT3,1,PF00704
A0A943GTW3,1,PF00704
A0A943HBK4,1,PF00704
A0A943HR44,1,PF00704
A0A943I3U0,1,PF00704
A0A943IFP9,1,PF00704
A0A943IJH8,1,PF00704
A0A943IP51,1,PF00704
A0A943IQP0,1,PF00704
A0A943J5W4,1,PF00704
A0A943J609,1,PF00704
A0A943JMT3,1,PF00704
A0A943JT94,1,PF00704
A0A943JVH1,1,PF00704
A0A943JXY7,1,PF00704
A0A943K8X6,1,PF00704
A0A943LB61,1,PF00704
A0A943LBU6,1,PF00704
A0A943N6H3,1,PF00704
A0A943NBI0,1,PF00704
A0A943NJE8,1,PF00704
A0A943NUN8,1,PF00704
A0A943PIJ1,1,PF00704
A0A943PUK6,1,PF00704
A0A943PXS6,1,PF00704
A0A943PXS7,1,PF00704
A0A943Q1U4,1,PF00704
A0A943Q4G6,1,PF00704
A0A943QCH8,1,PF00704
A0A943QJF0,1,PF00704
A0A943QKE7,1,PF00704
A0A943QPT8,1,PF00704
A0A943SPH5,1,PF00704
A0A943TKH6,1,PF00704
A0A943TKI4,1,PF00704
A0A943TPP9,1,PF00704
A0A943X0J4,1,PF00704
A0A943Y7S5,1,PF00704
A0A943YFU2,1,PF00704
A0A943ZVV0,1,PF00704
A0A943ZZ87,1,PF00704
A0A944AYA6,1,PF00704
A0A944C2J1,1,PF00704
A0A944CIP0,1,PF00704
A0A944CL52,1,PF00704
A0A944CPN0,1,PF00704
A0A944CQC6,1,PF00704
A0A944DTI5,1,PF00704
A0A944DXG2,1,PF00704
A0A944E022,1,PF00704
A0A944E1R8,1,PF00704
A0A944E358,1,PF00704
A0A944E9K3,1,PF00704
A0A944ECL2,1,PS51910
A0A944EDW6,1,PF00704
A0A944EG09,2,G3DSA:2.10.10.20:FF:000001
A0A944EG09,2,PF00704
A0A944EPA3,2,PS51910
A0A944EPA3,2,PTHR10963
A0A944EPM4,1,PF00704
A0A944EVY7,1,PF00704
A0A944EWZ1,1,PS51910
A0A944F6G3,1,PF00704
A0A944FIU1,1,PF00704
A0A944FNJ2,1,PF00704
A0A944FV79,1,PF00704
A0A944GW05,1,PF00704
A0A944HN88,1,PF00704
A0A944HPY6,1,PF00704
A0A944HRH8,1,PF00704
A0A944HX97,1,PF00704
A0A944HY34,1,PF00704
A0A944HZN6,1,PF00704
A0A944J256,1,PF00704
A0A944J2R1,1,PF00704
A0A944J395,1,PS51910
A0A944J3K0,1,PS51910
A0A944J417,1,PF00704
A0A944JAS7,1,PS51910
A0A944JFS3,1,PF00704
A0A944JKI9,1,PS51910
A0A944JNH3,1,PS51910
A0A944JP36,1,PF00704
A0A944JQ10,1,PF00704
A0A944JW12,1,PF00704
A0A944JWR4,1,PF00704
A0A944JXK5,1,PF00704
A0A944K9C0,1,PF00704
A0A944KIH2,1,PF00704
A0A944KPC9,1,PF00704
A0A944KPQ4,1,PF00704
A0A944KSC0,1,PS51910
A0A944KUR7,1,PF00704
A0A944L1R1,1,PF00704
A0A944NY86,1,PF00704
A0A944P459,1,PF00704
A0A944P6T9,1,PF00704
A0A944P941,1,PF00704
A0A944P9H8,1,PF00704
A0A944P9J9,1,PF00704
A0A944PCJ3,1,PF00704
A0A944PE50,1,PF00704
A0A944PEU4,1,PF00704
A0A944PG42,1,PF00704
A0A944PIQ7,1,PF00704
A0A944PJ23,1,PF00704
A0A944PJM6,1,PF00704
A0A944PPE4,1,PF00704
A0A944PQD0,1,PS51910
A0A944PVM5,1,PF00704
A0A944Q4G8,1,PF00704
A0A944RWS8,1,PF00704
A0A944RX59,1,PF00704
A0A944S3A3,1,PF00704
A0A944WE07,1,PF00704
A0A944XF17,1,PF00704
A0A944YIT1,1,PF00704
A0A944ZB17,1,PF00704
A0A945AWN4,1,PF00704
A0A945C8Y7,1,PF00704
A0A945CIP8,1,PF00704
A0A945FSA7,1,PF00704
A0A945GKV8,1,PF00704
A0A945HE17,1,PF00704
A0A945I0D9,1,PF00704
A0A945I0J9,1,PF00704
A0A945IP23,1,PF00704
A0A945IXG6,1,PF00704
A0A945L7S9,1,PF00704
A0A945MFG2,1,PF00704
A0A945NDP5,1,PF00704
A0A945NFE0,1,PS51910
A0A945PDW9,1,PF00704
A0A945PE19,1,PF00704
A0A945PGT7,1,PF00704
A0A945QR87,1,PF00704
A0A945YQ72,1,PF00704
A0A945YR63,1,PF00704
A0A945YUE7,1,PF00704
A0A946A8B1,1,PF00704
A0A946CI86,1,PF00704
A0A946CWN8,1,PF00704
A0A946CX35,1,PF00704
A0A946DYB0,1,PF00704
A0A946EXM6,1,PF00704
A0A946F186,1,PF00704
A0A946F1Q1,1,PF00704
A0A946FWQ6,1,PF00704
A0A946JUM7,1,PF00704
A0A946KAN6,1,PF00704
A0A946PBA0,1,PF00704
A0A946Q5Z7,2,G3DSA:3.30.20.10:FF:000003
A0A946Q5Z7,2,PF00704
A0A946REJ2,1,PF00704
A0A946RWE4,1,PF00704
A0A946U4R9,1,PF00704
A0A946WH60,1,PF00704
A0A946Z2W5,1,PF00704
A0A947HSK2,1,PF00704
A0A947JX46,2,G3DSA:3.20.20.370
A0A947JX46,2,PF00704
A0A947P4T9,1,PF00704
A0A947P6U7,1,PF00704
A0A947QSP9,1,PF00704
A0A947QSW8,1,PF00704
A0A947QTE2,1,PF00704
A0A947QY91,1,PF00704
A0A947S628,1,PF00704
A0A947S6L8,1,PF00704
A0A947SCE2,1,PF00704
A0A947SDT1,1,PF00704
A0A947UC92,1,PF00704
A0A947VSB2,1,PF00704
A0A948CKR3,1,PF00704
A0A948DG48,1,PF00704
A0A948E0C9,1,PF00704
A0A948EKD5,1,PF00704
A0A948ETT6,1,PF00704
A0A948F5A9,1,PF00704
A0A948HJT2,1,PS51910
A0A948HJX3,1,PF00704
A0A948HPW2,1,PF00704
A0A948IV77,1,PF00704
A0A948IYC2,2,G3DSA:3.20.20.370
A0A948IYC2,2,PF00704
A0A948JC65,1,PF00704
A0A948JFJ4,1,PF00704
A0A948KCM9,1,PF00704
A0A948M6P0,1,PF00704
A0A948ND61,1,PF00704
A0A948RGI6,1,PF00704
A0A948RWF2,1,PS51910
A0A948TM42,1,PF00704
A0A948X8C5,1,PF00704
A0A948ZBI6,1,PS51910
A0A949BP69,1,PS51910
A0A949DGQ1,1,PF00704
A0A949G974,1,PF00704
A0A949GG61,1,PF00704
A0A949GPA1,2,G3DSA:3.20.20.370
A0A949GPA1,2,PF00704
A0A949HT04,1,PF00704
A0A949I8R1,1,PF00704
A0A949JDT9,1,PF00704
A0A949JUB6,1,PF00704
A0A949L3E4,1,PF00704
A0A949LP52,1,PF00704
A0A949LRU1,1,PF00704
A0A949LU59,1,PF00704
A0A949N196,1,PF00704
A0A949N7Z1,1,PF00704
A0A949NAN2,1,PF00704
A0A949NG62,1,PF00704
A0A949NNL9,1,PS51910
A0A949P6G8,1,PF00704
A0A949RFL8,1,PF00704
A0A949TY34,1,PF00704
A0A949UI04,2,G3DSA:3.20.20.370
A0A949UI04,2,PF00704
A0A949W8Y5,1,PF00704
A0A949WEF9,2,G3DSA:3.20.20.370
A0A949WEF9,2,PF00704
A0A949X4H1,1,PF00704
A0A949XNW3,1,PS51910
A0A949ZR04,2,G3DSA:3.20.20.370
A0A949ZR04,2,PF00704
A0A950DVL3,1,PF00704
A0A950FDQ0,2,PF00704
A0A950FDQ0,2,SSF51445
A0A950FLF6,1,PF00704
A0A950FLS3,1,PF00704
A0A950HAU7,2,G3DSA:3.20.20.370
A0A950HAU7,2,PF00704
A0A950HFV2,1,PF00704
A0A950HG69,1,PF00704
A0A950I182,1,PF00704
A0A950I6D4,1,PF00704
A0A950I6Z0,1,PF00704
A0A950IAS0,1,PF00704
A0A950IPK5,1,PF00704
A0A950IRL7,1,PF00704
A0A950IV31,1,PF00704
A0A950IVS5,1,PF00704
A0A950JU25,2,G3DSA:3.20.20.370
A0A950JU25,2,PF00704
A0A950JZW4,1,PF00704
A0A950KC98,1,PF00704
A0A950KF52,1,PF00704
A0A950LLN2,1,PF00704
A0A950M636,1,PF00704
A0A950MFW2,1,PF00704
A0A950MJG7,1,PF00704
A0A950MNS4,1,PF00704
A0A950MQH5,1,PF00704
A0A950PQI7,1,PF00704
A0A950Q851,1,PF00704
A0A950QIQ5,2,G3DSA:3.20.20.370
A0A950QIQ5,2,PF00704
A0A950QIT0,2,G3DSA:3.20.20.370
A0A950QIT0,2,PS51910
A0A950R0A1,1,PF00704
A0A950RV57,1,PF00704
A0A950S0Y0,1,PS51910
A0A950S4K7,1,PF00704
A0A950S8P2,1,PF00704
A0A950SEH4,2,G3DSA:3.20.20.370
A0A950SEH4,2,PF00704
A0A950WS29,1,PF00704
A0A950X6R4,1,PF00704
A0A950XAL4,1,PF00704
A0A950XFX7,1,PF00704
A0A950ZHW6,2,G3DSA:3.20.20.370
A0A950ZHW6,2,PF00704
A0A950ZQD0,1,PF00704
A0A951AEU8,2,G3DSA:3.20.20.370
A0A951AEU8,2,PF00704
A0A951ANX1,1,PF00704
A0A951ARX5,1,PF00704
A0A951BEL0,1,PS51910
A0A951DLQ5,1,PF00704
A0A951DN90,1,PF00704
A0A951EFL1,1,PF00704
A0A951EKD0,1,PF00704
A0A951ESB7,1,PF00704
A0A951F955,1,PF00704
A0A951F9C5,1,PS51910
A0A951FCV4,1,PS51910
A0A951FER1,1,PS51910
A0A951FER3,1,PF00704
A0A951FG08,1,PF00704
A0A951H4S4,1,PF00704
A0A951H705,1,PS51910
A0A951HDD8,1,PF00704
A0A951I7L4,1,PF00704
A0A951IA37,2,G3DSA:3.20.20.370
A0A951IA37,2,PF00704
A0A951IRC0,1,PF00704
A0A951KGC5,1,PF00704
A0A951KKN9,1,PF00704
A0A951KZ85,1,PF00704
A0A951KZP6,1,PF00704
A0A951LRY4,2,G3DSA:3.20.20.370
A0A951LRY4,2,PF00704
A0A951MXN8,1,PF00704
A0A951N389,1,PF00704
A0A951R9R8,1,PF00704
A0A951RKA5,1,PF00704
A0A951RLE9,1,PF00704
A0A951RS31,1,PF00704
A0A951SDQ8,1,PF00704
A0A951UV01,1,PF00704
A0A951VGB6,1,PF00704
A0A951VHF2,1,PF00704
A0A951W7Y9,1,PF00704
A0A951WHM2,1,PF00704
A0A951WST6,1,PF00704
A0A951Z6C9,1,PF00704
A0A951ZDW6,1,PF00704
A0A951ZIP3,2,G3DSA:3.20.20.370
A0A951ZIP3,2,PF00704
A0A952ALE1,1,PF00704
A0A952AP74,1,PF00704
A0A952C6A8,1,PF00704
A0A952DET2,1,PF00704
A0A952DLK8,1,PF00704
A0A952FZ47,1,PF00704
A0A952GCI8,1,PF00704
A0A952GDP1,1,PF00704
A0A952GYK5,2,G3DSA:3.20.20.370
A0A952GYK5,2,PS51910
A0A952H6Y8,1,PF00704
A0A952HAI6,1,PF00704
A0A952JI18,2,G3DSA:3.20.20.370
A0A952JI18,2,PF00704
A0A952KHT6,2,G3DSA:3.20.20.370
A0A952KHT6,2,PF00704
A0A952KPF8,2,G3DSA:3.20.20.370
A0A952KPF8,2,PS51910
A0A952N995,1,PF00704
A0A952Q085,1,PF00704
A0A952Q283,1,PF00704
A0A952QUM9,1,PF00704
A0A952QZV4,1,PF00704
A0A952U1C9,1,PF00704
A0A952VC84,2,G3DSA:3.20.20.370
A0A952VC84,2,PF00704
A0A953DD01,1,PF00704
A0A953E1A8,1,PF00704
A0A953E298,1,PS51910
A0A953ELW0,2,G3DSA:3.20.20.370
A0A953ELW0,2,PF00704
A0A953FK00,1,PF00704
A0A953H346,1,PF00704
A0A953H5I4,1,PF00704
A0A953I431,1,PF00704
A0A953I9Y2,1,PF00704
A0A953IA69,1,PF00704
A0A953JGS7,1,PF00704
A0A953JXX8,1,PF00704
A0A953L1Y5,1,PF00704
A0A953L2I3,1,PS51910
A0A953LIC4,1,PF00704
A0A953MH31,1,PF00704
A0A953NHP3,1,PF00704
A0A953NRD4,2,G3DSA:3.20.20.370
A0A953NRD4,2,PF00704
A0A953NX10,2,G3DSA:3.20.20.370
A0A953NX10,2,PF00704
A0A953P200,2,G3DSA:3.20.20.370
A0A953P200,2,PF00704
A0A953PFJ7,2,G3DSA:3.20.20.370
A0A953PFJ7,2,PF00704
A0A953PWH8,1,PF00704
A0A953Q0I7,1,PF00704
A0A953Q296,2,G3DSA:3.20.20.370
A0A953Q296,2,PF00704
A0A953Q424,1,PF00704
A0A953QB73,1,PF00704
A0A953QHR2,1,PF00704
A0A953QID6,1,PF00704
A0A953R518,1,PF00704
A0A953S7I0,2,G3DSA:3.20.20.370
A0A953S7I0,2,PF00704
A0A953SN67,1,PF00704
A0A953SSL1,1,PF00704
A0A953T7C2,1,PF00704
A0A953TCG6,1,PF00704
A0A953UXH8,2,G3DSA:3.20.20.370
A0A953UXH8,2,PF00704
A0A954EQP9,1,PS51910
A0A954GR98,1,PS51910
A0A954HGQ1,1,PS51910
A0A954HWA8,1,PF00704
A0A954M7I5,1,PF00704
A0A954MC29,1,PF00704
A0A954MKV3,1,PF00704
A0A954QHF0,1,PF00704
A0A954XRS7,2,G3DSA:3.20.20.370
A0A954XRS7,2,PF00704
A0A954YZB0,1,PS51910
A0A954ZJS2,1,PF00704
A0A955BKR5,1,PF00704
A0A955BY51,1,PF00704
A0A955CAH7,1,PF00704
A0A955E1J9,1,PF00704
A0A955ECA6,1,PF00704
A0A955GSX3,1,PF00704
A0A955GY38,1,PF00704
A0A955GY46,1,PF00704
A0A955H4G6,1,PF00704
A0A955H7D2,1,PF00704
A0A955H917,1,PF00704
A0A955H940,1,PF00704
A0A955H9S1,1,PF00704
A0A955HE89,2,G3DSA:3.20.20.370
A0A955HE89,2,PF00704
A0A955HFH5,1,PF00704
A0A955HG12,1,PF00704
A0A955HIX0,1,PF00704
A0A955HIZ9,1,PF00704
A0A955HNG4,1,PF00704
A0A955HUT2,1,PF00704
A0A955HZY6,1,PF00704
A0A955I5F2,1,PF00704
A0A955I9N2,1,PF00704
A0A955JFB9,1,PF00704
A0A955K836,1,PF00704
A0A955KA07,1,PF00704
A0A955KG91,1,PF00704
A0A955KH52,1,PF00704
A0A955KNI8,1,PF00704
A0A955KSU6,1,PF00704
A0A955KT35,1,PF00704
A0A955KW40,1,PF00704
A0A955KX45,1,PF00704
A0A955LBC0,1,PF00704
A0A955LC15,1,PF00704
A0A955LVN2,1,PF00704
A0A955R8G5,1,PF00704
A0A955RI81,1,PF00704
A0A955TU54,1,PF00704
A0A955U4V9,1,PF00704
A0A955ZK79,1,PF00704
A0A956A463,1,PF00704
A0A956DD77,1,PF00704
A0A956DDX5,1,PF00704
A0A956DHK0,1,PF00704
A0A956GD35,1,PF00704
A0A956IEB3,1,PF00704
A0A956M4Y0,1,PF00704
A0A956MWV6,1,PF00704
A0A956Q916,1,PF00704
A0A956QUR4,1,PF00704
A0A956UHL3,1,PF00704
A0A956UIX4,1,PF00704
A0A956VI57,1,PF00704
A0A956X2D8,2,PS51910
A0A956X2D8,2,SSF51445
A0A956X398,1,PF00704
A0A956YX57,1,PF00704
A0A956ZMJ8,1,PF00704
A0A957ABJ7,1,PF00704
A0A957AVJ0,1,PF00704
A0A957C270,1,PF00704
A0A957CVZ0,2,PS51910
A0A957CVZ0,2,SSF51445
A0A957DY51,1,PF00704
A0A957GAU8,2,PF00704
A0A957GAU8,2,SSF51445
A0A957GH96,2,PS51910
A0A957GH96,2,SSF51445
A0A957GXU6,2,PS51910
A0A957GXU6,2,SSF51445
A0A957GZ09,2,PS51910
A0A957GZ09,2,SSF51445
A0A957H8H8,1,PF00704
A0A957HCX9,1,PF00704
A0A957J6T5,1,PF00704
A0A957K2Z4,2,PS51910
A0A957K2Z4,2,SSF51445
A0A957KE76,2,PS51910
A0A957KE76,2,SSF51445
A0A957MTB5,1,PF00704
A0A957NKS4,1,PF00704
A0A957P761,1,PF00704
A0A957QXQ8,2,PS51910
A0A957QXQ8,2,SSF51445
A0A957R7D4,1,PF00704
A0A957SMU8,1,PF00704
A0A957V5E9,1,PF00704
A0A957VF08,2,PF00704
A0A957VF08,2,SSF51445
A0A957VY27,2,PS51910
A0A957VY27,2,SSF51445
A0A957VZ50,1,PF00704
A0A957WC86,2,PF00704
A0A957WC86,2,SSF51445
A0A957WHF6,2,PF00704
A0A957WHF6,2,SSF51445
A0A957WJ83,1,PF00704
A0A957XDB0,2,PF00704
A0A957XDB0,2,SSF51445
A0A957XEI0,2,PF00704
A0A957XEI0,2,SSF51445
A0A957XVG4,1,PF00704
A0A957XVS7,2,PS51910
A0A957XVS7,2,SSF51445
A0A957Y5G0,1,PF00704
A0A957Y9Z1,2,PF00704
A0A957Y9Z1,2,SSF51445
A0A957ZE34,1,PF00704
A0A958B392,2,PS51910
A0A958B392,2,SSF51445
A0A958BJF2,1,PF00704
A0A958BYX7,2,PF00704
A0A958BYX7,2,SSF51445
A0A958C3B5,1,PF00704
A0A958CTE9,2,PF00704
A0A958CTE9,2,SSF51445
A0A958D0K6,2,PF00704
A0A958D0K6,2,SSF51445
A0A958D4S3,2,PF00704
A0A958D4S3,2,SSF51445
A0A958D4W0,2,PS51910
A0A958D4W0,2,SSF51445
A0A958DSV8,1,PF00704
A0A958E237,1,PF00704
A0A958ESG5,1,PF00704
A0A958EUN1,1,PF00704
A0A958EX45,1,PF00704
A0A958FNB0,1,PF00704
A0A958FRZ2,1,PF00704
A0A958H5D1,1,PF00704
A0A958H5T1,1,PS51910
A0A958I3X3,1,PF00704
A0A958I6T7,1,PF00704
A0A958IAA9,1,PF00704
A0A958ISB3,1,PF00704
A0A958IY22,1,PF00704
A0A958M9B7,1,PF00704
A0A958NMC1,1,PF00704
A0A958NPI1,1,PF00704
A0A958RAH0,1,PF00704
A0A958RYM3,1,PF00704
A0A958S246,1,PF00704
A0A958V521,1,PF00704
A0A958VQ37,1,PF00704
A0A958WSY5,1,PF00704
A0A958X6I6,1,PF00704
A0A958X714,1,PF00704
A0A959AK70,1,PF00704
A0A959AM04,1,PF00704
A0A959ASJ9,1,PF00704
A0A959AUA3,1,PF00704
A0A959AXZ1,1,PF00704
A0A959AYK9,1,PF00704
A0A959AZ64,1,PF00704
A0A959BCX6,1,PF00704
A0A959BJ93,1,PF00704
A0A959BLW2,1,PF00704
A0A959BLY3,1,PF00704
A0A959BQM4,1,PF00704
A0A959C2D5,1,PF00704
A0A959CFF7,1,PF00704
A0A959CN83,1,PF00704
A0A959CYW7,1,PF00704
A0A959D0A1,1,PS51910
A0A959D0A6,1,PF00704
A0A959E4L6,1,PF00704
A0A959EBP8,1,PF00704
A0A959ECU7,1,PF00704
A0A959ELS2,1,PF00704
A0A959EPA3,1,PF00704
A0A959EVE6,1,PF00704
A0A959FA38,1,PF00704
A0A959GDK4,1,PF00704
A0A959GHJ6,1,PF00704
A0A959GJG2,1,PF00704
A0A959GU64,1,PF00704
A0A959HAD1,1,PF00704
A0A959HB11,1,PF00704
A0A959HFU8,1,PF00704
A0A959HKN0,1,PF00704
A0A959HQQ8,1,PF00704
A0A959HTN8,1,PF00704
A0A959I088,1,PF00704
A0A959J834,1,PF00704
A0A959J8P9,1,PF00704
A0A959K762,1,PF00704
A0A959KEM6,1,PF00704
A0A959KH53,1,PF00704
A0A959KQZ8,1,PF00704
A0A959KRP2,1,PF00704
A0A959L7I4,1,PF00704
A0A959L8F3,1,PF00704
A0A959L8M4,1,PF00704
A0A959MBI4,1,PF00704
A0A959MJJ9,1,PF00704
A0A959MJM0,1,PF00704
A0A959MUP9,1,PF00704
A0A959N6F3,1,PF00704
A0A959NP77,1,PF00704
A0A959NTL2,1,PF00704
A0A959PXT6,1,PF00704
A0A959Q1K6,1,PF00704
A0A959Q4S7,1,PF00704
A0A959QIB6,1,PF00704
A0A959QZM0,1,PF00704
A0A959R249,2,G3DSA:3.20.20.370
A0A959R249,2,PF00704
A0A959R847,1,PS51910
A0A959RFQ4,1,PF00704
A0A959RPZ9,1,PF00704
A0A959RRT8,1,PS51910
A0A959S1B1,1,PF00704
A0A959SH65,1,PF00704
A0A959SYD4,1,PF00704
A0A959TGK7,1,PS51910
A0A959TH90,1,PF00704
A0A959TKJ3,1,PF00704
A0A959TW75,1,PF00704
A0A959UQN4,1,PF00704
A0A959V8C9,1,PF00704
A0A959WKY8,1,PF00704
A0A959YTB7,1,PF00704
A0A959Z0N1,1,PF00704
A0A959Z7G5,1,PF00704
A0A960AAI3,1,PF00704
A0A960AK57,1,PF00704
A0A960APY3,1,PF00704
A0A960AXG9,1,PF00704
A0A960BMZ2,1,PF00704
A0A960C074,2,PF00704
A0A960C074,2,SSF51445
A0A960DC91,1,PF00704
A0A960DQ23,1,PF00704
A0A960EYC5,1,PF00704
A0A960F8E8,1,PS51910
A0A960FIB8,1,PF00704
A0A960G000,1,PF00704
A0A960GE16,1,PF00704
A0A960GE27,1,PF00704
A0A960GFU6,1,PF00704
A0A960GK23,1,PS51910
A0A960GKA0,1,PF00704
A0A960GS93,1,PF00704
A0A960I3F4,1,PF00704
A0A960ICE4,1,PF00704
A0A960KSA0,1,PF00704
A0A960LP37,1,PF00704
A0A960LUX9,1,PF00704
A0A960M6Y8,1,PF00704
A0A960N5Y4,1,PF00704
A0A960QE56,1,PF00704
A0A960THL1,1,PF00704
A0A960TKW3,1,PF00704
A0A960TPI3,1,PF00704
A0A960U8X2,1,PF00704
A0A960UA43,1,PF00704
A0A960W493,1,PF00704
A0A960Y7E4,1,PF00704
A0A960Z8Q9,1,PF00704
A0A960ZI21,1,PF00704
A0A960ZJI1,1,PF00704
A0A961AQ38,3,PF00704
A0A961AQ38,3,SSF51989
A0A961AQ93,1,PF00704
A0A961B2A6,1,PF00704
A0A961DK95,1,PF00704
A0A961FBE3,1,PF00704
A0A961GP72,2,PF00704
A0A961GP72,2,PS51910
A0A961H957,1,PF00704
A0A962BW82,1,PF00704
A0A962C1L5,1,PF00704
A0A962TPQ1,2,G3DSA:3.20.20.370
A0A962TPQ1,2,PF00704
A0A962UDW2,1,PF00704
A0A962UGY9,2,G3DSA:3.20.20.370
A0A962UGY9,2,PF00704
A0A962WUD0,1,PF00704
A0A962YXC7,1,PF00704
A0A963E8Z1,1,PF00704
A0A963E9N1,1,PF00704
A0A963GWU5,2,G3DSA:3.20.20.370
A0A963GWU5,2,PF00704
A0A963H8J0,2,G3DSA:3.20.20.370
A0A963H8J0,2,PF00704
A0A963HZR5,2,G3DSA:3.20.20.370
A0A963HZR5,2,PS51910
A0A963IQD9,2,G3DSA:3.20.20.370
A0A963IQD9,2,PF00704
A0A963R2Q6,2,G3DSA:3.20.20.370
A0A963R2Q6,2,PF00704
A0A963ZEL0,1,PF00704
A0A963ZII5,1,PF00704
A0A963ZMH6,1,PF00704
A0A963ZNB9,1,PF00704
A0A964AS56,1,PF00704
A0A964DR13,1,PF00704
A0A964EGI6,1,PF00704
A0A964EGZ9,1,PF00704
A0A964EKR8,1,PF00704
A0A964EPN4,1,PF00704
A0A964ERW4,1,PF00704
A0A964H9A1,1,PF00704
A0A964HWM3,1,PF00704
A0A964IB57,1,PF00704
A0A964NWV4,1,PF00704
A0A964NZ69,1,PF00704
A0A964PV80,1,PF00704
A0A964Q7C5,1,PF00704
A0A964QGX1,1,PF00704
A0A964QXQ1,1,PF00704
A0A964UJG4,1,PF00704
A0A964UPH6,1,PF00704
A0A964UQH8,1,PF00704
A0A964UT99,1,PF00704
A0A964UYG0,1,PF00704
A0A964XJQ0,1,PF00704
A0A964XLH7,1,PS51910
A0A964XMT3,1,PF00704
A0A964XZG1,2,PF00704
A0A965AJ73,1,PF00704
A0A965AX57,1,PF00704
A0A965B5U7,1,PF00704
A0A965B7G1,2,PF00704
A0A965B7G1,2,PS51910
A0A965ES61,1,PF00704
A0A965G792,1,PF00704
A0A965G8M3,1,PF00704
A0A965GC09,1,PF00704
A0A965KEV7,1,PF00704
A0A965KU74,1,PF00704
A0A965N1C0,1,PF00704
A0A965NQV0,1,PF00704
A0A965P128,2,G3DSA:3.20.20.370
A0A965P128,2,PF00704
A0A965PY28,1,PF00704
A0A965Q7L1,1,PF00704
A0A965Q9F0,1,PS51910
A0A965TE63,1,PF00704
A0A965TKV1,1,PF00704
A0A965U3G6,1,PF00704
A0A965U3R2,1,PF00704
A0A965U6Z4,1,PS51910
A0A965V5G3,2,G3DSA:3.20.20.370
A0A965V5G3,2,PF00704
A0A965XTY5,1,PF00704
A0A965YKC8,1,PF00704
A0A965Z477,1,PF00704
A0A965ZHY4,1,PF00704
A0A966AAR4,1,PF00704
A0A966AWD1,1,PF00704
A0A966BIX3,1,PF00704
A0A966C5E0,1,PF00704
A0A966CUI6,1,PF00704
A0A966D2J4,1,PF00704
A0A966DDM0,3,PF00704
A0A966DV12,1,PF00704
A0A966DVC2,2,G3DSA:3.20.20.370
A0A966DVC2,2,PF00704
A0A966GWX9,1,PF00704
A0A966H6Y8,1,PF00704
A0A966JGC4,1,PF00704
A0A966JKL9,1,PF00704
A0A966KUM6,1,PF00704
A0A966LE94,1,PF00704
A0A966LG60,1,PF00704
A0A966LL64,1,PF00704
A0A966LN99,2,G3DSA:3.20.20.370
A0A966LN99,2,PF00704
A0A966PAX5,1,PF00704
A0A966THS3,1,PF00704
A0A966VR02,1,PF00704
A0A966VTA7,1,PF00704
A0A966WJF7,1,PF00704
A0A966YC93,1,PS51910
A0A966YEY0,1,PF00704
A0A966YNH6,1,PF00704
A0A966YPE9,1,PF00704
A0A967ATA3,1,PF00704
A0A967HKJ1,1,PF00704
A0A967HP35,1,PF00704
A0A967MM36,1,PF00704
A0A967P674,1,PF00704
A0A967P782,1,PF00704
A0A967SDN3,1,PF00704
A0A967VUJ9,1,PF00704
A0A967VYL2,1,PF00704
A0A967WA54,1,PF00704
A0A967WD09,1,PS51910
A0A967WGX7,2,PS51910
A0A967WGX7,2,SSF51445
A0A967WI85,1,PF00704
A0A967YYN2,1,PF00704
A0A967Z143,1,PF00704
A0A968D130,1,PF00704
A0A968D2V8,1,PF00704
A0A968GV34,1,PF00704
A0A968GYC4,1,PF00704
A0A968H5H3,1,PF00704
A0A968I511,1,PF00704
A0A968L1P1,1,PF00704
A0A968L207,1,PF00704
A0A968L2V5,1,PF00704
A0A968L6V9,1,PF00704
A0A968MBX6,1,PF00704
A0A968N8X1,1,PF00704
A0A968P246,1,PF00704
A0A968VLU4,1,PF00704
A0A969ESJ7,1,PF00704
A0A969EU03,1,PF00704
A0A969F522,1,PF00704
A0A969FQI8,1,PF00704
A0A969H856,1,PF00704
A0A969H998,1,PF00704
A0A969HTP1,1,PF00704
A0A969I1N0,1,PF00704
A0A969LC27,1,PF00704
A0A969N9W4,1,PS51910
A0A969NB65,1,PF00704
A0A969NCF9,2,PF00704
A0A969THI4,1,PF00704
A0A969VPI6,1,PF00704
A0A969WXH2,1,PF00704
A0A969WYK1,1,PF00704
A0A969WZU9,1,PS51910
A0A969Y4D8,1,PF00704
A0A969YVD4,1,PF00704
A0A969YXT8,1,PF00704
A0A969Z0Y1,1,PF00704
A0A969Z4N8,1,PF00704
A0A969ZDV4,1,PF00704
A0A969ZFP5,1,PF00704
A0A969ZII0,1,PF00704
A0A969ZKN2,1,PF00704
A0A969ZKU6,1,PF00704
A0A969ZKZ7,1,PF00704
A0A969ZYV7,1,PF00704
A0A969ZZM4,1,PF00704
A0A970AAX4,1,PF00704
A0A970AJH0,1,PF00704
A0A970AU61,1,PF00704
A0A970B7B7,1,PF00704
A0A970BUN5,1,PF00704
A0A970BXS8,1,PF00704
A0A970C387,1,PF00704
A0A970C497,1,PF00704
A0A970CYM7,1,PF00704
A0A970DAW3,1,PF00704
A0A970DI42,1,PF00704
A0A970DJH1,1,PF00704
A0A970DJH8,1,PF00704
A0A970DL87,1,PF00704
A0A970DRP8,1,PF00704
A0A970DU71,1,PF00704
A0A970E065,1,PF00704
A0A970E0A0,1,PF00704
A0A970E341,1,PF00704
A0A970E9G5,1,PF00704
A0A970F2W1,1,PF00704
A0A970F357,1,PF00704
A0A970F393,1,PF00704
A0A970F9W2,1,PF00704
A0A970FHN6,1,PF00704
A0A970FIJ9,1,PF00704
A0A970FJ40,1,PF00704
A0A970FLZ7,1,PF00704
A0A970FNV7,1,PF00704
A0A970FRN0,1,PF00704
A0A970FXE2,1,PF00704
A0A970FZJ9,1,PF00704
A0A970G212,1,PS51910
A0A970GA36,1,PF00704
A0A970H1D3,1,PF00704
A0A970HFE7,1,PF00704
A0A970HFL0,1,PF00704
A0A970HNE5,1,PF00704
A0A970HU83,1,PF00704
A0A970HYH9,1,PF00704
A0A970I9B2,1,PF00704
A0A970IR69,1,PF00704
A0A970IR70,1,PF00704
A0A970IT57,1,PF00704
A0A970IVI3,1,PF00704
A0A970IVP4,1,PF00704
A0A970IZ69,1,PF00704
A0A970J0U6,1,PF00704
A0A970J648,1,PF00704
A0A970J982,1,PF00704
A0A970J9E9,1,PF00704
A0A970J9V3,1,PF00704
A0A970JA67,1,PF00704
A0A970JDY5,1,PF00704
A0A970JFV1,1,PF00704
A0A970JGY9,1,PF00704
A0A970JIF2,1,PF00704
A0A970JKN7,1,PF00704
A0A970JLB7,1,PF00704
A0A970JSP3,1,PF00704
A0A970JWP2,1,PF00704
A0A970JYF3,1,PF00704
A0A970JYI9,1,PF00704
A0A970JYR6,1,PF00704
A0A970JZR2,1,PF00704
A0A970K7X8,1,PF00704
A0A970K893,1,PF00704
A0A970KDB1,1,PF00704
A0A970KFB9,1,PF00704
A0A970KH72,1,PF00704
A0A970KI98,1,PF00704
A0A970KXR5,1,PF00704
A0A970L0S0,1,PF00704
A0A970L335,1,PF00704
A0A970LB31,1,PF00704
A0A970LC12,1,PF00704
A0A970LE38,1,PF00704
A0A970LI31,1,PF00704
A0A970LUI5,1,PF00704
A0A970M6U7,1,PF00704
A0A970MA55,1,PF00704
A0A970MBK5,1,PF00704
A0A970N4R3,1,PF00704
A0A970N709,1,PF00704
A0A970N9C3,1,PF00704
A0A970N9J4,1,PF00704
A0A970NBJ6,1,PF00704
A0A970NCF0,1,PF00704
A0A970NXH6,1,PF00704
A0A970PEE3,1,PF00704
A0A970PGZ1,1,PF00704
A0A970QY04,1,PF00704
A0A970R259,1,PF00704
A0A970R337,1,PF00704
A0A970R7A0,1,PF00704
A0A970RB58,1,PF00704
A0A970SCD9,1,PF00704
A0A970SCK4,1,PF00704
A0A970T3W5,1,PF00704
A0A970T6S5,1,PF00704
A0A970TDX8,1,PF00704
A0A970TFD0,1,PF00704
A0A970TL45,1,PF00704
A0A970TQQ0,1,PF00704
A0A970TTL3,1,PF00704
A0A970ULP0,1,PF00704
A0A970VM45,1,PF00704
A0A970VYF8,1,PS51910
A0A970VZ26,1,PF00704
A0A970WXD9,1,PF00704
A0A970WXX0,1,PF00704
A0A970XCU3,1,PF00704
A0A970XHF7,1,PF00704
A0A970XI59,1,PF00704
A0A970XIH4,1,PF00704
A0A970XL97,1,PF00704
A0A970XSC1,1,PF00704
A0A970XTG4,1,PF00704
A0A970YMV0,1,PF00704
A0A970YRD7,1,PF00704
A0A970YSE7,1,PF00704
A0A971A949,1,PF00704
A0A971AEE1,1,PF00704
A0A971AJL9,1,PF00704
A0A971AVS3,2,PF00704
A0A971AVS3,2,SSF51445
A0A971BIR0,1,PF00704
A0A971C0C4,1,PF00704
A0A971D1N3,1,PF00704
A0A971D713,1,PF00704
A0A971DUH4,1,PF00704
A0A971E538,1,PF00704
A0A971E5P0,1,PF00704
A0A971EG94,1,PF00704
A0A971EGF8,1,PF00704
A0A971EH99,1,PF00704
A0A971ELQ1,1,PF00704
A0A971EMH6,1,PF00704
A0A971EMZ9,1,PF00704
A0A971ENN4,1,PF00704
A0A971ENT5,1,PS51910
A0A971EPQ5,1,PF00704
A0A971ES80,1,PF00704
A0A971F0V3,1,PF00704
A0A971F547,1,PF00704
A0A971G0D8,1,PF00704
A0A971GED7,1,PF00704
A0A971GN02,1,PF00704
A0A971GRV5,1,PF00704
A0A971GU70,1,PF00704
A0A971HFD1,1,PF00704
A0A971HFY7,1,PF00704
A0A971HLP5,1,PF00704
A0A971HNP2,1,PF00704
A0A971I850,1,PF00704
A0A971IGX7,1,PF00704
A0A971J5X9,1,PF00704
A0A971J8Q7,1,PF00704
A0A971JCZ8,1,PF00704
A0A971JD86,1,PF00704
A0A971K2S0,1,PF00704
A0A971K430,1,PF00704
A0A971KL22,1,PF00704
A0A971KYW4,1,PF00704
A0A971L7M9,1,PF00704
A0A971L8R3,1,PF00704
A0A971LAP9,1,PF00704
A0A971LCD2,1,PF00704
A0A971LJ58,1,PF00704
A0A971LYX3,1,PF00704
A0A971M0Q4,1,PF00704
A0A971MF93,1,PF00704
A0A971MIV4,1,PF00704
A0A971MLA4,1,PF00704
A0A971MPM9,1,PF00704
A0A971MU64,1,PF00704
A0A971MUU2,1,PF00704
A0A971N8Z5,1,PF00704
A0A971NFD9,1,PF00704
A0A971NGC3,1,PF00704
A0A971PGS4,1,PF00704
A0A971PWG0,1,PF00704
A0A971QM45,1,PF00704
A0A971R7R3,2,PF00704
A0A971R7R3,2,SSF51445
A0A971RA85,1,PF00704
A0A971RJL1,1,PF00704
A0A971RWH5,1,PF00704
A0A971RXB2,1,PF00704
A0A971SCT9,1,PF00704
A0A971SIZ6,1,PF00704
A0A971SQM0,1,PF00704
A0A971SXU0,1,PF00704
A0A971T515,1,PF00704
A0A971TTZ4,1,PS51910
A0A971TU20,1,PF00704
A0A971UTI0,1,PF00704
A0A971UWS1,1,PF00704
A0A971UY37,1,PF00704
A0A971V947,1,PF00704
A0A971VC26,1,PF00704
A0A971VL08,1,PF00704
A0A971VMM4,1,PF00704
A0A971VTW0,1,PF00704
A0A971VWM6,1,PF00704
A0A971W1L8,1,PF00704
A0A971W6Z8,1,PF00704
A0A971WSK8,1,PF00704
A0A971X8T5,1,PF00704
A0A971X9R0,1,PF00704
A0A971XDZ7,1,PF00704
A0A971XWU6,1,PF00704
A0A971YEX8,1,PF00704
A0A971YG62,1,PF00704
A0A971YHB0,1,PF00704
A0A971YHT1,1,PF00704
A0A971YHX2,1,PF00704
A0A971YIS5,1,PF00704
A0A971YLQ7,1,PF00704
A0A971YM42,1,PF00704
A0A971YNS5,1,PF00704
A0A971YQM7,1,PF00704
A0A971YTF2,1,PF00704
A0A971YW48,1,PS51910
A0A971ZG18,1,PF00704
A0A972A111,1,PF00704
A0A972AAG6,1,PF00704
A0A972AJ06,1,PF00704
A0A972AP43,1,PS51910
A0A972AVF8,1,PF00704
A0A972B8P7,1,PF00704
A0A972BB52,1,PF00704
A0A972BEF7,1,PF00704
A0A972BJ43,1,PF00704
A0A972BSH1,1,PF00704
A0A972BTX5,1,PF00704
A0A972BV76,1,PF00704
A0A972BX07,1,PF00704
A0A972C0X1,1,PF00704
A0A972CD78,1,PF00704
A0A972CFZ3,1,PF00704
A0A972CMC1,1,PF00704
A0A972CQJ7,1,PF00704
A0A972D5M4,1,PF00704
A0A972D6U0,1,PF00704
A0A972DE76,1,PF00704
A0A972DE88,1,PF00704
A0A972DF45,1,PF00704
A0A972E8G4,1,PF00704
A0A972FQF0,1,PF00704
A0A972FYR3,1,PF00704
A0A972G4Z5,1,PF00704
A0A972GBD7,1,PF00704
A0A972GEF3,1,PF00704
A0A972GLW6,1,PF00704
A0A972GTS4,1,PF00704
A0A972GZH7,1,PF00704
A0A972HPU7,1,PF00704
A0A972HU04,1,PF00704
A0A972HZU1,1,PF00704
A0A972I637,1,PF00704
A0A972IL69,1,PF00704
A0A972K096,1,PF00704
A0A972LY16,1,PF00704
A0A972N7H0,2,PF00704
A0A972N7H0,2,SSF51445
A0A972NY04,1,PF00704
A0A972P729,1,PF00704
A0A972PE23,1,PF00704
A0A972PGZ3,1,PF00704
A0A972PLN8,1,PF00704
A0A972QC57,1,PF00704
A0A972R269,1,PF00704
A0A972RN72,1,PF00704
A0A972RYB5,1,PF00704
A0A972SVH2,1,PF00704
A0A972U0S4,1,PF00704
A0A972VIC0,1,PF00704
A0A972XEI0,1,PF00704
A0A972YZ45,1,PF00704
A0A972Z1K6,1,PF00704
A0A972ZZA8,1,PF00704
A0A973A340,1,PF00704
A0A973B3P4,1,PF00704
A0A973BV35,1,PF00704
A0A973D9B7,1,PF00704
A0A973DAH8,1,PF00704
A0A973EMW3,1,PF00704
A0A973F434,1,PF00704
A0A973F5Z8,1,PF00704
A0A973F8B7,1,PF00704
A0A973FLJ2,1,PF00704
A0A973GBE1,1,PF00704
A0A973GZV0,1,PF00704
A0A973H1C0,1,PS51910
A0A973H7L6,1,PF00704
A0A973H8Y9,1,PF00704
A0A973HBK9,1,PS51910
A0A973IP91,1,PF00704
A0A973JLG7,1,PF00704
A0A973JYT9,1,PF00704
A0A973KIY0,1,PF00704
A0A973KMR6,1,PS51910
A0A973KMS9,1,PF00704
A0A973KRD4,1,PF00704
A0A973L561,1,PF00704
A0A973L5I9,1,PF00704
A0A973LAC5,1,PF00704
A0A973LBN7,1,PF00704
A0A973LD97,1,PF00704
A0A973LIE5,1,PS51910
A0A973LJS1,1,PS51910
A0A973LRI6,1,PF00704
A0A973LTJ8,1,PF00704
A0A973LU79,1,PF00704
A0A973LUH9,1,PF00704
A0A973LUT2,1,PF00704
A0A973MCD3,1,PS51910
A0A973MNJ0,1,PS51910
A0A973MSW8,1,PF00704
A0A973MSY9,1,PF00704
A0A973MV36,1,PF00704
A0A973MWV8,1,PS51910
A0A973NSF0,1,PF00704
A0A973NWP7,1,PF00704
A0A973NYE8,1,PF00704
A0A973P503,1,PS51910
A0A973P5G6,1,PF00704
A0A973P899,1,PF00704
A0A973PC61,1,PF00704
A0A973PEF4,1,PF00704
A0A973PQW0,1,PF00704
A0A973PTZ1,1,PF00704
A0A973PUT6,1,PS51910
A0A973PWQ9,1,PF00704
A0A973PX12,1,PF00704
A0A973Q122,1,PS51910
A0A973Q353,1,PF00704
A0A973Q5U3,1,PF00704
A0A973Q7Z4,2,G3DSA:2.10.10.20:FF:000001
A0A973Q7Z4,2,PF00704
A0A973QT92,1,PS51910
A0A973QTS5,1,PF00704
A0A973QUY2,1,PF00704
A0A973QZI7,1,PS51910
A0A973QZK5,1,PS51910
A0A973R276,1,PF00704
A0A973R4T3,1,PF00704
A0A973R7M1,1,PF00704
A0A973R9K9,1,PS51910
A0A973RB28,1,PF00704
A0A973RGV6,1,PS51910
A0A973RKF5,1,PF00704
A0A973RLX9,1,PS51910
A0A973SA34,2,G3DSA:3.20.20.370
A0A973SA34,2,PF00704
A0A973SBY7,1,PF00704
A0A973SFX2,1,PF00704
A0A973SLJ4,1,PF00704
A0A973SRJ7,1,PS51910
A0A973STB2,1,PS51910
A0A973SYD9,2,G3DSA:2.10.10.20:FF:000001
A0A973SYD9,2,PS51910
A0A973T0U5,1,PF00704
A0A973TS57,1,PF00704
A0A973TTF4,1,PF00704
A0A973TUV2,1,PF00704
A0A973TWJ2,1,PF00704
A0A973UK24,1,PS51910
A0A973UL65,1,PF00704
A0A973UL76,1,PF00704
A0A973UQK2,1,PF00704
A0A973URC6,1,PF00704
A0A973URX5,1,PF00704
A0A973UT40,1,PF00704
A0A973UUT7,1,PS51910
A0A973UVW8,1,PF00704
A0A973UZX0,1,PF00704
A0A973V080,1,PF00704
A0A973V0G1,1,PF00704
A0A973V0I6,1,PF00704
A0A973V2E0,1,PF00704
A0A973V451,1,PF00704
A0A973XSB8,1,PF00704
A0A973Y145,1,PF00704
A0A973YZP7,1,PS51910
A0A973Z0B0,1,PF00704
A0A973Z0N8,1,PF00704
A0A973Z7Y1,1,PF00704
A0A973ZEW5,1,PF00704
A0A973ZG13,1,PF00704
A0A973ZL55,1,PF00704
A0A974B2L0,2,G3DSA:2.10.10.20:FF:000001
A0A974B2L0,2,PF00704
A0A974B3P5,1,PS51910
A0A974BK82,1,PF00704
A0A974BL79,1,PF00704
A0A974BMY6,1,PF00704
A0A974NKI6,1,PF00704
A0A974NKP7,1,PF00704
A0A974NU92,2,G3DSA:3.20.20.370
A0A974NU92,2,PF00704
A0A974P8C6,1,PF00704
A0A974PEF2,1,PF00704
A0A974PRA0,1,PF00704
A0A974QGR3,1,PF00704
A0A974S0I9,1,PF00704
A0A974S246,1,PF00704
A0A974SDQ0,1,PF00704
A0A974SEQ7,1,PF00704
A0A974SF14,1,PF00704
A0A974UIX9,1,PF00704
A0A974UKG1,1,PS51910
A0A974UMR6,1,PF00704
A0A974URG7,1,PS51910
A0A974UVV4,1,PF00704
A0A974WVR5,1,PS51910
A0A974WX22,1,PS51910
A0A974WYJ0,1,PF00704
A0A974WZ98,1,PF00704
A0A974X8K4,1,PF00704
A0A974YG26,1,PF00704
A0A974Z3W5,1,PF00704
A0A974Z524,1,PF00704
A0A974Z745,1,PS51910
A0A975A845,1,PF00704
A0A975A8K5,1,PF00704
A0A975AE55,1,PF00704
A0A975AG29,1,PF00704
A0A975AUY0,1,PF00704
A0A975AWV6,1,PF00704
A0A975CPA3,1,PF00704
A0A975CTH7,1,PF00704
A0A975DKD6,1,PF00704
A0A975DKL0,1,PF00704
A0A975EE30,1,PF00704
A0A975F5N2,1,PF00704
A0A975F7H8,1,PF00704
A0A975FLG8,1,PF00704
A0A975FWX6,2,G3DSA:3.20.20.370
A0A975FWX6,2,PS51910
A0A975G7Z7,2,PF00704
A0A975GYV8,2,G3DSA:3.20.20.370
A0A975GYV8,2,PF00704
A0A975H1X3,1,PF00704
A0A975H605,1,PS51910
A0A975H8E6,2,PF00704
A0A975HE72,2,G3DSA:3.20.20.370
A0A975HE72,2,PF00704
A0A975HM74,1,PF00704
A0A975HP31,1,PS51910
A0A975IBP9,1,PF00704
A0A975J609,1,PF00704
A0A975KAB1,2,G3DSA:3.20.20.370
A0A975KAB1,2,PF00704
A0A975KQD2,1,PF00704
A0A975KQW9,1,PF00704
A0A975LBD5,1,PF00704
A0A975LGA6,1,PF00704
A0A975MRZ3,1,PF00704
A0A975MU39,1,PF00704
A0A975MVM1,1,PF00704
A0A975MVM7,1,PF00704
A0A975MYQ1,1,PS51910
A0A975N5P0,1,PF00704
A0A975N6P2,1,PS51910
A0A975N7U8,1,PF00704
A0A975PH60,1,PF00704
A0A975PJT6,1,PF00704
A0A975QIL8,1,PF00704
A0A975QK25,1,PF00704
A0A975QQG6,1,PF00704
A0A975RI21,1,PF00704
A0A975TGK3,1,PF00704
A0A975TQS6,1,PF00704
A0A975TQZ8,1,PF00704
A0A975TR24,1,PS51910
A0A975VIM4,1,PS51910
A0A975YCF2,1,PF00704
A0A975YDI7,1,PF00704
A0A976D3R1,2,G3DSA:3.20.20.370
A0A976D3R1,2,PF00704
A0A976DMS0,1,PF00704
A0A976H6P2,1,PF00704
A0A976L487,2,G3DSA:3.20.20.370
A0A976L487,2,PS51910
A0A976L5Q7,1,PS51910
A0A976L6Q6,1,PF00704
A0A976L7C7,1,PF00704
A0A976QB89,1,PF00704
A0A977L444,1,PF00704
A0A977R1H5,1,PF00704
A0A979G2X1,1,PF00704
A0A979G5V8,1,PF00704
A0A979GQC1,1,PF00704
A0A979GQH9,2,PF00704
A0A979GQH9,2,SSF51445
A0A979GT74,2,PF00704
A0A9C7AZF1,1,PF00704
A0A9C7EQ27,1,PF00704
A0A9C7EQR9,1,PF00704
A0A9C7G5U2,1,PF00704
A0A9C7G6R7,1,PF00704
A0A9C7GEJ8,1,PF00704
A0A9C7L8J5,1,PF00704
A0A9C7L9I8,1,PF00704
A0A9C7Q773,1,PF00704
A0A9C7QEA8,1,PF00704
A0A9C7QGI3,1,PF00704
A0A9C7UIN5,1,PF00704
A0A9C7UVZ4,1,PF00704
A0A9C7V7G2,1,PF00704
A0A9C7V834,1,PF00704
A0A9C8AIX6,1,PS51910
A0A9C8GKW4,1,PF00704
A0A9C8HXX6,1,PF00704
A0A9C8HYB1,1,PF00704
A0A9C8HZ93,1,PF00704
A0A9C8L6Z5,2,PF00704
A0A9C8L6Z5,2,SSF51445
A0A9C8L7B2,1,PF00704
A0A9C8L8A1,1,PF00704
A0A9C9EKX0,1,PF00704
A0A9C9SLN1,1,PF00704
A0A9C9X0H4,1,PF00704
A0A9C9YV35,1,PF00704
A0A9C9Z6L2,1,PF00704
A0A9D0G9I0,1,PF00704
A0A9D0VK04,1,PF00704
A0A9D0VKG1,1,PF00704
A0A9D0XWA9,1,PF00704
A0A9D0XZV3,1,PF00704
A0A9D0Y1N6,1,PF00704
A0A9D0ZHN0,1,PF00704
A0A9D0ZIC4,1,PF00704
A0A9D0ZXM3,1,PF00704
A0A9D1A457,1,PF00704
A0A9D1ABC9,1,PF00704
A0A9D1ALY5,1,PF00704
A0A9D1ANE4,1,PF00704
A0A9D1C2N9,1,PF00704
A0A9D1C2S6,1,PF00704
A0A9D1C3L1,1,PF00704
A0A9D1C5E8,1,PF00704
A0A9D1CRH4,1,PF00704
A0A9D1ESX2,1,PF00704
A0A9D1EU98,1,PF00704
A0A9D1F5F8,1,PF00704
A0A9D1F6S1,1,PF00704
A0A9D1FS06,1,PF00704
A0A9D1FZA0,1,PF00704
A0A9D1GB56,1,PF00704
A0A9D1GI67,1,PF00704
A0A9D1GMQ7,1,PF00704
A0A9D1H8G0,1,PF00704
A0A9D1HIQ8,1,PF00704
A0A9D1HK08,1,PF00704
A0A9D1HST1,1,PF00704
A0A9D1I5C5,1,PF00704
A0A9D1IG32,1,PF00704
A0A9D1IGT4,1,PF00704
A0A9D1IQT5,1,PF00704
A0A9D1ISW8,1,PF00704
A0A9D1IW22,1,PF00704
A0A9D1J3Y1,1,PF00704
A0A9D1JBF0,1,PF00704
A0A9D1JG12,1,PF00704
A0A9D1JK86,1,PF00704
A0A9D1JSP3,1,PF00704
A0A9D1JUL9,1,PF00704
A0A9D1KSV3,1,PF00704
A0A9D1KSV6,1,PF00704
A0A9D1KT27,1,PF00704
A0A9D1KTF6,1,PF00704
A0A9D1LLY3,1,PF00704
A0A9D1MC78,1,PF00704
A0A9D1MN98,1,PF00704
A0A9D1MV38,1,PF00704
A0A9D1MV99,1,PF00704
A0A9D1N8F7,1,PF00704
A0A9D1NCV3,1,PF00704
A0A9D1NTW5,1,PF00704
A0A9D1NZB7,1,PF00704
A0A9D1P8V9,1,PS51910
A0A9D1P973,1,PF00704
A0A9D1PEJ2,1,PF00704
A0A9D1PN68,1,PF00704
A0A9D1PSA6,1,PF00704
A0A9D1QW36,1,PF00704
A0A9D1QWB9,1,PF00704
A0A9D1R5A8,1,PF00704
A0A9D1RB57,1,PF00704
A0A9D1RD40,1,PF00704
A0A9D1RSV4,1,PF00704
A0A9D1RU88,1,PF00704
A0A9D1S9A7,1,PF00704
A0A9D1SNM7,1,PF00704
A0A9D1SPE1,1,PF00704
A0A9D1TFW0,1,PF00704
A0A9D1U5J4,1,PF00704
A0A9D1UBE8,1,PF00704
A0A9D1UDR9,1,PF00704
A0A9D1VFF7,1,PF00704
A0A9D1VJV2,1,PF00704
A0A9D1VXS1,1,PF00704
A0A9D1VYA0,1,PF00704
A0A9D1W281,1,PF00704
A0A9D1W2Q9,1,PF00704
A0A9D1WPY8,1,PF00704
A0A9D1XAX3,1,PF00704
A0A9D1XW77,1,PF00704
A0A9D1XWQ0,1,PF00704
A0A9D1Y7C8,1,PF00704
A0A9D1YAQ7,1,PF00704
A0A9D1YN19,1,PF00704
A0A9D1YZQ8,1,PF00704
A0A9D1Z1R0,1,PF00704
A0A9D1Z231,1,PF00704
A0A9D1Z270,1,PS51910
A0A9D1Z6X7,1,PF00704
A0A9D1ZE57,1,PF00704
A0A9D1ZXG1,1,PF00704
A0A9D2B3X2,1,PF00704
A0A9D2CBY4,1,PF00704
A0A9D2CD32,1,PF00704
A0A9D2CDH2,1,PF00704
A0A9D2CUA0,1,PF00704
A0A9D2CXQ8,1,PS51910
A0A9D2DBG4,1,PF00704
A0A9D2DBL6,1,PF00704
A0A9D2DSZ2,1,PF00704
A0A9D2FDW2,1,PF00704
A0A9D2FTC4,1,PF00704
A0A9D2G8S1,1,PF00704
A0A9D2G9X4,1,PF00704
A0A9D2GG36,1,PF00704
A0A9D2GML3,1,PF00704
A0A9D2H7N5,1,PF00704
A0A9D2HJX6,1,PF00704
A0A9D2I3D0,1,PF00704
A0A9D2IGS5,1,PF00704
A0A9D2IRE3,1,PF00704
A0A9D2JD17,1,PF00704
A0A9D2JKY1,1,PF00704
A0A9D2K472,1,PF00704
A0A9D2KKJ1,1,PF00704
A0A9D2KQB4,1,PF00704
A0A9D2L5W9,1,PF00704
A0A9D2LGC4,1,PF00704
A0A9D2LIZ9,1,PF00704
A0A9D2LJT1,1,PF00704
A0A9D2LP77,1,PF00704
A0A9D2MBG4,1,PF00704
A0A9D2MI86,1,PF00704
A0A9D2MM35,1,PF00704
A0A9D2MYV5,1,PF00704
A0A9D2N1G6,1,PF00704
A0A9D2N781,1,PF00704
A0A9D2ND64,1,PF00704
A0A9D2NPX4,1,PF00704
A0A9D2NXL8,1,PF00704
A0A9D2NYV5,1,PF00704
A0A9D2P2D0,1,PF00704
A0A9D2P6K0,1,PF00704
A0A9D2PER9,1,PF00704
A0A9D2PR26,1,PF00704
A0A9D2PVW3,1,PF00704
A0A9D2PXP3,1,PF00704
A0A9D2Q4G2,1,PF00704
A0A9D2Q9J2,1,PF00704
A0A9D2QK41,1,PF00704
A0A9D2R414,1,PF00704
A0A9D2R6Q4,1,PF00704
A0A9D2RDA1,1,PF00704
A0A9D2RKE9,1,PF00704
A0A9D2RWZ5,1,PF00704
A0A9D2S250,1,PF00704
A0A9D2S6E5,1,PF00704
A0A9D2S8L1,1,PF00704
A0A9D2S999,1,PF00704
A0A9D2SLI2,1,PF00704
A0A9D2SUW7,1,PF00704
A0A9D2SWA8,1,PF00704
A0A9D2T0H7,1,PF00704
A0A9D2T451,1,PF00704
A0A9D2T5G6,1,PF00704
A0A9D2TYB9,1,PF00704
A0A9D2U703,1,PF00704
A0A9D2W067,1,PF00704
A0A9D2W092,1,PF00704
A0A9D2W093,1,PF00704
A0A9D2W1F9,1,PF00704
A0A9D2WME0,1,PF00704
A0A9D2WMF6,1,PS51910
A0A9D3AII1,1,PF00704
A0A9D3AKR9,1,PF00704
A0A9D5EI38,1,PF00704
A0A9D5I0W3,1,PF00704
A0A9D5I1R0,1,PF00704
A0A9D5I2G6,1,PF00704
A0A9D5KAT6,1,PF00704
A0A9D5LDC0,1,PF00704
A0A9D5LH71,1,PF00704
A0A9D5LKH4,1,PF00704
A0A9D5LNG6,1,PF00704
A0A9D5M3S1,1,PF00704
A0A9D5MHS6,1,PF00704
A0A9D5MM92,1,PF00704
A0A9D5MSC5,1,PF00704
A0A9D5MVG7,1,PF00704
A0A9D5N126,1,PF00704
A0A9D5N1X7,1,PF00704
A0A9D5N406,1,PF00704
A0A9D5N4J6,1,PF00704
A0A9D5NP78,1,PF00704
A0A9D5PSD2,1,PF00704
A0A9D5R3Z7,1,PF00704
A0A9D5RK41,1,PF00704
A0A9D5RMM6,1,PF00704
A0A9D5RN20,1,PF00704
A0A9D5RN58,1,PF00704
A0A9D5RQE8,1,PF00704
A0A9D5S181,1,PF00704
A0A9D5S8U8,1,PF00704
A0A9D5SC39,1,PF00704
A0A9D5SM73,1,PF00704
A0A9D5TAX3,1,PF00704
A0A9D5U625,1,PF00704
A0A9D5U7N6,1,PF00704
A0A9D5UE86,1,PF00704
A0A9D5W272,2,G3DSA:3.20.20.370
A0A9D5W272,2,PF00704
A0A9D5WFR6,1,PF00704
A0A9D5WZD0,2,G3DSA:3.20.20.370
A0A9D5WZD0,2,PF00704
A0A9D5YBL3,1,PF00704
A0A9D5YQS5,1,PF00704
A0A9D5YX21,1,PF00704
A0A9D6E9F2,1,PF00704
A0A9D6FFC8,1,PF00704
A0A9D6KVZ5,2,G3DSA:3.20.20.370
A0A9D6KVZ5,2,PF00704
A0A9D6MW52,1,PF00704
A0A9D6QY38,2,PF00704
A0A9D6QY38,2,SSF51445
A0A9D6SFU4,1,PF00704
A0A9D6T400,2,PF00704
A0A9D6T400,2,SSF51445
A0A9D6UV93,2,G3DSA:3.20.20.370
A0A9D6UV93,2,PF00704
A0A9D6VIV5,1,PF00704
A0A9D6WN18,1,PF00704
A0A9D6WRH7,2,PS51910
A0A9D6WRH7,2,SSF51445
A0A9D6X4N9,1,PF00704
A0A9D6ZRF8,1,PF00704
A0A9D7AF50,1,PF00704
A0A9D7AF57,1,PF00704
A0A9D7DIJ0,1,PF00704
A0A9D7DK94,1,PF00704
A0A9D7DU53,1,PF00704
A0A9D7E8J9,1,PF00704
A0A9D7ES34,1,PF00704
A0A9D7ET42,1,PF00704
A0A9D7F622,1,PF00704
A0A9D7GDD1,1,PF00704
A0A9D7GUL6,2,G3DSA:3.20.20.370
A0A9D7GUL6,2,PF00704
A0A9D7IB17,1,PF00704
A0A9D7J0I3,2,G3DSA:3.20.20.370
A0A9D7J0I3,2,PF00704
A0A9D7JZ11,1,PF00704
A0A9D7LYR7,1,PF00704
A0A9D7M131,1,PS51910
A0A9D7M1X9,1,PF00704
A0A9D7NEU4,1,PF00704
A0A9D7NGS2,1,PF00704
A0A9D7NY98,1,PF00704
A0A9D7P924,2,PF00704
A0A9D7P924,2,SSF51445
A0A9D7PKW5,1,PF00704
A0A9D7PMA2,1,PS51910
A0A9D7PMS4,1,PF00704
A0A9D7Q228,1,PF00704
A0A9D7QRA3,1,PF00704
A0A9D7QZD1,1,PF00704
A0A9D7R964,1,PF00704
A0A9D7TXR2,1,PF00704
A0A9D7TY43,1,PF00704
A0A9D7VZ91,1,PF00704
A0A9D7XNK9,1,PF00704
A0A9D7ZAA7,1,PF00704
A0A9D8AX93,1,PF00704
A0A9D8AZS4,2,PF00704
A0A9D8AZS4,2,SSF51445
A0A9D8B481,1,PF00704
A0A9D8C3H0,1,PF00704
A0A9D8C8Z5,1,PF00704
A0A9D8D8K7,1,PF00704
A0A9D8E8T9,1,PF00704
A0A9D8FJP4,1,PF00704
A0A9D8H5K0,1,PF00704
A0A9D8HD12,1,PF00704
A0A9D8IKH9,1,PF00704
A0A9D8K511,1,PS51910
A0A9D8KYE0,1,PF00704
A0A9D8MB27,1,PF00704
A0A9D8MBZ2,1,PF00704
A0A9D8MDG3,1,PF00704
A0A9D8MFQ4,1,PF00704
A0A9D8MW16,1,PF00704
A0A9D8MWN1,1,PF00704
A0A9D8MXU9,1,PF00704
A0A9D8N1M4,1,PF00704
A0A9D8NXC2,1,PF00704
A0A9D8NXV3,1,PF00704
A0A9D8QMW7,1,PF00704
A0A9D8QXL7,1,PF00704
A0A9D8R2R9,1,PF00704
A0A9D8RIT8,1,PF00704
A0A9D8S152,1,PF00704
A0A9D8S814,1,PF00704
A0A9D8SB51,1,PF00704
A0A9D8WS57,1,PF00704
A0A9D8WTC2,1,PF00704
A0A9D8X6D9,1,PF00704
A0A9D8X6M8,1,PF00704
A0A9D8YT52,1,PF00704
A0A9D8YWD1,1,PF00704
A0A9D8ZTB7,1,PF00704
A0A9D9BXR3,1,PF00704
A0A9D9C206,1,PF00704
A0A9D9C875,1,PF00704
A0A9D9CR89,1,PF00704
A0A9D9D1U0,1,PF00704
A0A9D9ENF4,1,PF00704
A0A9D9F4C6,1,PF00704
A0A9D9G6K6,1,PF00704
A0A9D9HFT5,1,PF00704
A0A9D9HQQ8,1,PF00704
A0A9D9IL33,1,PS51910
A0A9D9JMB9,1,PF00704
A0A9D9LIZ8,1,PF00704
A0A9D9LK89,1,PF00704
A0A9D9LML3,1,PF00704
A0A9D9LQ73,1,PF00704
A0A9D9LQ90,1,PF00704
A0A9D9LQR0,1,PF00704
A0A9D9M249,1,PF00704
A0A9D9N4C9,1,PF00704
A0A9D9NI14,1,PS51910
A0A9D9P7X0,1,PF00704
A0A9D9Q1T0,1,PF00704
A0A9D9QCL5,1,PF00704
A0A9D9TXY3,1,PF00704
A0A9D9V053,1,PF00704
A0A9D9V2G4,1,PF00704
A0A9D9V807,1,PF00704
A0A9D9V8E1,1,PF00704
A0A9D9WP32,1,PF00704
A0A9D9XSG4,1,PF00704
A0A9D9Y677,1,PF00704
A0A9D9YGQ2,1,PF00704
A0A9D9YJN2,1,PF00704
A0A9D9ZD00,2,G3DSA:3.20.20.370
A0A9D9ZD00,2,PF00704
A0A9E0AGS2,1,PF00704
A0A9E0AU33,1,PF00704
A0A9E0BCJ3,1,PF00704
A0A9E0C1I5,1,PF00704
A0A9E0CBM4,1,PF00704
A0A9E0CP27,1,PF00704
A0A9E0CRM1,1,PF00704
A0A9E0CVV7,1,PS51910
A0A9E0CX00,1,PF00704
A0A9E0DNU1,1,PF00704
A0A9E0DSY9,1,PF00704
A0A9E0DUH9,1,PF00704
A0A9E0E9I2,1,PF00704
A0A9E0FV99,1,PF00704
A0A9E0G8C1,1,PS51910
A0A9E0GMW3,1,PF00704
A0A9E0HBG2,1,PF00704
A0A9E0K185,1,PF00704
A0A9E0LR29,1,PF00704
A0A9E0PJ08,1,PF00704
A0A9E0Q8U3,1,PF00704
A0A9E0QCD4,2,G3DSA:3.20.20.370
A0A9E0QCD4,2,PF00704
A0A9E0UVQ6,1,PF00704
A0A9E0VH15,2,G3DSA:3.20.20.370
A0A9E0VH15,2,PF00704
A0A9E0XFZ0,1,PF00704
A0A9E0Y425,2,G3DSA:3.20.20.370
A0A9E0Y425,2,PF00704
A0A9E0YX56,1,PF00704
A0A9E0YY18,1,PF00704
A0A9E0ZC80,1,PF00704
A0A9E0ZDI0,1,PF00704
A0A9E0ZDL5,1,PF00704
A0A9E1AE84,1,PF00704
A0A9E1ARS3,1,PF00704
A0A9E1AX84,1,PF00704
A0A9E1AYF8,1,PS51910
A0A9E1AZI8,1,PF00704
A0A9E1B0D4,1,PF00704
A0A9E1CDX5,1,PF00704
A0A9E1E861,1,PF00704
A0A9E1EG51,1,PF00704
A0A9E1EKC4,1,PF00704
A0A9E1ELS2,1,PF00704
A0A9E1ET09,1,PF00704
A0A9E1EW83,1,PF00704
A0A9E1GND0,1,PF00704
A0A9E1H160,1,PF00704
A0A9E1H7V5,1,PF00704
A0A9E1IPH4,1,PF00704
A0A9E1MK81,1,PF00704
A0A9E1PDB5,1,PF00704
A0A9E1QHJ0,1,PF00704
A0A9E1VSD7,1,PF00704
A0A9E1WJ30,1,PF00704
A0A9E1YAB6,1,PF00704
A0A9E2ARS3,1,PF00704
A0A9E2BK45,1,PF00704
A0A9E2BKI1,1,PF00704
A0A9E2BM57,1,PF00704
A0A9E2BMK3,1,PF00704
A0A9E2DFR8,1,PF00704
A0A9E2DPG2,1,PF00704
A0A9E2EMJ0,1,PF00704
A0A9E2ENR5,1,PF00704
A0A9E2GFV2,1,PF00704
A0A9E2GUK1,1,PF00704
A0A9E2HEI2,1,PF00704
A0A9E2IIH4,1,PF00704
A0A9E2KB32,1,PF00704
A0A9E2KCU4,1,PF00704
A0A9E2L9H6,1,PS51910
A0A9E2LPN7,1,PF00704
A0A9E2MFZ3,1,PF00704
A0A9E2MJ66,1,PF00704
A0A9E2N5K6,1,PF00704
A0A9E2NH33,1,PF00704
A0A9E2NI07,2,PF00704
A0A9E2NI07,2,PS51910
A0A9E2NNG3,1,PF00704
A0A9E2NP68,1,PF00704
A0A9E2P019,1,PF00704
A0A9E2QNL7,1,PS51910
A0A9E2QWK6,1,PF00704
A0A9E2S516,1,PF00704
A0A9E2S8L4,1,PF00704
A0A9E2SB20,1,PF00704
A0A9E2TWJ9,1,PF00704
A0A9E2W502,1,PF00704
A0A9E2W6R7,1,PF00704
A0A9E2W6X5,1,PF00704
A0A9E2XPK0,1,PF00704
A0A9E2YTL4,2,G3DSA:3.20.20.370
A0A9E2YTL4,2,PF00704
A0A9E2ZL14,1,PS51910
A0A9E3AA29,2,G3DSA:3.20.20.370
A0A9E3AA29,2,PF00704
A0A9E3AIG1,2,G3DSA:3.20.20.370
A0A9E3AIG1,2,PS51910
A0A9E3ATI3,1,PF00704
A0A9E3B5S7,1,PF00704
A0A9E3B6L3,1,PS51910
A0A9E3BA63,1,PF00704
A0A9E3BAR4,1,PF00704
A0A9E3BFR1,1,PF00704
A0A9E3C9S0,1,PF00704
A0A9E3CF05,1,PF00704
A0A9E3CLC0,2,G3DSA:3.20.20.370
A0A9E3CLC0,2,PF00704
A0A9E3CN32,1,PF00704
A0A9E3DFB6,1,PF00704
A0A9E3DZP8,1,PF00704
A0A9E3EJH0,2,G3DSA:3.20.20.370
A0A9E3EJH0,2,PF00704
A0A9E3EQY4,1,PF00704
A0A9E3F2L8,2,G3DSA:3.20.20.370
A0A9E3F2L8,2,PF00704
A0A9E3F8P3,1,PF00704
A0A9E3IJZ4,1,PF00704
A0A9E3IYI2,1,PF00704
A0A9E3J480,2,G3DSA:3.20.20.370
A0A9E3J480,2,PF00704
A0A9E3J589,1,PF00704
A0A9E3J5W9,1,PF00704
A0A9E3J6L3,1,PF00704
A0A9E3J931,1,PS51910
A0A9E3JAU5,1,PF00704
A0A9E3JC28,1,PS51910
A0A9E3JDY4,1,PF00704
A0A9E3JH89,1,PF00704
A0A9E3MP88,2,PS51910
A0A9E3MP88,2,SSF51445
A0A9E3MQA0,1,PF00704
A0A9E3NIE0,1,PF00704
A0A9E3RLT6,1,PF00704
A0A9E3UP86,2,G3DSA:3.20.20.370
A0A9E3UP86,2,PF00704
A0A9E3VHH6,1,PF00704
A0A9E3XQF4,1,PF00704
A0A9E3Y0F5,1,PF00704
A0A9E3ZRZ3,1,PS51910
A0A9E3ZUT5,1,PF00704
A0A9E4HDR8,1,PF00704
A0A9E4MT53,1,PF00704
A0A9E4QSR7,1,PF00704
A0A9E4SGX4,1,PF00704
A0A9E4SHD6,1,PF00704
A0A9E4TAU1,1,PF00704
A0A9E4VC13,1,PF00704
A0A9E4Y9K7,1,PF00704
A0A9E5A5I7,1,PF00704
A0A9E5CU65,1,PF00704
A0A9E5DV64,1,PF00704
A0A9E5DZX5,1,PF00704
A0A9E5FCL8,1,PF00704
A0A9E5FX98,1,PF00704
A0A9E5G0C0,1,PF00704
A0A9E5HWB0,1,PF00704
A0A9E5KE13,1,PS51910
A0A9E5NBP2,2,PF00704
A0A9E5NBP2,2,SSF51445
A0A9E5S8X1,1,PF00704
A0A9E5UQQ3,1,PF00704
A0A9E5VNZ8,1,PF00704
A0A9E5VRN0,1,PF00704
A0A9E5W291,1,PF00704
A0A9E5Y568,1,PF00704
A0A9E5ZEE1,1,PF00704
A0A9E6C8R3,1,PF00704
A0A9E6E0H4,1,PF00704
A0A9E6E2W7,1,PF00704
A0A9E6E611,1,PF00704
A0A9E6ESW8,1,PF00704
A0A9E6JAU6,1,PF00704
A0A9E6K225,1,PF00704
A0A9E6NTP0,1,PF00704
A0A9E6PSZ9,1,PF00704
A0A9E6VRP2,1,PF00704
A0A9E6ZEN4,1,PF00704
A0A9E7A058,1,PF00704
A0A9E7AX54,1,PF00704
A0A9E7BDR4,1,PF00704
A0A9E7CTU1,3,PF00704
A0A9E7PRY5,1,PF00704
A0A9E7YUJ7,1,PS51910
A0A9E8LVE7,1,PF00704
A0A9E8M0E7,1,PF00704
A0A9E8N813,1,PF00704
A0A9E8RTY1,1,PF00704
A0A9E8SR24,1,PF00704
A0A9E8TSK0,1,PF00704
A0A9E9CPC2,1,PF00704
A0A9E9CV42,1,PF00704
A0A9E9GLD5,1,PF00704
A0A9E9GW27,1,PF00704
A0A9E9GXD9,1,PF00704
A0A9J6MWR2,1,PF00704
A0A9J6NW32,1,PF00704
A0A9J6P8X4,1,PF00704
A0A9J6PU31,1,PF00704
A0A9J6PVQ0,1,PF00704
A0A9J6QAR9,1,PF00704
A0A9J6QK25,1,PF00704
A0A9J6QKA1,1,PF00704
A0A9J6QRN4,1,PF00704
A0A9J6RAA9,1,PF00704
A0A9J6Z9E0,1,PF00704
A0A9J6ZB60,1,PF00704
A0A9J6ZD87,1,PF00704
A0A9J6ZDS3,1,PF00704
A0A9J6ZGW5,1,PF00704
A0A9J6ZIW4,1,PF00704
A0A9J6ZJX3,1,PF00704
A0A9J6ZKF3,1,PF00704
A0A9J6ZL25,1,PF00704
A0A9J7A4T3,1,PF00704
A0A9J7ACD7,1,PF00704
A0A9J7BL42,1,PF00704
A0A9J7BLV2,1,PF00704
A0A9J7BM35,1,PF00704
A0A9J7BMJ3,1,PF00704
A0A9J7BQF3,1,PF00704
A0A9J7BY61,2,G3DSA:3.20.20.370
A0A9J7BY61,2,PF00704
A0A9J9HCJ8,2,G3DSA:3.20.20.370
A0A9J9HCJ8,2,PF00704
A0A9N7L3K9,1,PF00704
A0A9N7LRH3,1,PS51910
A0A9N7QPS7,1,PS51910
A0A9N8CP50,1,PF00704
A0A9N8CPN6,1,PF00704
A0A9N8CRK5,1,PF00704
A0A9N8CWN2,1,PF00704
A0A9N8GUC1,1,PF00704
A0A9N8IYZ4,1,PF00704
A0A9N8J2F1,1,PF00704
A0A9N8J2S3,2,PF00704
A0A9N8J459,1,PF00704
A0A9N8J489,2,G3DSA:3.20.20.370
A0A9N8J489,2,PF00704
A0A9P1JDU3,1,PF00704
A0A9P1JGC8,1,PF00704
A0A9P1L3J8,1,PF00704
A0A9P1THM4,1,PF00704
A0A9P1YG61,1,PF00704
A0A9P1YHZ2,1,PF00704
A0A9P1YLU1,1,PF00704
A0A9P1YMN1,1,PF00704
A0A9P2C1N5,1,PF00704
A0A9P2FEI4,1,PF00704
A0A9P2LKW4,1,PF00704
A0A9P2TCW1,1,PF00704
A0A9P2WRF8,1,PF00704
A0A9P3P5Z6,1,PF00704
A0A9P3QP18,1,PF00704
A0A9P3V4Q2,1,PF00704
A0A9P3YRG5,1,PF00704
A0A9P3ZM76,1,PF00704
A0A9P3ZRI0,1,PF00704
A0A9P3ZRN8,1,PF00704
A0A9P4A6G8,1,PF00704
A0A9P4DP86,1,PF00704
A0A9P4DXC1,1,PF00704
A0A9P4DYB1,1,PF00704
A0A9Q1UWK1,1,PF00704
A0A9Q2EG16,1,PF00704
A0A9Q2EM62,1,PF00704
A0A9Q2EQ92,1,PF00704
A0A9Q2IDE5,1,PF00704
A0A9Q2QD64,1,PF00704
A0A9Q2W7T7,1,PF00704
A0A9Q2W7W0,1,PF00704
A0A9Q2ZM17,1,PF00704
A0A9Q2ZUA8,1,PF00704
A0A9Q3U9L0,1,PF00704
A0A9Q3UC14,1,PF00704
A0A9Q3V6L4,1,PF00704
A0A9Q3VMB4,1,PF00704
A0A9Q3VPE7,1,PS51910
A0A9Q3VT58,1,PS51910
A0A9Q3Z5D5,1,PS51910
A0A9Q3Z9A5,1,PF00704
A0A9Q4AGG3,1,PF00704
A0A9Q4B0P8,1,PF00704
A0A9Q4BI92,1,PF00704
A0A9Q4BJ09,1,PF00704
A0A9Q4BKZ8,2,G3DSA:3.20.20.370
A0A9Q4BKZ8,2,PF00704
A0A9Q4BL10,1,PF00704
A0A9Q4BPX6,1,PF00704
A0A9Q4BRB8,1,PF00704
A0A9Q4BS22,1,PF00704
A0A9Q4BUT9,1,PF00704
A0A9Q4BW32,1,PF00704
A0A9Q4CT48,1,PF00704
A0A9Q4CV39,1,PF00704
A0A9Q4DMF7,1,PF00704
A0A9Q4DNE5,1,PF00704
A0A9Q4DQ96,1,PF00704
A0A9Q4E6P9,1,PF00704
A0A9Q4E774,1,PF00704
A0A9Q4E8N1,1,PF00704
A0A9Q4EHT4,1,PF00704
A0A9Q4ELD3,1,PF00704
A0A9Q4ES92,1,PF00704
A0A9Q4ET63,1,PF00704
A0A9Q4ETY3,1,PF00704
A0A9Q4FVU7,1,PF00704
A0A9Q4G9R5,1,PF00704
A0A9Q4GE53,2,G3DSA:3.20.20.370
A0A9Q4GE53,2,PF00704
A0A9Q4HGC4,1,PF00704
A0A9Q4HP93,1,PF00704
A0A9Q4HTM3,1,PF00704
A0A9Q4HW81,1,PF00704
A0A9Q4MHD8,1,PF00704
A0A9Q4TQU6,1,PF00704
A0A9Q4XS43,1,PF00704
A0A9Q5CWR5,1,PF00704
A0A9Q5CX04,1,PF00704
A0A9Q5D062,1,PS51910
A0A9Q5GED3,1,PF00704
A0A9Q5MPE0,1,PF00704
A0A9Q5SBZ5,2,G3DSA:3.20.20.370
A0A9Q5SBZ5,2,PF00704
A0A9Q5SDY8,1,PF00704
A0A9Q5SIH5,1,PF00704
A0A9Q5X0Q5,1,PF00704
A0A9Q6A555,1,PF00704
A0A9Q6A8J5,1,PF00704
A0A9Q6A8S2,1,PF00704
A0A9Q6AAQ2,1,PF00704
A0A9Q6IEM8,1,PF00704
A0A9Q6IGH8,1,PF00704
A0A9Q7K735,1,PF00704
A0A9Q7NUK5,1,PF00704
A0A9Q7R6K1,1,PF00704
A0A9Q7VVX3,1,PF00704
A0A9Q7ZR55,1,PF00704
A0A9Q8PYZ4,1,PF00704
A0A9Q8QUF6,1,PS51910
A0A9Q8RQK4,1,PF00704
A0A9Q8XFX4,1,PF00704
A0A9Q8XKS6,1,PF00704
A0A9Q8XM29,1,PF00704
A0A9Q8ZU54,2,G3DSA:3.20.20.370
A0A9Q8ZU54,2,PF00704
A0A9Q9D5Y2,1,PF00704
A0A9Q9I9Q7,1,PF00704
A0A9Q9IEG7,1,PS51910
A0A9Q9IGP5,1,PF00704
A0A9Q9IH24,1,PF00704
A0A9Q9IJP9,1,PF00704
A0A9Q9IL21,1,PF00704
A0A9Q9IPH5,1,PS51910
A0A9Q9IUN8,1,PF00704
A0A9Q9IV81,1,PF00704
A0A9Q9J204,1,PF00704
A0A9Q9MGI4,1,PF00704
A0A9Q9MIK5,1,PF00704
A0A9Q9MNT5,1,PS51910
A0A9Q9N211,1,PF00704
A0A9Q9PBL6,1,PF00704
A0A9Q9SBJ1,1,PF00704
A0A9Q9ST40,1,PF00704
A0A9Q9T4N0,1,PF00704
A0A9Q9UMD6,1,PF00704
A0A9R0BJW4,1,PF00704
A0A9R0NQL2,1,PS51910
A0A9R0NRZ0,1,PF00704
A0A9R0NT16,1,PF00704
A0A9R0NUN3,1,PF00704
A0A9R0NVM0,1,PF00704
A0A9R0P0Q9,1,PF00704
A0A9R0P4J4,1,PF00704
A0A9R0P4T0,1,PF00704
A0A9R0P665,1,PS51910
A0A9R0U5Q4,1,PF00704
A0A9R0UA28,1,PF00704
A0A9R0UA98,1,PF00704
A0A9R1C8B2,2,G3DSA:3.20.20.370
A0A9R1C8B2,2,PF00704
A0A9W3J3E3,1,PF00704
A0A9W3J7W8,2,G3DSA:3.20.20.370
A0A9W3J7W8,2,PF00704
A0A9W3JL39,1,PF00704
A0A9W3JPV5,1,PF00704
A0A9W3JT72,1,PF00704
A0A9W3KBA2,1,PF00704
A0A9W3KDI5,2,G3DSA:3.20.20.370
A0A9W3KDI5,2,PF00704
A0A9W3KH57,1,PF00704
A0A9W3KQ89,1,PF00704
A0A9W3KW16,1,PF00704
A0A9W3LJ77,1,PF00704
A0A9W3NVE4,1,PF00704
A0A9W3P446,2,G3DSA:3.20.20.370
A0A9W3P446,2,PF00704
A0A9W3P6R9,1,PF00704
A0A9W3PHC0,1,PF00704
A0A9W3PRP8,2,G3DSA:3.20.20.370
A0A9W3PRP8,2,PF00704
A0A9W3SEH9,1,PF00704
A0A9W3SV03,1,PF00704
A0A9W3SV66,2,G3DSA:3.20.20.370
A0A9W3SV66,2,PF00704
A0A9W3TGG8,2,G3DSA:3.20.20.370
A0A9W3TGG8,2,PF00704
A0A9W3V9Z3,1,PF00704
A0A9W3VDS4,1,PF00704
A0A9W3VEW2,2,G3DSA:3.20.20.370
A0A9W3VEW2,2,PF00704
A0A9W3WYF6,1,PF00704
A0A9W3X167,2,G3DSA:3.20.20.370
A0A9W3X167,2,PF00704
A0A9W3X6U8,1,PF00704
A0A9W3XA78,1,PF00704
A0A9W3ZTU3,1,PF00704
A0A9W4A4U0,2,G3DSA:3.20.20.370
A0A9W4A4U0,2,PF00704
A0A9W4A7H7,1,PF00704
A0A9W4AGK5,1,PF00704
A0A9W4DJ00,1,PF00704
A0A9W4DKZ3,1,PF00704
A0A9W4DMU4,1,PS51910
A0A9W4DRC8,1,PS51910
A0A9W4DST2,1,PS51910
A0A9W4DV77,1,PF00704
A0A9W4E192,1,PF00704
A0A9W4E2E5,1,PS51910
A0A9W4E2I4,1,PF00704
A0A9W4E668,1,PF00704
A0A9W4E6F2,1,PF00704
A0A9W4E6X8,1,PS51910
A0A9W4E837,2,G3DSA:2.10.10.20:FF:000001
A0A9W4E837,2,PS51910
A0A9W4E8U9,1,PF00704
A0A9W4EA27,1,PS51910
A0A9W4ECJ0,1,PF00704
A0A9W4GP87,1,PS51910
A0A9W4GUK9,1,PF00704
A0A9W4GXW0,1,PF00704
A0A9W4H764,1,PS51910
A0A9W4H779,1,PF00704
A0A9W4H7A0,1,PS51910
A0A9W4H7K6,1,PS51910
A0A9W4KNP3,1,PF00704
A0A9W4KP35,1,PF00704
A0A9W4L3H4,1,PF00704
A0A9W4L6S5,1,PF00704
A0A9W4L777,1,PF00704
A0A9W4MCQ0,1,PF00704
A0A9W4MHM2,2,G3DSA:2.10.10.20:FF:000001
A0A9W4MHM2,2,PS51910
A0A9W4PAQ8,1,PF00704
A0A9W4PH31,1,PF00704
A0A9W4PIG4,1,PF00704
A0A9W4QRN7,1,PF00704
A0A9W4R1T7,1,PF00704
A0A9W4TL85,2,PF00704
A0A9W4VCW2,1,PF00704
A0A9W4VP47,1,PF00704
A0A9W4W212,1,PF00704
A0A9W4W7S3,1,PF00704
A0A9W4X5C5,1,PF00704
A0A9W4X7J7,2,G3DSA:3.20.20.370
A0A9W4X7J7,2,PF00704
A0A9W4XB88,1,PF00704
A0A9W4XBC3,1,PF00704
A0A9W4Z8Q1,1,PF00704
A0A9W4ZCM9,1,PF00704
A0A9W5E9A5,2,G3DSA:3.20.20.370
A0A9W5E9A5,2,PF00704
A0A9W5EAP7,1,PF00704
A0A9W5J9F5,1,PF00704
A0A9W5K6I2,1,PF00704
A0A9W5K728,2,G3DSA:3.20.20.370
A0A9W5K728,2,PF00704
A0A9W5KSR7,1,PF00704
A0A9W5L150,1,PF00704
A0A9W5L269,2,G3DSA:3.20.20.370
A0A9W5L269,2,PF00704
A0A9W5L2H3,1,PF00704
A0A9W5LHH6,1,PF00704
A0A9W5LL12,1,PF00704
A0A9W5NNZ2,1,PF00704
A0A9W5NT40,1,PF00704
A0A9W5PAY3,1,PF00704
A0A9W5PC44,1,PF00704
A0A9W5PNE1,1,PF00704
A0A9W5PP54,1,PF00704
A0A9W5PQ20,1,PF00704
A0A9W5Q3D4,1,PF00704
A0A9W5QE38,1,PF00704
A0A9W5QH21,2,G3DSA:3.20.20.370
A0A9W5QH21,2,PF00704
A0A9W5QLK3,1,PF00704
A0A9W5QSN3,1,PF00704
A0A9W5QTD1,2,G3DSA:3.20.20.370
A0A9W5QTD1,2,PF00704
A0A9W5R321,1,PF00704
A0A9W5R522,1,PF00704
A0A9W5R5G5,2,G3DSA:3.20.20.370
A0A9W5R5G5,2,PF00704
A0A9W5RBH2,1,PF00704
A0A9W5S2V6,1,PF00704
A0A9W5TZN5,1,PF00704
A0A9W5U055,1,PF00704
A0A9W5UMZ4,1,PF00704
A0A9W5UP05,1,PF00704
A0A9W5UPC2,1,PF00704
A0A9W5V8L8,1,PF00704
A0A9W5V936,2,G3DSA:3.20.20.370
A0A9W5V936,2,PF00704
A0A9W5V9F6,1,PF00704
A0A9W5VDN1,1,PF00704
A0A9W5VKD7,1,PF00704
A0A9W5VP12,1,PF00704
A0A9W5X227,2,PF00704
A0A9W5X227,2,SSF51445
A0A9W5X5A3,1,PF00704
A0A9W5XKU1,1,PF00704
A0A9W5YCL3,1,PF00704
A0A9W5YDI7,1,PF00704
A0A9W5YGL1,1,PF00704
A0A9W6C386,1,PF00704
A0A9W6CR51,1,PF00704
A0A9W6D937,1,PF00704
A0A9W6D981,1,PF00704
A0A9W6DD66,2,PF00704
A0A9W6DD85,1,PF00704
A0A9W6DH92,1,PF00704
A0A9W6FLY6,1,PS51910
A0A9W6G6J4,1,PF00704
A0A9W6GB18,1,PF00704
A0A9W6GJ84,1,PF00704
A0A9W6GN45,2,PF00704
A0A9W6HBF8,1,PS51910
A0A9W6HPM5,1,PF00704
A0A9W6HQV4,1,PF00704
A0A9W6HWW0,1,PS51910
A0A9W6HWZ2,1,PF00704
A0A9W6HY73,1,PF00704
A0A9W6HY77,1,PS51910
A0A9W6I251,1,PF00704
A0A9W6I3F8,1,PS51910
A0A9W6I999,1,PF00704
A0A9W6KGL1,1,PF00704
A0A9W6KP73,1,PF00704
A0A9W6KPR8,1,PF00704
A0A9W6KPZ5,1,PF00704
A0A9W6KUM3,1,PF00704
A0A9W6KXU9,1,PF00704
A0A9W6LAM1,2,G3DSA:3.20.20.370
A0A9W6LAM1,2,PF00704
A0A9W6LLS9,1,PF00704
A0A9W6LNX7,1,PF00704
A0A9W6M2X5,1,PF00704
A0A9W6M9N2,1,PF00704
A0A9W6M9Y4,1,PF00704
A0A9W6MBA4,1,PF00704
A0A9W6MCZ8,1,PF00704
A0A9W6MFW4,1,PF00704
A0A9W6MIA8,1,PF00704
A0A9W6MYY9,1,PS51910
A0A9W6NIL8,1,PS51910
A0A9W6NM62,1,PF00704
A0A9W6NNP7,1,PS51910
A0A9W6NPC3,1,PF00704
A0A9W6NPS7,1,PS51910
A0A9W6NRH1,1,PF00704
A0A9W6P3F9,1,PF00704
A0A9W6P409,1,PF00704
A0A9W6P9U6,1,PF00704
A0A9W6PBB4,1,PF00704
A0A9W6PDY8,1,PF00704
A0A9W6PE82,1,PF00704
A0A9W6PEL3,1,PF00704
A0A9W6PFC5,1,PF00704
A0A9W6PH64,1,PF00704
A0A9W6PJ89,1,PF00704
A0A9W6PN33,1,PF00704
A0A9W6PNQ0,1,PF00704
A0A9W6PPA2,1,PF00704
A0A9W6PPH1,1,PF00704
A0A9W6PQH2,1,PF00704
A0A9W6Q0W8,1,PF00704
A0A9W6Q9M0,1,PF00704
A0A9W6QB02,1,PF00704
A0A9W6QB10,1,PF00704
A0A9W6QBA9,1,PF00704
A0A9W6QCZ4,1,PF00704
A0A9W6QDZ2,1,PF00704
A0A9W6QFL5,1,PF00704
A0A9W6QGE8,1,PF00704
A0A9W6QGI0,1,PF00704
A0A9W6QK56,1,PF00704
A0A9W6QKD2,1,PF00704
A0A9W6QML7,1,PF00704
A0A9W6QV82,1,PF00704
A0A9W6RBY0,1,PF00704
A0A9W6RFK2,1,PF00704
A0A9W6RZ71,1,PF00704
A0A9W6S096,1,PS51910
A0A9W6SG46,1,PF00704
A0A9W6SGA8,1,PF00704
A0A9W6SGE0,1,PF00704
A0A9W6SGJ6,1,PS51910
A0A9W6SQN2,1,PF00704
A0A9W6STG6,1,PF00704
A0A9W6UHE6,1,PF00704
A0A9W6UJA7,1,PF00704
A0A9W6UL76,1,PS51910
A0A9W6ULQ8,1,PF00704
A0A9W6UN60,1,PF00704
A0A9W6UNA1,1,PF00704
A0A9W6UYB9,1,PF00704
A0A9W6UZJ9,1,PF00704
A0A9W6UZL1,1,PS51910
A0A9W6V1L8,1,PF00704
A0A9W6V3C1,1,PF00704
A0A9W6V439,1,PF00704
A0A9W6V4G3,1,PF00704
A0A9W6V4S4,1,PF00704
A0A9W6V6K0,1,PF00704
A0A9W6V883,1,PF00704
A0A9W6VC19,1,PF00704
A0A9W6VCG5,1,PS51910
A0A9W6VV19,1,PF00704
A0A9W6VZE8,1,PF00704
A0A9W6W3E3,1,PF00704
A0A9W7PDA8,1,PS51910
A0A9W7PF20,1,PF00704
A0A9W7PFR0,2,G3DSA:3.20.20.370
A0A9W7PFR0,2,PF00704
A0A9W7PHN2,1,PF00704
A0A9W7PS59,1,PF00704
A0A9W7PVV9,1,PF00704
A0A9W7PW60,1,PF00704
A0A9W7Q5L7,1,PF00704
A0A9W7Q8D3,1,PF00704
A0A9W7Q8N7,1,PF00704
A0A9W7QB23,2,G3DSA:3.20.20.370
A0A9W7QB23,2,PF00704
A0A9W7UIR4,2,G3DSA:3.20.20.370
A0A9W7UIR4,2,PF00704
A0A9W7UV80,2,G3DSA:3.20.20.370
A0A9W7UV80,2,PF00704
A0A9X0EST5,1,PF00704
A0A9X0EV58,1,PF00704
A0A9X0EYI3,2,G3DSA:3.20.20.370
A0A9X0EYI3,2,PF00704
A0A9X0F6V8,2,G3DSA:3.20.20.370
A0A9X0F6V8,2,PF00704
A0A9X0FAB2,1,PF00704
A0A9X0FXR7,1,PF00704
A0A9X0G373,1,PF00704
A0A9X0G767,1,PF00704
A0A9X0H644,1,PF00704
A0A9X0I2L2,1,PF00704
A0A9X0I3M7,1,PF00704
A0A9X0JUH2,1,PF00704
A0A9X0JX43,1,PF00704
A0A9X0JXC4,1,PF00704
A0A9X0MBY5,1,PF00704
A0A9X0MJ94,2,G3DSA:3.20.20.370
A0A9X0MJ94,2,PF00704
A0A9X0MKX1,1,PF00704
A0A9X0QBA0,1,PF00704
A0A9X0QC63,1,PF00704
A0A9X0QE64,1,PF00704
A0A9X0QGP7,1,PF00704
A0A9X0QJE0,2,G3DSA:3.20.20.370
A0A9X0QJE0,2,PF00704
A0A9X0QJV3,1,PF00704
A0A9X0R8E9,1,PF00704
A0A9X0T633,1,PF00704
A0A9X0U217,1,PF00704
A0A9X0UI31,1,PF00704
A0A9X0VNR7,1,PF00704
A0A9X1CIZ5,1,PF00704
A0A9X1DBX9,2,G3DSA:3.20.20.370
A0A9X1DBX9,2,PF00704
A0A9X1DJF4,1,PF00704
A0A9X1DNB0,1,PF00704
A0A9X1DND2,1,PF00704
A0A9X1DQ52,1,PF00704
A0A9X1GED3,1,PS51910
A0A9X1H761,1,PF00704
A0A9X1H7D0,1,PF00704
A0A9X1KBF9,1,PS51910
A0A9X1KQ13,2,PF00704
A0A9X1KVW8,1,PF00704
A0A9X1M062,1,PS51910
A0A9X1MIJ8,1,PF00704
A0A9X1N7I7,1,PF00704
A0A9X1NL33,1,PF00704
A0A9X1PF85,1,PF00704
A0A9X1PJ66,1,PF00704
A0A9X1PKE2,1,PF00704
A0A9X1PMT5,1,PF00704
A0A9X1PUR0,1,PF00704
A0A9X1PUW2,1,PS51910
A0A9X1PVB5,1,PF00704
A0A9X1PZ22,1,PF00704
A0A9X1Q2D5,1,PS51910
A0A9X1Q736,1,PF00704
A0A9X1QL41,1,PF00704
A0A9X1SRA0,1,PF00704
A0A9X1SXX4,1,PF00704
A0A9X1T8T9,1,PF00704
A0A9X1T9W6,1,PF00704
A0A9X1TPB2,1,PF00704
A0A9X1TQL5,1,PF00704
A0A9X1TS53,1,PF00704
A0A9X1TS65,1,PF00704
A0A9X1V1F5,1,PF00704
A0A9X1V5X0,1,PF00704
A0A9X1V927,1,PF00704
A0A9X1V931,1,PF00704
A0A9X1V9T1,1,PF00704
A0A9X1VAG9,1,PF00704
A0A9X1WH03,1,PF00704
A0A9X1WQ12,1,PF00704
A0A9X1WVT3,1,PF00704
A0A9X1WVY4,1,PF00704
A0A9X1X2G8,1,PF00704
A0A9X1X926,1,PF00704
A0A9X1XAV1,1,PF00704
A0A9X1XB61,1,PF00704
A0A9X1XLE7,1,PF00704
A0A9X1XNU0,2,G3DSA:3.20.20.370
A0A9X1XNU0,2,PF00704
A0A9X1XY55,1,PF00704
A0A9X1Y0T9,1,PF00704
A0A9X1Y3V6,1,PF00704
A0A9X1Y778,1,PF00704
A0A9X1YGS8,1,PF00704
A0A9X1YNQ6,1,PF00704
A0A9X1ZGN5,1,PF00704
A0A9X2AD36,1,PF00704
A0A9X2AIQ9,1,PF00704
A0A9X2B0Y4,1,PF00704
A0A9X2BAF1,2,G3DSA:3.20.20.370
A0A9X2BAF1,2,PF00704
A0A9X2BF12,1,PF00704
A0A9X2BHY1,1,PF00704
A0A9X2BJP2,2,PF00704
A0A9X2BJP2,2,PF06483
A0A9X2BK94,1,PF00704
A0A9X2BM82,1,PF00704
A0A9X2BN59,1,PF00704
A0A9X2C187,1,PS51910
A0A9X2C294,1,PF00704
A0A9X2CMZ2,1,PF00704
A0A9X2CUN0,1,PF00704
A0A9X2D2X6,1,PF00704
A0A9X2DP55,1,PF00704
A0A9X2E5W8,1,PF00704
A0A9X2E774,1,PF00704
A0A9X2EMU5,1,PF00704
A0A9X2ENL9,1,PF00704
A0A9X2F3I0,2,G3DSA:3.20.20.370
A0A9X2F3I0,2,PF00704
A0A9X2F3Y9,1,PF00704
A0A9X2F7L2,1,PF00704
A0A9X2FCT7,1,PF00704
A0A9X2FI47,1,PF00704
A0A9X2FK53,1,PF00704
A0A9X2FZ50,1,PF00704
A0A9X2G703,1,PS51910
A0A9X2G7E7,1,PS51910
A0A9X2GAX0,1,PF00704
A0A9X2GMK6,1,PF00704
A0A9X2GTD2,1,PF00704
A0A9X2GVF4,1,PF00704
A0A9X2GVJ0,1,PF00704
A0A9X2GXQ2,1,PF00704
A0A9X2GY97,1,PF00704
A0A9X2H9A5,1,PF00704
A0A9X2HT68,2,G3DSA:3.20.20.370
A0A9X2HT68,2,PF00704
A0A9X2I5I3,1,PF00704
A0A9X2IAT2,1,PF00704
A0A9X2IBR3,1,PF00704
A0A9X2INH2,1,PF00704
A0A9X2IRG7,1,PF00704
A0A9X2JGC5,1,PF00704
A0A9X2JU06,1,PF00704
A0A9X2JZV5,1,PF00704
A0A9X2K8T1,1,PF00704
A0A9X2KV07,1,PF00704
A0A9X2LD54,1,PF00704
A0A9X2LFE3,1,PF00704
A0A9X2LI05,1,PF00704
A0A9X2LKH6,1,PF00704
A0A9X2LSS2,1,PF00704
A0A9X2LTZ2,1,PF00704
A0A9X2M2T5,1,PF00704
A0A9X2MCF0,1,PF00704
A0A9X2MHI2,1,PF00704
A0A9X2MMN4,1,PF00704
A0A9X2MN58,1,PF00704
A0A9X2MQ18,1,PF00704
A0A9X2MQV2,1,PF00704
A0A9X2MSW1,1,PF00704
A0A9X2MW58,1,PF00704
A0A9X2MWS4,1,PF00704
A0A9X2N695,1,PF00704
A0A9X2N8M6,1,PF00704
A0A9X2NBN2,1,PF00704
A0A9X2NC38,1,PS51910
A0A9X2NCU6,1,PF00704
A0A9X2NFD7,1,PF00704
A0A9X2NFR6,1,PF00704
A0A9X2NFS7,1,PS51910
A0A9X2NJ52,1,PS51910
A0A9X2NKS7,1,PF00704
A0A9X2NN61,1,PF00704
A0A9X2NNU5,1,PF00704
A0A9X2NQ72,1,PF00704
A0A9X2NRD2,1,PF00704
A0A9X2P2L7,1,PF00704
A0A9X2P386,1,PF00704
A0A9X2Q2P7,1,PF00704
A0A9X2RQF1,1,PF00704
A0A9X2RRE6,1,PF00704
A0A9X2RV96,1,PS51910
A0A9X2RXW1,1,PF00704
A0A9X2SHV4,1,PF00704
A0A9X2SLY3,1,PS51910
A0A9X2SQI4,1,PF00704
A0A9X2SVA7,1,PF00704
A0A9X2SVF3,2,PF00704
A0A9X2SVF3,2,PIRSR001103-1
A0A9X2T7J9,1,PF00704
A0A9X2TMR3,1,PF00704
A0A9X2U679,1,PF00704
A0A9X2UL15,1,PF00704
A0A9X2URA5,1,PF00704
A0A9X2VK36,1,PF00704
A0A9X2VKK1,1,PF00704
A0A9X2VLT8,1,PS51910
A0A9X2VQF2,1,PF00704
A0A9X2VTQ7,1,PF00704
A0A9X2VWV3,1,PF00704
A0A9X2VYX5,1,PF00704
A0A9X2WWS1,1,PF00704
A0A9X2Y128,1,PF00704
A0A9X2ZFS0,1,PF00704
A0A9X2ZJ75,2,G3DSA:3.20.20.370
A0A9X2ZJ75,2,PF00704
A0A9X2ZK04,1,PF00704
A0A9X2ZLG6,1,PF00704
A0A9X3A0G4,1,PF00704
A0A9X3A3C3,1,PS51910
A0A9X3A7D3,1,PF00704
A0A9X3AEU5,1,PF00704
A0A9X3AL58,1,PF00704
A0A9X3AUV5,1,PF00704
A0A9X3B745,1,PF00704
A0A9X3BZ76,2,PF00704
A0A9X3C538,1,PF00704
A0A9X3CAH9,2,PF00704
A0A9X3CEC7,1,PS51910
A0A9X3CGA3,1,PF00704
A0A9X3CGT8,1,PF00704
A0A9X3CI79,1,PF00704
A0A9X3CJ10,1,PS51910
A0A9X3CN52,1,PF00704
A0A9X3DEI4,1,PF00704
A0A9X3F6A7,1,PF00704
A0A9X3F6L2,1,PF00704
A0A9X3GXR8,2,G3DSA:3.20.20.370
A0A9X3GXR8,2,PF00704
A0A9X3HDY8,1,PF00704
A0A9X3HUR0,2,PF00704
A0A9X3HUR0,2,PF06483
A0A9X3HY67,1,PF00704
A0A9X3I837,1,PF00704
A0A9X3IX96,1,PF00704
A0A9X3L723,1,PF00704
A0A9X3LDX9,1,PF00704
A0A9X3LLP5,1,PF00704
A0A9X3ME56,1,PF00704
A0A9X3MG74,1,PF00704
A0A9X3MIG6,2,PF00704
A0A9X3MIG6,2,PF06483
A0A9X3MJQ0,1,PF00704
A0A9X3NL51,1,PF00704
A0A9X3PGH4,1,PF00704
A0A9X3PNN9,1,PF00704
A0A9X3RUZ2,1,PF00704
A0A9X3RXE1,1,PF00704
A0A9X3SCW6,1,PS51910
A0A9X3SGQ4,1,PF00704
A0A9X3SIE8,1,PF00704
A0A9X3T475,1,PF00704
A0A9X3TMK6,1,PF00704
A0A9X3TPU8,1,PF00704
A0A9X3TT46,1,PF00704
A0A9X3VAK0,1,PF00704
A0A9X3WAU2,1,PF00704
A0A9X3WCL3,1,PF00704
A0A9X3WG08,1,PF00704
A0A9X3WMY0,1,PF00704
A0A9X3WR24,1,PF00704
A0A9X3WXY7,1,PF00704
A0A9X3XKL5,1,PS51910
A0A9X3XL57,1,PF00704
A0A9X3XL93,1,PF00704
A0A9X3YRP3,1,PF00704
A0A9X3YZI6,1,PF00704
A0A9X3Z5E0,1,PF00704
A0A9X4AZA0,1,PF00704
A0A9X4B066,1,PF00704
A0A9X4B1C3,1,PF00704
A0A9X4BCC4,1,PF00704
A0A9X4BJM5,1,PF00704
A0A9X4EDT5,1,PF00704
A0A9X4EPC6,1,PF00704
A0A9X4ES60,1,PF00704
A0A9X4EYG5,1,PF00704
A0A9X4F0F9,2,PF00704
A0A9X4F0F9,2,PF06483
A0A9X4FA32,1,PF00704
A0A9X4FGK5,2,PF00704
A0A9X4FGK5,2,PF06483
A0A9X4FGW6,1,PF00704
A0A9X4FIC2,1,PF00704
A0A9X4FIU3,1,PF00704
A0A9X4FJD2,1,PF00704
A0A9X4H027,1,PF00704
A0A9X4H109,1,PF00704
A0A9X4H5P8,1,PF00704
A0A9X4IP87,1,PF00704
A0A9X4ISS8,1,PF00704
A0A9X4J0P0,2,PF00704
A0A9X4J0P0,2,PF06483
A0A9X4J1K2,1,PF00704
A0A9X4JJC2,1,PF00704
A0A9X4KDJ0,1,PF00704
A0A9X4KGR5,1,PF00704
A0A9X4L3A1,1,PF00704
A0A9X4LK12,1,PF00704
A0A9X4NH88,1,PF00704
A0A9X4NY72,1,PF00704
A0A9X4P0U8,1,PF00704
A0A9X4QPH0,1,PF00704
A0A9X4QT93,1,PF00704
A0A9X4QVG6,1,PF00704
A0A9X4S234,1,PF00704
A0A9X4SFZ1,1,PF00704
A0A9X5ADY8,1,PF00704
A0A9X5BH18,1,PF00704
A0A9X5CF47,1,PF00704
A0A9X5CIR2,1,PF00704
A0A9X5CJQ8,1,PF00704
A0A9X5CNI8,1,PF00704
A0A9X5F457,1,PF00704
A0A9X5F5H8,1,PF00704
A0A9X5GS07,1,PF00704
A0A9X5HCV3,1,PF00704
A0A9X5N7G6,1,PF00704
A0A9X5RSQ5,2,G3DSA:3.20.20.370
A0A9X5RSQ5,2,PF00704
A0A9X5VBB2,2,G3DSA:3.20.20.370
A0A9X5VBB2,2,PF00704
A0A9X5VE36,1,PF00704
A0A9X5X7C2,1,PF00704
A0A9X5X8F5,1,PF00704
A0A9X5XIK4,1,PF00704
A0A9X5XIL9,1,PF00704
A0A9X5XJI7,1,PF00704
A0A9X5XKQ5,1,PF00704
A0A9X5YUB3,1,PS51910
A0A9X5ZEW3,1,PF00704
A0A9X6B3M2,1,PF00704
A0A9X6BJB6,1,PF00704
A0A9X6F451,1,PF00704
A0A9X6F6G0,1,PS51910
A0A9X6F852,1,PF00704
A0A9X6FCP5,2,G3DSA:3.20.20.370
A0A9X6FCP5,2,PF00704
A0A9X6FHU9,1,PF00704
A0A9X6FL38,2,G3DSA:3.20.20.370
A0A9X6FL38,2,PF00704
A0A9X6G3A2,1,PF00704
A0A9X6GEX5,2,G3DSA:3.20.20.370
A0A9X6GEX5,2,PF00704
A0A9X6ICQ5,1,PF00704
A0A9X6IKI6,1,PF00704
A0A9X6ILM6,1,PF00704
A0A9X6J0A6,1,PF00704
A0A9X6JT82,1,PF00704
A0A9X6JU04,2,G3DSA:3.20.20.370
A0A9X6JU04,2,PF00704
A0A9X6KFT2,1,PF00704
A0A9X6KHT0,1,PF00704
A0A9X6KJ14,1,PF00704
A0A9X6KL41,1,PF00704
A0A9X6KRH4,1,PF00704
A0A9X6LEV6,1,PS51910
A0A9X6LKU5,1,PF00704
A0A9X6LN70,1,PF00704
A0A9X6LRH2,1,PF00704
A0A9X6LY62,1,PF00704
A0A9X6M020,2,G3DSA:3.20.20.370
A0A9X6M020,2,PF00704
A0A9X6M524,1,PF00704
A0A9X6MBS7,2,G3DSA:3.20.20.370
A0A9X6MBS7,2,PF00704
A0A9X6MXB3,1,PS51910
A0A9X6N451,1,PF00704
A0A9X6N5B8,1,PF00704
A0A9X6NA55,1,PF00704
A0A9X6NMU5,1,PF00704
A0A9X6NPF6,1,PF00704
A0A9X6NS72,1,PF00704
A0A9X6NTW7,2,G3DSA:3.20.20.370
A0A9X6NTW7,2,PF00704
A0A9X6PBK3,1,PF00704
A0A9X6PD93,2,G3DSA:3.20.20.370
A0A9X6PD93,2,PF00704
A0A9X6PNC4,1,PF00704
A0A9X6PQK0,1,PF00704
A0A9X6PRC3,1,PS51910
A0A9X6Q8C7,1,PF00704
A0A9X6QTA0,1,PF00704
A0A9X6QU93,1,PF00704
A0A9X6QYP0,1,PF00704
A0A9X6R437,1,PF00704
A0A9X6SFW5,1,PF00704
A0A9X6SLQ9,1,PF00704
A0A9X6SW97,1,PF00704
A0A9X6SYD6,1,PF00704
A0A9X6T1T8,1,PF00704
A0A9X6TMN7,1,PF00704
A0A9X6TNR9,1,PF00704
A0A9X6TUJ6,1,PF00704
A0A9X6TVR6,1,PF00704
A0A9X6TXX0,2,G3DSA:3.20.20.370
A0A9X6TXX0,2,PF00704
A0A9X6U6E7,2,G3DSA:3.20.20.370
A0A9X6U6E7,2,PF00704
A0A9X6U8G5,1,PF00704
A0A9X6UFW5,1,PF00704
A0A9X6UL09,1,PF00704
A0A9X6UM26,2,G3DSA:3.20.20.370
A0A9X6UM26,2,PF00704
A0A9X6UPQ5,1,PF00704
A0A9X6VD59,1,PF00704
A0A9X6VIB8,1,PF00704
A0A9X6VJA6,1,PF00704
A0A9X6VVZ1,2,G3DSA:3.20.20.370
A0A9X6VVZ1,2,PF00704
A0A9X6WW13,1,PF00704
A0A9X6XW57,2,G3DSA:3.20.20.370
A0A9X6XW57,2,PF00704
A0A9X6Y9K0,2,G3DSA:3.20.20.370
A0A9X6Y9K0,2,PF00704
A0A9X6YIT3,1,PS51910
A0A9X6Z386,1,PF00704
A0A9X6Z8L4,1,PF00704
A0A9X6ZKX8,1,PF00704
A0A9X6ZUH0,2,G3DSA:3.20.20.370
A0A9X6ZUH0,2,PF00704
A0A9X6ZVE7,1,PF00704
A0A9X6ZXV3,1,PF00704
A0A9X7A1Z2,1,PF00704
A0A9X7A5K4,1,PF00704
A0A9X7AJ36,1,PF00704
A0A9X7AJG4,1,PF00704
A0A9X7AL58,1,PF00704
A0A9X7AZ32,1,PF00704
A0A9X7B6I8,1,PF00704
A0A9X7BJW4,1,PF00704
A0A9X7BK03,2,G3DSA:3.20.20.370
A0A9X7BK03,2,PF00704
A0A9X7BTZ0,1,PF00704
A0A9X7BX32,1,PF00704
A0A9X7BZ90,1,PF00704
A0A9X7C478,2,G3DSA:3.20.20.370
A0A9X7C478,2,PF00704
A0A9X7CAA8,2,G3DSA:3.20.20.370
A0A9X7CAA8,2,PF00704
A0A9X7CL05,1,PF00704
A0A9X7CP78,1,PF00704
A0A9X7CQZ8,2,G3DSA:3.20.20.370
A0A9X7CQZ8,2,PF00704
A0A9X7DK34,1,PS51910
A0A9X7DLD4,1,PF00704
A0A9X7E0R5,1,PF00704
A0A9X7EA95,1,PF00704
A0A9X7FZ49,1,PF00704
A0A9X7FZT7,1,PF00704
A0A9X7G7I0,2,G3DSA:3.20.20.370
A0A9X7G7I0,2,PF00704
A0A9X7GDN3,1,PS51910
A0A9X7GNN5,1,PF00704
A0A9X7GTD3,1,PF00704
A0A9X7HE89,1,PF00704
A0A9X7HJR8,1,PS51910
A0A9X7J341,1,PF00704
A0A9X7J4C7,1,PS51910
A0A9X7JC57,2,G3DSA:3.20.20.370
A0A9X7JC57,2,PF00704
A0A9X7JLW5,1,PF00704
A0A9X7JNC9,1,PF00704
A0A9X7JSU9,1,PF00704
A0A9X7JSX5,1,PF00704
A0A9X7JX51,1,PF00704
A0A9X7L0R9,1,PF00704
A0A9X7L3J4,1,PF00704
A0A9X7LWZ4,2,G3DSA:3.20.20.370
A0A9X7LWZ4,2,PF00704
A0A9X7PEQ3,1,PF00704
A0A9X7PFX1,1,PF00704
A0A9X7PUA1,1,PF00704
A0A9X7T0S1,1,PF00704
A0A9X7T7F9,1,PF00704
A0A9X7VVU9,1,PF00704
A0A9X7VVW2,1,PF00704
A0A9X7VWP7,1,PF00704
A0A9X7W151,1,PF00704
A0A9X7XSI8,1,PF00704
A0A9X7Z5K3,1,PF00704
A0A9X7Z6C2,1,PF00704
A0A9X7Z7G1,1,PF00704
A0A9X7Z7T0,1,PF00704
A0A9X8BMR0,1,PS51910
A0A9X8BVS4,1,PF00704
A0A9X8C3X4,2,G3DSA:3.20.20.370
A0A9X8C3X4,2,PF00704
A0A9X8G740,1,PS51910
A0A9X8GAW6,1,PF00704
A0A9X8GBA0,1,PF00704
A0A9X8GPG2,1,PF00704
A0A9X8IWW8,1,PF00704
A0A9X8LWY7,1,PF00704
A0A9X8LXC4,2,G3DSA:3.20.20.370
A0A9X8LXC4,2,PF00704
A0A9X8M2I1,1,PF00704
A0A9X8MPN0,1,PF00704
A0A9X8MU84,1,PF00704
A0A9X8N069,1,PF00704
A0A9X8N707,1,PF00704
A0A9X8N7A5,1,PF00704
A0A9X8N7R1,1,PF00704
A0A9X8NTB9,2,G3DSA:3.20.20.370
A0A9X8NTB9,2,PF00704
A0A9X8NTT0,1,PF00704
A0A9X8QGW4,1,PF00704
A0A9X8QMX2,1,PS51910
A0A9X8QWR1,1,PF00704
A0A9X8R8U8,1,PF00704
A0A9X8RCI1,1,PF00704
A0A9X8S7F5,1,PF00704
A0A9X8VB49,1,PS51910
A0A9X8VBD7,1,PF00704
A0A9X8VDY5,1,PS51910
A0A9X8VJ42,1,PF00704
A0A9X8VKS7,1,PF00704
A0A9X8VLF4,1,PF00704
A0A9X8WLV7,1,PF00704
A0A9X8WM36,1,PF00704
A0A9X8X9U4,2,G3DSA:3.20.20.370
A0A9X8X9U4,2,PF00704
A0A9X8Y7B2,1,PF00704
A0A9X8YP63,1,PS51910
A0A9X8YRH7,1,PS51910
A0A9X8ZIR9,1,PF00704
A0A9X8ZKB7,1,PF00704
A0A9X8ZUQ3,1,PF00704
A0A9X9A2S8,1,PF00704
A0A9X9A435,1,PF00704
A0A9X9A7C5,1,PF00704
A0A9X9AY83,1,PF00704
A0A9X9C098,1,PF00704
A0A9X9C1N0,1,PF00704
A0A9X9C963,2,G3DSA:3.20.20.370
A0A9X9C963,2,PF00704
A0A9X9CB99,1,PS51910
A0A9X9CC86,1,PF00704
A0A9X9CHN8,1,PF00704
A0A9X9EGC8,2,G3DSA:3.20.20.370
A0A9X9EGC8,2,PF00704
A0A9X9EQL7,1,PF00704
A0A9X9F0Z3,1,PF00704
A0A9X9F3M3,1,PS51910
A0A9X9G129,1,PF00704
A0A9X9G402,1,PF00704
A0A9X9G982,1,PF00704
A0A9Y2AGK5,1,PF00704
A0A9Y2AKW8,1,PF00704
A0A9Y2IBF9,1,PF00704
A0A9Y2IDN3,1,PF00704
A0A9Y2IFR2,1,PF00704
A0A9Y2IHS3,1,PF00704
A0A9Y2IM70,1,PS51910
A0A9Y2IM93,1,PS51910
A0A9Y2IRP7,1,PF00704
A0A9Y2JLS5,1,PF00704
A0A9Y2JQE7,1,PF00704
A0A9Y2JTW0,1,PF00704
A0A9Y2JTX3,1,PF00704
A0A9Y2JX95,1,PF00704
A0A9Y2JXC0,1,PF00704
A0A9Y2JXG9,1,PS51910
A0A9Y2JYL8,1,PF00704
A0A9Y2MRZ0,1,PF00704
A0A9Y2MU47,1,PF00704
A0A9Y2MU79,1,PF00704
A0A9Y2MW19,1,PF00704
A0A9Y2NDU0,1,PF00704
A0A9Y2NFV4,1,PS51910
A0A9Y2NGI1,1,PF00704
A0A9Y2NHE4,1,PS51910
A0A9Y2NNW9,1,PF00704
A0A9Y2Y8X7,1,PF00704
A0AA34TM40,1,PF00704
A0AA34XPZ2,2,PF00704
A0AA34XPZ2,2,PF06483
A0AA34XR55,1,PF00704
A0AA35G6V9,1,PF00704
A0AA35G825,1,PF00704
A0AA35UAT6,1,PF00704
A0AA35UTC9,1,PF00704
A0AA36A8Y2,1,PF00704
A0AA36L152,1,PF00704
A0AA36UME8,1,PF00704
A0AA36UNZ3,1,PF00704
A0AA36UPU9,1,PF00704
A0AA37A8L0,1,PF00704
A0AA37AB09,1,PF00704
A0AA37APW7,1,PF00704
A0AA37BCL5,1,PF00704
A0AA37BHN3,1,PF00704
A0AA37BI88,1,PF00704
A0AA37BID8,1,PS51910
A0AA37BIF9,1,PF00704
A0AA37BJ92,1,PF00704
A0AA37BKB8,1,PF00704
A0AA37BUZ6,1,PF00704
A0AA37BYY1,1,PF00704
A0AA37C407,1,PF00704
A0AA37DG91,1,PF00704
A0AA37EJN6,1,PF00704
A0AA37EPR8,1,PF00704
A0AA37EQ07,1,PF00704
A0AA37FTH1,1,PF00704
A0AA37FUW3,1,PF00704
A0AA37I308,1,PF00704
A0AA37KS31,1,PF00704
A0AA37KUV3,1,PF00704
A0AA37QKN6,1,PS51910
A0AA37QPQ3,1,PF00704
A0AA37S525,1,PF00704
A0AA37SN42,1,PF00704
A0AA37T8H5,1,PF00704
A0AA37U1Q7,1,PF00704
A0AA37U4W0,1,PF00704
A0AA37V138,1,PF00704
A0AA37X1I2,1,PF00704
A0AA38AKC9,1,PF00704
A0AA38DQS4,1,PF00704
A0AA40IS49,1,PF00704
A0AA40R899,1,PF00704
A0AA40SE45,1,PF00704
A0AA40SJ64,1,PF00704
A0AA40SKT2,1,PF00704
A0AA40TVC6,1,PF00704
A0AA40VGQ8,1,PS51910
A0AA40W9U0,1,PF00704
A0AA40WC18,1,PF00704
A0AA40WFB7,1,PF00704
A0AA40WYR1,1,PF00704
A0AA40X0R0,1,PF00704
A0AA40X2Y9,1,PF00704
A0AA40X3Z3,1,PS51910
A0AA40X5N3,1,PF00704
A0AA40XZ28,1,PF00704
A0AA40Y5W5,1,PF00704
A0AA40YJG3,1,PF00704
A0AA40YLW0,1,PS51910
A0AA40YPM4,1,PF00704
A0AA40ZZS3,2,G3DSA:3.20.20.370
A0AA40ZZS3,2,PF00704
A0AA41AM91,1,PS51910
A0AA41AMN9,1,PF00704
A0AA41APL6,1,PF00704
A0AA41AQC9,1,PF00704
A0AA41ARQ0,1,PF00704
A0AA41AT85,2,G3DSA:2.10.10.20:FF:000001
A0AA41AT85,2,PF00704
A0AA41AT95,1,PF00704
A0AA41AYG7,1,PF00704
A0AA41AYT2,1,PF00704
A0AA41BJH0,1,PF00704
A0AA41CEI3,1,PF00704
A0AA41CEX3,1,PF00704
A0AA41CLS0,1,PF00704
A0AA41CQL6,1,PF00704
A0AA41DRK1,1,PF00704
A0AA41FD65,1,PF00704
A0AA41FJX9,1,PF00704
A0AA41H382,1,PF00704
A0AA41H9M0,1,PF00704
A0AA41HB04,1,PF00704
A0AA41HFK9,1,PF00704
A0AA41KZ12,1,PF00704
A0AA41L511,1,PF00704
A0AA41L5U3,1,PS51910
A0AA41QJF8,1,PF00704
A0AA41U3Q6,1,PF00704
A0AA41U9Z1,1,PF00704
A0AA41X256,1,PF00704
A0AA41XA38,1,PF00704
A0AA41XBR1,1,PS51910
A0AA41Z829,2,G3DSA:3.20.20.370
A0AA41Z829,2,PF00704
A0AA42B955,1,PF00704
A0AA42DJ83,1,PF00704
A0AA42DJJ3,1,PF00704
A0AA42DJP9,2,PF00704
A0AA42DJP9,2,SSF51445
A0AA42DKV2,1,PF00704
A0AA42DL36,1,PF00704
A0AA42DQJ7,1,PF00704
A0AA42I0D4,1,PF00704
A0AA42J0B2,1,PF00704
A0AA42J0W7,1,PF00704
A0AA42J1N3,1,PF00704
A0AA42J2Y3,1,PF00704
A0AA42L670,1,PF00704
A0AA42NZH0,1,PF00704
A0AA42P5G5,1,PF00704
A0AA42PGA1,1,PF00704
A0AA42PHX5,1,PF00704
A0AA42PUE2,1,PF00704
A0AA42QGG7,1,PF00704
A0AA42R4D1,1,PF00704
A0AA42TN21,1,PF00704
A0AA42TNB3,1,PF00704
A0AA42TSM4,1,PF00704
A0AA42U2X3,1,PF00704
A0AA42UMW5,1,PF00704
A0AA42V9D1,1,PF00704
A0AA42VEK3,1,PF00704
A0AA42VRF0,1,PF00704
A0AA42X8D4,1,PF00704
A0AA42XPV6,1,PF00704
A0AA43ALB6,1,PF00704
A0AA43BGV1,1,PF00704
A0AA43D8Z8,1,PF00704
A0AA43FVP2,1,PF00704
A0AA43FXU8,2,PF00704
A0AA43FXU8,2,PF06483
A0AA43G095,1,PF00704
A0AA43GWG5,1,PF00704
A0AA43HND0,1,PF00704
A0AA43HNY8,1,PF00704
A0AA43HY49,1,PF00704
A0AA43IB78,1,PF00704
A0AA43ID79,1,PF00704
A0AA43IKZ1,1,PF00704
A0AA43ILY3,1,PF00704
A0AA43IX60,1,PF00704
A0AA43KSF7,1,PF00704
A0AA43L196,1,PF00704
A0AA43L346,1,PF00704
A0AA43L881,1,PF00704
A0AA43L9P1,1,PF00704
A0AA43LWN5,1,PF00704
A0AA43M1P1,1,PF00704
A0AA43M370,1,PF00704
A0AA43PA22,1,PS51910
A0AA43PCU3,1,PF00704
A0AA43RNB7,1,PF00704
A0AA43RNG3,1,PF00704
A0AA43RU63,1,PF00704
A0AA43S1E4,1,PF00704
A0AA43Y522,1,PF00704
A0AA43Y577,1,PF00704
A0AA43Y6R5,1,PF00704
A0AA44BEE4,1,PF00704
A0AA44BP09,1,PF00704
A0AA44DKE8,1,PF00704
A0AA44GAB9,1,PF00704
A0AA44GBB8,1,PF00704
A0AA44IHE8,1,PF00704
A0AA44LJ52,1,PF00704
A0AA44MP60,1,PS51910
A0AA44Q9U0,2,G3DSA:3.20.20.370
A0AA44Q9U0,2,PF00704
A0AA44QAV1,1,PF00704
A0AA44QLD9,1,PF00704
A0AA44R5G6,1,PF00704
A0AA44U4L1,1,PF00704
A0AA44VRF6,1,PF00704
A0AA44VSQ9,1,PF00704
A0AA44VV67,2,PF00704
A0AA44VV67,2,PF06483
A0AA44YGJ6,1,PF00704
A0AA44YHZ8,1,PF00704
A0AA44YNK0,1,PF00704
A0AA45AAX5,1,PF00704
A0AA45BLA1,1,PF00704
A0AA45BTY7,1,PF00704
A0AA45BWS7,1,PF00704
A0AA45BYZ6,1,PF00704
A0AA45KG96,1,PF00704
A0AA45L479,1,PS51910
A0AA45L4F2,1,PF00704
A0AA45L7V4,1,PF00704
A0AA45MD59,1,PF00704
A0AA45MDP4,1,PF00704
A0AA45MK72,1,PF00704
A0AA45MM31,1,PF00704
A0AA45MQ70,1,PF00704
A0AA45R6J8,1,PF00704
A0AA45RRF5,1,PF00704
A0AA45RWS6,1,PF00704
A0AA45RWT7,1,PF00704
A0AA45TU95,1,PF00704
A0AA45TXR1,1,PF00704
A0AA45U1Q7,1,PF00704
A0AA45U8X5,1,PF00704
A0AA45WIG3,1,PF00704
A0AA45WIR4,1,PF00704
A0AA45WNX0,1,PF00704
A0AA45WQW5,1,PF00704
A0AA45WT70,1,PF00704
A0AA45WTY8,1,PF00704
A0AA45WXF9,1,PF00704
A0AA45XR85,1,PF00704
A0AA45XTV8,1,PF00704
A0AA45Z1Q8,1,PF00704
A0AA45Z6F4,1,PF00704
A0AA46AH18,1,PF00704
A0AA46AKA8,1,PF00704
A0AA46CAW5,1,PF00704
A0AA46DZS7,1,PF00704
A0AA46K2A5,1,PF00704
A0AA46K717,1,PF00704
A0AA46K8T6,1,PF00704
A0AA46L798,1,PF00704
A0AA46NZP5,1,PF00704
A0AA46P2Q9,1,PF00704
A0AA46P9P4,1,PF00704
A0AA46PI41,2,G3DSA:3.20.20.370
A0AA46PI41,2,PF00704
A0AA46QBM6,1,PF00704
A0AA46QW79,1,PF00704
A0AA46QWR8,1,PF00704
A0AA46SFJ6,1,PF00704
A0AA46SSX2,1,PF00704
A0AA46SYP2,1,PF00704
A0AA46TH42,1,PF00704
A0AA46TUJ2,1,PF00704
A0AA46UHT3,1,PF00704
A0AA46UP01,1,PF00704
A0AA46UP44,1,PF00704
A0AA46UZP6,1,PF00704
A0AA46V1I6,1,PF00704
A0AA46V818,1,PF00704
A0AA46YL47,1,PF00704
A0AA46Z1S4,1,PF00704
A0AA46Z406,1,PF00704
A0AA46ZAU0,1,PF00704
A0AA46ZEA5,1,PF00704
A0AA46ZNR2,1,PF00704
A0AA47AJ41,1,PF00704
A0AA47EFV7,1,PF00704
A0AA47EWJ6,1,PF00704
A0AA47JK56,1,PF00704
A0AA47KK34,1,PF00704
A0AA47L5Y1,1,PF00704
A0AA47L974,1,PF00704
A0AA47LR65,1,PF00704
A0AA48I1V1,1,PF00704
A0AA48KT54,1,PF00704
A0AA48KV61,1,PF00704
A0AA48LG00,1,PF00704
A0AA48MBW7,1,PF00704
A0AA48REA5,1,PF00704
A0AA48RHU4,1,PF00704
A0AA49JG66,1,PF00704
A0AA49JJV0,1,PF00704
A0AA49JN15,1,PF00704
A0AA49JN48,1,PF00704
A0AA49JN57,1,PF00704
A0AA49JPV8,1,PS51910
A0AA50KFY5,1,PF00704
A0AA51CBA4,1,PF00704
A0AA51CEB3,1,PF00704
A0AA51D7J0,1,PF00704
A0AA51D954,1,PF00704
A0AA51D993,1,PF00704
A0AA51DDB3,1,PF00704
A0AA51DGH5,1,PF00704
A0AA51DQA5,1,PF00704
A0AA51DTC4,1,PF00704
A0AA51DU26,1,PF00704
A0AA51DW55,1,PF00704
A0AA51DW89,1,PF00704
A0AA51DWJ3,1,PF00704
A0AA51DXH4,1,PF00704
A0AA51DY55,1,PF00704
A0AA51HF01,1,PF00704
A0AA51HFL5,1,PF00704
A0AA51HGN3,1,PF00704
A0AA51HGT7,1,PF00704
A0AA51HIF7,1,PF00704
A0AA51HIG1,1,PF00704
A0AA51HKF6,1,PF00704
A0AA51HLQ2,1,PF00704
A0AA51HMQ9,1,PF00704
A0AA51HN68,1,PF00704
A0AA51L3X3,1,PF00704
A0AA51L4C8,1,PF00704
A0AA51MB36,1,PS51910
A0AA51MBI4,1,PF00704
A0AA51MCE9,1,PF00704
A0AA51MDJ1,1,PF00704
A0AA51ME49,1,PF00704
A0AA51MEL4,1,PF00704
A0AA51MHE1,1,PF00704
A0AA51MJA1,1,PF00704
A0AA51MQU8,1,PF00704
A0AA51Q726,2,G3DSA:3.20.20.370
A0AA51Q726,2,PF00704
A0AA51Q8F9,1,PF00704
A0AA51QA19,1,PF00704
A0AA51R704,1,PF00704
A0AA51R809,1,PF00704
A0AA51RQT7,1,PF00704
A0AA51RQU8,1,PF00704
A0AA52AMC8,1,PF00704
A0AA52ASS9,1,PF00704
A0AA52AVM9,1,PS51910
A0AA52FCD0,1,PF00704
A0AA52FDQ0,1,PS51910
A0AA52FI04,1,PF00704
A0AA86BAJ8,1,PF00704
A0AA86BF41,1,PF00704
A0AA86BUG3,1,PF00704
A0AA86BX86,1,PF00704
A0AA86E7U0,1,PF00704
A0AA86EUB8,1,PF00704
A0AA86I386,1,PF00704
A0AA86IB23,1,PF00704
A0AA86ILI0,1,PF00704
A0AA86IUN3,1,PF00704
A0AA86J3Y4,1,PF00704
A0AA86M6D2,1,PF00704
A0AA86MA44,1,PF00704
A0AA86WNB9,1,PF00704
A0AA86WX58,1,PF00704
A0AA86YLL7,1,PF00704
A0AA86YUY7,1,PF00704
A0AA87BZB5,1,PF00704
A0AA87C0E4,1,PF00704
A0AA87C186,2,PF00704
A0AA87C186,2,PF06483
A0AA87IEP9,1,PS51910
A0AA87K8L3,1,PF00704
A0AA87MKN6,1,PF00704
A0AA87MP59,1,PF00704
A0AA87XXN2,1,PF00704
A0AA87Y1R2,2,PF00704
A0AA88CEC0,1,PF00704
A0AA88ZLJ6,1,PF00704
A0AA89PMY3,1,PF00704
A0AA89QAM7,1,PF00704
A0AA89TIH1,1,PF00704
A0AA89TQZ9,1,PF00704
A0AA89WPZ5,1,PF00704
A0AA90ETA1,1,PF00704
A0AA90F366,1,PF00704
A0AA90F4S3,1,PF00704
A0AA90GXN5,1,PF00704
A0AA90GYF5,1,PF00704
A0AA90GZ84,1,PS51910
A0AA90H0J6,1,PS51910
A0AA90H452,1,PS51910
A0AA90H4Q0,1,PF00704
A0AA90H739,1,PF00704
A0AA90H8Z1,1,PS51910
A0AA90HG68,1,PF00704
A0AA90IZM6,1,PF00704
A0AA90J827,1,PF00704
A0AA90K9S6,1,PS51910
A0AA90KAR7,1,PF00704
A0AA90KEN5,1,PF00704
A0AA90KFI2,1,PS51910
A0AA90KGN3,1,PS51910
A0AA90NQD7,1,PF00704
A0AA90NS18,1,PF00704
A0AA90NWR0,1,PF00704
A0AA90P7N0,1,PF00704
A0AA90P891,1,PF00704
A0AA90PC79,1,PF00704
A0AA90PU55,1,PF00704
A0AA90PW04,1,PF00704
A0AA90PXH7,1,PF00704
A0AA90Q3C0,1,PS51910
A0AA90Q476,1,PF00704
A0AA90Q5H2,1,PF00704
A0AA90QAY1,1,PF00704
A0AA90QBJ7,1,PF00704
A0AA90QCA2,1,PF00704
A0AA90QSU5,1,PF00704
A0AA90QT55,1,PF00704
A0AA90QU34,1,PF00704
A0AA90R2P8,1,PS51910
A0AA90R8K5,2,G3DSA:3.20.20.370
A0AA90R8K5,2,PF00704
A0AA90SX85,1,PF00704
A0AA90SZC6,1,PF00704
A0AA90SZL4,1,PF00704
A0AA90T638,1,PF00704
A0AA90T730,1,PF00704
A0AA90T8Z9,1,PF00704
A0AA90TBK0,1,PS51910
A0AA90TDJ1,1,PF00704
A0AA90TST7,1,PF00704
A0AA90TV24,1,PF00704
A0AA91GF98,1,PF00704
A0AA91PRS4,1,PF00704
A0AA91PTR3,1,PS51910
A0AA91QQY3,1,PF00704
A0AA91QR08,1,PF00704
A0AA91SYB4,1,PF00704
A0AA91TMG3,1,PF00704
A0AA91TVN2,1,PF00704
A0AA91VBC2,1,PF00704
A0AA91YTW1,1,PF00704
A0AA92H3Y4,1,PF00704
A0AA92LUM4,1,PF00704
A0AA92LW82,1,PF00704
A0AA92LWQ6,1,PF00704
A0AA92NQD1,1,PF00704
A0AA92NQD8,1,PF00704
A0AA92NSC6,1,PF00704
A0AA92NUY0,1,PF00704
A0AA92NY69,1,PF00704
A0AA92NYS4,1,PF00704
A0AA92QCT3,1,PS51910
A0AA92R8P5,1,PF00704
A0AA92X2R6,1,PF00704
A0AA92X8V8,1,PF00704
A0AA92XA84,1,PF00704
A0AA92YFI2,1,PF00704
A0AA93BWS2,1,PF00704
A0AA94EMF9,1,PF00704
A0AA94H0N2,1,PF00704
A0AA94H6H8,1,PF00704
A0AA94WI60,1,PF00704
A0AA94Y1F8,1,PF00704
A0AA95B514,1,PF00704
A0AA95BX95,1,PF00704
A0AA95EXW5,1,PF00704
A0AA95FU32,1,PF00704
A0AA95FZD9,1,PF00704
A0AA95G717,1,PS51910
A0AA95HK87,1,PF00704
A0AA95HZS7,1,PF00704
A0AA95I0B0,1,PF00704
A0AA95I133,1,PF00704
A0AA95I1M2,1,PF00704
A0AA95I2G7,1,PF00704
A0AA95I4L4,1,PF00704
A0AA95I682,1,PF00704
A0AA95I9Q3,1,PF00704
A0AA95IA46,1,PF00704
A0AA95IBH6,1,PF00704
A0AA95IEA3,1,PF00704
A0AA95JBH9,1,PF00704
A0AA95JGB7,1,PF00704
A0AA95JKM4,2,G3DSA:3.20.20.370
A0AA95JKM4,2,PF00704
A0AA95KP50,1,PF00704
A0AA95L1C5,1,PF00704
A0AA95L2V7,1,PF00704
A0AA95L3C7,1,PF00704
A0AA95L7X7,2,G3DSA:3.20.20.370
A0AA95L7X7,2,PF00704
A0AA95LCD0,1,PF00704
A0AA95LDL9,1,PF00704
A0AA95LF14,1,PF00704
A0AA95LFW7,1,PF00704
A0AA95LGE6,1,PF00704
A0AA95LKU1,1,PF00704
A0AA95LLE7,1,PF00704
A0AA95LRI2,1,PF00704
A0AA95LXJ6,1,PF00704
A0AA95LYZ2,1,PF00704
A0AA95LZK0,1,PF00704
A0AA95M171,1,PF00704
A0AA95MD81,1,PF00704
A0AA95MEH6,1,PF00704
A0AA95MHR2,1,PF00704
A0AA95MIW9,1,PF00704
A0AA95MKK2,1,PF00704
A0AA95MMD9,1,PF00704
A0AA95MSJ9,1,PF00704
A0AA95MVH5,1,PF00704
A0AA95MZ40,1,PF00704
A0AA95N142,1,PF00704
A0AA95N2B5,1,PF00704
A0AA95N5Y7,1,PF00704
A0AA95NF43,1,PF00704
A0AA95RKR0,1,PF00704
A0AA95RVS3,2,G3DSA:3.20.20.370
A0AA95RVS3,2,PF00704
A0AA95RYS0,1,PF00704
A0AA95S2C4,2,G3DSA:3.20.20.370
A0AA95S2C4,2,PF00704
A0AA95S2G5,1,PF00704
A0AA95S2V0,1,PF00704
A0AA95S621,1,PF00704
A0AA95S6Y1,1,PF00704
A0AA95S879,1,PF00704
A0AA95SDX3,1,PF00704
A0AA95SFK3,1,PF00704
A0AA95SFQ8,1,PF00704
A0AA95SGW0,1,PF00704
A0AA95SH65,1,PF00704
A0AA96EGK1,1,PF00704
A0AA96EJB9,1,PF00704
A0AA96F9L0,1,PF00704
A0AA96FIB0,1,PF00704
A0AA96FKK5,1,PF00704
A0AA96FNY8,1,PS51910
A0AA96FUM0,1,PS51910
A0AA96G5D2,1,PF00704
A0AA96G652,1,PF00704
A0AA96G723,1,PF00704
A0AA96GBC2,1,PS51910
A0AA96HI63,1,PF00704
A0AA96HIR2,1,PF00704
A0AA96HJA7,1,PF00704
A0AA96HJH9,1,PF00704
A0AA96HKL9,1,PF00704
A0AA96HKS8,1,PF00704
A0AA96HLH6,1,PF00704
A0AA96HM74,1,PF00704
A0AA96HPG6,1,PF00704
A0AA96HPS7,1,PF00704
A0AA96HPZ2,1,PF00704
A0AA96HQ29,1,PF00704
A0AA96HQN7,1,PF00704
A0AA96HUD5,1,PF00704
A0AA96HUP5,1,PF00704
A0AA96IU96,1,PF00704
A0AA96JAH3,1,PF00704
A0AA96JKU6,1,PF00704
A0AA96JLY1,1,PS51910
A0AA96JNA0,1,PF00704
A0AA96JQG3,1,PF00704
A0AA96JWV2,1,PF00704
A0AA96KD94,1,PF00704
A0AA96KDL3,1,PF00704
A0AA96KDN9,1,PF00704
A0AA96KDX0,1,PF00704
A0AA96KEF8,1,PF00704
A0AA96KET0,1,PF00704
A0AA96KI10,1,PF00704
A0AA96KIE7,1,PF00704
A0AA96KJC3,1,PF00704
A0AA96KJH6,1,PF00704
A0AA96KJI8,1,PF00704
A0AA96LDN5,1,PF00704
A0AA96LEB5,1,PF00704
A0AA96LHZ5,1,PF00704
A0AA96LIF0,1,PF00704
A0AA96LKR4,1,PF00704
A0AA96LPM9,1,PF00704
A0AA96MBI4,1,PF00704
A0AA96MCB8,1,PF00704
A0AA96MHI4,1,PF00704
A0AA96MVE4,1,PF00704
A0AA96MZY1,1,PF00704
A0AA96N1M8,1,PF00704
A0AA96N6D1,1,PF00704
A0AA96PBL3,2,G3DSA:3.20.20.370
A0AA96PBL3,2,PF00704
A0AA96PBW2,1,PF00704
A0AA96PKE3,1,PF00704
A0AA96Q3C0,1,PF00704
A0AA96QE72,1,PF00704
A0AA96QU95,1,PF00704
A0AA96QV78,1,PF00704
A0AA96R6Q3,1,PF00704
A0AA96RKB9,1,PF00704
A0AA96RNH8,1,PF00704
A0AA96RTE2,1,PF00704
A0AA96RUW4,1,PF00704
A0AA96S5D6,1,PF00704
A0AA96S9V4,1,PF00704
A0AA96SCW1,1,PF00704
A0AA96SXI2,1,PF00704
A0AA96TJK2,1,PF00704
A0AA96TKB7,1,PF00704
A0AA96TLM3,1,PF00704
A0AA96TPX5,1,PS51910
A0AA96TQI2,1,PF00704
A0AA96TRU8,1,PF00704
A0AA96TS43,1,PF00704
A0AA96UA82,1,PF00704
A0AA96UAU9,1,PF00704
A0AA96UBI4,1,PF00704
A0AA96UBP8,1,PF00704
A0AA96UC01,1,PF00704
A0AA96UDC4,1,PF00704
A0AA96UIJ7,1,PS51910
A0AA96UJ10,1,PF00704
A0AA96UJH1,1,PF00704
A0AA96UL10,1,PF00704
A0AA96UZ30,1,PF00704
A0AA96W605,1,PF00704
A0AA96X869,1,PF00704
A0AA96XP13,1,PF00704
A0AA96ZGT2,1,PF00704
A0AA96ZHS8,1,PF00704
A0AA96ZID9,1,PF00704
A0AA96ZLH6,1,PF00704
A0AA96ZPT8,1,PF00704
A0AA96ZTZ6,1,PF00704
A0AA96ZUV7,1,PF00704
A0AA97A8T8,1,PF00704
A0AA97A9S6,1,PF00704
A0AA97B121,1,PF00704
A0AA97B8E1,1,PS51910
A0AA97D2W2,1,PF00704
A0AA97D926,1,PF00704
A0AA97DBB4,1,PF00704
A0AA97DVJ1,1,PF00704
A0AA97EM66,1,PF00704
A0AA97GZC8,1,PF00704
A0AA97H1P6,1,PF00704
A0AA97HQJ6,1,PF00704
A0AA97HR72,1,PF00704
A0AAC8NAK5,1,PF00704
A0AAC8Q5D4,1,PF00704
A0AAC8SFQ1,1,PF00704
A0AAC8SGH8,1,PF00704
A0AAC8VEM3,2,PF00704
A0AAC8VEM3,2,SSF51445
A0AAC9B803,1,PF00704
A0AAC9B9U7,1,PF00704
A0AAC9BA11,1,PF00704
A0AAC9BA23,1,PF00704
A0AAC9BMM3,1,PF00704
A0AAC9D1Z3,2,PF00704
A0AAC9D385,1,PF00704
A0AAC9EVS2,1,PF00704
A0AAC9FWV5,1,PF00704
A0AAC9GJ77,1,PF00704
A0AAC9HUI6,1,PF00704
A0AAC9I4E9,1,PF00704
A0AAC9I838,2,G3DSA:3.20.20.370
A0AAC9I838,2,PF00704
A0AAC9IFH0,1,PF00704
A0AAC9JB50,2,PF00704
A0AAC9JB50,2,SSF51445
A0AAC9L954,1,PS51910
A0AAC9NIY1,1,PF00704
A0AAC9NNS2,1,PF00704
A0AAC9NQG6,1,PF00704
A0AAC9P6U7,1,PF00704
A0AAC9PUQ6,2,G3DSA:2.10.10.20:FF:000001
A0AAC9PUQ6,2,PF00704
A0AAC9R3H5,1,PF00704
A0AAC9RMD5,1,PF00704
A0AAC9RN13,1,PF00704
A0AAC9V553,1,PF00704
A0AAC9V8I0,1,PF00704
A0AAC9V9R5,1,PF00704
A0AAC9VB23,1,PF00704
A0AAC9VC62,1,PF00704
A0AAC9WEX0,1,PF00704
A0AAC9WFU8,1,PF00704
A0AAC9Y8P5,1,PF00704
A0AAC9YA09,1,PF00704
A0AAC9YAR8,1,PF00704
A0AAC9YB66,1,PF00704
A0AAC9YBE3,1,PF00704
A0AAC9YSA6,1,PF00704
A0AAC9YYV6,1,PF00704
A0AAD0DGQ0,1,PF00704
A0AAD0DI27,1,PF00704
A0AAD0E2V6,1,PF00704
A0AAD0FKM4,1,PF00704
A0AAD0FMV1,1,PF00704
A0AAD0HJC3,1,PF00704
A0AAD0IC98,1,PF00704
A0AAD0JB64,1,PF00704
A0AAD0JES7,1,PF00704
A0AAD0JGM2,1,PF00704
A0AAD0KI11,1,PF00704
A0AAD0KKY6,1,PF00704
A0AAD0LL12,1,PF00704
A0AAD0MQT4,1,PF00704
A0AAD0NME7,1,PF00704
A0AAD0P4N8,1,PF00704
A0AAD0P5Y8,1,PF00704
A0AAD0PPG6,1,PF00704
A0AAD0Q0K1,1,PF00704
A0AAD0Q1M1,1,PF00704
A0AAD0Q251,1,PF00704
A0AAD0Q7G0,1,PF00704
A0AAD0Q7S9,1,PF00704
A0AAD0Q967,1,PF00704
A0AAD0QBD1,1,PF00704
A0AAD0RH67,1,PF00704
A0AAD0RK26,1,PF00704
A0AAD0RK72,1,PF00704
A0AAD0RKQ6,1,PF00704
A0AAD0RM57,1,PF00704
A0AAD0RQC1,1,PF00704
A0AAD0RSG8,1,PF00704
A0AAD0RYC0,1,PF00704
A0AAD0S3D6,1,PF00704
A0AAD0S3F3,1,PF00704
A0AAD0SAZ6,1,PF00704
A0AAD0UQW6,1,PF00704
A0AAD0VGC8,1,PF00704
A0AAD0VGK9,1,PF00704
A0AAD0VP75,1,PF00704
A0AAD0W2D5,1,PF00704
A0AAD0Y2N0,1,PF00704
A0AAD0YNP0,1,PF00704
A0AAD0YPK4,2,G3DSA:3.20.20.370
A0AAD0YPK4,2,PF00704
A0AAD0YQ12,1,PF00704
A0AAD0YX89,1,PF00704
A0AAD0YZN8,2,G3DSA:3.20.20.370
A0AAD0YZN8,2,PF00704
A0AAD0Z059,1,PS51910
A0AAD0Z1L9,1,PF00704
A0AAD0ZHC8,1,PF00704
A0AAD1B7Y9,1,PF00704
A0AAD1CEU2,1,PF00704
A0AAD1CFJ3,2,PF00704
A0AAD1CFJ3,2,PF06483
A0AAD1CGQ4,1,PF00704
A0AAD1DEY1,1,PF00704
A0AAD1E6H5,1,PF00704
A0AAD1F2L8,1,PF00704
A0AAD1HM11,1,PF00704
A0AAD1KQK6,1,PF00704
A0AAD2BWV6,1,PF00704
A0AAD2NYS4,1,PF00704
A0AAD2R9X4,1,PF00704
A0AAD2SFX6,1,PF00704
A0AAD2X8M4,1,PS51910
A0AAD3ASI3,1,PF00704
A0AAD3AUZ5,1,PF00704
A0AAD3AVF3,2,PF00704
A0AAD3AVF3,2,SSF51445
A0AAD3G5S3,1,PF00704
A0AAD3U849,1,PF00704
A0AAD3UBL6,1,PF00704
A0AAD3UT07,1,PF00704
A0AAD3VP21,1,PF00704
A0AAD3VY22,1,PF00704
A0AAD3W042,1,PF00704
A0AAD3WAQ8,1,PF00704
A0AAD3WTB7,2,PF00704
A0AAD3WTB7,2,PF06483
A0AAD3WU99,1,PF00704
A0AAD3WXL4,1,PF00704
A0AAD3YNC0,1,PF00704
A0AAD3YNH3,1,PF00704
A0AAD3YPX4,1,PF00704
A0AAD3ZIB0,1,PF00704
A0AAD3ZL45,1,PF00704
A0AAD3ZTK6,1,PF00704
A0AAD3ZWB6,1,PF00704
A0AAD4AE32,1,PF00704
A0AAD4AEH0,1,PF00704
A0AAD4AFI5,1,PF00704
A0AAD4AHS3,1,PF00704
A0AAD4AID7,1,PF00704
A0AAD4FPH7,1,PF00704
A0AAD4FPS0,1,PF00704
A0AAD4FT72,1,PF00704
A0AAD4FTY3,1,PF00704
A0AAE2AAB5,1,PF00704
A0AAE2E8K5,1,PF00704
A0AAE2EMI3,1,PF00704
A0AAE2J7E7,1,PF00704
A0AAE2JDE2,1,PF00704
A0AAE2JFC4,1,PF00704
A0AAE2JN04,1,PF00704
A0AAE2NTB9,1,PF00704
A0AAE2NZ51,1,PF00704
A0AAE2RUP0,1,PF00704
A0AAE2SGU4,1,PF00704
A0AAE2SIJ4,1,PF00704
A0AAE2SN85,1,PF00704
A0AAE3A8G6,1,PF00704
A0AAE3D7L7,1,PF00704
A0AAE3DEW5,1,PF00704
A0AAE3DKK2,1,PF00704
A0AAE3DN97,1,PF00704
A0AAE3DPZ4,1,PF00704
A0AAE3DRS1,1,PF00704
A0AAE3DUK2,1,PF00704
A0AAE3E1Q9,1,PF00704
A0AAE3EM14,1,PF00704
A0AAE3EPT7,1,PF00704
A0AAE3EXX7,1,PF00704
A0AAE3EZA9,1,PF00704
A0AAE3FH21,1,PF00704
A0AAE3GH02,1,PS51910
A0AAE3GLA8,1,PF00704
A0AAE3H3Y1,1,PF00704
A0AAE3I684,1,PF00704
A0AAE3IWW6,1,PF00704
A0AAE3JEB8,1,PF00704
A0AAE3JIP2,1,PF00704
A0AAE3JJP3,1,PF00704
A0AAE3JPI8,1,PF00704
A0AAE3JRW3,1,PF00704
A0AAE3JVD9,1,PF00704
A0AAE3KJG8,1,PS51910
A0AAE3LLH7,1,PF00704
A0AAE3LP28,1,PF00704
A0AAE3NDD6,1,PF00704
A0AAE3QS54,1,PF00704
A0AAE3QT42,1,PF00704
A0AAE3QWX2,1,PF00704
A0AAE3RL39,1,PF00704
A0AAE3RZ50,1,PF00704
A0AAE3TCS9,1,PF00704
A0AAE3UC66,1,PF00704
A0AAE3VW87,1,PS51910
A0AAE3VYE9,1,PF00704
A0AAE3W0I7,1,PF00704
A0AAE3W4W2,1,PF00704
A0AAE3WNK7,1,PF00704
A0AAE3WP50,1,PF00704
A0AAE3XAI8,1,PF00704
A0AAE3XIF0,1,PF00704
A0AAE3XMA1,1,PF00704
A0AAE3XR71,1,PF00704
A0AAE3Y6D8,2,G3DSA:3.20.20.370
A0AAE3Y6D8,2,PF00704
A0AAE3Y6Z2,1,PF00704
A0AAE3YB14,1,PF00704
A0AAE3YKQ6,1,PF00704
A0AAE3YQW1,1,PS51910
A0AAE3YU59,1,PF00704
A0AAE3ZA78,1,PF00704
A0AAE3ZKR8,1,PS51910
A0AAE3ZMP9,1,PF00704
A0AAE4AMB6,1,PF00704
A0AAE4B2D5,1,PF00704
A0AAE4BR63,1,PF00704
A0AAE4CE46,1,PF00704
A0AAE4CQB7,1,PF00704
A0AAE4CZ19,1,PF00704
A0AAE4DM67,1,PF00704
A0AAE4DY63,1,PF00704
A0AAE4E0I0,1,PF00704
A0AAE4E325,1,PF00704
A0AAE4EDB7,1,PF00704
A0AAE4EDL0,1,PF00704
A0AAE4EEY7,1,PF00704
A0AAE4EFM8,1,PS51910
A0AAE4ER04,1,PF00704
A0AAE4ESC1,1,PF00704
A0AAE4EVW2,1,PF00704
A0AAE4FG58,1,PF00704
A0AAE4FJU6,1,PF00704
A0AAE4FM95,1,PF00704
A0AAE4HPB6,1,PF00704
A0AAE4IV44,1,PF00704
A0AAE4J5N4,1,PF00704
A0AAE4J7Q2,1,PF00704
A0AAE4J9K9,1,PF00704
A0AAE4JAZ8,1,PF00704
A0AAE4JC38,1,PF00704
A0AAE4JDI2,1,PF00704
A0AAE4JTI6,1,PS51910
A0AAE4L8M5,1,PF00704
A0AAE4M2U3,1,PF00704
A0AAE4M332,1,PF00704
A0AAE4M3G3,1,PF00704
A0AAE4M8S2,1,PF00704
A0AAE4NX60,1,PS51910
A0AAE4NYA4,1,PF00704
A0AAE4NZG4,1,PS51910
A0AAE4P4V5,1,PF00704
A0AAE4PVI4,1,PF00704
A0AAE4QLB6,1,PF00704
A0AAE4RXC4,1,PF00704
A0AAE4SE78,1,PF00704
A0AAE4T6Y0,2,G3DSA:3.20.20.370
A0AAE4T6Y0,2,PF00704
A0AAE4TUP9,1,PF00704
A0AAE4TVH4,2,G3DSA:3.20.20.370
A0AAE4TVH4,2,PF00704
A0AAE4TWQ8,1,PF00704
A0AAE4TWX6,1,PF00704
A0AAE4Z1P9,1,PS51910
A0AAE4Z282,1,PF00704
A0AAE4ZV54,1,PF00704
A0AAE4ZYQ3,1,PF00704
A0AAE5C8J0,1,PF00704
A0AAE5CSJ5,1,PF00704
A0AAE5G0C6,1,PF00704
A0AAE5GMI3,1,PF00704
A0AAE5H3N5,1,PF00704
A0AAE5H5C9,1,PF00704
A0AAE5H5S1,1,PF00704
A0AAE5JXG7,1,PF00704
A0AAE5P5R9,1,PF00704
A0AAE5P8P9,1,PS51910
A0AAE5UAG6,1,PF00704
A0AAE5VS02,1,PF00704
A0AAE5XI22,1,PF00704
A0AAE6CG23,1,PF00704
A0AAE6CGF3,1,PF00704
A0AAE6CGW8,1,PF00704
A0AAE6CJ94,1,PF00704
A0AAE6CKE2,1,PF00704
A0AAE6FZE9,1,PF00704
A0AAE6G4N4,1,PF00704
A0AAE6I3I7,1,PF00704
A0AAE6I4T8,1,PF00704
A0AAE6JHG4,1,PF00704
A0AAE6KED5,1,PF00704
A0AAE6KQV8,1,PF00704
A0AAE6KR64,1,PF00704
A0AAE6KRR7,1,PF00704
A0AAE6M963,1,PF00704
A0AAE6MJ46,2,G3DSA:3.20.20.370
A0AAE6MJ46,2,PF00704
A0AAE6MK40,1,PF00704
A0AAE6NQG6,1,PF00704
A0AAE6QKF5,1,PF00704
A0AAE6QTB5,1,PF00704
A0AAE6QYD2,1,PF00704
A0AAE6TQB7,1,PF00704
A0AAE6TRJ0,1,PF00704
A0AAE6UW46,1,PF00704
A0AAE6UXM2,2,G3DSA:3.20.20.370
A0AAE6UXM2,2,PF00704
A0AAE6VPJ8,1,PF00704
A0AAE6W2J5,1,PF00704
A0AAE6W354,1,PF00704
A0AAE6WBI9,1,PF00704
A0AAE6WC19,1,PF00704
A0AAE6WP26,1,PF00704
A0AAE6WSN9,1,PF00704
A0AAE6WSS2,1,PF00704
A0AAE6Y3W6,1,PF00704
A0AAE6YCP1,1,PF00704
A0AAE6YF47,1,PS51910
A0AAE6YH34,1,PF00704
A0AAE6ZMK8,1,PF00704
A0AAE7ACY1,1,PF00704
A0AAE7AK04,1,PF00704
A0AAE7AYG9,2,PF00704
A0AAE7AYG9,2,PF06483
A0AAE7AZ91,1,PF00704
A0AAE7BJ68,1,PF00704
A0AAE7BKD5,1,PF00704
A0AAE7BSA4,1,PF00704
A0AAE7BSQ6,1,PF00704
A0AAE7BV41,1,PF00704
A0AAE7BVX8,1,PF00704
A0AAE7CJC7,1,PF00704
A0AAE7CKK7,1,PS51910
A0AAE7CMP3,1,PF00704
A0AAE7CP46,1,PS51910
A0AAE7CPY9,1,PF00704
A0AAE7CRH3,1,PF00704
A0AAE7D9R6,2,PF00704
A0AAE7DS73,1,PF00704
A0AAE7H4I9,1,PF00704
A0AAE7H673,1,PF00704
A0AAE7H8N0,1,PF00704
A0AAE7I184,1,PF00704
A0AAE7J596,1,PF00704
A0AAE7JB30,1,PF00704
A0AAE7KYR8,1,PF00704
A0AAE7LM19,1,PF00704
A0AAE7MRS5,1,PF00704
A0AAE7SPP0,1,PF00704
A0AAE8F7M5,1,PF00704
A0AAE8K5W2,1,PS51910
A0AAE8NA78,1,PF00704
A0AAE8QK59,1,PF00704
A0AAE8QM81,1,PF00704
A0AAE8QTA6,1,PF00704
A0AAE8UA66,1,PF00704
A0AAE8VV51,1,PF00704
A0AAE9AWE9,1,PF00704
A0AAE9B346,1,PF00704
A0AAE9BJ38,1,PF00704
A0AAE9BJF7,1,PF00704
A0AAE9GC84,1,PF00704
A0AAE9GIJ0,1,PF00704
A0AAE9I4R5,1,PF00704
A0AAE9IBJ2,1,PF00704
A0AAE9IDL6,1,PF00704
A0AAE9MGK9,1,PF00704
A0AAE9N0E2,1,PF00704
A0AAE9N2B5,1,PF00704
A0AAE9N596,1,PF00704
A0AAE9PCF0,1,PF00704
A0AAE9PCI9,2,G3DSA:3.20.20.370
A0AAE9PCI9,2,PF00704
A0AAE9PFI9,1,PF00704
A0AAE9PMS4,1,PF00704
A0AAE9PX46,1,PF00704
A0AAE9SDL7,1,PF00704
A0AAE9SLB2,1,PF00704
A0AAE9SP55,2,PF00704
A0AAE9SP55,2,PF06483
A0AAE9SPV6,1,PF00704
A0AAE9TB80,1,PF00704
A0AAE9TEE0,1,PF00704
A0AAE9XFS5,1,PF00704
A0AAE9XJE0,1,PF00704
A0AAE9YKZ5,1,PF00704
A0AAE9YVG0,1,PF00704
A0AAE9YW94,1,PF00704
A0AAE9YYM8,1,PF00704
A0AAE9Z1B2,1,PF00704
A0AAE9Z8B9,1,PF00704
A0AAF0C3D6,1,PF00704
A0AAF0C817,1,PF00704
A0AAF0CB39,1,PF00704
A0AAF0CBI5,1,PF00704
A0AAF0CV86,1,PS51910
A0AAF0HJ52,1,PF00704
A0AAF0I7X3,1,PF00704
A0AAF0LBV2,1,PF00704
A0AAF0LLD3,1,PF00704
A0AAF0LW34,1,PF00704
A0AAF0LXI4,1,PF00704
A0AAF0LY72,1,PF00704
A0AAF0M5F1,1,PF00704
A0AAF0M817,1,PS51910
A0AAF0MGF6,1,PF00704
A0AAF0MHJ6,1,PF00704
A0AAF0REV1,1,PF00704
A0AAF0RGC6,1,PF00704
A0AAF0RGM2,1,PF00704
A0AAF0RJ23,1,PF00704
A0AAF0RSA0,1,PF00704
A0AAF0RYT9,1,PF00704
A0AAF0SX94,1,PF00704
A0AAF0Z666,1,PF00704
A0AAI7ZGZ1,1,PF00704
A0AAI8BH59,1,PF00704
A0AAI8BIF5,2,PF00704
A0AAI8BIF5,2,SSF51445
A0AAI8BJ23,1,PF00704
A0AAI8FTI7,1,PS51910
A0AAI8HPW4,1,PF00704
A0AAI8HSD1,1,PF00704
A0AAI8IEL5,1,PF00704
A0AAI8ILA6,1,PF00704
A0AAI8ILP1,1,PF00704
A0AAI8KWH2,1,PF00704
A0AAI8KXD3,2,PS51910
A0AAI8KXD3,2,SSF51445
A0AAI8KZD4,1,PF00704
A0AAI8L056,1,PF00704
A0AAI8LJF2,1,PF00704
A0AAI8LLT2,1,PF00704
A0AAI8NCW4,1,PF00704
A0AAI8NID4,1,PF00704
A0AAI8NNW7,1,PF00704
A0AAI8PLT9,1,PS51910
A0AAI8RAW0,1,PF00704
A0AAI8WCZ4,1,PF00704
A0AAI8WCZ6,1,PF00704
A0AAI8ZFN1,1,PF00704
A0AAI9BAA6,1,PF00704
A0AAI9BXU5,1,PF00704
A0AAI9C376,1,PF00704
A0AAI9CG45,1,PF00704
A0AAI9CHE9,1,PF00704
A0AAI9CR16,2,PF00704
A0AAI9CR16,2,PF06483
A0AAI9CS15,1,PF00704
A0AAI9D544,1,PF00704
A0AAI9D610,1,PF00704
A0AAI9D981,1,PF00704
A0AAI9DA84,1,PF00704
A0AAI9DLN2,1,PF00704
A0AAI9DXS8,1,PF00704
A0AAI9FZA8,1,PF00704
A0AAI9FZU9,1,PF00704
A0AAI9G8T2,1,PF00704
A0AAI9GPF1,1,PF00704
A0AAI9GS06,1,PF00704
A0AAI9HZ45,1,PF00704
A0AAI9I030,1,PF00704
A0AAI9MEB6,1,PF00704
A0AAI9MPJ7,1,PF00704
A0AAI9PAB0,1,PF00704
A0AAI9RDP5,1,PF00704
A0AAI9RJS4,1,PF00704
A0AAI9RZ88,1,PF00704
A0AAI9S523,1,PF00704
A0AAI9W5J9,1,PF00704
A0AAI9W8A1,2,G3DSA:3.20.20.370
A0AAI9W8A1,2,PF00704
A0AAI9X0R7,1,PF00704
A0AAJ0J0F5,1,PF00704
A0AAJ0P9Z4,2,G3DSA:3.20.20.370
A0AAJ0P9Z4,2,PF00704
A0AAJ0SAX9,1,PF00704
A0AAJ0SBN4,1,PF00704
A0AAJ0SLW7,2,PF00704
A0AAJ0WF42,2,G3DSA:3.20.20.370
A0AAJ0WF42,2,PF00704
A0AAJ0WGL3,1,PF00704
A0AAJ0ZF63,1,PF00704
A0AAJ0ZJ95,1,PF00704
A0AAJ1ATR7,1,PF00704
A0AAJ1B0I8,1,PF00704
A0AAJ1BEA3,1,PF00704
A0AAJ1CCL6,1,PF00704
A0AAJ1CGJ2,1,PF00704
A0AAJ1F022,1,PF00704
A0AAJ1FFX8,1,PF00704
A0AAJ1GAQ8,1,PF00704
A0AAJ1GJL3,2,G3DSA:3.20.20.370
A0AAJ1GJL3,2,PF00704
A0AAJ1GJS9,1,PF00704
A0AAJ1GM28,1,PF00704
A0AAJ1GNB7,1,PF00704
A0AAJ1H641,1,PF00704
A0AAJ1H959,1,PF00704
A0AAJ1J459,1,PF00704
A0AAJ1J5Y2,1,PF00704
A0AAJ1JB58,1,PF00704
A0AAJ1K2K5,2,G3DSA:3.20.20.370
A0AAJ1K2K5,2,PF00704
A0AAJ1K7Q6,1,PF00704
A0AAJ1KAH5,1,PF00704
A0AAJ1L078,1,PF00704
A0AAJ1L2P8,1,PF00704
A0AAJ1L3R5,1,PF00704
A0AAJ1MXJ6,1,PF00704
A0AAJ1N3U6,1,PF00704
A0AAJ1NAE6,1,PF00704
A0AAJ1NLR2,1,PF00704
A0AAJ1NTP1,1,PF00704
A0AAJ1NWS6,2,G3DSA:3.20.20.370
A0AAJ1NWS6,2,PF00704
A0AAJ1NYH2,1,PF00704
A0AAJ1P2W1,1,PF00704
A0AAJ1PVP1,1,PS51910
A0AAJ1QR51,1,PF00704
A0AAJ1QSF5,1,PF00704
A0AAJ1QT23,1,PF00704
A0AAJ1QV85,1,PF00704
A0AAJ1R5A3,2,G3DSA:3.20.20.370
A0AAJ1R5A3,2,PF00704
A0AAJ1T3B3,1,PF00704
A0AAJ1T495,1,PF00704
A0AAJ1TD41,1,PF00704
A0AAJ1UDJ7,1,PF00704
A0AAJ1UP75,1,PS51910
A0AAJ1V6H4,1,PF00704
A0AAJ1VCI2,1,PF00704
A0AAJ1WC56,1,PF00704
A0AAJ1WJB6,1,PF00704
A0AAJ1WKH3,1,PF00704
A0AAJ1WLX0,1,PF00704
A0AAJ1WQL9,1,PF00704
A0AAJ1XB18,1,PF00704
A0AAJ1XT71,1,PF00704
A0AAJ1XVA5,1,PF00704
A0AAJ1Y200,1,PF00704
A0AAJ1YHA0,1,PF00704
A0AAJ1Z0D7,2,G3DSA:3.20.20.370
A0AAJ1Z0D7,2,PF00704
A0AAJ1ZV09,1,PF00704
A0AAJ2A702,1,PF00704
A0AAJ2AKU5,1,PF00704
A0AAJ2B4C2,1,PF00704
A0AAJ2D0N4,1,PF00704
A0AAJ2DLV8,1,PF00704
A0AAJ2G635,1,PF00704
A0AAJ2GC06,1,PF00704
A0AAJ2GLD1,2,G3DSA:3.20.20.370
A0AAJ2GLD1,2,PF00704
A0AAJ2JCU5,1,PF00704
A0AAJ2JV38,2,PF00704
A0AAJ2JV38,2,SSF51445
A0AAJ2JVX4,1,PF00704
A0AAJ2JX40,1,PF00704
A0AAJ2JXM3,1,PF00704
A0AAJ2JYS4,1,PF00704
A0AAJ2JZH0,1,PF00704
A0AAJ2K1E5,1,PF00704
A0AAJ2KIT5,1,PF00704
A0AAJ2MNK3,1,PF00704
A0AAJ2MXG9,1,PF00704
A0AAJ2N3V5,1,PF00704
A0AAJ2N672,1,PF00704
A0AAJ2NDQ8,1,PF00704
A0AAJ2NGV6,1,PF00704
A0AAJ2NL39,1,PF00704
A0AAJ2NT32,1,PS51910
A0AAJ2PTR0,1,PF00704
A0AAJ2Q3X7,1,PF00704
A0AAJ2Q5H0,1,PF00704
A0AAJ2Q5P1,1,PF00704
A0AAJ2QBD2,1,PF00704
A0AAJ2S5W0,1,PF00704
A0AAJ2S9A1,1,PF00704
A0AAJ2S9Z2,1,PF00704
A0AAJ2SAR3,1,PF00704
A0AAJ2SBL6,2,PF00704
A0AAJ2SBN8,1,PF00704
A0AAJ2SFL1,1,PF00704
A0AAJ2TD06,1,PF00704
A0AAJ2TFT1,1,PF00704
A0AAJ2TU69,1,PF00704
A0AAJ2ULP3,1,PF00704
A0AAJ2UTM3,1,PS51910
A0AAJ2UUD5,1,PF00704
A0AAJ2VVZ2,1,PF00704
A0AAJ2WJK6,1,PF00704
A0AAJ2X8A1,1,PF00704
A0AAJ2YEB9,1,PF00704
A0AAJ2YED1,1,PS51910
A0AAJ2YJY9,1,PF00704
A0AAJ2ZDL3,1,PF00704
A0AAJ2ZGZ0,1,PS51910
A0AAJ2ZMG1,1,PF00704
A0AAJ3D2H2,1,PF00704
A0AAJ3DIC8,1,PF00704
A0AAJ3DIV5,1,PF00704
A0AAJ3DKC2,1,PF00704
A0AAJ3DM78,1,PF00704
A0AAJ3F741,1,PF00704
A0AAJ3GYE5,1,PF00704
A0AAJ3HP13,1,PF00704
A0AAJ3IWR4,1,PF00704
A0AAJ3MPC6,1,PF00704
A0AAJ3NAS7,1,PF00704
A0AAJ3NC08,1,PS51910
A0AAJ3NC68,1,PS51910
A0AAJ3NLJ2,1,PF00704
A0AAJ3TPA1,1,PF00704
A0AAJ3TR52,2,G3DSA:3.20.20.370
A0AAJ3TR52,2,PF00704
A0AAJ3TYU0,1,PF00704
A0AAJ3U3V2,1,PF00704
A0AAJ3YVD5,1,PF00704
A0AAJ4AHE2,1,PF00704
A0AAJ4AJG7,1,PF00704
A0AAJ4APS1,1,PF00704
A0AAJ4DT27,1,PF00704
A0AAJ4DVM2,1,PF00704
A0AAJ4DVW5,1,PF00704
A0AAJ4E6J9,1,PF00704
A0AAJ4I9W1,1,PF00704
A0AAJ4IGD6,1,PF00704
A0AAJ4JQY2,1,PF00704
A0AAJ4JST9,1,PF00704
A0AAJ4K8S4,1,PF00704
A0AAJ4K932,1,PF00704
A0AAJ4LWI5,1,PF00704
A0AAJ4LWL0,2,PF00704
A0AAJ4LWL0,2,PF06483
A0AAJ4MJC4,1,PF00704
A0AAJ4MWR4,1,PF00704
A0AAJ4MXW5,1,PF00704
A0AAJ4NNW0,1,PF00704
A0AAJ4NP11,1,PF00704
A0AAJ4NPN0,1,PF00704
A0AAJ4NQE1,1,PF00704
A0AAJ4NQH0,1,PF00704
A0AAJ4S4U8,1,PF00704
A0AAJ4T806,1,PF00704
A0AAJ4XA76,1,PF00704
A0AAJ4XVG6,1,PS51910
A0AAJ4Y1D0,1,PF00704
A0AAJ4Y2B1,1,PS51910
A0AAJ4Y4K5,1,PF00704
A0AAJ4Y6Y4,1,PF00704
A0AAJ4Y7V6,1,PF00704
A0AAJ4Y936,3,PS51910
A0AAJ4Y936,3,SSF51445
A0AAJ4YC63,1,PS51910
A0AAJ4Z8X3,1,PF00704
A0AAJ4ZYP8,1,PF00704
A0AAJ4ZZG5,1,PF00704
A0AAJ5CBF1,1,PF00704
A0AAJ5CF38,1,PF00704
A0AAJ5CGY3,1,PS51910
A0AAJ5EEA1,1,PF00704
A0AAJ5N9P3,1,PF00704
A0AAJ5R2N3,1,PF00704
A0AAJ5RGV2,1,PF00704
A0AAJ5RH84,1,PF00704
A0AAJ5RWQ3,1,PF00704
A0AAJ5VF68,1,PF00704
A0AAJ5VIR3,1,PS51910
A0AAJ5VL32,1,PF00704
A0AAJ5VMX6,1,PF00704
A0AAJ5VP06,1,PS51910
A0AAJ5WZ51,1,PF00704
A0AAJ5WZZ1,2,G3DSA:3.20.20.370
A0AAJ5WZZ1,2,PF00704
A0AAJ5Z743,1,PF00704
A0AAJ5ZAC3,1,PF00704
A0AAJ6AMU7,1,PF00704
A0AAJ6ARF2,1,PF00704
A0AAJ6B745,1,PF00704
A0AAJ6B7Q7,1,PF00704
A0AAJ6BN75,2,G3DSA:3.20.20.370
A0AAJ6BN75,2,PF00704
A0AAJ6DH65,1,PS51910
A0AAJ6DLF0,1,PF00704
A0AAJ6DM39,1,PF00704
A0AAJ6EKK2,1,PF00704
A0AAJ6EU53,1,PF00704
A0AAJ6G2F9,1,PF00704
A0AAJ6G5Q6,1,PF00704
A0AAJ6GA67,1,PF00704
A0AAJ6GAD0,1,PS51910
A0AAJ6GT55,1,PF00704
A0AAJ6HS20,1,PF00704
A0AAJ6HUA9,1,PF00704
A0AAJ6HV98,1,PF00704
A0AAJ6HW67,1,PS51910
A0AAJ6IZM1,1,PF00704
A0AAJ6K688,1,PF00704
A0AAJ6L0S0,1,PF00704
A0AAJ6L244,1,PF00704
A0AAJ6LNF8,1,PF00704
A0AAJ6MMW6,1,PF00704
A0AAJ6N3B4,1,PF00704
A0AAJ6NWY9,1,PS51910
A0AAJ8WJS3,1,PS51910
A0AAN0N8H6,1,PF00704
A0AAN0NB91,2,PF00704
A0AAN0NB91,2,PF06483
A0AAN0NCT6,1,PF00704
A0AAN0SA36,1,PF00704
A0AAN0SCQ5,1,PF00704
A0AAN0SH81,1,PF00704
A0AAN0SZT4,2,G3DSA:3.20.20.370
A0AAN0SZT4,2,PF00704
A0AAN0SZW1,1,PF00704
A0AAN0VH33,1,PF00704
A0AAN0VU64,1,PF00704
A0AAN0VZ75,1,PF00704
A0AAN0VZJ5,1,PF00704
A0AAN0W7D0,1,PF00704
A0AAN0W9Q6,1,PF00704
A0AAN0Y657,2,PF00704
A0AAN0Y657,2,PF06483
A0AAN0Y8E7,1,PF00704
A0AAN0YM53,1,PF00704
A0AAN0ZYJ1,1,PF00704
A0AAN1A1I4,1,PF00704
A0AAN1D811,1,PF00704
A0AAN1FE24,1,PF00704
A0AAN1FKE3,2,PF00704
A0AAN1FKE3,2,PF06483
A0AAN1FLL9,1,PF00704
A0AAN1H8B7,1,PF00704
A0AAN1HG87,1,PS51910
A0AAN1HLT9,1,PS51910
A0AAN1HMD7,1,PF00704
A0AAN1HMK9,1,PF00704
A0AAN1HVV7,1,PS51910
A0AAN1I9F3,1,PS51910
A0AAN1IAK6,1,PS51910
A0AAN1LIY0,1,PF00704
A0AAN1LQ37,1,PF00704
A0AAN1LUG9,1,PF00704
A0AAN1LUN0,1,PS51910
A0AAN1LUN7,1,PF00704
A0AAN1PQT7,2,G3DSA:2.10.10.20:FF:000001
A0AAN1PQT7,2,PF00704
A0AAN1PS92,2,PF00704
A0AAN1PS92,2,PF06483
A0AAN1PSV0,1,PF00704
A0AAN1QHM0,1,PF00704
A0AAN1UB70,1,PF00704
A0AAN1UBM3,1,PF00704
A0AAN1UN52,1,PF00704
A0AAN1UNV1,1,PF00704
A0AAN1UP01,1,PF00704
A0AAN1WHT2,1,PF00704
A0AAN1Y6Z7,1,PF00704
A0AAN2PIA3,1,PF00704
A0AAN2PMB8,1,PF00704
A0AAN2PMR3,1,PF00704
A0AAN2TR17,1,PF00704
A0AAN2WB61,1,PF00704
A0AAN2WZU8,1,PF00704
A0AAN2XAN3,1,PF00704
A0AAN2YLC3,1,PF00704
A0AAN3A7G6,1,PF00704
A0AAN3D8N2,1,PF00704
A0AAN3KX87,1,PF00704
A0AAN3SFK6,1,PF00704
A0AAN3ZIP3,1,PF00704
A0AAN4HEM9,2,G3DSA:3.20.20.370
A0AAN4HEM9,2,PF00704
A0AAN4HEQ1,1,PF00704
A0AAN4HGA6,1,PF00704
A0AAN4KPS6,1,PF00704
A0AAN4L826,1,PF00704
A0AAN4L840,1,PF00704
A0AAN4LAZ0,1,PF00704
A0AAN4LBJ6,1,PF00704
A0AAN4LC66,1,PF00704
A0AAN4LE16,1,PF00704
A0AAN4PZR2,1,PF00704
A0AAN4QYS6,1,PS51910
A0AAN4SHZ4,1,PS51910
A0AAN4VYY9,2,PF00704
A0AAN4W2R9,1,PF00704
A0AAN5B0G4,1,PF00704
A0AAN5K801,1,PF00704
A0AAN5KT01,1,PF00704
A0AAN5KUE6,1,PF00704
A0AAN5L7L5,1,PF00704
A0AAN5L9R6,1,PF00704
A0AAN5PK09,1,PF00704
A0AAN5Q317,1,PS51910
A0AAN5Q3W9,1,PF00704
A0AAN5R522,1,PF00704
A0AAN5RCB0,1,PF00704
A0AAN5S1A6,1,PF00704
A0AAN5T152,1,PF00704
A0AAN5T2H8,1,PF00704
A0AAN5XJI6,1,PS51910
A0AAN5XSQ1,1,PF00704
A0AAN5XUC5,1,PF00704
A0AAN6AW18,1,PF00704
A0AAN6B596,2,G3DSA:3.20.20.370
A0AAN6B596,2,PF00704
A0AAP0SEI9,1,PF00704
A0AAP0ZLD2,1,PF00704
A0AAP1DT99,1,PS51910
A0AAP1E352,1,PF00704
A0AAP1EB21,1,PF00704
A0AAP1H7X8,1,PF00704
A0AAP1H9E0,1,PF00704
A0AAP1QJ03,1,PF00704
A0AAP2BGY7,1,PF00704
A0AAP2BJ71,1,PF00704
A0AAP2D662,1,PF00704
A0AAP2D6S4,1,PF00704
A0AAP2D7Z5,1,PF00704
A0AAP2DAT8,1,PF00704
A0AAP2DCQ9,1,PF00704
A0AAP2DDJ7,1,PF00704
A0AAP2DF10,1,PF00704
A0AAP2DG56,2,PF00704
A0AAP2DH85,1,PF00704
A0AAP2DI04,1,PF00704
A0AAP2DSL5,1,PF00704
A0AAP2DXY2,1,PF00704
A0AAP2DYK8,1,PF00704
A0AAP2DZL5,2,PF00704
A0AAP2E2T0,1,PF00704
A0AAP2E3J7,1,PF00704
A0AAP2E4Y2,1,PS51910
A0AAP2FP41,1,PF00704
A0AAP2G291,1,PF00704
A0AAP2GHH8,1,PS51910
A0AAP2GQ26,1,PF00704
A0AAP2GTZ7,1,PF00704
A0AAP2GW43,1,PF00704
A0AAP2HAD6,1,PF00704
A0AAP2HB40,1,PF00704
A0AAP2M1E7,1,PF00704
A0AAP2RK68,1,PF00704
A0AAP2RK76,1,PF00704
A0AAP3A694,1,PF00704
A0AAP3CG47,1,PF00704
A0AAP3CKU1,1,PF00704
A0AAP3CNY7,1,PF00704
A0AAP3CTX2,1,PF00704
A0AAP3DDA4,1,PF00704
A0AAP3DDR6,1,PF00704
A0AAP3DFN1,1,PF00704
A0AAP3DGN6,1,PF00704
A0AAP3EFC1,1,PF00704
A0AAP3FVK0,1,PF00704
A0AAP3FXD7,1,PF00704
A0AAP3GBY0,1,PF00704
A0AAP3GD28,1,PF00704
A0AAP3HD61,1,PF00704
A0AAP3YE54,1,PF00704
A0AAP3YJ64,1,PF00704
A0AAP3Z1C4,1,PF00704
A0AAP3Z232,1,PF00704
A0AAP3ZUJ4,1,PF00704
A0AAP4B9C0,1,PF00704
A0AAP4BB60,1,PF00704
A0AAP4CQ79,1,PF00704
A0AAP4D261,1,PF00704
A0AAP4EBM2,1,PF00704
A0AAP4FNK0,1,PF00704
A0AAP4NF38,1,PF00704
A0AAP4Q8N6,1,PF00704
A0AAP4QDI1,1,PF00704
A0AAP4V3T9,2,G3DSA:3.20.20.370
A0AAP4V3T9,2,PF00704
A0AAP5AFU2,1,PF00704
A0AAP5C411,1,PF00704
A0AAP5C4U7,1,PF00704
A0AAP5EAD7,1,PF00704
A0AAP5G3A1,1,PF00704
A0AAP5H1Q0,1,PF00704
A0AAP5H8C4,1,PF00704
A0AAP5I5W9,1,PF00704
A0AAP5JQ16,1,PF00704
A0AAP5JV52,1,PF00704
A0AAP5LR70,1,PF00704
A0AAP5QJC7,1,PF00704
A0AAP5V2L2,1,PF00704
A0AAP5Y4Q4,1,PF00704
A0AAP5Y6C1,2,PF00704
A0AAP5Y6C1,2,PF06483
A0AAP5YD04,1,PS51910
A0AAP5YW57,1,PF00704
A0AAP5Z0S8,1,PF00704
A0AAP5Z3C5,1,PF00704
A0AAP6CX62,1,PF00704
A0AAP6D715,1,PF00704
A0AAP6G8X0,1,PF00704
A0AAP6GBS2,1,PF00704
A0AAP6GZ28,1,PF00704
A0AAP6H1B7,1,PF00704
A0AAP6J9T2,1,PF00704
A0AAP6V802,1,PF00704
A0AAP6ZJZ5,1,PF00704
A0AAP6ZKZ9,1,PF00704
A0AAP6ZNU1,1,PF00704
A0AAP6ZXZ5,1,PF00704
A0AAP6ZZI8,1,PF00704
A0AAP7A0E0,2,PF00704
A0AAP7A0E0,2,SSF51445
A0AAP7A0J4,1,PF00704
A0AAP7A180,1,PF00704
A0AAP7AQA2,1,PF00704
A0AAP7DD49,1,PF00704
A0AAP7DDE6,1,PF00704
A0AAP7DH45,1,PF00704
A0AAP7DHT5,1,PF00704
A0AAP7DHX3,1,PF00704
A0AAP7DJ28,1,PF00704
A0AAP7DL09,1,PF00704
A0AAP7GT66,1,PF00704
A0AAP7J2P9,1,PF00704
A0AAP7J4R0,1,PF00704
A0AAP7L025,1,PF00704
A0AAP7N431,1,PF00704
A0AAP7TCJ6,1,PF00704
A0AAP7UKE0,1,PF00704
A0AAP7W3X1,2,G3DSA:3.20.20.370
A0AAP7W3X1,2,PF00704
A0AAP7W7G1,1,PF00704
A0AAP8A7T8,1,PF00704
A0AAP8D2A0,1,PS51910
A0AAP8DZP2,1,PF00704
A0AAP8F7N7,2,G3DSA:3.20.20.370
A0AAP8F7N7,2,PF00704
A0AAP8F902,1,PF00704
A0AAP8GBM0,1,PF00704
A0AAP8GE76,1,PF00704
A0AAP8H5E8,1,PF00704
A0AAP8HTS2,1,PF00704
A0AAP8JUX3,1,PS51910
A0AAP8K094,1,PF00704
A0AAP8KG02,1,PF00704
A0AAP8KM49,1,PF00704
A0AAP8KP83,1,PF00704
A0AAP8NCH8,1,PF00704
A0AAP8PGI0,1,PF00704
A0AAP8PH97,1,PF00704
A0AAP8PI92,1,PF00704
A0AAP8PL82,1,PF00704
A0AAP8PRF5,1,PF00704
A0AAP8Q864,1,PF00704
A0AAP8QB21,1,PF00704
A0AAP8QBA6,1,PF00704
A0AAP8QC80,1,PF00704
A0AAP8QDB2,1,PF00704
A0AAP8TVC0,1,PF00704
A0AAP8TYE9,1,PF00704
A0AAP8U7D9,1,PF00704
A0AAP8U7E1,1,PF00704
A0AAP8Z0Q2,1,PF00704
A0AAP9ALQ9,1,PF00704
A0AAP9DC74,1,PF00704
A0AAP9DJY2,1,PF00704
A0AAP9DKM3,1,PF00704
A0AAP9DLG6,1,PF00704
A0AAP9DWP6,1,PF00704
A0AAP9DXD9,1,PF00704
A0AAP9DXR6,1,PF00704
A0AAP9DZ95,1,PF00704
A0AAP9GFL9,1,PF00704
A0AAP9GFV5,2,PF00704
A0AAP9GFV5,2,PF06483
A0AAP9GG11,1,PF00704
A0AAP9GH29,1,PF00704
A0AAP9GHZ7,1,PF00704
A0AAP9J3C8,2,PF00704
A0AAP9J3C8,2,SSF51445
A0AAP9J4T9,1,PF00704
A0AAP9J522,1,PF00704
A0AAP9K9A5,1,PF00704
A0AAP9KNX4,1,PF00704
A0AAP9NGD9,1,PS51910
A0AAP9QUX2,1,PF00704
A0AAP9QZG6,1,PF00704
A0AAP9S8I5,1,PF00704
A0AAP9TW12,1,PF00704
A0AAP9U3R7,1,PF00704
A0AAP9UPN1,1,PF00704
A0AAP9UTH5,1,PF00704
A0AAP9VQQ0,1,PF00704
A0AAP9WB63,1,PF00704
A0AAP9WF91,1,PF00704
A0AAP9WGI8,1,PF00704
A0AAP9WLU5,1,PF00704
A0AAP9WMN1,1,PF00704
A0AAP9XLW6,1,PF00704
A0AAQ0A703,1,PF00704
A0AAQ0A745,1,PF00704
A0AAQ0ARJ6,1,PF00704
A0AAQ0B2M8,1,PF00704
A0AAQ0CRC7,1,PF00704
A0AAQ0EAW0,1,PF00704
A0AAQ0EBA4,1,PF00704
A0AAQ0FDI6,1,PF00704
A0AAQ0FR29,1,PF00704
A0AAQ0H3G5,1,PF00704
A0AAQ0H767,1,PF00704
A0AAQ0J1C0,1,PF00704
A0AAQ0JA63,1,PF00704
A0AAQ0LMN0,1,PF00704
A0AAQ0LQV3,1,PF00704
A0AAQ0Q6W0,1,PF00704
A0AAQ0QKU4,1,PS51910
A0AAQ1BXE4,1,PF00704
A0AAQ1C9L1,1,PF00704
A0AAQ1CA30,1,PF00704
A0AAQ1CBR2,1,PF00704
A0AAQ1I9B1,1,PF00704
A0AAQ1NYD6,1,PF00704
A0AAQ1P033,1,PF00704
A0AAQ1P2T7,1,PF00704
A0AAQ1SWW4,1,PS51910
A0AAQ1SZ10,1,PF00704
A0AAQ2EU68,1,PF00704
A0AAQ2EUG2,1,PF00704
A0AAQ2EWZ7,1,PF00704
A0AAQ2EYS8,1,PF00704
A0AAQ2IQR2,1,PF00704
A0AAQ2Y092,1,PF00704
A0AAQ2Y2P9,1,PF00704
A0AAQ2Y3H5,1,PF00704
A0AAQ2Y3I1,1,PF00704
A0AAQ2Y4H2,1,PF00704
A0AAQ3B1Q3,2,PF00704
A0AAQ3B1Q3,2,PF06483
A0AAQ3IGF4,1,PF00704
A0AAQ3IGN4,1,PF00704
A0AAQ3QWW1,2,PF00704
A0AAQ3W927,1,PS51910
A0AAQ3WAX7,1,PF00704
A0AAQ3Y8B4,1,PF00704
A0AAT9DS61,1,PF00704
A0AAT9EHK8,1,PF00704
A0AAT9F125,1,PF00704
A0AAT9F4A8,1,PF00704
A0AAT9FQI7,1,PF00704
A0AAT9GVM2,2,PF00704
A0AAT9GWN8,1,PF00704
A0AAT9GYT0,2,PF00704
A0AAT9HBV9,1,PF00704
A0AAT9HD68,1,PF00704
A0AAT9HL87,1,PS51910
A0AAT9I7J7,1,PF00704
A0AAT9IXV9,2,G3DSA:3.20.20.370
A0AAT9IXV9,2,PF00704
A0AAT9KNP6,1,PF00704
A0AAT9KPR2,1,PF00704
A0AAT9KRB7,1,PS51910
A0AAT9KSK3,1,PF00704
A0AAT9KU84,1,PF00704
A0AAT9KWS6,1,PS51910
A0AAT9L3G6,1,PF00704
A0AAT9L3P6,1,PF00704
A0AAT9L3W0,1,PF00704
A0AAT9L7U3,1,PF00704
A0AAT9LAK3,1,PF00704
A0AAT9LB64,1,PF00704
A0AAT9LBZ5,1,PF00704
A0AAT9LE86,1,PF00704
A0AAT9LHW7,1,PS51910
A0AAT9LJE0,1,PF00704
A0AAT9LM83,1,PS51910
A0AAT9LNF2,1,PF00704
A0AAT9LNP5,1,PF00704
A0AAT9LNR9,1,PS51910
A0AAT9LPM9,1,PF00704
A0AAT9LQM8,1,PF00704
A0AAT9LRV2,1,PS51910
A0AAT9LSL1,1,PF00704
A0AAT9LT04,1,PF00704
A0AAT9LTF6,1,PS51910
A0AAT9LTN0,1,PF00704
A0AAT9LVF0,1,PF00704
A0AAT9LWD4,1,PF00704
A0AAT9LZJ7,1,PF00704
A0AAT9LZT3,1,PF00704
A0AAT9M0P0,1,PF00704
A0AAT9M3M7,1,PF00704
A0AAT9M4A0,1,PF00704
A0AAT9M6Y5,1,PF00704
A0AAT9M891,1,PF00704
A0AAT9M8U6,1,PF00704
A0AAT9M903,1,PF00704
A0AAT9MBU4,1,PF00704
A0AAT9MC80,1,PS51910
A0AAT9MQG1,1,PF00704
A0AAT9N2A1,1,PF00704
A0AAT9PNA0,1,PF00704
A0AAT9PUZ1,1,PF00704
A0AAT9PV21,1,PF00704
A0AAT9PY16,2,G3DSA:3.20.20.370
A0AAT9PY16,2,PF00704
A0AAT9QP59,1,PS51910
A0AAT9QUN7,1,PF00704
A0AAT9R6G0,1,PF00704
A0AAT9RNP5,1,PF00704
A0AAT9RNS7,1,PF00704
A0AAT9S2B6,1,PF00704
A0AAT9SHA0,1,PF00704
A0AAT9TA79,1,PF00704
A0AAT9TBK8,1,PF00704
A0AAT9TDY4,1,PF00704
A0AAT9TMP9,1,PF00704
A0AAT9TQ74,1,PF00704
A0AAT9TS33,1,PF00704
A0AAT9UWK2,1,PF00704
A0AAT9V0F0,1,PF00704
A0AAT9V2N7,1,PF00704
A0AAT9V2U7,1,PF00704
A0AAT9V4V6,1,PF00704
A0AAT9VZH3,1,PF00704
A0AAT9W911,1,PF00704
A0AAU0BBW9,1,PF00704
A0AAU0LBN9,1,PF00704
A0AAU0LQM6,2,G3DSA:3.20.20.370
A0AAU0LQM6,2,PF00704
A0AAU0M3A7,1,PF00704
A0AAU0N1N0,1,PF00704
A0AAU0N1P3,1,PF00704
A0AAU0N4B0,1,PF00704
A0AAU0NLC7,1,PF00704
A0AAU0NVD8,1,PF00704
A0AAU0NVP8,1,PF00704
A0AAU0NZF9,1,PF00704
A0AAU0P0E0,1,PF00704
A0AAU0QP28,1,PF00704
A0AAU0QQ38,1,PF00704
A0AAU0QWS4,1,PF00704
A0AAU0R116,2,G3DSA:3.20.20.370
A0AAU0R116,2,PF00704
A0AAU0R756,1,PF00704
A0AAU0R7A0,1,PF00704
A0AAU0REM6,1,PF00704
A0AAU0RL88,2,PF00704
A0AAU0RLU2,1,PF00704
A0AAU0TKP8,1,PF00704
A0AAU0UJF7,1,PF00704
A0AAU0UK97,1,PF00704
A0AAU0ULK3,1,PF00704
A0AAU0UNU8,1,PF00704
A0AAU0USQ8,1,PF00704
A0AAU0UX16,1,PF00704
A0AAU0UX53,1,PF00704
A0AAU0UY30,1,PF00704
A0AAU0V6K4,1,PF00704
A0AAU0V704,1,PF00704
A0AAU0V7N7,1,PF00704
A0AAU0V8H3,1,PF00704
A0AAU0VKY8,1,PS51910
A0AAU0VQX7,1,PF00704
A0AAU0VRQ9,1,PF00704
A0AAU0VTB8,1,PS51910
A0AAU0VTT9,1,PS51910
A0AAU0VUQ5,1,PS51910
A0AAU0VW72,1,PF00704
A0AAU0W003,1,PS51910
A0AAU0W224,1,PS51910
A0AAU0W854,1,PS51910
A0AAU0WBR5,1,PF00704
A0AAU0WEX8,1,PF00704
A0AAU0WFT6,1,PF00704
A0AAU0WJJ0,2,PS51910
A0AAU0WJJ0,2,SSF51445
A0AAU0WJW2,1,PF00704
A0AAU0WPJ6,1,PF00704
A0AAU0WPM4,1,PF00704
A0AAU0WRU1,1,PF00704
A0AAU0WUP8,1,PF00704
A0AAU0X0Z7,1,PS51910
A0AAU0X4J3,1,PF00704
A0AAU0X4Q3,1,PF00704
A0AAU0XIA8,1,PF00704
A0AAU0XKH8,1,PF00704
A0AAU0XMM0,1,PS51910
A0AAU0XT19,1,PF00704
A0AAU0XTD7,1,PF00704
A0AAU0XUS8,1,PF00704
A0AAU0XWL6,1,PF00704
A0AAU0XY75,1,PF00704
A0AAU0Y1D4,1,PS51910
A0AAU0Y4R2,1,PS51910
A0AAU0Y8Y4,1,PF00704
A0AAU0YA36,1,PF00704
A0AAU0YBW5,1,PF00704
A0AAU0YDE8,1,PF00704
A0AAU0YH70,1,PS51910
A0AAU0YL65,1,PF00704
A0AAU0YS14,1,PF00704
A0AAU0YS56,1,PF00704
A0AAU0YTD9,1,PF00704
A0AAU0YXQ2,1,PF00704
A0AAU0Z0P9,1,PS51910
A0AAU0Z6V9,1,PF00704
A0AAU0Z921,1,PF00704
A0AAU0ZRT7,1,PF00704
A0AAU0ZT37,1,PF00704
A0AAU0ZXR0,1,PS51910
A0AAU1A2I9,1,PF00704
A0AAU1A4Y7,1,PF00704
A0AAU1A697,1,PF00704
A0AAU1A9W9,1,PF00704
A0AAU1AJV9,1,PF00704
A0AAU1AQ48,1,PF00704
A0AAU1AUV8,1,PF00704
A0AAU1AVL9,1,PS51910
A0AAU1AYI2,1,PF00704
A0AAU1B0A6,1,PF00704
A0AAU1B0B5,1,PF00704
A0AAU1B898,1,PF00704
A0AAU1BAX8,1,PF00704
A0AAU1BFG7,1,PF00704
A0AAU1BFK2,1,PS51910
A0AAU1BFL6,1,PF00704
A0AAU1BIH2,1,PS51910
A0AAU1BJZ0,1,PF00704
A0AAU1BLH0,1,PF00704
A0AAU1BLX8,1,PF00704
A0AAU1BPK2,1,PF00704
A0AAU1BQG8,1,PF00704
A0AAU1BWR8,1,PF00704
A0AAU1BY93,1,PF00704
A0AAU1BZF6,1,PF00704
A0AAU1C1G4,1,PS51910
A0AAU1C2X3,1,PF00704
A0AAU1C5I4,1,PF00704
A0AAU1C6E5,1,PF00704
A0AAU1C6G9,1,PF00704
A0AAU1C748,1,PF00704
A0AAU1C7W3,1,PF00704
A0AAU1C7Y0,1,PF00704
A0AAU1C8M0,1,PF00704
A0AAU1C998,1,PF00704
A0AAU1CG67,1,PS51910
A0AAU1CG83,1,PF00704
A0AAU1CJ92,1,PF00704
A0AAU1CJK0,1,PF00704
A0AAU1CN10,1,PF00704
A0AAU1CPE7,1,PS51910
A0AAU1CTD4,1,PF00704
A0AAU1CU40,1,PF00704
A0AAU1CUP7,1,PF00704
A0AAU1CW48,1,PF00704
A0AAU1D0D9,2,G3DSA:2.10.10.20:FF:000001
A0AAU1D0D9,2,PF00704
A0AAU1D0F6,1,PS51910
A0AAU1D2Z8,1,PF00704
A0AAU1D761,1,PF00704
A0AAU1D7C2,1,PF00704
A0AAU1DBE8,1,PS51910
A0AAU1DDK3,1,PF00704
A0AAU1DGX3,1,PF00704
A0AAU1DHQ4,1,PF00704
A0AAU1DIN3,1,PF00704
A0AAU1DP88,1,PS51910
A0AAU1DT12,1,PF00704
A0AAU1DXH6,1,PF00704
A0AAU1E2M4,1,PF00704
A0AAU1E5R0,1,PF00704
A0AAU1E6C6,1,PS51910
A0AAU1EA25,1,PS51910
A0AAU1EBL6,1,PF00704
A0AAU1ECM6,1,PF00704
A0AAU1ED88,1,PF00704
A0AAU1EE02,1,PF00704
A0AAU1EFT0,1,PS51910
A0AAU1EGQ3,1,PF00704
A0AAU1EIG1,1,PF00704
A0AAU1EKZ0,1,PF00704
A0AAU1ENK3,1,PF00704
A0AAU1EYF7,1,PF00704
A0AAU1EYR2,1,PF00704
A0AAU1F0K0,1,PF00704
A0AAU1F1J5,1,PS51910
A0AAU1F5U9,1,PF00704
A0AAU1FAT5,1,PF00704
A0AAU1FFL9,1,PF00704
A0AAU1FI17,1,PS51910
A0AAU1FL24,1,PF00704
A0AAU1FNV6,1,PF00704
A0AAU1FPK7,1,PS51910
A0AAU1FQB2,1,PF00704
A0AAU1FQF0,1,PF00704
A0AAU1FRT0,1,PS51910
A0AAU1FS64,3,PS51910
A0AAU1FS64,3,SSF51445
A0AAU1FX99,1,PS51910
A0AAU1G2Z3,1,PF00704
A0AAU1G4M9,1,PF00704
A0AAU1G980,1,PF00704
A0AAU1GBB6,1,PF00704
A0AAU1GE95,1,PF00704
A0AAU1GHH9,1,PS51910
A0AAU1GHL4,1,PS51910
A0AAU1GLQ0,1,PF00704
A0AAU1GNP0,1,PF00704
A0AAU1GQ04,1,PS51910
A0AAU1GXW8,1,PF00704
A0AAU1GYQ9,1,PF00704
A0AAU1GZ70,1,PF00704
A0AAU1H111,1,PF00704
A0AAU1H2M3,1,PS51910
A0AAU1H3T4,1,PF00704
A0AAU1H750,1,PF00704
A0AAU1H9Q8,1,PS51910
A0AAU1HFA6,1,PF00704
A0AAU1HG16,1,PF00704
A0AAU1HHG0,1,PF00704
A0AAU1HK43,1,PF00704
A0AAU1HKC1,1,PS51910
A0AAU1HLP2,1,PF00704
A0AAU1HVZ2,1,PF00704
A0AAU1HX31,1,PF00704
A0AAU1HXX6,1,PF00704
A0AAU1I0V5,1,PS51910
A0AAU1I200,1,PF00704
A0AAU1I555,1,PF00704
A0AAU1I6W3,1,PF00704
A0AAU1IAE1,1,PS51910
A0AAU1IF35,1,PS51910
A0AAU1IFX4,1,PS51910
A0AAU1IFZ0,1,PS51910
A0AAU1IGH2,1,PS51910
A0AAU1II59,1,PF00704
A0AAU1IJD0,1,PF00704
A0AAU1IKL5,1,PF00704
A0AAU1IKR2,1,PF00704
A0AAU1IS83,1,PS51910
A0AAU1IVB6,1,PF00704
A0AAU1J140,1,PF00704
A0AAU1J198,1,PF00704
A0AAU1J285,1,PS51910
A0AAU1J3Q2,1,PS51910
A0AAU1J4F9,1,PF00704
A0AAU1JBZ0,1,PS51910
A0AAU1JED8,1,PF00704
A0AAU1JIU2,1,PF00704
A0AAU1JL86,1,PS51910
A0AAU1JLW8,1,PF00704
A0AAU1JMC9,1,PF00704
A0AAU1JMI1,1,PF00704
A0AAU1JPG3,1,PS51910
A0AAU1JQK9,1,PS51910
A0AAU1JT60,1,PS51910
A0AAU1JUS8,1,PF00704
A0AAU1KB26,1,PF00704
A0AAU1KCP1,1,PF00704
A0AAU1KEL1,1,PF00704
A0AAU1KGD6,1,PF00704
A0AAU1KJT1,1,PF00704
A0AAU1KPX7,1,PF00704
A0AAU1KUN9,1,PF00704
A0AAU1L0X5,1,PF00704
A0AAU1L2R4,1,PF00704
A0AAU1L7I7,1,PF00704
A0AAU1LCJ5,1,PF00704
A0AAU1LE87,1,PF00704
A0AAU1LFB3,1,PF00704
A0AAU1LHV5,1,PF00704
A0AAU1LMD2,1,PF00704
A0AAU1LX74,1,PF00704
A0AAU1LXX6,1,PF00704
A0AAU1LYQ3,1,PF00704
A0AAU1LZL0,1,PF00704
A0AAU1M2G0,1,PF00704
A0AAU1M4L3,1,PS51910
A0AAU1M8H5,1,PF00704
A0AAU1M9L8,1,PF00704
A0AAU1MBT7,1,PF00704
A0AAU1MCP2,1,PS51910
A0AAU1MG97,1,PS51910
A0AAU1MXJ1,1,PF00704
A0AAU1MYD9,1,PF00704
A0AAU1N0H8,1,PF00704
A0AAU1N2K4,1,PF00704
A0AAU1N3X5,1,PF00704
A0AAU1N4J2,1,PF00704
A0AAU1N628,1,PS51910
A0AAU1N9B2,1,PS51910
A0AAU1NQB0,1,PS51910
A0AAU1NQZ4,1,PF00704
A0AAU1NRF5,1,PF00704
A0AAU1NSZ6,1,PF00704
A0AAU1NTH7,1,PF00704
A0AAU1NVB4,1,PS51910
A0AAU1P3V7,1,PS51910
A0AAU1P7H3,1,PF00704
A0AAU1P852,1,PF00704
A0AAU1PCF8,1,PF00704
A0AAU1PCN8,1,PS51910
A0AAU1PCP9,1,PF00704
A0AAU1PDW2,1,PF00704
A0AAU1PFK2,1,PS51910
A0AAU1PFM4,1,PF00704
A0AAU1PH99,1,PF00704
A0AAU1PI89,1,PF00704
A0AAU1PIL3,1,PF00704
A0AAU1PJ00,1,PF00704
A0AAU1PKZ1,2,G3DSA:2.10.10.20:FF:000001
A0AAU1PKZ1,2,PS51910
A0AAU1PM07,1,PF00704
A0AAU1PMH4,1,PF00704
A0AAU1PS23,1,PS51910
A0AAU1PVJ5,1,PF00704
A0AAU1PWC5,1,PF00704
A0AAU1PXB4,1,PS51910
A0AAU1PXD1,1,PF00704
A0AAU1Q1Y4,1,PF00704
A0AAU1Q2Z8,1,PF00704
A0AAU1Q3X4,1,PF00704
A0AAU1Q4X1,1,PF00704
A0AAU1Q740,2,G3DSA:2.10.10.20:FF:000001
A0AAU1Q740,2,PF00704
A0AAU1Q7E2,1,PS51910
A0AAU1QB06,1,PF00704
A0AAU1QCF7,1,PF00704
A0AAU1QQJ0,1,PF00704
A0AAU1QVU5,1,PS51910
A0AAU1QZW3,1,PF00704
A0AAU1R095,1,PS51910
A0AAU1R2G3,1,PF00704
A0AAU1R4V2,1,PF00704
A0AAU1R7X4,1,PF00704
A0AAU1R8C6,1,PF00704
A0AAU1RDM5,1,PF00704
A0AAU1RH53,1,PF00704
A0AAU1RHB7,1,PF00704
A0AAU1RIY7,1,PF00704
A0AAU1RMD5,1,PS51910
A0AAU1RNZ4,1,PS51910
A0AAU1RUS6,1,PF00704
A0AAU1RYJ9,1,PS51910
A0AAU1S435,1,PF00704
A0AAU1S6I0,1,PF00704
A0AAU1S7S4,1,PF00704
A0AAU1S9R5,1,PS51910
A0AAU1SC77,1,PS51910
A0AAU1SCQ0,1,PF00704
A0AAU1SFS8,1,PF00704
A0AAU1SLM6,1,PF00704
A0AAU1SVL0,1,PS51910
A0AAU1SX50,1,PF00704
A0AAU1SY75,1,PS51910
A0AAU1SZB0,1,PF00704
A0AAU1T1V0,1,PF00704
A0AAU1T1X6,1,PF00704
A0AAU1T8E0,1,PF00704
A0AAU1TA39,1,PF00704
A0AAU1TAS8,1,PF00704
A0AAU1TDA6,1,PF00704
A0AAU1TDV1,1,PS51910
A0AAU1TI33,1,PS51910
A0AAU1TW05,1,PF00704
A0AAU1TYM4,1,PF00704
A0AAU1TZG7,1,PF00704
A0AAU1UDZ7,1,PS51910
A0AAU1UEB2,1,PS51910
A0AAU1UID9,1,PF00704
A0AAU1UJX7,1,PF00704
A0AAU1UN21,1,PF00704
A0AAU1UNA7,1,PF00704
A0AAU1UT07,1,PF00704
A0AAU1UXH5,1,PS51910
A0AAU1V0E8,1,PF00704
A0AAU1V3D9,1,PF00704
A0AAU1VEQ6,1,PF00704
A0AAU1VF42,1,PF00704
A0AAU1VJI1,1,PS51910
A0AAU1VPT6,1,PF00704
A0AAU1VPZ1,1,PF00704
A0AAU1VQ23,1,PF00704
A0AAU1VRP3,1,PF00704
A0AAU1VSW7,1,PF00704
A0AAU1VWI2,1,PF00704
A0AAU1VXP6,1,PS51910
A0AAU1W7Q6,1,PF00704
A0AAU1WDV4,1,PS51910
A0AAU1WGG5,1,PS51910
A0AAU1WGX3,1,PF00704
A0AAU1WJP5,1,PF00704
A0AAU1WLM6,1,PF00704
A0AAU1WN71,1,PF00704
A0AAU1WP10,1,PS51910
A0AAU1WQE4,1,PF00704
A0AAU1WSB2,1,PF00704
A0AAU1WY99,1,PF00704
A0AAU1X2J7,1,PF00704
A0AAU1XB02,1,PF00704
A0AAU1XFF8,1,PF00704
A0AAU1XJ17,1,PF00704
A0AAU1XKB1,1,PF00704
A0AAU1XL23,1,PF00704
A0AAU1XSZ5,1,PS51910
A0AAU1XT82,1,PF00704
A0AAU1YBW6,1,PF00704
A0AAU1YGP8,1,PF00704
A0AAU1YKA3,1,PF00704
A0AAU1YN58,1,PF00704
A0AAU1YSK3,1,PF00704
A0AAU1YWY4,1,PF00704
A0AAU1Z2K7,1,PF00704
A0AAU1Z2Y0,1,PF00704
A0AAU1Z3Z5,1,PF00704
A0AAU1Z8E7,1,PF00704
A0AAU1ZBL6,1,PS51910
A0AAU1ZBN3,1,PF00704
A0AAU1ZG76,1,PF00704
A0AAU1ZP88,1,PF00704
A0AAU1ZPU9,1,PF00704
A0AAU1ZRC1,1,PF00704
A0AAU1ZVP4,1,PF00704
A0AAU2AAV9,1,PF00704
A0AAU2AHM9,1,PF00704
A0AAU2AM93,1,PS51910
A0AAU2ANV6,1,PF00704
A0AAU2AP67,1,PF00704
A0AAU2APS1,1,PF00704
A0AAU2AR44,1,PS51910
A0AAU2ASB0,1,PF00704
A0AAU2AVP2,1,PF00704
A0AAU2AYZ6,1,PF00704
A0AAU2B103,1,PF00704
A0AAU2B2V0,1,PS51910
A0AAU2B387,1,PS51910
A0AAU2BD08,1,PF00704
A0AAU2BMA0,1,PF00704
A0AAU2BME7,1,PS51910
A0AAU2BQ66,1,PF00704
A0AAU2BQA4,1,PS51910
A0AAU2BTM2,1,PF00704
A0AAU2BV73,1,PF00704
A0AAU2BX66,1,PS51910
A0AAU2C3D1,1,PF00704
A0AAU2C5C9,1,PF00704
A0AAU2C9S7,1,PS51910
A0AAU2CEG4,1,PF00704
A0AAU2CQQ1,2,PS51910
A0AAU2CQQ1,2,SSF51445
A0AAU2CU71,1,PF00704
A0AAU2CV26,1,PF00704
A0AAU2CXW7,1,PF00704
A0AAU2D0R9,1,PS51910
A0AAU2D2B2,1,PF00704
A0AAU2D5R2,1,PF00704
A0AAU2D8Y6,1,PS51910
A0AAU2DFV5,1,PF00704
A0AAU2DSJ6,1,PF00704
A0AAU2DVV8,2,PS51910
A0AAU2DVV8,2,SSF51445
A0AAU2E266,1,PF00704
A0AAU2E5E1,1,PF00704
A0AAU2E5Z0,1,PF00704
A0AAU2E6M9,1,PF00704
A0AAU2E7T6,1,PF00704
A0AAU2E8R9,1,PS51910
A0AAU2E9K8,1,PF00704
A0AAU2E9N7,1,PS51910
A0AAU2E9V1,1,PF00704
A0AAU2E9X4,1,PF00704
A0AAU2ED23,1,PF00704
A0AAU2EG10,1,PF00704
A0AAU2EI10,1,PF00704
A0AAU2EKG1,1,PF00704
A0AAU2EL84,1,PS51910
A0AAU2ENR8,1,PF00704
A0AAU2EVY6,1,PF00704
A0AAU2FAV1,1,PF00704
A0AAU2FLY8,1,PF00704
A0AAU2FNZ3,1,PF00704
A0AAU2FUN2,1,PF00704
A0AAU2FWA3,1,PF00704
A0AAU2FYC4,1,PF00704
A0AAU2G1D4,1,PF00704
A0AAU2G1I8,1,PF00704
A0AAU2G1M0,1,PS51910
A0AAU2G3R1,1,PF00704
A0AAU2G7N1,1,PF00704
A0AAU2G9A0,1,PF00704
A0AAU2GAV1,1,PF00704
A0AAU2GGT2,1,PF00704
A0AAU2GJ17,1,PF00704
A0AAU2GNR7,1,PF00704
A0AAU2GS74,1,PF00704
A0AAU2GV06,1,PF00704
A0AAU2GW93,1,PF00704
A0AAU2GW98,1,PS51910
A0AAU2GWG8,1,PF00704
A0AAU2GY42,1,PF00704
A0AAU2H5M6,2,G3DSA:2.10.10.20:FF:000001
A0AAU2H5M6,2,PF00704
A0AAU2H5P4,1,PS51910
A0AAU2H6D3,1,PF00704
A0AAU2H8M4,1,PF00704
A0AAU2H9D3,1,PF00704
A0AAU2HB09,1,PF00704
A0AAU2HBA2,1,PF00704
A0AAU2HBF6,1,PF00704
A0AAU2HBN4,1,PF00704
A0AAU2HDY7,1,PF00704
A0AAU2HI16,1,PS51910
A0AAU2HKX1,1,PF00704
A0AAU2HZJ6,1,PF00704
A0AAU2IBJ9,1,PF00704
A0AAU2IF64,1,PS51910
A0AAU2IK21,1,PF00704
A0AAU2IK68,1,PS51910
A0AAU2ILQ4,1,PF00704
A0AAU2IR01,1,PF00704
A0AAU2IRP6,1,PF00704
A0AAU2IXB8,1,PF00704
A0AAU2IY25,1,PF00704
A0AAU2J2Q8,1,PS51910
A0AAU2J5R5,1,PF00704
A0AAU2J7V1,1,PF00704
A0AAU2J7Y4,1,PF00704
A0AAU2JDH7,1,PF00704
A0AAU2JEN9,1,PS51910
A0AAU2JFL1,1,PF00704
A0AAU2JM17,1,PF00704
A0AAU2JQ17,1,PF00704
A0AAU2JV41,1,PF00704
A0AAU2JX28,1,PF00704
A0AAU2JXC5,1,PF00704
A0AAU2JZH4,1,PF00704
A0AAU2K1A9,1,PS51910
A0AAU2K5N3,1,PS51910
A0AAU2K7H6,1,PF00704
A0AAU2K806,1,PS51910
A0AAU2KBP8,1,PF00704
A0AAU2KBY4,1,PF00704
A0AAU2KGT1,1,PF00704
A0AAU2KHG6,1,PF00704
A0AAU2KLL9,1,PS51910
A0AAU2KT48,1,PF00704
A0AAU2KTD4,1,PF00704
A0AAU2L6B5,1,PF00704
A0AAU2L8L4,1,PF00704
A0AAU2L936,1,PS51910
A0AAU2LAN7,1,PF00704
A0AAU2LB00,1,PF00704
A0AAU2LDA1,1,PF00704
A0AAU2LDS9,1,PF00704
A0AAU2LGC5,1,PS51910
A0AAU2LJC1,1,PF00704
A0AAU2LNH4,1,PF00704
A0AAU2LT43,1,PF00704
A0AAU2LTY4,1,PF00704
A0AAU2LXU0,1,PF00704
A0AAU2LY52,1,PF00704
A0AAU2LZ35,1,PF00704
A0AAU2M130,1,PF00704
A0AAU2M4Z2,1,PF00704
A0AAU2M514,1,PF00704
A0AAU2MFA3,1,PF00704
A0AAU2MGB5,1,PF00704
A0AAU2MI58,1,PF00704
A0AAU2MIC6,1,PF00704
A0AAU2ML67,1,PF00704
A0AAU2MXN7,1,PF00704
A0AAU2MYU7,1,PF00704
A0AAU2N5N2,1,PF00704
A0AAU2N9D1,1,PS51910
A0AAU2NAL0,1,PF00704
A0AAU2NC57,1,PF00704
A0AAU2NDA4,1,PF00704
A0AAU2NDP5,1,PS51910
A0AAU2NGR5,1,PS51910
A0AAU2NGS2,1,PF00704
A0AAU2NJJ3,1,PF00704
A0AAU2NMC6,1,PF00704
A0AAU2NPK9,1,PS51910
A0AAU2NQH6,1,PF00704
A0AAU2NQP4,1,PF00704
A0AAU2NQZ9,1,PF00704
A0AAU2NTW0,1,PS51910
A0AAU2NTX7,1,PF00704
A0AAU2P060,1,PF00704
A0AAU2P2P7,1,PF00704
A0AAU2P4P9,1,PF00704
A0AAU2P4Z2,1,PS51910
A0AAU2P5N6,1,PF00704
A0AAU2P6J3,1,PF00704
A0AAU2PF25,1,PF00704
A0AAU2PF41,1,PS51910
A0AAU2PIY6,1,PF00704
A0AAU2PMG1,1,PS51910
A0AAU2PRE4,1,PF00704
A0AAU2PWT7,1,PF00704
A0AAU2PYG0,1,PF00704
A0AAU2Q341,1,PF00704
A0AAU2Q7Z8,1,PF00704
A0AAU2QAA5,1,PF00704
A0AAU2QAT6,1,PF00704
A0AAU2QHT4,1,PS51910
A0AAU2QJX5,1,PF00704
A0AAU2QLD3,1,PF00704
A0AAU2QQZ5,1,PS51910
A0AAU2QY66,1,PF00704
A0AAU2R3F2,1,PS51910
A0AAU2RDD8,1,PF00704
A0AAU2RXF8,1,PF00704
A0AAU2RYP4,1,PF00704
A0AAU2S4B0,1,PS51910
A0AAU2SAQ5,1,PF00704
A0AAU2SDQ8,1,PF00704
A0AAU2SIA9,1,PS51910
A0AAU2ST64,1,PS51910
A0AAU2SWI4,1,PF00704
A0AAU2SWN0,1,PF00704
A0AAU2T6B8,1,PS51910
A0AAU2T6S2,1,PF00704
A0AAU2TLM1,1,PF00704
A0AAU2TNS8,1,PS51910
A0AAU2TTB2,1,PF00704
A0AAU2TVY2,1,PF00704
A0AAU2U1J3,1,PS51910
A0AAU2U917,1,PF00704
A0AAU2U943,1,PF00704
A0AAU2UCR8,1,PF00704
A0AAU2UD97,1,PF00704
A0AAU2UNE1,1,PF00704
A0AAU2UPK6,1,PF00704
A0AAU2US32,1,PF00704
A0AAU2UW44,1,PF00704
A0AAU2UXQ7,1,PF00704
A0AAU2UYC9,1,PF00704
A0AAU2V2Q8,1,PF00704
A0AAU2V3P5,1,PF00704
A0AAU2V9X3,2,G3DSA:2.10.10.20:FF:000001
A0AAU2V9X3,2,PF00704
A0AAU2VD65,1,PF00704
A0AAU2VD92,1,PF00704
A0AAU2VDS6,1,PS51910
A0AAU2VH98,1,PF00704
A0AAU2VI08,1,PF00704
A0AAU2VIS0,1,PF00704
A0AAU2VKG1,1,PF00704
A0AAU2VL39,1,PF00704
A0AAU2VMC1,1,PF00704
A0AAU2VN27,1,PF00704
A0AAU2VP25,1,PF00704
A0AAU2VUQ4,1,PS51910
A0AAU2VZP0,1,PF00704
A0AAU2W2A3,1,PS51910
A0AAU2WEA6,1,PS51910
A0AAU2WI42,1,PF00704
A0AAU2WIH3,1,PS51910
A0AAU2WM08,1,PS51910
A0AAU2WM79,1,PF00704
A0AAU2WNS1,1,PF00704
A0AAU2XDD9,1,PF00704
A0AAU2XNB7,1,PS51910
A0AAU2XR59,1,PF00704
A0AAU2XWI9,1,PF00704
A0AAU2XYB0,1,PF00704
A0AAU2XZ53,1,PS51910
A0AAU2Y2Y3,1,PF00704
A0AAU2YAS0,1,PF00704
A0AAU2YCF2,1,PF00704
A0AAU2YDV9,1,PF00704
A0AAU2YE74,1,PS51910
A0AAU2YG42,1,PF00704
A0AAU2YHC1,1,PF00704
A0AAU2YIA8,1,PF00704
A0AAU2YPK7,1,PS51910
A0AAU2YRE0,1,PF00704
A0AAU2YRQ6,1,PF00704
A0AAU2YVP9,1,PF00704
A0AAU2Z145,1,PF00704
A0AAU2Z5Z6,1,PS51910
A0AAU2ZCJ1,1,PF00704
A0AAU2ZDK2,1,PF00704
A0AAU2ZDR1,1,PS51910
A0AAU2ZEI4,1,PF00704
A0AAU2ZGS3,1,PF00704
A0AAU2ZN78,1,PF00704
A0AAU2ZP13,1,PS51910
A0AAU2ZZW2,1,PF00704
A0AAU3A720,1,PF00704
A0AAU3A763,1,PS51910
A0AAU3A7A9,1,PS51910
A0AAU3A9T3,1,PF00704
A0AAU3ACY3,1,PF00704
A0AAU3AD11,1,PF00704
A0AAU3AHR3,1,PF00704
A0AAU3AIN5,1,PF00704
A0AAU3AJ34,1,PF00704
A0AAU3AJE3,1,PF00704
A0AAU3AKB1,1,PS51910
A0AAU3AMK0,1,PF00704
A0AAU3APL3,2,G3DSA:2.10.10.20:FF:000001
A0AAU3APL3,2,PF00704
A0AAU3APM8,1,PS51910
A0AAU3AUY6,1,PF00704
A0AAU3AVY8,1,PF00704
A0AAU3AWY5,1,PF00704
A0AAU3AXR7,1,PF00704
A0AAU3AYF6,1,PF00704
A0AAU3AYL7,1,PF00704
A0AAU3AZ72,1,PF00704
A0AAU3AZ83,1,PF00704
A0AAU3B6V1,1,PF00704
A0AAU3BB58,1,PS51910
A0AAU3BCJ6,1,PF00704
A0AAU3BFU7,1,PF00704
A0AAU3BJN3,1,PF00704
A0AAU3BLM3,1,PS51910
A0AAU3BTX4,1,PF00704
A0AAU3BVS7,1,PS51910
A0AAU3BZJ5,1,PF00704
A0AAU3C2G5,1,PF00704
A0AAU3C6R8,1,PS51910
A0AAU3C7J7,1,PF00704
A0AAU3CAI3,1,PF00704
A0AAU3CFI2,1,PF00704
A0AAU3CHI0,1,PS51910
A0AAU3CJI8,1,PS51910
A0AAU3CMP5,1,PF00704
A0AAU3CP04,1,PF00704
A0AAU3CTB4,1,PS51910
A0AAU3CXM3,1,PF00704
A0AAU3D6J0,1,PF00704
A0AAU3D752,1,PF00704
A0AAU3DAX7,1,PS51910
A0AAU3DAZ6,1,PF00704
A0AAU3DGN2,1,PF00704
A0AAU3DGY8,1,PF00704
A0AAU3DH51,1,PF00704
A0AAU3DHM1,1,PF00704
A0AAU3DIB6,1,PS51910
A0AAU3DIP2,1,PF00704
A0AAU3DKF6,1,PF00704
A0AAU3DM62,1,PF00704
A0AAU3DUI4,1,PF00704
A0AAU3DV97,1,PF00704
A0AAU3DYP4,1,PF00704
A0AAU3E089,1,PS51910
A0AAU3E213,1,PF00704
A0AAU3E246,1,PF00704
A0AAU3EA28,1,PF00704
A0AAU3ECM2,1,PF00704
A0AAU3EHG9,1,PS51910
A0AAU3EN21,1,PS51910
A0AAU3EPC6,1,PF00704
A0AAU3ESB9,1,PF00704
A0AAU3ETE0,1,PF00704
A0AAU3EUC5,1,PS51910
A0AAU3EWN3,1,PF00704
A0AAU3F3M4,1,PS51910
A0AAU3F6R7,1,PF00704
A0AAU3F6W8,1,PF00704
A0AAU3F9M6,1,PF00704
A0AAU3FCT1,1,PF00704
A0AAU3FGJ7,1,PS51910
A0AAU3FHE7,1,PF00704
A0AAU3FHG4,1,PF00704
A0AAU3FHK3,1,PF00704
A0AAU3FMA1,1,PF00704
A0AAU3FSK7,1,PF00704
A0AAU3FT34,1,PF00704
A0AAU3FVG1,1,PF00704
A0AAU3G0H5,1,PF00704
A0AAU3G2K5,1,PF00704
A0AAU3G793,1,PF00704
A0AAU3G7U5,1,PS51910
A0AAU3G9I7,1,PF00704
A0AAU3GFY2,1,PF00704
A0AAU3GJ92,1,PF00704
A0AAU3GNU3,1,PF00704
A0AAU3GU53,1,PF00704
A0AAU3GYP7,1,PS51910
A0AAU3H4V1,1,PF00704
A0AAU3H616,1,PF00704
A0AAU3HBL1,1,PF00704
A0AAU3HBN1,1,PS51910
A0AAU3HC65,1,PF00704
A0AAU3HCK1,1,PF00704
A0AAU3HV64,1,PF00704
A0AAU3HZU3,1,PS51910
A0AAU3I2L4,1,PF00704
A0AAU3I584,1,PS51910
A0AAU3I5V8,1,PF00704
A0AAU3IAP3,1,PS51910
A0AAU3IC84,1,PS51910
A0AAU3IED7,1,PF00704
A0AAU3IG86,1,PF00704
A0AAU3IMM0,1,PF00704
A0AAU3IV29,1,PS51910
A0AAU3J293,1,PF00704
A0AAU3J2T1,1,PF00704
A0AAU3J6P2,1,PS51910
A0AAU3J748,1,PF00704
A0AAU3JAE1,1,PF00704
A0AAU3JCK3,1,PF00704
A0AAU3JEJ1,2,PS51910
A0AAU3JEJ1,2,SSF51445
A0AAU3JU32,1,PF00704
A0AAU3K5K4,1,PF00704
A0AAU3K871,2,PS51910
A0AAU3K871,2,SSF51445
A0AAU3L5Q1,1,PF00704
A0AAU3L648,1,PF00704
A0AAU3LHN0,1,PF00704
A0AAU3LIQ4,1,PS51910
A0AAU3LIS2,1,PS51910
A0AAU3LJF0,1,PF00704
A0AAU3LKP8,1,PF00704
A0AAU3LKV8,1,PF00704
A0AAU3LLM7,1,PF00704
A0AAU3LME3,1,PF00704
A0AAU3LP89,1,PF00704
A0AAU3LQ81,1,PF00704
A0AAU3LR73,1,PS51910
A0AAU3LS34,1,PF00704
A0AAU3LTS5,1,PF00704
A0AAU3LU00,1,PF00704
A0AAU3LU74,1,PF00704
A0AAU3M4S5,1,PF00704
A0AAU3M8A2,1,PF00704
A0AAU3MC35,1,PF00704
A0AAU3MC96,1,PF00704
A0AAU3MGA0,1,PS51910
A0AAU3MJ65,1,PF00704
A0AAU3ML49,1,PS51910
A0AAU3N2R1,1,PF00704
A0AAU3N2R9,1,PF00704
A0AAU3N4M7,1,PS51910
A0AAU3N5H2,1,PF00704
A0AAU3N9R6,1,PF00704
A0AAU3NGK8,1,PF00704
A0AAU3NGW0,1,PS51910
A0AAU3NI64,1,PS51910
A0AAU3NL13,3,PS51910
A0AAU3NL13,3,SSF51445
A0AAU3NMJ7,1,PS51910
A0AAU3NV06,1,PS51910
A0AAU3P039,1,PF00704
A0AAU3P0C4,1,PF00704
A0AAU3P0V6,1,PS51910
A0AAU3P442,1,PS51910
A0AAU3PCN4,1,PF00704
A0AAU3PLQ5,1,PF00704
A0AAU3QFT8,1,PF00704
A0AAU3QH24,1,PF00704
A0AAU3QPI0,1,PF00704
A0AAU3QSE8,1,PF00704
A0AAU3QT36,1,PF00704
A0AAU3QT65,1,PF00704
A0AAU3QWN1,1,PF00704
A0AAU3QWU2,1,PF00704
A0AAU3R6G9,1,PF00704
A0AAU3RD67,1,PF00704
A0AAU3RGA7,1,PF00704
A0AAU3RGU3,1,PF00704
A0AAU3RKY9,1,PS51910
A0AAU3RLD6,1,PF00704
A0AAU3RSJ3,1,PF00704
A0AAU3RTG8,1,PF00704
A0AAU3RTT5,1,PF00704
A0AAU3RU17,1,PF00704
A0AAU3RUC4,1,PF00704
A0AAU3RV48,1,PF00704
A0AAU3RZW7,1,PS51910
A0AAU3RZX7,2,G3DSA:2.10.10.20:FF:000001
A0AAU3RZX7,2,PF00704
A0AAU3S595,1,PF00704
A0AAU3S5J5,1,PF00704
A0AAU3S7I3,1,PF00704
A0AAU3S842,1,PS51910
A0AAU3S8Q0,1,PF00704
A0AAU3SAL2,1,PF00704
A0AAU3SBA9,1,PF00704
A0AAU3SC16,1,PF00704
A0AAU3SDM5,1,PF00704
A0AAU3SL48,1,PF00704
A0AAU3SR66,1,PF00704
A0AAU3SSG4,1,PF00704
A0AAU3SSS0,1,PF00704
A0AAU3SU77,1,PF00704
A0AAU3SY84,1,PS51910
A0AAU3SYH4,1,PF00704
A0AAU3T3Q0,1,PF00704
A0AAU3T865,1,PF00704
A0AAU3T8R5,1,PF00704
A0AAU3TIQ9,1,PF00704
A0AAU3TJA9,1,PF00704
A0AAU3TPX9,2,PS51910
A0AAU3TPX9,2,SSF51445
A0AAU3TSY7,1,PF00704
A0AAU3TU42,1,PF00704
A0AAU3TWS6,1,PF00704
A0AAU3U053,1,PS51910
A0AAU3U141,1,PF00704
A0AAU3U522,1,PF00704
A0AAU3U969,1,PS51910
A0AAU3V7T1,1,PF00704
A0AAU3V8Z3,1,PF00704
A0AAU3VC04,1,PF00704
A0AAU3VH63,1,PS51910
A0AAU3VJ45,1,PS51910
A0AAU3VJ90,1,PF00704
A0AAU3VVJ2,1,PF00704
A0AAU3W093,1,PS51910
A0AAU3W107,1,PF00704
A0AAU3W673,1,PF00704
A0AAU3W7C8,1,PS51910
A0AAU3W7X4,1,PF00704
A0AAU3W980,1,PF00704
A0AAU3WAK7,1,PS51910
A0AAU3WBX2,3,PS51910
A0AAU3WBX2,3,SSF51445
A0AAU3WC49,1,PS51910
A0AAU3WJQ4,1,PS51910
A0AAU3WRW7,1,PF00704
A0AAU3WS77,1,PF00704
A0AAU3WYQ7,1,PS51910
A0AAU3X0X0,1,PF00704
A0AAU3XH02,1,PF00704
A0AAU3Y199,1,PF00704
A0AAU3Y2A1,1,PF00704
A0AAU3Y420,1,PF00704
A0AAU3Y7K9,1,PF00704
A0AAU3YE18,1,PS51910
A0AAU3YKB7,1,PF00704
A0AAU3YKF0,1,PF00704
A0AAU3YW27,1,PS51910
A0AAU3Z612,1,PS51910
A0AAU3ZAT8,1,PF00704
A0AAU3ZAW0,1,PF00704
A0AAU3ZG69,1,PF00704
A0AAU3ZGP5,1,PF00704
A0AAU3ZL45,1,PS51910
A0AAU3ZW22,1,PF00704
A0AAU3ZXS9,1,PS51910
A0AAU3ZZ67,1,PF00704
A0AAU3ZZC5,1,PF00704
A0AAU4A0B6,1,PS51910
A0AAU4A127,1,PS51910
A0AAU4A505,1,PF00704
A0AAU4A9H4,1,PF00704
A0AAU4AEP4,1,PF00704
A0AAU4AG25,1,PF00704
A0AAU4AJP9,1,PF00704
A0AAU4AK61,1,PS51910
A0AAU4ALH4,2,G3DSA:2.10.10.20:FF:000001
A0AAU4ALH4,2,PS51910
A0AAU4AMI2,1,PF00704
A0AAU4AS54,1,PF00704
A0AAU4AS72,1,PF00704
A0AAU4ASW4,1,PF00704
A0AAU4AYY3,1,PF00704
A0AAU4B1A2,1,PS51910
A0AAU4B216,1,PS51910
A0AAU4B377,1,PS51910
A0AAU4B5U3,1,PF00704
A0AAU4B5X5,1,PF00704
A0AAU4B6D7,1,PS51910
A0AAU4B6T0,1,PF00704
A0AAU4BFB4,1,PF00704
A0AAU4BJE9,1,PF00704
A0AAU4BLN3,1,PF00704
A0AAU4BM87,1,PF00704
A0AAU4BME8,1,PF00704
A0AAU4BML2,1,PS51910
A0AAU4BML6,1,PF00704
A0AAU4C4U0,1,PF00704
A0AAU4C5A6,1,PF00704
A0AAU4CB13,1,PS51910
A0AAU4CSQ5,1,PF00704
A0AAU4D9R4,1,PF00704
A0AAU4DB45,1,PS51910
A0AAU4DB83,1,PF00704
A0AAU4DEB5,1,PF00704
A0AAU4DER7,1,PS51910
A0AAU4DF30,1,PF00704
A0AAU4DG74,1,PF00704
A0AAU4DGW6,1,PF00704
A0AAU4DH90,1,PF00704
A0AAU4DJ77,1,PS51910
A0AAU4DMB3,1,PF00704
A0AAU4DP75,1,PF00704
A0AAU4DV70,1,PF00704
A0AAU4DVK1,1,PF00704
A0AAU4DXU1,1,PS51910
A0AAU4DY42,1,PS51910
A0AAU4E1L4,1,PS51910
A0AAU4E2N1,1,PF00704
A0AAU4E4K9,1,PF00704
A0AAU4E543,1,PF00704
A0AAU4E631,1,PF00704
A0AAU4E8P7,1,PF00704
A0AAU4E8S0,1,PF00704
A0AAU4EDZ3,1,PF00704
A0AAU4EE48,1,PF00704
A0AAU4EFX2,1,PF00704
A0AAU4EKS1,1,PF00704
A0AAU4ELG5,1,PF00704
A0AAU4EMW9,1,PF00704
A0AAU4EPG1,1,PF00704
A0AAU4EQ10,1,PF00704
A0AAU4ERI8,1,PS51910
A0AAU4ESP1,1,PF00704
A0AAU4EUT6,1,PS51910
A0AAU4EWE1,1,PF00704
A0AAU4EXE8,1,PF00704
A0AAU4EXU8,1,PF00704
A0AAU4EY17,1,PS51910
A0AAU4F282,1,PF00704
A0AAU4F317,1,PF00704
A0AAU4F5U7,1,PF00704
A0AAU4FAG8,1,PF00704
A0AAU4FAH5,1,PF00704
A0AAU4FFE2,1,PF00704
A0AAU4FKB1,1,PF00704
A0AAU4FKH7,1,PF00704
A0AAU4FLB1,1,PF00704
A0AAU4FR52,2,G3DSA:2.10.10.20:FF:000001
A0AAU4FR52,2,PF00704
A0AAU4FT82,1,PS51910
A0AAU4FX48,1,PF00704
A0AAU4FX71,1,PF00704
A0AAU4FXG2,1,PF00704
A0AAU4FY60,1,PF00704
A0AAU4FYQ8,1,PS51910
A0AAU4G4M7,1,PS51910
A0AAU4G5R2,1,PF00704
A0AAU4G8M5,1,PF00704
A0AAU4G8W4,1,PF00704
A0AAU4GB87,1,PF00704
A0AAU4GD85,1,PS51910
A0AAU4GDP5,1,PF00704
A0AAU4GGC3,1,PF00704
A0AAU4GPQ5,1,PF00704
A0AAU4GSD5,1,PS51910
A0AAU4GU39,1,PS51910
A0AAU4GVD0,1,PF00704
A0AAU4GWU9,1,PF00704
A0AAU4GXI6,1,PF00704
A0AAU4H5Z8,1,PF00704
A0AAU4H708,1,PS51910
A0AAU4HF68,1,PS51910
A0AAU4HFA0,1,PS51910
A0AAU4HFR0,1,PF00704
A0AAU4HHS0,1,PF00704
A0AAU4HI40,1,PF00704
A0AAU4HI52,1,PF00704
A0AAU4HJZ0,1,PS51910
A0AAU4HK15,1,PF00704
A0AAU4HKA9,1,PF00704
A0AAU4HL62,1,PF00704
A0AAU4HM39,1,PF00704
A0AAU4HYB7,1,PS51910
A0AAU4I0F9,1,PF00704
A0AAU4I1N1,1,PF00704
A0AAU4I1R6,1,PF00704
A0AAU4I4Y3,1,PF00704
A0AAU4I990,1,PF00704
A0AAU4IGN1,1,PF00704
A0AAU4IK47,1,PF00704
A0AAU4INR0,1,PF00704
A0AAU4INS4,1,PF00704
A0AAU4IQV3,1,PF00704
A0AAU4IRQ3,1,PS51910
A0AAU4IT93,1,PF00704
A0AAU4ITW3,1,PF00704
A0AAU4ITX7,1,PF00704
A0AAU4IWP6,1,PF00704
A0AAU4J1A3,1,PS51910
A0AAU4J3J2,1,PF00704
A0AAU4J4A2,1,PF00704
A0AAU4J574,1,PF00704
A0AAU4J6H4,1,PF00704
A0AAU4J850,1,PF00704
A0AAU4JLN8,1,PF00704
A0AAU4JNI2,1,PF00704
A0AAU4JQ95,1,PF00704
A0AAU4JSS8,1,PF00704
A0AAU4JT06,1,PF00704
A0AAU4KH42,1,PF00704
A0AAU4KI21,1,PS51910
A0AAU4KN29,1,PF00704
A0AAU4KPQ1,1,PF00704
A0AAU4KS27,1,PF00704
A0AAU4KSX0,1,PS51910
A0AAU4KXE5,1,PF00704
A0AAU4L0W5,1,PS51910
A0AAU4L2W6,1,PF00704
A0AAU4L9S5,1,PS51910
A0AAU4LBJ0,1,PF00704
A0AAU4LG32,1,PF00704
A0AAU4LHH5,1,PF00704
A0AAU4LHP4,1,PF00704
A0AAU4LHS3,1,PF00704
A0AAU4LJ86,1,PS51910
A0AAU4LK71,1,PF00704
A0AAU4LKP8,1,PS51910
A0AAU4LM86,1,PF00704
A0AAU4LQ92,1,PF00704
A0AAU4LRJ3,1,PF00704
A0AAU4LS12,1,PF00704
A0AAU4LXI5,1,PS51910
A0AAU4M575,1,PF00704
A0AAU4M5U2,1,PF00704
A0AAU4M8B4,1,PF00704
A0AAU4M8C6,1,PF00704
A0AAU4M973,1,PF00704
A0AAU4M9H5,1,PF00704
A0AAU4MB77,1,PF00704
A0AAU4ME90,1,PF00704
A0AAU4MG99,1,PF00704
A0AAU4MGB4,1,PS51910
A0AAU4MGR9,1,PF00704
A0AAU4MGT2,1,PF00704
A0AAU4MHD3,1,PF00704
A0AAU4MJW4,1,PF00704
A0AAU4ML30,1,PS51910
A0AAU4MMU7,1,PF00704
A0AAU4MRR6,1,PF00704
A0AAU4MY88,1,PS51910
A0AAU4MYA1,1,PF00704
A0AAU4N182,1,PF00704
A0AAU4N2I7,1,PF00704
A0AAU4N3B4,1,PF00704
A0AAU4N3D7,1,PF00704
A0AAU4N400,1,PF00704
A0AAU4N5R9,1,PS51910
A0AAU4N6T8,1,PF00704
A0AAU4P108,1,PF00704
A0AAU4P482,1,PF00704
A0AAU4P4M2,1,PF00704
A0AAU4P6M9,1,PF00704
A0AAU4P7X1,1,PF00704
A0AAU4P8R5,1,PF00704
A0AAU4PGW3,1,PS51910
A0AAU4PH77,1,PF00704
A0AAU4PKR2,1,PF00704
A0AAU4PLY4,1,PF00704
A0AAU4PMZ0,1,PS51910
A0AAU4PN89,1,PF00704
A0AAU4PSL2,1,PF00704
A0AAU4PSM8,1,PF00704
A0AAU4PYL1,1,PS51910
A0AAU4Q2I3,1,PF00704
A0AAU4Q384,1,PF00704
A0AAU4QJG9,1,PF00704
A0AAU4QPB7,1,PF00704
A0AAU4QR87,1,PF00704
A0AAU4QS70,1,PS51910
A0AAU4QWG7,1,PF00704
A0AAU4QZ17,1,PF00704
A0AAU4R0D3,1,PF00704
A0AAU4R1Z6,1,PS51910
A0AAU4R8A2,1,PS51910
A0AAU4R9Y3,1,PF00704
A0AAU4RA53,1,PF00704
A0AAU4RIP4,1,PS51910
A0AAU4RKY8,1,PF00704
A0AAU4RRL1,1,PF00704
A0AAU4RXQ7,1,PF00704
A0AAU4S0P2,2,G3DSA:2.10.10.20:FF:000001
A0AAU4S0P2,2,PF00704
A0AAU4S360,1,PS51910
A0AAU4S4E4,1,PF00704
A0AAU4S882,1,PF00704
A0AAU4S955,1,PF00704
A0AAU4SAF5,1,PS51910
A0AAU4SG76,1,PS51910
A0AAU4SL67,1,PF00704
A0AAU4T463,1,PF00704
A0AAU4TD05,1,PF00704
A0AAU4TJ51,1,PS51910
A0AAU4TQ33,1,PF00704
A0AAU4TS95,1,PF00704
A0AAU4TU99,2,PS51910
A0AAU4TU99,2,SSF51445
A0AAU4TUK1,1,PF00704
A0AAU4U3U6,1,PF00704
A0AAU4UG91,1,PF00704
A0AAU4USQ1,1,PF00704
A0AAU4UUC1,1,PS51910
A0AAU4UYN6,1,PF00704
A0AAU4UZE7,1,PF00704
A0AAU4V3Q4,1,PF00704
A0AAU4V7M9,1,PF00704
A0AAU4VE33,1,PF00704
A0AAU4VFR0,1,PS51910
A0AAU4VJ18,1,PF00704
A0AAU4VNG9,1,PF00704
A0AAU4VSG7,1,PF00704
A0AAU4VU33,1,PF00704
A0AAU4VY15,1,PF00704
A0AAU4W029,1,PF00704
A0AAU4W196,1,PF00704
A0AAU4W2V4,1,PS51910
A0AAU4W4A9,1,PF00704
A0AAU4WCE0,1,PF00704
A0AAU4WLC1,1,PS51910
A0AAU4WP03,1,PS51910
A0AAU4WPF4,1,PF00704
A0AAU4WRV7,1,PF00704
A0AAU4WSW5,1,PF00704
A0AAU4WTY6,1,PF00704
A0AAU4WY46,1,PS51910
A0AAU4X4V3,1,PF00704
A0AAU4X6E9,1,PF00704
A0AAU4X9J8,1,PS51910
A0AAU4XDJ6,1,PF00704
A0AAU4XEP3,1,PF00704
A0AAU4XFQ4,3,PS51910
A0AAU4XFQ4,3,SSF51445
A0AAU4XJW3,1,PS51910
A0AAU4XLA7,1,PS51910
A0AAU4XND6,1,PF00704
A0AAU4XQ55,1,PS51910
A0AAU4XTK7,2,PS51910
A0AAU4XTK7,2,SSF51445
A0AAU4XXG3,1,PF00704
A0AAU4Y0Y6,1,PF00704
A0AAU4Y5M2,1,PF00704
A0AAU4Y915,1,PF00704
A0AAU4YBE2,1,PS51910
A0AAU4YFT0,1,PF00704
A0AAU4YI31,1,PF00704
A0AAU4YJH2,1,PS51910
A0AAU4YPG2,1,PF00704
A0AAU4YPR1,1,PF00704
A0AAU4YQ44,1,PF00704
A0AAU4YR52,1,PF00704
A0AAU4YUF6,1,PF00704
A0AAU4YUW4,1,PS51910
A0AAU4Z223,1,PS51910
A0AAU4Z2G2,1,PF00704
A0AAU4Z2I9,1,PF00704
A0AAU4Z5F6,1,PF00704
A0AAU4Z814,1,PF00704
A0AAU4ZG59,1,PF00704
A0AAU4ZIW1,1,PF00704
A0AAU4ZIY9,1,PF00704
A0AAU4ZJ41,1,PF00704
A0AAU4ZUM0,1,PF00704
A0AAU4ZYD5,1,PF00704
A0AAU4ZZA7,1,PF00704
A0AAU5A5B1,1,PS51910
A0AAU5A843,1,PF00704
A0AAU5AFV6,1,PS51910
A0AAU5AGE0,1,PS51910
A0AAU5AH19,1,PS51910
A0AAU5AK03,1,PF00704
A0AAU5ALC4,1,PF00704
A0AAU5AMH0,1,PF00704
A0AAU5AMQ2,1,PF00704
A0AAU5AUL6,1,PS51910
A0AAU5AVH2,1,PF00704
A0AAU5B149,1,PF00704
A0AAU5B4S1,1,PS51910
A0AAU5B4Z4,1,PF00704
A0AAU5B6Q0,1,PS51910
A0AAU5B9E6,1,PF00704
A0AAU5BAA3,1,PF00704
A0AAU5BMW9,1,PF00704
A0AAU5BPY3,1,PF00704
A0AAU5BWB7,1,PF00704
A0AAU5BWQ5,1,PF00704
A0AAU5BYR2,1,PF00704
A0AAU5C1L5,1,PS51910
A0AAU5C2L8,1,PF00704
A0AAU5C5P1,1,PF00704
A0AAU5C6V2,1,PS51910
A0AAU5C9V2,1,PF00704
A0AAU5CAF1,1,PF00704
A0AAU5CDR7,1,PF00704
A0AAU5CE29,1,PF00704
A0AAU5CIH0,1,PS51910
A0AAU5CP04,1,PF00704
A0AAU5CQ86,1,PF00704
A0AAU5CR46,1,PF00704
A0AAU5CRM7,1,PF00704
A0AAU5CS78,1,PS51910
A0AAU5CTA7,1,PF00704
A0AAU5CVG2,1,PF00704
A0AAU5CVV0,1,PF00704
A0AAU5D2E1,1,PF00704
A0AAU5D471,1,PF00704
A0AAU5D4Q4,1,PF00704
A0AAU5D8B1,1,PF00704
A0AAU5DCE7,1,PF00704
A0AAU5DFD0,1,PF00704
A0AAU5DFR9,1,PS51910
A0AAU5DG69,1,PF00704
A0AAU5DKI9,1,PF00704
A0AAU5DM90,1,PF00704
A0AAU5DN03,1,PF00704
A0AAU5DN96,1,PF00704
A0AAU5DSC6,1,PF00704
A0AAU5DV53,1,PS51910
A0AAU5DVA9,1,PF00704
A0AAU5E0B7,1,PS51910
A0AAU5E4M0,1,PS51910
A0AAU5E5Y2,1,PS51910
A0AAU5E793,1,PS51910
A0AAU5E914,1,PS51910
A0AAU5EA16,1,PF00704
A0AAU5EAM4,1,PF00704
A0AAU5EAV8,1,PF00704
A0AAU5EE73,1,PF00704
A0AAU5EJ04,1,PS51910
A0AAU5ELP3,1,PF00704
A0AAU5EPW6,1,PF00704
A0AAU5ER07,1,PS51910
A0AAU5ESS5,1,PF00704
A0AAU5ETT1,1,PF00704
A0AAU5EXL8,1,PF00704
A0AAU5EXP8,1,PF00704
A0AAU5EZU6,1,PF00704
A0AAU5F1C6,1,PF00704
A0AAU5F1T3,1,PS51910
A0AAU5F1V0,2,G3DSA:2.10.10.20:FF:000001
A0AAU5F1V0,2,PF00704
A0AAU5F8U8,1,PF00704
A0AAU5F9X7,1,PF00704
A0AAU5FA31,1,PS51910
A0AAU5FB02,1,PF00704
A0AAU5FBT2,1,PF00704
A0AAU5FCN3,1,PF00704
A0AAU5FED7,1,PF00704
A0AAU5FEV2,1,PF00704
A0AAU5FI12,1,PF00704
A0AAU5FIR9,1,PS51910
A0AAU5FM95,1,PF00704
A0AAU5FPZ7,2,G3DSA:2.10.10.20:FF:000001
A0AAU5FPZ7,2,PS51910
A0AAU5FQK3,1,PF00704
A0AAU5FTL8,1,PF00704
A0AAU5FTZ3,1,PF00704
A0AAU5FUE0,1,PF00704
A0AAU5FUU3,1,PF00704
A0AAU5FWS5,1,PF00704
A0AAU5FWT6,1,PF00704
A0AAU5FWY5,1,PS51910
A0AAU5FX71,1,PF00704
A0AAU5FY82,1,PF00704
A0AAU5G096,1,PS51910
A0AAU5G0A9,1,PF00704
A0AAU5GHP5,1,PF00704
A0AAU5GR93,1,PF00704
A0AAU5GSK9,1,PF00704
A0AAU5GU69,1,PF00704
A0AAU5GVD4,1,PS51910
A0AAU5GXS0,1,PS51910
A0AAU5H6Q5,1,PF00704
A0AAU5H781,1,PS51910
A0AAU5H785,1,PF00704
A0AAU5HH17,1,PS51910
A0AAU5HH88,1,PF00704
A0AAU5HI54,1,PS51910
A0AAU5HNA1,1,PF00704
A0AAU5HNA6,1,PF00704
A0AAU5HQP7,1,PF00704
A0AAU5HSB9,1,PF00704
A0AAU5HXI3,1,PF00704
A0AAU5HZF9,1,PS51910
A0AAU5I5E7,1,PS51910
A0AAU5I5J8,1,PS51910
A0AAU5I9M4,1,PF00704
A0AAU5I9Q3,1,PF00704
A0AAU5I9T5,1,PF00704
A0AAU5IA03,1,PF00704
A0AAU5IA85,1,PF00704
A0AAU5IB84,1,PS51910
A0AAU5IEB2,1,PF00704
A0AAU5IEU8,1,PF00704
A0AAU5IF85,1,PF00704
A0AAU5ISD4,1,PF00704
A0AAU5IUY8,1,PF00704
A0AAU5IZ17,1,PF00704
A0AAU5IZC4,1,PF00704
A0AAU5J930,1,PF00704
A0AAU5JAG4,1,PF00704
A0AAU5JAZ5,1,PF00704
A0AAU5JD02,1,PF00704
A0AAU5JEM7,1,PF00704
A0AAU5JEV1,1,PF00704
A0AAU5JGW0,1,PF00704
A0AAU5JHD7,1,PS51910
A0AAU5JIW7,1,PF00704
A0AAU5JQ02,1,PF00704
A0AAU5JQA2,1,PF00704
A0AAU5JVU7,1,PF00704
A0AAU5JVW6,1,PS51910
A0AAU5K0F3,1,PF00704
A0AAU5K3I4,1,PF00704
A0AAU5K3Q8,1,PF00704
A0AAU5K7Y2,1,PF00704
A0AAU5K8W3,1,PF00704
A0AAU5KAS2,1,PF00704
A0AAU5KDA1,1,PF00704
A0AAU5KED4,1,PF00704
A0AAU5KGA9,1,PF00704
A0AAU5KGS5,1,PF00704
A0AAU5KGX7,1,PF00704
A0AAU5KIK8,1,PF00704
A0AAU5KJR6,1,PF00704
A0AAU5KLN9,1,PS51910
A0AAU5KN21,1,PF00704
A0AAU5KQ67,1,PS51910
A0AAU5KSY0,1,PF00704
A0AAU5KU88,1,PS51910
A0AAU5KUC2,1,PS51910
A0AAU5KX78,1,PF00704
A0AAU5KXV4,1,PF00704
A0AAU5KYJ1,1,PF00704
A0AAU5L192,1,PF00704
A0AAU5L5D7,1,PF00704
A0AAU5L8D0,1,PF00704
A0AAU5L8D9,1,PF00704
A0AAU5L8H9,1,PF00704
A0AAU5L8W0,1,PF00704
A0AAU5L9H8,1,PF00704
A0AAU5LAM4,1,PS51910
A0AAU5LCE7,1,PF00704
A0AAU5LCJ9,1,PS51910
A0AAU5LD02,1,PF00704
A0AAU5LDD7,1,PF00704
A0AAU5LEK5,1,PF00704
A0AAU5LJI1,1,PF00704
A0AAU5LJX2,1,PF00704
A0AAU5LLA0,1,PF00704
A0AAU5LLS4,1,PF00704
A0AAU5LT67,1,PF00704
A0AAU5M0D1,1,PF00704
A0AAU5M1U2,1,PS51910
A0AAU5MC79,1,PF00704
A0AAU5MEX5,1,PS51910
A0AAU5MGX5,1,PF00704
A0AAU5MJD2,1,PF00704
A0AAU5MJJ1,1,PF00704
A0AAU5MJU7,1,PS51910
A0AAU5MLB6,1,PF00704
A0AAU5MPC7,1,PS51910
A0AAU5MQ42,1,PF00704
A0AAU5MQJ9,1,PF00704
A0AAU5MS84,1,PF00704
A0AAU5MUC3,1,PS51910
A0AAU5MXB8,1,PF00704
A0AAU5MYV7,1,PF00704
A0AAU5MZW9,1,PF00704
A0AAU5N254,1,PF00704
A0AAU5N2I2,1,PF00704
A0AAU5N601,1,PF00704
A0AAU5N618,1,PF00704
A0AAU5N6R2,1,PF00704
A0AAU5NCQ8,1,PS51910
A0AAU5NKJ8,1,PF00704
A0AAU5NL80,1,PF00704
A0AAU5NRG6,1,PS51910
A0AAU5NS77,1,PS51910
A0AAU5NUW9,1,PS51910
A0AAU5NV62,1,PS51910
A0AAU5NWA0,1,PF00704
A0AAU5NXX6,1,PF00704
A0AAU5P038,1,PF00704
A0AAU5P184,1,PF00704
A0AAU5P8J9,1,PS51910
A0AAU5PAQ5,1,PF00704
A0AAU5PF87,1,PS51910
A0AAU5PGB6,1,PF00704
A0AAU5PGK3,1,PS51910
A0AAU5PKF7,1,PF00704
A0AAU5PNI7,1,PF00704
A0AAU5PPF6,1,PS51910
A0AAU5PT35,1,PF00704
A0AAU5PUE7,1,PF00704
A0AAU5PW22,1,PF00704
A0AAU5PYA2,1,PF00704
A0AAU5Q195,1,PF00704
A0AAU5Q2N6,1,PF00704
A0AAU5Q5I3,1,PF00704
A0AAU5Q730,1,PF00704
A0AAU5QAA6,1,PF00704
A0AAU5QF87,1,PF00704
A0AAU5QGI0,1,PF00704
A0AAU5QHJ5,1,PS51910
A0AAU5QJ46,1,PF00704
A0AAU5QJ91,1,PF00704
A0AAU5QJY6,1,PF00704
A0AAU5QKM4,1,PF00704
A0AAU5QMV0,1,PF00704
A0AAU5QQL2,1,PF00704
A0AAU5QTW0,1,PF00704
A0AAU5QX53,1,PF00704
A0AAU5QXA4,1,PF00704
A0AAU5QZ08,1,PF00704
A0AAU5QZQ9,1,PF00704
A0AAU5QZR9,1,PF00704
A0AAU5R4Z7,1,PS51910
A0AAU5R6K1,1,PF00704
A0AAU5R752,1,PF00704
A0AAU5RAW0,1,PS51910
A0AAU5RBB3,1,PS51910
A0AAU5RCG3,1,PF00704
A0AAU5REK2,1,PF00704
A0AAU5RHN4,1,PS51910
A0AAU5RLE4,1,PF00704
A0AAU5RLQ8,1,PF00704
A0AAU5RVM4,1,PS51910
A0AAU5S0F6,1,PF00704
A0AAU5S368,1,PF00704
A0AAU5S3I1,2,G3DSA:2.10.10.20:FF:000001
A0AAU5S3I1,2,PS51910
A0AAU5S8R7,1,PF00704
A0AAU5SA10,1,PS51910
A0AAU5SB05,1,PF00704
A0AAU5SB84,1,PF00704
A0AAU5SDH2,1,PS51910
A0AAU5SFR6,1,PF00704
A0AAU5SHC9,1,PF00704
A0AAU5SHE7,1,PF00704
A0AAU5SJG7,1,PS51910
A0AAU5SL05,1,PF00704
A0AAU5SP03,1,PF00704
A0AAU5ST13,1,PF00704
A0AAU5SXM3,1,PF00704
A0AAU5T0G0,1,PF00704
A0AAU5T3Q4,1,PF00704
A0AAU5T8T1,1,PF00704
A0AAU5TBT6,1,PF00704
A0AAU5TEN3,1,PF00704
A0AAU5TH62,1,PS51910
A0AAU5TIQ8,1,PF00704
A0AAU5TT67,1,PF00704
A0AAU5TTY2,1,PF00704
A0AAU5TZM1,1,PS51910
A0AAU5U4U4,1,PF00704
A0AAU5U783,1,PS51910
A0AAU5UAD2,1,PS51910
A0AAU5ULA5,1,PS51910
A0AAU5UMC3,1,PF00704
A0AAU5UQM4,1,PF00704
A0AAU5UT01,1,PF00704
A0AAU5UTE5,1,PS51910
A0AAU5UUA6,1,PF00704
A0AAU5UV93,1,PF00704
A0AAU5V7J9,1,PS51910
A0AAU5V8C3,1,PF00704
A0AAU5VC31,1,PF00704
A0AAU5VDT4,1,PF00704
A0AAU5VGV0,1,PS51910
A0AAU5VGY8,1,PF00704
A0AAU5VJ75,1,PF00704
A0AAU5VLK6,1,PF00704
A0AAU5VQ11,1,PF00704
A0AAU5VQY4,1,PF00704
A0AAU5VS47,1,PF00704
A0AAU5VUJ0,1,PF00704
A0AAU5W200,1,PF00704
A0AAU5W5B4,1,PS51910
A0AAU5WMD7,1,PF00704
A0AAU5WW30,1,PF00704
A0AAU5X2D1,1,PF00704
A0AAU5X4B2,1,PS51910
A0AAU5XF01,1,PF00704
A0AAU5XFI2,1,PS51910
A0AAU5XSV5,1,PF00704
A0AAU5XVI5,1,PF00704
A0AAU5XVY3,1,PF00704
A0AAU5XX30,1,PF00704
A0AAU5XZ35,1,PF00704
A0AAU5Y0Q8,1,PF00704
A0AAU5Y377,1,PF00704
A0AAU5Y6N3,1,PS51910
A0AAU5Y6Z1,1,PS51910
A0AAU5Y8I2,1,PS51910
A0AAU5Y8M1,1,PF00704
A0AAU5Y8X9,1,PF00704
A0AAU5YE95,1,PF00704
A0AAU5YUF7,1,PF00704
A0AAU5ZGQ2,1,PF00704
A0AAU5ZJD4,1,PS51910
A0AAU5ZJD8,1,PF00704
A0AAU5ZKK0,1,PF00704
A0AAU5ZP79,1,PS51910
A0AAU5ZPB8,1,PF00704
A0AAU5ZS34,3,PS51910
A0AAU5ZS34,3,SSF51445
A0AAU5ZSZ9,1,PS51910
A0AAU5ZWB8,1,PF00704
A0AAU5ZY05,1,PF00704
A0AAU6A501,1,PF00704
A0AAU6A5N3,1,PS51910
A0AAU6A830,1,PF00704
A0AAU6A965,1,PF00704
A0AAU6AAZ3,1,PS51910
A0AAU6AI59,1,PF00704
A0AAU6AKQ9,1,PF00704
A0AAU6ANT5,1,PS51910
A0AAU6AVH7,1,PF00704
A0AAU6B184,1,PF00704
A0AAU6B2G5,1,PS51910
A0AAU6B462,1,PF00704
A0AAU6B7K4,1,PF00704
A0AAU6B8N8,1,PF00704
A0AAU6BKV5,1,PF00704
A0AAU6BLA2,1,PS51910
A0AAU6BTX1,1,PF00704
A0AAU6BV73,1,PF00704
A0AAU6C0Z5,1,PF00704
A0AAU6C1K4,1,PS51910
A0AAU6C3W6,1,PS51910
A0AAU6C454,1,PS51910
A0AAU6C4N4,1,PF00704
A0AAU6C7M1,1,PS51910
A0AAU6C8F8,1,PF00704
A0AAU6CB02,1,PF00704
A0AAU6CB35,1,PF00704
A0AAU6CBS8,1,PF00704
A0AAU6CFD8,2,G3DSA:2.10.10.20:FF:000001
A0AAU6CFD8,2,PS51910
A0AAU6CKZ8,1,PF00704
A0AAU6CL42,1,PS51910
A0AAU6CL61,1,PS51910
A0AAU6CLC6,1,PF00704
A0AAU6CM88,1,PS51910
A0AAU6CNH3,1,PF00704
A0AAU6CQ67,1,PF00704
A0AAU6CSF5,1,PS51910
A0AAU6CSJ2,1,PF00704
A0AAU6CUD7,1,PF00704
A0AAU6CVS4,1,PS51910
A0AAU6CW67,1,PS51910
A0AAU6CZW9,1,PF00704
A0AAU6D286,1,PF00704
A0AAU6D2F0,1,PF00704
A0AAU6D6K7,1,PS51910
A0AAU6D8J0,1,PF00704
A0AAU6DAT0,1,PF00704
A0AAU6DBG0,1,PS51910
A0AAU6DC90,1,PS51910
A0AAU6DEL4,1,PS51910
A0AAU6DL17,1,PS51910
A0AAU6DR63,1,PF00704
A0AAU6DSV1,1,PF00704
A0AAU6DU91,1,PF00704
A0AAU6DXZ9,1,PF00704
A0AAU6E8F9,1,PF00704
A0AAU6EHN5,1,PF00704
A0AAU6EIB3,1,PF00704
A0AAU6EIN4,1,PF00704
A0AAU6EJ92,1,PF00704
A0AAU6EJR2,1,PS51910
A0AAU6EM10,1,PF00704
A0AAU6ENL5,1,PF00704
A0AAU6EWD2,1,PF00704
A0AAU6F0I5,1,PF00704
A0AAU6F1D9,1,PF00704
A0AAU6F1Y3,1,PF00704
A0AAU6F3B7,1,PF00704
A0AAU6F3T1,1,PF00704
A0AAU6F684,1,PS51910
A0AAU6F8X9,1,PF00704
A0AAU6F9E2,1,PF00704
A0AAU6FD09,1,PS51910
A0AAU6FEE3,1,PF00704
A0AAU6FEP0,1,PF00704
A0AAU6FF14,1,PF00704
A0AAU6FGB3,1,PF00704
A0AAU6FH67,1,PF00704
A0AAU6FJ24,1,PF00704
A0AAU6FRJ9,1,PS51910
A0AAU6FVB1,1,PF00704
A0AAU6FVL2,1,PF00704
A0AAU6FZQ6,1,PS51910
A0AAU6G1R7,1,PS51910
A0AAU6G6S6,1,PS51910
A0AAU6G7Z9,1,PF00704
A0AAU6GD31,1,PF00704
A0AAU6GDL1,1,PF00704
A0AAU6GEN7,1,PF00704
A0AAU6GQV9,1,PF00704
A0AAU6GRS2,1,PF00704
A0AAU6GVS1,1,PS51910
A0AAU6H168,1,PF00704
A0AAU6H1E9,1,PF00704
A0AAU6H2S2,1,PF00704
A0AAU6H426,1,PF00704
A0AAU6H4F8,1,PF00704
A0AAU6H6V2,1,PF00704
A0AAU6H913,1,PS51910
A0AAU6HDD2,1,PF00704
A0AAU6HER1,1,PF00704
A0AAU6HGI6,1,PF00704
A0AAU6I0K0,1,PS51910
A0AAU6I6Y5,1,PF00704
A0AAU6I946,1,PS51910
A0AAU6IBL6,1,PF00704
A0AAU6ICS9,1,PF00704
A0AAU6IGD6,1,PF00704
A0AAU6IK98,1,PS51910
A0AAU6J1C2,1,PS51910
A0AAU6J4T4,1,PS51910
A0AAU6J557,1,PF00704
A0AAU6J651,1,PF00704
A0AAU6J8J1,1,PF00704
A0AAU6J9A7,1,PF00704
A0AAU6JBX6,1,PF00704
A0AAU6JIY0,1,PF00704
A0AAU6JWQ3,1,PF00704
A0AAU6K3H8,1,PS51910
A0AAU6K8X9,3,PS51910
A0AAU6K8X9,3,SSF51445
A0AAU6KA94,1,PF00704
A0AAU6KBC8,1,PF00704
A0AAU6KD54,1,PF00704
A0AAU6KIL8,1,PF00704
A0AAU6KJ11,1,PS51910
A0AAU6KML1,1,PF00704
A0AAU6KQU6,1,PS51910
A0AAU6KUZ4,1,PF00704
A0AAU6L0D7,1,PF00704
A0AAU6L0X7,1,PS51910
A0AAU6L655,1,PF00704
A0AAU6L6T3,1,PF00704
A0AAU6LD92,1,PF00704
A0AAU6LGU8,1,PF00704
A0AAU6LLU3,1,PF00704
A0AAU6LVU5,1,PF00704
A0AAU6LXP9,1,PF00704
A0AAU6LZB4,1,PF00704
A0AAU6LZL7,1,PF00704
A0AAU6LZM5,1,PF00704
A0AAU6M068,1,PF00704
A0AAU6M0H2,1,PF00704
A0AAU6M306,1,PF00704
A0AAU6M769,1,PS51910
A0AAU6M8P5,1,PF00704
A0AAU6M974,1,PF00704
A0AAU6M987,1,PF00704
A0AAU6MBG7,1,PF00704
A0AAU6MCC3,1,PF00704
A0AAU6MCW9,1,PS51910
A0AAU6MEL6,1,PF00704
A0AAU6MMG0,1,PF00704
A0AAU6MQU2,1,PF00704
A0AAU6MSV2,1,PF00704
A0AAU6NP68,1,PF00704
A0AAU6NQ99,1,PF00704
A0AAU6SSR3,1,PF00704
A0AAU6ST95,1,PF00704
A0AAU6T1S9,1,PF00704
A0AAU6T285,1,PF00704
A0AAU6TAZ0,1,PF00704
A0AAU6TDK3,1,PF00704
A0AAU6TE03,1,PF00704
A0AAU6TMR2,1,PF00704
A0AAU6TNV5,1,PF00704
A0AAU6UBD3,1,PF00704
A0AAU6UCM3,1,PF00704
A0AAU6UL78,1,PF00704
A0AAU6UM43,1,PF00704
A0AAU6UWP1,1,PF00704
A0AAU6UY54,1,PF00704
A0AAU6V0G5,1,PS51910
A0AAU6VHJ2,1,PF00704
A0AAU6VI18,1,PF00704
A0AAU6VNB6,1,PS51910
A0AAU6WT79,2,G3DSA:3.20.20.370
A0AAU6WT79,2,PF00704
A0AAU6WWK2,1,PF00704
A0AAU6X4V4,2,G3DSA:3.20.20.370
A0AAU6X4V4,2,PF00704
A0AAU6XCF4,1,PF00704
A0AAU6XDP4,1,PF00704
A0AAU6XF82,1,PF00704
A0AAU6XFR8,1,PF00704
A0AAU6XGV5,1,PF00704
A0AAU6XIL3,1,PF00704
A0AAU6XKV7,1,PS51910
A0AAU6XLE1,1,PF00704
A0AAU6XNT6,1,PF00704
A0AAU6XNV3,1,PF00704
A0AAU6XU36,1,PF00704
A0AAU6XX94,2,G3DSA:3.20.20.370
A0AAU6XX94,2,PF00704
A0AAU6Y4Z6,1,PF00704
A0AAU6Z4E2,1,PF00704
A0AAU7CDF5,1,PF00704
A0AAU7D0L7,1,PF00704
A0AAU7D1F3,2,G3DSA:3.20.20.370
A0AAU7D1F3,2,PF00704
A0AAU7DP96,1,PF00704
A0AAU7DR70,2,G3DSA:3.20.20.370
A0AAU7DR70,2,PF00704
A0AAU7F4T9,1,PF00704
A0AAU7F778,1,PF00704
A0AAU7F7E6,1,PF00704
A0AAU7F824,1,PF00704
A0AAU7F8F8,1,PF00704
A0AAU7F964,1,PF00704
A0AAU7FBY1,1,PF00704
A0AAU7FCI3,1,PF00704
A0AAU7FCR9,1,PF00704
A0AAU7FD56,1,PF00704
A0AAU7FE74,1,PF00704
A0AAU7FI61,1,PF00704
A0AAU7FZI0,1,PF00704
A0AAU7G1N6,1,PF00704
A0AAU7GZY2,1,PF00704
A0AAU7HE98,1,PF00704
A0AAU7HVR5,1,PF00704
A0AAU7I4L4,1,PF00704
A0AAU7IIC6,1,PF00704
A0AAU7IQI2,1,PF00704
A0AAU7IQT1,1,PF00704
A0AAU7IV09,1,PF00704
A0AAU7J5H2,1,PF00704
A0AAU7JIL5,1,PF00704
A0AAU7K006,1,PF00704
A0AAU7K280,1,PF00704
A0AAU7K4B0,1,PF00704
A0AAU7K5E4,2,G3DSA:3.20.20.370
A0AAU7K5E4,2,PF00704
A0AAU7M9P4,1,PF00704
A0AAU7ME76,1,PF00704
A0AAU7NCS1,1,PF00704
A0AAU7ND13,1,PF00704
A0AAU7NEK2,1,PF00704
A0AAU7NFI0,1,PF00704
A0AAU7P589,1,PF00704
A0AAU7PL44,1,PF00704
A0AAU7PLF9,1,PF00704
A0AAU7PN63,1,PF00704
A0AAU7PNG5,1,PF00704
A0AAU7PPL9,1,PF00704
A0AAU7PQA9,1,PF00704
A0AAU7PRY0,1,PF00704
A0AAU7PST3,1,PF00704
A0AAU7PTX6,1,PF00704
A0AAU7PU16,1,PF00704
A0AAU7QPM9,2,G3DSA:3.20.20.370
A0AAU7QPM9,2,PF00704
A0AAU7QTF3,1,PF00704
A0AAU7QX99,1,PF00704
A0AAU7QZZ3,1,PF00704
A0AAU7R5P2,1,PF00704
A0AAU7T2X2,1,PS51910
A0AAU7TI67,1,PF00704
A0AAU7TIR6,1,PS51910
A0AAU7TJ09,1,PF00704
A0AAU7TL51,1,PF00704
A0AAU7U3H0,1,PF00704
A0AAU7VTQ3,1,PF00704
A0AAU7WBB5,1,PF00704
A0AAU7WHZ6,1,PF00704
A0AAU7WK23,1,PF00704
A0AAU7WXY2,1,PF00704
A0AAU7X3N4,1,PF00704
A0AAU7YWQ1,2,G3DSA:3.20.20.370
A0AAU7YWQ1,2,PF00704
A0AAU7YYR8,1,PF00704
A0AAU7Z0Q6,1,PF00704
A0AAU7Z135,1,PF00704
A0AAU7Z217,1,PS51910
A0AAU7Z8C3,1,PF00704
A0AAU7ZCZ9,2,G3DSA:3.20.20.370
A0AAU7ZCZ9,2,PF00704
A0AAU7ZD86,1,PF00704
A0AAU7ZFY7,1,PF00704
A0AAU7ZR25,1,PF00704
A0AAU7ZSB8,1,PF00704
A0AAU7ZUT6,1,PF00704
A0AAU7ZW36,1,PF00704
A0AAU7ZWJ4,2,G3DSA:3.20.20.370
A0AAU7ZWJ4,2,PS51910
A0AAU8BK51,1,PF00704
A0AAU8BLB9,1,PF00704
A0AAU8BRN2,2,PF00704
A0AAU8BRN2,2,PF06483
A0AAU8DQS7,1,PF00704
A0AAU8F2L0,1,PF00704
A0AAU8F8W0,1,PF00704
A0AAU8FB53,1,PF00704
A0AAU8FCH5,1,PF00704
A0AAU8FLM1,1,PF00704
A0AAU8FV64,1,PF00704
A0AAU8FYA4,1,PF00704
A0AAU8G046,1,PF00704
A0AAU8G1C9,1,PF00704
A0AAU8G267,1,PF00704
A0AAU8G2A3,1,PF00704
A0AAU8G2M4,1,PF00704
A0AAU8G364,1,PF00704
A0AAU8G3Q7,1,PF00704
A0AAU8HCM5,1,PS51910
A0AAU8HIG3,1,PF00704
A0AAU8I424,1,PF00704
A0AAU8IC60,1,PF00704
A0AAU8IH72,1,PF00704
A0AAU8II53,1,PF00704
A0AAU8IMN6,1,PS51910
A0AAU8IMX4,1,PF00704
A0AAU8IN16,1,PS51910
A0AAU8IN35,1,PF00704
A0AAU8ISS1,1,PS51910
A0AAU8IY56,1,PF00704
A0AAU8IZX0,1,PF00704
A0AAU8J0G0,1,PF00704
A0AAU8J4D6,1,PF00704
A0AAU8J4E7,1,PF00704
A0AAU8J5S4,1,PF00704
A0AAU8JNW6,1,PF00704
A0AAU8JSQ0,1,PF00704
A0AAU8JTR3,1,PF00704
A0AAU8JTY5,1,PS51910
A0AAU8JTZ3,1,PF00704
A0AAU8JZD4,1,PF00704
A0AAU8K446,1,PS51910
A0AAU8K5F8,1,PF00704
A0AAU8K774,1,PF00704
A0AAU8K902,1,PF00704
A0AAU8KD48,1,PF00704
A0AAU8KDE3,1,PF00704
A0AAU8KJH3,1,PF00704
A0AAU8KKR1,1,PF00704
A0AAU8KM35,1,PF00704
A0AAU8KNN4,1,PF00704
A0AAU8LNN3,1,PF00704
A0AAU8M9M4,1,PF00704
A0AAU8MWL3,1,PF00704
A0AAU8MWY8,1,PF00704
A0AAU8ND79,1,PF00704
A0AAU8NHM5,1,PF00704
A0AAU8NLA9,1,PF00704
A0AAU8PE62,1,PF00704
A0AAU8SQP1,1,PS51910
A0AAU8TIN7,1,PF00704
A0AAU8TYM2,1,PF00704
A0AAU8UCH3,1,PF00704
A0AAU8UM06,1,PF00704
A0AAU8UR49,1,PF00704
A0AAU8UXK2,1,PF00704
A0AAU8V172,2,G3DSA:3.20.20.370
A0AAU8V172,2,PF00704
A0AAU8VFW1,1,PS51910
A0AAU8W927,1,PF00704
A0AAU8WBF2,2,G3DSA:2.10.10.20:FF:000001
A0AAU8WBF2,2,PF00704
A0AAU8WEB7,2,G3DSA:2.60.40.10:FF:002602
A0AAU8WEB7,2,PF00704
A0AAU8WPU7,2,PF00704
A0AAU8WPU7,2,PF06483
A0AAU8WTJ0,1,PF00704
A0AAU8X9I6,1,PF00704
A0AAU8XYJ6,1,PF00704
A0AAU8Y173,1,PF00704
A0AAU8Y4X6,1,PF00704
A0AAU8YTE1,1,PF00704
A0AAU8YTT1,1,PF00704
A0AAU8YXA7,1,PF00704
A0AAU8YY99,1,PF00704
A0AAU9ARZ7,1,PF00704
A0AAU9AX94,1,PF00704
A0AAU9CMX1,1,PF00704
A0AAU9CSP2,1,PF00704
A0AAU9CXZ8,1,PF00704
A0AAU9D1D9,1,PF00704
A0AAU9D871,2,PF00704
A0AAU9E7I8,1,PF00704
A0AAU9EKI1,1,PF00704
A0AAU9H9I9,1,PF00704
A0AAU9HBT4,1,PF00704
A0AAU9HW83,1,PF00704
A0AAU9Q0T5,1,PF00704
A0AAU9Q1E3,1,PF00704
A0AAU9Q1V0,2,PF00704
A0AAU9Q1V0,2,PF06483
A0AAU9QBL0,1,PF00704
A0AAU9QC53,1,PF00704
A0AAU9QFG7,1,PF00704
A0AAU9QIS7,1,PF00704
A0AAU9QLL3,1,PF00704
A0AAU9QM49,1,PF00704
A0AAU9QS87,1,PF00704
A0AAU9R110,1,PF00704
A0AAU9R1N8,2,PF00704
A0AAU9R1N8,2,PF06483
A0AAV2UUN2,1,PF00704
A0AAV2VHP5,1,PF00704
A0AAV2VNC5,1,PF00704
A0AAV2VPF2,2,PF00704
A0AAV2VPF2,2,PF06483
A0AAV2VR77,1,PF00704
A0AAV3EUB7,1,PF00704
A0AAV3EUM0,2,PF00704
A0AAV3EUM0,2,PF06483
A0AAV3EVP2,1,PF00704
A0AAV3GIT0,1,PF00704
A0AAV3GRE2,1,PF00704
A0AAV3HJK8,1,PF00704
A0AAV3HMQ3,1,PF00704
A0AAV3HSQ9,1,PF00704
A0AAV3HTD9,2,PF00704
A0AAV3HTD9,2,PF06483
A0AAV3HTW7,1,PF00704
A0AAV3HWR1,1,PF00704
A0AAV3JBM7,1,PF00704
A0AAV3JCG9,1,PF00704
A0AAV3JFB6,1,PF00704
A0AAV3UMC0,1,PF00704
A0AAV3W086,1,PF00704
A0AAV3W2S4,1,PF00704
A0AAV3W416,1,PF00704
A0AAV4KAH3,1,PF00704
A0AAV4KAN8,1,PF00704
A0AAV4KBX0,1,PF00704
A0AAV4KFE9,1,PF00704
A0AAV4KJA2,1,PF00704
A0AAV4KM81,1,PS51910
A0AAV4KQY0,1,PF00704
A0AAV4KSV6,1,PF00704
A0AAV4L9L0,1,PF00704
A0AAV4LJL4,1,PF00704
A0AAV4LKZ0,1,PF00704
A0AAV4YQP0,1,PF00704
A0AAV5H785,1,PF00704
A0AAV5HA94,1,PF00704
A0AAV5HB60,1,PF00704
A0AAV5HH80,1,PF00704
A0AAV5HHW1,1,PF00704
A0AAV5N8L9,1,PF00704
A0AAV5NLA6,1,PF00704
A0AAV5NQK8,2,PF00704
A0AAV5NQK8,2,PF06483
A0AAV5NR75,1,PF00704
A0AAV5P0B7,1,PF00704
A0AAV5P508,1,PF00704
A0AAV5P5E2,1,PF00704
A0AAV5P5J0,1,PF00704
A0AAV5P6T0,1,PF00704
A0AAV5PBB4,1,PF00704
A0AAV5PI57,1,PS51910
A0AAV6AY35,2,G3DSA:3.20.20.80
A0AAV6AY35,2,PF00704
A0AAV6B928,2,G3DSA:3.20.20.370
A0AAV6B928,2,PF00704
A0AAV6BXP0,1,PF00704
A0AAV6CAB0,2,G3DSA:3.20.20.370
A0AAV6CAB0,2,PF00704
A0AAV9FRS2,1,PF00704
A0AAV9FV66,1,PF00704
A0AAV9G1C3,1,PF00704
A0AAW3D3B2,1,PF00704
A0AAW3D6Y0,2,PF00704
A0AAW3D6Y0,2,SSF51445
A0AAW3D7F5,1,PF00704
A0AAW3D7H9,1,PF00704
A0AAW3D9K0,2,PS51910
A0AAW3D9K0,2,SSF51445
A0AAW3DAZ3,1,PF00704
A0AAW3DB04,1,PF00704
A0AAW3DCR8,1,PF00704
A0AAW3DCW3,1,PF00704
A0AAW3DD72,1,PF00704
A0AAW3DDU9,1,PF00704
A0AAW3F5F9,1,PF00704
A0AAW3FHQ6,2,G3DSA:3.20.20.370
A0AAW3FHQ6,2,PF00704
A0AAW3HH56,1,PF00704
A0AAW3HL65,1,PF00704
A0AAW3ISS6,1,PF00704
A0AAW3IVA0,1,PF00704
A0AAW3IZA2,1,PF00704
A0AAW3JU80,1,PF00704
A0AAW3KHM4,2,G3DSA:3.20.20.370
A0AAW3KHM4,2,PF00704
A0AAW3M222,1,PF00704
A0AAW3MM19,1,PF00704
A0AAW3MN00,1,PF00704
A0AAW3NA65,1,PF00704
A0AAW3NHA2,1,PF00704
A0AAW3T892,1,PF00704
A0AAW3TPW4,2,G3DSA:3.20.20.370
A0AAW3TPW4,2,PF00704
A0AAW3TYU2,1,PF00704
A0AAW3WAV4,1,PF00704
A0AAW3WW42,1,PF00704
A0AAW3X3T7,1,PF00704
A0AAW3XL19,1,PF00704
A0AAW3YYF0,1,PF00704
A0AAW3YYJ5,1,PF00704
A0AAW3ZI18,1,PF00704
A0AAW3ZJG2,1,PF00704
A0AAW4AFF8,1,PF00704
A0AAW4AH19,2,PF00704
A0AAW4AH19,2,PF06483
A0AAW4AHE0,1,PF00704
A0AAW4AK81,1,PF00704
A0AAW4B1C0,1,PF00704
A0AAW4B854,1,PF00704
A0AAW4BDB5,2,PF00704
A0AAW4BDB5,2,PF06483
A0AAW4BEY9,1,PF00704
A0AAW4BF95,1,PF00704
A0AAW4BHY5,1,PF00704
A0AAW4DXS6,1,PF00704
A0AAW4ELA1,1,PF00704
A0AAW4ELV3,1,PF00704
A0AAW4GJ61,1,PF00704
A0AAW4GMM1,1,PF00704
A0AAW4H5N8,2,PF00704
A0AAW4H5N8,2,PF06483
A0AAW4H7H2,1,PF00704
A0AAW4H821,1,PF00704
A0AAW4H8X7,1,PF00704
A0AAW4HD62,1,PF00704
A0AAW4HKV1,1,PF00704
A0AAW4HSR4,2,G3DSA:3.20.20.370
A0AAW4HSR4,2,PF00704
A0AAW4HTH7,1,PF00704
A0AAW4HTM7,1,PF00704
A0AAW4IBY5,1,PF00704
A0AAW4JHH2,1,PF00704
A0AAW4JHR9,1,PF00704
A0AAW4JLQ7,1,PF00704
A0AAW4JMB5,1,PS51910
A0AAW4JR15,1,PF00704
A0AAW4K523,1,PF00704
A0AAW4K8C5,1,PF00704
A0AAW4KT95,1,PS51910
A0AAW4KTR2,1,PF00704
A0AAW4KUZ8,2,PF00704
A0AAW4KUZ8,2,PF06483
A0AAW4NK83,1,PS51910
A0AAW4NQY0,1,PF00704
A0AAW4PMC5,1,PF00704
A0AAW4QYU7,1,PS51910
A0AAW4R2B4,2,G3DSA:3.20.20.370
A0AAW4R2B4,2,PF00704
A0AAW4R384,1,PF00704
A0AAW4RIM4,1,PF00704
A0AAW4SIU3,1,PF00704
A0AAW4SY89,1,PF00704
A0AAW4TTU8,1,PF00704
A0AAW4U2G8,1,PF00704
A0AAW4US26,1,PF00704
A0AAW4VWF4,1,PF00704
A0AAW4W6K0,1,PF00704
A0AAW4WQ75,1,PF00704
A0AAW4WU15,1,PF00704
A0AAW4Z4B2,1,PF00704
A0AAW4ZBB1,1,PF00704
A0AAW4ZHY1,1,PF00704
A0AAW4ZQ03,1,PF00704
A0AAW4ZT02,1,PF00704
A0AAW4ZVP3,1,PF00704
A0AAW5BCB5,1,PF00704
A0AAW5BWL0,1,PF00704
A0AAW5C786,1,PS51910
A0AAW5CQH6,1,PF00704
A0AAW5CQH7,1,PF00704
A0AAW5CSF0,1,PF00704
A0AAW5CW16,1,PF00704
A0AAW5D0J6,1,PF00704
A0AAW5DX26,1,PF00704
A0AAW5E036,1,PF00704
A0AAW5E4J3,1,PF00704
A0AAW5EFB7,1,PF00704
A0AAW5F884,1,PF00704
A0AAW5F8D9,1,PF00704
A0AAW5IXY4,1,PF00704
A0AAW5JLP8,1,PF00704
A0AAW5JR24,1,PF00704
A0AAW5K4H7,1,PF00704
A0AAW5L1S9,1,PF00704
A0AAW5L2A2,1,PF00704
A0AAW5MB77,1,PF00704
A0AAW5MGT4,1,PF00704
A0AAW5MKH6,1,PF00704
A0AAW5NR43,1,PF00704
A0AAW5NVB6,1,PS51910
A0AAW5NZS7,1,PF00704
A0AAW5P0A1,1,PF00704
A0AAW5PL19,1,PF00704
A0AAW5UMU5,2,G3DSA:3.20.20.370
A0AAW5UMU5,2,PF00704
A0AAW5V5W6,1,PF00704
A0AAW5VEW7,1,PF00704
A0AAW5W0K1,1,PF00704
A0AAW5X2G3,1,PF00704
A0AAW5X2N6,1,PF00704
A0AAW5X4C6,2,G3DSA:3.20.20.370
A0AAW5X4C6,2,PF00704
A0AAW5XAS7,1,PF00704
A0AAW5XG64,1,PF00704
A0AAW5XLZ6,2,G3DSA:3.20.20.370
A0AAW5XLZ6,2,PF00704
A0AAW5XPM8,1,PF00704
A0AAW5XS12,1,PF00704
A0AAW5Y1X5,2,G3DSA:3.20.20.370
A0AAW5Y1X5,2,PF00704
A0AAW5Y512,1,PF00704
A0AAW5Y797,1,PF00704
A0AAW5Y8C2,1,PF00704
A0AAW5YGE5,1,PF00704
A0AAW5YLR7,2,G3DSA:3.20.20.370
A0AAW5YLR7,2,PF00704
A0AAW5YLX8,1,PF00704
A0AAW5YNB8,1,PF00704
A0AAW5ZI27,1,PF00704
A0AAW6AVE4,1,PF00704
A0AAW6B1V3,1,PS51910
A0AAW6BE70,1,PF00704
A0AAW6BHC7,1,PF00704
A0AAW6BI56,1,PF00704
A0AAW6C0T2,1,PS51910
A0AAW6CEF8,1,PF00704
A0AAW6CFV4,1,PF00704
A0AAW6DHX3,1,PF00704
A0AAW6EXU1,1,PF00704
A0AAW6H7G9,1,PF00704
A0AAW6HBM8,1,PF00704
A0AAW6IB88,1,PF00704
A0AAW6IF44,1,PF00704
A0AAW6ILM3,1,PF00704
A0AAW6K7D5,1,PF00704
A0AAW6KA43,1,PF00704
A0AAW6KCR9,1,PF00704
A0AAW6KFV7,1,PF00704
A0AAW6KGM1,1,PF00704
A0AAW6M4N2,1,PF00704
A0AAW6M8W6,1,PF00704
A0AAW6NIJ4,1,PS51910
A0AAW6NQS5,1,PF00704
A0AAW6NYF9,1,PF00704
A0AAW6R223,1,PF00704
A0AAW6S0M7,1,PF00704
A0AAW6S300,1,PF00704
A0AAW6SRH9,1,PF00704
A0AAW6SRX2,1,PF00704
A0AAW6T010,1,PF00704
A0AAW6T1M0,1,PF00704
A0AAW6TQ62,1,PF00704
A0AAW6U3W6,1,PF00704
A0AAW6V730,1,PF00704
A0AAW6WYL8,1,PF00704
A0AAW6X4Q4,1,PF00704
A0AAW6X8C9,1,PF00704
A0AAW6X9L9,1,PF00704
A0AAW6ZQL6,1,PF00704
A0AAW6ZUK6,1,PF00704
A0AAW6ZUS5,1,PF00704
A0AAW6ZXJ9,2,PF00704
A0AAW6ZXJ9,2,PF06483
A0AAW6ZXZ8,1,PF00704
A0AAW6ZZH6,1,PF00704
A0AAW6ZZZ0,1,PF00704
A0AAW7CCQ7,1,PF00704
A0AAW7CLP5,1,PF00704
A0AAW7EEX7,1,PF00704
A0AAW7EZQ1,1,PF00704
A0AAW7FG88,1,PF00704
A0AAW7FV48,1,PF00704
A0AAW7G4B7,1,PF00704
A0AAW7GKW6,1,PF00704
A0AAW7GZQ0,1,PF00704
A0AAW7H9J7,1,PF00704
A0AAW7I1J2,1,PF00704
A0AAW7I2H2,1,PF00704
A0AAW7IC50,1,PF00704
A0AAW7ICD1,1,PF00704
A0AAW7IH94,1,PF00704
A0AAW7JCF5,1,PF00704
A0AAW7K418,1,PF00704
A0AAW7K6N3,1,PF00704
A0AAW7KPT8,1,PF00704
A0AAW7L3J2,1,PF00704
A0AAW7NJ10,1,PF00704
A0AAW7NKL2,2,G3DSA:3.20.20.370
A0AAW7NKL2,2,PF00704
A0AAW7NPN3,1,PS51910
A0AAW7QKV9,1,PF00704
A0AAW7RY22,1,PF00704
A0AAW7UWR0,1,PF00704
A0AAW7X7Q2,1,PF00704
A0AAW7X7U0,2,PF00704
A0AAW7X9M3,1,PF00704
A0AAW7XAG3,1,PF00704
A0AAW7Y308,1,PF00704
A0AAW7Y3X3,1,PF00704
A0AAW7Y6A5,1,PF00704
A0AAW7Y8Q2,1,PF00704
A0AAW7ZAY4,1,PF00704
A0AAW7ZBY8,1,PF00704
A0AAW7ZJV3,1,PF00704
A0AAW8BA36,1,PF00704
A0AAW8C085,1,PF00704
A0AAW8C2D3,2,G3DSA:3.20.20.370
A0AAW8C2D3,2,PF00704
A0AAW8CDP4,1,PF00704
A0AAW8CEU8,1,PF00704
A0AAW8F836,1,PF00704
A0AAW8F936,1,PS51910
A0AAW8FCW2,1,PF00704
A0AAW8FEJ2,1,PF00704
A0AAW8FJM3,1,PS51910
A0AAW8FQ26,1,PF00704
A0AAW8FVT1,2,G3DSA:3.20.20.370
A0AAW8FVT1,2,PF00704
A0AAW8GF81,1,PF00704
A0AAW8GIU0,1,PF00704
A0AAW8GKJ4,1,PF00704
A0AAW8GME0,1,PF00704
A0AAW8GS64,2,PF00704
A0AAW8GS64,2,PF06483
A0AAW8GXS8,1,PF00704
A0AAW8GZP7,1,PF00704
A0AAW8H792,1,PF00704
A0AAW8HAJ2,1,PF00704
A0AAW8HGR1,1,PF00704
A0AAW8NGM4,1,PF00704
A0AAW8PSC1,1,PF00704
A0AAW8PVS9,1,PF00704
A0AAW8PWL1,1,PF00704
A0AAW8Q391,1,PF00704
A0AAW8RA25,1,PF00704
A0AAW8RIK0,1,PF00704
A0AAW8U4R8,1,PF00704
A0AAW8XHC7,1,PF00704
A0AAW8YJZ8,1,PF00704
A0AAW8YRQ2,1,PF00704
A0AAW9A7S4,1,PF00704
A0AAW9AAR5,1,PF00704
A0AAW9AEC2,1,PF00704
A0AAW9AIF7,1,PF00704
A0AAW9ANB4,1,PF00704
A0AAW9AUK5,1,PF00704
A0AAW9B5R1,1,PF00704
A0AAW9B6Q7,1,PF00704
A0AAW9BDP6,1,PF00704
A0AAW9BGC3,1,PF00704
A0AAW9BKF1,1,PF00704
A0AAW9BMC4,1,PS51910
A0AAW9BU42,1,PF00704
A0AAW9CDT0,1,PF00704
A0AAW9D0Q9,1,PS51910
A0AAW9E2C1,1,PF00704
A0AAW9E448,1,PF00704
A0AAW9EBL3,1,PF00704
A0AAW9ESB4,1,PF00704
A0AAW9EZC3,1,PF00704
A0AAW9F137,1,PF00704
A0AAW9FPS7,1,PS51910
A0AAW9FTP6,1,PS51910
A0AAW9FUC6,2,G3DSA:3.20.20.370
A0AAW9FUC6,2,PF00704
A0AAW9FW14,1,PF00704
A0AAW9FY90,1,PF00704
A0AAW9G871,1,PF00704
A0AAW9G9J2,1,PF00704
A0AAW9GBD7,2,G3DSA:3.20.20.370
A0AAW9GBD7,2,PF00704
A0AAW9GIA0,1,PF00704
A0AAW9GYI6,1,PF00704
A0AAW9H217,1,PF00704
A0AAW9I7D8,1,PF00704
A0AAW9JEQ8,1,PS51910
A0AAW9JHQ1,1,PF00704
A0AAW9JQ91,1,PF00704
A0AAW9JST4,1,PF00704
A0AAW9K6L4,1,PS51910
A0AAW9LIB8,1,PF00704
A0AAW9LNU7,1,PF00704
A0AAW9LRC0,1,PF00704
A0AAW9LWL6,1,PF00704
A0AAW9MVY7,1,PF00704
A0AAW9MZH4,1,PF00704
A0AAW9N6L2,1,PF00704
A0AAW9NII3,1,PF00704
A0AAW9NL08,1,PF00704
A0AAW9NLR7,1,PF00704
A0AAW9NYS1,1,PF00704
A0AAW9PF92,1,PF00704
A0AAW9S6V9,2,PF00704
A0AAW9WMK3,1,PF00704
A0AAW9X3M4,1,PF00704
A0AAW9Y5B9,1,PF00704
A0AAW9YBD5,1,PF00704
A0AAX0AUJ9,1,PF00704
A0AAX0AX98,1,PF00704
A0AAX0AXR1,1,PF00704
A0AAX0BDA6,1,PF00704
A0AAX0BQR4,1,PF00704
A0AAX0GCC0,1,PF00704
A0AAX0HLC1,1,PF00704
A0AAX0HZC4,1,PF00704
A0AAX0I7T5,1,PF00704
A0AAX0II32,1,PF00704
A0AAX0IJX9,1,PF00704
A0AAX0K997,1,PF00704
A0AAX0LWC6,1,PF00704
A0AAX0RRK9,1,PF00704
A0AAX0S1R9,1,PF00704
A0AAX0S5F4,1,PF00704
A0AAX0S7K7,1,PF00704
A0AAX0WMT1,1,PF00704
A0AAX0WRJ0,1,PF00704
A0AAX0WXI7,1,PF00704
A0AAX0XQD2,1,PF00704
A0AAX0XSZ0,1,PF00704
A0AAX0YS27,1,PF00704
A0AAX0YY93,1,PF00704
A0AAX0Z032,1,PF00704
A0AAX0Z0A9,1,PF00704
A0AAX0Z2U5,1,PF00704
A0AAX1EEB7,1,PF00704
A0AAX1EJG5,1,PF00704
A0AAX1EJM1,1,PF00704
A0AAX1EKH5,1,PF00704
A0AAX1G1Q0,1,PF00704
A0AAX1G4A1,1,PF00704
A0AAX1G8Q7,1,PF00704
A0AAX1GBI4,1,PF00704
A0AAX1IIB4,1,PF00704
A0AAX1IKJ8,1,PF00704
A0AAX1KJ34,1,PF00704
A0AAX1KNM9,1,PF00704
A0AAX1LL92,1,PS51910
A0AAX1N0R2,2,PF00704
A0AAX1NDS2,1,PF00704
A0AAX1PF62,1,PF00704
A0AAX1PIS1,1,PF00704
A0AAX1Q4F3,1,PF00704
A0AAX1Q5U1,1,PF00704
A0AAX1QDW7,1,PF00704
A0AAX1QN51,2,PF00704
A0AAX1QN51,2,PF06483
A0AAX1QUB2,2,G3DSA:2.10.10.20:FF:000001
A0AAX1QUB2,2,PF00704
A0AAX1QXB0,1,PF00704
A0AAX1T017,1,PF00704
A0AAX1T0D3,1,PF00704
A0AAX1T1C8,1,PF00704
A0AAX1T6L6,2,G3DSA:3.20.20.370
A0AAX1T6L6,2,PF00704
A0AAX1UAC6,1,PF00704
A0AAX1VXK4,1,PF00704
A0AAX1WFF8,1,PF00704
A0AAX1WK81,1,PF00704
A0AAX1XLD6,1,PF00704
A0AAX1XNJ6,1,PF00704
A0AAX1XR27,1,PF00704
A0AAX1XS73,1,PF00704
A0AAX2CCR2,1,PF00704
A0AAX2CI96,1,PF00704
A0AAX2DLS8,1,PF00704
A0AAX2DP21,1,PF00704
A0AAX2DVB6,1,PF00704
A0AAX2DYF7,1,PF00704
A0AAX2EGQ2,1,PF00704
A0AAX2EJ21,1,PF00704
A0AAX2ELA9,1,PF00704
A0AAX2EYS6,1,PF00704
A0AAX2F2Q3,2,G3DSA:3.20.20.370
A0AAX2F2Q3,2,PF00704
A0AAX2FCW0,2,G3DSA:3.20.20.370
A0AAX2FCW0,2,PF00704
A0AAX2FIM9,1,PF00704
A0AAX2FJX0,1,PF00704
A0AAX2FLX6,1,PF00704
A0AAX2G651,1,PF00704
A0AAX2G6P4,1,PF00704
A0AAX2G758,2,G3DSA:3.20.20.370
A0AAX2G758,2,PF00704
A0AAX2GF82,1,PF00704
A0AAX2IVP3,1,PF00704
A0AAX2J0I7,1,PS51910
A0AAX2KMU1,1,PF00704
A0AAX2LUV3,1,PF00704
A0AAX2LY81,2,PF00704
A0AAX2LY81,2,PF06483
A0AAX2M679,1,PF00704
A0AAX2M764,1,PF00704
A0AAX2MAC3,1,PF00704
A0AAX2MBM5,1,PF00704
A0AAX2MDK5,1,PF00704
A0AAX2RSB3,1,PF00704
A0AAX2S121,1,PF00704
A0AAX2UUN5,1,PF00704
A0AAX2UUR2,1,PF00704
A0AAX2UV45,1,PF00704
A0AAX2UW84,1,PF00704
A0AAX2ZMH4,1,PF00704
A0AAX3CJZ1,1,PF00704
A0AAX3CM97,1,PF00704
A0AAX3CPR4,1,PF00704
A0AAX3FNI9,1,PF00704
A0AAX3G4C0,1,PF00704
A0AAX3GX45,1,PF00704
A0AAX3HIL5,1,PF00704
A0AAX3HRI5,2,G3DSA:3.20.20.370
A0AAX3HRI5,2,PF00704
A0AAX3HS52,1,PF00704
A0AAX3HSM3,1,PF00704
A0AAX3I5E0,1,PF00704
A0AAX3IZ40,1,PS51910
A0AAX3LGS6,1,PF00704
A0AAX3LYZ0,1,PF00704
A0AAX3M6R2,1,PF00704
A0AAX3M705,1,PF00704
A0AAX3MY15,1,PF00704
A0AAX3MY87,1,PF00704
A0AAX3N456,1,PF00704
A0AAX3N4R2,1,PF00704
A0AAX3N7E3,1,PF00704
A0AAX3N7H0,1,PF00704
A0AAX3N7M9,1,PF00704
A0AAX3NDF0,1,PF00704
A0AAX3NSU3,1,PF00704
A0AAX3NVM9,1,PF00704
A0AAX3NXU3,1,PF00704
A0AAX3NYP9,1,PF00704
A0AAX3PAA8,1,PF00704
A0AAX3PDL3,1,PF00704
A0AAX3QDP8,1,PF00704
A0AAX3QGU6,2,G3DSA:3.20.20.370
A0AAX3QGU6,2,PF00704
A0AAX3RKA6,1,PF00704
A0AAX3RWM5,1,PF00704
A0AAX3S401,1,PF00704
A0AAX3TZE8,1,PF00704
A0AAX3U2X1,1,PF00704
A0AAX3U7U2,1,PF00704
A0AAX3U9L0,1,PF00704
A0AAX3UBC1,2,PF00704
A0AAX3UBC1,2,PF06483
A0AAX3VY56,1,PF00704
A0AAX3W0C0,1,PF00704
A0AAX3WSD1,1,PF00704
A0AAX3WUN6,1,PF00704
A0AAX3X5P3,1,PF00704
A0AAX3Z6F2,1,PF00704
A0AAX3Z780,1,PF00704
A0AAX3ZGA5,1,PF00704
A0AAX3ZGC7,1,PF00704
A0AAX3ZGC8,1,PF00704
A0AAX3ZM73,1,PF00704
A0AAX3ZME4,1,PF00704
A0AAX3ZNC3,1,PF00704
A0AAX3ZQK1,1,PF00704
A0AAX4FFW1,1,PF00704
A0AAX6BGW3,1,PF00704
A0AAX6BHL1,1,PF00704
A0AAX6N2J5,1,PF00704
A0AAX6N2V0,1,PF00704
A0AB33CHA5,1,PF00704
A0AB33EKA3,1,PS51910
A0AB33EMA3,1,PF00704
A0AB33ENT0,1,PF00704
A0AB33EQ68,1,PF00704
A0AB33EZA9,1,PF00704
A0AB33F107,1,PF00704
A0AB33FBQ3,1,PF00704
A0AB33FNJ4,1,PF00704
A0AB33G7F9,1,PF00704
A0AB33G848,1,PF00704
A0AB33H7V6,1,PF00704
A0AB33IUN1,1,PF00704
A0AB33IXT2,1,PF00704
A0AB33J9K1,1,PF00704
A0AB33JFL0,1,PF00704
A0AB33JP67,1,PF00704
A0AB33JRR0,1,PS51910
A0AB33JXA3,1,PF00704
A0AB33JY47,1,PF00704
A0AB33JYB3,1,PF00704
A0AB33JZM8,1,PF00704
A0AB33K0P6,1,PS51910
A0AB33K122,1,PF00704
A0AB33K1S4,1,PS51910
A0AB33K3G7,1,PF00704
A0AB33K3I3,1,PF00704
A0AB33K8B3,1,PF00704
A0AB33KAR2,1,PF00704
A0AB33KBP0,1,PF00704
A0AB33KFT5,1,PF00704
A0AB33KH02,1,PF00704
A0AB33KI03,1,PF00704
A0AB33KM30,1,PS51910
A0AB33KVJ4,1,PF00704
A0AB33KVK7,1,PF00704
A0AB33KXH6,1,PF00704
A0AB33KZE5,1,PS51910
A0AB33VCN5,1,PF00704
A0AB33WN36,1,PF00704
A0AB33WP02,1,PF00704
A0AB34BGQ3,1,PF00704
A0AB34C126,1,PF00704
A0AB34C734,1,PF00704
A0AB34C858,1,PF00704
A0AB34CF97,1,PF00704
A0AB34D2B7,1,PF00704
A0AB34DEH7,2,G3DSA:3.20.20.370
A0AB34DEH7,2,PF00704
A0AB34P4F5,1,PF00704
A0AB34Q8D1,1,PF00704
A0AB34QFF5,1,PF00704
A0AB34QHZ8,1,PF00704
A0AB34QVS5,1,PF00704
A0AB34SJE8,1,PF00704
A0AB34TG81,1,PF00704
A0AB34TL21,1,PF00704
A0AB34U519,1,PF00704
A0AB34Z660,1,PF00704
A0AB35F0B0,1,PF00704
A0AB35F7M4,1,PF00704
A0AB35H889,1,PF00704
A0AB35HUH1,1,PF00704
A0AB35HZ40,1,PF00704
A0AB35JVQ4,1,PF00704
A0AB35KCJ3,1,PF00704
A0AB35MRI7,2,PF00704
A0AB35MRI7,2,PF06483
A0AB35MTX2,1,PF00704
A0AB35MX42,1,PF00704
A0AB35P7T7,1,PS51910
A0AB35PF07,1,PF00704
A0AB35PS68,1,PF00704
A0AB35Q5F5,1,PF00704
A0AB35QYZ4,1,PF00704
A0AB35U5R6,2,G3DSA:3.20.20.370
A0AB35U5R6,2,PF00704
A0AB35WEM3,1,PF00704
A0AB35WFJ5,1,PF00704
A0AB35WH95,1,PF00704
A0AB35X8N8,1,PF00704
A0AB35XAV7,1,PF00704
A0AB35YGX5,1,PF00704
A0AB35YKL0,1,PF00704
A0AB35YKZ6,1,PF00704
A0AB36CWW1,1,PF00704
A0AB36DGM9,1,PF00704
A0AB36H405,1,PF00704
A0AB36J8C8,1,PF00704
A0AB36J9L9,1,PF00704
A0AB36J9S3,1,PF00704
A0AB36JAP4,1,PF00704
A0AB36JIK5,1,PF00704
A0AB36JX90,1,PF00704
A0AB36JYU7,1,PF00704
A0AB36K8K4,1,PF00704
A0AB36KAF2,1,PF00704
A0AB36KSW1,1,PF00704
A0AB36NWC2,1,PF00704
A0AB36NXL7,2,PF00704
A0AB36NYK7,1,PF00704
A0AB36P1J6,1,PF00704
A0AB36P720,1,PF00704
A0AB36S974,1,PF00704
A0AB36SGP7,1,PF00704
A0AB36SH72,2,G3DSA:3.20.20.370
A0AB36SH72,2,PF00704
A0AB36SK80,1,PF00704
A0AB36SV95,2,G3DSA:3.20.20.370
A0AB36SV95,2,PF00704
A0AB36T232,1,PF00704
A0AB36T6H5,1,PF00704
A0AB36TCS0,1,PF00704
A0AB36TEJ2,1,PF00704
A0AB36TH80,1,PF00704
A0AB36TIG8,1,PF00704
A0AB36TIR5,1,PF00704
A0AB36TP43,2,G3DSA:3.20.20.370
A0AB36TP43,2,PF00704
A0AB36TST2,1,PF00704
A0AB36TX65,1,PS51910
A0AB36XGM8,1,PF00704
A0AB36XI23,1,PF00704
A0AB36XM33,2,PF00704
A0AB36XM33,2,PF06483
A0AB36XNH7,1,PF00704
A0AB36XTN0,1,PF00704
A0AB37C3C8,1,PF00704
A0AB37HGG4,1,PF00704
A0AB37HIF3,1,PF00704
A0AB37HQN3,1,PF00704
A0AB37IDQ0,1,PS51910
A0AB37IK32,1,PF00704
A0AB37IKG6,1,PF00704
A0AB37J9S1,1,PF00704
A0AB37JAA8,1,PF00704
A0AB37JLN5,1,PF00704
A0AB37KLT9,1,PF00704
A0AB37L4X8,1,PF00704
A0AB37L9N7,1,PF00704
A0AB37LB75,1,PF00704
A0AB37M8Z0,1,PF00704
A0AB37MGX1,1,PF00704
A0AB37MQ78,1,PF00704
A0AB37MRJ9,1,PF00704
A0AB37MU41,1,PF00704
A0AB37MWV6,1,PF00704
A0AB37N0U6,1,PS51910
A0AB37QKF1,1,PF00704
A0AB37R526,1,PF00704
A0AB37R813,1,PS51910
A0AB37SU06,1,PF00704
A0AB37SXY6,1,PF00704
A0AB37SYQ0,1,PF00704
A0AB37T050,1,PF00704
A0AB37T356,1,PF00704
A0AB37T3F4,1,PS51910
A0AB37T4I2,1,PF00704
A0AB37T868,1,PF00704
A0AB37TSA1,1,PF00704
A0AB37TW34,1,PF00704
A0AB37TX42,1,PF00704
A0AB37TXX1,1,PF00704
A0AB37TYK7,1,PF00704
A0AB37U2W6,1,PF00704
A0AB37U2Y9,1,PF00704
A0AB37VFT3,1,PF00704
A0AB37VQ40,1,PF00704
A0AB37X5U1,1,PF00704
A0AB37XHB7,1,PF00704
A0AB37XJB9,1,PF00704
A0AB37XLQ2,1,PF00704
A0AB37YJD0,1,PF00704
A0AB37YPU1,2,G3DSA:3.20.20.370
A0AB37YPU1,2,PF00704
A0AB37YVK9,1,PF00704
A0AB37ZLS9,1,PF00704
A0AB38AFX5,1,PF00704
A0AB38AIT1,1,PS51910
A0AB38AP01,1,PF00704
A0AB38AZ53,1,PF00704
A0AB38B3B9,1,PS51910
A0AB38B6L8,1,PF00704
A0AB38B811,1,PF00704
A0AB38C1J0,1,PF00704
A0AB38C2V3,1,PF00704
A0AB38C631,1,PF00704
A0AB38CAQ0,1,PF00704
A0AB38E7V9,1,PF00704
A0AB38E815,1,PF00704
A0AB38EP20,1,PF00704
A0AB38FR97,1,PF00704
A0AB38FRX1,1,PF00704
A0AB38FWM8,1,PF00704
A0AB38FYW6,1,PF00704
A0AB38N1W8,1,PF00704
A0AB38NAM8,1,PF00704
A0AB38PA45,1,PF00704
A0AB38PBC4,1,PF00704
A0AB38QY63,1,PF00704
A0AB38QYR0,1,PF00704
A0AB38TYX8,1,PF00704
A0AB38UAE5,1,PF00704
A0AB38XMB5,1,PS51910
A0AB38YRL9,1,PF00704
A0AB39AWH8,1,PF00704
A0AB39AWQ4,1,PF00704
A0AB39BCH1,1,PF00704
A0AB39BSU9,1,PF00704
A0AB39HQ36,1,PF00704
A0AB39J296,1,PF00704
A0AB39LHC2,1,PF00704
A0AB39LK96,1,PS51910
A0AB39LQX1,1,PF00704
A0AB39LRJ6,1,PF00704
A0AB39LWK7,1,PF00704
A0AB39M0X3,1,PS51910
A0AB39M1V7,1,PF00704
A0AB39M5Q1,1,PF00704
A0AB39MAQ4,1,PS51910
A0AB39MB87,1,PF00704
A0AB39MET4,1,PF00704
A0AB39MI25,1,PS51910
A0AB39MIZ2,1,PF00704
A0AB39MJC0,1,PF00704
A0AB39MJY7,1,PF00704
A0AB39MKM5,1,PS51910
A0AB39MLF4,1,PS51910
A0AB39MM57,1,PF00704
A0AB39MPR3,1,PF00704
A0AB39MTR0,1,PS51910
A0AB39MUI6,1,PF00704
A0AB39MX62,1,PF00704
A0AB39MY23,1,PF00704
A0AB39MYG2,1,PS51910
A0AB39N3A7,1,PF00704
A0AB39N663,1,PF00704
A0AB39N742,1,PF00704
A0AB39NGR8,1,PF00704
A0AB39NJW7,1,PS51910
A0AB39NS53,1,PF00704
A0AB39NSG0,1,PF00704
A0AB39NYA6,1,PF00704
A0AB39P2M0,1,PS51910
A0AB39P3H0,1,PS51910
A0AB39P3M8,1,PF00704
A0AB39P802,1,PF00704
A0AB39P864,1,PF00704
A0AB39P944,1,PF00704
A0AB39PC29,1,PS51910
A0AB39PMC6,1,PS51910
A0AB39PPT6,1,PF00704
A0AB39PQR6,1,PF00704
A0AB39PRU1,1,PF00704
A0AB39PS23,1,PF00704
A0AB39PX62,1,PS51910
A0AB39PXF6,1,PF00704
A0AB39Q3N1,1,PF00704
A0AB39Q3X2,1,PF00704
A0AB39Q755,1,PF00704
A0AB39QA92,1,PS51910
A0AB39QBA9,1,PF00704
A0AB39QF26,1,PS51910
A0AB39QMH3,1,PS51910
A0AB39QNW5,1,PF00704
A0AB39QRB5,1,PF00704
A0AB39QVL8,1,PF00704
A0AB39QWX1,1,PS51910
A0AB39RB23,1,PF00704
A0AB39RBF4,1,PF00704
A0AB39RG78,1,PS51910
A0AB39RIM0,1,PF00704
A0AB39RKF9,1,PF00704
A0AB39RKL7,1,PF00704
A0AB39RRW4,3,PS51910
A0AB39RRW4,3,SSF51445
A0AB39RV57,1,PS51910
A0AB39RVZ0,1,PS51910
A0AB39S4A0,1,PF00704
A0AB39S546,1,PF00704
A0AB39S8V2,1,PS51910
A0AB39SGZ8,1,PF00704
A0AB39SHJ3,1,PF00704
A0AB39SHN2,1,PS51910
A0AB39SID0,1,PF00704
A0AB39SLU4,1,PS51910
A0AB39SMN0,3,PS51910
A0AB39SMN0,3,SSF51445
A0AB39SMT6,1,PS51910
A0AB39SS48,1,PF00704
A0AB39SW87,1,PF00704
A0AB39SXL6,1,PF00704
A0AB39SYL1,1,PF00704
A0AB39SZ62,1,PF00704
A0AB39T1A0,1,PF00704
A0AB39T1F1,1,PS51910
A0AB39T5X1,1,PF00704
A0AB39T8P2,1,PF00704
A0AB39T9T1,1,PF00704
A0AB39TC08,1,PF00704
A0AB39TE71,1,PF00704
A0AB39TJB4,1,PF00704
A0AB39TP94,1,PF00704
A0AB39TPQ8,1,PF00704
A0AB39TU38,1,PF00704
A0AB39TYD6,1,PF00704
A0AB39VLX3,1,PF00704
A0AB39XXH3,1,PF00704
A0AB39Y919,1,PF00704
A0AB39YBH9,1,PF00704
A0AB39YGX4,1,PF00704
A0AB39YHW9,1,PF00704
A0AB39YI18,1,PF00704
A0AB72Z5Y4,1,PF00704
A0AB72ZC36,1,PF00704
A0AB73A715,1,PF00704
A0AB73AHH8,1,PS51910
A0AB73FVE6,1,PF00704
A0AB73FXA6,1,PF00704
A0AB73FZB0,1,PF00704
A0AB73GX94,1,PF00704
A0AB73HA64,1,PF00704
A0AB73HAQ4,1,PF00704
A0AB73KAD2,1,PF00704
A0AB73KB20,1,PF00704
A0AB73KB28,1,PF00704
A0AB73KD71,1,PF00704
A0AB73KDM7,1,PS51910
A0AB73KDR6,1,PF00704
A0AB73KG83,1,PF00704
A0AB73KLA6,1,PF00704
A0AB73KLU2,1,PF00704
A0AB73KM41,1,PF00704
A0AB73KUS5,1,PF00704
A0AB73KVS3,1,PS51910
A0AB73LK02,1,PF00704
A0AB73LPW5,1,PF00704
A0AB73MTN3,1,PF00704
A0AB73NFE4,1,PF00704
A0AB73QW58,2,G3DSA:3.20.20.370
A0AB73QW58,2,PF00704
A0AB73QYE9,1,PF00704
A0AB73R153,1,PF00704
A0AB73SNB8,2,G3DSA:3.20.20.370
A0AB73SNB8,2,PF00704
A0AB73T5Q8,1,PF00704
A0AB73T5T3,1,PF00704
A0AB73T6M8,1,PF00704
A0AB73TB11,1,PF00704
A0AB73THN2,1,PF00704
A0AB73UG32,1,PF00704
A0AB73UNE7,1,PF00704
A0AB73US11,2,G3DSA:3.20.20.370
A0AB73US11,2,PF00704
A0AB73UXJ1,1,PF00704
A0AB74A5L2,1,PF00704
A0AB74B5J3,1,PF00704
A0AB74BIA2,1,PF00704
A0AB74CS46,1,PF00704
A0AB74CVP3,1,PF00704
A0AB74D025,1,PF00704
A0AB74D569,1,PF00704
A0AB74DA05,1,PF00704
A0AB74KP63,1,PF00704
A0AB74KTD4,1,PF00704
A0AB74NE74,1,PF00704
A0AB74QCS6,1,PF00704
A0AB74V9T0,1,PF00704
A0AB74V9U8,1,PF00704
A0AB74VPX7,1,PF00704
A0AB94IFM8,1,PF00704
A0AB94IHP0,1,PF00704
A0AB94II60,1,PF00704
A0AB94IM37,1,PF00704
A0AB94IP29,1,PF00704
A0AB94IPU4,1,PF00704
A0AB94IQA0,1,PF00704
A0ABD5Q869,1,PF00704
A0ABD5Q8V7,1,PF00704
A0ABD5QGV6,1,PF00704
A0ABD5QHN3,1,PF00704
A0ABD5YJ49,1,PF00704
A0ABD5YJF7,1,PS51910
A0ABD5YMY3,1,PF00704
A0ABD5YSG3,1,PF00704
A0ABF7T803,1,PF00704
A0ABF7T814,1,PS51910
A0AES9,1,PF00704
A0AJY8,1,PF00704
A0EQW8,1,PF00704
A0KGX3,1,PF00704
A0KNS8,1,PF00704
A0KZJ0,1,PF00704
A0LRY8,1,PF00704
A0LSG6,1,PF00704
A0LUX0,1,PF00704
A0LUX2,1,PF00704
A0LWJ5,1,PS51910
A0PMR0,1,PS51910
A0PYY9,1,PF00704
A0Q5K5,1,PF00704
A0Q8D7,2,PF00704
A0Q8D7,2,SSF51445
A0Q8N1,1,PF00704
A1HSC2,1,PF00704
A1HSG0,1,PF00704
A1IIY7,1,PF00704
A1IIY8,1,PF00704
A1IIY9,1,PF00704
A1IIZ0,1,PF00704
A1IIZ1,1,PF00704
A1IIZ2,1,PF00704
A1IIZ3,1,PF00704
A1IIZ4,1,PF00704
A1IIZ5,1,PF00704
A1IIZ7,1,PF00704
A1IIZ8,1,PF00704
A1SKM9,1,PF00704
A1TAV0,2,PF00704
A1TAV0,2,SSF51445
A1TSR1,1,PF00704
A1XNE9,1,PF00704
A1YLR3,1,PF00704
A1ZFU5,1,PF00704
A1ZX26,1,PF00704
A2A129,1,PF00704
A2A132,1,PF00704
A2AXC8,1,PF00704
A2C9A3,1,PF00704
A2ICY1,1,PF00704
A2RN78,1,PF00704
A2TC68,1,PF00704
A3D5H1,1,PF00704
A3D751,1,PF00704
A3DC30,1,PF00704
A3DFV8,1,PF00704
A3DGE2,1,PF00704
A3DJG4,1,PF00704
A3EYJ6,1,PF00704
A3HSX3,1,PF00704
A3KKY6,1,PF00704
A3KL01,1,PF00704
A4AM64,1,PF00704
A4AVQ6,1,PF00704
A4BB99,1,PF00704
A4BBI0,1,PF00704
A4CD86,1,PF00704
A4CD88,1,PF00704
A4CR07,1,PF00704
A4D7W5,1,PF00704
A4F2G1,1,PF00704
A4F2G2,1,PF00704
A4F2G3,1,PF00704
A4F2G4,1,PF00704
A4F2G6,1,PF00704
A4F2G7,1,PF00704
A4F2G8,1,PF00704
A4F2G9,1,PF00704
A4F2H0,1,PF00704
A4F2H1,1,PF00704
A4F2H2,1,PF00704
A4F2H3,1,PF00704
A4F2H4,1,PF00704
A4F2H5,1,PF00704
A4F2H6,1,PF00704
A4F2H7,1,PF00704
A4F2H8,1,PF00704
A4F2H9,1,PF00704
A4F2I0,1,PF00704
A4F2I1,1,PF00704
A4F2I2,1,PF00704
A4F2I3,1,PF00704
A4F2I4,1,PF00704
A4F2I5,1,PF00704
A4F2I6,1,PF00704
A4F2I7,1,PF00704
A4F2I8,1,PF00704
A4FBW2,1,PF00704
A4FGL0,1,PF00704
A4FKQ7,1,PF00704
A4FNV0,1,PF00704
A4FNV1,1,PF00704
A4GT76,1,PF00704
A4GZI8,1,PF00704
A4IJ97,1,PF00704
A4IK91,1,PF00704
A4IQU5,1,PF00704
A4IS49,1,PF00704
A4J282,1,PF00704
A4J2I0,1,PF00704
A4L294,1,PF00704
A4SJD6,1,PF00704
A4TBD9,2,PF00704
A4TBD9,2,SSF51445
A4X946,1,PF00704
A4XDN4,1,PF00704
A4ZVE5,1,PF00704
A5A699,1,PF00704
A5D4V7,1,PF00704
A5FAK7,1,PF00704
A5FB54,1,PF00704
A5FB63,2,PF00704
A5FC89,1,PF00704
A5GNH9,1,PF00704
A5GSE6,1,PF00704
A5HZS1,1,PF00704
A5I0Q0,1,PF00704
A5I0S4,1,PS51910
A5I148,1,PF00704
A5I5R8,1,PF00704
A5KIX8,1,PF00704
A5KQX3,1,PF00704
A5KVU7,1,PF00704
A5KVU8,1,PF00704
A5KWP0,1,PF00704
A5L061,2,PF00704
A5L061,2,PF06483
A5L8U7,1,PF00704
A5N6W5,1,PF00704
A5UQ36,1,PF00704
A5YRG4,1,PF00704
A5Z8G2,1,PF00704
A5ZA90,3,PF00704
A5ZPR6,1,PF00704
A6BFG4,1,PF00704
A6EB77,1,PF00704
A6EB78,1,PF00704
A6EIC3,1,PF00704
A6FBZ7,1,PF00704
A6FD95,1,PF00704
A6KZU9,1,PF00704
A6LX98,1,PF00704
A6LYP9,1,PF00704
A6NQA4,1,PF00704
A6NUN0,1,PF00704
A6T7R3,1,PF00704
A6TM83,1,PF00704
A6TUD7,1,PF00704
A6V5H4,1,PF00704
A6XFF7,1,PF00704
A7B6I4,1,PF00704
A7B6Y8,1,PF00704
A7GBD0,1,PF00704
A7GCA5,1,PF00704
A7GCC8,1,PS51910
A7GCQ0,1,PF00704
A7GH50,1,PF00704
A7GKS3,1,PF00704
A7GQU7,1,PF00704
A7IAD3,1,PF00704
A7IDN7,1,PS51910
A7IGQ3,1,PF00704
A7LFH9,1,PF00704
A7LHM5,1,PF00704
A7LHM6,1,PF00704
A7M6A0,1,PF00704
A7MIL2,1,PF00704
A7MTY3,1,PF00704
A7N1W5,1,PF00704
A7N405,1,PF00704
A7N449,1,PF00704
A7N5D7,2,PF00704
A7N5D7,2,PF06483
A7N613,1,PF00704
A7N6J8,1,PF00704
A7NF10,1,PF00704
A7UG63,1,PF00704
A7VQ10,1,PF00704
A7XXW3,1,PF00704
A7XXW5,1,PF00704
A7XXW7,1,PF00704
A7XXX1,1,PF00704
A7XXX3,1,PF00704
A7XXX5,1,PF00704
A7XXX7,1,PF00704
A7Z0D9,1,PF00704
A7Z3U7,1,PF00704
A8AIM7,1,PF00704
A8FAE1,1,PF00704
A8G807,1,PF00704
A8GB37,1,PF00704
A8GFD6,1,PF00704
A8GHI4,1,PF00704
A8H8S9,1,PF00704
A8IDA6,1,PS51910
A8LV01,1,PF00704
A8LY79,1,PF00704
A8MFC7,1,PF00704
A8MLQ3,1,PF00704
A8QLM7,1,PF00704
A8QZK0,1,PF00704
A8RJ54,1,PF00704
A8RPZ1,1,PF00704
A8S1M9,1,PF00704
A8T099,1,PF00704
A8T0H9,2,PF00704
A8T0H9,2,PF06483
A8T3S3,1,PF00704
A8T9I8,1,PF00704
A9AX09,1,PF00704
A9AZI8,1,PF00704
A9B0U5,1,PF00704
A9B1U6,1,PF00704
A9EQQ2,1,PF00704
A9GCU0,1,PF00704
A9KE67,1,PF00704
A9KK04,1,PF00704
A9KKA5,1,PF00704
A9KMH9,1,PF00704
A9KRF0,1,PF00704
A9KSD6,1,PF00704
A9KSD7,1,PF00704
A9KSX3,1,PF00704
A9KYC7,1,PF00704
A9L4I2,1,PF00704
A9MR71,1,PF00704
A9NHP7,1,PF00704
A9VNV4,1,PF00704
A9VR14,1,PF00704
A9VSJ6,1,PF00704
A9WCC1,1,PF00704
A9WNY9,1,PF00704
A9YZW1,1,PF00704
A9ZQC1,1,PF00704
A9ZQC2,1,PF00704
A9ZQC3,1,PF00704
A9ZQC4,1,PF00704
A9ZQC5,1,PF00704
A9ZQC6,1,PF00704
A9ZQC7,1,PF00704
A9ZQC8,1,PF00704
A9ZQC9,1,PF00704
A9ZQD0,1,PF00704
A9ZQD1,1,PF00704
A9ZQD2,1,PF00704
A9ZQD3,1,PF00704
A9ZQD5,1,PF00704
A9ZQD6,1,PF00704
A9ZQD7,1,PF00704
A9ZQD8,1,PF00704
A9ZQD9,1,PF00704
A9ZQE0,1,PF00704
A9ZQE1,1,PF00704
A9ZQE2,1,PF00704
A9ZQE3,1,PF00704
A9ZQE4,1,PF00704
A9ZQE5,1,PF00704
A9ZQE9,1,PF00704
A9ZQF0,1,PF00704
A9ZQF1,1,PF00704
A9ZQF2,1,PF00704
A9ZQF3,1,PF00704
A9ZQF4,1,PF00704
A9ZQF5,1,PF00704
A9ZQF6,1,PF00704
A9ZQF7,1,PF00704
A9ZQF8,1,PF00704
A9ZQF9,1,PF00704
A9ZQG0,1,PF00704
A9ZQG1,1,PF00704
A9ZQG2,1,PF00704
A9ZQG3,1,PF00704
A9ZQG4,1,PF00704
A9ZQG5,1,PF00704
A9ZQG6,1,PF00704
A9ZQG7,1,PF00704
A9ZQG8,1,PF00704
A9ZQG9,1,PF00704
A9ZQH0,1,PF00704
A9ZQH1,1,PF00704
A9ZQH2,1,PF00704
A9ZQH3,1,PF00704
A9ZQH4,1,PF00704
A9ZQH5,1,PF00704
A9ZQH6,1,PF00704
A9ZQH7,1,PF00704
A9ZQH8,1,PF00704
A9ZQH9,1,PF00704
A9ZQI0,1,PF00704
A9ZQI1,1,PF00704
A9ZQI2,1,PF00704
A9ZQI3,1,PF00704
A9ZQI4,1,PF00704
A9ZQI5,1,PF00704
A9ZQI6,1,PF00704
A9ZQI8,1,PF00704
A9ZQI9,1,PF00704
A9ZQJ0,1,PF00704
A9ZQJ1,1,PF00704
A9ZQJ2,1,PF00704
A9ZQJ3,1,PF00704
A9ZQJ4,1,PF00704
A9ZQJ5,1,PF00704
A9ZQJ6,1,PF00704
A9ZQJ7,1,PF00704
A9ZQJ8,1,PF00704
A9ZQJ9,1,PF00704
A9ZQK0,1,PF00704
A9ZQK1,1,PF00704
A9ZQK2,1,PF00704
A9ZQK3,1,PF00704
A9ZQK4,1,PF00704
A9ZQK5,1,PF00704
A9ZQK6,1,PF00704
A9ZQK7,1,PF00704
A9ZQK8,1,PF00704
A9ZQL0,1,PF00704
A9ZQL1,1,PF00704
A9ZQL2,1,PF00704
A9ZQL3,1,PF00704
A9ZQL4,1,PF00704
A9ZQL5,1,PF00704
A9ZQL6,1,PF00704
A9ZQL7,1,PF00704
A9ZQL8,1,PF00704
A9ZQL9,1,PF00704
A9ZQM0,1,PF00704
A9ZQM1,1,PF00704
A9ZQM2,1,PF00704
A9ZQM3,1,PF00704
A9ZQM4,1,PF00704
A9ZQM5,1,PF00704
A9ZQM8,1,PF00704
A9ZQM9,1,PF00704
A9ZQN0,1,PF00704
A9ZQN1,1,PF00704
A9ZQN2,1,PF00704
A9ZQN3,1,PF00704
A9ZQN4,1,PF00704
A9ZQN5,1,PF00704
A9ZQN6,1,PF00704
A9ZQN7,1,PF00704
A9ZQN8,1,PF00704
A9ZQP0,1,PF00704
A9ZQP2,1,PF00704
A9ZQP3,1,PF00704
A9ZQP4,1,PF00704
A9ZQP5,1,PF00704
A9ZQP6,1,PF00704
A9ZQP7,1,PF00704
A9ZQP8,1,PF00704
A9ZQP9,1,PF00704
A9ZQQ0,1,PF00704
A9ZQQ1,1,PF00704
A9ZQQ2,1,PF00704
A9ZQQ5,1,PF00704
A9ZQQ6,1,PF00704
A9ZQQ8,1,PF00704
A9ZQQ9,1,PF00704
A9ZQR0,1,PF00704
A9ZQR1,1,PF00704
A9ZQR2,1,PF00704
A9ZQR3,1,PF00704
A9ZQR4,1,PF00704
A9ZQR5,1,PF00704
A9ZQR6,1,PF00704
A9ZQR7,1,PF00704
A9ZQR8,1,PF00704
A9ZQR9,1,PF00704
A9ZQS0,1,PF00704
A9ZQS2,1,PF00704
A9ZQS3,1,PF00704
A9ZQS4,1,PF00704
A9ZQS5,1,PF00704
A9ZQS7,1,PF00704
A9ZQS8,1,PF00704
A9ZQS9,1,PF00704
A9ZQT2,1,PF00704
A9ZQT4,1,PF00704
A9ZQT5,1,PF00704
A9ZQT6,1,PF00704
A9ZQT7,1,PF00704
A9ZQT9,1,PF00704
A9ZQU0,1,PF00704
A9ZQU2,1,PF00704
A9ZQU4,1,PF00704
A9ZQU5,1,PF00704
A9ZQU6,1,PF00704
A9ZQU7,1,PF00704
A9ZQU8,1,PF00704
A9ZQU9,1,PF00704
A9ZQV0,1,PF00704
A9ZQV1,1,PF00704
A9ZQV2,1,PF00704
A9ZQV5,1,PF00704
A9ZQV6,1,PF00704
A9ZQV7,1,PF00704
A9ZQV8,1,PF00704
A9ZQV9,1,PF00704
A9ZQW0,1,PF00704
A9ZQW1,1,PF00704
A9ZQW2,1,PF00704
A9ZQW3,1,PF00704
A9ZQW4,1,PF00704
A9ZQW5,1,PF00704
A9ZQW6,1,PF00704
A9ZQW7,1,PF00704
A9ZQW8,1,PF00704
A9ZQW9,1,PF00704
A9ZQX0,1,PF00704
A9ZQX1,1,PF00704
A9ZQX2,1,PF00704
A9ZQX3,1,PF00704
A9ZQX4,1,PF00704
A9ZQX5,1,PF00704
A9ZQX6,1,PF00704
A9ZQX7,1,PF00704
A9ZQX8,1,PF00704
A9ZQX9,1,PF00704
A9ZQY0,1,PF00704
A9ZQY2,1,PF00704
A9ZQY4,1,PF00704
A9ZQY6,1,PF00704
A9ZQY7,1,PF00704
A9ZQY8,1,PF00704
A9ZQY9,1,PF00704
A9ZQZ0,1,PF00704
A9ZQZ2,1,PF00704
A9ZQZ4,1,PF00704
A9ZQZ5,1,PF00704
A9ZQZ6,1,PF00704
A9ZQZ7,1,PF00704
A9ZQZ8,1,PF00704
A9ZQZ9,1,PF00704
A9ZR00,1,PF00704
A9ZR01,1,PF00704
A9ZR02,1,PF00704
A9ZR03,1,PF00704
A9ZR04,1,PF00704
A9ZR05,1,PF00704
A9ZR06,1,PF00704
A9ZR07,1,PF00704
A9ZR08,1,PF00704
A9ZR09,1,PF00704
A9ZR10,1,PF00704
A9ZR12,1,PF00704
A9ZR13,1,PF00704
A9ZR15,1,PF00704
A9ZR16,1,PF00704
A9ZR17,1,PF00704
A9ZR18,1,PF00704
A9ZR19,1,PF00704
A9ZR20,1,PF00704
A9ZR21,1,PF00704
A9ZR22,1,PF00704
A9ZR23,1,PF00704
A9ZR24,1,PF00704
A9ZR25,1,PF00704
A9ZR26,1,PF00704
A9ZR27,1,PF00704
A9ZR28,1,PF00704
A9ZR29,1,PF00704
A9ZR30,1,PF00704
A9ZR32,1,PF00704
A9ZR33,1,PF00704
A9ZR34,1,PF00704
A9ZR35,1,PF00704
A9ZR37,1,PF00704
A9ZR38,1,PF00704
A9ZR39,1,PF00704
A9ZR40,1,PF00704
A9ZR41,1,PF00704
A9ZR42,1,PF00704
A9ZR43,1,PF00704
A9ZR44,1,PF00704
A9ZR45,1,PF00704
A9ZR46,1,PF00704
A9ZR47,1,PF00704
A9ZR49,1,PF00704
A9ZR50,1,PF00704
A9ZR51,1,PF00704
A9ZR52,1,PF00704
A9ZR53,1,PF00704
A9ZR55,1,PF00704
A9ZR56,1,PF00704
A9ZR57,1,PF00704
A9ZR58,1,PF00704
A9ZR59,1,PF00704
A9ZR60,1,PF00704
A9ZR61,1,PF00704
A9ZR62,1,PF00704
A9ZR63,1,PF00704
A9ZR64,1,PF00704
A9ZR65,1,PF00704
A9ZR66,1,PF00704
A9ZR67,1,PF00704
A9ZR68,1,PF00704
A9ZR69,1,PF00704
A9ZR70,1,PF00704
A9ZR71,1,PF00704
A9ZR72,1,PF00704
A9ZR73,1,PF00704
A9ZR74,1,PF00704
A9ZR75,1,PF00704
A9ZR76,1,PF00704
A9ZR77,1,PF00704
A9ZR78,1,PF00704
A9ZR79,1,PF00704
A9ZR80,1,PF00704
A9ZR81,1,PF00704
A9ZR82,1,PF00704
A9ZR83,1,PF00704
A9ZR84,1,PF00704
A9ZR85,1,PF00704
A9ZR86,1,PF00704
A9ZR87,1,PF00704
A9ZR88,1,PF00704
A9ZR89,1,PF00704
A9ZR90,1,PF00704
A9ZR91,1,PF00704
A9ZR92,1,PF00704
A9ZR93,1,PF00704
A9ZR94,1,PF00704
A9ZR95,1,PF00704
A9ZR96,1,PF00704
A9ZR98,1,PF00704
A9ZRA0,1,PF00704
A9ZRA2,1,PF00704
A9ZRA3,1,PF00704
A9ZRA4,1,PF00704
A9ZRA5,1,PF00704
A9ZRA6,1,PF00704
A9ZRA7,1,PF00704
A9ZRA8,1,PF00704
A9ZRA9,1,PF00704
A9ZRB0,1,PF00704
A9ZRB1,1,PF00704
A9ZRB5,1,PF00704
A9ZRB6,1,PF00704
A9ZRB7,1,PF00704
A9ZRB8,1,PF00704
A9ZRB9,1,PF00704
A9ZRC0,1,PF00704
A9ZRC1,1,PF00704
A9ZRC2,1,PF00704
A9ZRC3,1,PF00704
A9ZRC4,1,PF00704
A9ZRC5,1,PF00704
A9ZRC6,1,PF00704
A9ZRC7,1,PF00704
A9ZRC8,1,PF00704
A9ZRC9,1,PF00704
A9ZRD0,1,PF00704
A9ZRD1,1,PF00704
A9ZRD2,1,PF00704
A9ZRD3,1,PF00704
A9ZRD4,1,PF00704
A9ZRD5,1,PF00704
A9ZRD6,1,PF00704
A9ZRD7,1,PF00704
A9ZRD9,1,PF00704
A9ZRE0,1,PF00704
A9ZRE1,1,PF00704
A9ZRE2,1,PF00704
A9ZRE3,1,PF00704
A9ZRE4,1,PF00704
A9ZRE5,1,PF00704
A9ZRE6,1,PF00704
A9ZRE7,1,PF00704
A9ZRE8,1,PF00704
A9ZRE9,1,PF00704
A9ZRF0,1,PF00704
A9ZRF1,1,PF00704
A9ZRF2,1,PF00704
A9ZRF3,1,PF00704
A9ZRF4,1,PF00704
A9ZRF5,1,PF00704
A9ZRF7,1,PF00704
A9ZRF8,1,PF00704
A9ZRF9,1,PF00704
A9ZRG0,1,PF00704
A9ZRG1,1,PF00704
A9ZRG2,1,PF00704
A9ZRG3,1,PF00704
A9ZRG4,1,PF00704
A9ZRG5,1,PF00704
A9ZRG6,1,PF00704
A9ZRG7,1,PF00704
A9ZRG8,1,PF00704
A9ZRG9,1,PF00704
A9ZRH0,1,PF00704
A9ZRH1,1,PF00704
A9ZRH3,1,PF00704
A9ZRH5,1,PF00704
A9ZRH6,1,PF00704
A9ZRH7,1,PF00704
A9ZRH8,1,PF00704
A9ZRH9,1,PF00704
A9ZRI0,1,PF00704
A9ZRI1,1,PF00704
A9ZRI2,1,PF00704
A9ZRI4,1,PF00704
A9ZRI5,1,PF00704
A9ZRI6,1,PF00704
A9ZRI7,1,PF00704
A9ZRI8,1,PF00704
A9ZRI9,1,PF00704
A9ZRJ0,1,PF00704
A9ZRJ1,1,PF00704
A9ZRJ2,1,PF00704
A9ZRJ4,1,PF00704
A9ZRJ6,1,PF00704
A9ZRJ7,1,PF00704
A9ZRJ8,1,PF00704
A9ZRK0,1,PF00704
A9ZRK1,1,PF00704
A9ZRK2,1,PF00704
A9ZRK3,1,PF00704
A9ZRK4,1,PF00704
A9ZRK5,1,PF00704
A9ZRK6,1,PF00704
A9ZRK7,1,PF00704
A9ZRK8,1,PF00704
A9ZRK9,1,PF00704
A9ZRL0,1,PF00704
A9ZRL1,1,PF00704
A9ZRL2,1,PF00704
A9ZRL3,1,PF00704
A9ZRL4,1,PF00704
A9ZRL6,1,PF00704
A9ZRL7,1,PF00704
A9ZRL8,1,PF00704
A9ZRL9,1,PF00704
A9ZRM0,1,PF00704
A9ZRM1,1,PF00704
A9ZRM2,1,PF00704
A9ZRM4,1,PF00704
A9ZRM7,1,PF00704
A9ZRM8,1,PF00704
A9ZRM9,1,PF00704
A9ZRN0,1,PF00704
A9ZRN1,1,PF00704
A9ZRN2,1,PF00704
A9ZRN3,1,PF00704
A9ZRN5,1,PF00704
A9ZRN6,1,PF00704
A9ZRN9,1,PF00704
A9ZRP1,1,PF00704
A9ZRP2,1,PF00704
A9ZRP4,1,PF00704
A9ZRP6,1,PF00704
A9ZRP7,1,PF00704
A9ZRP8,1,PF00704
A9ZRP9,1,PF00704
A9ZRQ0,1,PF00704
A9ZRQ1,1,PF00704
A9ZRQ2,1,PF00704
A9ZRQ3,1,PF00704
A9ZRQ4,1,PF00704
A9ZRQ5,1,PF00704
A9ZRQ6,1,PF00704
A9ZRQ7,1,PF00704
A9ZRQ8,1,PF00704
A9ZRQ9,1,PF00704
A9ZRR0,1,PF00704
A9ZRR1,1,PF00704
A9ZRR2,1,PF00704
A9ZRR3,1,PF00704
A9ZRR4,1,PF00704
A9ZRR6,1,PF00704
A9ZRR7,1,PF00704
A9ZRR8,1,PF00704
A9ZRR9,1,PF00704
A9ZRS0,1,PF00704
A9ZRS1,1,PF00704
B0F5Z4,1,PF00704
B0F5Z5,1,PF00704
B0F5Z6,1,PF00704
B0F5Z7,1,PF00704
B0F5Z8,1,PF00704
B0F5Z9,1,PF00704
B0F600,1,PF00704
B0F601,1,PF00704
B0F602,1,PF00704
B0F603,1,PF00704
B0F604,1,PF00704
B0F605,1,PF00704
B0F606,1,PF00704
B0F607,1,PF00704
B0F608,1,PF00704
B0F609,1,PF00704
B0F610,1,PF00704
B0F611,1,PF00704
B0F612,1,PF00704
B0F613,1,PF00704
B0F615,1,PF00704
B0F617,1,PF00704
B0F618,1,PF00704
B0F619,1,PF00704
B0F620,1,PF00704
B0F621,1,PF00704
B0F622,1,PF00704
B0F623,1,PF00704
B0F624,1,PF00704
B0F625,1,PF00704
B0F626,1,PF00704
B0F627,1,PF00704
B0F628,1,PF00704
B0G920,1,PF00704
B0K4F8,1,PF00704
B0K6T5,1,PF00704
B0KAJ3,1,PF00704
B0LS89,1,PF00704
B0MC53,1,PF00704
B0NQM9,1,PF00704
B0NVL5,1,PS51910
B0R478,1,PF00704
B0R479,1,PF00704
B0RBQ2,1,PF00704
B0RQ78,1,PF00704
B0SQ48,1,PF00704
B0SS56,1,PF00704
B0T3D0,2,G3DSA:3.20.20.370
B0T3D0,2,PF00704
B0TCJ0,1,PF00704
B0TDF8,1,PF00704
B0TFP0,1,PF00704
B0TV18,1,PF00704
B0TWH9,1,PF00704
B0TWS9,2,PF00704
B0TWS9,2,SSF51445
B0TXA9,1,PF00704
B0TYR1,1,PF00704
B0TYR2,1,PF00704
B0TYR6,1,PF00704
B1HT28,1,PF00704
B1HWA8,1,PF00704
B1HWL7,1,PF00704
B1IES2,1,PF00704
B1IID2,1,PF00704
B1IIF5,1,PS51910
B1IJ94,1,PF00704
B1IKY3,1,PF00704
B1KF86,1,PF00704
B1KH85,1,PF00704
B1KIE4,1,PF00704
B1L4U8,1,PF00704
B1PBV0,1,PF00704
B1T9U5,1,PF00704
B1TBF2,1,PF00704
B1VBB0,1,PF00704
B1VLC8,1,PS51910
B1VMT1,1,PF00704
B1VYQ5,1,PF00704
B1W0A0,1,PF00704
B1W2C3,1,PF00704
B1W2J8,1,PF00704
B1W4A0,1,PF00704
B1W4B6,1,PF00704
B1ZWB6,1,PF00704
B2A674,1,PF00704
B2A737,1,PF00704
B2CZA2,1,PF00704
B2FMT1,1,PF00704
B2FN84,1,PF00704
B2HLZ6,1,PF00704
B2HSA9,1,PS51910
B2I8Y5,1,PF00704
B2JBT5,1,PF00704
B2TJG0,1,PF00704
B2TKM0,1,PF00704
B2TQ75,1,PF00704
B2UPU3,1,PF00704
B3CBK9,1,PF00704
B3CEW3,1,PF00704
B3CIZ2,2,PF00704
B3CIZ2,2,PIRSR001103-1
B3CVA3,1,PF00704
B3GK13,1,PF00704
B3GK14,1,PF00704
B3GK15,1,PF00704
B3GK16,1,PF00704
B3GK17,1,PF00704
B3GK18,1,PF00704
B3GK19,1,PF00704
B3GK20,1,PF00704
B3GK21,1,PF00704
B3GK22,1,PF00704
B3GK23,1,PF00704
B3GK24,1,PF00704
B3GK25,1,PF00704
B3GK27,1,PF00704
B3GK29,1,PF00704
B3GK30,1,PF00704
B3GK31,1,PF00704
B3GK32,1,PF00704
B3GK33,1,PF00704
B3GK34,1,PF00704
B3GK35,1,PF00704
B3GK36,1,PF00704
B3GK37,1,PF00704
B3GK38,1,PF00704
B3GK39,1,PF00704
B3GK40,1,PF00704
B3GK42,1,PF00704
B3GK43,1,PF00704
B3GK44,1,PF00704
B3GK45,1,PF00704
B3GK46,1,PF00704
B3GK47,1,PF00704
B3GK48,1,PF00704
B3GK49,1,PF00704
B3GK50,1,PF00704
B3GK51,1,PF00704
B3GK52,1,PF00704
B3JMU8,1,PS51910
B3PB16,1,PF00704
B3PBW8,1,PF00704
B3PCT3,1,PF00704
B3PLJ1,1,PF00704
B3VD94,1,PF00704
B3VD95,1,PF00704
B3VD96,1,PF00704
B3VD97,1,PF00704
B3VD98,1,PF00704
B3VD99,1,PF00704
B3VDA0,1,PF00704
B3VDA1,1,PF00704
B3VDA2,1,PF00704
B3VDA3,1,PF00704
B3VDA4,1,PF00704
B3VDA5,1,PF00704
B3VDA6,1,PF00704
B3VDA7,1,PF00704
B3VDA8,1,PF00704
B3VDA9,1,PF00704
B3VDB0,1,PF00704
B3VDB1,1,PF00704
B3VDB2,1,PF00704
B3VDB3,1,PF00704
B3VDB4,1,PF00704
B3VDB5,1,PF00704
B3VDB6,1,PF00704
B3VDB8,1,PF00704
B3VDB9,1,PF00704
B3VDC1,1,PF00704
B3VDC2,1,PF00704
B3VDC3,1,PF00704
B3VDC4,1,PF00704
B3VDC5,1,PF00704
B3VDC6,1,PF00704
B3VDC7,1,PF00704
B3VDC8,1,PF00704
B3VDC9,1,PF00704
B3VDD0,1,PF00704
B3VDD1,1,PF00704
B3VDD4,1,PF00704
B3VDD5,1,PF00704
B3VDD6,1,PF00704
B3VDD7,1,PF00704
B3VDD8,1,PF00704
B3VDD9,1,PF00704
B3VDE0,1,PF00704
B3VDE1,1,PF00704
B3VDE2,1,PF00704
B3VK60,1,PF00704
B4CVJ2,2,G3DSA:3.20.20.370
B4CVJ2,2,PF00704
B4D3L2,1,PF00704
B4D3L3,1,PF00704
B4D4P9,2,G3DSA:3.20.20.370
B4D4P9,2,PF00704
B4E3Z0,1,PF00704
B4SJ79,1,PF00704
B4SQH8,1,PF00704
B4V1K0,1,PF00704
B4V6X7,1,PF00704
B4VF11,1,PF00704
B4VGA2,1,PF00704
B5A7P1,1,PF00704
B5CN57,1,PF00704
B5F6Z6,1,PF00704
B5FBA8,1,PF00704
B5FD44,2,PF00704
B5FD44,2,PF06483
B5FF27,1,PF00704
B5GHX6,1,PF00704
B5GI12,1,PF00704
B5GIT3,1,PS51910
B5GK48,1,PS51910
B5H9B1,1,PF00704
B5H9V9,1,PF00704
B5HEN6,1,PF00704
B5HFN8,1,PF00704
B5HHX4,1,PF00704
B5HMQ2,1,PF00704
B5HNJ6,1,PS51910
B5HSJ4,1,PS51910
B5HWV7,1,PF00704
B5HZS0,1,PF00704
B5I3A2,1,PF00704
B5I4T9,2,PS51910
B5I4T9,2,SSF51445
B5LAN2,1,PF00704
B5LAN4,1,PF00704
B5LT16,2,G3DSA:2.10.10.20:FF:000001
B5LT16,2,PF00704
B5YCM1,1,PF00704
B6A876,1,PF00704
B6A879,1,PF00704
B6DXA5,1,PF00704
B6EH15,1,PF00704
B6IQV0,1,PF00704
B6VXN9,1,PF00704
B7AX41,1,PF00704
B7GPC7,1,PS51910
B7H6G1,2,G3DSA:3.20.20.370
B7H6G1,2,PF00704
B7H7I4,1,PF00704
B7HAX9,1,PF00704
B7HCJ4,1,PF00704
B7HKT0,1,PF00704
B7HT80,1,PF00704
B7I055,1,PF00704
B7IQF9,2,G3DSA:3.20.20.370
B7IQF9,2,PF00704
B7IRQ4,1,PF00704
B7ISS0,1,PF00704
B7IVT8,1,PF00704
B7JGA5,2,G3DSA:3.20.20.370
B7JGA5,2,PF00704
B7JI36,1,PF00704
B7JJ01,1,PF00704
B7JJ02,1,PS51910
B7JN80,1,PF00704
B7MCV3,1,PF00704
B7N1B9,1,PF00704
B7R5W6,1,PF00704
B7R693,1,PF00704
B7R6J8,1,PF00704
B7UB89,1,PF00704
B7VRF8,2,PF00704
B7VRF8,2,PF06483
B7VTG0,1,PF00704
B7XBN5,1,PF00704
B8CII9,1,PF00704
B8D0H7,1,PF00704
B8D0J1,1,PF00704
B8DZ83,1,PF00704
B8FA95,1,PF00704
B8FWJ2,1,PF00704
B8FY36,1,PF00704
B8FYW8,1,PF00704
B8G8N7,1,PF00704
B8HZW9,1,PF00704
B8I276,1,PF00704
B8I7A0,1,PF00704
B8I7P3,1,PF00704
B8I887,1,PF00704
B8II95,1,PF00704
B8L108,1,PF00704
B8L4J9,1,PF00704
B9E0D4,1,PF00704
B9IST7,2,G3DSA:3.20.20.370
B9IST7,2,PF00704
B9IUB9,1,PF00704
B9IV24,1,PF00704
B9J2M5,1,PF00704
B9L0Y5,1,PF00704
B9XNV1,1,PF00704
B9XNV2,1,PF00704
C0BDW1,1,PF00704
C0BV52,1,PS51910
C0BYE2,1,PF00704
C0C215,1,PF00704
C0CNQ8,1,PF00704
C0CT26,1,PF00704
C0D1I6,1,PF00704
C0EIK9,1,PF00704
C0FPU2,1,PF00704
C0H404,1,PS51910
C0IN47,1,PF00704
C0Q4G0,1,PF00704
C0Q6Z9,1,PS51910
C0Z688,1,PF00704
C0Z9M1,1,PF00704
C0ZA76,1,PF00704
C0ZCS0,1,PF00704
C0ZE77,1,PF00704
C0ZIQ2,1,PF00704
C1ACF6,2,G3DSA:3.20.20.370
C1ACF6,2,PF00704
C1ACV5,2,G3DSA:3.20.20.370
C1ACV5,2,PF00704
C1F1H5,1,PF00704
C1F7Y7,1,PF00704
C1F7Z4,1,PF00704
C1F7Z5,1,PF00704
C1FK10,1,PF00704
C1FK36,1,PS51910
C1FKT7,1,PF00704
C1FU17,1,PF00704
C1FV11,1,PF00704
C1KTR7,1,PF00704
C2FS37,1,PF00704
C2KZL8,1,PF00704
C2PYY5,1,PF00704
C2XNV8,1,PF00704
C2XXI0,1,PF00704
C3LNQ6,3,G3DSA:2.60.40.10:FF:002602
C3LNQ6,3,G3DSA:2.60.40.10:FF:002609
C3LNQ6,3,PF00704
C3LTX1,1,PF00704
C3LU56,2,G3DSA:2.10.10.20:FF:000001
C3LU56,2,PF00704
C3LVW5,2,PF00704
C3LVW5,2,PF06483
C3QNK3,1,PF00704
C3QRX9,1,PF00704
C3QTE7,1,PS51910
C3R055,1,PF00704
C4FQQ8,1,PF00704
C4GC45,1,PF00704
C4RLL4,1,PF00704
C4Z4P3,1,PF00704
C4Z9I7,1,PF00704
C5BE86,3,G3DSA:3.20.20.80
C5BE86,3,PS51910
C5D343,1,PF00704
C5H433,1,PF00704
C5H434,1,PF00704
C5H435,1,PF00704
C5H436,1,PF00704
C5H437,1,PF00704
C5H438,1,PF00704
C6AQZ0,1,PF00704
C6F5T1,1,PF00704
C6F5T2,1,PS51910
C6F5T3,1,PS51910
C6F5T4,1,PF00704
C6F5T5,1,PF00704
C6F5T6,1,PF00704
C6F5T7,1,PF00704
C6F5T8,1,PS51910
C6F5T9,1,PS51910
C6F5U0,1,PS51910
C6F5U1,1,PF00704
C6F5U2,1,PS51910
C6F5U3,1,PS51910
C6F5U4,1,PF00704
C6F5U5,1,PS51910
C6F5U8,1,PF00704
C6F5U9,1,PF00704
C6F5V0,1,PF00704
C6F5V1,1,PS51910
C6F5V2,1,PF00704
C6F5V3,1,PF00704
C6F5V4,1,PF00704
C6F5V5,1,PF00704
C6F5V6,1,PF00704
C6F5V7,1,PS51910
C6F5V8,1,PF00704
C6F5V9,1,PS51910
C6F5W0,1,PF00704
C6F5W2,1,PF00704
C6F5W3,1,PF00704
C6F5W4,1,PF00704
C6F5W5,1,PF00704
C6F5W7,1,PF00704
C6F5W8,1,PF00704
C6F5W9,1,PF00704
C6F5X0,1,PS51910
C6F5X1,1,PF00704
C6F5X2,1,PF00704
C6F5X3,1,PF00704
C6F5X4,1,PF00704
C6F5X5,1,PF00704
C6F5X6,1,PF00704
C6F5X8,1,PF00704
C6F5X9,1,PF00704
C6F5Y0,1,PF00704
C6F5Y2,1,PF00704
C6F5Y4,1,PF00704
C6F5Y5,1,PF00704
C6F5Y6,1,PF00704
C6F5Y7,1,PF00704
C6F5Y8,1,PF00704
C6F5Y9,1,PF00704
C6F5Z0,1,PF00704
C6F5Z1,1,PF00704
C6F5Z2,1,PF00704
C6F5Z3,1,PF00704
C6F5Z4,1,PF00704
C6F5Z6,1,PF00704
C6F5Z7,1,PF00704
C6F5Z8,1,PF00704
C6F5Z9,1,PF00704
C6F600,1,PF00704
C6F601,1,PF00704
C6F602,1,PF00704
C6F603,1,PF00704
C6F604,1,PF00704
C6F605,1,PF00704
C6F606,1,PF00704
C6F607,1,PF00704
C6F608,1,PF00704
C6F609,1,PF00704
C6F610,1,PF00704
C6F611,1,PS51910
C6IHE8,1,PF00704
C6IJL8,1,PF00704
C6IW88,1,PF00704
C6J087,1,PF00704
C6J3E2,1,PF00704
C6J4E8,1,PF00704
C6J581,1,PF00704
C6J6T5,1,PF00704
C6J7L5,1,PF00704
C6LIK1,1,PF00704
C6PMS7,1,PF00704
C6PPM5,1,PF00704
C6PSL7,1,PF00704
C6PT67,1,PF00704
C6PWS0,1,PF00704
C6W6G1,1,PF00704
C6WEI1,1,PF00704
C6WHR2,1,PF00704
C6WIW6,1,PS51910
C6WRC0,1,PF00704
C7BJ80,1,PF00704
C7BJ83,1,PF00704
C7BK40,1,PF00704
C7DQP0,1,PF00704
C7DQP1,1,PF00704
C7DRN2,1,PF00704
C7DRN3,1,PF00704
C7DRN4,1,PF00704
C7DRN5,1,PF00704
C7DRN6,1,PF00704
C7DRN7,1,PF00704
C7DRN8,1,PF00704
C7DRN9,1,PF00704
C7EMJ0,1,PF00704
C7EMJ1,1,PF00704
C7G5U5,1,PF00704
C7MEH5,1,PF00704
C7P0N1,1,PS51910
C7P111,1,PS51910
C7P112,1,PF00704
C7P113,1,PF00704
C7P114,1,PF00704
C7P2D8,1,PF00704
C7PVI4,1,PS51910
C7PW38,1,PF00704
C7PY64,1,PF00704
C7PZ96,1,PF00704
C7PZA4,1,PF00704
C7Q7G4,1,PS51910
C7Q8V3,1,PF00704
C7QB10,1,PS51910
C7QF90,1,PF00704
C7QI44,1,PF00704
C7QIB1,1,PF00704
C7QIB2,1,PF00704
C7R4I0,1,PF00704
C8CAY2,1,PF00704
C8VWA5,1,PF00704
C8W3B4,1,PF00704
C8WR85,1,PF00704
C8WRB5,1,PF00704
C8WXF0,1,PF00704
C8XC10,1,PF00704
C8XPA7,1,PF00704
C9L4Y1,1,PF00704
C9LLL9,1,PF00704
C9QDU9,2,PF00704
C9QDU9,2,PF06483
C9RAU1,1,PF00704
C9RLN6,1,PF00704
C9XVH0,1,PF00704
C9Z7Q2,1,PF00704
C9Z8E5,1,PF00704
C9ZGN8,1,PF00704
D0ELI2,1,PF00704
D0ELI3,1,PF00704
D0ELI4,1,PF00704
D0EW64,1,PF00704
D0EW66,1,PF00704
D0I6F3,2,PF00704
D0I6F3,2,PF06483
D0I6Y3,1,PF00704
D0IFY2,1,PF00704
D0II30,2,G3DSA:2.10.10.20:FF:000001
D0II30,2,PF00704
D0IKW5,1,PF00704
D0LUY5,1,PF00704
D0MIC6,1,PF00704
D0TKM6,1,PF00704
D0TL20,1,PF00704
D0TNJ5,1,PF00704
D0VV09,1,PF00704
D0VV10,1,PF00704
D0VV11,1,PF00704
D0YX26,1,PF00704
D0YY91,2,PF00704
D0YY91,2,PF06483
D0YYI8,1,PF00704
D0Z4B5,1,PF00704
D0Z4L0,1,PF00704
D1B877,1,PF00704
D1BF93,1,PF00704
D1BUL6,1,PF00704
D1C1W4,1,PF00704
D1MGZ0,1,PF00704
D1VUW7,1,PF00704
D1W3F9,1,PS51910
D2AQU6,1,PF00704
D2AUP3,1,PF00704
D2AUP4,1,PS51910
D2AUP5,1,PF00704
D2AX95,1,PF00704
D2AZM0,1,PF00704
D2B727,1,PF00704
D2B8I3,1,PF00704
D2BAJ9,1,PF00704
D2BE69,1,PF00704
D2BFV4,1,PF00704
D2CFK8,1,PF00704
D2DJ38,1,PF00704
D2KFQ7,1,PF00704
D2KFQ8,1,PF00704
D2PL42,1,PF00704
D2PMA2,1,PF00704
D2PPV7,1,PF00704
D2PW13,1,PF00704
D2PW16,1,PS51910
D2PW17,1,PF00704
D2Q217,1,PF00704
D2Q468,1,PF00704
D2QEN7,1,PF00704
D2QP58,1,PF00704
D2RIY9,1,PF00704
D2RTV5,1,PF00704
D2TGJ6,1,PF00704
D2TMG2,1,PF00704
D2TMG3,1,PF00704
D2TMG4,1,PF00704
D2TMG5,1,PF00704
D2TPC1,1,PF00704
D2TRQ1,1,PF00704
D2TUI8,1,PF00704
D2UES0,1,PF00704
D2UEV4,1,PF00704
D2Y9H2,2,PF00704
D2Y9H2,2,PF06483
D2YAB4,1,PF00704
D2YGI3,1,PF00704
D2YH91,1,PF00704
D3AAF0,1,PF00704
D3AD03,1,PF00704
D3E5B5,1,PF00704
D3E5X5,1,PF00704
D3E6F6,1,PF00704
D3EGA1,1,PF00704
D3EGA9,1,PF00704
D3EHW4,1,PF00704
D3EIV3,1,PF00704
D3EK74,2,G3DSA:2.10.10.20:FF:000001
D3EK74,2,PF00704
D3EKD5,1,PF00704
D3EL61,1,PF00704
D3EYT3,1,PF00704
D3EYT4,1,PF00704
D3FS91,1,PF00704
D3HNB2,1,PF00704
D3P6G5,1,PS51910
D3Q0H5,1,PS51910
D3Q0V5,1,PF00704
D3Q278,1,PF00704
D3Q3N6,2,G3DSA:2.10.10.20:FF:000001
D3Q3N6,2,PF00704
D3Q5F3,1,PF00704
D3Q7B3,1,PF00704
D3Q7U2,1,PF00704
D3T329,1,PF00704
D3T6A4,1,PF00704
D3T801,1,PF00704
D3UWD7,1,PF00704
D3UWE0,1,PF00704
D3V0U6,1,PF00704
D3VHH2,1,PF00704
D3VHH5,1,PF00704
D3YGV2,1,PF00704
D3YGV3,1,PF00704
D3YJC1,1,PF00704
D3YP78,1,PF00704
D4BAK0,1,PF00704
D4C831,1,PF00704
D4CB06,1,PF00704
D4CPX7,1,PF00704
D4E9P1,1,PF00704
D4IKF9,1,PF00704
D4IMX4,1,PF00704
D4J7I3,1,PF00704
D4L1N1,1,PF00704
D4LX26,1,PF00704
D4M0X7,1,PF00704
D4MIL8,1,PF00704
D4P2Z4,1,PF00704
D4P4Z1,1,PF00704
D4RXK6,1,PF00704
D4V3D5,1,PF00704
D4VG40,1,PF00704
D4VHV3,1,PF00704
D4VT11,1,PF00704
D4ZAY2,1,PF00704
D4ZGM8,1,PF00704
D4ZJC7,1,PF00704
D4ZJC8,1,PF00704
D5BLS0,1,PF00704
D5BLS1,1,PF00704
D5D931,1,PF00704
D5DDA9,1,PF00704
D5DDL7,1,PF00704
D5DNQ0,1,PF00704
D5DUS2,1,PF00704
D5E1I0,1,PF00704
D5ES78,1,PF00704
D5HD45,1,PF00704
D5Q686,1,PF00704
D5SL39,1,PF00704
D5VP06,2,G3DSA:3.20.20.370
D5VP06,2,PF00704
D5WST8,1,PF00704
D5WV19,1,PF00704
D5XF25,1,PF00704
D5ZUF3,1,PF00704
D5ZVF7,1,PF00704
D5ZXC4,1,PF00704
D6A0H0,1,PF00704
D6AA07,1,PF00704
D6AJD2,1,PF00704
D6AK76,1,PF00704
D6AK98,1,PF00704
D6AKU2,1,PF00704
D6ANP5,1,PF00704
D6ARY9,1,PF00704
D6B6V9,1,PF00704
D6CYF6,1,PF00704
D6CYX5,1,PF00704
D6JZL0,1,PF00704
D6K030,1,PF00704
D6K143,1,PF00704
D6K1K1,1,PS51910
D6K2P6,1,PF00704
D6K4A8,1,PF00704
D6K7F4,1,PF00704
D6KEG6,1,PS51910
D6KFT4,1,PS51910
D6M561,1,PF00704
D6M5V7,1,PF00704
D6TH32,1,PF00704
D6TQJ5,1,PF00704
D6TYD7,1,PF00704
D6TYZ2,1,PF00704
D6TZI6,1,PS51910
D6U091,1,PF00704
D6U2T4,1,PS51910
D6X6T7,1,PS51910
D6X709,1,PF00704
D6X9H0,1,PS51910
D6Y6S0,1,PF00704
D6Y7S6,1,PS51910
D7A267,1,PF00704
D7AVE7,1,PF00704
D7AVE8,1,PF00704
D7AZB6,1,PF00704
D7B5S5,1,PF00704
D7BRY8,1,PF00704
D7BRZ2,1,PF00704
D7BV46,1,PF00704
D7C9J8,1,PF00704
D7CED2,1,PS51910
D7CMI6,1,PF00704
D7CPR6,1,PF00704
D7GSB2,1,PF00704
D7IDS9,1,PS51910
D7IDZ0,1,PF00704
D7IEM5,1,PF00704
D7IHS3,1,PF00704
D7IHX5,1,PF00704
D7IYS6,1,PF00704
D7IZF0,1,PF00704
D7J6K5,1,PS51910
D7J8C9,1,PF00704
D7N5S0,1,PF00704
D7N9Y9,1,PF00704
D7UUQ4,1,PF00704
D7VLE5,1,PF00704
D8FI26,1,PF00704
D8GI76,1,PF00704
D8GIX3,1,PF00704
D8GNJ9,1,PF00704
D8P2E4,1,PS51910
D8P4M5,1,PF00704
D8V3F2,1,PF00704
D9R2N3,1,PF00704
D9R2N4,1,PF00704
D9R2Y0,1,PF00704
D9R5Z5,1,PF00704
D9R6W2,1,PF00704
D9R952,1,PF00704
D9R982,1,PF00704
D9S097,1,PF00704
D9S1P0,1,PF00704
D9SLI8,1,PF00704
D9SUK3,1,PF00704
D9TLN2,1,PF00704
D9TMC0,1,PF00704
D9TNJ1,1,PF00704
D9TNK9,1,PF00704
D9TPZ3,1,PF00704
D9TS97,1,PF00704
D9UCP0,1,PS51910
D9UJK5,1,PS51910
D9US06,1,PF00704
D9US68,1,PF00704
D9UUX8,1,PF00704
D9VJX6,1,PF00704
D9VTZ9,1,PF00704
D9VW16,1,PF00704
D9VWR3,1,PF00704
D9VXG9,1,PF00704
D9VZC4,1,PF00704
D9WE64,1,PS51910
D9WK02,1,PF00704
D9WN28,1,PF00704
D9XCR8,1,PF00704
D9XG10,1,PF00704
D9XI74,1,PF00704
D9XJH0,1,PF00704
D9XRQ9,1,PF00704
D9XVU0,1,PF00704
E0I4H5,1,PF00704
E0I504,1,PF00704
E0I5C4,1,PF00704
E0I6Z9,1,PF00704
E0IA81,1,PF00704
E0ID34,1,PF00704
E0IEZ8,1,PF00704
E0NMS3,1,PF00704
E0RN54,1,PF00704
E0RXI1,1,PF00704
E0TXM5,1,PF00704
E0U2V7,1,PF00704
E0U4I3,1,PF00704
E0X896,1,PF00704
E1GXH9,2,G3DSA:3.20.20.370
E1GXH9,2,PF00704
E1IBD4,1,PF00704
E1L6X8,1,PF00704
E1LAP4,1,PF00704
E1RF54,2,PF00704
E1RF54,2,SSF51445
E1SNM7,1,PF00704
E1WVJ4,1,PS51910
E2CBB2,1,PF00704
E2G9R3,1,PF00704
E2G9S5,1,PF00704
E2G9S7,1,PF00704
E2G9Z8,1,PF00704
E2G9Z9,1,PF00704
E2GA06,1,PF00704
E2GA07,1,PF00704
E2GA08,1,PF00704
E2GHV0,1,PF00704
E2NEP3,1,PF00704
E2NMT6,1,PF00704
E2Q445,1,PF00704
E2Q4K9,1,PF00704
E2Q4M9,1,PF00704
E2Q5Z1,1,PF00704
E2Q6R3,1,PF00704
E2Q874,1,PF00704
E2Q941,1,PF00704
E2ZDN1,1,PF00704
E3BJE0,1,PF00704
E3BJY6,1,PF00704
E3BKI0,1,PF00704
E3BL82,1,PF00704
E3BLP0,1,PF00704
E3CYN2,1,PF00704
E3EBB3,1,PF00704
E3ED68,1,PF00704
E3EGZ4,1,PF00704
E3FCP9,1,PF00704
E3FEN6,1,PF00704
E3FFR9,1,PF00704
E3FMX2,1,PF00704
E3FMX3,1,PF00704
E3G239,1,PF00704
E3GW91,1,PF00704
E3GWB3,1,PF00704
E3I2L4,2,G3DSA:3.20.20.370
E3I2L4,2,PF00704
E3ZRT7,1,PF00704
E4KZ42,1,PF00704
E4L845,1,PF00704
E4MAK8,1,PF00704
E4MZV8,1,PF00704
E4N1C2,1,PF00704
E4N4L3,1,PS51910
E4N4V6,1,PF00704
E4N8I0,1,PF00704
E4N8N2,1,PF00704
E4N991,1,PF00704
E4NAM1,1,PF00704
E4NB52,1,PF00704
E4NB73,1,PF00704
E4NBJ0,1,PF00704
E4NBP3,1,PF00704
E4NBP4,1,PF00704
E4NGB6,1,PF00704
E4NGQ9,1,PF00704
E4NIX2,1,PF00704
E4NJ16,1,PS51910
E4NV87,1,PF00704
E4NV88,1,PF00704
E4Q6Z2,1,PF00704
E4RSK3,1,PF00704
E4T8K9,2,G3DSA:3.20.20.370
E4T8K9,2,PF00704
E5AR62,1,PF00704
E5C6W0,1,PS51910
E5CB99,1,PF00704
E5CBY9,1,PF00704
E5CCL9,1,PF00704
E5FGC5,1,PF00704
E5VFW1,1,PF00704
E6LKX5,1,PF00704
E6MRP2,2,G3DSA:3.20.20.370
E6MRP2,2,PF00704
E6SGK8,1,PF00704
E6SK14,1,PF00704
E6SK19,1,PF00704
E6SSC5,1,PF00704
E6TH39,2,PF00704
E6TH39,2,SSF51445
E6TWT0,1,PF00704
E6TYZ2,1,PF00704
E6U1P7,1,PF00704
E6U7P3,1,PF00704
E6UA14,1,PF00704
E6WB76,1,PF00704
E7D270,1,PF00704
E7GNC4,1,PF00704
E7GNL6,1,PF00704
E7QQI9,1,PF00704
E7QZ48,1,PF00704
E7RMR4,1,PS51910
E8LWB7,2,PF00704
E8LWB7,2,PF06483
E8LXH2,1,PF00704
E8LXH4,1,PF00704
E8M423,1,PF00704
E8M5N0,2,PF00704
E8M5N0,2,PF06483
E8MAB1,1,PF00704
E8N9X4,1,PF00704
E8RP21,2,G3DSA:3.20.20.370
E8RP21,2,PF00704
E8U3R7,1,PF00704
E8U637,1,PF00704
E8UAL6,1,PF00704
E8UUN6,1,PF00704
E8UYD4,1,PF00704
E8V2A5,1,PF00704
E8V2A6,1,PF00704
E8V2C5,1,PF00704
E8V889,2,G3DSA:3.20.20.370
E8V889,2,PS51910
E8V8P4,1,PF00704
E8X4C0,2,G3DSA:3.20.20.370
E8X4C0,2,PF00704
E8XG39,1,PF00704
E9NR88,1,PF00704
E9RY14,1,PF00704
E9UTD8,1,PF00704
E9UTK9,1,PF00704
F0B8F0,1,PF00704
F0F872,2,G3DSA:3.20.20.370
F0F872,2,PF00704
F0HAE6,2,G3DSA:3.20.20.370
F0HAE6,2,PF00704
F0Q982,1,PF00704
F0SCL2,1,PF00704
F0SZU6,1,PF00704
F0YXA2,1,PF00704
F0Z2E5,1,PF00704
F1C920,1,PF00704
F1T7J3,1,PF00704
F1TDF7,1,PF00704
F1TES0,1,PF00704
F1TGV9,1,PF00704
F1Z6L7,2,G3DSA:3.20.20.370
F1Z6L7,2,PF00704
F2BVC2,1,PF00704
F2F0I0,1,PF00704
F2JLJ6,1,PF00704
F2JS05,1,PF00704
F2JSR5,1,PF00704
F2LL47,1,PF00704
F2NWR7,1,PF00704
F2R1D7,1,PF00704
F2R3N3,1,PS51910
F2R3P9,1,PF00704
F2R3U2,1,PF00704
F2R6J4,1,PF00704
F2R8E1,1,PS51910
F2RCH1,1,PF00704
F2RLK1,1,PF00704
F2RLM1,1,PF00704
F3AF68,1,PF00704
F3AP16,1,PF00704
F3AS33,1,PF00704
F3AVK4,1,PF00704
F3AY61,1,PF00704
F3AY71,1,PF00704
F3B3I3,1,PF00704
F3BC59,1,PF00704
F3BZD5,1,PF00704
F3GES8,1,PF00704
F3M2M7,1,PF00704
F3M473,1,PF00704
F3M5T1,1,PF00704
F3M767,1,PF00704
F3M9F6,1,PF00704
F3M9H6,1,PF00704
F3MBY3,1,PF00704
F3MBZ1,1,PF00704
F3MES4,1,PF00704
F3NC80,1,PF00704
F3NDC4,1,PF00704
F3NG93,1,PS51910
F3NI40,1,PF00704
F3NIG1,1,PS51910
F3NNC1,1,PF00704
F3PR93,1,PF00704
F3Z5V8,1,PF00704
F3Z919,1,PS51910
F3ZBD7,1,PF00704
F3ZDX6,1,PS51910
F3ZEG0,1,PF00704
F3ZFI6,1,PF00704
F3ZVC8,1,PF00704
F3ZWL3,1,PF00704
F3ZZT4,1,PF00704
F4A0F7,1,PF00704
F4BHR3,2,PF00704
F4BHR3,2,SSF51445
F4BI23,1,PF00704
F4BJT5,1,PF00704
F4C1H4,1,PF00704
F4GZV9,1,PF00704
F4L620,1,PF00704
F4LKF5,1,PF00704
F4LP42,1,PF00704
F4LU45,1,PF00704
F4LWV4,1,PF00704
F4QLP1,1,PF00704
F4QLU8,1,PF00704
F4QNS8,1,PF00704
F4T4M4,1,PF00704
F4X8V6,1,PF00704
F5A7H5,1,PF00704
F5A7H6,1,PF00704
F5A7H7,1,PF00704
F5A7H8,1,PF00704
F5A7H9,1,PF00704
F5J1K6,1,PF00704
F5LBP4,2,PF00704
F5LBQ6,1,PF00704
F5LC49,1,PF00704
F5LFJ8,1,PF00704
F5LHZ9,1,PF00704
F5LI59,1,PF00704
F5LK84,1,PF00704
F5LMB8,1,PF00704
F5LP47,1,PF00704
F5LPK1,3,PF00704
F5LQR7,1,PF00704
F5LSN1,1,PF00704
F5LT86,1,PF00704
F5LTE6,1,PF00704
F5T4J1,1,PF00704
F5Y3R2,1,PS51910
F5Y9L5,1,PF00704
F5YP85,1,PF00704
F6B3P0,1,PF00704
F6BHN8,1,PF00704
F6BHS4,1,PF00704
F6BJ41,1,PF00704
F6DKT9,1,PF00704
F6DVH6,1,PF00704
F6GBE3,1,PF00704
F6KTD4,1,PF00704
F6KTD5,1,PF00704
F7JL77,1,PF00704
F7JUE8,1,PF00704
F7JVA3,1,PF00704
F7K471,1,PF00704
F7K7X7,1,PF00704
F7KGA7,1,PF00704
F7KPP4,1,PF00704
F7KUE1,1,PF00704
F7M223,1,PF00704
F7M3S6,1,PF00704
F7M4E9,1,PF00704
F7NFY1,1,PF00704
F7NJ76,1,PF00704
F7NXL6,1,PF00704
F7NXL7,1,PF00704
F7RLD9,1,PF00704
F7V248,1,PF00704
F8A2D4,1,PF00704
F8C8K3,1,PF00704
F8C931,1,PF00704
F8CFB3,1,PF00704
F8CK00,1,PF00704
F8ERM0,2,G3DSA:3.20.20.370
F8ERM0,2,PF00704
F8EXV5,1,PF00704
F8FAD8,1,PF00704
F8FAH0,1,PF00704
F8FD16,1,PF00704
F8FGK2,1,PF00704
F8FHH4,1,PF00704
F8FIB5,1,PF00704
F8FM81,1,PF00704
F8FM99,1,PF00704
F8FPV3,1,PF00704
F8IGJ3,1,PS51910
F8IHE5,1,PF00704
F8IKB8,1,PF00704
F8IKL0,1,PF00704
F8JIZ7,1,PS51910
F8JLT8,1,PF00704
F8JNV0,1,PF00704
F8JSZ0,1,PF00704
F8JT81,1,PS51910
F8JTA1,1,PF00704
F8K2D9,1,PF00704
F8L3S1,1,PF00704
F8N5P5,2,G3DSA:3.20.20.370
F8N5P5,2,PF00704
F8UNI4,1,PF00704
F8UNI5,1,PF00704
F8WSP2,1,PF00704
F8WSP9,1,PF00704
F8WSQ0,1,PF00704
F8WSQ1,1,PF00704
F8WSQ2,1,PF00704
F8WSQ4,1,PS51910
F8WSQ5,1,PF00704
F8WSU4,1,PF00704
F8WSU6,1,PF00704
F8WSX1,1,PF00704
F8WSX2,1,PF00704
F8WSY3,1,PS51910
F8WX57,1,PF00704
F9DKZ1,2,G3DSA:3.20.20.370
F9DKZ1,2,PF00704
F9DWH7,1,PF00704
F9MM54,1,PF00704
F9N4I9,1,PF00704
F9NTM5,1,PF00704
F9R9Z0,1,PF00704
F9RBV3,1,PF00704
F9RGD5,1,PF00704
F9RMW0,1,PF00704
F9RQB6,1,PF00704
F9RTS3,1,PF00704
F9RUM9,1,PF00704
F9RZS1,1,PF00704
F9S2D0,1,PF00704
F9SMH8,1,PF00704
F9T1A8,2,PF00704
F9T1A8,2,PF06483
F9T7Y1,1,PF00704
F9VDV3,1,PF00704
G0ACK5,1,PF00704
G0ACK7,1,PF00704
G0J560,1,PF00704
G0L2M2,1,PF00704
G0L774,1,PF00704
G0VM00,1,PF00704
G0VRF3,1,PF00704
G0XF67,1,PF00704
G1VIQ5,2,G3DSA:3.20.20.370
G1VIQ5,2,PF00704
G2FKZ7,1,PF00704
G2FQS5,1,PF00704
G2FQW6,1,PF00704
G2FT95,1,PF00704
G2FYZ5,1,PF00704
G2FZX7,1,PF00704
G2G1U5,1,PF00704
G2G573,1,PF00704
G2GA73,1,PF00704
G2GF69,1,PS51910
G2GGF8,1,PF00704
G2GKL5,1,PF00704
G2MUC5,1,PF00704
G2MVE8,1,PF00704
G2MX91,1,PF00704
G2N988,1,PF00704
G2N9A4,1,PF00704
G2NGQ2,2,PS51910
G2NGQ2,2,PTHR10963
G2NMA6,1,PF00704
G2NN75,1,PF00704
G2NP76,1,PF00704
G2NPG5,1,PF00704
G2NQ72,1,PF00704
G2NT64,1,PS51910
G2P602,1,PF00704
G2P7U5,1,PS51910
G2PDB2,1,PF00704
G2PDB3,1,PF00704
G2PE16,1,PF00704
G2PGJ6,1,PF00704
G2PGL1,1,PS51910
G2T5W8,1,PF00704
G2THK3,1,PF00704
G2TKY6,1,PF00704
G2Z8X6,1,PF00704
G2ZBJ3,1,PF00704
G2ZSW5,1,PF00704
G3A9V6,1,PS51910
G3GDX3,1,PF00704
G3GDX4,1,PF00704
G3XCM1,1,PF00704
G4D5U6,1,PF00704
G4ENY3,1,PF00704
G4FI94,1,PF00704
G4HAW6,1,PF00704
G4HB60,1,PF00704
G4HCN1,1,PF00704
G4HCN9,1,PF00704
G4HD24,1,PF00704
G4HGV5,1,PF00704
G4HKG7,1,PF00704
G4HQ08,1,PF00704
G4NR52,1,PF00704
G4NVJ2,1,PF00704
G4P0X4,1,PF00704
G4Q575,1,PF00704
G4Q590,1,PF00704
G5DGE1,1,PF00704
G5DSK3,1,PF00704
G5GII2,1,PF00704
G5HMK9,1,PF00704
G5HS93,1,PF00704
G5IHZ5,1,PF00704
G5IMK5,1,PF00704
G5LIG8,1,PF00704
G5LPR4,1,PS51910
G5N763,1,PF00704
G5NE20,1,PS51910
G5PXK3,1,PF00704
G5Q3N5,1,PS51910
G5QCX9,1,PF00704
G5QU17,1,PF00704
G5RPV8,1,PF00704
G5S5P1,1,PF00704
G6AGN5,2,G3DSA:3.20.20.370
G6AGN5,2,PF00704
G7QC07,2,G3DSA:3.20.20.370
G7QC07,2,PF00704
G7TBU3,1,PF00704
G7VZ70,1,PF00704
G7W1A3,1,PF00704
G7W3U1,1,PF00704
G7W7D1,1,PF00704
G7WAB7,1,PF00704
G7WC75,1,PF00704
G7WDJ7,1,PF00704
G7WFR7,1,PF00704
G7WH72,1,PF00704
G7WIN4,1,PF00704
G8LGW3,1,PF00704
G8LKG6,1,PF00704
G8LT45,1,PF00704
G8LWA7,1,PF00704
G8LZH5,1,PF00704
G8M016,1,PF00704
G8M050,1,PF00704
G8M2I4,1,PF00704
G8NPM7,1,PF00704
G8NQS6,1,PF00704
G8NQT4,1,PF00704
G8NQT9,1,PF00704
G8NSU5,1,PF00704
G8NYA6,1,PF00704
G8P1Q2,2,G3DSA:3.20.20.370
G8P1Q2,2,PF00704
G8R6Z2,1,PF00704
G8RZL7,1,PF00704
G8S093,1,PS51910
G8S094,1,PF00704
G8S162,1,PF00704
G8S4Z5,1,PS51910
G8S5E7,1,PF00704
G8S6I6,1,PF00704
G8S9Q0,1,PF00704
G8S9W8,1,PF00704
G8SCP0,1,PF00704
G8SE84,1,PS51910
G8TA84,1,PF00704
G8TBP5,1,PF00704
G8TCU8,2,PF00704
G8TGF5,2,G3DSA:3.20.20.370
G8TGF5,2,PF00704
G8TGT1,1,PS51910
G8TGX2,1,PS51910
G8TIC0,1,PF00704
G8TSQ3,1,PF00704
G8TT70,1,PF00704
G8TVD4,1,PF00704
G8TWV7,1,PF00704
G8U0N8,1,PF00704
G8U0V9,1,PF00704
G8XGK9,1,PF00704
G9EK29,1,PF00704
G9JWG3,1,PF00704
G9QGJ3,1,PF00704
G9QH77,1,PF00704
G9QNL2,1,PF00704
G9WNY4,1,PF00704
G9WX14,1,PF00704
G9XSJ5,1,PF00704
G9XTK3,1,PF00704
G9XVY8,1,PF00704
G9YIP3,1,PF00704
G9YS60,1,PS51910
G9YSD8,1,PF00704
G9YTQ8,1,PF00704
H0UPV7,1,PF00704
H1AD23,1,PF00704
H1AD24,1,PF00704
H1AD25,1,PF00704
H1AD26,1,PF00704
H1CYF5,1,PF00704
H1LSJ6,1,PF00704
H1XTS2,1,PF00704
H1XYG8,1,PF00704
H1XZX1,2,G3DSA:3.20.20.370
H1XZX1,2,PF00704
H1Y743,1,PF00704
H2CBP7,2,G3DSA:3.20.20.370
H2CBP7,2,PF00704
H2CE76,1,PF00704
H2CIW3,1,PF00704
H2IQ63,1,PF00704
H2IR88,1,PF00704
H2IRU5,1,PF00704
H2IS00,1,PF00704
H2JAG9,1,PF00704
H2JC11,1,PF00704
H2JJ15,1,PF00704
H2JJ74,1,PF00704
H3SAP6,1,PF00704
H3SAT9,1,PF00704
H3SDE6,2,PF00704
H3SDP8,2,PF00704
H3SDP8,2,SSF51445
H3SGF4,1,PF00704
H3SHN6,1,PF00704
H3SHT6,1,PF00704
H3SJ71,1,PF00704
H5XRN0,1,PF00704
H5XSC9,1,PF00704
H5XY58,1,PF00704
H5XZK7,1,PF00704
H5Y5E3,1,PF00704
H6L5E5,1,PF00704
H6L5E6,1,PF00704
H6N8T0,1,PF00704
H6N8U6,1,PF00704
H6NBR5,1,PF00704
H6ND12,1,PF00704
H6NEC7,1,PF00704
H6NKB5,1,PF00704
H6NM26,1,PF00704
H6NRC5,1,PF00704
H6RGM7,1,PF00704
H6WW38,1,PF00704
H7EMN2,1,PF00704
H8GVN8,2,G3DSA:3.20.20.370
H8GVN8,2,PF00704
H8KP97,1,PF00704
H8KTZ1,2,G3DSA:3.20.20.370
H8KTZ1,2,PF00704
H8MFJ0,1,PF00704
H8MH07,1,PF00704
H8MLV9,1,PF00704
H8MPB1,1,PF00704
H8MUM6,1,PF00704
H8MZA8,1,PF00704
H9CNK4,1,PF00704
H9XP74,1,PF00704
H9XP75,1,PF00704
H9XP76,1,PF00704
H9XP77,1,PF00704
H9XP78,1,PF00704
I0BAG4,1,PF00704
I0BC91,1,PF00704
I0BCC3,1,PF00704
I0BNJ9,1,PF00704
I0BQV9,1,PF00704
I0BU36,1,PF00704
I0GY38,1,PF00704
I0H0L3,1,PF00704
I0H101,1,PF00704
I0H883,1,PF00704
I0HAU5,1,PF00704
I0HE34,1,PF00704
I0HHI6,1,PS51910
I0HHI7,1,PF00704
I0I279,1,PF00704
I0JH02,1,PF00704
I0JQS9,1,PF00704
I0K5T7,1,PF00704
I0K5U1,1,PF00704
I0KF39,1,PF00704
I0KZJ7,1,PF00704
I0L424,1,PF00704
I0L6M1,1,PF00704
I0L8Z4,1,PF00704
I0QPF1,1,PF00704
I0R6S9,1,PF00704
I0TCL3,2,G3DSA:3.20.20.370
I0TCL3,2,PF00704
I0XCS3,1,PF00704
I1E2R8,1,PF00704
I1E2R9,1,PF00704
I1VY88,1,PF00704
I1VZ31,1,PF00704
I1VZ32,1,PF00704
I1VZ33,1,PF00704
I1VZ34,1,PF00704
I1VZ35,1,PF00704
I1VZ36,1,PF00704
I1VZ37,1,PF00704
I1VZ38,1,PF00704
I1VZ39,1,PF00704
I1VZ40,1,PF00704
I1VZ42,1,PF00704
I1VZ44,1,PF00704
I1VZ45,1,PF00704
I1VZ46,1,PF00704
I1VZ47,1,PF00704
I1VZ48,1,PF00704
I1VZ50,1,PF00704
I1VZ51,1,PF00704
I1VZ52,1,PF00704
I1VZ53,1,PF00704
I1VZ54,1,PF00704
I1VZ55,1,PF00704
I1VZ56,1,PF00704
I1VZ57,1,PF00704
I1VZ58,1,PF00704
I1VZ59,1,PF00704
I1VZ60,1,PF00704
I1VZ61,1,PF00704
I1VZ62,1,PF00704
I1VZ63,1,PF00704
I1VZ64,1,PF00704
I1VZ65,1,PF00704
I1VZ66,1,PF00704
I1VZ67,1,PF00704
I1VZ68,1,PF00704
I1VZ69,1,PF00704
I1VZ70,1,PF00704
I1VZ71,1,PF00704
I1VZ72,1,PF00704
I1VZ73,1,PF00704
I1VZ74,1,PF00704
I1VZ75,1,PF00704
I1VZ76,1,PF00704
I1VZ77,1,PF00704
I1VZ78,1,PF00704
I1VZ79,1,PF00704
I1VZ80,1,PF00704
I1WZP6,1,PF00704
I1YCY5,1,PF00704
I2C0D8,1,PF00704
I2C447,1,PF00704
I2GDQ7,1,PF00704
I2GGX3,1,PF00704
I2MYN4,1,PF00704
I2N1N5,1,PF00704
I2N594,1,PF00704
I2N782,1,PF00704
I2NBF4,1,PF00704
I2Q3D6,2,G3DSA:3.20.20.370
I2Q3D6,2,PF00704
I3DTQ9,1,PF00704
I3DUS6,1,PF00704
I3DW28,1,PF00704
I3DWZ8,1,PF00704
I3E0V8,1,PF00704
I3E327,1,PF00704
I3E3C7,2,G3DSA:3.20.20.370
I3E3C7,2,PF00704
I3E847,1,PF00704
I3I7F3,1,PF00704
I3I895,1,PF00704
I3R9G5,1,PF00704
I3R9G6,1,PF00704
I3UID2,1,PF00704
I3VVJ8,1,PF00704
I3VXB1,1,PF00704
I3VY70,1,PF00704
I3ZC67,1,PF00704
I3ZK38,2,G3DSA:3.20.20.370
I3ZK38,2,PS51910
I4A226,1,PS51910
I4A3M2,1,PF00704
I4A4R6,1,PF00704
I4ADT5,1,PF00704
I4AEB7,1,PF00704
I4B244,1,PF00704
I4B4W2,1,PF00704
I4D034,1,PF00704
I4D250,1,PF00704
I4D2X2,1,PF00704
I4D4M7,1,PF00704
I4D7L8,1,PF00704
I4D8F6,1,PF00704
I4DBU7,1,PF00704
I4EFH8,1,PF00704
I4K8Z7,1,PF00704
I4W118,2,G3DSA:3.20.20.370
I4W118,2,PF00704
I4W708,2,G3DSA:3.20.20.370
I4W708,2,PF00704
I4WH04,1,PF00704
I5AT05,1,PF00704
I6TAV0,1,PF00704
I6TE17,1,PS51910
I6UQ85,1,PF00704
I6UZA1,2,PF00704
I6UZA1,2,SSF51445
I7BY80,1,PF00704
I7CJP1,1,PF00704
I7CUS4,1,PF00704
I7CYK8,1,PF00704
I7LHG7,1,PF00704
I7LI56,1,PF00704
I7ZK13,1,PF00704
I8R071,1,PF00704
I8R4Y6,1,PF00704
I8RK15,1,PF00704
I8UFC5,1,PF00704
I8UZU2,1,PF00704
I8W067,1,PF00704
I8X9N3,1,PF00704
I8ZVG8,1,PF00704
I9AEP9,1,PF00704
I9AF72,1,PF00704
I9AKH6,1,PF00704
I9B7N7,1,PS51910
I9FRY2,1,PF00704
I9H4T6,1,PF00704
I9KT63,1,PF00704
I9L7B7,2,G3DSA:3.20.20.370
I9L7B7,2,PF00704
I9LDW1,1,PF00704
I9LE97,1,PF00704
I9NM28,1,PF00704
I9NRS0,1,PF00704
I9NVR2,1,PF00704
I9R6F9,1,PF00704
I9TBR1,1,PF00704
J0N5Y6,1,PF00704
J0P5F0,1,PF00704
J0XUN3,1,PF00704
J1EPH9,1,PF00704
J1RTK2,1,PF00704
J1S394,1,PS51910
J2A3Z6,1,PF00704
J2G6Y2,1,PF00704
J2GJD2,2,G3DSA:3.20.20.370
J2GJD2,2,PF00704
J2H6E2,1,PF00704
J2HH58,2,G3DSA:3.20.20.370
J2HH58,2,PF00704
J2IZ64,1,PF00704
J2K0R7,2,G3DSA:3.20.20.370
J2K0R7,2,PF00704
J2P7A4,1,PF00704
J2PM95,1,PF00704
J2QBS5,1,PF00704
J2SC51,1,PF00704
J2WQ25,1,PF00704
J2ZN01,1,PF00704
J2ZPC5,1,PF00704
J3A5F7,1,PF00704
J3ALX6,1,PF00704
J3BC87,1,PF00704
J3BZP5,1,PF00704
J3CGB7,1,PF00704
J3DQ34,1,PF00704
J4TC58,1,PF00704
J5UDN6,1,PF00704
J6I1C8,1,PF00704
J6Y8D4,1,PF00704
J6YXF2,1,PF00704
J7IKQ9,1,PF00704
J7IM44,1,PF00704
J7IRY0,1,PF00704
J7ISW5,1,PF00704
J7J187,1,PF00704
J7J4B7,1,PF00704
J7KYZ8,1,PF00704
J7L5U2,1,PF00704
J7LBD9,1,PF00704
J7LGD5,1,PF00704
J8AL30,1,PF00704
J8B5N6,1,PF00704
J8BUZ0,1,PF00704
J8DZR5,1,PF00704
J8EZ71,2,G3DSA:3.20.20.370
J8EZ71,2,PF00704
J8GU81,1,PS51910
J8HJM2,1,PF00704
J8HTI6,1,PF00704
J8HVJ8,1,PF00704
J8Y093,1,PF00704
J9A1V5,1,PF00704
J9BJF7,1,PS51910
J9BVC3,1,PF00704
J9C6S6,1,PS51910
K0AWZ5,1,PF00704
K0AZA5,1,PF00704
K0EYD5,1,PF00704
K0F2F9,1,PF00704
K0FAT6,1,PF00704
K0FFM5,1,PF00704
K0IUX2,1,PF00704
K0JTG6,1,PF00704
K0JVH0,1,PF00704
K0JVN1,1,PS51910
K0JZ88,1,PF00704
K0K270,1,PF00704
K0K3T6,1,PF00704
K0K990,1,PF00704
K0KB58,2,G3DSA:2.10.10.20:FF:000001
K0KB58,2,PF00704
K0KD12,1,PF00704
K0KDW7,1,PS51910
K0KF65,1,PF00704
K0KFJ1,1,PF00704
K0XHP6,1,PF00704
K0YRC9,1,PS51910
K1IRA9,1,PF00704
K1IU33,1,PF00704
K1IYU5,1,PF00704
K1J3R2,1,PF00704
K1JHM9,1,PF00704
K1JT03,1,PF00704
K1L120,1,PF00704
K1LDR1,1,PF00704
K1M3M5,1,PF00704
K1WZD6,1,PF00704
K1YTH8,1,PF00704
K1ZQQ4,1,PF00704
K1ZV51,1,PF00704
K1ZW03,1,PF00704
K1ZY05,1,PF00704
K2A9S5,1,PF00704
K2ANG8,1,PF00704
K2AQD2,1,PF00704
K2AQV6,1,PF00704
K2ASC5,1,PF00704
K2AT43,1,PF00704
K2BEN0,1,PF00704
K2BRD1,1,PF00704
K2C1R5,1,PF00704
K2CAQ2,1,PF00704
K2CTB1,1,PF00704
K2D038,1,PF00704
K2DHU1,1,PF00704
K2E8W2,1,PF00704
K2EBW8,1,PF00704
K2ECP3,1,PF00704
K2EJ05,1,PF00704
K2FB93,1,PF00704
K2G4P5,1,PF00704
K2GST6,1,PF00704
K2IZ09,1,PF00704
K2JN34,1,PF00704
K2PTB1,1,PF00704
K4K0B4,1,PF00704
K4KFR0,1,PF00704
K4KH75,1,PF00704
K4KHG2,1,PF00704
K4KHG8,1,PF00704
K4KHW4,1,PF00704
K4L221,1,PF00704
K4L615,1,PF00704
K4L7Y4,1,PF00704
K4LH19,1,PF00704
K4LHX8,2,G3DSA:3.20.20.370
K4LHX8,2,PF00704
K4LI06,1,PF00704
K4LLB5,1,PF00704
K4QV23,1,PS51910
K4QYK7,1,PS51910
K4R0R3,1,PS51910
K4R1W4,1,PF00704
K4R3Z9,1,PF00704
K4R4X8,1,PF00704
K4RAK0,1,PF00704
K4RDH5,2,G3DSA:2.10.10.20:FF:000001
K4RDH5,2,PF00704
K4RDI8,1,PF00704
K5BUL7,1,PF00704
K5CD23,1,PF00704
K5CLT1,1,PF00704
K5DIU7,1,PF00704
K6BTT4,1,PF00704
K6BXT9,1,PF00704
K6C104,1,PF00704
K6CC83,1,PF00704
K6CD69,1,PF00704
K6CQ63,1,PF00704
K6CZ57,1,PF00704
K6DAX9,1,PF00704
K6DBA2,1,PF00704
K6DG59,1,PF00704
K6DJH1,1,PF00704
K6DQH3,1,PF00704
K6DQP8,1,PF00704
K6EBV6,1,PF00704
K6FJJ0,2,G3DSA:3.20.20.370
K6FJJ0,2,PF00704
K6HEX7,1,PF00704
K6IF91,1,PF00704
K6IH05,1,PF00704
K6PL88,1,PF00704
K6PNC6,1,PF00704
K6PY34,1,PF00704
K6T9K0,1,PF00704
K6TVQ6,1,PF00704
K6V9J3,1,PF00704
K6Z473,1,PF00704
K7Q746,1,PF00704
K7QD40,1,PF00704
K7ZK65,1,PF00704
K7ZLW5,1,PF00704
K7ZLW6,2,PF00704
K7ZNA8,1,PF00704
K7ZQB5,1,PF00704
K7ZS15,1,PF00704
K7ZS16,1,PF00704
K8A158,1,PF00704
K8E009,1,PF00704
K8E1R4,1,PF00704
K8EJD7,1,PF00704
K8EMK3,1,PF00704
K8WI88,1,PF00704
K8WID4,1,PF00704
K8WWZ9,1,PF00704
K8Y2X2,1,PF00704
K8Y3S5,1,PF00704
K8Y6X5,1,PF00704
K9DF50,1,PF00704
K9DXQ3,1,PF00704
K9E0H5,1,PF00704
K9E3V4,1,PF00704
K9E6G3,1,PF00704
K9E6M6,1,PF00704
K9MF16,1,PF00704
K9MG63,1,PF00704
K9QE51,1,PF00704
K9VCC8,1,PF00704
K9WT43,1,PF00704
L0A318,1,PF00704
L0DD69,1,PF00704
L0EE65,1,PF00704
L0EH70,1,PF00704
L0F3V9,1,PF00704
L0FCF0,1,PF00704
L0FCU5,1,PF00704
L0IIL7,1,PF00704
L0IL33,1,PF00704
L0IL92,1,PF00704
L0IM57,1,PF00704
L0MC79,1,PF00704
L1L2B9,1,PF00704
L1L869,1,PF00704
L1NR01,1,PS51910
L5N9I7,1,PF00704
L7ETN0,2,PS51910
L7ETN0,2,SSF51445
L7EU24,1,PF00704
L7FGT5,1,PF00704
L7U6A1,1,PF00704
L7U7A3,1,PF00704
L7UEF3,1,PF00704
L7UKG6,1,PF00704
L7UKH7,1,PF00704
L7V6H1,1,PF00704
L7VPA9,1,PF00704
L7VPK3,1,PF00704
L7VSS2,1,PF00704
L7YAM9,1,PF00704
L7ZV68,1,PF00704
L7ZYA6,1,PF00704
L8A1U8,1,PF00704
L8EKM3,1,PF00704
L8EP36,1,PS51910
L8EQ86,1,PF00704
L8EUQ1,1,PF00704
L8EVN1,1,PF00704
L8EW64,1,PF00704
L8EZL7,1,PF00704
L8F0A3,1,PF00704
L8J9R6,1,PF00704
L8JBH3,1,PF00704
L8JEZ3,1,PF00704
L8JHF4,2,PF00704
L8JHF4,2,PF06483
L8JVB6,1,PF00704
L8JW79,1,PF00704
L8JXZ3,1,PF00704
L8K1G1,1,PF00704
L8P1E0,1,PF00704
L8P5Q2,1,PF00704
L8P6J0,2,G3DSA:2.10.10.20:FF:000001
L8P6J0,2,PF00704
L8PIH2,1,PF00704
L8PJ63,1,PF00704
L9W3W8,1,PF00704
L9Z0K6,1,PF00704
L9Z2I7,1,PF00704
L9Z402,1,PF00704
L9Z8F3,1,PS51910
L9Z9E9,1,PF00704
L9Z9R5,1,PF00704
L9Z9Y6,1,PF00704
L9ZAT4,1,PS51910
L9ZB09,1,PF00704
M0A0R1,1,PF00704
M0A133,1,PS51910
M0A1Z0,1,PF00704
M0AG89,1,PF00704
M0AGR1,1,PF00704
M0B1E1,1,PF00704
M0B2F3,1,PF00704
M0B3A9,1,PF00704
M0B3L9,1,PF00704
M0B514,1,PF00704
M0B6W5,1,PS51910
M0HDQ7,1,PF00704
M0HFS2,1,PF00704
M0IGI1,1,PF00704
M0IGJ5,1,PS51910
M0IKA1,1,PF00704
M0JBD1,1,PF00704
M0JCC0,1,PF00704
M0JXX4,1,PF00704
M0JXX7,1,PF00704
M0MLM4,1,PS51910
M0MNZ3,1,PS51910
M0MP49,1,PF00704
M0MPD1,1,PF00704
M0MQ06,1,PF00704
M0MQ48,1,PF00704
M0MRR8,1,PS51910
M0N3R4,1,PS51910
M0N3Y9,1,PF00704
M0N634,1,PF00704
M0N7D5,1,PS51910
M1E1V3,1,PF00704
M1E670,1,PF00704
M1P1L1,1,PF00704
M1ZJG3,1,PF00704
M1ZNR9,1,PF00704
M1ZP15,1,PS51910
M1ZRJ1,1,PF00704
M1ZTK3,1,PF00704
M1ZW54,1,PF00704
M1ZWU6,1,PF00704
M1ZYU0,1,PF00704
M2NLT9,1,PS51910
M2P1E2,1,PS51910
M2PD28,1,PF00704
M2PFG2,1,PF00704
M2PQU3,1,PF00704
M2PSE4,1,PF00704
M2PSE8,1,PF00704
M2PU94,1,PF00704
M2Q3V9,1,PF00704
M2QCG3,1,PF00704
M2WVV0,1,PF00704
M2YK14,1,PS51910
M2YZU2,1,PF00704
M2ZAX4,1,PF00704
M2ZAZ0,1,PF00704
M2ZHI9,1,PF00704
M2ZRA8,1,PF00704
M2ZUT5,1,PS51910
M2ZVY5,1,PF00704
M3AZ42,1,PF00704
M3C0C3,1,PF00704
M3C2L5,1,PF00704
M3C4F2,1,PF00704
M3C7D8,1,PF00704
M3C8Q5,1,PF00704
M3D611,1,PF00704
M3D674,1,PF00704
M3DD16,1,PF00704
M3DFG2,1,PF00704
M3DGM9,1,PS51910
M3DHP1,1,PF00704
M3DLU3,1,PF00704
M3EEG5,1,PF00704
M3EEJ4,1,PF00704
M3EEZ6,1,PF00704
M3F002,1,PF00704
M3F1S4,1,PF00704
M3FL92,1,PF00704
M3G6A7,1,PF00704
M3GPZ8,1,PF00704
M3H0P5,1,PF00704
M3H1I5,1,PF00704
M3H4W8,1,PF00704
M3HP95,1,PF00704
M3HW39,1,PF00704
M3HX65,1,PF00704
M3I066,1,PF00704
M4NET0,2,G3DSA:3.20.20.370
M4NET0,2,PF00704
M4RTX4,1,PS51910
M4RW58,2,G3DSA:3.20.20.370
M4RW58,2,PF00704
M5NWM8,1,PF00704
M5NZK0,1,PF00704
M5PB10,1,PF00704
M5PG15,1,PF00704
M5UL85,1,PF00704
M5UQ24,1,PF00704
M5V5C6,1,PF00704
M5ZZF9,1,PF00704
M6A8G9,1,PF00704
M6A9N0,1,PF00704
M6C011,1,PF00704
M6C3I8,1,PF00704
M6CDJ6,1,PF00704
M6CPJ0,1,PF00704
M6CZA8,1,PF00704
M6DBZ3,1,PF00704
M6DMC2,1,PF00704
M6DQL5,1,PF00704
M6E6G0,1,PF00704
M6EE75,1,PF00704
M6EEE1,1,PF00704
M6EYD9,1,PF00704
M6FBD3,1,PF00704
M6FFA4,1,PF00704
M6FJB5,1,PF00704
M6FMT9,1,PF00704
M6G5Q7,1,PF00704
M6GF78,1,PF00704
M6GJW0,1,PF00704
M6GNS9,1,PF00704
M6GQ86,1,PF00704
M6H7W7,1,PF00704
M6H9F8,1,PF00704
M6HJP9,1,PF00704
M6JDD0,1,PF00704
M6JNL3,1,PF00704
M6JNY8,1,PF00704
M6KA92,1,PS51910
M6KKZ7,1,PF00704
M6KLM8,1,PS51910
M6KXJ0,1,PF00704
M6KXM1,1,PF00704
M6Q4B4,1,PF00704
M6Q965,1,PF00704
M6QJQ7,1,PF00704
M6RDX9,1,PF00704
M6UAA5,1,PF00704
M6UDR2,1,PF00704
M6UKV2,1,PF00704
M6UM34,1,PF00704
M6UNH1,1,PF00704
M6UUQ2,1,PF00704
M6VAR7,1,PF00704
M6VEY7,1,PF00704
M6VG29,1,PF00704
M6VQN8,1,PF00704
M6VUV5,1,PF00704
M6VYH9,1,PF00704
M6W6F7,1,PF00704
M6WHH0,1,PF00704
M6WTQ2,1,PF00704
M6XZR8,1,PF00704
M6Y7P5,1,PF00704
M6YPE1,1,PF00704
M6ZNM7,1,PF00704
M6ZVG9,1,PF00704
M6ZYM9,1,PF00704
M7NT76,1,PF00704
M7RYY2,1,PF00704
M7Y306,1,PF00704
M8CNZ3,1,PF00704
M8CVP9,1,PF00704
M8D2P4,1,PF00704
M8D8K2,1,PF00704
M8DF39,1,PF00704
M8DH28,1,PF00704
M8DJ40,1,PF00704
M8DV30,1,PF00704
M8DVD9,1,PF00704
M8E5S6,1,PF00704
M9LGR7,1,PF00704
M9LHM9,1,PF00704
M9LQV8,1,PF00704
M9LZ15,1,PS51910
N0A1R5,1,PF00704
N0AB99,1,PF00704
N0AT90,1,PF00704
N0AUS8,1,PF00704
N0AV53,1,PF00704
N0AVB4,1,PF00704
N0B0W7,1,PF00704
N0B6H9,2,G3DSA:3.20.20.370
N0B6H9,2,PF00704
N0CIH7,1,PF00704
N0CJK8,1,PF00704
N0CMH0,1,PS51910
N0CP68,1,PF00704
N0CQR9,1,PF00704
N0CRG1,1,PS51910
N0CVK9,1,PF00704
N0D2K5,1,PF00704
N0D358,1,PF00704
N0D590,1,PF00704
N1U1G8,1,PF00704
N1U339,1,PF00704
N1U8D7,1,PF00704
N1UDJ9,1,PF00704
N1UJR4,1,PF00704
N1UTE2,1,PF00704
N1VXM8,1,PF00704
N1W7C2,1,PF00704
N1WN16,1,PF00704
N1WNT8,1,PF00704
N2B5U9,1,PF00704
N4WDY6,1,PF00704
N6WV99,1,PF00704
N9U1F0,1,PF00704
N9VQ42,1,PF00704
N9Z9V2,1,PF00704
N9ZDJ7,1,PF00704
N9ZGE4,1,PF00704
O05495,1,PF00704
O07088,1,PF00704
O30678,1,PF00704
O31682,1,PF00704
O32258,1,PF00704
O50076,1,PF00704
O50506,1,PF00704
O50590,1,PF00704
O52863,1,PF00704
O54183,1,PF00704
O54328,1,PF00704
O69311,1,PF00704
O83008,1,PF00704
O85500,1,PF00704
O86826,1,PF00704
P04067,1,PF00704
P07254,1,PF00704
P0DPJ9,1,PF00704
P11220,1,PF00704
P11797,1,PF00704
P13656,1,PF00704
P14529,1,PS51910
P20533,1,PF00704
P27050,1,PF00704
P29116,1,PS51910
P32823,1,PF00704
P36909,1,PF00704
P36911,1,PF00704
P36912,1,PS51910
P36913,1,PS51910
P37531,1,PF00704
P80036,1,PF00704
P84513,1,PF00704
P94289,1,PF00704
P94339,1,PF00704
P96156,2,PF00704
P96156,2,PF06483
P96168,1,PF00704
P97034,1,PF00704
Q02AV9,1,PF00704
Q02CR1,1,PF00704
Q02WL0,1,PF00704
Q04P49,1,PF00704
Q04SZ3,1,PF00704
Q04UD6,1,PF00704
Q05638,1,PF00704
Q05XA2,1,PF00704
Q068W1,1,PF00704
Q068W2,1,PF00704
Q091J8,1,PF00704
Q091X9,1,PF00704
Q092X1,1,PF00704
Q094P6,1,PF00704
Q099U8,1,PF00704
Q099U9,1,PF00704
Q09BQ0,1,PF00704
Q09IY6,1,PF00704
Q09WI7,1,PF00704
Q09WI8,1,PF00704
Q0AVT5,1,PF00704
Q0BFT7,1,PF00704
Q0GFB9,1,PF00704
Q0HSN3,1,PF00704
Q0MRC2,1,PF00704
Q0MRC3,1,PF00704
Q0PL47,1,PF00704
Q0Q2G5,1,PF00704
Q0WXY6,1,PS51910
Q0WXY7,1,PS51910
Q0WXY8,1,PS51910
Q0WXY9,1,PF00704
Q0WXZ0,1,PF00704
Q0WXZ1,1,PS51910
Q0WXZ2,1,PF00704
Q0WXZ3,1,PF00704
Q0WXZ4,1,PF00704
Q0WXZ5,1,PF00704
Q0WXZ6,1,PF00704
Q0WXZ7,1,PF00704
Q0WXZ8,1,PF00704
Q0WXZ9,1,PF00704
Q0WY00,1,PS51910
Q0WY01,1,PF00704
Q0WY02,1,PF00704
Q0WY03,1,PF00704
Q0WY04,1,PS51910
Q0WY05,1,PF00704
Q0WY06,1,PF00704
Q0WY07,1,PS51910
Q0WY08,1,PS51910
Q0WY09,1,PS51910
Q0WY10,1,PF00704
Q0WY11,1,PF00704
Q0WY12,1,PF00704
Q0WY13,1,PF00704
Q0WY14,1,PS51910
Q0WY15,1,PF00704
Q0WY16,1,PF00704
Q0WY17,1,PS51910
Q0WY18,1,PS51910
Q0WY19,1,PF00704
Q0WY20,1,PF00704
Q0WY21,1,PF00704
Q0WY22,1,PS51910
Q0WY23,1,PF00704
Q0ZKB1,1,PF00704
Q12MA8,1,PF00704
Q12MH4,1,PF00704
Q142F5,1,PF00704
Q18BV5,1,PF00704
Q1CZN0,1,PF00704
Q1D885,1,PF00704
Q1DA14,1,PF00704
Q1DBU1,1,PF00704
Q1DCW3,1,PS51910
Q1EJP9,1,PF00704
Q1EJQ0,1,PF00704
Q1EJQ1,1,PF00704
Q1EJQ2,1,PF00704
Q1EJQ3,1,PF00704
Q1EJQ4,1,PF00704
Q1EJQ5,1,PF00704
Q1EJQ6,1,PF00704
Q1EJQ7,1,PF00704
Q1EJQ8,1,PS51910
Q1EJQ9,1,PF00704
Q1EJR0,1,PF00704
Q1EJR1,1,PF00704
Q1EJR2,1,PF00704
Q1EJR3,1,PF00704
Q1EJR4,1,PF00704
Q1EJR5,1,PF00704
Q1EJR6,1,PF00704
Q1EM70,1,PS51910
Q1EM71,1,PF00704
Q1ERI6,1,PF00704
Q1ERI7,1,PF00704
Q1ERI8,1,PF00704
Q1ERI9,1,PF00704
Q1ERJ0,1,PF00704
Q1ERJ1,1,PF00704
Q1ERJ2,1,PF00704
Q1ERJ3,1,PF00704
Q1ERJ4,1,PF00704
Q1ERJ5,1,PF00704
Q1ERJ6,1,PF00704
Q1ERJ7,1,PF00704
Q1ERJ8,1,PF00704
Q1ERJ9,1,PF00704
Q1ERK1,1,PF00704
Q1ERK2,1,PF00704
Q1ERK3,1,PF00704
Q1ERK4,1,PF00704
Q1ERK5,1,PF00704
Q1ERK6,1,PF00704
Q1ERK7,1,PF00704
Q1ERK8,1,PF00704
Q1ERK9,1,PF00704
Q1ERL0,1,PF00704
Q1ERL1,1,PF00704
Q1ERL3,1,PF00704
Q1ERL4,1,PF00704
Q1ERL6,1,PF00704
Q1ERL7,1,PF00704
Q1ERL8,1,PF00704
Q1ERL9,1,PF00704
Q1ERM1,1,PF00704
Q1ERM2,1,PF00704
Q1ERM4,1,PF00704
Q1ERM5,1,PF00704
Q1ERM6,1,PF00704
Q1ERM7,1,PF00704
Q1ERM8,1,PF00704
Q1ERM9,1,PF00704
Q1ERN0,1,PF00704
Q1ERN1,1,PF00704
Q1ERN2,1,PF00704
Q1ERN3,1,PF00704
Q1ERN4,1,PF00704
Q1ERN5,1,PF00704
Q1ERN6,1,PF00704
Q1ERN7,1,PF00704
Q1ERN8,1,PF00704
Q1ERN9,1,PF00704
Q1ERP0,1,PF00704
Q1ERP1,1,PF00704
Q1ERP2,1,PF00704
Q1ERP3,1,PF00704
Q1ERP4,1,PF00704
Q1ERP5,1,PF00704
Q1G154,1,PF00704
Q1HEB9,1,PF00704
Q1HFN7,1,PF00704
Q1IAF0,1,PF00704
Q1IKS6,1,PF00704
Q1IUP8,2,G3DSA:3.20.20.370
Q1IUP8,2,PF00704
Q1R5Y4,1,PF00704
Q1YVY4,2,PF00704
Q1YVY4,2,PF06483
Q1Z6Y2,1,PF00704
Q1Z831,1,PF00704
Q1Z8I2,1,PF00704
Q1ZMV8,1,PF00704
Q1ZMW6,1,PF00704
Q1ZQ85,1,PF00704
Q1ZRL4,1,PF00704
Q1ZSJ4,1,PF00704
Q1ZSR5,2,PF00704
Q1ZSR5,2,PF06483
Q1ZT74,1,PF00704
Q1ZTF3,1,PF00704
Q24MV5,1,PF00704
Q24S70,1,PF00704
Q251X0,1,PF00704
Q25BN2,1,PF00704
Q2B0X6,1,PF00704
Q2B800,1,PF00704
Q2BAI3,1,PF00704
Q2C2A2,1,PF00704
Q2C2W0,1,PF00704
Q2C3D2,1,PF00704
Q2C6H1,2,PF00704
Q2C6H1,2,PF06483
Q2C6N7,1,PF00704
Q2C7A4,1,PF00704
Q2C866,1,PF00704
Q2C9E5,1,PF00704
Q2G7Y8,2,G3DSA:3.20.20.370
Q2G7Y8,2,PF00704
Q2I0I7,1,PF00704
Q2MFM1,1,PF00704
Q2MH39,1,PF00704
Q2MH40,1,PF00704
Q2MH41,1,PF00704
Q2MH42,1,PF00704
Q2MH43,1,PF00704
Q2MH44,1,PF00704
Q2MH45,1,PF00704
Q2MH46,1,PF00704
Q2MH48,1,PF00704
Q2MH49,1,PF00704
Q2MH50,1,PF00704
Q2MH51,1,PF00704
Q2MH52,1,PF00704
Q2MH53,1,PF00704
Q2MH54,1,PF00704
Q2MH55,1,PF00704
Q2MH56,1,PF00704
Q2MH57,1,PF00704
Q2MH58,1,PF00704
Q2MH59,1,PF00704
Q2MH60,1,PF00704
Q2MH61,1,PF00704
Q2MH62,1,PF00704
Q2MH63,1,PF00704
Q2MH65,1,PF00704
Q2MH67,1,PF00704
Q2MH68,1,PF00704
Q2MH69,1,PF00704
Q2MH70,1,PF00704
Q2MH92,1,PS51910
Q2NSX6,1,PF00704
Q2RMD7,1,PF00704
Q2RYS8,1,PF00704
Q2SB56,2,PF00704
Q2SCY7,1,PF00704
Q2SHL7,1,PF00704
Q2SLE8,1,PF00704
Q2SMW0,1,PF00704
Q2SNL2,1,PF00704
Q2SVX6,1,PS51910
Q2V8W9,1,PF00704
Q2V9S9,1,PF00704
Q2VCF1,2,G3DSA:2.10.10.20:FF:000001
Q2VCF1,2,PF00704
Q32Y72,1,PF00704
Q33CE1,1,PF00704
Q3BQM4,1,PF00704
Q3KA98,1,PF00704
Q3KUR4,1,PF00704
Q3MTV5,1,PF00704
Q3Y4D2,1,PF00704
Q43919,1,PF00704
Q44094,1,PS51910
Q47RL1,1,PF00704
Q47SE9,1,PF00704
Q48373,1,PF00704
Q48494,1,PF00704
Q48CI7,1,PF00704
Q4KEY4,1,PF00704
Q4KHD9,1,PF00704
Q4PZF3,1,PF00704
Q4U4K8,1,PF00704
Q4UMF0,1,PF00704
Q4ZM18,1,PF00704
Q50HY0,1,PF00704
Q50HY1,1,PF00704
Q50HY2,1,PF00704
Q54276,1,PF00704
Q54442,1,PF00704
Q56077,1,PF00704
Q57PZ9,1,PS51910
Q59141,1,PF00704
Q59143,1,PF00704
Q59326,1,PF00704
Q59924,1,PF00704
Q59929,1,PF00704
Q5E4F3,1,PF00704
Q5E665,2,PF00704
Q5E665,2,PF06483
Q5E746,1,PF00704
Q5H1Y5,1,PF00704
Q5I4H6,1,PF00704
Q5K2M3,1,PF00704
Q5K2M4,1,PF00704
Q5KX83,1,PF00704
Q5KY74,1,PF00704
Q5L3X9,1,PF00704
Q5L9X1,1,PS51910
Q5MYT4,1,PF00704
Q5NE83,1,PF00704
Q5NGW2,1,PF00704
Q5NIK1,2,PF00704
Q5NIK1,2,SSF51445
Q5NPT2,2,G3DSA:3.20.20.370
Q5NPT2,2,PF00704
Q5UM71,1,PF00704
Q5UM74,1,PF00704
Q5UM75,1,PF00704
Q5UM76,1,PF00704
Q5UM77,1,PF00704
Q5UM78,1,PF00704
Q5UM79,1,PF00704
Q5UM80,1,PF00704
Q5UM81,1,PF00704
Q5UM83,1,PF00704
Q5UM84,1,PF00704
Q5UM85,1,PF00704
Q5UM86,1,PF00704
Q5UM87,1,PF00704
Q5UM88,1,PF00704
Q5UM89,1,PF00704
Q5UM90,1,PF00704
Q5UM91,1,PF00704
Q5UM92,1,PF00704
Q5UM93,1,PF00704
Q5UM94,1,PF00704
Q5UM95,1,PF00704
Q5UM96,1,PF00704
Q5UM97,1,PF00704
Q5UM98,1,PF00704
Q5UMA0,1,PF00704
Q5UMA1,1,PF00704
Q5UMA2,1,PF00704
Q5UMA4,1,PF00704
Q5UMA5,1,PF00704
Q5UMA6,1,PF00704
Q5UMA7,1,PF00704
Q5UMA8,1,PF00704
Q5UMA9,1,PF00704
Q5UMB0,1,PF00704
Q5UMB1,1,PF00704
Q5UMB2,1,PF00704
Q5UMB3,1,PF00704
Q5UMB4,1,PF00704
Q5UMB5,1,PF00704
Q5UMB6,1,PF00704
Q5UMB7,1,PF00704
Q5UMC1,1,PF00704
Q5UMC7,1,PF00704
Q5UMC8,1,PF00704
Q5UMC9,1,PF00704
Q5UMD0,1,PF00704
Q5UMD1,1,PF00704
Q5UMD2,1,PF00704
Q5UMD3,1,PF00704
Q5UMD4,1,PF00704
Q5UMD5,1,PF00704
Q5UMD6,1,PF00704
Q5UMD8,1,PF00704
Q5UMD9,1,PF00704
Q5UME0,1,PF00704
Q5UME1,1,PF00704
Q5UME3,1,PF00704
Q5UME4,1,PF00704
Q5UME5,1,PF00704
Q5UME6,1,PF00704
Q5UME8,1,PF00704
Q5UME9,1,PF00704
Q5UMF1,1,PF00704
Q5UMF2,1,PF00704
Q5UMF4,1,PF00704
Q5UMF7,1,PF00704
Q5UMF8,1,PF00704
Q5UMF9,1,PF00704
Q5UMG0,1,PF00704
Q5UMG1,1,PF00704
Q5UMG2,1,PF00704
Q5UMG3,1,PF00704
Q5UMG4,1,PF00704
Q5UMG5,1,PF00704
Q5UMG6,1,PF00704
Q5UMG8,1,PF00704
Q5UMG9,1,PF00704
Q5UMH1,1,PF00704
Q5UMH2,1,PF00704
Q5UMH3,1,PF00704
Q5UMH4,1,PF00704
Q5UMH5,1,PF00704
Q5UMH6,1,PF00704
Q5WDB3,1,PF00704
Q5WKC0,1,PF00704
Q5WUM6,1,PF00704
Q5WXH7,1,PF00704
Q5ZTE5,1,PF00704
Q5ZWG9,1,PF00704
Q62US6,1,PF00704
Q636V2,1,PF00704
Q637L8,1,PF00704
Q638E5,2,G3DSA:3.20.20.370
Q638E5,2,PF00704
Q63GJ3,1,PF00704
Q63U53,1,PS51910
Q64Q75,1,PS51910
Q65NR7,1,PF00704
Q65PK4,1,PF00704
Q665Z4,1,PF00704
Q66SU9,1,PF00704
Q67MX6,1,PF00704
Q67NG8,1,PF00704
Q67S21,1,PF00704
Q67S80,1,PF00704
Q683P9,1,PF00704
Q683Q0,1,PF00704
Q683Q1,1,PF00704
Q683Q3,1,PF00704
Q683Q4,1,PF00704
Q683Q5,1,PF00704
Q683Q8,1,PF00704
Q683Q9,1,PF00704
Q683R0,1,PF00704
Q683R1,1,PF00704
Q683R2,1,PF00704
Q693B6,1,PF00704
Q693B7,1,PF00704
Q693B8,1,PF00704
Q6A923,1,PF00704
Q6BCF6,1,PF00704
Q6BCF8,1,PF00704
Q6DV60,1,PF00704
Q6F1B9,1,PF00704
Q6HF87,1,PF00704
Q6HFJ0,1,PF00704
Q6HG01,2,G3DSA:3.20.20.370
Q6HG01,2,PF00704
Q6HP08,1,PF00704
Q6LJW6,1,PF00704
Q6LQ31,2,PF00704
Q6LQ31,2,PF06483
Q6LQ32,1,PF00704
Q6Q215,1,PF00704
Q6SHW7,1,PF00704
Q6SKR9,1,PF00704
Q6SMQ7,1,PF00704
Q6SQM2,1,PF00704
Q6SQM3,1,PF00704
Q6T390,1,PF00704
Q6T6I1,1,PF00704
Q6TMX7,1,PF00704
Q6X934,1,PF00704
Q700B8,1,PF00704
Q72LW4,1,PF00704
Q72N05,1,PF00704
Q72RM5,1,PF00704
Q733A7,1,PF00704
Q733N1,1,PF00704
Q73E63,1,PF00704
Q75ZW9,1,PF00704
Q76GR3,1,PF00704
Q7AKG2,1,PF00704
Q7AKQ9,1,PF00704
Q7MDD7,1,PF00704
Q7MEF0,2,PF00704
Q7MEF0,2,PF06483
Q7MGC4,1,PS51910
Q7MGC5,2,G3DSA:2.10.10.20:FF:000001
Q7MGC5,2,PF00704
Q7MID9,1,PF00704
Q7MK13,1,PF00704
Q7MS75,1,PF00704
Q7N491,1,PF00704
Q7N494,1,PF00704
Q7N4Q9,1,PS51910
Q7N4T2,1,PF00704
Q7NQA0,1,PF00704
Q7NSV3,1,PF00704
Q7NTW8,1,PF00704
Q7NUG2,1,PF00704
Q7NY35,1,PF00704
Q7PC51,1,PF00704
Q7PC52,1,PF00704
Q7PC53,2,PF00704
Q7WYY5,1,PF00704
Q7WYY6,1,PF00704
Q7WYY7,1,PF00704
Q7X4L4,1,PF00704
Q7X5L8,1,PF00704
Q7X5L9,1,PF00704
Q7X5M0,1,PF00704
Q81A65,1,PF00704
Q81AG3,1,PF00704
Q81IF9,1,PF00704
Q81YQ8,2,G3DSA:3.20.20.370
Q81YQ8,2,PF00704
Q827K6,1,PF00704
Q82BR8,1,PF00704
Q82CT6,1,PS51910
Q82IA0,1,PF00704
Q82J87,1,PF00704
Q82K19,1,PF00704
Q82MA9,1,PS51910
Q830C5,1,PF00704
Q838S2,1,PF00704
Q845S2,1,PF00704
Q846A0,1,PF00704
Q84AP8,1,PF00704
Q84BN2,1,PF00704
Q84F89,1,PF00704
Q84F90,1,PF00704
Q84FN2,1,PF00704
Q87AJ8,1,PF00704
Q87GY8,1,PF00704
Q87HX4,1,PF00704
Q87K43,1,PF00704
Q87MB8,1,PF00704
Q88AJ0,1,PF00704
Q895T7,1,PF00704
Q89YM2,1,PS51910
Q8A3A4,1,PF00704
Q8A3X9,1,PF00704
Q8A793,1,PF00704
Q8A889,1,PF00704
Q8EA24,1,PF00704
Q8ES52,1,PF00704
Q8EU65,1,PF00704
Q8EYD1,1,PF00704
Q8F439,1,PF00704
Q8F8M5,1,PF00704
Q8GHI4,1,PF00704
Q8GI52,1,PF00704
Q8GI54,1,PF00704
Q8KKF5,1,PF00704
Q8KNY3,1,PF00704
Q8KRL3,2,PF00704
Q8KRL3,2,PF06483
Q8KRQ5,1,PF00704
Q8KVU8,1,PF00704
Q8KWS2,1,PF00704
Q8P6S6,1,PF00704
Q8R6W5,1,PF00704
Q8R978,1,PF00704
Q8RBF8,1,PF00704
Q8RD13,1,PF00704
Q8RJA3,1,PF00704
Q8RJD9,1,PF00704
Q8RJF3,1,PF00704
Q8RNA1,1,PF00704
Q8RNA2,1,PF00704
Q8RNA3,1,PF00704
Q8RNA4,1,PF00704
Q8RNA5,1,PF00704
Q8RNA6,1,PF00704
Q8RNA7,1,PF00704
Q8RNA8,1,PF00704
Q8RNA9,1,PF00704
Q8RNB0,1,PF00704
Q8RNB1,1,PF00704
Q8RNB2,1,PF00704
Q8RNB3,1,PF00704
Q8RQE5,1,PF00704
Q8RQP6,1,PF00704
Q8RQP7,1,PF00704
Q8RQP8,1,PF00704
Q8RSX8,1,PF00704
Q8U1H4,1,PF00704
Q8U1H5,2,PF00704
Q8U1H5,2,SSF51445
Q8VLE8,1,PF00704
Q8VLQ3,1,PF00704
Q8VQG7,1,PF00704
Q8VQG9,1,PF00704
Q8VQH0,1,PF00704
Q8VQH1,1,PF00704
Q8VQH2,1,PF00704
Q8VQH3,1,PF00704
Q8VQH5,1,PF00704
Q8VQH6,1,PF00704
Q8VQH8,1,PF00704
Q8VQH9,1,PF00704
Q8VQI0,1,PF00704
Q8VQI1,1,PF00704
Q8VQI2,1,PF00704
Q8VQI3,1,PF00704
Q8VQI4,1,PF00704
Q8VQI5,1,PF00704
Q8VQI6,1,PF00704
Q8VQI7,1,PF00704
Q8VQI8,1,PF00704
Q8VQI9,1,PF00704
Q8VQN1,1,PF00704
Q8VQN2,1,PF00704
Q8VTN2,1,PF00704
Q8VU19,1,PF00704
Q8VUU6,1,PF00704
Q8XRD4,1,PS51910
Q8Y619,1,PF00704
Q8YAL3,1,PF00704
Q8Z9Q6,1,PF00704
Q8ZS09,1,PF00704
Q92AC6,1,PF00704
Q92FF3,1,PF00704
Q93AD3,1,PF00704
Q93LF1,1,PF00704
Q93QD3,1,PF00704
Q93RP3,1,PF00704
Q97FJ0,1,PF00704
Q97IT4,1,PF00704
Q99PX0,1,PF00704
Q9ALZ0,1,PF00704
Q9AMP1,1,PF00704
Q9CE95,1,PF00704
Q9EY44,1,PF00704
Q9EY54,1,PF00704
Q9F3I2,1,PS51910
Q9F3Q4,1,PF00704
Q9F9Q8,1,PF00704
Q9FAC8,1,PF00704
Q9FAC9,1,PF00704
Q9HR83,1,PF00704
Q9HR84,1,PF00704
Q9I1H5,1,PF00704
Q9K3C4,1,PS51910
Q9K3E4,1,PF00704
Q9K760,1,PF00704
Q9KAJ5,1,PF00704
Q9KED7,1,PF00704
Q9KHB3,1,PF00704
Q9KLP3,2,PF00704
Q9KLP3,2,PF06483
Q9KND8,2,G3DSA:2.10.10.20:FF:000001
Q9KND8,2,PF00704
Q9KQP6,3,G3DSA:2.60.40.10:FF:002602
Q9KQP6,3,G3DSA:2.60.40.10:FF:002609
Q9KQP6,3,PF00704
Q9KT32,1,PF00704
Q9KY99,1,PF00704
Q9L115,2,G3DSA:2.10.10.20:FF:000001
Q9L115,2,PF00704
Q9L2I0,1,PF00704
Q9L3E8,1,PF00704
Q9L5D5,1,PF00704
Q9L8G0,1,PF00704
Q9LB28,1,PS51910
Q9LB29,1,PS51910
Q9LB30,1,PS51910
Q9LB31,1,PS51910
Q9LB32,1,PS51910
Q9LB33,1,PF00704
Q9LB34,1,PF00704
Q9LB35,1,PF00704
Q9PF30,1,PF00704
Q9RA06,1,PF00704
Q9RA97,1,PF00704
Q9RB43,1,PF00704
Q9RCG5,1,PF00704
Q9REI6,1,PF00704
Q9RFG2,1,PF00704
Q9RFG3,1,PF00704
Q9RFG4,1,PF00704
Q9RFG5,1,PF00704
Q9RFG6,1,PF00704
Q9RFG7,1,PF00704
Q9RFG8,1,PF00704
Q9RFG9,1,PF00704
Q9RFH0,1,PF00704
Q9RFH1,1,PF00704
Q9RFH2,1,PF00704
Q9RFH3,1,PF00704
Q9RFH4,1,PF00704
Q9RFH5,1,PF00704
Q9RFH6,1,PF00704
Q9RFH7,1,PF00704
Q9RG51,1,PF00704
Q9RH34,1,PF00704
Q9RHU3,1,PF00704
Q9RMB8,1,PF00704
Q9RQJ3,1,PF00704
Q9S5K1,1,PF00704
Q9UWR7,2,PF00704
Q9UWR7,2,PS51910
Q9WX41,1,PF00704
Q9WX42,1,PF00704
Q9WXD3,1,PF00704
Q9Z493,1,PF00704
Q9Z9M7,1,PF00704
Q9Z9M8,1,PF00704
Q9Z9M9,1,PF00704
Q9ZFP7,3,G3DSA:2.60.40.10:FF:002602
Q9ZFP7,3,G3DSA:2.60.40.10:FF:002609
Q9ZFP7,3,PF00704
Q9ZIX2,1,PF00704
Q9ZIX4,1,PF00704
Q9ZNL0,1,PF00704
R0BUY0,1,PF00704
R0BY17,1,PF00704
R0C4V0,1,PF00704
R0CVX3,1,PF00704
R0D4Y6,1,PF00704
R0EJ38,2,G3DSA:3.20.20.370
R0EJ38,2,PF00704
R1CAG9,1,PF00704
R1CFM8,1,PF00704
R1CM08,1,PF00704
R1CNL0,1,PF00704
R1FFU1,1,PF00704
R1FYH6,1,PF00704
R1FZ31,1,PF00704
R1G260,1,PF00704
R1G7A9,1,PF00704
R1G9L8,1,PF00704
R1GBI3,1,PS51910
R1GDQ8,1,PS51910
R1GSI8,1,PF00704
R1GWE5,1,PF00704
R1GY45,1,PF00704
R1HFA2,1,PF00704
R1HTF6,1,PF00704
R1I5F3,1,PF00704
R1I6V0,1,PF00704
R1I8A2,1,PF00704
R1ICF5,1,PF00704
R1IDZ3,1,PF00704
R1IPG1,2,PF00704
R1IPG1,2,PF06483
R1IVG7,1,PF00704
R2QP21,1,PF00704
R2QSR7,1,PF00704
R2QUS2,1,PF00704
R2SMV8,1,PF00704
R2SQM7,1,PS51910
R2U2A6,1,PS51910
R3I0S1,1,PF00704
R3IDV0,1,PF00704
R3TSI4,1,PS51910
R3WPG3,1,PF00704
R3WRP9,1,PF00704
R4KA21,1,PF00704
R4KAW7,1,PF00704
R4KB85,1,PF00704
R4KFT6,1,PF00704
R4LA91,1,PF00704
R4LFZ4,1,PF00704
R4LGN5,1,PF00704
R4LHW6,1,PF00704
R4LMS7,1,PS51910
R4LQA6,1,PS51910
R4LQD2,1,PF00704
R4LSR5,1,PS51910
R4LYA8,1,PF00704
R4SNF4,1,PF00704
R4STM2,1,PF00704
R4SYQ8,1,PF00704
R4T083,1,PF00704
R4T1Y5,1,PF00704
R4T2Q0,1,PF00704
R4T479,1,PS51910
R4T6H5,1,PF00704
R4TE07,1,PF00704
R4TF85,1,PS51910
R4TYI1,1,PF00704
R4U3V5,1,PF00704
R4UAX3,1,PF00704
R4VWY4,1,PF00704
R4W3X0,1,PF00704
R4W628,1,PF00704
R4W763,1,PF00704
R4W8T7,1,PS51910
R4WLZ0,1,PF00704
R4YQT0,1,PF00704
R5BJT6,1,PF00704
R5BPV2,1,PF00704
R5CFV1,1,PF00704
R5CSP2,1,PF00704
R5EK72,1,PF00704
R5EKU5,1,PF00704
R5EMJ2,1,PF00704
R5GQZ3,1,PF00704
R5GVM5,1,PF00704
R5ISD9,1,PF00704
R5JF72,1,PF00704
R5KMD8,1,PF00704
R5KN73,1,PF00704
R5KPM7,1,PF00704
R5L0H6,1,PF00704
R5L9G7,1,PF00704
R5MJJ9,1,PF00704
R5MV40,1,PS51910
R5NHQ5,1,PF00704
R5QAH7,1,PF00704
R5R1E8,1,PF00704
R5R8D3,1,PF00704
R5RXI4,1,PF00704
R5SLI8,1,PF00704
R5TMR5,1,PF00704
R5TR04,1,PF00704
R5U6I3,1,PF00704
R5VVM1,1,PF00704
R5X8U1,1,PF00704
R5ZKS8,1,PF00704
R6BXI5,1,PF00704
R6C1J5,1,PF00704
R6C3Q9,1,PS51910
R6C708,1,PF00704
R6C9J6,1,PF00704
R6CA72,1,PF00704
R6CL42,1,PF00704
R6CXT1,1,PF00704
R6DCQ6,1,PF00704
R6DJD7,1,PF00704
R6DR25,1,PF00704
R6E579,1,PF00704
R6J060,1,PF00704
R6JFP5,1,PF00704
R6JT87,1,PF00704
R6K942,1,PF00704
R6LRE8,1,PF00704
R6M9Z2,1,PF00704
R6NGN7,1,PF00704
R6NL95,1,PF00704
R6P808,1,PF00704
R6Q3U8,1,PF00704
R6QRN2,1,PF00704
R6RIM8,1,PF00704
R6T4A4,1,PF00704
R6TG01,1,PF00704
R6TSL0,1,PF00704
R6TZH3,1,PF00704
R6UH67,1,PF00704
R6UKL0,1,PF00704
R6VI52,1,PF00704
R6W753,1,PF00704
R6WJ96,1,PF00704
R6XT15,1,PF00704
R6XTR6,1,PF00704
R6XYN1,1,PF00704
R6YUG8,1,PF00704
R6Z2H1,1,PF00704
R6ZET0,1,PF00704
R6ZJW8,1,PF00704
R6ZPF0,1,PF00704
R7A8F4,1,PF00704
R7AQK3,1,PF00704
R7BLL3,1,PF00704
R7C8M5,1,PF00704
R7CA87,1,PF00704
R7FHT5,1,PF00704
R7FYR3,1,PF00704
R7HAK7,1,PF00704
R7I1M0,1,PF00704
R7I2V6,1,PF00704
R7IMX5,1,PF00704
R7LTK3,1,PF00704
R7M3P8,1,PF00704
R7M956,1,PF00704
R7MYX1,1,PF00704
R7N325,1,PF00704
R7QZ22,1,PF00704
R7RQA5,1,PF00704
R7RTN6,1,PF00704
R7ZBL3,1,PF00704
R7ZDQ1,1,PF00704
R7ZKB2,1,PF00704
R7ZZ01,1,PF00704
R8AN26,1,PF00704
R8AU09,1,PF00704
R8AUC2,1,PF00704
R8CKY8,1,PF00704
R8CVR9,1,PF00704
R8CXB6,1,PF00704
R8H0F8,1,PF00704
R8HYD2,1,PF00704
R8I0B5,1,PF00704
R8MR19,1,PF00704
R8MUH7,1,PF00704
R8NGS9,1,PS51910
R8NMF8,1,PF00704
R8Q6C2,1,PF00704
R8W9R2,1,PF00704
R8WJR9,1,PF00704
R8WXB0,1,PF00704
R9A7T5,1,PF00704
R9CBT0,1,PS51910
R9CCL4,1,PF00704
R9CH02,1,PF00704
R9H612,1,PF00704
R9H662,1,PF00704
R9HES5,1,PF00704
R9HFK7,1,PS51910
R9HFS7,1,PF00704
R9HN01,1,PF00704
R9HNT2,1,PF00704
R9HPW6,1,PF00704
R9HWL0,1,PF00704
R9I1P7,1,PF00704
R9ICZ2,1,PF00704
R9IP42,1,PF00704
R9IVQ1,1,PF00704
R9IXC7,1,PF00704
R9IZD0,1,PF00704
R9J3L6,1,PF00704
R9J5E0,1,PF00704
R9JCW7,1,PF00704
R9JNU4,1,PF00704
R9JRM8,1,PF00704
R9K8E3,1,PF00704
R9KC10,1,PF00704
R9KW83,1,PF00704
R9KZX8,1,PF00704
R9L4Q2,1,PF00704
R9LA70,1,PF00704
R9LAV4,1,PF00704
R9LDM8,1,PF00704
R9LEW7,1,PF00704
R9LH85,1,PF00704
R9LH90,1,PF00704
R9LST2,1,PF00704
R9LTC5,1,PF00704
R9M6I9,1,PF00704
R9MG75,1,PF00704
R9MIP0,1,PF00704
R9MJF2,1,PF00704
R9MR21,1,PF00704
R9MWJ8,1,PF00704
R9MX42,1,PF00704
R9MXC4,1,PS51910
R9UMS4,1,PF00704
R9UP38,1,PF00704
R9WA37,1,PF00704
R9WXS7,1,PF00704
R9WYJ0,1,PF00704
S0EUY0,2,G3DSA:3.20.20.370
S0EUY0,2,PF00704
S0F9T6,1,PF00704
S0FD25,1,PF00704
S0FGT7,1,PF00704
S0FKG3,1,PF00704
S0FNC6,1,PF00704
S0FSA9,3,PF00704
S0FSA9,3,PS51910
S0FVU4,2,PF00704
S0J121,1,PF00704
S0J2P7,1,PF00704
S0JIJ1,1,PF00704
S0JJ72,1,PF00704
S1P5L6,1,PF00704
S2D963,1,PF00704
S2XLE6,1,PF00704
S2Y5N0,1,PF00704
S2Y894,1,PS51910
S2YJL2,1,PF00704
S2YS56,1,PF00704
S2YSB2,1,PS51910
S2YTF6,1,PF00704
S2YU73,1,PF00704
S2YWZ8,1,PF00704
S2YXN5,1,PS51910
S2Z4B3,1,PS51910
S3AD11,1,PF00704
S3AT90,1,PF00704
S3AZI7,1,PF00704
S3BKF8,1,PF00704
S3C6X2,1,PF00704
S3J0G4,1,PF00704
S3K3S6,1,PF00704
S3UT98,1,PF00704
S3UZG8,1,PF00704
S3W5P5,1,PF00704
S3YTK7,1,PF00704
S3YU07,1,PS51910
S3Z8N0,1,PF00704
S3ZFH1,1,PF00704
S3ZGL0,1,PF00704
S3ZJQ2,1,PF00704
S3ZS06,1,PF00704
S3ZTI9,1,PF00704
S4A0J0,1,PF00704
S4AGK8,1,PF00704
S4APZ7,1,PF00704
S4M7I0,1,PF00704
S4MIF0,1,PF00704
S4MUF2,1,PF00704
S4W7C7,1,PF00704
S4W859,1,PF00704
S4Y4R9,1,PF00704
S4YCJ6,1,PF00704
S4YGD5,1,PF00704
S4YK30,1,PF00704
S4YLX6,1,PF00704
S5ML31,1,PF00704
S5MUW5,1,PS51910
S5UMT5,1,PF00704
S5UUB1,1,PF00704
S5UX91,1,PF00704
S5UXX2,1,PF00704
S5V5C6,1,PS51910
S5VGX1,1,PS51910
S5VLS1,1,PF00704
S5Z8D1,1,PF00704
S5ZDT5,1,PF00704
S5ZKE6,1,PF00704
S6A326,1,PF00704
S6FVI1,1,PF00704
S6V3L5,1,PF00704
S7I4K5,1,PF00704
S7J7B1,1,PF00704
S7JBB2,2,PF00704
S7JBB2,2,PF06483
S7SR94,1,PF00704
S7U5B2,1,PF00704
S7U9D2,1,PF00704
S7V901,1,PS51910
S9P0V2,1,PF00704
S9PAS8,1,PF00704
S9PC73,1,PF00704
S9PD43,1,PF00704
S9Q2F2,1,PF00704
S9QD72,1,PF00704
S9QU93,1,PF00704
S9QZJ6,1,PF00704
S9R882,1,PF00704
S9SCU9,1,PS51910
S9SJP5,1,PF00704
S9SLQ6,1,PF00704
S9SNK9,1,PF00704
S9SU16,1,PF00704
S9TN40,1,PS51910
S9TW07,1,PF00704
S9TZG1,1,PF00704
S9U129,1,PF00704
S9U1I3,1,PF00704
T0C6N0,1,PF00704
T0CXF3,1,PF00704
T0D0Q7,1,PF00704
T0DH87,1,PF00704
T0EWD4,1,PF00704
T0F7E2,1,PF00704
T0FID8,1,PF00704
T0FM95,1,PF00704
T0FQ84,1,PF00704
T0G5B6,1,PF00704
T0GJ53,1,PF00704
T0H4A2,1,PF00704
T0HVF4,1,PF00704
T0I4V4,1,PF00704
T0J696,2,G3DSA:3.20.20.370
T0J696,2,PS51910
T0JF79,1,PF00704
T0JJR3,1,PF00704
T0PPB8,1,PF00704
T0VJI0,1,PF00704
T1SXU9,1,PF00704
T1SYN1,1,PF00704
T1T045,1,PF00704
T1W1R7,1,PF00704
T1W2R1,1,PF00704
T2I4V4,1,PF00704
T4VNR3,1,PF00704
T4VNT5,1,PF00704
T5K0X0,1,PF00704
U1FKB2,1,PF00704
U1J7X2,1,PF00704
U1J8T7,1,PF00704
U1JBW7,1,PF00704
U1JI27,1,PF00704
U1JJT3,1,PF00704
U1JNQ0,1,PF00704
U1KL95,1,PF00704
U1KPA2,1,PF00704
U1KPG2,1,PF00704
U1Y7W7,1,PF00704
U1Y918,2,G3DSA:3.20.20.370
U1Y918,2,PF00704
U2D5F3,1,PF00704
U2D7J1,1,PF00704
U2D985,1,PF00704
U2EGV9,1,PF00704
U2ER90,1,PF00704
U2G1L3,1,PF00704
U2KL28,2,G3DSA:3.20.20.370
U2KL28,2,PF00704
U2KL80,2,G3DSA:3.20.20.370
U2KL80,2,PF00704
U2MHP4,1,PS51910
U2PD05,1,PF00704
U2PVN4,1,PF00704
U2QBE7,1,PF00704
U2QH48,1,PS51910
U2R9B3,1,PF00704
U2RQP4,1,PF00704
U2UB22,1,PF00704
U2X2T4,1,PF00704
U2X8S1,1,PF00704
U2ZYL0,1,PS51910
U3A385,1,PF00704
U3A3J1,1,PF00704
U3ALC4,1,PF00704
U3AUJ8,1,PF00704
U3B5Q1,1,PF00704
U3BKX5,2,PF00704
U3BKX5,2,PF06483
U3BQB6,1,PF00704
U3C687,2,PF00704
U3C687,2,PF06483
U3C7S1,1,PF00704
U3CJF3,1,PF00704
U4K2B3,1,PF00704
U4K854,1,PF00704
U4KA43,1,PF00704
U4KN24,1,PF00704
U4QX08,1,PF00704
U4R0K6,1,PF00704
U4R1Q1,1,PF00704
U4R2N3,1,PF00704
U4TTK5,1,PF00704
U5BUJ2,1,PF00704
U5CGS6,1,PF00704
U5CI92,1,PF00704
U5CSP6,1,PF00704
U5CTC6,1,PF00704
U5IJW8,1,PF00704
U5IJY5,1,PF00704
U5IKC9,1,PF00704
U5IKS7,1,PF00704
U5L5L1,1,PF00704
U5L8V7,1,PF00704
U5L922,1,PF00704
U5MYI0,1,PF00704
U5N424,1,PF00704
U5NBW9,1,PF00704
U5Q7H9,1,PF00704
U5VTA4,1,PF00704
U5VTA9,1,PF00704
U5VTB6,1,PF00704
U5VWJ7,1,PF00704
U5VZP7,1,PF00704
U5W3Y1,1,PS51910
U5W9D0,1,PS51910
U5W9J2,1,PF00704
U5WCG1,1,PS51910
U5WD17,1,PF00704
U5WFA1,1,PS51910
U6CA42,1,PF00704
U6EC32,1,PF00704
U6R7Y7,1,PF00704
U6SPY8,1,PF00704
U7D706,1,PF00704
U7QR25,1,PF00704
U7QTB3,1,PF00704
U7QTF6,1,PF00704
U7QWD8,1,PF00704
U7R063,1,PF00704
U7UCZ8,1,PF00704
U7ULW7,1,PF00704
U7UU15,1,PF00704
U7UY80,1,PF00704
U7VF02,1,PF00704
V1H609,1,PF00704
V2Y211,1,PF00704
V2YAU6,1,PF00704
V3PMX1,1,PF00704
V4GZE9,1,PF00704
V4H0V7,1,PF00704
V4H991,1,PF00704
V4HRM5,1,PF00704
V4HV47,1,PF00704
V4HVR2,1,PF00704
V4J7U6,1,PF00704
V4JEL3,1,PF00704
V4JIH9,1,PF00704
V4NGB2,1,PF00704
V4P073,1,PF00704
V4P8F4,2,G3DSA:3.20.20.370
V4P8F4,2,PF00704
V4PMG4,1,PF00704
V4PZP3,2,G3DSA:3.20.20.370
V4PZP3,2,PF00704
V4Q1G2,1,PF00704
V4Q5H6,1,PF00704
V4R4G4,1,PF00704
V5EQ62,1,PF00704
V5F3I3,1,PF00704
V5F6H5,1,PF00704
V5FA48,2,PF00704
V5FFK7,1,PF00704
V5H4B4,1,PF00704
V5IV49,1,PF00704
V5IV50,1,PF00704
V5IV65,1,PF00704
V5IV75,1,PF00704
V5IV80,1,PF00704
V5NZX0,1,PF00704
V5RIN6,2,G3DSA:3.20.20.80
V5RIN6,2,PS51910
V5U2S7,1,PF00704
V5Z5W3,1,PF00704
V6H832,1,PF00704
V6HB71,1,PF00704
V6HJL5,1,PF00704
V6HTJ4,1,PF00704
V6I085,1,PF00704
V6ICK3,1,PF00704
V6J002,1,PF00704
V6J964,1,PF00704
V6JNP4,1,PF00704
V6JT39,1,PS51910
V6JY04,1,PF00704
V6K0C5,1,PS51910
V6K5C3,1,PF00704
V6K5H1,1,PF00704
V6KB75,1,PF00704
V6KJ36,1,PF00704
V6KLL4,1,PF00704
V6KVJ4,1,PS51910
V6KW38,1,PF00704
V6M1U4,1,PF00704
V6M4F8,1,PF00704
V6M8X7,1,PF00704
V6MCF0,1,PF00704
V6Q4E6,1,PF00704
V7IHQ4,1,PF00704
V8AS95,1,PF00704
V8CH63,1,PF00704
V8CNJ1,2,G3DSA:3.20.20.370
V8CNJ1,2,PF00704
V9G7R7,1,PF00704
V9G801,1,PF00704
V9GA34,1,PF00704
V9GDN5,1,PF00704
V9GF49,1,PF00704
V9GMP2,1,PF00704
V9H2W4,1,PF00704
V9H460,1,PF00704
V9H8U7,1,PF00704
V9HGV1,1,PS51910
V9HIA1,1,PF00704
V9IR90,1,PF00704
V9IRI2,1,PF00704
V9IRX4,1,PF00704
V9WAW7,1,PF00704
W0E920,1,PF00704
W0EBU4,1,PF00704
W0EBY2,1,PF00704
W0EEZ2,1,PF00704
W0EF19,1,PF00704
W0EY90,1,PF00704
W0F3D0,2,G3DSA:3.20.20.370
W0F3D0,2,PF00704
W0HTE9,1,PF00704
W0HXU0,1,PS51910
W0J6B3,1,PF00704
W0JCR2,1,PF00704
W0L7R5,1,PF00704
W0LHV5,1,PF00704
W0LWL1,1,PF00704
W0R952,2,G3DSA:3.20.20.370
W0R952,2,PF00704
W0R964,1,PF00704
W0RA28,1,PF00704
W0RB18,1,PF00704
W0RBG4,1,PF00704
W0RE48,1,PF00704
W0T116,1,PF00704
W0V434,1,PF00704
W0V921,1,PF00704
W0VA46,1,PF00704
W0VAM6,1,PF00704
W1DSK7,1,PF00704
W1IM60,1,PF00704
W1IPS0,1,PF00704
W1IQC2,1,PF00704
W1J070,1,PF00704
W1J1K5,1,PF00704
W1J592,1,PF00704
W1UYC9,1,PF00704
W1W8X1,1,PF00704
W2EJP7,1,PF00704
W2EQP2,1,PS51910
W2EQU0,1,PF00704
W2EST1,1,PF00704
W2ET50,1,PF00704
W2EWK6,1,PF00704
W2EYL0,1,PF00704
W2F328,1,PF00704
W2ULY8,1,PF00704
W2VBW7,1,PF00704
W3AU72,1,PF00704
W3V482,1,PF00704
W3V4F0,1,PS51910
W3V4N8,1,PF00704
W3V6A8,1,PF00704
W3Y4S8,1,PF00704
W4AIA2,2,G3DSA:2.10.10.20:FF:000001
W4AIA2,2,PF00704
W4AJP9,1,PF00704
W4AK60,1,PF00704
W4AUR2,1,PF00704
W4AV10,1,PF00704
W4B3M0,1,PF00704
W4B4A6,1,PF00704
W4B4S7,1,PF00704
W4BDI4,1,PF00704
W4BGM7,1,PF00704
W4BHU5,1,PF00704
W4DVM0,1,PF00704
W4DVS0,1,PF00704
W4DWV3,1,PF00704
W4DZ06,1,PF00704
W4F1P0,1,PF00704
W4F229,1,PF00704
W4Q0C5,1,PF00704
W4Q928,1,PF00704
W4QEW1,1,PF00704
W4QK78,1,PF00704
W4QMG8,1,PF00704
W4QTK4,1,PF00704
W4QUF6,1,PF00704
W4QWX4,1,PF00704
W4R1N1,1,PF00704
W4RHD9,1,PF00704
W4RK51,1,PF00704
W4RPT7,1,PF00704
W4RPU8,1,PF00704
W4RUN0,1,PF00704
W4SAW9,1,PF00704
W4SGS2,1,PF00704
W4UWG9,1,PF00704
W4V4E4,1,PF00704
W4V551,1,PF00704
W4V8E1,1,PF00704
W4V8I9,1,PF00704
W4V8Y2,1,PF00704
W4VQW4,1,PF00704
W5U207,1,PF00704
W5U2U1,1,PF00704
W5U7W5,1,PF00704
W5VYS8,1,PF00704
W5VZP3,1,PF00704
W5W0N3,1,PF00704
W5W190,1,PS51910
W5W1F9,1,PS51910
W5W5N9,1,PF00704
W5W6G0,1,PS51910
W5W7K7,1,PF00704
W5WA34,1,PF00704
W5WCX3,1,PF00704
W5WH41,1,PF00704
W5WHL9,1,PF00704
W5WIA7,1,PF00704
W5WLY0,1,PF00704
W5WP74,1,PS51910
W5WPG3,1,PF00704
W6A846,1,PF00704
W6AAT6,1,PF00704
W6AB52,1,PF00704
W6AH87,1,PF00704
W6E974,1,PF00704
W6MAR3,2,G3DSA:3.20.20.370
W6MAR3,2,PF00704
W6MW61,1,PF00704
W6MWY5,1,PF00704
W6MYB4,1,PF00704
W6N525,1,PF00704
W6RU75,1,PF00704
W6RUE8,1,PF00704
W6RVZ9,1,PF00704
W6S2K6,1,PF00704
W6T603,1,PF00704
W6TQG6,1,PF00704
W6TVM5,1,PF00704
W6U2U4,1,PF00704
W6UA01,1,PF00704
W7B6A8,1,PF00704
W7B6M9,1,PF00704
W7BQ07,1,PF00704
W7BQG0,1,PF00704
W7BTT5,1,PF00704
W7C2Z8,1,PF00704
W7D4C5,1,PF00704
W7D4D5,1,PF00704
W7D9E7,1,PF00704
W7DBV4,1,PF00704
W7E2C2,1,PF00704
W7IBP3,1,PF00704
W7IJ83,1,PF00704
W7KNW1,1,PF00704
W7KV39,1,PF00704
W7KYM2,1,PF00704
W7L9F8,1,PF00704
W7LDK1,1,PF00704
W7P895,1,PF00704
W7PS72,1,PF00704
W7RFD2,1,PF00704
W7RGN6,1,PF00704
W7RMY3,1,PF00704
W7SBG4,1,PF00704
W7SC46,1,PF00704
W7SFP2,1,PF00704
W7SKM0,1,PF00704
W7SPJ1,1,PF00704
W7SR95,1,PF00704
W7SVI8,1,PF00704
W7SWH8,1,PF00704
W7T155,1,PS51910
W7T1G9,1,PS51910
W7T1Q5,1,PF00704
W7T2Z6,1,PF00704
W7T3T6,1,PS51910
W7T6M4,1,PF00704
W7T7J2,1,PF00704
W7TGB5,1,PS51910
W7YBG9,1,PF00704
W7YEP4,1,PF00704
W7YHE5,1,PF00704
W7YNW7,1,PF00704
W7YP39,1,PF00704
W7YQU4,1,PF00704
W7YT11,1,PF00704
W7YTZ6,1,PF00704
W7YZS0,1,PF00704
W7Z4H0,1,PF00704
W7Z4V7,1,PF00704
W7Z8J3,1,PF00704
W8F300,1,PF00704
W8NU61,3,PF00704
W8NU61,3,PS51910
W8NU61,3,SSF51445
W8P1P1,1,PF00704
W8TNR4,1,PF00704
W8V1J8,1,PF00704
W8YEV1,1,PF00704
W8YF16,1,PF00704
W8YJD3,1,PF00704
W8YK42,1,PF00704
W8YKU0,1,PF00704
W8YPT4,1,PF00704
W8YQM4,1,PF00704
W8YQU7,1,PF00704
W8YRG8,1,PF00704
W8YT78,1,PF00704
W8Z266,2,G3DSA:3.20.20.370
W8Z266,2,PF00704
W8Z2T1,1,PF00704
W8Z314,1,PF00704
W8ZQ29,1,PF00704
W9APQ8,1,PF00704
W9E4Z5,1,PF00704
W9E8L9,1,PF00704
W9E956,1,PF00704
W9E9Y1,1,PF00704
X0NMW7,2,PF00704
X0NMW7,2,PF06483
X0NYD2,1,PF00704
X0P7P1,1,PF00704
X2FFR8,1,PF00704
X2KU53,1,PF00704
X2KWS3,1,PF00704
X4ZHM3,1,PF00704
X4ZYR4,1,PF00704
X5CAG0,1,PF00704
X5DI95,1,PF00704
X5E1Y5,1,PF00704
X6Q4Q0,2,G3DSA:3.20.20.370
X6Q4Q0,2,PF00704
X8GPF2,1,PF00704
X8HE75,1,PF00704
Z9JN00,1,PF00704
Z9JR83,1,PF00704
