Entry,domain_position_in_architecture,Signature
A0A014LJM1,1,PS51318
A0A014MM96,1,PF02018
A0A014MM96,2,PF00041
A0A014MSN8,1,PS51318
A0A015SSG1,1,PS51257
A0A015VTG3,1,PS51257
A0A016AFS3,1,PS51257
A0A016BRW8,1,PS51257
A0A016E443,1,PS51257
A0A017RV85,1,PF01476
A0A017RV85,2,PF01476
A0A017TB73,1,PS51257
A0A017TB73,2,PF02839
A0A022MBR6,1,PF00553
A0A022MFL2,3,PF02839
A0A022MJ40,1,PF02018
A0A022MM18,1,PF02018
A0A022MM18,2,PF00041
A0A022MMQ0,1,PF00553
A0A022MMQ0,2,PF00041
A0A022MN58,1,PS51318
A0A022MN58,3,PF02839
A0A022MP52,1,PF02018
A0A022MP52,2,PF00041
A0A022MSY7,1,PF00553
A0A022MSY7,2,PF00041
A0A022PQJ1,2,PF02839
A0A023BW51,2,PF17957
A0A023BW51,3,PF17957
A0A023BW51,4,PF02839
A0A023BW51,5,PF17957
A0A023BW51,6,SM00495
A0A023BW79,1,PF00041
A0A023BW79,2,PF17957
A0A023BW79,3,PF17957
A0A023BW79,4,SM00495
A0A023BW79,5,PF17957
A0A023BW90,1,PS51257
A0A023BW90,3,PF02839
A0A023BW90,4,PF17957
A0A023BW90,5,SM00495
A0A023BWD9,1,SM00495
A0A023BWD9,3,PF17957
A0A023BWD9,4,PF17957
A0A023BWD9,5,PF02839
A0A023BWD9,6,PF02839
A0A023DE32,1,PF01476
A0A023DE32,2,PF01476
A0A023DE32,3,PF01476
A0A023DK13,1,PF01476
A0A023DK13,2,PF01476
A0A023T6X9,3,PF00041
A0A023T6X9,4,PF02839
A0A024A6R9,2,PF00041
A0A024A6R9,3,PF00553
A0A024KZF4,1,SM00495
A0A024KZF4,2,SM00495
A0A024KZF4,3,SM00495
A0A024KZF4,4,SM00495
A0A024KZF4,5,SM00495
A0A024KZF4,6,PF02839
A0A024KZF4,7,SM00495
A0A024P7D7,1,PF01476
A0A024P7D7,2,PF01476
A0A024P7D7,3,PF01476
A0A024Q678,1,PF01476
A0A024Q678,2,PF01476
A0A024Q6J6,2,PF00041
A0A024Q6J6,3,PF02839
A0A024QEX2,1,PF01476
A0A024QEX2,2,PF01476
A0A024QEX2,3,PF01476
A0A059NZ20,1,PF01476
A0A059NZ20,2,PF01476
A0A059UJT0,2,SM00495
A0A059V772,2,PF00041
A0A059V772,3,PF00553
A0A060KSS6,2,PF00041
A0A060KSS6,3,PF02839
A0A060LU70,2,PF02839
A0A060LU70,3,PF02839
A0A060LZR4,1,PF01476
A0A060LZR4,2,PF01476
A0A060ZJZ6,1,PS51318
A0A060ZMT3,1,PF02018
A0A060ZMT3,2,PF00041
A0A061A149,1,PS51318
A0A061AGY2,1,PS51257
A0A061KT67,1,SM00495
A0A061KT67,2,SM00495
A0A061KT67,3,SM00495
A0A061KT67,4,SM00495
A0A061KT67,5,SM00495
A0A061KT67,6,PF02839
A0A061KT67,7,SM00495
A0A063YTH1,1,PF01476
A0A063YTH1,2,PF01476
A0A063YTH1,3,PF01476
A0A063YY91,1,PF01476
A0A063YY91,2,PF01476
A0A066RLB6,1,SM00495
A0A066RLB6,2,PF17957
A0A066RLB6,3,PF17957
A0A066RLB6,4,SM00495
A0A066RLB6,5,PF17957
A0A066RLB6,6,PF17957
A0A066RRM7,1,PF08329
A0A066RRM7,3,PF22352
A0A066RRM7,4,G3DSA:2.60.40.10
A0A066RRM7,5,PF02839
A0A066SUM4,1,SM00495
A0A066SUM4,2,SM00495
A0A066SUM4,3,SM00495
A0A066SUM4,4,SM00495
A0A066SUM4,5,SM00495
A0A066SUM4,6,PF02839
A0A066SUM4,7,SM00495
A0A066TP80,1,PF00553
A0A066TTP7,1,PS51318
A0A066TXL2,1,PF00553
A0A066TYQ1,1,PS51318
A0A066U2Y7,1,PF02018
A0A066U8Q4,1,PF02018
A0A066U8Q4,2,PF00041
A0A066UJV1,1,PS51257
A0A066UJV1,2,PF02839
A0A066UJV1,3,PF17957
A0A066UJV1,4,PF17957
A0A066UKE3,1,PF08329
A0A066UKE3,3,PF22352
A0A066UKE3,5,PF02839
A0A066V080,2,PF02839
A0A066V080,4,SM00495
A0A066YKH6,1,PS51318
A0A066YL28,2,PF02018
A0A066YQ69,1,PS51318
A0A066YQ69,3,PF02018
A0A066YSP5,1,PF02018
A0A066YSP5,2,PF00041
A0A066YTF0,1,PF02018
A0A066YUY7,1,PF02018
A0A066YUY7,2,PF00041
A0A066YVU5,2,SM00495
A0A066YZ82,1,PF02018
A0A066Z1P1,1,PF02018
A0A066Z1P1,2,PF00041
A0A066Z2M2,1,PF00553
A0A066Z2M2,2,PF00041
A0A066Z2N8,1,PF02018
A0A066Z6K1,2,SM00495
A0A066ZCL4,1,PF00041
A0A069D669,1,PF00395
A0A069D669,2,PF00395
A0A069D669,3,PF00395
A0A069DF76,1,PF02839
A0A069DF76,2,PF00041
A0A069DGF1,2,PF00041
A0A069DGF1,3,PF02839
A0A069DJF7,1,PF07833
A0A069DJY0,1,PF07833
A0A069RIK6,2,PF07833
A0A069SEV1,1,PS51257
A0A072NHE2,1,PF01476
A0A072NHE2,2,PF01476
A0A072NHE2,3,PF01476
A0A072NIN9,1,PF01476
A0A072NIN9,2,PF01476
A0A072NIN9,3,PF01476
A0A072NLA6,2,PF00395
A0A072NLA6,3,PF00395
A0A072NLA6,4,PF00395
A0A072NNS8,1,PS51257
A0A072NST3,1,PF01476
A0A072NST3,2,PF01476
A0A072NST3,3,PF01476
A0A072NST3,4,PF01476
A0A072NST3,5,PF08239
A0A072NWS7,1,PF01476
A0A072NWS7,2,PF01476
A0A073JXE9,2,PF00041
A0A073JXE9,3,PF02839
A0A073JYG8,2,PF00041
A0A073JYG8,3,PF00553
A0A073KCW8,2,PF00041
A0A073KCW8,3,PF00553
A0A073KI56,1,PF01476
A0A073KI56,2,PF01476
A0A074LM05,1,PF07833
A0A074LMY3,1,PF01476
A0A074LXK7,1,PF01476
A0A074LXK7,2,PF01476
A0A074M7M9,1,PF00395
A0A074M7M9,2,PF00395
A0A074M7M9,3,PF00395
A0A075JKT9,1,PF01476
A0A075JKT9,2,PF01476
A0A075K7E3,1,PS51257
A0A075K7G2,1,PS51257
A0A075LLL3,1,PF01476
A0A075LLL3,2,PF01476
A0A075R004,1,PF02839
A0A075R004,2,PF00041
A0A075R097,1,PS51257
A0A075R183,1,PF07833
A0A075R1J8,1,PF07833
A0A075R1J8,2,PF08239
A0A075R595,2,PF00553
A0A075R758,1,PF01476
A0A075R758,2,PF01476
A0A075UN32,1,PF00553
A0A075UPH5,1,PF02018
A0A075UPH5,2,PF00041
A0A075UU79,1,PS51318
A0A075UXA8,1,PS51318
A0A075UXA8,2,PF00553
A0A075UXA8,3,PF00041
A0A075UZS5,2,PF02839
A0A075V3C7,1,PF02018
A0A076H6W3,1,PF00553
A0A076IY28,1,PS51257
A0A077EEI1,1,PS51257
A0A077EEV6,3,PF00535
A0A077EJY3,1,PS51257
A0A077JGF0,1,SM00495
A0A077JGF0,2,PF17957
A0A077JGF0,3,PF00041
A0A077JIF4,1,SM00495
A0A077JIF4,2,PF02839
A0A077KC79,3,PF00041
A0A077KDA3,2,PF00041
A0A077KGT8,3,PF00535
A0A078KM80,1,PF01476
A0A078KM80,2,PF01476
A0A078LFF8,1,PF08329
A0A078LFF8,3,PF22352
A0A078LFF8,5,PF02839
A0A078LFF8,6,PF02839
A0A078REL3,1,PS51257
A0A078S1G0,1,PS51257
A0A081K811,2,PF02839
A0A081K811,4,SM00495
A0A081KBV4,1,PF02839
A0A081KBV4,2,PF17957
A0A081KBV4,3,PF17957
A0A081L6N4,1,PF01476
A0A081L6N4,2,PF01476
A0A081NDH6,1,PF08329
A0A081NDH6,2,PF08329
A0A081NJK6,1,PF02839
A0A081NJK6,2,PF17957
A0A081NJK6,3,PF17957
A0A081NUI7,1,PF01476
A0A081NUI7,2,PF01476
A0A081NYI1,1,PF02839
A0A081NYI1,2,PF00041
A0A081P1H9,1,PF07833
A0A081P1H9,2,PF08239
A0A081P1K6,1,PF02839
A0A081P1K6,2,PF00041
A0A081P558,1,PF00395
A0A081P558,3,PF00395
A0A081P8R3,1,PF01476
A0A081P8R3,2,PF01476
A0A081P8R3,3,PF08239
A0A081PA80,2,PF00041
A0A081PA80,3,PF02839
A0A081PLV0,3,PF00535
A0A081RR94,2,PF02839
A0A081XJW7,1,PS51318
A0A081XJW7,2,PF02018
A0A081XJW7,3,PF00041
A0A081XNT7,2,PF02839
A0A081XPK8,1,PF00553
A0A081XPK8,2,PF00041
A0A081XSS8,1,PS51318
A0A081XSS8,2,PF02018
A0A081XSS8,3,PF00041
A0A084A8I5,2,G3DSA:2.60.40.10
A0A084A8I5,3,PF02839
A0A084GJF9,1,PF01476
A0A084GJF9,2,PF01476
A0A084J092,1,PF01476
A0A084J092,2,PF01476
A0A084JB75,1,PF01476
A0A084JB75,2,PF01476
A0A084JCN3,1,PF08239
A0A084JFN2,1,PS51257
A0A084JHZ9,1,PF01476
A0A084JJU2,1,PF01476
A0A084JJU2,2,PF01476
A0A084JK55,1,PF01476
A0A084JK55,2,PF01476
A0A084JNZ7,1,PF01476
A0A084JNZ7,2,PF01476
A0A084JP18,1,PF01476
A0A084JP18,2,PF01476
A0A084JPZ9,1,PF01476
A0A084JPZ9,2,PF01476
A0A084T9C4,1,PF08329
A0A084T9C4,3,PF22352
A0A084T9C4,4,G3DSA:2.60.40.10
A0A084T9C4,5,PF02839
A0A084ZUD4,1,SM00495
A0A085A4M8,1,SM00495
A0A085A4M8,2,SM00495
A0A085A4M8,3,SM00495
A0A085A4M8,4,SM00495
A0A085AC08,2,PF02839
A0A085LDD4,1,PF02018
A0A085LDD4,2,PF00041
A0A085W732,1,PF00553
A0A085W732,2,PF00041
A0A085ZKX2,3,PF00535
A0A085ZMF1,5,PF17957
A0A085ZMF1,6,PF17957
A0A086A8I1,3,PF00535
A0A086AJJ4,3,PF00535
A0A086ALG5,6,G3DSA:2.60.40.10
A0A086ALG5,7,G3DSA:2.60.40.10
A0A086B9J2,1,PS51257
A0A086BJ91,3,PF00535
A0A086MXP9,1,PF00553
A0A086MXP9,2,PF00041
A0A086MYJ0,1,PF02018
A0A086MYJ0,2,PF00041
A0A087BJL3,2,SM00495
A0A087JZA4,1,PF02018
A0A087JZA4,2,PF00041
A0A087K0A4,1,PF00553
A0A087K0A4,2,PF00041
A0A087K264,1,PS51318
A0A087K264,3,SM00495
A0A087KEQ5,1,PF02018
A0A087KEQ5,2,PF00041
A0A087KFU1,1,PF00553
A0A087KFU1,2,PF00041
A0A089GFV8,2,PF00041
A0A089GFV8,3,PF02839
A0A089GJA0,2,SM00495
A0A089HM91,1,PF08329
A0A089HNM9,1,PF07833
A0A089I0G5,1,PF00395
A0A089I0G5,2,PF00395
A0A089I0G5,3,PF00395
A0A089IBP3,1,PF07833
A0A089IIZ7,1,PF07833
A0A089IN48,1,PF00395
A0A089IN48,2,PF00395
A0A089IN48,3,PF00395
A0A089IQL8,2,PF02839
A0A089IQL8,3,PF02839
A0A089IZV5,1,PF07833
A0A089J880,1,PF07833
A0A089JRY3,1,PF01476
A0A089JRY3,2,PF01476
A0A089JYN1,1,PF07833
A0A089JYW5,1,PF07833
A0A089K4T2,2,PF02839
A0A089K4T2,3,PF02839
A0A089K5Q1,1,PF07833
A0A089KHG9,1,PF07833
A0A089KLG1,1,PF00395
A0A089KLG1,2,PF00395
A0A089KLG1,3,PF00395
A0A089KLS3,1,PF07833
A0A089KW16,1,PF07833
A0A089L1T4,1,PF00395
A0A089L1T4,2,PF00395
A0A089L1T4,3,PF00395
A0A089L267,1,PF07833
A0A089L6I3,1,PF01476
A0A089L6I3,2,PF01476
A0A089LA05,1,PF07833
A0A089LHG1,1,PF07833
A0A089LKE4,2,PF02839
A0A089LKE4,3,PF02839
A0A089LWW4,2,PF02839
A0A089LWW4,3,PF02839
A0A089M238,1,PF01476
A0A089M238,2,PF01476
A0A089M718,1,PF07833
A0A089MEF2,2,PF02839
A0A089MEF2,3,PF02839
A0A089MF76,1,PF07833
A0A089N435,1,PF07833
A0A089N9Q8,1,PS51257
A0A089N9Q8,2,PF07833
A0A089PXT0,1,PS51257
A0A089X0B6,3,PF02839
A0A089X558,1,PS51318
A0A089X9D6,1,PF00553
A0A089X9D6,2,PF00041
A0A089XAI7,1,PF02018
A0A089XAI7,2,PF00041
A0A089YY12,1,PS51318
A0A089YY12,2,PF00553
A0A089Z4W6,1,PF02018
A0A089Z4W6,2,PF00041
A0A090HXY9,1,PF07833
A0A090HXY9,2,PF08239
A0A090ILU4,1,PF08329
A0A090ILU4,3,PF22352
A0A090ILU4,5,PF02839
A0A090IPD4,1,PF01476
A0A090IPD4,2,PF01476
A0A090KHK8,1,SM00495
A0A090KHK8,2,PF17957
A0A090KHK8,3,PF17957
A0A090KUG3,1,PF01476
A0A090KUG3,2,PF01476
A0A090KUG3,3,PF01476
A0A090QH06,2,G3DSA:2.60.40.10
A0A090QH06,3,G3DSA:2.60.40.10
A0A090QH06,4,PF02839
A0A090QH06,5,PF02839
A0A090QJY8,1,PF08329
A0A090QLR0,2,PF02839
A0A090QLR0,3,PF02839
A0A090QN18,1,PS51257
A0A090QPB4,2,PF02839
A0A090QPB4,3,PF02839
A0A090R2B8,1,PS51257
A0A090R2B8,2,PF02839
A0A090R2B8,3,PF17957
A0A090R2B8,4,PF17957
A0A090R657,1,PF08329
A0A090R657,3,PF22352
A0A090R657,5,PF02839
A0A090R6G6,2,PF22352
A0A090R6G6,4,PF02839
A0A090R6G6,5,PF02839
A0A090S0F1,1,SM00495
A0A090S0F1,2,PF17957
A0A090S0F1,3,PF17957
A0A090S0F1,4,SM00495
A0A090S0F1,5,PF17957
A0A090S0F1,6,PF17957
A0A090S266,2,PF22352
A0A090S266,3,PF02839
A0A090S564,1,PF08329
A0A090T4C7,1,PF17957
A0A090T4C7,2,PF17957
A0A090T803,1,PF08329
A0A090T850,2,PF22352
A0A090T850,4,PF02839
A0A090XXF8,1,PF07833
A0A090XXF8,2,PF08239
A0A090Y317,3,PF00041
A0A090Y317,4,PF02839
A0A090Y317,5,PF00041
A0A090Y317,6,PF02839
A0A090Y5V6,1,PF07833
A0A090YRF3,2,PF00041
A0A090YRF3,3,PF00553
A0A090YTM0,3,PF00535
A0A090ZA15,1,PF01476
A0A090ZA15,2,PF01476
A0A090ZH08,1,PF02839
A0A090ZH08,2,PF02839
A0A090ZXM6,2,PF00041
A0A090ZXM6,3,PF02839
A0A091A0E0,1,PF00395
A0A091A0E0,2,PF00395
A0A091A0E0,3,PF00395
A0A094WFY1,1,PF01476
A0A094WFY1,2,PF01476
A0A096BDJ8,1,PF00395
A0A096BDJ8,2,PF00395
A0A096BGE0,1,PF01476
A0A096BGE0,2,PF01476
A0A096CMF1,1,PF01476
A0A096CMF1,2,PF01476
A0A096D2F1,3,PF00535
A0A097EQM1,1,SM00495
A0A097EQM1,2,SM00495
A0A097ER89,1,PF02839
A0A097ER89,2,PF02839
A0A098AWX4,1,PS51257
A0A098B7Z9,2,PF01476
A0A098EXT6,1,PF01476
A0A098EXT6,2,PF01476
A0A098EXT6,3,PF01476
A0A098F325,1,PF01476
A0A098F325,2,PF01476
A0A098F5V9,1,PF01476
A0A098F5V9,2,PF01476
A0A098M4C6,1,PF07833
A0A098M4Q8,2,PF02839
A0A098M4Q8,3,PF02839
A0A098MB50,1,PF01476
A0A098MB50,2,PF01476
A0A098MHA4,1,PF07833
A0A098PX33,1,PS51257
A0A099D556,1,PS51318
A0A099KEF1,1,PF08329
A0A099L3J3,1,PF08329
A0A099L3J3,3,G3DSA:2.60.40.10
A0A099L3J3,4,G3DSA:2.60.40.10
A0A099L3J3,5,PF02839
A0A099L3J3,6,PF02839
A0A099L5U2,1,SM00495
A0A099L5U2,2,PF17957
A0A099L5U2,3,G3DSA:2.60.40.10
A0A099LV54,1,PS51257
A0A099LV54,2,PF02839
A0A099LV54,3,PF17957
A0A099LV54,4,PF17957
A0A099LV54,7,SM00495
A0A099LVT3,1,PF08329
A0A099LVT3,3,PF22352
A0A099LVT3,5,PF02839
A0A099S1G1,1,PF01476
A0A099S1G1,2,PF01476
A0A099S4W7,1,PF01476
A0A099S4W7,2,PF01476
A0A099S902,1,PS51257
A0A099W8Z4,3,PF00041
A0A099WB10,3,PF00041
A0A099WB10,4,PF02839
A0A099WCQ5,3,PF00041
A0A099WCQ5,4,PF02839
A0A099WLT5,3,G3DSA:2.60.40.10
A0A099WLT5,4,PF02839
A0A0A0B3Z7,1,PF00553
A0A0A0IB11,1,PF01476
A0A0A0IB11,2,PF01476
A0A0A0IG69,1,PF01476
A0A0A0IG69,2,PF01476
A0A0A0ND72,1,PS51318
A0A0A0NTF5,1,PS51318
A0A0A0QZL1,2,PF00041
A0A0A0QZL1,3,PF00553
A0A0A0R1Y7,2,PF00041
A0A0A0R1Y7,3,PF00553
A0A0A0R690,2,PF00041
A0A0A0R690,3,PF02839
A0A0A0R779,2,PF00041
A0A0A0R779,3,PF00553
A0A0A1E857,1,PF08329
A0A0A1E857,3,PF22352
A0A0A1E857,5,PF02839
A0A0A1ECE1,1,SM00495
A0A0A1ECE1,2,PF17957
A0A0A1ECE1,3,PF17957
A0A0A1ECE1,4,SM00495
A0A0A1ECE1,5,PF17957
A0A0A1ECE1,6,PF17957
A0A0A1FD63,1,PS51257
A0A0A1FD63,2,PF02839
A0A0A1MKA3,1,PF01476
A0A0A1MKA3,2,PF01476
A0A0A1VHY3,3,G3DSA:2.60.40.10
A0A0A1VHZ3,3,G3DSA:2.60.40.10
A0A0A2T6M9,1,PF01476
A0A0A2T6M9,2,PF01476
A0A0A2T9F2,1,PF07833
A0A0A2THQ6,1,PS51257
A0A0A2TI30,1,PF01476
A0A0A2TI30,2,PF01476
A0A0A2TI30,3,PF01476
A0A0A2TLR8,2,PF01476
A0A0A2UW23,1,PF01476
A0A0A2UW23,2,PF01476
A0A0A2V1M4,1,PF01476
A0A0A2V1M4,2,PF01476
A0A0A2V1R5,1,PF07833
A0A0A2V1R5,2,PF08239
A0A0A3HVZ1,1,PF01476
A0A0A3HVZ1,2,PF01476
A0A0A3HVZ1,3,PF01476
A0A0A3I2K0,1,PF01476
A0A0A3I2K0,2,PF01476
A0A0A3I8M1,1,PF01476
A0A0A3I8M1,2,PF01476
A0A0A3I8M1,3,PF01476
A0A0A3IB74,1,PF01476
A0A0A3IB74,2,PF01476
A0A0A3IPN1,1,PF01476
A0A0A3IPN1,2,PF01476
A0A0A3IPN1,3,PF01476
A0A0A3IQU1,1,PF01476
A0A0A3IQU1,2,PF01476
A0A0A3IRY6,1,PF01476
A0A0A3IRY6,2,PF01476
A0A0A3IVC4,1,PF01476
A0A0A3IVC4,2,PF01476
A0A0A3J4F9,1,PF01476
A0A0A3J4F9,2,PF01476
A0A0A3J4F9,3,PF01476
A0A0A3JUB6,1,PF01476
A0A0A3JUB6,2,PF01476
A0A0A5G3D5,1,PF01476
A0A0A5G3D5,2,PF01476
A0A0A5G553,1,PF01476
A0A0A5G553,2,PF01476
A0A0A5G553,3,PF01476
A0A0A5GE85,1,PF07833
A0A0A5GI44,1,PF01476
A0A0A5GI44,2,PF01476
A0A0A5GJB5,1,PF01476
A0A0A5GJB5,2,PF01476
A0A0A5GJB5,3,PF01476
A0A0A5GQW6,1,PF01476
A0A0A5GQW6,2,PF01476
A0A0A5GQY1,1,PF01476
A0A0A5GQY1,2,PF01476
A0A0A5I0N2,1,PF08329
A0A0A5I0N2,3,PF22352
A0A0A5I0N2,5,PF02839
A0A0A5I1Z6,1,PS51257
A0A0A5I1Z6,2,PF02839
A0A0A5I1Z6,3,PF17957
A0A0A5I1Z6,4,PF17957
A0A0A5I1Z6,7,SM00495
A0A0A6UB86,1,PS51257
A0A0A6UB86,2,PF02839
A0A0A6UDY5,1,PS51257
A0A0A6UDY5,2,PF02839
A0A0A6UES5,1,PS51257
A0A0A6UES5,2,PF02839
A0A0A6URT7,1,PS51257
A0A0A6URT7,2,PF02839
A0A0A6V8R8,1,PF01476
A0A0A6V8R8,2,PF01476
A0A0A6VEX2,1,PF01476
A0A0A6VEX2,2,PF01476
A0A0A6VEX2,3,PF01476
A0A0A7EGV5,1,PF08329
A0A0A7EGV5,3,G3DSA:2.60.40.10
A0A0A7EGV5,5,PF02839
A0A0A7EGV5,6,PF02839
A0A0A7EIG9,1,SM00495
A0A0A7EIG9,2,PF17957
A0A0A7EIG9,3,PF17957
A0A0A7FSD2,3,PF02839
A0A0A7FV50,4,PF02839
A0A0A7FYQ3,5,PF02839
A0A0A7FYQ3,6,PF02839
A0A0A8E3H1,1,SM00495
A0A0A8E3H1,2,PF02839
A0A0A8E3Y4,1,SM00495
A0A0A8E3Y4,2,PF02839
A0A0A8E463,1,SM00495
A0A0A8E463,2,SM00495
A0A0A8E4P9,1,SM00495
A0A0A8E4P9,2,PF02839
A0A0A8EVX0,1,PS51318
A0A0A8EXA7,2,PF02839
A0A0A8JJW2,1,PF01476
A0A0A8JJW2,2,PF01476
A0A0A8JMF0,1,PF01476
A0A0A8JMF0,2,PF01476
A0A0A8X3Y8,1,PF01476
A0A0A8X3Y8,2,PF01476
A0A0A8X3Y8,3,PF01476
A0A0A8X7A4,1,PF01476
A0A0A8X7A4,2,PF01476
A0A0A8XBV8,1,PF01476
A0A0A8XBV8,2,PF01476
A0A0A8XD16,1,PF01476
A0A0A8XD16,2,PF01476
A0A0A8XD16,3,PF01476
A0A0B0D9Z7,1,PF01476
A0A0B0D9Z7,2,PF01476
A0A0B0IB02,3,PF00535
A0A0B0IBJ1,1,PF01476
A0A0B0IBJ1,2,PF01476
A0A0B0IBS6,1,PF01476
A0A0B0IBS6,2,PF01476
A0A0B0VFL8,1,SM00495
A0A0B0VFL8,2,SM00495
A0A0B0VFL8,3,SM00495
A0A0B0VFL8,4,SM00495
A0A0B0VFL8,5,SM00495
A0A0B0VFL8,6,PF02839
A0A0B0VFL8,7,SM00495
A0A0B3BTX5,1,PS51257
A0A0B5AH11,1,PF01476
A0A0B5AH11,2,PF01476
A0A0B5DH58,1,PF00553
A0A0B5DH58,2,PF00041
A0A0B5DM44,1,PS51318
A0A0B5DM44,2,PF02018
A0A0B5DM44,3,PF00041
A0A0B5DQ98,1,PS51318
A0A0B5DQ98,2,PF02018
A0A0B5DQ98,3,PF00041
A0A0B5EQG7,1,PS51318
A0A0B5ETI4,1,PS51318
A0A0B5F8B9,1,PS51318
A0A0B5HY50,1,PF00553
A0A0B5I0V0,2,PF02839
A0A0B5I4S1,1,PF02018
A0A0B5I4S1,2,PF00041
A0A0B5I6Q8,2,PF02839
A0A0B5I7T5,1,PS51318
A0A0B5I7T5,3,PF02839
A0A0B5I983,1,PS51318
A0A0B5I983,2,PF02018
A0A0B5I983,3,PF00041
A0A0B5IA40,1,PF00553
A0A0B5IA40,2,PF00041
A0A0B5NL12,3,PF00535
A0A0B5NUV0,1,PF01476
A0A0B5NUV0,2,PF01476
A0A0B5P4H6,2,PF00041
A0A0B5P4H6,3,PF00553
A0A0B5QAI4,2,PF02839
A0A0B5QAI4,3,PF02839
A0A0B5QMJ7,2,G3DSA:2.60.40.10
A0A0B5QMJ7,3,G3DSA:2.60.40.10
A0A0B5QMJ7,4,PF02839
A0A0B6A5R3,1,PF01476
A0A0B6A5R3,2,PF01476
A0A0B6AI10,1,PF01476
A0A0B6AI10,2,PF01476
A0A0B6ALY8,3,PF00535
A0A0B6AP06,1,PF01476
A0A0B6AP06,2,PF01476
A0A0B6D4N0,2,PF00041
A0A0B6D4N0,3,SM00495
A0A0B6D4N0,4,PF02839
A0A0B6D4N0,5,PF02839
A0A0B6D4S8,1,SM00495
A0A0B6D4S8,2,PF02839
A0A0B6D4Y4,1,SM00495
A0A0B6D526,1,SM00495
A0A0B6D526,2,PF02839
A0A0B7JIY7,2,G3DSA:2.60.40.10
A0A0B7JIY7,3,PF02839
A0A0B7JIY7,4,PF02839
A0A0B7MM77,1,PS51257
A0A0B8QI29,2,G3DSA:2.60.40.10
A0A0B8QI29,3,PF02839
A0A0B9FPU6,1,PF08329
A0A0B9FPU6,3,PF22352
A0A0B9FPU6,5,SM00495
A0A0B9FPU6,6,PF02839
A0A0B9GEN5,1,SM00495
A0A0B9GEN5,2,PF17957
A0A0B9GEN5,3,PF17957
A0A0B9GEN5,4,SM00495
A0A0B9GEN5,5,PF17957
A0A0B9GEN5,6,PF17957
A0A0B9GL88,3,PF02839
A0A0B9GL88,4,PF02839
A0A0B9H244,3,PF02839
A0A0C1DN16,3,PF00535
A0A0C1FRX4,3,PF00535
A0A0C1MEN8,1,PF08329
A0A0C1MEN8,3,PF22352
A0A0C1MEN8,4,PF22352
A0A0C1MEN8,5,SM00495
A0A0C1MEN8,6,SM00495
A0A0C1MUA7,1,SM00495
A0A0C1MUA7,2,PF17957
A0A0C1MUA7,3,PF17957
A0A0C1MUA7,4,SM00495
A0A0C1MUA7,5,PF17957
A0A0C1MUA7,6,PF17957
A0A0C1Q8W4,1,PF08329
A0A0C1Q8W4,3,G3DSA:2.60.40.10
A0A0C1Q8W4,4,G3DSA:2.60.40.10
A0A0C1Q8W4,5,PF02839
A0A0C1QA67,1,SM00495
A0A0C1QA67,2,PF17957
A0A0C1QAL2,1,SM00495
A0A0C1QAL2,2,PF17957
A0A0C1QAL2,3,G3DSA:2.60.40.10
A0A0C1QAL2,5,SM00495
A0A0C1QMN4,1,PF08329
A0A0C1QMN4,3,G3DSA:2.60.40.10
A0A0C1QMN4,4,PF02839
A0A0C1QMN4,5,PF02839
A0A0C1TYV2,6,PF02839
A0A0C1W681,1,G3DSA:2.60.40.10
A0A0C1W681,2,PF17957
A0A0C1W681,3,PF17957
A0A0C1W681,4,PF17957
A0A0C1XIF7,1,PF00553
A0A0C1XNW4,1,PS51318
A0A0C1XX71,2,PF02018
A0A0C1Z304,1,PS51257
A0A0C1Z304,2,PF02839
A0A0C1Z304,3,PF17957
A0A0C1Z304,4,PF17957
A0A0C1Z521,1,PF02839
A0A0C1Z521,2,PF17957
A0A0C1Z521,3,PF17957
A0A0C1Z521,4,SM00495
A0A0C1Z521,5,PF17957
A0A0C1Z521,6,PF17957
A0A0C1Z6H7,1,PF08329
A0A0C1Z6H7,3,PF22352
A0A0C1Z6H7,5,PF02839
A0A0C2B937,1,PS51318
A0A0C2B937,2,PF02018
A0A0C2B937,3,PF00041
A0A0C2BGZ5,1,PF00553
A0A0C2BGZ5,2,PF00041
A0A0C2EER6,1,SM00495
A0A0C2EER6,2,SM00495
A0A0C2EER6,3,SM00495
A0A0C2EER6,4,SM00495
A0A0C2EER6,5,SM00495
A0A0C2EER6,6,PF02839
A0A0C2EER6,7,SM00495
A0A0C2FDL6,1,PF00553
A0A0C2JCV7,1,PF00553
A0A0C2JCV7,2,PF00041
A0A0C2K822,2,PF02839
A0A0C2K822,4,SM00495
A0A0C2NQR2,3,G3DSA:2.60.40.10
A0A0C2NQR2,4,PF02839
A0A0C2NQR2,5,PF02839
A0A0C2RH29,1,PF01476
A0A0C2RH29,2,PF01476
A0A0C2RQV5,1,PF01476
A0A0C2RQV5,2,PF01476
A0A0C2V0V5,1,PF01476
A0A0C2V0V5,2,PF01476
A0A0C2W9B9,1,PF01476
A0A0C2W9B9,2,PF01476
A0A0C2WAZ5,1,PF01476
A0A0C2WAZ5,2,PF01476
A0A0C3DIP8,1,PF08329
A0A0C3DIP8,3,PF22352
A0A0C3DIP8,5,PF02839
A0A0C3DLI6,1,PS51257
A0A0C3DLI6,2,PF02839
A0A0C3DLI6,3,PF17957
A0A0C3DLI6,4,PF17957
A0A0C5C9A1,1,PF01476
A0A0C5C9A1,2,PF01476
A0A0C5CB78,1,PF01476
A0A0C5CB78,2,PF01476
A0A0C5CB78,3,PF01476
A0A0C5EIC3,2,PF00041
A0A0C5EIC3,3,PF02839
A0A0C5FRE7,1,PF02018
A0A0C5FRE7,2,PF00041
A0A0C5FTU1,3,PF02839
A0A0C5FU68,1,PF02018
A0A0C5FU68,2,PF00041
A0A0C5G6D7,1,PF00553
A0A0C5G6D7,2,PF00041
A0A0C5W174,3,PF02839
A0A0C5WEE2,1,PF08329
A0A0C5WEE2,3,PF22352
A0A0C5WEE2,5,PF02839
A0A0C5WEE2,6,PF02839
A0A0C5WMH6,3,G3DSA:2.60.40.10
A0A0C5WMH6,4,PF02839
A0A0C5WMH6,5,PF02839
A0A0C5WQ31,1,SM00495
A0A0C5WQ31,2,PF17957
A0A0C5WQ31,3,PF17957
A0A0C5WQ31,4,SM00495
A0A0C5WQ31,5,PF17957
A0A0C5WQ31,6,PF17957
A0A0D0EEB6,1,PS51257
A0A0D0EZV0,2,SM00495
A0A0D0F1T7,3,PF00535
A0A0D0F7Y4,1,PS51257
A0A0D0GJC6,1,PS51257
A0A0D0GJC6,4,PF00535
A0A0D0H8K7,1,PF02839
A0A0D0N632,1,PS51318
A0A0D0N632,3,PF02018
A0A0D0N740,2,SM00495
A0A0D0N9V5,2,PF02018
A0A0D0NRC8,1,PF02018
A0A0D0NRC8,2,PF00041
A0A0D0NS56,2,SM00495
A0A0D0PI98,1,PF02018
A0A0D0PNI5,1,PF02018
A0A0D0PSU5,1,PF02018
A0A0D0PSY9,1,PF02018
A0A0D0PSY9,2,PF00041
A0A0D0Q5G9,1,PF00553
A0A0D0Q5G9,2,PF00041
A0A0D0Q7V6,1,PF00553
A0A0D0Q7V6,2,PF00041
A0A0D0SJG2,1,PF08239
A0A0D0UPJ5,1,PF00553
A0A0D0UWX0,1,PF00553
A0A0D0UWX0,2,PF00041
A0A0D0WX37,1,PF00553
A0A0D0ZX68,1,PF01476
A0A0D0ZX68,2,PF01476
A0A0D0ZX68,3,PF08239
A0A0D1A1G7,2,G3DSA:2.60.40.10
A0A0D1A1G7,3,G3DSA:2.60.40.10
A0A0D1A1G7,4,PF08329
A0A0D1BTK9,2,PF02839
A0A0D1BTK9,3,PF02839
A0A0D1KVE2,1,PF01476
A0A0D1KVE2,2,PF01476
A0A0D1UTA4,1,PF00395
A0A0D1UTA4,2,PF00395
A0A0D1UTA4,3,PF00395
A0A0D3QSW7,1,PF08329
A0A0D3V8Z7,1,PF07833
A0A0D3VC75,3,PF00041
A0A0D3VC75,4,PF02839
A0A0D3VC75,5,PF00041
A0A0D3VC75,6,PF02839
A0A0D3VDE1,1,PF07833
A0A0D3VF06,1,PF02839
A0A0D3VF06,2,PF00041
A0A0D3VH16,1,PF00395
A0A0D3VH16,2,PF00395
A0A0D3VH16,3,PF00395
A0A0D3VHD0,2,PF00041
A0A0D3VHD0,3,PF02839
A0A0D3VIC6,1,G3DSA:2.60.40.10
A0A0D3VIC6,2,PF00041
A0A0D3VIC6,4,PF00041
A0A0D3VIC6,5,PF00395
A0A0D3VIC6,6,PF00395
A0A0D3VIC6,7,PF00395
A0A0D4D5C0,1,PF00553
A0A0D5NNT7,1,PF07833
A0A0D5NRC0,1,PF00395
A0A0D5NRC0,2,PF00395
A0A0D5NRC0,3,PF00395
A0A0D5Y287,2,PF00041
A0A0D5Y287,3,PF02839
A0A0D6HLQ3,2,G3DSA:2.60.40.10
A0A0D6Z6Y8,1,PF01476
A0A0D6Z6Y8,2,PF01476
A0A0D6ZE51,1,PF01476
A0A0D6ZE51,2,PF01476
A0A0D7KHC0,1,PS51318
A0A0D7KHC0,3,PF00041
A0A0D7KHC0,4,PF02839
A0A0D7KHK8,1,PF07833
A0A0D7KHK8,2,PF08239
A0A0D7KL19,1,PF00395
A0A0D7KL19,2,PF00395
A0A0D7KL19,3,PF00395
A0A0D7KP18,7,PF02839
A0A0D7KPX6,1,PF02839
A0A0D7KPX6,2,PF00041
A0A0D7KSE6,1,PF02839
A0A0D7KSE6,2,PF00041
A0A0D7KSE6,3,PF00041
A0A0D7KU04,1,PF07833
A0A0D7WXK1,1,PS51257
A0A0D7WXK1,2,PF00395
A0A0D7WXK1,3,PF00395
A0A0D7WXK1,4,PF00395
A0A0D7WYC1,1,PF07833
A0A0D7X716,1,PF07833
A0A0D8BS13,1,PF01476
A0A0D8BS13,2,PF01476
A0A0D8BXV6,1,PF01476
A0A0D8BXV6,2,PF01476
A0A0D8BXV6,3,PF01476
A0A0D8IAL2,1,PF00395
A0A0D8IAL2,2,PF00395
A0A0D8IAL2,3,PF00395
A0A0D8J798,1,PS51257
A0A0E0T776,1,PF01476
A0A0E0T776,2,PF01476
A0A0E0TCK5,1,PF01476
A0A0E0TCK5,2,PF01476
A0A0E0TDQ4,1,PF01476
A0A0E0TDQ4,2,PF01476
A0A0E0TDQ4,3,PF01476
A0A0E0USP5,3,PF00041
A0A0E0USP5,4,PF02839
A0A0E1LCK9,1,SM00495
A0A0E1LCK9,2,SM00495
A0A0E1LCK9,3,SM00495
A0A0E1LCK9,4,SM00495
A0A0E1LCK9,5,SM00495
A0A0E1LCK9,6,PF02839
A0A0E1LCK9,7,SM00495
A0A0E1MGE4,1,PF01476
A0A0E1MGE4,2,PF01476
A0A0E2AZC4,1,PS51257
A0A0E2H4H7,1,PF01476
A0A0E2KZR4,1,SM00495
A0A0E2KZR4,2,SM00495
A0A0E2KZR4,3,SM00495
A0A0E2KZR4,4,SM00495
A0A0E2KZR4,5,SM00495
A0A0E2KZR4,6,PF02839
A0A0E2KZR4,7,SM00495
A0A0E3JWN3,1,PF00041
A0A0E3JYI4,1,PF01476
A0A0E3JYI4,2,PF01476
A0A0E3LP35,1,PS51257
A0A0E3Q3U5,1,PS51257
A0A0E3QBE0,1,PS51257
A0A0E3R6J0,1,PS51257
A0A0E4CW32,1,PF07833
A0A0E4CYW0,3,PF02839
A0A0E4CYW0,4,PF02839
A0A0E4H6X5,1,PF01476
A0A0E4H6X5,2,PF01476
A0A0E4HD95,2,PF02839
A0A0E4HD95,3,PF02839
A0A0E4HDR3,1,PF07833
A0A0E9MRF8,3,PF00535
A0A0E9MV25,1,PS51257
A0A0F0CC41,1,PF08239
A0A0F0CCS6,1,PF01476
A0A0F0GCZ2,2,PF02839
A0A0F0GQ33,2,PF02839
A0A0F0GSW3,1,PS51318
A0A0F0GT16,2,PF02839
A0A0F0GTN0,2,PF02839
A0A0F0GUP3,1,PF02018
A0A0F0GUP3,2,PF00041
A0A0F0H5U7,1,PF00553
A0A0F0H7L5,1,PS51257
A0A0F0H7L5,2,PF02018
A0A0F0HE21,1,PF00553
A0A0F0HE21,2,PF00041
A0A0F0HFS4,1,PF00553
A0A0F0HFS4,2,PF00041
A0A0F0HT99,1,PS51318
A0A0F0HT99,2,PF00553
A0A0F0HTJ3,1,PF02018
A0A0F0HVP1,1,PF02018
A0A0F0HX22,1,PS51318
A0A0F0HX22,3,PF02018
A0A0F0V3Q2,1,PF08329
A0A0F0V3Q2,3,PF22352
A0A0F0V3Q2,4,G3DSA:2.60.40.10
A0A0F0V3Q2,5,PF02839
A0A0F0V3Q2,6,PF02839
A0A0F2H9N4,1,PS51257
A0A0F2H9N4,2,PF02839
A0A0F2H9N4,3,PF17957
A0A0F2H9N4,4,PF17957
A0A0F2H9N4,7,SM00495
A0A0F2HNK5,1,PF08329
A0A0F2HNK5,3,PF22352
A0A0F2HNK5,5,PF02839
A0A0F2I4F1,4,PF02839
A0A0F2I4F1,5,SM00495
A0A0F2JE31,1,PS51257
A0A0F2JPY2,1,PF01476
A0A0F2JPY2,2,PF01476
A0A0F2N2N7,1,PF00395
A0A0F2N2N7,2,PF00395
A0A0F2PMG6,1,PF07833
A0A0F2PPZ3,1,PF07833
A0A0F2Q4D7,2,PF00395
A0A0F2Q4D7,3,PF00395
A0A0F2Q4D7,4,PF00395
A0A0F2Q5W6,1,PF07833
A0A0F2Q6E6,1,PF07833
A0A0F2S636,1,PS51257
A0A0F2SBL5,1,PF01476
A0A0F2SBL5,2,PF01476
A0A0F2T5V7,1,PF02018
A0A0F2T5V7,2,PF00041
A0A0F2T6N3,2,SM00495
A0A0F2T9A4,2,SM00495
A0A0F2TET0,1,PF02018
A0A0F2TEX1,1,PS51318
A0A0F2TEX1,2,PF02018
A0A0F2TFP6,1,PF02018
A0A0F2THR5,2,PF02018
A0A0F3GTD6,1,PS51257
A0A0F4IWE9,2,PF02839
A0A0F4IXG1,2,PF02018
A0A0F4J510,1,PF02018
A0A0F4J510,2,PF00041
A0A0F4JA87,1,PS51318
A0A0F4JA87,2,PF00553
A0A0F4JA87,3,PF00041
A0A0F4NNQ7,1,PF08329
A0A0F4NNQ7,3,PF22352
A0A0F4NNQ7,5,PF02839
A0A0F4PM55,1,SM00495
A0A0F4PM55,2,PF17957
A0A0F4PM55,3,G3DSA:2.60.40.10
A0A0F4PQG2,1,PF08329
A0A0F4PQG2,3,G3DSA:2.60.40.10
A0A0F4PQG2,5,PF02839
A0A0F4PQG2,6,PF02839
A0A0F4PVF5,1,SM00495
A0A0F4PVF5,2,PF17957
A0A0F4PVF5,3,PF17957
A0A0F4PVF5,4,SM00495
A0A0F4PVF5,5,PF17957
A0A0F4PVF5,6,PF17957
A0A0F4QEV9,1,SM00495
A0A0F4QEV9,2,PF17957
A0A0F4QEV9,3,PF17957
A0A0F4QEV9,4,SM00495
A0A0F4QEV9,5,PF17957
A0A0F4QEV9,6,PF17957
A0A0F4QMJ4,1,PF08329
A0A0F4QMJ4,3,G3DSA:2.60.40.10
A0A0F4QMJ4,5,PF02839
A0A0F4QMR2,1,SM00495
A0A0F4QMR2,2,PF17957
A0A0F4QMR2,3,G3DSA:2.60.40.10
A0A0F4QMR2,5,SM00495
A0A0F4QZ70,1,PF02839
A0A0F4QZ70,2,PF17957
A0A0F4QZP9,1,SM00495
A0A0F4QZP9,2,PF17957
A0A0F4R071,1,PF08329
A0A0F4R071,3,G3DSA:2.60.40.10
A0A0F4R071,4,G3DSA:2.60.40.10
A0A0F4R071,5,PF02839
A0A0F4R071,6,PF02839
A0A0F5AQY0,1,PF08329
A0A0F5AQY0,3,PF22352
A0A0F5AQY0,5,PF02839
A0A0F5AQY0,6,PF02839
A0A0F5ASN4,1,SM00495
A0A0F5I3Q3,3,PF00535
A0A0F5I829,1,PF01476
A0A0F5I829,2,PF01476
A0A0F5IBL1,1,PF01476
A0A0F5IBL1,2,PF01476
A0A0F5ID81,1,PF01476
A0A0F5ID81,2,PF01476
A0A0F5R625,1,PF02839
A0A0F5R9K9,1,PF00395
A0A0F5R9K9,2,PF00395
A0A0F5R9K9,3,PF00395
A0A0F5RA88,2,PF02839
A0A0F5RA88,3,PF02839
A0A0F5RAH8,1,PF07833
A0A0F5RAQ7,1,PF07833
A0A0F5RAQ7,2,PF08239
A0A0F5RBZ0,1,PF02839
A0A0F5VDU3,1,SM00495
A0A0F5VDU3,2,PF17957
A0A0F5VDU3,3,PF17957
A0A0F5VDU3,4,SM00495
A0A0F5VDU3,5,PF17957
A0A0F5VDU3,6,PF17957
A0A0F5VFI2,1,PS51257
A0A0F5VG93,1,PF08329
A0A0F5VG93,3,PF22352
A0A0F5VG93,6,PF02839
A0A0F5VIB1,2,PF02839
A0A0F5VIB1,3,SM00495
A0A0F5VNU3,1,PF00553
A0A0F5VNU3,2,PF00041
A0A0F5VR87,1,PS51318
A0A0F5VR87,2,PF02018
A0A0F5VR87,3,PF00041
A0A0F5W6V7,1,PS51318
A0A0F5W6V7,2,PF02018
A0A0F5W6V7,3,PF00041
A0A0F5ZTY5,2,PF02839
A0A0F5ZTY5,3,PF02839
A0A0F5ZTZ7,1,PS51257
A0A0F5ZTZ7,2,SM00495
A0A0F5ZTZ7,3,PF17957
A0A0F5ZTZ7,4,PF17957
A0A0F5ZXX0,1,PF08329
A0A0F5ZXX0,3,PF22352
A0A0F5ZXX0,5,PF02839
A0A0F5ZZ61,1,PF02839
A0A0F5ZZ61,2,PF17957
A0A0F5ZZ61,3,PF17957
A0A0F5ZZ61,4,SM00495
A0A0F5ZZ61,5,PF17957
A0A0F5ZZ61,6,PF17957
A0A0F6A4X9,1,SM00495
A0A0F6A4X9,2,PF17957
A0A0F6A4X9,3,G3DSA:2.60.40.10
A0A0F6A4X9,5,SM00495
A0A0F6A587,1,PF08329
A0A0F6A587,3,G3DSA:2.60.40.10
A0A0F6A587,4,G3DSA:2.60.40.10
A0A0F6A587,5,PF02839
A0A0F6AAE4,1,SM00495
A0A0F6AAE4,2,PF17957
A0A0F6AAG1,1,PF08329
A0A0F6AAG1,3,G3DSA:2.60.40.10
A0A0F6AAG1,4,PF02839
A0A0F6AAG1,5,PF02839
A0A0F6ACA3,1,PF08329
A0A0F6ACA3,3,PF22352
A0A0F6ACA3,4,PF22352
A0A0F6ACA3,5,SM00495
A0A0F6ACA3,6,SM00495
A0A0F6ADT8,2,SM00495
A0A0F6AFV3,1,SM00495
A0A0F6AFV3,2,PF17957
A0A0F6AFV3,3,PF17957
A0A0F6AFV3,4,SM00495
A0A0F6AFV3,5,PF17957
A0A0F6AFV3,6,PF17957
A0A0F6AG35,1,PF02839
A0A0F6AG35,2,PF17957
A0A0F6AWD8,2,G3DSA:2.60.40.10
A0A0F6NB08,2,PF00041
A0A0F6NB08,3,PF00553
A0A0F6NWE3,2,PF00041
A0A0F6NWE3,3,PF02839
A0A0F6PM95,1,PF02839
A0A0F6TU13,1,PF08329
A0A0F6TU13,3,PF22352
A0A0F6TU13,5,PF02839
A0A0F6TU13,6,PF02839
A0A0F6XZ60,1,PF07833
A0A0F7BZ71,1,PF07833
A0A0F7BZ71,2,PF08239
A0A0F7BZE3,1,PS51257
A0A0F7C1P6,2,PF00553
A0A0F7C1Q0,1,PF01476
A0A0F7C1Q0,2,PF01476
A0A0F7F933,1,PF07833
A0A0F7FGD6,1,PF07833
A0A0F7LPW7,2,PF02839
A0A0F7N8Q5,1,PF00553
A0A0F7N8Q5,2,PF00041
A0A0F7NCR5,1,PF02018
A0A0F7NCR5,2,PF00041
A0A0F7NDD9,1,PF00553
A0A0F7NDD9,2,PF00041
A0A0F7VPG4,1,PF00553
A0A0F7VPG4,2,PF00041
A0A0F7VQN6,1,PF02018
A0A0F7VQN6,2,PF00041
A0A0F7W2Y6,3,PF02839
A0A0G1FEY9,2,SM00495
A0A0G1FEY9,3,SM00495
A0A0G1JMH0,2,SM00495
A0A0G1JMH0,3,SM00495
A0A0G1KI81,2,SM00495
A0A0G1KI81,3,SM00495
A0A0G1LCA9,3,PF00535
A0A0G1NWQ6,3,PF00535
A0A0G1RBX9,3,PF00535
A0A0G1SB31,2,PF17957
A0A0G1SB31,4,PF17957
A0A0G1SB31,5,PF17957
A0A0G1VKK1,3,PF00535
A0A0G2QUN1,2,PF00041
A0A0G2QUN1,3,PF02839
A0A0G2UHE9,2,PF00041
A0A0G2UHE9,3,PF02839
A0A0G3BBN0,1,PF02839
A0A0G3BJ57,1,PF02839
A0A0G3BKZ8,1,SM00495
A0A0G3BKZ8,2,PF00041
A0A0G3BSI2,1,PF02839
A0A0G3CGT1,1,PS51257
A0A0G3M3L6,3,PF00535
A0A0G3SSG7,1,PF08329
A0A0G3UET3,1,PF00553
A0A0G3UK46,2,PF02839
A0A0G3UYZ4,1,PF00553
A0A0G3UYZ4,2,PF00041
A0A0G3W854,1,PF07833
A0A0G8C2L1,2,PF00041
A0A0G8C2L1,3,PF00553
A0A0G8CGL8,1,PF01476
A0A0G8CGL8,2,PF01476
A0A0G8DLN8,1,PF01476
A0A0G8DLN8,2,PF01476
A0A0G8F271,3,PF00535
A0A0G8F3X8,1,PF01476
A0A0G8F3X8,2,PF01476
A0A0G8FAK8,2,PF00041
A0A0G8FAK8,3,PF00553
A0A0G9LFB8,3,PF02839
A0A0G9LFQ1,4,PF02839
A0A0G9LG49,2,G3DSA:2.60.40.10
A0A0G9LG49,3,PF02839
A0A0H1AS39,1,SM00495
A0A0H1AS39,2,PF17957
A0A0H1AS39,3,PF00041
A0A0H2KHZ6,1,PF00041
A0A0H2KJX3,2,PF02839
A0A0H2KNW6,1,PS51318
A0A0H2KNW6,3,PF02839
A0A0H2KNW6,4,PF02839
A0A0H2KNZ4,1,PF02839
A0A0H2KNZ4,3,PF02839
A0A0H2KP10,2,SM00495
A0A0H2KP81,2,PF02839
A0A0H2KP81,3,PF02839
A0A0H2KT24,1,PF02839
A0A0H2KWY1,2,PF02839
A0A0H2KWY1,3,PF02839
A0A0H2KYX9,1,PF02018
A0A0H2KYX9,2,PF00041
A0A0H2MME1,1,PS51257
A0A0H2MME1,2,PF02839
A0A0H2MME1,3,PF17957
A0A0H2MME1,4,PF17957
A0A0H2MME1,7,SM00495
A0A0H2MWR4,1,PF08329
A0A0H2MWR4,3,PF22352
A0A0H2MWR4,5,PF02839
A0A0H2VD17,1,SM00495
A0A0H2VD17,2,SM00495
A0A0H2VD17,3,SM00495
A0A0H2VD17,4,SM00495
A0A0H2VD17,5,SM00495
A0A0H2VD17,6,PF02839
A0A0H2VD17,7,SM00495
A0A0H2X6V3,1,PS51257
A0A0H2Z3S5,1,SM00495
A0A0H2Z3S5,2,SM00495
A0A0H2Z3S5,3,SM00495
A0A0H2Z3S5,4,SM00495
A0A0H2Z3S5,5,SM00495
A0A0H2Z3S5,6,PF02839
A0A0H2Z3S5,7,SM00495
A0A0H2ZAZ1,2,PF00041
A0A0H2ZAZ1,3,PF02839
A0A0H3AEY2,1,PF08329
A0A0H3AEY2,3,PF22352
A0A0H3AEY2,6,PF02839
A0A0H3AFN3,1,PS51257
A0A0H3AFN3,2,PF02839
A0A0H3AFN3,3,PF17957
A0A0H3AFN3,4,PF17957
A0A0H3AFN3,7,SM00495
A0A0H3AMF0,1,SM00495
A0A0H3AMF0,3,PF17957
A0A0H3AMF0,5,PF17957
A0A0H3AMF0,6,SM00495
A0A0H3AMF0,7,PF17957
A0A0H3AMF0,8,PF17957
A0A0H3AXZ3,2,PF00041
A0A0H3AXZ3,3,PF02839
A0A0H3BPM5,2,G3DSA:2.60.40.10
A0A0H3CMB9,1,PF08329
A0A0H3CMB9,3,PF22352
A0A0H3CMB9,5,PF02839
A0A0H3CMB9,6,PF02839
A0A0H3CVN4,1,PF00553
A0A0H3CXP7,1,PF00553
A0A0H3CZ70,1,PF02018
A0A0H3D431,1,PS51318
A0A0H3DAQ2,2,PF02018
A0A0H3DB77,1,PF00553
A0A0H3DB77,2,PF00041
A0A0H3DI07,1,PF02018
A0A0H3DI07,2,PF00041
A0A0H3EPM3,1,SM00495
A0A0H3EPM3,2,SM00495
A0A0H3EPM3,3,SM00495
A0A0H3EPM3,4,SM00495
A0A0H3EPM3,5,SM00495
A0A0H3EPM3,6,PF02839
A0A0H3EPM3,7,SM00495
A0A0H3FDK8,1,PF08329
A0A0H3FDK8,3,PF22352
A0A0H3FDK8,4,G3DSA:2.60.40.10
A0A0H3FDK8,5,PF02839
A0A0H3FDK8,6,SM00495
A0A0H3FGZ0,1,SM00495
A0A0H3FGZ0,2,SM00495
A0A0H3FGZ0,3,SM00495
A0A0H3FGZ0,5,PF22352
A0A0H3FGZ0,6,G3DSA:2.60.40.10
A0A0H3FGZ0,7,SM00495
A0A0H3FJR3,2,G3DSA:2.60.40.10
A0A0H3FJR3,3,PF02839
A0A0H3FRH0,2,G3DSA:2.60.40.10
A0A0H3FYW6,3,PF00535
A0A0H3GCL7,3,PF00041
A0A0H3GCL7,4,PF02839
A0A0H3HBQ9,2,G3DSA:2.60.40.10
A0A0H3HDK2,2,G3DSA:2.60.40.10
A0A0H3I1T6,2,PF22352
A0A0H3I1T6,3,PF22352
A0A0H3I1T6,4,PF02839
A0A0H3I1T6,5,PF02839
A0A0H3I6V6,2,PF00041
A0A0H3I6V6,3,PF02839
A0A0H3I6V6,4,PF02839
A0A0H3J7R6,1,PF01476
A0A0H3J7R6,2,PF01476
A0A0H3N7I6,2,G3DSA:2.60.40.10
A0A0H3UAH7,1,PS51257
A0A0H3YHQ2,1,PF08329
A0A0H3YJ45,2,PF00553
A0A0H4BYA1,1,PF00553
A0A0H4BYA1,2,PF00041
A0A0H4C1H1,1,PF00553
A0A0H4C6M7,1,PF02018
A0A0H4C6M7,2,PF00041
A0A0H4C9G7,1,PS51318
A0A0H4C9G7,2,PF02018
A0A0H4C9G7,3,PF00041
A0A0H4CPE0,2,PF00553
A0A0H4CS66,1,PF02839
A0A0H4CS66,2,PF00041
A0A0H4KE92,1,PF01476
A0A0H4KE92,2,PF01476
A0A0H4KN83,3,PF00535
A0A0H4WYW9,1,PF02839
A0A0H4WYW9,2,PF00041
A0A0H4WZF4,2,PF00041
A0A0H4X0Q3,1,PS51257
A0A0H4X0Q3,2,PF02839
A0A0H4X0Q3,3,PF17957
A0A0H4X2G6,1,PS51257
A0A0H4X2G6,2,PF00041
A0A0H4X7D5,1,PS51257
A0A0H5CJF6,1,PF02839
A0A0H5D360,1,PF02018
A0A0H5DPG7,1,PF00553
A0A0H5DPG7,2,G3DSA:2.60.40.10
A0A0H5DPG7,3,PF00553
A0A0H5DPG7,4,G3DSA:2.60.40.10
A0A0H5SGY8,1,PF01476
A0A0H5SGY8,2,PF01476
A0A0H5SII4,1,PF01476
A0A0H5SII4,2,PF01476
A0A0H5SJI7,1,PF01476
A0A0H5SJI7,2,PF01476
A0A0H5SKS4,1,PF07833
A0A0H5WNU7,1,SM00495
A0A0H5WNU7,3,PF17957
A0A0H5WNU7,5,PF17957
A0A0H5WNU7,6,SM00495
A0A0H5WNU7,7,PF17957
A0A0H5WNU7,8,PF17957
A0A0H6CRP1,1,PF08329
A0A0H6CRP1,3,PF22352
A0A0H6CRP1,6,PF02839
A0A0I9S8G3,1,PS51257
A0A0J0V5W1,1,PF01476
A0A0J0V5W1,2,PF01476
A0A0J0V5W1,3,PF01476
A0A0J0Y1G3,3,PF00535
A0A0J0YD84,3,G3DSA:2.60.40.10
A0A0J0YD84,4,G3DSA:2.60.40.10
A0A0J0YM23,6,PF17957
A0A0J0YM23,7,PF17957
A0A0J0YMR6,1,PS51257
A0A0J0YWA2,1,PF01476
A0A0J0YWA2,2,PF01476
A0A0J1DN43,1,PF08239
A0A0J1FJD8,1,PF01476
A0A0J1FJD8,2,PF01476
A0A0J1FL42,1,PF01476
A0A0J1FQ01,1,PS51257
A0A0J1FUP7,1,PS51257
A0A0J1G728,1,PF01476
A0A0J1GGA3,1,SM00495
A0A0J1GGA3,2,PF17957
A0A0J1GGA3,3,PF17957
A0A0J1GGA3,4,SM00495
A0A0J1GGA3,5,PF17957
A0A0J1GGA3,6,PF17957
A0A0J1GNB3,1,PF17957
A0A0J1GNB3,2,PF17957
A0A0J1GNB3,3,PF17957
A0A0J1GNB3,4,PF17957
A0A0J1GQP5,2,PF02839
A0A0J1GQP5,4,SM00495
A0A0J1GQU1,1,PF08329
A0A0J1GQU1,3,PF22352
A0A0J1GQU1,5,PF02839
A0A0J1H5I1,1,PF02839
A0A0J1H5I1,2,PF17957
A0A0J1H5I1,3,PF17957
A0A0J1HAS5,1,SM00495
A0A0J1HAS5,2,PF17957
A0A0J1HAS5,3,PF17957
A0A0J1HD30,2,PF02839
A0A0J1HD30,4,SM00495
A0A0J1HDA8,1,PF08329
A0A0J1HDA8,3,PF22352
A0A0J1HDA8,4,G3DSA:2.60.40.10
A0A0J1HDA8,5,PF02839
A0A0J1HDW0,4,PF02839
A0A0J1HG79,3,PF02839
A0A0J1HG79,4,PF02839
A0A0J1HJQ2,3,PF00535
A0A0J1HRE6,2,PF00041
A0A0J1HRE6,3,PF00553
A0A0J1HU02,1,PF01476
A0A0J1HU02,2,PF01476
A0A0J1I4H1,1,PF01476
A0A0J1I4H1,2,PF01476
A0A0J1IBL6,1,PS51257
A0A0J1IQ48,1,PF07833
A0A0J1JE16,1,PF08329
A0A0J1JE16,3,PF22352
A0A0J1JE16,5,PF02839
A0A0J1JE16,6,PF02839
A0A0J1JIB2,2,G3DSA:2.60.40.10
A0A0J1JIB2,3,G3DSA:2.60.40.10
A0A0J1JIB2,4,PF02839
A0A0J1JIB2,5,PF02839
A0A0J1JK16,1,PS51257
A0A0J1JK16,2,PF02839
A0A0J1JK16,3,PF17957
A0A0J1JK16,4,PF17957
A0A0J1JPB1,2,G3DSA:2.60.40.10
A0A0J1JPB1,3,G3DSA:2.60.40.10
A0A0J1JPB1,4,PF02839
A0A0J1JPB1,5,PF02839
A0A0J1K328,1,SM00495
A0A0J1K328,2,PF17957
A0A0J1K328,3,PF17957
A0A0J1K328,4,SM00495
A0A0J1K328,5,PF17957
A0A0J1K328,6,PF17957
A0A0J2E115,1,SM00495
A0A0J2E115,2,SM00495
A0A0J2E115,3,SM00495
A0A0J2E115,4,SM00495
A0A0J2E115,5,SM00495
A0A0J2E115,6,PF02839
A0A0J2E115,7,SM00495
A0A0J5GRB4,1,PF01476
A0A0J5GRB4,2,PF01476
A0A0J5S889,1,PF01476
A0A0J5S889,2,PF01476
A0A0J5X265,1,PF08329
A0A0J5X265,3,PF22352
A0A0J5X8Z1,1,PF02839
A0A0J6CUC8,1,PF01476
A0A0J6CUC8,2,PF01476
A0A0J6D5V5,1,PF01476
A0A0J6D5V5,2,PF01476
A0A0J6D5V5,3,PF08239
A0A0J6EB92,1,PF01476
A0A0J6EB92,2,PF01476
A0A0J6G2E8,1,SM00495
A0A0J6G2E8,2,PF17957
A0A0J6G2E8,3,PF00041
A0A0J6KNI3,1,PF02839
A0A0J6L0V3,3,PF00535
A0A0J6LAP9,1,PF01476
A0A0J6LAP9,2,PF01476
A0A0J6NER8,1,SM00495
A0A0J6NKT9,2,PF00041
A0A0J6NKT9,3,PF02839
A0A0J6NLT4,1,SM00495
A0A0J6RCH4,1,PF02839
A0A0J6XNJ2,1,PF00553
A0A0J6XNJ2,2,PF00041
A0A0J6XNU0,2,PF02018
A0A0J6XSA4,1,PF02018
A0A0J6XSA4,2,PF00041
A0A0J6XSV3,2,PF02839
A0A0J6XUM1,1,PF02018
A0A0J6XUM1,2,PF00041
A0A0J6XVC1,2,PF02839
A0A0J7I2L9,3,PF00535
A0A0J7I4L2,3,PF00535
A0A0J7Z682,2,PF02839
A0A0J7Z8G4,1,PF00553
A0A0J7ZBM4,1,PF00553
A0A0J7ZBM4,2,PF00041
A0A0J8BRA9,1,PF02018
A0A0J8BRA9,2,PF00041
A0A0J8DB17,1,PF01476
A0A0J8DB17,2,PF01476
A0A0J8DCC9,1,PF01476
A0A0J8DCC9,2,PF01476
A0A0J8DGF0,1,PF01476
A0A0J8DGF0,2,PF01476
A0A0J8GCR3,3,PF00041
A0A0J8GCR3,4,PF02839
A0A0J8VCX0,2,PF02839
A0A0J8VCX0,4,SM00495
A0A0J8VE98,3,G3DSA:2.60.40.10
A0A0J8VE98,4,PF02839
A0A0J8VE98,5,PF02839
A0A0J8VKL7,1,SM00495
A0A0J8VKL7,2,SM00495
A0A0J8VKL7,3,SM00495
A0A0J8VKL7,5,PF22352
A0A0J8XTT9,1,PS51257
A0A0J8XTT9,2,SM00495
A0A0J8XTT9,3,PF17957
A0A0J8XTT9,4,PF17957
A0A0J8Y6L2,1,PF08329
A0A0J8Y6L2,3,PF22352
A0A0J8Y6L2,4,PF02839
A0A0J8Y6L2,5,SM00495
A0A0J9BW04,1,PF01476
A0A0J9ES36,1,PF08239
A0A0J9FRU7,1,PS51257
A0A0K0H6W8,2,G3DSA:2.60.40.10
A0A0K0ILH1,1,PF01476
A0A0K0ILH1,2,PF01476
A0A0K1EBA3,1,PS51257
A0A0K1EBA3,2,PF02839
A0A0K1ENQ2,1,PS51257
A0A0K1ENQ2,2,PF02839
A0A0K1K704,1,PS51257
A0A0K1P6P3,1,PS51257
A0A0K1W1P2,1,PS51257
A0A0K2ARX7,1,PF00553
A0A0K2AXU5,1,PF02018
A0A0K2AXU5,2,PF00041
A0A0K2AZB2,1,PF00553
A0A0K2AZB2,2,PF00041
A0A0K2AZJ2,1,PS51318
A0A0K2AZJ2,2,PF02018
A0A0K2AZJ2,3,PF00041
A0A0K2JLP3,2,PF00041
A0A0K2JLP3,3,PF00553
A0A0K2SMR9,1,PF08239
A0A0K3AVL2,1,PS51318
A0A0K3AXY0,1,PF00553
A0A0K3AXY0,2,PF00041
A0A0K3AYL1,1,PF00553
A0A0K3AYL1,2,PF00041
A0A0K3B2B6,2,PF02839
A0A0K3B4G9,2,PF02018
A0A0K3B4P1,1,PF02018
A0A0K3B4P1,2,PF00041
A0A0K3BCK3,1,PF00041
A0A0K3BLU8,1,PF00553
A0A0K3BMS8,1,PF02018
A0A0K3BMS8,2,PF00041
A0A0K6BYB7,1,PS51257
A0A0K8J2W4,1,PF01476
A0A0K8J2W4,2,PF01476
A0A0K8J3N3,1,PF01476
A0A0K8J3N3,2,PF01476
A0A0K8J8U3,1,PF01476
A0A0K8J8U3,2,PF01476
A0A0K8JDT2,1,PS51257
A0A0K8JJE3,1,PS51257
A0A0K8PJD2,1,PF00553
A0A0K8PJD2,2,PF00041
A0A0K9F2D2,1,PS51257
A0A0K9F5Y7,1,PF01476
A0A0K9F5Y7,2,PF01476
A0A0K9F6T8,1,PF01476
A0A0K9F6T8,2,PF01476
A0A0K9F6T8,3,PF01476
A0A0K9GAL0,1,PF01476
A0A0K9GAL0,2,PF01476
A0A0K9GRD3,1,PF01476
A0A0K9GRD3,2,PF01476
A0A0K9GUS1,1,PF01476
A0A0K9GUS1,2,PF01476
A0A0K9GY59,1,PF01476
A0A0K9GY59,2,PF01476
A0A0K9H4H8,1,PF01476
A0A0K9H4H8,2,PF01476
A0A0K9H5M2,1,PF01476
A0A0K9H5M2,2,PF01476
A0A0K9H5M2,3,PF01476
A0A0K9H8J3,1,PF01476
A0A0K9H8J3,2,PF01476
A0A0K9H8J3,3,PF01476
A0A0K9H8K4,1,PF01476
A0A0K9H8K4,2,PF01476
A0A0K9HFF1,1,PF01476
A0A0K9HFF1,2,PF01476
A0A0K9NEM6,1,PF08239
A0A0K9NIE0,1,PF01476
A0A0K9UR19,1,PS51257
A0A0K9UR19,2,PF02839
A0A0K9UR19,3,PF17957
A0A0K9UR19,4,PF17957
A0A0K9UR19,7,SM00495
A0A0K9USD5,1,PF17957
A0A0K9USD5,2,PF17957
A0A0K9UV97,1,PF08329
A0A0K9UV97,3,PF22352
A0A0K9UV97,6,PF02839
A0A0K9V2C5,1,SM00495
A0A0K9V2C5,3,PF17957
A0A0K9V2C5,5,PF17957
A0A0K9V2C5,6,SM00495
A0A0K9V2C5,7,PF17957
A0A0K9V2C5,8,PF17957
A0A0K9XBG2,1,PF00553
A0A0K9XBG2,2,PF00041
A0A0K9XF56,1,PS51318
A0A0K9XF56,2,PF02018
A0A0K9XF56,3,PF00041
A0A0K9XKM1,1,PS51318
A0A0K9XKM1,3,G3DSA:2.60.40.10
A0A0K9XKM1,4,PF02018
A0A0K9YNY1,1,PF01476
A0A0K9YNY1,2,PF01476
A0A0K9YQN3,1,PF00395
A0A0K9YQN3,2,PF00395
A0A0K9YQN3,3,PF00395
A0A0K9Z188,1,PF07833
A0A0L0AFP7,2,G3DSA:2.60.40.10
A0A0L0AFP7,3,SM00495
A0A0L0AH80,2,G3DSA:2.60.40.10
A0A0L0AS32,1,SM00495
A0A0L0AS32,2,PF02839
A0A0L0AS32,3,SM00495
A0A0L0AS32,4,SM00495
A0A0L0GH33,2,PF02839
A0A0L0QSH1,1,PF01476
A0A0L0QSH1,2,PF01476
A0A0L0WA05,2,G3DSA:2.60.40.10
A0A0L0WA05,4,G3DSA:2.60.40.10
A0A0L0WA05,5,PF02839
A0A0L0WA05,6,PF02839
A0A0L0WEJ3,2,PF00395
A0A0L0WEJ3,3,PF00395
A0A0L0WEJ3,4,PF00395
A0A0L6HXB5,1,PS51318
A0A0L6JLC0,1,PF01476
A0A0L6JSS5,1,PF07833
A0A0L6JUC3,1,PF01476
A0A0L6JUC3,3,PF07833
A0A0L6W6G5,1,PF01476
A0A0L6W6G5,2,PF01476
A0A0L6ZCD8,1,PF01476
A0A0L6ZCD8,2,PF01476
A0A0L7TAB1,1,PS51257
A0A0L7TAB1,3,PF00041
A0A0L8A5C1,1,SM00495
A0A0L8A5C1,2,PF17957
A0A0L8A5C1,3,PF00041
A0A0L8JQX5,2,PF02839
A0A0L8JQZ1,1,PF00553
A0A0L8KFE1,1,PF00553
A0A0L8KFE1,2,PF00041
A0A0L8KWL2,1,PF02018
A0A0L8KWL2,2,PF00041
A0A0L8L3Z3,1,PF02018
A0A0L8L3Z3,2,PF00041
A0A0L8L8K7,1,PF00553
A0A0L8L8K7,2,PF00041
A0A0L8LBF3,1,PF02018
A0A0L8LBF3,2,PF00041
A0A0L8LDA4,2,PF02839
A0A0L8M115,1,PF02018
A0A0L8M115,2,PF00041
A0A0L8M848,1,PS51318
A0A0L8M848,2,PF00553
A0A0L8M848,3,PF00041
A0A0L8MHV4,1,PF00553
A0A0L8MP02,2,PF02839
A0A0L8MS44,1,PF02018
A0A0L8MS44,2,PF00041
A0A0L8MZR0,2,PF02839
A0A0M0F1X2,1,PF02839
A0A0M0F1X2,3,PF02839
A0A0M0F2S3,2,PF02839
A0A0M0F2S3,3,PF02839
A0A0M0F307,1,PS51318
A0A0M0F307,3,PF02839
A0A0M0F307,4,PF02839
A0A0M0F6U3,1,PF02839
A0A0M0F7A3,2,PF02839
A0A0M0F7A3,3,PF02839
A0A0M0F8L4,1,PF02018
A0A0M0F8L4,2,PF00041
A0A0M0FDQ7,2,PF02839
A0A0M0G902,1,PF01476
A0A0M0G902,2,PF01476
A0A0M0GEZ9,1,PF01476
A0A0M0GEZ9,2,PF01476
A0A0M0GGI5,1,PF07833
A0A0M0GLD5,3,PF00535
A0A0M0GMN6,1,PF01476
A0A0M0GMN6,2,PF01476
A0A0M0HMF6,1,PF08329
A0A0M0HMF6,3,PF22352
A0A0M0HMF6,5,PF02839
A0A0M0HRT5,1,PS51257
A0A0M0HRT5,2,PF02839
A0A0M0HRT5,3,PF17957
A0A0M0HRT5,4,PF17957
A0A0M0HRT5,7,SM00495
A0A0M0I0C1,1,PF08329
A0A0M0I0C1,3,PF22352
A0A0M0I4C6,1,PS51257
A0A0M0I4C6,2,PF02839
A0A0M0I4C6,3,PF17957
A0A0M0I4C6,4,PF17957
A0A0M0I4C6,7,SM00495
A0A0M0KDA9,2,PF00041
A0A0M0KDA9,3,PF02839
A0A0M0KJD2,1,PF01476
A0A0M0KJD2,2,PF01476
A0A0M0KVR0,1,PF01476
A0A0M0KVR0,2,PF01476
A0A0M0L761,1,PF01476
A0A0M0L761,2,PF01476
A0A0M0LB29,1,PF01476
A0A0M0LK02,1,PF01476
A0A0M0LK02,2,PF01476
A0A0M0QQN2,2,G3DSA:2.60.40.10
A0A0M0WE44,1,PF01476
A0A0M0WE44,2,PF01476
A0A0M0WFN8,1,PF01476
A0A0M0WFN8,2,PF01476
A0A0M0WFN8,3,PF01476
A0A0M1IX36,1,PF01476
A0A0M1IX36,2,PF01476
A0A0M1IX36,3,PF08239
A0A0M1IX62,2,PF02839
A0A0M1IX62,3,PF02839
A0A0M1IY55,2,G3DSA:2.60.40.10
A0A0M1IY55,3,PF02839
A0A0M1J2G5,2,G3DSA:2.60.40.10
A0A0M1J2G5,3,G3DSA:2.60.40.10
A0A0M1J2G5,4,PF08329
A0A0M1NIW3,1,PF07833
A0A0M1NIW3,2,PF08239
A0A0M1NIW4,1,G3DSA:2.60.40.10
A0A0M1NIW4,2,G3DSA:2.60.40.10
A0A0M1NIW4,4,PF00041
A0A0M1NIW4,5,PF00395
A0A0M1NIW4,6,PF00395
A0A0M1NIW4,7,PF00395
A0A0M1NIZ9,1,PF02839
A0A0M1NYS1,1,PF01476
A0A0M1NYS1,2,PF01476
A0A0M1P4Y6,2,PF00041
A0A0M1P4Y6,3,PF02839
A0A0M1P669,1,PF07833
A0A0M1P6F6,1,PF00395
A0A0M1P6F6,2,PF00395
A0A0M1P6F6,3,PF00395
A0A0M2GH03,1,PF00553
A0A0M2GH03,2,PF00041
A0A0M2GSF0,1,PS51318
A0A0M2GSF0,2,PF02018
A0A0M2GSF0,3,PF00041
A0A0M2HFG8,2,SM00495
A0A0M2HFG8,3,PF02839
A0A0M2P7N6,3,PF00535
A0A0M2PAI8,1,PF01476
A0A0M2PAI8,2,PF01476
A0A0M2PCZ3,1,PF01476
A0A0M2PCZ3,2,PF01476
A0A0M2PCZ3,3,PF01476
A0A0M2PET9,1,PF01476
A0A0M2PET9,2,PF01476
A0A0M2PET9,3,PF01476
A0A0M2PH17,1,PF01476
A0A0M2PH17,2,PF01476
A0A0M2PIK2,1,PF01476
A0A0M2PIK2,2,PF01476
A0A0M2RTA6,1,PS51318
A0A0M2RTA6,2,PF02839
A0A0M2RY79,1,PF00553
A0A0M2RY79,2,PF00041
A0A0M2S8P9,1,PS51318
A0A0M2S8P9,2,PF00553
A0A0M2SR59,1,PF01476
A0A0M2SR59,2,PF01476
A0A0M2SY07,1,PF01476
A0A0M2SY07,2,PF01476
A0A0M2T5G8,3,PF00535
A0A0M2U0I6,1,PF07833
A0A0M2U0I6,2,PF08239
A0A0M2V2P1,1,PF02839
A0A0M2V377,1,PF08329
A0A0M2V377,2,PF08329
A0A0M2WDS3,1,PF02839
A0A0M2WDS3,2,PF02839
A0A0M2WG89,1,PS51257
A0A0M2WG89,2,PF02839
A0A0M2WT14,1,PS51257
A0A0M2WT14,2,PF02839
A0A0M2XTH7,3,PF00535
A0A0M3QIA6,1,PF02018
A0A0M3QIA6,2,PF00041
A0A0M3QM27,1,PF00553
A0A0M3QM27,2,PF00041
A0A0M3R9E0,1,PS51257
A0A0M3RCT1,1,PF01476
A0A0M3RCT1,2,PF01476
A0A0M3RCT1,3,PF01476
A0A0M3RDW6,3,PF00535
A0A0M3SJ87,1,PS51257
A0A0M3SJ89,1,PS51257
A0A0M4D8C8,1,PS51318
A0A0M4D8C8,3,SM00495
A0A0M4DFA9,2,SM00495
A0A0M4DGW5,1,PF02018
A0A0M4DGW5,2,PF00041
A0A0M4DKQ8,1,PF02018
A0A0M4DKQ8,2,PF00041
A0A0M4DR46,1,PF00553
A0A0M4DR46,2,PF00041
A0A0M4DSG6,1,PF00553
A0A0M4DSG6,2,PF00041
A0A0M4E3Y9,1,PF02018
A0A0M4E3Y9,2,PF00041
A0A0M4E9T5,1,PS51318
A0A0M4E9T5,3,PF02839
A0A0M4FWM3,1,PF01476
A0A0M4FWM3,2,PF01476
A0A0M4G612,1,PF01476
A0A0M4G612,2,PF01476
A0A0M4GAC0,1,PF01476
A0A0M4GAC0,2,PF01476
A0A0M4GII8,1,PF01476
A0A0M4GP89,1,PF01476
A0A0M4GP89,2,PF01476
A0A0M4GP89,3,PF01476
A0A0M4GUJ0,3,PF00535
A0A0M4JIB2,1,PS51257
A0A0M4JWH6,1,PS51257
A0A0M4K3X3,2,PF00041
A0A0M4K3X3,3,PF02839
A0A0M4KCA6,1,PS51257
A0A0M5J1Y1,1,PF00553
A0A0M5JD78,1,PF01476
A0A0M5JD78,2,PF01476
A0A0M6WXH3,1,PF07833
A0A0M8K8Q0,3,PF02839
A0A0M8K8Q0,5,PF02839
A0A0M8PSF5,1,PF01476
A0A0M8PSF5,2,PF01476
A0A0M8PXS9,1,PS51257
A0A0M8Q4X3,1,PF01476
A0A0M8Q4X3,2,PF01476
A0A0M8Q4X3,3,PF01476
A0A0M8QQ75,1,PS51318
A0A0M8QQ75,2,PF02018
A0A0M8QQ75,3,PF00041
A0A0M8QQF8,1,PF00553
A0A0M8QSM9,1,PF00553
A0A0M8QSM9,2,PF00041
A0A0M8RBC7,1,PS51318
A0A0M8RGM1,1,PS51318
A0A0M8RGM1,2,PF02018
A0A0M8RGM1,3,PF00041
A0A0M8RPH7,1,G3DSA:2.60.40.10
A0A0M8RQF3,1,PS51318
A0A0M8RQF3,2,PF00553
A0A0M8RQF3,3,PF00041
A0A0M8SG88,1,PS51318
A0A0M8SG88,3,PF02839
A0A0M8SJC3,1,PS51257
A0A0M8SPB1,1,PF02018
A0A0M8SPB1,2,PF00041
A0A0M8SR58,1,PF02018
A0A0M8SR58,2,PF00041
A0A0M8T2D6,1,PS51318
A0A0M8T2D6,3,PF02839
A0A0M8T2Y0,1,PF02018
A0A0M8T2Y0,2,PF00041
A0A0M8T3V8,1,PS51318
A0A0M8T3V8,3,PF02018
A0A0M8TPU8,2,PF02839
A0A0M8TRC0,1,PF02018
A0A0M8TRC0,2,PF00041
A0A0M8TSQ1,1,PF00553
A0A0M8U1R3,1,PF02018
A0A0M8U1R3,2,PF00041
A0A0M8U4U9,2,PF02839
A0A0M8UCZ5,1,PF02018
A0A0M8UCZ5,2,PF00041
A0A0M8UFN1,2,PF02839
A0A0M8UJY2,1,PF00553
A0A0M8UJY2,2,PF00041
A0A0M8UXU0,1,PF00553
A0A0M8UXU0,2,PF00041
A0A0M8V650,1,PF00553
A0A0M8VB27,1,PF00553
A0A0M8VB27,2,PF00041
A0A0M8VDV6,1,PF02018
A0A0M8VDV6,2,PF00041
A0A0M8VN40,1,PS51318
A0A0M8VN40,3,PF02018
A0A0M8VZ90,1,PF00553
A0A0M8VZ90,2,PF00041
A0A0M8W1W3,1,PF00553
A0A0M8W1W3,2,PF00041
A0A0M8W357,1,PF02018
A0A0M8W357,2,PF00041
A0A0M8W8F1,2,PF02839
A0A0M8WHN5,1,PF02018
A0A0M8WHN5,2,PF00041
A0A0M8WLB7,1,PF00553
A0A0M8WRD5,1,PF02018
A0A0M8WRD5,2,PF00041
A0A0M8WRT9,1,PS51318
A0A0M8WUD8,1,PS51318
A0A0M8WUD8,3,PF02839
A0A0M8WZS8,1,PF00553
A0A0M8X016,2,PF02839
A0A0M8X798,1,PF00553
A0A0M8X798,2,PF00041
A0A0M8XGB5,1,PF00553
A0A0M8XGB5,2,PF00041
A0A0M8XH04,1,PF02018
A0A0M8XH04,2,PF00041
A0A0M8XTV4,1,PF02018
A0A0M8XUW7,1,PF00553
A0A0M8XUW7,2,PF00041
A0A0M8Y8U9,1,PF02018
A0A0M8Y8U9,2,PF00041
A0A0M8YAX5,1,PF00553
A0A0M8YAX5,2,PF00041
A0A0M8YBQ3,2,PF02839
A0A0M8YFL3,2,PF02839
A0A0M8YH95,1,PF00553
A0A0M8YIC1,1,PS51318
A0A0M8YM79,3,PF02839
A0A0M8YP57,1,PF02018
A0A0M8YP57,2,PF00041
A0A0M8YPQ2,1,PF00553
A0A0M8YSL5,2,PF02839
A0A0M8YUT6,2,PF02839
A0A0M8YZ26,1,PS51318
A0A0M8YZB8,1,PF00553
A0A0M8YZB8,2,PF00041
A0A0M8Z4V6,1,PF02018
A0A0M8Z4V6,2,PF00041
A0A0M8Z7R1,1,PF00553
A0A0M8Z7R1,2,PF00041
A0A0M9BML6,2,PF00041
A0A0M9BML6,3,PF02839
A0A0M9BN30,1,PF07833
A0A0M9DJX8,1,PF01476
A0A0M9DJX8,2,PF01476
A0A0M9GPX1,1,PF01476
A0A0M9GPX1,2,PF01476
A0A0M9YEE2,2,PF02839
A0A0M9YQS1,1,PF00553
A0A0M9YS55,1,PF00553
A0A0M9YS55,2,PF00041
A0A0M9YY19,1,PF02018
A0A0M9YY19,2,PF00041
A0A0M9Z454,1,PF00553
A0A0M9ZEX5,1,PF02018
A0A0M9ZEX5,2,PF00041
A0A0M9ZNY0,1,PF02018
A0A0M9ZNY0,2,PF00041
A0A0M9ZPQ1,2,G3DSA:2.60.40.10
A0A0M9ZPQ1,3,PF02018
A0A0M9ZQE1,1,PS51318
A0A0M9ZR23,1,PS51318
A0A0M9ZXS8,1,PF00553
A0A0N0A8A3,1,PF00553
A0A0N0AKC3,2,PF02839
A0A0N0AXQ3,1,PF00553
A0A0N0AXQ3,2,PF00553
A0A0N0AXQ3,3,PF00041
A0A0N0B136,1,PS51318
A0A0N0B136,3,PF02839
A0A0N0C5L7,1,PF00395
A0A0N0C5L7,2,PF00395
A0A0N0C5L7,3,PF00395
A0A0N0GCV9,2,PF00041
A0A0N0GCV9,3,PF02839
A0A0N0GL01,1,PS51257
A0A0N0GL01,3,PF02839
A0A0N0GL01,4,PF02839
A0A0N0GL40,1,PF02839
A0A0N0GL40,2,PF02839
A0A0N0GPS2,1,PF02839
A0A0N0GPS2,2,PF02839
A0A0N0GWH8,1,PS51318
A0A0N0HJH7,1,PF02018
A0A0N0HJH7,2,PF00041
A0A0N0HMC5,1,PF00553
A0A0N0HMC5,2,PF00041
A0A0N0MV99,1,PF00553
A0A0N0MV99,2,PF00041
A0A0N0N9R7,1,PS51318
A0A0N0N9R7,2,PF02018
A0A0N0N9R7,3,PF00041
A0A0N0SFU3,1,PF00553
A0A0N0SFU3,2,PF00041
A0A0N0SJ66,1,PF02018
A0A0N0SJ66,2,PF00041
A0A0N0SKA2,1,PS51318
A0A0N0SKA2,2,PF00553
A0A0N0SKA2,3,PF00041
A0A0N0SVE1,1,PF02018
A0A0N0SVE1,2,PF00041
A0A0N0SW96,2,PF02839
A0A0N0SZ83,1,PF00553
A0A0N0SZ83,2,PF00041
A0A0N0T4N2,1,PF02018
A0A0N0T4N2,2,PF00041
A0A0N0T6G2,1,PS51257
A0A0N0T6G2,2,PF02018
A0A0N0T7Z3,1,PS51318
A0A0N0TCF7,1,PS51318
A0A0N0TCF7,2,PF02018
A0A0N0TCF7,3,PF00041
A0A0N0TM06,1,PF00553
A0A0N0UHA1,1,PF02839
A0A0N0UHA1,2,PF00041
A0A0N0UIN3,1,PF07833
A0A0N0XLI9,1,PF02839
A0A0N0XLS8,1,PF02839
A0A0N0XM48,1,PF02839
A0A0N0XM48,2,PF02839
A0A0N1DWY8,3,PF00535
A0A0N1EQ44,1,SM00495
A0A0N1EQ44,2,PF17957
A0A0N1EQ44,3,G3DSA:2.60.40.10
A0A0N1ES29,1,PF08329
A0A0N1ES29,3,G3DSA:2.60.40.10
A0A0N1ES29,4,PF02839
A0A0N1ES29,5,PF02839
A0A0N1G5K9,1,PF02018
A0A0N1G5K9,2,PF00041
A0A0N1G8A9,1,PS51318
A0A0N1G8A9,2,PF02018
A0A0N1G8A9,3,PF00041
A0A0N1HCF1,1,PF00553
A0A0N1HDD8,1,PF00553
A0A0N1HDD8,2,PF00041
A0A0N1JTV5,1,PF02839
A0A0N1JWR9,1,PS51318
A0A0N1NFR1,1,PF00553
A0A0N1NSS2,1,PS51318
A0A0N1QZX6,2,G3DSA:2.60.40.10
A0A0N6W544,1,PS51318
A0A0N6W544,2,PF02018
A0A0N6W544,3,PF00041
A0A0N6W657,3,PF02839
A0A0N6ZGB1,1,PS51318
A0A0N6ZGB1,3,PF02839
A0A0N6ZIH3,1,PF02018
A0A0N6ZIH3,2,PF00041
A0A0N6ZIR2,1,PF00553
A0A0N6ZIR2,2,PF00041
A0A0N6ZNB5,1,PF00553
A0A0N6ZU47,1,PF00553
A0A0N6ZU47,2,PF00041
A0A0N7A2M5,1,PS51257
A0A0N8GD21,1,PS51257
A0A0N8NT48,1,PF01476
A0A0N8NT48,2,PF01476
A0A0N8PNV6,1,PF01476
A0A0N8QPE1,2,PF00041
A0A0N8QPE1,3,PF02839
A0A0N8T848,2,PF00041
A0A0N8T848,3,PF02839
A0A0N8TCA8,2,PF00041
A0A0N8TCA8,3,PF02839
A0A0N8V9J5,1,PS51257
A0A0N8V9J5,2,PF02839
A0A0N8V9J5,3,PF17957
A0A0N8V9J5,4,PF17957
A0A0N8V9J5,7,SM00495
A0A0N8W3G3,1,PF01476
A0A0N8W3G3,2,PF01476
A0A0N9HZA2,1,PF02018
A0A0N9HZA2,2,PF00041
A0A0N9I0I4,1,PF00553
A0A0N9I0I4,2,PF00041
A0A0N9I1V0,1,PF00553
A0A0N9I3T0,1,PF02018
A0A0N9I3T0,2,PF00041
A0A0N9I9E2,1,PS51318
A0A0N9I9Y9,1,PF00553
A0A0N9I9Y9,2,PF00041
A0A0N9IBM1,2,PF02018
A0A0N9IDF3,2,PF02839
A0A0N9IFE0,1,PS51318
A0A0N9IFE0,2,PF00553
A0A0N9IFE0,3,PF00041
A0A0N9W002,2,PF00041
A0A0N9W002,3,PF02839
A0A0P0F784,1,PS51257
A0A0P0FD35,1,PS51257
A0A0P0GLG0,1,PS51257
A0A0P0GRD5,1,PS51257
A0A0P0GTM7,1,PS51257
A0A0P0NJU5,1,PS51257
A0A0P0NMX5,1,PS51257
A0A0P0UR86,2,PF02839
A0A0P0UR86,3,PF02839
A0A0P0UR86,4,PF02839
A0A0P0YW41,2,G3DSA:2.60.40.10
A0A0P0YW41,3,G3DSA:2.60.40.10
A0A0P0YW41,4,G3DSA:2.60.40.10
A0A0P0YW41,5,G3DSA:2.60.40.10
A0A0P0YW41,6,G3DSA:2.60.40.10
A0A0P0YW41,8,G3DSA:2.60.40.10
A0A0P0YW41,9,G3DSA:2.60.40.10
A0A0P0YW41,12,PF00041
A0A0P1M3K1,1,PS51257
A0A0P1MW15,1,PS51257
A0A0P6VXU8,1,PF01476
A0A0P6VXU8,2,PF01476
A0A0P6W991,1,PF01476
A0A0P6W991,2,PF01476
A0A0P6W991,3,PF01476
A0A0P6XHA3,2,PF02839
A0A0P6XHA3,3,PF02839
A0A0P6YAD7,3,PF02839
A0A0P6YAD7,5,PF02839
A0A0P7D3V0,1,PF08329
A0A0P7D3V0,4,G3DSA:2.60.40.10
A0A0P7D3V0,5,PF02839
A0A0P7D3V0,6,PF02839
A0A0P7DQJ4,1,SM00495
A0A0P7DQJ4,2,PF17957
A0A0P7JLN6,1,PS51257
A0A0P7KLB7,1,PF01476
A0A0P7KLB7,2,PF01476
A0A0P7KMN4,1,PF01476
A0A0P7KMN4,2,PF01476
A0A0P7KMN4,3,PF01476
A0A0P7YMY5,1,PS51257
A0A0P8X5R8,1,PF01476
A0A0P8X5R8,2,PF01476
A0A0P8X5R8,3,PF01476
A0A0P8X6Y4,1,PF01476
A0A0P8X6Y4,2,PF01476
A0A0P9AJ51,1,G3DSA:2.60.40.10
A0A0P9CB87,1,PF01476
A0A0P9CB87,2,PF01476
A0A0P9CCW2,1,PS51257
A0A0P9CDT8,1,PF01476
A0A0P9CDT8,2,PF01476
A0A0P9DAM2,1,PF00395
A0A0P9DAM2,3,PF00395
A0A0P9DBU1,1,PF01476
A0A0P9DBU1,2,PF01476
A0A0P9DBU1,3,PF08239
A0A0P9DWG8,1,PF02839
A0A0P9DWG8,2,PF00041
A0A0P9FP29,1,PF08329
A0A0P9FP29,3,G3DSA:2.60.40.10
A0A0P9FP29,5,PF02839
A0A0P9FP29,6,PF02839
A0A0P9HJA2,1,SM00495
A0A0P9HJA2,2,PF17957
A0A0P9HJA2,3,PF17957
A0A0P9N441,2,PF00041
A0A0P9QWN5,2,PF00041
A0A0P9QWN5,3,PF02839
A0A0P9R6S1,2,PF00041
A0A0P9R6S1,3,PF02839
A0A0P9RUM0,2,PF00041
A0A0P9RUM0,3,PF02839
A0A0P9SQC1,2,PF00041
A0A0P9SQC1,3,PF02839
A0A0P9SVF2,2,PF00041
A0A0P9SVF2,3,PF02839
A0A0P9UCJ7,2,PF00041
A0A0P9UCJ7,3,G3DSA:2.60.40.10
A0A0P9UCJ7,4,PF02839
A0A0P9UIC4,2,PF00041
A0A0P9UIC4,3,PF02839
A0A0P9UKL3,2,PF00041
A0A0P9UKL3,3,PF02839
A0A0P9Y111,2,PF00041
A0A0P9Y111,3,PF02839
A0A0Q0A4M8,2,PF00041
A0A0Q0A4M8,3,PF02839
A0A0Q0CDQ4,2,PF00041
A0A0Q0CDQ4,3,PF02839
A0A0Q0DWF1,2,PF00041
A0A0Q0DWF1,3,PF02839
A0A0Q0E023,2,PF00041
A0A0Q0E023,3,PF02839
A0A0Q0EB68,2,PF00041
A0A0Q0EB68,3,PF02839
A0A0Q0FZ77,1,PF08329
A0A0Q0FZ77,4,G3DSA:2.60.40.10
A0A0Q0FZ77,5,PF02839
A0A0Q0FZ77,6,PF02839
A0A0Q0KG79,1,SM00495
A0A0Q0KG79,2,PF17957
A0A0Q0KG79,3,G3DSA:2.60.40.10
A0A0Q0PZD7,1,PF17957
A0A0Q0PZD7,2,PF17957
A0A0Q0Q217,1,SM00495
A0A0Q0Q217,2,PF17957
A0A0Q0Q217,3,PF17957
A0A0Q0Q217,4,SM00495
A0A0Q0Q217,5,PF17957
A0A0Q0Q217,6,PF17957
A0A0Q0XU68,5,G3DSA:2.60.40.10
A0A0Q0XU68,6,G3DSA:2.60.40.10
A0A0Q0YX70,1,PF01476
A0A0Q0YX70,2,PF01476
A0A0Q0YX70,3,PF01476
A0A0Q0Z5W1,1,PF08329
A0A0Q0Z5W1,3,PF22352
A0A0Q0Z5W1,6,PF02839
A0A0Q1AQ20,2,PF08239
A0A0Q1EN02,1,PF01476
A0A0Q1EN02,2,PF01476
A0A0Q1EZ30,1,PF01476
A0A0Q1EZ30,2,PF01476
A0A0Q2MJ62,1,PF08329
A0A0Q2MJ62,3,PF22352
A0A0Q2MJ62,5,PF02839
A0A0Q2N6M6,1,PS51257
A0A0Q2N6M6,2,PF02839
A0A0Q2N6M6,3,PF17957
A0A0Q2N6M6,4,PF17957
A0A0Q2N6M6,7,SM00495
A0A0Q3QP78,1,PF07833
A0A0Q3RXI1,1,PF01476
A0A0Q3RXI1,2,PF01476
A0A0Q3RXI1,3,PF01476
A0A0Q3TCL7,1,PF01476
A0A0Q3TCL7,2,PF01476
A0A0Q3TWK6,1,PF01476
A0A0Q3TWK6,2,PF01476
A0A0Q3VI14,1,PF01476
A0A0Q3VI14,2,PF01476
A0A0Q3VXZ5,1,PF01476
A0A0Q3W1B8,1,PF01476
A0A0Q3W1B8,2,PF01476
A0A0Q3WTL1,1,PF01476
A0A0Q3WTL1,2,PF01476
A0A0Q3WWJ4,1,PF01476
A0A0Q3WWJ4,2,PF01476
A0A0Q3WWJ4,3,PF01476
A0A0Q3WZV7,1,PF01476
A0A0Q3WZV7,2,PF01476
A0A0Q4GMY8,3,PF00535
A0A0Q4HBT8,1,PF02839
A0A0Q4HBT8,3,PF02839
A0A0Q4L6N0,1,PS51257
A0A0Q4LPM9,3,PF00535
A0A0Q4Q7P2,1,PF07833
A0A0Q4QA27,1,PS51257
A0A0Q4QXX0,1,PF07833
A0A0Q4RR80,1,PF01476
A0A0Q4RR80,2,PF01476
A0A0Q4S254,4,G3DSA:2.60.40.10
A0A0Q4S254,5,G3DSA:2.60.40.10
A0A0Q4TVH0,1,PS51257
A0A0Q4UQL3,1,PS51318
A0A0Q5CH70,1,PS51257
A0A0Q5EF86,2,G3DSA:2.60.40.10
A0A0Q5EF86,3,PF02839
A0A0Q5IK34,1,PF17957
A0A0Q5J0C4,1,PF00553
A0A0Q5J490,1,PS51257
A0A0Q5M9Z8,1,PF00553
A0A0Q5M9Z8,2,PF00553
A0A0Q5NJF6,3,PF00535
A0A0Q5P3E5,1,PS51318
A0A0Q5SHF4,1,PS51257
A0A0Q5SNN2,1,PS51257
A0A0Q5TD19,1,PS51257
A0A0Q5TXL5,3,PF00535
A0A0Q6AKF1,3,PF00535
A0A0Q6B414,1,PS51257
A0A0Q6K2Y7,3,PF00535
A0A0Q6L9J7,1,PS51257
A0A0Q6L9V2,1,PF02839
A0A0Q6L9V2,2,PF02839
A0A0Q6MD47,1,PF02839
A0A0Q6MD47,2,PF02839
A0A0Q6ME22,3,PF02839
A0A0Q6ML97,1,SM00495
A0A0Q6T0L3,1,PF02839
A0A0Q6UZ65,2,PF02839
A0A0Q6WII7,1,PS51257
A0A0Q6WII7,2,PF02839
A0A0Q6X2A2,1,PF02839
A0A0Q6XZI6,1,PS51318
A0A0Q6XZI6,2,PF02018
A0A0Q6XZI6,3,PF00041
A0A0Q6Y4W1,1,PF00553
A0A0Q6Y4W1,2,PF00041
A0A0Q6YBY7,1,PS51318
A0A0Q6YBY7,2,PF00553
A0A0Q6YEY7,1,PF02018
A0A0Q6YEY7,2,PF00041
A0A0Q7ASF5,1,PF02839
A0A0Q7EWZ3,1,PS51257
A0A0Q7EWZ3,2,PF02839
A0A0Q7ISF4,1,PF01476
A0A0Q7ISF4,2,PF01476
A0A0Q7J8Y0,1,PF07833
A0A0Q7J8Y0,2,PF08239
A0A0Q7JQ22,1,PF01476
A0A0Q7JQ22,2,PF01476
A0A0Q7JQ22,3,PF01476
A0A0Q7JUV0,2,PF00395
A0A0Q7JUV0,3,PF00395
A0A0Q7JUV0,4,PF00395
A0A0Q7K225,1,PF01476
A0A0Q7K225,2,PF01476
A0A0Q7MQR3,1,PF00553
A0A0Q8CPT6,1,SM00495
A0A0Q8CPT6,2,PF00041
A0A0Q8DX76,1,PS51318
A0A0Q8DX76,3,PF02839
A0A0Q8E287,1,PF02018
A0A0Q8E287,2,PF00041
A0A0Q8EE68,1,PF00553
A0A0Q8EE68,2,PF00041
A0A0Q8ELD1,1,PF02018
A0A0Q8ELD1,2,PF00041
A0A0Q8GMI8,1,PF02839
A0A0Q8IQX8,1,SM00495
A0A0Q8IQX8,2,PF17957
A0A0Q8IQX8,3,PF00041
A0A0Q8N9N5,5,PF17957
A0A0Q8N9N5,6,PF17957
A0A0Q8NB99,1,PS51257
A0A0Q8NLU2,1,PF02018
A0A0Q8NMC4,1,PF02018
A0A0Q8NMC4,2,PF00041
A0A0Q8NMJ5,2,SM00495
A0A0Q8NXK4,1,PF02018
A0A0Q8P0X8,1,PF02018
A0A0Q8PPM8,1,PF00041
A0A0Q8PSY9,2,SM00495
A0A0Q8PTY3,1,PF00553
A0A0Q8PTY3,2,PF00041
A0A0Q8Q184,1,PF00553
A0A0Q8Q4D5,1,PS51318
A0A0Q8Q4D5,2,PF02018
A0A0Q8Q738,2,PF02018
A0A0Q8QX74,3,PF00535
A0A0Q8YQ50,1,PF02018
A0A0Q8YQ50,2,PF00041
A0A0Q8YQL2,1,PF00553
A0A0Q8YQL2,2,PF00041
A0A0Q9A4P2,1,PS51257
A0A0Q9AAM3,5,PF17957
A0A0Q9AAM3,6,PF17957
A0A0Q9AZL6,1,PF00553
A0A0Q9BYA6,2,PF02839
A0A0Q9C6W7,1,PF02839
A0A0Q9C6W7,3,PF02839
A0A0Q9CS10,3,G3DSA:2.60.40.10
A0A0Q9CVG6,2,PF02839
A0A0Q9CZP0,1,PS51318
A0A0Q9CZP0,3,PF02839
A0A0Q9CZP0,4,SM00495
A0A0Q9EUV5,1,SM00495
A0A0Q9EUV5,2,PF17957
A0A0Q9EUV5,3,PF00041
A0A0Q9J1U3,1,PF01476
A0A0Q9J1U3,2,PF01476
A0A0Q9K875,1,PF07833
A0A0Q9KBB9,1,PF07833
A0A0Q9KBB9,2,PF08239
A0A0Q9KE96,2,PF00395
A0A0Q9KE96,3,PF00395
A0A0Q9KE96,4,PF00395
A0A0Q9L3Z8,1,PF01476
A0A0Q9L3Z8,2,PF01476
A0A0Q9LAG7,1,PF01476
A0A0Q9LAG7,2,PF01476
A0A0Q9LAG7,3,PF01476
A0A0Q9LH85,1,PF01476
A0A0Q9LH85,2,PF01476
A0A0Q9MCU8,1,PF07833
A0A0Q9MCU8,2,PF08239
A0A0Q9N1M5,1,PF00395
A0A0Q9N1M5,3,PF00395
A0A0Q9N5B0,2,PF00395
A0A0Q9N5B0,3,PF00395
A0A0Q9N5B0,4,PF00395
A0A0Q9NHI3,1,PF01476
A0A0Q9NHI3,2,PF01476
A0A0Q9PK89,1,PF07833
A0A0Q9PK89,2,PF08239
A0A0Q9QDU0,1,PF00395
A0A0Q9QDU0,3,PF00395
A0A0Q9QG35,1,PF01476
A0A0Q9QG35,2,PF01476
A0A0Q9QT25,1,SM00495
A0A0Q9QT25,2,PF17957
A0A0Q9QT25,3,PF00041
A0A0Q9QW18,2,PF00395
A0A0Q9QW18,3,PF00395
A0A0Q9QW18,4,PF00395
A0A0Q9RR60,1,PF01476
A0A0Q9RR60,2,PF01476
A0A0Q9RR60,3,PF01476
A0A0Q9RYF5,1,PF07833
A0A0Q9RYF5,2,PF08239
A0A0Q9T043,1,PF01476
A0A0Q9T043,2,PF01476
A0A0Q9T2K7,2,PF00395
A0A0Q9T2K7,3,PF00395
A0A0Q9T2K7,4,PF00395
A0A0Q9U9U4,1,PF01476
A0A0Q9U9U4,2,PF01476
A0A0Q9YAR8,1,PF01476
A0A0Q9YAR8,2,PF01476
A0A0R0A7F4,1,PS51257
A0A0R0AN24,1,SM00495
A0A0R0AN24,2,PF17957
A0A0R0AN24,3,PF00041
A0A0R0B9V6,1,SM00495
A0A0R0B9V6,2,PF17957
A0A0R0B9V6,3,PF00041
A0A0R0CVB5,1,SM00495
A0A0R0CVB5,2,PF17957
A0A0R0CVB5,3,PF00041
A0A0R0CW16,1,PF17957
A0A0R0CW16,2,G3DSA:2.60.40.10
A0A0R0E0D2,2,PF17957
A0A0R0E0D2,3,PF00041
A0A0R2HWT2,3,PF00041
A0A0R2HWT2,4,PF02839
A0A0R2I7P1,2,PF00041
A0A0R2I7P1,3,PF02839
A0A0R2THQ8,1,PS51257
A0A0R3JRW0,1,PF00041
A0A0R3JVS9,1,PF08239
A0A0R3JVS9,2,PF08239
A0A0R3JVS9,3,PF08239
A0A0R3K2L7,1,PF01476
A0A0R3K2L7,2,PF01476
A0A0R9MMW9,2,G3DSA:2.60.40.10
A0A0S1AVD8,1,PS51257
A0A0S2DBC2,1,SM00495
A0A0S2DBC2,2,PF17957
A0A0S2DBC2,3,PF00041
A0A0S2F536,1,SM00495
A0A0S2F536,2,PF17957
A0A0S2F536,3,PF00041
A0A0S2F7Z1,1,SM00495
A0A0S2F7Z1,2,PF17957
A0A0S2F7Z1,3,PF00041
A0A0S2JBG9,1,PF08329
A0A0S2JBG9,3,G3DSA:2.60.40.10
A0A0S2JBG9,5,PF02839
A0A0S2JBG9,6,PF02839
A0A0S2JBI0,1,SM00495
A0A0S2JBI0,2,PF17957
A0A0S2JBI0,3,G3DSA:2.60.40.10
A0A0S2JYP2,4,PF02839
A0A0S2K7M3,1,PF08329
A0A0S2K7M3,3,G3DSA:2.60.40.10
A0A0S2K7M3,4,G3DSA:2.60.40.10
A0A0S2K7M3,5,PF02839
A0A0S2K7M3,6,PF02839
A0A0S2K7Q2,1,SM00495
A0A0S2K7Q2,2,PF17957
A0A0S2K8G2,1,PF08329
A0A0S2K8G2,3,G3DSA:2.60.40.10
A0A0S2K8G2,5,PF02839
A0A0S2K8I0,1,SM00495
A0A0S2K8I0,2,PF17957
A0A0S2S3W5,1,PF07833
A0A0S2S7R1,1,PF07833
A0A0S2SCN7,1,PF08329
A0A0S2SEA8,2,PF22352
A0A0S2SEA8,4,PF02839
A0A0S2SEA8,5,PF02839
A0A0S2SKY8,1,G3DSA:2.60.40.10
A0A0S2SKY8,2,PF17957
A0A0S2SP36,1,SM00495
A0A0S2SP36,2,SM00495
A0A0S2SP36,3,PF02839
A0A0S2W3B6,1,PF01476
A0A0S2W3B6,2,PF01476
A0A0S2W9E4,1,PF00395
A0A0S2W9E4,2,PF00395
A0A0S4MWE3,1,PS51257
A0A0S6U0F2,1,PF01476
A0A0S6U0F2,2,PF01476
A0A0S6U0F2,3,PF08239
A0A0S6U2W2,1,PF00041
A0A0S6U3F8,2,PF02839
A0A0S6U3F8,3,PF02839
A0A0S6U4J3,2,G3DSA:2.60.40.10
A0A0S6U4J3,3,PF02839
A0A0S6U7Q3,2,G3DSA:2.60.40.10
A0A0S6U7Q3,3,G3DSA:2.60.40.10
A0A0S6U7Q3,4,PF08329
A0A0S7ZA95,1,PS51257
A0A0T1Q3I2,2,PF02839
A0A0T1QBI6,1,PF00553
A0A0T1QBI6,2,PF00041
A0A0T1QC55,1,PF02018
A0A0T1QC55,2,PF00041
A0A0T1QC99,1,PS51318
A0A0T1QC99,2,PF02018
A0A0T1QC99,3,PF00041
A0A0T1QIF1,1,PF00553
A0A0T1S4D6,1,PF00553
A0A0T1S4D6,2,PF00041
A0A0T1S567,1,PF02018
A0A0T1S567,2,PF00041
A0A0T1S694,2,PF02839
A0A0T1SGC9,1,PF00553
A0A0T1SGE5,2,PF02839
A0A0T1SRM7,1,PS51318
A0A0T1SRM7,2,PF02018
A0A0T1SRM7,3,PF00041
A0A0T1STH1,1,PS51318
A0A0T1STH1,3,PF02839
A0A0T1SW52,1,PS51318
A0A0T1TQ09,1,PF00553
A0A0T1TQ09,2,PF00041
A0A0T1TQA6,1,PF02018
A0A0T1TQA6,2,PF00041
A0A0T1UM60,1,PF00553
A0A0T5VLU7,1,PS51257
A0A0T5VTU6,3,PF00535
A0A0T5VV30,1,PS51257
A0A0T5ZNX2,2,G3DSA:2.60.40.10
A0A0T6BS05,1,PF01476
A0A0T6BS05,2,PF01476
A0A0T6LLH7,1,PF02018
A0A0T6LLH7,2,PF00041
A0A0T6LLU6,1,PF00553
A0A0T6LLU6,2,PF00041
A0A0T6LPW2,1,PF00553
A0A0T6LPW2,2,PF00041
A0A0T6LU31,1,PF02018
A0A0T6LU31,2,PF00041
A0A0T9Q9D6,2,G3DSA:2.60.40.10
A0A0T9Q9D6,3,PF02839
A0A0T9RBU6,2,PF00041
A0A0T9T7W4,2,G3DSA:2.60.40.10
A0A0T9T7W4,3,G3DSA:2.60.40.10
A0A0T9T7W4,4,PF02839
A0A0T9X930,2,G3DSA:2.60.40.10
A0A0U1KIS4,1,PF01476
A0A0U1KIS4,2,PF01476
A0A0U1KUJ9,1,PS51257
A0A0U1L5D4,1,PS51257
A0A0U1NS87,4,PF00535
A0A0U1NSY9,2,PF02839
A0A0U1NSY9,3,PF02839
A0A0U1NUJ8,3,PF00535
A0A0U1NZJ1,1,PF07833
A0A0U1NZJ1,2,PF08239
A0A0U1P5L7,1,PF01476
A0A0U1P5L7,2,PF01476
A0A0U1P5L7,3,PF01476
A0A0U1QRU4,1,PF01476
A0A0U1QRU4,2,PF01476
A0A0U1QW73,2,PF00041
A0A0U2T481,1,PF02018
A0A0U2T481,2,PF00041
A0A0U2WD50,1,PF01476
A0A0U2WD50,2,PF01476
A0A0U2WD50,3,PF08239
A0A0U2WDH5,1,PS51257
A0A0U2WDH5,2,PF00395
A0A0U2WDH5,3,PF00395
A0A0U2WDH5,4,PF00395
A0A0U2WVS4,3,PF00041
A0A0U2WVS4,4,PF02839
A0A0U2WWT4,1,PF07833
A0A0U2WWT4,2,PF08239
A0A0U2XUR7,1,PF08329
A0A0U2XUR7,3,G3DSA:2.60.40.10
A0A0U2XUR7,4,G3DSA:2.60.40.10
A0A0U2XUR7,5,PF02839
A0A0U2XUR7,6,PF02839
A0A0U3B526,1,PS51318
A0A0U3B526,3,SM00495
A0A0U3C5T2,1,PS51318
A0A0U3D6V3,1,PF00553
A0A0U3D6V3,2,PF00041
A0A0U3EUV5,1,PF02839
A0A0U3EUV5,2,PF02839
A0A0U3F511,1,PF02018
A0A0U3F511,2,PF00041
A0A0U3FAK7,1,PF00553
A0A0U3GTP4,1,SM00495
A0A0U3GTP4,2,PF17957
A0A0U3GTP4,3,PF17957
A0A0U3GTP4,4,SM00495
A0A0U3GTP4,5,PF17957
A0A0U3GTP4,6,PF17957
A0A0U3GZ70,1,PF08329
A0A0U3GZ70,3,G3DSA:2.60.40.10
A0A0U3GZ70,5,PF02839
A0A0U3I2D9,1,SM00495
A0A0U3I2D9,2,PF17957
A0A0U3IEC4,1,PF02839
A0A0U3IEC4,2,PF17957
A0A0U3IQN3,1,SM00495
A0A0U3IQN3,2,PF17957
A0A0U3IQN3,3,G3DSA:2.60.40.10
A0A0U3IQN3,5,SM00495
A0A0U3L9D4,1,PF00553
A0A0U3L9D4,2,PF00041
A0A0U3M1P9,1,PF02018
A0A0U3M1P9,2,PF00041
A0A0U3N4S9,2,PF02839
A0A0U3NCZ1,1,PF02839
A0A0U3NCZ1,2,PF02839
A0A0U3NFE9,1,PF02839
A0A0U3NSW9,1,PS51257
A0A0U3PI98,1,PF00553
A0A0U3PI98,2,PF00041
A0A0U3PW18,1,PF02018
A0A0U3PW18,2,PF00041
A0A0U3W831,1,PF01476
A0A0U3W831,2,PF01476
A0A0U3W831,3,PF01476
A0A0U4DVW2,1,PF01476
A0A0U4DVW2,2,PF01476
A0A0U4ERV9,2,PF00041
A0A0U4ERV9,3,PF02839
A0A0U4UZ92,1,SM00495
A0A0U4UZ92,2,PF17957
A0A0U4UZ92,3,PF17957
A0A0U5BAV3,1,PF00395
A0A0U5BAV3,2,PF00395
A0A0U5BAV3,3,PF00395
A0A0U5C720,1,PF01476
A0A0U5C720,2,PF01476
A0A0U5NTW5,1,PF08239
A0A0U5NU61,1,PF01476
A0A0U9H8F0,1,PF01476
A0A0U9H8F0,2,PF01476
A0A0U9HJ81,1,PF07833
A0A0V7ZYY7,1,PF00553
A0A0V8B6Z1,2,G3DSA:2.60.40.10
A0A0V8B6Z1,3,PF02839
A0A0V8CKA6,2,G3DSA:2.60.40.10
A0A0V8CKA6,3,PF02839
A0A0V8D423,2,G3DSA:2.60.40.10
A0A0V8D423,3,PF02839
A0A0V8H3L7,1,PF01476
A0A0V8H3L7,2,PF01476
A0A0V8HHS0,1,PF01476
A0A0V8HHS0,2,PF01476
A0A0V8HHS0,3,PF01476
A0A0V8J9H3,1,PS51257
A0A0V8JF74,1,PF01476
A0A0V8JF74,2,PF01476
A0A0V8JHB2,1,PF01476
A0A0V8JHB2,2,PF01476
A0A0V8QD53,1,PF01476
A0A0V8QGR6,1,PF07833
A0A0V8SE95,1,PF00553
A0A0W1ASU2,1,PF07833
A0A0W1AWC1,1,PF07833
A0A0W1B242,1,PF00395
A0A0W1B242,2,PF00395
A0A0W1B242,3,PF00395
A0A0W1B4X3,3,PF02839
A0A0W1B575,2,PF02839
A0A0W1JPQ6,2,PF01476
A0A0W1LB84,1,SM00495
A0A0W1LB84,2,PF17957
A0A0W1LB84,3,G3DSA:2.60.40.10
A0A0W1LCL7,1,PF08329
A0A0W1LCL7,3,G3DSA:2.60.40.10
A0A0W1LCL7,4,G3DSA:2.60.40.10
A0A0W1LCL7,5,PF02839
A0A0W1LCL7,6,PF02839
A0A0W7WWX2,1,PS51318
A0A0W7WWX2,3,PF02839
A0A0W7WZR8,1,PF00553
A0A0W7WZR8,2,PF00041
A0A0W7X4V2,1,PF00553
A0A0W7X4V2,2,PF00041
A0A0W7X8T6,1,PF02018
A0A0W7X8T6,2,PF00041
A0A0W7Y5M8,1,PS51257
A0A0W7YD76,1,PF01476
A0A0W7YD76,2,PF01476
A0A0W7YD76,3,PF01476
A0A0W7YN08,1,PF01476
A0A0W7YN08,2,PF01476
A0A0W8IFS3,2,PF02839
A0A0X1KVM9,1,PF17957
A0A0X1KVM9,2,PF17957
A0A0X1KXS0,1,SM00495
A0A0X1KXS0,3,PF17957
A0A0X1KXS0,5,PF17957
A0A0X1KXS0,6,SM00495
A0A0X1KXS0,7,PF17957
A0A0X1KXS0,8,PF17957
A0A0X1L026,1,PS51257
A0A0X1L026,2,PF02839
A0A0X1L026,3,PF17957
A0A0X1L026,4,PF17957
A0A0X1L026,7,SM00495
A0A0X1L1L6,1,PF08329
A0A0X1L1L6,3,PF22352
A0A0X1L1L6,6,PF02839
A0A0X3S341,1,PF00553
A0A0X3S341,2,PF00041
A0A0X3S5M3,1,PS51318
A0A0X3S5M3,2,PF02018
A0A0X3S5M3,3,PF00041
A0A0X3S6N7,1,PS51318
A0A0X3S7F4,1,PS51318
A0A0X3S7F4,2,PF02018
A0A0X3S7F4,3,PF00041
A0A0X3SCR1,1,PF02018
A0A0X3SCR1,2,PF00041
A0A0X3SHZ1,1,PF00553
A0A0X3U7K1,1,PF02839
A0A0X3U7K1,2,PF17957
A0A0X3U7K1,3,PF17957
A0A0X3U7K1,4,PF17957
A0A0X3UAA5,1,PF08329
A0A0X3UAA5,3,PF22352
A0A0X3UAA5,4,PF22352
A0A0X3UAA5,5,PF22352
A0A0X3UAA5,6,SM00495
A0A0X3UAA5,7,PF02839
A0A0X3UPK5,1,PS51257
A0A0X3UPK5,2,SM00495
A0A0X3UPQ2,1,PF00553
A0A0X3V0E6,1,PF00553
A0A0X3V136,1,PS51318
A0A0X3V136,3,PF02839
A0A0X3V7S2,1,PF02018
A0A0X3V7S2,2,PF00041
A0A0X3VEQ8,1,PS51318
A0A0X3VK18,1,PS51318
A0A0X3W3A4,1,PF02018
A0A0X3W3A4,2,PF00041
A0A0X3WE89,1,PS51318
A0A0X3WGQ8,1,PF00553
A0A0X3WGQ8,2,PF00041
A0A0X3X4F6,1,PF02018
A0A0X3X4F6,2,PF00041
A0A0X3XIG2,1,PF02018
A0A0X3XIG2,2,PF00041
A0A0X3XLA7,1,PF02018
A0A0X3XLA7,2,PF00041
A0A0X3XNW9,1,PF00553
A0A0X3XSZ2,1,PF00553
A0A0X3XSZ2,2,PF00041
A0A0X3XW33,1,PS51318
A0A0X3XW33,2,PF02018
A0A0X3XW33,3,PF00041
A0A0X4EVS8,1,PF08329
A0A0X4EVS8,3,PF22352
A0A0X4EVS8,5,PF02839
A0A0X4EVS8,6,PF02839
A0A0X7JYU0,2,G3DSA:2.60.40.10
A0A0X7JYU0,3,PF02839
A0A0X8D4X6,1,PF01476
A0A0X8D4X6,2,PF01476
A0A0X8GMS5,1,PF02839
A0A0X8GMS5,2,PF02839
A0A0X8V9U1,1,PF01476
A0A0X8V9U1,2,PF01476
A0A100HMA7,1,PS51257
A0A100HMA7,2,PF02839
A0A100HMA7,3,PF17957
A0A100HMA7,4,PF17957
A0A100JYC3,1,PF02018
A0A100JYC3,2,PF00041
A0A100VJX6,1,PF00395
A0A100VJX6,2,PF00395
A0A100VJX6,3,PF00395
A0A100VKN4,1,PF07833
A0A100VR07,1,PF02839
A0A100VR07,2,PF00041
A0A100Y2B0,3,PF02839
A0A100Y3L3,1,PS51318
A0A100Y3L3,2,PF00553
A0A100Y3L3,3,PF00041
A0A100Y8L1,2,PF02839
A0A100Y9U3,1,PF00553
A0A100Y9U3,2,PF00041
A0A101CT31,2,PF17957
A0A101CT31,5,PF02839
A0A101CT31,6,PF17957
A0A101CT31,7,SM00495
A0A101CT31,8,PF02839
A0A101CV16,5,G3DSA:2.60.40.10
A0A101CV16,6,G3DSA:2.60.40.10
A0A101FQK7,1,PF07833
A0A101J9G8,2,PF02839
A0A101JDR4,1,PS51257
A0A101JDR4,2,SM00495
A0A101JM87,1,SM00495
A0A101JMI9,1,PS51257
A0A101JMI9,2,SM00495
A0A101M6S3,1,PF08329
A0A101N770,1,PS51318
A0A101N770,2,PF02018
A0A101N770,3,PF00041
A0A101N8W5,1,PF02018
A0A101N8W5,2,PF00041
A0A101NAD7,1,PF00553
A0A101NAD7,2,PF00041
A0A101NC31,1,PF00553
A0A101NJ10,1,PS51318
A0A101NJ10,2,PF02018
A0A101NJ10,3,PF00041
A0A101NJ16,1,PF00553
A0A101NJ16,2,PF00041
A0A101NKV6,1,PF00553
A0A101NUD2,1,PS51318
A0A101NXZ4,1,PF00553
A0A101P6T2,3,PF02018
A0A101Q5W1,1,PF00553
A0A101Q5W1,2,PF00041
A0A101Q8I6,1,PF02018
A0A101Q8I6,2,PF00041
A0A101QL83,1,PS51318
A0A101QL83,2,PF02018
A0A101QL83,3,PF00041
A0A101QLP0,1,PF00553
A0A101QTC7,1,PS51318
A0A101QUM3,1,PF00553
A0A101QUM3,2,PF00041
A0A101QV63,1,PF00553
A0A101QVC1,3,PF02839
A0A101R148,1,PS51318
A0A101R148,2,PF02018
A0A101R148,3,PF00041
A0A101RLG4,1,PF00553
A0A101RLG4,2,PF00041
A0A101RTP3,1,PS51318
A0A101RTP3,2,PF02018
A0A101RTP3,3,PF00041
A0A101S5T8,1,PS51318
A0A101S5T8,2,PF02018
A0A101S5T8,3,PF00041
A0A101SDM7,1,PF02018
A0A101SDM7,2,PF00041
A0A101SPF3,1,PS51318
A0A101SPF3,2,PF02018
A0A101SPF3,3,PF00041
A0A101SUJ8,1,PF00553
A0A101SUJ8,2,PF00041
A0A101SZP3,1,PF00553
A0A101T2H9,1,PF02018
A0A101T2H9,2,PF00041
A0A101T8V3,1,PS51318
A0A101T8V3,2,PF02018
A0A101T8V3,3,PF00041
A0A101TU64,1,PF02018
A0A101TU64,2,PF00041
A0A101U0U9,1,PF00553
A0A101U5U0,1,PF00553
A0A101U5U0,2,PF00041
A0A101U829,1,PS51318
A0A101U829,2,PF02018
A0A101U829,3,PF00041
A0A101UA23,1,PF00553
A0A101UA23,2,PF00041
A0A101UGE7,1,PF02018
A0A101UGE7,2,PF00041
A0A101UTQ1,1,PF00553
A0A101UTQ1,2,PF00041
A0A101V3N3,1,PF02018
A0A101V3N3,2,PF00041
A0A101V8W2,1,PF07833
A0A101VSB7,1,PF01476
A0A101VSB7,2,PF01476
A0A101VSB7,3,PF01476
A0A101W3T6,1,PF01476
A0A101W3T6,2,PF01476
A0A101WB16,1,PF00395
A0A101WB16,2,PF00395
A0A101WB16,3,PF00395
A0A101WKG7,1,PF01476
A0A101WKG7,2,PF01476
A0A101WPQ9,2,PF01476
A0A101WSY9,1,PS51257
A0A101XZR5,1,PF07833
A0A101Y1U1,2,PF02839
A0A101Y1U1,3,PF02839
A0A102HKF3,1,PF02839
A0A102JX49,2,PF00041
A0A102JX49,3,PF02839
A0A103NZK8,1,PF02839
A0A103Q2F8,1,PF02839
A0A103R2V0,1,PF08329
A0A103R2V0,3,PF22352
A0A103R2V0,5,SM00495
A0A103R2V0,6,SM00495
A0A103RT48,1,PF02839
A0A104J7W1,1,PF02839
A0A105L0Y0,1,PF02839
A0A105T517,2,G3DSA:2.60.40.10
A0A105T517,3,PF02839
A0A106ZWL7,2,PF02839
A0A106ZWL7,3,PF02839
A0A107YS91,1,PF02839
A0A108C7I9,1,PF08329
A0A108C7I9,3,PF22352
A0A108C7I9,5,SM00495
A0A108C7I9,6,SM00495
A0A108CNH4,1,PF02839
A0A108T609,1,PS51257
A0A108T630,1,PS51257
A0A108T630,2,G3DSA:2.60.40.10
A0A108TCB4,1,PS51257
A0A108UBX8,1,SM00495
A0A108UBX8,2,PF17957
A0A108UBX8,3,PF00041
A0A109D566,1,PS51257
A0A109D566,2,PF02839
A0A109D566,3,PF17957
A0A109D566,4,PF17957
A0A109D5Z5,1,PF08329
A0A109D5Z5,3,PF22352
A0A109D5Z5,5,PF02839
A0A109FRJ8,2,PF00041
A0A109FRJ8,3,PF00553
A0A109IJ51,1,PF00553
A0A109IJ51,2,PF00041
A0A109MTL1,1,PF01476
A0A109MTL1,2,PF01476
A0A109MX36,1,PF01476
A0A109MX36,2,PF01476
A0A109MXC4,2,PF00553
A0A109RTE3,1,PS51257
A0A110B4H5,3,PF00535
A0A117I2T5,2,PF00041
A0A117I2T5,3,PF02839
A0A117IV72,1,PS51318
A0A117IV72,2,PF02018
A0A117IV72,3,PF00041
A0A117IWR1,1,PF02018
A0A117IWR1,2,PF00041
A0A117M7A9,2,PF08239
A0A117M7A9,3,PF08239
A0A117MJJ9,1,PF02018
A0A117MJJ9,2,PF00041
A0A117MM96,1,PS51257
A0A117MM96,2,PF02839
A0A117MMN8,1,PF00553
A0A117MMN8,2,PF00041
A0A117MRX1,1,PS51257
A0A117NXQ4,1,PF00553
A0A117P235,2,PF02839
A0A117P7Q4,1,PF02018
A0A117P7Q4,2,PF00041
A0A117PEC9,1,PS51318
A0A117PEC9,2,PF02018
A0A117PEC9,3,PF00041
A0A117PXL5,2,PF02839
A0A117Q0P8,1,PF00553
A0A117Q0P8,2,PF00041
A0A117Q3I1,1,PS51257
A0A117Q5C1,1,PS51318
A0A117Q5C1,3,PF02018
A0A117QIT6,1,PF02018
A0A117QIT6,2,PF00041
A0A117QM01,1,PF02018
A0A117QM01,2,PF00041
A0A117QPD4,1,PS51318
A0A117QPD4,3,PF02839
A0A117R4E4,1,PF00553
A0A117R4E4,2,PF00041
A0A117R6K0,1,PF02018
A0A117R6K0,2,PF00041
A0A117RC78,1,PS51318
A0A117RC78,2,PF02018
A0A117RC78,3,PF00041
A0A117S2W1,1,PF07833
A0A117SFJ3,1,PF00395
A0A117SFJ3,2,PF00395
A0A117SFJ4,1,PF07833
A0A117SIE1,1,PF01476
A0A117SIE1,2,PF01476
A0A117SKS0,1,PF01476
A0A117SKS0,2,PF01476
A0A117SYQ5,1,PF01476
A0A117SZ34,1,PF00395
A0A117SZ34,2,PF00395
A0A117SZ34,3,PF00395
A0A118HTJ8,2,PF00041
A0A118HTJ8,3,PF02839
A0A119W9H9,1,PF08329
A0A119W9H9,3,PF22352
A0A120AG97,1,SM00495
A0A120AG97,2,PF17957
A0A120AG97,3,PF00041
A0A120F7J2,1,PF00553
A0A120IIG9,1,PF02839
A0A124C534,1,PF00553
A0A124C534,2,PF00041
A0A124DYE9,1,PF07833
A0A124EBV4,1,PF00553
A0A124GXE7,1,PF00553
A0A124GXE7,2,PF00041
A0A124HES9,1,PF02018
A0A124HES9,2,PF00041
A0A124HHB9,2,PF02839
A0A124HQ57,1,PF02018
A0A124HQ57,2,PF00041
A0A124HVZ6,1,PF00553
A0A124I0W2,1,PF00553
A0A124I0W2,2,PF00041
A0A124I2S4,2,PF02839
A0A124IWM2,1,PF07833
A0A125MHA8,1,PS51257
A0A125QSR4,1,PF01476
A0A125QSR4,2,PF01476
A0A126NHU9,1,PS51257
A0A126NQK9,1,PF17957
A0A126NQK9,2,G3DSA:2.60.40.10
A0A126Z2L8,1,PS51257
A0A126Z4I6,1,PF02018
A0A127PF13,1,PS51257
A0A127PF13,2,PF02839
A0A127QW32,1,PS51257
A0A127QW32,2,PF02839
A0A127VBB2,1,PS51257
A0A127VBB2,4,PF00535
A0A127VHB1,1,PS51257
A0A127VJP1,2,SM00495
A0A128ETB1,1,PF08329
A0A128ETB1,3,PF22352
A0A128ETB1,5,PF02839
A0A128EUH7,1,PS51257
A0A128EUH7,2,SM00495
A0A128EUH7,3,PF17957
A0A128EUH7,4,PF17957
A0A128F5Z4,2,PF02839
A0A128F5Z4,3,PF02839
A0A128F7C1,1,PF02839
A0A128F7C1,2,PF17957
A0A128F7C1,3,PF17957
A0A128F7C1,4,SM00495
A0A128F7C1,5,PF17957
A0A128F7C1,6,PF17957
A0A128F9C6,2,PF02839
A0A128F9C6,3,SM00495
A0A128FHX8,3,PF02839
A0A128FHX8,4,PF02839
A0A128FI94,1,PF02839
A0A128FI94,2,PF17957
A0A128FI94,3,PF17957
A0A128FI94,4,SM00495
A0A128FI94,5,PF17957
A0A128FI94,6,PF17957
A0A128FIT9,1,PS51257
A0A128FIT9,2,SM00495
A0A128FIT9,3,PF17957
A0A128FIT9,4,PF17957
A0A128FJ09,1,PF08329
A0A128FJ09,3,PF22352
A0A128FJ09,5,PF02839
A0A132N873,1,PF07833
A0A132N9X1,1,PF01476
A0A132N9X1,2,PF01476
A0A132TVE5,2,PF02839
A0A132TVE5,3,PF02839
A0A132TVS3,3,PF02839
A0A132TVS3,4,PF02839
A0A132U2T5,1,PF07833
A0A132UC03,1,PF07833
A0A133PP81,1,PF07833
A0A133PP81,2,PF08239
A0A134ABG6,1,PF07833
A0A134ABG6,2,PF08239
A0A134AW94,1,PF07833
A0A134AW94,2,PF08239
A0A134B4Y6,3,PF00535
A0A135I6R5,1,PS51257
A0A135I6R5,2,SM00495
A0A135I6R5,3,PF17957
A0A135I6R5,4,PF17957
A0A135I9L3,1,PF08329
A0A135I9L3,3,PF22352
A0A135I9L3,5,PF02839
A0A135IC73,1,SM00495
A0A135IC73,2,PF17957
A0A135IC73,3,PF17957
A0A135IC73,4,SM00495
A0A135IC73,5,PF17957
A0A135IC73,6,PF17957
A0A135ICA0,2,G3DSA:2.60.40.10
A0A135ICA0,3,PF02839
A0A135ICA0,4,PF02839
A0A135L1C4,1,PF07833
A0A135L1C4,2,PF08239
A0A135L1E2,1,PF01476
A0A135L1E2,2,PF01476
A0A135WA63,1,PF01476
A0A135WRL2,1,PF01476
A0A135WRL2,2,PF01476
A0A136M0M5,1,PS51257
A0A136PK51,2,PF02839
A0A136PK51,3,PF02839
A0A136PPX3,1,PF00553
A0A136WDR1,1,PF01476
A0A136WDR1,2,PF01476
A0A137S498,1,PF08329
A0A137S498,3,G3DSA:2.60.40.10
A0A137SMM1,4,PF02839
A0A137SXL1,1,PF07833
A0A137SXL1,2,PF08239
A0A139JTS8,1,PS51257
A0A139K205,1,PS51257
A0A139KH13,1,PS51257
A0A139KP40,1,PS51257
A0A139KZY1,1,PS51257
A0A139L2P0,1,PS51257
A0A139LCZ8,1,PS51257
A0A139LUI1,1,PS51257
A0A139TMZ1,1,PS51257
A0A139TNE0,1,PS51257
A0A140L2F8,1,PF01476
A0A140L2F8,2,PF01476
A0A140LA91,2,PF00395
A0A140LA91,3,PF00395
A0A140LA91,4,PF00395
A0A140LAD2,1,PF07833
A0A140LAW4,1,PF07833
A0A140NKI3,1,PF08329
A0A141XSS4,2,PF00041
A0A141XSS4,3,PF00553
A0A142D2A7,1,PF01476
A0A142D2A7,2,PF01476
A0A142D2A7,3,PF01476
A0A142D4Q3,1,PF01476
A0A142D4Q3,2,PF01476
A0A142D6B4,1,PF01476
A0A142D6B4,2,PF01476
A0A142DUV0,2,PF00041
A0A142DUV0,3,PF00553
A0A142DUV3,2,PF00041
A0A142DUV3,3,PF02839
A0A142DUV4,1,PF08329
A0A142DUV5,2,SM00495
A0A142EQZ3,1,PS51257
A0A143C570,1,PS51318
A0A143C570,2,PF02018
A0A143C570,3,PF00041
A0A143C5Z1,1,PF00553
A0A143C5Z1,2,PF00041
A0A143HBQ3,1,PF01476
A0A143HBQ3,2,PF01476
A0A143HG05,1,PF01476
A0A143HKJ3,1,PF02839
A0A143HKJ3,2,SM00495
A0A143HN00,1,SM00495
A0A143HN00,2,PF17957
A0A143HN00,3,PF17957
A0A143HNF3,1,PF02839
A0A143HNF3,2,SM00495
A0A143HP27,1,SM00495
A0A143HP27,2,PF02839
A0A143ZVQ5,2,PF08239
A0A143ZVQ5,3,PF08239
A0A143ZVQ5,4,PF08239
A0A143ZVQ5,5,PF08239
A0A143ZVQ5,6,PF08239
A0A144M364,1,PF08329
A0A144M364,3,PF22352
A0A144M364,5,PF02839
A0A144M364,6,PF02839
A0A146FAY1,3,PF00041
A0A146FAY1,4,PF02839
A0A146G4J2,1,PF00553
A0A146G4J2,3,PF00553
A0A146G4J2,4,PF00553
A0A147K3S3,1,PF01476
A0A147K3S3,2,PF01476
A0A149PSH9,1,SM00495
A0A149PSH9,2,PF17957
A0A149PSH9,3,PF00041
A0A150AKJ6,1,PF02839
A0A150AKJ6,2,G3DSA:2.60.40.10
A0A150AKJ6,3,PF17957
A0A150AKJ6,4,SM00495
A0A150AKJ6,5,G3DSA:2.60.40.10
A0A150AKJ6,6,G3DSA:2.60.40.10
A0A150ARH0,2,G3DSA:2.60.40.10
A0A150ARH0,3,G3DSA:2.60.40.10
A0A150ARH0,4,SM00495
A0A150ARH0,5,G3DSA:2.60.40.10
A0A150ARH0,6,G3DSA:2.60.40.10
A0A150ARH0,7,PF02839
A0A150ARH0,8,G3DSA:2.60.40.10
A0A150B0R3,3,PF00535
A0A150B411,2,PF00041
A0A150B411,3,PF00553
A0A150DP71,1,PF01476
A0A150DP71,2,PF01476
A0A150F758,1,PF01476
A0A150F758,2,PF01476
A0A150FNY8,1,PF01476
A0A150FST6,1,PF01476
A0A150FST6,2,PF01476
A0A150JQ33,1,PF01476
A0A150JRF7,1,PF01476
A0A150JRF7,2,PF01476
A0A150JSH3,1,PF01476
A0A150JSH3,2,PF01476
A0A150JSH3,3,PF01476
A0A150KDT7,1,PF01476
A0A150KDT7,2,PF01476
A0A150KDT7,3,PF01476
A0A150KMD6,1,PF01476
A0A150KMD6,2,PF01476
A0A150KMD6,3,PF01476
A0A150KN54,1,PF01476
A0A150KN54,2,PF01476
A0A150L966,1,PF07833
A0A150L966,2,PF08239
A0A150LA31,1,PF01476
A0A150LA31,2,PF01476
A0A150LD36,1,PF01476
A0A150LD36,2,PF01476
A0A150LD36,3,PF01476
A0A150LJF0,1,PF01476
A0A150LJF0,2,PF01476
A0A150M2K6,1,PF01476
A0A150M2K6,2,PF01476
A0A150MCJ8,1,PF01476
A0A150MCJ8,2,PF01476
A0A150MCJ8,3,PF01476
A0A150MHP4,1,PF01476
A0A150MHP4,2,PF01476
A0A150MMM4,1,PF01476
A0A150MMM4,2,PF01476
A0A150MMM4,3,PF01476
A0A150MUD4,1,PF01476
A0A150MUD4,2,PF01476
A0A150N0I2,1,PF01476
A0A150N0I2,2,PF01476
A0A150N0I2,3,PF01476
A0A150N3Y9,1,PF01476
A0A150N3Y9,2,PF01476
A0A150PQG0,1,PS51257
A0A150PQG0,2,SM00495
A0A150QFY1,1,PS51257
A0A150QQ24,1,PF02839
A0A150QR64,1,SM00495
A0A150RXD6,1,SM00495
A0A150TLB7,1,PS51257
A0A150TLB7,2,PF02839
A0A150VK72,1,PF00553
A0A150VK72,2,PF00041
A0A150VQ20,2,PF02839
A0A150VTV0,1,PF02018
A0A150VTV0,2,PF00041
A0A150VU95,1,PF00553
A0A150VU95,2,PF00041
A0A150VV14,1,PF02018
A0A150VV14,2,PF00041
A0A150VZL6,2,PF02839
A0A151AKU1,1,PF01476
A0A151AKU1,2,PF01476
A0A151B7L5,1,PF01476
A0A151B7L5,2,PF01476
A0A151JDG0,1,PF08329
A0A151JDG0,3,PF22352
A0A151JDG0,5,PF02839
A0A151KRS2,1,PF08329
A0A151KRS2,3,PF22352
A0A151KRS2,5,PF02839
A0A151KV96,1,PS51257
A0A151KV96,2,PF02839
A0A151KV96,3,PF17957
A0A151KV96,4,PF17957
A0A151KV96,7,SM00495
A0A151KWB7,1,SM00495
A0A151KWB7,2,PF17957
A0A151KWB7,3,PF17957
A0A151KWB7,4,SM00495
A0A151KWB7,5,PF17957
A0A151KWB7,6,PF17957
A0A151Z265,1,PS51257
A0A154BLE1,1,PS51257
A0A154M4F7,1,PS51318
A0A154M6B1,1,PF02018
A0A154M8G3,2,PF02839
A0A154MH55,1,PF00553
A0A154MH91,1,PF02018
A0A154MH91,2,PF00041
A0A154MI27,1,PF00553
A0A154MWD1,1,PF00553
A0A154MWD1,2,PF00041
A0A157Z3C7,1,PF02839
A0A157Z3C7,2,PF02839
A0A157ZPR2,1,PF02839
A0A157ZPR2,2,PF02839
A0A158BZ86,1,PF02839
A0A158BZ86,2,PF02839
A0A158FKZ6,1,PF02839
A0A158FKZ6,2,PF02839
A0A158GIJ5,1,PF02839
A0A158GIJ5,2,PF02839
A0A158RK37,2,PF00041
A0A158RK37,3,PF00553
A0A158RKB2,1,PF01476
A0A158RKB2,2,PF01476
A0A158RND1,3,PF00535
A0A160F361,1,PF01476
A0A160F361,2,PF01476
A0A160FAY0,1,PF01476
A0A160FAY0,2,PF01476
A0A160INN4,1,PF01476
A0A160INN4,2,PF01476
A0A160IQH5,1,PS51257
A0A160M6A9,1,PF01476
A0A160M6A9,2,PF01476
A0A160MH70,3,PF00535
A0A160NW54,2,PF02839
A0A160NXF0,1,PS51318
A0A160NXF0,3,PF02839
A0A160P440,1,PF02018
A0A160P440,2,PF00041
A0A160P4M9,1,PF02018
A0A160P4M9,2,PF00041
A0A160P4S9,1,PF00553
A0A160P4S9,2,PF00041
A0A160P9I2,1,PS51318
A0A160P9I2,3,PF02839
A0A160VV18,1,PF02839
A0A160VV18,3,PF00553
A0A160VV18,4,PF00553
A0A161HSE5,1,PS51318
A0A161HSE5,3,PF02839
A0A161HSE5,4,SM00495
A0A161I996,1,PF02839
A0A161I996,3,PF02839
A0A161RSW9,1,PF01476
A0A161RSW9,2,PF01476
A0A161TG10,1,PF01476
A0A161TG10,2,PF01476
A0A161U5X6,1,PF00395
A0A161U5X6,3,PF00395
A0A161WI86,2,PF02839
A0A161WI86,3,PF02839
A0A161WS86,1,PF01476
A0A161WS86,2,PF01476
A0A161WWD7,1,PF02018
A0A161WWD7,2,PF00041
A0A161XA03,2,PF02839
A0A161XA03,3,PF02839
A0A161XZM9,1,SM00495
A0A161XZM9,2,PF17957
A0A161XZM9,3,G3DSA:2.60.40.10
A0A161XZM9,5,SM00495
A0A161Y9R2,1,PF08329
A0A161Y9R2,3,G3DSA:2.60.40.10
A0A161Y9R2,4,PF02839
A0A161Y9R2,5,PF02839
A0A161ZPN7,1,PF01476
A0A161ZPN7,2,PF01476
A0A161ZPN7,3,PF01476
A0A162A635,1,SM00495
A0A162A635,2,PF17957
A0A162A635,3,G3DSA:2.60.40.10
A0A162BGT0,2,SM00495
A0A162C664,1,SM00495
A0A162C664,2,PF17957
A0A162C9I3,1,PF08329
A0A162C9I3,3,PF22352
A0A162C9I3,4,G3DSA:2.60.40.10
A0A162C9I3,5,PF02839
A0A162CFA3,1,SM00495
A0A162CFA3,2,PF17957
A0A162CFA3,3,PF17957
A0A162CFA3,4,SM00495
A0A162CFA3,5,PF17957
A0A162CFA3,6,PF17957
A0A162D0D2,1,PF01476
A0A162D0D2,2,PF01476
A0A162H5X5,1,PF08329
A0A162H5X5,3,PF22352
A0A162H5X5,5,PF02839
A0A162KB46,2,PF00041
A0A162KB46,3,PF02839
A0A162KVM9,1,PF01476
A0A162KVM9,2,PF01476
A0A162MWH2,1,PF07833
A0A162NYY8,1,PF01476
A0A162NYY8,2,PF01476
A0A162Q0A4,1,PF07833
A0A162Q6W8,3,PF00535
A0A162WKQ7,2,PF02839
A0A162WKQ7,3,PF02839
A0A162XIB9,1,PF02839
A0A162XIB9,2,PF17957
A0A162XIB9,3,SM00495
A0A162XIB9,4,PF17957
A0A162XIE1,2,PF17957
A0A162XIE1,3,PF17957
A0A162XIE1,4,PF02839
A0A162XIE1,5,PF17957
A0A162XIE1,7,SM00495
A0A162XIE1,8,PF17957
A0A163AXN8,1,PS51257
A0A163DDM9,1,PF00553
A0A163DDM9,2,PF00553
A0A163DGH2,1,PF02839
A0A163DGH2,2,PF00041
A0A163DYH5,1,PF07833
A0A163E358,1,PF00395
A0A163E358,2,PF00395
A0A163E358,3,PF00395
A0A163F2P1,1,PF00553
A0A163H9L9,1,PF07833
A0A163HL57,1,G3DSA:2.60.40.10
A0A163HL57,2,G3DSA:2.60.40.10
A0A163HL57,4,PF00041
A0A163HL57,5,PF00395
A0A163HL57,6,PF00395
A0A163HL57,7,PF00395
A0A163LUU6,2,PF00041
A0A163LUU6,3,PF02839
A0A163MF62,2,PF02839
A0A163PPX2,1,PF02839
A0A163PPX2,3,PF02839
A0A163PQ20,2,PF02839
A0A163PT45,1,PS51318
A0A163PT45,3,PF02839
A0A163PT45,4,SM00495
A0A163QWF7,1,PS51318
A0A163QWF7,2,PF02839
A0A163QWF7,4,PF02839
A0A163R571,1,PF01476
A0A163R571,2,PF01476
A0A163SLY1,1,PF01476
A0A163SLY1,2,PF01476
A0A163SLY1,3,PF01476
A0A163T2U1,2,PF02839
A0A163UBZ0,2,PF00041
A0A163UBZ0,3,PF02839
A0A163VTC1,1,PF02839
A0A163VTC1,2,PF00041
A0A163XXL4,1,PF00553
A0A163XXL4,2,PF00553
A0A163YVY6,2,PF08239
A0A164AKG9,2,PF00041
A0A164AKG9,3,PF02839
A0A164GXY1,3,PF00535
A0A164HFR0,2,PF00041
A0A164HFR0,3,PF00553
A0A164J341,2,PF02018
A0A164MEK0,2,PF00041
A0A164MEK0,3,PF00553
A0A164QJ36,1,PF02839
A0A164RM01,2,PF02839
A0A164RPS7,1,PF02018
A0A164RPS7,2,PF00041
A0A164SEJ1,2,PF02839
A0A164SEJ1,3,PF02839
A0A164VVM6,1,PF01476
A0A164VVM6,2,PF01476
A0A165HC65,1,PF01476
A0A165NVG3,1,PS51257
A0A165RBG3,1,PF02839
A0A165RBG3,2,PF00041
A0A165V006,4,PF02839
A0A165X646,1,PF01476
A0A165X646,2,PF01476
A0A165YNP7,1,G3DSA:2.60.40.10
A0A165YNP7,2,PF17957
A0A165YNP7,3,PF17957
A0A165YNP7,4,PF17957
A0A166H8N1,1,PS51257
A0A166H8N1,2,PF02839
A0A166H8N1,3,PF17957
A0A166H8N1,4,PF17957
A0A166K826,2,G3DSA:2.60.40.10
A0A166K826,3,PF02839
A0A166QXY6,1,G3DSA:2.60.40.10
A0A166RUP3,1,PF02839
A0A166SF99,1,PS51318
A0A166U110,1,PS51318
A0A166UPM9,1,PF00041
A0A166W4Z2,1,SM00495
A0A166W4Z2,2,PF17957
A0A166W7E3,1,PF08329
A0A166W7E3,3,PF22352
A0A166W7E3,4,G3DSA:2.60.40.10
A0A166W7E3,5,PF02839
A0A166W7H8,1,PF17957
A0A166W7H8,2,G3DSA:2.60.40.10
A0A166W7H8,4,SM00495
A0A166WQH4,1,SM00495
A0A166WQH4,2,PF17957
A0A166WQH4,3,PF17957
A0A166WQH4,4,SM00495
A0A166WQH4,5,PF17957
A0A166WQH4,6,PF17957
A0A166YI59,1,PF08329
A0A166YI59,3,PF22352
A0A166YI59,4,PF22352
A0A166YI59,5,SM00495
A0A166YI59,6,SM00495
A0A166YZT8,1,PF08329
A0A166YZT8,3,PF22352
A0A166YZT8,4,PF22352
A0A166YZT8,5,SM00495
A0A166YZT8,6,SM00495
A0A166ZV84,1,PF08329
A0A166ZV84,3,G3DSA:2.60.40.10
A0A166ZV84,4,PF02839
A0A166ZV84,5,PF02839
A0A167ADA2,1,PF07833
A0A167B1K0,1,SM00495
A0A167B1K0,2,PF17957
A0A167B1M0,1,PF08329
A0A167B1M0,3,G3DSA:2.60.40.10
A0A167B1M0,4,PF02839
A0A167B1M0,5,PF02839
A0A167BW68,1,SM00495
A0A167BW68,2,PF17957
A0A167CRP4,1,SM00495
A0A167CRP4,2,PF17957
A0A167CRP4,3,PF17957
A0A167CRP4,4,SM00495
A0A167CRP4,5,PF17957
A0A167CRP4,6,PF17957
A0A167DDZ5,2,SM00495
A0A167DIX6,1,PF08329
A0A167DIX6,3,G3DSA:2.60.40.10
A0A167DIX6,4,G3DSA:2.60.40.10
A0A167DIX6,5,PF02839
A0A167EGQ7,1,PF08329
A0A167EGQ7,3,PF22352
A0A167EGQ7,4,PF22352
A0A167EGQ7,5,SM00495
A0A167EGQ7,6,SM00495
A0A167ER16,1,PF02839
A0A167ER16,2,PF17957
A0A167ESH1,1,PF07833
A0A167FMG9,1,SM00495
A0A167FMG9,2,PF17957
A0A167FMG9,3,PF17957
A0A167FMG9,4,SM00495
A0A167FMG9,5,PF17957
A0A167FMG9,6,PF17957
A0A167FVT0,1,SM00495
A0A167FVT0,2,PF17957
A0A167G0Z6,1,SM00495
A0A167G0Z6,2,PF17957
A0A167G0Z6,3,PF17957
A0A167G0Z6,5,SM00495
A0A167G124,1,PF08329
A0A167G124,3,PF22352
A0A167G124,4,G3DSA:2.60.40.10
A0A167G124,5,PF02839
A0A167G4F2,1,PF00395
A0A167G4F2,2,PF00395
A0A167G4F2,3,PF00395
A0A167GAH6,2,SM00495
A0A167H3A9,1,PF02839
A0A167H3A9,2,PF17957
A0A167IVE5,1,SM00495
A0A167IVE5,2,PF17957
A0A167IVE5,3,G3DSA:2.60.40.10
A0A167IVE5,5,SM00495
A0A167IVF7,1,PF08329
A0A167IVF7,3,G3DSA:2.60.40.10
A0A167IVF7,4,G3DSA:2.60.40.10
A0A167IVF7,5,PF02839
A0A167KEU4,1,SM00495
A0A167KEU4,2,PF17957
A0A167KEU4,3,PF17957
A0A167KEU4,4,SM00495
A0A167KEU4,5,PF17957
A0A167KEU4,6,PF17957
A0A167KH66,1,PF08329
A0A167KH66,3,G3DSA:2.60.40.10
A0A167KH66,4,PF02839
A0A167KH66,5,PF02839
A0A167L059,1,PF08329
A0A167L059,3,PF22352
A0A167L059,4,PF22352
A0A167L059,5,SM00495
A0A167L059,6,SM00495
A0A167LFY5,1,SM00495
A0A167LFY5,2,PF17957
A0A167LFY5,3,G3DSA:2.60.40.10
A0A167LFY5,5,SM00495
A0A167LHU1,1,PF08329
A0A167LHU1,3,PF22352
A0A167LHU1,4,PF22352
A0A167LHU1,5,SM00495
A0A167LHU1,6,SM00495
A0A167NE22,1,SM00495
A0A167NE22,2,PF17957
A0A167NYS9,1,SM00495
A0A167NYS9,2,PF17957
A0A167NYT8,1,PF08329
A0A167NYT8,3,G3DSA:2.60.40.10
A0A167NYT8,4,PF02839
A0A167NYT8,5,PF02839
A0A167U8J0,1,PF01476
A0A167U8J0,2,PF01476
A0A167U8J0,3,PF01476
A0A168ENL9,2,PF02839
A0A168FD10,1,G3DSA:2.60.40.10
A0A168FD10,2,PF00041
A0A168FD10,4,PF00041
A0A168FD10,5,PF00395
A0A168FD10,6,PF00395
A0A168FD10,7,PF00395
A0A168FTY2,2,PF02839
A0A168K4J0,1,PF00395
A0A168K4J0,2,PF00395
A0A168K4J0,3,PF00395
A0A168KQD3,1,PF02839
A0A168KQD3,2,PF00041
A0A168LC64,3,PF00041
A0A168LC64,4,PF02839
A0A168LT82,2,PF00041
A0A168LT82,3,PF02839
A0A168MP19,1,PF02839
A0A168MP19,2,PF00041
A0A168MYS8,1,PF00395
A0A168MYS8,2,PF00395
A0A168MYS8,3,PF00395
A0A168N714,1,PF07833
A0A168NG35,1,PF07833
A0A168NKW0,1,PF07833
A0A168PHJ0,1,PF01476
A0A168PHJ0,2,PF01476
A0A168QPY1,2,PF00041
A0A168QPY1,4,PF00041
A0A168QPY1,6,PF00395
A0A168QPY1,7,PF00395
A0A169FP00,1,PF01476
A0A169FP00,2,PF01476
A0A170RV86,1,PF00553
A0A170RV86,2,PF00041
A0A170RVE8,1,PF02018
A0A170UCS3,1,PF00553
A0A170YHB9,1,PS51257
A0A170ZR08,1,PS51318
A0A170ZR08,2,PF02018
A0A170ZR08,3,PF00041
A0A171ASV3,1,PF00553
A0A171ASV3,2,PF00041
A0A171BVG0,1,PF00553
A0A171BVG0,2,PF00041
A0A171BVH3,1,PF02839
A0A171BVH3,2,PF00041
A0A171BVI5,1,PF02018
A0A171BVI5,2,G3DSA:2.60.40.10
A0A171D4L8,1,PF00553
A0A171DM41,2,PF00041
A0A171DPV7,1,PF02018
A0A172TDL8,1,PF02839
A0A172TDL8,2,PF00041
A0A172TDL8,3,PF00041
A0A172TDM6,1,PF07833
A0A172TDP2,1,PF07833
A0A172TDP2,2,PF08239
A0A172TGJ8,2,PF00041
A0A172TGJ8,3,PF02839
A0A172TGJ8,4,PF00041
A0A172TGJ8,5,PF02839
A0A172TPA8,1,PF01476
A0A172TPA8,2,PF01476
A0A172XRV6,3,PF00535
A0A172YXV8,2,PF00041
A0A172YXV8,3,PF02839
A0A172ZDY9,1,PF07833
A0A172ZE68,2,PF02839
A0A172ZMR7,1,PF07833
A0A172ZMR7,2,PF08239
A0A173LVK5,1,PF00553
A0A173LVK5,2,PF00553
A0A173N005,1,PF00041
A0A173RTR8,1,PF08239
A0A173S5W1,1,PF08239
A0A173VNL2,1,PF07833
A0A173WAT2,1,PF07833
A0A173ZT57,1,PF01476
A0A173ZWQ3,2,PF08239
A0A174D2K3,3,PF02839
A0A174ED41,1,PF08239
A0A174EQN4,1,PF01476
A0A174EQN4,2,PF01476
A0A174FDF7,1,PS51257
A0A174FIX2,1,PF08239
A0A174G5L4,1,PF01476
A0A174G8K2,1,PF08239
A0A174GHC2,2,PF08239
A0A174HBL2,1,PS51257
A0A174I539,1,PF08239
A0A174IBK8,1,PS51257
A0A174IDN6,1,PF08239
A0A174JIY2,1,PS51257
A0A174JR63,1,PS51257
A0A174K8F5,1,PS51257
A0A174KPE2,1,PF08239
A0A174LI47,1,PS51257
A0A174LM37,1,PF01476
A0A174LZF0,1,PF01476
A0A174MZU5,1,PS51257
A0A174P4H5,1,PS51257
A0A174QJF1,1,PF07833
A0A174QJF1,2,PF08239
A0A174RB09,3,PF02839
A0A174RW74,1,PS51257
A0A174S0Y8,1,PS51257
A0A174S7F9,1,PS51257
A0A174SUY5,1,PF00395
A0A174SUY5,2,PF00395
A0A174SWY7,4,PF02839
A0A174TMX2,1,PS51257
A0A174US24,1,PS51257
A0A174VT83,1,PF01476
A0A174VVG6,1,PS51257
A0A174YV80,1,PF07833
A0A174ZBM9,1,PF08239
A0A174ZCK0,1,PF07833
A0A175VDJ3,1,PS51257
A0A175VMD7,1,PF08329
A0A175VMD7,3,PF22352
A0A175VMD7,5,PF02839
A0A175VMD7,6,PF02839
A0A175VN16,1,SM00495
A0A175VN16,2,PF17957
A0A175VN16,3,PF17957
A0A175VN16,5,SM00495
A0A176J2S3,1,PF01476
A0A176J2S3,2,PF01476
A0A176J357,1,PS51257
A0A176U1T1,1,PF08239
A0A177HSD9,1,PF00553
A0A177HSD9,2,PF00041
A0A177KNX4,1,PF01476
A0A177KNX4,2,PF01476
A0A177KYZ6,1,PF01476
A0A177KYZ6,2,PF01476
A0A177KYZ6,3,PF01476
A0A177L277,1,PF01476
A0A177L277,2,PF01476
A0A177L6B5,1,PF01476
A0A177L6B5,2,PF01476
A0A177L6B5,3,PF01476
A0A177XXU5,1,PF08329
A0A177XXU5,3,PF22352
A0A177XXU5,5,PF02839
A0A177Y555,1,PS51257
A0A177Y555,2,PF02839
A0A177Y555,3,PF17957
A0A177Y555,4,PF17957
A0A177Y555,7,SM00495
A0A177ZYW7,1,PF01476
A0A177ZYW7,2,PF01476
A0A178A249,1,PF01476
A0A178A249,2,PF01476
A0A178A249,3,PF01476
A0A178J6H9,1,PF08329
A0A178J6H9,3,PF22352
A0A178J6H9,5,PF02839
A0A178JA59,1,PS51257
A0A178JA59,2,PF02839
A0A178JA59,3,PF17957
A0A178JA59,4,PF17957
A0A178JA59,7,SM00495
A0A178K491,2,G3DSA:2.60.40.10
A0A178K491,3,PF02839
A0A178K491,4,PF02839
A0A178KKW3,1,PF02839
A0A178KKW3,2,PF17957
A0A178KKW3,3,PF17957
A0A178KKW3,4,SM00495
A0A178KKW3,5,PF17957
A0A178KKW3,6,PF17957
A0A178KLV5,1,PS51257
A0A178KLV5,2,PF02839
A0A178KLV5,3,PF17957
A0A178KLV5,4,PF17957
A0A178LBI4,6,PF00553
A0A178LBI4,7,PF00553
A0A178WPS9,1,PS51318
A0A178WTL3,1,PF02018
A0A178WW55,2,PF02839
A0A178WW55,3,PF02839
A0A178WX51,2,PF02018
A0A178X7E6,1,PS51318
A0A178X8B6,1,PS51318
A0A178XDC2,1,PF02018
A0A178XDC2,2,PF00041
A0A179B3N0,1,PS51257
A0A179ESS7,1,PS51257
A0A179ESS7,3,PF00041
A0A179ESS7,4,PF02839
A0A179EUA9,1,SM00495
A0A179EUA9,5,PF02839
A0A179SNB8,3,PF00535
A0A179SQD3,1,PF01476
A0A179SQD3,2,PF01476
A0A179SQD3,3,PF01476
A0A179SQD3,4,PF01476
A0A179SQD3,5,PF01476
A0A179SQD3,7,G3DSA:2.60.40.10
A0A179SQD3,8,G3DSA:2.60.40.10
A0A179SQD3,9,G3DSA:2.60.40.10
A0A179SQD3,11,G3DSA:2.60.40.10
A0A179SQD3,13,G3DSA:2.60.40.10
A0A179SQD3,14,PF01476
A0A179SQD3,16,PF01476
A0A179SQD3,17,PF01476
A0A179SQD3,18,PF01476
A0A179SRF6,1,PF01476
A0A179SRF6,2,PF01476
A0A181ZA88,1,PF02018
A0A191TJT0,1,PS51257
A0A191UUW1,2,PF02839
A0A191UY20,1,PF00553
A0A191V2N7,1,PF02018
A0A191V2N7,2,PF00041
A0A191V3D9,1,PF00553
A0A191V3D9,2,PF00041
A0A191V4B9,1,PS51318
A0A191V4B9,2,PF02018
A0A191V4B9,3,PF00041
A0A191WDT0,1,PF02839
A0A191WDT0,3,PF02839
A0A191WDW2,1,PS51318
A0A191WDW2,3,PF02839
A0A191WDW2,4,PF02839
A0A192CDH1,1,SM00495
A0A192CDH1,2,SM00495
A0A192CDH1,3,SM00495
A0A192CDH1,4,SM00495
A0A192CDH1,5,SM00495
A0A192CDH1,6,PF02839
A0A192CDH1,7,SM00495
A0A192EVR1,1,SM00495
A0A192EVR1,2,SM00495
A0A192EVR1,3,SM00495
A0A192EVR1,4,SM00495
A0A192EVR1,5,SM00495
A0A192EVR1,6,PF02839
A0A192EVR1,7,SM00495
A0A193BTW5,1,PF00553
A0A193BU08,1,PF02018
A0A193BU08,2,PF00041
A0A193BWZ8,2,PF02839
A0A193BXJ7,1,PS51318
A0A193BZ98,1,PS51318
A0A193BZ98,2,PF00553
A0A193BZ98,3,PF00041
A0A193BZ98,4,PF00041
A0A193C5U0,1,PF02018
A0A193KZD9,1,PF02018
A0A193KZF2,3,PF02839
A0A193SIJ6,2,PF00041
A0A193SIJ6,3,PF02839
A0A197SHP5,1,PF02018
A0A197SHP5,2,PF00041
A0A197SJ45,1,PF00553
A0A197SJ45,2,PF00041
A0A197SK94,1,PF00553
A0A197SK94,2,PF00041
A0A197SNT1,1,PF02018
A0A197SNT1,2,PF00041
A0A197SWV8,2,SM00495
A0A197ZX66,1,PF00395
A0A197ZX66,2,PF00395
A0A198AFD0,1,PF07833
A0A198AFD0,2,PF08239
A0A198AQS9,1,PF01476
A0A198AQS9,2,PF01476
A0A1A5P6D2,1,PF00553
A0A1A5P6D2,2,PF00041
A0A1A5P8P3,1,PF02018
A0A1A5P8P3,2,PF00041
A0A1A5YJA0,1,PF01476
A0A1A5YJA0,2,PF01476
A0A1A5YUA1,1,PF00395
A0A1A5YUA1,2,PF00395
A0A1A5YUA1,3,PF00395
A0A1A5YVG0,1,PF07833
A0A1A6AHV8,1,PF00041
A0A1A6AZJ4,1,PF01476
A0A1A6AZJ4,2,PF01476
A0A1A6FR20,1,PS51257
A0A1A6LY37,1,PS51257
A0A1A6LY37,2,PF02839
A0A1A6LY37,3,PF17957
A0A1A6LY37,4,PF17957
A0A1A6XVC8,1,SM00495
A0A1A6XVC8,2,PF17957
A0A1A6XVC8,3,PF00041
A0A1A8ZCZ0,1,PF02839
A0A1A8ZLX3,1,PF00553
A0A1A8ZNR3,1,PF02839
A0A1A8ZRA9,1,PS51318
A0A1A8ZSK1,1,PF00553
A0A1A8ZSK1,2,PF00041
A0A1A8ZWW4,1,PF00553
A0A1A9A2B3,1,PF00553
A0A1A9A2B3,2,PF00041
A0A1A9B4K9,2,PF02839
A0A1A9B4K9,3,PF02839
A0A1A9B839,1,PF00553
A0A1A9B9W6,1,PS51257
A0A1A9B9W6,2,PF02839
A0A1A9BAD3,1,PS51257
A0A1A9BAD3,2,PF02839
A0A1A9BD06,1,PF02839
A0A1A9BEU0,1,PS51318
A0A1A9BJL1,1,PS51257
A0A1A9BK63,1,PF02018
A0A1A9BK63,2,PF00041
A0A1A9BM51,1,PF02018
A0A1A9BM51,2,PF00041
A0A1A9BMN5,3,PF02839
A0A1A9BRL9,1,PF00553
A0A1A9BRL9,2,PF00041
A0A1A9BUQ1,1,PF00553
A0A1A9BUX9,1,PF02018
A0A1A9BUX9,2,PF00041
A0A1A9CH90,1,PF02018
A0A1A9CH90,2,PF00041
A0A1A9CMR2,2,PF02839
A0A1A9CRN4,1,PS51318
A0A1A9CRN4,3,SM00495
A0A1A9D2A7,1,PF02018
A0A1A9D2A7,2,PF00041
A0A1A9D4Y3,1,PS51318
A0A1A9DMI5,1,PF00553
A0A1A9DMI5,2,PF00041
A0A1A9HKF5,1,SM00495
A0A1A9HKF5,2,PF00041
A0A1A9I4P3,3,PF00535
A0A1A9IVQ8,1,PF00553
A0A1A9J078,1,PF02018
A0A1A9J078,2,PF00041
A0A1A9J296,1,PF02018
A0A1A9J296,2,PF00041
A0A1A9J3I5,1,PF00553
A0A1A9J3I5,2,PF00041
A0A1A9J3S5,1,PS51318
A0A1A9J3S5,3,G3DSA:2.60.40.10
A0A1A9J3S5,4,PF02839
A0A1A9J7L2,1,PF00553
A0A1A9J7L2,2,PF00041
A0A1B0ZFP7,1,PS51318
A0A1B1ARI3,1,PF02018
A0A1B1ARI3,2,PF00041
A0A1B1ASB2,1,PF00553
A0A1B1ASB2,2,PF00041
A0A1B1AT98,1,PF02018
A0A1B1AT98,2,PF00041
A0A1B1AXJ7,2,PF02839
A0A1B1B8Y5,1,PF00553
A0A1B1I2Z2,1,PS51257
A0A1B1MEX0,1,PS51257
A0A1B1MG85,1,PF02018
A0A1B1MG85,2,PF00041
A0A1B1MHC2,1,PF00553
A0A1B1MHC2,2,PF00041
A0A1B1MW17,1,PF00395
A0A1B1MW17,2,PF00395
A0A1B1MW17,3,PF00395
A0A1B1N302,1,PF07833
A0A1B1N462,1,PF02839
A0A1B1N462,2,PF00041
A0A1B1N6W4,2,PF02839
A0A1B1N799,1,PF07833
A0A1B1NNG7,3,PF02839
A0A1B1NNG7,4,PF02839
A0A1B1SCA5,1,PS51257
A0A1B1YAV0,1,PF01476
A0A1B1YAV0,2,PF01476
A0A1B1YAV0,3,PF08239
A0A1B1YE67,1,PF00395
A0A1B1YE67,2,PF00395
A0A1B1YE67,3,PF00395
A0A1B1YFZ5,1,PF07833
A0A1B1YI42,1,PF01476
A0A1B1YI42,2,PF01476
A0A1B1YI42,3,PF08239
A0A1B1YLC2,1,PF00395
A0A1B1YLC2,2,PF00395
A0A1B1YLC2,3,PF00395
A0A1B1YNE6,1,PF07833
A0A1B1Z0Y6,1,PF01476
A0A1B1Z0Y6,2,PF01476
A0A1B1Z353,1,PF01476
A0A1B1Z353,2,PF01476
A0A1B1Z353,3,PF01476
A0A1B1Z5F4,1,PF01476
A0A1B1Z5F4,2,PF01476
A0A1B1Z7Z8,1,PS51257
A0A1B2DDF9,1,PF01476
A0A1B2DDF9,2,PF01476
A0A1B2DIZ6,1,PF07833
A0A1B2DNW8,1,PF07833
A0A1B2E335,1,PF07833
A0A1B2E6R7,1,PF00395
A0A1B2E6R7,2,PF00395
A0A1B2E6R7,3,PF00395
A0A1B2E703,1,PF07833
A0A1B2E9J0,1,G3DSA:2.60.40.10
A0A1B2E9J0,2,PF00041
A0A1B2E9J0,4,PF00041
A0A1B2E9J0,6,PF00395
A0A1B2E9J0,7,PF00395
A0A1B2HCF3,1,PS51257
A0A1B2HCF3,2,PF02018
A0A1B2HJX3,1,PF00553
A0A1B2HP36,1,PF00553
A0A1B2HPA0,1,PF00553
A0A1B2HUH1,1,PS51318
A0A1B2HYJ9,1,PF00553
A0A1B2HYJ9,2,PF00041
A0A1B2HZQ5,2,PF02839
A0A1B2Z8C2,1,PS51257
A0A1B3XJ27,2,PF00553
A0A1B3XPP8,1,PF01476
A0A1B3XPP8,2,PF01476
A0A1B3XTV0,1,PF01476
A0A1B3XTV0,2,PF01476
A0A1B3XUL7,1,PF01476
A0A1B3XUL7,2,PF01476
A0A1B4PL98,1,PF02839
A0A1B4Q3D5,1,PF08329
A0A1B4Q3D5,3,PF22352
A0A1B4Q3D5,5,SM00495
A0A1B4Q3D5,6,SM00495
A0A1B6AQS0,1,PS51318
A0A1B7KSL6,1,PF01476
A0A1B7KSL6,2,PF01476
A0A1B7KX15,1,PF01476
A0A1B7KX15,2,PF01476
A0A1B7KX15,3,PF01476
A0A1B7UGS5,1,SM00495
A0A1B7UGS5,2,PF17957
A0A1B7UGS5,3,PF17957
A0A1B7XA99,5,PF02839
A0A1B8RLE8,4,SM00495
A0A1B8RLE8,6,SM00495
A0A1B8RPU4,2,G3DSA:2.60.40.10
A0A1B8RPU4,3,G3DSA:2.60.40.10
A0A1B8RPU4,4,PF02839
A0A1B8RQT4,2,PF00553
A0A1B8UL16,1,PS51318
A0A1B8UL16,3,PF00041
A0A1B8UL16,4,PF02839
A0A1B8UQ13,1,PF07833
A0A1B8URL4,1,PF02839
A0A1B8URL4,2,PF00041
A0A1B8USV1,1,PF07833
A0A1B8USV1,2,PF08239
A0A1B8UWY7,1,PF00395
A0A1B8UWY7,2,PF00395
A0A1B8UWY7,3,PF00395
A0A1B8VVW0,1,PF07833
A0A1B8VVW0,2,PF08239
A0A1B8W2J3,1,G3DSA:2.60.40.10
A0A1B8W2J3,2,G3DSA:2.60.40.10
A0A1B8W2J3,4,G3DSA:2.60.40.10
A0A1B8W2J3,5,PF00395
A0A1B8W2J3,6,PF00395
A0A1B8W2J3,7,PF00395
A0A1B8W2Q1,1,PF01476
A0A1B8W2Q1,2,PF01476
A0A1B8W336,1,PF00395
A0A1B8W336,2,PF00395
A0A1B8W336,3,PF00395
A0A1B8W7B3,2,PF00041
A0A1B8W7B3,3,PF02839
A0A1B8W8A2,1,PF00395
A0A1B8W8A2,2,PF00395
A0A1B8W8A2,3,PF00395
A0A1B8WB41,1,PF00395
A0A1B8WB41,2,PF00395
A0A1B8WB41,3,PF00395
A0A1B8YD05,2,PF02839
A0A1B8ZDG0,3,PF00041
A0A1B8ZIQ3,3,G3DSA:2.60.40.10
A0A1B8ZIU9,2,PF00041
A0A1B8ZN33,3,PF00535
A0A1B8ZWE9,3,PF00535
A0A1B9ABQ2,1,PF01476
A0A1B9ABQ2,2,PF01476
A0A1B9ACX2,1,PF01476
A0A1B9ACX2,2,PF01476
A0A1B9AHQ2,3,PF00535
A0A1B9AMI8,1,PF01476
A0A1B9AMI8,2,PF01476
A0A1B9AMI8,3,PF01476
A0A1B9ARF9,1,PF01476
A0A1B9ARF9,2,PF01476
A0A1B9AVW4,3,PF00535
A0A1B9AXY6,1,PF01476
A0A1B9AXY6,2,PF01476
A0A1B9B3M8,1,PF01476
A0A1B9B3M8,2,PF01476
A0A1B9B3M8,3,PF01476
A0A1B9B7G2,1,PF01476
A0A1B9B7G2,2,PF01476
A0A1B9B8K4,1,PF01476
A0A1B9B8K4,2,PF01476
A0A1B9B8K4,3,PF01476
A0A1B9ELZ0,1,PF00553
A0A1B9ELZ0,2,PF00041
A0A1B9EN76,1,PS51318
A0A1B9EN76,3,PF02839
A0A1B9EP24,1,PF02018
A0A1B9EP24,2,PF00041
A0A1B9EZR1,1,PF02018
A0A1B9EZR1,2,PF00041
A0A1B9NUD9,1,PF08329
A0A1B9NUD9,3,PF22352
A0A1B9NUD9,5,PF02839
A0A1B9NYL4,1,SM00495
A0A1B9NYL4,2,PF17957
A0A1B9NYL4,3,PF17957
A0A1B9NYL4,4,SM00495
A0A1B9NYL4,5,PF17957
A0A1B9NYL4,6,PF17957
A0A1B9NYN0,4,SM00495
A0A1B9NYN0,6,SM00495
A0A1B9P1C2,1,SM00495
A0A1B9P1C2,2,PF17957
A0A1B9P1C2,3,PF17957
A0A1B9P3E4,1,PF17957
A0A1B9P3E4,2,PF17957
A0A1B9P3E4,3,PF17957
A0A1B9P3E4,5,SM00495
A0A1B9PN68,1,PF08329
A0A1B9PN68,3,PF22352
A0A1B9PN68,5,SM00495
A0A1B9PPT9,1,SM00495
A0A1B9PPT9,2,PF17957
A0A1B9PPT9,3,PF17957
A0A1B9QFE5,1,PF08329
A0A1B9QFE5,3,PF22352
A0A1B9QFE5,5,PF02839
A0A1B9QXI8,1,PF08329
A0A1B9QXI8,3,PF22352
A0A1B9QXI8,5,PF02839
A0A1B9QYH1,1,G3DSA:2.60.40.10
A0A1B9QYH1,2,PF17957
A0A1B9QYH1,3,PF17957
A0A1B9QYH1,4,PF17957
A0A1B9R1F9,4,PF02839
A0A1B9R1F9,5,SM00495
A0A1C0TJ45,1,PF08329
A0A1C0TJ45,3,PF22352
A0A1C0TJ45,4,G3DSA:2.60.40.10
A0A1C0TJ45,5,PF02839
A0A1C0TJM1,1,PF17957
A0A1C0TJM1,2,G3DSA:2.60.40.10
A0A1C0TJM1,4,SM00495
A0A1C0TKU0,1,SM00495
A0A1C0TKU0,2,PF17957
A0A1C0TML5,1,SM00495
A0A1C0TML5,2,PF17957
A0A1C0TML5,3,PF17957
A0A1C0TML5,4,SM00495
A0A1C0TML5,5,PF17957
A0A1C0TML5,6,PF17957
A0A1C0TNL0,1,PF08329
A0A1C0TNL0,3,PF22352
A0A1C0TNL0,4,PF22352
A0A1C0TNL0,5,SM00495
A0A1C0TNL0,6,SM00495
A0A1C0TSD4,1,SM00495
A0A1C0TSD4,2,PF17957
A0A1C0TSD4,3,G3DSA:2.60.40.10
A0A1C0TSH9,1,PF08329
A0A1C0TSH9,3,G3DSA:2.60.40.10
A0A1C0TSH9,4,PF02839
A0A1C0TSH9,5,PF02839
A0A1C0U7R9,2,PF02839
A0A1C1A2D1,2,PF08239
A0A1C1A5P0,1,PF01476
A0A1C1A5P0,2,PF01476
A0A1C1A619,2,PF00395
A0A1C1A619,3,PF00395
A0A1C1A619,4,PF00395
A0A1C1A8G9,1,PF00395
A0A1C1A8G9,3,PF00395
A0A1C2GH46,3,PF00535
A0A1C2XYT8,1,PF01476
A0A1C2XYT8,2,PF01476
A0A1C2XYT8,3,PF01476
A0A1C2Y1R2,1,PF01476
A0A1C2Y1R2,2,PF01476
A0A1C3D4C4,1,PF01476
A0A1C3D4C4,2,PF01476
A0A1C3EC26,1,PS51257
A0A1C3EC26,2,SM00495
A0A1C3EC26,3,PF17957
A0A1C3EC26,4,PF17957
A0A1C3ELZ3,1,PF08329
A0A1C3ELZ3,3,PF22352
A0A1C3ELZ3,5,PF02839
A0A1C3EQW0,1,PS51257
A0A1C3EQW0,2,SM00495
A0A1C3EQW0,3,PF17957
A0A1C3EQW0,4,PF17957
A0A1C3EQW0,5,SM00495
A0A1C3EQW0,6,PF17957
A0A1C3EQW0,7,PF17957
A0A1C3F5T1,1,PF01476
A0A1C3F5T1,2,PF01476
A0A1C3F7G1,1,PS51257
A0A1C3HA89,2,PF00041
A0A1C3HA89,3,PF02839
A0A1C3HH76,2,SM00495
A0A1C3HLG1,1,PF08329
A0A1C3IUB2,1,PF08329
A0A1C3IUB2,3,PF22352
A0A1C3IUB2,5,PF02839
A0A1C3J0Y2,1,PS51257
A0A1C3J0Y2,2,PF02839
A0A1C3J0Y2,3,PF17957
A0A1C3J0Y2,4,PF17957
A0A1C3J888,4,PF02839
A0A1C3J983,1,PS51257
A0A1C3J983,2,PF02839
A0A1C3J983,3,PF17957
A0A1C3J983,4,PF17957
A0A1C3JDY7,1,PF08329
A0A1C3JDY7,3,PF22352
A0A1C3JDY7,5,PF02839
A0A1C3MZA5,1,PS51318
A0A1C3N026,1,PS51318
A0A1C3N026,2,PF00553
A0A1C3N078,1,PF02839
A0A1C3ND22,1,PF00553
A0A1C3NJ71,1,PS51257
A0A1C3ZHR2,2,PF00041
A0A1C3ZHR2,3,PF00553
A0A1C3ZND9,2,PF00041
A0A1C3ZND9,3,PF00553
A0A1C3ZQ90,2,PF00041
A0A1C3ZQ90,3,PF00553
A0A1C4DTF1,1,PS51257
A0A1C4EJ75,3,PF00535
A0A1C4EK78,1,PF01476
A0A1C4EK78,2,PF01476
A0A1C4F2A2,3,PF00535
A0A1C4FC03,1,PF01476
A0A1C4FC03,2,PF01476
A0A1C4GMP8,1,SM00495
A0A1C4GMP8,2,SM00495
A0A1C4GMP8,3,SM00495
A0A1C4GMP8,4,SM00495
A0A1C4HUM8,2,PF02018
A0A1C4I1L9,1,PS51318
A0A1C4I1L9,3,PF02839
A0A1C4JKF9,1,PF02018
A0A1C4JKF9,2,PF00041
A0A1C4JWF3,1,PF02018
A0A1C4JWF3,2,PF00041
A0A1C4JZS8,1,PF02018
A0A1C4KAB4,1,PS51318
A0A1C4KN19,1,PF00553
A0A1C4KN19,2,PF00041
A0A1C4KV92,1,PF00553
A0A1C4LA62,1,PF02018
A0A1C4LA62,2,PF00041
A0A1C4MMI6,1,PF02018
A0A1C4MMI6,2,PF00041
A0A1C4PFK0,1,PS51318
A0A1C4PFK0,2,PF02018
A0A1C4PFK0,3,PF00041
A0A1C4PHC2,2,PF02018
A0A1C4PQU2,1,PS51318
A0A1C4PV35,1,PF02018
A0A1C4PV35,2,PF00041
A0A1C4Q2E5,1,PS51318
A0A1C4Q793,1,PF00553
A0A1C4Q793,2,PF00041
A0A1C4QJP8,1,PF00553
A0A1C4QJP8,2,PF00041
A0A1C4QQA8,1,PF00553
A0A1C4R1J0,2,PF02839
A0A1C4RP96,1,PS51318
A0A1C4RP96,2,PF02018
A0A1C4RP96,3,PF00041
A0A1C4RRG9,1,PF00553
A0A1C4RRG9,2,PF00041
A0A1C4RWP5,2,PF02839
A0A1C4S054,1,PF00553
A0A1C4S054,2,PF00041
A0A1C4S906,1,PF00553
A0A1C4SIW6,1,PS51318
A0A1C4SIW6,2,PF02018
A0A1C4TMV9,1,PF02018
A0A1C4TMV9,2,PF00041
A0A1C4TQX0,1,PF02018
A0A1C4TQX0,2,PF00041
A0A1C4TRU3,1,PF00553
A0A1C4TRU3,2,PF00041
A0A1C4TXD4,1,PF02839
A0A1C4UB58,1,PF00553
A0A1C4UUV3,1,PF00553
A0A1C4UUV3,2,PF00041
A0A1C4UV27,1,PF00553
A0A1C4VJE2,1,PF02839
A0A1C4VLD4,1,PF00553
A0A1C4VYJ9,1,PS51318
A0A1C4W181,1,PF00553
A0A1C4W628,1,PS51318
A0A1C4W628,2,PF00553
A0A1C4W6F3,1,PF00553
A0A1C4W6F3,2,PF00041
A0A1C4W8R9,1,PF00553
A0A1C4WFZ0,1,PF00553
A0A1C4WFZ0,2,PF00041
A0A1C4WG69,1,PF02839
A0A1C4WJC1,1,PF00553
A0A1C4WJC1,2,PF00041
A0A1C4WVS7,1,PF00553
A0A1C4WWC1,1,PF00553
A0A1C4X156,1,PF00553
A0A1C4X312,1,PF00553
A0A1C4X396,1,PS51318
A0A1C4XCS5,1,PF00553
A0A1C4XKQ0,1,PF00553
A0A1C4XLP6,1,PF00553
A0A1C4XND5,1,PF02839
A0A1C4XQV5,1,PF00553
A0A1C4XVV5,1,PS51318
A0A1C4Y6Z9,1,PF00553
A0A1C4Y9X8,1,PS51318
A0A1C4YCY1,1,PF00553
A0A1C4YP09,3,SM00495
A0A1C4YPS3,1,PF02839
A0A1C4YQV8,1,PF00553
A0A1C4YUB2,1,PF02839
A0A1C4YY48,2,PF02839
A0A1C4YY48,3,PF02839
A0A1C4Z0S6,2,PF02839
A0A1C4Z7H7,1,PS51318
A0A1C4Z8Z7,1,PF02839
A0A1C4ZJ45,1,PF00553
A0A1C4ZJ45,2,PF00041
A0A1C4ZJA6,1,PF00553
A0A1C5A366,1,PF00553
A0A1C5A812,1,PF00553
A0A1C5BL58,1,PS51318
A0A1C5BL58,2,PF02018
A0A1C5BL58,3,PF00041
A0A1C5BSD0,1,PF00553
A0A1C5C6F4,1,PS51318
A0A1C5C6F4,3,PF02839
A0A1C5CQC2,1,PF00553
A0A1C5CQC2,2,PF00041
A0A1C5CUK7,1,PF00553
A0A1C5CUK7,2,PF00041
A0A1C5CYZ5,1,PF02018
A0A1C5CYZ5,2,PF00041
A0A1C5D372,1,PF02018
A0A1C5D372,2,PF00041
A0A1C5D5G0,1,PF02018
A0A1C5D5G0,2,PF00041
A0A1C5D7Y1,1,PF02018
A0A1C5D7Y1,2,PF00041
A0A1C5DHA0,2,PF02018
A0A1C5DN59,1,PF00553
A0A1C5DN59,2,PF00041
A0A1C5DP70,1,PF00553
A0A1C5DP70,2,PF00041
A0A1C5DPA9,1,PS51318
A0A1C5DPA9,3,PF02018
A0A1C5DR27,1,PF02018
A0A1C5DR27,2,PF00041
A0A1C5DT09,1,PF00553
A0A1C5DT09,2,PF00041
A0A1C5F543,1,PS51318
A0A1C5FWF3,1,PS51318
A0A1C5G3Z3,1,PF00553
A0A1C5G5J5,1,PF00553
A0A1C5G7S8,1,PF00553
A0A1C5GL79,1,PF00553
A0A1C5GT19,1,PF00553
A0A1C5GW86,1,PF00553
A0A1C5GZR7,2,PF02839
A0A1C5GZR7,3,PF02839
A0A1C5H4Z4,1,PF02839
A0A1C5H6C2,1,PF00553
A0A1C5H9B9,1,PF02839
A0A1C5HMB6,1,PF00553
A0A1C5HMD2,1,PF00553
A0A1C5HN85,1,PF00553
A0A1C5HV03,1,PS51318
A0A1C5I4C5,1,PF00553
A0A1C5I6V3,2,PF02839
A0A1C5I6V3,3,PF02839
A0A1C5IK55,1,PF00553
A0A1C5IK55,2,PF00041
A0A1C5IYH7,1,PF00553
A0A1C5J281,1,PF02839
A0A1C5JDM7,1,PS51257
A0A1C5JDM7,2,PF02839
A0A1C5JDN6,1,PS51257
A0A1C5JDN6,2,PF02839
A0A1C5JJK1,1,PF00553
A0A1C5K7P7,1,PS51318
A0A1C5KIX8,1,PF07833
A0A1C5KIX8,2,PF08239
A0A1C5KYX9,1,PF07833
A0A1C5LE34,3,PF01476
A0A1C5LE34,4,PF01476
A0A1C5LQU2,1,PF01476
A0A1C5LQU2,2,PF01476
A0A1C5LV40,1,PF01476
A0A1C5LV40,2,PF01476
A0A1C5MLG0,1,PF07833
A0A1C5MLG0,2,PF08239
A0A1C5PBS6,1,PS51257
A0A1C5PBS6,2,PF08239
A0A1C5PF82,2,PF00395
A0A1C5PF82,3,PF00395
A0A1C5PF82,4,PF00395
A0A1C5PKT8,1,PF07833
A0A1C5PKT8,2,PF08239
A0A1C5PMA4,1,PF08239
A0A1C5PRN6,1,PS51257
A0A1C5Q453,1,PS51257
A0A1C5QLX2,1,PF08239
A0A1C5QMZ5,1,PF08239
A0A1C5RBR7,1,PF08239
A0A1C5RL40,1,PF07833
A0A1C5RL40,2,PF08239
A0A1C5S4D8,1,PF08239
A0A1C5SCI3,1,PF08239
A0A1C5SSB2,1,PF01476
A0A1C5TK31,1,PF07833
A0A1C5TK31,2,PF08239
A0A1C5TQ55,1,PF08239
A0A1C5U761,3,PF01476
A0A1C5U761,4,PF01476
A0A1C5VCL4,1,PF07833
A0A1C5VCL4,2,PF08239
A0A1C5X6M2,1,PF00395
A0A1C5X6M2,2,PF00395
A0A1C5X6M2,3,PF00395
A0A1C5Y1Z6,1,PF08239
A0A1C5Y412,1,PF01476
A0A1C5Y412,2,PF01476
A0A1C5Y4G7,1,PF01476
A0A1C5YGF5,1,PF01476
A0A1C5YM23,1,PF07833
A0A1C5YM23,2,PF08239
A0A1C5YTL9,1,PS51257
A0A1C6AM40,1,PF01476
A0A1C6AM40,2,PF01476
A0A1C6B142,1,PS51257
A0A1C6B1N4,2,PF08239
A0A1C6B1N4,3,PF01476
A0A1C6B1N4,4,PF01476
A0A1C6B6H2,2,PF08239
A0A1C6B9H2,1,PF08239
A0A1C6BFR6,1,PF01476
A0A1C6BFR6,2,PF01476
A0A1C6BI33,1,PF01476
A0A1C6BI33,2,PF01476
A0A1C6BKG8,1,PF01476
A0A1C6BKG8,2,PF01476
A0A1C6CRH6,1,PF01476
A0A1C6CRH6,2,PF01476
A0A1C6DJG8,1,PF01476
A0A1C6DJG8,2,PF01476
A0A1C6E1S2,1,PF08239
A0A1C6EI38,1,PF00395
A0A1C6FCX3,1,PF01476
A0A1C6GFT0,1,PF01476
A0A1C6GPU2,1,PF00395
A0A1C6GPU2,2,PF00395
A0A1C6H4X2,1,PF01476
A0A1C6H4X2,2,PF01476
A0A1C6HAX0,2,PF08239
A0A1C6HAX0,3,PF08239
A0A1C6HAX0,4,PF08239
A0A1C6HBP5,1,PS51257
A0A1C6HPN4,1,PF00395
A0A1C6HPN4,2,PF00395
A0A1C6HQK3,1,PF01476
A0A1C6HQK3,2,PF01476
A0A1C6I3F0,1,PF08239
A0A1C6IBB0,1,PF01476
A0A1C6IBB0,2,PF01476
A0A1C6IED6,1,PF08239
A0A1C6IIW9,2,PF00395
A0A1C6IIW9,3,PF00395
A0A1C6IIW9,4,PF00395
A0A1C6IMJ3,1,PF01476
A0A1C6IMJ3,2,PF01476
A0A1C6IQA3,1,PF08239
A0A1C6JEI7,1,PF07833
A0A1C6JG10,1,PS51257
A0A1C6JG10,2,PF08239
A0A1C6JRE2,1,PF00395
A0A1C6JRE2,2,PF00395
A0A1C6JRE2,3,PF00395
A0A1C6M839,1,PF00553
A0A1C6M839,2,PF00041
A0A1C6MB92,1,PF02018
A0A1C6MB92,2,PF00041
A0A1C6MJR3,1,PS51318
A0A1C6MYS9,1,PS51318
A0A1C6MYS9,2,PF02018
A0A1C6MYS9,3,PF00041
A0A1C6NNH1,1,PF00553
A0A1C6NNH1,2,PF00041
A0A1C6NVW5,1,PS51257
A0A1C6NXF0,2,SM00495
A0A1C6P1I6,1,PF00553
A0A1C6P1I6,2,PF00041
A0A1C6P7V3,1,PF02018
A0A1C6P7V3,2,PF00041
A0A1C6PFZ8,1,PF02018
A0A1C6PFZ8,2,PF00041
A0A1C6Q8G4,1,PS51318
A0A1C6QH57,1,PF00553
A0A1C6QH57,2,PF00041
A0A1C6QN34,1,PF00553
A0A1C6QN34,2,PF00041
A0A1C6QQE5,1,PF02018
A0A1C6QQE5,2,PF00041
A0A1C6QT19,1,PF00041
A0A1C6QVT2,1,PS51318
A0A1C6QVT2,3,PF02839
A0A1C6QYB2,1,PF00553
A0A1C6QYB2,2,PF00041
A0A1C6R307,1,PF02018
A0A1C6R307,2,PF00041
A0A1C6R8J4,1,PF00553
A0A1C6RGM1,1,PF00553
A0A1C6RM43,1,PF00553
A0A1C6RNX5,1,PF00553
A0A1C6S1U8,1,PF00553
A0A1C6SBL6,1,PS51318
A0A1C6T735,1,PF00553
A0A1C6TI14,1,PF00553
A0A1C6TR31,1,PF02839
A0A1C6TWQ6,1,PS51318
A0A1C6TWQ6,2,PF00553
A0A1C6TYX4,1,PF00553
A0A1C6TYX4,2,PF00041
A0A1C6U6Q4,1,PF02839
A0A1C6UA79,1,PS51318
A0A1C6UA79,2,PF02018
A0A1C6UA79,3,PF00041
A0A1C6ULR4,1,PF02839
A0A1C6UNF6,1,PS51318
A0A1C6V088,1,PF00553
A0A1C6V789,1,PF00553
A0A1C6VF67,1,PF00553
A0A1C6VJ81,1,PF00553
A0A1C6VQ27,1,PF00553
A0A1C6VSM4,1,PF00553
A0A1C6VSU6,1,PF00553
A0A1C6VSU6,2,PF00041
A0A1C6VX67,1,PF00553
A0A1C6VY64,1,PF00553
A0A1C6W3D5,1,PF02839
A0A1C6W4B1,2,PF02839
A0A1C6W4B1,3,PF02839
A0A1C7FGE2,4,PF02839
A0A1C7FGE2,6,SM00495
A0A1C7GQD5,1,PF01476
A0A1C7GQD5,2,PF01476
A0A1C7ICN6,1,PF01476
A0A1C7ICN6,2,PF01476
A0A1C7IER3,1,PF07833
A0A1C7IER3,2,PF08239
A0A1C8FNW5,2,PF02839
A0A1C8FNW5,3,PF02839
A0A1C9J7J5,3,G3DSA:2.60.40.10
A0A1C9J7J5,4,PF02839
A0A1D2I5F1,1,PF02018
A0A1D2I5F1,2,PF00041
A0A1D2IEK3,1,PF00553
A0A1D2IEK3,2,PF00041
A0A1D2QHN0,1,PS51318
A0A1D2WTF8,1,PS51257
A0A1D2YTC3,2,PF00395
A0A1D2YTC3,3,PF00395
A0A1D2YTC3,4,PF00395
A0A1D2YUQ0,1,PF01476
A0A1D2YUQ0,2,PF01476
A0A1D3DPY6,1,PS51318
A0A1D3DPY6,2,PF00553
A0A1D3DPY6,3,PF00041
A0A1D3DQM0,1,PF02018
A0A1D3DQM0,2,PF00041
A0A1D3DUY9,1,PF00553
A0A1D3DXR8,2,SM00495
A0A1D3DYM7,1,PS51318
A0A1D3MXC6,3,PF00535
A0A1D3NR81,2,PF00041
A0A1D3NR81,3,PF00553
A0A1D3PKR0,1,PF01476
A0A1D3PKR0,2,PF01476
A0A1D3TRH3,1,PF07833
A0A1D3TRH3,2,PF08239
A0A1D7QAL3,1,PS51257
A0A1D7QKG3,1,PS51257
A0A1D7VP16,1,PS51318
A0A1D7VSD0,1,PS51318
A0A1D7VSD0,2,PF02018
A0A1D7VSD0,3,PF00041
A0A1D7XWT5,3,G3DSA:2.60.40.10
A0A1D7XWT5,4,G3DSA:2.60.40.10
A0A1D7Y3J7,1,PS51318
A0A1D7Y3J7,3,PF02018
A0A1D7Y3M8,2,PF02839
A0A1D7Y5E3,1,PS51318
A0A1D7Y5E3,2,PF02018
A0A1D7Y5E3,3,PF00041
A0A1D7Y8Y0,1,PF02018
A0A1D7Y8Y0,2,PF00041
A0A1D7Y925,1,PF00553
A0A1D7Y925,2,PF00041
A0A1D7Y9Z9,1,PF02018
A0A1D7Y9Z9,2,PF00041
A0A1D7YKJ5,2,PF02018
A0A1D8FXG6,3,PF02839
A0A1D8G5S1,1,PF02018
A0A1D8G5S1,2,PF00041
A0A1D8G6J7,1,PS51318
A0A1D8G6J7,2,PF00553
A0A1D8G6J7,3,PF00041
A0A1D8G7B4,1,PF02018
A0A1D8G7B4,2,PF00041
A0A1D8GDS1,2,PF00395
A0A1D8GDS1,3,PF00395
A0A1D8GDS1,4,PF00395
A0A1D8GL06,1,PF01476
A0A1D8GL06,2,PF01476
A0A1D8GQ78,1,PF07833
A0A1D8GQ78,2,PF08239
A0A1D8JGA7,1,PF01476
A0A1D8JGA7,2,PF01476
A0A1D8JK67,1,PF01476
A0A1D8JK67,2,PF01476
A0A1D9BCQ2,1,PF02839
A0A1D9BCQ2,2,PF02839
A0A1D9BD05,1,PF02839
A0A1D9BD05,2,PF02839
A0A1D9BD05,3,SM00495
A0A1D9BGU6,1,PS51257
A0A1D9BJ65,1,PF02839
A0A1D9BJ65,2,PF02839
A0A1D9LDZ6,1,PS51257
A0A1D9LDZ6,2,PF02839
A0A1D9LEX9,1,PF02839
A0A1D9LKK0,2,G3DSA:2.60.40.10
A0A1D9LKK0,3,PF02839
A0A1D9LLN2,2,PF02839
A0A1D9LLN2,3,PF02839
A0A1D9LNR6,1,PF02839
A0A1D9P4N9,1,PF08239
A0A1D9PCF9,1,PS51257
A0A1E3AJV1,1,PF08239
A0A1E3AR80,1,PF08239
A0A1E3KXD2,2,PF02839
A0A1E3L6C6,1,PF07833
A0A1E3L967,1,PF07833
A0A1E3WHQ5,2,PF02839
A0A1E3WHQ5,4,SM00495
A0A1E3WIF6,1,PF08329
A0A1E3WIF6,3,PF22352
A0A1E3WIF6,5,PF02839
A0A1E3WN92,2,G3DSA:2.60.40.10
A0A1E3WN92,3,PF02839
A0A1E3WN92,4,PF02839
A0A1E4NQA8,1,PS51257
A0A1E4QZ33,1,PS51257
A0A1E4R166,1,PF01476
A0A1E4R166,2,PF01476
A0A1E4RAE1,1,PF01476
A0A1E4RAE1,2,PF01476
A0A1E4RAE1,3,PF01476
A0A1E4VGB5,1,PF08329
A0A1E4VGB5,3,PF22352
A0A1E4VGB5,4,G3DSA:2.60.40.10
A0A1E4VGB5,5,PF02839
A0A1E4VGB5,6,PF02839
A0A1E4X7Z0,1,SM00495
A0A1E4X7Z0,2,PF17957
A0A1E4X7Z0,3,PF17957
A0A1E4X7Z0,5,SM00495
A0A1E5BAW0,4,PF02839
A0A1E5BAW0,5,SM00495
A0A1E5BCS1,1,PF08329
A0A1E5BCS1,3,PF22352
A0A1E5BCS1,5,PF02839
A0A1E5BEG9,1,G3DSA:2.60.40.10
A0A1E5BEG9,2,PF17957
A0A1E5BEG9,3,PF17957
A0A1E5BEG9,4,PF17957
A0A1E5C2K8,1,PF08329
A0A1E5C2K8,3,PF22352
A0A1E5C2K8,5,PF02839
A0A1E5C8B7,2,PF02839
A0A1E5C8B7,4,SM00495
A0A1E5CBQ3,1,PF02839
A0A1E5CBQ3,2,PF17957
A0A1E5CBQ3,3,PF17957
A0A1E5CBQ3,4,SM00495
A0A1E5CBQ3,5,PF17957
A0A1E5CBQ3,6,PF17957
A0A1E5CEH4,1,PS51257
A0A1E5CEH4,2,SM00495
A0A1E5CEH4,3,PF17957
A0A1E5CEH4,4,PF17957
A0A1E5CF80,2,G3DSA:2.60.40.10
A0A1E5CF80,3,PF02839
A0A1E5CF80,4,PF02839
A0A1E5D3D5,1,PS51257
A0A1E5D3D5,2,PF02839
A0A1E5D3D5,3,PF17957
A0A1E5D3D5,4,PF17957
A0A1E5E038,1,PF08329
A0A1E5E038,3,PF22352
A0A1E5E038,5,PF02839
A0A1E5E0S8,1,SM00495
A0A1E5E0S8,2,PF17957
A0A1E5E0S8,3,PF17957
A0A1E5E0S8,4,SM00495
A0A1E5E0S8,5,PF17957
A0A1E5E0S8,6,PF17957
A0A1E5E1R5,1,SM00495
A0A1E5E1R5,2,PF17957
A0A1E5E1R5,3,PF17957
A0A1E5FBI2,1,PF08329
A0A1E5FBI2,3,PF22352
A0A1E5FBI2,5,PF02839
A0A1E5FNQ8,1,PS51257
A0A1E5FNQ8,2,PF02839
A0A1E5FNQ8,3,PF17957
A0A1E5FNQ8,4,PF17957
A0A1E5FVW2,2,PF02839
A0A1E5FVW2,4,SM00495
A0A1E5G1A1,1,PF07833
A0A1E5G1A1,2,PF08239
A0A1E5G5R8,2,PF00395
A0A1E5G5R8,3,PF00395
A0A1E5G5R8,4,PF00395
A0A1E5GH02,3,PF00041
A0A1E5GH02,4,PF02839
A0A1E5GS16,3,PF00041
A0A1E5GS16,4,PF02839
A0A1E5K768,1,PF01476
A0A1E5K768,2,PF01476
A0A1E5L1J2,6,PF00041
A0A1E5L1J2,7,PF02839
A0A1E5L1J2,8,PF02839
A0A1E5L265,4,PF00041
A0A1E5L265,5,PF02839
A0A1E5L6J1,2,PF00395
A0A1E5L6J1,3,PF00395
A0A1E5L6J1,4,PF00395
A0A1E5L8Z4,1,PF01476
A0A1E5L8Z4,2,PF01476
A0A1E5L9M3,1,PF07833
A0A1E5LCX1,1,PF01476
A0A1E5LCX1,2,PF01476
A0A1E5LCX1,3,PF08239
A0A1E5LE99,2,PF00395
A0A1E5LE99,3,PF00395
A0A1E5LE99,4,PF00395
A0A1E5LFI6,1,PF07833
A0A1E5LJU1,1,PF07833
A0A1E5MG69,1,PS51257
A0A1E5NZL6,2,PF02839
A0A1E5P601,1,PF00553
A0A1E5P601,2,PF00041
A0A1E5PIN0,1,PF02018
A0A1E5PIN0,2,PF00041
A0A1E5PNE9,2,PF02839
A0A1E5PVE9,1,PF02018
A0A1E5PVE9,2,PF00041
A0A1E5Q2C2,1,PF00553
A0A1E5Q2C2,2,PF00041
A0A1E7DR59,1,PF01476
A0A1E7DR59,2,PF01476
A0A1E7DRH6,1,PF01476
A0A1E7DRH6,2,PF01476
A0A1E7G1M3,2,G3DSA:2.60.40.10
A0A1E7G1M3,3,PF02839
A0A1E7LE79,1,PF02018
A0A1E7LE79,2,PF00041
A0A1E7LFG8,1,PS51318
A0A1E7LFG8,2,PF00553
A0A1E7LFG8,3,PF00041
A0A1E7LGU1,1,PS51318
A0A1E7LGU1,3,PF02839
A0A1E7LR16,1,PF00553
A0A1E7LR16,2,PF00041
A0A1E7LYQ4,1,PF02018
A0A1E7LYQ4,2,PF00041
A0A1E7MZV5,2,PF02018
A0A1E7N351,1,PF02018
A0A1E7NC05,1,PS51318
A0A1E7NC05,2,PF02018
A0A1E7NC67,2,SM00495
A0A1E7NG46,1,PF02018
A0A1E7RP37,1,SM00495
A0A1E7RP37,2,PF17957
A0A1E7RP37,3,PF00041
A0A1E8B479,1,PF01476
A0A1E8B479,2,PF01476
A0A1E8D076,2,PF02839
A0A1E8EX36,1,PF01476
A0A1E8EX36,2,PF01476
A0A1E8PX74,1,PF02839
A0A1E8PX74,2,PF02839
A0A1E9ADB4,1,PF07833
A0A1E9BDS4,1,PS51257
A0A1E9BRL3,1,PS51257
A0A1E9BS88,1,PS51257
A0A1F0GEE6,1,PF07833
A0A1F0GEE6,2,PF08239
A0A1F0I3H2,1,PS51257
A0A1F0IPS3,1,PS51257
A0A1F0J2G3,1,PS51257
A0A1F2JZ26,3,PF00535
A0A1F2Y5W6,1,PF01476
A0A1F2Y5W6,2,PF01476
A0A1F3D6P7,1,PS51257
A0A1F3DE20,4,G3DSA:2.60.40.10
A0A1F3DNM8,1,PS51257
A0A1F3GAE6,1,PS51257
A0A1F3K3T0,3,G3DSA:2.60.40.10
A0A1F3K3T0,4,G3DSA:2.60.40.10
A0A1F3KJ47,3,G3DSA:2.60.40.10
A0A1F3LF06,1,PS51257
A0A1F3PJY7,4,G3DSA:2.60.40.10
A0A1F3PVJ2,1,PS51257
A0A1F4XKJ4,2,PF00395
A0A1F4XKJ4,3,PF00395
A0A1F5B8W6,1,PS51257
A0A1F7IG16,1,PS51257
A0A1F7QV39,2,SM00495
A0A1F7QV39,3,SM00495
A0A1F8LN41,2,G3DSA:2.60.40.10
A0A1F8LN41,3,PF08239
A0A1F8RF17,2,G3DSA:2.60.40.10
A0A1F8RW44,2,PF08239
A0A1F8S160,1,PS51257
A0A1F8S8M9,2,G3DSA:2.60.40.10
A0A1F8TWY2,1,PF01476
A0A1F8TWY2,2,PF01476
A0A1F8TXH3,1,PF00395
A0A1F8TXH3,2,PF00395
A0A1F8TXH3,3,PF00395
A0A1F8TYN0,1,PF00395
A0A1F8TYN0,2,PF00395
A0A1F8TYN0,3,PF00395
A0A1F8UJ32,1,PF07833
A0A1F8UJ55,1,PF01476
A0A1F8UQD8,1,G3DSA:2.60.40.10
A0A1F8UR21,1,PF07833
A0A1F8USQ8,1,PF00041
A0A1F8UUJ4,1,PF07833
A0A1F8V232,1,PF01476
A0A1F8V232,2,PF01476
A0A1G0P9W2,2,PF17957
A0A1G0PI52,1,PS51257
A0A1G0QSH7,2,PF17957
A0A1G0WBU2,1,PF00553
A0A1G0WBU2,3,PF02839
A0A1G0WBU2,7,G3DSA:2.60.40.10
A0A1G0WF35,2,G3DSA:2.60.40.10
A0A1G0WF35,5,PF02839
A0A1G0WUQ5,2,PF17957
A0A1G0YF68,5,PF00041
A0A1G1BBJ5,2,PF17957
A0A1G1BBJ5,3,PF17957
A0A1G1BBJ5,5,G3DSA:2.60.40.10
A0A1G2MS94,2,PF17957
A0A1G3J8S4,3,PF00535
A0A1G3VWS6,1,PS51257
A0A1G3WI86,1,PS51257
A0A1G3X389,1,PS51257
A0A1G4FHY8,1,PF00395
A0A1G4FHY8,2,PF00395
A0A1G4FNU1,1,PF07833
A0A1G4FNU1,2,PF08239
A0A1G4PU27,1,PF01476
A0A1G4PU27,2,PF08239
A0A1G4QLX8,1,PF02839
A0A1G4QLX8,2,PF00041
A0A1G4R7X2,2,PF00041
A0A1G4R7X2,3,PF02839
A0A1G4SFB2,1,PF02839
A0A1G4SFB2,2,PF00041
A0A1G4SHR1,1,PS51257
A0A1G4SQL2,1,PS51257
A0A1G4SR55,1,PF00395
A0A1G4SR55,3,PF00395
A0A1G4T3Z9,1,PF07833
A0A1G4TKA9,1,PF02839
A0A1G4TKA9,2,PF00041
A0A1G4TU54,3,PF00535
A0A1G5CE62,1,PF07833
A0A1G5CK91,1,PF08239
A0A1G5CMU5,1,PS51318
A0A1G5ELT0,1,PS51257
A0A1G5GC00,1,PF08239
A0A1G5GC37,1,PF00553
A0A1G5GC37,2,PF00041
A0A1G5H4A1,1,PF02018
A0A1G5H4A1,2,PF00041
A0A1G5HPM4,1,PF00395
A0A1G5HPM4,2,PF00395
A0A1G5HPM4,3,PF00395
A0A1G5IRP3,1,PF00395
A0A1G5IRP3,2,PF00395
A0A1G5IRP3,3,PF00395
A0A1G5IVQ9,2,G3DSA:2.60.40.10
A0A1G5IVQ9,3,PF02839
A0A1G5IVS7,3,G3DSA:2.60.40.10
A0A1G5IVS7,4,PF02839
A0A1G5L3T0,1,PF00553
A0A1G5LCY2,1,PF07833
A0A1G5LR83,1,PF02018
A0A1G5LR83,2,PF00041
A0A1G5PRC5,2,PF02839
A0A1G5RQL3,1,PF00395
A0A1G5RQL3,2,PF00395
A0A1G5RQL3,3,PF00395
A0A1G5VDF3,1,PS51257
A0A1G5VER3,1,PF08239
A0A1G5XHT3,1,PS51257
A0A1G6A0B5,1,PF07833
A0A1G6A0B5,2,PF08239
A0A1G6G844,1,PS51257
A0A1G6G8Q4,1,PS51257
A0A1G6H2B2,1,PF01476
A0A1G6H2B2,2,PF01476
A0A1G6H6Q8,1,PF00553
A0A1G6H6Q8,2,PF00041
A0A1G6HHJ9,1,PF02018
A0A1G6HHJ9,2,PF00041
A0A1G6I0P1,1,PS51257
A0A1G6IXD7,1,PS51257
A0A1G6JHC1,1,PS51257
A0A1G6LPS8,1,PS51257
A0A1G6M295,1,PF01476
A0A1G6M295,2,PF01476
A0A1G6NF94,1,PF01476
A0A1G6NF94,2,PF01476
A0A1G6NM64,1,PF02018
A0A1G6NM64,2,PF00041
A0A1G6PZG6,1,PS51257
A0A1G6PZR2,1,G3DSA:2.60.40.10
A0A1G6PZR2,2,PF00041
A0A1G6QNW3,1,PF02018
A0A1G6QNW3,2,PF00041
A0A1G6TVZ5,3,PF00535
A0A1G6U8Y2,1,PF02839
A0A1G6VTE5,3,PF00535
A0A1G6W0M6,1,PF00553
A0A1G6W0M6,2,PF00041
A0A1G6W510,1,PS51318
A0A1G6W510,2,PF02839
A0A1G6WMJ9,1,PF00553
A0A1G6WMJ9,2,PF00041
A0A1G7B2R0,1,PS51318
A0A1G7B2R0,3,PF02839
A0A1G7BER5,1,PF00553
A0A1G7BFZ8,1,PF02018
A0A1G7BFZ8,2,PF00041
A0A1G7D529,3,PF00535
A0A1G7E2L3,1,PF02018
A0A1G7E2L3,2,PF00041
A0A1G7FK17,1,PF00395
A0A1G7FK17,2,PF00395
A0A1G7FK17,3,PF00395
A0A1G7G4H2,1,PF00553
A0A1G7G4H2,2,PF00041
A0A1G7GTJ4,1,PF01476
A0A1G7JD47,1,PF02839
A0A1G7JD47,2,PF00041
A0A1G7JLS6,1,PF07833
A0A1G7K985,1,PF00553
A0A1G7KII5,1,PS51318
A0A1G7LRJ4,1,PS51257
A0A1G7LRR5,1,PS51257
A0A1G7MES1,1,PF00553
A0A1G7MES1,2,PF00553
A0A1G7MES1,3,PF00041
A0A1G7N7Z2,2,PF00041
A0A1G7N7Z2,3,PF02839
A0A1G7NUA0,2,PF02839
A0A1G7NWR8,1,PF07833
A0A1G7NWR8,2,PF08239
A0A1G7PBN6,1,PF02839
A0A1G7PBN6,2,PF00041
A0A1G7PBN6,3,PF00041
A0A1G7Q9W0,1,PF00553
A0A1G7QKH7,1,PF00395
A0A1G7QKH7,2,PF00395
A0A1G7QKH7,3,PF00395
A0A1G7QNC5,1,PF02018
A0A1G7R0D1,2,PF17957
A0A1G7R0D1,4,PF17957
A0A1G7R0D1,5,PF02839
A0A1G7R0D1,6,PF17957
A0A1G7R0D1,7,SM00495
A0A1G7RRL0,2,PF17957
A0A1G7RRL0,3,PF02839
A0A1G7RRL0,4,PF17957
A0A1G7RRL0,5,SM00495
A0A1G7RZY3,1,PF02018
A0A1G7RZY3,2,PF00041
A0A1G7TJD5,2,PF02839
A0A1G7TRL5,2,PF02839
A0A1G7TRL5,3,PF02839
A0A1G7UKK8,1,PF07833
A0A1G7UKW9,8,PF02839
A0A1G7V080,1,PF07833
A0A1G7VH87,1,PF00553
A0A1G7VH87,2,PF00041
A0A1G7VHD3,1,PF02018
A0A1G7VHD3,2,PF00041
A0A1G7WA62,1,PS51257
A0A1G7WA62,2,PF02839
A0A1G7WY23,1,PS51257
A0A1G7XB70,1,PF01476
A0A1G7XB70,2,PF01476
A0A1G7XJU0,1,PF08329
A0A1G7XJU0,3,PF22352
A0A1G7XJU0,5,SM00495
A0A1G7Y7M9,1,PF02839
A0A1G7Y7M9,2,PF02839
A0A1G7YTX2,1,PS51257
A0A1G7YTX2,2,SM00495
A0A1G7YTX2,3,PF17957
A0A1G7YTX2,4,PF17957
A0A1G7YTX2,6,SM00495
A0A1G7Z6L1,1,PF01476
A0A1G7ZAE5,1,PF02839
A0A1G7ZAE5,2,PF00041
A0A1G8BMU2,1,PS51257
A0A1G8C017,1,PS51257
A0A1G8C017,2,PF02018
A0A1G8CK85,1,PF01476
A0A1G8CK85,2,PF01476
A0A1G8CQ40,1,PF00553
A0A1G8CQ40,2,PF00553
A0A1G8CQ40,3,PF00041
A0A1G8DCK1,1,PS51257
A0A1G8DCK1,2,PF02839
A0A1G8DD78,3,PF00535
A0A1G8E2A7,1,PS51257
A0A1G8ESJ3,1,PF07833
A0A1G8FNP4,1,PF01476
A0A1G8FNP4,2,PF01476
A0A1G8FNP4,3,PF01476
A0A1G8GXN4,1,PF01476
A0A1G8GXN4,2,PF01476
A0A1G8GXN4,3,PF01476
A0A1G8H291,1,PS51257
A0A1G8H2Z7,1,PF02839
A0A1G8H2Z7,2,PF00041
A0A1G8H2Z7,3,PF00041
A0A1G8IS28,1,PS51257
A0A1G8LNE5,1,PF01476
A0A1G8LNE5,2,PF01476
A0A1G8MBV9,3,PF00535
A0A1G8RUZ1,2,PF02839
A0A1G8RUZ1,3,PF02839
A0A1G8UW04,2,PF02839
A0A1G8V559,1,PS51318
A0A1G8WFN5,1,PF00553
A0A1G8WFN5,2,PF00041
A0A1G8X0X7,1,PF01476
A0A1G8X0X7,2,PF01476
A0A1G8X9H8,1,PF00553
A0A1G8Z199,1,PF00553
A0A1G8ZS20,1,PF00395
A0A1G8ZS20,2,PF00395
A0A1G8ZS20,3,PF00395
A0A1G9A982,1,PF01476
A0A1G9A982,2,PF01476
A0A1G9AK42,1,PS51257
A0A1G9AK42,2,PF02018
A0A1G9BIM1,1,PF02018
A0A1G9BIM1,2,PF00041
A0A1G9C4S6,1,PF08239
A0A1G9EBQ3,1,PF00553
A0A1G9EBQ3,2,PF00553
A0A1G9EBQ3,3,PF00041
A0A1G9F1T6,1,PF02018
A0A1G9F1T6,2,PF00041
A0A1G9F733,2,PF02839
A0A1G9G313,1,PF07833
A0A1G9GIM1,2,SM00495
A0A1G9HT84,1,PF07833
A0A1G9HXE2,4,SM00495
A0A1G9IXX9,1,PS51257
A0A1G9IXZ4,1,PS51257
A0A1G9IZ81,1,PF02018
A0A1G9IZ81,2,PF00041
A0A1G9J6Y7,1,PF01476
A0A1G9J6Y7,2,PF01476
A0A1G9KBC8,1,PS51318
A0A1G9KBC8,2,PF02839
A0A1G9KGR7,1,PS51257
A0A1G9LPB6,1,PF00553
A0A1G9LPB6,2,PF00553
A0A1G9LPB6,3,PF00041
A0A1G9MW80,4,PF00535
A0A1G9N7F8,1,PS51318
A0A1G9N7F8,2,PF02839
A0A1G9NZX5,1,PS51318
A0A1G9NZX5,2,PF02018
A0A1G9NZX5,3,PF00041
A0A1G9P3H2,1,PF01476
A0A1G9P3H2,2,PF01476
A0A1G9RFU5,1,PF02018
A0A1G9RFU5,2,PF00041
A0A1G9RKP2,1,PF02018
A0A1G9RKP2,2,PF00041
A0A1G9S1R9,6,PF02839
A0A1G9SAU2,2,PF02839
A0A1G9SAU2,3,PF02839
A0A1G9SB69,3,PF02839
A0A1G9SB69,4,PF02839
A0A1G9SCI1,1,PF02018
A0A1G9SCI1,2,PF00041
A0A1G9SCS9,1,PF00553
A0A1G9SCS9,2,PF00041
A0A1G9SEI8,1,PF02839
A0A1G9SEI8,2,PF00041
A0A1G9SSV8,1,PF00553
A0A1G9STQ9,1,PS51318
A0A1G9STQ9,4,PF02839
A0A1G9SW34,1,PF01476
A0A1G9SW34,2,PF01476
A0A1G9TIW6,1,PF00553
A0A1G9UD02,1,PS51257
A0A1G9UHP2,2,PF00395
A0A1G9UHP2,3,PF00395
A0A1G9UHP2,4,PF00395
A0A1G9UW11,1,PF02839
A0A1G9UW11,2,PF02839
A0A1G9UWH7,1,PF02839
A0A1G9UWH7,2,PF02839
A0A1G9VIY6,1,PS51318
A0A1G9VJC3,1,PF01476
A0A1G9VJC3,2,PF01476
A0A1G9VK01,1,PS51318
A0A1G9VTI6,1,PF00553
A0A1G9VX61,1,PF01476
A0A1G9VX61,2,PF01476
A0A1G9W3R3,1,PF07833
A0A1G9W3U4,1,PF01476
A0A1G9W3U4,2,PF01476
A0A1G9W9H1,1,PF01476
A0A1G9W9H1,2,PF01476
A0A1G9WW48,2,PF02839
A0A1G9XB17,1,PS51257
A0A1G9XDI6,1,PF02018
A0A1G9XDI6,2,PF00041
A0A1G9XZU3,2,SM00495
A0A1G9Y2S2,2,PF02839
A0A1G9Y7M5,1,PS51318
A0A1G9YFN8,1,PS51318
A0A1G9YK44,1,PF01476
A0A1G9YK44,2,PF01476
A0A1G9ZH74,1,PF07833
A0A1G9ZQF3,1,PS51318
A0A1G9ZQF3,2,PF02018
A0A1H0,2,PF00041
A0A1H0,3,PF00553
A0A1H0A336,1,PF00553
A0A1H0A7S4,1,PF07833
A0A1H0A7S4,2,PF08239
A0A1H0AD63,1,PS51318
A0A1H0AD63,2,PF02018
A0A1H0AM30,1,PS51318
A0A1H0AM30,2,PF02018
A0A1H0AM30,3,PF00041
A0A1H0ANL5,1,PF01476
A0A1H0ANL5,2,PF01476
A0A1H0ANL5,3,PF01476
A0A1H0B9Q4,1,PF00553
A0A1H0B9Q4,2,PF00041
A0A1H0BIQ1,1,PF01476
A0A1H0BIQ1,2,PF01476
A0A1H0C8X5,1,PF01476
A0A1H0C8X5,2,PF01476
A0A1H0CM79,1,PF01476
A0A1H0CM79,2,PF01476
A0A1H0D6C1,1,PF00553
A0A1H0D6C1,2,PF00041
A0A1H0DH57,1,PF01476
A0A1H0DH57,2,PF01476
A0A1H0DH57,3,PF01476
A0A1H0E9I2,1,PF00553
A0A1H0E9I2,2,PF00041
A0A1H0EHD9,1,PS51257
A0A1H0EHM6,1,PS51257
A0A1H0EY77,1,PF01476
A0A1H0EY77,2,PF01476
A0A1H0FAV1,1,PF00553
A0A1H0FH94,1,PF01476
A0A1H0FH94,2,PF01476
A0A1H0FQE3,1,PF01476
A0A1H0FQE3,2,PF01476
A0A1H0FQE3,3,PF01476
A0A1H0GEX6,2,PF02839
A0A1H0GHP8,1,PF00553
A0A1H0GNA8,1,PF00553
A0A1H0HAW0,2,PF00041
A0A1H0HAW0,3,PF02839
A0A1H0HM87,1,PF02018
A0A1H0IS39,1,PF01476
A0A1H0IXH9,1,PF00553
A0A1H0L6S2,1,PS51318
A0A1H0LKS3,2,PF00395
A0A1H0LKS3,3,PF00395
A0A1H0LKS3,4,PF00395
A0A1H0LY38,1,PF01476
A0A1H0LY38,2,PF01476
A0A1H0NJA2,1,PS51318
A0A1H0NTK8,3,SM00495
A0A1H0Q5D6,1,PF07833
A0A1H0Q5D6,2,PF08239
A0A1H0Q7E2,2,PF02839
A0A1H0QBX7,1,PF00553
A0A1H0QCF0,2,PF02839
A0A1H0QIJ6,1,PF02018
A0A1H0QIJ6,2,PF00041
A0A1H0RU11,1,PS51318
A0A1H0S237,2,PF02839
A0A1H0SSJ9,1,PF07833
A0A1H0SSJ9,2,PF08239
A0A1H0TZW1,1,PS51257
A0A1H0TZW1,2,PF02018
A0A1H0U2M6,1,PS51257
A0A1H0U3E8,1,PS51257
A0A1H0UKS4,2,G3DSA:2.60.40.10
A0A1H0UKS4,3,SM00495
A0A1H0UXZ6,2,G3DSA:2.60.40.10
A0A1H0UXZ6,3,G3DSA:2.60.40.10
A0A1H0VY41,1,PF00553
A0A1H0VY41,2,PF00553
A0A1H0VY41,3,PF00041
A0A1H0WCY9,1,PF01476
A0A1H0WCY9,2,PF01476
A0A1H0WCY9,3,PF01476
A0A1H0WCY9,4,PF01476
A0A1H0WCY9,5,PF01476
A0A1H0WCY9,6,G3DSA:2.60.40.10
A0A1H0WCY9,7,G3DSA:2.60.40.10
A0A1H0WCY9,8,G3DSA:2.60.40.10
A0A1H0WCY9,9,G3DSA:2.60.40.10
A0A1H0WCY9,10,G3DSA:2.60.40.10
A0A1H0WCY9,11,PF01476
A0A1H0WCY9,13,PF01476
A0A1H0WCY9,14,PF01476
A0A1H0X2E8,1,PF01476
A0A1H0X2E8,2,PF01476
A0A1H0X5M0,1,PS51257
A0A1H0XBN8,1,PS51257
A0A1H0XBW6,1,PS51257
A0A1H0XEV3,3,PF00535
A0A1H0XNQ9,1,PF01476
A0A1H0XNQ9,2,PF01476
A0A1H1CTS4,1,PF01476
A0A1H1CTS4,2,PF01476
A0A1H1D3I4,2,PF00041
A0A1H1D3I4,3,PF02839
A0A1H1DI83,1,PS51257
A0A1H1DI83,2,SM00495
A0A1H1DI83,3,PF17957
A0A1H1DI83,4,PF00041
A0A1H1F551,1,SM00495
A0A1H1F551,2,PF17957
A0A1H1F551,3,PF00041
A0A1H1FMH2,1,PF01476
A0A1H1FMH2,2,PF01476
A0A1H1FMH2,3,PF01476
A0A1H1ITI3,2,PF02839
A0A1H1ITI3,3,PF02839
A0A1H1M1L4,2,PF00041
A0A1H1NII8,3,PF00535
A0A1H1PJ41,1,PS51318
A0A1H1PJ41,3,PF02839
A0A1H1PJ41,4,PF02839
A0A1H1PSU7,2,PF02839
A0A1H1PSU7,3,PF02839
A0A1H1PTA1,1,PF02839
A0A1H1PTA1,3,PF02839
A0A1H1PUI3,1,PF02839
A0A1H1PUI3,3,PF02839
A0A1H1Q1P2,1,PS51318
A0A1H1QM59,1,PF07833
A0A1H1RYM4,1,PS51318
A0A1H1T117,1,PS51257
A0A1H1VDJ4,2,PF02839
A0A1H1W997,1,PS51318
A0A1H1W997,2,PF07833
A0A1H2BAV8,2,PF02839
A0A1H2C0L7,1,PS51257
A0A1H2C0L7,2,SM00495
A0A1H2CX35,1,PS51257
A0A1H2CX35,2,SM00495
A0A1H2CXB4,1,PS51257
A0A1H2CXB4,2,PF02839
A0A1H2GQY4,1,PS51318
A0A1H2GQY4,2,PF00553
A0A1H2GQY4,3,PF00041
A0A1H2JAI3,2,PF02839
A0A1H2JAI3,3,PF02839
A0A1H2Q523,1,PS51257
A0A1H2QDF1,1,PF01476
A0A1H2QDF1,2,PF01476
A0A1H2QYI5,1,PF00395
A0A1H2QYI5,2,PF00395
A0A1H2QYI5,3,PF00395
A0A1H2RAP4,1,PF00395
A0A1H2RAP4,2,PF00395
A0A1H2RAP4,3,PF00395
A0A1H2T356,1,PS51257
A0A1H2TEI7,1,PF00553
A0A1H2TEI7,2,PF00041
A0A1H2U679,1,PF01476
A0A1H2U679,2,PF01476
A0A1H2V1Q9,1,PS51257
A0A1H2VAJ0,1,PF01476
A0A1H2VAJ0,2,PF01476
A0A1H2W256,1,PF01476
A0A1H2WZM2,2,PF00041
A0A1H2WZM2,3,PF02839
A0A1H2X1G0,1,PF02839
A0A1H2X1G0,2,PF00041
A0A1H3BQ75,1,PF07833
A0A1H3BQ75,2,PF08239
A0A1H3CXU1,1,PF07833
A0A1H3DH20,1,PF07833
A0A1H3DTX7,1,PF07833
A0A1H3DTX7,2,PF08239
A0A1H3ET76,4,PF00395
A0A1H3ET76,5,PF00395
A0A1H3ET76,6,PF00395
A0A1H3FVC4,1,PF00553
A0A1H3FVC4,2,PF00041
A0A1H3FY47,1,PF00553
A0A1H3GB38,2,PF00041
A0A1H3GB38,3,PF02839
A0A1H3IJS6,3,PF08239
A0A1H3JKF1,1,PS51318
A0A1H3K077,2,PF00395
A0A1H3K077,3,PF00395
A0A1H3K077,4,PF00395
A0A1H3K5W0,1,PF02018
A0A1H3K5W0,2,PF00041
A0A1H3M303,1,PF07833
A0A1H3M834,1,SM00495
A0A1H3M834,2,PF00041
A0A1H3MM31,1,SM00495
A0A1H3MM31,2,PF17957
A0A1H3MM31,3,PF00041
A0A1H3MQL7,1,PF08239
A0A1H3MVL0,2,SM00495
A0A1H3MVL0,3,SM00495
A0A1H3NCC0,1,PF02018
A0A1H3NNK0,1,PF00553
A0A1H3NNK6,1,PF00553
A0A1H3NQ15,1,PF00553
A0A1H3P647,1,PF00553
A0A1H3Q012,3,PF00535
A0A1H3Q151,1,PF00553
A0A1H3QD37,1,PF01476
A0A1H3QD37,2,PF01476
A0A1H3R438,1,PF00553
A0A1H3R438,2,PF00041
A0A1H3R4C0,1,PF00553
A0A1H3R4C0,2,PF00041
A0A1H3RCU9,1,PF01476
A0A1H3RCU9,2,PF01476
A0A1H3RCU9,3,PF01476
A0A1H3RCU9,4,PF01476
A0A1H3RCU9,5,PF01476
A0A1H3RCU9,6,G3DSA:2.60.40.10
A0A1H3RCU9,7,G3DSA:2.60.40.10
A0A1H3RCU9,8,G3DSA:2.60.40.10
A0A1H3RCU9,9,G3DSA:2.60.40.10
A0A1H3RCU9,11,PF01476
A0A1H3RCU9,13,PF01476
A0A1H3RUC6,2,G3DSA:2.60.40.10
A0A1H3RUC6,3,PF02839
A0A1H3RUQ4,1,PF00553
A0A1H3RUQ4,2,PF00041
A0A1H3V259,1,PF01476
A0A1H3V259,2,PF01476
A0A1H3WG75,1,PF01476
A0A1H3WG75,2,PF01476
A0A1H3WG75,3,PF01476
A0A1H3X171,1,PF01476
A0A1H3X171,2,PF01476
A0A1H4B488,1,PS51257
A0A1H4BBN7,1,PF08239
A0A1H4BR11,1,PF07833
A0A1H4D690,1,PS51257
A0A1H4E0H3,1,PS51257
A0A1H4E0R4,1,PS51257
A0A1H4F5Q0,1,PS51257
A0A1H4FLX1,1,PF08329
A0A1H4FLX1,2,PF08329
A0A1H4FM74,1,SM00495
A0A1H4HBR5,1,PS51257
A0A1H4HBR5,4,PF00535
A0A1H4HEE7,1,PF02839
A0A1H4HEE7,2,PF00041
A0A1H4HEN5,2,PF00041
A0A1H4HEN5,3,PF02839
A0A1H4HH78,1,PF01476
A0A1H4HH78,2,PF01476
A0A1H4I3G8,1,PF07833
A0A1H4IP28,1,PS51257
A0A1H4IP28,2,SM00495
A0A1H4IP28,4,PF17957
A0A1H4IP28,5,G3DSA:2.60.40.10
A0A1H4IP28,6,PF17957
A0A1H4IP28,7,SM00495
A0A1H4IP28,8,SM00495
A0A1H4IWD9,1,PS51257
A0A1H4IWD9,3,PF17957
A0A1H4IWD9,4,PF17957
A0A1H4IWD9,5,SM00495
A0A1H4IWD9,6,PF17957
A0A1H4IWD9,7,SM00495
A0A1H4JEY4,1,PF00553
A0A1H4JFZ9,1,PF00553
A0A1H4JXV2,1,PS51318
A0A1H4MGC4,2,PF02018
A0A1H4MMY7,1,PS51257
A0A1H4NFF2,1,PS51318
A0A1H4NFF2,3,PF02018
A0A1H4P5W7,1,PF02018
A0A1H4PNA0,1,PF00553
A0A1H4PNA0,2,PF00041
A0A1H4Q3G1,2,PF02018
A0A1H4R6K0,2,PF00041
A0A1H4R6K0,3,PF02839
A0A1H4R8V1,1,PS51318
A0A1H4RAD5,1,PF02018
A0A1H4RS47,1,PF02839
A0A1H4RYQ0,1,PF02018
A0A1H4RYQ0,2,PF00041
A0A1H4S1A8,1,PS51318
A0A1H4S1B1,1,PS51318
A0A1H4S1B1,2,PF02018
A0A1H4S1B1,3,PF00041
A0A1H4S9N7,1,PS51318
A0A1H4SE02,1,PF02839
A0A1H4SE02,2,PF02839
A0A1H4SPT6,1,PF01476
A0A1H4SVK8,1,PF00553
A0A1H4SVK8,2,PF00041
A0A1H4T2X4,2,PF00395
A0A1H4T2X4,3,PF00395
A0A1H4T2X4,4,PF00395
A0A1H4T5X7,1,PF02018
A0A1H4T5X7,2,PF00041
A0A1H4T8R8,1,PF00553
A0A1H4T8R8,2,PF00041
A0A1H4TB50,1,PF00553
A0A1H4TX92,1,PS51318
A0A1H4TX92,2,PF02018
A0A1H4TX92,3,PF00041
A0A1H4U2G8,1,PS51318
A0A1H4U448,1,PF07833
A0A1H4U448,2,PF08239
A0A1H4UQR0,1,PF02018
A0A1H4UQR0,2,PF00041
A0A1H4UX35,1,PF00553
A0A1H4UX35,2,PF00041
A0A1H4UX35,3,PF00041
A0A1H4VDM9,1,PS51257
A0A1H4VM87,1,PS51318
A0A1H4VM87,3,PF02839
A0A1H4W9A9,1,PF00553
A0A1H4WVW7,1,PS51257
A0A1H4XI79,2,PF02839
A0A1H4XM92,1,PF00553
A0A1H4Y0G2,1,PF02018
A0A1H4Y0G2,2,PF00041
A0A1H4YKU3,1,PF00553
A0A1H4YKU3,2,PF00041
A0A1H4Z8S6,1,PF02018
A0A1H4Z8S6,2,PF00041
A0A1H4ZL74,2,PF02839
A0A1H4ZMZ2,1,PF00553
A0A1H4ZSA8,1,PS51318
A0A1H5B132,1,PF02018
A0A1H5B132,2,PF00041
A0A1H5B5Q6,1,PS51318
A0A1H5B5Q6,2,PF02018
A0A1H5B5Q6,3,PF00041
A0A1H5B6H4,1,SM00495
A0A1H5B6H4,3,PF17957
A0A1H5B6H4,4,PF17957
A0A1H5B6H4,5,SM00495
A0A1H5B6H4,6,SM00495
A0A1H5BB76,1,PS51318
A0A1H5BB76,2,PF02018
A0A1H5BB76,3,PF00041
A0A1H5C4R2,1,PF00553
A0A1H5C4R2,2,PF00041
A0A1H5C5H5,1,PF00553
A0A1H5C7Q3,1,PS51318
A0A1H5C7Q3,2,PF00553
A0A1H5CND0,1,PF02018
A0A1H5CND0,2,PF00041
A0A1H5CZY7,1,PF02018
A0A1H5CZY7,2,PF00041
A0A1H5DE06,1,PF00553
A0A1H5DE06,2,PF00041
A0A1H5DL95,2,PF02839
A0A1H5DN36,2,PF02839
A0A1H5E120,1,PF02018
A0A1H5E120,2,PF00041
A0A1H5FMS6,1,PS51318
A0A1H5FMS6,2,PF02018
A0A1H5FMS6,3,PF00041
A0A1H5FV90,1,PS51318
A0A1H5FV90,2,PF02018
A0A1H5FV90,3,PF00041
A0A1H5G2Y9,2,PF02018
A0A1H5GAU1,2,PF02839
A0A1H5GWM7,2,PF02839
A0A1H5II36,1,PF02018
A0A1H5II36,2,PF00041
A0A1H5J4G9,1,PF02018
A0A1H5J4G9,2,PF00041
A0A1H5J954,1,PF00553
A0A1H5J954,2,PF00041
A0A1H5JUB7,1,PF00553
A0A1H5JUB7,2,PF00041
A0A1H5JVQ4,2,PF17957
A0A1H5JVQ4,3,PF17957
A0A1H5JVQ4,4,PF02839
A0A1H5JVQ4,5,PF17957
A0A1H5JVQ4,6,SM00495
A0A1H5JVQ4,7,PF17957
A0A1H5K0D4,1,PF02018
A0A1H5K0D4,2,PF00041
A0A1H5KKV3,1,PF02018
A0A1H5KKV3,2,PF00041
A0A1H5NBN3,2,PF02839
A0A1H5NP74,1,PF00553
A0A1H5NP74,2,PF00041
A0A1H5NR03,1,PF00553
A0A1H5PCV3,2,G3DSA:2.60.40.10
A0A1H5PCV3,3,PF02839
A0A1H5PU08,2,PF02839
A0A1H5PVC1,2,PF02839
A0A1H5Q7Z1,2,PF02018
A0A1H5QJE9,2,PF02839
A0A1H5QLD3,1,PF02018
A0A1H5QLD3,2,PF00041
A0A1H5QWZ2,1,PF00553
A0A1H5QX69,1,PF00553
A0A1H5R9F9,1,PS51318
A0A1H5REV8,1,PF02018
A0A1H5RH79,1,PS51318
A0A1H5RHR5,1,PF00553
A0A1H5RHR5,2,PF00041
A0A1H5RQA9,2,PF08239
A0A1H5TTD2,3,PF00535
A0A1H5TUZ1,1,PF00395
A0A1H5TUZ1,2,PF00395
A0A1H5UU34,1,PF02839
A0A1H5UU34,2,PF00041
A0A1H5UZN0,1,PF02018
A0A1H5VL83,1,PF02018
A0A1H5W977,1,PF02839
A0A1H5W977,2,PF00041
A0A1H5WXB2,1,PS51257
A0A1H5Y110,1,PF07833
A0A1H5Y8B2,1,PF08239
A0A1H5YSH1,1,PF00395
A0A1H5YSH1,2,PF00395
A0A1H5YSH1,3,PF00395
A0A1H6AGZ8,1,PF08329
A0A1H6AGZ8,3,PF22352
A0A1H6AGZ8,4,G3DSA:2.60.40.10
A0A1H6AGZ8,5,PF02839
A0A1H6AK27,2,PF02839
A0A1H6AX95,1,PF02839
A0A1H6AX95,2,PF00041
A0A1H6AXL2,2,PF00041
A0A1H6AXL2,3,PF00041
A0A1H6AXL2,4,PF00553
A0A1H6AXX2,1,PF00553
A0A1H6AXX2,2,PF00041
A0A1H6B8B4,1,PF02839
A0A1H6B8B4,2,PF00041
A0A1H6BLU7,1,PF02839
A0A1H6BLU7,2,PF00041
A0A1H6C142,1,PF02839
A0A1H6C142,2,PF02839
A0A1H6C142,3,SM00495
A0A1H6C1N6,1,PF02839
A0A1H6C1N6,2,PF00041
A0A1H6C7U7,3,PF00041
A0A1H6C7U7,4,PF02839
A0A1H6C7U7,6,PF00041
A0A1H6C7U7,7,PF02839
A0A1H6CML9,2,PF02839
A0A1H6CPW4,2,PF02839
A0A1H6CYE5,1,PF07833
A0A1H6CYE5,2,PF08239
A0A1H6D2G8,1,PF00553
A0A1H6D310,2,PF02839
A0A1H6E4K5,1,PF00553
A0A1H6E4K5,2,PF00041
A0A1H6EBF4,1,PS51318
A0A1H6HHN5,3,PF00041
A0A1H6HL56,2,PF00041
A0A1H6HQY6,3,PF00535
A0A1H6JRH1,1,PF08329
A0A1H6SLG3,1,PF07833
A0A1H6WKF5,1,PF00553
A0A1H6YFH1,1,PF00553
A0A1H6YY52,1,PS51257
A0A1H7AP93,1,PS51257
A0A1H7CK03,1,PF01476
A0A1H7CZT0,1,PF00553
A0A1H7FJ08,1,PS51318
A0A1H7FMC6,1,PS51318
A0A1H7FMC6,5,PF02018
A0A1H7FPD2,1,PF00395
A0A1H7FPD2,2,PF00395
A0A1H7FPD2,3,PF00395
A0A1H7FQW9,1,PF02018
A0A1H7G6X2,1,PF00395
A0A1H7G6X2,2,PF00395
A0A1H7G6X2,3,PF00395
A0A1H7GGI2,1,PF07833
A0A1H7GRE2,2,PF17957
A0A1H7GRE2,3,PF02839
A0A1H7GRE2,4,PF17957
A0A1H7GRE2,5,SM00495
A0A1H7GX79,2,PF00041
A0A1H7GX79,3,PF02839
A0A1H7GXG5,1,PF02839
A0A1H7GXG5,2,PF00041
A0A1H7GZL9,1,PF02839
A0A1H7GZL9,2,PF00041
A0A1H7I491,2,PF17957
A0A1H7I491,4,PF17957
A0A1H7I491,5,PF02839
A0A1H7I491,6,PF17957
A0A1H7I491,7,SM00495
A0A1H7JX08,1,PS51257
A0A1H7KIF2,3,PF00535
A0A1H7L5A6,2,PF17957
A0A1H7L5A6,4,PF17957
A0A1H7L5A6,5,PF02839
A0A1H7L5A6,6,SM00495
A0A1H7L5A6,7,PF17957
A0A1H7ML13,1,PS51257
A0A1H7MU03,1,PF00553
A0A1H7MU03,2,PF00041
A0A1H7MYU3,1,PS51318
A0A1H7MYU3,2,PF02839
A0A1H7MYU5,1,PS51257
A0A1H7MYU5,2,PF02839
A0A1H7MYU5,3,PF00041
A0A1H7N0I1,1,PS51318
A0A1H7N0I1,2,PF02839
A0A1H7NC57,1,PS51257
A0A1H7NC57,2,PF02018
A0A1H7NJ08,1,PF02839
A0A1H7NJ08,2,PF02839
A0A1H7PCC3,1,PS51257
A0A1H7PCC3,3,PF17957
A0A1H7PCC3,4,PF02839
A0A1H7Q4L1,1,PS51318
A0A1H7Q4L1,3,PF02018
A0A1H7Q5H2,1,PF07833
A0A1H7QAX5,1,PS51257
A0A1H7QAX5,2,PF00553
A0A1H7QAX5,3,PF17957
A0A1H7QBK8,1,PF02839
A0A1H7QBK8,2,PF00041
A0A1H7QLZ9,1,PF00553
A0A1H7QLZ9,2,PF00041
A0A1H7QRC6,1,PF07833
A0A1H7RGG1,2,PF02839
A0A1H7RJT7,1,PF02018
A0A1H7RJT7,2,PF00041
A0A1H7RK41,1,PF02018
A0A1H7RLX6,1,PS51318
A0A1H7RLX6,2,PF00553
A0A1H7RS82,1,SM00495
A0A1H7RS82,2,PF00041
A0A1H7RWT5,1,PF02839
A0A1H7RWT5,2,PF00041
A0A1H7RZ48,1,PF02839
A0A1H7RZ48,2,PF02839
A0A1H7SK75,2,PF02018
A0A1H7VVT8,1,PF01476
A0A1H7VVT8,2,PF01476
A0A1H7VYH9,1,PF02839
A0A1H7VYH9,2,PF00041
A0A1H7VYK0,1,PF00553
A0A1H7VYK0,2,PF00041
A0A1H7VZL8,1,PS51257
A0A1H7VZL8,3,PF02018
A0A1H7XMY8,1,PS51257
A0A1H7XU86,1,PS51257
A0A1H7YBA2,3,PF00535
A0A1H7YCL9,1,PF07833
A0A1H7YKA7,2,PF02839
A0A1H7YL35,1,PS51257
A0A1H7YNZ1,1,PF01476
A0A1H7YNZ1,2,PF01476
A0A1H7YTH3,1,G3DSA:2.60.40.10
A0A1H7YTH3,2,PF00041
A0A1H7YTH3,4,PF00041
A0A1H7YTH3,5,PF00395
A0A1H7YTH3,6,PF00395
A0A1H7YTH3,7,PF00395
A0A1H7Z0X9,1,PF00553
A0A1H7Z0X9,2,PF00553
A0A1H7Z0X9,3,PF00041
A0A1H7ZC20,1,PF00395
A0A1H7ZC20,2,PF00395
A0A1H7ZC20,3,PF00395
A0A1H7ZSE9,1,PF01476
A0A1H7ZSE9,2,PF01476
A0A1H8BGL4,1,PS51257
A0A1H8E4W8,1,PF02839
A0A1H8E4W8,2,PF00041
A0A1H8E5B1,1,PF02839
A0A1H8E5B1,2,PF00041
A0A1H8E7B1,3,PF02839
A0A1H8EUB4,1,PS51257
A0A1H8F174,1,PS51257
A0A1H8G459,1,PS51257
A0A1H8HID6,1,PF02018
A0A1H8I0U3,2,SM00495
A0A1H8IEP4,1,PS51257
A0A1H8IWY7,1,PS51257
A0A1H8JY06,2,PF02839
A0A1H8KQ71,1,PF01476
A0A1H8KQ71,2,PF01476
A0A1H8MQW9,1,PS51257
A0A1H8MQW9,2,PF02839
A0A1H8N1W6,1,PS51257
A0A1H8N499,1,PS51257
A0A1H8N5E5,2,PF02018
A0A1H8NPA7,1,PS51318
A0A1H8NPA7,3,SM00495
A0A1H8PAF8,1,PF01476
A0A1H8PAF8,2,PF01476
A0A1H8PCZ6,1,PF01476
A0A1H8PCZ6,2,PF01476
A0A1H8RSN5,1,PF07833
A0A1H8S0V7,3,PF00535
A0A1H8SLE0,1,PF07833
A0A1H8TFH0,1,PS51257
A0A1H8U4D0,1,PS51318
A0A1H8U4D0,2,PF02018
A0A1H8U740,1,PF07833
A0A1H8VIF8,1,PS51257
A0A1H8WTG0,3,PF00535
A0A1H8XWV7,1,PS51318
A0A1H8Y4U2,2,PF02018
A0A1H8YC67,1,PF00553
A0A1H8YC67,3,PF00553
A0A1H8YC67,11,PF00553
A0A1H8YC67,12,PF00041
A0A1H8YL14,2,PF02839
A0A1H8YLW4,2,PF02839
A0A1H8YLW4,3,PF02839
A0A1H9C9J8,1,PF08239
A0A1H9D6H1,1,PF01476
A0A1H9D6H1,2,PF01476
A0A1H9E644,3,PF02839
A0A1H9EDV5,1,PF07833
A0A1H9EHR6,1,PS51318
A0A1H9F4K2,1,PF00553
A0A1H9FFB3,1,PS51318
A0A1H9FYJ3,2,PF02839
A0A1H9GI38,1,PF01476
A0A1H9GI38,2,PF01476
A0A1H9GI38,3,PF01476
A0A1H9HAT1,1,PS51257
A0A1H9HAT1,3,G3DSA:2.60.40.10
A0A1H9HAT1,4,PF02839
A0A1H9HB05,1,PS51257
A0A1H9HB05,2,PF02839
A0A1H9HB05,4,G3DSA:2.60.40.10
A0A1H9HDT1,1,PF02018
A0A1H9HDT1,2,PF00041
A0A1H9HEL8,1,PS51257
A0A1H9HEL8,2,PF02018
A0A1H9I9Q5,1,PF00553
A0A1H9I9Q5,2,PF00041
A0A1H9J152,1,PF01476
A0A1H9J152,2,PF01476
A0A1H9J152,3,PF01476
A0A1H9JEA2,1,PS51257
A0A1H9K1H2,1,PF00553
A0A1H9K2M1,1,PF00553
A0A1H9K7Z4,1,PF00553
A0A1H9KE58,1,PF02018
A0A1H9KE58,2,PF00041
A0A1H9MMP9,1,PF00553
A0A1H9MZ88,1,PF02018
A0A1H9MZ88,2,PF00041
A0A1H9N5D9,1,PF00553
A0A1H9N5D9,2,PF00041
A0A1H9N9C0,1,PF01476
A0A1H9N9C0,2,PF01476
A0A1H9NLN1,1,PF02839
A0A1H9NLT7,1,PF02839
A0A1H9NML0,1,PF02839
A0A1H9NQZ5,1,PF00553
A0A1H9NQZ5,2,PF00553
A0A1H9NQZ5,3,PF00041
A0A1H9NSL3,1,PF02018
A0A1H9P9T7,2,PF00395
A0A1H9P9T7,3,PF00395
A0A1H9P9T7,4,PF00395
A0A1H9PGJ6,1,PF00553
A0A1H9PGJ6,2,PF00553
A0A1H9PGJ6,3,PF00041
A0A1H9QCY0,1,PF08239
A0A1H9QHH0,1,PF00553
A0A1H9QV33,2,PF02018
A0A1H9QVB8,1,PS51257
A0A1H9QWK8,1,PF01476
A0A1H9R1Q8,1,PS51318
A0A1H9R1Q8,3,PF02839
A0A1H9RD58,1,PF00553
A0A1H9RXZ3,1,PF00553
A0A1H9S2M6,1,PF01476
A0A1H9S2M6,2,PF01476
A0A1H9SWJ5,1,PF07833
A0A1H9T9R0,1,PF00553
A0A1H9TCQ2,3,PF00535
A0A1H9TGD1,1,PF01476
A0A1H9TGD1,2,PF01476
A0A1H9TY04,1,PS51318
A0A1H9TYC4,1,PS51257
A0A1H9UMJ3,1,PS51257
A0A1H9UMJ3,2,PF02018
A0A1H9V1K9,1,PF01476
A0A1H9V1K9,2,PF01476
A0A1H9WDU5,1,PF00553
A0A1H9WDU5,2,PF00041
A0A1H9WDU5,3,PF00041
A0A1H9WLP1,1,PF00553
A0A1H9X3K8,1,PF01476
A0A1H9X6Y0,1,PF02839
A0A1H9XD05,1,PF00553
A0A1H9XI08,1,PS51257
A0A1H9XI08,2,PF02018
A0A1H9XI91,1,PF01476
A0A1H9XMK3,2,PF02839
A0A1H9YSU2,1,PS51257
A0A1H9YSU2,2,PF02839
A0A1H9YSU2,3,PF00041
A0A1I0A142,1,PS51257
A0A1I0A546,2,PF00395
A0A1I0A546,3,PF00395
A0A1I0A546,4,PF00395
A0A1I0ASP4,1,PF07833
A0A1I0AY27,1,PS51257
A0A1I0AY27,3,PF02018
A0A1I0B5N6,1,PF01476
A0A1I0B5N6,2,PF01476
A0A1I0B5N6,3,PF01476
A0A1I0BM43,2,PF02839
A0A1I0C2H9,1,PF01476
A0A1I0C2H9,2,PF01476
A0A1I0CAJ8,1,PF01476
A0A1I0CKT7,1,PS51257
A0A1I0CKT7,2,PF00553
A0A1I0CKT7,3,PF17957
A0A1I0CM96,1,PF02839
A0A1I0CM96,2,PF00041
A0A1I0CM96,3,PF00041
A0A1I0CVH3,1,PF00553
A0A1I0CVH3,2,PF00041
A0A1I0DNM9,1,PF00395
A0A1I0DNM9,2,PF00395
A0A1I0DNM9,3,PF00395
A0A1I0FCB9,1,PF08239
A0A1I0FZD2,1,PF02839
A0A1I0FZD2,2,PF00041
A0A1I0FZD2,3,PF00041
A0A1I0GUJ1,1,PF08239
A0A1I0GWB1,1,PF01476
A0A1I0GWB1,2,PF01476
A0A1I0JTB4,1,PF02839
A0A1I0JTB4,2,PF00041
A0A1I0KLE6,1,PF07833
A0A1I0L4B0,1,PS51257
A0A1I0L4B0,3,PF17957
A0A1I0L4B0,4,PF02839
A0A1I0LUM2,1,PF00553
A0A1I0LUM2,2,PF00041
A0A1I0M056,1,PS51257
A0A1I0MR33,1,PF01476
A0A1I0MR33,2,PF01476
A0A1I0PIM6,1,PF01476
A0A1I0PIM6,2,PF01476
A0A1I0PVQ4,1,PF01476
A0A1I0PVQ4,2,PF01476
A0A1I0Q8R6,1,PF00041
A0A1I0Q9R5,1,PF01476
A0A1I0QES4,2,PF17957
A0A1I0QES4,3,PF02839
A0A1I0QES4,4,PF17957
A0A1I0QES4,5,SM00495
A0A1I0QFB0,2,PF17957
A0A1I0QFB0,4,PF17957
A0A1I0QFB0,5,PF02839
A0A1I0QFB0,6,PF17957
A0A1I0QFB0,7,SM00495
A0A1I0QM49,1,PS51257
A0A1I0QRZ4,1,PF01476
A0A1I0QRZ4,2,PF01476
A0A1I0QS04,1,PF01476
A0A1I0QS04,2,PF01476
A0A1I0RH06,1,PS51257
A0A1I0RIB5,1,PF01476
A0A1I0RIB5,2,PF01476
A0A1I0RP19,1,PS51257
A0A1I0RWZ1,1,PS51257
A0A1I0SZK9,1,PF01476
A0A1I0TC14,1,PS51257
A0A1I0TKI7,3,PF00535
A0A1I0TSL0,1,PF01476
A0A1I0TSL0,2,PF01476
A0A1I0V3S9,2,PF08239
A0A1I0V8B0,2,G3DSA:2.60.40.10
A0A1I0V8B0,3,PF00553
A0A1I0WGJ7,1,PS51257
A0A1I0WGJ7,2,PF02839
A0A1I0WGJ7,3,PF02839
A0A1I0X1V2,1,PF02018
A0A1I0X1V2,2,PF00041
A0A1I0X1X2,1,PF00553
A0A1I0X1X2,2,PF00041
A0A1I0Y457,1,PF01476
A0A1I0Y457,2,PF01476
A0A1I0Y457,3,PF01476
A0A1I0YNB7,1,PF07833
A0A1I0YSB0,1,PF08239
A0A1I0Z938,1,PF00395
A0A1I0Z938,2,PF00395
A0A1I0Z938,3,PF00395
A0A1I0ZLJ4,1,PS51257
A0A1I0ZRS5,1,PS51257
A0A1I0ZRS5,2,PF02839
A0A1I1A411,1,PF01476
A0A1I1A411,2,PF01476
A0A1I1CUK5,1,PS51257
A0A1I1CUK5,2,PF02839
A0A1I1EZC8,1,SM00495
A0A1I1EZC8,2,PF17957
A0A1I1EZC8,3,PF17957
A0A1I1F0Q9,1,PF08329
A0A1I1F0Q9,3,G3DSA:2.60.40.10
A0A1I1F0Q9,4,G3DSA:2.60.40.10
A0A1I1F0Q9,5,PF02839
A0A1I1F0Q9,6,PF02839
A0A1I1I267,1,PF01476
A0A1I1I267,2,PF01476
A0A1I1IMZ3,2,G3DSA:2.60.40.10
A0A1I1IMZ3,3,G3DSA:2.60.40.10
A0A1I1J9V4,1,PS51257
A0A1I1LTB4,1,PF01476
A0A1I1LTB4,2,PF01476
A0A1I1LTB4,3,PF01476
A0A1I1MDE9,1,PF01476
A0A1I1MDE9,2,PF01476
A0A1I1MU38,1,PF01476
A0A1I1MU38,2,PF01476
A0A1I1MYH8,3,PF02839
A0A1I1N6F1,1,PS51318
A0A1I1NID3,1,PF08239
A0A1I1QH15,5,PF17957
A0A1I1QH15,6,PF17957
A0A1I1RRF4,1,PS51257
A0A1I1RRF4,2,PF02839
A0A1I1SVC5,1,PF00553
A0A1I1SVW3,1,PF00553
A0A1I1UMK8,1,PF01476
A0A1I1UMK8,2,PF01476
A0A1I1VTD6,1,PF07833
A0A1I1W0T1,1,PS51257
A0A1I1X2F0,1,PS51257
A0A1I1X4K9,1,PF00395
A0A1I1X4K9,2,PF00395
A0A1I1X4K9,3,PF00395
A0A1I1XH80,2,PF17957
A0A1I1XH80,3,PF02839
A0A1I1XH80,4,PF17957
A0A1I1XH80,5,SM00495
A0A1I1XHH2,2,PF17957
A0A1I1XHH2,4,PF17957
A0A1I1XHH2,5,PF02839
A0A1I1XHH2,6,PF17957
A0A1I1XHH2,7,SM00495
A0A1I1YEM0,1,PF01476
A0A1I1YEM0,2,PF01476
A0A1I1YEM0,3,PF01476
A0A1I1YWA3,1,PF07833
A0A1I1ZCL5,1,PS51257
A0A1I1ZPK0,3,PF02839
A0A1I1ZVF4,3,PF00535
A0A1I2AYW0,1,PS51257
A0A1I2BFV8,2,PF00041
A0A1I2BFV8,4,PF00041
A0A1I2BFV8,6,PF00395
A0A1I2BFV8,7,PF00395
A0A1I2BPR1,1,PS51257
A0A1I2BPR1,2,SM00495
A0A1I2BX55,1,PS51257
A0A1I2BYV0,1,PS51318
A0A1I2C3M9,2,PF02839
A0A1I2C4T9,2,SM00495
A0A1I2CG70,1,PF01476
A0A1I2CG70,2,PF01476
A0A1I2CMX1,1,PS51257
A0A1I2CMX1,2,PF02839
A0A1I2D0X8,1,PF01476
A0A1I2D0X8,2,PF01476
A0A1I2FNA3,2,SM00495
A0A1I2FNA3,3,SM00495
A0A1I2H1S7,1,PS51257
A0A1I2HFI3,1,PF07833
A0A1I2HGT9,1,PF07833
A0A1I2I6L5,1,PS51318
A0A1I2I6L5,2,PF02018
A0A1I2ID79,1,SM00495
A0A1I2ID79,2,PF17957
A0A1I2ID79,3,PF00041
A0A1I2IUV3,1,PF02018
A0A1I2IUV3,2,PF00041
A0A1I2IXT6,1,PF02018
A0A1I2J800,1,PF00553
A0A1I2J800,2,PF00041
A0A1I2JMW1,1,PF00553
A0A1I2K3T8,1,PS51257
A0A1I2K3T8,2,PF02839
A0A1I2K3T8,3,PF02839
A0A1I2K465,2,PF02839
A0A1I2KDJ6,1,PS51318
A0A1I2KDJ6,3,SM00495
A0A1I2KKB4,1,PF01476
A0A1I2KKB4,2,PF01476
A0A1I2KKB4,3,PF01476
A0A1I2M2X0,1,PF00553
A0A1I2M3D7,1,PF02018
A0A1I2M3D7,2,PF00041
A0A1I2MJ98,1,PS51257
A0A1I2MJ98,2,PF02839
A0A1I2MKS2,1,PS51257
A0A1I2MKS2,2,SM00495
A0A1I2MLJ3,1,PS51257
A0A1I2MLJ3,2,PF02839
A0A1I2NN79,1,PS51257
A0A1I2NPN9,1,PF07833
A0A1I2NSR8,1,PS51257
A0A1I2PE32,1,PF08239
A0A1I2PH19,1,PS51318
A0A1I2PH19,2,PF02018
A0A1I2PH19,3,PF00041
A0A1I2Q7M1,1,PF01476
A0A1I2Q7M1,2,PF01476
A0A1I2QRC8,1,PF01476
A0A1I2QZI5,1,PF01476
A0A1I2SBY4,1,PF01476
A0A1I2SBY4,2,PF01476
A0A1I2SHE6,1,PS51257
A0A1I2TTB8,1,PF07833
A0A1I2X5Q1,1,PS51257
A0A1I2XTT4,1,PF08239
A0A1I3E0B6,3,PF00535
A0A1I3HPA7,1,PF07833
A0A1I3HU68,1,PF02018
A0A1I3HUK8,1,PF02839
A0A1I3HUK8,2,PF00041
A0A1I3HUV2,1,PF00553
A0A1I3HUV2,2,PF00041
A0A1I3HX06,1,PS51257
A0A1I3HX06,2,PF02839
A0A1I3HX06,4,G3DSA:2.60.40.10
A0A1I3HX14,1,PS51257
A0A1I3HX14,3,G3DSA:2.60.40.10
A0A1I3HX14,4,PF02839
A0A1I3IQ36,1,PF00395
A0A1I3IQ36,2,PF00395
A0A1I3IQ36,3,PF00395
A0A1I3JWS8,1,PF00553
A0A1I3JWS8,2,PF00041
A0A1I3NGM3,1,PS51257
A0A1I3P575,1,PF01476
A0A1I3P575,2,PF01476
A0A1I3PLG1,1,PF07833
A0A1I3PM32,1,PF01476
A0A1I3PM32,2,PF01476
A0A1I3PTQ6,1,PS51257
A0A1I3PV65,2,PF02839
A0A1I3PV85,1,PS51318
A0A1I3PV85,2,PF00553
A0A1I3QDU0,1,PF07833
A0A1I3QDU0,2,PF08239
A0A1I3RKB7,1,PF07833
A0A1I3RKB7,2,PF08239
A0A1I3TFA5,1,PF01476
A0A1I3TFA5,2,PF01476
A0A1I3TFA5,3,PF01476
A0A1I3TJG9,1,PF00553
A0A1I3U2L1,1,PF00553
A0A1I3V726,1,PF00553
A0A1I3V726,2,PF00041
A0A1I3WT48,1,PF02018
A0A1I3WZ06,1,PF01476
A0A1I3WZ06,2,PF01476
A0A1I3XZB8,1,PF00041
A0A1I3Z3K5,1,SM00495
A0A1I3Z3K5,2,PF17957
A0A1I3Z3K5,3,PF00041
A0A1I3Z5R5,1,PF00395
A0A1I3Z5R5,2,PF00395
A0A1I3Z5R5,3,PF00395
A0A1I3Z9S8,1,PF00553
A0A1I3Z9S8,2,PF00553
A0A1I3Z9S8,3,PF00041
A0A1I4ANJ3,2,PF00041
A0A1I4E047,1,PF01476
A0A1I4E047,2,PF01476
A0A1I4EWL4,2,G3DSA:2.60.40.10
A0A1I4EWL4,3,PF02839
A0A1I4HV71,1,PF01476
A0A1I4HV71,2,PF01476
A0A1I4I299,9,PF02839
A0A1I4I299,10,PF02839
A0A1I4K8Q9,1,PF01476
A0A1I4K8Q9,2,PF01476
A0A1I4LAC9,1,PF00041
A0A1I4N3X2,1,PF01476
A0A1I4N3X2,2,PF01476
A0A1I4N3X2,3,PF01476
A0A1I4QFZ7,1,PS51257
A0A1I4QZU9,1,PF00395
A0A1I4RZG6,1,PS51257
A0A1I4RZG6,2,PF02839
A0A1I4RZV7,1,PS51257
A0A1I4RZV7,2,PF02839
A0A1I4X580,1,PS51257
A0A1I4XEV9,3,PF00535
A0A1I4XLF6,1,PS51257
A0A1I4XZZ2,2,PF17957
A0A1I4XZZ2,4,PF17957
A0A1I4XZZ2,5,PF02839
A0A1I4XZZ2,6,PF17957
A0A1I4XZZ2,7,SM00495
A0A1I4YHP2,1,PF00553
A0A1I4YHP2,2,PF00041
A0A1I5AN67,3,G3DSA:2.60.40.10
A0A1I5ANE6,3,PF00041
A0A1I5BR54,1,PF02018
A0A1I5BR54,2,PF00041
A0A1I5BRH9,1,PF01476
A0A1I5BRH9,2,PF01476
A0A1I5CHR3,2,PF02839
A0A1I5CHR3,3,PF02839
A0A1I5EA09,1,PF01476
A0A1I5EA09,2,PF01476
A0A1I5ECG9,1,PS51257
A0A1I5FD99,1,PF02839
A0A1I5FHA1,1,PS51257
A0A1I5FK24,3,PF02839
A0A1I5GRK8,1,PF02839
A0A1I5H7L3,1,PF01476
A0A1I5H7L3,2,PF01476
A0A1I5I1W1,1,PF07833
A0A1I5IGD3,1,PF01476
A0A1I5IGD3,2,PF01476
A0A1I5IPK9,1,PF01476
A0A1I5IPK9,2,PF01476
A0A1I5IYA5,1,PS51257
A0A1I5J2S1,1,PF01476
A0A1I5J2S1,2,PF01476
A0A1I5J529,1,PS51257
A0A1I5J6R5,1,PF01476
A0A1I5J6R5,2,PF01476
A0A1I5JIH3,2,G3DSA:2.60.40.10
A0A1I5JIH3,3,PF02839
A0A1I5JIH3,4,PF02839
A0A1I5L926,1,PS51318
A0A1I5L926,2,PF00553
A0A1I5L926,3,PF00041
A0A1I5LUD3,1,PF02839
A0A1I5LUD3,2,PF17957
A0A1I5LUD3,3,PF17957
A0A1I5LUD3,4,SM00495
A0A1I5LUD3,5,PF17957
A0A1I5LUD3,6,PF17957
A0A1I5M4L7,1,SM00495
A0A1I5M4L7,2,PF17957
A0A1I5M4L7,3,PF17957
A0A1I5MV52,1,PF08329
A0A1I5MV52,3,PF22352
A0A1I5MV52,5,PF02839
A0A1I5MVM0,1,PF00395
A0A1I5MVM0,2,PF00395
A0A1I5N6Z2,1,PF02018
A0A1I5N9V5,1,PF01476
A0A1I5N9V5,2,PF01476
A0A1I5PN00,1,PS51318
A0A1I5Q355,1,PS51318
A0A1I5TXB8,2,PF02018
A0A1I5V3K8,1,PF08239
A0A1I5VJP5,1,PS51318
A0A1I5WLV9,1,PF02018
A0A1I5WLV9,2,PF00041
A0A1I5WNS4,1,PF08239
A0A1I5WRM3,1,PF01476
A0A1I5WRM3,2,PF01476
A0A1I5XG59,4,PF02839
A0A1I5XG64,2,PF02839
A0A1I5XG64,4,SM00495
A0A1I5Y0I1,1,PF00553
A0A1I5Y0I1,2,PF00041
A0A1I5Y7P2,1,PF01476
A0A1I5Y7P2,2,PF01476
A0A1I5YNC9,3,PF00535
A0A1I5ZBL8,1,PF00553
A0A1I5ZBL8,2,PF00041
A0A1I6ASE1,1,PF00553
A0A1I6ASE1,2,PF00041
A0A1I6B1W1,2,PF02839
A0A1I6B1W1,3,PF02839
A0A1I6BES8,1,PF01476
A0A1I6BIG4,1,PS51318
A0A1I6BV53,1,PF07833
A0A1I6C7M5,3,PF00535
A0A1I6CFP4,1,PF01476
A0A1I6CFP4,2,PF01476
A0A1I6CPX2,1,PS51318
A0A1I6CU05,1,PF00553
A0A1I6DQZ2,1,PF07833
A0A1I6DZF0,2,G3DSA:2.60.40.10
A0A1I6E0X7,1,PF00553
A0A1I6E4R1,1,PF00553
A0A1I6ELH1,1,PF00553
A0A1I6ELH1,2,PF00553
A0A1I6ELH1,3,PF00041
A0A1I6ESK7,2,PF02839
A0A1I6F399,1,PS51257
A0A1I6F399,2,PF02018
A0A1I6FE86,1,PF00553
A0A1I6FIB5,2,PF02839
A0A1I6IKX1,1,PF01476
A0A1I6IKX1,2,PF01476
A0A1I6J1E2,1,PS51318
A0A1I6J1E2,3,PF02839
A0A1I6J1E2,4,PF02839
A0A1I6J1J4,1,PF02839
A0A1I6J1J4,3,PF02839
A0A1I6KCW9,1,SM00495
A0A1I6KCW9,2,PF17957
A0A1I6KCW9,3,PF00041
A0A1I6KIZ9,1,PF08239
A0A1I6KLF8,1,PF01476
A0A1I6KYM5,1,PF00041
A0A1I6L448,1,SM00495
A0A1I6L448,2,PF17957
A0A1I6L4N9,1,SM00495
A0A1I6L4N9,2,PF00041
A0A1I6LKN1,1,PF01476
A0A1I6LKN1,2,PF01476
A0A1I6MF46,3,PF00535
A0A1I6P6P4,1,PF01476
A0A1I6P6P4,2,PF01476
A0A1I6QAC0,1,PF00395
A0A1I6QAC0,2,PF00395
A0A1I6QAC0,3,PF00395
A0A1I6QM56,1,PS51318
A0A1I6QML8,1,PF07833
A0A1I6QNN1,1,PF01476
A0A1I6QNN1,2,PF01476
A0A1I6RVZ2,1,PF00395
A0A1I6RVZ2,2,PF00395
A0A1I6RVZ2,3,PF00395
A0A1I6SL31,3,PF00535
A0A1I6TAY6,1,PF02839
A0A1I6TAY6,2,PF00041
A0A1I6TBI4,2,PF00041
A0A1I6TBI4,3,PF02839
A0A1I6TVN2,1,PF07833
A0A1I6VF08,1,PS51318
A0A1I6VTT7,1,PF07833
A0A1I6W3P9,1,PF01476
A0A1I6W3P9,2,PF01476
A0A1I7BMT6,1,PS51257
A0A1I7FMT3,1,PS51257
A0A1I7GW47,1,PF01476
A0A1I7IFX7,1,PF08239
A0A1I7KDI2,1,PS51257
A0A1I7KHE1,1,PF01476
A0A1I7KHE1,2,PF01476
A0A1I7KN23,1,PS51257
A0A1I7NAB6,3,PF00535
A0A1J0GD07,1,PF01476
A0A1J0GD07,2,PF01476
A0A1J0KS75,2,PF00041
A0A1J0KS75,3,SM00495
A0A1J0KS75,4,PF02839
A0A1J0KS75,5,PF02839
A0A1J0LIG8,2,G3DSA:2.60.40.10
A0A1J0LIG8,5,G3DSA:2.60.40.10
A0A1J0LIG8,6,SM00495
A0A1J0LIG8,7,SM00495
A0A1J4MYA7,1,PS51318
A0A1J4NA61,2,PF02839
A0A1J4NM10,1,PF02018
A0A1J4NM10,2,PF00041
A0A1J4NT80,1,PS51318
A0A1J4NT80,2,PF02018
A0A1J4NT80,3,PF00041
A0A1J4NT96,2,PF02839
A0A1J4NVD0,1,PF02018
A0A1J4NVD0,2,PF00041
A0A1J4NZ23,1,PF00553
A0A1J4NZ23,2,PF00041
A0A1J4PQL9,1,PS51318
A0A1J4PQL9,2,PF02018
A0A1J4PQL9,3,PF00041
A0A1J4Q104,2,PF02018
A0A1J4Q3R1,1,PF00553
A0A1J4Q3R1,2,PF00041
A0A1J4Q804,1,PS51318
A0A1J4Q804,3,PF02018
A0A1J4QAK1,1,PF02018
A0A1J4QAK1,2,PF00041
A0A1J5G290,2,G3DSA:2.60.40.10
A0A1J5L3Q7,1,PF02839
A0A1J5L3Q7,2,PF17957
A0A1J5L3Q7,3,PF17957
A0A1J5L3Q7,4,SM00495
A0A1J5L3Q7,5,PF17957
A0A1J5L3Q7,6,PF17957
A0A1J6W201,1,PF01476
A0A1J6W201,2,PF01476
A0A1J6WZD2,1,PF01476
A0A1J6WZD2,2,PF01476
A0A1J6WZD2,3,PF01476
A0A1J6YQW9,2,G3DSA:2.60.40.10
A0A1J7BB18,2,PF02018
A0A1J7C238,1,PS51257
A0A1J7C273,5,G3DSA:2.60.40.10
A0A1J7C273,6,G3DSA:2.60.40.10
A0A1J7CE06,2,PF02018
A0A1J9TLP3,1,PF01476
A0A1J9TLP3,2,PF01476
A0A1J9TQU3,2,PF00041
A0A1J9TQU3,3,PF00553
A0A1J9U964,3,PF00535
A0A1J9UIZ9,3,PF00535
A0A1J9UXG2,1,PF01476
A0A1J9UXG2,2,PF01476
A0A1J9Z620,1,PF01476
A0A1J9Z620,2,PF01476
A0A1K0FIQ5,1,PS51257
A0A1K0FIQ5,2,SM00495
A0A1K0GG44,1,PF00553
A0A1K0GNK9,1,PS51257
A0A1K0GNK9,2,SM00495
A0A1K0GPG0,1,PF02839
A0A1K0GQZ3,1,PS51257
A0A1K0GQZ3,2,PF02839
A0A1K1M968,1,PS51257
A0A1K1M994,1,PS51257
A0A1K1NP11,1,PS51257
A0A1K1PRT1,1,PF00553
A0A1K1PTQ3,1,PF00553
A0A1K1PX64,2,PF17957
A0A1K1PX64,4,PF17957
A0A1K1PX64,5,PF02839
A0A1K1PY12,1,PF01476
A0A1K1PY12,2,PF01476
A0A1K1QWR1,1,PS51257
A0A1K1R075,2,PF08239
A0A1K1RBS0,1,PF02018
A0A1K1RBS0,2,PF00041
A0A1K1RK52,1,PS51257
A0A1K1S192,1,PS51318
A0A1K1S1G6,2,PF17957
A0A1K1S1G6,3,PF02839
A0A1K1S1G6,4,PF17957
A0A1K1S1G6,5,SM00495
A0A1K1SB35,1,PF00553
A0A1K1SB35,2,PF00041
A0A1K1SD31,2,PF02018
A0A1K1SHG3,2,PF17957
A0A1K1SHG3,4,PF17957
A0A1K1SHG3,5,SM00495
A0A1K1SHG3,6,PF17957
A0A1K1SUW2,1,PS51318
A0A1K1SUW2,3,PF02839
A0A1K1T5R5,1,PF02018
A0A1K1WE80,1,PF02018
A0A1K1WE80,2,PF00041
A0A1K2CZ44,1,PF00553
A0A1K2CZ44,2,PF00041
A0A1K2FKE4,2,PF02018
A0A1K2FLK7,1,PS51318
A0A1K2FQ29,1,PF02018
A0A1K2FQ29,2,PF00041
A0A1K2FT27,1,PF00553
A0A1K2FXC8,1,PS51257
A0A1K2FZR5,1,PS51318
A0A1K2FZR5,2,PF02018
A0A1K2FZR5,3,PF00041
A0A1K2G0D4,1,PF00553
A0A1K2G0D4,2,PF00041
A0A1K2G0F9,1,PS51318
A0A1K2G0F9,3,PF02018
A0A1K2HRN4,1,PF02839
A0A1K2HRN4,2,PF02839
A0A1K2IWJ6,3,PF00535
A0A1K9YJA7,4,PF02839
A0A1L0A535,1,PF08329
A0A1L0A535,3,G3DSA:2.60.40.10
A0A1L0A535,4,G3DSA:2.60.40.10
A0A1L2Z0A5,1,SM00495
A0A1L2Z0A5,3,PF00041
A0A1L2Z0A5,4,PF02839
A0A1L3MWP9,1,PF01476
A0A1L3MWP9,2,PF01476
A0A1L3ND64,2,PF02839
A0A1L3NFF9,2,G3DSA:2.60.40.10
A0A1L3NFF9,3,G3DSA:2.60.40.10
A0A1L3NFF9,4,PF08329
A0A1L3NJQ1,1,PF01476
A0A1L3NJQ1,2,PF01476
A0A1L3NJQ1,3,PF08239
A0A1L4BRI0,2,PF00041
A0A1L4BRI0,3,PF02839
A0A1L4BRI0,4,PF02839
A0A1L4BRI0,5,PF02839
A0A1L4BST8,1,SM00495
A0A1L4BST8,2,SM00495
A0A1L4BTK8,1,SM00495
A0A1L5F5V9,1,PF01476
A0A1L5F5V9,2,PF01476
A0A1L5KU36,1,PF01476
A0A1L5LHT3,3,PF00041
A0A1L5LHT3,4,PF02839
A0A1L6I0R9,1,PF02839
A0A1L6I0R9,2,PF02839
A0A1L6PFT5,1,PF02018
A0A1L6PFT5,2,PF00041
A0A1L6PGN3,1,PF00553
A0A1L6PGN3,2,PF00041
A0A1L6PHN5,1,PF02018
A0A1L6PHN5,2,PF00041
A0A1L6PRU4,1,PS51318
A0A1L6PSV8,1,PF00553
A0A1L6PSV8,2,PF00041
A0A1L6ZDP2,1,PF01476
A0A1L6ZDP2,2,PF01476
A0A1L7GBG0,2,PF02839
A0A1L7GEF9,2,PF02839
A0A1L7GIQ1,1,PF02018
A0A1L7GIQ1,2,PF00041
A0A1L7GJY4,1,PF00553
A0A1L7GJY4,2,PF00041
A0A1L7I3I2,1,PS51257
A0A1L8UZC0,1,PS51257
A0A1L8UZC0,3,PF00041
A0A1L8UZC0,4,PF02839
A0A1L8WGX1,2,PF00041
A0A1L8WGX1,3,PF02839
A0A1L8WJF5,2,PF00041
A0A1L8WJF5,3,PF02839
A0A1L8WQ37,2,PF00041
A0A1L8WQ37,3,PF02839
A0A1L9AVS8,1,PF02839
A0A1L9AVS8,2,PF00041
A0A1L9B5B8,1,PS51257
A0A1L9B5B8,2,PF02839
A0A1L9B5B8,3,PF17957
A0A1L9B5C9,1,PF02839
A0A1L9B5C9,2,PF00041
A0A1L9B5D3,1,PS51257
A0A1L9B5D3,2,PF00553
A0A1L9B5D3,3,PF17957
A0A1L9BA38,1,PS51257
A0A1L9BA38,3,PF17957
A0A1L9BA38,4,PF02839
A0A1M2ZAL9,1,PF01476
A0A1M2ZAL9,2,PF01476
A0A1M3G4G8,3,PF00535
A0A1M3HKN8,3,PF00535
A0A1M3LF67,1,PS51257
A0A1M3LNV9,1,PF00553
A0A1M3M3A1,1,PS51318
A0A1M3QIW1,1,PS51257
A0A1M3QP58,1,PS51257
A0A1M4E2V7,1,PF00553
A0A1M4E2V7,2,PF00041
A0A1M4E2X6,1,PF02018
A0A1M4E2X6,2,PF00041
A0A1M4E302,1,PF02839
A0A1M4E302,2,PF00041
A0A1M4E4M4,1,PF02839
A0A1M4E4M4,2,PF00041
A0A1M4EKW5,1,PF00553
A0A1M4EKW5,2,PF00553
A0A1M4EKW5,3,PF00041
A0A1M4M5W5,1,PF01476
A0A1M4M5W5,2,PF01476
A0A1M4M6C2,2,PF00395
A0A1M4M6C2,3,PF00395
A0A1M4M6C2,4,PF00395
A0A1M4NB83,1,PF01476
A0A1M4NB83,2,PF01476
A0A1M4TGL5,1,PS51257
A0A1M4TU10,2,PF00395
A0A1M4TU10,3,PF00395
A0A1M4TU10,4,PF00395
A0A1M4TWK5,1,PS51257
A0A1M4ULC8,1,PF07833
A0A1M4VEZ5,3,PF00041
A0A1M4VTH7,2,PF00553
A0A1M4VU27,1,PS51257
A0A1M4WN09,1,PS51257
A0A1M4Y214,1,PF07833
A0A1M4YZ24,1,PF00553
A0A1M4YZ24,2,PF00041
A0A1M4ZUP7,1,PS51257
A0A1M4ZUP7,2,PF07833
A0A1M4ZYF8,1,PF08239
A0A1M4ZYF8,2,PF08239
A0A1M5AE19,3,PF00535
A0A1M5AJR8,2,PF02839
A0A1M5B4K5,1,PF01476
A0A1M5B4K5,2,PF01476
A0A1M5BIN2,1,PF00041
A0A1M5BJU0,3,PF00535
A0A1M5C2I8,1,PS51257
A0A1M5CAZ5,1,SM00495
A0A1M5CAZ5,2,PF17957
A0A1M5CAZ5,3,PF17957
A0A1M5CAZ5,4,PF17957
A0A1M5CJ15,3,PF00535
A0A1M5CR16,3,PF00535
A0A1M5DPC1,1,PF00553
A0A1M5DPC1,2,PF00041
A0A1M5DUQ4,1,PF01476
A0A1M5DUQ4,2,PF01476
A0A1M5DUQ4,3,PF01476
A0A1M5GNN6,1,PF00553
A0A1M5GRK2,2,PF08239
A0A1M5I507,1,SM00495
A0A1M5I507,2,PF02839
A0A1M5IBH5,5,G3DSA:2.60.40.10
A0A1M5IBH5,6,G3DSA:2.60.40.10
A0A1M5IBR5,1,PS51257
A0A1M5J6H7,3,PF00041
A0A1M5J6R3,3,G3DSA:2.60.40.10
A0A1M5JFC7,1,PF07833
A0A1M5K334,1,PS51257
A0A1M5K4B4,2,PS51257
A0A1M5K9M3,1,PF00553
A0A1M5K9M3,2,PF00041
A0A1M5L9W7,1,PS51257
A0A1M5LA17,1,PS51257
A0A1M5LAA3,1,PF02839
A0A1M5LAA3,2,PF02839
A0A1M5M0K0,1,PS51257
A0A1M5M0K0,3,PF00553
A0A1M5M2H5,1,PF01476
A0A1M5M2H5,2,PF01476
A0A1M5MFL1,1,PS51257
A0A1M5MS00,1,PS51257
A0A1M5MSD1,1,PS51257
A0A1M5P166,1,PF00553
A0A1M5P166,2,PF00553
A0A1M5P166,3,PF00041
A0A1M5P2G1,1,PS51257
A0A1M5PGG2,3,PF00041
A0A1M5PGR8,3,PF00041
A0A1M5PHF5,5,PF17957
A0A1M5PHF5,6,PF17957
A0A1M5PI23,1,PS51257
A0A1M5PM53,1,PS51257
A0A1M5PM53,2,PF02839
A0A1M5PM53,3,PF02839
A0A1M5PW28,1,PS51257
A0A1M5Q518,1,PS51257
A0A1M5QD20,1,PF01476
A0A1M5QD20,2,PF01476
A0A1M5QD20,3,PF01476
A0A1M5RGI6,1,PF07833
A0A1M5RGI6,2,PF08239
A0A1M5RPI0,1,PF01476
A0A1M5RPI0,2,PF01476
A0A1M5RY59,1,PS51257
A0A1M5S1R6,1,PF08239
A0A1M5S1W7,2,PF00395
A0A1M5S1W7,3,PF00395
A0A1M5S1W7,4,PF00395
A0A1M5SD35,5,PF17957
A0A1M5SD35,6,PF17957
A0A1M5SE44,1,PS51257
A0A1M5SXE1,1,PS51257
A0A1M5SXE1,2,PF02839
A0A1M5SXE1,3,PF02839
A0A1M5SY66,1,PS51257
A0A1M5SY66,2,PF02839
A0A1M5TKT4,1,PF01476
A0A1M5TKT4,2,PF01476
A0A1M5UBU2,1,PS51257
A0A1M5UH23,3,PF00535
A0A1M5V0A1,1,PF07833
A0A1M5V7Q3,1,PF01476
A0A1M5V7Q3,2,PF01476
A0A1M5VLC8,1,PF01476
A0A1M5VLC8,2,PF01476
A0A1M5VLC8,3,PF01476
A0A1M5VTU5,2,G3DSA:2.60.40.10
A0A1M5VTU5,3,PF02839
A0A1M5W9U0,1,PF01476
A0A1M5W9U0,2,PF01476
A0A1M5WV80,1,PF00395
A0A1M5WV80,2,PF00395
A0A1M5WV80,3,PF00395
A0A1M5X3T9,2,PF00395
A0A1M5X3T9,3,PF00395
A0A1M5X3T9,4,PF00395
A0A1M5X4G5,2,PF00395
A0A1M5X4G5,3,PF00395
A0A1M5X4G5,4,PF00395
A0A1M5X6F5,1,PF00553
A0A1M5X6F5,2,PF00041
A0A1M5XND0,1,PF02018
A0A1M5XND0,2,PF00041
A0A1M5XXX9,1,PF08239
A0A1M5Y7X7,1,PF01476
A0A1M5Y7X7,2,PF01476
A0A1M5YTR8,1,PF01476
A0A1M5YTR8,2,PF01476
A0A1M6A698,1,PS51257
A0A1M6AZS2,1,PF01476
A0A1M6AZS2,2,PF01476
A0A1M6B3J4,1,PF07833
A0A1M6B3J4,2,PF08239
A0A1M6CAN5,2,PF01476
A0A1M6CCB5,1,PF01476
A0A1M6CCB5,2,PF01476
A0A1M6CGL4,1,PF01476
A0A1M6CGL4,2,PF01476
A0A1M6CJK0,4,PF17957
A0A1M6CJK0,5,SM00495
A0A1M6CJK0,6,PF17957
A0A1M6CJN1,2,PF17957
A0A1M6CJN1,3,PF17957
A0A1M6CJN1,4,PF02839
A0A1M6CJN1,5,PF17957
A0A1M6CJN1,7,PF17957
A0A1M6CJN1,8,SM00495
A0A1M6CJN1,9,PF17957
A0A1M6CP41,1,PF07833
A0A1M6CP41,2,PF08239
A0A1M6D8D0,2,G3DSA:2.60.40.10
A0A1M6D8D0,3,G3DSA:2.60.40.10
A0A1M6D8D0,4,PF02839
A0A1M6DS59,1,PF01476
A0A1M6DS59,2,PF01476
A0A1M6E8G0,5,PF02839
A0A1M6E8M2,2,G3DSA:2.60.40.10
A0A1M6E8M2,3,G3DSA:2.60.40.10
A0A1M6E8M2,4,PF02839
A0A1M6EIF5,1,PS51318
A0A1M6EVJ1,1,PF00395
A0A1M6EVJ1,2,PF00395
A0A1M6EVJ1,3,PF00395
A0A1M6EVK2,1,PF07833
A0A1M6FHB3,2,PF02839
A0A1M6FHJ3,2,PF02839
A0A1M6FRP7,2,PF00395
A0A1M6FRP7,3,PF00395
A0A1M6FRP7,4,PF00395
A0A1M6GC86,1,PF00395
A0A1M6GC86,2,PF00395
A0A1M6GC86,3,PF00395
A0A1M6HXY5,2,G3DSA:2.60.40.10
A0A1M6HXY5,3,G3DSA:2.60.40.10
A0A1M6HXY5,4,PF08329
A0A1M6I096,1,PF00395
A0A1M6I096,2,PF00395
A0A1M6I096,3,PF00395
A0A1M6I551,2,PF02839
A0A1M6I554,3,G3DSA:2.60.40.10
A0A1M6I554,4,PF00553
A0A1M6I969,1,PF07833
A0A1M6K3C6,1,PF00553
A0A1M6K3M3,1,PS51318
A0A1M6K3M3,2,PF00553
A0A1M6K3M3,3,PF00041
A0A1M6K4F6,1,PS51257
A0A1M6K6T7,1,PF07833
A0A1M6K6T7,2,PF08239
A0A1M6KEX8,1,PF01476
A0A1M6KEX8,2,PF01476
A0A1M6MEZ0,1,PF01476
A0A1M6MEZ0,2,PF01476
A0A1M6MS18,1,PS51257
A0A1M6MWS0,2,PF08329
A0A1M6MWS0,3,G3DSA:2.60.40.10
A0A1M6MWS0,4,G3DSA:2.60.40.10
A0A1M6N5R1,1,PF01476
A0A1M6N5R1,2,PF01476
A0A1M6NHW9,2,PF00395
A0A1M6NHW9,3,PF00395
A0A1M6NHW9,4,PF00395
A0A1M6NYU8,1,PF01476
A0A1M6NYU8,2,PF01476
A0A1M6NZ59,1,PF07833
A0A1M6P3P1,1,PF08239
A0A1M6PM26,1,PF07833
A0A1M6Q4L5,1,PF01476
A0A1M6Q4L5,2,PF01476
A0A1M6RKW3,2,PF07833
A0A1M6S564,1,PF01476
A0A1M6T3B1,2,G3DSA:2.60.40.10
A0A1M6T3B1,3,G3DSA:2.60.40.10
A0A1M6T3B1,4,PF02839
A0A1M6T8J9,2,PF07833
A0A1M6TC39,1,PF00395
A0A1M6TC39,2,PF00395
A0A1M6TC39,3,PF00395
A0A1M6TWX0,1,PF02839
A0A1M6TX63,4,PF02839
A0A1M6UH31,1,PF02018
A0A1M6UVF8,1,PF01476
A0A1M6UVF8,2,PF01476
A0A1M6UWC9,2,PF02839
A0A1M6UWC9,3,PF02839
A0A1M6V1X7,1,PF07833
A0A1M6V699,1,PS51257
A0A1M6V7S3,5,PF02839
A0A1M6V9L8,1,PS51318
A0A1M6V9L8,2,PF02018
A0A1M6VZ96,3,PF00041
A0A1M6W938,1,PF01476
A0A1M6W938,2,PF01476
A0A1M6WJE6,1,PS51318
A0A1M6WJE6,3,SM00495
A0A1M6WL14,1,PS51318
A0A1M6WL14,2,PF00553
A0A1M6WWG1,3,PF00041
A0A1M6X0A3,1,PF01476
A0A1M6X0A3,2,PF01476
A0A1M6YPG2,2,PF02839
A0A1M6YPG2,4,PF02839
A0A1M7A7Q8,1,PS51318
A0A1M7A7Q8,3,PF02839
A0A1M7AEG0,1,PF01476
A0A1M7AEG0,2,PF01476
A0A1M7BBY9,3,PF00535
A0A1M7DZD3,3,PF00535
A0A1M7EL19,1,PS51257
A0A1M7FCZ1,1,PS51257
A0A1M7FED0,8,G3DSA:2.60.40.10
A0A1M7FED0,9,G3DSA:2.60.40.10
A0A1M7G2F1,2,SM00495
A0A1M7G9E0,3,PF02839
A0A1M7H5C8,1,PF02839
A0A1M7H5C8,2,PF02839
A0A1M7HXK2,1,PS51257
A0A1M7ICN0,1,PS51257
A0A1M7IMZ5,1,PS51257
A0A1M7IYP8,1,PF07833
A0A1M7IYP8,2,PF08239
A0A1M7J1G8,1,PF07833
A0A1M7K3L1,2,PF17957
A0A1M7K3L1,3,PF17957
A0A1M7K3L1,4,PF17957
A0A1M7K3L1,5,SM00495
A0A1M7K532,1,SM00495
A0A1M7KFR0,1,PS51257
A0A1M7L5L3,2,PF17957
A0A1M7L5L3,3,PF02839
A0A1M7L5L3,4,PF17957
A0A1M7L6H6,1,PF02839
A0A1M7LT48,1,PF07833
A0A1M7M1M4,2,PF17957
A0A1M7M1M4,4,PF17957
A0A1M7M1M4,5,PF02839
A0A1M7M1M4,6,PF17957
A0A1M7M1M4,7,SM00495
A0A1M7M9L3,1,PF01476
A0A1M7M9L3,2,PF01476
A0A1M7N3U2,5,G3DSA:2.60.40.10
A0A1M7N3U2,6,G3DSA:2.60.40.10
A0A1M7NI73,2,PF02839
A0A1M7NM15,2,PF00041
A0A1M7NM15,3,PF00041
A0A1M7NM15,4,PF02839
A0A1M7P6X7,1,PS51257
A0A1M7PK60,3,PF00535
A0A1M7PN11,1,PF00553
A0A1M7PN11,2,PF00041
A0A1M7PQD5,1,PF02018
A0A1M7PZ05,1,PF02839
A0A1M7PZ05,2,PF02839
A0A1M7Q692,1,PS51257
A0A1M7Q7P8,1,PS51257
A0A1M7QD65,2,SM00495
A0A1M7QLL9,1,PF02839
A0A1M7QLL9,2,PF02839
A0A1M7QN01,1,PF01476
A0A1M7QN01,2,PF01476
A0A1M7RBX5,1,PS51257
A0A1M7RBX5,2,PF02839
A0A1M7RC01,1,PF00553
A0A1M7RC74,1,PS51257
A0A1M7RC74,2,PF02839
A0A1M7SVG4,1,PF08239
A0A1M7TBI9,2,PF01476
A0A1M7TI13,1,PS51257
A0A1M7XYF8,1,PF01476
A0A1M7XYF8,2,PF01476
A0A1M7XZR5,1,PF01476
A0A1M7XZR5,2,PF01476
A0A1M7XZW8,1,PF01476
A0A1M7XZW8,2,PF01476
A0A1M7Y1E6,3,PF02839
A0A1M7Y3U1,1,PF01476
A0A1M7Y3U1,2,PF01476
A0A1M7Y963,3,PF02839
A0A1M7Y9T4,1,PF07833
A0A1M7YE66,5,PF02839
A0A1M7YEH9,1,PF02839
A0A1M7YGN1,1,PF01476
A0A1M7YGN1,2,PF01476
A0A1M7YIL4,4,PF02839
A0A1M7YIL4,10,PF02839
A0A1M7YIP1,4,PF02839
A0A1M7YIP9,1,PF02839
A0A1M7YIU1,1,G3DSA:2.60.40.10
A0A1M7YIY6,1,PF02839
A0A1M7YJR3,1,PF01476
A0A1M7YJR3,2,PF01476
A0A1M7YNQ4,1,PF01476
A0A1M7YNQ4,2,PF01476
A0A1M7Z5Y8,1,PF02839
A0A1M7Z5Y8,2,PF00041
A0A1M7ZAD9,1,PS51257
A0A1N5VBG5,1,PS51318
A0A1N5YLE8,1,PF00553
A0A1N5Z753,1,PF02839
A0A1N6H6P7,1,PS51257
A0A1N6I2S3,1,PF08329
A0A1N6I2S3,3,G3DSA:2.60.40.10
A0A1N6I2S3,5,PF02839
A0A1N6I2S3,6,PF02839
A0A1N6I2U5,1,SM00495
A0A1N6J2W1,1,PS51257
A0A1N6JTN5,1,PS51257
A0A1N6LFY1,3,G3DSA:2.60.40.10
A0A1N6LFY1,4,G3DSA:2.60.40.10
A0A1N6QGG7,2,PF02839
A0A1N6QGG7,3,PF02839
A0A1N6QMF2,2,SM00495
A0A1N6QN69,1,PS51318
A0A1N6QN69,3,PF02839
A0A1N6QN69,4,PF02839
A0A1N6SHX4,2,PF02839
A0A1N6SM50,1,PF00553
A0A1N6ST47,1,PS51318
A0A1N6ST47,2,PF02018
A0A1N6ST47,3,PF00041
A0A1N6SW96,1,PF02839
A0A1N6SW96,2,PF02839
A0A1N6WGR0,1,PS51257
A0A1N6Y9R3,1,PS51257
A0A1N6Y9R3,2,PF02839
A0A1N6YF60,3,PF00535
A0A1N7AMC6,1,PF02018
A0A1N7AMF0,1,PF02839
A0A1N7AMF0,2,PF00041
A0A1N7AX59,1,PS51257
A0A1N7C7B0,1,PS51318
A0A1N7CYN8,3,PF00041
A0A1N7CZA5,2,PF00041
A0A1N7CZR9,1,PF01476
A0A1N7CZR9,2,PF01476
A0A1N7DCH9,1,PF02839
A0A1N7ETD3,1,PS51257
A0A1N7ETD3,2,PF02839
A0A1N7HC93,1,PF02018
A0A1N7I7N1,3,PF00535
A0A1N7I980,3,PF00041
A0A1N7I9C9,3,PF00041
A0A1N7IC14,3,PF00535
A0A1N7IFE6,3,PF00041
A0A1N7IFK6,3,G3DSA:2.60.40.10
A0A1N7IY00,1,PS51257
A0A1N7NAP8,3,PF00041
A0A1N7NU48,1,PF08329
A0A1N7NU48,2,PF00041
A0A1N7PBX7,3,PF00535
A0A1N7PMQ6,1,PF01476
A0A1N7QLE6,3,PF00535
A0A1P8D865,1,SM00495
A0A1P8D865,2,PF17957
A0A1P8D865,3,PF17957
A0A1P8D865,5,SM00495
A0A1P8NDZ6,1,PS51318
A0A1P8TT42,1,PF00553
A0A1P8TT42,2,PF00041
A0A1Q2CKI3,1,PS51318
A0A1Q2CKI3,4,G3DSA:2.60.40.10
A0A1Q2H1U8,1,SM00495
A0A1Q2H1U8,2,PF17957
A0A1Q2H1U8,3,G3DSA:2.60.40.10
A0A1Q2H1W4,1,PF08329
A0A1Q2H1W4,3,G3DSA:2.60.40.10
A0A1Q2H1W4,4,G3DSA:2.60.40.10
A0A1Q2H1W4,5,PF02839
A0A1Q2H1W4,6,PF02839
A0A1Q2M3W1,1,SM00495
A0A1Q2M3Y0,1,PF02839
A0A1Q2M3Y0,2,PF17957
A0A1Q2M3Y0,3,PF17957
A0A1Q2M3Y0,4,SM00495
A0A1Q2M3Y0,5,PF17957
A0A1Q2M3Y0,6,PF17957
A0A1Q2M8D0,1,PF02839
A0A1Q2M8D0,2,PF17957
A0A1Q2M8D0,3,PF17957
A0A1Q2M9M7,1,PF08329
A0A1Q2M9M7,3,PF22352
A0A1Q2M9M7,4,PF22352
A0A1Q2M9M7,5,G3DSA:2.60.40.10
A0A1Q2M9M7,6,SM00495
A0A1Q2M9M7,7,PF02839
A0A1Q2U2L6,2,PF00041
A0A1Q2U2L6,3,PF00553
A0A1Q3JYP5,1,G3DSA:2.60.40.10
A0A1Q3JYP5,2,G3DSA:2.60.40.10
A0A1Q3JYP5,3,G3DSA:2.60.40.10
A0A1Q3MG66,3,PF00535
A0A1Q3U9X4,3,PF00535
A0A1Q3ULA8,1,PS51257
A0A1Q3WXN0,3,PF00535
A0A1Q3X8U1,3,PF00535
A0A1Q4A667,2,PF02839
A0A1Q4A667,3,PF02839
A0A1Q4F654,3,PF00535
A0A1Q4GHK6,3,PF00535
A0A1Q4LH62,1,PF01476
A0A1Q4LH62,2,PF01476
A0A1Q4NWG7,2,PF00041
A0A1Q4NWG7,3,PF02839
A0A1Q4NWT2,2,G3DSA:2.60.40.10
A0A1Q4NX96,1,PF08329
A0A1Q4NZ54,2,SM00495
A0A1Q4UZM3,1,PF00553
A0A1Q4UZM3,2,PF00041
A0A1Q4V1I6,1,PF02018
A0A1Q4V1I6,2,PF00041
A0A1Q4V361,2,PF02839
A0A1Q4V852,1,PF00553
A0A1Q4V852,2,PF00041
A0A1Q4VFC6,1,PF00553
A0A1Q4VFC6,2,PF00041
A0A1Q4VG36,1,PF02018
A0A1Q4VG36,2,PF00041
A0A1Q4VH29,1,PF00553
A0A1Q4VH29,2,PF00041
A0A1Q4VHG5,1,PS51318
A0A1Q4VHG5,2,PF00553
A0A1Q4VHG5,3,PF00041
A0A1Q4VML7,1,PS51318
A0A1Q4VML7,3,PF02839
A0A1Q4VVG9,1,PS51318
A0A1Q4VVG9,2,PF02018
A0A1Q4VXB8,1,PS51318
A0A1Q4VYS0,1,PF02018
A0A1Q4VYS0,2,PF00041
A0A1Q4W0W6,2,PF02018
A0A1Q4W375,1,PS51318
A0A1Q4WA16,1,PF02018
A0A1Q4WB97,1,PS51318
A0A1Q4WB97,2,PF02018
A0A1Q4WH62,1,PF00553
A0A1Q4WH62,2,PF00041
A0A1Q4WJ92,1,PS51318
A0A1Q4WJ92,2,PF02018
A0A1Q4WJ92,3,PF00041
A0A1Q4WKD1,1,PS51318
A0A1Q4WKD1,2,PF02018
A0A1Q4WLK0,1,PF02018
A0A1Q4WNM7,2,SM00495
A0A1Q4WX35,1,PF00553
A0A1Q4WX36,1,PF00553
A0A1Q4WX36,2,PF00041
A0A1Q4WY00,3,PF02839
A0A1Q4WYD5,2,PF02839
A0A1Q4WZQ9,1,PF00553
A0A1Q4Y9S2,1,PF00553
A0A1Q4Y9S2,2,PF00041
A0A1Q4YFX4,1,PF02018
A0A1Q4YHK8,1,PF02018
A0A1Q4YHK8,2,PF00041
A0A1Q4YIP9,1,PF00553
A0A1Q4YIP9,2,PF00041
A0A1Q4YQV1,1,PF00553
A0A1Q4YTD4,1,PS51318
A0A1Q4YTD4,3,PF02839
A0A1Q4YX35,1,PF00553
A0A1Q4YX35,2,PF00553
A0A1Q4YX35,3,PF00041
A0A1Q4Z9R3,1,PF00553
A0A1Q4Z9R3,2,PF00041
A0A1Q4ZDE4,1,PF02018
A0A1Q4ZDE4,2,PF00041
A0A1Q4ZLW4,1,PF02018
A0A1Q4ZLW4,2,PF00041
A0A1Q4ZPN2,1,PF00553
A0A1Q5A0B8,1,PS51318
A0A1Q5A0B8,3,PF02839
A0A1Q5AH71,1,PF02018
A0A1Q5AH71,2,PF00041
A0A1Q5AI52,1,PF00553
A0A1Q5AI52,2,PF00041
A0A1Q5AML3,1,PF02018
A0A1Q5AML3,2,PF00041
A0A1Q5B032,1,PS51318
A0A1Q5B032,3,SM00495
A0A1Q5B1T6,1,PF00553
A0A1Q5B1T6,2,PF00041
A0A1Q5B7N4,1,PF02839
A0A1Q5BBY4,1,PF00553
A0A1Q5BBY4,2,PF00041
A0A1Q5BKD3,1,PF02018
A0A1Q5BKD3,2,PF00041
A0A1Q5BLK6,1,PF00553
A0A1Q5BLK6,2,PF00041
A0A1Q5BMC7,1,PF02018
A0A1Q5BMC7,2,PF00041
A0A1Q5C2N6,1,PS51318
A0A1Q5C2N6,2,PF02018
A0A1Q5C2N6,3,PF00041
A0A1Q5CB83,3,SM00495
A0A1Q5CWD4,1,PF00553
A0A1Q5CWD4,2,PF00041
A0A1Q5CWW1,1,PF02018
A0A1Q5CWW1,2,PF00041
A0A1Q5D5Q1,1,PS51318
A0A1Q5D5Q1,3,SM00495
A0A1Q5DIY4,1,PF00553
A0A1Q5DQ25,1,PF02018
A0A1Q5DQ25,2,PF00041
A0A1Q5DQU8,1,PF00553
A0A1Q5DQU8,2,PF00041
A0A1Q5DRU0,1,PF02018
A0A1Q5DRU0,2,PF00041
A0A1Q5DSC7,2,PF02839
A0A1Q5DU12,1,PF02018
A0A1Q5DWM5,1,PS51318
A0A1Q5DWM5,3,PF02839
A0A1Q5DXM6,1,PF00553
A0A1Q5E221,1,PF02018
A0A1Q5E221,2,PF00041
A0A1Q5E320,1,PF00553
A0A1Q5E320,2,PF00041
A0A1Q5E3R1,1,PF02018
A0A1Q5E3R1,2,PF00041
A0A1Q5E7Y5,1,PF00553
A0A1Q5E7Y5,2,PF00041
A0A1Q5E9A6,2,PF02018
A0A1Q5EAV2,1,PF00553
A0A1Q5EAV2,2,PF00041
A0A1Q5EC12,1,PF02018
A0A1Q5EC12,2,PF00041
A0A1Q5ED47,1,PF02018
A0A1Q5EDJ3,1,PF02018
A0A1Q5EDJ3,2,PF00041
A0A1Q5EDJ5,2,SM00495
A0A1Q5EHJ0,1,PS51318
A0A1Q5EHJ0,3,PF02018
A0A1Q5EJD6,1,PF02018
A0A1Q5EJD6,2,PF00041
A0A1Q5EQA6,2,SM00495
A0A1Q5EUC8,1,PF02018
A0A1Q5F0T4,1,PF00553
A0A1Q5F0T4,2,PF00041
A0A1Q5F6R7,2,PF02018
A0A1Q5FGI1,1,PF02018
A0A1Q5FGI1,2,PF00041
A0A1Q5FJG7,1,PF00553
A0A1Q5FJG7,2,PF00041
A0A1Q5FSK1,1,PS51318
A0A1Q5FSK1,3,SM00495
A0A1Q5G4X6,1,PS51318
A0A1Q5GE75,1,PF00553
A0A1Q5GE75,2,PF00041
A0A1Q5GET3,1,PF02018
A0A1Q5GET3,2,PF00041
A0A1Q5GFD0,1,PF00553
A0A1Q5GFD0,2,PF00041
A0A1Q5GFF3,1,PF02018
A0A1Q5GFF3,2,PF00041
A0A1Q5GIC0,1,PF02018
A0A1Q5GIC0,2,PF00041
A0A1Q5GMI5,1,PF00553
A0A1Q5GMI5,2,PF00041
A0A1Q5GRN6,1,PF00553
A0A1Q5GUD9,1,PS51318
A0A1Q5GUD9,3,PF02839
A0A1Q5H6H6,1,PF00553
A0A1Q5H6H6,2,PF00041
A0A1Q5H7L7,1,PF02018
A0A1Q5H7L7,2,PF00041
A0A1Q5HCH4,1,PF00553
A0A1Q5HCH4,2,PF00041
A0A1Q5HDS8,1,PF02839
A0A1Q5HGJ8,1,PF02018
A0A1Q5HGJ8,2,PF00041
A0A1Q5HGR6,1,PF00553
A0A1Q5HGR6,2,PF00041
A0A1Q5HJ88,2,PF02018
A0A1Q5HNE7,1,PS51318
A0A1Q5HUA2,2,PF02839
A0A1Q5I9S1,1,PF02018
A0A1Q5I9S1,2,PF00041
A0A1Q5ICQ3,1,PF00553
A0A1Q5ICR6,2,PF02839
A0A1Q5IE11,2,PF02839
A0A1Q5IIX9,1,PF00553
A0A1Q5IIX9,2,PF00041
A0A1Q5IJ42,1,PF02018
A0A1Q5IJ42,2,PF00041
A0A1Q5IRL7,1,PS51318
A0A1Q5IRL7,2,PF02018
A0A1Q5IRL7,3,PF00041
A0A1Q5J7P4,1,PF00553
A0A1Q5J7P4,2,PF00041
A0A1Q5JE61,1,PF00553
A0A1Q5JE61,2,PF00041
A0A1Q5JEX6,1,PS51318
A0A1Q5JEX6,2,PF02018
A0A1Q5JEX6,3,PF00041
A0A1Q5JK20,2,PF02839
A0A1Q5JK37,1,PF00553
A0A1Q5JQC4,2,PF02839
A0A1Q5JUW6,2,G3DSA:2.60.40.10
A0A1Q5JUW6,3,PF02018
A0A1Q5K207,1,PF00553
A0A1Q5K3K8,1,PF00553
A0A1Q5K4N4,1,PS51318
A0A1Q5K4N4,3,PF02839
A0A1Q5K7C9,1,PF02018
A0A1Q5K7C9,2,PF00041
A0A1Q5K821,1,PF00553
A0A1Q5K821,2,PF00041
A0A1Q5K961,1,PF02018
A0A1Q5K961,2,PF00041
A0A1Q5KKY3,3,PF02839
A0A1Q5KPF2,1,PS51257
A0A1Q5KSD6,2,PF02839
A0A1Q5KTR1,1,PS51318
A0A1Q5KTR1,2,PF02018
A0A1Q5KTR1,3,PF00041
A0A1Q5KUQ9,1,PF00553
A0A1Q5KUQ9,2,PF00041
A0A1Q5KVH2,1,PF02018
A0A1Q5KVH2,2,PF00041
A0A1Q5KYN8,1,PF02018
A0A1Q5KYN8,2,PF00041
A0A1Q5KZQ7,1,PF00553
A0A1Q5KZQ7,2,PF00041
A0A1Q5L0L4,1,PF02018
A0A1Q5L0L4,2,PF00041
A0A1Q5L1P4,1,PF02018
A0A1Q5L1P4,2,PF00041
A0A1Q5L7N7,1,PF00553
A0A1Q5LAQ0,1,PS51318
A0A1Q5LAQ0,2,PF02018
A0A1Q5LAQ0,3,PF00041
A0A1Q5LB74,1,PF02018
A0A1Q5LB74,2,PF00041
A0A1Q5LF03,1,PS51318
A0A1Q5LF03,3,SM00495
A0A1Q5LX69,1,PF00553
A0A1Q5LX69,2,PF00041
A0A1Q5LYB8,1,PF02018
A0A1Q5LYB8,2,PF00041
A0A1Q5M0G9,2,PF02839
A0A1Q5M0K1,1,PF00553
A0A1Q5M4M1,1,PF02018
A0A1Q5M4M1,2,PF00041
A0A1Q5M619,2,PF02839
A0A1Q5MBA1,1,PF02018
A0A1Q5MBA1,2,PF00041
A0A1Q5MC38,1,PF00553
A0A1Q5MC38,2,PF00041
A0A1Q5MD13,1,PF00553
A0A1Q5ME22,1,PF00553
A0A1Q5MEX2,1,PS51318
A0A1Q5MFP6,1,PF02018
A0A1Q5MFP6,2,PF00041
A0A1Q5MLM5,2,PF02839
A0A1Q5MNK3,1,PF00553
A0A1Q5MNK3,2,PF00041
A0A1Q5MQU8,1,PF02018
A0A1Q5MQU8,2,PF00041
A0A1Q5MZI0,2,PF02839
A0A1Q5N1L4,1,PF02018
A0A1Q5N1L4,2,PF00041
A0A1Q5N296,1,PF00553
A0A1Q5N296,2,PF00041
A0A1Q5N2X9,1,PF02018
A0A1Q5N2X9,2,PF00041
A0A1Q5N5D2,1,PS51318
A0A1Q5N5D2,2,PF00553
A0A1Q5N5D2,3,PF00041
A0A1Q5NBU6,2,PF02018
A0A1Q5NZB0,1,PF01476
A0A1Q5NZB0,2,PF01476
A0A1Q5NZX9,1,PF01476
A0A1Q5NZX9,2,PF01476
A0A1Q5NZX9,3,PF01476
A0A1Q5SL47,1,PF01476
A0A1Q5SL47,2,PF01476
A0A1Q5T3A0,1,PF01476
A0A1Q5T3A0,2,PF01476
A0A1Q5T3A0,3,PF01476
A0A1Q5T7W1,1,PF01476
A0A1Q5T7W1,2,PF01476
A0A1Q5WS80,1,PF07833
A0A1Q5XF53,1,PF07833
A0A1Q5XHG3,2,PF02839
A0A1Q5XQH0,1,PF07833
A0A1Q5XRI2,1,PF07833
A0A1Q5XV66,2,PF02839
A0A1Q5XY80,1,PF01476
A0A1Q5XY80,2,PF01476
A0A1Q6A638,4,PF00535
A0A1Q6EG87,1,PS51257
A0A1Q6HZU6,1,PS51257
A0A1Q6IDS8,1,PS51257
A0A1Q6J185,1,PS51257
A0A1Q6K2W4,1,PF07833
A0A1Q6K2W4,2,PF08239
A0A1Q6L5K0,1,PF07833
A0A1Q6L5K0,2,PF08239
A0A1Q6LCW5,1,PF07833
A0A1Q6M1N7,1,PF07833
A0A1Q6NN58,1,PF07833
A0A1Q6NN58,2,PF08239
A0A1Q6QAG9,1,PF01476
A0A1Q6QAG9,2,PF01476
A0A1Q6QGS1,1,PF08239
A0A1Q6RBU9,1,PS51257
A0A1Q6RHJ2,1,PF01476
A0A1Q6SBC7,1,PF08239
A0A1Q6SPM0,1,PF08239
A0A1Q6T6D2,1,PF07833
A0A1Q6U2Z1,1,PF07833
A0A1Q6Z825,1,PS51257
A0A1Q7AR26,2,PF02839
A0A1Q7AR26,3,PF02839
A0A1Q7BR08,2,PF00041
A0A1Q7BRW1,1,PF02018
A0A1Q7BRW1,2,PF00041
A0A1Q7BYE9,2,PF02839
A0A1Q7BYE9,3,PF02839
A0A1Q7C3D7,1,PF00553
A0A1Q7C3D7,2,PF00041
A0A1Q7C4J2,1,PS51318
A0A1Q7C4J2,2,PF02018
A0A1Q7T0X7,3,PF00535
A0A1Q7VRK6,1,PS51318
A0A1Q7VSF3,2,PF02839
A0A1Q7VSF3,3,PF02839
A0A1Q7VVZ3,1,PF02018
A0A1Q7VWY5,2,PF02018
A0A1Q7W636,1,PF00553
A0A1Q7W636,2,PF00041
A0A1Q7WA22,2,PF02839
A0A1Q7WA22,3,PF02839
A0A1Q7WJ78,1,PF00553
A0A1Q7WJ78,2,PF00041
A0A1Q7XVS2,3,PF00535
A0A1Q7YQC5,3,PF00535
A0A1Q8EU26,2,G3DSA:2.60.40.10
A0A1Q8EU26,3,PF02839
A0A1Q8IYV5,1,PS51257
A0A1Q8IYV5,3,PF02839
A0A1Q8IYV5,4,PF02839
A0A1Q8Q1E0,1,PF01476
A0A1Q8Q1E0,2,PF01476
A0A1Q8Q770,1,PF01476
A0A1Q8Q770,2,PF01476
A0A1Q8Q770,3,PF01476
A0A1Q8QYT2,2,PF01476
A0A1Q8R3B8,1,PS51257
A0A1Q8U429,1,PF02018
A0A1Q8U429,2,PF00041
A0A1Q8U4R6,1,PF00553
A0A1Q8U4R6,2,PF00041
A0A1Q8U5R0,1,PF02018
A0A1Q8U5R0,2,PF00041
A0A1Q8UEV8,1,PS51318
A0A1Q9H146,1,SM00495
A0A1Q9H146,2,PF17957
A0A1Q9H146,3,PF17957
A0A1Q9JVW8,1,PF01476
A0A1Q9K5A8,1,PF01476
A0A1Q9LJ92,1,PF00553
A0A1Q9LMB5,1,PF00553
A0A1Q9LP75,1,PF02018
A0A1Q9LP75,2,G3DSA:2.60.40.10
A0A1Q9PGL0,1,PF01476
A0A1Q9PGL0,2,PF01476
A0A1Q9PW30,1,PF07833
A0A1Q9Q001,1,PF01476
A0A1Q9Q001,2,PF01476
A0A1Q9Q0J6,2,PF01476
A0A1Q9Q386,1,PF00041
A0A1Q9Q386,2,PF17957
A0A1R0FT85,1,SM00495
A0A1R0FT85,2,SM00495
A0A1R0FT85,3,SM00495
A0A1R0KIT9,1,PS51318
A0A1R0KK82,1,PF02018
A0A1R0KNC9,2,PF02839
A0A1R0KRR0,1,PF00553
A0A1R0KRV6,1,PF00553
A0A1R0KRW2,1,PF02018
A0A1R0KRW2,2,PF00041
A0A1R0KT29,1,PS51318
A0A1R0KT29,2,PF00553
A0A1R0KT29,3,PF00041
A0A1R0LBC3,2,SM00495
A0A1R0LE52,1,PF00553
A0A1R0LE52,2,PF00041
A0A1R0LW22,1,PF00553
A0A1R0LYR7,1,PF02018
A0A1R0LYR7,2,PF00041
A0A1R0M6D3,2,G3DSA:2.60.40.10
A0A1R0M6D3,3,PF02018
A0A1R0M9G6,2,PF02839
A0A1R0M9N3,1,PS51318
A0A1R0M9N3,3,PF02018
A0A1R0W6C2,1,PF07833
A0A1R0W987,2,PF00041
A0A1R0W987,3,PF02839
A0A1R0W9V8,1,PF02839
A0A1R0W9V8,2,PF00041
A0A1R0WEF3,1,PF07833
A0A1R0WF60,1,PF00395
A0A1R0WF60,2,PF00395
A0A1R0WF60,3,PF00395
A0A1R0WW00,3,PF02839
A0A1R0WW00,4,PF02839
A0A1R0WW54,1,PF07833
A0A1R0WW61,2,PF02839
A0A1R0WW61,3,PF02839
A0A1R0X755,1,PF00395
A0A1R0X755,2,PF00395
A0A1R0X755,3,PF00395
A0A1R0XB69,1,PF07833
A0A1R0XU36,1,PF07833
A0A1R0XVJ2,1,PF07833
A0A1R0XZH4,1,PF00395
A0A1R0XZH4,2,PF00395
A0A1R0XZH4,3,PF00395
A0A1R0YPN0,1,PF07833
A0A1R0ZB87,1,PF00395
A0A1R0ZB87,2,PF00395
A0A1R0ZB87,3,PF00395
A0A1R0ZBY1,3,PF02839
A0A1R0ZC26,2,PF02839
A0A1R0ZC26,3,PF02839
A0A1R0ZDG2,1,PF07833
A0A1R0ZFG4,1,PF07833
A0A1R0ZGL3,1,PF00395
A0A1R0ZGL3,2,PF00395
A0A1R0ZGL3,3,PF00395
A0A1R0ZQ75,1,PF07833
A0A1R0ZQT6,1,G3DSA:2.60.40.10
A0A1R0ZQT6,2,PF00041
A0A1R0ZQT6,4,PF00041
A0A1R0ZQT6,5,PF00395
A0A1R0ZQT6,6,PF00395
A0A1R0ZQT6,7,PF00395
A0A1R0ZSE6,1,PF01476
A0A1R0ZSE6,2,PF01476
A0A1R1A1V0,2,PF00041
A0A1R1A1V0,3,PF00041
A0A1R1A1V0,4,PF02839
A0A1R1A270,1,PF00395
A0A1R1A270,2,PF00395
A0A1R1A270,3,PF00395
A0A1R1AV18,1,G3DSA:2.60.40.10
A0A1R1AV18,2,PF00041
A0A1R1AV18,4,PF00041
A0A1R1AV18,5,PF00395
A0A1R1AV18,6,PF00395
A0A1R1AV18,7,PF00395
A0A1R1AV25,1,PF07833
A0A1R1B6C7,1,PF02839
A0A1R1B6C7,2,PF00041
A0A1R1B6J8,1,PF07833
A0A1R1B6S0,1,PF00395
A0A1R1B6S0,2,PF00395
A0A1R1B6S0,3,PF00395
A0A1R1BB86,1,PF01476
A0A1R1BB86,2,PF01476
A0A1R1BB86,3,PF01476
A0A1R1BKN1,1,PF07833
A0A1R1C6T0,1,PF07833
A0A1R1C7R5,1,PF00395
A0A1R1C7R5,2,PF00395
A0A1R1C7R5,3,PF00395
A0A1R1C9L6,2,PF08239
A0A1R1CAD2,1,PF01476
A0A1R1CAD2,2,PF01476
A0A1R1CQA2,1,PF01476
A0A1R1CQA2,2,PF01476
A0A1R1CZK6,1,PF00395
A0A1R1CZK6,2,PF00395
A0A1R1CZK6,3,PF00395
A0A1R1D9Q3,1,PF07833
A0A1R1DBQ2,1,PF00395
A0A1R1DBQ2,2,PF00395
A0A1R1DBQ2,3,PF00395
A0A1R1DXG6,1,PF07833
A0A1R1E8Y3,1,PF07833
A0A1R1F527,1,PF00395
A0A1R1F527,2,PF00395
A0A1R1F527,3,PF00395
A0A1R1F880,1,PF00395
A0A1R1F880,2,PF00395
A0A1R1F880,3,PF00395
A0A1R1FG39,1,PF02839
A0A1R1FG39,2,PF00041
A0A1R1FG49,3,PF00041
A0A1R1FG49,4,PF02839
A0A1R1FI41,1,PF07833
A0A1R1FJD7,1,PF07833
A0A1R1JDB5,2,PF00041
A0A1R1JDB5,3,PF02839
A0A1R1JG66,1,PF08329
A0A1R1JG66,3,PF22352
A0A1R1JG66,5,SM00495
A0A1R1JG66,6,SM00495
A0A1R1Q780,1,PF01476
A0A1R1Q780,2,PF01476
A0A1R1QMD8,2,PF00041
A0A1R1QMD8,3,PF02839
A0A1R1QTM7,1,PF01476
A0A1R1QTM7,2,PF01476
A0A1R1SNN2,1,PF02018
A0A1R1SNN2,2,PF00041
A0A1R2TDR4,2,G3DSA:2.60.40.10
A0A1R3EQX1,1,PF08329
A0A1R3EQX1,3,PF22352
A0A1R3EQX1,5,PF02839
A0A1R3F401,2,PF02839
A0A1R3F401,4,SM00495
A0A1R3F514,1,PS51257
A0A1R3F514,2,PF02839
A0A1R3F514,3,PF17957
A0A1R3F514,4,PF17957
A0A1R3FBM3,2,PF02839
A0A1R3FBM3,4,SM00495
A0A1R3FLJ3,1,PF08329
A0A1R3FLJ3,3,PF22352
A0A1R3FLJ3,5,PF02839
A0A1R3FRW0,1,PS51257
A0A1R3FRW0,2,PF02839
A0A1R3FRW0,3,PF17957
A0A1R3FRW0,4,PF17957
A0A1R3URE5,1,PS51257
A0A1R3UTC9,1,PF00553
A0A1S0ZEI1,2,G3DSA:2.60.40.10
A0A1S1J059,5,G3DSA:2.60.40.10
A0A1S1J059,6,G3DSA:2.60.40.10
A0A1S1J547,4,G3DSA:2.60.40.10
A0A1S1J547,5,G3DSA:2.60.40.10
A0A1S1MP44,1,SM00495
A0A1S1MP44,2,PF17957
A0A1S1MP44,3,G3DSA:2.60.40.10
A0A1S1MP44,5,SM00495
A0A1S1MPK6,1,PF08329
A0A1S1MPK6,3,G3DSA:2.60.40.10
A0A1S1MPK6,4,G3DSA:2.60.40.10
A0A1S1MPK6,5,PF02839
A0A1S1MYP0,1,PF02839
A0A1S1MYP0,2,PF17957
A0A1S1MYP0,3,PF17957
A0A1S1MYP0,4,SM00495
A0A1S1MYP0,5,PF17957
A0A1S1MYP0,6,PF17957
A0A1S1N078,1,PS51257
A0A1S1N078,3,SM00495
A0A1S1N145,1,SM00495
A0A1S1N145,2,PF17957
A0A1S1N145,3,G3DSA:2.60.40.10
A0A1S1N145,5,SM00495
A0A1S1N204,1,PF08329
A0A1S1N204,3,G3DSA:2.60.40.10
A0A1S1N204,5,PF02839
A0A1S1N9R4,1,PF02839
A0A1S1N9R4,2,PF17957
A0A1S1N9R4,3,PF17957
A0A1S1N9R4,4,SM00495
A0A1S1N9R4,5,PF17957
A0A1S1N9R4,6,PF17957
A0A1S1QK15,1,PS51318
A0A1S1QK15,2,PF00553
A0A1S1UBH9,1,PF02839
A0A1S1UBH9,2,PF02839
A0A1S1WX68,1,PS51257
A0A1S1WX68,2,PF02839
A0A1S1X196,1,PF02839
A0A1S1X290,1,PF02839
A0A1S1X3M0,2,PF00041
A0A1S1X3M0,3,PF02839
A0A1S1X480,2,PF02839
A0A1S1X480,3,PF02839
A0A1S1Z458,2,G3DSA:2.60.40.10
A0A1S1Z458,3,G3DSA:2.60.40.10
A0A1S1Z458,4,SM00495
A0A1S1Z458,5,G3DSA:2.60.40.10
A0A1S1Z458,6,G3DSA:2.60.40.10
A0A1S1Z458,7,PF02839
A0A1S1Z458,8,G3DSA:2.60.40.10
A0A1S2CPF9,2,PF02839
A0A1S2CPF9,4,SM00495
A0A1S2CVL1,1,SM00495
A0A1S2CVL1,2,PF17957
A0A1S2CVL1,3,PF17957
A0A1S2CVL1,5,SM00495
A0A1S2D004,1,PF08329
A0A1S2D004,3,PF22352
A0A1S2D004,4,G3DSA:2.60.40.10
A0A1S2D004,5,PF02839
A0A1S2D004,6,PF02839
A0A1S2D048,1,PF08329
A0A1S2D048,3,PF22352
A0A1S2D048,4,G3DSA:2.60.40.10
A0A1S2D048,5,PF02839
A0A1S2D048,6,PF02839
A0A1S2F4R3,1,G3DSA:2.60.40.10
A0A1S2F4R3,2,PF00041
A0A1S2F4R3,4,PF00041
A0A1S2F4R3,5,PF00395
A0A1S2F4R3,6,PF00395
A0A1S2F4R3,7,PF00395
A0A1S2F6Y8,1,PF00395
A0A1S2F6Y8,2,PF00395
A0A1S2F6Y8,3,PF00395
A0A1S2F7J0,1,PF07833
A0A1S2F7Z5,1,PF07833
A0A1S2F8L0,1,PF02839
A0A1S2FBQ6,1,PF02839
A0A1S2FBQ6,2,PF00041
A0A1S2HWP4,1,PS51257
A0A1S2IDP0,1,PS51257
A0A1S2JXU3,3,PF02839
A0A1S2JXW8,1,PF02018
A0A1S2JXW8,2,PF00041
A0A1S2K8L9,1,PF02018
A0A1S2K8L9,2,PF00041
A0A1S2K963,1,PF00553
A0A1S2K963,2,PF00041
A0A1S2KDU8,3,PF02839
A0A1S2KG00,1,PF00041
A0A1S2KIV1,1,PF02018
A0A1S2KIV1,2,PF00041
A0A1S2KKJ3,1,PF00553
A0A1S2KKJ3,2,PF00041
A0A1S2KLC1,3,PF02839
A0A1S2KXM5,1,PF07833
A0A1S2LJN6,1,PF01476
A0A1S2LJN6,2,PF01476
A0A1S2LKC5,1,PF07833
A0A1S2LKN8,1,PF01476
A0A1S2LKN8,2,PF01476
A0A1S2LLF4,2,PF00395
A0A1S2LLF4,3,PF00395
A0A1S2LLF4,4,PF00395
A0A1S2LPD4,1,PF01476
A0A1S2LTF5,1,PF01476
A0A1S2M2M4,1,PF01476
A0A1S2M2M4,2,PF01476
A0A1S2M2V6,2,PF01476
A0A1S2M669,1,PF01476
A0A1S2M7Q6,1,PF01476
A0A1S2M7Q6,2,PF01476
A0A1S2P664,1,PS51318
A0A1S2P664,2,PF02018
A0A1S2P664,3,PF00041
A0A1S2P6C3,1,PF00553
A0A1S2P6C3,2,PF00041
A0A1S2P7H2,1,PS51318
A0A1S2P7H2,3,PF02018
A0A1S2PA91,1,PF00553
A0A1S2PA91,2,PF00041
A0A1S2PB74,1,PF02018
A0A1S2PB74,2,PF00041
A0A1S2PSY6,1,PF00553
A0A1S2PYC0,1,PF00553
A0A1S2Q1X9,1,PF00553
A0A1S2Q1X9,2,PF00041
A0A1S2Q3R4,2,PF02018
A0A1S2QBS0,1,PS51318
A0A1S2QBS0,3,PF02018
A0A1S2QF75,2,PF02839
A0A1S2QIA3,1,PF02018
A0A1S2QIA3,2,PF00041
A0A1S2QL09,1,PS51257
A0A1S2QL42,1,PF02018
A0A1S2QL42,2,PF00041
A0A1S2QL74,1,PS51257
A0A1S2QPX2,1,PF17957
A0A1S2QPX2,2,PF00041
A0A1S2QPZ7,3,PF02018
A0A1S2QSJ5,1,PF01476
A0A1S2QSJ5,2,PF01476
A0A1S2QTU8,1,PF01476
A0A1S2QTU8,2,PF01476
A0A1S2R236,1,PF01476
A0A1S2R236,2,PF01476
A0A1S2R236,3,PF01476
A0A1S2R5N1,1,PF01476
A0A1S2R5N1,2,PF01476
A0A1S2R5U0,1,PF07833
A0A1S2RA22,1,PF01476
A0A1S2RA22,2,PF01476
A0A1S2RE47,1,PF01476
A0A1S2RE47,2,PF01476
A0A1S2RFI7,3,PF00535
A0A1S2VTN3,1,PS51257
A0A1S2WRS3,2,PF00041
A0A1S2WRS3,3,PF02839
A0A1S2WRS3,4,PF02839
A0A1S2WRS3,5,PF02839
A0A1S6F5A2,1,PS51257
A0A1S6F5A2,2,PF02839
A0A1S6HJL8,1,SM00495
A0A1S6HJL8,2,PF17957
A0A1S6HJL8,3,PF17957
A0A1S6HJL8,4,PF17957
A0A1S6HJQ0,2,PF17957
A0A1S6HJQ0,3,PF17957
A0A1S6HJQ0,4,SM00495
A0A1S6HJQ0,5,PF17957
A0A1S6HJQ0,6,PF02839
A0A1S6HLY5,1,PS51257
A0A1S6HLY5,3,PF22352
A0A1S6HLY5,4,G3DSA:2.60.40.10
A0A1S6HM64,3,SM00495
A0A1S6HM64,4,SM00495
A0A1S6HQG7,1,PF08329
A0A1S6HQG7,3,PF22352
A0A1S6HQG7,5,SM00495
A0A1S6HQG7,6,PF02839
A0A1S6HUL8,1,SM00495
A0A1S6HUL8,2,PF17957
A0A1S6HUL8,3,PF17957
A0A1S6HUL8,4,SM00495
A0A1S6HUL8,5,PF17957
A0A1S6HUL8,6,PF17957
A0A1S6ISQ3,2,PF07833
A0A1S6J0E0,1,PF07833
A0A1S6J6W0,1,PF00553
A0A1S6J6W0,2,PF00041
A0A1S6J7Q4,1,PF02018
A0A1S6J7Q4,2,PF00041
A0A1S6JCG1,1,PF00553
A0A1S6JFU1,2,PF02839
A0A1S7FY17,3,PF00041
A0A1S7FY17,4,PF02839
A0A1S8CPU9,2,PF00041
A0A1S8CPU9,3,PF02839
A0A1S8L0M1,1,G3DSA:2.60.40.10
A0A1S8LQQ9,1,PF01476
A0A1S8LQQ9,2,PF01476
A0A1S8MCQ3,1,G3DSA:2.60.40.10
A0A1S8XRJ0,1,PF00553
A0A1S8XRJ0,2,PF00041
A0A1S8YQD7,2,PF00041
A0A1S8YQD7,3,PF02839
A0A1S8YQD7,4,PF02839
A0A1S8YRU4,2,PF22352
A0A1S8YRU4,3,PF02839
A0A1S8YRU4,4,PF02839
A0A1S9A2P2,5,G3DSA:2.60.40.10
A0A1S9A2P2,6,G3DSA:2.60.40.10
A0A1S9A2Q6,1,PS51257
A0A1S9BVI6,1,PF08239
A0A1S9CG28,1,PF08239
A0A1S9CPL0,1,PF07833
A0A1S9CPL0,2,PF08239
A0A1S9CT76,1,PF07833
A0A1S9I178,2,PF02839
A0A1S9I178,3,PF02839
A0A1S9IBC8,1,PF01476
A0A1S9IBC8,2,PF01476
A0A1S9IBC8,3,PF08239
A0A1S9IE62,2,G3DSA:2.60.40.10
A0A1S9IE62,3,G3DSA:2.60.40.10
A0A1S9IE62,4,G3DSA:2.60.40.10
A0A1S9PCQ7,3,PF00535
A0A1S9S8T1,1,PF01476
A0A1S9S8T1,2,PF01476
A0A1S9SYU7,3,PF00535
A0A1S9TB04,2,PF00041
A0A1S9TB04,3,PF00553
A0A1S9TCA2,1,PF01476
A0A1S9TCA2,2,PF01476
A0A1S9TRH3,2,PF00041
A0A1S9TRH3,3,PF00553
A0A1T1BNC0,1,PS51257
A0A1T1BSP8,1,PS51257
A0A1T2WZU8,1,PF02839
A0A1T2WZU8,2,PF00041
A0A1T2X2V3,2,PF00395
A0A1T2X2V3,3,PF00395
A0A1T2X2V3,4,PF00395
A0A1T2X306,1,G3DSA:2.60.40.10
A0A1T2X306,2,PF00041
A0A1T2X306,4,PF00041
A0A1T2X306,5,PF00395
A0A1T2X306,6,PF00395
A0A1T2X306,7,PF00395
A0A1T2X3C7,1,PF07833
A0A1T2X6C7,2,PF00041
A0A1T2X6C7,3,PF02839
A0A1T2X961,1,PF02839
A0A1T2X961,2,PF00041
A0A1T2XFI9,1,PS51257
A0A1T2XHE1,1,PF07833
A0A1T3FF01,3,PF00535
A0A1T3FH12,1,PS51257
A0A1T3L4R2,1,PS51257
A0A1T3MNL9,1,PS51257
A0A1T3MTB5,1,PS51257
A0A1T3MX25,3,PF00535
A0A1T3NMX4,2,PF02839
A0A1T3NPE7,1,PF00553
A0A1T3NPE7,2,PF00041
A0A1T3NQ80,2,G3DSA:2.60.40.10
A0A1T3NQ80,3,PF02018
A0A1T3NQS4,1,PF00553
A0A1T3NQS4,2,PF00041
A0A1T3NRD3,1,PF02018
A0A1T3NRD3,2,PF00041
A0A1T3NRM5,1,PF02018
A0A1T3NRM5,2,PF00041
A0A1T3NS00,1,PF02018
A0A1T3NS00,2,PF00041
A0A1T3P5F9,1,PS51318
A0A1T3P5F9,2,PF00553
A0A1T3P5F9,3,PF00041
A0A1T3VL21,1,SM00495
A0A1T3VL21,2,PF17957
A0A1T3VL21,3,PF00041
A0A1T4L9J9,8,PF02839
A0A1T4L9J9,9,PF02839
A0A1T4M2H8,3,PF00535
A0A1T4NB93,1,PS51257
A0A1T4NNU6,1,PF08329
A0A1T4NNU6,3,PF22352
A0A1T4NNU6,5,PF02839
A0A1T4P8X1,1,PS51257
A0A1T4PJ61,1,PF01476
A0A1T4PJ61,2,PF01476
A0A1T4PZ55,1,PS51257
A0A1T4Q752,1,PS51318
A0A1T4Q752,2,PF00553
A0A1T4Q752,3,PF00041
A0A1T4Q7U4,1,PF00553
A0A1T4QB08,3,PF02839
A0A1T4QB08,4,PF02839
A0A1T4QLQ7,2,PF02839
A0A1T4R2Q7,1,PS51257
A0A1T4RGG0,2,PF17957
A0A1T4RGG0,4,PF17957
A0A1T4RGG0,5,PF17957
A0A1T4RGG0,6,PF02839
A0A1T4S374,1,PS51257
A0A1T4S374,2,PF02839
A0A1T4S374,3,PF17957
A0A1T4S374,4,PF17957
A0A1T4S374,7,SM00495
A0A1T4SSD1,1,PS51257
A0A1T4T7M1,1,PS51257
A0A1T4T7M1,2,PF02839
A0A1T4T7M1,3,PF17957
A0A1T4T7M1,4,PF17957
A0A1T4U5Q8,1,PF08329
A0A1T4U5Q8,3,PF22352
A0A1T4U5Q8,5,PF02839
A0A1T4UG54,1,PS51257
A0A1T4UG54,2,PF02839
A0A1T4UG54,3,PF17957
A0A1T4UG54,4,PF17957
A0A1T4UQJ7,2,PF02839
A0A1T4UQJ7,4,SM00495
A0A1T4V6H7,1,SM00495
A0A1T4V6H7,2,PF17957
A0A1T4V6H7,3,PF17957
A0A1T4V6H7,4,SM00495
A0A1T4V6H7,5,PF17957
A0A1T4V6H7,6,PF17957
A0A1T4VAY8,4,PF02839
A0A1T4VAY8,5,PF02839
A0A1T4VHY8,1,PS51257
A0A1T4XA36,1,PF01476
A0A1T4XA36,2,PF01476
A0A1T4XP21,1,PF08239
A0A1T4XP21,2,PF08239
A0A1T4XTY5,1,PF01476
A0A1T4XTY5,2,PF01476
A0A1T4YL62,1,PF01476
A0A1T4YL62,2,PF01476
A0A1T5AXP0,1,PS51257
A0A1T5C620,1,PF08239
A0A1T5CDZ6,1,PS51257
A0A1T5D1U9,2,G3DSA:2.60.40.10
A0A1T5D1U9,3,PF00041
A0A1T5DFI3,1,PS51257
A0A1T5EUT8,3,PF00535
A0A1T5FTS2,1,PS51257
A0A1T5GM54,1,PF01476
A0A1T5GM54,2,PF01476
A0A1T5GM54,3,PF01476
A0A1T5H3D1,1,PF01476
A0A1T5H3D1,2,PF01476
A0A1T5HVH2,2,G3DSA:2.60.40.10
A0A1T5HVH2,4,PF02839
A0A1T5HVH2,5,PF02839
A0A1T5HZY6,2,PF02839
A0A1T5HZY6,4,SM00495
A0A1T5I147,1,PS51257
A0A1T5I147,2,SM00495
A0A1T5I147,3,PF17957
A0A1T5I147,4,PF17957
A0A1T5I6U1,1,PS51257
A0A1T5IAM8,1,PS51257
A0A1T5IIH2,1,PF07833
A0A1T5IIH2,2,PF08239
A0A1T5JR08,1,PS51318
A0A1T5JR08,3,PF02839
A0A1T5KI43,2,PF00395
A0A1T5KI43,3,PF00395
A0A1T5KI43,4,PF00395
A0A1T5KIB0,1,PF01476
A0A1T5KIB0,2,PF01476
A0A1T5LTI0,1,PF01476
A0A1T5LTI0,2,PF01476
A0A1T5MAM2,1,PF07833
A0A1T5MAM2,2,PF08239
A0A1T5NC98,1,PS51257
A0A1T5ND73,1,PS51257
A0A1T5NH60,1,PS51257
A0A1U7LYM7,1,PF07833
A0A1U7PTK7,3,PF00535
A0A1U7PUB4,1,PF01476
A0A1U9K2Z9,1,PF01476
A0A1U9K2Z9,2,PF01476
A0A1U9N559,1,PS51257
A0A1U9N9Q6,1,SM00495
A0A1U9N9Q6,2,SM00495
A0A1U9N9Z9,1,SM00495
A0A1U9N9Z9,2,PF02839
A0A1U9NUF4,2,PF02839
A0A1U9NYF6,2,PF02839
A0A1U9P2P4,1,PF00553
A0A1U9P2P4,2,PF00041
A0A1U9P307,1,PF02018
A0A1U9P307,2,PF00041
A0A1U9P3E0,1,PF02018
A0A1U9P3E0,2,PF00041
A0A1U9QPT2,1,PF02018
A0A1U9QPT2,2,PF00041
A0A1U9QQR9,1,PF00553
A0A1U9QQR9,2,PF00041
A0A1U9QR86,1,PF02018
A0A1U9QR86,2,PF00041
A0A1U9ZX91,2,PF00041
A0A1V0A733,1,PF00553
A0A1V0A733,2,PF00041
A0A1V0A751,1,PF02018
A0A1V0A751,2,PF00041
A0A1V0DGB3,1,PS51257
A0A1V0PEP9,2,G3DSA:2.60.40.10
A0A1V0PEP9,3,PF02839
A0A1V0QUL5,1,PF00553
A0A1V0QY30,1,PF02018
A0A1V0QY30,2,PF00041
A0A1V0QYT7,1,PF00553
A0A1V0QYT7,2,PF00041
A0A1V0QZT1,1,PF02018
A0A1V0QZT1,2,PF00041
A0A1V0R456,2,PF02839
A0A1V0R7L9,2,PF02839
A0A1V0U5Z5,1,PF00553
A0A1V0U5Z5,2,PF00041
A0A1V0U649,1,PS51318
A0A1V0U649,3,PF02839
A0A1V0UG99,1,PF02018
A0A1V0UG99,2,PF00041
A0A1V0UGX5,1,PF00553
A0A1V0UGX5,2,PF00041
A0A1V0UHA3,1,PF02018
A0A1V0UHA3,2,PF00041
A0A1V0UQX3,1,PF07833
A0A1V0UQZ0,1,PF08329
A0A1V0UQZ0,2,PF00041
A0A1V0UVW8,2,PF02839
A0A1V1V9T7,1,PF17957
A0A1V1V9T7,2,PF17957
A0A1V1V9T7,3,PF17957
A0A1V1VEU2,4,PF02839
A0A1V1VEU2,5,PF02839
A0A1V2A3W7,1,PF01476
A0A1V2A3W7,2,PF01476
A0A1V2A3W7,3,PF01476
A0A1V2A739,1,PF01476
A0A1V2A739,2,PF01476
A0A1V2AZB6,2,PF17957
A0A1V2AZB6,3,PF02839
A0A1V2AZB6,4,PF17957
A0A1V2B738,1,PS51257
A0A1V2BC56,2,PF17957
A0A1V2BC56,4,PF17957
A0A1V2BC56,5,PF02839
A0A1V2BC56,6,PF17957
A0A1V2CCP4,5,PF17957
A0A1V2CCP4,6,PF17957
A0A1V2FVH7,1,SM00495
A0A1V2FVH7,2,SM00495
A0A1V2FVH7,3,SM00495
A0A1V2FVH7,4,SM00495
A0A1V2FVH7,5,PF02839
A0A1V2FVH7,6,SM00495
A0A1V2I7E7,1,PS51318
A0A1V2I7E7,2,PF00553
A0A1V2M639,1,PF08239
A0A1V2NUD7,2,PF02839
A0A1V2NUG5,1,PF02018
A0A1V2NUG5,2,PF00041
A0A1V2NUI1,1,PF00553
A0A1V2NUI1,2,PF00041
A0A1V2NWF4,1,PS51318
A0A1V2P8F4,1,PF02018
A0A1V2P8F4,2,PF00041
A0A1V2PAW8,1,PS51318
A0A1V2PAW8,2,PF00553
A0A1V2PAW8,3,PF00041
A0A1V2PFY8,1,PS51318
A0A1V2PFY8,2,PF00553
A0A1V2PFY8,3,PF00041
A0A1V2PLW0,1,PS51318
A0A1V2PLW0,2,PF02018
A0A1V2PLW0,3,PF00041
A0A1V2Q608,1,PF00553
A0A1V2Q8D1,1,PF02018
A0A1V2Q8D1,2,PF00041
A0A1V2QH89,1,PS51318
A0A1V2QMH4,1,PF00553
A0A1V2QPQ0,2,PF02018
A0A1V2UMA2,3,PF00041
A0A1V2UMA2,4,PF02839
A0A1V2UMH7,3,PF00041
A0A1V2UMH7,4,PF02839
A0A1V2YFS8,1,PF07833
A0A1V2YFS8,2,PF08239
A0A1V3BWG1,1,PF00553
A0A1V3BWI7,1,PF00553
A0A1V3BWI7,2,PF00041
A0A1V3C3M7,2,PF02839
A0A1V3G568,1,PF01476
A0A1V3G568,2,PF01476
A0A1V3G7E0,1,PF01476
A0A1V3G7E0,2,PF01476
A0A1V3G7E0,3,PF01476
A0A1V3G9Z9,1,PF01476
A0A1V3G9Z9,2,PF01476
A0A1V3GCX7,1,PS51257
A0A1V3HB83,1,PF08329
A0A1V3HB83,5,PF02839
A0A1V3HB83,6,PF02839
A0A1V3HBM9,1,SM00495
A0A1V3RLG5,1,PS51257
A0A1V3U698,1,PS51257
A0A1V3ZZU4,1,PF00553
A0A1V3ZZU4,2,PF00041
A0A1V4A2G1,2,PF02839
A0A1V4AGA9,1,PS51318
A0A1V4AGA9,3,G3DSA:2.60.40.10
A0A1V4AGA9,4,PF02839
A0A1V4AH82,1,PF02018
A0A1V4AH82,2,PF00041
A0A1V4CTR1,1,PS51318
A0A1V4CTR1,2,PF02018
A0A1V4CTR1,3,PF00041
A0A1V4D946,1,PS51318
A0A1V4DMB8,1,PF02018
A0A1V4DMI2,1,PF00553
A0A1V4DSK2,1,PF00553
A0A1V4DSK2,2,PF00041
A0A1V4DZP1,1,PF00553
A0A1V4DZP1,2,PF00553
A0A1V4DZP1,3,PF00041
A0A1V4E7A8,1,PF02018
A0A1V4E7A8,2,PF00041
A0A1V4E8F7,1,PS51318
A0A1V4E8F7,2,PF02018
A0A1V4E8F7,3,PF00041
A0A1V4E8P2,1,PF02018
A0A1V4E9C0,2,PF02839
A0A1V4E9C0,3,PF02839
A0A1V4EAE3,1,PF00553
A0A1V4EC71,1,PF00553
A0A1V4EH38,1,PF02839
A0A1V4EH38,2,PF00041
A0A1V4EWY2,1,PF01476
A0A1V4HBW5,1,PF02839
A0A1V4HBW5,2,PF00041
A0A1V4HIH7,1,PF07833
A0A1V4HIH7,2,PF08239
A0A1V4HNK5,1,PF01476
A0A1V4HNK5,2,PF01476
A0A1V4HPQ9,2,PF00395
A0A1V4HPQ9,3,PF00395
A0A1V4HPQ9,4,PF00395
A0A1V4I7G3,1,PF01476
A0A1V4I7G3,2,PF01476
A0A1V4I941,1,PF01476
A0A1V4I941,2,PF01476
A0A1V4IMT7,1,PF01476
A0A1V4IMT7,2,PF01476
A0A1V4IS50,1,G3DSA:2.60.40.10
A0A1V4SK32,2,PF00395
A0A1V4SK32,3,PF00395
A0A1V4SK32,4,PF00395
A0A1V4SMF7,1,PF01476
A0A1V4SMF7,2,PF01476
A0A1V4VYR4,1,PF01476
A0A1V4VYR4,2,PF01476
A0A1V5BPH5,1,PF01476
A0A1V5G8T8,3,PF00535
A0A1V5GEE6,1,PS51257
A0A1V5GEE6,2,G3DSA:2.60.40.10
A0A1V5HJ15,1,PS51257
A0A1V5HKS2,1,PS51257
A0A1V5J2Y1,1,PF01476
A0A1V5J2Y1,2,PF01476
A0A1V5J2Y1,3,PF01476
A0A1V5J4A5,1,PF08239
A0A1V5JM64,1,PS51257
A0A1V5K6G5,1,PF01476
A0A1V5K6G5,2,PF01476
A0A1V5K6G5,3,PF01476
A0A1V5NTH9,1,PF01476
A0A1V5PBS5,1,PF07833
A0A1V5PCA5,1,PF01476
A0A1V5PCA5,2,PF01476
A0A1V5S6W4,1,PF01476
A0A1V5S6W4,2,PF01476
A0A1V5U2K4,1,PF08239
A0A1V5U2K4,2,PF08239
A0A1V5U2K4,3,PF08239
A0A1V5XGI5,1,PF00395
A0A1V5XGI5,2,PF00395
A0A1V5XGI5,3,PF00395
A0A1V5XIS7,1,PF01476
A0A1V5XIS7,2,PF01476
A0A1V5XYU4,1,PS51257
A0A1V5Y4U2,1,PS51257
A0A1V5Y9R4,1,PF01476
A0A1V5Y9R4,2,PF01476
A0A1V5YCI7,1,PF01476
A0A1V5YCI7,2,PF01476
A0A1V5YCI7,3,PF01476
A0A1V6AGH9,1,PF07833
A0A1V6BNU1,1,PS51257
A0A1V6BX22,1,PS51257
A0A1V6EIU4,1,PF07833
A0A1V6J5F1,1,PS51257
A0A1V6J9B9,5,G3DSA:2.60.40.10
A0A1V6MJ63,1,PF02018
A0A1V6MJ63,2,PF00041
A0A1V8NVF6,1,SM00495
A0A1V8NVF6,2,SM00495
A0A1V8NVF6,3,SM00495
A0A1V8YAC0,1,SM00495
A0A1V8YD07,3,PF00041
A0A1V8YD07,4,PF02839
A0A1V8YE83,2,PF00041
A0A1V8YE83,3,PF02839
A0A1V8YRZ3,2,PF00041
A0A1V8YRZ3,3,PF02839
A0A1V9B3J5,1,PF01476
A0A1V9B3J5,2,PF01476
A0A1V9B820,1,PF01476
A0A1V9B820,2,PF01476
A0A1V9B8Z1,1,PF01476
A0A1V9B8Z1,2,PF01476
A0A1V9B8Z1,3,PF01476
A0A1V9CSW3,1,PF01476
A0A1V9CSW3,2,PF01476
A0A1V9CSW3,3,PF01476
A0A1V9E1H5,3,PF00535
A0A1V9F8F7,2,PF17957
A0A1V9F8F7,3,PF17957
A0A1V9F8F7,5,PF17957
A0A1V9F8F7,6,PF02839
A0A1V9F8F7,7,PF17957
A0A1V9F8F7,8,SM00495
A0A1V9FH04,1,PS51257
A0A1V9FLG0,3,PF00535
A0A1V9FTS3,2,PF17957
A0A1V9FTS3,4,PF17957
A0A1V9FTS3,5,PF02839
A0A1V9FTS3,6,PF17957
A0A1V9FTS3,7,SM00495
A0A1V9FXS4,1,PS51257
A0A1V9G6B6,2,PF17957
A0A1V9G6B6,4,PF17957
A0A1V9G6B6,5,PF02839
A0A1V9G6B6,6,PF17957
A0A1V9G6B6,7,SM00495
A0A1V9GVT6,1,PS51257
A0A1V9GZ78,1,PS51257
A0A1V9K0Y7,1,PS51318
A0A1V9K0Y7,3,PF02839
A0A1V9KA90,1,PF00553
A0A1V9KDJ5,1,PS51257
A0A1V9KEM7,1,PF02018
A0A1V9KEM7,2,PF00041
A0A1V9KFJ0,1,PF00553
A0A1V9KFJ0,2,PF00041
A0A1V9KG86,1,PS51318
A0A1V9KG86,2,PF02018
A0A1V9KG86,3,PF00041
A0A1V9KHL5,2,PF02018
A0A1V9KJQ3,1,PS51318
A0A1V9KLZ4,1,PS51318
A0A1V9KLZ4,2,PF02018
A0A1V9KLZ4,3,PF00041
A0A1V9W951,1,PF01476
A0A1V9W951,2,PF01476
A0A1W0CN33,1,PF02839
A0A1W0D4P1,1,SM00495
A0A1W0D5W3,1,PS51257
A0A1W0D5W3,2,PF02839
A0A1W1H1M4,1,SM00495
A0A1W1H1M4,2,PF17957
A0A1W1H1M4,3,PF00041
A0A1W1UDE7,1,PS51257
A0A1W1UEM2,1,PS51257
A0A1W1UEM2,2,PF00553
A0A1W1UEM2,3,PF17957
A0A1W1UJ07,1,PF01476
A0A1W1UJ07,2,PF01476
A0A1W1UQ38,1,PS51257
A0A1W1UQ38,2,PF00553
A0A1W1USR8,1,PF07833
A0A1W1USR8,2,PF08239
A0A1W1VAZ4,1,PF01476
A0A1W1VAZ4,2,PF01476
A0A1W1VGE5,2,PF00395
A0A1W1VGE5,3,PF00395
A0A1W1VGE5,4,PF00395
A0A1W1VP72,1,PS51257
A0A1W1VP72,2,PF00553
A0A1W1VP72,3,PF17957
A0A1W1VW55,1,PS51257
A0A1W1VW55,2,G3DSA:2.60.40.10
A0A1W1VW55,3,PF00553
A0A1W1WJT3,1,PS51257
A0A1W1WM16,1,PS51257
A0A1W1WX40,1,PS51257
A0A1W1WXB1,1,PF02839
A0A1W1WXB1,2,PF02839
A0A1W1X279,1,PF02839
A0A1W1X279,2,PF02839
A0A1W1X441,1,PF02839
A0A1W1X441,2,PF02839
A0A1W1XBN1,2,PF02839
A0A1W1XBN1,3,PF02839
A0A1W1XG55,1,PF01476
A0A1W1XJZ1,1,PF02839
A0A1W1XJZ1,2,PF02839
A0A1W1XL98,1,PF02839
A0A1W1XL98,2,PF02839
A0A1W1XNR9,1,PF02839
A0A1W1XNR9,2,PF02839
A0A1W1XPC3,1,PF02839
A0A1W1XPC3,2,PF02839
A0A1W1XPC3,3,PF17957
A0A1W1XRP7,1,PF02839
A0A1W1XRP7,2,PF02839
A0A1W1XRS2,1,PF02839
A0A1W1XRS2,2,PF02839
A0A1W1XVP6,1,PF02839
A0A1W1XVP6,2,PF02839
A0A1W1XXD1,1,PF02839
A0A1W1XXD1,2,PF02839
A0A1W1XXE3,1,PF02839
A0A1W1XXE3,2,PF02839
A0A1W1XXJ3,1,PF02839
A0A1W1XXJ3,3,PF02839
A0A1W1XXJ3,4,SM00495
A0A1W1XYK6,1,PF02839
A0A1W1XYK6,2,PF02839
A0A1W1XYQ5,1,PF02839
A0A1W1XYQ5,2,PF02839
A0A1W1XZ89,1,PF02839
A0A1W1Y0G9,1,PF02839
A0A1W1Y0G9,2,PF02839
A0A1W1Y1B0,2,PF02839
A0A1W1Y1B0,3,PF02839
A0A1W1ZZ66,1,PF00553
A0A1W1ZZ66,2,PF00041
A0A1W2A292,1,PF00395
A0A1W2A292,2,PF00395
A0A1W2A7G2,2,PF02839
A0A1W2AF25,1,PS51318
A0A1W2AI11,1,PF01476
A0A1W2AI11,2,PF01476
A0A1W2BBH4,1,PF00553
A0A1W2CFX7,1,PF02018
A0A1W2CFX7,2,PF00041
A0A1W2CNP0,1,PF01476
A0A1W2CNP0,2,PF01476
A0A1W2CNP0,3,PF01476
A0A1W2CPD6,2,PF00395
A0A1W2CPD6,3,PF00395
A0A1W2CPD6,4,PF00395
A0A1W2CVS0,1,PF00553
A0A1W2D750,1,PF00553
A0A1W2D750,2,PF00041
A0A1W2DKI6,1,PF00553
A0A1W2EC16,1,PF00553
A0A1W2EC16,2,PF00553
A0A1W2EC16,3,PF00041
A0A1W2EFQ7,3,PF00535
A0A1W2EKE4,2,PF02839
A0A1W2ELK7,1,PS51257
A0A1W2F2L6,1,PS51257
A0A1W2F2L6,2,PF02018
A0A1W2FJ81,1,PF00553
A0A1W2FJ81,2,PF00041
A0A1W2FYQ7,1,PF00553
A0A1W2G5Y1,2,PF17957
A0A1W2G5Y1,3,PF17957
A0A1W2G5Y1,4,PF02839
A0A1W2G5Y1,5,PF17957
A0A1W2G5Y1,6,PF17957
A0A1W2G5Y1,7,SM00495
A0A1W2G5Y1,8,PF17957
A0A1W2G9A0,1,PS51257
A0A1W2H5Z8,1,PS51257
A0A1W2LLS1,1,PS51318
A0A1W2LM58,2,PF02839
A0A1W2LNK1,1,PF00553
A0A1W2LNK1,2,PF00041
A0A1W2LSN2,1,PF00553
A0A1W2LSP3,1,PF02018
A0A1W2LSP3,2,PF00041
A0A1W2LTC0,1,PF00553
A0A1W2LWI7,1,PF02018
A0A1W5XTW1,1,PF02018
A0A1W5XTW1,2,PF00041
A0A1W5XXB1,1,PS51318
A0A1W5YX14,1,PF02018
A0A1W5YX14,2,PF00041
A0A1W5YXM8,1,PF00553
A0A1W5YXM8,2,PF00041
A0A1W5YYH5,1,PF02018
A0A1W5YYH5,2,PF00041
A0A1W5YZJ9,1,PF00553
A0A1W5YZJ9,2,PF00041
A0A1W5Z772,1,PS51318
A0A1W5Z772,3,PF02839
A0A1W5ZQD0,1,PF01476
A0A1W5ZQD0,2,PF01476
A0A1W5ZSC6,1,PF01476
A0A1W5ZSC6,2,PF01476
A0A1W5ZSC6,3,PF01476
A0A1W6A307,2,PF00041
A0A1W6A307,3,PF00553
A0A1W6ABJ9,1,PF01476
A0A1W6ABJ9,2,PF01476
A0A1W6AQA1,2,SM00495
A0A1W6DNC0,1,PS51318
A0A1W6DNC0,3,PF02839
A0A1W6DNC0,4,PF02839
A0A1W6DNI7,1,PS51318
A0A1W6DNI7,3,PF02839
A0A1W6DNN0,2,PF02839
A0A1W6DTA0,1,PS51318
A0A1W6DTA0,2,PF02018
A0A1W6DTA0,3,PF00041
A0A1W6DTV4,2,PF02839
A0A1W6LEX7,1,PF02839
A0A1W6LEX7,2,PF02839
A0A1W6TET7,1,PF02839
A0A1W6TET7,2,PF17957
A0A1W6TET7,3,PF17957
A0A1W6TET7,4,SM00495
A0A1W6TET7,5,PF17957
A0A1W6TET7,6,PF17957
A0A1W6TLE1,1,PF08329
A0A1W6TLE1,3,PF22352
A0A1W6TLE1,5,PF02839
A0A1W6USI1,1,PF02839
A0A1W6USI1,2,PF17957
A0A1W6USI1,3,PF17957
A0A1W6WQ92,3,PF00535
A0A1W6WRM8,1,PF01476
A0A1W6WRM8,2,PF01476
A0A1W6YVJ8,2,PF00041
A0A1W6YVJ8,3,PF02839
A0A1W7CUN2,1,PF00553
A0A1W7CUN2,2,PF00041
A0A1W9LEN4,1,PS51257
A0A1X0A1E1,3,PF00553
A0A1X0G1K7,3,PF00553
A0A1X0WH84,2,PF22352
A0A1X0WH84,3,PF22352
A0A1X0WH84,4,PF02839
A0A1X1EQV8,2,PF00041
A0A1X1EQV8,3,SM00495
A0A1X1ETE4,2,SM00495
A0A1X1N6E1,1,PS51318
A0A1X1NNF2,1,PF02018
A0A1X1NNF2,2,PF00041
A0A1X1NPA7,1,PF00553
A0A1X1NPA7,2,PF00041
A0A1X1NPV5,1,PF00553
A0A1X1WW69,6,PF00553
A0A1X1WW69,7,PF00553
A0A1X2D6H3,2,PF00553
A0A1X2D6H3,4,PF00553
A0A1X2D6H3,5,PF00553
A0A1X2FX90,2,PF00395
A0A1X2FX90,3,PF00395
A0A1X2FX90,4,PF00395
A0A1X2G0X6,1,PS51257
A0A1X3JB74,1,SM00495
A0A1X3JB74,2,SM00495
A0A1X3JB74,3,SM00495
A0A1X3JB74,4,SM00495
A0A1X3JB74,5,SM00495
A0A1X3JB74,6,PF02839
A0A1X3JB74,7,SM00495
A0A1X4HU28,1,PF02018
A0A1X4HU28,2,PF00041
A0A1X4HY72,1,PF00553
A0A1X4HY72,2,PF00041
A0A1X4I6S2,1,PS51318
A0A1X4I6S2,2,PF02018
A0A1X4I6S2,3,PF00041
A0A1X4IDT2,1,PF00553
A0A1X4XYY5,1,PS51257
A0A1X7AQD1,2,PF02839
A0A1X7CIZ4,1,PS51318
A0A1X7CIZ4,2,PF02018
A0A1X7CIZ4,3,PF00041
A0A1X7D1I9,1,PF00553
A0A1X7DCH5,1,PF02018
A0A1X7DCH5,2,PF00041
A0A1X7FMF8,1,PF00553
A0A1X7FMF8,2,PF00041
A0A1X7GH42,1,G3DSA:2.60.40.10
A0A1X7GH42,2,PF00041
A0A1X7GH42,4,PF00041
A0A1X7GH42,5,PF00395
A0A1X7GH42,6,PF00395
A0A1X7GH42,7,PF00395
A0A1X7GI02,1,SM00495
A0A1X7GKS0,1,PF07833
A0A1X7GQ29,1,PF02018
A0A1X7GQ29,2,PF00041
A0A1X7GTL8,1,PF02839
A0A1X7GTL8,2,PF00041
A0A1X7GW46,1,PF01476
A0A1X7GW46,2,PF01476
A0A1X7GZT2,1,PF00395
A0A1X7GZT2,2,PF00395
A0A1X7GZT2,3,PF00395
A0A1X7H9W2,1,PF00395
A0A1X7H9W2,2,PF00395
A0A1X7H9W2,3,PF00395
A0A1X7J3V8,2,PF00041
A0A1X7J3V8,3,PF02839
A0A1X7KCS9,2,PF00041
A0A1X7KCS9,3,PF02839
A0A1X7KRY0,1,PS51257
A0A1X7L593,1,PF02839
A0A1X7L593,2,PF00041
A0A1X7LHZ7,2,PF00395
A0A1X7LHZ7,3,PF00395
A0A1X7LHZ7,4,PF00395
A0A1X7M498,1,PS51257
A0A1X9MEM1,1,PF01476
A0A1X9MEM1,2,PF01476
A0A1X9THT7,1,SM00495
A0A1X9THT7,2,SM00495
A0A1X9THT7,3,SM00495
A0A1X9THT7,4,SM00495
A0A1X9THT7,5,SM00495
A0A1X9THT7,6,PF02839
A0A1X9THT7,7,SM00495
A0A1X9Z5N8,1,PS51257
A0A1X9Z5W2,1,PS51257
A0A1X9Z604,1,PS51257
A0A1X9Z6M1,1,PS51257
A0A1X9ZA01,1,PS51257
A0A1X9ZBE1,3,PF00535
A0A1Y0FSG8,1,PS51257
A0A1Y0FTE8,1,PS51257
A0A1Y0FXI8,1,SM00495
A0A1Y0FXI8,2,SM00495
A0A1Y0FYZ4,1,SM00495
A0A1Y0FYZ4,2,SM00495
A0A1Y0G0G4,1,SM00495
A0A1Y0G0G4,2,SM00495
A0A1Y0G3G6,1,SM00495
A0A1Y0G3G6,2,SM00495
A0A1Y0HRS3,1,PS51318
A0A1Y0HRS3,3,PF02839
A0A1Y0HRS3,4,PF02839
A0A1Y0HSL0,2,PF02839
A0A1Y0HSL0,3,PF02839
A0A1Y0HSM6,1,PF02018
A0A1Y0HSM6,2,PF00041
A0A1Y0HTL3,1,PF02839
A0A1Y0HTL3,3,PF02839
A0A1Y0HVP0,2,PF02839
A0A1Y0HVP0,3,PF02839
A0A1Y0HW92,1,PS51318
A0A1Y0HW92,2,PF02018
A0A1Y0HW92,3,PF00041
A0A1Y0HX29,2,SM00495
A0A1Y0I0F0,1,PF02839
A0A1Y0I0H2,2,PF02839
A0A1Y0INQ1,1,PF07833
A0A1Y0IR35,2,PF00395
A0A1Y0IR35,3,PF00395
A0A1Y0IR35,4,PF00395
A0A1Y0ISA1,1,PF01476
A0A1Y0IU12,1,PF01476
A0A1Y0IU62,1,PF01476
A0A1Y0JY52,1,PF02839
A0A1Y0JY52,2,PF00041
A0A1Y0Y9X3,1,PF01476
A0A1Y0Y9X3,2,PF01476
A0A1Y0YDH1,2,PF00041
A0A1Y0YDH1,3,PF02839
A0A1Y2NQE6,1,PF02018
A0A1Y2NQE6,2,PF00041
A0A1Y2NRN2,1,PS51318
A0A1Y2NRN2,2,PF00553
A0A1Y2NRN2,3,PF00041
A0A1Y2NWM6,1,PF02018
A0A1Y2NWM6,2,PF00041
A0A1Y2P304,3,PF02839
A0A1Y2Q9W3,3,PF00535
A0A1Y2RHE5,1,G3DSA:2.60.40.10
A0A1Y3MF87,1,PF01476
A0A1Y3MF87,2,PF01476
A0A1Y3MG57,3,PF00535
A0A1Y3QCK3,1,PF07833
A0A1Y3QCK3,2,PF08239
A0A1Y3QJD4,1,PF08239
A0A1Y3QJF8,1,PS51257
A0A1Y3QLB0,2,PF08239
A0A1Y3QVU4,1,PS51257
A0A1Y3QWI1,1,PS51257
A0A1Y3RQP9,1,PF00395
A0A1Y3RQP9,2,PF00395
A0A1Y3RQP9,3,PF00395
A0A1Y3RS85,1,PF00395
A0A1Y3RS85,2,PF00395
A0A1Y3RS85,3,PF00395
A0A1Y3SEV4,1,PF00395
A0A1Y3SEV4,2,PF00395
A0A1Y3T059,1,PF07833
A0A1Y3T8G6,1,PF01476
A0A1Y3TDI3,1,PF08239
A0A1Y3U558,1,PF00395
A0A1Y3U558,2,PF00395
A0A1Y3U558,3,PF00395
A0A1Y3VHQ4,1,PS51257
A0A1Y3WGM6,1,PF08239
A0A1Y3WSF4,1,PS51257
A0A1Y3X972,1,PS51257
A0A1Y3XKT5,1,PF00395
A0A1Y3XKT5,2,PF00395
A0A1Y3XYE7,1,PF07833
A0A1Y4A6Q3,1,PF00395
A0A1Y4A6Q3,2,PF00395
A0A1Y4A9X0,1,PS51257
A0A1Y4AAD6,1,PS51257
A0A1Y4AL91,1,PS51257
A0A1Y4APY5,1,PS51257
A0A1Y4CBT5,1,PF00395
A0A1Y4CBT5,2,PF00395
A0A1Y4D4Y5,1,PS51257
A0A1Y4ERR0,2,PF08239
A0A1Y4ERR0,3,PF01476
A0A1Y4ERR0,4,PF01476
A0A1Y4HWD4,1,PF01476
A0A1Y4HWD4,2,PF01476
A0A1Y4L6W6,2,PF00395
A0A1Y4L6W6,3,PF00395
A0A1Y4L6W6,4,PF00395
A0A1Y4LPJ4,1,PF01476
A0A1Y4LPJ4,2,PF01476
A0A1Y4NIF7,1,PF08239
A0A1Y4NM55,1,PF01476
A0A1Y4R756,1,PF01476
A0A1Y4RHH9,1,PF08239
A0A1Y4RNZ8,1,PF07833
A0A1Y4RNZ8,2,PF08239
A0A1Y4RZN6,2,PF00395
A0A1Y4RZN6,3,PF00395
A0A1Y4S079,1,PF00395
A0A1Y4S079,2,PF00395
A0A1Y4SGS6,1,PF07833
A0A1Y4SGS6,2,PF08239
A0A1Y4TUT2,2,PF08239
A0A1Y4UJP4,1,PF00395
A0A1Y4UJP4,2,PF00395
A0A1Y4UKX8,1,PF07833
A0A1Y4UKX8,2,PF08239
A0A1Y4WCH8,1,PF01476
A0A1Y4WCH8,2,PF01476
A0A1Y4WQ64,1,PF01476
A0A1Y4WQ64,2,PF01476
A0A1Y5H4N6,2,SM00495
A0A1Y5H4N6,3,SM00495
A0A1Y5JUT2,1,PF08329
A0A1Y5JUT2,3,G3DSA:2.60.40.10
A0A1Y5JUT2,4,PF02839
A0A1Y5JUT2,5,PF02839
A0A1Y5JV18,1,PF01476
A0A1Y5JV18,2,PF01476
A0A1Y5JVW5,1,G3DSA:2.60.40.10
A0A1Y5JVW5,2,PF00041
A0A1Y5JVW5,4,PF00041
A0A1Y5JVW5,5,PF00395
A0A1Y5JVW5,6,PF00395
A0A1Y5JVW5,7,PF00395
A0A1Y5JYP9,1,SM00495
A0A1Y5JYP9,2,PF17957
A0A1Y5K0Q9,1,PF00395
A0A1Y5K0Q9,2,PF00395
A0A1Y5K0Q9,3,PF00395
A0A1Y5K9Z2,1,PF00395
A0A1Y5K9Z2,2,PF00395
A0A1Y5KIK3,1,PF07833
A0A1Y5KIK3,2,PF08239
A0A1Y5Q973,1,PS51257
A0A1Y5YA10,1,PF02018
A0A1Y5YA10,2,PF00041
A0A1Y5Z2K7,2,PF00041
A0A1Y5Z2K7,3,PF00553
A0A1Y5Z8C6,2,PF00041
A0A1Y5Z8C6,3,PF00553
A0A1Y5ZQR0,1,PF01476
A0A1Y5ZQR0,2,PF01476
A0A1Y6BNJ0,1,PS51257
A0A1Y6E9W8,1,PF01476
A0A1Y6E9W8,2,PF01476
A0A1Y6FJC8,1,PS51257
A0A1Y6G1V4,1,PF01476
A0A1Y6G1V4,2,PF01476
A0A1Y6G445,1,PF01476
A0A1Y6G445,2,PF01476
A0A1Y6G445,3,PF01476
A0A1Y6G445,4,PF01476
A0A1Y6G445,6,G3DSA:2.60.40.10
A0A1Y6G445,7,G3DSA:2.60.40.10
A0A1Y6G445,8,G3DSA:2.60.40.10
A0A1Y6G445,9,G3DSA:2.60.40.10
A0A1Y6G445,11,G3DSA:2.60.40.10
A0A1Y6G445,12,G3DSA:2.60.40.10
A0A1Y6G445,13,PF01476
A0A1Y6G8R7,1,PF01476
A0A1Y6G8R7,2,PF01476
A0A1Y6G8R7,3,PF01476
A0A1Y6GAR7,4,PF00535
A0A1Y6GY33,1,PS51257
A0A1Y6JDW8,2,PF00041
A0A1Y6JDW8,3,PF00041
A0A1Y6JDW8,4,PF02839
A0A1Y6KT76,2,PF02839
A0A1Y6KT76,4,SM00495
A0A1Y6KUC8,1,PS51257
A0A1Y6KUC8,2,SM00495
A0A1Y6KUC8,3,PF17957
A0A1Y6KUC8,4,PF17957
A0A1Y6KW18,2,G3DSA:2.60.40.10
A0A1Y6KW18,3,PF02839
A0A1Y6KW18,4,PF02839
A0A1Y6M6K0,2,PF02839
A0A1Y6M6K0,4,SM00495
A0A1Y6M8G7,2,PF02839
A0A1Y6M8G7,4,SM00495
A0A1Y6MAE4,1,PS51257
A0A1Y6MAE4,2,PF02839
A0A1Y6MAE4,3,PF17957
A0A1Y6MAE4,4,PF17957
A0A1Y6MCM0,3,G3DSA:2.60.40.10
A0A1Y6MCM0,4,PF02839
A0A1Y6MCM0,5,PF02839
A0A1Y6MEU5,2,G3DSA:2.60.40.10
A0A1Y6MEU5,3,PF02839
A0A1Y6MEU5,4,PF02839
A0A1Z1WHX0,1,PF00553
A0A1Z1WHX0,2,PF00041
A0A1Z1WJA9,1,PF00553
A0A1Z1WJA9,2,PF00041
A0A1Z1WP75,1,PS51318
A0A1Z1WSI8,1,PF02018
A0A1Z1WSI8,2,PF00041
A0A1Z2L0M8,1,PF00553
A0A1Z2L0M8,2,PF00041
A0A1Z2L1L3,1,PF02018
A0A1Z2L1L3,2,PF00041
A0A1Z2XLI1,1,PF01476
A0A1Z2XLI1,2,PF01476
A0A1Z3MTI9,1,PF08329
A0A1Z3MTI9,3,PF22352
A0A1Z3MTI9,5,PF02839
A0A1Z3MTI9,6,PF02839
A0A1Z4BY73,1,PF22352
A0A1Z5HQI1,1,PF07833
A0A1Z5HQI1,2,PF08239
A0A1Z7M8Y2,1,PF08239
A0A1Z8NB79,1,PF00553
A0A1Z8NB79,2,PF00553
A0A1Z8YHA2,1,PF00553
A0A1Z9ERP3,1,PF00553
A0A1Z9ERP3,2,PF00553
A0A1Z9J4S0,1,PF00553
A0A1Z9NC58,1,PS51257
A0A1Z9NED1,2,G3DSA:2.60.40.10
A0A1Z9QDD0,1,PF00553
A0A200J8P5,3,PF00041
A0A200J8P5,4,PF02839
A0A202B2W8,2,PF02839
A0A202B2W8,3,PF02839
A0A202BA44,1,PF02839
A0A202BEH7,1,PS51257
A0A202BEH7,2,PF02839
A0A202BFR7,1,PF02839
A0A202C0Y3,3,PF00535
A0A209BHU6,1,PF00553
A0A209BVI9,1,PF02018
A0A209BVI9,2,PF00041
A0A209BY89,1,PF00553
A0A209BY89,2,PF00041
A0A209BZP8,1,PS51318
A0A209BZP8,2,PF02018
A0A209BZP8,3,PF00041
A0A209C4H6,1,PS51318
A0A209C4H6,3,PF02839
A0A209CL40,1,PS51318
A0A209CL40,3,PF02839
A0A209D4Z3,1,PF02018
A0A209D4Z3,2,PF00041
A0A209D674,1,PF00553
A0A209D674,2,PF00041
A0A209D6R1,1,PF02018
A0A209D6R1,2,PF00041
A0A212JJS9,1,PS51257
A0A212JV01,1,PS51257
A0A212JWZ6,1,PF01476
A0A212JWZ6,2,PF01476
A0A212KLP0,1,PF00395
A0A212KLP0,2,PF00395
A0A212LV67,1,PS51257
A0A212LZ39,1,PS51257
A0A212QEK4,1,PF02018
A0A212QEK4,2,PF00041
A0A212QWV2,1,PF00553
A0A212QWV2,2,PF00041
A0A212RE57,1,PF02018
A0A212RE57,2,PF00041
A0A212SM59,1,PS51318
A0A212SM59,3,SM00495
A0A212SV55,1,PF00553
A0A212SV55,2,PF00041
A0A220MB13,1,PF07833
A0A220MB13,2,PF08239
A0A220MEX2,1,PF00395
A0A220MEX2,2,PF00395
A0A220MHC9,1,PF01476
A0A220MHC9,2,PF01476
A0A220SDN0,2,PF00041
A0A220SFI8,3,PF00535
A0A220U0N8,1,PF01476
A0A220U0N8,2,PF01476
A0A220U0N8,3,PF01476
A0A220U170,1,PF01476
A0A220U170,2,PF01476
A0A220U7R3,1,PF01476
A0A220U7R3,2,PF01476
A0A220UJT6,1,PF08329
A0A220UJT6,3,PF22352
A0A220UJT6,5,PF02839
A0A220UJT6,6,PF02839
A0A221M7E1,1,PF01476
A0A221M7E1,2,PF01476
A0A221M7E1,3,PF01476
A0A221M7Z9,1,PF01476
A0A221M7Z9,2,PF01476
A0A221NSH4,1,PS51318
A0A221NSH4,3,PF02018
A0A221NSN9,2,PF02839
A0A221NXS0,1,PF00553
A0A221P2A9,1,PS51318
A0A221P2A9,2,PF02018
A0A221P2A9,3,PF00041
A0A221P3J4,1,PF00553
A0A221P3J4,2,PF00041
A0A221P3P2,1,PF02018
A0A221P3P2,2,PF00041
A0A221VWP6,1,PF02839
A0A221W9F8,2,PF02839
A0A222EPU0,1,PS51257
A0A222FGM5,1,PF08329
A0A222SPU8,1,PS51318
A0A222T130,1,PF02018
A0A222T130,2,PF00041
A0A222T1L9,1,PS51318
A0A222WJ34,1,PF07833
A0A222WQS6,1,PF00395
A0A222WQS6,2,PF00395
A0A222WQS6,3,PF00395
A0A222WUC9,1,PF07833
A0A222X9A1,1,PS51318
A0A222X9A1,2,PF00553
A0A223CZK3,1,PF01476
A0A223CZK3,2,PF01476
A0A223D195,2,PF00395
A0A223D195,3,PF00395
A0A223D195,4,PF00395
A0A223D1K8,1,PF01476
A0A223D5Z5,1,PF07833
A0A223E7D8,1,PF01476
A0A223E7D8,2,PF01476
A0A223E7D8,3,PF01476
A0A223EAP3,1,PF01476
A0A223EAP3,2,PF01476
A0A223EB39,1,PF01476
A0A223EB39,2,PF01476
A0A223EIJ2,1,PF01476
A0A223EIJ2,2,PF01476
A0A223ENK5,1,PF01476
A0A223ENK5,2,PF01476
A0A223EQB0,1,PF01476
A0A223EQB0,2,PF01476
A0A223EQC5,1,PF01476
A0A223EQC5,2,PF01476
A0A223EQC5,3,PF01476
A0A223I1T1,2,PF00395
A0A223I1T1,3,PF00395
A0A223I1T1,4,PF00395
A0A223I239,1,PF07833
A0A223KPZ2,1,PF01476
A0A223KPZ2,2,PF01476
A0A223KRA4,1,PF01476
A0A223KRA4,2,PF01476
A0A223KRA4,3,PF01476
A0A223KRA4,4,PF01476
A0A223KRA4,5,PF01476
A0A223KRA4,6,PF01476
A0A223KRA4,8,G3DSA:2.60.40.10
A0A223KRA4,9,G3DSA:2.60.40.10
A0A223KRA4,10,G3DSA:2.60.40.10
A0A223KRA4,11,PF01476
A0A223KRA4,13,PF01476
A0A223KY64,1,PS51257
A0A223KY64,2,PF07833
A0A223N0Z7,1,G3DSA:2.60.40.10
A0A223N0Z7,2,PF17957
A0A223N0Z7,3,PF17957
A0A223N0Z7,4,PF17957
A0A223N226,1,PS51257
A0A223N226,2,PF02839
A0A223N226,3,PF17957
A0A223N226,4,PF17957
A0A223N3L4,1,PF08329
A0A223N3L4,3,PF22352
A0A223N3L4,5,PF02839
A0A223P1S3,3,PF00535
A0A223SAU6,1,PF00553
A0A223SAU6,2,PF00041
A0A223SBN2,1,PS51318
A0A225DFT9,1,PF00553
A0A225DFT9,2,PF00553
A0A226GU22,4,G3DSA:2.60.40.10
A0A226GU22,5,G3DSA:2.60.40.10
A0A226I0A3,3,PF00535
A0A226Q6H0,1,PF01476
A0A226Q6H0,2,PF01476
A0A226QCR0,1,PF01476
A0A226QCR0,2,PF01476
A0A226QCR0,3,PF01476
A0A226QLC1,1,PF01476
A0A226QLC1,2,PF01476
A0A226QLC1,3,PF01476
A0A226QLP5,1,PF01476
A0A226QLP5,2,PF01476
A0A227J966,1,PF08329
A0A227NSX8,5,PF17957
A0A227NSX8,6,PF17957
A0A228K8X3,1,PF08329
A0A228K8X3,3,PF22352
A0A229GIK8,1,PS51318
A0A229HKT3,1,PF02018
A0A229HKT3,2,PF00041
A0A229NV72,1,PF07833
A0A229NWD9,1,PF07833
A0A229QZW5,1,PS51318
A0A229R4E3,1,PF02018
A0A229R4E3,2,PF00041
A0A229R9B9,1,PF00553
A0A229RA20,1,PF00553
A0A229RBC6,1,PF02018
A0A229RDE9,2,PF02839
A0A229RF68,1,PF00553
A0A229RF73,1,PF00553
A0A229RFN0,1,PF02018
A0A229RFN0,2,PF00041
A0A229RMX9,1,PS51318
A0A229RQ89,1,PS51318
A0A229S682,1,PF00553
A0A229S682,2,PF00041
A0A229S830,2,PF02839
A0A229SBX1,1,PS51318
A0A229SDG7,1,PF02018
A0A229SIH8,1,PF00553
A0A229SIH8,2,PF00041
A0A229SIH8,3,PF00041
A0A229T0X5,1,PF02018
A0A229TKN8,1,PF00553
A0A229TL83,1,PF00553
A0A229UK49,1,PF00395
A0A229UK49,2,PF00395
A0A229UK49,3,PF00395
A0A229UKI1,1,PF01476
A0A229UKI1,2,PF01476
A0A229UKI1,3,PF08239
A0A229UKM2,1,PF07833
A0A229UKM2,2,PF08239
A0A229UXU0,1,PF01476
A0A229UXU0,2,PF01476
A0A231PD81,1,PF00553
A0A231PD81,2,PF00041
A0A231PGU0,1,PS51318
A0A231PGU0,2,PF02018
A0A231PGU0,3,PF00041
A0A231QZ81,1,PF07833
A0A231QZ81,2,PF08239
A0A231R3Z5,1,PF07833
A0A231RHT9,2,PF00041
A0A231RHT9,3,PF02839
A0A231RQB0,1,G3DSA:2.60.40.10
A0A231RQB0,2,PF00041
A0A231RQB0,4,PF00395
A0A231RQB0,5,PF00395
A0A231RQB0,6,PF00395
A0A231VEW7,3,PF02839
A0A231VIB6,1,PF07833
A0A231VMC5,2,PF00395
A0A231VMC5,3,PF00395
A0A231VMC5,4,PF00395
A0A232RCQ2,2,G3DSA:2.60.40.10
A0A233HDG4,1,SM00495
A0A233HDG4,2,PF17957
A0A233HDG4,3,PF17957
A0A233HDG4,4,SM00495
A0A233HDG4,5,PF17957
A0A233HDG4,6,PF17957
A0A233HK24,1,PS51257
A0A233HK24,2,PF02839
A0A233HK24,3,PF17957
A0A233HK24,4,PF17957
A0A233HK24,7,SM00495
A0A233HKI1,1,G3DSA:2.60.40.10
A0A233HKI1,2,PF17957
A0A233HKI1,3,PF17957
A0A233HKI1,4,PF17957
A0A233HPE3,1,PF08329
A0A233HPE3,3,PF22352
A0A233HPE3,5,PF02839
A0A233S4W5,1,PF02018
A0A233S4W5,2,PF00041
A0A233S845,2,PF02839
A0A233SNK8,1,PF00553
A0A233SNK8,2,PF00041
A0A233SRN1,1,PS51318
A0A233SRN1,2,PF02018
A0A233SRN1,3,PF00041
A0A233SWZ2,1,PF00553
A0A234S2A5,1,SM00495
A0A234S2A5,2,SM00495
A0A234S2A5,3,SM00495
A0A234S2A5,4,SM00495
A0A234S2A5,5,SM00495
A0A234S2A5,6,PF02839
A0A234S2A5,7,SM00495
A0A235ACN0,1,PS51318
A0A235B3S2,1,PF02839
A0A235B3S2,2,PF00041
A0A235B945,1,PS51257
A0A235FBD4,1,PF01476
A0A235FBD4,2,PF01476
A0A238UMT2,1,PS51318
A0A238UMT2,2,PF00553
A0A238UMT2,3,PF00041
A0A238V4Q4,1,SM00495
A0A238V5E7,1,PS51257
A0A238V5E7,2,SM00495
A0A238VRH2,1,PF02839
A0A238VWT3,2,PF00041
A0A238WIB4,1,PS51257
A0A238WIB4,2,SM00495
A0A238ZIG1,1,PS51318
A0A238ZIG1,2,PF02018
A0A238ZIG1,3,PF00041
A0A238ZLK4,4,G3DSA:2.60.40.10
A0A238ZLK4,5,G3DSA:2.60.40.10
A0A239A8Y9,1,PS51257
A0A239A8Y9,2,PF02839
A0A239ATE7,1,PF00553
A0A239CSG9,1,PS51257
A0A239CSG9,2,SM00495
A0A239EY38,1,PF00395
A0A239EY38,2,PF00395
A0A239EY38,3,PF00395
A0A239F5I2,1,PF02018
A0A239FFN0,2,PF02839
A0A239FH85,1,PF02839
A0A239FPB5,2,PF02839
A0A239FPB5,3,PF02839
A0A239FWQ1,1,PS51318
A0A239FWZ5,1,PF02839
A0A239GFL0,1,PS51318
A0A239GFL0,2,PF00553
A0A239GFL0,3,PF00041
A0A239GFP6,1,PF00553
A0A239GFP6,2,PF00041
A0A239GFX5,1,PF02018
A0A239HFU3,1,PF02018
A0A239HIA5,1,PF00553
A0A239HX96,1,PF01476
A0A239HX96,2,PF01476
A0A239JCB7,1,PF00553
A0A239JCB7,2,PF00553
A0A239JCB7,3,PF00041
A0A239K5F2,1,PF00553
A0A239K5F2,2,PF00041
A0A239K7L0,1,PF00553
A0A239K7L0,2,PF00041
A0A239LML3,1,PF00553
A0A239LML3,2,PF00041
A0A239M921,1,PF00553
A0A239MZS0,1,PS51318
A0A239MZS0,2,PF00553
A0A239MZS0,3,PF00041
A0A239NEC6,1,PF00553
A0A239QFU2,1,PS51257
A0A240A944,1,PF08329
A0A240BK97,2,PF00041
A0A240BK97,3,PF02839
A0A240C7E2,2,SM00495
A0A240EH72,1,PF08329
A0A240EH72,3,PF22352
A0A240EH72,4,G3DSA:2.60.40.10
A0A240EH72,5,PF02839
A0A240EKI6,1,PS51257
A0A240EMU0,1,SM00495
A0A240EMU0,2,PF17957
A0A240EMU0,3,PF17957
A0A240EMU0,4,SM00495
A0A240EMU0,5,PF17957
A0A240EMU0,6,PF17957
A0A241QLT8,1,SM00495
A0A241QLT8,2,SM00495
A0A241QLT8,3,SM00495
A0A241QLT8,4,SM00495
A0A241QLT8,5,SM00495
A0A241QLT8,6,PF02839
A0A241QLT8,7,SM00495
A0A242BD15,3,PF00041
A0A242BD15,4,PF02839
A0A242BL61,2,PF00041
A0A242BL61,3,PF02839
A0A242CCV0,3,PF00041
A0A242CCV0,4,PF02839
A0A242DK55,2,PF00041
A0A242DK55,3,PF02839
A0A242DZJ3,3,PF00041
A0A242DZJ3,4,PF02839
A0A242JYP9,9,PF02839
A0A242JYP9,10,PF02839
A0A242K175,1,PS51257
A0A242K175,3,PF00041
A0A242K175,4,PF02839
A0A242L1F1,3,PF00041
A0A242L1F1,4,PF02839
A0A242L1F3,3,PF00041
A0A242L1F3,4,PF02839
A0A242LMT8,3,PF00041
A0A242LMT8,4,PF02839
A0A242W123,1,SM00495
A0A242W123,3,PF00041
A0A242W123,4,PF02839
A0A242WB90,1,PF01476
A0A242WB90,2,PF01476
A0A242WBW2,3,PF00535
A0A242WEP3,2,PF00041
A0A242WEP3,3,PF00553
A0A242Z6M3,2,PF00041
A0A242Z6M3,3,PF00553
A0A242ZBS5,1,PF01476
A0A242ZBS5,2,PF01476
A0A242ZLC4,3,PF00535
A0A243AI62,2,PF00041
A0A243AI62,3,PF00553
A0A243ANB3,1,PF01476
A0A243ANB3,2,PF01476
A0A243AZI2,3,PF00535
A0A243B040,1,PF01476
A0A243B040,2,PF01476
A0A243BHL4,2,PF00041
A0A243BHL4,3,PF00553
A0A243CU37,3,PF00535
A0A243D0M8,1,PF01476
A0A243D0M8,2,PF01476
A0A243D290,2,PF00041
A0A243D290,3,PF00553
A0A243GLM2,2,PF00041
A0A243GLM2,3,PF00553
A0A243GMI3,1,PF01476
A0A243GMI3,2,PF01476
A0A243GQ49,3,PF00535
A0A243Q9N2,2,PF02839
A0A243RDK2,1,PS51318
A0A243RDK2,2,PF02018
A0A243RDK2,3,PF00041
A0A243RFI0,2,PF00041
A0A243RHB4,1,PF02018
A0A243RHE0,1,PF00553
A0A243RHE0,2,PF00041
A0A243RJ81,1,PF02839
A0A243RJ81,2,PF00041
A0A243S4Z6,1,PF00041
A0A244CV32,1,PF08329
A0A244CV32,3,G3DSA:2.60.40.10
A0A244CV32,4,G3DSA:2.60.40.10
A0A244CV32,5,PF02839
A0A244CV32,6,PF02839
A0A244CW39,1,SM00495
A0A244CW39,2,PF17957
A0A244CW39,3,G3DSA:2.60.40.10
A0A244EQD4,2,PF00041
A0A244EQD4,3,PF00041
A0A244EQD4,4,PF02839
A0A246AJV0,3,PF00535
A0A246E4I4,1,PS51318
A0A246HMK4,1,SM00495
A0A246HMK4,2,PF17957
A0A246HMK4,3,PF00041
A0A246I7I6,1,SM00495
A0A246I7I6,2,PF17957
A0A246I7I6,3,PF00041
A0A246JKN5,1,SM00495
A0A246JKN5,2,PF17957
A0A246JP15,1,SM00495
A0A246JP15,2,PF00041
A0A246KZP8,1,SM00495
A0A246KZP8,2,PF17957
A0A246KZP8,3,PF00041
A0A246PPM5,2,PF00041
A0A246PPM5,3,PF00553
A0A246PS66,1,PF01476
A0A246PS66,2,PF01476
A0A246RQ89,1,PF00553
A0A246RRN4,1,PF00553
A0A246RRN4,2,PF00041
A0A248KDA1,2,G3DSA:2.60.40.10
A0A248THR0,1,PF01476
A0A248THR0,2,PF01476
A0A248VLS9,3,G3DSA:2.60.40.10
A0A248VLS9,4,G3DSA:2.60.40.10
A0A248YRK8,1,PF02839
A0A249SNS8,1,PS51257
A0A249SU51,2,PF17957
A0A249SU51,3,PF17957
A0A249SU51,4,SM00495
A0A249SU51,6,PF17957
A0A249SU51,7,PF17957
A0A249SU51,8,SM00495
A0A249SYL4,1,PS51257
A0A249T0A8,1,PS51257
A0A249VZ45,1,PS51257
A0A249VZ45,2,PF02839
A0A249VZ45,3,PF17957
A0A249VZ45,4,PF17957
A0A249W3Z8,1,SM00495
A0A249W3Z8,2,PF17957
A0A249W3Z8,3,PF17957
A0A249W3Z8,4,SM00495
A0A249W3Z8,5,PF17957
A0A249W3Z8,6,PF17957
A0A250IG18,1,PF02839
A0A250IG18,2,PF00041
A0A250IHR6,1,PS51257
A0A250IHR6,2,PF00553
A0A250IHR6,3,PF17957
A0A250IHY6,1,PS51257
A0A250IHY6,2,PF02839
A0A250IHY6,3,PF17957
A0A250IHY6,4,PF17957
A0A250II21,1,PS51257
A0A250IKF8,1,PS51257
A0A250IKF8,3,PF17957
A0A250IKF8,4,PF02839
A0A250INA6,1,PF02839
A0A250INA6,2,PF00041
A0A250IV57,1,PS51257
A0A250IV57,2,PF00553
A0A250IV57,3,PF17957
A0A250IV65,1,PF02839
A0A250IV65,2,PF00041
A0A250IWN3,1,PS51257
A0A250IWN3,2,PF02839
A0A250IWN3,3,PF17957
A0A250J0G2,1,PS51257
A0A250J0G2,2,PF02839
A0A250J0G2,3,PF00041
A0A250J3I2,1,PS51257
A0A250J3I2,2,PF02839
A0A250J3I2,3,PF02839
A0A250J3I2,4,SM00495
A0A250J423,1,PF02839
A0A250J423,2,PF00041
A0A250J652,1,PS51318
A0A250JGP2,1,PS51257
A0A250JGP2,3,PF17957
A0A250JGP2,4,PF02839
A0A250JI50,1,PS51257
A0A250JPB7,1,PF02839
A0A250JPB7,2,PF00041
A0A250JQL1,2,G3DSA:2.60.40.10
A0A250JS49,1,PS51257
A0A250JS49,2,PF00041
A0A250JTX1,1,PS51257
A0A250JTX1,2,PF02839
A0A250JTX1,3,PF17957
A0A250VAC6,1,PF02018
A0A250VAC6,2,PF00041
A0A250VB46,1,PF00553
A0A250VB46,2,PF00041
A0A250VBH3,1,PS51318
A0A250VBH3,2,PF02018
A0A250VBH3,3,PF00041
A0A250VP45,1,PF00553
A0A250VWN1,2,PF02839
A0A252CEH1,2,G3DSA:2.60.40.10
A0A252CEH1,3,PF02839
A0A254N3U8,1,PF02839
A0A254N3U8,2,PF02839
A0A254N966,1,SM00495
A0A254N966,2,PF02839
A0A255I3V8,1,PF07833
A0A255I3V8,2,PF08239
A0A255ID80,1,PF01476
A0A255ID80,2,PF01476
A0A255PGL0,1,PF00553
A0A255PGL0,2,PF00041
A0A255PHA2,1,PF02018
A0A255PHA2,2,PF00041
A0A255PHK8,1,PS51318
A0A255PHK8,2,PF02018
A0A255PHK8,3,PF00041
A0A255PNY9,1,PF00553
A0A257I0N1,3,PF00535
A0A257LU27,2,G3DSA:2.60.40.10
A0A257Z424,1,PF02839
A0A257Z424,2,PF00041
A0A258IGJ4,1,PS51257
A0A258J1N2,1,PF02839
A0A258J1N2,2,PF00041
A0A258JVP1,1,PS51257
A0A258JZQ2,2,PF00041
A0A258K1C8,1,SM00495
A0A258K1C8,2,PF00041
A0A258RTV1,4,PF00535
A0A258UFA0,3,PF00535
A0A258YKJ7,3,PF00535
A0A258YM33,3,PF00535
A0A258ZWP1,1,PS51257
A0A259A2Q9,1,PF02839
A0A259A2Q9,2,PF00041
A0A259CDH0,2,PF02839
A0A259CDH0,3,PF00041
A0A259HZB8,3,PF00535
A0A259KVE5,1,PS51257
A0A259SWU6,1,PF07833
A0A259SZY2,1,PF07833
A0A259TMV1,1,PF00395
A0A259TMV1,2,PF00395
A0A259TMV1,3,PF00395
A0A263BT13,2,PF08239
A0A263BUC4,1,PF01476
A0A263BUC4,2,PF01476
A0A263D642,1,PS51318
A0A265BCT1,2,G3DSA:2.60.40.10
A0A265N5Q7,1,PF01476
A0A265N5Q7,2,PF01476
A0A265N5V4,1,PF01476
A0A265N5V4,2,PF01476
A0A265N5V4,3,PF01476
A0A265NCH5,1,PF01476
A0A265NCH5,2,PF01476
A0A266Q2X3,1,PS51257
A0A266Q994,1,SM00495
A0A266Q994,2,SM00495
A0A266Q9Z0,1,SM00495
A0A266Q9Z0,2,PF02839
A0A267ME34,1,PF01476
A0A267ME34,2,PF01476
A0A267ME34,3,PF01476
A0A267MGS3,2,PF00395
A0A267MGS3,3,PF00395
A0A267MGS3,4,PF00395
A0A267MI60,2,PF07833
A0A268A710,1,PF01476
A0A268A710,2,PF01476
A0A268BRM5,1,PF01476
A0A268BRM5,2,PF01476
A0A268EMM4,1,PF07833
A0A268EMM4,2,PF08239
A0A268EPU2,1,PS51257
A0A268EPU2,2,PF00395
A0A268EPU2,3,PF00395
A0A268EPU2,4,PF00395
A0A268H8B4,1,PF01476
A0A268H8B4,2,PF01476
A0A268JAC1,3,PF00535
A0A268JAW1,1,PF01476
A0A268JAW1,2,PF01476
A0A268JPN8,1,PF01476
A0A268JPN8,2,PF01476
A0A268JUH0,1,PF00041
A0A268JUH0,2,PF17957
A0A268KBX8,1,PF07833
A0A268NTD9,1,PF01476
A0A268NTD9,2,PF01476
A0A268NZ90,2,PF00041
A0A268NZ90,3,PF02839
A0A268RXK0,1,PF01476
A0A268RXK0,2,PF01476
A0A268S140,2,PF00041
A0A268S140,3,PF02839
A0A269PTB8,1,PF08329
A0A269PTB8,3,G3DSA:2.60.40.10
A0A269PTB8,4,PF02839
A0A269PTB8,5,PF02839
A0A269PTN8,1,SM00495
A0A269PTN8,2,PF17957
A0A269PTN8,3,G3DSA:2.60.40.10
A0A269VXX2,1,PF07833
A0A269VXX2,2,PF08239
A0A269VYQ6,1,PS51257
A0A269VYQ6,2,PF00395
A0A269VYQ6,3,PF00395
A0A269VYQ6,4,PF00395
A0A270NGD4,1,SM00495
A0A270NGD4,2,PF17957
A0A270NGD4,3,PF00041
A0A271M502,1,PF01476
A0A271M502,2,PF01476
A0A271M502,3,PF01476
A0A271VP81,1,PS51257
A0A271VP81,2,PF02839
A0A271VP81,3,PF17957
A0A271VP81,4,PF17957
A0A271VP81,7,SM00495
A0A271VV35,1,PF17957
A0A271VV35,2,PF17957
A0A271VX16,1,SM00495
A0A271VX16,2,PF17957
A0A271VX16,4,PF17957
A0A271VX16,5,SM00495
A0A271VX16,6,PF17957
A0A271VX16,7,PF17957
A0A271VYK4,1,PF08329
A0A271VYK4,3,PF22352
A0A271VYK4,6,PF02839
A0A285BIB6,1,PS51257
A0A285BIQ3,2,PF00395
A0A285BIQ3,3,PF00395
A0A285BIQ3,4,PF00395
A0A285C0A8,1,PF00553
A0A285C915,1,PF00553
A0A285C915,2,PF00041
A0A285C9M1,1,PF02018
A0A285C9M1,2,PF00041
A0A285CC43,1,PS51318
A0A285CC43,2,PF02018
A0A285CC43,3,PF00041
A0A285CI26,2,PF00395
A0A285CI26,3,PF00395
A0A285CI26,4,PF00395
A0A285CME5,1,PF01476
A0A285CME5,2,PF01476
A0A285CMY7,1,PF01476
A0A285CMY7,2,PF01476
A0A285CMY7,3,PF01476
A0A285D757,1,PF07833
A0A285D7F5,1,PF01476
A0A285D7F5,2,PF01476
A0A285FB84,1,PS51257
A0A285FB84,2,PF02839
A0A285FBH4,1,SM00495
A0A285HAQ2,1,PS51257
A0A285HAQ2,2,SM00495
A0A285IME9,1,PS51257
A0A285IME9,2,PF02839
A0A285JZI1,2,PF00041
A0A285JZI1,3,PF02839
A0A285JZK6,2,G3DSA:2.60.40.10
A0A285JZK6,3,PF02839
A0A285KP28,1,PS51257
A0A285MY51,1,PF01476
A0A285MY51,2,PF01476
A0A285P8H4,2,PF02839
A0A285P8H4,3,PF00041
A0A285QEL4,1,PF00553
A0A285QEL4,2,PF00041
A0A285QFZ7,2,PF02018
A0A285QKH6,1,PS51318
A0A285QKH6,2,PF02018
A0A285QPW3,1,PF02018
A0A285S162,1,PF01476
A0A285S162,2,PF01476
A0A285SMQ7,1,PF01476
A0A285SMQ7,2,PF01476
A0A285SMQ7,3,PF01476
A0A285TNM5,1,PS51257
A0A285UBT0,1,PF01476
A0A285UBT0,2,PF01476
A0A285UBT0,3,PF01476
A0A285UDP9,2,PF01476
A0A285UDP9,3,PF01476
A0A285UDP9,4,PF00395
A0A285UJZ6,1,PF01476
A0A285UJZ6,2,PF01476
A0A285UP96,1,PF01476
A0A285UP96,2,PF01476
A0A285XRM3,1,PS51257
A0A285XSV7,1,PF02018
A0A285ZS51,1,PS51257
A0A285ZS97,1,PS51257
A0A286ADK6,1,PS51257
A0A286CMK0,1,PS51318
A0A286CMK0,2,PF02018
A0A286CMK0,3,PF00041
A0A286CNS2,1,PF00553
A0A286CNS2,2,PF00041
A0A286D7P7,1,SM00495
A0A286D7P7,2,PF17957
A0A286D7P7,3,PF00041
A0A286FI46,1,PF02018
A0A286FI46,2,PF00041
A0A286FKJ1,1,PF00553
A0A286FKJ1,2,PF00041
A0A286FLJ2,1,PF02018
A0A286FLJ2,2,PF00041
A0A286FSV0,1,PF00553
A0A286HGM7,2,PF02839
A0A286QZ45,2,PF00041
A0A286QZ45,3,PF00553
A0A289GAT0,1,SM00495
A0A289GAT0,2,PF17957
A0A289GAT0,3,PF17957
A0A289GAT0,4,SM00495
A0A289GAT0,5,PF17957
A0A289GAT0,6,PF17957
A0A289GG65,1,PF08329
A0A289GG65,3,PF22352
A0A289GG65,5,PF02839
A0A289GG85,1,PS51257
A0A289GG85,2,PF02839
A0A289GG85,3,PF17957
A0A289GG85,4,PF17957
A0A289GG85,7,SM00495
A0A290TYF4,1,PF02839
A0A290TYF4,2,PF17957
A0A290WUM5,1,PS51257
A0A290WUM5,2,PF02839
A0A290X412,1,PF02839
A0A290X4E2,1,PF02839
A0A290X4E2,2,PF02839
A0A290Z1L9,1,PF02018
A0A290ZDN7,1,PF00553
A0A290ZDR3,1,PF00553
A0A290ZDR3,2,PF00041
A0A291BF08,1,PF07833
A0A291BF08,2,PF08239
A0A291DZP2,1,PS51257
A0A291GVT7,1,PS51318
A0A291Q2N5,1,PS51318
A0A291Q2N5,3,PF02839
A0A291Q306,1,PF00553
A0A291Q306,2,PF00041
A0A291Q415,2,PF02839
A0A291QFX2,1,PF00553
A0A291QFX2,2,PF00041
A0A291QH51,1,PS51318
A0A291QMQ0,1,PS51318
A0A291QMQ0,2,PF02018
A0A291QMQ0,3,PF00041
A0A291QZ96,1,PS51257
A0A291QZJ2,1,PS51257
A0A291RQ04,2,PF02018
A0A291SW16,1,PF02018
A0A291SW16,2,PF00041
A0A291SXM6,1,PS51318
A0A291TEF4,1,PF08329
A0A291TEF4,3,PF22352
A0A291TEF4,5,PF02839
A0A291TEF4,6,PF02839
A0A291TEH7,1,PF08329
A0A291TEH7,3,PF22352
A0A291TEH7,4,G3DSA:2.60.40.10
A0A291TEH7,5,PF02839
A0A291TEH7,6,PF02839
A0A291TM74,2,PF02839
A0A291TM74,4,SM00495
A0A291TPY4,1,SM00495
A0A291TPY4,2,PF17957
A0A291TPY4,3,PF17957
A0A291TPY4,5,SM00495
A0A292GP67,1,PF01476
A0A292GP67,2,PF01476
A0A292YL86,1,PF01476
A0A292YL86,2,PF01476
A0A292YM84,1,PF01476
A0A292YM84,2,PF08239
A0A2A2CYT1,1,PF02018
A0A2A2CYT1,2,PF00041
A0A2A2D5S2,1,PF00553
A0A2A2D5S2,2,PF00041
A0A2A2IA52,1,PF01476
A0A2A2IA52,2,PF01476
A0A2A2IFM1,1,PF01476
A0A2A2IFM1,2,PF01476
A0A2A2IFM1,3,PF01476
A0A2A2MWM0,1,PF08329
A0A2A2MWM0,3,PF22352
A0A2A2MWM0,5,PF02839
A0A2A2MZC1,1,G3DSA:2.60.40.10
A0A2A2MZC1,2,PF17957
A0A2A2MZC1,3,PF17957
A0A2A2MZC1,4,PF17957
A0A2A2N6M6,1,PF08329
A0A2A2N6M6,3,PF22352
A0A2A2N6M6,5,PF02839
A0A2A2N711,1,PS51257
A0A2A2N711,2,PF02839
A0A2A2N711,3,PF17957
A0A2A2N711,4,PF17957
A0A2A2ND82,1,PF02839
A0A2A2ND82,2,PF17957
A0A2A2ND82,3,PF17957
A0A2A2ND82,4,SM00495
A0A2A2ND82,5,PF17957
A0A2A2ND82,6,PF17957
A0A2A2S094,3,PF00535
A0A2A2S490,1,PS51257
A0A2A2S7E3,1,PS51257
A0A2A2URY7,1,PF02839
A0A2A2URY7,2,PF17957
A0A2A2V085,1,SM00495
A0A2A2V085,2,PF17957
A0A2A2V085,3,PF17957
A0A2A2V085,4,SM00495
A0A2A2V085,5,PF17957
A0A2A2V085,6,PF17957
A0A2A2V2G0,1,SM00495
A0A2A2V2G0,2,PF17957
A0A2A2V2G0,3,G3DSA:2.60.40.10
A0A2A2V2G0,5,SM00495
A0A2A2V3C8,1,PF08329
A0A2A2V3C8,3,G3DSA:2.60.40.10
A0A2A2V3C8,4,G3DSA:2.60.40.10
A0A2A2V3C8,5,PF02839
A0A2A2XYI5,1,PF00553
A0A2A2Y9U9,2,PF00553
A0A2A3GWJ9,1,PS51318
A0A2A3GWJ9,2,PF02018
A0A2A3GWJ9,3,PF00041
A0A2A3GX79,1,PS51318
A0A2A3GX79,2,PF02018
A0A2A3GX79,3,PF00041
A0A2A3GYX3,1,PF00553
A0A2A3GYX3,2,PF00041
A0A2A3GZG9,1,PF02018
A0A2A3GZG9,2,PF00041
A0A2A3H5U2,1,PF00553
A0A2A3HW91,1,PF02018
A0A2A3J0H4,1,PS51318
A0A2A3J0H4,2,PF02018
A0A2A3J0H4,3,PF00041
A0A2A3J4W4,1,PS51318
A0A2A3J4W4,2,PF02018
A0A2A3J4W4,3,PF00041
A0A2A3J4W8,1,PF00553
A0A2A3J4W8,2,PF00041
A0A2A3J8C6,1,PF02018
A0A2A3J8C6,2,PF00041
A0A2A3JE12,1,PF00553
A0A2A3JL92,2,PF02839
A0A2A3YJ17,1,PS51318
A0A2A4EBT5,1,PS51318
A0A2A4EXV6,1,PF08329
A0A2A4EXV6,3,PF22352
A0A2A4EXV6,5,SM00495
A0A2A4EXV6,6,SM00495
A0A2A4FE26,1,PF02839
A0A2A4G9B3,2,PF17957
A0A2A4G9B3,3,PF17957
A0A2A4G9B3,5,SM00495
A0A2A4G9B3,6,PF17957
A0A2A4G9B3,7,PF17957
A0A2A4G9B3,8,SM00495
A0A2A4G9B3,9,SM00495
A0A2A4GI07,1,PF08329
A0A2A4GI07,3,PF22352
A0A2A4GI07,5,PF02839
A0A2A4GI07,6,PF02839
A0A2A4GK66,1,SM00495
A0A2A4KFK7,1,PS51318
A0A2A4KFK7,3,PF02839
A0A2A4KI12,1,PF02018
A0A2A4KI12,2,PF00041
A0A2A4KN68,1,PF00553
A0A2A4KN68,2,PF00041
A0A2A4KQL8,1,PF02018
A0A2A4KQL8,2,PF00041
A0A2A4KRW2,1,PF00553
A0A2A4TM60,1,PS51257
A0A2A5G046,5,G3DSA:2.60.40.10
A0A2A5IZK2,2,PF00041
A0A2A5IZK2,3,PF02839
A0A2A5J2H7,1,PF01476
A0A2A5J2H7,2,PF01476
A0A2A5JL46,1,PF08329
A0A2A5JL46,3,G3DSA:2.60.40.10
A0A2A5JL46,4,G3DSA:2.60.40.10
A0A2A5JL46,5,PF02839
A0A2A5JL46,6,PF02839
A0A2A5JNX9,1,PF08329
A0A2A5JNX9,5,PF02839
A0A2A5JP28,1,SM00495
A0A2A5JP28,2,PF17957
A0A2A5JP28,3,PF17957
A0A2A5JP28,5,SM00495
A0A2A5JQK2,1,PF02839
A0A2A5JQK2,2,PF17957
A0A2A5JQM6,1,SM00495
A0A2A5JQM6,2,PF17957
A0A2A5JQM6,3,PF17957
A0A2A5JQM6,4,SM00495
A0A2A5JQM6,5,PF17957
A0A2A5JQM6,6,PF17957
A0A2A5QYP9,1,PS51318
A0A2A5QYP9,2,PF02839
A0A2A5QYS0,1,PF02839
A0A2A5QYT1,1,PF02839
A0A2A5STI3,2,G3DSA:2.60.40.10
A0A2A5STI3,3,PF02839
A0A2A6DCW1,2,G3DSA:2.60.40.10
A0A2A6DWD5,1,PF07833
A0A2A7BL51,1,SM00495
A0A2A7BL51,3,PF00041
A0A2A7BL51,4,PF02839
A0A2A7BRF9,3,PF00535
A0A2A7BUA2,2,PF00041
A0A2A7BUA2,3,PF00553
A0A2A7D3L0,3,PF00535
A0A2A7D3Z6,1,PF01476
A0A2A7D3Z6,2,PF01476
A0A2A7DEN7,2,PF00041
A0A2A7DEN7,3,PF00553
A0A2A7E9N9,1,PF01476
A0A2A7E9N9,2,PF01476
A0A2A7E9S5,3,PF00535
A0A2A7EDP2,2,PF00041
A0A2A7EDP2,3,PF00553
A0A2A7HER7,1,PF01476
A0A2A7HER7,2,PF01476
A0A2A7HS27,3,PF00535
A0A2A7I1F7,1,PF01476
A0A2A7I1F7,2,PF01476
A0A2A7SEL0,1,PF08329
A0A2A7SEL0,3,PF22352
A0A2A7SEL0,4,G3DSA:2.60.40.10
A0A2A7SEL0,5,SM00495
A0A2A7SEL0,6,PF02839
A0A2A7VZR4,3,PF00535
A0A2A7WUA3,1,PF01476
A0A2A7WUA3,2,PF01476
A0A2A8AR87,2,PF00041
A0A2A8AR87,3,PF00553
A0A2A8AX32,1,PF01476
A0A2A8AX32,2,PF01476
A0A2A8BL08,1,SM00495
A0A2A8BL08,3,PF00041
A0A2A8BL08,4,PF02839
A0A2A8BLU8,3,PF00535
A0A2A8BQJ3,1,PF01476
A0A2A8BQJ3,2,PF01476
A0A2A8CEY0,2,PF00041
A0A2A8CEY0,3,PF00553
A0A2A8H9S2,2,PF00041
A0A2A8H9S2,3,PF00553
A0A2A8HAW0,3,PF00535
A0A2A8LR90,3,PF00535
A0A2A8PW19,1,PF01476
A0A2A8PW19,2,PF01476
A0A2A8S9E7,1,PF01476
A0A2A8S9E7,2,PF01476
A0A2A8UPI4,1,PF01476
A0A2A8UPI4,2,PF01476
A0A2A8V0R0,1,PF01476
A0A2A8V0R0,2,PF01476
A0A2A8V0R0,3,PF01476
A0A2A8V2Y4,1,PF01476
A0A2A8V2Y4,2,PF01476
A0A2A8V8W4,3,PF00535
A0A2A8XXR9,2,PF00041
A0A2A8XXR9,3,PF00553
A0A2A8ZYF7,1,PF01476
A0A2A8ZYF7,2,PF01476
A0A2A9A6V8,2,PF00041
A0A2A9A6V8,3,PF00553
A0A2A9CGA4,1,PF01476
A0A2A9CGA4,2,PF01476
A0A2A9CGA4,3,PF01476
A0A2A9CGA4,4,PF08239
A0A2A9CKU2,1,PF01476
A0A2A9CKU2,2,PF01476
A0A2A9CM53,1,PS51257
A0A2A9E7T2,1,PF02839
A0A2A9EYB6,1,PS51318
A0A2A9EYB6,3,PF02839
A0A2A9F1V3,2,PF02839
A0A2A9F209,1,PS51318
A0A2A9F209,3,PF02839
A0A2A9F209,4,SM00495
A0A2A9F6F2,1,PS51318
A0A2A9FGG1,2,PF02839
A0A2A9FVX4,1,PF02839
A0A2A9FVX4,2,PF17957
A0A2A9FVX4,3,PF17957
A0A2A9FVX4,4,SM00495
A0A2A9FVX4,5,PF17957
A0A2A9FVX4,6,PF17957
A0A2A9G4H8,1,PF08329
A0A2A9G4H8,3,PF22352
A0A2A9G4H8,5,PF02839
A0A2A9G6K0,1,PS51257
A0A2A9G6K0,2,PF02839
A0A2A9G6K0,3,PF17957
A0A2A9G6K0,4,PF17957
A0A2A9HTE2,2,G3DSA:2.60.40.10
A0A2A9HTE2,3,PF02839
A0A2A9KFF6,1,PS51257
A0A2A9KJZ5,1,PF02839
A0A2B0LTE0,1,PF01476
A0A2B0LTE0,2,PF01476
A0A2B0MCE5,3,PF00535
A0A2B0TWW9,2,PF00041
A0A2B0TWW9,3,PF00553
A0A2B0WKC0,3,PF00535
A0A2B0X134,1,SM00495
A0A2B0X134,3,PF00041
A0A2B0X134,4,PF02839
A0A2B0Y307,2,PF00041
A0A2B0Y307,3,PF00553
A0A2B0YAE2,1,PF01476
A0A2B0YAE2,2,PF01476
A0A2B1KDC9,1,PF01476
A0A2B1KDC9,2,PF01476
A0A2B2BQ26,1,PF01476
A0A2B2BQ26,2,PF01476
A0A2B2BQ26,3,PF01476
A0A2B2C3G9,1,PF01476
A0A2B2C3G9,2,PF01476
A0A2B2C667,1,PS51257
A0A2B2CA46,1,PF01476
A0A2B2CA46,2,PF01476
A0A2B2LW36,2,PF00041
A0A2B2LW36,3,PF00553
A0A2B3U849,1,PF01476
A0A2B3U849,2,PF01476
A0A2B3ZEP3,1,PF01476
A0A2B3ZEP3,2,PF01476
A0A2B3ZVG5,3,PF00535
A0A2B4EDQ6,3,PF00535
A0A2B4EGH5,1,PF01476
A0A2B4EGH5,2,PF01476
A0A2B4FLU4,2,PF00041
A0A2B4FLU4,3,PF00553
A0A2B4ML98,3,PF00535
A0A2B4MP76,1,PF01476
A0A2B4MP76,2,PF01476
A0A2B5F366,1,PF01476
A0A2B5F366,2,PF01476
A0A2B5IX15,2,PF00041
A0A2B5IX15,3,PF00553
A0A2B5J4W2,2,PF00041
A0A2B5J4W2,3,PF00553
A0A2B5XLI4,2,PF00041
A0A2B5XLI4,3,PF00553
A0A2B5Y0F7,1,PF01476
A0A2B5Y0F7,2,PF01476
A0A2B6R9B0,1,PF01476
A0A2B6R9B0,2,PF01476
A0A2B7VV88,3,PF00535
A0A2B8ATF2,1,PF00553
A0A2B8T7J6,1,PF01476
A0A2B8T7J6,2,PF01476
A0A2B9D695,1,PF01476
A0A2B9D695,2,PF01476
A0A2B9E2U2,2,PF00041
A0A2B9E2U2,3,PF00553
A0A2B9PIB0,2,PF00041
A0A2B9PIB0,3,PF00553
A0A2C0ZAA5,1,PF01476
A0A2C0ZAA5,2,PF01476
A0A2C0ZR01,1,PF01476
A0A2C0ZR01,2,PF01476
A0A2C1CSV6,3,PF00535
A0A2C1DT31,1,PF01476
A0A2C1DT31,2,PF01476
A0A2C1ESY5,1,PF01476
A0A2C1ESY5,2,PF01476
A0A2C1K3L9,1,PF01476
A0A2C1K3L9,2,PF01476
A0A2C1K998,2,PF01476
A0A2C1KT09,3,PF00535
A0A2C1LG37,3,PF00535
A0A2C1Y896,1,PF01476
A0A2C1Y896,2,PF01476
A0A2C1YER2,1,PS51257
A0A2C1Z8G3,1,PF01476
A0A2C1Z8G3,2,PF01476
A0A2C1Z8G3,3,PF01476
A0A2C1Z8V7,1,PF01476
A0A2C1Z8V7,2,PF01476
A0A2C2ULZ4,1,PF01476
A0A2C2ULZ4,2,PF01476
A0A2C2UUV2,1,PF01476
A0A2C2UUV2,2,PF01476
A0A2C2UUV2,3,PF01476
A0A2C2UWT0,1,PF01476
A0A2C2UWT0,2,PF01476
A0A2C2V0L8,1,PF01476
A0A2C2V0L8,2,PF01476
A0A2C4A4M5,1,PF01476
A0A2C4A4M5,2,PF01476
A0A2C4E2I9,2,PF00041
A0A2C4E2I9,3,PF00553
A0A2C4H7I6,1,SM00495
A0A2C4H7I6,3,PF00041
A0A2C4H7I6,4,PF02839
A0A2C4NV52,1,SM00495
A0A2C4NV52,3,PF00041
A0A2C4NV52,4,PF02839
A0A2C4Q0I5,2,PF00041
A0A2C4Q0I5,3,PF00553
A0A2C4Q589,3,PF00535
A0A2C4QGC9,1,PS51257
A0A2C4QVV1,3,PF00535
A0A2C5GN61,3,PF00535
A0A2C5IHZ0,1,PF01476
A0A2C5IHZ0,2,PF01476
A0A2C5KAU4,1,PF01476
A0A2C5KAU4,2,PF01476
A0A2C5MWY0,2,PF00041
A0A2C5MWY0,3,PF00553
A0A2C6E3J4,1,PF02839
A0A2C6E3J4,2,PF17957
A0A2C6E6C5,1,SM00495
A0A2C6E6C5,2,PF17957
A0A2C6E6C5,3,PF17957
A0A2C6E6C5,4,SM00495
A0A2C6E6C5,5,PF17957
A0A2C6E6C5,6,PF17957
A0A2C6EA20,1,PF08329
A0A2C6EA20,3,G3DSA:2.60.40.10
A0A2C6EA20,4,G3DSA:2.60.40.10
A0A2C6EA20,5,PF02839
A0A2C6EBG3,1,SM00495
A0A2C6EBG3,2,PF17957
A0A2C6EBG3,3,PF17957
A0A2C6EBG3,5,SM00495
A0A2C9EJS3,2,G3DSA:2.60.40.10
A0A2C9EJS3,3,PF02839
A0A2C9P3X1,2,G3DSA:2.60.40.10
A0A2C9ZMG1,1,PF00553
A0A2C9ZMG1,2,PF00553
A0A2C9ZMG1,3,PF00041
A0A2C9ZPE1,1,PF00553
A0A2C9ZPE1,2,PF00041
A0A2C9ZPE1,4,PF00041
A0A2D1CLS3,1,PF02839
A0A2D1IK25,2,PF02839
A0A2D1IK25,3,PF02839
A0A2D1QKU5,1,SM00495
A0A2D1QKU5,2,PF17957
A0A2D1QKU5,3,PF17957
A0A2D1QKU5,5,SM00495
A0A2D1SS59,2,PF00395
A0A2D1SS59,3,PF00395
A0A2D1SS59,4,PF00395
A0A2D2CZD1,1,PS51257
A0A2D2DER2,1,PS51257
A0A2D2DER2,2,PF02839
A0A2D2DES9,1,PS51257
A0A2D2DES9,2,PF02839
A0A2D4SRV8,2,PF22352
A0A2D4YWY5,1,PF00553
A0A2D4YYZ9,1,PF00553
A0A2D4YYZ9,2,PF00553
A0A2D5ABV7,1,PF00553
A0A2D5B3L4,1,PF00553
A0A2D5B5J0,1,PS51257
A0A2D5BSA9,1,PF00553
A0A2D5INM5,1,PF00553
A0A2D5JK16,1,PF17957
A0A2D5K3Q9,1,PS51257
A0A2D5SY91,1,SM00495
A0A2D5SY91,2,PF17957
A0A2D5SYA2,1,PF08329
A0A2D5SYA2,3,G3DSA:2.60.40.10
A0A2D5SYA2,5,PF02839
A0A2D5SYA2,6,PF02839
A0A2D5T483,4,PF02839
A0A2D6PVC1,1,PF00553
A0A2D6YRJ8,1,PF00553
A0A2D7I619,2,PF00553
A0A2D7IME6,1,PS51257
A0A2D7MNR2,1,PS51257
A0A2D7NH40,1,PS51257
A0A2D7NH40,2,PF00553
A0A2D8C6B3,1,PS51257
A0A2D8RF19,2,SM00495
A0A2D8RF19,3,SM00495
A0A2D8RFF5,1,PF02839
A0A2D8RFF5,3,SM00495
A0A2D8VRT7,2,G3DSA:2.60.40.10
A0A2D9PIS7,2,G3DSA:2.60.40.10
A0A2D9XVH0,2,G3DSA:2.60.40.10
A0A2D9Y0Y6,2,PF17957
A0A2D9Y0Y6,3,PF17957
A0A2D9Y0Y6,4,PF02839
A0A2D9Y0Y6,5,PF02839
A0A2D9Y0Y6,6,PF17957
A0A2D9Y0Y6,8,PF17957
A0A2D9Y0Y6,9,PF17957
A0A2D9Y0Y6,10,SM00495
A0A2D9Y0Y6,11,PF17957
A0A2E0AK67,1,PF00553
A0A2E0AL73,1,PF00553
A0A2E0C4F9,1,PS51257
A0A2E0CX71,2,G3DSA:2.60.40.10
A0A2E0F4I5,1,PS51257
A0A2E0HYE5,2,G3DSA:2.60.40.10
A0A2E0MDT1,2,G3DSA:2.60.40.10
A0A2E0MDT1,3,G3DSA:2.60.40.10
A0A2E0W521,2,G3DSA:2.60.40.10
A0A2E0WBH5,1,PF00553
A0A2E0XT42,1,PS51257
A0A2E0XWF1,1,PF00553
A0A2E0Z982,1,PS51257
A0A2E0ZB33,2,PF08239
A0A2E1EMC8,1,PS51257
A0A2E1I3D5,1,PS51257
A0A2E1P5Y9,1,PS51257
A0A2E1PAI3,1,PS51257
A0A2E1W4T1,2,G3DSA:2.60.40.10
A0A2E2TR55,1,PS51257
A0A2E3DSX4,1,PS51257
A0A2E3KLF3,1,PF00553
A0A2E3N3J9,3,G3DSA:2.60.40.10
A0A2E3PZF7,1,PF00553
A0A2E3RIV0,1,PF00553
A0A2E3RIV0,2,PF08329
A0A2E3RIV0,6,PF00553
A0A2E3Y480,2,G3DSA:2.60.40.10
A0A2E4HBH8,1,PS51257
A0A2E4L2P6,2,G3DSA:2.60.40.10
A0A2E4MCK8,2,G3DSA:2.60.40.10
A0A2E4V6K8,1,PS51257
A0A2E4V7R1,1,PS51257
A0A2E5E221,1,PF00553
A0A2E5ED08,1,PF00553
A0A2E5ED08,2,PF00553
A0A2E5HF90,2,G3DSA:2.60.40.10
A0A2E5JSF0,2,G3DSA:2.60.40.10
A0A2E5RRE0,3,PF17957
A0A2E6AKU7,1,PF00553
A0A2E6AKU7,3,PF00553
A0A2E6S1E4,2,G3DSA:2.60.40.10
A0A2E6SIU7,2,G3DSA:2.60.40.10
A0A2E7CM32,2,PF22352
A0A2E7EJF8,1,PF00553
A0A2E7EJF8,3,PF00553
A0A2E7EJF8,5,PF00553
A0A2E7THV7,2,G3DSA:2.60.40.10
A0A2E7UV72,1,PS51257
A0A2E8HF72,1,PS51257
A0A2E9T2W0,3,G3DSA:2.60.40.10
A0A2E9T2W0,4,PF02839
A0A2E9T2W0,5,PF02839
A0A2E9TU99,1,PS51257
A0A2E9TUH6,1,PS51257
A0A2F0PPI3,2,PF00041
A0A2F0PPI3,3,PF02839
A0A2G1BUU1,1,PS51257
A0A2G1XAS8,1,PF00553
A0A2G1XDD4,1,PF00553
A0A2G1XDD4,2,PF00041
A0A2G1XPM5,1,PS51318
A0A2G1XPN1,2,SM00495
A0A2G1ZZA3,1,PS51257
A0A2G2DKK2,1,PS51257
A0A2G2IMS1,1,PF08329
A0A2G2IMS1,3,G3DSA:2.60.40.10
A0A2G2INF2,4,PF02839
A0A2G3E6C7,1,PF08239
A0A2G3J9C4,1,PF02839
A0A2G3JGB3,1,PS51257
A0A2G3K4H3,1,PF02839
A0A2G3K4H3,2,PF02839
A0A2G3L6E7,1,PS51257
A0A2G3L6E7,2,PF02839
A0A2G3L6U0,1,PF02839
A0A2G3L6U0,2,PF02839
A0A2G3LKH9,1,PF02839
A0A2G3PW12,1,PF00395
A0A2G3PX51,1,PF07833
A0A2G3Q2F2,1,PS51257
A0A2G4GRH1,1,PF00553
A0A2G4U0J3,3,G3DSA:2.60.40.10
A0A2G4U0J3,4,PF02839
A0A2G5IRS2,1,PF02018
A0A2G5IRS2,2,PF00041
A0A2G5IYV6,1,PF02018
A0A2G5IYV6,2,PF00041
A0A2G5J0L9,1,PF00553
A0A2G5J0L9,2,PF00041
A0A2G5J260,1,PF00553
A0A2G5KY02,1,PS51257
A0A2G5VX73,1,PS51257
A0A2G5VXQ0,1,PF01476
A0A2G5VXQ0,2,PF01476
A0A2G5WFM7,1,PF01476
A0A2G5WFM7,2,PF01476
A0A2G5WT02,1,PF01476
A0A2G5WT02,2,PF01476
A0A2G5X5E4,1,PF01476
A0A2G5X5E4,2,PF01476
A0A2G5X8P0,1,PS51257
A0A2G5XF72,1,PF01476
A0A2G5XF72,2,PF01476
A0A2G5XHM4,1,PS51257
A0A2G5XJN2,1,PF01476
A0A2G5XJN2,2,PF01476
A0A2G5ZDB6,1,PS51257
A0A2G5ZJM1,1,PF01476
A0A2G5ZJM1,2,PF01476
A0A2G6AS33,1,PF01476
A0A2G6AS33,2,PF01476
A0A2G6B521,1,PS51257
A0A2G6B601,1,PF01476
A0A2G6B601,2,PF01476
A0A2G6G419,1,PS51257
A0A2G6Q8V2,1,PF01476
A0A2G6Q8V2,2,PF01476
A0A2G6QC96,2,PF00041
A0A2G6QC96,3,PF00553
A0A2G6T9Q5,1,PS51257
A0A2G6T9Z4,6,G3DSA:2.60.40.10
A0A2G6T9Z4,7,G3DSA:2.60.40.10
A0A2G6TMD2,3,PF00535
A0A2G6UCC9,3,PF00041
A0A2G6UCD9,3,PF00041
A0A2G6UFS0,3,PF00535
A0A2G6VLK1,3,PF00535
A0A2G7HJU2,2,G3DSA:2.60.40.10
A0A2G7HJU2,3,G3DSA:2.60.40.10
A0A2G7HJU2,4,PF08329
A0A2G7HL70,1,PF01476
A0A2G7HL70,2,PF01476
A0A2G7HL70,3,PF08239
A0A2G7HLG8,2,PF02839
A0A2G7HMN5,2,PF00041
A0A2G7HMN5,3,PF02839
A0A2G7LRF9,1,PF07833
A0A2G7LUY7,1,PF02839
A0A2G7LUY7,2,PF00041
A0A2G7LUY8,2,PF00041
A0A2G7LUY8,3,PF02839
A0A2G7M4B3,1,PF07833
A0A2G7M5D9,1,PF00395
A0A2G7M5D9,2,PF00395
A0A2G7M5D9,3,PF00395
A0A2G8IPE8,1,PF01476
A0A2G8IPE8,2,PF01476
A0A2G8IT80,2,PF00041
A0A2G8IT80,3,PF02839
A0A2G9C788,1,SM00495
A0A2G9C788,2,PF00041
A0A2G9C795,1,SM00495
A0A2G9C795,2,PF17957
A0A2G9L9C4,2,PF00041
A0A2G9L9C4,3,PF02839
A0A2G9Y4S6,2,PF08239
A0A2G9Y4S6,3,PF08239
A0A2H0FN67,2,G3DSA:2.60.40.10
A0A2H0PEF8,2,PF00553
A0A2H0PEF8,3,PF00553
A0A2H0SJ70,1,PS51318
A0A2H5ASW0,1,PF02018
A0A2H5ASW0,2,PF00041
A0A2H5AW99,1,PF02018
A0A2H5AYI6,1,PS51318
A0A2H5AYI6,2,PF02018
A0A2H5AYX7,1,PF02018
A0A2H5AZ98,1,PF00553
A0A2H5AZB3,2,SM00495
A0A2H5B4R7,1,PF02018
A0A2H5B4W9,1,PF02018
A0A2H5B8S4,2,PF02018
A0A2H5BA28,1,PS51318
A0A2H5BA28,2,PF00553
A0A2H5BA28,3,PF00041
A0A2H5BA84,1,PF00553
A0A2H5BA84,2,PF00041
A0A2H5BCC8,1,PS51257
A0A2H5DT46,1,PF02839
A0A2H5E0D7,1,PF02839
A0A2H5E2P1,1,PS51257
A0A2H5E2P1,2,PF02839
A0A2H5E2X2,2,PF02839
A0A2H5E2X2,3,PF02839
A0A2H6EKN6,1,PS51257
A0A2H6ELX2,2,PF00041
A0A2H6EZ03,2,PF00041
A0A2H9U1K6,1,PF08329
A0A2H9U1K6,3,PF22352
A0A2H9U1K6,4,G3DSA:2.60.40.10
A0A2H9U1K6,5,PF02839
A0A2H9U1K6,6,PF02839
A0A2H9U585,1,SM00495
A0A2H9U585,2,PF17957
A0A2H9U585,3,PF17957
A0A2H9U585,5,SM00495
A0A2H9VSG8,3,PF00535
A0A2I0F5K5,4,SM00495
A0A2I0NAR7,1,PF01476
A0A2I0NAR7,2,PF01476
A0A2I0QTQ1,1,PF01476
A0A2I0QTQ1,2,PF01476
A0A2I0SEQ2,1,PF02018
A0A2I0SEQ2,2,PF00041
A0A2I0SMM9,1,PF00553
A0A2I0SMM9,2,PF00041
A0A2I0SUT2,1,PS51318
A0A2I0SUT2,2,PF02018
A0A2I0SUT2,3,PF00041
A0A2I0UV37,1,PF01476
A0A2I0UV37,2,PF01476
A0A2I0V1X3,1,PF01476
A0A2I0V1X3,2,PF01476
A0A2I0V1X3,3,PF01476
A0A2I0V2K1,1,PS51257
A0A2I3C8L7,1,PF02839
A0A2I3C8L7,2,PF17957
A0A2I3C8L7,3,PF17957
A0A2I3C8L7,4,SM00495
A0A2I3C8L7,5,PF17957
A0A2I3C8L7,6,PF17957
A0A2I3CN75,1,PF08329
A0A2I3CN75,3,PF22352
A0A2I3CN75,5,PF02839
A0A2I3CQH1,1,PS51257
A0A2I3CQH1,2,PF02839
A0A2I3CQH1,3,PF17957
A0A2I3CQH1,4,PF17957
A0A2I5HL07,2,G3DSA:2.60.40.10
A0A2I5SU96,1,SM00495
A0A2I5SU96,2,SM00495
A0A2I5SU96,3,SM00495
A0A2I5SU96,4,SM00495
A0A2I5SU96,5,SM00495
A0A2I5SU96,6,PF02839
A0A2I5SU96,7,SM00495
A0A2I7N4G8,1,PS51257
A0A2I7N4G8,2,SM00495
A0A2I7N8A6,1,PS51257
A0A2I7N8G2,1,PS51257
A0A2I7N8W0,1,PS51257
A0A2I7N9P7,1,PS51257
A0A2I7N9P7,4,PF02839
A0A2I7N9P7,5,SM00495
A0A2J0MVR4,3,PF00535
A0A2J0PP25,1,PF08329
A0A2J0PP25,3,PF22352
A0A2J0PP25,4,G3DSA:2.60.40.10
A0A2J0PP25,5,PF02839
A0A2J0PP25,6,PF02839
A0A2J0Q0M4,1,PF08329
A0A2J0Q0M4,3,PF22352
A0A2J0Q0M4,5,PF02839
A0A2J0Q0M4,6,PF02839
A0A2J0SRV5,1,SM00495
A0A2J0SRV5,2,PF17957
A0A2J0SRV5,3,PF00041
A0A2J0UHQ8,1,SM00495
A0A2J0UHQ8,2,PF17957
A0A2J0UHQ8,3,PF00041
A0A2J4RKM0,2,G3DSA:2.60.40.10
A0A2J4ZW31,2,G3DSA:2.60.40.10
A0A2J6H6J6,1,PS51257
A0A2J6H8Y0,1,PS51257
A0A2J7YYX4,1,PF02018
A0A2J7YYX4,2,PF00041
A0A2J7Z619,1,PS51318
A0A2J9UXC3,1,SM00495
A0A2J9UXC3,2,PF17957
A0A2J9UXC3,3,PF17957
A0A2J9UXC3,4,SM00495
A0A2J9UXC3,5,PF17957
A0A2J9UXC3,6,PF17957
A0A2J9VI44,1,PF08329
A0A2J9VI44,3,PF22352
A0A2J9VI44,5,PF02839
A0A2J9VK98,1,PS51257
A0A2J9VK98,2,PF02839
A0A2J9VK98,3,PF17957
A0A2J9VK98,4,PF17957
A0A2J9VK98,7,SM00495
A0A2K1ECW2,1,PF07833
A0A2K1EN22,1,PF00395
A0A2K1EN22,2,PF00395
A0A2K1EN22,3,PF00395
A0A2K1ERT7,1,PF07833
A0A2K2FDJ3,1,PF07833
A0A2K2FF65,1,PF01476
A0A2K2FF65,2,PF01476
A0A2K2FLN0,2,PF00395
A0A2K2FLN0,3,PF00395
A0A2K2FLN0,4,PF00395
A0A2K2FML1,1,PF00395
A0A2K2FML1,2,PF00395
A0A2K2FML1,3,PF00395
A0A2K2FQW0,1,PF01476
A0A2K2FQW0,2,PF01476
A0A2K2RG00,1,PS51318
A0A2K2RG00,2,PF02018
A0A2K2RG00,3,PF00041
A0A2K2RGM3,1,PF00553
A0A2K2RGM3,2,PF00041
A0A2K2RHF9,1,PF02018
A0A2K2RHF9,2,PF00041
A0A2K2TR01,1,PF08239
A0A2K2TTW7,1,PF01476
A0A2K2TTW7,2,PF01476
A0A2K2TV44,1,PF01476
A0A2K4MQX6,1,PF02839
A0A2K4MS23,1,PF02839
A0A2K4MSC6,1,PF02839
A0A2K4MTC8,1,PS51257
A0A2K4MTC8,3,PF02839
A0A2K4MTC8,4,PF02839
A0A2K4WNQ6,2,PF00041
A0A2K4WNQ6,3,PF02839
A0A2K4ZJN5,1,PF01476
A0A2K4ZLH0,1,PF08239
A0A2K8LQS4,1,PS51318
A0A2K8LUM8,1,PS51318
A0A2K8LVJ3,2,PF02018
A0A2K8LWT8,2,PF02839
A0A2K8LWT8,3,PF02839
A0A2K8M599,1,PF02018
A0A2K8M599,2,PF00041
A0A2K8M912,1,PF02018
A0A2K8N8D1,2,PF00395
A0A2K8N8D1,3,PF00395
A0A2K8N8D1,4,PF00395
A0A2K8NBE9,1,PF01476
A0A2K8P291,1,PS51257
A0A2K8P8Q0,1,PF00553
A0A2K8PAB8,1,PS51257
A0A2K8PAB8,3,PF02018
A0A2K8PCH9,1,PF00553
A0A2K8PCH9,2,PF00041
A0A2K8PDH9,1,PF02018
A0A2K8PDH9,2,PF00041
A0A2K8PEW9,1,PF02018
A0A2K8PEW9,2,PF00041
A0A2K8PL93,2,PF02839
A0A2K8PME2,2,PF02839
A0A2K8SCZ8,1,PS51257
A0A2K8SDG9,1,PS51257
A0A2K8XAU2,1,PS51257
A0A2K8XLL9,1,PS51257
A0A2K9A715,1,PS51257
A0A2K9AVR7,1,PS51257
A0A2K9DD14,2,SM00495
A0A2K9DD14,3,PF02839
A0A2K9E4F5,1,PF00395
A0A2K9E4F5,2,PF00395
A0A2K9E4F5,3,PF00395
A0A2K9EFL0,1,PF07833
A0A2K9ELQ4,1,PF00553
A0A2K9ELQ4,2,PF00041
A0A2K9EP50,1,PF01476
A0A2K9EP50,4,PF07833
A0A2K9EQ86,1,PF02018
A0A2K9EQ86,2,PF00041
A0A2K9EQG2,1,PF00553
A0A2K9EQG2,2,PF00041
A0A2K9ERT4,1,PF02018
A0A2K9ERT4,2,PF00041
A0A2K9FDP2,1,PS51318
A0A2K9IWC8,1,PF01476
A0A2K9IWC8,2,PF01476
A0A2K9IWC8,3,PF01476
A0A2K9J0D3,1,PF01476
A0A2K9J0D3,2,PF01476
A0A2K9JTR2,1,PF02839
A0A2K9JTR2,2,PF17957
A0A2K9JVD4,1,SM00495
A0A2K9JVD4,2,PF17957
A0A2K9JVD4,3,PF17957
A0A2K9JVD4,4,SM00495
A0A2K9JVD4,5,PF17957
A0A2K9JVD4,6,PF17957
A0A2K9K374,1,PF08329
A0A2K9K374,3,G3DSA:2.60.40.10
A0A2K9K374,5,PF02839
A0A2K9K4V8,1,PF08329
A0A2K9K4V8,3,G3DSA:2.60.40.10
A0A2K9K4V8,4,G3DSA:2.60.40.10
A0A2K9K4V8,5,PF02839
A0A2K9K4V8,6,PF02839
A0A2K9K5M1,1,SM00495
A0A2K9K5M1,2,PF17957
A0A2K9K5M1,3,G3DSA:2.60.40.10
A0A2K9K5M1,5,SM00495
A0A2K9LY06,1,PS51257
A0A2K9NZD9,1,PF01476
A0A2K9NZD9,2,PF01476
A0A2L0AC21,3,PF00535
A0A2L0EM61,1,PS51257
A0A2L0EZD6,1,SM00495
A0A2L0FBB2,1,PS51257
A0A2L0FBB2,2,PF02839
A0A2L0MWP4,1,PF02018
A0A2L0MWP4,2,PF00041
A0A2L0MYJ7,1,PF00553
A0A2L0MYJ7,2,PF00041
A0A2L0MYK8,1,PF00553
A0A2L0MYK8,2,PF00041
A0A2L0MZD5,2,PF02018
A0A2L0N003,1,PF02018
A0A2L0N2A5,1,PS51318
A0A2L0N2A5,2,PF02018
A0A2L0N6T6,2,SM00495
A0A2L0N712,1,PS51318
A0A2L0N712,2,PF02018
A0A2L0N7U7,1,PS51318
A0A2L0N7U7,2,PF00553
A0A2L0N904,1,PF02018
A0A2L0NFB5,1,PF02018
A0A2L0TPL2,1,PF08329
A0A2L0TPL2,3,PF22352
A0A2L0TPL2,4,G3DSA:2.60.40.10
A0A2L0TPL2,5,PF02839
A0A2L0TPL2,6,PF02839
A0A2L0TZK3,1,SM00495
A0A2L0TZK3,2,PF17957
A0A2L0TZK3,3,PF17957
A0A2L0TZK3,5,SM00495
A0A2L1J3T3,2,G3DSA:2.60.40.10
A0A2L1J3T3,3,PF02839
A0A2L1TXF9,2,PF02839
A0A2L1U3D5,1,PF08329
A0A2L1U3D5,2,PF00041
A0A2L1U549,1,PF07833
A0A2L1U9C5,1,PF02839
A0A2L1UM70,3,PF02839
A0A2M7HP48,1,PF08329
A0A2M7HP48,3,PF22352
A0A2M7HP48,5,PF02839
A0A2M7HP48,6,PF02839
A0A2M7HXN8,1,SM00495
A0A2M7HXN8,2,PF17957
A0A2M7HXN8,3,PF17957
A0A2M7HXN8,4,PF17957
A0A2M7ZDI2,1,PS51257
A0A2M7ZDI2,3,G3DSA:2.60.40.10
A0A2M7ZL79,2,G3DSA:2.60.40.10
A0A2M8H8Y0,1,SM00495
A0A2M8H8Y0,2,PF17957
A0A2M8H8Y0,3,PF17957
A0A2M8H8Y0,5,SM00495
A0A2M8HES0,1,PF08329
A0A2M8HES0,3,PF22352
A0A2M8HES0,4,G3DSA:2.60.40.10
A0A2M8HES0,5,SM00495
A0A2M8HES0,6,PF02839
A0A2M8LW97,1,PF00553
A0A2M8LXE2,1,PF02018
A0A2M8LXE2,2,PF00041
A0A2M8SUH3,1,PF01476
A0A2M8SUH3,2,PF01476
A0A2M8SYF2,1,PF01476
A0A2M8SYF2,2,PF01476
A0A2M8T709,1,PF00041
A0A2M8TEE5,1,PF01476
A0A2M8TEE5,2,PF01476
A0A2M8W3E9,1,PF02018
A0A2M8W3E9,2,PF00041
A0A2M8WS60,1,PF00553
A0A2M8WS60,2,PF00041
A0A2M8WSV2,2,PF02839
A0A2M8WSV2,3,PF02839
A0A2M8WT56,2,PF02839
A0A2M8WT56,3,PF02839
A0A2M8WTV5,1,PF02839
A0A2M8WV12,1,PS51318
A0A2M8WV12,3,PF02839
A0A2M8WV59,2,PF02839
A0A2M8WV59,3,PF02839
A0A2M8WVJ0,2,PF02839
A0A2M8WVJ0,3,PF02839
A0A2M8WVY5,1,PS51318
A0A2M8WVY5,2,PF02839
A0A2M8WVY5,4,PF02839
A0A2M8XZ05,1,PS51257
A0A2M8Y9D2,1,PS51257
A0A2M8Y9D2,2,PF02839
A0A2M8YCN7,1,PF02839
A0A2M8YCN7,2,PF02839
A0A2M8YMC3,1,PS51257
A0A2M8YMC3,2,PF02839
A0A2M8YZT8,1,PS51257
A0A2M8Z314,1,PF01476
A0A2M8Z314,2,PF01476
A0A2M8Z522,1,PF01476
A0A2M8Z522,2,PF01476
A0A2M8Z5Y1,1,PF01476
A0A2M8Z5Y1,2,PF01476
A0A2M8Z6X1,1,PF01476
A0A2M8Z6X1,2,PF01476
A0A2M8Z974,1,PF08239
A0A2M8ZAU1,1,PF01476
A0A2M8ZAU1,2,PF01476
A0A2M8ZBR0,1,PF01476
A0A2M8ZBR0,2,PF01476
A0A2M9BRK5,2,PF17957
A0A2M9BRK5,3,PF17957
A0A2M9BRK5,4,SM00495
A0A2M9BRK9,2,PF17957
A0A2M9BRK9,3,PF17957
A0A2M9BRK9,4,SM00495
A0A2M9BXN6,3,PF00535
A0A2M9CCE2,1,PS51318
A0A2M9CCE2,3,PF02839
A0A2M9CCE2,4,PF02839
A0A2M9CCP2,1,PF02839
A0A2M9CEB7,1,SM00495
A0A2M9CEB7,3,PF02839
A0A2M9CEI5,1,SM00495
A0A2M9CEI5,3,PF02839
A0A2M9CEK6,2,PF02839
A0A2M9CEQ8,2,SM00495
A0A2M9CEQ8,3,PF02839
A0A2M9CRR5,3,PF00535
A0A2M9CZB1,2,PF02839
A0A2M9IBT6,1,PF02018
A0A2M9IBT6,2,PF00041
A0A2M9ICH7,1,PF02018
A0A2M9ICH7,2,PF00041
A0A2M9ICW1,1,PF02018
A0A2M9ICW1,2,PF00041
A0A2M9IMN1,1,PF00553
A0A2M9IMN1,2,PF00041
A0A2M9IWT8,2,PF02018
A0A2M9IXV5,1,PS51318
A0A2M9IXV5,3,PF02839
A0A2M9IZU9,1,PF02018
A0A2M9IZU9,2,PF00041
A0A2M9J0L2,1,PF00553
A0A2M9J0L2,2,PF00041
A0A2M9J249,1,PS51318
A0A2M9J249,3,SM00495
A0A2M9J814,1,PF02018
A0A2M9J814,2,PF00041
A0A2M9JCH4,1,PS51318
A0A2M9JCH4,2,PF00553
A0A2M9JCH4,3,PF00041
A0A2M9JFR8,1,PF02018
A0A2M9JFR8,2,PF00041
A0A2M9JI53,1,PS51318
A0A2M9JPT8,1,PF00553
A0A2M9JPT8,2,PF00041
A0A2M9JTH5,1,PS51318
A0A2M9JUZ1,1,PF00553
A0A2M9JZ49,1,PF02018
A0A2M9JZ49,2,PF00041
A0A2M9K4U7,1,PF00553
A0A2M9KBN4,1,PF00553
A0A2M9KBN4,2,PF00041
A0A2M9KCD3,2,PF02839
A0A2M9KDM9,2,PF02839
A0A2M9KGB5,1,PF02018
A0A2M9KGB5,2,PF00041
A0A2M9KSE1,1,PF00553
A0A2M9KSE1,2,PF00041
A0A2M9KTN2,1,PF02018
A0A2M9KTZ7,1,PF02018
A0A2M9KUR6,1,PF02018
A0A2M9KUR6,2,PF00041
A0A2M9KUT0,1,PF02018
A0A2M9KUU5,2,SM00495
A0A2M9KWV0,1,PS51318
A0A2M9KWV0,3,PF02018
A0A2M9KXE6,2,PF02018
A0A2M9L0U0,1,PF02018
A0A2M9L0U0,2,PF00041
A0A2M9L303,1,PF02018
A0A2M9L303,2,PF00041
A0A2M9L6B1,2,SM00495
A0A2M9LB50,1,PF02018
A0A2M9LB50,2,PF00041
A0A2M9LCZ2,1,PF02018
A0A2M9LCZ2,2,PF00041
A0A2M9LHN9,1,PS51318
A0A2M9LKQ8,1,PF00553
A0A2M9LKQ8,2,PF00041
A0A2M9M5V8,1,PS51318
A0A2M9M7W5,1,PS51318
A0A2M9M7W5,3,PF02839
A0A2M9MIL3,1,G3DSA:2.60.40.10
A0A2M9MIL3,2,PF00041
A0A2M9MIL3,4,PF00041
A0A2M9MIL3,5,PF00395
A0A2M9MIL3,6,PF00395
A0A2M9MIL3,7,PF00395
A0A2M9MIS3,2,PF02839
A0A2M9MJ29,1,PF07833
A0A2M9N1V8,1,PF02839
A0A2M9N1V8,2,PF00041
A0A2M9N2D6,1,PF07833
A0A2M9N2K0,1,PF00395
A0A2M9N2K0,2,PF00395
A0A2M9N2K0,3,PF00395
A0A2M9NWN1,1,PF01476
A0A2M9NWN1,2,PF01476
A0A2M9NYK8,1,PF01476
A0A2M9NYK8,2,PF01476
A0A2M9NYT1,1,PF01476
A0A2M9NYT1,2,PF01476
A0A2M9P0B0,2,PF00553
A0A2M9Q0K6,1,PF01476
A0A2M9Q0K6,2,PF01476
A0A2M9Q0P1,1,PF01476
A0A2M9Q0P1,2,PF01476
A0A2M9Q0P1,3,PF01476
A0A2M9T0F6,1,PF01476
A0A2M9T0F6,2,PF01476
A0A2N0HF89,1,PS51257
A0A2N0HJ13,6,G3DSA:2.60.40.10
A0A2N0HJ13,7,G3DSA:2.60.40.10
A0A2N0HN20,1,PS51257
A0A2N0HN20,2,PF02839
A0A2N0HR73,1,PF02839
A0A2N0HR73,2,PF02839
A0A2N0I0E0,1,PS51257
A0A2N0I0E0,2,PF02839
A0A2N0TI92,1,PS51318
A0A2N0WY76,2,SM00495
A0A2N0WY76,3,PF02839
A0A2N0WZN8,1,PF02839
A0A2N0WZN8,2,SM00495
A0A2N0X062,1,PF08329
A0A2N0X062,3,PF02839
A0A2N0X065,1,PF08329
A0A2N0X065,3,SM00495
A0A2N0X065,4,SM00495
A0A2N0X067,1,PF08329
A0A2N0X067,3,SM00495
A0A2N0X067,4,SM00495
A0A2N0X074,1,PS51257
A0A2N0X1Y8,1,SM00495
A0A2N0X1Y8,4,PF02839
A0A2N0X3D0,1,PF08329
A0A2N0X3D0,3,SM00495
A0A2N0X3D0,4,PF02839
A0A2N0XG77,3,PF00535
A0A2N0XHL9,3,G3DSA:2.60.40.10
A0A2N0XR83,1,SM00495
A0A2N0XR83,2,PF17957
A0A2N0XR83,3,PF17957
A0A2N0XR83,4,SM00495
A0A2N0XR83,5,PF17957
A0A2N0XR83,6,PF17957
A0A2N0XWC5,1,PF08329
A0A2N0XWC5,3,PF22352
A0A2N0YWX4,1,PF01476
A0A2N0YWX4,2,PF01476
A0A2N0YXG3,1,PF01476
A0A2N0YXG3,2,PF01476
A0A2N0Z188,1,PF07833
A0A2N0Z8P3,1,PF01476
A0A2N0Z8P3,2,PF01476
A0A2N0ZI30,1,PF01476
A0A2N0ZI30,2,PF01476
A0A2N0ZIJ6,1,PF07833
A0A2N1A085,1,PS51257
A0A2N1A3U4,1,PF08329
A0A2N1A3U4,3,SM00495
A0A2N1A3U4,4,PF02839
A0A2N1A4X3,1,SM00495
A0A2N1A4X3,2,PF02839
A0A2N1C6N4,1,PF08329
A0A2N1C6N4,3,G3DSA:2.60.40.10
A0A2N1C6N4,4,G3DSA:2.60.40.10
A0A2N1C6N4,5,PF02839
A0A2N1C6N4,6,PF02839
A0A2N1C6R5,1,SM00495
A0A2N1C6R5,2,PF17957
A0A2N1C6R5,3,G3DSA:2.60.40.10
A0A2N1F8A7,2,PF17957
A0A2N1F8A7,3,PF17957
A0A2N1F8A7,4,PF02839
A0A2N1F8A7,5,PF17957
A0A2N1F8A7,6,SM00495
A0A2N1F9A1,1,PS51257
A0A2N1F9A1,3,PF02839
A0A2N1F9A1,4,PF17957
A0A2N1F9A1,5,SM00495
A0A2N1FCK5,1,SM00495
A0A2N1FCK5,3,PF17957
A0A2N1FCK5,4,PF17957
A0A2N1FCK5,5,PF17957
A0A2N1FCK5,6,SM00495
A0A2N1IEE0,1,SM00495
A0A2N1IEE0,2,PF17957
A0A2N1IEE0,3,G3DSA:2.60.40.10
A0A2N1IEJ5,1,PF08329
A0A2N1IEJ5,3,G3DSA:2.60.40.10
A0A2N1IEJ5,4,G3DSA:2.60.40.10
A0A2N1IEJ5,5,PF02839
A0A2N1IEJ5,6,PF02839
A0A2N1JIK6,2,SM00495
A0A2N1JIK6,3,PF02839
A0A2N1JV77,2,PF00041
A0A2N1JV77,3,PF00553
A0A2N1JZC5,1,PF01476
A0A2N1JZC5,2,PF01476
A0A2N1JZR0,3,PF00535
A0A2N1QA70,1,PS51257
A0A2N1VTR2,2,G3DSA:2.60.40.10
A0A2N2A9D7,1,PF01476
A0A2N2A9D7,2,PF08239
A0A2N2AWI4,1,PF01476
A0A2N2AWI4,2,PF01476
A0A2N2B0Q4,1,PF07833
A0A2N2B3U2,2,PF00395
A0A2N2B3U2,3,PF00395
A0A2N2B3U2,4,PF00395
A0A2N2BGD1,1,PF07833
A0A2N2C685,1,PF07833
A0A2N2C685,2,PF08239
A0A2N2CMU8,1,PF00041
A0A2N2CW25,1,PF01476
A0A2N2CW25,2,PF01476
A0A2N2CWC6,2,PF00395
A0A2N2CWC6,3,PF00395
A0A2N2CWC6,4,PF00395
A0A2N2D182,1,PF07833
A0A2N2D4E8,1,PF07833
A0A2N2DB06,1,PF07833
A0A2N2E1T2,1,PF07833
A0A2N2EG39,2,PF00395
A0A2N2EG39,3,PF00395
A0A2N2EG39,4,PF00395
A0A2N2EHC8,1,PF07833
A0A2N2EHC8,2,PF08239
A0A2N2EIP9,1,PF01476
A0A2N2EIP9,2,PF01476
A0A2N2N274,1,PS51257
A0A2N2P7B4,1,PS51257
A0A2N2VVS3,1,PS51257
A0A2N2ZE41,1,PS51257
A0A2N3ILY3,1,SM00495
A0A2N3ILY3,2,PF17957
A0A2N3ILY3,3,PF17957
A0A2N3ILY3,5,SM00495
A0A2N3IVN4,2,PF02839
A0A2N3IVN4,4,SM00495
A0A2N3J537,1,PF08329
A0A2N3J537,3,PF22352
A0A2N3J537,4,PF02839
A0A2N3J537,5,PF02839
A0A2N3J581,1,SM00495
A0A2N3J581,2,PF17957
A0A2N3J581,3,PF17957
A0A2N3J581,5,SM00495
A0A2N3J5B2,1,PF08329
A0A2N3J5B2,3,PF22352
A0A2N3J5B2,4,G3DSA:2.60.40.10
A0A2N3J5B2,5,PF02839
A0A2N3J5B2,6,PF02839
A0A2N3J5S1,1,PF08329
A0A2N3J5S1,3,PF22352
A0A2N3J5S1,5,PF02839
A0A2N3J5S1,6,PF02839
A0A2N3J5W8,1,PF08329
A0A2N3J5W8,3,PF22352
A0A2N3J5W8,4,G3DSA:2.60.40.10
A0A2N3J5W8,5,PF02839
A0A2N3J5W8,6,PF02839
A0A2N3J9K8,2,PF02839
A0A2N3J9K8,4,SM00495
A0A2N3K4K8,1,PF00553
A0A2N3K4K8,2,PF00041
A0A2N3LD19,1,PF01476
A0A2N3LD19,2,PF01476
A0A2N3LDX6,1,PF01476
A0A2N3LDX6,2,PF01476
A0A2N3LDX6,3,PF01476
A0A2N3LGD3,1,PF01476
A0A2N3LGD3,2,PF01476
A0A2N3LLG8,1,PF01476
A0A2N3LLG8,2,PF01476
A0A2N3LLG8,3,PF01476
A0A2N3LPB0,1,PF01476
A0A2N3LPB0,2,PF01476
A0A2N3RQE4,1,PS51257
A0A2N3T6Q8,2,PF17957
A0A2N3T6Q8,3,PF17957
A0A2N3T6Q8,4,PF02839
A0A2N3T6Q8,5,PF02839
A0A2N3T6Q8,6,PF17957
A0A2N3T718,1,PF00041
A0A2N3T718,2,PF17957
A0A2N3T718,3,PF17957
A0A2N3T718,4,SM00495
A0A2N3T718,5,PF17957
A0A2N3T723,1,SM00495
A0A2N3T723,3,PF17957
A0A2N3T723,4,PF17957
A0A2N3T723,5,PF02839
A0A2N3T723,6,PF02839
A0A2N3T726,2,PF17957
A0A2N3T726,3,PF17957
A0A2N3T726,4,PF02839
A0A2N3T726,5,PF17957
A0A2N3T726,6,SM00495
A0A2N3TDB7,1,PS51257
A0A2N3VQ58,2,PF02839
A0A2N3VR08,1,PF00553
A0A2N3VR08,2,PF00041
A0A2N3VSJ8,2,SM00495
A0A2N3VW65,3,PF02839
A0A2N3VWC3,1,PF00553
A0A2N3W111,1,PF02018
A0A2N3W111,2,PF00041
A0A2N3W238,1,PF00553
A0A2N3W238,2,PF00041
A0A2N3W310,1,PF02018
A0A2N3W310,2,PF00041
A0A2N3W5W0,2,PF02839
A0A2N3W9R4,1,PS51318
A0A2N3WBV2,1,PF02018
A0A2N3WHA0,1,PS51257
A0A2N3WP26,1,PS51318
A0A2N3WPL4,1,PS51318
A0A2N3WRP8,2,PF02839
A0A2N3WRP8,3,PF02839
A0A2N3WU40,2,G3DSA:2.60.40.10
A0A2N3WU40,3,PF02018
A0A2N4TSC2,1,PS51257
A0A2N4UMC9,2,PF02839
A0A2N4UMC9,4,SM00495
A0A2N4UP48,1,PF08329
A0A2N4UP48,3,PF22352
A0A2N4UP48,4,G3DSA:2.60.40.10
A0A2N4UP48,5,SM00495
A0A2N4UP48,6,PF02839
A0A2N5CSI5,3,PF00535
A0A2N5DP06,3,PF00535
A0A2N5DZ17,1,SM00495
A0A2N5DZ24,1,SM00495
A0A2N5E0E9,1,SM00495
A0A2N5E0E9,2,SM00495
A0A2N5E967,2,PF22352
A0A2N5E967,3,PF02839
A0A2N5EEY7,2,PF22352
A0A2N5EEY7,3,PF02839
A0A2N5EL11,1,SM00495
A0A2N5EL11,2,SM00495
A0A2N5EL11,3,SM00495
A0A2N5EPS1,1,SM00495
A0A2N5ERU6,2,PF22352
A0A2N5ERU6,3,PF02839
A0A2N5FAI6,1,PF01476
A0A2N5FAI6,2,PF01476
A0A2N5FCF5,1,PF01476
A0A2N5FCF5,2,PF01476
A0A2N5FNB1,1,PF01476
A0A2N5FNB1,2,PF01476
A0A2N5G153,1,PF07833
A0A2N5G155,1,PF01476
A0A2N5G155,2,PF01476
A0A2N5G7R5,1,PF01476
A0A2N5G7R5,2,PF01476
A0A2N5GD22,1,PF07833
A0A2N5GDY9,1,PF01476
A0A2N5GDY9,2,PF01476
A0A2N5GDY9,3,PF01476
A0A2N5GHE6,1,PF01476
A0A2N5GHE6,2,PF01476
A0A2N5GLA6,1,PF01476
A0A2N5GLA6,2,PF01476
A0A2N5GLS0,1,PF07833
A0A2N5GPA2,1,PF01476
A0A2N5GPA2,2,PF01476
A0A2N5GPA2,3,PF01476
A0A2N5GTG8,1,PF01476
A0A2N5GTG8,2,PF01476
A0A2N5GU47,1,PF01476
A0A2N5GU47,2,PF01476
A0A2N5GXZ6,1,PF07833
A0A2N5H9S1,1,PF01476
A0A2N5H9S1,2,PF01476
A0A2N5H9W5,1,PF01476
A0A2N5H9W5,2,PF01476
A0A2N5HA52,1,PS51257
A0A2N5HVK9,1,PF17957
A0A2N5HVK9,2,PF00041
A0A2N5HVK9,3,PF17957
A0A2N5HVK9,4,PF00041
A0A2N5HVK9,5,PF00041
A0A2N5I170,1,PF01476
A0A2N5I170,2,PF01476
A0A2N5I5H6,1,PF01476
A0A2N5I5H6,2,PF01476
A0A2N5M6K6,1,PF01476
A0A2N5M6K6,2,PF01476
A0A2N5MI67,1,PF01476
A0A2N5MI67,2,PF01476
A0A2N5MLL1,1,PF01476
A0A2N5MLL1,2,PF01476
A0A2N5N0S9,1,PF02839
A0A2N5N3J2,1,PF07833
A0A2N5N3J2,2,PF08239
A0A2N5N4C4,1,G3DSA:2.60.40.10
A0A2N5N4C4,2,G3DSA:2.60.40.10
A0A2N5N4C4,4,PF00395
A0A2N5N4C4,5,PF00395
A0A2N5N4C4,6,PF00395
A0A2N5N7C0,2,PF00041
A0A2N5N7C0,3,PF02839
A0A2N5N8T9,1,SM00495
A0A2N5NAW1,3,PF02839
A0A2N5NAW1,4,PF02839
A0A2N5NAZ7,2,PF02839
A0A2N5NAZ7,3,PF02839
A0A2N5ND83,1,PF07833
A0A2N5NHK6,1,PF01476
A0A2N5NKH7,1,PF08239
A0A2N5NSB3,1,PF08239
A0A2N5NUZ1,1,PF01476
A0A2N5P285,1,PF01476
A0A2N5P8I2,1,PF08239
A0A2N5P9U1,1,PF08239
A0A2N5PIA1,1,PF01476
A0A2N5PLW6,1,PF01476
A0A2N5PXD1,1,PF08239
A0A2N5Q2K7,1,PF01476
A0A2N5WC15,2,G3DSA:2.60.40.10
A0A2N5WC15,3,PF02839
A0A2N5WUT4,1,PS51318
A0A2N5WUT4,2,PF02018
A0A2N5WUT4,3,PF00041
A0A2N5WVM6,1,PF00553
A0A2N5WVM6,2,PF00041
A0A2N5X2W4,2,PF02839
A0A2N5YIS6,4,G3DSA:2.60.40.10
A0A2N5YIS6,5,G3DSA:2.60.40.10
A0A2N5YIS6,6,G3DSA:2.60.40.10
A0A2N6IP85,1,PF02839
A0A2N6PVF9,1,PS51318
A0A2N7BKZ1,4,SM00495
A0A2N7BPL5,1,PS51257
A0A2N7BPL5,2,PF02839
A0A2N7BPL5,3,PF17957
A0A2N7BPL5,4,PF17957
A0A2N7C6B8,1,G3DSA:2.60.40.10
A0A2N7C6B8,2,PF17957
A0A2N7C6B8,3,PF17957
A0A2N7C6B8,4,PF17957
A0A2N7CBN8,1,PF08329
A0A2N7CBN8,3,PF22352
A0A2N7CBN8,5,PF02839
A0A2N7CDY5,1,PS51257
A0A2N7CDY5,2,PF02839
A0A2N7CDY5,3,PF17957
A0A2N7CDY5,4,PF17957
A0A2N7CJR6,2,PF02839
A0A2N7CJR6,4,SM00495
A0A2N7D1I3,1,PF08329
A0A2N7D1I3,3,PF22352
A0A2N7D1I3,5,PF02839
A0A2N7DBA2,1,PS51257
A0A2N7DBA2,3,PF02839
A0A2N7DCD0,1,SM00495
A0A2N7DCD0,2,PF17957
A0A2N7DCD0,3,PF17957
A0A2N7DCD0,4,SM00495
A0A2N7DCD0,5,PF17957
A0A2N7DCD0,6,PF17957
A0A2N7DHP2,1,PF08329
A0A2N7DHP2,3,PF22352
A0A2N7DHP2,4,G3DSA:2.60.40.10
A0A2N7DHP2,5,PF02839
A0A2N7DHP2,6,PF02839
A0A2N7EK32,2,PF02839
A0A2N7EK32,4,SM00495
A0A2N7FDS7,1,PF08329
A0A2N7FDS7,3,PF22352
A0A2N7FDS7,5,PF02839
A0A2N7FGG7,1,PS51257
A0A2N7FGG7,2,PF02839
A0A2N7FGG7,3,PF17957
A0A2N7FGG7,4,PF17957
A0A2N7FLW5,2,PF02839
A0A2N7FLW5,4,SM00495
A0A2N7GBT0,1,PF08329
A0A2N7GBT0,3,PF22352
A0A2N7GBT0,5,PF02839
A0A2N7GGB3,1,PS51257
A0A2N7GGB3,2,PF02839
A0A2N7GGB3,3,PF17957
A0A2N7GGB3,4,PF17957
A0A2N7GGB3,6,SM00495
A0A2N7HT96,1,PS51257
A0A2N7HT96,2,PF02839
A0A2N7HT96,3,PF17957
A0A2N7HT96,4,PF17957
A0A2N7HV47,1,G3DSA:2.60.40.10
A0A2N7HV47,2,PF17957
A0A2N7HV47,3,PF17957
A0A2N7HV47,4,PF17957
A0A2N7I7B6,1,PF08329
A0A2N7I7B6,3,PF22352
A0A2N7I7B6,5,PF02839
A0A2N7I933,1,PS51257
A0A2N7I933,2,PF02839
A0A2N7I933,3,PF17957
A0A2N7I933,4,PF17957
A0A2N7IHD8,1,PF08329
A0A2N7IHD8,3,PF22352
A0A2N7IHD8,5,PF02839
A0A2N7IJZ0,2,PF02839
A0A2N7IJZ0,4,SM00495
A0A2N7JJ78,1,PF08329
A0A2N7JJ78,3,PF22352
A0A2N7JJ78,5,PF02839
A0A2N7JLE1,1,PS51257
A0A2N7JLE1,2,PF02839
A0A2N7JLE1,3,PF17957
A0A2N7JLE1,4,PF17957
A0A2N7JRW3,2,PF02839
A0A2N7JRW3,4,SM00495
A0A2N7JYU8,1,PF08329
A0A2N7JYU8,3,PF22352
A0A2N7JYU8,5,PF02839
A0A2N7K4F6,1,PS51257
A0A2N7K4F6,2,PF02839
A0A2N7K4F6,3,PF17957
A0A2N7K4F6,4,PF17957
A0A2N7L992,1,PF08329
A0A2N7L992,3,PF22352
A0A2N7L992,4,G3DSA:2.60.40.10
A0A2N7L992,5,PF02839
A0A2N7LDU1,1,PF02839
A0A2N7LDU1,2,PF17957
A0A2N7LDU1,3,PF17957
A0A2N7LDU1,4,SM00495
A0A2N7LDU1,5,PF17957
A0A2N7LDU1,6,PF17957
A0A2N7LFL3,1,PS51257
A0A2N7LFL3,2,SM00495
A0A2N7LFL3,3,PF17957
A0A2N7LFL3,4,PF17957
A0A2N7LG23,2,PF02839
A0A2N7LG23,4,SM00495
A0A2N7LGM6,2,G3DSA:2.60.40.10
A0A2N7LGM6,3,PF02839
A0A2N7LGM6,4,PF02839
A0A2N7N426,1,PF02839
A0A2N7N426,2,PF17957
A0A2N7N426,3,PF17957
A0A2N7N426,4,SM00495
A0A2N7N426,5,PF17957
A0A2N7N426,6,PF17957
A0A2N7N460,2,PF22352
A0A2N7N460,3,G3DSA:2.60.40.10
A0A2N7N460,4,PF22352
A0A2N7N460,6,SM00495
A0A2N7N5S7,1,PF08329
A0A2N7N5S7,3,PF22352
A0A2N7N5S7,5,PF02839
A0A2N7N887,1,G3DSA:2.60.40.10
A0A2N7N887,2,PF17957
A0A2N7N887,3,PF17957
A0A2N7N887,4,PF17957
A0A2N7N8E2,1,PS51257
A0A2N7N8E2,2,PF02839
A0A2N7N8E2,3,PF17957
A0A2N7N8E2,4,PF17957
A0A2N7ND49,1,PS51257
A0A2N7ND49,2,PF02839
A0A2N7ND49,3,PF17957
A0A2N7ND49,4,PF17957
A0A2N7NKR3,1,PF08329
A0A2N7NKR3,3,PF22352
A0A2N7NKR3,5,PF02839
A0A2N7PXG4,1,PS51257
A0A2N7QPI9,1,PS51257
A0A2N7QPI9,2,PF02839
A0A2N7QPI9,3,PF02839
A0A2N7REM2,1,PS51257
A0A2N7REM2,2,PF02839
A0A2N7VZE1,2,PF02839
A0A2N7VZE1,3,PF02839
A0A2N8BU70,2,PF00041
A0A2N8BU70,3,PF02839
A0A2N8HH52,1,PS51257
A0A2N8KWP8,1,SM00495
A0A2N8KWP8,4,PF17957
A0A2N8KWQ3,1,SM00495
A0A2N8KWQ3,2,PF00041
A0A2N8KXU7,1,PS51257
A0A2N8MHA3,1,PF02018
A0A2N8MIE6,1,PS51318
A0A2N8MJ60,2,PF02839
A0A2N8MLT2,1,PF00553
A0A2N8MLT2,2,PF00041
A0A2N8MNN1,1,PS51318
A0A2N8N2J9,1,PF00553
A0A2N8N2N6,1,PF02018
A0A2N8N2N6,2,PF00041
A0A2N8NP56,1,PF02018
A0A2N8NP56,2,PF00041
A0A2N8NRT0,1,PF00553
A0A2N8NRT0,2,PF00041
A0A2N8NYU9,2,PF02839
A0A2N8PFK3,1,PS51318
A0A2N8PIV9,1,PS51318
A0A2N8PIV9,3,PF02839
A0A2N8PN35,1,PS51318
A0A2N8TUZ9,1,PF00553
A0A2N8TUZ9,2,PF00041
A0A2N8ZBB0,1,PF08329
A0A2N8ZBB0,3,PF22352
A0A2N8ZBB0,5,PF02839
A0A2N8ZC50,1,SM00495
A0A2N8ZC50,2,PF17957
A0A2N8ZC50,3,PF17957
A0A2N8ZC50,4,SM00495
A0A2N8ZC50,5,PF17957
A0A2N8ZC50,6,PF17957
A0A2N8ZKK4,1,PF17957
A0A2N9B6P3,1,PF00553
A0A2N9B6P3,2,PF00041
A0A2N9B7X2,1,PS51318
A0A2N9B7X2,2,PF02018
A0A2N9B7X2,3,PF00041
A0A2N9QRQ0,3,PF00535
A0A2N9YY51,1,PF07833
A0A2N9Z3X8,1,PF00395
A0A2N9Z3X8,2,PF00395
A0A2N9Z3X8,3,PF00395
A0A2P0ZI64,2,PF00041
A0A2P0ZI64,3,PF02839
A0A2P1TG24,2,PF02839
A0A2P1TG24,3,PF02839
A0A2P2FGN5,1,PF02018
A0A2P2FHE2,1,PS51318
A0A2P2FLF5,2,PF02839
A0A2P2FPG4,1,PF02018
A0A2P2FPG4,2,PF00041
A0A2P2FPG8,1,PF00553
A0A2P2FTZ5,1,PS51318
A0A2P2FZY8,1,PF00553
A0A2P2FZY8,2,PF00041
A0A2P2GFH1,1,PF00553
A0A2P2GHI9,2,PF02839
A0A2P2GJ74,1,PF02018
A0A2P2GJ74,2,PF00041
A0A2P2GL13,1,PF00553
A0A2P2GL13,2,PF00041
A0A2P2GPQ0,1,PS51318
A0A2P2GPQ0,3,PF02839
A0A2P2GQN4,2,PF02839
A0A2P2GVD2,1,PF00553
A0A2P2GVD2,2,PF00041
A0A2P2GWG9,1,PF02018
A0A2P2GWG9,2,PF00041
A0A2P5GIZ4,2,G3DSA:2.60.40.10
A0A2P5GJA1,2,G3DSA:2.60.40.10
A0A2P5KC39,2,PF02839
A0A2P5Z369,1,PS51257
A0A2P5Z8U1,1,SM00495
A0A2P5Z8U1,2,PF17957
A0A2P5Z8U1,3,PF00041
A0A2P7TGB3,4,G3DSA:2.60.40.10
A0A2P7TGB3,6,G3DSA:2.60.40.10
A0A2P7TGB3,7,PF00041
A0A2P7TMB0,4,G3DSA:2.60.40.10
A0A2P7TMB0,6,PF00041
A0A2P7TMB0,7,PF00041
A0A2P7UKT4,1,PF02839
A0A2P7UKT4,2,PF00041
A0A2P7UWD0,1,PF01476
A0A2P7UWD0,2,PF01476
A0A2P7VCJ8,3,PF00041
A0A2P7VCJ8,4,PF02839
A0A2P7VEF5,1,PF07833
A0A2P7VEF5,2,PF08239
A0A2P7VKB2,1,PF00395
A0A2P7VKB2,2,PF00395
A0A2P7VKB2,3,PF00395
A0A2P8AP29,1,PF02839
A0A2P8AQ73,1,PF00553
A0A2P8AQ73,2,PF00041
A0A2P8AXA4,1,PF00553
A0A2P8CMT8,1,PF00553
A0A2P8DZ94,2,PF02839
A0A2P8DZ94,3,PF02839
A0A2P8FRZ5,1,PS51257
A0A2P8G9L7,2,PF17957
A0A2P8G9L7,4,PF17957
A0A2P8G9L7,5,PF02839
A0A2P8G9L7,6,PF17957
A0A2P8G9L7,7,SM00495
A0A2P8GAJ3,2,PF17957
A0A2P8GAJ3,3,PF02839
A0A2P8GAJ3,4,PF17957
A0A2P8GAJ3,5,SM00495
A0A2P8HFD7,2,PF17957
A0A2P8HFD7,4,PF17957
A0A2P8HFD7,5,PF17957
A0A2P8HFD7,6,PF02839
A0A2P8HFD7,7,PF17957
A0A2P8HFD7,8,PF02839
A0A2P8HKG0,1,PS51257
A0A2P8HPE0,1,PS51257
A0A2P8HZV7,1,PS51318
A0A2P8I7X5,1,PS51318
A0A2P8I983,1,PF00553
A0A2P8I983,2,PF00041
A0A2P8IBY0,1,PF00553
A0A2P8IDT9,1,PF02018
A0A2P8IHI8,3,PF02839
A0A2P8IJB0,1,PF00553
A0A2P8MAN9,1,PF00041
A0A2P8MHB3,1,PF01476
A0A2P8MHB3,2,PF01476
A0A2P8PV92,1,PS51318
A0A2P8PV92,2,PF02018
A0A2P8PV92,3,PF00041
A0A2P8PWE6,1,PF00553
A0A2P8PWE6,2,PF00041
A0A2P8PZJ3,1,PS51318
A0A2P8PZJ3,2,PF02018
A0A2P8PZJ3,3,PF00041
A0A2P8Q862,1,PS51318
A0A2P8QC18,1,PF00553
A0A2P8VH24,2,G3DSA:2.60.40.10
A0A2P9F305,1,PF02018
A0A2P9F305,2,PF00041
A0A2P9FDG2,1,PF00553
A0A2P9FDG2,2,PF00041
A0A2R2IX04,1,PF02839
A0A2R2IYM3,1,PF02839
A0A2R2W5H0,1,PS51257
A0A2R3IU73,2,PF00041
A0A2R3IU73,3,PF02839
A0A2R3MWN6,1,PF07833
A0A2R3MWW9,1,PF00395
A0A2R3MWW9,3,PF00395
A0A2R3P7D7,1,PS51257
A0A2R4CAI1,1,PS51257
A0A2R4CAI1,2,PF02839
A0A2R4DE76,2,G3DSA:2.60.40.10
A0A2R4FPK6,1,PF00553
A0A2R4FV18,1,PF00553
A0A2R4JFX5,1,PF00553
A0A2R4JFX5,2,PF00041
A0A2R4T256,1,PS51318
A0A2R4T256,3,PF02839
A0A2R4TET6,1,PS51318
A0A2R4TET7,1,PF02018
A0A2R4TET7,2,PF00041
A0A2R4TEV8,1,PF00553
A0A2R4TEV8,2,PF00041
A0A2R4TEY9,1,PF02018
A0A2R4TEY9,2,PF00041
A0A2R5EIP4,1,PF00395
A0A2R5EIP4,2,PF00395
A0A2R5EIP4,3,PF00395
A0A2R5EUY6,1,PF00395
A0A2R5EUY6,2,PF00395
A0A2R5F2R2,1,PF01476
A0A2R5F2R2,2,PF01476
A0A2R5F4P8,1,PF07833
A0A2R5F4P8,2,PF08239
A0A2R6XXY0,1,PF01476
A0A2R6XXY0,2,PF01476
A0A2R6XXY0,3,PF01476
A0A2R6XY06,1,PF01476
A0A2R6XY06,2,PF01476
A0A2R7KHC4,3,PF00535
A0A2R7KXX1,1,PS51257
A0A2R7L4J8,3,PF00535
A0A2R7NZ18,3,PF00535
A0A2R7P6K4,3,PF00041
A0A2R7P6Q3,2,PF00041
A0A2R7QR08,1,SM00495
A0A2R7QR08,2,PF17957
A0A2R7QR08,3,PF00041
A0A2R7Z3Q4,1,PF02839
A0A2R9SM34,2,PF02839
A0A2R9SMA4,1,G3DSA:2.60.40.10
A0A2R9SMA4,2,G3DSA:2.60.40.10
A0A2R9SMA4,4,PF00041
A0A2R9SMA4,5,PF00395
A0A2R9SMA4,6,PF00395
A0A2R9SMA4,7,PF00395
A0A2R9SMA5,1,PF07833
A0A2R9SR49,1,PF07833
A0A2R9SRD9,1,PF00395
A0A2R9SRD9,2,PF00395
A0A2R9SRD9,3,PF00395
A0A2R9STZ6,1,PF02839
A0A2R9STZ6,2,PF00041
A0A2R9SUU9,2,PF00041
A0A2R9SUU9,3,PF02839
A0A2S0JKJ2,1,PF01476
A0A2S0JKJ2,2,PF01476
A0A2S0JKJ2,3,PF01476
A0A2S0JQV6,1,PS51257
A0A2S0JSU9,1,PF01476
A0A2S0JSU9,2,PF01476
A0A2S0JY26,1,PF01476
A0A2S0JY26,2,PF01476
A0A2S0JY26,3,PF01476
A0A2S0K6G8,1,PF01476
A0A2S0K6G8,2,PF01476
A0A2S0KPP8,2,PF02018
A0A2S0LJL8,1,PS51257
A0A2S0U507,1,PF07833
A0A2S0U6Y9,1,PF00395
A0A2S0U6Y9,2,PF00395
A0A2S0U6Y9,3,PF00395
A0A2S0UDQ5,1,PF07833
A0A2S0WN51,1,PS51318
A0A2S1B7B4,1,PF08329
A0A2S1B7B4,3,PF22352
A0A2S1B7B4,4,G3DSA:2.60.40.10
A0A2S1B7B4,5,PF02839
A0A2S1H0Z1,1,PF01476
A0A2S1H0Z1,2,PF01476
A0A2S1MFK7,1,PS51257
A0A2S1MFK7,2,PF02839
A0A2S1MFK7,3,PF17957
A0A2S1MFK7,4,PF17957
A0A2S1SWE5,1,PF02018
A0A2S1SWE5,2,PF00041
A0A2S1SX44,1,PF00553
A0A2S1SX44,2,PF00041
A0A2S2E7B9,1,PF08329
A0A2S2E7B9,3,PF22352
A0A2S2E7B9,4,PF22352
A0A2S2E7B9,5,G3DSA:2.60.40.10
A0A2S2E7B9,6,PF02839
A0A2S2E7B9,7,PF02839
A0A2S2G242,1,PS51318
A0A2S2GAT2,1,PF02018
A0A2S2GAT2,2,PF00041
A0A2S2GBH4,1,PF00553
A0A2S2GBH4,2,PF00041
A0A2S2GC95,1,PF02018
A0A2S2GC95,2,PF00041
A0A2S2GFN8,2,PF02839
A0A2S2GH27,1,PS51318
A0A2S3QBP8,1,PS51257
A0A2S3QV57,1,PF17957
A0A2S3QV57,2,PF17957
A0A2S3QV57,3,PF17957
A0A2S3QV57,4,PF17957
A0A2S3QWE2,1,SM00495
A0A2S3QWE2,2,PF17957
A0A2S3QWE2,3,PF17957
A0A2S3QWE2,4,SM00495
A0A2S3QWE2,5,PF17957
A0A2S3QWE2,6,PF17957
A0A2S3QXX3,1,PF08329
A0A2S3QXX3,3,PF22352
A0A2S3QXX3,6,PF02839
A0A2S3R3I6,1,PS51257
A0A2S3R3I6,2,PF02839
A0A2S3R3I6,3,PF17957
A0A2S3R3I6,4,PF17957
A0A2S3R3I6,7,SM00495
A0A2S3XN69,1,PF08329
A0A2S3XN69,3,PF22352
A0A2S3XN69,4,G3DSA:2.60.40.10
A0A2S3XN69,5,PF02839
A0A2S3XN69,6,PF02839
A0A2S3XX28,1,PS51318
A0A2S3XX28,3,PF02839
A0A2S3Y293,1,PF02018
A0A2S3Y293,2,PF00041
A0A2S3Y7W2,1,PF00553
A0A2S3Y7W2,2,PF00041
A0A2S3Y9Z8,1,PS51318
A0A2S3Y9Z8,2,PF00553
A0A2S3Y9Z8,3,PF00041
A0A2S3YAU7,1,PF02018
A0A2S3YAU7,2,PF00041
A0A2S4RS87,1,SM00495
A0A2S4RS87,2,SM00495
A0A2S4RS87,3,SM00495
A0A2S4XI65,1,PS51318
A0A2S4Y050,1,PS51318
A0A2S4Y050,2,PF02018
A0A2S4Y050,3,PF00041
A0A2S4Y0L0,1,PS51318
A0A2S4Y0L0,3,G3DSA:2.60.40.10
A0A2S4Y0L0,4,PF02839
A0A2S4Y9K8,1,PS51318
A0A2S4Y9K8,2,PF02018
A0A2S4Y9K8,3,PF00041
A0A2S4YCZ9,1,PF00553
A0A2S4YRH1,1,PF02018
A0A2S4YRH1,2,PF00041
A0A2S4YTB5,1,PS51318
A0A2S4YTB5,2,PF02018
A0A2S4YTB5,3,PF00041
A0A2S4YV58,1,PF00553
A0A2S4YV58,2,PF00041
A0A2S4YVN0,1,PS51318
A0A2S4YVN0,2,PF02018
A0A2S4YVN0,3,PF00041
A0A2S4Z2R2,1,PF02018
A0A2S4Z2R2,2,PF00041
A0A2S4Z435,2,SM00495
A0A2S4Z4H3,1,PF00553
A0A2S4Z790,1,PF00553
A0A2S4Z790,2,PF00041
A0A2S4ZAR0,1,PS51318
A0A2S4ZAR0,2,PF02018
A0A2S4ZAR0,3,PF00041
A0A2S4ZFJ9,1,PF02018
A0A2S4ZFJ9,2,PF00041
A0A2S4ZMF1,1,PF00553
A0A2S4ZMF1,2,PF00041
A0A2S4ZRC5,1,PF02018
A0A2S4ZRC5,2,PF00041
A0A2S4ZUZ6,1,PF00553
A0A2S5A1F1,3,PF00535
A0A2S5A5X8,1,PS51257
A0A2S5A5X8,2,G3DSA:2.60.40.10
A0A2S5A604,1,PS51257
A0A2S5CTS1,1,PF01476
A0A2S5CTS1,2,PF01476
A0A2S5CWE7,1,PS51257
A0A2S5CX37,1,PF01476
A0A2S5CX37,2,PF01476
A0A2S5CX37,3,PF01476
A0A2S5D2N0,2,PF00395
A0A2S5D2N0,3,PF00395
A0A2S5D2N0,4,PF00395
A0A2S5DFU6,1,PF02839
A0A2S5DFZ8,2,PF02839
A0A2S5DFZ8,3,PF02839
A0A2S5DJM0,1,PF02839
A0A2S5DKE1,1,PS51257
A0A2S5DKE1,2,PF02839
A0A2S5DS95,1,PF08329
A0A2S5DS95,3,PF22352
A0A2S5G668,1,PF01476
A0A2S5G668,2,PF01476
A0A2S5J262,1,PS51257
A0A2S5J262,3,PF02839
A0A2S6FZK5,1,PF01476
A0A2S6FZK5,2,PF01476
A0A2S6GF27,1,PF02839
A0A2S6GGC6,1,PF02018
A0A2S6GJH7,1,PF00553
A0A2S6GJH7,2,PF00041
A0A2S6GM90,2,PF02839
A0A2S6GT49,1,PF02018
A0A2S6GT49,2,PF00041
A0A2S6GVD9,2,PF02018
A0A2S6H006,1,PF00553
A0A2S6H105,1,PS51318
A0A2S6H105,2,PF02018
A0A2S6H105,3,PF00041
A0A2S6HMA0,1,PF01476
A0A2S6HMA0,2,PF01476
A0A2S6HXW1,1,PF00041
A0A2S6HY21,1,PF01476
A0A2S6PTP0,1,PF02018
A0A2S6PTP0,2,PF00041
A0A2S6PUI4,1,PF00553
A0A2S6PUI4,2,PF00041
A0A2S6PVD5,1,PF02018
A0A2S6PVD5,2,PF00041
A0A2S6WEN9,1,PF00553
A0A2S6WEN9,2,PF00041
A0A2S6WYK0,1,PS51318
A0A2S6WYK0,2,PF02018
A0A2S6WYK0,3,PF00041
A0A2S6X5M5,2,SM00495
A0A2S6X8D5,1,PF02018
A0A2S6X8D5,2,PF00041
A0A2S6X9S2,1,PS51318
A0A2S6X9S2,2,PF02018
A0A2S6X9S2,3,PF00041
A0A2S6XCC9,1,PF00553
A0A2S6XCC9,2,PF00041
A0A2S6XDP6,1,PS51318
A0A2S6XDP6,3,PF02839
A0A2S7AGU0,1,PS51257
A0A2S7BZL4,1,PS51257
A0A2S7D0N6,1,PS51257
A0A2S7F4P5,1,PS51257
A0A2S7N1W0,1,PF01476
A0A2S7N1W0,2,PF01476
A0A2S7N1W0,3,PF01476
A0A2S7N343,1,PF01476
A0A2S7N343,2,PF01476
A0A2S7RTW7,3,PF00041
A0A2S7RTW7,4,PF02839
A0A2S7RU10,3,PF00041
A0A2S7RU10,4,PF02839
A0A2S7RZR2,1,PS51257
A0A2S7RZR2,3,PF00041
A0A2S7RZR2,4,PF02839
A0A2S7VEJ6,2,PF02839
A0A2S7VEJ6,4,SM00495
A0A2S7VI79,1,PF08329
A0A2S7VI79,3,PF22352
A0A2S7VI79,4,G3DSA:2.60.40.10
A0A2S7VI79,5,PF02839
A0A2S7VI79,6,SM00495
A0A2S7VI96,2,PF02839
A0A2S7VI96,4,SM00495
A0A2S7VIF8,1,PF08329
A0A2S7VIF8,3,PF22352
A0A2S7VIF8,4,G3DSA:2.60.40.10
A0A2S7VIF8,5,PF02839
A0A2S7VIS8,2,G3DSA:2.60.40.10
A0A2S7VIS8,3,G3DSA:2.60.40.10
A0A2S7VL86,2,PF02839
A0A2S7VL86,3,PF02839
A0A2S7VP03,1,G3DSA:2.60.40.10
A0A2S7VP03,2,PF17957
A0A2S7VP03,3,PF17957
A0A2S7VP03,4,PF17957
A0A2S7VPW4,1,PS51257
A0A2S7VPW4,2,PF02839
A0A2S7VPW4,3,PF17957
A0A2S7VPW4,4,PF17957
A0A2S7VR76,1,PF08329
A0A2S7VR76,3,PF22352
A0A2S7VR76,5,PF02839
A0A2S7VX12,1,SM00495
A0A2S7VX12,2,PF17957
A0A2S7VX12,3,PF17957
A0A2S7VX12,4,SM00495
A0A2S7VX12,5,PF17957
A0A2S7VX12,6,PF17957
A0A2S7VX15,1,PS51257
A0A2S7VX15,2,SM00495
A0A2S7VX15,3,PF17957
A0A2S7VX15,4,PF17957
A0A2S7VXE8,1,PS51257
A0A2S7XAZ5,1,SM00495
A0A2S7XAZ5,2,PF17957
A0A2S7XAZ5,3,PF17957
A0A2S7XAZ5,4,SM00495
A0A2S7XAZ5,5,PF17957
A0A2S7XAZ5,6,PF17957
A0A2S7XBW7,1,SM00495
A0A2S7XBW7,2,PF17957
A0A2S7XBW7,3,PF17957
A0A2S7XDP5,1,PF08329
A0A2S7XDP5,3,PF22352
A0A2S7XDP5,5,PF02839
A0A2S7XHZ1,1,PF08329
A0A2S7XHZ1,3,PF22352
A0A2S7XHZ1,5,PF02839
A0A2S7XIW4,1,PF08329
A0A2S7XIW4,3,PF22352
A0A2S7XIW4,4,G3DSA:2.60.40.10
A0A2S7XIW4,5,SM00495
A0A2S7XIW4,6,SM00495
A0A2S7XK15,1,SM00495
A0A2S7XK15,2,PF17957
A0A2S7XK15,3,PF17957
A0A2S7XK82,1,SM00495
A0A2S7XK82,2,PF17957
A0A2S7XK82,3,PF17957
A0A2S7XK82,4,SM00495
A0A2S7XK82,5,PF17957
A0A2S7XK82,6,PF17957
A0A2S7XKY8,4,PF02839
A0A2S7XKY8,6,SM00495
A0A2S8JLK6,1,SM00495
A0A2S8JLK6,2,SM00495
A0A2S8JLK6,3,SM00495
A0A2S8JLK6,4,SM00495
A0A2S8JLK6,5,SM00495
A0A2S8JLK6,6,PF02839
A0A2S8JLK6,7,SM00495
A0A2S8KJ83,6,PF00553
A0A2S8KJ83,8,PF00553
A0A2S8NY01,1,PF00395
A0A2S8NY01,2,PF00395
A0A2S8NY01,3,PF00395
A0A2S8P9M4,1,PF07833
A0A2S8PG34,1,PF07833
A0A2S8PPL4,1,PF00395
A0A2S8PPL4,2,PF00395
A0A2S8PPL4,3,PF00395
A0A2S8Q281,2,PF02839
A0A2S8Q323,2,PF02839
A0A2S8R871,1,PF07833
A0A2S8R9A4,1,PF01476
A0A2S8R9A4,4,PF07833
A0A2S8REC9,1,PF00395
A0A2S8REC9,2,PF00395
A0A2S8REC9,3,PF00395
A0A2S8UAB8,3,PF00535
A0A2S8USW9,1,PF01476
A0A2S8USW9,2,PF01476
A0A2S8VIF3,1,PF01476
A0A2S8VIF3,2,PF01476
A0A2S8VSJ7,3,PF00535
A0A2S8VTG7,2,PF00041
A0A2S8VTG7,3,PF00553
A0A2S8WYJ1,1,PF07833
A0A2S8X3J0,2,PF00041
A0A2S8X3J0,3,PF02839
A0A2S8X3P2,1,PF02839
A0A2S8X3P2,2,PF00041
A0A2S8X7X0,1,PF07833
A0A2S8XDC0,1,PF00395
A0A2S8XDC0,2,PF00395
A0A2S8XDC0,3,PF00395
A0A2S8ZJA8,3,PF00535
A0A2S8ZZX1,2,PF00041
A0A2S8ZZY1,3,PF00041
A0A2S9CMQ2,3,PF00535
A0A2S9CSE4,3,PF00041
A0A2S9CSE8,2,PF00041
A0A2S9DKV7,2,PF02839
A0A2S9DKV7,3,PF02839
A0A2S9HJD7,3,PF00535
A0A2S9HTP2,2,PF00041
A0A2S9HTP2,3,PF00553
A0A2S9HYN5,1,PF01476
A0A2S9HYN5,2,PF01476
A0A2S9PPR3,1,PF02018
A0A2S9PPR3,2,PF00041
A0A2S9PQK1,1,PF00553
A0A2S9PQK1,2,PF00041
A0A2S9PQM7,1,PF00041
A0A2S9PU28,1,PS51318
A0A2S9PWU0,1,PS51318
A0A2S9X021,1,PF02839
A0A2S9X2J6,1,PF02839
A0A2S9X3Y9,1,PS51257
A0A2S9X3Y9,2,PF02839
A0A2S9X7F2,2,PF02839
A0A2S9X7F2,3,PF02839
A0A2T0AUY8,1,PF07833
A0A2T0AZA0,1,PF01476
A0A2T0AZA0,2,PF01476
A0A2T0B408,1,PF01476
A0A2T0B408,2,PF01476
A0A2T0B408,3,PF01476
A0A2T0B5E3,1,PF01476
A0A2T0B5E3,2,PF01476
A0A2T0BBV7,1,PF01476
A0A2T0BBV7,2,PF01476
A0A2T0BNN4,1,PF01476
A0A2T0KB56,1,PS51257
A0A2T0KB56,2,SM00495
A0A2T0KB58,1,PS51257
A0A2T0KB58,2,PF02839
A0A2T0KBP6,1,PS51257
A0A2T0KBP6,2,SM00495
A0A2T0KC03,1,PS51257
A0A2T0KC03,2,PF02839
A0A2T0KEB5,2,SM00495
A0A2T0KEB5,3,SM00495
A0A2T0KGN2,2,PF02839
A0A2T0KGN2,3,PF02839
A0A2T0KJS1,1,PS51257
A0A2T0KJS1,2,PF02839
A0A2T0LAV8,1,PS51257
A0A2T0M4S1,1,PF00553
A0A2T0M4S1,2,PF00041
A0A2T0M4V2,1,PF02018
A0A2T0M4V2,2,PF00041
A0A2T0M500,1,PF02839
A0A2T0M500,2,PF00041
A0A2T0N9Q6,1,PF02839
A0A2T0N9Q6,2,PF00041
A0A2T0Q9C1,1,PF00553
A0A2T0Q9C1,2,PF00041
A0A2T0QA00,1,PF02018
A0A2T0QA00,2,PF00041
A0A2T0QCP9,1,PS51318
A0A2T0REB6,1,PS51318
A0A2T0S6E8,1,PF00553
A0A2T0S887,1,PS51257
A0A2T0S9Q4,1,PS51257
A0A2T0S9Q4,2,SM00495
A0A2T0SDF3,1,PS51257
A0A2T0SDF3,2,SM00495
A0A2T0SDF6,1,PS51257
A0A2T0SDF6,2,SM00495
A0A2T0SDG4,1,SM00495
A0A2T0SJ27,1,PF02839
A0A2T0SRX8,1,PS51318
A0A2T0SRX8,2,PF02018
A0A2T0SVP8,1,PF00553
A0A2T0T0I3,3,PF00535
A0A2T0T9S5,2,SM00495
A0A2T0TC75,1,PF00553
A0A2T0TC75,2,PF00553
A0A2T0TC75,3,PF00041
A0A2T0TE62,1,PF00553
A0A2T0TE62,2,PF00041
A0A2T0TEA6,1,PF00553
A0A2T0UAF2,1,PF02839
A0A2T0URM3,1,PF02839
A0A2T0WP89,1,PS51257
A0A2T0XVF8,1,PS51318
A0A2T0XVF8,3,PF02839
A0A2T0XVF8,4,PF02839
A0A2T0Y4Q6,2,PF02839
A0A2T0Y585,1,PF02839
A0A2T0Y585,3,PF02839
A0A2T0YKH8,2,PF02839
A0A2T2V9Y2,1,PS51257
A0A2T2VTL4,1,PS51257
A0A2T2WF21,1,G3DSA:2.60.40.10
A0A2T2WNE9,1,PS51257
A0A2T2WWT7,1,PS51257
A0A2T2X5W2,1,PS51257
A0A2T2X736,1,PS51257
A0A2T2XIX0,1,PS51318
A0A2T2XJK9,1,PS51257
A0A2T3FKA1,1,PF08239
A0A2T3HJR1,1,PS51257
A0A2T3HJU9,1,PS51257
A0A2T3HRS9,1,PS51257
A0A2T3HTU7,1,PS51257
A0A2T3HTU7,2,SM00495
A0A2T3HTU7,3,PF17957
A0A2T3HTU7,4,PF17957
A0A2T3HUE0,2,PF02839
A0A2T3HUE0,4,SM00495
A0A2T3HZR1,3,G3DSA:2.60.40.10
A0A2T3HZR1,4,PF02839
A0A2T3HZR1,5,PF02839
A0A2T3IKA9,3,PF02839
A0A2T3ILP5,2,PF02839
A0A2T3ILP5,4,SM00495
A0A2T3IMD4,1,PS51257
A0A2T3IMD4,2,PF02839
A0A2T3IMD4,3,PF17957
A0A2T3IMD4,4,PF17957
A0A2T3IQQ4,2,G3DSA:2.60.40.10
A0A2T3IQQ4,3,G3DSA:2.60.40.10
A0A2T3IQQ4,4,PF02839
A0A2T3IQQ4,5,PF02839
A0A2T3IZU3,1,SM00495
A0A2T3IZU3,2,PF17957
A0A2T3IZU3,3,PF17957
A0A2T3J396,2,PF02839
A0A2T3J396,3,PF02839
A0A2T3J636,3,PF02839
A0A2T3J8X3,2,PF02839
A0A2T3J8X3,3,PF02839
A0A2T3JK33,1,PS51257
A0A2T3JK33,2,SM00495
A0A2T3JK33,3,PF17957
A0A2T3JK33,4,PF17957
A0A2T3JK58,1,SM00495
A0A2T3JK58,2,PF17957
A0A2T3JK58,3,PF17957
A0A2T3JK58,4,SM00495
A0A2T3JK58,5,PF17957
A0A2T3JK58,6,PF17957
A0A2T3JKY0,2,G3DSA:2.60.40.10
A0A2T3JKY0,3,PF02839
A0A2T3JKY0,4,PF02839
A0A2T3JQH1,2,PF02839
A0A2T3JQH1,4,SM00495
A0A2T3JV06,1,PF08329
A0A2T3JV06,3,PF22352
A0A2T3JV06,4,G3DSA:2.60.40.10
A0A2T3JV06,5,SM00495
A0A2T3JV06,6,PF02839
A0A2T3KFQ0,2,PF02839
A0A2T3KFQ0,4,SM00495
A0A2T3KPH1,2,PF02839
A0A2T3KPH1,4,SM00495
A0A2T3KV12,1,PS51257
A0A2T3KV12,2,PF02839
A0A2T3KV12,3,PF17957
A0A2T3KV12,4,PF17957
A0A2T3KVH2,1,PF08329
A0A2T3KVH2,3,PF22352
A0A2T3KVH2,4,G3DSA:2.60.40.10
A0A2T3KVH2,5,PF02839
A0A2T3KWZ2,2,PF02839
A0A2T3KWZ2,3,SM00495
A0A2T3KYB3,1,PF02839
A0A2T3KYB3,2,PF17957
A0A2T3KYB3,3,PF17957
A0A2T3KYB3,4,SM00495
A0A2T3KYB3,5,PF17957
A0A2T3KYB3,6,PF17957
A0A2T3L7I0,2,PF02839
A0A2T3L7I0,3,PF02839
A0A2T3L9N0,1,PS51257
A0A2T3L9N0,2,SM00495
A0A2T3L9N0,3,PF17957
A0A2T3L9N0,4,PF17957
A0A2T3L9N9,1,SM00495
A0A2T3L9N9,2,PF17957
A0A2T3L9N9,3,PF17957
A0A2T3L9N9,4,SM00495
A0A2T3L9N9,5,PF17957
A0A2T3L9N9,6,PF17957
A0A2T3LG28,1,PS51257
A0A2T3LGM2,2,PF02839
A0A2T3LGW2,1,PS51257
A0A2T3LIR2,1,PF08329
A0A2T3LIR2,3,PF22352
A0A2T3LIR2,4,G3DSA:2.60.40.10
A0A2T3LIR2,5,PF02839
A0A2T3LJM1,1,PS51257
A0A2T3LJM1,2,SM00495
A0A2T3LJM1,3,PF17957
A0A2T3LJM1,4,PF17957
A0A2T3LPD9,1,PS51257
A0A2T3LPU8,1,SM00495
A0A2T3LPU8,2,PF17957
A0A2T3LPU8,3,PF17957
A0A2T3LPU8,4,SM00495
A0A2T3LPU8,5,PF17957
A0A2T3LPU8,6,PF17957
A0A2T3M4P2,2,PF02839
A0A2T3M4P2,4,SM00495
A0A2T3M5E6,1,PS51257
A0A2T3M7W2,1,PF08329
A0A2T3M7W2,3,PF22352
A0A2T3M7W2,4,G3DSA:2.60.40.10
A0A2T3M7W2,5,PF02839
A0A2T3MB46,1,PS51257
A0A2T3MB46,2,PF02839
A0A2T3MB46,3,PF17957
A0A2T3MB46,4,PF17957
A0A2T3MEQ0,3,PF02839
A0A2T3MEQ0,4,PF02839
A0A2T3MHR2,1,PS51257
A0A2T3MJB1,1,PF08329
A0A2T3MJB1,3,PF22352
A0A2T3MJB1,4,G3DSA:2.60.40.10
A0A2T3MJB1,5,SM00495
A0A2T3MJB1,6,PF02839
A0A2T3MMM4,2,PF02839
A0A2T3MMM4,4,SM00495
A0A2T3MN14,1,PS51257
A0A2T3MN14,2,SM00495
A0A2T3MN14,3,PF17957
A0A2T3MN14,4,PF17957
A0A2T3MRB9,2,G3DSA:2.60.40.10
A0A2T3MRB9,3,G3DSA:2.60.40.10
A0A2T3MRB9,4,PF02839
A0A2T3MRB9,5,PF02839
A0A2T3MUV7,1,PS51257
A0A2T3MYX6,2,PF02839
A0A2T3N733,1,SM00495
A0A2T3N733,2,PF17957
A0A2T3N733,3,PF17957
A0A2T3NLM8,1,PF08329
A0A2T3NLM8,3,PF22352
A0A2T3NLM8,5,PF02839
A0A2T3NLM8,6,PF02839
A0A2T3NUC0,1,PF08329
A0A2T3NUC0,3,PF22352
A0A2T3NUC0,5,PF02839
A0A2T3NUC0,6,PF02839
A0A2T3NW50,1,G3DSA:2.60.40.10
A0A2T3NW50,2,PF17957
A0A2T3NW50,3,PF17957
A0A2T3NW50,4,PF17957
A0A2T3NWF6,1,PF02839
A0A2T3NWF6,2,PF17957
A0A2T3NWF6,3,PF17957
A0A2T3NWF6,4,SM00495
A0A2T3NWF6,5,PF17957
A0A2T3NWF6,6,PF17957
A0A2T3NWH4,2,PF02839
A0A2T3NWH4,3,PF02839
A0A2T3P4J2,1,SM00495
A0A2T3P4J2,2,PF17957
A0A2T3P4J2,3,PF17957
A0A2T3P4J2,4,SM00495
A0A2T3P4J2,5,PF17957
A0A2T3P4J2,6,PF17957
A0A2T3QB87,2,PF02839
A0A2T3QB87,4,SM00495
A0A2T3QM45,1,PS51257
A0A2T3QM45,2,PF02839
A0A2T3QM45,3,PF17957
A0A2T3QM45,4,PF17957
A0A2T3QN92,4,PF02839
A0A2T3QN92,5,PF02839
A0A2T3QPF1,1,PF17957
A0A2T3QPF1,2,PF17957
A0A2T3QPF1,3,PF17957
A0A2T3QPF1,5,SM00495
A0A2T3W644,1,PF17957
A0A2T3W9V9,1,PS51257
A0A2T3W9V9,2,PF00553
A0A2T3W9V9,3,PF17957
A0A2T4N0W8,1,PF08329
A0A2T4N0W8,3,PF22352
A0A2T4N0W8,4,G3DSA:2.60.40.10
A0A2T4N0W8,5,PF02839
A0A2T4N0W8,6,PF02839
A0A2T4N0X0,1,PF08329
A0A2T4N0X0,3,PF22352
A0A2T4N0X0,5,PF02839
A0A2T4N0X0,6,PF02839
A0A2T4N1N4,1,SM00495
A0A2T4N1N4,2,PF17957
A0A2T4N1N4,3,PF17957
A0A2T4N1N4,5,SM00495
A0A2T4N1U6,2,PF02839
A0A2T4N1U6,4,SM00495
A0A2T4NL60,1,PF00553
A0A2T4NL60,2,PF00041
A0A2T4NM18,1,PS51318
A0A2T4NM18,2,PF02018
A0A2T4NM18,3,PF00041
A0A2T4T6S0,1,PS51257
A0A2T4TFW8,3,PF00535
A0A2T4V3J8,1,PF02839
A0A2T4V3J8,2,PF00041
A0A2T4V3J9,1,PS51257
A0A2T4V3J9,2,PF02839
A0A2T4V3J9,3,PF17957
A0A2T4V3J9,4,PF17957
A0A2T4V404,1,PS51257
A0A2T4V404,2,PF00553
A0A2T4V404,3,PF17957
A0A2T4VAT7,1,PS51257
A0A2T4VB38,2,PF17957
A0A2T4VB38,3,PF02839
A0A2T4VEZ2,1,PF02839
A0A2T4VEZ2,2,G3DSA:2.60.40.10
A0A2T4VGM0,1,PF02839
A0A2T4VGM0,2,PF00041
A0A2T4VS67,1,PS51257
A0A2T4VS67,2,PF02839
A0A2T4VS67,3,PF02839
A0A2T4VS67,4,SM00495
A0A2T4Y0F2,1,PF08329
A0A2T4Y0F2,3,PF22352
A0A2T4Y0F2,5,PF02839
A0A2T4Y0F2,6,PF02839
A0A2T4Z0E9,1,PF01476
A0A2T4Z0E9,2,PF01476
A0A2T5AHX3,1,PF02018
A0A2T5AHX3,2,PF00041
A0A2T5ALU1,1,PF00553
A0A2T5ALU1,2,PF00041
A0A2T5AWT3,1,PF02018
A0A2T5AWT3,2,PF00041
A0A2T5AZU0,1,PF00553
A0A2T5BJP1,1,PS51257
A0A2T5BLB1,1,PS51318
A0A2T5BLB1,2,PF02018
A0A2T5BLB1,3,PF00041
A0A2T5C679,1,PS51257
A0A2T5DDZ0,1,PS51257
A0A2T5DDZ0,3,PF00041
A0A2T5DDZ0,4,PF02839
A0A2T5DGD3,3,PF00041
A0A2T5DGD3,4,PF02839
A0A2T5DZE6,2,PF02839
A0A2T5DZE6,4,SM00495
A0A2T5E5W4,2,PF22352
A0A2T5E5W4,3,G3DSA:2.60.40.10
A0A2T5E5W4,4,SM00495
A0A2T5EBZ3,1,PS51257
A0A2T5EBZ3,2,PF02839
A0A2T5EBZ3,3,PF17957
A0A2T5EBZ3,4,PF17957
A0A2T5EHT1,1,PF08329
A0A2T5EHT1,3,PF22352
A0A2T5EHT1,5,PF02839
A0A2T5EY33,1,PF08329
A0A2T5EY33,3,PF22352
A0A2T5EY33,5,PF02839
A0A2T5F201,1,PS51257
A0A2T5F201,2,PF02839
A0A2T5F201,3,PF17957
A0A2T5F201,4,PF17957
A0A2T5J852,3,PF00535
A0A2T5NJ54,1,PF02839
A0A2T5NK45,2,PF00041
A0A2T5NK45,3,PF02839
A0A2T5NL71,1,PF02839
A0A2T6AMG2,1,PS51257
A0A2T6C898,1,PS51257
A0A2T6CY94,1,PF00553
A0A2T6CY94,3,PF00553
A0A2T6CY94,4,PF00553
A0A2T6FED7,1,SM00495
A0A2T6FED7,2,SM00495
A0A2T6FJK2,1,SM00495
A0A2T6FJK2,2,SM00495
A0A2T6FMW9,1,SM00495
A0A2T6FMW9,2,SM00495
A0A2T6FQF3,1,PS51257
A0A2T6FQF3,3,SM00495
A0A2T6FR93,1,SM00495
A0A2T6FR93,2,PF02839
A0A2T6FU68,1,PF02839
A0A2T6FU68,2,PF00041
A0A2T6FVY0,1,PF01476
A0A2T6FVY0,2,PF01476
A0A2T6FVY0,3,PF08239
A0A2T6G1E8,1,PF02839
A0A2T6G1E8,2,PF00041
A0A2T6G762,1,PF00395
A0A2T6G762,3,PF00395
A0A2T6GBX5,2,PF00041
A0A2T6GBX5,3,PF02839
A0A2T6K0X7,1,PF01476
A0A2T6L7I6,2,PF02839
A0A2T6LF94,1,PF02839
A0A2T6X4W1,2,G3DSA:2.60.40.10
A0A2T7ARB3,2,G3DSA:2.60.40.10
A0A2T7ARB3,3,SM00495
A0A2T7BA21,2,G3DSA:2.60.40.10
A0A2T7BA21,3,SM00495
A0A2T7BJ70,1,PS51257
A0A2T7J335,1,PF01476
A0A2T7J335,2,PF01476
A0A2T7KJB8,1,PF00553
A0A2T7KJB8,2,PF00041
A0A2T7KXY8,1,PF02018
A0A2T7KXY8,2,PF00041
A0A2T7L1E9,1,PS51318
A0A2T7L1E9,3,PF02839
A0A2T7L1L5,1,PF00553
A0A2T7L1L5,2,PF00041
A0A2T7L6A0,1,PF02018
A0A2T7L6A0,2,PF00041
A0A2T7LPN6,1,PF02018
A0A2T7LPN6,2,PF00041
A0A2T7LSC4,1,PF00553
A0A2T7LT80,1,PF00553
A0A2T7LT80,2,PF00041
A0A2T7LWQ0,1,PF02018
A0A2T7LWQ0,2,PF00041
A0A2T7LZR1,1,PF02018
A0A2T7LZR1,2,PF00041
A0A2T7M2H8,1,PF00553
A0A2T7M2H8,2,PF00041
A0A2T7M2Y8,1,PS51318
A0A2T7M799,1,PF02018
A0A2T7M799,2,PF00041
A0A2T7MT31,1,PS51318
A0A2T7MT31,3,SM00495
A0A2T7MV02,1,PF00553
A0A2T7MV02,2,PF00041
A0A2T7QAY1,1,PS51257
A0A2T7QB04,1,PS51257
A0A2T7T3P6,1,PF00553
A0A2T7T3P6,2,PF00041
A0A2T7T897,1,PF02018
A0A2T7T897,2,PF00041
A0A2T7TA54,1,PF02018
A0A2T7TA54,2,PF00041
A0A2T7TJQ3,1,PS51257
A0A2T7TJQ3,3,PF02839
A0A2T8THC5,2,G3DSA:2.60.40.10
A0A2T8XCP6,2,G3DSA:2.60.40.10
A0A2T9I1Y0,2,G3DSA:2.60.40.10
A0A2T9K1B7,3,PF00535
A0A2T9QE00,2,G3DSA:2.60.40.10
A0A2T9VG44,1,PF08329
A0A2T9VG44,3,PF22352
A0A2T9VG44,5,PF02839
A0A2T9VG44,6,PF02839
A0A2U0E218,3,PF00535
A0A2U0SW00,1,PS51257
A0A2U0SW00,2,PF02839
A0A2U0SYB9,1,PS51257
A0A2U0SYB9,2,PF02839
A0A2U0T1S6,1,PF02839
A0A2U0T1S6,2,PF02839
A0A2U1CEG9,1,PF01476
A0A2U1CEG9,2,PF01476
A0A2U1CGU3,1,PF00395
A0A2U1CGU3,2,PF00395
A0A2U1CQY6,1,PS51257
A0A2U1JWS7,1,PF01476
A0A2U1JWS7,2,PF01476
A0A2U1JWS7,3,PF01476
A0A2U1K522,1,PF01476
A0A2U1K522,2,PF01476
A0A2U1QTQ8,3,PF00535
A0A2U1QUU5,1,PS51257
A0A2U1QV18,7,G3DSA:2.60.40.10
A0A2U1QV18,8,G3DSA:2.60.40.10
A0A2U2B7Y2,1,PS51257
A0A2U2PKL3,1,PS51257
A0A2U2S130,1,PF02839
A0A2U2S130,2,PF02839
A0A2U2ZEM4,1,PF00553
A0A2U2ZEM4,2,PF00041
A0A2U2ZHJ6,1,PS51318
A0A2U2ZHJ6,2,PF02018
A0A2U2ZHJ6,3,PF00041
A0A2U2ZPF4,1,PS51318
A0A2U2ZPF4,2,PF02018
A0A2U2ZPF4,3,PF00041
A0A2U2ZTD0,1,PF00553
A0A2U2ZTD0,2,PF00041
A0A2U2ZZQ2,1,PF02018
A0A2U2ZZQ2,2,PF00041
A0A2U3A155,1,PF00553
A0A2U3C150,2,PF02018
A0A2U3C4C3,1,PF02018
A0A2U3C8N5,2,PF02018
A0A2U3C8N6,1,PF00553
A0A2U3D7S2,1,PF00395
A0A2U3DC99,1,PF01476
A0A2U3DC99,2,PF01476
A0A2U3EVC7,1,PF08329
A0A2U3EVC7,3,PF22352
A0A2U3EVC7,5,PF02839
A0A2U3EVC7,6,PF02839
A0A2U3H2T7,1,PS51318
A0A2U3H2T7,2,PF02018
A0A2U3H2T7,3,PF00041
A0A2U3HBD6,1,PF02018
A0A2U3HBD6,2,PF00041
A0A2U3HC52,1,PF00553
A0A2U3HC52,2,PF00041
A0A2U3IEP2,1,PF02839
A0A2U3IEP2,2,PF02839
A0A2U3K4R4,1,PF01476
A0A2U3LQE8,1,PS51257
A0A2U8DQL8,1,PF01476
A0A2U8DQL8,2,PF01476
A0A2U8DUS3,1,PF00041
A0A2U8JPW0,2,PF00553
A0A2U8JPW8,1,PF02839
A0A2U8JPW8,2,PF00041
A0A2U8N536,2,PF00041
A0A2U8N536,3,PF02839
A0A2U9NX89,2,PF02839
A0A2U9P2Q7,1,PF00553
A0A2U9P5Y6,1,PS51318
A0A2U9P5Y6,2,PF02018
A0A2U9P5Y6,3,PF00041
A0A2U9P7N0,1,PF00553
A0A2U9P7N0,2,PF00041
A0A2U9P9P3,1,PF02018
A0A2U9P9P3,2,PF00041
A0A2U9PA59,1,PS51318
A0A2U9PA59,2,PF02018
A0A2U9PA59,3,PF00041
A0A2U9PE75,2,PF02839
A0A2U9T290,1,SM00495
A0A2U9T290,2,PF17957
A0A2U9T290,3,PF00041
A0A2V1IW03,1,PS51257
A0A2V1JUH8,1,PF07833
A0A2V1JUH8,2,PF08239
A0A2V2AM31,1,PF02018
A0A2V2ANU7,1,PS51318
A0A2V2ANU7,3,PF02839
A0A2V2AX04,1,PF00553
A0A2V2AX04,2,PF00041
A0A2V2AY16,1,PF02018
A0A2V2AY16,2,PF00041
A0A2V2AZ85,2,PF02839
A0A2V2B046,1,PF02018
A0A2V2B046,2,PF00041
A0A2V2B3K5,1,PF00553
A0A2V2CKD7,1,PF01476
A0A2V2D618,1,PF01476
A0A2V2D618,2,PF01476
A0A2V2DG69,1,PF08239
A0A2V2E3Z3,1,PF01476
A0A2V2E4W7,1,PF01476
A0A2V2E4W7,2,PF01476
A0A2V2F879,1,PF01476
A0A2V2F879,2,PF01476
A0A2V2FCG2,1,PF01476
A0A2V2FCG2,2,PF01476
A0A2V2GM31,1,PF01476
A0A2V2GM31,2,PF01476
A0A2V2PNF6,1,PS51318
A0A2V2PNF6,3,PF02839
A0A2V2Q1N7,1,PF00553
A0A2V2Q1N7,2,PF00041
A0A2V2Q675,1,PF02018
A0A2V2Q675,2,PF00041
A0A2V2Q6X6,1,PF00553
A0A2V2Q6X6,2,PF00041
A0A2V2QJR1,1,PF02018
A0A2V2QJR1,2,PF00041
A0A2V2YMP5,1,PF07833
A0A2V2YPM8,1,PF01476
A0A2V2YPM8,2,PF01476
A0A2V2YSK2,1,PF00395
A0A2V2YSK2,2,PF00395
A0A2V2YSK2,3,PF00395
A0A2V2YWY9,1,PF01476
A0A2V2YWY9,2,PF01476
A0A2V2YYH2,1,PF07833
A0A2V2ZIG0,3,PF00535
A0A2V2ZP93,1,PF01476
A0A2V2ZP93,2,PF01476
A0A2V2ZSR8,1,PF01476
A0A2V2ZSR8,2,PF01476
A0A2V2ZSR8,3,PF01476
A0A2V2ZSR8,4,PF08239
A0A2V2ZZA8,2,PF00041
A0A2V2ZZC1,3,PF00041
A0A2V3A5A1,1,PF01476
A0A2V3A5A1,2,PF01476
A0A2V3A5A1,3,PF01476
A0A2V3A5L8,3,PF00535
A0A2V3DV80,2,PF02839
A0A2V3DV80,3,PF02839
A0A2V3DVQ5,1,PF02839
A0A2V3DVQ5,3,PF02839
A0A2V3DW99,2,PF02839
A0A2V3VNZ1,1,PF01476
A0A2V3VNZ1,2,PF01476
A0A2V3Y5M0,1,PF08239
A0A2V3Y6U8,1,PF01476
A0A2V4BK60,1,PS51257
A0A2V4C4E9,1,PS51257
A0A2V4C860,7,G3DSA:2.60.40.10
A0A2V4C860,8,G3DSA:2.60.40.10
A0A2V4C8L8,1,PS51257
A0A2V4MTD7,1,PF02018
A0A2V4MVL3,1,PF02018
A0A2V4MVL3,2,PF00041
A0A2V4N1Y6,1,PF00553
A0A2V4N1Y6,2,PF00041
A0A2V4N3H6,2,SM00495
A0A2V4N7P5,1,PS51257
A0A2V4N7P5,2,PF02839
A0A2V4N7P5,3,PF17957
A0A2V4N7P5,4,PF17957
A0A2V4N7P5,7,SM00495
A0A2V4N8K6,2,G3DSA:2.60.40.10
A0A2V4N8K6,3,PF02018
A0A2V4NEE1,1,PF02018
A0A2V4NES4,2,PF02839
A0A2V4NIF3,2,PF02018
A0A2V4NP53,1,PS51318
A0A2V4NP53,3,SM00495
A0A2V4NSL7,1,PF17957
A0A2V4NSL7,2,PF17957
A0A2V4P4S8,1,PF02018
A0A2V4QFL1,2,PF00041
A0A2V4QFL1,3,PF02839
A0A2V4VB90,1,PF07833
A0A2V4VU21,1,PF07833
A0A2V4WPY8,1,PF00395
A0A2V4WPY8,2,PF00395
A0A2V4WPY8,3,PF00395
A0A2V5IXM1,3,PF00535
A0A2V5JSG0,3,PF00535
A0A2V5JVJ8,2,PF00395
A0A2V5JVJ8,3,PF00395
A0A2V5JVJ8,4,PF00395
A0A2V5K9W0,1,PF01476
A0A2V5K9W0,2,PF01476
A0A2V5KLH5,1,PF07833
A0A2V5KVW5,1,G3DSA:2.60.40.10
A0A2V5KVW5,2,PF17957
A0A2V5KXS0,1,PF00395
A0A2V5KXS0,2,PF00395
A0A2V5KXS0,3,PF00395
A0A2V5MAP9,3,PF00535
A0A2V5MJ33,3,PF00535
A0A2V5NX78,3,PF00535
A0A2V5Q7X5,3,PF00535
A0A2V5QAR8,3,PF00535
A0A2V5R7N3,3,PF00535
A0A2V5ZX87,3,PF00535
A0A2V6A7L8,3,PF00535
A0A2V6B9K9,3,PF00535
A0A2V6IJ57,3,PF00535
A0A2V6JC17,3,PF00535
A0A2V6JJG1,3,PF00535
A0A2V6KI09,3,PF00535
A0A2V6KWL6,3,PF00535
A0A2V6LA49,3,PF00535
A0A2V6N1D9,3,PF00535
A0A2V6NAF1,3,PF00535
A0A2V7RSB1,3,PF00535
A0A2V7V8K0,1,PS51257
A0A2V7XGK5,1,PS51257
A0A2V7Y699,1,PS51257
A0A2V8L899,3,PF00535
A0A2V8MP95,3,SM00495
A0A2V8MP95,4,SM00495
A0A2V8NNJ3,4,PF00535
A0A2V8NTE2,1,PF22352
A0A2V8P716,1,PF22352
A0A2V8P716,3,PF22352
A0A2V8P716,4,PF22352
A0A2V8PAV2,3,PF00535
A0A2V8Q3Y9,3,PF00535
A0A2V8QLJ3,3,PF00535
A0A2V8RX25,3,PF00535
A0A2V8WQ16,3,PF00535
A0A2V9E7G3,3,PF00535
A0A2V9FFC6,3,PF00535
A0A2V9G8I5,3,PF00535
A0A2V9HZW1,3,PF00535
A0A2V9PQP2,3,PF00535
A0A2V9PYN6,3,PF00535
A0A2V9U193,1,PS51257
A0A2W0C1S5,1,PF07833
A0A2W0C470,1,PF00395
A0A2W0C470,2,PF00395
A0A2W0C470,3,PF00395
A0A2W0CAK2,1,PF02839
A0A2W0CAK2,2,PF00041
A0A2W0CG85,1,PF07833
A0A2W0CN86,2,PF00041
A0A2W0CN86,3,PF02839
A0A2W0DIN0,1,PS51257
A0A2W0G0A5,1,PF08329
A0A2W0G0A5,3,PF22352
A0A2W0G0A5,4,G3DSA:2.60.40.10
A0A2W0G0A5,5,PF02839
A0A2W0G0A5,6,PF02839
A0A2W0G0D8,2,PF00041
A0A2W0G0D8,3,PF02839
A0A2W1LBW3,1,PF07833
A0A2W1LKI0,1,PF00041
A0A2W1LLK1,1,PF07833
A0A2W1LLK1,2,PF08239
A0A2W1N540,1,PF01476
A0A2W1N540,2,PF01476
A0A2W1N540,3,PF08239
A0A2W1TFE8,1,PS51318
A0A2W1TXP2,1,PS51257
A0A2W2A0R3,1,PS51257
A0A2W2AHB6,1,PS51257
A0A2W2B443,3,PF00535
A0A2W2DK83,1,PF00553
A0A2W2DK83,2,PF00041
A0A2W2EM20,1,PF00553
A0A2W2EM20,2,PF00041
A0A2W2ESX9,1,PF02839
A0A2W2ESX9,2,PF00041
A0A2W2FR03,1,PF02839
A0A2W2FR03,2,PF00041
A0A2W2FR03,3,PF00041
A0A2W2FW41,1,PF02839
A0A2W2FW41,2,PF00041
A0A2W2GNH3,1,PS51318
A0A2W2GNH3,2,PF02018
A0A2W2GNH3,3,PF00041
A0A2W2GNI1,1,PF00553
A0A2W2GNI1,2,PF00041
A0A2W2GQZ2,1,PF00553
A0A2W2GQZ2,2,PF00553
A0A2W2GQZ2,3,PF00041
A0A2W2LPB6,1,PS51318
A0A2W2LPB6,2,PF02018
A0A2W2LPB6,3,PF00041
A0A2W2N1X8,1,PF00553
A0A2W2N1X8,2,PF00041
A0A2W4KT90,3,PF00535
A0A2W4M5U8,1,PF07833
A0A2W4MD92,3,PF00535
A0A2W4PUI4,1,PF01476
A0A2W4PUI4,2,PF01476
A0A2W4Q8E2,1,PF01476
A0A2W4Q8E2,2,PF01476
A0A2W4QPY8,1,PF01476
A0A2W4QPY8,2,PF01476
A0A2W5A840,3,PF00535
A0A2W5F760,3,PF00535
A0A2W5P5M4,1,PS51257
A0A2W5WXD7,1,PF00553
A0A2W6CGH8,1,PS51257
A0A2W6IQQ5,1,SM00495
A0A2W6IQQ5,2,PF17957
A0A2W6IQQ5,3,PF00041
A0A2W6NP67,1,PF07833
A0A2W6P4N5,1,PF07833
A0A2W6PEV2,1,PF00395
A0A2W6PEV2,2,PF00395
A0A2W6PEV2,3,PF00395
A0A2W6U1X2,3,PF00535
A0A2W6VUI2,1,SM00495
A0A2W6VUI2,2,PF17957
A0A2W6VUI2,3,PF00041
A0A2W6X9A8,3,PF00535
A0A2W7MCG4,1,PF01476
A0A2W7QTM4,1,PS51257
A0A2W7RNW3,3,PF00535
A0A2X0I9E5,1,PS51318
A0A2X0IHH0,2,PF02839
A0A2X0IHX3,1,PS51318
A0A2X0IHX3,5,PF02018
A0A2X0IKS0,1,PF02018
A0A2X0IPI3,1,PS51318
A0A2X0IPI3,3,PF02018
A0A2X0ITX0,1,PS51257
A0A2X0ITX0,2,PF02018
A0A2X0IWD8,1,PS51318
A0A2X0IWD8,2,PF00553
A0A2X0JBG4,1,PF02018
A0A2X0KAU8,2,PF02018
A0A2X0KCB6,1,PF02018
A0A2X0KCB6,2,PF00041
A0A2X0XE01,1,PF01476
A0A2X0XEK5,1,PF01476
A0A2X0XEK5,2,PF01476
A0A2X0XEK5,3,PF01476
A0A2X1Y1S4,1,PF07833
A0A2X1Y1S4,2,PF08239
A0A2X2LUE2,3,PF00535
A0A2X2UVR7,1,PF08329
A0A2X2UVR7,3,PF22352
A0A2X2W2H2,1,PF01476
A0A2X2W2H2,2,PF01476
A0A2X2X0I0,3,PF00535
A0A2X2Z9P8,3,PF00041
A0A2X2ZBW6,2,PF00041
A0A2X3HIL2,3,PF00041
A0A2X3HIL2,4,PF02839
A0A2X3NG70,1,SM00495
A0A2X3NG70,2,SM00495
A0A2X3NG70,3,PF02839
A0A2X3NG70,4,SM00495
A0A2X4U951,1,PF08329
A0A2X4UL24,2,PF00041
A0A2X4UL24,3,PF02839
A0A2X4VK37,1,PF01476
A0A2X4VK37,2,PF01476
A0A2X4VK37,3,PF01476
A0A2X4VLK4,1,PF01476
A0A2X4VLK4,2,PF01476
A0A2X4WTS3,2,G3DSA:2.60.40.10
A0A2X4Y777,2,SM00495
A0A2X7NVJ6,1,SM00495
A0A2X7NVJ6,2,SM00495
A0A2X7NVJ6,3,SM00495
A0A2X7NVJ6,4,SM00495
A0A2X7NVJ6,5,SM00495
A0A2X7NVJ6,6,PF02839
A0A2X7NVJ6,7,SM00495
A0A2Y9BJ56,1,PF08239
A0A2Y9TXF7,1,PF08329
A0A2Y9TXF7,3,PF22352
A0A2Y9TXF7,5,PF02839
A0A2Y9TXF7,6,PF02839
A0A2Y9U243,1,SM00495
A0A2Y9U243,2,SM00495
A0A2Y9U243,3,SM00495
A0A2Y9U243,5,PF22352
A0A2Y9U243,6,G3DSA:2.60.40.10
A0A2Y9U243,7,SM00495
A0A2Z2K6M2,1,PF07833
A0A2Z2KVX6,1,PF07833
A0A2Z2NGA0,2,PF00553
A0A2Z3JC27,1,PS51257
A0A2Z3KGV8,2,G3DSA:2.60.40.10
A0A2Z3KGV8,3,PF02839
A0A2Z3N985,1,PF01476
A0A2Z3N985,2,PF01476
A0A2Z3N985,3,PF01476
A0A2Z3S1R8,1,PF00553
A0A2Z3S1R8,2,PF00553
A0A2Z3UHZ5,1,PF00553
A0A2Z3UHZ5,2,PF00553
A0A2Z3UHZ5,3,PF00041
A0A2Z3UJ74,1,PF00553
A0A2Z3UJ74,2,PF00041
A0A2Z3UMR8,1,PF00553
A0A2Z3UMR8,2,PF00041
A0A2Z3UPV7,1,PF02018
A0A2Z3UQY8,1,PF00553
A0A2Z3V6M1,1,PF00553
A0A2Z3X291,1,PS51257
A0A2Z3XA71,1,SM00495
A0A2Z3XA71,2,SM00495
A0A2Z3XA71,3,SM00495
A0A2Z3XA71,4,SM00495
A0A2Z4HPX9,1,SM00495
A0A2Z4HPX9,2,PF17957
A0A2Z4HPX9,3,PF00041
A0A2Z4IVZ1,1,PF02018
A0A2Z4IVZ1,2,PF00041
A0A2Z4IXB1,1,PF00553
A0A2Z4IXB1,2,PF00041
A0A2Z4IZ15,1,PF02018
A0A2Z4IZ15,2,PF00041
A0A2Z4J4M9,1,PS51318
A0A2Z4JEE8,1,PS51318
A0A2Z4MBL4,1,PF02839
A0A2Z4MBL4,2,PF00041
A0A2Z4MDQ8,1,PF07833
A0A2Z4MDQ8,2,PF08239
A0A2Z4MFF0,3,PF00041
A0A2Z4MFF0,4,PF02839
A0A2Z4MHQ3,1,PF00395
A0A2Z4MHQ3,2,PF00395
A0A2Z4MHQ3,3,PF00395
A0A2Z4MIH2,1,PF01476
A0A2Z4MIH2,2,PF01476
A0A2Z4U8L7,2,PF08239
A0A2Z4UVS3,1,PF00553
A0A2Z4UVS3,2,PF00041
A0A2Z4UX78,2,SM00495
A0A2Z4UYQ6,1,PS51318
A0A2Z4UYQ6,2,PF02018
A0A2Z4UYQ6,3,PF00041
A0A2Z4UZE3,1,PF02018
A0A2Z4UZE3,2,PF00041
A0A2Z4V6Q5,1,PF00553
A0A2Z4XW28,1,SM00495
A0A2Z4XW28,2,SM00495
A0A2Z4Y194,2,PF00041
A0A2Z4Y194,3,PF02839
A0A2Z4Y194,4,PF02839
A0A2Z4Y194,5,PF02839
A0A2Z5BZW0,3,PF00041
A0A2Z5BZW0,4,PF02839
A0A2Z5JHN1,1,PF02018
A0A2Z5JHN1,2,PF00041
A0A2Z5JIL4,1,PF00553
A0A2Z5JIL4,2,PF00041
A0A2Z5K6F9,1,PF02018
A0A2Z5K6F9,2,PF00041
A0A2Z5K7X7,1,PF00553
A0A2Z5K7X7,2,PF00041
A0A2Z5T6G3,1,PF00553
A0A2Z5T6G3,2,PF00041
A0A2Z5VGQ3,1,PS51257
A0A2Z5VGQ3,4,PF00535
A0A315GT19,2,G3DSA:2.60.40.10
A0A315GT19,3,SM00495
A0A315HDD4,2,G3DSA:2.60.40.10
A0A315YYI0,2,PF17957
A0A315YYI0,3,G3DSA:2.60.40.10
A0A315YYI0,4,SM00495
A0A315YYI0,5,SM00495
A0A315YYI0,7,G3DSA:2.60.40.10
A0A315YYI0,8,SM00495
A0A315YYI0,9,PF17957
A0A315YYI0,10,G3DSA:2.60.40.10
A0A315ZUB2,1,PF08239
A0A316AP35,1,PS51257
A0A316APV8,1,PF01476
A0A316D6C2,1,PF07833
A0A316D9R5,1,PF00395
A0A316D9R5,2,PF00395
A0A316D9R5,3,PF00395
A0A316DAZ7,1,PF01476
A0A316DEM9,1,PF01476
A0A316DYQ9,1,PF01476
A0A316DZP8,1,PF01476
A0A316DZP8,2,PF01476
A0A316FC57,1,PS51257
A0A316FC57,2,PF02839
A0A316FIZ9,1,SM00495
A0A316FIZ9,3,SM00495
A0A316FLW8,1,PS51257
A0A316FLW8,2,SM00495
A0A316FS64,2,SM00495
A0A316FS64,3,SM00495
A0A316FWL1,1,PS51257
A0A316FWL1,2,PF02839
A0A316FWM0,1,PS51257
A0A316FWM0,2,SM00495
A0A316FWN0,1,PS51257
A0A316FWN0,2,SM00495
A0A316G0D3,1,PF02839
A0A316G0D3,3,SM00495
A0A316H4L3,1,PS51257
A0A316H4V0,1,PS51257
A0A316HBN1,3,PF00535
A0A316HI03,1,PF00553
A0A316HLR1,3,PF02839
A0A316HNK9,1,PF00553
A0A316HSR9,1,PS51257
A0A316HSR9,2,PF02018
A0A316IAX2,1,PF00553
A0A316IAX2,2,PF00553
A0A316IAX2,3,PF00041
A0A316IED7,3,PF00535
A0A316LMZ4,1,PF01476
A0A316LMZ4,2,PF01476
A0A316NH26,1,PF01476
A0A316NH26,2,PF01476
A0A316NNC3,1,PF01476
A0A316P7A4,1,PS51257
A0A316P9G0,1,PF01476
A0A316P9G0,2,PF01476
A0A316PGK9,1,PF01476
A0A316QD44,1,PF01476
A0A316QD44,2,PF01476
A0A316R9W6,1,PS51257
A0A316WH67,3,PF00535
A0A316WTU0,3,PF00041
A0A316WW40,2,PF00041
A0A316WYJ3,3,PF00041
A0A316X115,2,PF00041
A0A316X2D5,3,PF00535
A0A316X497,3,PF00041
A0A316X6P3,3,G3DSA:2.60.40.10
A0A316X6P3,4,PF00041
A0A316XC56,3,PF00535
A0A317D201,1,PF00553
A0A317D201,2,PF00041
A0A317DDE7,1,PS51318
A0A317DDG4,1,PF00553
A0A317DMK5,1,PF02839
A0A317DP46,1,PS51318
A0A317DUJ6,1,PF00553
A0A317DUJ6,2,PF00041
A0A317ESH3,3,PF00535
A0A317F164,3,PF00535
A0A317FQ78,1,SM00495
A0A317FQ78,2,PF17957
A0A317FUB9,1,PF08329
A0A317FUB9,3,G3DSA:2.60.40.10
A0A317FUB9,4,G3DSA:2.60.40.10
A0A317FUB9,5,PF02839
A0A317FUB9,6,PF02839
A0A317FYM6,1,PF08239
A0A317HET1,3,PF00535
A0A317IAM7,3,PF00535
A0A317K523,1,PF00553
A0A317KB27,1,PF00553
A0A317KBP4,1,PF00553
A0A317KBP4,2,PF00041
A0A317KED8,1,PF00553
A0A317L3M4,1,PF01476
A0A317L3M4,2,PF01476
A0A317M060,2,PF17957
A0A317M060,4,PF17957
A0A317M060,5,SM00495
A0A317M060,6,PF17957
A0A317M060,7,SM00495
A0A317M143,1,PS51318
A0A317MBB0,1,PF00553
A0A317MIQ6,3,SM00495
A0A318A4N1,1,PS51257
A0A318A4N1,2,PF02839
A0A318A4N1,3,PF17957
A0A318A4N1,5,SM00495
A0A318A510,1,PF08329
A0A318A510,3,PF22352
A0A318A510,4,G3DSA:2.60.40.10
A0A318A510,5,PF02839
A0A318EX24,1,PF01476
A0A318EX24,2,PF01476
A0A318EXJ5,1,PF01476
A0A318EXJ5,2,PF01476
A0A318IRD8,1,PS51257
A0A318IRD8,2,PF02839
A0A318IRD8,3,SM00495
A0A318IZV4,1,PS51257
A0A318IZV4,2,PF02839
A0A318IZV4,3,SM00495
A0A318KNJ2,2,PF02018
A0A318NBN4,1,PF02839
A0A318NJB1,1,PF00553
A0A318NTA6,1,PS51318
A0A318NVQ4,2,PF00041
A0A318NVQ4,3,PF02839
A0A318NYV9,1,PF08329
A0A318P1E7,2,PF00041
A0A318P1E7,3,PF02839
A0A318PBN2,2,SM00495
A0A318SDH7,1,G3DSA:2.60.40.10
A0A318TN03,2,PF01476
A0A318TN03,3,PF01476
A0A318TXE3,1,PF01476
A0A318TXE3,2,PF01476
A0A318UB29,1,PS51257
A0A318UJN2,1,PS51257
A0A318UNZ5,3,PF00535
A0A318XGG9,2,PF00395
A0A318XGG9,3,PF00395
A0A318XGG9,4,PF00395
A0A318XHB3,1,PF01476
A0A318XHB3,2,PF01476
A0A321LEF3,3,PF00535
A0A323TIN8,1,PF01476
A0A323TIN8,2,PF01476
A0A326U7Z8,1,PF02018
A0A326UDU5,2,PF02839
A0A326UMD7,1,PF02839
A0A326UMD7,2,PF00041
A0A327NC05,2,PF00041
A0A327NC05,3,PF02839
A0A327P819,1,PS51257
A0A327QPM2,2,PF17957
A0A327QPM2,3,PF17957
A0A327QPM2,4,PF17957
A0A327QPM2,5,PF02839
A0A327QPM2,6,PF17957
A0A327QPM2,7,PF02839
A0A327SM31,1,PF02018
A0A327SMI4,1,PS51257
A0A327SN36,1,PS51257
A0A327SN36,4,PF00535
A0A327SV86,1,PF00553
A0A327SV86,2,PF00041
A0A327SWM3,2,SM00495
A0A327T5L3,1,PF00553
A0A327T5L3,2,PF00041
A0A327TAB9,1,PF02018
A0A327TGD9,1,PF02018
A0A327TGD9,2,PF00041
A0A327TH18,1,PS51318
A0A327TH18,3,PF02018
A0A327THG3,2,PF02018
A0A327TJW3,2,SM00495
A0A327TLW2,1,PF02018
A0A327TNK0,2,SM00495
A0A327TQF6,1,PF02018
A0A327TQF6,2,PF00041
A0A327TXZ5,1,PF02018
A0A327U209,2,PF02839
A0A327UEW3,2,PF02018
A0A327UFV0,1,PF00553
A0A327UFV0,2,PF00041
A0A327UN09,1,PS51318
A0A327UZ86,2,PF02839
A0A327V4X4,1,PF00553
A0A327V4X4,2,PF00041
A0A327V6S4,1,PF00553
A0A327V961,1,PF02018
A0A327V961,2,PF00041
A0A327VEN2,1,PS51318
A0A327VEN2,2,PF02018
A0A327VEN2,3,PF00041
A0A327VFS3,1,PF00553
A0A327VFS3,2,PF00041
A0A327VT30,1,PS51257
A0A327VUG5,1,PS51318
A0A327VUG5,2,PF02018
A0A327VUG5,3,PF00041
A0A327VVB8,1,PS51318
A0A327VVB8,2,PF02018
A0A327VVB8,3,PF00041
A0A327VWJ4,2,PF17957
A0A327VWJ4,3,PF17957
A0A327VWJ4,4,PF17957
A0A327VWJ4,5,PF02839
A0A327VWM1,3,PF00535
A0A327W2P9,1,PF00553
A0A327W474,1,PS51257
A0A327WA86,1,PS51318
A0A327WCX7,1,PF02018
A0A327WCX7,2,PF00041
A0A327WM92,1,PS51318
A0A327WTC3,1,PS51318
A0A327Y1C8,1,PF01476
A0A327Y1C8,2,PF01476
A0A327Z0F6,1,PS51257
A0A327Z0F6,2,PF02839
A0A327Z145,1,PS51318
A0A327Z1C0,1,PS51257
A0A327Z1C0,2,PF02839
A0A327Z2R9,1,PF00553
A0A327Z691,1,PS51257
A0A327Z6U3,1,PS51257
A0A327Z6U3,2,PF02839
A0A327ZEF1,1,PS51257
A0A327ZEF1,2,SM00495
A0A327ZH79,1,PS51318
A0A328KRH7,2,PF00041
A0A328KRH7,3,PF00553
A0A328KWZ2,1,PF01476
A0A328KWZ2,2,PF01476
A0A328L7L6,3,PF00535
A0A328LFW7,3,PF00535
A0A328LVR6,1,PF01476
A0A328LVR6,2,PF01476
A0A328MVA2,1,PS51318
A0A328N4S6,1,PF00553
A0A328N4S9,1,PF00553
A0A328N4S9,2,PF00041
A0A328N895,1,PF00553
A0A328NEA3,1,PF02839
A0A328NJ66,1,PF00553
A0A328NK92,1,PF00553
A0A328NPJ5,1,PF00553
A0A328NPJ5,2,PF00041
A0A328NR12,1,PF02839
A0A328NVI5,1,PS51318
A0A328RH00,3,SM00495
A0A328RH00,4,PF02839
A0A328RH00,5,SM00495
A0A328T1W9,1,PS51257
A0A328TXM6,1,PF07833
A0A328TYH3,1,PF01476
A0A328TYH3,2,PF01476
A0A328TZE3,1,PF07833
A0A328U2U9,1,PF00395
A0A328U2U9,2,PF00395
A0A328U2U9,3,PF00395
A0A328VDV5,1,PF02018
A0A328VGU0,1,PF00041
A0A328VGU0,3,PF02018
A0A328VK01,2,PF02018
A0A328W0Q3,1,PF07833
A0A328WAS5,1,PF00395
A0A328WAS5,2,PF00395
A0A328WAS5,3,PF00395
A0A328WB06,1,PF07833
A0A328WE58,1,G3DSA:2.60.40.10
A0A328WE58,2,PF00041
A0A328WE58,4,PF00041
A0A328WE58,5,PF00395
A0A328WE58,6,PF00395
A0A328WE58,7,PF00395
A0A328WFF5,1,PF02839
A0A328WGQ6,1,PF02839
A0A328WGQ6,2,PF00041
A0A329HCX6,1,PF08329
A0A329HCX6,3,PF22352
A0A329HCX6,5,PF02839
A0A329HCX6,6,PF02839
A0A329KIP7,1,PF07833
A0A329KIP7,2,PF08239
A0A329LEC3,1,PF01476
A0A329LEC3,2,PF01476
A0A329MC25,1,PF07833
A0A329MC25,2,PF08239
A0A329MLD7,1,PF01476
A0A329MLD7,2,PF01476
A0A329MPB4,2,PF00395
A0A329MPB4,3,PF00395
A0A329MPB4,4,PF00395
A0A329MQU8,1,PF00395
A0A329MQU8,2,PF00395
A0A329MQU8,3,PF00395
A0A329QGV0,1,PF07833
A0A329QKL2,1,PF07833
A0A329QUP3,2,PF00041
A0A329QUP3,3,PF02839
A0A329QYH7,1,PF00395
A0A329QYH7,2,PF00395
A0A329QYH7,3,PF00395
A0A329QZH3,1,PF02839
A0A329QZH3,2,PF00041
A0A329R3I9,1,PF00553
A0A329R3I9,2,PF00041
A0A329U5L1,1,PS51257
A0A329VJP3,2,PF02839
A0A329WFV5,2,PF02839
A0A329WHI4,2,PF02839
A0A329WN90,2,PF02839
A0A329WYE7,2,PF02839
A0A330G8V8,1,PF08329
A0A330G8V8,3,PF22352
A0A330G8V8,5,PF02839
A0A330G8V8,6,PF02839
A0A336PWU6,1,PF08329
A0A336PWU6,3,PF22352
A0A336PWU6,5,PF02839
A0A336PWU6,6,PF02839
A0A343F0L1,1,PF02839
A0A343F0L2,2,PF02839
A0A343F0L2,3,PF02839
A0A343F0L3,1,SM00495
A0A343F0L4,1,PF00041
A0A343F0L4,2,G3DSA:2.60.40.10
A0A343F0L4,4,PF00395
A0A343F0L4,5,PF00395
A0A343F0L4,6,PF00395
A0A344L625,1,PF00553
A0A344L625,2,PF00041
A0A344L769,1,PS51318
A0A344LX08,5,PF17957
A0A344LX08,6,PF17957
A0A344R634,2,G3DSA:2.60.40.10
A0A344R634,3,SM00495
A0A344TVQ9,1,PF02018
A0A344TVQ9,2,PF00041
A0A344TWJ3,1,PF00553
A0A344TWJ3,2,PF00041
A0A344U167,1,PF02018
A0A344U251,1,PF00553
A0A344U3Q6,2,PF02839
A0A344U6I6,2,PF02839
A0A344UED8,1,PS51257
A0A344UED8,2,PF02839
A0A344UK31,1,PF02839
A0A344ULB3,2,PF00041
A0A344ULB3,3,PF02839
A0A345HUD3,1,PF00553
A0A345JQH3,2,PF00041
A0A345JQH3,3,PF02839
A0A345JQH3,4,PF02839
A0A345JQH3,5,PF02839
A0A345NX24,1,PF01476
A0A345NX24,2,PF01476
A0A345PBY1,1,PF01476
A0A345PBY1,2,PF01476
A0A345PFC0,3,PF00535
A0A345SVT5,3,PF02839
A0A345SZS4,1,PS51318
A0A345SZS4,2,PF02018
A0A345T0C9,1,PS51318
A0A345T0C9,2,PF02018
A0A345T1L5,1,PS51318
A0A345T1Q7,2,PF02018
A0A345WR58,3,PF00535
A0A345XSV1,1,PF00553
A0A345XSV1,2,PF00041
A0A345XY92,1,PS51318
A0A345Y1N3,1,PF00553
A0A345Y1N3,2,PF00041
A0A345YNV8,1,PS51318
A0A346BWU8,3,PF02839
A0A346C0D5,1,PF00553
A0A346C5R5,1,PF02018
A0A346C5R5,2,PF00041
A0A346C6N3,1,PF00553
A0A346C6N3,2,PF00041
A0A346C7C8,1,PS51318
A0A346C7C8,2,PF02018
A0A346C7C8,3,PF00041
A0A346C842,1,PF00553
A0A346C842,2,PF00041
A0A346C8B3,1,PS51318
A0A346C8B3,3,PF02839
A0A346CBP5,1,PS51318
A0A346R028,1,PS51257
A0A348AGR5,1,PS51257
A0A348MJJ2,2,PF08239
A0A348MJJ2,3,PF08239
A0A348N5U4,1,PF07833
A0A348SDH5,1,PS51257
A0A348TMT5,2,G3DSA:2.60.40.10
A0A348WSB9,1,PS51257
A0A348WU49,1,PS51257
A0A348WUK5,1,PS51257
A0A348Z0J3,1,PS51257
A0A348ZL24,1,PS51257
A0A349DYS1,2,PF17957
A0A349DYS1,3,PF02839
A0A349DYS1,4,PF17957
A0A349DYS1,5,PF02839
A0A349DYS1,6,PF17957
A0A349DYS1,7,PF17957
A0A349HS56,1,PF01476
A0A349HS56,2,PF01476
A0A349HSG3,1,PF01476
A0A349HTT9,1,PF01476
A0A349HTT9,2,PF01476
A0A349LY92,1,SM00495
A0A349LY92,2,PF17957
A0A349LY92,3,PF17957
A0A349LY94,1,PF08329
A0A349PXF4,1,PF01476
A0A349PXF4,2,PF01476
A0A349PZP4,1,G3DSA:2.60.40.10
A0A349R2H4,3,PF00535
A0A349W273,3,PF00535
A0A349Y1Z0,1,SM00495
A0A349Y1Z0,2,PF17957
A0A349Y1Z0,3,G3DSA:2.60.40.10
A0A349YPY2,1,PF07833
A0A349YQH6,1,PF01476
A0A349YQH6,2,PF01476
A0A350ANU7,3,PF00535
A0A350BXI5,1,PF08239
A0A350H4N9,1,PS51257
A0A350HBB9,2,PF08239
A0A350HBB9,3,PF08239
A0A350NND5,1,PF08239
A0A350RBJ9,1,PS51257
A0A350WYS6,3,G3DSA:2.60.40.10
A0A350X1X4,6,PF02839
A0A351IZ48,1,PF00041
A0A351J9I9,1,PF08239
A0A351QYX2,1,PS51257
A0A351TIK6,1,PF01476
A0A351TT74,1,PF08239
A0A351UUQ8,1,PF08239
A0A351VBK4,1,PF08239
A0A351WIE0,5,PF00041
A0A351XK76,1,PF07833
A0A351ZZZ0,2,PF00041
A0A351ZZZ0,3,G3DSA:2.60.40.10
A0A352A614,1,PF01476
A0A352A6M4,1,PF01476
A0A352CKE0,1,PS51257
A0A352CKE0,2,G3DSA:2.60.40.10
A0A352CR29,1,PF08239
A0A352EYD6,3,PF00535
A0A352FKV7,3,PF00535
A0A352IFR6,1,PF01476
A0A352IFR6,2,PF01476
A0A352NIT4,1,PF07833
A0A352RNU1,1,PF01476
A0A352RNU1,2,PF01476
A0A352SHB7,1,PF01476
A0A352SWJ7,1,PF01476
A0A352SWJ7,2,PF01476
A0A352T218,1,PF01476
A0A352T218,2,PF01476
A0A352T7Y4,1,PF07833
A0A352WW24,1,PF00041
A0A353BVH4,1,PF01476
A0A353BVH4,2,PF01476
A0A353BVH4,3,PF01476
A0A353BZB1,1,PF01476
A0A353GRE6,1,PF01476
A0A353JZS1,1,PF01476
A0A353JZS1,2,PF08239
A0A353KVG1,3,G3DSA:2.60.40.10
A0A353KVG1,4,G3DSA:2.60.40.10
A0A353PHH9,1,PS51257
A0A353QDN0,1,PF08239
A0A353R640,1,PS51257
A0A353RFM1,1,PF01476
A0A353RFM1,2,PF01476
A0A353T212,1,PF01476
A0A354D642,1,PF07833
A0A354D642,2,PF08239
A0A354DG22,1,PF01476
A0A354DG22,2,PF01476
A0A354DJE1,3,PF00395
A0A354DJE1,4,PF00395
A0A354DJE1,5,PF00395
A0A354DLV2,2,PF00395
A0A354DLV2,3,PF00395
A0A354DLV2,4,PF00395
A0A354DM15,2,PF00395
A0A354DM15,3,PF00395
A0A354DM15,4,PF00395
A0A354GII3,2,PF17957
A0A354GII3,3,PF17957
A0A354GII3,4,SM00495
A0A354IAE0,1,PF07833
A0A354J1J4,1,PF01476
A0A354J1J4,2,PF01476
A0A354MEH1,1,PF07833
A0A354SD28,2,G3DSA:2.60.40.10
A0A354Y778,1,SM00495
A0A354Y778,2,PF00041
A0A354Z122,1,PF07833
A0A354ZC51,1,PF01476
A0A354ZE46,1,PF08239
A0A354ZHP0,1,PF01476
A0A354ZHP0,2,PF01476
A0A355BGH5,1,PF07833
A0A355FLK7,1,PF08239
A0A355L5A8,1,PS51257
A0A355L6E0,1,PS51257
A0A355M3K4,2,G3DSA:2.60.40.10
A0A355M3K4,5,PF02839
A0A355MA93,1,PF00553
A0A355MA93,3,PF02839
A0A355MA93,7,G3DSA:2.60.40.10
A0A355PTI4,1,PF08239
A0A355RYJ8,1,PF01476
A0A355RYJ8,2,PF01476
A0A355SAQ3,1,PF01476
A0A355SAQ3,2,PF01476
A0A355SGA1,1,PF00041
A0A355SGA1,2,PF00041
A0A355SGA1,3,PF00041
A0A355SGA1,4,G3DSA:2.60.40.10
A0A355U5Q6,1,PS51257
A0A355U7S8,1,PS51257
A0A355YQM5,1,PF01476
A0A356AM67,1,PF01476
A0A356AM67,2,PF01476
A0A356AVD8,1,PF07833
A0A356AVD8,2,PF08239
A0A356AZF4,1,PF01476
A0A356B1F2,1,PF01476
A0A356F1Z7,1,PF01476
A0A356F1Z7,2,PF01476
A0A356JB53,3,PF00535
A0A356KZG3,1,PF08239
A0A356MN13,1,PF01476
A0A356MN13,2,PF01476
A0A356P7F5,1,PS51257
A0A356PCL8,1,PF01476
A0A356PCL8,2,PF01476
A0A356UAT5,1,PF07833
A0A356UCN0,1,PF07833
A0A356XDJ5,1,PF01476
A0A356XDJ5,2,PF01476
A0A356XDJ5,3,PF08239
A0A356XH33,2,PF00395
A0A356XH33,3,PF00395
A0A356XH33,4,PF00395
A0A356YTG7,1,PS51257
A0A356YVB8,1,PS51257
A0A356ZB53,1,PS51257
A0A356ZVS4,1,PS51257
A0A357AGS0,1,PF01476
A0A357AGS0,2,PF01476
A0A357AK39,1,PF01476
A0A357AK39,2,PF01476
A0A357AQ73,1,PF07833
A0A357B0G6,1,PF01476
A0A357B4Q3,1,PF00395
A0A357B4Q3,2,PF00395
A0A357B4Q3,3,PF00395
A0A357CQD5,1,PF08239
A0A357CW74,1,PF01476
A0A357CW74,2,PF01476
A0A357QPU4,1,PS51257
A0A357QQ06,4,G3DSA:2.60.40.10
A0A357VM72,1,PF07833
A0A357WT84,1,PF01476
A0A357WZ87,1,PF01476
A0A357WZ87,2,PF01476
A0A357YZ39,1,PF01476
A0A357YZ39,2,PF01476
A0A357YZ39,3,PF01476
A0A358GFM1,1,PF00395
A0A358GFM1,2,PF00395
A0A358GFM1,3,PF00395
A0A358GH21,1,PF07833
A0A358GLE1,1,PF02839
A0A358GLE1,2,PF00041
A0A358GLS8,2,PF00041
A0A358GLS8,3,PF02839
A0A358GSC9,1,PF07833
A0A358KMC3,2,PF17957
A0A358KMC3,4,PF17957
A0A358KMC3,5,PF17957
A0A358NFB7,2,PF07833
A0A358NIV9,1,PF01476
A0A358NIV9,2,PF01476
A0A358NKD9,1,PF01476
A0A358Q1P6,1,PS51257
A0A358Q4S5,1,PF01476
A0A358Q4S5,2,PF01476
A0A358QSL8,1,PF07833
A0A358TZK6,1,PF01476
A0A358TZK6,2,PF01476
A0A358U9Z2,1,PS51257
A0A359B9X0,1,PF07833
A0A359CU12,3,G3DSA:2.60.40.10
A0A359FX12,2,PF07833
A0A359IJV5,1,PF07833
A0A359IM53,1,PF00041
A0A363N4M5,1,PS51257
A0A363N4P9,5,PF17957
A0A363N4P9,6,PF17957
A0A364K223,1,PF01476
A0A364K223,2,PF01476
A0A364K418,1,PF02839
A0A364K418,2,PF00041
A0A364K7G0,1,PF02839
A0A364K7G0,2,PF00041
A0A364KA09,1,PF08329
A0A364KA09,2,PF00041
A0A364Y0W0,2,PF17957
A0A364Y0W0,3,PF17957
A0A364Y0W0,4,PF02839
A0A364Y0W0,5,PF17957
A0A364Y0W0,6,PF17957
A0A364Y0W0,7,SM00495
A0A364Y0W0,10,PF17957
A0A364Y0W0,11,SM00495
A0A364Y154,2,PF17957
A0A364Y154,3,PF17957
A0A364Y154,4,PF02839
A0A364Y154,5,PF17957
A0A364Y154,6,PF17957
A0A364Y154,7,SM00495
A0A364Y196,1,PS51257
A0A364Y199,2,PF17957
A0A364Y199,5,PF17957
A0A364Y199,6,PF17957
A0A364Y199,7,PF17957
A0A364Y199,8,PF00553
A0A364Y2X4,1,SM00495
A0A364Y2X4,3,PF17957
A0A364Y2X4,4,PF17957
A0A364Y2X4,5,PF17957
A0A364Y2X4,6,PF02839
A0A364Y2X4,7,PF17957
A0A364Y2X4,8,PF17957
A0A364Y2X4,9,SM00495
A0A364Y776,1,PF17957
A0A365XYN8,1,PS51257
A0A365Y487,2,PF17957
A0A365Y487,4,PF17957
A0A365Y487,5,PF17957
A0A365Y487,6,PF02839
A0A366DVC6,2,PF08239
A0A366E7L8,1,PF01476
A0A366E7L8,2,PF01476
A0A366E7L8,3,PF01476
A0A366EC85,1,PF01476
A0A366EC85,2,PF01476
A0A366ECV7,1,PF01476
A0A366ECV7,2,PF01476
A0A366FKP1,1,PF02839
A0A366FKP1,2,PF00041
A0A366FKP1,3,SM00495
A0A366FKP1,4,PF00041
A0A366G5Z4,2,PF00041
A0A366G5Z4,3,PF00553
A0A366GUN4,1,PF01476
A0A366GUN4,2,PF01476
A0A366I9M0,1,PF01476
A0A366I9M0,2,PF01476
A0A366JGZ8,1,PF01476
A0A366JGZ8,2,PF01476
A0A366JIA4,1,PF01476
A0A366JIA4,2,PF01476
A0A366K2I0,3,PF00535
A0A366K4R6,1,PF07833
A0A366K596,1,PF01476
A0A366K596,2,PF01476
A0A366KQZ7,1,PS51257
A0A366KW31,3,PF00535
A0A366LNJ8,1,PF02018
A0A366LNJ8,2,PF00041
A0A366LNM5,1,PF00553
A0A366LNM5,2,PF00041
A0A366LPZ1,1,PF02839
A0A366LPZ1,2,PF00041
A0A366LQ98,1,PF00553
A0A366LQ98,2,PF00553
A0A366LQ98,3,PF00041
A0A366LUF8,1,PF02018
A0A366LYJ1,1,PF02839
A0A366LYJ1,2,PF00041
A0A366M7S9,1,PF00553
A0A366M7S9,2,PF00041
A0A366M7S9,3,PF00041
A0A366WAW5,1,PS51257
A0A366XGP7,1,PS51257
A0A366XGP7,2,PF02839
A0A366XGP7,3,PF17957
A0A366XGP7,4,PF17957
A0A366XKQ7,1,PF08329
A0A366XKQ7,3,PF22352
A0A366XKQ7,4,G3DSA:2.60.40.10
A0A366XKQ7,5,SM00495
A0A366XNX2,2,PF00395
A0A366XNX2,3,PF00395
A0A366XNX2,4,PF00395
A0A366XVW4,3,PF00535
A0A366YHG2,1,SM00495
A0A366YHG2,2,SM00495
A0A366YHG2,3,SM00495
A0A366YHG2,4,SM00495
A0A366YHG2,5,SM00495
A0A366YHG2,6,PF02839
A0A366YHG2,7,SM00495
A0A367CG57,2,PF00041
A0A367CG57,3,PF02839
A0A367CHK8,6,PF00041
A0A367CHK8,7,PF00041
A0A367CHK8,8,SM00495
A0A367CHK8,9,PF02839
A0A367EA48,1,PS51318
A0A367ERD4,1,PS51318
A0A367ES95,1,PF02018
A0A367EYX3,1,PF02839
A0A367EYX3,2,PF00041
A0A367F1S4,1,PS51318
A0A367FAA3,1,PF00553
A0A367FAA3,2,PF00041
A0A367FEF0,1,PF02839
A0A367FEF0,2,PF00041
A0A367FLG4,1,PF00553
A0A367FLG4,2,PF00553
A0A367FLG4,3,PF00041
A0A367FMZ4,1,PF02018
A0A367FMZ4,2,PF00041
A0A367FSZ2,1,PF00553
A0A367FSZ2,2,PF00041
A0A367GPP8,3,PF00535
A0A367HH95,1,PF02018
A0A367HH95,2,PF00041
A0A367HKW0,1,PS51318
A0A367HKW0,3,PF02018
A0A367HMF9,1,PF00553
A0A367HMF9,2,PF00041
A0A367HNF4,1,PS51318
A0A367HQP0,1,PF02018
A0A367HQP0,2,PF00041
A0A367HSS7,1,PS51318
A0A367HSS7,4,PF02839
A0A367HY51,2,PF02839
A0A368CPA9,1,PF00553
A0A368CPA9,2,PF00553
A0A368D2R0,1,PS51257
A0A368DCI8,1,PS51257
A0A368LJF3,1,SM00495
A0A368LJF3,2,PF17957
A0A368LJF3,3,PF17957
A0A368LNT3,1,PF08329
A0A368LNT3,3,PF22352
A0A368LNT3,5,PF02839
A0A368LPU5,1,PF02839
A0A368LPU5,2,PF17957
A0A368LPU5,3,PF17957
A0A368LPU5,4,SM00495
A0A368LPU5,5,PF17957
A0A368LPU5,6,PF17957
A0A368VAJ5,1,PS51257
A0A368VSY1,1,PF07833
A0A368X9T1,1,PF01476
A0A368X9T1,2,PF01476
A0A369AIA8,1,PF07833
A0A369AXJ6,1,PF07833
A0A369AXJ6,2,PF08239
A0A369B1X0,1,PF07833
A0A369B4X2,1,PF01476
A0A369B4X2,2,PF01476
A0A369B5U2,1,PF00395
A0A369B5U2,2,PF00395
A0A369B5U2,3,PF00395
A0A369BMN1,1,PF00395
A0A369BMN1,2,PF00395
A0A369BMN1,3,PF00395
A0A369PRP4,1,PS51257
A0A369Q0Z8,1,PS51257
A0A369UKH0,1,PF17957
A0A369UKH0,2,PF00041
A0A369UZJ9,1,PF02018
A0A369UZJ9,2,PF00041
A0A369V5H0,1,PF00553
A0A369V6A3,1,PF00553
A0A369V6A3,2,PF00041
A0A369V7A4,2,PF02839
A0A369V7G9,1,PS51318
A0A369V7G9,2,PF02018
A0A369V7G9,3,PF00041
A0A369W3W5,1,PS51257
A0A370B6B2,1,PF02018
A0A370B6B2,2,PF00041
A0A370BCW0,1,PF00553
A0A370BCW0,2,PF00041
A0A370G3K7,1,PF01476
A0A370G3K7,2,PF01476
A0A370GQ96,1,PF07833
A0A370GYY2,1,PF01476
A0A370GYY2,2,PF01476
A0A370GYY2,3,PF01476
A0A370I945,2,PF02018
A0A370NDX2,2,PF00041
A0A370QPF3,2,PF02839
A0A370R204,1,SM00495
A0A370VLQ8,1,PF00553
A0A370VPI3,1,PF02018
A0A370VPI3,2,PF00041
A0A370VR90,1,PF02018
A0A370VR90,2,PF00041
A0A370VS56,1,PF00553
A0A370VS56,2,PF00041
A0A370VXI2,1,PS51318
A0A370VXI2,2,PF02018
A0A370VXI2,3,PF00041
A0A371ATR0,1,PF01476
A0A371ATR0,2,PF01476
A0A371AUH2,1,PF01476
A0A371AUH2,2,PF01476
A0A371AVV4,1,PF01476
A0A371AVV4,2,PF01476
A0A371AYP4,1,PF01476
A0A371AYP4,2,PF01476
A0A371AYQ6,1,PF00041
A0A371AYS9,1,PF01476
A0A371AYS9,2,PF01476
A0A371AYV7,1,PF07833
A0A371AZH1,1,PF01476
A0A371AZH1,2,PF01476
A0A371JK81,1,PF01476
A0A371JK81,2,PF01476
A0A371K6E8,1,SM00495
A0A371K6E8,2,PF17957
A0A371K6E8,3,PF00041
A0A371NS57,2,PF02839
A0A371NS57,3,PF02839
A0A371NVK8,1,PS51318
A0A371NVK8,3,PF02839
A0A371NVK8,4,PF02839
A0A371NW03,2,PF02839
A0A371NZ66,2,SM00495
A0A371NZ66,3,SM00495
A0A371P5K4,1,PF00395
A0A371P5K4,3,PF00395
A0A371P5M0,2,PF00041
A0A371P5M0,4,G3DSA:2.60.40.10
A0A371P5M0,5,PF00041
A0A371P5M0,6,PF00395
A0A371P5M0,7,PF00395
A0A371P5M0,8,PF00395
A0A371P896,1,PF07833
A0A371PFY7,1,PF01476
A0A371PFY7,2,PF01476
A0A371Q3W8,1,PF02018
A0A371Q3W8,2,PF00041
A0A371Q8X2,1,PS51318
A0A371RVH6,1,PF01476
A0A371RVH6,2,PF01476
A0A371S124,1,PS51257
A0A371SI24,1,PF01476
A0A371SI24,2,PF01476
A0A371SI24,3,PF01476
A0A371SI24,4,PF01476
A0A371SI24,5,G3DSA:2.60.40.10
A0A371SI24,6,G3DSA:2.60.40.10
A0A371SI24,7,G3DSA:2.60.40.10
A0A371SI24,9,G3DSA:2.60.40.10
A0A371SI24,10,G3DSA:2.60.40.10
A0A371SI24,11,G3DSA:2.60.40.10
A0A371SI24,12,PF01476
A0A371SI24,14,PF01476
A0A371SI24,15,PF01476
A0A371SI24,16,PF01476
A0A371XTL3,1,PS51318
A0A371XY52,1,PF00553
A0A371XZ14,1,PF02018
A0A371XZ14,2,PF00041
A0A371XZW1,1,PF00553
A0A371XZW1,2,PF00041
A0A371Y3N1,1,PS51318
A0A371Y3N1,2,PF02018
A0A371Y3N1,3,PF00041
A0A371Y806,1,PS51318
A0A372FYY9,1,PF00553
A0A372G5P3,1,PS51318
A0A372G5P3,2,PF00553
A0A372GCV5,1,PS51318
A0A372GCV5,2,PF00553
A0A372GCV5,3,PF00041
A0A372GD17,1,PF00553
A0A372GD17,2,PF00553
A0A372GD17,3,PF00041
A0A372GD89,1,PF02018
A0A372GD89,2,PF00041
A0A372GP84,1,PF02839
A0A372J2A3,2,SM00495
A0A372J2A3,3,SM00495
A0A372JKF3,1,PS51318
A0A372JKF3,2,PF00553
A0A372JKF3,3,PF00041
A0A372JPL7,1,PF00553
A0A372JPL7,2,PF00553
A0A372JPL7,3,PF00041
A0A372JS29,1,PF00553
A0A372JS29,2,PF00041
A0A372LDA6,1,PF01476
A0A372LDA6,2,PF01476
A0A372LIC1,1,PF01476
A0A372LIC1,2,PF01476
A0A372LIW3,1,PF01476
A0A372LIW3,2,PF01476
A0A372LRI7,1,PF01476
A0A372LRI7,2,PF01476
A0A372LTV9,1,PF01476
A0A372M5X0,1,PS51257
A0A372NRF7,3,PF00535
A0A372NT77,1,PS51257
A0A372NTT2,1,PS51257
A0A372UFK9,1,PF07833
A0A372UFK9,2,PF08239
A0A372ZIH1,1,PF02018
A0A372ZIH1,2,PF00041
A0A372ZK77,1,PF00553
A0A372ZK77,2,PF00041
A0A372ZP20,1,PF02018
A0A372ZSJ7,1,PS51318
A0A372ZSJ7,2,PF02018
A0A372ZTS0,2,SM00495
A0A372ZV23,1,PF02018
A0A372ZWY8,1,PS51318
A0A372ZWY8,2,PF02018
A0A373A151,1,PS51318
A0A373A151,2,PF02018
A0A373A304,2,PF02018
A0A373B9Q6,1,PF08239
A0A373C632,1,PF08239
A0A373CDI4,1,PF08239
A0A373CPZ8,1,PF08239
A0A373CYE0,1,PF08239
A0A373D418,1,PF08239
A0A373DFH5,1,PF08239
A0A373G1Q4,1,PS51257
A0A373GTV9,1,PF08239
A0A373JDY5,1,PS51257
A0A373JDY5,2,PF07833
A0A373LL46,1,PF08239
A0A373LT83,3,PF02839
A0A373LT83,6,PF02839
A0A373LX41,1,PF01476
A0A373MW24,1,PF08239
A0A373NZY1,1,PF08239
A0A373RY63,1,PF08239
A0A373VKZ1,1,PF02839
A0A373VQ69,2,PF02839
A0A373VQ69,3,PF02839
A0A373VSD3,6,PF02839
A0A373VVQ4,1,PF01476
A0A373W3A9,1,PS51257
A0A374ADC5,1,PS51257
A0A374ASF7,1,PF01476
A0A374ASF7,2,PF01476
A0A374MTR8,1,PS51257
A0A374P1N6,1,PF01476
A0A374PBD1,1,PF08239
A0A374PZE8,1,PS51257
A0A374W8E5,1,PS51257
A0A375YNS9,6,PF00553
A0A375YNS9,8,PF00553
A0A376CXY2,1,SM00495
A0A376CXY2,2,SM00495
A0A376CXY2,3,SM00495
A0A376CXY2,4,SM00495
A0A376CXY2,5,SM00495
A0A376CXY2,6,PF02839
A0A376CXY2,7,SM00495
A0A376E139,2,G3DSA:2.60.40.10
A0A376E139,3,SM00495
A0A376E9L0,3,PF00535
A0A376EL13,3,G3DSA:2.60.40.10
A0A376EM59,3,PF00041
A0A376M302,1,SM00495
A0A376M302,2,SM00495
A0A376M302,3,SM00495
A0A376M302,4,SM00495
A0A376M302,5,SM00495
A0A376M302,6,PF02839
A0A376M302,7,SM00495
A0A376ML52,1,SM00495
A0A376ML52,2,SM00495
A0A376ML52,3,SM00495
A0A376ML52,4,SM00495
A0A376ML52,5,SM00495
A0A376ML52,6,PF02839
A0A376ML52,7,SM00495
A0A376VXH9,1,SM00495
A0A376VXH9,2,SM00495
A0A376VXH9,3,PF02839
A0A376VXH9,4,SM00495
A0A376WT81,1,SM00495
A0A376WT81,2,SM00495
A0A376WT81,3,SM00495
A0A376WT81,4,SM00495
A0A376WT81,5,SM00495
A0A376WT81,6,PF02839
A0A376WT81,7,SM00495
A0A376Y679,1,SM00495
A0A376Y679,2,SM00495
A0A376Y679,3,SM00495
A0A376Y679,4,PF02839
A0A376Y679,5,SM00495
A0A377FIF9,1,SM00495
A0A377FIF9,2,SM00495
A0A377FIF9,3,SM00495
A0A377FIF9,4,SM00495
A0A377FIF9,5,SM00495
A0A377FIF9,6,PF02839
A0A377FIF9,7,SM00495
A0A377HP85,1,PF08329
A0A377HP85,3,PF22352
A0A377HP85,4,G3DSA:2.60.40.10
A0A377HP85,5,PF02839
A0A377HQ40,1,PS51257
A0A377HQ40,2,SM00495
A0A377HQ40,3,PF17957
A0A377HQ40,4,PF17957
A0A377KGX9,2,PF00041
A0A377KGX9,3,PF02839
A0A377KGY5,5,PF00041
A0A377KGY5,6,PF00041
A0A377KGY5,7,SM00495
A0A377KGY5,8,PF02839
A0A377M4W7,1,PF08329
A0A377Q1N8,1,PF02839
A0A377Q1N8,2,PF02839
A0A377QAF7,1,PS51257
A0A377ST16,1,PF02839
A0A377ST16,2,PF02839
A0A377SV13,1,PF02839
A0A378I1G1,1,G3DSA:2.60.40.10
A0A378MNP1,1,G3DSA:2.60.40.10
A0A378MNP1,2,PF17957
A0A378MNP1,4,PF17957
A0A378MNP1,5,PF17957
A0A378SQU6,6,PF00553
A0A378SQU6,8,PF00553
A0A378XN19,1,PF07833
A0A378XV20,1,PF00395
A0A378XV20,2,PF00395
A0A378XV20,3,PF00395
A0A378Y5A2,1,PF07833
A0A379C4F0,1,PF07833
A0A379C4F0,2,PF08239
A0A379DEW8,1,PF07833
A0A379DEW8,2,PF08239
A0A379GAA9,3,PF00535
A0A379QP67,2,G3DSA:2.60.40.10
A0A379S819,2,G3DSA:2.60.40.10
A0A379SFF2,2,G3DSA:2.60.40.10
A0A379SFF2,3,SM00495
A0A379T115,2,G3DSA:2.60.40.10
A0A379THM3,2,G3DSA:2.60.40.10
A0A379TN84,2,G3DSA:2.60.40.10
A0A379V188,2,G3DSA:2.60.40.10
A0A379VWB7,2,G3DSA:2.60.40.10
A0A379WGK4,2,G3DSA:2.60.40.10
A0A379X0K6,2,G3DSA:2.60.40.10
A0A379XVG7,2,G3DSA:2.60.40.10
A0A379XVG7,3,SM00495
A0A379Y6D9,1,PF08329
A0A379YH44,2,SM00495
A0A379YRH9,2,PF00041
A0A379YRH9,3,PF02839
A0A379ZED9,1,PF08329
A0A380A257,1,SM00495
A0A380A257,2,PF17957
A0A380A257,3,PF17957
A0A380A257,4,PF17957
A0A380A9L9,1,PF08329
A0A380A9L9,3,PF22352
A0A380A9L9,5,PF02839
A0A380A9L9,6,SM00495
A0A380AAH5,2,SM00495
A0A380ANW3,2,PF00041
A0A380ANW3,3,PF02839
A0A380BA79,1,PS51257
A0A380BQU0,1,PF01476
A0A380BQU0,2,PF01476
A0A380C7F0,1,PF01476
A0A380C7F0,2,PF01476
A0A380MRJ0,1,PF00553
A0A380MRJ0,2,PF00041
A0A380MSD9,1,PS51318
A0A380MSD9,2,PF00553
A0A380MSD9,3,PF00041
A0A380QDL2,2,PF00041
A0A380QDL2,3,PF02839
A0A380T704,2,PF00041
A0A380T704,3,PF02839
A0A381ETT0,1,PS51257
A0A381ETT0,2,PF02839
A0A381J8B5,1,PF01476
A0A381J8B5,2,PF01476
A0A381KR17,3,PF22352
A0A381KR17,4,PF02839
A0A383R4E0,1,PF02839
A0A383R4E0,2,PF00041
A0A383R4E0,3,PF00041
A0A383R4W3,1,PF00395
A0A383R4W3,2,PF00395
A0A383R4W3,3,PF00395
A0A383R6H1,1,PF07833
A0A383R6H1,2,PF08239
A0A383R7N6,8,PF02839
A0A383R9D5,1,PS51318
A0A383R9D5,3,PF00041
A0A383R9D5,4,PF02839
A0A383RBS7,2,PF00041
A0A383RBS7,3,PF00553
A0A383RJK1,1,PF02839
A0A383RJK1,2,PF00041
A0A383RLS6,1,PF07833
A0A384HX90,1,PS51257
A0A384HX90,2,PF02018
A0A384HX90,3,PF00041
A0A384HZU6,2,PF02839
A0A384I7F5,1,PS51318
A0A384I7F5,2,PF02018
A0A384I7F5,3,PF00041
A0A384I7J3,1,PF02018
A0A384I7J3,2,PF00041
A0A384I8D9,1,PF00553
A0A384I8D9,2,PF00041
A0A384IM55,1,PS51318
A0A384IM55,3,SM00495
A0A384IR52,2,PF02839
A0A384ITJ9,1,PF02018
A0A384IU43,1,PF00553
A0A384IU43,2,PF00041
A0A385D9H9,1,PF00553
A0A385D9H9,2,PF00041
A0A385DM62,1,PF00553
A0A385DM62,2,PF00041
A0A385T136,1,PS51257
A0A385THE8,1,G3DSA:2.60.40.10
A0A385THE8,2,PF00041
A0A385THE8,4,PF00041
A0A385THE8,5,PF00395
A0A385THE8,6,PF00395
A0A385THE8,7,PF00395
A0A385THP9,2,PF02839
A0A385TJA9,1,PF07833
A0A385TM21,1,PF00395
A0A385TM21,2,PF00395
A0A385TM21,3,PF00395
A0A385TYU8,1,PF07833
A0A386H380,1,PF01476
A0A386H380,2,PF01476
A0A386HNS3,3,PF00535
A0A386HS82,1,PS51257
A0A386WDA7,1,PF00553
A0A386WHU0,1,PF02839
A0A386WMK9,1,PS51318
A0A386WUT1,2,PF02839
A0A386WUT1,3,PF02839
A0A386WZT5,1,PF00553
A0A386WZT5,2,PF00041
A0A387H8D2,1,PF02018
A0A387H8D2,2,PF00041
A0A387H9A7,1,PF00553
A0A387H9A7,2,PF00041
A0A387HAB8,2,G3DSA:2.60.40.10
A0A387HAB8,3,PF02018
A0A387HAC6,1,PF02018
A0A387HAC6,2,PF00041
A0A387HGX2,1,PS51318
A0A387HGX2,4,PF02839
A0A387HJR9,1,PS51318
A0A388SWF9,1,PS51318
A0A388SWF9,2,PF02018
A0A388SWF9,3,PF00041
A0A388SYF5,1,PF00553
A0A388SYF5,2,PF00041
A0A389M723,1,PF08329
A0A391PBD4,1,PF08239
A0A395TE00,1,PF17957
A0A395TE00,2,PF17957
A0A395TJI6,1,PS51257
A0A395TJI6,2,PF02839
A0A395TJI6,3,PF17957
A0A395TJI6,4,PF17957
A0A395TJI6,7,SM00495
A0A395TMB1,1,PF08329
A0A395TMB1,3,PF22352
A0A395TMB1,6,PF02839
A0A395ULG0,1,PS51257
A0A395V4Q8,1,PF07833
A0A395X404,1,PF08239
A0A395XJ38,1,PF07833
A0A395Y9V7,1,PF07833
A0A395Y9V7,2,PF08239
A0A395YQS8,1,PS51257
A0A396AJ03,1,PF07833
A0A396AMF7,1,PS51257
A0A396FZS0,1,PF08239
A0A396G6R6,1,PF08239
A0A396KK13,1,PS51257
A0A396KK13,2,PF08239
A0A396LEJ6,1,PF07833
A0A396LEJ6,2,PF08239
A0A396MTQ2,1,PF08239
A0A396PE67,1,PF08239
A0A396Q6N9,1,PF08239
A0A396QK92,1,PF08239
A0A396QNC4,1,PF01476
A0A396S6Q8,1,PF01476
A0A396S6Q8,2,PF01476
A0A396S6Q8,3,PF01476
A0A396S9R5,1,PF01476
A0A396S9R5,2,PF01476
A0A396SB92,1,PF01476
A0A396SB92,2,PF01476
A0A397M4M2,1,SM00495
A0A397M4M2,2,PF17957
A0A397M4M2,3,PF00041
A0A398AUK4,1,PF01476
A0A398AUK4,2,PF01476
A0A398AVK8,1,PF01476
A0A398AVK8,2,PF01476
A0A398B2V4,1,PF01476
A0A398B2V4,2,PF01476
A0A398B2V4,3,PF01476
A0A398B6N3,1,PF01476
A0A398B6N3,2,PF01476
A0A398B6N3,3,PF01476
A0A398B6N3,4,PF01476
A0A398B6N3,5,PF08239
A0A398BBZ6,1,PF01476
A0A398BBZ6,2,PF01476
A0A398BFA6,1,PF01476
A0A398BFA6,2,PF01476
A0A398BKU7,3,PF00535
A0A398CJG4,1,PF00395
A0A398CJG4,2,PF00395
A0A398CJG4,3,PF00395
A0A398CRA6,2,PF07833
A0A398CTK7,1,PF07833
A0A398CTK7,2,PF08239
A0A398CYE1,1,PF07833
A0A399GQC6,1,PS51318
A0A399HJ52,1,PS51257
A0A399SIM4,1,PS51257
A0A399SPL4,1,PS51257
A0A399WTC6,3,PF00535
A0A3A1QRI0,1,PF01476
A0A3A1QRI0,2,PF01476
A0A3A1R2B4,1,PF01476
A0A3A1R2B4,2,PF01476
A0A3A1R2B4,3,PF01476
A0A3A1UK66,1,PF07833
A0A3A1ULQ8,1,G3DSA:2.60.40.10
A0A3A1ULQ8,2,PF00041
A0A3A1ULQ8,4,PF00041
A0A3A1ULQ8,5,PF00395
A0A3A1ULQ8,6,PF00395
A0A3A1ULQ8,7,PF00395
A0A3A1UP68,1,PF00041
A0A3A1UVD8,1,PF00395
A0A3A1UVD8,2,PF00395
A0A3A1UVD8,3,PF00395
A0A3A1VHI8,2,PF00041
A0A3A1VHI8,3,PF02839
A0A3A1VHI8,4,PF00041
A0A3A1VHI8,5,PF02839
A0A3A1VHU5,1,PF01476
A0A3A1VHU5,2,PF01476
A0A3A2I0B9,1,PF08329
A0A3A2I0B9,3,PF22352
A0A3A2I0B9,5,PF02839
A0A3A2I228,1,PF02839
A0A3A2I228,2,PF17957
A0A3A2I228,3,PF17957
A0A3A3CP67,1,SM00495
A0A3A3CP67,2,PF17957
A0A3A3CVY7,1,SM00495
A0A3A3CVY7,2,PF17957
A0A3A3CVY7,5,SM00495
A0A3A3D6R0,1,PF08329
A0A3A3D6R0,3,PF22352
A0A3A3D6R0,4,PF22352
A0A3A3D6R0,5,SM00495
A0A3A3D6R0,6,SM00495
A0A3A3D828,1,PF08329
A0A3A3D828,3,G3DSA:2.60.40.10
A0A3A3D828,4,G3DSA:2.60.40.10
A0A3A3D828,5,PF02839
A0A3A3D828,6,PF02839
A0A3A3DD05,1,PF08329
A0A3A3DD05,3,G3DSA:2.60.40.10
A0A3A3DD05,5,PF02839
A0A3A3DE26,1,PF02839
A0A3A3DE26,2,PF17957
A0A3A3DE26,3,PF17957
A0A3A3DE26,4,SM00495
A0A3A3DE26,5,PF17957
A0A3A3DE26,6,PF17957
A0A3A3EL95,1,PF08329
A0A3A3EL95,4,G3DSA:2.60.40.10
A0A3A3EL95,5,PF02839
A0A3A3EL95,6,PF02839
A0A3A3F2K5,1,SM00495
A0A3A3F2K5,2,PF17957
A0A3A3GDL5,1,PF02839
A0A3A3GDL5,2,PF00041
A0A3A3GTP3,1,PF07833
A0A3A3H2I5,1,PF00395
A0A3A3H2I5,2,PF00395
A0A3A3H2I5,3,PF00395
A0A3A4ABC0,1,PF00553
A0A3A4ABC0,2,PF00041
A0A3A4BA17,3,PF02839
A0A3A4BN59,1,PF02018
A0A3A4U3V3,1,PF07833
A0A3A5IAW3,1,PF01476
A0A3A5IAW3,2,PF01476
A0A3A5IAW3,3,PF01476
A0A3A5ICP2,1,PF01476
A0A3A5ICP2,2,PF01476
A0A3A5IGW0,1,PF01476
A0A3A5IGW0,2,PF01476
A0A3A5PE58,1,PS51257
A0A3A5PG45,1,PS51257
A0A3A5QMY6,1,PS51257
A0A3A5QS30,1,PS51257
A0A3A5R6B1,1,PS51257
A0A3A5RAI9,1,PS51257
A0A3A5RRR6,1,PS51257
A0A3A5RYH7,1,PS51257
A0A3A5S1A5,1,PS51257
A0A3A5S1U3,1,PS51257
A0A3A5S698,1,PS51257
A0A3A5SKU0,1,PS51257
A0A3A5SWX8,1,PS51257
A0A3A5TJU9,1,PS51257
A0A3A5WK63,1,PS51257
A0A3A5WUT1,1,PS51257
A0A3A5WW86,1,PS51257
A0A3A5WZM8,1,PS51257
A0A3A5YEF7,1,PS51257
A0A3A5YRL5,1,PS51257
A0A3A5Z822,1,PS51257
A0A3A5ZLI5,1,PS51257
A0A3A5ZM16,1,PS51257
A0A3A5ZVG8,1,PS51257
A0A3A6FY23,1,PF08239
A0A3A6G2E2,1,PF07833
A0A3A6G2E2,2,PF08239
A0A3A6GFN2,1,PF01476
A0A3A6HG89,1,PF08239
A0A3A6KHF3,1,PS51257
A0A3A6KL56,1,PF08239
A0A3A6KTC5,1,PS51257
A0A3A6MC40,1,PS51257
A0A3A6MWR2,1,PF07833
A0A3A6N3B9,2,PF07833
A0A3A6NF77,1,PF01476
A0A3A6NF77,2,PF01476
A0A3A6PGU0,1,PF00395
A0A3A6PGU0,2,PF00395
A0A3A6PHJ9,1,PF07833
A0A3A6PP53,1,PF08329
A0A3A6PP53,2,PF00041
A0A3A6PP53,3,PF00041
A0A3A6PSI7,1,PF01476
A0A3A6PSI7,2,PF01476
A0A3A6PTG2,2,G3DSA:2.60.40.10
A0A3A6PTG2,4,PF00041
A0A3A6PTG2,5,PF00041
A0A3A6PTG2,6,PF00395
A0A3A6PTG2,7,PF00395
A0A3A6PTG2,8,PF00395
A0A3A6QRB6,2,PF02839
A0A3A6QRB6,4,SM00495
A0A3A6R448,1,PF17957
A0A3A6R448,2,PF17957
A0A3A6R448,3,PF17957
A0A3A6R448,4,PF17957
A0A3A8G0L8,2,G3DSA:2.60.40.10
A0A3A8GKA3,1,PS51257
A0A3A8GKA3,2,PF00041
A0A3A8GKA8,1,PS51257
A0A3A8GZ24,1,PS51257
A0A3A8GZ24,2,PF02839
A0A3A8GZ24,3,PF17957
A0A3A8GZ24,4,PF17957
A0A3A8H5Q8,1,PF02839
A0A3A8H5Q8,2,PF00041
A0A3A8H5Q8,3,PF00041
A0A3A8H6K1,1,PS51257
A0A3A8H6K1,2,PF00041
A0A3A8HCS5,1,PS51257
A0A3A8HCS5,2,PF02839
A0A3A8HCS5,3,PF17957
A0A3A8HCS5,4,PF17957
A0A3A8HS30,1,PS51257
A0A3A8HUC5,2,G3DSA:2.60.40.10
A0A3A8HXY3,2,G3DSA:2.60.40.10
A0A3A8I7Y2,1,PF02839
A0A3A8I7Y2,2,PF00041
A0A3A8IDF5,1,PS51257
A0A3A8IDF5,2,PF00041
A0A3A8IRT4,1,PS51257
A0A3A8IRT4,2,PF00041
A0A3A8J0U3,1,PS51257
A0A3A8J0U3,2,PF02839
A0A3A8J0U3,3,PF17957
A0A3A8J0U3,4,PF17957
A0A3A8J2Q0,2,G3DSA:2.60.40.10
A0A3A8JCH2,1,PS51257
A0A3A8JE75,1,PS51257
A0A3A8JE75,2,PF02839
A0A3A8JE75,3,PF17957
A0A3A8JE75,4,PF17957
A0A3A8JES3,1,PS51257
A0A3A8JES3,2,PF00041
A0A3A8JGR0,1,PS51257
A0A3A8JGR0,2,PF02839
A0A3A8JGR0,3,PF17957
A0A3A8JGR0,4,PF17957
A0A3A8JIM1,1,PF02839
A0A3A8JIM1,2,PF00041
A0A3A8JSL5,2,G3DSA:2.60.40.10
A0A3A8JVQ8,1,PS51257
A0A3A8JVQ8,2,PF00041
A0A3A8K5B6,2,G3DSA:2.60.40.10
A0A3A8K6H3,1,PF02839
A0A3A8K6H3,2,PF00041
A0A3A8K6H3,3,PF00041
A0A3A8K8R9,1,PS51257
A0A3A8KC14,1,PS51257
A0A3A8KC14,2,PF02839
A0A3A8KC14,3,PF17957
A0A3A8KC14,4,PF17957
A0A3A8KD63,1,PS51257
A0A3A8KD63,2,PF00041
A0A3A8KEW1,2,G3DSA:2.60.40.10
A0A3A8L363,1,PF02839
A0A3A8L363,2,PF00041
A0A3A8L363,3,PF00041
A0A3A8LA40,1,PF02839
A0A3A8LA40,2,PF00041
A0A3A8LA40,3,PF00041
A0A3A8LFW8,1,PS51257
A0A3A8LFW8,2,PF02839
A0A3A8LFW8,3,PF17957
A0A3A8LFW8,4,PF17957
A0A3A8MKU8,2,G3DSA:2.60.40.10
A0A3A8MT95,1,PS51257
A0A3A8MT95,2,PF02839
A0A3A8MT95,3,PF17957
A0A3A8MT95,4,PF17957
A0A3A8NI09,1,PS51257
A0A3A8NI09,2,PF00041
A0A3A8NJ88,1,PS51257
A0A3A8NJ88,2,PF02839
A0A3A8NJ88,3,PF17957
A0A3A8NJ88,4,PF17957
A0A3A8NQN7,1,PS51257
A0A3A8NQN7,2,PF00041
A0A3A8PE61,1,PS51257
A0A3A8PE61,2,PF00041
A0A3A8PHN1,2,G3DSA:2.60.40.10
A0A3A8PLY6,1,PS51257
A0A3A8PLY6,2,PF00041
A0A3A8PMU3,2,PF00041
A0A3A8PVE6,1,PS51257
A0A3A8Q8Q9,1,PS51257
A0A3A8Q8Q9,2,PF02839
A0A3A8Q8Q9,3,PF17957
A0A3A8QIU2,1,PS51257
A0A3A8QIU2,2,PF02839
A0A3A8QIU2,3,PF17957
A0A3A8QIU2,4,PF17957
A0A3A8QJ67,1,PF02839
A0A3A8QJ67,2,PF00041
A0A3A8QPQ0,1,PF02839
A0A3A8QPQ0,2,PF00041
A0A3A8QTT6,1,PS51257
A0A3A8R4U0,2,G3DSA:2.60.40.10
A0A3A8RC92,1,PF02839
A0A3A8RC92,2,PF00041
A0A3A8RPF3,1,PS51257
A0A3A8RPF3,2,PF02839
A0A3A8RPF3,3,PF17957
A0A3A8RPF3,4,PF17957
A0A3A8RTQ0,1,PS51257
A0A3A8RYQ9,1,PF02839
A0A3A8RYQ9,2,PF00041
A0A3A8S1K9,1,PS51257
A0A3A8S1K9,2,PF00041
A0A3A8S5V6,2,G3DSA:2.60.40.10
A0A3A8SPI8,2,G3DSA:2.60.40.10
A0A3A8STJ7,1,PF02839
A0A3A8STJ7,2,PF00041
A0A3A8STJ7,3,PF00041
A0A3A8T3Y0,1,PS51257
A0A3A8T9F8,1,PS51257
A0A3A8T9F8,2,PF00041
A0A3A8TBG6,1,PS51257
A0A3A8TH13,1,PS51257
A0A3A8TH13,2,PF02839
A0A3A8TH13,3,PF17957
A0A3A8TH13,4,PF17957
A0A3A8US63,1,PF08239
A0A3A8UT03,1,PF01476
A0A3A8WCP9,1,PF07833
A0A3A8WH43,1,PF01476
A0A3A8Y7R4,1,PF01476
A0A3A8YJ99,1,PF07833
A0A3A8YQC3,1,PF01476
A0A3A8YQC3,2,PF01476
A0A3A8ZNL7,1,PF01476
A0A3A9A088,1,PF08239
A0A3A9AGJ2,1,PF01476
A0A3A9AJ90,1,PF08239
A0A3A9BF99,1,PF01476
A0A3A9BJW6,1,PF08239
A0A3A9BYK5,1,PF08239
A0A3A9ELL3,1,PF01476
A0A3A9ELL3,2,PF01476
A0A3A9FBF5,1,PF01476
A0A3A9FJM0,1,PF08239
A0A3A9FQ62,1,PF08239
A0A3A9FX21,1,PF01476
A0A3A9FX21,2,PF01476
A0A3A9H4V6,1,PF01476
A0A3A9ICL5,1,PF08329
A0A3A9ICL5,3,PF22352
A0A3A9ICL5,5,PF02839
A0A3A9ICL5,6,PF02839
A0A3A9IG21,1,PF08329
A0A3A9IG21,3,PF22352
A0A3A9IG21,4,G3DSA:2.60.40.10
A0A3A9IG21,5,PF02839
A0A3A9IG21,6,PF02839
A0A3A9IHK9,2,PF02839
A0A3A9IHK9,4,SM00495
A0A3A9IP01,1,SM00495
A0A3A9IP01,2,PF17957
A0A3A9IP01,3,PF17957
A0A3A9IP01,5,SM00495
A0A3A9JYG2,1,PF07833
A0A3A9JYG2,2,PF08239
A0A3A9JZR1,1,PF07833
A0A3A9KGY4,1,PF01476
A0A3A9KGY4,2,PF01476
A0A3A9SEA0,1,PS51257
A0A3A9SN27,1,PS51257
A0A3A9T6R4,1,PF08239
A0A3A9V474,1,PS51257
A0A3A9V577,2,PF02839
A0A3A9V577,3,PF02839
A0A3A9VL07,2,PF17957
A0A3A9VL07,3,PF17957
A0A3A9VL07,4,PF02839
A0A3A9VL07,5,PF17957
A0A3A9VL07,7,SM00495
A0A3A9VL07,8,PF17957
A0A3A9VWN9,1,SM00495
A0A3A9VWN9,2,PF17957
A0A3A9VWN9,3,SM00495
A0A3A9VWN9,4,PF17957
A0A3A9WMQ5,1,PS51257
A0A3A9YBN5,1,PF00553
A0A3A9YI53,1,PF02839
A0A3A9YND1,1,PS51318
A0A3A9YVD5,1,PF00553
A0A3A9YXJ2,1,PF00553
A0A3A9ZHP2,1,PS51318
A0A3A9ZNM9,1,PF02839
A0A3A9ZS85,1,PF00553
A0A3A9ZU33,1,PS51318
A0A3A9ZWI3,1,PF00553
A0A3A9ZZM6,1,PF00553
A0A3B0A393,1,PF00553
A0A3B0A393,2,PF00041
A0A3B0A5R4,1,PF00553
A0A3B0AXS8,2,PF00395
A0A3B0AXS8,3,PF00395
A0A3B0AXS8,4,PF00395
A0A3B0BF52,1,PF07833
A0A3B0BF52,2,PF08239
A0A3B0BHM9,1,PF01476
A0A3B0BHM9,2,PF01476
A0A3B0BW83,1,PF00553
A0A3B0BW83,2,PF00041
A0A3B0BX39,1,PF02018
A0A3B0BX39,2,PF00041
A0A3B7MU38,1,PS51257
A0A3B7MVM0,1,PS51257
A0A3B8HUQ9,1,PF07833
A0A3B8ILW3,2,PF17957
A0A3B8ILW3,3,PF17957
A0A3B8ILW3,4,PF17957
A0A3B8ILW3,5,PF02839
A0A3B8ILW3,6,SM00495
A0A3B8ILW3,7,PF17957
A0A3B8ILW3,8,PF17957
A0A3B8ILW3,9,SM00495
A0A3B8ILW3,10,PF00041
A0A3B8IXT2,3,PF17957
A0A3B8IYG8,2,PF00041
A0A3B8J3X7,2,PF17957
A0A3B8J3X7,3,PF17957
A0A3B8J3X7,4,PF17957
A0A3B8J3X7,5,PF02839
A0A3B8J3X7,6,SM00495
A0A3B8J3X7,7,PF17957
A0A3B8J3X7,8,PF17957
A0A3B8J441,1,PF01476
A0A3B8J441,2,PF01476
A0A3B8J441,3,PF08239
A0A3B8J6M4,1,PF00395
A0A3B8J6M4,2,PF00395
A0A3B8J6M4,3,PF00395
A0A3B8K630,1,PF07833
A0A3B8UL60,1,PF07833
A0A3B8X7S4,1,PS51257
A0A3B8XBL4,1,PS51257
A0A3B9ANH5,1,PS51257
A0A3B9GKW7,1,PS51257
A0A3B9NGJ0,3,PF00535
A0A3B9PYT9,2,PF00395
A0A3B9PYT9,3,PF00395
A0A3B9PYT9,4,PF00395
A0A3B9QD93,1,PF07833
A0A3B9QDH0,1,PS51257
A0A3B9QDH0,2,PF07833
A0A3B9SPX3,1,PF07833
A0A3B9WWY4,1,PF08239
A0A3C0B355,2,G3DSA:2.60.40.10
A0A3C0B355,3,G3DSA:2.60.40.10
A0A3C0BNM7,2,G3DSA:2.60.40.10
A0A3C0BNM7,3,PF02839
A0A3C0GV78,1,SM00495
A0A3C0GV78,2,PF17957
A0A3C0GV78,3,PF00041
A0A3C0IZD8,1,PF01476
A0A3C0IZD8,2,PF01476
A0A3C0IZD8,3,PF01476
A0A3C0NNW3,1,PF01476
A0A3C0RBP1,1,PS51257
A0A3C0UHK1,1,PS51257
A0A3C0VQH0,1,PF08239
A0A3C0ZFX5,3,PF00535
A0A3C0ZTP7,1,PF08239
A0A3C1BHK3,3,PF00535
A0A3C1C4I1,5,PF00041
A0A3C1CA83,1,G3DSA:2.60.40.10
A0A3C1DI07,1,PF00553
A0A3C1DI07,2,PF00553
A0A3C1I110,1,PF01476
A0A3C1I110,2,PF01476
A0A3C1K2J4,1,PF01476
A0A3C1K2J4,2,PF01476
A0A3C1L9S9,2,SM00495
A0A3C1L9S9,3,SM00495
A0A3C1LV82,1,PF01476
A0A3C1LV82,2,PF01476
A0A3C1Q7K2,1,PF08239
A0A3C1Q9E3,1,PF01476
A0A3C1RBV8,3,PF00535
A0A3C1S0W9,1,SM00495
A0A3C1S0W9,3,G3DSA:2.60.40.10
A0A3C1S3M8,2,PF17957
A0A3C1S3M8,3,PF17957
A0A3C1S3M8,4,SM00495
A0A3C1S3M8,5,PF17957
A0A3C1S3M8,6,SM00495
A0A3C1T6N0,1,PS51257
A0A3C1WNL0,2,PF00041
A0A3C1WR17,1,PF07833
A0A3C1ZG29,1,PS51257
A0A3C1ZGD9,1,PS51257
A0A3C1ZY33,2,PF17957
A0A3C2AB89,2,PF17957
A0A3C2AB89,3,PF17957
A0A3C2AB89,4,PF17957
A0A3C2AB89,5,PF02839
A0A3C2AB89,6,SM00495
A0A3C2AB89,7,PF17957
A0A3C2AB89,8,PF17957
A0A3C2AB89,9,SM00495
A0A3C2ABC3,1,PF00041
A0A3C2CUQ8,1,PF01476
A0A3C2CUQ8,2,PF01476
A0A3C2CXD7,1,PF01476
A0A3C2CXD7,2,PF01476
A0A3D0CDR2,1,PF08329
A0A3D0F7I4,1,PS51257
A0A3D0M375,1,PF01476
A0A3D0M375,2,PF01476
A0A3D0PX63,2,SM00495
A0A3D0QVM4,1,PS51257
A0A3D0QZG1,1,PF00553
A0A3D0QZG1,2,PF00041
A0A3D0R236,1,PS51318
A0A3D0R236,2,PF02018
A0A3D0R236,3,PF00041
A0A3D0SUW8,3,PF00535
A0A3D0Y8R8,1,PF07833
A0A3D0YAL6,1,G3DSA:2.60.40.10
A0A3D0YAX8,1,PF01476
A0A3D0YBE0,2,PF07833
A0A3D0YYG4,2,PF01476
A0A3D0YYG4,3,PF01476
A0A3D0YYG4,4,PF01476
A0A3D0YYU4,1,PF00395
A0A3D0YYU4,2,PF00395
A0A3D0YYU4,3,PF00395
A0A3D0Z8D5,1,PF01476
A0A3D0Z8D5,2,PF01476
A0A3D1BPZ1,1,PS51257
A0A3D1BTL7,1,PS51257
A0A3D1FSS6,1,PF01476
A0A3D1FSS6,2,PF01476
A0A3D1HCU0,1,PF01476
A0A3D1HCU0,2,PF01476
A0A3D1LCQ5,1,PF01476
A0A3D1LCQ5,2,PF01476
A0A3D1M4A4,1,PF08239
A0A3D1PQH0,1,PF07833
A0A3D1QGH4,1,PF07833
A0A3D1RI77,1,PF07833
A0A3D1RQ66,1,PF07833
A0A3D1RVY1,1,PF07833
A0A3D1VN72,1,PF00041
A0A3D1Z917,1,PF08329
A0A3D1Z917,3,PF22352
A0A3D1Z917,5,PF02839
A0A3D1ZT02,2,SM00495
A0A3D2B708,2,PF22352
A0A3D2B708,3,PF02839
A0A3D2B708,4,PF02839
A0A3D2C9K9,1,PS51257
A0A3D2CLQ4,1,PF01476
A0A3D2CLQ4,2,PF01476
A0A3D2DJP1,1,PF07833
A0A3D2FRI4,2,G3DSA:2.60.40.10
A0A3D2G974,1,PF08239
A0A3D2I3Q6,1,PF01476
A0A3D2IMJ7,1,PF08239
A0A3D2KL27,2,PF07833
A0A3D2KN24,1,PF01476
A0A3D2KN24,2,PF01476
A0A3D2KQL2,2,PF00395
A0A3D2KQL2,3,PF00395
A0A3D2KQL2,4,PF00395
A0A3D2TWM4,1,PF07833
A0A3D2X0Y1,1,PF01476
A0A3D2X0Y1,2,PF01476
A0A3D2X7H1,1,PF02839
A0A3D3CS40,3,PF00535
A0A3D3GTA8,1,PF08329
A0A3D3H1N2,1,PF08329
A0A3D3M9L4,3,PF00535
A0A3D3MLR1,3,PF00041
A0A3D3MN71,3,PF00041
A0A3D3MQP6,3,PF00535
A0A3D3RIL1,1,PF02839
A0A3D4CDT3,1,PS51257
A0A3D4D7R3,1,PF01476
A0A3D4D7R3,2,PF01476
A0A3D4EAJ2,1,PS51257
A0A3D4EGX2,1,PF01476
A0A3D4FJA4,6,PF02839
A0A3D4I308,1,PF01476
A0A3D4I308,2,PF01476
A0A3D4JY27,3,PF00535
A0A3D4LMQ0,1,PF01476
A0A3D4LMQ0,2,PF01476
A0A3D4LR49,1,PF07833
A0A3D4Q169,1,SM00495
A0A3D4Q169,2,SM00495
A0A3D4Q1I4,1,SM00495
A0A3D4Q1I4,2,SM00495
A0A3D4Q9N1,1,PF08239
A0A3D4QT12,1,PF01476
A0A3D4QT12,2,PF01476
A0A3D4QUD6,1,PF01476
A0A3D4QUD6,2,PF01476
A0A3D4QUD6,3,PF08239
A0A3D4T9S1,1,PS51257
A0A3D4TR09,1,SM00495
A0A3D4TR09,2,PF17957
A0A3D4TR09,3,PF00041
A0A3D4VYD3,1,PF01476
A0A3D4VYD3,2,PF01476
A0A3D4WKL9,1,PF02018
A0A3D4WKL9,2,PF00041
A0A3D4WPN4,1,PF00553
A0A3D4WVY9,3,PF00041
A0A3D4WYZ4,2,PF02839
A0A3D4WYZ4,3,PF02839
A0A3D4X075,1,PF02839
A0A3D4X1T8,2,PF02839
A0A3D4X1T8,3,PF02839
A0A3D4X3S7,2,PF00041
A0A3D4X5B6,1,PF08239
A0A3D4XI88,1,PS51257
A0A3D4Y309,1,PF07833
A0A3D5AGT9,1,PF00553
A0A3D5AH66,1,PF00553
A0A3D5AH66,2,PF00041
A0A3D5ARZ2,2,PF02839
A0A3D5CQU6,2,PF00041
A0A3D5CQU6,3,PF02839
A0A3D5EH53,1,SM00495
A0A3D5EH53,2,PF17957
A0A3D5EM99,3,G3DSA:2.60.40.10
A0A3D5EM99,4,PF02839
A0A3D5EM99,5,PF02839
A0A3D5H5Q3,2,PF17957
A0A3D5JND4,1,SM00495
A0A3D5JND4,2,PF17957
A0A3D5JND4,3,PF00041
A0A3D5KG32,1,PF01476
A0A3D5KG32,2,PF01476
A0A3D5L1H2,2,PF02839
A0A3D5L2X1,1,PF08239
A0A3D5LD54,1,PF07833
A0A3D5MNT6,1,PF07833
A0A3D5PC17,1,PF01476
A0A3D5PC17,2,PF01476
A0A3D5RI19,1,PS51257
A0A3D5RKQ7,1,PS51257
A0A3D5RLI7,1,PS51257
A0A3D5TAM1,1,PF08239
A0A3D5TG52,1,PF01476
A0A3D5TG52,2,PF01476
A0A3D5YT75,1,PS51257
A0A3D6BJ93,1,PF01476
A0A3D7VJ15,3,PF00041
A0A3D7VJ15,4,PF02839
A0A3D8GJU7,1,PF01476
A0A3D8GJU7,2,PF01476
A0A3D8GN18,3,PF00535
A0A3D8GQG3,1,PF01476
A0A3D8GQG3,2,PF01476
A0A3D8GQG3,3,PF01476
A0A3D8GRI1,1,PF01476
A0A3D8GRI1,2,PF01476
A0A3D8GU18,1,PF01476
A0A3D8GU18,2,PF01476
A0A3D8GW90,1,PF01476
A0A3D8GW90,2,PF01476
A0A3D8GW90,3,PF01476
A0A3D8PI08,1,PF01476
A0A3D8PI08,2,PF01476
A0A3D8PNI8,1,PF01476
A0A3D8PNI8,2,PF01476
A0A3D8PVC7,1,PF01476
A0A3D8PVC7,2,PF01476
A0A3D8PW90,1,PF01476
A0A3D8PW90,2,PF01476
A0A3D8VD55,1,SM00495
A0A3D8VD55,2,PF17957
A0A3D8VD55,3,PF00041
A0A3D8VNN0,1,PF01476
A0A3D8VNN0,2,PF01476
A0A3D8VQS0,1,PF01476
A0A3D8VQS0,2,PF01476
A0A3D8VQS0,3,PF01476
A0A3D8VU02,1,PF01476
A0A3D8VU02,2,PF01476
A0A3D8X558,1,PF01476
A0A3D8X558,2,PF01476
A0A3D8X5M5,1,PF01476
A0A3D8X5M5,2,PF01476
A0A3D8Y6R1,1,PS51257
A0A3D8YS88,1,PF01476
A0A3D8YW65,1,PF01476
A0A3D8YW65,2,PF01476
A0A3D9B322,1,PS51257
A0A3D9B5E6,3,PF00041
A0A3D9BHA4,3,PF00535
A0A3D9C395,3,PF00535
A0A3D9CEA2,3,PF00041
A0A3D9CFC6,3,PF00041
A0A3D9CT55,3,PF00041
A0A3D9DQK7,3,PF00041
A0A3D9DR42,3,PF00041
A0A3D9G5W1,1,PF07833
A0A3D9G8W1,1,PF07833
A0A3D9GX29,1,PF00395
A0A3D9GX29,2,PF00395
A0A3D9GX29,3,PF00395
A0A3D9HYY9,2,PF00041
A0A3D9HYY9,3,PF02839
A0A3D9HZ01,1,PF07833
A0A3D9I3X7,1,PF07833
A0A3D9I3X7,2,PF08239
A0A3D9I4K1,1,PF07833
A0A3D9I842,2,PF00041
A0A3D9I842,3,PF02839
A0A3D9I842,4,PF00041
A0A3D9I842,5,PF00041
A0A3D9I842,6,PF02839
A0A3D9ICH4,1,PF00395
A0A3D9ICH4,2,PF00395
A0A3D9ICH4,3,PF00395
A0A3D9IQ96,1,PF07833
A0A3D9IW26,1,PF08329
A0A3D9IW26,2,PF00041
A0A3D9IW26,3,PF00041
A0A3D9IYE1,1,PF07833
A0A3D9JPL4,3,PF00041
A0A3D9JPL4,4,PF02839
A0A3D9KFS1,1,PF00041
A0A3D9KFS1,2,G3DSA:2.60.40.10
A0A3D9KFS1,4,PF00041
A0A3D9KFS1,6,PF00395
A0A3D9KFS1,7,PF00395
A0A3D9L4V4,2,PF17957
A0A3D9L4V4,3,PF17957
A0A3D9L4V4,4,SM00495
A0A3D9L4V4,5,PF17957
A0A3D9L4V4,6,PF17957
A0A3D9L4V4,8,PF17957
A0A3D9L4V4,9,PF02839
A0A3D9L712,1,PF02839
A0A3D9L712,2,PF17957
A0A3D9L712,3,SM00495
A0A3D9L712,4,PF17957
A0A3D9PYJ4,1,PF00395
A0A3D9PYJ4,2,PF00395
A0A3D9PYJ4,3,PF00395
A0A3D9Q670,1,PF07833
A0A3D9QZR1,2,PF02018
A0A3D9RRP3,1,PF01476
A0A3D9RRP3,2,PF01476
A0A3D9S553,1,PF07833
A0A3D9V7T1,2,PF00041
A0A3D9V7T1,3,PF00553
A0A3D9ZKA4,1,PS51318
A0A3D9ZKA4,2,PF00553
A0A3D9ZKA4,3,PF00041
A0A3D9ZL72,1,PF00553
A0A3D9ZL72,2,PF00041
A0A3D9ZUC6,1,PF00553
A0A3D9ZUC6,2,PF00041
A0A3D9ZVI6,1,PS51257
A0A3D9ZZT3,1,PF00553
A0A3E0A314,1,PS51257
A0A3E0DJW9,1,PS51257
A0A3E0EV05,1,PS51257
A0A3E0GWJ4,1,PF00553
A0A3E0GWJ4,2,PF00041
A0A3E0GZI3,1,PS51257
A0A3E0H0I4,2,PF02018
A0A3E0HCB7,1,PS51318
A0A3E0HF76,2,PF02839
A0A3E0HG57,1,PS51318
A0A3E0HMA9,2,PF17957
A0A3E0HMA9,3,PF17957
A0A3E0HMA9,4,PF02839
A0A3E0HMA9,5,PF17957
A0A3E0HMA9,6,SM00495
A0A3E0HMA9,7,PF17957
A0A3E0HU56,1,PF02018
A0A3E0HZ79,1,PF02018
A0A3E0HZ79,2,PF00041
A0A3E0HZJ3,2,PF02839
A0A3E0HZJ3,3,PF02839
A0A3E0I852,1,PS51257
A0A3E0I947,1,PF00553
A0A3E0I947,2,PF00553
A0A3E0I947,3,PF00041
A0A3E0JA30,1,PF01476
A0A3E0JA30,2,PF01476
A0A3E0JDC0,1,PF01476
A0A3E0JDC0,2,PF01476
A0A3E0JDC0,3,PF01476
A0A3E0K8H4,1,PF01476
A0A3E0K8H4,2,PF01476
A0A3E0K8H4,3,PF01476
A0A3E0K905,1,PF01476
A0A3E0K905,2,PF01476
A0A3E0KBY3,1,PF08239
A0A3E0KNB9,1,PF00395
A0A3E0KSD5,1,PF00395
A0A3E0KSD5,2,PF00395
A0A3E0KSD5,3,PF00395
A0A3E0QP05,1,PF07833
A0A3E0QP05,2,PF08239
A0A3E0WPZ4,1,PF01476
A0A3E0WPZ4,2,PF01476
A0A3E0WPZ4,3,PF01476
A0A3E0WU46,1,PF01476
A0A3E0WU46,2,PF01476
A0A3E1KJ51,1,PS51257
A0A3E1NRN5,3,PF00535
A0A3E1NSW6,2,PF17957
A0A3E1NSW6,3,PF02839
A0A3E1NSW6,4,PF17957
A0A3E1NUG3,1,PS51257
A0A3E1P8Y8,2,PF17957
A0A3E1P8Y8,4,PF17957
A0A3E1P8Y8,5,PF02839
A0A3E1P8Y8,6,PF17957
A0A3E1P8Y8,7,SM00495
A0A3E2B3X8,1,PF01476
A0A3E2B3X8,2,PF01476
A0A3E2ECF9,2,SM00495
A0A3E2J339,1,PF01476
A0A3E2J339,2,PF01476
A0A3E2JMJ2,1,PF01476
A0A3E2JMJ2,2,PF01476
A0A3E2JQS4,1,PF01476
A0A3E2JQS4,2,PF01476
A0A3E2JTY7,1,PF01476
A0A3E2JTY7,2,PF01476
A0A3E2N1D5,2,PF00553
A0A3E2N1D5,3,PF00553
A0A3E2N5L9,1,PF08239
A0A3E2NAS1,1,PF01476
A0A3E2NAS1,2,PF01476
A0A3E2NFX4,1,PF01476
A0A3E2NGH4,1,PF00041
A0A3E2NIT6,1,PF01476
A0A3E2NIT6,2,PF01476
A0A3E2NL41,3,PF00535
A0A3E2WXP5,1,PF01476
A0A3E2X276,1,PF08239
A0A3E2YIX8,1,PF02839
A0A3E2YKK6,1,PF00553
A0A3E2YNW4,1,PF00553
A0A3E2YW09,1,PS51318
A0A3E2YW09,2,PF00553
A0A3E2YWI7,1,PF00553
A0A3E2YWI7,2,PF00041
A0A3E3DJE3,1,PF01476
A0A3E3DSY4,1,PF08239
A0A3E3I0W9,1,PF01476
A0A3E3I6P8,1,PF08239
A0A3E3IFK3,1,PF08239
A0A3E3ILV8,1,PF01476
A0A3E3K0K4,1,PF08239
A0A3E4IK71,1,PS51257
A0A3E4KCQ5,1,PS51257
A0A3E4KW27,1,PS51257
A0A3E4LHY2,1,PF08239
A0A3E4MGW5,1,PF07833
A0A3E4PY21,1,PF07833
A0A3E4Q2G4,1,PS51257
A0A3E4U6C8,1,PF01476
A0A3E4UEC3,1,PF08239
A0A3E4V115,1,PF08239
A0A3E4VA43,1,PF01476
A0A3E4WEE4,1,PS51257
A0A3E4XPU9,1,PS51257
A0A3E5A3H0,1,PF08239
A0A3E5B551,1,PS51257
A0A3E5BCV4,1,PS51257
A0A3E5BL79,1,PS51257
A0A3E5E6H7,1,PS51257
A0A3E5ESJ5,1,PS51257
A0A3E5F250,1,PS51257
A0A3E5G2X9,1,PS51257
A0A3E5GBV8,1,PF07833
A0A3E5GBV8,2,PF08239
A0A3E5ICG9,1,PS51257
A0A3F2ZSS5,1,PF01476
A0A3F2ZSS5,2,PF01476
A0A3F2ZSS5,3,PF08239
A0A3F2ZTP7,2,G3DSA:2.60.40.10
A0A3F2ZTP7,3,G3DSA:2.60.40.10
A0A3F2ZTP7,4,PF08329
A0A3F2ZU77,2,G3DSA:2.60.40.10
A0A3F2ZU77,3,PF02839
A0A3F2ZZY5,2,PF02839
A0A3F3ICA3,2,G3DSA:2.60.40.10
A0A3F3JF47,2,G3DSA:2.60.40.10
A0A3G1KMF3,1,PF01476
A0A3G1KMF3,2,PF01476
A0A3G1KRQ6,1,PS51257
A0A3G1KVA8,1,PF07833
A0A3G1L082,1,PF07833
A0A3G1L1H8,1,PS51257
A0A3G2E876,1,PS51257
A0A3G2E876,2,PF02839
A0A3G2EDD2,1,PF02839
A0A3G2EDD2,2,PF02839
A0A3G2EH86,1,PF02839
A0A3G2J6H9,1,PS51318
A0A3G2J6H9,3,PF02839
A0A3G2JA20,1,PF02018
A0A3G2JA20,2,PF00041
A0A3G2JBI9,1,PF02018
A0A3G2JBI9,2,PF00041
A0A3G2JHT3,1,PF00553
A0A3G2JIJ4,1,PF00553
A0A3G2JIJ4,2,PF00041
A0A3G2JP99,2,PF02839
A0A3G2RA53,1,PF07833
A0A3G2RBB8,1,PF07833
A0A3G2RBB8,2,PF08239
A0A3G3E4X9,2,G3DSA:2.60.40.10
A0A3G3IKT6,1,PS51257
A0A3G3IKT6,2,SM00495
A0A3G3IKT6,3,SM00495
A0A3G3IKT6,4,PF08329
A0A3G3JWI5,1,PF00395
A0A3G3JWI5,2,PF00395
A0A3G3JWI5,3,PF00395
A0A3G3JX18,2,PF07833
A0A3G3JXD2,1,PF07833
A0A3G3K2D0,1,PF07833
A0A3G3K3W9,3,PF00041
A0A3G3K3W9,4,PF00041
A0A3G3K3W9,5,PF02839
A0A3G3K4P9,1,PF07833
A0A3G3K4P9,2,PF08239
A0A3G4V946,1,PF08329
A0A3G4V946,3,PF22352
A0A3G4V946,4,G3DSA:2.60.40.10
A0A3G4V946,5,PF02839
A0A3G4VFM6,2,PF02839
A0A3G4VFM6,4,SM00495
A0A3G4VUR1,2,PF02839
A0A3G4VUY6,2,PF02839
A0A3G4VYI6,1,PF00553
A0A3G4VYI6,2,PF00041
A0A3G4VZQ2,1,PF02018
A0A3G4VZQ2,2,PF00041
A0A3G5T454,1,PF00553
A0A3G5T454,2,PF00041
A0A3G5UCD8,1,PF01476
A0A3G5UCD8,2,PF01476
A0A3G5UCN5,3,PF00535
A0A3G5UKI1,2,PF00041
A0A3G5UKI1,3,PF00553
A0A3G6PHH5,3,PF00041
A0A3G6PK25,3,PF00041
A0A3G6PK72,3,PF00535
A0A3G6RFY7,3,PF00535
A0A3G6RQL5,3,PF00041
A0A3G6RTJ7,3,PF00535
A0A3G6RUB0,3,PF00041
A0A3G6RXN1,2,PF00041
A0A3G6S1B0,3,G3DSA:2.60.40.10
A0A3G6T4P5,3,PF00041
A0A3G6TBT7,3,PF00535
A0A3G6UQV0,1,PF01476
A0A3G6UQV0,2,PF01476
A0A3G7TM85,2,G3DSA:2.60.40.10
A0A3G7TM85,3,PF02839
A0A3G7UBG3,2,G3DSA:2.60.40.10
A0A3G7UBG3,3,PF02839
A0A3G8H5E1,2,G3DSA:2.60.40.10
A0A3G8H5E1,3,G3DSA:2.60.40.10
A0A3G8R1F4,1,PF00395
A0A3G8R1F4,2,PF00395
A0A3G8R1F4,3,PF00395
A0A3G8R1X2,1,PF07833
A0A3G8RAB9,1,PF07833
A0A3G8WWF5,1,PS51257
A0A3G8WYV6,1,PS51257
A0A3G8WYW5,1,PS51257
A0A3G9IQ54,4,PF00395
A0A3G9IQ54,5,PF00395
A0A3G9IQ54,6,PF00395
A0A3G9J1R2,1,PF07833
A0A3G9J3S5,1,PF07833
A0A3G9J7T0,1,PF00395
A0A3G9J7T0,2,PF00395
A0A3G9J7T0,3,PF00395
A0A3G9JBF4,1,PF00395
A0A3G9JBF4,2,PF00395
A0A3G9JBF4,3,PF00395
A0A3G9JCX2,4,PF00535
A0A3I2PWC0,2,G3DSA:2.60.40.10
A0A3I5E9D7,2,G3DSA:2.60.40.10
A0A3J0N1W3,2,G3DSA:2.60.40.10
A0A3J4LHS5,2,G3DSA:2.60.40.10
A0A3J5XQD9,2,G3DSA:2.60.40.10
A0A3J6UPQ3,2,G3DSA:2.60.40.10
A0A3K0PE27,2,G3DSA:2.60.40.10
A0A3K2YUJ5,1,SM00495
A0A3K2YUJ5,2,SM00495
A0A3K2YUJ5,3,SM00495
A0A3K2YUJ5,4,SM00495
A0A3K2YUJ5,5,SM00495
A0A3K2YUJ5,6,PF02839
A0A3K2YUJ5,7,SM00495
A0A3L0VUP8,1,PF08329
A0A3L0VUP8,3,PF22352
A0A3L0VUP8,5,PF02839
A0A3L0VUP8,6,PF02839
A0A3L0YGH8,1,SM00495
A0A3L0YGH8,2,PF17957
A0A3L0YGH8,3,PF17957
A0A3L0YGH8,5,SM00495
A0A3L5GX40,1,SM00495
A0A3L5GX40,2,SM00495
A0A3L5GX40,3,SM00495
A0A3L5GX40,4,SM00495
A0A3L5GX40,5,SM00495
A0A3L5GX40,6,PF02839
A0A3L5GX40,7,SM00495
A0A3L7AXS5,1,PS51318
A0A3L7B5R9,1,PF00553
A0A3L7BPT5,1,PS51318
A0A3L7BWN8,1,PF02839
A0A3L7JGV4,1,PF01476
A0A3L7JGV4,2,PF01476
A0A3L7JZ45,1,PF07833
A0A3L7JZ45,2,PF08239
A0A3L7K4T6,1,PF01476
A0A3L7K4T6,2,PF01476
A0A3L7K4T6,3,PF01476
A0A3L7MPP4,1,PF00553
A0A3L7MPP4,2,PF00553
A0A3L7N0H7,2,PF00553
A0A3L7N0H7,9,PF00553
A0A3L7NYN8,1,PF00553
A0A3L7NYN8,3,PF00553
A0A3L7Q2T2,1,PF00553
A0A3L7Q2T2,3,PF00553
A0A3L7TCN1,1,PF00553
A0A3L7TGL4,1,PF00553
A0A3L7VZA5,2,G3DSA:2.60.40.10
A0A3L7VZA5,3,G3DSA:2.60.40.10
A0A3L7W8H3,2,G3DSA:2.60.40.10
A0A3L7W8H3,3,G3DSA:2.60.40.10
A0A3L7W8L0,1,PS51257
A0A3L7YG68,1,PS51257
A0A3L7YUZ0,1,PS51257
A0A3L8A5G8,1,PS51257
A0A3M0I6S2,1,PF02018
A0A3M0I6S2,2,PF00041
A0A3M0IC83,1,PS51318
A0A3M0ICM5,1,PS51318
A0A3M0ICM5,2,PF00553
A0A3M0IFV7,1,PS51318
A0A3M0IFV7,2,PF02018
A0A3M0IFV7,3,PF00041
A0A3M0IGA1,1,PF00553
A0A3M0IGA1,2,PF00041
A0A3M0SLP6,1,PF00041
A0A3M0WNX7,2,G3DSA:2.60.40.10
A0A3M0YQC1,2,G3DSA:2.60.40.10
A0A3M1AES5,2,G3DSA:2.60.40.10
A0A3M1IEH9,1,PS51257
A0A3M1NRC8,1,PS51257
A0A3M1NTJ7,2,G3DSA:2.60.40.10
A0A3M1TB64,1,PS51257
A0A3M2FAA6,1,PS51257
A0A3M2FEN1,2,G3DSA:2.60.40.10
A0A3M2LKF4,1,PF00553
A0A3M2LKF4,2,PF00041
A0A3M2LPE8,1,PF00553
A0A3M2LPE8,2,PF00553
A0A3M2LPE8,3,PF00041
A0A3M2M811,1,PS51318
A0A3M2M811,2,PF00553
A0A3M2M811,3,PF00041
A0A3M2W160,2,PF00041
A0A3M2W160,3,PF02839
A0A3M2ZE57,2,PF00041
A0A3M2ZE57,3,PF02839
A0A3M3B0N1,2,PF00041
A0A3M3B0N1,3,PF02839
A0A3M3FN68,2,PF00041
A0A3M3FN68,3,PF02839
A0A3M3JRF9,2,PF00041
A0A3M3JRF9,3,PF02839
A0A3M3R028,2,PF00041
A0A3M3R028,3,PF02839
A0A3M3RB66,2,PF00041
A0A3M3RB66,3,PF02839
A0A3M3V4Z4,2,PF00041
A0A3M3V4Z4,3,PF02839
A0A3M3YAY7,2,PF00041
A0A3M3YAY7,3,PF02839
A0A3M3YV13,2,PF00041
A0A3M3YV13,3,PF02839
A0A3M3ZP96,2,PF00041
A0A3M3ZP96,3,PF02839
A0A3M3ZPX7,2,PF00041
A0A3M3ZPX7,3,PF02839
A0A3M4J904,2,PF00041
A0A3M4J904,3,PF02839
A0A3M4KSY6,2,PF00041
A0A3M4KSY6,3,PF02839
A0A3M4LHX3,2,PF00041
A0A3M4LHX3,3,G3DSA:2.60.40.10
A0A3M4LHX3,4,PF02839
A0A3M4SKI3,2,PF00041
A0A3M4SKI3,3,PF02839
A0A3M4SKI6,2,PF00041
A0A3M4SKI6,3,PF02839
A0A3M4TNU2,2,PF00041
A0A3M4TNU2,3,PF02839
A0A3M4YTC7,2,PF00041
A0A3M4YTC7,3,PF02839
A0A3M5E1S1,2,PF00041
A0A3M5E1S1,3,PF02839
A0A3M5GBX1,2,PF00041
A0A3M5GHP4,2,PF00041
A0A3M5GHP4,3,PF02839
A0A3M5J593,2,PF00041
A0A3M5J5W1,2,PF00041
A0A3M5J5W1,3,G3DSA:2.60.40.10
A0A3M5J5W1,4,PF02839
A0A3M5KKS3,2,PF00041
A0A3M5KKS3,3,PF02839
A0A3M5T680,2,PF00041
A0A3M5T680,3,PF02839
A0A3M5WER2,2,PF00041
A0A3M5WER2,3,PF02839
A0A3M5X1E7,2,PF00041
A0A3M5X1E7,3,PF02839
A0A3M5ZV86,2,PF00041
A0A3M5ZV86,3,PF02839
A0A3M6A2C1,2,PF00041
A0A3M6A2C1,3,PF02839
A0A3M6AIW7,2,PF00041
A0A3M6AIW7,3,PF02839
A0A3M6BPR9,2,PF00041
A0A3M6BPR9,3,PF02839
A0A3M6CHS5,2,PF00041
A0A3M6CHS5,3,PF02839
A0A3M6ESG8,2,G3DSA:2.60.40.10
A0A3M7TYF6,1,PF01476
A0A3M7TYF6,2,PF01476
A0A3M8AAE7,1,PF00395
A0A3M8AAE7,2,PF00395
A0A3M8AAE7,3,PF00395
A0A3M8AJW9,1,PF07833
A0A3M8AMW7,1,PF07833
A0A3M8AMW7,2,PF08239
A0A3M8ARJ0,1,PF01476
A0A3M8ARJ0,2,PF01476
A0A3M8B0A4,1,PF01476
A0A3M8B0A4,2,PF01476
A0A3M8B8C1,1,PF00395
A0A3M8B8C1,2,PF00395
A0A3M8B8C1,3,PF00395
A0A3M8BUD4,1,PF07833
A0A3M8BUD4,2,PF08239
A0A3M8C8N4,1,PF07833
A0A3M8CCR5,1,PF01476
A0A3M8CCR5,2,PF01476
A0A3M8CHS6,1,PF00395
A0A3M8CHS6,2,PF00395
A0A3M8CHS6,3,PF00395
A0A3M8CLM0,1,PF01476
A0A3M8CLM0,2,PF01476
A0A3M8CLY7,1,PF07833
A0A3M8CLY7,2,PF08239
A0A3M8CPF0,1,PF07833
A0A3M8CXI1,1,PS51257
A0A3M8D181,1,PF00395
A0A3M8D181,2,PF00395
A0A3M8D181,3,PF00395
A0A3M8D5G6,1,PF07833
A0A3M8D5G6,2,PF08239
A0A3M8D9W3,1,PF01476
A0A3M8D9W3,2,PF01476
A0A3M8DHD6,1,PF07833
A0A3M8DIU0,1,PS51257
A0A3M8DJZ6,1,PF07833
A0A3M8DMU0,1,PF00395
A0A3M8DMU0,2,PF00395
A0A3M8DMU0,3,PF00395
A0A3M8DMZ4,1,PF01476
A0A3M8DMZ4,2,PF01476
A0A3M8DWQ0,1,PF07833
A0A3M8DWQ0,2,PF08239
A0A3M8H562,1,PF01476
A0A3M8H562,2,PF01476
A0A3M8H562,3,PF01476
A0A3M8H871,1,PF01476
A0A3M8H871,2,PF01476
A0A3M8WD57,1,PS51318
A0A3M9N4L1,3,PF00535
A0A3N0BXG6,2,PF02839
A0A3N0BXG6,3,PF02839
A0A3N0C2W8,3,PF00535
A0A3N0DA48,1,PS51318
A0A3N0DA48,2,PF02018
A0A3N0DA48,3,PF00041
A0A3N0DAV9,1,PF00553
A0A3N0DAV9,2,PF00041
A0A3N0DQK8,1,PS51257
A0A3N0DQL6,1,PS51257
A0A3N0EAS5,1,PS51257
A0A3N0EMV2,2,PF17957
A0A3N0EMV2,4,PF17957
A0A3N0EMV2,5,PF02839
A0A3N0VSS8,2,PF00041
A0A3N0VSX1,3,G3DSA:2.60.40.10
A0A3N0WBC3,3,PF00041
A0A3N0WGN6,3,PF00535
A0A3N1ANE3,1,PF00553
A0A3N1AX57,1,PF00553
A0A3N1GGD4,1,PS51257
A0A3N1GGD4,2,SM00495
A0A3N1GK61,1,PS51257
A0A3N1GMG0,1,PF00553
A0A3N1GPS7,1,PS51257
A0A3N1GPS7,2,SM00495
A0A3N1GPT7,1,PS51257
A0A3N1GPT7,2,PF02839
A0A3N1GPV7,1,PS51257
A0A3N1GPV7,2,SM00495
A0A3N1GWB9,1,PF02839
A0A3N1H5Q3,1,PF02018
A0A3N1HAR0,1,PF00553
A0A3N1HAR0,2,PF00041
A0A3N1HC45,1,PS51318
A0A3N1HCR0,1,PF00553
A0A3N1HCR0,2,PF00041
A0A3N1HCW0,1,PF00553
A0A3N1HER9,2,PF02839
A0A3N1HIZ4,1,PF00553
A0A3N1HJJ5,1,PS51318
A0A3N1HVU9,1,PS51318
A0A3N1HVU9,2,PF02018
A0A3N1HVU9,3,PF00041
A0A3N1HXU6,2,PF02839
A0A3N1I783,1,PF02018
A0A3N1I783,2,PF00041
A0A3N1I902,1,PF00553
A0A3N1I902,2,PF00041
A0A3N1IA21,1,PF02018
A0A3N1IA21,2,PF00041
A0A3N1IDU5,1,PF00553
A0A3N1IFN1,1,PS51257
A0A3N1IYK0,2,PF02839
A0A3N1J070,1,PS51257
A0A3N1NBV2,1,PS51257
A0A3N1P9J2,1,PF08329
A0A3N1P9J2,3,PF22352
A0A3N1P9J2,5,PF02839
A0A3N1P9J2,6,PF02839
A0A3N1PAY5,1,SM00495
A0A3N1PAY5,2,PF02839
A0A3N1PLU0,1,PF00553
A0A3N1PSC9,1,PF02018
A0A3N1PSC9,2,PF00041
A0A3N1PST5,1,PS51318
A0A3N1PST5,3,PF02839
A0A3N1PW69,2,PF02839
A0A3N1PZ40,1,PS51318
A0A3N1PZ40,3,PF02839
A0A3N1PZW6,1,PS51318
A0A3N1PZW6,2,PF02018
A0A3N1PZW6,3,PF00041
A0A3N1Q644,1,PF00553
A0A3N1Q644,2,PF00041
A0A3N1QC29,1,PS51257
A0A3N1S6I8,2,PF02018
A0A3N1SE94,1,PS51318
A0A3N1SE94,2,PF02018
A0A3N1SE94,3,PF00041
A0A3N1SEF6,1,PF02018
A0A3N1SEF6,2,PF00041
A0A3N1SGZ7,1,PF02018
A0A3N1SGZ7,2,PF00041
A0A3N1SPU0,1,PF00553
A0A3N1SPU0,2,PF00041
A0A3N1T340,1,PS51318
A0A3N1T340,2,PF00553
A0A3N1T340,3,PF00041
A0A3N1TD06,1,PS51318
A0A3N1TD06,2,PF00553
A0A3N1TD06,3,PF00041
A0A3N1TKQ9,1,PF02018
A0A3N1TKQ9,2,PF00041
A0A3N1TPD7,2,PF02018
A0A3N1TU37,1,PF02018
A0A3N1TU37,2,PF00041
A0A3N1TVA5,1,PF00553
A0A3N1TVA5,2,PF00041
A0A3N1UXN3,1,PF00553
A0A3N1UXN3,2,PF00041
A0A3N1UXW8,2,PF02018
A0A3N1UYU8,1,PF02018
A0A3N1UYU8,2,PF00041
A0A3N1UZ05,1,PF02018
A0A3N1UZ05,2,PF00041
A0A3N1V3Z4,2,PF02839
A0A3N1V814,2,PF02839
A0A3N1VE76,1,PF02018
A0A3N1X9F4,1,PF01476
A0A3N1X9F4,2,PF01476
A0A3N1XAV4,1,PF02839
A0A3N1XEX2,1,PF01476
A0A3N1XEX2,2,PF01476
A0A3N1XF40,1,PF01476
A0A3N1XF40,2,PF01476
A0A3N1XG47,1,PF07833
A0A3N1XG75,1,PF01476
A0A3N1XG75,2,PF01476
A0A3N1XKV4,1,PF01476
A0A3N1XKV4,2,PF01476
A0A3N1XKV9,1,PF01476
A0A3N1XKV9,2,PF01476
A0A3N1XLC6,4,PF02839
A0A3N1XP71,1,PF01476
A0A3N1XP71,2,PF01476
A0A3N1XR93,2,G3DSA:2.60.40.10
A0A3N1XR93,3,G3DSA:2.60.40.10
A0A3N1XR93,4,PF02839
A0A3N1XU89,1,PF01476
A0A3N1XU89,2,PF01476
A0A3N1XVX8,1,PF01476
A0A3N1XVX8,2,PF01476
A0A3N1XZC2,1,PF01476
A0A3N1XZC2,2,PF01476
A0A3N1XZR4,1,PF01476
A0A3N1XZR4,2,PF01476
A0A3N1Y101,1,PS51257
A0A3N2DPS6,1,PF08329
A0A3N2FHW6,2,PF02839
A0A3N2G5N9,1,PF00553
A0A3N2HPX7,1,PS51257
A0A3N2IIT8,1,PS51257
A0A3N2P9D4,1,PF00553
A0A3N2RBV4,1,SM00495
A0A3N2RBV4,2,PF17957
A0A3N2RBV4,3,PF00041
A0A3N2RQ01,1,SM00495
A0A3N2RQ01,2,PF17957
A0A3N2RQ01,3,PF00041
A0A3N2S0U8,2,G3DSA:2.60.40.10
A0A3N3DSU1,2,PF02839
A0A3N3DSU1,4,SM00495
A0A3N4M5Q3,1,PS51257
A0A3N4MH74,1,PS51257
A0A3N4R1H0,1,PF02018
A0A3N4R1H0,2,PF00041
A0A3N4RIY5,1,PF02018
A0A3N4RMJ8,1,PF02018
A0A3N4RNL2,2,SM00495
A0A3N4RPF5,2,PF02018
A0A3N4RPL6,1,PS51318
A0A3N4RPL6,3,PF02018
A0A3N4RPU1,1,PF02018
A0A3N4RQC3,1,PF00553
A0A3N4RQC3,2,PF00041
A0A3N4RRT8,1,PS51318
A0A3N4RRT8,2,PF00553
A0A3N4RTS3,1,PF00553
A0A3N4RTS3,2,PF00041
A0A3N4RU57,1,PF02018
A0A3N4RU57,2,PF00041
A0A3N4S4Z0,2,PF02018
A0A3N4S771,2,SM00495
A0A3N4S9V4,1,PF02018
A0A3N4S9V4,2,PF00041
A0A3N4SD63,1,PF00553
A0A3N4SDH1,1,PF00553
A0A3N4SDH1,2,PF00041
A0A3N4SE67,1,PS51257
A0A3N4SKN4,1,PF02018
A0A3N4SKN4,2,PF00041
A0A3N4SUK0,2,PF02839
A0A3N4VKM6,1,PS51257
A0A3N4YMR8,1,PS51318
A0A3N4YMR8,2,PF02839
A0A3N4ZIL0,1,PS51318
A0A3N4ZIL0,3,PF02839
A0A3N4ZIL0,4,PF02839
A0A3N4ZQ99,1,PS51318
A0A3N4ZQ99,2,PF02839
A0A3N4ZW65,1,PF00553
A0A3N4ZW65,2,PF00041
A0A3N5A0A7,1,PS51318
A0A3N5A0A7,2,PF02018
A0A3N5A0A7,3,PF00041
A0A3N5A3C6,2,PF02839
A0A3N5A543,2,PF02839
A0A3N5A8V3,1,PF00553
A0A3N5AJK4,2,PF02018
A0A3N5AJR6,1,PS51318
A0A3N5AJR6,2,PF00553
A0A3N5AJR6,3,PF00041
A0A3N5AKW2,1,PF02018
A0A3N5AKW2,2,PF00041
A0A3N5ARA0,1,PF02018
A0A3N5ARA0,2,PF00041
A0A3N5B4L5,1,PS51318
A0A3N5B635,2,PF02839
A0A3N5B6N3,1,PF01476
A0A3N5B6N3,2,PF01476
A0A3N5C6Y6,1,PF01476
A0A3N5EB21,1,PF02839
A0A3N5EB21,2,PF02839
A0A3N5J460,2,PF00041
A0A3N5J9R0,1,PS51257
A0A3N5JC19,2,G3DSA:2.60.40.10
A0A3N5M0B3,1,PS51257
A0A3N5URI9,1,PF02839
A0A3N5URI9,2,PF02839
A0A3N5V3U2,1,PS51257
A0A3N5ZR82,1,PS51257
A0A3N6A749,1,PF01476
A0A3N6BUG5,1,PF01476
A0A3N6BUG5,2,PF01476
A0A3N6CC33,1,PF00395
A0A3N6CC33,2,PF00395
A0A3N6CC33,3,PF00395
A0A3N6DKM4,1,PS51318
A0A3N6DPC8,1,PF02018
A0A3N6DPC8,2,PF00041
A0A3N6DSE7,1,PF00553
A0A3N6DSE7,2,PF00041
A0A3N6EJ43,1,PF02018
A0A3N6EJ43,2,PF00041
A0A3N6EUT8,1,PF00553
A0A3N6EUT8,2,PF00041
A0A3N6F020,1,PF02018
A0A3N6F020,2,PF00041
A0A3N6FYN6,1,PS51318
A0A3N6FYN6,3,PF02839
A0A3N6G0U2,1,PF02018
A0A3N6G0U2,2,PF00041
A0A3N6G2T7,1,PS51318
A0A3N6G2T7,3,PF02839
A0A3N6G3Y3,2,PF02018
A0A3N6G657,1,PF00553
A0A3N6G657,2,PF00041
A0A3N6G6R1,1,PF02018
A0A3N6G6R1,2,PF00041
A0A3N6GGT1,1,PS51318
A0A3N6GXD2,1,PF02018
A0A3N6GXD2,2,PF00041
A0A3N6H424,1,PF02018
A0A3N6H424,2,PF00041
A0A3N6H5W8,1,PF00553
A0A3N6H5W8,2,PF00041
A0A3N6HAE3,1,PF00553
A0A3N6HAE3,2,PF00041
A0A3N6HT84,1,PF02018
A0A3N6HT84,2,PF00041
A0A3N6IBT1,1,PF02018
A0A3N6IBT1,2,PF00041
A0A3N6LHN5,1,PF02839
A0A3N6LZZ4,1,PF02839
A0A3N6M9T6,1,PS51318
A0A3N6M9T6,2,PF02839
A0A3N6MAZ1,1,PS51318
A0A3N6MAZ1,2,PF02839
A0A3N6MB47,1,PF02839
A0A3N6MEF4,1,PF02839
A0A3N6MNX9,1,PF02839
A0A3N6MR13,1,PF02839
A0A3N6MSE4,1,PS51318
A0A3N6MSE4,2,PF02839
A0A3N6MSF3,1,PS51318
A0A3N6MSF3,2,PF02839
A0A3N6MW86,1,PF02839
A0A3N6NU72,1,PF02839
A0A3N6P5T8,1,PS51318
A0A3N6P5T8,2,PF02839
A0A3N6P5X9,1,PF02839
A0A3N6P5X9,2,PF02839
A0A3N6PG72,1,PF02839
A0A3N6TU92,2,SM00495
A0A3N7AK86,3,PF00041
A0A3N7D4E7,2,PF00041
A0A3N7D5D2,1,PS51257
A0A3N7DB08,1,PS51257
A0A3N7DDT7,3,PF00535
A0A3N7DHR3,1,PS51257
A0A3N7DWE1,3,PF00535
A0A3N7F5W4,1,PS51257
A0A3N7HMR7,1,PS51257
A0A3N7HQ87,1,PF02839
A0A3N7HR93,1,PS51257
A0A3N7HUJ9,1,PF02839
A0A3N7K052,1,PF02839
A0A3N7K052,2,PF02839
A0A3N8QNS3,1,PF08329
A0A3N8QNS3,3,PF22352
A0A3N9NIN3,2,G3DSA:2.60.40.10
A0A3N9NZN8,1,PF07833
A0A3N9PI50,2,PF00041
A0A3N9PW47,1,PF07833
A0A3N9TNB9,3,G3DSA:2.60.40.10
A0A3N9TNB9,4,PF02839
A0A3N9TUI6,3,PF00041
A0A3N9TUI6,4,PF02839
A0A3N9UCD3,1,PF01476
A0A3N9UCD3,2,PF01476
A0A3N9UCD3,3,PF01476
A0A3N9UE02,3,PF00041
A0A3N9ULJ6,1,PF01476
A0A3N9ULJ6,2,PF01476
A0A3N9WDU7,1,PF00553
A0A3N9WSP9,1,PS51318
A0A3N9XBT5,1,PS51318
A0A3N9XP54,1,PF00553
A0A3N9XQJ5,3,SM00495
A0A3P1YJJ8,1,SM00495
A0A3P1YJJ8,2,SM00495
A0A3P1YJJ8,3,SM00495
A0A3P1YJJ8,4,SM00495
A0A3P1YJJ8,5,PF02839
A0A3P1YJJ8,6,SM00495
A0A3P2AFJ0,1,PF00395
A0A3P2AFJ0,3,PF00395
A0A3P2AGW0,1,PF07833
A0A3P3QNY8,1,SM00495
A0A3P3QNY8,2,PF17957
A0A3P3QNY8,3,PF17957
A0A3P3QR62,1,PF08329
A0A3P3TV28,1,PF07833
A0A3P3TZB4,1,PF07833
A0A3P3U7S7,2,PF00041
A0A3P3U7S7,3,PF02839
A0A3P3U8D4,1,PF00395
A0A3P3U8D4,2,PF00395
A0A3P3U8D4,3,PF00395
A0A3P3UBD0,1,PF02839
A0A3P3UBD0,2,PF02839
A0A3P3UDF4,3,PF00041
A0A3P3UDF4,4,PF02839
A0A3P3UDF4,5,PF00041
A0A3P3UDF4,6,PF02839
A0A3P5XFP0,1,PF01476
A0A3P5XFP0,2,PF01476
A0A3P7P2X7,1,PF07833
A0A3P7P2X7,2,PF08239
A0A3Q0KXI5,1,PS51257
A0A3Q0KXI5,2,PF02839
A0A3Q0KXI5,3,PF17957
A0A3Q0KXI5,4,PF17957
A0A3Q0KXI5,7,SM00495
A0A3Q0L013,1,PF08329
A0A3Q0L013,3,PF22352
A0A3Q0L013,6,PF02839
A0A3Q0L482,1,SM00495
A0A3Q0L482,2,PF17957
A0A3Q0L482,3,PF17957
A0A3Q0L482,4,SM00495
A0A3Q0L482,5,PF17957
A0A3Q0L482,6,PF17957
A0A3Q0L5A0,1,G3DSA:2.60.40.10
A0A3Q0L5A0,2,PF17957
A0A3Q0L5A0,3,PF17957
A0A3Q0L5A0,4,PF17957
A0A3Q0NAL3,3,PF00041
A0A3Q0NAL3,4,PF02839
A0A3Q8I224,1,PS51257
A0A3Q8I224,2,PF02839
A0A3Q8I224,3,PF17957
A0A3Q8I224,4,PF17957
A0A3Q8S6D2,3,PF00041
A0A3Q8S6D2,4,PF02839
A0A3Q8S9D2,1,PF07833
A0A3Q8SEW5,1,PF07833
A0A3Q8TJ06,2,PF08329
A0A3Q8UPD3,1,PF02018
A0A3Q8UPD3,2,PF00041
A0A3Q8UTY0,1,PF02018
A0A3Q8UTY0,2,PF00041
A0A3Q8UW89,1,PF00553
A0A3Q8UW89,2,PF00041
A0A3Q8V533,1,PF00553
A0A3Q8V533,2,PF00041
A0A3Q8VAB6,1,PF00553
A0A3Q8VAB6,2,PF00041
A0A3Q8VAY0,1,PS51318
A0A3Q8VAY0,2,PF02018
A0A3Q8VAY0,3,PF00041
A0A3Q8VCP1,1,PF02018
A0A3Q8VCP1,2,PF00041
A0A3Q8VFP1,1,PF00553
A0A3Q8VHB7,2,PF02839
A0A3Q8VHC7,1,PS51318
A0A3Q8VTD7,1,PF00553
A0A3Q8VTD7,2,PF00041
A0A3Q8VTQ7,1,PF02018
A0A3Q8VTQ7,2,PF00041
A0A3Q8VU88,1,PS51318
A0A3Q8VU88,3,PF02839
A0A3Q8VX86,1,PF00553
A0A3Q8W1G3,2,PF02839
A0A3Q8W9I9,1,PF02018
A0A3Q8W9I9,2,PF00041
A0A3Q8WAD1,1,PF00553
A0A3Q8WAD1,2,PF00041
A0A3Q8X832,1,PF00395
A0A3Q8X832,2,PF00395
A0A3Q8X832,3,PF00395
A0A3Q8XAA3,1,PF07833
A0A3Q9C5Y0,1,PS51318
A0A3Q9C5Y0,2,PF02018
A0A3Q9C5Y0,3,PF00041
A0A3Q9C6C9,1,PF00553
A0A3Q9C6C9,2,PF00041
A0A3Q9EMY2,1,PF00553
A0A3Q9ERP4,1,PF02018
A0A3Q9ERP4,2,PF00041
A0A3Q9EWJ6,1,PF02018
A0A3Q9EWJ6,2,PF00041
A0A3Q9F7D1,1,PF08329
A0A3Q9F7D1,3,PF22352
A0A3Q9F7D1,5,SM00495
A0A3Q9F7D1,6,SM00495
A0A3Q9FMA6,1,PF02839
A0A3Q9FMA6,2,PF17957
A0A3Q9FMA6,3,G3DSA:2.60.40.10
A0A3Q9FMA6,4,SM00495
A0A3Q9FMA6,5,G3DSA:2.60.40.10
A0A3Q9FMA6,6,G3DSA:2.60.40.10
A0A3Q9FUM9,1,PS51318
A0A3Q9FUR9,2,SM00495
A0A3Q9IBS9,1,PF07833
A0A3Q9IBS9,2,PF08239
A0A3Q9IDH6,1,PF02839
A0A3Q9IDH6,2,PF00041
A0A3Q9J835,1,PS51318
A0A3Q9KSH4,1,PF00553
A0A3Q9KSH4,2,PF00041
A0A3Q9KV49,1,PF02018
A0A3Q9KV49,2,PF00041
A0A3Q9LAW6,2,G3DSA:2.60.40.10
A0A3Q9LGE6,2,G3DSA:2.60.40.10
A0A3Q9MVU8,2,G3DSA:2.60.40.10
A0A3Q9QQS7,1,PF01476
A0A3Q9QQS7,2,PF01476
A0A3Q9QSA5,1,PF01476
A0A3Q9QSA5,2,PF01476
A0A3Q9QSA5,3,PF01476
A0A3Q9QVQ1,1,PF01476
A0A3Q9QVQ1,2,PF01476
A0A3Q9QW73,1,PS51257
A0A3Q9RIV3,1,PF01476
A0A3Q9RIV3,2,PF01476
A0A3Q9RIV3,3,PF01476
A0A3Q9RK54,1,PF01476
A0A3Q9RK54,2,PF01476
A0A3Q9RNQ1,1,PF01476
A0A3Q9RNQ1,2,PF01476
A0A3Q9S789,1,PF00041
A0A3Q9U4U9,1,PF08329
A0A3Q9U4U9,3,PF22352
A0A3Q9U4U9,5,PF02839
A0A3Q9U4U9,6,PF02839
A0A3Q9W5S8,1,PF08329
A0A3Q9W5S8,3,G3DSA:2.60.40.10
A0A3Q9W5S8,5,PF02839
A0A3R0BVQ9,2,G3DSA:2.60.40.10
A0A3R0BVQ9,3,SM00495
A0A3R0D3H7,2,G3DSA:2.60.40.10
A0A3R0F897,2,G3DSA:2.60.40.10
A0A3R0F897,3,SM00495
A0A3R0I9E5,2,G3DSA:2.60.40.10
A0A3R0Q8D6,2,G3DSA:2.60.40.10
A0A3R0Q8D6,3,SM00495
A0A3R0VPR2,2,G3DSA:2.60.40.10
A0A3R0X4W6,2,G3DSA:2.60.40.10
A0A3R0Y3Z5,2,G3DSA:2.60.40.10
A0A3R5STS2,1,SM00495
A0A3R5STS2,2,PF17957
A0A3R5STS2,3,PF17957
A0A3R5STS2,4,SM00495
A0A3R5STS2,5,PF17957
A0A3R5STS2,6,PF17957
A0A3R5THL6,2,G3DSA:2.60.40.10
A0A3R5THL6,3,PF02839
A0A3R6A7E1,1,PF08239
A0A3R6B472,1,PF08239
A0A3R6GNS3,1,PF07833
A0A3R6GUN1,1,PF08239
A0A3R6JZH9,1,PF01476
A0A3R6M4C8,1,PF08239
A0A3R6MNV4,1,PF08239
A0A3R6PEL5,1,PF07833
A0A3R6PIP5,1,PF08239
A0A3R6RCK8,1,PF01476
A0A3R6RLN0,1,PF08239
A0A3R6TE67,1,PF01476
A0A3R6TQ41,1,PF08239
A0A3R6U8Y9,1,PF08239
A0A3R6VJE6,1,PF07833
A0A3R6X929,1,PF08239
A0A3R7HFA7,1,PS51318
A0A3R7SHH7,1,PF00553
A0A3R8NTC7,3,PF00535
A0A3R8QC47,1,PS51318
A0A3R8QC47,3,PF02018
A0A3R8QT07,1,PS51257
A0A3R8RUV9,1,PF00553
A0A3R8S9Q7,1,SM00495
A0A3R8S9Q7,2,PF17957
A0A3R8S9Q7,3,PF17957
A0A3R8S9Q7,4,SM00495
A0A3R8S9Q7,5,PF17957
A0A3R8S9Q7,6,PF17957
A0A3R8SAN7,1,PF08329
A0A3R8SAN7,3,G3DSA:2.60.40.10
A0A3R8SAN7,4,G3DSA:2.60.40.10
A0A3R8SAN7,5,PF02839
A0A3R8SYC9,1,SM00495
A0A3R8SYC9,2,PF17957
A0A3R8SYC9,3,PF00041
A0A3R8TEK6,1,PS51318
A0A3R8TEK6,2,PF02018
A0A3R8TEK6,3,PF00041
A0A3R8U1X9,1,PF02839
A0A3R8U1X9,2,PF17957
A0A3R9D7X3,3,PF00535
A0A3R9DP15,2,PF02018
A0A3R9DWX2,1,PF02018
A0A3R9DWX2,2,PF00041
A0A3R9EF43,1,PF08329
A0A3R9EF43,3,PF22352
A0A3R9EF43,5,PF02839
A0A3R9EFI4,2,PF00041
A0A3R9EFI4,3,PF00553
A0A3R9F057,1,PF01476
A0A3R9F057,2,PF01476
A0A3R9FFA7,1,PS51318
A0A3R9FJM4,1,SM00495
A0A3R9FJM4,2,PF17957
A0A3R9FJM4,3,PF17957
A0A3R9KTT1,1,PF02018
A0A3R9QRQ0,1,PF01476
A0A3R9QRQ0,2,PF01476
A0A3R9UUN2,3,PF02839
A0A3R9V4V8,2,PF02839
A0A3R9VC44,2,PF02839
A0A3R9VU94,1,PF00553
A0A3R9VU94,2,PF00041
A0A3R9VZ96,2,PF02839
A0A3R9VZA2,1,PF00553
A0A3R9W6C5,1,PF02018
A0A3R9W6C5,2,PF00041
A0A3R9WA38,1,PF02018
A0A3R9WA38,2,PF00041
A0A3R9WBL4,1,PS51318
A0A3R9WBL4,3,PF02839
A0A3R9WR13,2,PF02839
A0A3R9XTW6,1,PF02018
A0A3R9XTW6,2,PF00041
A0A3S0C7L8,1,PS51318
A0A3S0C7L8,2,PF02018
A0A3S0C7L8,3,PF00041
A0A3S0CQL6,1,PF00553
A0A3S0CQL6,2,PF00041
A0A3S0DK24,3,PF00535
A0A3S0EHC5,1,PS51257
A0A3S0I8E8,4,PF00041
A0A3S0I8E8,5,PF00395
A0A3S0I8E8,6,PF00395
A0A3S0I8E8,7,PF00395
A0A3S0JMM2,1,PF01476
A0A3S0JMM2,2,PF01476
A0A3S0JMM2,3,PF01476
A0A3S0JNE5,1,PF01476
A0A3S0JNE5,2,PF01476
A0A3S0P971,1,PF08329
A0A3S0P971,3,PF22352
A0A3S0P971,5,PF02839
A0A3S0QP88,2,PF01476
A0A3S0QP88,3,PF00395
A0A3S0RQA3,1,PF07833
A0A3S0TRN1,1,PF01476
A0A3S0TRN1,2,PF01476
A0A3S0Y300,1,PS51318
A0A3S0YTE6,1,PF00395
A0A3S0YTE6,2,PF00395
A0A3S0YTE6,3,PF00395
A0A3S1AQR8,1,PF07833
A0A3S1B1M4,1,PF07833
A0A3S1B1M4,2,PF08239
A0A3S1B422,2,PF17957
A0A3S1B422,4,PF17957
A0A3S1B422,5,PF17957
A0A3S1B7K4,1,PF01476
A0A3S1B7K4,2,PF01476
A0A3S1BGB0,1,PF00041
A0A3S1BGB0,3,PF00041
A0A3S1BGB0,5,PF00395
A0A3S1BGB0,6,PF00395
A0A3S1BGB0,7,PF00395
A0A3S1BR11,2,PF00041
A0A3S1BR11,3,PF02839
A0A3S1C323,1,PF07833
A0A3S2U4M5,1,PS51257
A0A3S2W2E4,1,PF00553
A0A3S2WEE5,1,PF00553
A0A3S2WEE5,2,PF00041
A0A3S2XSM8,1,PF02839
A0A3S2XSM8,2,PF02839
A0A3S3RHT4,2,G3DSA:2.60.40.10
A0A3S3RHT4,3,G3DSA:2.60.40.10
A0A3S3RHT4,4,PF02839
A0A3S3SRS1,1,PS51257
A0A3S4FT48,2,PF00553
A0A3S4FT48,3,PF00553
A0A3S4LGA4,2,PF02839
A0A3S4LGA4,3,PF02839
A0A3S4LN58,2,G3DSA:2.60.40.10
A0A3S4R429,3,PF00041
A0A3S4RQX2,1,PS51257
A0A3S4RZD4,6,PF00553
A0A3S4RZD4,9,PF00553
A0A3S4WAZ7,2,PF00041
A0A3S4WAZ7,3,PF02839
A0A3S4YF48,1,PS51257
A0A3S4ZQP5,1,PF07833
A0A3S4ZQP5,2,PF08239
A0A3S5WTL8,1,PF08329
A0A3S5WTL8,3,PF22352
A0A3S5WTL8,4,G3DSA:2.60.40.10
A0A3S5WTL8,5,PF02839
A0A3S5WTL8,6,PF02839
A0A3S5XZM7,1,PS51257
A0A3S5YGH8,2,G3DSA:2.60.40.10
A0A3S7KBK6,1,SM00495
A0A3S7KBK6,2,PF17957
A0A3S7KBK6,3,PF00041
A0A3S7KN20,1,SM00495
A0A3S7KN20,2,PF17957
A0A3S7KN20,3,PF00041
A0A3S8R9N2,1,PS51257
A0A3S8RPW0,1,PF02839
A0A3S8RPW0,2,PF00041
A0A3S8RUR2,1,PF00395
A0A3S8RUR2,2,PF00395
A0A3S8RUR2,3,PF00395
A0A3S8VVZ6,1,PF00553
A0A3S8VVZ6,2,PF00041
A0A3S8XN55,1,PF00553
A0A3S8XN55,2,PF00041
A0A3S8XNZ4,1,PF02018
A0A3S8XNZ4,2,PF00041
A0A3S8XXP8,3,PF02839
A0A3S8Y8N8,2,PF02839
A0A3S8ZWD6,1,PF02839
A0A3S8ZWD6,2,PF02839
A0A3S8ZXC0,1,PF02839
A0A3S8ZXC0,2,PF02839
A0A3S9A0T1,1,PF01476
A0A3S9A0T1,2,PF01476
A0A3S9I129,1,PF00553
A0A3S9I6W8,1,PF02018
A0A3S9I6W8,2,PF00041
A0A3S9ME27,1,PF00553
A0A3S9ME27,2,PF00041
A0A3S9MI72,1,PS51318
A0A3S9MI72,2,PF02018
A0A3S9MI72,3,PF00041
A0A3S9P0J3,2,G3DSA:2.60.40.10
A0A3S9P0J3,3,PF17957
A0A3S9P0J3,4,SM00495
A0A3S9P0J3,5,G3DSA:2.60.40.10
A0A3S9P0J3,6,G3DSA:2.60.40.10
A0A3S9P0J3,7,G3DSA:2.60.40.10
A0A3S9P0J3,8,PF02839
A0A3S9P0J3,9,G3DSA:2.60.40.10
A0A3S9PLQ8,1,PF02018
A0A3S9PLQ8,2,PF00041
A0A3S9PTQ3,1,PF00553
A0A3S9PTQ3,2,PF00041
A0A3S9UW07,1,PF00395
A0A3S9UW07,2,PF00395
A0A3S9UW07,3,PF00395
A0A3S9UZ98,2,PF00041
A0A3S9UZ98,3,PF02839
A0A3S9V433,1,PF02839
A0A3S9V433,2,PF00041
A0A3S9V692,1,PF07833
A0A3S9V789,2,G3DSA:2.60.40.10
A0A3S9V789,4,PF00041
A0A3S9V789,6,PF00395
A0A3S9V789,7,PF00395
A0A3S9Z850,1,PS51318
A0A3S9Z850,2,PF02018
A0A3S9Z850,3,PF00041
A0A3S9ZC85,1,PS51318
A0A3S9ZC85,2,PF02018
A0A3S9ZC85,3,PF00041
A0A3S9ZH36,1,PF00553
A0A3S9ZR26,2,PF02839
A0A3T0HUP0,1,PF01476
A0A3T0HUP0,2,PF01476
A0A3T0HUP0,3,PF01476
A0A3T0I0K9,1,PF01476
A0A3T0I0K9,2,PF01476
A0A3T0KS45,1,PF01476
A0A3T0KS45,2,PF01476
A0A3T0KSK8,1,PF01476
A0A3T0KSK8,2,PF01476
A0A3T0KUM1,3,PF00535
A0A3T0KX32,1,PF01476
A0A3T0KX32,2,PF01476
A0A3T0KX32,3,PF01476
A0A3T0KX32,4,PF01476
A0A3T0KX32,5,PF08239
A0A3T0KXH0,1,PF01476
A0A3T0KXH0,2,PF01476
A0A3T0LYJ8,1,PF01476
A0A3T0LYJ8,2,PF01476
A0A3T0VXL2,1,SM00495
A0A3T0VXL2,2,PF17957
A0A3T0VXL2,3,G3DSA:2.60.40.10
A0A3T0VXL2,5,SM00495
A0A3T0W3M3,1,PF02839
A0A3T0W3M3,2,PF17957
A0A3T0W3P8,1,SM00495
A0A3T0W3P8,2,PF17957
A0A3T0W3P8,3,G3DSA:2.60.40.10
A0A3T1ANW5,1,PF02839
A0A3T1AQT2,1,PF00553
A0A3T1ASM4,1,PS51257
A0A3T1AV80,1,PS51318
A0A3T1AVJ1,1,PS51257
A0A3T1AVJ1,2,SM00495
A0A3T1B445,1,PS51257
A0A3T1B445,2,PF02839
A0A3T1D2J7,1,PF07833
A0A3T1D6Q9,1,PF07833
A0A3T1DA55,1,G3DSA:2.60.40.10
A0A3T1DA55,2,PF00041
A0A3T1DA55,4,PF00041
A0A3T1DA55,5,PF00395
A0A3T1DA55,6,PF00395
A0A3T1DA55,7,PF00395
A0A3T1DBA7,1,PF07833
A0A3T1HM74,3,PF00041
A0A3T1HM74,4,PF02839
A0A3T2HG89,3,PF00041
A0A3T2HG89,4,PF02839
A0A3T2P0M5,3,PF00041
A0A3T2P0M5,4,PF02839
A0A3T2W9V7,2,G3DSA:2.60.40.10
A0A3T3EQ48,2,G3DSA:2.60.40.10
A0A3T3ILH8,2,G3DSA:2.60.40.10
A0A3T4NTE5,2,G3DSA:2.60.40.10
A0A3T5MUH5,2,G3DSA:2.60.40.10
A0A3T6URQ1,2,G3DSA:2.60.40.10
A0A3T7S1F8,2,G3DSA:2.60.40.10
A0A3T9YEB7,2,G3DSA:2.60.40.10
A0A3U0D4Z5,2,G3DSA:2.60.40.10
A0A3U0GXS4,2,G3DSA:2.60.40.10
A0A3U0GXS4,3,SM00495
A0A3U2RX11,2,G3DSA:2.60.40.10
A0A3U2SRS5,2,G3DSA:2.60.40.10
A0A3U3DBI2,2,G3DSA:2.60.40.10
A0A3U3R183,2,G3DSA:2.60.40.10
A0A3U4TKP4,2,G3DSA:2.60.40.10
A0A3U5JGI5,2,G3DSA:2.60.40.10
A0A3U6MFF8,2,G3DSA:2.60.40.10
A0A3U7XT75,2,G3DSA:2.60.40.10
A0A3U8ILU0,2,G3DSA:2.60.40.10
A0A3U8PGQ3,2,G3DSA:2.60.40.10
A0A3U8XI96,2,G3DSA:2.60.40.10
A0A3U9SGC1,2,G3DSA:2.60.40.10
A0A3V0URQ6,2,G3DSA:2.60.40.10
A0A3V1EYM3,2,G3DSA:2.60.40.10
A0A3V2EUB5,2,G3DSA:2.60.40.10
A0A3V2I2N5,2,G3DSA:2.60.40.10
A0A3V2W034,2,G3DSA:2.60.40.10
A0A3V3C565,2,G3DSA:2.60.40.10
A0A3V3CHC5,2,G3DSA:2.60.40.10
A0A3V3CVX5,2,G3DSA:2.60.40.10
A0A3V3U0M0,2,G3DSA:2.60.40.10
A0A3V4B7F4,2,G3DSA:2.60.40.10
A0A3V4IMJ4,2,G3DSA:2.60.40.10
A0A3V4IMJ4,3,SM00495
A0A3V4QTW5,2,G3DSA:2.60.40.10
A0A3V4QUY4,2,G3DSA:2.60.40.10
A0A3V4SHR2,2,G3DSA:2.60.40.10
A0A3V4UV83,2,G3DSA:2.60.40.10
A0A3V5GMH1,2,G3DSA:2.60.40.10
A0A3V5URG2,2,G3DSA:2.60.40.10
A0A3V5VU67,2,G3DSA:2.60.40.10
A0A3V6BM30,2,G3DSA:2.60.40.10
A0A3V6KRN8,2,G3DSA:2.60.40.10
A0A3V7I6E3,2,G3DSA:2.60.40.10
A0A3V7I6E3,3,SM00495
A0A3V7IMM9,2,G3DSA:2.60.40.10
A0A3V7KJS5,2,G3DSA:2.60.40.10
A0A3V7PED5,2,G3DSA:2.60.40.10
A0A3V8KPM0,2,G3DSA:2.60.40.10
A0A3V8UWI7,2,G3DSA:2.60.40.10
A0A3V8VLJ4,2,G3DSA:2.60.40.10
A0A3V8XD95,2,G3DSA:2.60.40.10
A0A3V9FQI0,2,G3DSA:2.60.40.10
A0A3V9PW40,2,G3DSA:2.60.40.10
A0A3V9S3D8,2,G3DSA:2.60.40.10
A0A3V9WWL1,2,G3DSA:2.60.40.10
A0A3V9YDY4,2,G3DSA:2.60.40.10
A0A3W0FI15,2,G3DSA:2.60.40.10
A0A3W1F1C5,2,G3DSA:2.60.40.10
A0A3W4RQQ4,1,SM00495
A0A3W4RQQ4,2,SM00495
A0A3W4RQQ4,3,SM00495
A0A3W4RQQ4,4,SM00495
A0A3W4RQQ4,5,SM00495
A0A3W4RQQ4,6,PF02839
A0A3W4RQQ4,7,SM00495
A0A3X8XB19,2,G3DSA:2.60.40.10
A0A3X9TYL3,2,G3DSA:2.60.40.10
A0A3Y0DVW2,2,G3DSA:2.60.40.10
A0A3Y0EC22,2,G3DSA:2.60.40.10
A0A3Y1JWR4,2,G3DSA:2.60.40.10
A0A3Y2N590,2,G3DSA:2.60.40.10
A0A3Y2WBG2,2,G3DSA:2.60.40.10
A0A3Y4BZX3,2,G3DSA:2.60.40.10
A0A3Y6D2S8,2,G3DSA:2.60.40.10
A0A3Y6K6K9,2,G3DSA:2.60.40.10
A0A3Y9C796,2,G3DSA:2.60.40.10
A0A3Y9IFW1,2,G3DSA:2.60.40.10
A0A3Z0V8M9,2,G3DSA:2.60.40.10
A0A3Z0Y1E6,2,G3DSA:2.60.40.10
A0A3Z1NYN2,2,G3DSA:2.60.40.10
A0A3Z1U3I4,2,G3DSA:2.60.40.10
A0A3Z2I964,2,G3DSA:2.60.40.10
A0A3Z2I964,3,SM00495
A0A3Z3G9N5,2,G3DSA:2.60.40.10
A0A3Z3U107,2,G3DSA:2.60.40.10
A0A3Z3U107,3,PF02839
A0A3Z4FNZ4,2,G3DSA:2.60.40.10
A0A3Z5KCQ8,2,G3DSA:2.60.40.10
A0A3Z5NEN5,2,G3DSA:2.60.40.10
A0A3Z5PYE6,2,G3DSA:2.60.40.10
A0A401I797,1,PF07833
A0A401I797,2,PF08239
A0A401M3C0,1,PF00553
A0A401M3C0,2,PF00041
A0A401QVK1,1,PS51318
A0A401QVK1,3,PF02839
A0A401R156,1,PS51318
A0A401UTF7,1,PF01476
A0A401UTF7,2,PF01476
A0A401V4B2,1,PS51318
A0A401V4B2,2,PF00553
A0A401VTX6,2,PF02839
A0A401W0G8,1,PF02018
A0A401W0G8,2,PF00041
A0A401W112,1,PF00553
A0A401W112,2,PF00041
A0A401W8J1,1,PS51318
A0A401WFZ1,1,PS51318
A0A401YGQ5,1,PS51318
A0A401YGQ5,2,PF00553
A0A401YGQ5,3,PF00041
A0A401YIU1,2,PF02018
A0A401YJU9,1,PF02018
A0A401YJU9,2,PF00041
A0A401YK14,1,PF00553
A0A401YK14,2,PF00041
A0A401YKC5,1,PF02018
A0A401YKC5,2,PF00041
A0A401YM02,2,PF02839
A0A401YMT0,1,PF00041
A0A401Z076,1,PF00553
A0A401Z076,2,PF00041
A0A401ZM58,1,PF00041
A0A401ZM58,3,PF02018
A0A401ZMG1,1,PF02018
A0A402AA88,2,PF02018
A0A402AT15,1,PF02018
A0A402AT57,1,PF00041
A0A402AT57,3,PF02018
A0A402BP33,1,PS51257
A0A402DNE8,1,PS51318
A0A402DNE8,2,PF00553
A0A402UY68,2,G3DSA:2.60.40.10
A0A403JRS0,2,G3DSA:2.60.40.10
A0A410DC80,1,PF01476
A0A410DC80,2,PF01476
A0A410MDQ3,1,PF01476
A0A410MDQ3,2,PF01476
A0A410MFR8,1,PF01476
A0A410MFR8,2,PF01476
A0A410MFR8,3,PF01476
A0A410PLV1,1,PF01476
A0A410PLV1,2,PF01476
A0A410PTX0,2,PF07833
A0A410PUM5,2,PF07833
A0A410PUS0,1,PF00395
A0A410PUS0,2,PF00395
A0A410PUS0,3,PF00395
A0A410Q7U9,1,PF01476
A0A410Q7U9,2,PF01476
A0A410QBY6,1,PF07833
A0A410QBY6,2,PF08239
A0A410QDG0,1,PF00395
A0A410QDG0,2,PF00395
A0A410RLD4,1,PS51257
A0A410RLD4,2,PF02839
A0A410RLD4,3,PF17957
A0A410RLD4,4,PF17957
A0A410RSZ9,1,PS51257
A0A410RSZ9,2,PF00041
A0A410RZ08,1,PS51257
A0A410S0Q6,2,G3DSA:2.60.40.10
A0A410S1A1,1,PF02839
A0A410S1A1,2,PF00041
A0A410WPN7,1,PF00395
A0A410WPN7,2,PF00395
A0A410WPN7,3,PF00395
A0A410WQV7,1,PF02839
A0A410WQV7,2,PF00041
A0A410WR28,1,PF02839
A0A410WR28,2,PF00041
A0A410WTI2,1,PF02839
A0A410WTI2,2,PF00041
A0A410WTR0,3,PF00041
A0A410WTR0,4,PF02839
A0A410WTR0,6,PF00041
A0A410WTR0,7,PF02839
A0A410WXR6,1,PF02839
A0A410WXR6,2,PF02839
A0A410WXR6,3,SM00495
A0A410WXW6,1,PF02839
A0A410WXW6,2,PF00041
A0A410WZF7,1,PF00395
A0A410WZF7,2,PF00395
A0A410X3Q2,2,PF00041
A0A410X3Q2,3,PF00553
A0A410X4Z4,1,PF07833
A0A410X5C9,1,PF07833
A0A410X5C9,2,PF08239
A0A411DQV8,3,PF00535
A0A411DRD7,3,PF00041
A0A411DRE2,2,PF00041
A0A411WNE2,1,PF08329
A0A411WNE2,3,PF22352
A0A411WNE2,5,PF02839
A0A411WNE2,6,PF02839
A0A411WNN8,1,SM00495
A0A411WNN8,2,SM00495
A0A411WNN8,4,PF22352
A0A411WNN8,6,SM00495
A0A412BIR5,1,PS51257
A0A412CAB8,1,PF01476
A0A412DS48,1,PS51257
A0A412EZA7,1,PF07833
A0A412GFR0,1,PS51257
A0A412GPT7,1,PS51257
A0A412GU08,1,PS51257
A0A412KMH7,1,PF07833
A0A412MA52,1,PF07833
A0A412NKF2,1,PF01476
A0A412NUL8,1,PS51257
A0A412P585,1,PS51257
A0A412VSS0,1,PS51257
A0A412XQI0,1,PS51257
A0A412XU72,1,PS51257
A0A412YAE3,1,PS51257
A0A412YDZ0,1,PS51257
A0A412YG12,1,PS51257
A0A412YVG3,1,PF02839
A0A412ZBH7,1,PF01476
A0A413FEA1,1,PF08239
A0A413FKE1,1,PF01476
A0A413G4Z4,1,PF01476
A0A413G4Z4,2,PF01476
A0A413H298,1,PS51257
A0A413HJH2,1,PF08239
A0A413HVZ8,1,PF07833
A0A413K2M1,1,PS51257
A0A413NL12,1,PS51257
A0A413QKK8,1,PF07833
A0A413RBI4,2,PF02839
A0A413RD59,1,PS51257
A0A413RD59,2,PF08239
A0A413RPF4,1,PF00553
A0A413RQS9,1,PS51318
A0A413S2N2,1,PS51257
A0A413S2N2,2,PF08239
A0A413SQX4,1,PF07833
A0A413T4Z4,1,PF02839
A0A413T6F1,1,PS51257
A0A413T6F1,2,PF08239
A0A413TMJ6,1,PF07833
A0A413UUX5,1,PS51257
A0A413VXB4,1,PF07833
A0A413WUN9,1,PF08239
A0A413YKP8,1,PF07833
A0A414AX88,1,PF02839
A0A414AZF6,1,PF01476
A0A414BBG9,1,PS51257
A0A414D7L0,1,PF07833
A0A414E0L8,1,PS51257
A0A414H5Y3,1,PS51257
A0A414HC85,1,PS51257
A0A414JSR6,1,PS51257
A0A414KXR3,1,PS51257
A0A414LBH7,1,PS51257
A0A414LGH4,1,PS51257
A0A414LIX1,1,PS51257
A0A414P1C5,1,PF08239
A0A414PNK9,1,PS51257
A0A414Q5U1,1,PF07833
A0A414QAP2,1,PS51257
A0A414R8A7,1,PS51257
A0A414R8A7,2,PF08239
A0A414R9J2,2,PF02839
A0A414RLB8,1,PF08239
A0A414S1Q4,1,PF07833
A0A414S1Q4,2,PF08239
A0A414SEU5,1,PF08239
A0A414SUT2,1,PF07833
A0A414SUT2,2,PF08239
A0A414UYV0,1,PF01476
A0A414WAD5,1,PS51257
A0A414WPZ2,1,PS51257
A0A414XA52,1,PS51257
A0A414Z6Y0,1,PS51257
A0A414ZBX2,1,PS51257
A0A415AIV4,1,PS51257
A0A415BI61,1,PS51257
A0A415DFA2,1,PS51257
A0A415H1I9,1,PF07833
A0A415HPL4,1,PF08239
A0A415I0E4,1,PS51257
A0A415II96,1,PS51257
A0A415IPT6,1,PS51257
A0A415IUR6,1,PS51257
A0A415KEZ8,1,PS51257
A0A415L5F2,1,PF08239
A0A415LA33,1,PS51257
A0A415LA33,2,PF08239
A0A415LF83,2,PF02839
A0A415LF83,5,G3DSA:2.60.40.10
A0A415LS37,1,PS51257
A0A415M1Q2,1,PS51257
A0A415M8P1,1,PF07833
A0A415MX80,1,PF07833
A0A415N8H1,1,PS51257
A0A415S5J6,1,PF08239
A0A415S891,1,PF01476
A0A415TSC9,1,PF08239
A0A415U8U0,1,PF07833
A0A415ZIS9,1,PF01476
A0A415ZIS9,2,PF01476
A0A416CHU1,1,PF08239
A0A416DLV3,1,PF01476
A0A416DLV3,2,PF01476
A0A416EA51,1,PF01476
A0A416EA51,2,PF01476
A0A416ETA3,1,PF08239
A0A416EYA6,1,PF08239
A0A416F7A7,1,PF08239
A0A416G4E5,1,PF08239
A0A416HYD9,1,PF08239
A0A416I595,1,PF01476
A0A416K0F5,1,PF08239
A0A416NSN0,1,PS51257
A0A416NSN0,2,PF08239
A0A416PGL6,1,PF08239
A0A416R944,1,PF01476
A0A416R944,2,PF01476
A0A416RTM0,1,PF08239
A0A416SAY6,1,PF08239
A0A416SRQ8,6,PF02839
A0A416SUL9,1,PF01476
A0A416SW78,1,PF02839
A0A416SW78,4,G3DSA:2.60.40.10
A0A416SZS4,2,PF02839
A0A416SZS4,3,PF02839
A0A416T408,1,PS51257
A0A416TE80,1,PF08239
A0A416U9H1,1,PF08239
A0A416VS63,1,PS51257
A0A416VY72,1,PS51257
A0A416VY72,2,PF08239
A0A416W1X9,1,PF02839
A0A416W5R2,3,PF02839
A0A416W787,1,PF01476
A0A416XSY3,1,PF08239
A0A416ZBM0,1,PF01476
A0A416ZBM0,2,PF01476
A0A416ZLY2,1,PF08239
A0A417AP81,1,PF08239
A0A417BU89,1,PF08239
A0A417C9A1,1,PF08239
A0A417EMM0,1,PF08239
A0A417FC54,1,PF01476
A0A417FC54,2,PF01476
A0A417FKV7,1,PF08239
A0A417HLW7,1,PF00395
A0A417HZF4,1,PF08239
A0A417IML6,1,PF01476
A0A417IML6,2,PF01476
A0A417L521,1,PF08239
A0A417M326,1,PF08239
A0A417QAS1,1,PF07833
A0A417SK45,1,PF08239
A0A417U936,1,PF08239
A0A417VEK7,1,PF07833
A0A417VEK7,2,PF08239
A0A417WPN4,1,PF08239
A0A417YE61,1,PF01476
A0A417YE61,2,PF01476
A0A417YHD6,1,PF01476
A0A417YHD6,2,PF01476
A0A417YX23,1,PF01476
A0A417YX23,2,PF01476
A0A417YX23,3,PF01476
A0A417YZ18,1,PF01476
A0A417YZ18,2,PF01476
A0A418GAD5,1,SM00495
A0A418GAD5,2,SM00495
A0A418GAD5,3,SM00495
A0A418GAD5,4,SM00495
A0A418GAD5,5,SM00495
A0A418GAD5,6,PF02839
A0A418GAD5,7,SM00495
A0A418LUR5,1,PF01476
A0A418LUR5,2,PF01476
A0A418M0T1,1,PF01476
A0A418M0T1,2,PF01476
A0A418MGT9,1,PF01476
A0A418MGT9,2,PF01476
A0A418MQC2,1,PF00553
A0A418MUU7,1,PF00553
A0A418PR50,1,PS51257
A0A418RE13,1,PS51257
A0A418RE13,2,PF02839
A0A418RE13,3,PF17957
A0A418RE13,4,PF17957
A0A418SNX1,1,PF07833
A0A418SVV5,1,G3DSA:2.60.40.10
A0A418SVV5,2,PF00041
A0A418SVV5,4,G3DSA:2.60.40.10
A0A418SVV5,5,PF00395
A0A418SVV5,6,PF00395
A0A418SVV5,7,PF00395
A0A418T2W8,1,PF00395
A0A418T2W8,3,PF00395
A0A418T651,1,PF01476
A0A418T651,2,PF01476
A0A418WJK4,1,PS51257
A0A418Y9L9,1,SM00495
A0A418Y9L9,2,PF17957
A0A418Y9L9,3,PF17957
A0A418Y9L9,4,SM00495
A0A418Y9L9,5,PF17957
A0A418Y9L9,6,PF17957
A0A418Y9R3,1,SM00495
A0A418Y9R3,2,SM00495
A0A418YD14,1,PS51257
A0A418YD14,2,SM00495
A0A418YD14,3,PF17957
A0A418YD14,4,PF17957
A0A418YF50,1,PF08329
A0A418YF50,3,SM00495
A0A418YF50,4,PF02839
A0A418YF83,1,PF08329
A0A418YF83,3,SM00495
A0A418YF83,4,PF02839
A0A418YFB5,1,PF08329
A0A418YFB5,3,SM00495
A0A418YFB5,4,PF02839
A0A418YFY3,1,PF02839
A0A418YFY3,2,SM00495
A0A418YG61,2,SM00495
A0A418YG61,3,SM00495
A0A418YH70,2,PF02839
A0A418YH70,3,PF02839
A0A418YIH7,3,PF02839
A0A418YIH7,4,PF02839
A0A418YLG5,1,PF02839
A0A418YLG5,2,SM00495
A0A418Z3J3,2,G3DSA:2.60.40.10
A0A419HFN0,1,PS51318
A0A419HML0,2,PF02839
A0A419HR84,2,PF02839
A0A419HVW8,1,PS51318
A0A419IEJ7,2,G3DSA:2.60.40.10
A0A419SN19,1,PF01476
A0A419SN19,2,PF01476
A0A419SQM5,2,PF00395
A0A419SQM5,3,PF00395
A0A419SQM5,4,PF00395
A0A419SWA5,1,PF01476
A0A419SWA5,2,PF01476
A0A419SWA5,3,PF01476
A0A419SWF0,2,PF00395
A0A419SWF0,3,PF00395
A0A419SWF0,4,PF00395
A0A419SXU1,1,PF01476
A0A419SXU1,2,PF01476
A0A419T2S6,1,PF01476
A0A419T2S6,2,PF01476
A0A419T571,1,PF00395
A0A419T571,2,PF00395
A0A419T571,3,PF00395
A0A419T8R1,1,PF08239
A0A419TCT1,1,PF01476
A0A419V775,3,PF00535
A0A419YAY1,1,PF00553
A0A419YAY1,2,PF00041
A0A419YEE5,1,PF00553
A0A419YEE5,2,PF00041
A0A419YF89,1,PF02018
A0A419YF89,2,PF00041
A0A419YG38,2,SM00495
A0A419YGS5,1,PF02018
A0A419YGT4,1,PF02018
A0A419YGT4,2,PF00041
A0A419YHF5,2,SM00495
A0A419YKM7,1,PF02018
A0A419YLZ5,1,PF02018
A0A419YM57,1,PS51318
A0A419YM57,3,PF02018
A0A419YQX1,2,PF02018
A0A419YT71,1,PF02018
A0A419YT71,2,PF00041
A0A420BGG3,1,PS51257
A0A420BJ00,3,PF00535
A0A420BKR4,1,PS51257
A0A420CFH6,3,PF00535
A0A420CKH5,2,PF00041
A0A420CKY3,3,PF00041
A0A420F162,1,PF00553
A0A420F165,1,PF00553
A0A420F165,2,PF00041
A0A420F1I3,1,PF02839
A0A420F651,1,PF00553
A0A420F7P0,1,PS51318
A0A420F804,1,PS51318
A0A420F804,2,PF00553
A0A420GAZ9,3,PF00535
A0A420VB81,1,PF01476
A0A420VB81,2,PF01476
A0A420VB81,3,PF01476
A0A420VGC3,1,PF01476
A0A420VGC3,2,PF01476
A0A420W245,3,PF00535
A0A420YXL7,3,PF00535
A0A421AVM6,2,PF02839
A0A421AWS1,1,PF00553
A0A421AX49,1,PF02018
A0A421AX49,2,PF00041
A0A421AZR9,2,PF02018
A0A421B189,1,PF02839
A0A421B3S6,1,PF02018
A0A421B3S6,2,PF00041
A0A421BA59,1,PF02018
A0A421BBJ7,1,PF00553
A0A421BBJ7,2,PF00041
A0A421BBJ7,3,PF00041
A0A423DGS0,2,PF00041
A0A423DGS0,3,PF02839
A0A423UPI3,1,PF00553
A0A423UPI3,2,PF00041
A0A423UR82,1,PF02018
A0A423UR82,2,PF00041
A0A423V1P5,1,PS51318
A0A423V1P5,3,SM00495
A0A423V3M7,1,PF02018
A0A423V3M7,2,PF00041
A0A423V5V8,1,PF00553
A0A423V5V8,2,PF00041
A0A423XQB5,2,G3DSA:2.60.40.10
A0A423XQB5,3,SM00495
A0A424HCF0,1,PF00553
A0A424HCF0,2,PF00553
A0A426DNF1,1,PF08239
A0A426RYM3,2,PF02839
A0A426S0Q5,1,PF02018
A0A426S0Q5,2,PF00041
A0A426S322,1,PF00553
A0A426S322,2,PF00041
A0A426S3V7,1,PS51318
A0A426S3V7,2,PF02018
A0A426S3V7,3,PF00041
A0A426S5W9,1,PF00553
A0A426SCU3,2,PF02018
A0A426U2X3,1,PF02018
A0A426U2X3,2,PF00041
A0A426UPJ1,1,PF00553
A0A426UPJ1,2,PF00041
A0A426UYZ2,1,PF02839
A0A426V0M1,1,PF02839
A0A426VSE8,1,SM00495
A0A426VSE8,2,PF17957
A0A426VSE8,3,PF17957
A0A426VSE8,5,SM00495
A0A427K777,2,PF02839
A0A427KLL4,1,PF08329
A0A427KLL4,3,PF22352
A0A427KLL4,5,PF02839
A0A427KLL4,6,PF02839
A0A427RW83,1,PF01476
A0A427RW83,2,PF01476
A0A427SVI4,1,PF00553
A0A427SVI4,2,PF00041
A0A427TGP8,1,PF01476
A0A427TGP8,2,PF01476
A0A427TN26,1,PF00553
A0A427TN29,1,PF00553
A0A427TWH7,1,PF01476
A0A427TWH7,2,PF01476
A0A427TWH7,3,PF01476
A0A427TZJ3,2,PF22352
A0A427TZJ3,3,SM00495
A0A427TZJ3,4,PF02839
A0A428J0C7,1,PF01476
A0A428J0C7,2,PF01476
A0A428J5D6,1,PF07833
A0A428N235,1,PF01476
A0A428N235,2,PF01476
A0A428N8N5,1,PF01476
A0A428N8N5,2,PF01476
A0A428VWA5,1,PF02018
A0A428WFI3,1,PF00553
A0A428WFL8,1,PF00553
A0A428WKF7,1,PF02018
A0A428WKF7,2,PF00041
A0A428WXB1,1,PS51257
A0A428WXB1,2,PF02839
A0A428WXE2,1,PF02839
A0A428XT63,2,PF02839
A0A428XXW0,1,PS51257
A0A428XXW0,2,SM00495
A0A428XY20,1,PS51318
A0A428YNQ6,1,PF00553
A0A428YQP5,1,PS51257
A0A428YU78,1,PS51318
A0A428YU78,2,PF02839
A0A428YZ77,1,PF02018
A0A428YZ77,2,PF00041
A0A428Z2C7,1,PF00553
A0A428Z2C7,2,PF00041
A0A428Z3H1,1,PF00553
A0A428Z3H1,2,PF00041
A0A428Z7F7,1,PF02018
A0A428Z7F7,2,PF00041
A0A428Z8B6,1,PF00553
A0A428Z8B6,2,PF00041
A0A428Z9W5,1,PF02018
A0A428Z9W5,2,PF00041
A0A428ZQU5,1,PF02018
A0A428ZQU5,2,PF00041
A0A429A1R0,1,PS51318
A0A429A1R0,2,PF02839
A0A429A1R0,3,PF00041
A0A429A1S3,1,PF02018
A0A429A1S3,2,PF00041
A0A429A1U0,1,PF00553
A0A429A1U0,2,PF00041
A0A429AVR2,1,PF00553
A0A429AVR2,2,PF00553
A0A429AVR2,3,PF00041
A0A429AVR2,4,PF00041
A0A429AYT7,1,PF00553
A0A429AYT7,2,PF00041
A0A429B0K2,1,PS51318
A0A429B0K2,2,PF02018
A0A429B0K2,3,PF00041
A0A429B0Q8,1,PF00553
A0A429BJ32,1,PF02018
A0A429BJ75,1,PF02839
A0A429BJ75,2,PF00041
A0A429BJE1,3,PF02839
A0A429CVE2,1,PF00553
A0A429CVE2,2,PF00041
A0A429CYV4,1,PF02018
A0A429D2A3,1,PF00553
A0A429D2C5,1,PF02018
A0A429D2C5,2,PF00041
A0A429DDD5,1,PS51318
A0A429DDR9,2,PF02839
A0A429DW00,2,PF02839
A0A429DW01,1,PS51318
A0A429DZR2,1,PF02018
A0A429DZR2,2,PF00041
A0A429E0D6,1,PF02018
A0A429E6D3,1,PF00553
A0A429E6H9,1,PF02018
A0A429E6H9,2,PF00041
A0A429EAN6,1,PF00553
A0A429EAN6,2,PF00041
A0A429F405,1,PF02018
A0A429F7Q1,1,PS51318
A0A429FI59,1,PF00553
A0A429FI59,2,PF00041
A0A429FKS9,2,PF02839
A0A429FM67,1,PS51318
A0A429FMQ8,2,PF02839
A0A429FNA4,1,PS51318
A0A429FV87,1,PF00553
A0A429FV90,1,PF02018
A0A429FV90,2,PF00041
A0A429FZ11,1,PS51318
A0A429FZ11,2,PF00553
A0A429FZ11,3,PF00041
A0A429G0F2,1,PF02018
A0A429G0F2,2,G3DSA:2.60.40.10
A0A429G0G5,1,PF00553
A0A429G0G5,2,PF00041
A0A429G301,1,PF02839
A0A429HS79,1,PS51318
A0A429HS79,2,PF00553
A0A429HS79,3,PF00041
A0A429HSC5,1,PS51318
A0A429I8N4,2,PF02839
A0A429IA60,1,PS51318
A0A429IDH9,1,PS51318
A0A429IDM8,1,PF00553
A0A429IDM8,2,PF00041
A0A429IE82,1,PS51318
A0A429IE82,2,PF02018
A0A429IE82,3,PF00041
A0A429IVR1,1,PF00553
A0A429IVR1,2,PF00041
A0A429JK06,1,PS51318
A0A429JK06,2,PF00553
A0A429JK06,3,PF00041
A0A429JMB2,1,PS51318
A0A429JPN9,1,PS51318
A0A429JQA7,1,PS51318
A0A429JQA7,2,PF02018
A0A429JQA7,3,PF00041
A0A429JS09,2,PF02839
A0A429PFR5,1,PF02018
A0A429PFR5,2,PF00041
A0A429PJC0,1,PS51318
A0A429PJC0,3,PF02839
A0A429PNK2,2,PF02839
A0A429PTK5,1,PS51318
A0A429PTK5,2,PF02018
A0A429PTK5,3,PF00041
A0A429Q537,1,PF00553
A0A429Q537,2,PF00041
A0A429R770,1,PF00553
A0A429R770,2,PF00041
A0A429S2Y2,1,PF02018
A0A429S2Y2,2,PF00041
A0A429SA15,1,PF02018
A0A429SA15,2,PF00041
A0A429STH2,1,PF00553
A0A429STH2,2,PF00041
A0A429T1L6,2,PF02839
A0A429T5U5,2,PF02839
A0A429T9G5,1,PF00553
A0A429T9G5,2,PF00041
A0A429U8J2,1,PF02018
A0A429U8J2,2,PF00041
A0A429UC98,1,PS51318
A0A429UIK5,1,PF00553
A0A429UIK5,2,PF00041
A0A429X2W1,1,PF01476
A0A429X2W1,2,PF01476
A0A429X4Y5,1,PF01476
A0A429X4Y5,2,PF01476
A0A429X567,1,PF01476
A0A429X567,2,PF01476
A0A429X567,3,PF01476
A0A429XTG9,1,PF01476
A0A429XTG9,2,PF01476
A0A429XZQ7,1,PF01476
A0A429XZQ7,2,PF01476
A0A429XZR2,3,PF00535
A0A429XZS6,1,PF01476
A0A429XZS6,2,PF01476
A0A429XZS6,3,PF01476
A0A430HNW2,1,PS51257
A0A430HNW2,2,PF02839
A0A430HNW6,1,PS51257
A0A430HNW6,2,PF02839
A0A430JA11,2,PF00395
A0A430JA11,3,PF00395
A0A430JA11,4,PF00395
A0A430JBK7,1,PF07833
A0A430JBK7,2,PF08239
A0A430JBR1,1,PF01476
A0A430JBR1,2,PF01476
A0A431HTP6,1,PS51257
A0A431ISP3,1,PS51257
A0A431ISZ7,1,PS51257
A0A431ISZ7,2,G3DSA:2.60.40.10
A0A431IT86,1,PS51257
A0A431IZ60,1,PS51257
A0A431LRZ0,1,PF02839
A0A431LS51,1,PF02839
A0A431SH70,1,PF08329
A0A431SH70,3,PF22352
A0A431SH70,5,PF02839
A0A431SH70,6,PF02839
A0A431UDR7,1,SM00495
A0A431UDR7,2,PF17957
A0A431UDR7,3,PF00041
A0A431UTX3,1,PF01476
A0A431UTX3,2,PF01476
A0A431W0B1,2,PF01476
A0A432D079,1,PS51257
A0A432D079,2,PF02839
A0A432D079,3,PF17957
A0A432D079,4,PF17957
A0A432D079,7,SM00495
A0A432LB46,1,PF01476
A0A432LB46,2,PF01476
A0A432LDN1,1,PF01476
A0A432LDN1,2,PF01476
A0A432LDN1,3,PF01476
A0A433DRQ2,1,PF00553
A0A433DRQ2,2,PF00041
A0A433DTM4,1,PS51318
A0A433DTM4,3,SM00495
A0A433E6M6,1,PF02018
A0A433E6M6,2,PF00041
A0A433E744,1,PF02018
A0A433E744,2,PF00041
A0A433E845,1,PF00553
A0A433E845,2,PF00041
A0A433H9X4,1,PF01476
A0A433HIP2,1,PF01476
A0A433HIP2,2,PF01476
A0A433X1J3,1,PF07833
A0A433X4N1,1,PF07833
A0A433X974,1,PF00395
A0A433X974,2,PF00395
A0A433X974,3,PF00395
A0A433Y619,1,PF07833
A0A433Y760,1,PF02839
A0A433Y760,2,PF00041
A0A433Y786,1,G3DSA:2.60.40.10
A0A433Y786,2,PF00041
A0A433Y786,4,PF00041
A0A433Y786,5,PF00395
A0A433Y786,6,PF00395
A0A434A6P0,1,PS51257
A0A434A709,4,PF17957
A0A434A709,5,PF17957
A0A437K2X6,1,PF01476
A0A437K2X6,2,PF01476
A0A437K5M6,1,PF07833
A0A437K6G1,1,PF01476
A0A437K6G1,2,PF01476
A0A437MW77,3,PF00535
A0A437PZT6,1,PF02018
A0A437PZT6,2,PF00041
A0A437QMG7,1,PF08329
A0A437QMK9,1,SM00495
A0A437QMK9,2,PF17957
A0A437QMK9,3,PF17957
A0A437S601,1,PF00395
A0A437S601,2,PF00395
A0A437S601,3,PF00395
A0A437S8X2,1,PF07833
A0A437S8X2,2,PF08239
A0A437SFR0,1,PF01476
A0A437SFR0,2,PF01476
A0A437SS02,2,PF00041
A0A437SS02,3,PF00553
A0A438LWB3,1,PF02018
A0A438LWB3,2,PF00041
A0A438LWB7,1,PF02839
A0A438LWB7,2,PF00041
A0A438LWZ7,1,PF00553
A0A438LWZ7,2,PF00041
A0A438LYM9,1,PF02839
A0A438LYM9,2,PF00041
A0A443ILE5,1,PF01476
A0A443ILE5,2,PF01476
A0A443ILX2,1,PF01476
A0A443ILX2,2,PF01476
A0A443ILX2,3,PF01476
A0A443INR4,1,PF01476
A0A443INR4,2,PF01476
A0A443LEA4,2,G3DSA:2.60.40.10
A0A443LEA4,3,PF02839
A0A444JWV6,1,SM00495
A0A444JWV6,2,PF17957
A0A444JWV6,3,PF17957
A0A444MKA4,3,PF00535
A0A444MQD8,1,PS51257
A0A444RBH3,1,PF02839
A0A444RBH3,2,SM00495
A0A444W5N3,5,G3DSA:2.60.40.10
A0A444W5N3,6,G3DSA:2.60.40.10
A0A445MWR2,3,PF00535
A0A446AVM7,2,PF00041
A0A446AVM7,3,PF02839
A0A447JNS9,2,G3DSA:2.60.40.10
A0A447L2W7,2,PF00041
A0A447L2W7,3,PF02839
A0A447P0S5,2,G3DSA:2.60.40.10
A0A447PN04,2,G3DSA:2.60.40.10
A0A447PU94,2,G3DSA:2.60.40.10
A0A447TG40,1,PS51257
A0A447TG40,2,PF02839
A0A447V3L4,1,PS51257
A0A448B5X7,2,PF00041
A0A448BAZ0,3,PF00535
A0A448BL62,2,PF00041
A0A448BL62,3,PF02839
A0A449BL28,1,PS51257
A0A454A8D6,1,SM00495
A0A454A8D6,2,SM00495
A0A454A8D6,3,SM00495
A0A454A8D6,4,SM00495
A0A454A8D6,5,SM00495
A0A454A8D6,6,PF02839
A0A454A8D6,7,SM00495
A0A454B520,1,PF02839
A0A454B520,2,PF17957
A0A454B520,3,PF17957
A0A454B520,4,SM00495
A0A454B520,5,PF17957
A0A454B520,6,PF17957
A0A454CNN8,1,G3DSA:2.60.40.10
A0A454CNN8,2,PF17957
A0A454CNN8,3,PF17957
A0A454CNN8,4,PF17957
A0A454CRX5,1,PF02839
A0A454CRX5,2,PF17957
A0A454CRX5,3,PF17957
A0A454CRX5,4,SM00495
A0A454CRX5,5,PF17957
A0A454CRX5,6,PF17957
A0A454CST9,1,PS51257
A0A454CST9,2,PF02839
A0A454CST9,3,PF17957
A0A454CST9,4,PF17957
A0A454D1X6,1,PF08329
A0A454D1X6,3,PF22352
A0A454D1X6,5,PF02839
A0A454HJC6,1,PF08239
A0A454WDU1,2,PF02839
A0A454WGR5,1,PS51318
A0A454WGR5,2,PF02018
A0A454WGR5,3,PF00041
A0A454WH10,1,PF02018
A0A454WH10,2,PF00041
A0A454WHX0,1,PF00553
A0A454WHX0,2,PF00041
A0A455SCN0,1,PF02839
A0A455SCN0,2,PF00041
A0A455SEI0,2,PF02839
A0A455SMD0,1,PF02018
A0A455T455,2,PF02018
A0A455T860,1,PF02018
A0A455T8H1,1,PF00041
A0A455T8H1,3,PF02018
A0A455VND9,1,PF08329
A0A455VND9,3,PF22352
A0A455VND9,5,PF02839
A0A455VND9,6,PF02839
A0A466U709,3,PF00041
A0A466U709,4,PF02839
A0A477Q339,3,PF00041
A0A477Q339,4,PF02839
A0A482PJ69,1,SM00495
A0A482PJ69,2,PF02839
A0A482PJ69,3,SM00495
A0A482PJ69,4,SM00495
A0A482PTH2,2,G3DSA:2.60.40.10
A0A482T7W5,1,PS51318
A0A482T7W5,2,PF02839
A0A482TB44,1,PS51318
A0A482TB44,2,PF02839
A0A482XX99,1,PF02839
A0A482XYK4,1,PF02839
A0A482Y1Q5,1,PF02839
A0A482ZXH8,1,PS51257
A0A482ZXH8,2,SM00495
A0A482ZXH8,3,SM00495
A0A482ZXH8,4,G3DSA:2.60.40.10
A0A483AAH8,1,SM00495
A0A483AAH8,2,SM00495
A0A483AAH8,3,G3DSA:2.60.40.10
A0A484Z8K9,1,PF08329
A0A484Z8K9,3,PF22352
A0A484Z8K9,5,SM00495
A0A485J8L1,1,SM00495
A0A485J8L1,2,PF02839
A0A485J8L1,3,SM00495
A0A486X3H3,2,G3DSA:2.60.40.10
A0A493QYA7,2,PF00041
A0A493QYA7,3,PF00553
A0A494J4N3,1,PS51257
A0A494JA21,3,PF00535
A0A494US54,1,PF00553
A0A494USX1,1,PF02018
A0A494USX1,2,PF00041
A0A494V4Z0,1,PF00553
A0A494V4Z0,2,PF00041
A0A494VH65,3,PF00535
A0A494VU73,1,PS51257
A0A494W2W9,1,PS51257
A0A494WNG9,1,PF07833
A0A494WNG9,2,PF08239
A0A494WTZ0,1,PF01476
A0A494X756,3,PF00041
A0A494X756,4,PF02839
A0A494XAW2,2,PF02839
A0A494XAW2,3,PF02839
A0A494XCL5,1,PF07833
A0A494XCL5,2,PF08239
A0A494Y0R7,1,PF07833
A0A494Y239,1,PF07833
A0A494YSH9,1,PF01476
A0A494YSH9,2,PF01476
A0A494YSH9,3,PF01476
A0A494YUH9,1,PF01476
A0A494YUH9,2,PF01476
A0A494Z394,1,PF01476
A0A494Z394,2,PF01476
A0A494ZWA1,1,PF08239
A0A495A107,1,PF01476
A0A495A107,2,PF01476
A0A495IJN4,1,PS51257
A0A495IXV9,3,PF00535
A0A495JFC2,1,PF00553
A0A495JFZ4,1,PS51318
A0A495JI06,1,PS51318
A0A495JI06,2,PF00553
A0A495JID8,1,PF00553
A0A495JRX8,1,PS51318
A0A495JRX8,2,PF02839
A0A495KVM3,2,PF02839
A0A495KWL4,2,PF02839
A0A495LBG0,1,PF00553
A0A495LBG0,2,PF00041
A0A495QUD8,1,PF02018
A0A495QUD8,2,PF00041
A0A495QUL6,1,PF00553
A0A495QUL6,2,PF00041
A0A495QUP5,1,PF00553
A0A495QUP5,2,PF00553
A0A495QUP5,3,PF00041
A0A495QUY7,1,PS51318
A0A495QUY7,2,PF00553
A0A495QUY7,3,PF00041
A0A495QY55,1,PF02839
A0A495RR08,2,SM00495
A0A495RR08,3,PF02839
A0A495S910,3,PF00041
A0A495SAN6,2,PF00041
A0A495T0E7,2,PF02018
A0A495T1A1,1,PF00553
A0A495T1A1,2,PF00041
A0A495T9U6,1,PS51318
A0A495T9U6,2,PF02018
A0A495TGM0,1,PF02018
A0A495TJM9,2,SM00495
A0A495TNS9,1,PF02018
A0A495VST7,1,PF00553
A0A495VST7,2,PF00553
A0A495VST7,3,PF00041
A0A495VXM9,1,PF02018
A0A495W5V4,1,PF00553
A0A495W6T8,2,PF02839
A0A495W9D3,1,PF00553
A0A495X5C0,2,PF02018
A0A495XBS3,1,PF02018
A0A495XCW3,1,PF00553
A0A495XCW3,2,PF00553
A0A495XCW3,3,PF00041
A0A495XF48,1,PS51318
A0A495XFQ2,1,PF00553
A0A495XFQ2,2,PF00041
A0A495XG97,3,PF02839
A0A495XJF4,1,PF00553
A0A495XLP0,1,PF00553
A0A495Y9X8,2,PF02839
A0A495Y9X8,3,PF02839
A0A496U2R6,2,G3DSA:2.60.40.10
A0A497HPJ1,5,G3DSA:2.60.40.10
A0A497HU27,5,G3DSA:2.60.40.10
A0A497JKL3,4,G3DSA:2.60.40.10
A0A497JKL3,5,G3DSA:2.60.40.10
A0A497URG0,3,PF00041
A0A497UWI6,2,PF00041
A0A497UYB4,3,PF00535
A0A497XU34,1,PS51257
A0A497Y964,3,PF00535
A0A497ZJ07,1,PS51257
A0A497ZQZ0,1,PF00553
A0A497ZX50,1,PF00553
A0A498B0R5,1,PF00553
A0A498B1Q1,2,PF02839
A0A498B2I9,1,PF02839
A0A498CB97,1,SM00495
A0A498CB97,2,PF17957
A0A498CB97,3,PF00041
A0A498D5Q2,1,PF01476
A0A498D5Q2,2,PF01476
A0A498D5Q2,3,PF01476
A0A498D756,1,PF01476
A0A498D756,2,PF01476
A0A498QCE4,1,PF00553
A0A498QCE4,2,PF00553
A0A498QXC4,1,PF00553
A0A498QXC4,2,PF00553
A0A498R9W7,1,PS51257
A0A498RBK7,1,PS51257
A0A499UGS5,1,PS51318
A0A499UVL9,1,PF02018
A0A499UVL9,2,PF00041
A0A499VXY6,1,PF00553
A0A4B9HWN6,3,PF00041
A0A4B9HWN6,4,PF02839
A0A4D4J0Z1,2,PF02839
A0A4D4J0Z1,3,PF02839
A0A4D4J4L5,1,PS51318
A0A4D4K4Y5,1,PS51318
A0A4D4K844,1,PF02018
A0A4D4K844,2,PF00041
A0A4D4KH00,1,PS51318
A0A4D4LDN8,1,PF02018
A0A4D4LDN8,2,PF00041
A0A4D4LJG2,1,PF02018
A0A4D4LJG2,2,PF00041
A0A4D4LPF7,1,PF02018
A0A4D4LPF7,2,PF00041
A0A4D4LSR4,1,PS51318
A0A4D4LSR4,2,PF02018
A0A4D4LSR4,3,PF00041
A0A4D4LX13,1,PF00553
A0A4D4LX13,2,PF00041
A0A4D4M806,1,PS51318
A0A4D4MY60,1,PF02018
A0A4D4MY60,2,PF00041
A0A4D4N5C8,1,PS51318
A0A4D4N5C8,2,PF02018
A0A4D4N5C8,3,PF00041
A0A4D6GVM7,1,PF02839
A0A4D6GWK5,1,PF02839
A0A4D6HHK3,1,PS51318
A0A4D6K8A2,1,PF02839
A0A4D6K8A2,2,PF02839
A0A4D6K9D3,1,PS51318
A0A4D6K9D3,2,PF02839
A0A4D6K9D3,3,PF02839
A0A4D6KBK7,1,PF02839
A0A4D6KBK7,2,PF02839
A0A4D6KBS1,1,PF02839
A0A4D6KBS1,2,PF02839
A0A4D6KEL6,1,PF02839
A0A4D6KEL6,2,PF02839
A0A4D6KHC3,1,PF02839
A0A4D6PG50,2,G3DSA:2.60.40.10
A0A4D7APT8,1,PF00395
A0A4D7APT8,2,PF00395
A0A4D7APT8,3,PF00395
A0A4D7ATE1,2,PF00395
A0A4D7ATE1,3,PF00395
A0A4D7ATE1,4,PF00395
A0A4D7AUN3,1,PF01476
A0A4D7AUN3,2,PF01476
A0A4D7DDM6,3,PF00535
A0A4P2Q6Y1,1,PS51257
A0A4P2Q9R6,1,PS51257
A0A4P2Q9R6,2,PF02839
A0A4P2QN03,1,PS51257
A0A4P2QN03,2,PF02839
A0A4P2QYU7,1,PS51257
A0A4P5S9V0,1,PF00553
A0A4P5S9V0,3,PF00553
A0A4P5SWV7,1,G3DSA:2.60.40.10
A0A4P5TRG6,2,PF00041
A0A4P6EDR2,2,SM00495
A0A4P6EDR2,3,PF02839
A0A4P6EUV8,1,PF01476
A0A4P6EUV8,2,PF01476
A0A4P6EZQ7,1,PF00395
A0A4P6EZQ7,2,PF00395
A0A4P6EZQ7,3,PF00395
A0A4P6F5H6,1,PF07833
A0A4P6FD22,1,PS51318
A0A4P6FD22,3,PF02839
A0A4P6FD22,4,SM00495
A0A4P6LWL5,1,PF07833
A0A4P6Q1Z3,1,PF00553
A0A4P6Q1Z3,2,PF00041
A0A4P6RDZ9,1,PS51257
A0A4P6REV1,1,PS51257
A0A4P6TW77,1,PF00553
A0A4P6TYP4,1,PF02018
A0A4P6TYP4,2,PF00041
A0A4P6U1H9,1,PS51318
A0A4P6U1H9,2,PF02018
A0A4P6U1H9,3,PF00041
A0A4P6U1P8,2,PF02839
A0A4P6U5A3,1,PF02018
A0A4P6U5A3,2,PF00041
A0A4P6UR79,1,PF01476
A0A4P6UR79,2,PF01476
A0A4P6UUZ5,1,PF01476
A0A4P6UUZ5,2,PF01476
A0A4P6UUZ5,3,PF01476
A0A4P6ZHG7,3,PF00535
A0A4P7A1I4,3,PF00535
A0A4P7A1M6,1,PF01476
A0A4P7BA31,1,PS51257
A0A4P7BA31,2,PF02839
A0A4P7H275,2,PF02018
A0A4P7SJR6,1,PS51318
A0A4P7SJR6,2,PF00553
A0A4P8IE76,1,PF01476
A0A4P8IE76,2,PF01476
A0A4P8S6Z0,1,PF01476
A0A4P8S6Z0,2,PF01476
A0A4P8S7T2,1,PF01476
A0A4P8S7T2,2,PF01476
A0A4P8S7T2,3,PF01476
A0A4P8SG09,2,PF22352
A0A4P8SG09,3,PF02839
A0A4P8SKE4,1,SM00495
A0A4P8SKE4,2,SM00495
A0A4P8SKE4,3,PF02839
A0A4P8SKE4,4,SM00495
A0A4P8SRG1,2,SM00495
A0A4P8XL84,1,PF00395
A0A4P8XL84,2,PF00395
A0A4P8XL84,3,PF00395
A0A4P8XR25,2,PF08239
A0A4P8YP46,2,PF00041
A0A4P9SYY6,2,G3DSA:2.60.40.10
A0A4P9TF13,1,PS51318
A0A4P9TF13,2,PF02839
A0A4P9TF42,1,PF02839
A0A4P9THL2,1,PF02839
A0A4P9VNH1,2,PF02839
A0A4P9VNH1,3,PF02839
A0A4Q0AWX3,3,PF00535
A0A4Q0I317,1,PF01476
A0A4Q0I317,2,PF01476
A0A4Q0I317,3,PF08239
A0A4Q0I340,1,PF07833
A0A4Q0M2V1,1,PS51257
A0A4Q0VHE8,1,PF01476
A0A4Q0VHE8,2,PF01476
A0A4Q0VML3,1,PF07833
A0A4Q0VX89,1,PF07833
A0A4Q0XIS9,1,PS51257
A0A4Q1CYF9,1,SM00495
A0A4Q1CYF9,2,PF17957
A0A4Q1CYF9,3,PF00041
A0A4Q1DBY6,1,PS51257
A0A4Q1EWT5,2,PF00041
A0A4Q1EXN7,3,PF00535
A0A4Q1EY57,3,PF00041
A0A4Q1F2V2,3,PF00535
A0A4Q1FQA1,3,PF00041
A0A4Q1FYS3,3,PF00535
A0A4Q1K1B9,1,SM00495
A0A4Q1K1B9,2,PF17957
A0A4Q1K1B9,3,PF00041
A0A4Q1KQS8,2,PF02839
A0A4Q1KS67,2,PF02839
A0A4Q1KS67,3,SM00495
A0A4Q1KY61,2,PF02839
A0A4Q1L0Y5,2,SM00495
A0A4Q1L137,2,PF02839
A0A4Q1L299,2,PF02839
A0A4Q1L299,3,PF02839
A0A4Q1QTJ3,1,PS51318
A0A4Q1QTJ3,2,PF02018
A0A4Q1QTJ3,3,PF00041
A0A4Q1REX2,1,PF08239
A0A4Q1S1D2,1,PF01476
A0A4Q1S1D2,2,PF01476
A0A4Q1S304,1,PF01476
A0A4Q1S304,2,PF01476
A0A4Q1S304,3,PF01476
A0A4Q1S3A8,1,PF01476
A0A4Q1S3A8,2,PF01476
A0A4Q1SMZ2,1,PF07833
A0A4Q1SY74,2,PF00395
A0A4Q1SY74,3,PF00395
A0A4Q1SY74,4,PF00395
A0A4Q1ZXM8,1,PF00395
A0A4Q1ZXM8,2,PF00395
A0A4Q2AAA7,1,PF02839
A0A4Q2AX46,1,PF08329
A0A4Q2AX46,3,PF22352
A0A4Q2E0N6,1,PF08329
A0A4Q2E0N6,3,PF22352
A0A4Q2E0N6,5,PF02839
A0A4Q2E0N6,6,PF02839
A0A4Q2JIW4,1,PF02839
A0A4Q2JIW4,3,PF02839
A0A4Q2LLN6,1,PF07833
A0A4Q2LQ54,1,G3DSA:2.60.40.10
A0A4Q2LQ54,3,PF00041
A0A4Q2LQ54,4,PF00395
A0A4Q2LQ54,5,PF00395
A0A4Q2LQ54,6,PF00395
A0A4Q2LTX5,1,PF00395
A0A4Q2LTX5,3,PF00395
A0A4Q2R0M2,1,PF08329
A0A4Q2R0M2,3,PF22352
A0A4Q2R0M2,5,PF02839
A0A4Q2R0M2,6,PF02839
A0A4Q2RSD8,2,PF02839
A0A4Q2S0M4,2,PF02839
A0A4Q3BCP0,3,PF00535
A0A4Q3CFI7,1,PS51257
A0A4Q3RR09,1,PS51257
A0A4Q4DBZ5,1,PF02018
A0A4Q4DBZ5,2,PF00041
A0A4Q4DGS6,1,PF02018
A0A4Q4DGS6,2,PF00041
A0A4Q5C5T2,1,PF08239
A0A4Q5DAI7,1,PS51257
A0A4Q5EAC9,1,PS51257
A0A4Q5EB50,1,PS51257
A0A4Q5HCQ2,1,PS51257
A0A4Q5KEF5,4,SM00495
A0A4Q5KLV0,1,SM00495
A0A4Q5KLV0,2,PF17957
A0A4Q5KLV0,3,PF17957
A0A4Q5KQ22,1,PF17957
A0A4Q5KQ22,2,PF17957
A0A4Q5KQ22,3,PF17957
A0A4Q5KQ22,4,PF17957
A0A4Q5KQT3,1,PF17957
A0A4Q5KQT3,2,PF17957
A0A4Q5KQT3,3,PF17957
A0A4Q5KQT3,4,PF17957
A0A4Q5KSI0,1,PF08329
A0A4Q5KSI0,3,PF22352
A0A4Q5KSI0,5,PF02839
A0A4Q5KSU2,1,PF08329
A0A4Q5KSU2,3,PF22352
A0A4Q5KSU2,4,G3DSA:2.60.40.10
A0A4Q5KSU2,5,SM00495
A0A4Q5KSU2,6,PF02839
A0A4Q5KVC6,1,SM00495
A0A4Q5KVC6,2,PF17957
A0A4Q5KVC6,3,PF17957
A0A4Q5KVZ5,1,PF08329
A0A4Q5KVZ5,3,PF22352
A0A4Q5KVZ5,5,PF02839
A0A4Q5KW88,4,SM00495
A0A4Q5LGU5,3,PF00535
A0A4Q5LQF6,1,PS51257
A0A4Q5LQI3,1,PS51257
A0A4Q5S7N7,1,PS51257
A0A4Q5SFI5,1,PS51257
A0A4Q5SLB4,3,PF00535
A0A4Q5SU12,3,PF00535
A0A4Q5ZCV9,1,SM00495
A0A4Q5ZCV9,2,SM00495
A0A4Q6AUL7,1,PS51257
A0A4Q6E6Q7,3,PF00535
A0A4Q6GWN3,1,SM00495
A0A4Q6GWN3,2,PF17957
A0A4Q6GWN3,3,PF00041
A0A4Q6ICK1,1,PF02018
A0A4Q6ICK1,2,PF00041
A0A4Q6IG25,1,PF00553
A0A4Q6IG25,2,PF00041
A0A4Q6J8R4,1,PF08329
A0A4Q6J8R4,4,G3DSA:2.60.40.10
A0A4Q6J8R4,5,PF02839
A0A4Q6J8R4,6,PF02839
A0A4Q6J8T5,1,SM00495
A0A4Q6J8T5,2,PF17957
A0A4Q6J8T5,3,G3DSA:2.60.40.10
A0A4Q6VBV4,1,PF00553
A0A4Q6VBV4,2,PF00041
A0A4Q6VC66,1,PF00553
A0A4Q6VC66,2,PF00041
A0A4Q6XGU7,1,PS51257
A0A4Q6XPZ0,1,PS51257
A0A4Q7DQR1,2,G3DSA:2.60.40.10
A0A4Q7DQR1,3,PF02839
A0A4Q7DZK9,1,SM00495
A0A4Q7DZK9,2,PF17957
A0A4Q7DZK9,3,PF17957
A0A4Q7DZK9,4,SM00495
A0A4Q7DZK9,5,PF17957
A0A4Q7DZK9,6,PF17957
A0A4Q7E5Z2,1,PF08329
A0A4Q7E5Z2,3,G3DSA:2.60.40.10
A0A4Q7E5Z2,4,G3DSA:2.60.40.10
A0A4Q7E5Z2,5,PF02839
A0A4Q7E5Z2,6,PF02839
A0A4Q7E6I1,1,SM00495
A0A4Q7E6I1,2,PF17957
A0A4Q7E9L3,1,PF02839
A0A4Q7E9L3,2,PF17957
A0A4Q7ECQ2,1,SM00495
A0A4Q7ECQ2,2,PF17957
A0A4Q7ECQ2,3,G3DSA:2.60.40.10
A0A4Q7ECQ2,5,SM00495
A0A4Q7ED49,1,PF08329
A0A4Q7ED49,5,PF02839
A0A4Q7HPE0,2,G3DSA:2.60.40.10
A0A4Q7IR94,1,SM00495
A0A4Q7IR94,2,PF17957
A0A4Q7IS94,1,PF08329
A0A4Q7IS94,3,G3DSA:2.60.40.10
A0A4Q7IS94,4,PF02839
A0A4Q7IS94,5,PF02839
A0A4Q7IZD1,1,PS51318
A0A4Q7IZP9,1,PF02018
A0A4Q7IZP9,2,PF00041
A0A4Q7J0Z1,1,PS51318
A0A4Q7J6D2,1,PS51318
A0A4Q7N2Z9,1,PS51257
A0A4Q7PH04,1,PS51257
A0A4Q7PMT6,1,PF01476
A0A4Q7Q1M9,1,PS51318
A0A4Q7Q9N5,1,PF00553
A0A4Q7Q9N5,2,PF00041
A0A4Q7QBV7,1,PF02018
A0A4Q7QBV7,2,PF00041
A0A4Q7QVB9,1,PF01476
A0A4Q7QVB9,2,PF01476
A0A4Q7QVB9,3,PF01476
A0A4Q7QVH9,1,PF01476
A0A4Q7QVH9,2,PF01476
A0A4Q7QXP1,1,PF01476
A0A4Q7QXP1,2,PF01476
A0A4Q7RT48,2,G3DSA:2.60.40.10
A0A4Q7RT48,3,G3DSA:2.60.40.10
A0A4Q7UC95,1,PS51318
A0A4Q7UEM3,1,PF02839
A0A4Q7UII7,1,PF00553
A0A4Q7WTK9,1,PF00553
A0A4Q7WTK9,2,PF00041
A0A4Q7WUQ6,2,PF02839
A0A4Q7X630,1,PF02018
A0A4Q7X630,2,PF00041
A0A4Q7XAZ2,1,PS51318
A0A4Q7YL91,1,PF00553
A0A4Q7Z3L0,1,PF02018
A0A4Q7Z3L0,2,PF00041
A0A4Q7Z4B5,1,PF00553
A0A4Q7Z4B5,2,PF00041
A0A4Q7Z4U1,1,PS51318
A0A4Q7Z4U1,2,PF02018
A0A4Q7Z4U1,3,PF00041
A0A4Q7Z512,1,PF02018
A0A4Q7Z512,2,PF00041
A0A4Q7Z8A1,1,PS51318
A0A4Q7ZFA7,1,PS51318
A0A4Q7ZFA7,2,PF00553
A0A4Q7ZFA7,3,PF00041
A0A4Q7ZFA7,4,PF00041
A0A4Q7ZGV2,1,PS51257
A0A4Q7ZGV2,2,SM00495
A0A4Q7ZHX1,1,PF00553
A0A4Q7ZIP8,1,PS51257
A0A4Q7ZIP8,2,PF02839
A0A4Q7ZIT8,1,PF00553
A0A4Q7ZQ90,1,PS51257
A0A4Q7ZQ90,2,SM00495
A0A4Q7ZTK3,1,PF02839
A0A4Q8BGW9,1,PF00553
A0A4Q8BIL1,1,PF00553
A0A4Q8BIL1,2,PF00041
A0A4Q8BK07,1,PF00553
A0A4Q8LBI1,1,PS51257
A0A4Q8LP86,1,PS51257
A0A4Q8M1C5,1,PS51257
A0A4Q8P6H5,2,G3DSA:2.60.40.10
A0A4Q8TZ22,1,PF08239
A0A4Q9DCJ9,1,PF01476
A0A4Q9DCJ9,2,PF01476
A0A4Q9DP50,1,PF01476
A0A4Q9DP50,2,PF01476
A0A4Q9DP50,3,PF01476
A0A4Q9DU51,1,PF00395
A0A4Q9DU51,3,PF00395
A0A4Q9DU89,1,PF07833
A0A4Q9GTG1,2,PF02839
A0A4Q9H7X0,1,PS51257
A0A4Q9HBK0,1,PS51257
A0A4Q9HHK0,3,PF00535
A0A4Q9HMC7,1,PS51318
A0A4Q9HZN7,2,PF02018
A0A4R0FWV8,1,PS51318
A0A4R0FWV8,2,PF00553
A0A4R0G9F9,1,PF08329
A0A4R0G9F9,3,PF22352
A0A4R0G9F9,5,PF02839
A0A4R0G9F9,6,PF02839
A0A4R0GQB3,1,PF00553
A0A4R0GVX7,1,PS51318
A0A4R0GXS1,1,PF00553
A0A4R0HLI0,1,PF02018
A0A4R0HNA1,1,PF00553
A0A4R0HNA1,2,PF00041
A0A4R0HQ93,1,PS51318
A0A4R0HS80,2,PF02839
A0A4R0I9Z9,1,PF02018
A0A4R0I9Z9,2,PF00041
A0A4R0IBU7,2,PF02839
A0A4R0IEY9,1,PF02018
A0A4R0IEY9,2,PF00041
A0A4R0IF67,1,PF00553
A0A4R0IF67,2,PF00041
A0A4R0IGV3,2,PF02839
A0A4R0IKK3,1,PF00553
A0A4R0IKK3,2,PF00041
A0A4R0J0N4,1,PF02018
A0A4R0J0N4,2,PF00041
A0A4R0J5D1,1,PS51318
A0A4R0J868,1,PF02018
A0A4R0J868,2,PF00041
A0A4R0JAG2,1,PS51318
A0A4R0JHM4,1,PF02018
A0A4R0JHM4,2,PF00041
A0A4R0JY11,1,PF02018
A0A4R0JY11,2,PF00041
A0A4R0K0C4,1,PF00553
A0A4R0K0C4,2,PF00041
A0A4R0K3L9,2,PF02839
A0A4R0K5U9,1,PS51318
A0A4R0K8L5,1,PS51318
A0A4R0KCR7,2,PF02839
A0A4R0KJD1,1,PF02018
A0A4R0KJD1,2,PF00041
A0A4R0MBV8,1,PS51257
A0A4R0MKX2,1,PS51257
A0A4R0MLT4,1,PS51257
A0A4R0NAD8,1,PS51257
A0A4R0NAE8,1,PS51257
A0A4R0NUR8,1,PS51257
A0A4R0NW30,1,PS51257
A0A4R0P4K9,3,PF00535
A0A4R0PA62,1,PS51257
A0A4R0PFG7,1,PS51257
A0A4R0PIV5,3,PF00535
A0A4R0Q2N9,1,PS51257
A0A4R1ANL0,1,PF01476
A0A4R1ANL0,2,PF01476
A0A4R1ATM4,1,PF07833
A0A4R1AXX8,1,PF01476
A0A4R1AXX8,2,PF01476
A0A4R1BBV5,3,PF00535
A0A4R1JW72,6,G3DSA:2.60.40.10
A0A4R1JW72,7,G3DSA:2.60.40.10
A0A4R1JWQ0,1,PS51257
A0A4R1LA66,1,PS51257
A0A4R1MXS1,1,PF01476
A0A4R1MXS1,2,PF01476
A0A4R1N0P1,1,PF01476
A0A4R1N0P1,2,PF01476
A0A4R1PZY6,1,PS51257
A0A4R1Q974,1,PF01476
A0A4R1Q974,2,PF01476
A0A4R1QZ68,1,PF01476
A0A4R1R0W3,1,PF01476
A0A4R1R0W3,2,PF01476
A0A4R1R6J5,1,PF01476
A0A4R1R6T6,1,PF08239
A0A4R1R9S4,1,PS51257
A0A4R1RZZ8,1,PF01476
A0A4R1RZZ8,2,PF01476
A0A4R1RZZ8,3,PF01476
A0A4R1S4U7,1,PF08239
A0A4R1WSS6,2,PF02839
A0A4R1WWN2,1,PF00553
A0A4R1WWN2,2,PF00041
A0A4R1Z2Z0,1,PF07833
A0A4R1ZGH1,1,PF00395
A0A4R1ZGH1,2,PF00395
A0A4R1ZGH1,3,PF00395
A0A4R1ZMQ6,1,PF01476
A0A4R1ZMQ6,2,PF01476
A0A4R1ZQT3,1,PF02839
A0A4R1ZQT3,2,PF00041
A0A4R1ZR00,1,PF07833
A0A4R2A2R5,2,PF00041
A0A4R2A2R5,4,PF00041
A0A4R2A2R5,5,PF00395
A0A4R2A2R5,6,PF00395
A0A4R2A2R5,7,PF00395
A0A4R2BAJ8,3,PF00535
A0A4R2BFX7,1,PS51257
A0A4R2BGP4,1,PF01476
A0A4R2BGP4,2,PF01476
A0A4R2BKJ8,1,PF01476
A0A4R2BKJ8,2,PF01476
A0A4R2CG01,1,PF02018
A0A4R2CG01,2,PF00041
A0A4R2CJ38,2,PF02839
A0A4R2G5T0,1,PF08329
A0A4R2G5T0,3,PF22352
A0A4R2G5T0,5,PF02839
A0A4R2GSY4,1,PS51318
A0A4R2H091,1,PF00553
A0A4R2H091,2,PF00041
A0A4R2H093,2,PF02839
A0A4R2H2W2,1,PF02018
A0A4R2HVV9,1,PF02018
A0A4R2HVV9,2,PF00041
A0A4R2I668,1,PS51318
A0A4R2I6T5,1,SM00495
A0A4R2I6T5,2,PF17957
A0A4R2I6T5,3,PF00041
A0A4R2IBG0,1,PS51257
A0A4R2IRM3,1,PF00553
A0A4R2IRM3,2,PF00041
A0A4R2IT03,2,PF02839
A0A4R2IY30,1,PF02018
A0A4R2IY30,2,PF00041
A0A4R2IZE4,1,PF02018
A0A4R2IZE4,2,PF00041
A0A4R2JC16,2,PF02018
A0A4R2JJC0,1,PF00553
A0A4R2JLJ8,1,PS51318
A0A4R2JLJ8,3,PF02839
A0A4R2K5C6,1,PF00553
A0A4R2K5C6,2,PF00041
A0A4R2KAN4,1,PF07833
A0A4R2KFG3,1,PF01476
A0A4R2KFG3,2,PF08239
A0A4R2KMV7,1,PF08239
A0A4R2LLG6,1,PS51257
A0A4R2NGV6,1,PF01476
A0A4R2NMJ1,1,PS51257
A0A4R2P9B4,1,PF01476
A0A4R2P9B4,2,PF01476
A0A4R2P9R0,1,PF01476
A0A4R2QRG0,1,PF07833
A0A4R2R7V9,1,PF01476
A0A4R2R984,1,PF01476
A0A4R2RB79,2,PF00395
A0A4R2RB79,3,PF00395
A0A4R2RB79,4,PF00395
A0A4R2RCP2,1,PF01476
A0A4R2RI63,2,PF00395
A0A4R2RI63,3,PF00395
A0A4R2RI63,4,PF00395
A0A4R2YPV8,1,PF08329
A0A4R2YPV8,3,PF22352
A0A4R2YPV8,4,G3DSA:2.60.40.10
A0A4R2YPV8,5,PF02839
A0A4R2YPV8,6,SM00495
A0A4R2YVZ7,1,SM00495
A0A4R2YVZ7,2,SM00495
A0A4R2YVZ7,4,PF22352
A0A4R2YVZ7,5,G3DSA:2.60.40.10
A0A4R2YVZ7,6,SM00495
A0A4R2Z239,1,SM00495
A0A4R3JF33,1,PF07833
A0A4R3JF33,2,PF08239
A0A4R3K5Z3,1,PF01476
A0A4R3K8X7,1,PF08239
A0A4R3KKG3,1,PF01476
A0A4R3KKG3,2,PF01476
A0A4R3L3S2,1,PS51257
A0A4R3LXU3,2,SM00495
A0A4R3LXU3,3,PF00041
A0A4R3MLS1,1,PF00395
A0A4R3MLS1,2,PF00395
A0A4R3MLS1,3,PF00395
A0A4R3MMU8,1,PF01476
A0A4R3MMU8,2,PF01476
A0A4R3MPE1,1,PF01476
A0A4R3MPE1,2,PF01476
A0A4R3MR52,2,PF00395
A0A4R3MR52,3,PF00395
A0A4R3MR52,4,PF00395
A0A4R3MRT0,1,PF00041
A0A4R3N0N5,1,PF01476
A0A4R3N0N5,2,PF01476
A0A4R3N0N5,3,PF01476
A0A4R3N8U2,1,PF01476
A0A4R3N8U2,2,PF01476
A0A4R3YNA6,1,PS51257
A0A4R4B944,1,PF01476
A0A4R4B944,2,PF01476
A0A4R4BDM6,2,PF00041
A0A4R4BDM6,3,PF00553
A0A4R4BN74,1,PS51257
A0A4R4BPF7,1,PS51257
A0A4R4CVG2,1,PF01476
A0A4R4CVG2,2,PF01476
A0A4R4CXT4,1,PF01476
A0A4R4CXT4,2,PF01476
A0A4R4CXT4,3,PF01476
A0A4R4E1Y6,1,PF07833
A0A4R4E275,1,PF00395
A0A4R4E275,2,PF00395
A0A4R4E275,3,PF00395
A0A4R4FDF2,1,PF08239
A0A4R4FL35,1,PF01476
A0A4R4IFA6,1,PS51318
A0A4R4IFA6,2,SM00495
A0A4R4IFA6,3,PF17957
A0A4R4IHD0,1,PS51257
A0A4R4J2X8,2,PF02839
A0A4R4J6T7,2,PF02839
A0A4R4L3G3,1,PF00553
A0A4R4L3G3,2,PF00041
A0A4R4L5C6,1,PF02018
A0A4R4L5C6,2,PF00041
A0A4R4LCA4,1,PF00553
A0A4R4LCA4,2,PF00041
A0A4R4LDT4,1,PF00553
A0A4R4LDT4,2,PF00553
A0A4R4LDT4,3,PF00041
A0A4R4M208,1,PF02839
A0A4R4M4E7,1,PF00553
A0A4R4M4E7,2,PF00041
A0A4R4M637,1,PS51318
A0A4R4M637,2,PF00553
A0A4R4M637,3,PF00041
A0A4R4MC53,1,PF00553
A0A4R4MC53,2,PF00041
A0A4R4MNQ2,1,PF00553
A0A4R4MNQ2,2,PF00041
A0A4R4MQD2,1,PF02839
A0A4R4MQD2,2,PF00041
A0A4R4MR69,1,PF00553
A0A4R4MR69,2,PF00041
A0A4R4MS94,1,PS51318
A0A4R4MS94,2,PF00553
A0A4R4MS94,3,PF00041
A0A4R4MT26,1,PF02018
A0A4R4MT26,2,PF00041
A0A4R4N5T5,1,PF02018
A0A4R4N5T5,2,PF00041
A0A4R4NA81,1,PF00553
A0A4R4NA81,2,PF00041
A0A4R4NFR4,1,PF00553
A0A4R4NFR4,2,PF00041
A0A4R4NZN4,1,PS51318
A0A4R4NZN4,2,PF00553
A0A4R4NZN4,3,PF00041
A0A4R4P0W2,1,PF02018
A0A4R4P0W2,2,PF00041
A0A4R4P503,1,PF00553
A0A4R4P503,2,PF00041
A0A4R4P7S4,1,PF02839
A0A4R4P9M3,1,PS51257
A0A4R4PIF4,1,PF00553
A0A4R4PN82,1,PF02018
A0A4R4PN82,2,PF00041
A0A4R4Q2S2,1,PS51318
A0A4R4RME9,2,PF02839
A0A4R4S4A5,1,PF00041
A0A4R4T291,1,PS51318
A0A4R4T291,2,PF00553
A0A4R4T291,3,PF00041
A0A4R4TDC5,1,PF00553
A0A4R4UBT4,1,PF02839
A0A4R4UBT4,2,PF00041
A0A4R4UG70,1,PF00553
A0A4R4UG70,2,PF00041
A0A4R4UL93,1,PS51318
A0A4R4UL93,2,PF00553
A0A4R4UL93,3,PF00041
A0A4R4UXJ7,1,PF02839
A0A4R4UXJ7,2,PF00041
A0A4R4W450,1,PF00553
A0A4R4W450,2,PF00041
A0A4R4W7E3,1,PF02018
A0A4R4WKD7,1,PS51318
A0A4R4X5Z8,1,PF02839
A0A4R4X5Z8,2,PF00041
A0A4R4XCU5,1,PF02018
A0A4R4XCU5,2,PF00041
A0A4R4XXP1,1,PF00553
A0A4R4XXP1,2,PF00041
A0A4R4Y2E3,1,PF02839
A0A4R4Y2E3,2,PF00041
A0A4R4Y748,1,PF02018
A0A4R4Y748,2,PF00041
A0A4R4Y7C0,1,PF00553
A0A4R4Y7C0,2,PF00041
A0A4R4Y8J1,1,PF00553
A0A4R4Y8J1,2,PF00553
A0A4R4Y8J1,3,PF00041
A0A4R4YH41,1,PF00553
A0A4R4YH41,2,PF00041
A0A4R4YHB1,1,PF02018
A0A4R4YHB1,2,PF00041
A0A4R4YHG1,1,PS51318
A0A4R4YPR0,1,PS51318
A0A4R4Z594,1,PF02018
A0A4R4Z594,2,PF00041
A0A4R4ZKU4,1,PF00553
A0A4R4ZKU4,2,PF00041
A0A4R4ZM50,1,PF02839
A0A4R4ZUE0,1,PF02018
A0A4R4ZUE0,2,PF00041
A0A4R4ZW40,1,PF00553
A0A4R4ZW40,2,PF00041
A0A4R4ZXY0,1,PF02839
A0A4R5AKU2,1,PF00553
A0A4R5AKU2,2,PF00041
A0A4R5B471,1,PF00553
A0A4R5B471,2,PF00041
A0A4R5BDX0,1,PF02839
A0A4R5BGW9,1,PS51318
A0A4R5BGW9,2,PF00553
A0A4R5BGW9,3,PF00041
A0A4R5BKX6,1,PF00553
A0A4R5BKX6,2,PF00553
A0A4R5BKX6,3,PF00041
A0A4R5BLE0,1,PS51318
A0A4R5BLE0,2,PF00553
A0A4R5BLE0,3,PF00041
A0A4R5CXE5,1,PS51257
A0A4R5DFB8,2,PF02839
A0A4R5DW17,1,PS51257
A0A4R5E2B3,1,PS51318
A0A4R5E2B3,2,PF02839
A0A4R5E2B3,3,PF00041
A0A4R5E2W3,1,PF00553
A0A4R5E2W3,2,PF00041
A0A4R5E7L2,1,PS51318
A0A4R5E7L2,2,PF00553
A0A4R5E7L2,3,PF00041
A0A4R5E8L9,1,PF02018
A0A4R5E8L9,2,PF00041
A0A4R5E8M8,1,PF00041
A0A4R5HFU7,1,PF08329
A0A4R5HFU7,3,PF22352
A0A4R5HFU7,5,PF02839
A0A4R5HFU7,6,PF02839
A0A4R5HKD8,1,PS51318
A0A4R5HKD8,4,PF02839
A0A4R5HM36,1,PF00553
A0A4R5KIE4,2,PF08239
A0A4R5KQ16,1,PF01476
A0A4R5KQ16,2,PF01476
A0A4R5KQ16,3,PF08239
A0A4R5URP5,1,PS51257
A0A4R5UXX2,1,PS51257
A0A4R5VI33,1,PF01476
A0A4R5VI33,2,PF01476
A0A4R5VJS3,1,PF01476
A0A4R5VJS3,2,PF01476
A0A4R5VJS3,3,PF01476
A0A4R5VKA4,1,PF01476
A0A4R5VKA4,2,PF01476
A0A4R5VKA4,3,PF01476
A0A4R5VKK2,1,PF01476
A0A4R5VKK2,2,PF01476
A0A4R5VPG7,1,PF07833
A0A4R5VQJ1,1,PF01476
A0A4R5VQJ1,2,PF01476
A0A4R5VQJ1,3,PF01476
A0A4R5XGH1,1,PF01476
A0A4R5XGH1,2,PF01476
A0A4R5Z6E2,1,PF07833
A0A4R6DG54,1,PS51257
A0A4R6FNT3,3,PF00535
A0A4R6H5Y5,1,PS51257
A0A4R6IKE4,3,PF00535
A0A4R6JQZ5,1,PS51257
A0A4R6JSW8,1,PS51257
A0A4R6JSW8,2,PF02839
A0A4R6JUM7,1,PS51257
A0A4R6JUM7,2,PF02839
A0A4R6JZZ7,1,PF02839
A0A4R6K4A4,1,PS51318
A0A4R6K4A4,2,PF02839
A0A4R6KIH0,2,PF02839
A0A4R6KII8,1,PF00553
A0A4R6KII8,2,PF00041
A0A4R6KIZ2,1,PF02018
A0A4R6KIZ2,2,PF00041
A0A4R6KMQ2,1,PF02018
A0A4R6KMQ2,2,PF00041
A0A4R6KW72,2,PF02839
A0A4R6KWL6,1,PF02018
A0A4R6KWL6,2,PF00041
A0A4R6KYB2,1,PF00553
A0A4R6KYB2,2,PF00041
A0A4R6L2Q3,1,PS51318
A0A4R6LCG5,5,G3DSA:2.60.40.10
A0A4R6LCG5,6,G3DSA:2.60.40.10
A0A4R6LCZ4,1,PS51257
A0A4R6LDS4,3,PF00535
A0A4R6M358,1,PS51257
A0A4R6MGD1,3,PF00535
A0A4R6SHA3,2,PF02839
A0A4R6SHA3,3,PF02839
A0A4R6SIB2,2,PF02839
A0A4R6SIB2,3,PF02839
A0A4R6T8N8,1,PS51257
A0A4R6TEU2,1,PS51257
A0A4R6TXK0,1,PF01476
A0A4R6TXK0,2,PF01476
A0A4R6TXK0,3,PF01476
A0A4R6UHY3,1,PS51318
A0A4R6UHY3,2,PF00553
A0A4R6UHY3,3,PF00041
A0A4R6UKG4,1,PF02839
A0A4R6UKG4,2,PF02839
A0A4R6UP89,1,PF02839
A0A4R6UP89,2,PF02839
A0A4R6UZF8,1,PF02839
A0A4R6UZF8,2,PF02839
A0A4R6V1N6,2,PF02839
A0A4R6YQQ5,1,SM00495
A0A4R6YQQ5,2,PF00041
A0A4R6YU88,2,PF02839
A0A4R6Z0L8,1,PF08329
A0A4R6ZHC0,2,G3DSA:2.60.40.10
A0A4R6ZHC0,3,PF02839
A0A4R6ZKP4,3,PF00041
A0A4R6ZKP4,4,PF02839
A0A4R7B7G1,1,PF02839
A0A4R7CR91,1,PS51257
A0A4R7FZ86,2,PF02839
A0A4R7GDL8,2,G3DSA:2.60.40.10
A0A4R7GDL8,3,PF02839
A0A4R7GDV5,1,PF08329
A0A4R7GDV5,3,PF22352
A0A4R7GDV5,5,PF02839
A0A4R7GDV5,6,SM00495
A0A4R7GED1,1,SM00495
A0A4R7GED1,2,SM00495
A0A4R7GED1,4,PF22352
A0A4R7GED1,5,G3DSA:2.60.40.10
A0A4R7GED1,6,SM00495
A0A4R7IYN3,1,PS51318
A0A4R7J1G0,1,PS51318
A0A4R7J1G0,2,PF02018
A0A4R7J1G0,3,PF00041
A0A4R7JGF0,2,PF02839
A0A4R7JKV5,1,PF00553
A0A4R7JKV5,2,PF00041
A0A4R7JLQ2,1,PF02018
A0A4R7JLQ2,2,PF00041
A0A4R7JV57,1,PF00553
A0A4R7KNP9,1,PF01476
A0A4R7KNP9,2,PF01476
A0A4R7KUA2,1,PF01476
A0A4R7T878,1,PS51318
A0A4R7TBF2,1,PF02018
A0A4R7TBF2,2,PF00041
A0A4R7TC73,1,PF00553
A0A4R7TC73,2,PF00041
A0A4R7TD56,2,PF02839
A0A4R7TEX9,1,PF02839
A0A4R7THH9,1,PF02018
A0A4R7THH9,2,PF00041
A0A4R7VJP1,1,PF00553
A0A4R7VV70,1,PF02018
A0A4R7VV70,2,PF00041
A0A4R7VW82,1,PF00553
A0A4R7VW82,2,PF00041
A0A4R7VXW7,1,PS51318
A0A4R7VYK6,1,PF00553
A0A4R7VYK6,2,PF00041
A0A4R7ZJB1,1,PS51318
A0A4R7ZLN5,1,PF00553
A0A4R7ZLN5,2,PF00041
A0A4R7ZLP0,1,PF02018
A0A4R7ZLP0,2,PF00041
A0A4R7ZTC9,2,PF02839
A0A4R8B3H9,3,PF00535
A0A4R8B5P3,5,G3DSA:2.60.40.10
A0A4R8B5P3,6,G3DSA:2.60.40.10
A0A4R8B688,1,PS51257
A0A4R8BZJ8,1,PS51318
A0A4R8BZL0,1,PF02018
A0A4R8BZL0,2,PF00041
A0A4R8C4N1,1,PF02018
A0A4R8C4N1,2,PF00041
A0A4R8C5F4,1,PF00553
A0A4R8C5F4,2,PF00041
A0A4R8CB83,2,PF02839
A0A4R8CWR7,1,PS51318
A0A4R8DJF9,2,PF02839
A0A4R8DK42,1,PF00553
A0A4R8DK42,2,PF00041
A0A4R8DP32,3,PF00535
A0A4R8ELB0,5,G3DSA:2.60.40.10
A0A4R8ELB0,6,G3DSA:2.60.40.10
A0A4R8GAB9,1,PF01476
A0A4R8GAB9,2,PF01476
A0A4R8GH69,3,PF00535
A0A4R8GJS2,1,PF01476
A0A4R8GJS2,2,PF01476
A0A4R8GN35,1,PF07833
A0A4R8KX69,1,PF02839
A0A4R8KX69,2,PF02839
A0A4R8L1H3,1,PS51257
A0A4R8L1H3,2,PF02839
A0A4R8L4F0,1,PS51257
A0A4R8L4F0,2,PF02839
A0A4R8LIE6,1,PF01476
A0A4R9EVH5,1,PF00553
A0A4R9EVH5,2,PF00041
A0A4S2AF83,1,PF01476
A0A4S2AGZ8,1,PS51257
A0A4S2AWS7,1,PS51257
A0A4S2D4F8,1,SM00495
A0A4S2D4F8,2,PF17957
A0A4S2D4F8,3,PF00041
A0A4S2D6D3,1,PS51257
A0A4S2DES0,5,PF02839
A0A4S2DES4,4,SM00495
A0A4S2DES4,7,PF02839
A0A4S2G1Y1,1,PS51257
A0A4S2HIK0,1,PF08239
A0A4S2IRX0,1,PF02018
A0A4S2IRX0,2,PF00041
A0A4S2IS16,1,PF00553
A0A4S2IS16,2,PF00041
A0A4S2IYR8,1,PS51318
A0A4S2IYR8,3,PF02018
A0A4S2IZL6,1,PS51318
A0A4S2IZL6,2,PF02018
A0A4S2IZL6,3,PF00041
A0A4S2J4K4,1,PF00553
A0A4S2JCT6,2,PF02018
A0A4S2QX98,1,PF02018
A0A4S2QX98,2,PF00041
A0A4S2R1P1,1,PF00553
A0A4S2R1P1,2,PF00041
A0A4S2RAI4,1,PF02018
A0A4S2RAI4,2,PF00041
A0A4S2RFM4,1,PF02018
A0A4S2RFM4,2,PF00041
A0A4S2RGS6,1,PF02018
A0A4S2RGS6,2,PF00041
A0A4S2RH56,2,SM00495
A0A4S2RMT7,1,PF02018
A0A4S2RPR9,1,PF00553
A0A4S2RPR9,2,PF00041
A0A4S2RUF0,2,PF02018
A0A4S2RUW7,1,PF02018
A0A4S2RUW7,2,PF00041
A0A4S2RW24,1,PF00553
A0A4S2RW24,2,PF00041
A0A4S2RYY2,2,PF02839
A0A4S2RZ10,1,PF02018
A0A4S2RZ10,2,PF00041
A0A4S2S912,1,PF00553
A0A4S2S912,2,PF00041
A0A4S2SVM5,1,PF02018
A0A4S2SVM5,2,PF00041
A0A4S2T6Q9,1,PS51318
A0A4S2T6Q9,2,PF00553
A0A4S2T6Q9,3,PF00041
A0A4S2TA35,2,PF02839
A0A4S2TJ56,2,PF02839
A0A4S2TKA7,2,PF02018
A0A4S2TY70,1,PS51318
A0A4S2TY70,2,PF00553
A0A4S2TY70,3,PF00041
A0A4S2U8R5,1,PF02018
A0A4S2U8R5,2,PF00041
A0A4S2UB01,2,PF02839
A0A4S2UG79,2,PF02018
A0A4S2UGE0,1,PF02018
A0A4S2UGE0,2,PF00041
A0A4S2ULF5,1,PF02018
A0A4S2ULF5,2,PF00041
A0A4S2ULR0,1,PF00553
A0A4S2ULR0,2,PF00041
A0A4S2UY20,2,PF02018
A0A4S2V4G9,1,PF00553
A0A4S2V8V6,1,PF00553
A0A4S2V8V6,2,PF00041
A0A4S2VB77,1,PF02018
A0A4S2VB77,2,PF00041
A0A4S2VCB4,2,PF02839
A0A4S2VIQ9,1,PF02018
A0A4S2VIQ9,2,PF00041
A0A4S3DXX9,2,G3DSA:2.60.40.10
A0A4S3LLT2,2,PF22352
A0A4S3LLT2,3,PF02839
A0A4S3PIC9,1,PS51257
A0A4S3PJT1,1,PF01476
A0A4S3PJT1,2,PF01476
A0A4S3PQJ6,1,PF01476
A0A4S3PQJ6,2,PF01476
A0A4S3PQJ6,3,PF01476
A0A4S3PQJ6,4,PF01476
A0A4S3PQJ6,5,G3DSA:2.60.40.10
A0A4S3PQJ6,6,G3DSA:2.60.40.10
A0A4S3PQJ6,7,G3DSA:2.60.40.10
A0A4S3PQJ6,8,G3DSA:2.60.40.10
A0A4S3PQJ6,10,G3DSA:2.60.40.10
A0A4S3PQJ6,11,G3DSA:2.60.40.10
A0A4S3PQJ6,12,PF01476
A0A4S3PQJ6,14,PF01476
A0A4S3PQJ6,15,PF01476
A0A4S3PQJ6,16,PF01476
A0A4S3PQJ7,2,PF01476
A0A4S3PQJ7,3,PF08239
A0A4S3PVP4,1,PF00041
A0A4S3PVP4,2,G3DSA:2.60.40.10
A0A4S4BIM4,1,PS51318
A0A4S4BIM4,2,PF00395
A0A4S4BIM4,3,PF00395
A0A4S4BIM4,4,PF00395
A0A4S4BWN2,1,PF07833
A0A4S4BX19,1,PF01476
A0A4S4BX19,2,PF01476
A0A4S4BXR1,3,PF00535
A0A4S4C443,1,PF01476
A0A4S4C443,2,PF01476
A0A4S4FUU1,2,PF00041
A0A4S4HH94,2,PF00041
A0A4S4HH94,3,PF00553
A0A4S4HR59,1,PF01476
A0A4S4HR59,2,PF01476
A0A4S5C270,2,PF02839
A0A4S5CLR9,1,PF08329
A0A4S5CLR9,3,PF22352
A0A4S5CLR9,4,G3DSA:2.60.40.10
A0A4S5CLR9,5,PF02839
A0A4S5CLR9,6,PF02839
A0A4S5CM73,1,PF08329
A0A4S5CM73,3,PF22352
A0A4S5CM73,4,G3DSA:2.60.40.10
A0A4S5CM73,5,PF02839
A0A4S5CM73,6,PF02839
A0A4S5D7E0,1,PF08329
A0A4S5D7E0,3,PF22352
A0A4S8HKR5,3,PF00535
A0A4S8HLG5,2,PF17957
A0A4S8HLG5,4,PF17957
A0A4S8HLG5,5,PF02839
A0A4S8HLG5,6,PF17957
A0A4S8HLG5,7,SM00495
A0A4S8NXN4,1,PF00553
A0A4S8NXN4,2,PF00041
A0A4S8P3M1,1,PS51318
A0A4S8P3M1,2,PF02839
A0A4S8PFN1,1,PF02839
A0A4S8QCS5,1,PF02839
A0A4S8QMM9,1,PF02839
A0A4T3KI91,1,SM00495
A0A4T3KI91,2,SM00495
A0A4T3KI91,3,SM00495
A0A4T3KI91,4,SM00495
A0A4T3KI91,5,SM00495
A0A4T3KI91,6,PF02839
A0A4T3KI91,7,SM00495
A0A4U0FBM2,1,PF01476
A0A4U0FBM2,2,PF01476
A0A4U0FG55,2,PF07833
A0A4U0FGY0,1,PF07833
A0A4U0HC12,1,PS51257
A0A4U0NVP3,1,PS51318
A0A4U0PFH4,1,PF02839
A0A4U0PFH4,2,PF02839
A0A4U0PWS9,1,PF02839
A0A4U0PWS9,3,PF02839
A0A4U0PWS9,5,SM00495
A0A4U0PWW3,1,PF02839
A0A4U0PWW3,2,PF02839
A0A4U0PXQ5,1,PF02839
A0A4U0PXQ5,2,PF02839
A0A4U0PY33,2,PF02839
A0A4U0PY33,3,PF02839
A0A4U0PZD4,1,PF02839
A0A4U0PZD4,2,PF02839
A0A4U0Q1A3,1,PF02839
A0A4U0Q1A3,2,PF02839
A0A4U0Q5I5,1,PF02839
A0A4U0Q5I5,2,PF02839
A0A4U0Q8T1,1,PF02839
A0A4U0Q8T1,2,PF02839
A0A4U0QB33,1,PF02839
A0A4U0QB33,2,PF02839
A0A4U0QBB3,1,PF02839
A0A4U0QBB3,2,PF02839
A0A4U0QCD7,1,PF02839
A0A4U0QCD7,2,PF02839
A0A4U0QND7,1,PF02839
A0A4U0QND7,2,PF02839
A0A4U0RN04,2,PF02018
A0A4U0S2C6,1,PF02018
A0A4U0S3N6,2,PF02018
A0A4U0SDI4,1,PF02018
A0A4U0SGX8,2,PF02018
A0A4U0STJ7,1,PS51318
A0A4U0STJ7,2,PF00553
A0A4U0SW07,1,PF00041
A0A4U0T1E4,1,PS51318
A0A4U1CAN9,1,PS51257
A0A4U1CF90,1,PS51257
A0A4U1CGP6,1,PS51257
A0A4U1D053,1,PF01476
A0A4U1D053,2,PF01476
A0A4U1D9Y5,1,PF07833
A0A4U1DB62,2,PF01476
A0A4U1GC22,1,PS51257
A0A4U1GEK2,1,PS51257
A0A4U1GIW8,1,PS51257
A0A4U1I803,3,G3DSA:2.60.40.10
A0A4U1I803,4,G3DSA:2.60.40.10
A0A4U1MJP4,1,PF01476
A0A4U1MJP4,2,PF01476
A0A4U1MN87,1,PF01476
A0A4U1MN87,2,PF01476
A0A4U1MN87,3,PF01476
A0A4U1MN87,4,PF08239
A0A4U1VWM5,1,G3DSA:2.60.40.10
A0A4U1VWM5,2,PF17957
A0A4U1VWM5,3,PF17957
A0A4U1VWM5,4,PF17957
A0A4U1W2F8,1,PS51257
A0A4U1W2F8,2,PF02839
A0A4U1W2F8,3,PF17957
A0A4U1W2F8,4,PF17957
A0A4U1W443,1,PF08329
A0A4U1W443,3,PF22352
A0A4U1W443,5,PF02839
A0A4U1WFF9,2,PF02839
A0A4U1WFF9,4,SM00495
A0A4U1Y8B7,1,PS51257
A0A4U1Y8B7,2,PF02839
A0A4U1Y8B7,3,PF17957
A0A4U1Y8B7,4,PF17957
A0A4U1YPB0,1,PF08329
A0A4U1YPB0,3,PF22352
A0A4U1YPB0,5,PF02839
A0A4U1Z098,1,PS51257
A0A4U1Z098,2,PF02839
A0A4U1Z098,3,PF17957
A0A4U1Z098,4,PF17957
A0A4U2A002,1,PS51257
A0A4U2A002,2,PF02839
A0A4U2A002,3,PF17957
A0A4U2A002,4,PF17957
A0A4U2CLG8,2,PF02839
A0A4U2CLG8,4,SM00495
A0A4U2CU92,1,PS51257
A0A4U2CU92,2,PF02839
A0A4U2CU92,3,PF17957
A0A4U2CU92,4,PF17957
A0A4U2DCP7,1,PF08329
A0A4U2DCP7,3,PF22352
A0A4U2DCP7,5,PF02839
A0A4U2E577,2,PF02839
A0A4U2E577,4,SM00495
A0A4U2E707,4,SM00495
A0A4U2EDX2,1,PF08329
A0A4U2EGH4,1,PF08329
A0A4U2EGH4,3,PF22352
A0A4U2EGH4,5,PF02839
A0A4U2F915,1,PF08329
A0A4U2F915,3,PF22352
A0A4U2F915,5,PF02839
A0A4U2GF65,1,PF08329
A0A4U2GF65,3,PF22352
A0A4U2GF65,5,SM00495
A0A4U2H1V6,2,PF02839
A0A4U2H1V6,4,SM00495
A0A4U2H503,1,PS51257
A0A4U2H503,2,PF02839
A0A4U2H503,3,PF17957
A0A4U2H503,4,PF17957
A0A4U2Q1M2,1,PS51257
A0A4U2Q1M2,2,PF00395
A0A4U2Q1M2,3,PF00395
A0A4U2Q1M2,4,PF00395
A0A4U2Q2B4,1,PF07833
A0A4U2Q2J6,1,PF07833
A0A4U2Y4C3,1,PF01476
A0A4U2Y4C3,2,PF01476
A0A4U2Y8R8,1,PF00395
A0A4U2Y8R8,2,PF00395
A0A4U2Y8R8,3,PF00395
A0A4U2Y922,1,PF07833
A0A4U2Y922,2,PF08239
A0A4U2Y9G6,3,PF00041
A0A4U2Y9G6,4,PF02839
A0A4U2YBX2,1,PF02839
A0A4U2YBX2,2,PF00041
A0A4U2Z382,1,PF01476
A0A4U2Z382,2,PF01476
A0A4U2ZDJ9,1,PF01476
A0A4U2ZDJ9,2,PF01476
A0A4U2ZDJ9,3,PF01476
A0A4U2ZDL5,2,PF00395
A0A4U2ZDL5,3,PF00395
A0A4U2ZDL5,4,PF00395
A0A4U3A081,1,PF01476
A0A4U3A081,2,PF01476
A0A4U3AF28,1,PF01476
A0A4U3AF28,2,PF01476
A0A4U3AGW3,2,PF00041
A0A4U3AGW3,3,PF00553
A0A4U3BB15,2,PF00041
A0A4U3BB15,3,PF00553
A0A4U3ES69,2,PF02839
A0A4U3EUJ6,1,PF07833
A0A4U3FIA1,1,PF07833
A0A4U3LI84,1,PF02018
A0A4U3LI84,2,PF00041
A0A4U3LS33,1,PS51318
A0A4U3LYL4,1,PF00553
A0A4U3LYL4,2,PF00041
A0A4U3LYR6,1,PF02018
A0A4U3LYR6,2,PF00041
A0A4U3LZ36,2,PF02839
A0A4U3LZ92,1,PF02018
A0A4U3LZ92,2,G3DSA:2.60.40.10
A0A4U3LZN6,1,PF00553
A0A4U3LZN6,2,PF00041
A0A4U3M053,1,PF00553
A0A4U3M053,2,PF00041
A0A4U3M8Y2,2,PF00041
A0A4U3MJD2,1,PF00553
A0A4U3MNS1,1,PF02018
A0A4U5JPU3,1,SM00495
A0A4U5JPU3,2,PF17957
A0A4U5JPU3,3,PF00041
A0A4U5WC32,1,PS51318
A0A4U5WD13,1,PF02018
A0A4U5WD13,2,PF00041
A0A4U5WD54,3,PF02839
A0A4U5WF89,2,PF02839
A0A4U5WGC6,1,PF00553
A0A4U5WLQ5,1,PF00553
A0A4U5WLQ5,2,PF00041
A0A4U5WLT4,1,PF02018
A0A4U5WLT4,2,PF00041
A0A4U5WNW4,1,PS51318
A0A4U5WNW4,2,PF02018
A0A4U5WNW4,3,PF00041
A0A4U5WSR2,1,PS51318
A0A4U5WSR4,1,PF02018
A0A4U5WSR4,2,PF00041
A0A4U5WY79,3,PF02839
A0A4U5X006,1,PF00553
A0A4U5X2K2,1,PS51318
A0A4U5X2K2,3,PF02839
A0A4U5X302,1,PF00553
A0A4U5X302,2,PF00041
A0A4U5X5A0,1,PS51318
A0A4U5X5A0,2,PF02018
A0A4U5X5A0,3,PF00041
A0A4U5X8H9,1,PF02018
A0A4U5X8H9,2,PF00041
A0A4U6D7V5,1,PS51257
A0A4U7JCN4,2,PF00395
A0A4U7JCN4,3,PF00395
A0A4U7JCN4,4,PF00395
A0A4U7JGX1,1,PF01476
A0A4U7JGX1,2,PF01476
A0A4U8IW57,2,G3DSA:2.60.40.10
A0A4U8LSE6,2,G3DSA:2.60.40.10
A0A4U8Q8Y5,1,PF01476
A0A4U8QG68,1,PF08239
A0A4U9HQ31,1,PF08329
A0A4U9HTS1,2,PF22352
A0A4U9HTS1,4,PF02839
A0A4U9HTS1,5,PF02839
A0A4V0YF00,1,PF07833
A0A4V0Z6X9,1,PF01476
A0A4V0Z6X9,2,PF01476
A0A4V0ZJB3,1,PF00553
A0A4V0ZPZ7,1,PS51257
A0A4V0ZZV0,1,PF00553
A0A4V0ZZV0,2,PF00041
A0A4V1CAL4,2,PF00041
A0A4V1CAL4,3,PF02839
A0A4V1FFD1,2,PF01476
A0A4V1IP79,1,PS51257
A0A4V1IP79,2,PF02839
A0A4V1KHH7,1,PS51257
A0A4V1LFQ4,1,PF01476
A0A4V1LFQ4,2,PF01476
A0A4V1LGF0,1,PF01476
A0A4V1MK39,3,PF00041
A0A4V1NX05,1,PF07833
A0A4V1NX05,2,PF08239
A0A4V1NYR7,1,PF01476
A0A4V1NYR7,2,PF01476
A0A4V1QRZ6,1,PS51318
A0A4V1VMP6,1,PF00553
A0A4V1VMP6,2,PF00041
A0A4V2AVK7,1,PS51257
A0A4V2EMB7,1,PS51318
A0A4V2EMB7,2,PF00553
A0A4V2EMB7,3,PF00041
A0A4V2EMB7,4,PF00041
A0A4V2FAD1,2,PF02839
A0A4V2FC71,1,PS51257
A0A4V2FXD3,1,PF00553
A0A4V2FXD3,2,PF00041
A0A4V2FXH9,1,PF02018
A0A4V2FXH9,2,PF00041
A0A4V2HCK3,1,PS51257
A0A4V2MA70,1,PF00553
A0A4V2MA70,2,PF00041
A0A4V2Q1L4,1,PF00395
A0A4V2Q1L4,2,PF00395
A0A4V2Q7J4,1,PS51257
A0A4V2QXB8,1,PF02018
A0A4V2QXB8,2,PF00041
A0A4V2RBJ4,1,PF01476
A0A4V2RBJ4,2,PF01476
A0A4V2RH63,1,PF00553
A0A4V2RH63,2,PF00041
A0A4V2SB14,1,PF07833
A0A4V2SUH0,1,PF01476
A0A4V2SUH0,2,PF01476
A0A4V2TMY6,2,G3DSA:2.60.40.10
A0A4V2TMY6,3,PF02839
A0A4V2WMG5,3,PF00535
A0A4V2XCE2,1,PF00553
A0A4V2XI06,1,PF00041
A0A4V2YC65,1,PF02018
A0A4V2YC65,2,PF00041
A0A4V2YD44,1,PF00553
A0A4V2YD44,2,PF00041
A0A4V2YI19,1,PF00553
A0A4V2YI19,2,PF00041
A0A4V2YJV3,1,PF00553
A0A4V2YJV3,2,PF00041
A0A4V2YUY7,1,PF00553
A0A4V2YUY7,2,PF00553
A0A4V2YUY7,3,PF00041
A0A4V2Z5X0,1,PF00553
A0A4V2Z5X0,2,PF00041
A0A4V2ZFG9,1,PF02839
A0A4V2ZFG9,2,PF17957
A0A4V2ZFG9,3,PF17957
A0A4V2ZFG9,4,SM00495
A0A4V2ZFG9,5,PF17957
A0A4V2ZFG9,6,PF17957
A0A4V2ZH73,4,PF02839
A0A4V2ZSY2,2,PF02839
A0A4V2ZSY2,3,SM00495
A0A4V3BKM8,2,SM00495
A0A4V3BKM8,3,SM00495
A0A4V3BLQ5,1,SM00495
A0A4V3EE21,1,SM00495
A0A4V3EQ67,1,PS51318
A0A4V3EQ67,3,PF02839
A0A4V3F958,1,PS51257
A0A4V3GLN7,1,PS51257
A0A4V3GVB3,1,PF01476
A0A4V3GVB3,2,PF01476
A0A4V3HE22,1,PS51257
A0A4V3HF25,1,PF01476
A0A4V3HF25,2,PF01476
A0A4V3RZA7,1,PF01476
A0A4V3SYS6,2,PF02839
A0A4V3T5D5,1,PF02018
A0A4V3T5D5,2,PF00041
A0A4V3T7G8,1,PF00553
A0A4V3T7G8,2,PF00041
A0A4V3T7Y8,2,SM00495
A0A4V3T9M5,2,PF02839
A0A4V3WDP5,1,PF07833
A0A4V3WDP5,2,PF08239
A0A4V3WDZ9,1,PF01476
A0A4V3WDZ9,2,PF01476
A0A4V3X0G4,3,PF00535
A0A4V3Z0M8,1,SM00495
A0A4V3Z0M8,2,PF17957
A0A4V3Z0M8,3,PF17957
A0A4V3Z0M8,5,SM00495
A0A4V5LRA7,1,PF07833
A0A4V5MRH6,1,PF02839
A0A4V5MRH6,2,PF02839
A0A4V5P0E7,1,PS51257
A0A4V5PC97,1,PS51257
A0A4V5R6N6,1,PF08329
A0A4V5R6N6,3,PF22352
A0A4V5R6N6,5,PF02839
A0A4V5RI81,2,PF02839
A0A4V5RI81,4,SM00495
A0A4V5RML4,1,PS51257
A0A4V5RML4,2,PF02839
A0A4V5RML4,3,PF17957
A0A4V5RML4,4,PF17957
A0A4V5TS17,1,SM00495
A0A4V5TS17,3,PF00041
A0A4V5TS17,4,PF02839
A0A4V6KC97,1,PF01476
A0A4V6KC97,2,PF01476
A0A4V6N3Q8,1,PF02018
A0A4V6N3Q8,2,PF00041
A0A4V6P5A4,2,PF00041
A0A4V6P5A4,3,G3DSA:2.60.40.10
A0A4V6P5A4,4,PF02839
A0A4V6P5A4,5,PF00041
A0A4V6PGM7,1,PF02839
A0A4V6PGM7,2,PF00041
A0A4V6PJ98,3,PF00535
A0A4V6Q9W8,1,PF02018
A0A4V6Q9W8,2,PF00041
A0A4V6T658,1,PF02018
A0A4V6T658,2,PF00041
A0A4Y1VLU6,1,PS51257
A0A4Y1X1G0,1,PS51257
A0A4Y1X588,1,PS51257
A0A4Y1Z6V2,1,PF01476
A0A4Y1Z6V2,2,PF01476
A0A4Y3JLT7,2,PF00041
A0A4Y3JLT7,3,PF02839
A0A4Y3JPW4,3,PF00041
A0A4Y3JPW4,4,PF02839
A0A4Y3KCR5,1,PF00553
A0A4Y3KLL1,1,PF00553
A0A4Y3KYI9,1,PF00553
A0A4Y3N7B0,2,SM00495
A0A4Y3N7B0,3,PF02839
A0A4Y3PFI3,1,PF00395
A0A4Y3PFI3,2,PF00395
A0A4Y3PFI3,3,PF00395
A0A4Y3PG15,1,PF01476
A0A4Y3PG15,2,PF01476
A0A4Y3PLQ4,1,PS51257
A0A4Y3PPV9,1,PF07833
A0A4Y3PPV9,2,PF08239
A0A4Y3PST5,1,PF01476
A0A4Y3PST5,2,PF01476
A0A4Y3QQX0,1,PS51318
A0A4Y3QTF1,1,PS51318
A0A4Y3R0U2,1,PS51257
A0A4Y3RLY9,1,PF00553
A0A4Y3RLY9,2,PF00041
A0A4Y3RTZ4,1,PF02018
A0A4Y3RTZ4,2,PF00041
A0A4Y3RU03,1,PF02018
A0A4Y3RU03,2,PF00041
A0A4Y3RUA9,1,PF00553
A0A4Y3VE00,2,SM00495
A0A4Y3VH30,1,PF02018
A0A4Y3VH30,2,PF00041
A0A4Y3VJV5,1,PF02018
A0A4Y3VJV5,2,PF00041
A0A4Y3VNG7,1,PF00553
A0A4Y3VNG7,2,PF00041
A0A4Y3VVX7,1,PF00553
A0A4Y4DVS1,2,PF02839
A0A4Y4DVS1,3,PF02839
A0A4Y4DW43,2,PF02839
A0A4Y4E2J8,2,PF02839
A0A4Y4E2J8,3,PF02839
A0A4Y4E3B3,2,PF02839
A0A4Y4E3B3,3,PF02839
A0A4Y4E6B3,1,PF02839
A0A4Y4E6B3,3,PF02839
A0A4Y4JYW4,1,PS51318
A0A4Y4JYW4,2,PF02018
A0A4Y4JYW4,3,PF00041
A0A4Y4K413,1,PF02018
A0A4Y4K413,2,PF00041
A0A4Y4K4U5,1,PF00553
A0A4Y4K4U5,2,PF00041
A0A4Y4K7M7,1,PF02018
A0A4Y4K7M7,2,PF00041
A0A4Y4M5B9,3,PF00535
A0A4Y4MA56,3,PF00041
A0A4Y4MCI5,2,PF00041
A0A4Y6GSM8,2,PF00041
A0A4Y6GSM8,3,PF02839
A0A4Y6ID44,2,PF22352
A0A4Y6ID44,3,G3DSA:2.60.40.10
A0A4Y6ID44,4,PF02839
A0A4Y6ID44,5,PF02839
A0A4Y6IG91,2,PF02839
A0A4Y6IGG3,1,PF08329
A0A4Y6JLM6,2,PF00041
A0A4Y6JLM6,3,PF00553
A0A4Y6MFL9,2,G3DSA:2.60.40.10
A0A4Y6RL06,1,PS51257
A0A4Y6RL06,2,PF02839
A0A4Y6RNK1,1,PF02839
A0A4Y6RNY9,1,PF02839
A0A4Y6RNY9,2,PF02839
A0A4Y7QU25,2,PF00041
A0A4Y7QU25,3,PF00553
A0A4Y7R4H1,1,PF01476
A0A4Y7R4H1,2,PF01476
A0A4Y7R5P5,3,PF00535
A0A4Y7RN71,1,PS51257
A0A4Y7RN71,2,PF07833
A0A4Y7RSY3,1,PF01476
A0A4Y7UD60,5,PF17957
A0A4Y7UD60,6,PF17957
A0A4Y7UD77,1,PS51257
A0A4Y7WN25,2,PF02839
A0A4Y7WN25,3,PF02839
A0A4Y7WS32,1,PF01476
A0A4Y7WS32,2,PF01476
A0A4Y7ZPM6,1,PS51257
A0A4Y8A944,1,PS51257
A0A4Y8ABE5,3,PF00535
A0A4Y8IED4,1,PF01476
A0A4Y8IF15,1,PF01476
A0A4Y8IF15,2,PF01476
A0A4Y8IJT8,1,PF01476
A0A4Y8IJT8,2,PF01476
A0A4Y8IMZ2,1,PF01476
A0A4Y8IMZ2,2,PF01476
A0A4Y8IMZ2,3,PF01476
A0A4Y8L264,1,PF01476
A0A4Y8L264,2,PF01476
A0A4Y8L2K5,1,PF01476
A0A4Y8L2K5,2,PF01476
A0A4Y8L602,1,PS51257
A0A4Y8LNJ5,2,PF00041
A0A4Y8LPT5,1,PF07833
A0A4Y8LXD7,1,PF00395
A0A4Y8LXD7,2,PF00395
A0A4Y8LXD7,3,PF00395
A0A4Y8LXF0,1,PF07833
A0A4Y8LXF0,2,PF08239
A0A4Y8PQ46,1,PF01476
A0A4Y8PQ46,2,PF01476
A0A4Y8PQ46,3,PF01476
A0A4Y8PSQ8,1,PF02839
A0A4Y8PSQ8,2,PF00041
A0A4Y8Q001,1,PF07833
A0A4Y8Q001,2,PF08239
A0A4Y8Q1F2,1,PF02839
A0A4Y8Q1F2,2,PF00041
A0A4Y8Q295,1,PF01476
A0A4Y8Q295,2,PF01476
A0A4Y8Q2E2,2,PF00395
A0A4Y8Q2E2,3,PF00395
A0A4Y8Q2E2,4,PF00395
A0A4Y8QXW6,2,PF02839
A0A4Y8QXW6,3,PF02839
A0A4Y8QY67,1,PS51318
A0A4Y8QY67,3,PF02839
A0A4Y8QY67,4,PF02839
A0A4Y8QYK1,2,PF02839
A0A4Y8R346,1,PS51318
A0A4Y8R346,2,PF02018
A0A4Y8R346,3,PF00041
A0A4Y8R3U7,2,PF02839
A0A4Y8S6G7,3,PF00535
A0A4Y8T1K2,2,PF00041
A0A4Y8T1K2,3,PF00553
A0A4Y8T5A0,1,PF01476
A0A4Y8T5A0,2,PF01476
A0A4Y8T7P1,3,PF00535
A0A4Y8UKF4,1,PF00553
A0A4Y8WI68,1,PS51257
A0A4Y8WI68,2,PF02839
A0A4Y8WI68,3,PF17957
A0A4Y8WI68,4,PF17957
A0A4Y8WI68,7,SM00495
A0A4Y8WK34,1,PF08329
A0A4Y8WK34,3,PF22352
A0A4Y8WK34,5,PF02839
A0A4Y8XZU6,1,PF02018
A0A4Y8XZU6,2,PF00041
A0A4Y8Y480,1,PF00553
A0A4Y8Y480,2,PF00041
A0A4Y8Y7N0,1,PF02018
A0A4Y8Y7N0,2,PF00041
A0A4Y9A9X0,1,PF01476
A0A4Y9A9X0,2,PF01476
A0A4Y9A9X0,3,PF01476
A0A4Y9AB69,1,PF01476
A0A4Y9AB69,2,PF01476
A0A4Y9IKT3,1,PS51257
A0A4Y9QXH9,1,PS51318
A0A4Y9QXH9,3,PF02839
A0A4Y9QXH9,4,PF02839
A0A4Y9S5I4,2,PF00553
A0A4Y9S5I4,3,PF00553
A0A4Z0BH68,1,PS51257
A0A4Z0BKN4,1,PS51257
A0A4Z0BQV9,1,PS51257
A0A4Z0C0D8,1,PS51318
A0A4Z0C1N3,1,PS51257
A0A4Z0C8Z1,2,PF00553
A0A4Z0GC76,1,PS51318
A0A4Z0GC76,2,PF02018
A0A4Z0GC76,3,PF00041
A0A4Z0GMD8,1,PF01476
A0A4Z0GMD8,2,PF01476
A0A4Z0GWF5,1,PF01476
A0A4Z0GWF5,2,PF01476
A0A4Z0H6B0,1,PF07833
A0A4Z0H9W5,1,PF00041
A0A4Z0HCP0,1,PS51318
A0A4Z0HCP0,3,PF02839
A0A4Z0L5T5,2,G3DSA:2.60.40.10
A0A4Z0QFE5,2,PF17957
A0A4Z0QFE5,3,PF17957
A0A4Z0QFE5,4,SM00495
A0A4Z0QFF1,2,PF17957
A0A4Z0QFF1,3,PF02839
A0A4Z0QSU9,1,PS51257
A0A4Z0QSV7,1,PF01476
A0A4Z0QSV7,2,PF01476
A0A4Z0QT37,2,PF17957
A0A4Z0QTC6,1,PS51257
A0A4Z0R182,1,PS51257
A0A4Z0R414,2,PF01476
A0A4Z0Y1W2,1,PF01476
A0A4Z0Y1W2,2,PF01476
A0A4Z1CUC6,1,PF00553
A0A4Z1D3M3,1,PS51318
A0A4Z1D3M3,2,PF02018
A0A4Z1D3M3,3,PF00041
A0A4Z1D4P5,1,PS51318
A0A4Z1D4P5,2,PF02018
A0A4Z1D4P5,3,PF00041
A0A4Z1D552,1,PF00553
A0A4Z1D9G2,2,PF02839
A0A4Z1DF71,1,PF00553
A0A4Z1DF71,2,PF00041
A0A4Z1DIJ1,1,PF02018
A0A4Z1DIJ1,2,PF00041
A0A4Z1DIT1,1,PF02018
A0A4Z1DIT1,2,PF00041
A0A4Z1DPU9,1,PF00553
A0A4Z1DPU9,2,PF00041
A0A4Z1DR00,1,PF02018
A0A4Z1DR00,2,PF00041
A0A4Z1E0K6,1,PS51318
A0A4Z7KX77,1,PS51257
A0A4Z7KX77,2,PF02839
A0A4Z7KX77,3,PF17957
A0A4Z7KX77,4,PF17957
A0A4Z8YRW1,2,G3DSA:2.60.40.10
A0A502E1Y8,4,G3DSA:2.60.40.10
A0A502E1Y8,5,G3DSA:2.60.40.10
A0A502E4C3,1,PS51257
A0A502GIW4,2,G3DSA:2.60.40.10
A0A502GIW4,3,PF02839
A0A504J3B9,2,PF17957
A0A504J3B9,3,PF17957
A0A504J3B9,4,PF02839
A0A504J3B9,5,PF17957
A0A504J3B9,7,PF17957
A0A504J3B9,8,SM00495
A0A504J3B9,9,PF17957
A0A504J4Q7,1,PS51257
A0A505D7J4,1,PS51318
A0A505D7J4,2,PF02018
A0A505D7J4,3,PF00041
A0A505H6H6,1,PF00553
A0A505H6H6,2,PF00041
A0A505H938,1,PF00553
A0A505HGA1,1,PF02839
A0A506Q1P7,2,PF00041
A0A506Q1P7,3,PF00553
A0A506QEW0,1,PF01476
A0A506QEW0,2,PF01476
A0A506QFG1,3,PF00535
A0A506UDZ2,1,PF00041
A0A506XRA7,2,PF02839
A0A506XXZ5,1,PS51318
A0A506Y6I5,1,PS51257
A0A508ACG6,1,SM00495
A0A508ACG6,2,PF17957
A0A508ACG6,3,PF00041
A0A508AHM1,1,SM00495
A0A508AHM1,2,PF00041
A0A509C552,2,G3DSA:2.60.40.10
A0A509CN46,2,G3DSA:2.60.40.10
A0A510AR49,1,PF02839
A0A510AR49,2,PF00041
A0A510IAF8,1,PS51257
A0A510IAF8,2,PF02839
A0A510IAF8,3,PF17957
A0A510IAF8,4,PF17957
A0A510ICI4,1,PF08329
A0A510ICI4,3,PF22352
A0A510ICI4,5,PF02839
A0A510IMK3,1,PF02839
A0A510IMK3,2,PF17957
A0A510IMK3,3,PF17957
A0A510IMK3,4,PF17957
A0A510IUM5,1,PF08329
A0A510IUM5,3,PF22352
A0A510IUM5,5,SM00495
A0A510IUM5,6,PF02839
A0A510IYY7,3,PF02839
A0A510T686,1,PF00553
A0A510T686,2,PF00041
A0A510T753,1,PF02018
A0A510T753,2,PF00041
A0A510TGL7,2,SM00495
A0A510TKF4,1,PF02018
A0A510TKF4,2,PF00041
A0A510TPH2,1,PF00553
A0A510TSL2,1,PS51318
A0A510TSL2,3,PF02839
A0A510UH72,1,PF02839
A0A510UH72,2,PF17957
A0A510UH72,3,PF17957
A0A510UH72,4,SM00495
A0A510UH72,5,PF17957
A0A510UH72,6,PF17957
A0A510UJK5,1,SM00495
A0A510UJK5,2,PF17957
A0A510UJK5,3,PF17957
A0A510ULT9,1,PF08329
A0A510ULT9,3,PF22352
A0A510ULT9,5,PF02839
A0A510USY5,1,PS51318
A0A510USY5,2,PF00553
A0A510V2T3,1,PF00553
A0A510V9H1,2,PF02839
A0A510WA40,1,SM00495
A0A510WA40,5,PF02839
A0A511HEF2,1,PS51257
A0A511HEF2,2,PF02839
A0A511HEF2,3,PF17957
A0A511J0Y9,2,PF00041
A0A511J0Y9,3,PF02839
A0A511J4F3,3,PF00041
A0A511J4F3,4,PF02839
A0A511J5H9,2,PF00041
A0A511J5H9,3,PF02839
A0A511J9Q1,1,PS51318
A0A511J9Q1,2,PF00553
A0A511JAX2,1,PS51318
A0A511JMY2,1,PS51318
A0A511JMY2,3,PF02839
A0A511JQR1,1,PF00553
A0A511MCS7,2,PF02018
A0A511MWF5,1,PS51257
A0A511MWF5,2,PF00553
A0A511MWF5,3,PF17957
A0A511MWF5,4,PF17957
A0A511MXR0,1,PS51257
A0A511MXR0,2,PF00553
A0A511MXR0,3,PF17957
A0A511MXR0,4,PF17957
A0A511MZL5,1,PS51257
A0A511MZL5,3,G3DSA:2.60.40.10
A0A511N102,1,PS51257
A0A511N102,2,G3DSA:2.60.40.10
A0A511N102,3,PF00553
A0A511N568,1,PS51257
A0A511N568,2,PF00553
A0A511N568,3,PF17957
A0A511N568,4,PF17957
A0A511QCB0,1,SM00495
A0A511QCB0,2,PF17957
A0A511QCB0,3,PF17957
A0A511QCB0,4,SM00495
A0A511QCB0,5,PF17957
A0A511QCB0,6,PF17957
A0A511QCI2,1,PF17957
A0A511QCI2,2,PF17957
A0A511QCI2,3,SM00495
A0A511QCI2,4,PF17957
A0A511QCI2,5,PF17957
A0A511QCJ5,2,PF02839
A0A511QDA8,1,PF08329
A0A511QDA8,3,PF22352
A0A511QDA8,5,PF02839
A0A511QFT1,1,PS51257
A0A511QFT1,2,SM00495
A0A511QFT1,3,PF17957
A0A511QFT1,4,PF17957
A0A511SYN2,1,PS51257
A0A511SYN2,2,PF02839
A0A511SYN2,3,PF17957
A0A511SYN2,4,PF17957
A0A511T9A9,1,PS51257
A0A511T9A9,2,PF00041
A0A511T9Z6,1,PF02839
A0A511T9Z6,2,PF00041
A0A511UYD9,1,PF01476
A0A511UYD9,2,PF01476
A0A511UYD9,3,PF01476
A0A511VBN6,1,PS51257
A0A511VBN6,2,PF00395
A0A511VBN6,3,PF00395
A0A511VBN6,4,PF00395
A0A511VC59,1,PS51257
A0A511W0T6,1,PF01476
A0A511W0T6,2,PF01476
A0A511WPK7,1,PF01476
A0A511WPK7,2,PF01476
A0A511WR85,1,PF01476
A0A511WR85,2,PF01476
A0A511WR85,3,PF01476
A0A511YDM7,3,PF00041
A0A511YDR5,3,PF00041
A0A511YR33,3,PF00535
A0A511Z9D5,1,PF01476
A0A511Z9D5,2,PF01476
A0A511ZPH8,1,PF01476
A0A511ZPH8,2,PF01476
A0A512N6C1,3,PF00553
A0A512N6C1,4,PF00041
A0A512PE80,1,SM00495
A0A512PE80,2,PF02839
A0A514BPJ8,1,SM00495
A0A514BPJ8,2,PF17957
A0A514BPJ8,3,PF02839
A0A514BPJ8,4,PF17957
A0A514BPJ8,5,PF00041
A0A514JN51,1,PS51318
A0A514JN51,2,PF02018
A0A514JN51,3,PF00041
A0A514JNY2,1,PF00553
A0A514JNY2,2,PF00041
A0A514JPN6,1,PF02018
A0A514JPN6,2,PF00041
A0A514JU76,1,PF00553
A0A514JXT1,1,PS51318
A0A515CZ05,2,PF00041
A0A515CZ05,3,PF02839
A0A515D218,1,PF08329
A0A516KBP5,1,PF01476
A0A516KBP5,2,PF01476
A0A516KDL6,1,PF01476
A0A516KDL6,2,PF01476
A0A516KJD4,2,PF00395
A0A516KJD4,3,PF00395
A0A516KJD4,4,PF00395
A0A516ND42,2,PF02839
A0A516ND42,3,PF02839
A0A516QLI5,2,PF00041
A0A516QLI5,3,PF00553
A0A516QUG7,1,PF01476
A0A516QUG7,2,PF01476
A0A516R188,1,PS51318
A0A516R188,3,PF02839
A0A516RCI3,1,PF00553
A0A516RCI3,2,PF00041
A0A516RDG8,1,PF00553
A0A516RDG8,2,PF00041
A0A516RKD5,1,PF02018
A0A516RKD5,2,PF00041
A0A516SMF3,1,PF02839
A0A516SMF3,2,PF02839
A0A516SMF5,1,PF02839
A0A516SMF5,2,PF02839
A0A516TZE1,2,PF00041
A0A516TZE1,3,PF02839
A0A517DZI9,1,PS51257
A0A517I519,1,PF01476
A0A517I519,2,PF01476
A0A517I646,1,PF00395
A0A517I646,2,PF00395
A0A517I646,3,PF00395
A0A517I8L2,3,PF00041
A0A517I8L2,4,PF02839
A0A517IAJ5,1,PF07833
A0A517IAJ5,2,PF08239
A0A517ICJ5,1,PF02839
A0A517ICJ5,2,PF00041
A0A517YSS6,1,PF00553
A0A517YSS6,2,PF08329
A0A517YSS6,4,PF00553
A0A517YSS6,5,PF00553
A0A517YSX3,1,PS51257
A0A518B8G5,1,PF00553
A0A518B8G5,2,G3DSA:2.60.40.10
A0A518B8G5,6,PF00553
A0A518B8G5,9,PF00553
A0A518V604,1,PS51257
A0A518V699,1,PF07833
A0A518V6Q1,1,PF02839
A0A518V6Q1,2,PF00041
A0A518V6R3,1,PF07833
A0A518V6R3,2,PF08239
A0A518VBP8,2,PF00553
A0A518VBT0,1,PF01476
A0A518VBT0,2,PF01476
A0A518WHS5,1,PF02839
A0A518WKP8,1,PF00553
A0A518WMA6,1,PF00553
A0A518WMA6,2,PF00041
A0A519EGL1,1,SM00495
A0A519EGL1,2,PF17957
A0A519EGM4,1,SM00495
A0A519EGM4,2,PF00041
A0A519I970,1,PS51257
A0A519IMT4,3,G3DSA:2.60.40.10
A0A519IZN9,1,PS51257
A0A519L912,1,PS51257
A0A519LAT4,1,PS51257
A0A519QVL2,3,PF00535
A0A519S2L1,1,PS51257
A0A519S928,1,PS51257
A0A519S9D0,1,PS51257
A0A519S9D0,4,PF00535
A0A519USU8,1,PS51257
A0A519V7W6,1,PS51257
A0A519V8C4,1,PS51257
A0A519VR30,1,PS51257
A0A519W6P9,1,PS51257
A0A519X9F1,1,PS51257
A0A519XEI1,1,PS51257
A0A519XGB6,1,PS51257
A0A519XH61,1,PS51257
A0A519Z8P0,1,PS51257
A0A520A2W5,1,SM00495
A0A520A2W5,2,SM00495
A0A520ADU8,1,PS51257
A0A520BAY9,1,PS51257
A0A520D0L9,1,PS51257
A0A520DXZ5,1,PS51257
A0A520HM92,1,PS51318
A0A520UJ63,1,PS51257
A0A520UNC9,1,PS51257
A0A520UNG5,1,PS51257
A0A521AZT1,1,PS51257
A0A521BLE5,1,PS51257
A0A521BN67,3,PF00535
A0A521BY71,3,PF00041
A0A521BY85,2,PF00041
A0A521CWC5,1,PF08329
A0A521CWC5,2,PF00041
A0A521CZI7,1,PS51257
A0A521DBB0,1,PS51257
A0A521DCV3,5,G3DSA:2.60.40.10
A0A521DCV3,6,G3DSA:2.60.40.10
A0A521DGX6,1,PS51257
A0A521DWV2,4,G3DSA:2.60.40.10
A0A521DWV2,5,G3DSA:2.60.40.10
A0A521EHE1,3,PF00535
A0A521EHI7,1,PF01476
A0A521EHI7,2,PF01476
A0A521FHQ8,1,PS51257
A0A521FHQ8,4,PF00535
A0A521GWV6,1,PF00041
A0A521HZP8,1,PS51257
A0A521J5Z0,1,PF01476
A0A521J5Z0,2,PF01476
A0A521JR52,1,PF01476
A0A521JR52,2,PF01476
A0A521JRL2,1,PF01476
A0A521JRL2,2,PF01476
A0A521TFB4,1,PS51257
A0A521XK55,1,PS51318
A0A522DPU9,1,PS51257
A0A522FI75,3,PF00535
A0A522FS14,3,PF00535
A0A522IJJ5,1,PF08329
A0A522IJJ5,3,PF22352
A0A522QZM5,1,PS51257
A0A522SLD6,1,PS51257
A0A523C4J3,1,PF07833
A0A523HAQ2,2,G3DSA:2.60.40.10
A0A523IV16,2,G3DSA:2.60.40.10
A0A524HRS7,1,PS51257
A0A524QG39,1,PS51257
A0A525HMM3,3,PF00535
A0A533YH64,2,PF17957
A0A533YHW7,2,PF17957
A0A533YMD6,2,G3DSA:2.60.40.10
A0A533ZY71,2,PF02839
A0A534PT08,1,PS51257
A0A535A9E8,2,G3DSA:2.60.40.10
A0A535CD40,2,PF08239
A0A535CVB5,1,PS51257
A0A535E664,2,PF02018
A0A535E6E4,2,PF02839
A0A535G762,2,G3DSA:2.60.40.10
A0A535G762,3,G3DSA:2.60.40.10
A0A535G762,4,G3DSA:2.60.40.10
A0A535G762,5,G3DSA:2.60.40.10
A0A535HQA2,1,PS51257
A0A535I792,2,PF00041
A0A535I7C3,2,PF00041
A0A535JLV8,2,G3DSA:2.60.40.10
A0A535JLV8,3,G3DSA:2.60.40.10
A0A535JLV8,4,G3DSA:2.60.40.10
A0A535JNX4,2,G3DSA:2.60.40.10
A0A535JNX4,3,G3DSA:2.60.40.10
A0A535JNX4,4,G3DSA:2.60.40.10
A0A535JNX4,5,G3DSA:2.60.40.10
A0A535JNX4,6,G3DSA:2.60.40.10
A0A535LNK9,1,PS51257
A0A535LUK8,1,PS51257
A0A535P7G9,1,PS51257
A0A535PYZ8,2,G3DSA:2.60.40.10
A0A535PYZ8,3,G3DSA:2.60.40.10
A0A535PYZ8,4,G3DSA:2.60.40.10
A0A535PYZ8,5,G3DSA:2.60.40.10
A0A535SIJ1,2,G3DSA:2.60.40.10
A0A535SIJ1,3,G3DSA:2.60.40.10
A0A535U455,1,PS51257
A0A535UCI4,1,PS51257
A0A535VC33,2,G3DSA:2.60.40.10
A0A535WA72,2,PF00041
A0A535WN37,2,PF00041
A0A535XYJ3,2,G3DSA:2.60.40.10
A0A535XYJ3,3,PF08239
A0A536A1E7,1,PS51257
A0A536E7L0,2,G3DSA:2.60.40.10
A0A536E7L0,3,G3DSA:2.60.40.10
A0A536E7L0,4,G3DSA:2.60.40.10
A0A536E7L0,5,G3DSA:2.60.40.10
A0A536EEI5,1,PS51257
A0A536GB70,1,PS51257
A0A536GGW9,2,G3DSA:2.60.40.10
A0A536I5X5,1,PS51318
A0A536I5X5,3,G3DSA:2.60.40.10
A0A536I5X5,4,G3DSA:2.60.40.10
A0A536I5X5,5,G3DSA:2.60.40.10
A0A536I5X5,6,G3DSA:2.60.40.10
A0A536LI19,2,PF00041
A0A536M3A9,2,G3DSA:2.60.40.10
A0A536M3B3,1,PS51257
A0A536NJH5,2,G3DSA:2.60.40.10
A0A536RDU7,1,PS51257
A0A536S070,2,PF00041
A0A536S072,2,PF00041
A0A536VQQ2,1,PS51257
A0A536VQQ2,2,G3DSA:2.60.40.10
A0A536WUP0,1,PS51318
A0A536XCH0,1,PS51257
A0A536XCH0,2,G3DSA:2.60.40.10
A0A537X671,1,PF00553
A0A537X671,2,PF00041
A0A538KR29,1,PS51257
A0A538KR29,3,G3DSA:2.60.40.10
A0A538KR29,4,PF00041
A0A538MS07,1,PF02018
A0A538MUS8,2,PF02839
A0A538MWF1,1,PF02018
A0A538QA71,1,PS51257
A0A540UZM1,1,PF01476
A0A540UZM1,2,PF01476
A0A540V305,1,PF01476
A0A540V305,2,PF01476
A0A540V305,3,PF01476
A0A540W016,2,PF02018
A0A540W059,1,PF00553
A0A540W059,2,PF00041
A0A540W3N9,1,PF02018
A0A540W610,1,PF02018
A0A540W610,2,PF00041
A0A540WER3,1,PF02018
A0A540WR94,1,PS51257
A0A540WR94,2,PF00041
A0A540WXG7,1,PS51257
A0A540WXG7,2,PF02839
A0A540WXG7,3,PF17957
A0A540WXG7,4,PF17957
A0A540WXH8,1,PS51257
A0A540WXH8,2,SM00495
A0A540WXH8,3,PF00041
A0A540X054,1,PS51257
A0A540X7T0,1,PF02839
A0A540X7T0,2,PF00041
A0A540X7T0,3,PF00041
A0A541B736,1,PF17957
A0A541B736,2,G3DSA:2.60.40.10
A0A541B736,4,SM00495
A0A542AQC4,1,PF01476
A0A542AQC4,2,PF01476
A0A542AQC4,3,PF01476
A0A542ARY3,1,PF01476
A0A542ARY3,2,PF01476
A0A542BHY0,1,PF08329
A0A542CSI4,1,PF02018
A0A542CSI4,2,PF00041
A0A542CT70,1,PF00553
A0A542CT70,2,PF00041
A0A542DCW1,3,PF02839
A0A542DFK8,1,PF00553
A0A542DFK8,2,PF00041
A0A542DR42,1,PF00553
A0A542DR42,2,PF00041
A0A542ETQ8,1,PS51318
A0A542EVY1,1,PF00553
A0A542EVY1,2,PF00041
A0A542EW03,1,PF02018
A0A542EW03,2,PF00041
A0A542EWB2,2,PF02839
A0A542HMF2,1,PF00553
A0A542HTF8,1,PF02018
A0A542HTF8,2,PF00041
A0A542HUH4,1,PF00553
A0A542HUH4,2,PF00041
A0A542I0L5,1,PS51318
A0A542KGL0,1,PS51257
A0A542KHP7,1,PF00553
A0A542KLS9,1,PS51318
A0A542KLS9,2,PF02018
A0A542KLS9,3,PF00041
A0A542KMF4,1,PF00553
A0A542KMF4,2,PF00041
A0A542KN93,1,PF02018
A0A542KN93,2,PF00041
A0A542KQW2,1,PS51318
A0A542KQW2,2,PF02018
A0A542KQW2,3,PF00041
A0A542PW55,1,PF02839
A0A542PW55,2,PF00041
A0A542QN89,1,PF02018
A0A542QN89,2,PF00041
A0A542QP05,1,PF00553
A0A542QP05,2,PF00041
A0A542QQ22,1,PF02018
A0A542QQ22,2,PF00041
A0A542QTX5,1,PF01476
A0A542QTX5,2,PF01476
A0A542QTY2,1,PF07833
A0A542QTY2,2,PF08239
A0A542RNC6,1,PF00395
A0A542RNC6,2,PF00395
A0A542RNC6,3,PF00395
A0A542SHJ1,3,PF00041
A0A542SHJ1,4,PF02839
A0A542SRB6,1,SM00495
A0A542SS03,2,PF02839
A0A542SY72,2,G3DSA:2.60.40.10
A0A542SY72,3,PF02018
A0A542SYT0,2,PF02839
A0A542SZ81,1,PS51318
A0A542SZ81,3,PF02018
A0A542T0D4,1,PS51318
A0A542T0D4,2,PF02018
A0A542T0D4,3,PF00041
A0A542UBV3,1,PF00553
A0A542UBV3,2,PF00041
A0A542UCP8,1,PF02018
A0A542UCP8,2,PF00041
A0A542UIE6,1,PF00553
A0A542UVS9,1,PF00553
A0A542W0L2,3,PF00535
A0A542X8L3,1,PS51318
A0A542XPG2,1,PF00553
A0A542XQB0,1,PF00553
A0A542XRM1,1,PF00553
A0A542ZDS5,1,PS51318
A0A542ZDS5,3,PF02839
A0A542ZDW9,2,PF02839
A0A542ZDW9,3,PF02839
A0A542ZXG2,1,SM00495
A0A543A5E7,1,PS51318
A0A543AWP2,1,PF02839
A0A543CE80,1,PF00553
A0A543CE80,2,PF00041
A0A543CPZ9,2,PF02018
A0A543EC16,2,PF00041
A0A543EC26,3,PF00041
A0A543EFV2,3,PF00535
A0A543ES05,2,SM00495
A0A543ES05,3,PF02839
A0A543G0V7,5,G3DSA:2.60.40.10
A0A543IB92,1,PF00553
A0A543IB92,2,PF00041
A0A543IBC8,1,PF00553
A0A543IBC8,2,PF00041
A0A543IBS8,1,PF00553
A0A543IBS8,2,PF00041
A0A543IUU9,2,PF00041
A0A543IUU9,3,PF00041
A0A543IWX1,1,PF02018
A0A543IWX2,1,PF00553
A0A543IWX2,2,PF00041
A0A543J6I9,1,PS51318
A0A543J7R1,1,PF00553
A0A543JCN2,1,PF02018
A0A543JHB9,1,PF00553
A0A543JHB9,2,PF00553
A0A543JHB9,3,PF00041
A0A543JIZ5,1,PS51318
A0A543JJA0,1,PF00553
A0A543JJA0,2,PF00041
A0A543JJC1,1,PF00553
A0A543JLI6,3,PF02839
A0A543NG19,1,PS51318
A0A543NG19,2,PF00553
A0A543NG19,3,PF00041
A0A544C3L9,1,PS51257
A0A544C3L9,2,PF02839
A0A544C3L9,3,PF17957
A0A544C3L9,4,PF17957
A0A544C3L9,7,SM00495
A0A544C405,1,PF17957
A0A544C405,2,PF17957
A0A544C773,1,PF08329
A0A544C773,3,PF22352
A0A544C773,6,PF02839
A0A544SIZ3,1,PF01476
A0A544SQQ7,1,PF01476
A0A544STW6,1,PF01476
A0A544STW6,2,PF01476
A0A544TAX7,1,PF01476
A0A544TAX7,2,PF01476
A0A544TE33,1,PF01476
A0A544TGH6,1,PF01476
A0A544TMC2,1,PF01476
A0A544TMC2,2,PF01476
A0A544TPY0,1,PF01476
A0A544TPY0,2,PF01476
A0A544U8G4,1,PS51257
A0A544U9M3,1,PF01476
A0A544U9M3,2,PF01476
A0A544UK12,1,PF01476
A0A544UK12,2,PF01476
A0A544UK12,3,PF01476
A0A544V484,1,PF00395
A0A544V484,2,PF00395
A0A544V484,3,PF00395
A0A544XY87,1,PF02018
A0A544XYC2,1,PF02839
A0A544XYC2,2,PF00041
A0A544YFL1,1,PF00553
A0A544YKS8,1,PF02839
A0A544YKS8,2,PF00041
A0A544YLF5,1,PF02018
A0A544YLW2,1,PF02839
A0A544YLW2,2,PF00041
A0A544YTA9,1,PF02018
A0A544YTB7,2,G3DSA:2.60.40.10
A0A544YTB7,3,PF02018
A0A544Z2W6,1,PF02839
A0A544Z2W6,2,PF00041
A0A544ZE16,1,PF00553
A0A544ZHV9,1,PF02018
A0A544ZHZ4,1,PF02839
A0A544ZHZ4,2,PF00041
A0A544ZIW0,2,PF02839
A0A544ZIW0,3,PF02839
A0A544ZQP9,1,PF00553
A0A544ZQP9,2,PF00553
A0A544ZQP9,3,PF00041
A0A545BI60,2,SM00495
A0A545BI60,3,PF02839
A0A545SRR4,1,PF02839
A0A545SRR4,3,SM00495
A0A545SRT0,1,PF02839
A0A545SRT0,3,SM00495
A0A545T002,1,PF02839
A0A545T002,2,SM00495
A0A545TV24,1,PF08329
A0A545TV24,2,PF22352
A0A545TV24,3,PF22352
A0A545TV24,4,PF08329
A0A545TV61,1,PF02839
A0A545TV61,2,PF17957
A0A545TV61,3,PF17957
A0A545TV61,4,PF17957
A0A545U4L7,1,PF02839
A0A545U4L7,3,SM00495
A0A545U651,1,PF02839
A0A545U651,2,PF17957
A0A545U651,3,PF17957
A0A545U651,4,SM00495
A0A545U651,5,PF17957
A0A545U651,6,PF17957
A0A545UAQ8,2,PF17957
A0A545UAQ8,3,PF17957
A0A545UAQ8,4,PF02839
A0A545UAQ8,5,PF17957
A0A545UAQ8,7,SM00495
A0A545UDP6,1,SM00495
A0A545UDP6,3,SM00495
A0A549YFI8,2,PF00395
A0A549YFI8,3,PF00395
A0A549YFI8,4,PF00395
A0A549YGS0,1,PF01476
A0A549YGS0,2,PF01476
A0A549YIQ0,1,PF01476
A0A549YIQ0,2,PF01476
A0A550HRF9,1,PF02018
A0A550HRF9,2,PF00041
A0A550I104,1,PF00553
A0A550I104,2,PF00041
A0A550I1U0,1,PF02018
A0A550I1U0,2,PF00041
A0A550IFM6,1,PF00553
A0A552QR25,1,PF02018
A0A552QR25,2,PF00041
A0A552R0D7,2,PF02839
A0A552R2U8,2,PF02018
A0A552RAT6,1,PF00553
A0A552RAT6,2,PF00041
A0A552RDK4,1,PF02018
A0A552RDK4,2,PF00041
A0A552REA3,1,PS51318
A0A552REA3,2,PF00553
A0A552REA3,3,PF00041
A0A552RF85,1,PF02018
A0A552RKS0,2,PF02839
A0A552Z1I9,2,G3DSA:2.60.40.10
A0A552Z1I9,3,PF02839
A0A553C7G3,3,PF00535
A0A553DR70,6,G3DSA:2.60.40.10
A0A553DR70,7,G3DSA:2.60.40.10
A0A553FFT8,2,PF17957
A0A553FFT8,3,PF02839
A0A553FFT8,4,PF02839
A0A553FFT8,5,PF17957
A0A553FFT8,7,PF17957
A0A553FFT8,8,SM00495
A0A553FU29,1,PS51257
A0A553JJB1,1,PF08329
A0A553JJB1,3,PF22352
A0A553JJB1,4,G3DSA:2.60.40.10
A0A553JJB1,5,PF02839
A0A553JJB1,6,PF02839
A0A553JKM8,1,SM00495
A0A553JKM8,2,G3DSA:2.60.40.10
A0A553JKM8,3,PF17957
A0A553JKM8,4,PF17957
A0A553KK09,1,PF01476
A0A553KK09,2,PF01476
A0A553KL03,1,PF07833
A0A553KL03,2,PF08239
A0A553KNQ0,1,PF07833
A0A553KU97,1,PF00395
A0A553KU97,2,PF00395
A0A553KU97,3,PF00395
A0A553LCQ5,1,PF01476
A0A553LCQ5,2,PF01476
A0A553LZS0,1,PF01476
A0A553LZS0,2,PF01476
A0A553M724,1,PF01476
A0A553M724,2,PF01476
A0A553M724,3,PF01476
A0A553SHK4,1,PF01476
A0A553SHK4,2,PF01476
A0A553SMB4,1,PF07833
A0A553SSN1,1,PF01476
A0A553SSN1,2,PF01476
A0A553Z5T6,1,PS51318
A0A554G0V2,1,PF02839
A0A554G0V2,2,PF00041
A0A554G2P5,1,PS51257
A0A554G2P5,2,PF00041
A0A554GM67,1,PS51257
A0A554GML9,1,PS51257
A0A554GQ18,1,PS51257
A0A554GQ18,2,PF02839
A0A554GQ18,3,PF17957
A0A554GQ18,4,PF17957
A0A554H0Q4,2,PF00041
A0A554H0Q4,3,PF02839
A0A554N1G3,1,PS51257
A0A554PQM0,2,G3DSA:2.60.40.10
A0A554PQM0,3,PF02839
A0A554VHP7,2,PF02839
A0A554VHP7,3,SM00495
A0A554VIW4,1,PS51257
A0A554VPT2,1,PS51257
A0A554VQ01,1,PF02839
A0A554VQ01,2,PF17957
A0A554VQ01,3,PF17957
A0A554VQ01,4,SM00495
A0A554VQ01,5,PF17957
A0A554VQ08,1,PS51257
A0A554VQ08,3,PF02839
A0A554VQ08,4,PF17957
A0A554VQ08,5,SM00495
A0A556C5Q6,2,PF00041
A0A556C5Q6,3,PF00553
A0A556CS13,1,PF01476
A0A556CS13,2,PF01476
A0A556MWP5,3,PF00535
A0A556P6I1,1,PF01476
A0A556P6I1,2,PF01476
A0A556PM22,1,PF01476
A0A556PM22,2,PF01476
A0A557NX32,1,PF08329
A0A557NX32,3,PF22352
A0A557NX32,5,PF02839
A0A557P146,1,SM00495
A0A557P146,2,PF17957
A0A557P146,3,PF17957
A0A557ZRZ3,2,PF02839
A0A558C331,1,PS51257
A0A559IK27,1,PF02839
A0A559IK27,2,PF00041
A0A559IYB7,2,PF00395
A0A559IYB7,3,PF00395
A0A559IYB7,4,PF00395
A0A559J042,1,PF00395
A0A559J042,2,PF00395
A0A559J042,3,PF00395
A0A559J358,2,PF00041
A0A559J358,3,PF02839
A0A559J660,1,PF00395
A0A559J660,2,PF00395
A0A559J660,3,PF00395
A0A559J6J3,1,PF07833
A0A559J6J3,2,PF08239
A0A559J7S8,1,PF00041
A0A559J7S8,2,G3DSA:2.60.40.10
A0A559J7S8,4,PF00041
A0A559J7S8,5,PF00395
A0A559J7S8,6,PF00395
A0A559J7S8,7,PF00395
A0A559JJ13,1,PF02839
A0A559JJ13,3,PF00041
A0A559JJ30,1,PF02839
A0A559JJ30,2,PF00041
A0A559JKY3,3,PF00041
A0A559JKY3,4,PF02839
A0A559JMG1,2,PF08239
A0A559JQQ4,1,PF07833
A0A559K3Y4,1,PF01476
A0A559K3Y4,2,PF01476
A0A559K692,1,PF00041
A0A559T0B8,2,PF00041
A0A559T0B8,3,PF02839
A0A559TXT4,1,PF02018
A0A559TXT4,2,PF00041
A0A559U774,1,PF02018
A0A559U774,2,PF00041
A0A559UET9,1,PF00553
A0A559UET9,2,PF00041
A0A559UR38,1,PF00553
A0A560H485,1,PS51257
A0A560VHP9,1,PF08329
A0A560VHP9,3,PF22352
A0A560VHP9,4,G3DSA:2.60.40.10
A0A560VHP9,5,SM00495
A0A560VHP9,6,PF02839
A0A560W936,1,PS51318
A0A560W936,2,PF02018
A0A560W936,3,PF00041
A0A560WRU7,1,PF00553
A0A560WV13,1,PF02018
A0A560WV13,2,PF00041
A0A560WVK1,1,PF00553
A0A560WVK1,2,PF00041
A0A561BQG7,1,PF00553
A0A561BQG7,2,PF00041
A0A561C9K6,1,PF01476
A0A561C9K6,2,PF01476
A0A561CK97,3,PF00535
A0A561DCN3,1,PF01476
A0A561DCN3,2,PF01476
A0A561DD16,1,PF01476
A0A561DD16,2,PF01476
A0A561DD16,3,PF01476
A0A561DF33,1,PS51257
A0A561EKQ7,1,PF00553
A0A561EKQ7,2,PF00041
A0A561ENY6,1,PF02018
A0A561EP77,1,PS51318
A0A561EP77,2,PF02018
A0A561EPF3,2,SM00495
A0A561EPK6,1,PS51318
A0A561EPK6,2,PF00553
A0A561EUF4,1,PF02018
A0A561F124,1,PF02018
A0A561PLG5,1,PS51257
A0A561S9P5,2,PF02018
A0A561SER4,1,PF02018
A0A561SF16,1,PF00553
A0A561SF16,2,PF00041
A0A561TCS4,1,PS51318
A0A561TCS4,2,PF02018
A0A561TCS4,3,PF00041
A0A561TDJ4,1,PF00553
A0A561TDJ4,2,PF00041
A0A561TEH5,1,PF02018
A0A561TEH5,2,PF00041
A0A561TJI1,1,PF00553
A0A561TNT4,2,PF02839
A0A561TP12,1,PS51318
A0A561TT81,1,PS51318
A0A561U9S2,1,PS51257
A0A561UB98,2,PF02018
A0A561UBM6,1,PF02018
A0A561UF85,2,PF02018
A0A561UF89,1,PF02018
A0A561UFP0,1,PF02018
A0A561UHW5,1,PF02018
A0A561UHW5,2,PF00041
A0A561UK86,1,PS51318
A0A561UK86,2,PF00553
A0A561UKB8,2,SM00495
A0A561ULN4,2,SM00495
A0A561V183,1,PF02018
A0A561V183,2,PF00041
A0A561V1G8,1,PS51318
A0A561V291,1,PF00553
A0A561V291,2,PF00041
A0A561V322,1,PF02018
A0A561V322,2,PF00041
A0A561V6T8,2,PF02018
A0A561VFV4,1,PF00553
A0A561VII4,1,PS51318
A0A561VII4,2,PF02839
A0A561VNH8,1,PS51318
A0A561VNH8,2,PF00553
A0A561VNJ7,1,PF00553
A0A561VNJ7,2,PF00041
A0A561VWP0,1,PF00553
A0A561VYI6,1,PF00553
A0A561W331,1,PS51318
A0A561W4W6,1,PF02839
A0A561WIX1,1,PS51257
A0A561WIX1,2,PF02839
A0A561WLU9,1,PS51318
A0A561WLU9,2,PF02839
A0A561WP05,1,SM00495
A0A561WP20,1,PS51257
A0A561WP20,2,PF02839
A0A561WQX0,1,PS51257
A0A561WQX0,2,PF02839
A0A561WSL6,1,PS51257
A0A561WVU1,1,PF02839
A0A561WYV8,1,PF01476
A0A561WYV8,2,PF01476
A0A561X400,1,PF01476
A0A561X400,2,PF01476
A0A562GJ23,1,PS51257
A0A562GMI5,1,PS51257
A0A562HKE7,1,PS51257
A0A562HLB6,2,PF01476
A0A562I3U6,1,PF00553
A0A562I5M2,1,PF00553
A0A562I5M2,2,PF00041
A0A562J5I3,1,PF00041
A0A562J5S0,3,PF00535
A0A562J721,1,PF01476
A0A562J721,2,PF01476
A0A562JBH1,2,PF07833
A0A562JC83,1,PS51257
A0A562JC83,3,PF07833
A0A562JHM0,1,PF01476
A0A562JHM0,2,PF01476
A0A562JRF0,1,PF01476
A0A562JRF0,2,PF01476
A0A562JRF0,3,PF01476
A0A562JRF0,4,PF08239
A0A562JTR3,1,PF01476
A0A562JTR3,2,PF01476
A0A562LAB4,1,PS51257
A0A562MC64,1,PS51257
A0A562MYI3,3,PF00535
A0A562PKN3,1,PS51257
A0A562PKN3,2,PF02839
A0A562PKP9,1,PS51257
A0A562PKP9,2,PF02839
A0A562QN88,1,PF01476
A0A562QN88,2,PF01476
A0A562QR23,2,PF00395
A0A562QR23,3,PF00395
A0A562QR23,4,PF00395
A0A562QSV7,1,PF01476
A0A562QSV7,2,PF01476
A0A562SWS9,3,PF00535
A0A562T7P8,1,PS51257
A0A562TCN2,2,PF17957
A0A562TCN2,4,PF17957
A0A562TCN2,5,PF02839
A0A562TCN2,6,PF17957
A0A562TCN2,7,SM00495
A0A562TD44,2,PF17957
A0A562TD44,3,PF02839
A0A562TD44,4,PF17957
A0A562TD44,5,SM00495
A0A562THM8,2,SM00495
A0A562U3M3,3,PF00535
A0A562U7T9,1,PS51257
A0A562UQS2,1,PF02018
A0A562V3J6,1,PF00553
A0A562V3Y8,1,PF00553
A0A562V3Y8,2,PF00041
A0A562VAN3,1,PF02018
A0A562VAN3,2,PF00041
A0A562WB05,1,PF00553
A0A562WI93,1,PS51318
A0A563EED8,1,PF00553
A0A563EED8,2,PF00553
A0A563EED8,3,PF00041
A0A563EGS5,1,PS51257
A0A563EGS5,2,PF02018
A0A563EKQ5,2,PF02839
A0A563EWE2,1,PF00553
A0A563EWY5,1,PF00553
A0A563F037,1,PF00553
A0A563U9A9,1,PS51257
A0A563UA56,3,PF00535
A0A563UG40,3,PF00535
A0A564GWD2,2,G3DSA:2.60.40.10
A0A564IS55,2,G3DSA:2.60.40.10
A0A564SNI2,1,PF08239
A0A564TA62,1,PF08239
A0A564U1F0,1,PF07833
A0A564UDP1,1,PF07833
A0A564UDP1,2,PF08239
A0A5A4U7B0,1,PS51318
A0A5A4U7B0,2,PF02018
A0A5A4U7B0,3,PF00041
A0A5A4U7B1,1,PS51318
A0A5A4U7B1,3,PF02839
A0A5A4U7B1,4,PF02839
A0A5A4U8A7,2,PF02839
A0A5A4U8A7,3,PF02839
A0A5A4U8N9,1,PF17957
A0A5A4U8N9,2,G3DSA:2.60.40.10
A0A5A4UB73,2,PF02839
A0A5A4UBY5,2,PF02839
A0A5A5TEL3,2,PF02018
A0A5A5TJF7,1,PF00041
A0A5A5TJF7,3,PF02018
A0A5A8AKA0,3,PF00535
A0A5A9DRK0,1,PF01476
A0A5A9DRK0,2,PF01476
A0A5A9E673,1,PF01476
A0A5A9E673,2,PF01476
A0A5A9E673,3,PF01476
A0A5A9ZXN0,1,PF02018
A0A5A9ZXN0,2,PF00041
A0A5B0AKK9,1,PF00553
A0A5B0B0P8,1,PF00553
A0A5B0B0P8,2,PF00041
A0A5B0B1H0,1,PS51318
A0A5B0B1H0,2,PF02018
A0A5B0B1H0,3,PF00041
A0A5B0DE65,1,PF01476
A0A5B0DE65,2,PF01476
A0A5B0DFX7,1,PF01476
A0A5B0DFX7,2,PF01476
A0A5B0WD91,1,PF00395
A0A5B0WD91,2,PF00395
A0A5B0WD91,3,PF00395
A0A5B0WNY4,1,PF07833
A0A5B0WQJ0,3,PF02839
A0A5B0WR24,2,PF02839
A0A5B0WR24,3,PF02839
A0A5B0WSX0,2,PF02839
A0A5B0WWP8,1,PF07833
A0A5B1BD93,2,PF17957
A0A5B1BD93,3,PF02839
A0A5B1BD93,4,PF17957
A0A5B1BD93,5,SM00495
A0A5B1BD93,6,PF17957
A0A5B1BL79,1,PS51257
A0A5B2U284,3,PF00535
A0A5B2U3K7,2,PF00041
A0A5B2U482,3,PF00041
A0A5B2VRG8,1,PS51257
A0A5B2VS66,1,PS51257
A0A5B2W0S5,2,PF17957
A0A5B2W0S5,4,PF17957
A0A5B2W0S5,5,PF02839
A0A5B2W0S5,6,PF17957
A0A5B2W0S5,7,SM00495
A0A5B2WKK9,1,PF00553
A0A5B2WKK9,2,PF00041
A0A5B2X6B7,3,PF02839
A0A5B2XAJ5,1,PF00553
A0A5B2XAJ5,2,PF00553
A0A5B2XAJ5,3,PF00041
A0A5B2XD41,2,PF02839
A0A5B2XD41,3,PF02839
A0A5B2XE11,2,PF02018
A0A5B2XEZ9,2,PF02839
A0A5B2XEZ9,3,PF02839
A0A5B2XKC0,1,PS51318
A0A5B2XTE9,1,PF02018
A0A5B3GKF8,1,PS51257
A0A5B3GND0,1,PS51257
A0A5B3GRG1,1,PS51257
A0A5B3GTD1,1,PS51257
A0A5B5VK44,1,PS51257
A0A5B7TFA5,1,PF08239
A0A5B7TFT7,1,PF01476
A0A5B7TFT7,2,PF01476
A0A5B7TI46,1,PF08239
A0A5B7TI46,2,PF08239
A0A5B7TYN6,1,PS51257
A0A5B7UJC8,2,G3DSA:2.60.40.10
A0A5B7UJC8,3,PF02839
A0A5B7UNH0,2,SM00495
A0A5B7UZI1,1,PF00553
A0A5B7UZI1,2,PF00041
A0A5B7UZN0,1,PF00553
A0A5B7UZN0,2,PF00041
A0A5B7V6T8,1,PF02018
A0A5B7V6T8,2,PF00041
A0A5B8IBP6,1,PS51318
A0A5B8IHH4,1,PF00553
A0A5B8IHH4,2,PF00041
A0A5B8INX3,1,PF02018
A0A5B8INX3,2,PF00041
A0A5B8ITZ6,1,PF00553
A0A5B8ITZ6,2,PF00041
A0A5B8J9X2,2,PF02839
A0A5B8JFX6,1,PF02018
A0A5B8JFX6,2,PF00041
A0A5B8JGL9,2,PF02839
A0A5B8LJI2,3,PF00535
A0A5B8M4X2,1,PS51257
A0A5B8R107,1,PF08329
A0A5B8R107,3,PF22352
A0A5B8R107,5,PF02839
A0A5B8R107,6,PF02839
A0A5B8UI96,3,PF00535
A0A5B8UR28,3,PF00535
A0A5B8VWV0,3,PF00535
A0A5B8WBQ8,1,PS51257
A0A5B8WBQ8,2,G3DSA:2.60.40.10
A0A5B8Z3E1,1,PF01476
A0A5B8Z3E1,2,PF01476
A0A5B8Z465,1,PF07833
A0A5B8Z4I4,1,PF01476
A0A5B8Z4I4,2,PF01476
A0A5B9EHA4,1,PS51257
A0A5B9HPU8,1,PF01476
A0A5B9HPU8,2,PF01476
A0A5B9HWD1,3,PF00535
A0A5B9WHH3,1,PS51257
A0A5B9YBF8,1,PF08239
A0A5B9YBL1,1,PF00395
A0A5C0SCI6,1,PF01476
A0A5C0SCI6,2,PF08239
A0A5C0SEG6,1,PF07833
A0A5C0SI57,1,PF07833
A0A5C0WF62,1,PF01476
A0A5C0WF62,2,PF01476
A0A5C0XPK2,2,PF00553
A0A5C0XRH2,1,PF02839
A0A5C1AMZ5,1,PF00553
A0A5C1AMZ5,2,PF00553
A0A5C1DCU1,2,PF02839
A0A5C1DCU1,3,PF02839
A0A5C1DMU9,1,PF02839
A0A5C1DP96,1,PS51257
A0A5C1DP96,2,PF02839
A0A5C1DP98,1,PF02839
A0A5C1HUI1,3,PF00535
A0A5C1I3V9,1,PS51257
A0A5C1YHY0,1,PS51318
A0A5C1YHY0,3,PF02839
A0A5C1YHY0,4,PF02839
A0A5C2M1F0,2,G3DSA:2.60.40.10
A0A5C4J016,1,PF02018
A0A5C4J016,2,PF00041
A0A5C4J033,1,PF00553
A0A5C4J033,2,PF00041
A0A5C4J1E7,1,PF00553
A0A5C4J1E7,2,PF00041
A0A5C4J3R1,1,PF00553
A0A5C4J3R1,2,PF00553
A0A5C4J3R1,3,PF00041
A0A5C4JAX1,1,PF00553
A0A5C4JAX1,2,PF00041
A0A5C4JFU6,1,PF00553
A0A5C4JFU6,2,PF00041
A0A5C4NPA9,1,PS51257
A0A5C4NPA9,2,PF02839
A0A5C4NTU8,1,PF02839
A0A5C4NXL1,1,PF02839
A0A5C4NXL1,2,PF02839
A0A5C4Q9F9,1,PF00553
A0A5C4Q9F9,2,PF00041
A0A5C4QDK7,1,PF00553
A0A5C4RFG3,2,PF02839
A0A5C4T209,1,PF07833
A0A5C4T209,2,PF08239
A0A5C4T2V4,1,PF01476
A0A5C4T2V4,2,PF01476
A0A5C4TAC8,2,PF00395
A0A5C4TAC8,3,PF00395
A0A5C4TAC8,4,PF00395
A0A5C4WL86,1,PF00553
A0A5C4WL86,2,PF00553
A0A5C4WL86,3,PF00041
A0A5C4WQP1,1,PF02839
A0A5C4WQP1,2,PF00041
A0A5C4WX28,1,PF00553
A0A5C4WX28,2,PF00041
A0A5C5A3D6,2,PF00041
A0A5C5A3D6,3,PF00553
A0A5C5AA95,1,PF01476
A0A5C5AA95,2,PF01476
A0A5C5AC80,3,PF00535
A0A5C5AJ76,1,PF01476
A0A5C5AJ76,2,PF01476
A0A5C5AND6,2,PF00041
A0A5C5AND6,3,PF00553
A0A5C5AYQ4,3,PF00535
A0A5C5HBP7,2,G3DSA:2.60.40.10
A0A5C5Q7C5,2,G3DSA:2.60.40.10
A0A5C5Q7C5,3,PF02839
A0A5C5VEA9,1,PS51257
A0A5C5YT81,1,PS51257
A0A5C6HL60,1,PS51257
A0A5C6HRQ3,1,PS51257
A0A5C6I9V0,1,PS51318
A0A5C6I9V0,2,PF02018
A0A5C6I9V0,3,PF00041
A0A5C6IPY1,2,PF02018
A0A5C6ISM0,1,PS51318
A0A5C6IZX5,1,PF00553
A0A5C6IZX5,2,PF00041
A0A5C6J501,1,PS51257
A0A5C6JYY5,1,PS51318
A0A5C6JYY5,3,PF02018
A0A5C6KWC7,1,PS51257
A0A5C6LU48,2,PF17957
A0A5C6LU48,4,PF17957
A0A5C6LU48,5,PF02839
A0A5C6LU48,6,PF17957
A0A5C6LU48,7,SM00495
A0A5C6TUR0,3,PF00535
A0A5C6UZ54,1,PF01476
A0A5C6UZ54,2,PF01476
A0A5C6XNG8,1,PS51257
A0A5C6XQH1,1,PS51257
A0A5C6Z6M0,1,SM00495
A0A5C6Z6M0,2,PF17957
A0A5C6Z7X5,1,SM00495
A0A5C6Z7X5,2,PF00041
A0A5C7AKM6,1,PS51257
A0A5C7CFP7,1,PF08329
A0A5C7CMI0,2,PF00041
A0A5C7CMI0,3,PF02839
A0A5C7KZT8,2,SM00495
A0A5C7KZT8,3,PF02839
A0A5C7L7F2,3,PF00535
A0A5C7MJM3,1,PS51257
A0A5C7NWQ0,1,PS51257
A0A5C7PLE3,1,SM00495
A0A5C7UMQ9,3,PF00535
A0A5C8AXH6,1,PS51257
A0A5C8AXH6,2,G3DSA:2.60.40.10
A0A5C8AZI4,1,PS51257
A0A5C8B0H9,1,PS51257
A0A5C8B0H9,2,SM00495
A0A5C8B167,1,SM00495
A0A5C8B180,1,PS51257
A0A5C8B180,3,PF02839
A0A5C8B180,4,SM00495
A0A5C8B363,1,PS51257
A0A5C8B5F6,1,PS51257
A0A5C8B836,1,PS51257
A0A5C8B836,2,SM00495
A0A5C8BB29,1,PS51257
A0A5C8BCC1,1,PS51257
A0A5C8BEK8,1,PS51257
A0A5C8BHG7,1,PS51257
A0A5C8BMI8,1,PS51257
A0A5C8JAK6,1,PF02839
A0A5C8JAK6,2,PF00041
A0A5C8K4X5,1,PF00553
A0A5C8K4X5,2,PF00041
A0A5C8LEG4,2,PF00395
A0A5C8LEG4,3,PF00395
A0A5C8LEG4,4,PF00395
A0A5C8LJX6,1,PF00395
A0A5C8LKF3,1,PF01476
A0A5C8LKF3,2,PF01476
A0A5C8LVH0,1,PF07833
A0A5C8LVH0,2,PF08239
A0A5C8MBK8,1,PF01476
A0A5C8MBK8,2,PF01476
A0A5C8MBK8,3,PF01476
A0A5C8MSM7,1,PF01476
A0A5C8MSM7,2,PF01476
A0A5C8NQX5,1,PF01476
A0A5C8NQX5,2,PF01476
A0A5C8NQX5,3,PF01476
A0A5C8Q3U0,1,PF02018
A0A5C8Q3U0,2,PF00041
A0A5C8QJI8,1,PF02018
A0A5C8QJI8,2,PF00041
A0A5C8QKW1,1,PF00553
A0A5C8QKW1,2,PF00041
A0A5C9AF96,1,SM00495
A0A5C9AF96,2,SM00495
A0A5C9AF96,3,PF02839
A0A5C9AF96,4,SM00495
A0A5C9SYN7,1,PF08329
A0A5C9SYN7,3,PF22352
A0A5C9SYN7,6,PF02839
A0A5D0CKI8,1,PF01476
A0A5D0CKI8,2,PF01476
A0A5D0CP19,1,PF07833
A0A5D0CP19,2,PF08239
A0A5D0CSE1,1,PF07833
A0A5D0CTI2,1,PF00395
A0A5D0CTI2,2,PF00395
A0A5D0CTI2,3,PF00395
A0A5D0MVN0,1,PF00553
A0A5D0MVN0,2,PF00041
A0A5D0MWD0,1,PF00553
A0A5D0N5D1,1,PF02839
A0A5D0NA60,1,PF00553
A0A5D0NA60,2,PF00041
A0A5D0NIM2,1,PF00553
A0A5D0NIM2,2,PF00041
A0A5D0NML0,1,PF00553
A0A5D0NML0,2,PF00041
A0A5D0NNE8,1,PF02018
A0A5D0NNE8,2,PF00041
A0A5D0NNP1,1,PF00553
A0A5D0NNP1,2,PF00553
A0A5D0NNP1,3,PF00041
A0A5D0P0W2,1,PF02839
A0A5D0PCM3,1,PF00553
A0A5D0PCM3,2,PF00553
A0A5D0PCM3,3,PF00041
A0A5D0QCL7,1,PF02839
A0A5D0QCL7,2,PF00041
A0A5D0QDY2,1,PF02018
A0A5D0QDY2,2,PF00041
A0A5D0QG89,1,PF00553
A0A5D0QG89,2,PF00041
A0A5D0TAR7,1,PS51318
A0A5D0TC08,1,PF00553
A0A5D0THD5,1,PF02839
A0A5D0TZY6,1,PF00553
A0A5D0TZY6,2,PF00041
A0A5D0UH52,1,PF00553
A0A5D0UH52,2,PF00041
A0A5D0UI32,1,PF02018
A0A5D0UI32,2,PF00041
A0A5D0UI54,1,PF00553
A0A5D0UI54,2,PF00553
A0A5D0UI54,3,PF00041
A0A5D0UJ65,1,PF00553
A0A5D0UJ65,2,PF00041
A0A5D0UJJ3,1,PF00553
A0A5D0UJJ3,2,PF00041
A0A5D0ULI7,1,PF02839
A0A5D0UQZ6,1,PS51318
A0A5D0UQZ6,2,PF02839
A0A5D0UTL0,1,PF00553
A0A5D0V225,1,PF00553
A0A5D0V225,2,PF00041
A0A5D3E8P7,1,PS51257
A0A5D3FGB8,1,PF00553
A0A5D3FGB8,2,PF00041
A0A5D3FJC4,1,PF02839
A0A5D3FWZ0,1,PF00553
A0A5D3FWZ0,2,PF00553
A0A5D3FWZ0,3,PF00041
A0A5D3FX69,1,PF00553
A0A5D3FX69,2,PF00041
A0A5D3FX85,1,PF02018
A0A5D3FX85,2,PF00041
A0A5D3FZA1,1,PF00553
A0A5D3FZA1,2,PF00041
A0A5D3G034,1,PF00553
A0A5D3G034,2,PF00041
A0A5D4H7L1,1,PS51257
A0A5D4HAB2,1,PS51257
A0A5D4I1G2,1,PF02018
A0A5D4I1G2,2,PF00041
A0A5D4JE90,1,PF00553
A0A5D4JE90,2,PF00041
A0A5D4JI61,1,PF02018
A0A5D4JI61,2,PF00041
A0A5D4K5R5,1,PF01476
A0A5D4K5R5,2,PF01476
A0A5D4KF64,1,PF01476
A0A5D4KF64,2,PF01476
A0A5D4KF64,3,PF01476
A0A5D4M096,1,PF01476
A0A5D4M096,2,PF01476
A0A5D4MDV2,1,PF01476
A0A5D4MDV2,2,PF01476
A0A5D4MDV2,3,PF01476
A0A5D4NFX6,1,PF01476
A0A5D4NFX6,2,PF01476
A0A5D4NRH5,1,PF01476
A0A5D4NRH5,2,PF01476
A0A5D4NRH5,3,PF01476
A0A5D4QRV0,1,PF01476
A0A5D4QRV0,2,PF01476
A0A5D4R5Y4,1,PF01476
A0A5D4R5Y4,2,PF01476
A0A5D4R966,1,PF01476
A0A5D4R966,2,PF01476
A0A5D4RDY7,1,PF07833
A0A5D4RV32,1,PF01476
A0A5D4RV32,2,PF01476
A0A5D4S9Q6,1,PF01476
A0A5D4S9Q6,2,PF01476
A0A5D4SKW1,1,PF01476
A0A5D4SKW1,2,PF01476
A0A5D4SPP4,1,PF07833
A0A5D4STV0,1,PF01476
A0A5D4STV0,2,PF01476
A0A5D4T107,1,PF17957
A0A5D4TA97,1,PF01476
A0A5D4TA97,2,PF01476
A0A5D4TBI5,1,PF01476
A0A5D4TBI5,2,PF01476
A0A5D4TEX1,1,PF17957
A0A5D4U7K9,1,PF01476
A0A5D4U7K9,2,PF01476
A0A5D4U7K9,3,PF01476
A0A5D4UE32,1,PF01476
A0A5D4UE32,2,PF01476
A0A5D4UE32,3,PF01476
A0A5D6VES4,2,PF17957
A0A5D6VES4,4,PF17957
A0A5D6VES4,5,SM00495
A0A5D8QBD5,2,PF00395
A0A5D8QBD5,3,PF00395
A0A5D8QBD5,4,PF00395
A0A5D8QBW4,1,PF07833
A0A5D8ZNA3,2,PF00041
A0A5D8ZNC1,3,PF00041
A0A5D8ZR00,3,PF00535
A0A5E4IY32,1,PS51257
A0A5E6XJK1,2,PF00041
A0A5E6XJK1,3,PF02839
A0A5E7Z957,3,PF00535
A0A5F0K5T5,1,SM00495
A0A5F0K5T5,2,PF17957
A0A5F0K5T5,3,PF17957
A0A5F0K5T5,5,SM00495
A0A5F0KCE0,1,PF08329
A0A5F0KCE0,3,PF22352
A0A5F0KCE0,4,G3DSA:2.60.40.10
A0A5F0KCE0,5,PF02839
A0A5F0KCE0,6,PF02839
A0A5F2C5Z3,1,PS51257
A0A5F2KMD5,1,PF01476
A0A5F2KMD5,2,PF01476
A0A5H2XT86,1,SM00495
A0A5H2XT86,2,PF17957
A0A5H2XT86,3,PF17957
A0A5H2XT86,4,SM00495
A0A5H2XT86,5,PF17957
A0A5H2XT86,6,PF17957
A0A5H2Y198,1,PF08329
A0A5H2Y198,3,G3DSA:2.60.40.10
A0A5H2Y198,5,PF02839
A0A5H2Y6H2,1,PS51257
A0A5H2Y886,1,SM00495
A0A5H2Y886,2,PF17957
A0A5H2Y886,3,G3DSA:2.60.40.10
A0A5H2Y886,5,SM00495
A0A5H3KCP4,2,G3DSA:2.60.40.10
A0A5H5HTG2,2,G3DSA:2.60.40.10
A0A5H5WX66,2,G3DSA:2.60.40.10
A0A5H6JSL8,2,G3DSA:2.60.40.10
A0A5H6P0U6,2,G3DSA:2.60.40.10
A0A5H7IEG1,2,G3DSA:2.60.40.10
A0A5H7IEG1,3,SM00495
A0A5H7K064,2,G3DSA:2.60.40.10
A0A5H7LMU7,2,G3DSA:2.60.40.10
A0A5H7NSQ1,2,G3DSA:2.60.40.10
A0A5H7SAJ7,2,G3DSA:2.60.40.10
A0A5H8HCL9,2,G3DSA:2.60.40.10
A0A5H8SXR6,2,G3DSA:2.60.40.10
A0A5H9DBN1,2,G3DSA:2.60.40.10
A0A5H9DXB1,2,G3DSA:2.60.40.10
A0A5H9T3T1,2,G3DSA:2.60.40.10
A0A5I0BKL1,2,G3DSA:2.60.40.10
A0A5I0CP29,2,G3DSA:2.60.40.10
A0A5I0CZR8,2,G3DSA:2.60.40.10
A0A5I0F0J9,2,G3DSA:2.60.40.10
A0A5I0MKY9,2,G3DSA:2.60.40.10
A0A5I0NHL7,2,G3DSA:2.60.40.10
A0A5I0SB22,2,G3DSA:2.60.40.10
A0A5I0TZK4,2,G3DSA:2.60.40.10
A0A5I1ESP9,2,G3DSA:2.60.40.10
A0A5I1FVV4,2,G3DSA:2.60.40.10
A0A5I1U2T0,2,G3DSA:2.60.40.10
A0A5I2FQL5,2,G3DSA:2.60.40.10
A0A5I2LHM6,2,G3DSA:2.60.40.10
A0A5I2WP92,2,G3DSA:2.60.40.10
A0A5I2X4L4,2,G3DSA:2.60.40.10
A0A5I2YUV8,2,G3DSA:2.60.40.10
A0A5I3D1L9,2,G3DSA:2.60.40.10
A0A5I4DGV1,2,G3DSA:2.60.40.10
A0A5I4KCZ6,2,G3DSA:2.60.40.10
A0A5I4QJ02,2,G3DSA:2.60.40.10
A0A5I4R8Y4,2,G3DSA:2.60.40.10
A0A5I4TVG0,2,G3DSA:2.60.40.10
A0A5I5E0C1,2,G3DSA:2.60.40.10
A0A5I5LRU4,2,G3DSA:2.60.40.10
A0A5I5SZ06,2,G3DSA:2.60.40.10
A0A5I6CAT4,2,G3DSA:2.60.40.10
A0A5I6DME4,2,G3DSA:2.60.40.10
A0A5I6QGV7,2,G3DSA:2.60.40.10
A0A5I6RZL4,2,G3DSA:2.60.40.10
A0A5I8I1I9,2,G3DSA:2.60.40.10
A0A5I8VHX2,2,G3DSA:2.60.40.10
A0A5I8VHX2,3,SM00495
A0A5I9B5U4,2,G3DSA:2.60.40.10
A0A5I9C1L3,2,G3DSA:2.60.40.10
A0A5I9REX7,2,G3DSA:2.60.40.10
A0A5I9S8S3,2,G3DSA:2.60.40.10
A0A5J0C327,2,G3DSA:2.60.40.10
A0A5J0F440,2,G3DSA:2.60.40.10
A0A5J0HVE4,2,G3DSA:2.60.40.10
A0A5J0RWI0,2,G3DSA:2.60.40.10
A0A5J0XLA0,2,G3DSA:2.60.40.10
A0A5J1RWK5,2,G3DSA:2.60.40.10
A0A5J2CH13,2,G3DSA:2.60.40.10
A0A5J4JA60,1,PF01476
A0A5J4JA60,2,PF01476
A0A5J4JJW8,1,PF01476
A0A5J4JJW8,2,PF01476
A0A5J4JJW8,3,PF01476
A0A5J4K3W0,1,PF02018
A0A5J4K6W7,2,PF02018
A0A5J4KCJ1,1,PF00041
A0A5J4KCJ1,3,PF02018
A0A5J4KXK6,1,PF02018
A0A5J4L1D1,1,PF00041
A0A5J4L1D1,3,PF02018
A0A5J4LKM0,1,PS51318
A0A5J4LKM0,2,PF02018
A0A5J4LKM0,3,PF00041
A0A5J5FZK2,1,PF07833
A0A5J5G4Z8,1,PF07833
A0A5J5GTF6,1,PF01476
A0A5J5GTF6,2,PF01476
A0A5J5H4J2,3,PF00535
A0A5J5H743,1,PF01476
A0A5J5H743,2,PF01476
A0A5J5HLX2,2,PF00395
A0A5J5HLX2,3,PF00395
A0A5J5HLX2,4,PF00395
A0A5J5HPD4,1,PF07833
A0A5J5I1W9,3,PF00535
A0A5J5I588,3,PF00535
A0A5J5ILB3,3,PF00535
A0A5J5JSA2,1,PS51257
A0A5J5JUR6,1,PF02839
A0A5J5JUR6,2,PF00041
A0A5J5K2F9,1,PF02839
A0A5J6EI98,1,PF02839
A0A5J6EI98,2,PF00041
A0A5J6F525,2,PF02839
A0A5J6F7N3,1,PF02018
A0A5J6F7N3,2,PF00041
A0A5J6F858,1,PF02018
A0A5J6F858,2,PF00041
A0A5J6F9L9,1,PF00553
A0A5J6F9L9,2,PF00041
A0A5J6FKT6,1,PS51318
A0A5J6FKT6,3,SM00495
A0A5J6GC30,1,PS51318
A0A5J6GF26,1,PF00553
A0A5J6GF26,2,PF00041
A0A5J6GIF7,2,PF02839
A0A5J6GL75,1,PS51318
A0A5J6GL75,3,PF02839
A0A5J6GNQ0,1,PS51318
A0A5J6GNQ0,2,PF02018
A0A5J6GNQ0,3,PF00041
A0A5J6GQD5,1,PF00553
A0A5J6GQD5,2,PF00041
A0A5J6HIK6,2,PF02839
A0A5J6HVP5,1,PF00553
A0A5J6HVP5,2,PF00041
A0A5J6IFA6,1,PF02018
A0A5J6IFA6,2,PF00041
A0A5J6IGA2,1,PF00553
A0A5J6IGA2,2,PF00041
A0A5J6J1V8,1,PF02018
A0A5J6J1V8,2,PF00041
A0A5J6J2P4,1,PF02018
A0A5J6J4K2,1,PF02018
A0A5J6J4K2,2,PF00041
A0A5J6J8T0,2,PF02839
A0A5J6JFF3,2,PF02839
A0A5J6JGG5,2,PF02018
A0A5J6JMN4,1,PF00553
A0A5J6JMN4,2,PF00041
A0A5J6P4A9,1,SM00495
A0A5J6P4A9,2,SM00495
A0A5J6P4W4,1,SM00495
A0A5J6P4W4,2,SM00495
A0A5J6PBH2,1,PS51257
A0A5J6PJ00,1,SM00495
A0A5J6PJ00,2,PF02839
A0A5J6PJ82,1,SM00495
A0A5J6PJ82,2,SM00495
A0A5J6PZ85,1,PF00553
A0A5J6SHK9,1,PF01476
A0A5J6SJ40,1,PF01476
A0A5J6SJ40,2,PF01476
A0A5J6U1P4,1,PF02018
A0A5J6U1P4,2,PF00041
A0A5J6U3B3,1,PS51318
A0A5J6U3B3,2,PF00553
A0A5J6U3B3,3,PF00041
A0A5J6UKG2,1,PF00553
A0A5J6UKG2,2,PF00041
A0A5J6WPI0,4,PF02839
A0A5J6WRH5,1,SM00495
A0A5J6WRH5,2,PF17957
A0A5J6WRH5,3,PF17957
A0A5J6WSI2,1,PF08329
A0A5J6WSI2,3,PF22352
A0A5J6WSI2,4,PF22352
A0A5J6WSI2,5,PF02839
A0A5J6WSI2,6,PF02839
A0A5J6XPK1,1,PF01476
A0A5J6XPK1,2,PF01476
A0A5K7SEM4,3,PF00535
A0A5K7SGQ1,1,PS51257
A0A5K9S1E8,3,PF00041
A0A5K9S1E8,4,PF02839
A0A5M1QBL0,3,PF00041
A0A5M1QBL0,4,PF02839
A0A5M3EQK4,3,PF00041
A0A5M3EQK4,4,PF02839
A0A5M3VVL7,1,PF00553
A0A5M3W0G2,1,PF02018
A0A5M3W5A7,2,PF00041
A0A5M3W899,1,PF02018
A0A5M3WD99,1,PF00553
A0A5M3WD99,2,PF00041
A0A5M3WVF9,1,PF00553
A0A5M3WVF9,2,PF00553
A0A5M3WVF9,3,PF00041
A0A5M3WYZ9,1,PF02018
A0A5M3WZC4,2,PF02839
A0A5M3WZC4,3,PF02839
A0A5M3X3K4,1,PF00553
A0A5M3X3K4,2,PF00041
A0A5M3X807,2,PF00041
A0A5M3X8J2,1,PF02018
A0A5M3XCA1,1,PF00553
A0A5M3XDY3,2,PF02839
A0A5M3XDY3,3,PF02839
A0A5M3XI23,2,PF00041
A0A5M3XKX9,1,PF02018
A0A5M3XPS5,1,PF00553
A0A5M3XRS9,1,PF00553
A0A5M3XRS9,2,PF00041
A0A5M3XWM2,1,PF02018
A0A5M3Y0P1,1,PF00553
A0A5M3Y0P1,2,PF00553
A0A5M3Y0P1,3,PF00041
A0A5M4AAQ6,1,PS51257
A0A5M4AHA1,1,PS51257
A0A5M4AMI9,1,PS51257
A0A5M4AYP3,1,PS51257
A0A5M4B570,1,PS51257
A0A5M5DUC8,1,PS51257
A0A5M6A965,1,PS51257
A0A5M6D623,3,PF00041
A0A5M7C9P2,1,PS51318
A0A5M8FT47,1,PF08329
A0A5M8FT47,4,PF02839
A0A5M8FT47,5,PF02839
A0A5M8Q3C8,1,PS51257
A0A5M8QJ74,5,G3DSA:2.60.40.10
A0A5M8QNA6,1,PS51257
A0A5M8R5K1,1,PF01476
A0A5M8R5K1,2,PF01476
A0A5M8RM87,2,PF00041
A0A5M8RM87,3,PF02839
A0A5M8S028,1,PF01476
A0A5M8S028,2,PF01476
A0A5M9GK49,2,PF00041
A0A5M9GK49,3,PF00553
A0A5M9GPB9,1,PS51257
A0A5M9GSE2,1,PF01476
A0A5M9GSE2,2,PF01476
A0A5M9GUY4,1,PS51257
A0A5M9HUI7,1,PF08239
A0A5M9HY55,1,PF01476
A0A5M9NH19,1,PF01476
A0A5M9NH19,2,PF01476
A0A5M9NRX5,1,PF01476
A0A5M9NRX5,2,PF01476
A0A5M9NRX5,3,PF01476
A0A5M9NZM7,1,PS51257
A0A5M9NZM7,2,PF02839
A0A5M9NZM7,3,PF17957
A0A5M9NZM7,4,PF17957
A0A5M9P0Z3,2,PF02839
A0A5M9P0Z3,4,SM00495
A0A5M9P5Q7,1,PF08329
A0A5M9P5Q7,3,PF22352
A0A5M9P5Q7,5,PF02839
A0A5M9P6I3,1,G3DSA:2.60.40.10
A0A5M9P6I3,2,PF17957
A0A5M9P6I3,3,PF17957
A0A5M9P6I3,4,PF17957
A0A5M9TLT5,1,PF07833
A0A5M9TQE1,1,PF00395
A0A5M9TQE1,2,PF00395
A0A5M9TQE1,3,PF00395
A0A5M9U5T9,3,PF00041
A0A5M9U5T9,4,PF02839
A0A5M9UAM2,1,PF02839
A0A5M9UAM2,2,PF00041
A0A5M9UHD7,1,PF07833
A0A5M9WQ44,1,PF07833
A0A5M9WWQ0,1,PF07833
A0A5M9WZD2,1,PF00395
A0A5M9WZD2,2,PF00395
A0A5M9WZD2,3,PF00395
A0A5N0E730,2,PF02018
A0A5N0URR6,1,PS51318
A0A5N0URR6,2,PF00553
A0A5N0US61,2,PF02839
A0A5N0UZU8,1,PS51318
A0A5N0YXN8,2,PF00041
A0A5N0YXN8,3,PF02839
A0A5N0Z0Q3,3,PF00041
A0A5N3QY56,2,PF02839
A0A5N3QY56,4,SM00495
A0A5N3R7D4,1,PS51257
A0A5N3R7D4,2,PF02839
A0A5N3R7D4,3,PF17957
A0A5N3R7D4,4,PF17957
A0A5N3RAZ7,1,PF08329
A0A5N3RAZ7,3,PF22352
A0A5N3RAZ7,5,PF02839
A0A5N3S218,1,PS51257
A0A5N3S218,2,PF02839
A0A5N3S218,3,PF17957
A0A5N3S218,4,PF17957
A0A5N3S3R8,1,PF08329
A0A5N3S3R8,3,PF22352
A0A5N3S3R8,5,PF02839
A0A5N3S9U7,2,PF02839
A0A5N3S9U7,4,SM00495
A0A5N5ECW3,1,PF02018
A0A5N5ECW3,2,PF00041
A0A5N5EG33,1,PS51318
A0A5N5EPI3,1,PF00553
A0A5N5ERA5,1,PF00553
A0A5N5ERA5,2,PF00041
A0A5N5ESR1,1,PF02018
A0A5N5ESR1,2,PF00041
A0A5N5EZV7,1,PF00553
A0A5N5EZV7,2,PF00041
A0A5N5W4B3,2,SM00495
A0A5N5W890,2,G3DSA:2.60.40.10
A0A5N5W890,3,PF02018
A0A5N5WE27,1,PF00553
A0A5N5WE27,2,PF00041
A0A5N5WEY7,1,PF02018
A0A5N5WEY7,2,PF00041
A0A5N6AKL2,1,PS51318
A0A5N6B6P5,1,PF02018
A0A5N6B7F5,1,PF02839
A0A5N6B7F5,2,PF00041
A0A5N6BKZ4,1,PF00553
A0A5N6BUS9,1,PF02839
A0A5N6BUS9,2,PF00041
A0A5N6BWC5,2,PF02839
A0A5N6BWC5,3,PF02839
A0A5N7III2,1,PF01476
A0A5N7III2,2,PF01476
A0A5N7U8T1,3,PF00535
A0A5N8H4G1,1,SM00495
A0A5N8H4G1,2,SM00495
A0A5N8H4G1,3,SM00495
A0A5N8H4G1,4,SM00495
A0A5N8H4G1,5,SM00495
A0A5N8H4G1,6,PF02839
A0A5N8H4G1,7,SM00495
A0A5N8TCP2,1,SM00495
A0A5N8TDZ6,1,PF08329
A0A5N8TDZ6,3,PF22352
A0A5N8TDZ6,5,PF02839
A0A5N8TDZ6,6,PF02839
A0A5N8UIH0,1,SM00495
A0A5N8UIH0,2,PF17957
A0A5N8UIH0,3,PF17957
A0A5N8UIH0,4,SM00495
A0A5N8UIH0,5,PF17957
A0A5N8UIH0,6,PF17957
A0A5N8UNV7,1,PF08329
A0A5N8UNV7,3,PF22352
A0A5N8UNV7,4,G3DSA:2.60.40.10
A0A5N8UNV7,5,PF02839
A0A5N8UNV7,6,PF02839
A0A5N8UNY9,1,SM00495
A0A5N8UNY9,2,PF17957
A0A5N8UNY9,3,PF17957
A0A5N8UNY9,4,PF17957
A0A5N8V5J2,1,PF02018
A0A5N8V5J2,2,PF00041
A0A5N8VE23,1,PF02018
A0A5N8VE23,2,PF00041
A0A5N8VJ41,1,PF00553
A0A5N8VJ41,2,PF00041
A0A5N8VMP9,1,PF00553
A0A5N8VQ39,1,PS51318
A0A5N8VU30,1,PF02018
A0A5N8VU30,2,PF00041
A0A5N8VWA0,1,PF00553
A0A5N8VWA0,2,PF00041
A0A5N8WRR3,1,PF00553
A0A5N8WRR3,2,PF00041
A0A5N8X194,1,PF02018
A0A5N8X194,2,PF00041
A0A5N8XE73,1,PF00553
A0A5N8XE73,2,PF00041
A0A5N8XLT5,1,PS51257
A0A5N8XLT5,2,PF02018
A0A5N8XLT5,3,PF00041
A0A5P0YWM1,1,PF00553
A0A5P0YZ56,2,PF02839
A0A5P1MBJ0,3,PF00041
A0A5P1MBJ0,4,PF02839
A0A5P2AMU7,1,PF02018
A0A5P2AMU7,2,PF00041
A0A5P2AQD4,1,PF00553
A0A5P2AQD4,2,PF00041
A0A5P2AQG9,1,PF02018
A0A5P2AQG9,2,PF00041
A0A5P2AV70,2,PF02839
A0A5P2AWN6,1,PF00553
A0A5P2AYF0,2,PF02839
A0A5P2B5H3,1,PS51257
A0A5P2B696,1,PF00553
A0A5P2B696,2,PF00041
A0A5P2BCI4,2,PF02839
A0A5P2BGC9,1,PF00553
A0A5P2BGC9,2,PF00041
A0A5P2BNF9,1,PF02018
A0A5P2BNF9,2,PF00041
A0A5P2BUB2,1,PF00553
A0A5P2BUB2,2,PF00041
A0A5P2BWV9,1,PS51318
A0A5P2BWV9,3,PF02839
A0A5P2C5V9,1,PF00553
A0A5P2C5V9,2,PF00041
A0A5P2C854,1,PF02018
A0A5P2C854,2,PF00041
A0A5P2CC27,1,PS51257
A0A5P2CDU7,1,PS51318
A0A5P2CDU7,2,PF00553
A0A5P2CDU7,3,PF00041
A0A5P2CPA0,1,PF00553
A0A5P2CPA0,2,PF00041
A0A5P2CSN5,1,PF02018
A0A5P2CSN5,2,PF00041
A0A5P2CU75,1,PS51318
A0A5P2CU75,3,PF02839
A0A5P2D0W7,2,PF02839
A0A5P2D2E9,1,PS51318
A0A5P2D2E9,2,PF00553
A0A5P2D2E9,3,PF00041
A0A5P2D404,1,PF02018
A0A5P2D404,2,PF00041
A0A5P2DB43,1,PS51318
A0A5P2DB43,2,PF02018
A0A5P2DB43,3,PF00041
A0A5P2DDH7,2,PF02839
A0A5P2DEU9,2,PF02839
A0A5P2DI97,1,PS51318
A0A5P2DI97,3,PF02839
A0A5P2DNB1,1,PF00553
A0A5P2DNB1,2,PF00041
A0A5P2DQ14,1,PF02018
A0A5P2DQ14,2,PF00041
A0A5P2DWA7,1,PF02018
A0A5P2DWA7,2,PF00041
A0A5P2G0H1,1,PS51257
A0A5P2HEK2,1,PF02839
A0A5P2HEK2,2,PF02839
A0A5P2UGU7,1,PF02018
A0A5P2UGU7,2,PF00041
A0A5P2UID3,1,PF00553
A0A5P2UID3,2,PF00041
A0A5P2UN52,1,PF02018
A0A5P2UN52,2,PF00041
A0A5P2UQ10,2,PF02839
A0A5P2UTC5,2,PF02839
A0A5P2UVQ5,1,PF02018
A0A5P2UVQ5,2,PF00041
A0A5P2UWP5,1,PS51318
A0A5P2UWP5,3,G3DSA:2.60.40.10
A0A5P2UWP5,4,PF02839
A0A5P2W7H7,1,PS51318
A0A5P2W7H7,2,PF02018
A0A5P2W7H7,3,PF00041
A0A5P2X167,2,SM00495
A0A5P2X6H5,1,PF02018
A0A5P2X6H5,2,PF00041
A0A5P2XBL5,1,PF00553
A0A5P2XBL5,2,PF00041
A0A5P2XEM2,1,PF00553
A0A5P2XEM2,2,PF00041
A0A5P2XLU9,1,PS51318
A0A5P3AZY3,1,PS51257
A0A5P3IL44,2,G3DSA:2.60.40.10
A0A5P3IL44,3,PF02839
A0A5P3XG83,4,PF02839
A0A5P8K9Y0,1,PF02018
A0A5P8K9Y0,2,PF00041
A0A5P8KC34,1,PF00553
A0A5P8KC34,2,PF00041
A0A5P8LSW2,1,PS51318
A0A5P8LSW2,2,PF02839
A0A5P8LSW2,3,PF02839
A0A5P8LSY8,1,PF02839
A0A5P8LSY8,2,PF02839
A0A5P8LSY9,1,PF02839
A0A5P8LSY9,2,PF02839
A0A5P8LTG0,1,PF02839
A0A5P8LTG0,2,PF02839
A0A5P8M059,1,PF02839
A0A5P8M059,2,PF02839
A0A5P8M0B4,1,PF02839
A0A5P9B6W1,2,PF02839
A0A5P9B6W1,4,SM00495
A0A5P9BBY2,1,PS51257
A0A5P9BBY2,2,PF02839
A0A5P9BBY2,3,PF17957
A0A5P9BBY2,4,PF17957
A0A5P9BDF4,1,PF08329
A0A5P9BDF4,3,PF22352
A0A5P9BDF4,5,PF02839
A0A5P9CNF6,1,PS51257
A0A5P9CNF6,2,SM00495
A0A5P9CNF6,3,PF17957
A0A5P9CNF6,4,PF17957
A0A5P9CR21,4,PF02839
A0A5P9CR21,5,PF02839
A0A5P9CR75,1,PF08329
A0A5P9CR75,3,PF22352
A0A5P9CR75,4,G3DSA:2.60.40.10
A0A5P9CR75,5,PF02839
A0A5P9CS58,1,G3DSA:2.60.40.10
A0A5P9CS58,2,PF17957
A0A5P9CS58,3,PF17957
A0A5P9CS58,4,PF17957
A0A5P9F1T8,3,PF02839
A0A5P9F1T8,4,SM00495
A0A5P9HIY2,1,PF01476
A0A5P9HIY2,2,PF01476
A0A5P9J0A8,1,SM00495
A0A5P9J0A8,2,PF17957
A0A5P9J0A8,3,PF17957
A0A5P9J0A8,4,SM00495
A0A5P9J0A8,5,PF17957
A0A5P9J0A8,6,PF17957
A0A5P9J2I8,1,SM00495
A0A5P9J2I8,2,PF17957
A0A5P9J2I8,3,G3DSA:2.60.40.10
A0A5P9JAT3,1,PF08329
A0A5P9JAT3,3,G3DSA:2.60.40.10
A0A5P9JAT3,5,PF02839
A0A5P9JAT3,6,PF02839
A0A5P9P703,1,PF02839
A0A5P9P703,2,PF00041
A0A5P9PI76,1,PS51318
A0A5P9PTM9,1,PS51318
A0A5P9PTM9,2,PF00553
A0A5P9PTM9,3,PF00041
A0A5P9Q684,1,PS51257
A0A5P9Q798,1,PS51318
A0A5P9Q798,3,PF02839
A0A5P9Q8J2,1,PS51318
A0A5P9Q8J2,3,PF02839
A0A5P9Q994,1,PS51318
A0A5P9Q994,2,PF02839
A0A5P9Q9H2,1,PF02018
A0A5P9Q9H2,2,PF00041
A0A5P9QCC6,1,PS51318
A0A5P9QCC6,3,PF02839
A0A5P9QCC6,4,PF02839
A0A5P9QDF6,1,PF02839
A0A5P9QDF6,3,PF02839
A0A5P9WHR5,1,PF00553
A0A5P9WHR5,2,PF00041
A0A5P9WID8,1,PS51318
A0A5P9WID8,2,PF02018
A0A5P9WID8,3,PF00041
A0A5P9WJ45,1,PF00553
A0A5P9WJ45,2,PF00041
A0A5P9WJC0,1,PS51318
A0A5P9WJC0,3,PF02839
A0A5P9WKA3,1,PF02018
A0A5P9WKA3,2,PF00041
A0A5P9WQ15,1,PF00553
A0A5P9WTT8,2,PF02839
A0A5P9WVY8,1,PS51318
A0A5Q0GT77,1,PF02018
A0A5Q0H0H3,1,PF00553
A0A5Q0H4I5,2,PF02018
A0A5Q0H992,1,PS51318
A0A5Q0H992,4,PF02839
A0A5Q0HA59,1,PF00553
A0A5Q0HA59,2,PF00041
A0A5Q0HAW6,1,PF00553
A0A5Q0HBN8,1,PF00553
A0A5Q0HBN8,2,PF00553
A0A5Q0HBN8,3,PF00041
A0A5Q0HBV2,1,PS51318
A0A5Q0JSP9,1,PS51257
A0A5Q0L8U1,1,PS51318
A0A5Q0L8U1,2,PF02018
A0A5Q0L8U1,3,PF00041
A0A5Q0LB08,1,PF00553
A0A5Q0LB08,2,PF00041
A0A5Q0LB38,1,PS51318
A0A5Q0LB38,2,PF02018
A0A5Q0LB38,3,PF00041
A0A5Q0LBX1,1,PF02018
A0A5Q0LBX1,2,PF00041
A0A5Q0LHY0,1,PF00553
A0A5Q0TBW6,1,PF08329
A0A5Q0TBW6,3,PF22352
A0A5Q0TBW6,5,PF02839
A0A5Q0TGJ1,1,PF02839
A0A5Q0TGJ1,2,PF17957
A0A5Q0TGJ1,3,PF17957
A0A5Q0UJ19,1,PS51318
A0A5Q0UJ19,2,PF02839
A0A5Q0UNP1,1,PS51318
A0A5Q0UNP1,2,PF02839
A0A5Q0UNP1,3,PF02839
A0A5Q0UNX2,1,PF02839
A0A5Q0UNX2,2,PF02839
A0A5Q0UNZ3,1,PF02839
A0A5Q0UNZ3,2,PF02839
A0A5Q0UQG0,1,PF02839
A0A5Q0UQG0,2,PF02839
A0A5Q0V464,1,PF07833
A0A5Q0V467,2,PF00041
A0A5Q0V467,3,PF02839
A0A5Q0V468,1,PF07833
A0A5Q0V470,1,PF02839
A0A5Q0V470,2,PF00041
A0A5Q0V4M2,1,PF00395
A0A5Q0V4M2,2,PF00395
A0A5Q0V4M2,3,PF00395
A0A5Q2N0V5,1,PF00395
A0A5Q2N0V5,2,PF00395
A0A5Q2N0V5,3,PF00395
A0A5Q2N4T9,1,PF01476
A0A5Q2N4T9,2,PF01476
A0A5Q2NPP4,2,PF02839
A0A5Q2NPP4,3,PF02839
A0A5Q2NQK6,1,PF00041
A0A5Q2NQK6,3,G3DSA:2.60.40.10
A0A5Q2NQK6,5,PF00395
A0A5Q2NQK6,6,PF00395
A0A5Q2NQK6,7,PF00395
A0A5Q2NR17,2,PF00041
A0A5Q2NR17,3,PF02839
A0A5Q2NSV4,3,PF02839
A0A5Q2NSV4,4,PF02839
A0A5Q2NTI0,1,PF07833
A0A5Q2NTI0,2,PF08239
A0A5Q2NX09,1,PF02839
A0A5Q2NXB9,1,SM00495
A0A5Q2NY06,1,PF07833
A0A5Q2TF48,1,PF01476
A0A5Q2TF48,2,PF01476
A0A5Q2TMX2,1,PF01476
A0A5Q2TMX2,2,PF01476
A0A5Q2V3X9,2,PF00041
A0A5Q2V3X9,3,PF02839
A0A5Q2VBN1,1,PF08329
A0A5Q4SQV4,1,PF02018
A0A5Q4SQV4,2,PF00041
A0A5Q4SSB5,1,PF00553
A0A5Q4SSB5,2,PF00041
A0A5Q4STG4,1,PF02018
A0A5Q4STG4,2,PF00041
A0A5Q4T4J3,2,PF02839
A0A5Q4TC26,1,PF02018
A0A5Q4TC26,2,PF00041
A0A5Q4TCU8,1,PF00553
A0A5Q4TCU8,2,PF00041
A0A5Q4TDK5,1,PF02018
A0A5Q4TDK5,2,PF00041
A0A5Q4Z8T5,3,G3DSA:2.60.40.10
A0A5Q4Z8T5,4,G3DSA:2.60.40.10
A0A5Q4ZQP2,1,SM00495
A0A5Q4ZQP2,2,PF17957
A0A5Q4ZQP2,3,PF17957
A0A5Q4ZSY0,1,PF08329
A0A5Q4ZSY0,3,PF22352
A0A5Q4ZSY0,4,G3DSA:2.60.40.10
A0A5Q4ZSY0,5,PF02839
A0A5Q6PJC2,1,PF17957
A0A5Q6PJC2,2,PF17957
A0A5Q6PP09,1,PS51257
A0A5Q6PP09,2,PF02839
A0A5Q6PP09,3,PF17957
A0A5Q6PP09,4,PF17957
A0A5Q6PP09,7,SM00495
A0A5R1YMA2,2,G3DSA:2.60.40.10
A0A5R1Z0A5,2,G3DSA:2.60.40.10
A0A5R8MNV6,1,PS51318
A0A5R8MNV6,2,PF02839
A0A5R8MNV6,3,PF00041
A0A5R8MQH2,1,PF02839
A0A5R8MQH2,2,PF00041
A0A5R8MSX0,1,PF00553
A0A5R8MSX0,2,PF00041
A0A5R8YHD7,1,PS51257
A0A5R8YHD8,1,PF02839
A0A5R8YHD8,2,PF00041
A0A5R8YJG2,1,PF02839
A0A5R9E2T4,1,PF00553
A0A5R9E2T4,2,PF00041
A0A5R9E3Z5,1,PS51318
A0A5R9E3Z5,2,PF02018
A0A5R9E3Z5,3,PF00041
A0A5R9F2P5,3,PF00535
A0A5R9F4I7,1,PF01476
A0A5R9F4I7,2,PF01476
A0A5R9F843,1,PF01476
A0A5R9F843,2,PF01476
A0A5R9F843,3,PF01476
A0A5R9FAF6,1,PF01476
A0A5R9FAF6,2,PF01476
A0A5R9FAF6,3,PF01476
A0A5R9FAF6,4,PF08239
A0A5R9FMN5,1,PF02018
A0A5R9FMN5,2,PF00041
A0A5R9G2X7,1,PF01476
A0A5R9G2X7,2,PF01476
A0A5R9G673,1,PF07833
A0A5R9G673,2,PF08239
A0A5R9GC46,1,PF07833
A0A5R9KDL3,1,PS51257
A0A5R9KRL6,1,PS51257
A0A5R9KXA3,1,PS51257
A0A5R9LLC6,2,SM00495
A0A5R9LTQ0,1,PS51318
A0A5R9LX97,1,PF00553
A0A5R9LX97,2,PF00041
A0A5R9M484,1,PS51318
A0A5R9M484,3,PF02018
A0A5R9M615,2,SM00495
A0A5R9M9G3,1,PF02018
A0A5R9MA98,1,PS51318
A0A5R9MA98,3,PF02839
A0A5R9MBL1,1,PF02018
A0A5R9Q0I4,1,SM00495
A0A5R9Q0I4,2,PF17957
A0A5R9Q0J2,1,SM00495
A0A5R9Q0J2,2,PF17957
A0A5R9Q294,1,PF08329
A0A5R9Q294,3,G3DSA:2.60.40.10
A0A5R9Q294,4,G3DSA:2.60.40.10
A0A5R9Q294,5,PF02839
A0A5R9Q294,6,PF02839
A0A5R9Q348,1,PF08329
A0A5R9Q348,3,G3DSA:2.60.40.10
A0A5R9Q348,4,PF02839
A0A5R9Q462,4,PF02839
A0A5S3QKP1,1,PF01476
A0A5S3QKP1,2,PF01476
A0A5S3QM40,1,PF01476
A0A5S3QM40,2,PF01476
A0A5S3QRL9,1,PF08329
A0A5S3QRL9,3,G3DSA:2.60.40.10
A0A5S3QRL9,4,G3DSA:2.60.40.10
A0A5S3QRL9,5,PF02839
A0A5S3QRL9,6,PF02839
A0A5S3QRP5,1,PF02839
A0A5S3QRP5,2,PF17957
A0A5S3QWA6,1,PF08329
A0A5S3QWA6,3,G3DSA:2.60.40.10
A0A5S3QWA6,5,PF02839
A0A5S3R2P7,1,SM00495
A0A5S3R2P7,2,PF17957
A0A5S3R2P7,3,PF17957
A0A5S3R2P7,4,SM00495
A0A5S3R2P7,5,PF17957
A0A5S3R2P7,6,PF17957
A0A5S3R8M7,1,SM00495
A0A5S3R8M7,2,PF17957
A0A5S3R8M7,3,G3DSA:2.60.40.10
A0A5S3R8M7,5,SM00495
A0A5S3RRR5,1,SM00495
A0A5S3RRR5,2,PF17957
A0A5S3RRR5,3,PF17957
A0A5S3RRT5,1,PF08329
A0A5S3RRT5,3,G3DSA:2.60.40.10
A0A5S3RRT5,4,G3DSA:2.60.40.10
A0A5S3RRT5,5,PF02839
A0A5S3RRT5,6,PF02839
A0A5S3SG15,1,PF08329
A0A5S3SG15,3,G3DSA:2.60.40.10
A0A5S3SG15,4,PF02839
A0A5S3SG15,5,PF02839
A0A5S3SH71,1,SM00495
A0A5S3SH71,2,PF17957
A0A5S3SH71,3,G3DSA:2.60.40.10
A0A5S3T8P8,1,SM00495
A0A5S3T8P8,2,PF17957
A0A5S3T9C6,1,PF08329
A0A5S3T9C6,4,G3DSA:2.60.40.10
A0A5S3T9C6,5,PF02839
A0A5S3T9C6,6,PF02839
A0A5S3UFV8,1,PF08329
A0A5S3UFV8,4,G3DSA:2.60.40.10
A0A5S3UFV8,5,PF02839
A0A5S3UFV8,6,PF02839
A0A5S3UGR4,1,SM00495
A0A5S3UGR4,2,PF17957
A0A5S3UGR4,3,G3DSA:2.60.40.10
A0A5S3USE2,1,PF08329
A0A5S3USE2,3,G3DSA:2.60.40.10
A0A5S3USE2,5,PF02839
A0A5S3USH6,1,SM00495
A0A5S3USH6,2,PF17957
A0A5S3USH6,3,G3DSA:2.60.40.10
A0A5S3USH6,5,SM00495
A0A5S3V0U4,1,SM00495
A0A5S3V0U4,2,PF17957
A0A5S3V0U4,3,PF17957
A0A5S3V0U4,4,SM00495
A0A5S3V0U4,5,PF17957
A0A5S3V0U4,6,PF17957
A0A5S3V351,1,PF08329
A0A5S3V351,3,G3DSA:2.60.40.10
A0A5S3V351,4,G3DSA:2.60.40.10
A0A5S3V351,5,PF02839
A0A5S3V351,6,PF02839
A0A5S3V378,1,SM00495
A0A5S3V378,2,PF17957
A0A5S3V378,3,G3DSA:2.60.40.10
A0A5S3V3K3,1,PF02839
A0A5S3V3K3,2,PF17957
A0A5S3VBD0,1,PF08329
A0A5S3VBD0,3,G3DSA:2.60.40.10
A0A5S3VBD0,4,G3DSA:2.60.40.10
A0A5S3VBD0,5,PF02839
A0A5S3VC63,1,SM00495
A0A5S3VC63,2,PF17957
A0A5S3VC63,3,G3DSA:2.60.40.10
A0A5S3VC63,5,SM00495
A0A5S3VDK2,1,SM00495
A0A5S3VDK2,2,PF17957
A0A5S3VDK2,3,PF17957
A0A5S3VDK2,4,SM00495
A0A5S3VDK2,5,PF17957
A0A5S3VDK2,6,PF17957
A0A5S3WHB0,1,PF02839
A0A5S3WHB0,2,PF17957
A0A5S3WL47,1,SM00495
A0A5S3WL47,2,PF17957
A0A5S3WL47,3,PF17957
A0A5S3WL47,4,SM00495
A0A5S3WL47,5,PF17957
A0A5S3WL47,6,PF17957
A0A5S3WLZ9,1,PF08329
A0A5S3WLZ9,3,G3DSA:2.60.40.10
A0A5S3WLZ9,4,G3DSA:2.60.40.10
A0A5S3WLZ9,5,PF02839
A0A5S3WLZ9,6,PF02839
A0A5S3WM84,1,SM00495
A0A5S3WM84,2,PF17957
A0A5S3WV30,1,SM00495
A0A5S3WV30,2,PF17957
A0A5S3WV30,3,G3DSA:2.60.40.10
A0A5S3WV30,5,SM00495
A0A5S3WVJ1,1,SM00495
A0A5S3WVJ1,2,PF17957
A0A5S3WVW6,1,PF08329
A0A5S3WVW6,5,PF02839
A0A5S3WW93,1,PF08329
A0A5S3WW93,3,G3DSA:2.60.40.10
A0A5S3WW93,4,G3DSA:2.60.40.10
A0A5S3WW93,5,PF02839
A0A5S3WW93,6,PF02839
A0A5S3WWE4,1,PF02839
A0A5S3WWE4,2,PF17957
A0A5S3X3H1,1,SM00495
A0A5S3X3H1,2,PF17957
A0A5S3X3H1,3,PF17957
A0A5S3X3H1,4,SM00495
A0A5S3X3H1,5,PF17957
A0A5S3X3H1,6,PF17957
A0A5S3X4N1,1,PF08329
A0A5S3X4N1,3,G3DSA:2.60.40.10
A0A5S3X4N1,5,PF02839
A0A5S3X5P4,1,SM00495
A0A5S3X5P4,2,PF17957
A0A5S3X5P4,3,G3DSA:2.60.40.10
A0A5S3X5P4,5,SM00495
A0A5S3XHK3,1,PF08329
A0A5S3XHK3,3,G3DSA:2.60.40.10
A0A5S3XHK3,4,G3DSA:2.60.40.10
A0A5S3XHK3,5,PF02839
A0A5S3XHK3,6,PF02839
A0A5S3XP44,1,PF02839
A0A5S3XP44,2,PF17957
A0A5S3XP44,3,PF17957
A0A5S3XP44,4,SM00495
A0A5S3XP44,5,PF17957
A0A5S3XP44,6,PF17957
A0A5S3XPQ8,1,PF08329
A0A5S3XPQ8,3,PF22352
A0A5S3XPQ8,4,PF22352
A0A5S3XPQ8,5,SM00495
A0A5S3XPQ8,6,SM00495
A0A5S3XQT9,1,SM00495
A0A5S3XQT9,2,PF17957
A0A5S3XQT9,3,G3DSA:2.60.40.10
A0A5S3XQT9,5,SM00495
A0A5S3XRU4,1,PF08329
A0A5S3XRU4,3,G3DSA:2.60.40.10
A0A5S3XRU4,5,PF02839
A0A5S3XS72,1,PF08329
A0A5S3XS72,3,G3DSA:2.60.40.10
A0A5S3XS72,4,G3DSA:2.60.40.10
A0A5S3XS72,5,PF02839
A0A5S3XS72,6,PF02839
A0A5S3XU99,1,SM00495
A0A5S3XU99,2,PF17957
A0A5S3Y8I3,1,SM00495
A0A5S3Y8I3,2,PF17957
A0A5S3YAS4,1,PF08329
A0A5S3YAS4,4,G3DSA:2.60.40.10
A0A5S3YAS4,5,PF02839
A0A5S3YAS4,6,PF02839
A0A5S3YPW9,1,SM00495
A0A5S3YPW9,2,PF17957
A0A5S3Z2W5,1,SM00495
A0A5S3Z2W5,2,PF17957
A0A5S3Z2W5,3,G3DSA:2.60.40.10
A0A5S3Z2X4,1,PF08329
A0A5S3Z2X4,3,G3DSA:2.60.40.10
A0A5S3Z2X4,5,PF02839
A0A5S3Z2X4,6,PF02839
A0A5S3Z6G0,1,PF02839
A0A5S3Z6G0,2,PF17957
A0A5S3Z6G0,3,PF17957
A0A5S3Z6G0,4,SM00495
A0A5S3Z6G0,5,PF17957
A0A5S3Z6G0,6,PF17957
A0A5S4FQ85,1,PF00553
A0A5S4FQ85,2,PF00553
A0A5S4FQ85,3,PF00041
A0A5S4FQK4,1,PF00553
A0A5S4FQK4,2,PF00041
A0A5S4FQK7,1,PF02018
A0A5S4FQK7,2,PF00041
A0A5S4FRI5,1,PF02839
A0A5S4FRI5,2,PF00041
A0A5S4FUH2,1,PF02839
A0A5S4FUH2,2,PF00041
A0A5S4G042,1,PF00553
A0A5S4G042,2,PF00041
A0A5S4G1S3,1,PF02018
A0A5S4G1S3,2,PF00041
A0A5S4G3L2,1,PF00553
A0A5S4G3L2,2,PF00041
A0A5S4G5A8,1,PF02839
A0A5S4G5A8,2,PF00041
A0A5S4GLQ7,1,PF00553
A0A5S4GLQ7,2,PF00553
A0A5S4GLQ7,3,PF00041
A0A5S4GMG1,1,PF02018
A0A5S4GMG1,2,PF00041
A0A5S4H0J1,1,PF02839
A0A5S4HIV8,1,PS51318
A0A5S4HIV8,2,PF00553
A0A5S4HIV8,3,PF00041
A0A5S4HKG1,1,PS51318
A0A5S4HKG1,2,PF00553
A0A5S4HKG1,3,PF00041
A0A5S4ZQY1,1,PS51257
A0A5S4ZQY1,2,PF07833
A0A5S5AMN8,1,PF07833
A0A5S5BQK3,1,PF07833
A0A5S5BT18,2,PF00041
A0A5S5BT18,3,PF00041
A0A5S5BT18,4,PF02839
A0A5S5BUX5,1,PF01476
A0A5S5BUX5,2,PF01476
A0A5S5BZ14,1,PF00041
A0A5S5BZ14,2,PF00041
A0A5S5BZ14,4,G3DSA:2.60.40.10
A0A5S5C1S1,1,PF02839
A0A5S5C1S1,2,PF00041
A0A5S5C3F8,1,PF00041
A0A5S5C5Q6,1,PF07833
A0A5S5C6Q8,2,PF00041
A0A5S5C6Q8,3,PF02839
A0A5S5C949,1,PF02839
A0A5S5C949,2,PF02839
A0A5S5C949,3,PF17957
A0A5S5C949,5,PF17957
A0A5S5C949,6,PF17957
A0A5S5C949,7,SM00495
A0A5S5C949,8,PF17957
A0A5S5CB23,2,PF17957
A0A5S5CB23,3,PF17957
A0A5S5DWU2,2,PF17957
A0A5S5DWU2,3,PF17957
A0A5S5DWU2,4,SM00495
A0A5S5DWU2,5,PF02839
A0A5S5DWU2,6,PF17957
A0A5S5DWU2,8,PF17957
A0A5S5DWU2,9,SM00495
A0A5S5DWU2,10,PF17957
A0A5S9P7P3,1,PF08329
A0A5S9P7P3,3,PF22352
A0A5S9P7P3,4,G3DSA:2.60.40.10
A0A5S9P7P3,5,PF02839
A0A5S9P7P3,6,PF02839
A0A5S9PFK9,1,PF08329
A0A5S9PGM7,2,PF22352
A0A5S9PGM7,3,G3DSA:2.60.40.10
A0A5S9PGM7,4,PF02839
A0A5S9PGM7,5,PF02839
A0A5S9PPU1,1,PF08329
A0A5S9PPU1,3,PF22352
A0A5S9QPZ7,1,PF08329
A0A5S9QPZ7,3,PF22352
A0A5S9QPZ7,4,G3DSA:2.60.40.10
A0A5S9QPZ7,5,PF02839
A0A5S9QPZ7,6,PF02839
A0A5S9QY66,1,PF08329
A0A5S9QY66,3,PF22352
A0A5S9QY66,4,G3DSA:2.60.40.10
A0A5S9QY66,5,PF02839
A0A5S9QY66,6,PF02839
A0A5S9QZJ9,1,PF08329
A0A5S9QZJ9,3,PF22352
A0A5S9RA08,6,PF00553
A0A5S9RA08,8,PF00553
A0A5T2QA30,2,G3DSA:2.60.40.10
A0A5T2VLF1,2,G3DSA:2.60.40.10
A0A5T2YLL2,2,G3DSA:2.60.40.10
A0A5T3EJU1,2,G3DSA:2.60.40.10
A0A5T3N1P9,2,G3DSA:2.60.40.10
A0A5T3NFL1,2,G3DSA:2.60.40.10
A0A5T3RLS8,2,G3DSA:2.60.40.10
A0A5T5I6K1,2,G3DSA:2.60.40.10
A0A5T5P4X5,2,G3DSA:2.60.40.10
A0A5T5W8T5,2,G3DSA:2.60.40.10
A0A5T5ZJG8,2,G3DSA:2.60.40.10
A0A5T6CEP5,2,G3DSA:2.60.40.10
A0A5T6SKM8,2,G3DSA:2.60.40.10
A0A5T6U994,2,G3DSA:2.60.40.10
A0A5T8WQ57,2,G3DSA:2.60.40.10
A0A5T8ZXB8,2,G3DSA:2.60.40.10
A0A5T9GU75,2,G3DSA:2.60.40.10
A0A5T9RBZ4,2,G3DSA:2.60.40.10
A0A5U0P958,2,G3DSA:2.60.40.10
A0A5U0WQR5,2,G3DSA:2.60.40.10
A0A5U1F954,2,G3DSA:2.60.40.10
A0A5U1JB91,2,G3DSA:2.60.40.10
A0A5U1Q4S3,2,G3DSA:2.60.40.10
A0A5U1R1U0,2,G3DSA:2.60.40.10
A0A5U2D309,2,G3DSA:2.60.40.10
A0A5U2F4U2,2,G3DSA:2.60.40.10
A0A5U2H9I1,2,G3DSA:2.60.40.10
A0A5U2IS49,2,G3DSA:2.60.40.10
A0A5U2MAY0,2,G3DSA:2.60.40.10
A0A5U2NCX1,2,G3DSA:2.60.40.10
A0A5U2RM57,2,G3DSA:2.60.40.10
A0A5U2TF41,2,G3DSA:2.60.40.10
A0A5U3A941,2,G3DSA:2.60.40.10
A0A5U3CVR1,2,G3DSA:2.60.40.10
A0A5U3EK68,2,G3DSA:2.60.40.10
A0A5U3RBZ7,2,G3DSA:2.60.40.10
A0A5U3RUY6,2,G3DSA:2.60.40.10
A0A5U4IDG8,2,G3DSA:2.60.40.10
A0A5U4L8X0,2,G3DSA:2.60.40.10
A0A5U4SPW1,2,G3DSA:2.60.40.10
A0A5U4UGV3,2,G3DSA:2.60.40.10
A0A5U5BNG1,2,G3DSA:2.60.40.10
A0A5U5CAM2,2,G3DSA:2.60.40.10
A0A5U5X4M7,2,G3DSA:2.60.40.10
A0A5U6H7F6,2,G3DSA:2.60.40.10
A0A5U6NI43,2,G3DSA:2.60.40.10
A0A5U7LWQ6,2,G3DSA:2.60.40.10
A0A5U7QJ53,2,G3DSA:2.60.40.10
A0A5U8F8X4,2,G3DSA:2.60.40.10
A0A5U8XVY6,2,G3DSA:2.60.40.10
A0A5U9GRZ7,2,G3DSA:2.60.40.10
A0A5U9JLY5,2,G3DSA:2.60.40.10
A0A5U9PIV8,2,G3DSA:2.60.40.10
A0A5U9R218,2,G3DSA:2.60.40.10
A0A5V0BKG9,2,G3DSA:2.60.40.10
A0A5V0BKG9,3,SM00495
A0A5V0QDS1,2,G3DSA:2.60.40.10
A0A5V1MHK6,2,G3DSA:2.60.40.10
A0A5V1WSV0,2,G3DSA:2.60.40.10
A0A5V2QK02,2,G3DSA:2.60.40.10
A0A5V2QYF6,2,G3DSA:2.60.40.10
A0A5V2S8P5,2,G3DSA:2.60.40.10
A0A5V3CI23,2,G3DSA:2.60.40.10
A0A5V3MQ67,2,G3DSA:2.60.40.10
A0A5V5CVW7,2,G3DSA:2.60.40.10
A0A5V5FTK0,2,G3DSA:2.60.40.10
A0A5V5RT21,2,G3DSA:2.60.40.10
A0A5V6Q181,2,G3DSA:2.60.40.10
A0A5V7BXN6,2,G3DSA:2.60.40.10
A0A5V8FR45,2,G3DSA:2.60.40.10
A0A5V8Y3I6,2,G3DSA:2.60.40.10
A0A5V9GN19,2,G3DSA:2.60.40.10
A0A5W0HI87,2,G3DSA:2.60.40.10
A0A5W0X3K5,2,G3DSA:2.60.40.10
A0A5W1ER80,2,G3DSA:2.60.40.10
A0A5W1Z5C9,2,G3DSA:2.60.40.10
A0A5W2A8U8,2,G3DSA:2.60.40.10
A0A5W2LMS3,2,G3DSA:2.60.40.10
A0A5W3DXT3,2,G3DSA:2.60.40.10
A0A5W3FFZ7,2,G3DSA:2.60.40.10
A0A5W3GNN0,2,G3DSA:2.60.40.10
A0A5W4NUH4,2,G3DSA:2.60.40.10
A0A5W5H003,2,G3DSA:2.60.40.10
A0A5W5IAL4,2,G3DSA:2.60.40.10
A0A5W5KNJ5,2,G3DSA:2.60.40.10
A0A5W5RW49,2,G3DSA:2.60.40.10
A0A5W7QEV9,2,G3DSA:2.60.40.10
A0A5W7RSF1,2,G3DSA:2.60.40.10
A0A5W8CCZ8,2,G3DSA:2.60.40.10
A0A5W8FHL1,2,G3DSA:2.60.40.10
A0A5W8GA99,2,G3DSA:2.60.40.10
A0A5W8MAA4,2,G3DSA:2.60.40.10
A0A5W8X4A0,2,G3DSA:2.60.40.10
A0A5W9CJ53,2,G3DSA:2.60.40.10
A0A5W9F9F3,2,G3DSA:2.60.40.10
A0A5W9UBT3,2,G3DSA:2.60.40.10
A0A5X2USU0,2,G3DSA:2.60.40.10
A0A5X3G0I7,2,G3DSA:2.60.40.10
A0A5X3NYS0,2,G3DSA:2.60.40.10
A0A5X3R5I8,2,G3DSA:2.60.40.10
A0A5X4LPM8,2,G3DSA:2.60.40.10
A0A5X6ECU3,2,G3DSA:2.60.40.10
A0A5X7JYY8,2,G3DSA:2.60.40.10
A0A5X7WHL5,2,G3DSA:2.60.40.10
A0A5X8SV16,2,G3DSA:2.60.40.10
A0A5X8YJW3,2,G3DSA:2.60.40.10
A0A5X9FBI7,2,G3DSA:2.60.40.10
A0A5Y0WWG4,2,G3DSA:2.60.40.10
A0A5Y2DZP6,2,G3DSA:2.60.40.10
A0A5Y2KLL2,2,G3DSA:2.60.40.10
A0A5Y2LM14,2,G3DSA:2.60.40.10
A0A5Y2LM14,3,SM00495
A0A5Y2QDD1,2,G3DSA:2.60.40.10
A0A5Y2QLG3,2,G3DSA:2.60.40.10
A0A5Y2QLG3,3,SM00495
A0A5Y2S010,2,G3DSA:2.60.40.10
A0A5Y2T9X4,2,G3DSA:2.60.40.10
A0A5Y2YGV3,2,G3DSA:2.60.40.10
A0A5Y3L9N5,2,G3DSA:2.60.40.10
A0A5Y3URD2,2,G3DSA:2.60.40.10
A0A5Y3X5Q2,2,G3DSA:2.60.40.10
A0A5Y3ZZY2,2,G3DSA:2.60.40.10
A0A5Y4CGT7,2,G3DSA:2.60.40.10
A0A5Y4CVG2,2,G3DSA:2.60.40.10
A0A5Y4FMB6,2,G3DSA:2.60.40.10
A0A5Y4SGD9,2,G3DSA:2.60.40.10
A0A5Y4VBQ3,2,G3DSA:2.60.40.10
A0A5Y6G427,2,G3DSA:2.60.40.10
A0A5Y6M3Y6,2,G3DSA:2.60.40.10
A0A5Y7AFG4,2,G3DSA:2.60.40.10
A0A5Y7WIF4,2,G3DSA:2.60.40.10
A0A5Y8G6W8,2,G3DSA:2.60.40.10
A0A5Y8LHJ7,2,G3DSA:2.60.40.10
A0A5Y8MKX9,2,G3DSA:2.60.40.10
A0A5Y9Q0I9,2,G3DSA:2.60.40.10
A0A5Y9Q0I9,3,SM00495
A0A5Y9Y4S6,2,G3DSA:2.60.40.10
A0A5Z0MHD9,2,G3DSA:2.60.40.10
A0A5Z0QQQ8,2,G3DSA:2.60.40.10
A0A5Z0R200,2,G3DSA:2.60.40.10
A0A5Z2DKS4,2,G3DSA:2.60.40.10
A0A5Z3RS26,2,G3DSA:2.60.40.10
A0A5Z4B207,2,G3DSA:2.60.40.10
A0A5Z5F672,2,G3DSA:2.60.40.10
A0A5Z5VLC4,2,G3DSA:2.60.40.10
A0A5Z6P8V9,2,G3DSA:2.60.40.10
A0A5Z7HNK9,2,G3DSA:2.60.40.10
A0A5Z7MVJ1,2,G3DSA:2.60.40.10
A0A5Z7XN70,2,G3DSA:2.60.40.10
A0A602DNT1,2,G3DSA:2.60.40.10
A0A602Z7W9,2,G3DSA:2.60.40.10
A0A603BA65,2,G3DSA:2.60.40.10
A0A603BA65,3,SM00495
A0A603E024,2,G3DSA:2.60.40.10
A0A603KTI6,2,G3DSA:2.60.40.10
A0A603KTI6,3,SM00495
A0A603N656,2,G3DSA:2.60.40.10
A0A605R092,2,G3DSA:2.60.40.10
A0A608DBJ2,2,G3DSA:2.60.40.10
A0A608MPV0,2,G3DSA:2.60.40.10
A0A608SGD6,2,G3DSA:2.60.40.10
A0A609M1B1,2,G3DSA:2.60.40.10
A0A609W4J8,2,G3DSA:2.60.40.10
A0A610LSQ9,2,G3DSA:2.60.40.10
A0A611ENK6,2,G3DSA:2.60.40.10
A0A612JRB6,3,PF00041
A0A612JRB6,4,PF02839
A0A613JZY1,2,G3DSA:2.60.40.10
A0A616AIP2,2,G3DSA:2.60.40.10
A0A616MGL7,2,G3DSA:2.60.40.10
A0A617JJ51,2,G3DSA:2.60.40.10
A0A618TNU1,2,G3DSA:2.60.40.10
A0A619AAH1,2,G3DSA:2.60.40.10
A0A619UD54,2,G3DSA:2.60.40.10
A0A620VXM8,2,G3DSA:2.60.40.10
A0A621S5B8,2,G3DSA:2.60.40.10
A0A621X728,2,G3DSA:2.60.40.10
A0A622BH08,2,G3DSA:2.60.40.10
A0A622KPE7,2,G3DSA:2.60.40.10
A0A623H472,2,G3DSA:2.60.40.10
A0A623IAR7,2,G3DSA:2.60.40.10
A0A624B055,2,G3DSA:2.60.40.10
A0A624NM44,2,G3DSA:2.60.40.10
A0A624Z8U3,2,G3DSA:2.60.40.10
A0A625QEA1,2,G3DSA:2.60.40.10
A0A625WDB9,2,G3DSA:2.60.40.10
A0A625WDB9,3,SM00495
A0A626QYF8,2,G3DSA:2.60.40.10
A0A627EQ10,2,G3DSA:2.60.40.10
A0A627UE43,2,G3DSA:2.60.40.10
A0A628QV91,2,G3DSA:2.60.40.10
A0A628T963,2,G3DSA:2.60.40.10
A0A630V2A0,2,G3DSA:2.60.40.10
A0A632ERK8,2,G3DSA:2.60.40.10
A0A632GEV1,2,G3DSA:2.60.40.10
A0A632N0Z3,2,G3DSA:2.60.40.10
A0A632V7K1,2,G3DSA:2.60.40.10
A0A633DDI2,2,G3DSA:2.60.40.10
A0A633I5W8,2,G3DSA:2.60.40.10
A0A633Q298,2,G3DSA:2.60.40.10
A0A633SY13,2,G3DSA:2.60.40.10
A0A634N906,2,G3DSA:2.60.40.10
A0A634U4J4,2,G3DSA:2.60.40.10
A0A636CZB9,2,G3DSA:2.60.40.10
A0A636J1G3,2,G3DSA:2.60.40.10
A0A636KCS0,2,G3DSA:2.60.40.10
A0A636M5E6,2,G3DSA:2.60.40.10
A0A636P7L8,2,G3DSA:2.60.40.10
A0A636RYV5,2,G3DSA:2.60.40.10
A0A636VYA9,2,G3DSA:2.60.40.10
A0A637DLG3,2,G3DSA:2.60.40.10
A0A639W882,2,G3DSA:2.60.40.10
A0A640RZV8,1,PS51318
A0A640RZV8,2,PF02018
A0A640RZV8,3,PF00041
A0A640T9L6,1,PS51318
A0A641AHX4,2,SM00495
A0A641AHX4,3,SM00495
A0A642KXK1,1,PS51257
A0A642MFA2,1,PS51257
A0A643ISB6,2,PF00041
A0A643ISB6,3,PF02839
A0A643M6Z0,2,PF00041
A0A643M6Z0,3,PF00553
A0A643MKM9,3,PF00535
A0A646K9Q2,1,PF00553
A0A646K9Q2,2,PF00041
A0A646KJA9,1,PS51318
A0A646KJA9,3,PF02839
A0A646KPD6,1,PF02018
A0A646KPD6,2,PF00041
A0A646KQ51,1,PS51318
A0A646KQ51,2,PF02018
A0A646KQ51,3,PF00041
A0A646KTK0,1,PS51318
A0A646KTK0,3,SM00495
A0A650D483,1,PF08329
A0A650D4D3,2,SM00495
A0A650DF34,2,PF00041
A0A650DF34,3,PF00553
A0A651DKI0,1,PS51257
A0A652JWD5,1,PF00553
A0A652JWD5,2,PF00041
A0A652JWR3,1,PF00041
A0A652JX17,1,PF02018
A0A652JX17,2,PF00041
A0A652JXZ5,1,PS51318
A0A652JXZ5,2,PF02018
A0A652JXZ5,3,PF00041
A0A652KAV6,1,PF02018
A0A652KAV6,2,PF00041
A0A652KGC8,1,PF02018
A0A652KGC8,2,PF00041
A0A652KTR1,1,PF02018
A0A652KTR1,2,PF00041
A0A652KU88,1,PF00553
A0A652KU88,2,PF00041
A0A652KXQ7,1,PF02018
A0A652KXQ7,2,PF00041
A0A652KZ59,2,PF02839
A0A652L861,1,PS51318
A0A653ACK8,3,PF00535
A0A653L585,1,PF08329
A0A653L585,3,PF22352
A0A653L585,4,G3DSA:2.60.40.10
A0A653L585,5,PF02839
A0A653L585,6,PF02839
A0A653L5G7,1,SM00495
A0A653L5G7,2,PF17957
A0A653L5G7,3,PF17957
A0A653L5G7,5,SM00495
A0A653L5I7,1,PF08329
A0A653L5I7,3,PF22352
A0A653L5I7,4,G3DSA:2.60.40.10
A0A653L5I7,5,PF02839
A0A653L5I7,6,PF02839
A0A653LB60,2,PF02839
A0A653LB60,4,SM00495
A0A653RMQ4,1,PS51257
A0A653T0U3,2,PF00553
A0A653T0U3,3,PF00553
A0A653UXR1,4,PF17957
A0A653UXR1,6,PF17957
A0A653UXR1,7,PF17957
A0A653VNG5,2,PF00041
A0A653VNG5,3,PF00553
A0A653YHQ6,1,PF01476
A0A653YHQ6,2,PF01476
A0A654ABG1,2,SM00495
A0A654ABG1,3,PF02839
A0A654DPR1,3,PF00535
A0A654DYZ7,2,PF17957
A0A654DYZ7,3,PF17957
A0A654DYZ7,4,SM00495
A0A654DYZ7,5,PF17957
A0A654DYZ7,6,PF17957
A0A654DYZ7,8,PF17957
A0A654DYZ7,9,PF02839
A0A654E7J8,1,PF02839
A0A654E7J8,2,PF17957
A0A654E7J8,3,PF17957
A0A654E7J8,4,SM00495
A0A654E7J8,5,PF17957
A0A655DG41,2,G3DSA:2.60.40.10
A0A655NW49,1,G3DSA:2.60.40.10
A0A655NW49,2,PF17957
A0A655V237,1,G3DSA:2.60.40.10
A0A655V237,2,PF17957
A0A655VGD3,1,PS51257
A0A655VGD3,2,PF02839
A0A655VGD3,3,PF17957
A0A655VGD3,4,PF17957
A0A655ZCM6,1,PF08329
A0A655ZCM6,3,PF22352
A0A655ZCM6,6,PF02839
A0A656D7Q3,1,PS51257
A0A656IEX5,2,G3DSA:2.60.40.10
A0A656JLY6,2,PF00041
A0A656JLY6,3,PF02839
A0A656VGV7,2,PF00041
A0A656VGV7,3,PF02839
A0A656VLW2,1,PF08329
A0A656VP00,2,SM00495
A0A656Y2L4,1,PS51318
A0A656Y2L4,2,PF00553
A0A657FLE0,2,G3DSA:2.60.40.10
A0A657H5U3,2,G3DSA:2.60.40.10
A0A657HWE6,2,G3DSA:2.60.40.10
A0A658B2N9,2,G3DSA:2.60.40.10
A0A658IPU5,2,G3DSA:2.60.40.10
A0A659MB60,2,G3DSA:2.60.40.10
A0A659MH82,2,G3DSA:2.60.40.10
A0A659NDQ6,2,G3DSA:2.60.40.10
A0A659PSR6,2,G3DSA:2.60.40.10
A0A659QYJ8,2,G3DSA:2.60.40.10
A0A659RVG8,2,G3DSA:2.60.40.10
A0A660JUK8,3,PF00041
A0A660JUK8,4,PF02839
A0A660SKS8,2,G3DSA:2.60.40.10
A0A660ZH31,2,G3DSA:2.60.40.10
A0A661A2I7,2,PF08239
A0A661A2I7,3,PF08239
A0A661AHL8,2,PF08239
A0A661ANQ5,2,PF08239
A0A661ANQ5,3,PF08239
A0A661ARC3,2,PF08239
A0A661WXV2,2,G3DSA:2.60.40.10
A0A661Z773,4,PF00041
A0A662LJ77,5,G3DSA:2.60.40.10
A0A662MNC5,5,G3DSA:2.60.40.10
A0A662MNC5,9,G3DSA:2.60.40.10
A0A662MNC5,10,G3DSA:2.60.40.10
A0A662MYP8,5,G3DSA:2.60.40.10
A0A679FN14,1,PF01476
A0A679FN14,2,PF01476
A0A679FN14,3,PF01476
A0A679FNM8,1,PF01476
A0A679FNM8,2,PF01476
A0A679FPH5,1,PF01476
A0A679FPH5,2,PF01476
A0A6A1XPQ2,1,PS51257
A0A6A2GFZ0,1,PS51257
A0A6A7KCZ4,1,PF01476
A0A6A7M5U1,1,PF00553
A0A6A7M5U1,2,PF00553
A0A6A7M5U1,9,PF00553
A0A6A7M5U1,10,PF00041
A0A6A7N301,1,PS51257
A0A6A7N4K1,1,PS51257
A0A6A7N4K1,2,PF02839
A0A6A7N518,1,PS51257
A0A6A7N518,2,PF02839
A0A6A8D7J2,1,PF07833
A0A6A8D7J2,2,PF08239
A0A6A8DHH4,1,PF01476
A0A6A8DHH4,2,PF01476
A0A6A8LCW8,1,PF01476
A0A6A8LCW8,2,PF01476
A0A6A8LN89,1,PF01476
A0A6A8LN89,2,PF01476
A0A6A8Q706,1,PS51257
A0A6A8Q7W6,1,PS51257
A0A6A9JT60,2,PF00041
A0A6A9JT60,3,PF02839
A0A6A9WQK4,1,PF08329
A0A6A9WQK4,3,PF22352
A0A6A9WQK4,6,PF02839
A0A6B0JU72,2,PF00041
A0A6B0JU72,3,PF02839
A0A6B0JU72,4,PF02839
A0A6B1KNW7,1,PS51318
A0A6B1KNW7,2,PF02018
A0A6B1KNW7,3,PF00041
A0A6B1KUU1,1,PF00553
A0A6B1KUU1,2,PF00041
A0A6B1YI47,2,PF00041
A0A6B1YI47,3,PF02839
A0A6B2BDC7,2,PF00041
A0A6B2BDC7,3,PF02839
A0A6B2DAB1,1,PF00553
A0A6B2DAB1,2,PF00041
A0A6B2DIL6,1,PF00553
A0A6B2DJ24,2,PF02839
A0A6B2DJN7,1,PF00553
A0A6B2DSZ2,1,PS51318
A0A6B2DU15,1,PF02018
A0A6B2DU15,2,PF00041
A0A6B2E0F1,1,PF02018
A0A6B2E205,2,PF02018
A0A6B2FPW7,2,PF00041
A0A6B2FPW7,3,PF02839
A0A6B2JC61,1,PF02839
A0A6B2JC61,2,PF02839
A0A6B2JKU0,2,PF00041
A0A6B2JKU0,3,PF02839
A0A6B2JKU0,4,PF02839
A0A6B2S5K0,1,PF00553
A0A6B2SFT1,1,PF02018
A0A6B2SFT1,2,PF00041
A0A6B2SRW7,1,PF00553
A0A6B2SRW7,2,PF00041
A0A6B2SXG8,1,PF00553
A0A6B2SXG8,2,PF00041
A0A6B2SYZ5,1,PF00553
A0A6B2SYZ5,2,PF00041
A0A6B2T2N8,1,PS51257
A0A6B2T4B7,2,PF02839
A0A6B2T6V1,1,PS51257
A0A6B2T6V4,1,PF00553
A0A6B2T6V4,2,PF00041
A0A6B2TIQ3,1,PF02018
A0A6B2TIQ3,2,PF00041
A0A6B2TPA5,2,PF02839
A0A6B2UDX3,1,PF00553
A0A6B2UDX3,2,PF00041
A0A6B2UM92,1,PF02018
A0A6B2UM92,2,PF00041
A0A6B2UQQ7,1,PF02018
A0A6B2UQQ7,2,PF00041
A0A6B2US03,2,PF02839
A0A6B2V779,1,PS51318
A0A6B2V779,2,PF02018
A0A6B2V779,3,PF00041
A0A6B2VB02,1,PS51318
A0A6B2VC32,1,PS51257
A0A6B2VC32,2,PF02018
A0A6B2VC32,3,PF00041
A0A6B2VCN8,1,PF00553
A0A6B2VCN8,2,PF00041
A0A6B2VDQ8,1,PF00553
A0A6B2VDQ8,2,PF00041
A0A6B2VIQ1,2,PF02839
A0A6B2VKF1,1,PF00553
A0A6B2X190,1,PS51318
A0A6B2X190,2,PF02018
A0A6B2X190,3,PF00041
A0A6B2XB14,1,PF02018
A0A6B2XB14,2,PF00041
A0A6B2XGB4,1,PF02018
A0A6B2XGB4,2,PF00041
A0A6B2XIZ5,1,PF00553
A0A6B2XIZ5,2,PF00041
A0A6B2XL60,1,PF00553
A0A6B2YV65,1,PF00553
A0A6B2Z225,1,PF00553
A0A6B2Z225,2,PF00041
A0A6B2Z8P0,1,PS51318
A0A6B2Z8P0,3,PF02839
A0A6B2Z8S9,1,PF02018
A0A6B2Z8S9,2,PF00041
A0A6B2ZBE6,1,PF02018
A0A6B2ZBE6,2,PF00041
A0A6B3AFV9,1,PS51318
A0A6B3AJE2,2,PF02839
A0A6B3AR23,1,PF00553
A0A6B3AR23,2,PF00041
A0A6B3AXN6,1,PF02018
A0A6B3AXN6,2,PF00041
A0A6B3B042,1,PF00553
A0A6B3B042,2,PF00041
A0A6B3B1X8,1,PS51318
A0A6B3B1X8,2,PF02018
A0A6B3B1X8,3,PF00041
A0A6B3B4Y0,2,PF02839
A0A6B3B856,1,PF02018
A0A6B3B919,2,SM00495
A0A6B3BBY5,1,PS51318
A0A6B3BBY5,2,PF00553
A0A6B3BBY5,3,PF00041
A0A6B3BDX3,1,PF02018
A0A6B3BDX3,2,PF00041
A0A6B3BE38,2,G3DSA:2.60.40.10
A0A6B3BE38,3,PF02018
A0A6B3BLF9,1,PF02018
A0A6B3BLF9,2,PF00041
A0A6B3BSP3,1,PF00553
A0A6B3BSP3,2,PF00041
A0A6B3CCZ3,1,PS51318
A0A6B3CCZ3,3,SM00495
A0A6B3CT77,1,PF00553
A0A6B3CT77,2,PF00041
A0A6B3CU48,1,PF00553
A0A6B3CU48,2,PF00041
A0A6B3D1C3,1,PF02018
A0A6B3D1C3,2,PF00041
A0A6B3D2T8,1,PF02018
A0A6B3D2T8,2,PF00041
A0A6B3D594,1,PF00553
A0A6B3D594,2,PF00041
A0A6B3DTR0,1,PS51318
A0A6B3DUB1,1,PS51257
A0A6B3DUB1,2,PF02018
A0A6B3DUB1,3,PF00041
A0A6B3DUT4,1,PF00553
A0A6B3DZ78,1,PS51318
A0A6B3DZ78,2,PF02018
A0A6B3DZ78,3,PF00041
A0A6B3E0U1,1,PF00553
A0A6B3E0U1,2,PF00041
A0A6B3E0X0,1,PF00553
A0A6B3E0X0,2,PF00041
A0A6B3E9T1,2,PF02839
A0A6B3EEN9,1,PF00553
A0A6B3EI14,2,PF02018
A0A6B3ESV8,1,PF02018
A0A6B3ESV8,2,PF00041
A0A6B3FAH2,1,PF02018
A0A6B3FAH2,2,PF00041
A0A6B3FCA8,1,PF00553
A0A6B3FCA8,2,PF00041
A0A6B3FFP9,1,PS51318
A0A6B3FFP9,2,PF00553
A0A6B3FFP9,3,PF00041
A0A6B3G909,1,PF00041
A0A6B3GPL3,1,PS51318
A0A6B3GPL3,2,PF00553
A0A6B3GPL3,3,PF00041
A0A6B3H5M0,1,PF00553
A0A6B3H5M0,2,PF00041
A0A6B3HAU1,1,PS51318
A0A6B3I1G6,1,PS51318
A0A6B3I1G6,2,PF00553
A0A6B3I1G6,3,PF00041
A0A6B3IEF1,1,PF00553
A0A6B3IEF1,2,PF00041
A0A6B3L634,1,PF01476
A0A6B3L634,2,PF01476
A0A6B3LAK6,1,PS51257
A0A6B3LAK6,2,PF02839
A0A6B3LAK6,3,PF17957
A0A6B3LAK6,4,PF17957
A0A6B3LAK6,7,SM00495
A0A6B3LCD0,1,SM00495
A0A6B3LCD0,2,PF17957
A0A6B3LCD0,4,PF17957
A0A6B3LCD0,5,SM00495
A0A6B3LCD0,6,PF17957
A0A6B3LCD0,7,PF17957
A0A6B3LIE6,1,PF17957
A0A6B3LIE6,2,PF17957
A0A6B3QET6,1,PF00553
A0A6B3QI38,1,PF00553
A0A6B3QI38,2,PF00041
A0A6B3QJ39,1,PF02018
A0A6B3QJ39,2,PF00041
A0A6B3QT07,1,PS51318
A0A6B3QT07,3,PF02839
A0A6B3QUB4,1,PF00553
A0A6B3QUB4,2,PF00041
A0A6B3QZ24,3,PF02839
A0A6B3R4S7,1,PS51318
A0A6B3R4S7,2,PF02018
A0A6B3R4S7,3,PF00041
A0A6B3RWM5,2,G3DSA:2.60.40.10
A0A6B3RWM5,3,PF02839
A0A6B3TV55,1,PF01476
A0A6B3TV55,2,PF01476
A0A6B3TW54,1,PF01476
A0A6B3TW54,2,PF01476
A0A6B3UU21,1,PS51257
A0A6B3VXP9,1,PF07833
A0A6B3VZ71,1,PF01476
A0A6B3VZ71,2,PF01476
A0A6B3ZYH8,2,G3DSA:2.60.40.10
A0A6B3ZYH8,3,G3DSA:2.60.40.10
A0A6B3ZYH8,4,PF08329
A0A6B4CYN0,2,PF02839
A0A6B4CYN0,3,PF02839
A0A6B4FZZ9,2,G3DSA:2.60.40.10
A0A6B4FZZ9,3,PF02839
A0A6B4G466,1,PF01476
A0A6B4G466,2,PF01476
A0A6B4G466,3,PF08239
A0A6B4GYV2,2,G3DSA:2.60.40.10
A0A6B4GYV2,3,G3DSA:2.60.40.10
A0A6B4GYV2,4,PF08329
A0A6B4JTY4,2,PF02839
A0A6B4JTY4,3,PF02839
A0A6B4JU44,2,G3DSA:2.60.40.10
A0A6B4JU44,3,PF02839
A0A6B4U8I5,1,PF01476
A0A6B4U8I5,2,PF01476
A0A6B4U8I5,3,PF08239
A0A6B8HBS4,1,SM00495
A0A6B8HBS4,2,PF17957
A0A6B8HBS4,3,PF00041
A0A6B8MUI8,2,G3DSA:2.60.40.10
A0A6B8RDK4,1,PF07833
A0A6B8RDK4,2,PF08239
A0A6B8RER0,1,PF00395
A0A6B8RER0,2,PF00395
A0A6B8RER0,3,PF00395
A0A6B8RFI5,2,PF00395
A0A6B8RFI5,3,PF00395
A0A6B8RFI5,4,PF00395
A0A6B8RFT8,1,PF01476
A0A6B8RFT8,2,PF01476
A0A6B8RSC9,4,PF00395
A0A6B8RSC9,5,PF00395
A0A6B9G636,2,PF22352
A0A6B9G636,3,PF22352
A0A6B9G723,2,PF00041
A0A6B9G723,3,SM00495
A0A6B9G9G1,2,SM00495
A0A6B9J875,2,PF00041
A0A6B9J875,3,PF00553
A0A6B9YGG6,2,PF08239
A0A6B9YHH6,1,PF01476
A0A6B9YHH6,2,PF01476
A0A6B9Z0F1,3,PF00535
A0A6B9ZKN8,2,PF17957
A0A6B9ZKN8,4,PF17957
A0A6B9ZKN8,5,PF02839
A0A6B9ZKN8,6,PF17957
A0A6B9ZKN8,7,SM00495
A0A6C0FRX0,1,PS51318
A0A6C0FRX0,2,PF00553
A0A6C0FSS8,1,PF01476
A0A6C0FSS8,2,PF01476
A0A6C0FWC3,1,PF07833
A0A6C0G0P1,1,PF00395
A0A6C0G0P1,2,PF00395
A0A6C0G0P1,3,PF00395
A0A6C0G748,1,PF07833
A0A6C0P0B3,1,PF01476
A0A6C0P0B3,2,PF01476
A0A6C0P3N8,1,PF07833
A0A6C0P8B2,1,PF00395
A0A6C0P8B2,2,PF00395
A0A6C0P8B2,3,PF00395
A0A6C0P8S6,1,PF07833
A0A6C0Q872,1,PF00553
A0A6C0Q872,2,PF00041
A0A6C0Q8D5,1,PF02018
A0A6C0Q8D5,2,PF00041
A0A6C0Q9K1,1,PF02018
A0A6C0Q9K1,2,PF00041
A0A6C0QNS3,2,PF02839
A0A6C0QXD3,1,PF07833
A0A6C0REU4,1,PS51257
A0A6C0UFT4,1,PS51318
A0A6C0UFT4,2,PF02839
A0A6C0UJ36,1,PS51318
A0A6C0UJ36,2,PF02839
A0A6C1KAT3,1,SM00495
A0A6C1KAT3,2,PF00041
A0A6C6YX89,2,G3DSA:2.60.40.10
A0A6C6ZPK4,2,G3DSA:2.60.40.10
A0A6C6ZUM1,2,G3DSA:2.60.40.10
A0A6C7AIL0,2,G3DSA:2.60.40.10
A0A6C7C9E8,2,G3DSA:2.60.40.10
A0A6C7DH45,2,G3DSA:2.60.40.10
A0A6C7DH45,3,SM00495
A0A6C7HLM2,2,G3DSA:2.60.40.10
A0A6C7I6D3,2,G3DSA:2.60.40.10
A0A6C8F6X9,2,G3DSA:2.60.40.10
A0A6C8GCE6,2,G3DSA:2.60.40.10
A0A6C8GSV8,2,G3DSA:2.60.40.10
A0A6C8HAH8,2,G3DSA:2.60.40.10
A0A6C8LVC0,2,G3DSA:2.60.40.10
A0A6D0CEU3,1,SM00495
A0A6D0CEU3,2,SM00495
A0A6D0CEU3,3,SM00495
A0A6D0CEU3,4,SM00495
A0A6D0CEU3,5,SM00495
A0A6D0CEU3,6,PF02839
A0A6D0CEU3,7,SM00495
A0A6D0G0P9,1,SM00495
A0A6D0G0P9,2,SM00495
A0A6D0G0P9,3,SM00495
A0A6D0G0P9,4,SM00495
A0A6D0G0P9,5,SM00495
A0A6D0G0P9,6,PF02839
A0A6D0G0P9,7,SM00495
A0A6D0I7V2,1,SM00495
A0A6D0I7V2,2,SM00495
A0A6D0I7V2,3,SM00495
A0A6D0I7V2,4,SM00495
A0A6D0I7V2,5,SM00495
A0A6D0I7V2,6,PF02839
A0A6D0I7V2,7,SM00495
A0A6D0V4H8,1,SM00495
A0A6D0V4H8,2,SM00495
A0A6D0V4H8,3,SM00495
A0A6D0V4H8,4,SM00495
A0A6D0V4H8,5,SM00495
A0A6D0V4H8,6,PF02839
A0A6D0V4H8,7,SM00495
A0A6D1JIA4,2,G3DSA:2.60.40.10
A0A6D2GD35,2,G3DSA:2.60.40.10
A0A6F8TLY9,1,PF01476
A0A6F8TLY9,2,PF01476
A0A6F8TPT0,1,PF01476
A0A6F8TPT0,2,PF01476
A0A6F8TPT0,3,PF01476
A0A6F8Y033,1,PF00553
A0A6F8Y033,2,PF00041
A0A6F8Y6L2,1,PF00553
A0A6F8Y6L2,2,PF00041
A0A6F8Y6M4,1,PS51318
A0A6F8Y6M4,2,PF00553
A0A6F8Y6W7,1,PF00553
A0A6F8YD41,1,PF00553
A0A6F8YLX8,1,PF00553
A0A6F8YLX8,2,PF00041
A0A6F8YM13,1,PF00553
A0A6F8YMG3,1,PF00553
A0A6F8YYN5,1,PF02839
A0A6F8ZFP5,1,PS51257
A0A6F8ZK81,1,PS51318
A0A6F9EEH1,2,PF00395
A0A6F9EEH1,3,PF00395
A0A6F9EEH1,4,PF00395
A0A6G0F4X4,1,PS51318
A0A6G0F8J1,1,PF00553
A0A6G0FD78,1,PF02018
A0A6G0FD78,2,PF00041
A0A6G0FDZ9,1,PF00553
A0A6G0FDZ9,2,PF00041
A0A6G0FEP9,1,PF02018
A0A6G0FEP9,2,PF00041
A0A6G0FGS2,1,PS51318
A0A6G0FGS2,2,PF02018
A0A6G0FGS2,3,PF00041
A0A6G1X2G5,2,PF01476
A0A6G1X676,1,PF01476
A0A6G1X676,2,PF01476
A0A6G1X676,3,PF01476
A0A6G1X9A6,2,PF01476
A0A6G1XAJ9,1,PF01476
A0A6G1XAJ9,2,PF01476
A0A6G2BER9,1,PF02018
A0A6G2BER9,2,PF00041
A0A6G2BFI3,1,PF00553
A0A6G2BFI3,2,PF00041
A0A6G2I5N7,1,PF00553
A0A6G2I9M1,1,PF00553
A0A6G2I9M1,2,PF00041
A0A6G2IAW9,1,PF02018
A0A6G2IAW9,2,PF00041
A0A6G2IBV0,1,PS51318
A0A6G2IBV0,2,PF02018
A0A6G2IBV0,3,PF00041
A0A6G2IGI9,1,PF02018
A0A6G2IGI9,2,PF00041
A0A6G2IJJ9,1,PF00553
A0A6G2IJJ9,2,PF00041
A0A6G2PVW9,1,PF02018
A0A6G2PVW9,2,PF00041
A0A6G2PZQ7,1,PF00553
A0A6G2PZQ7,2,PF00041
A0A6G2Q6Z6,2,PF02018
A0A6G2Q9L6,1,PS51318
A0A6G2Q9L6,3,PF02018
A0A6G2QAV0,1,PS51318
A0A6G2QAV0,2,PF02018
A0A6G2QAV0,3,PF00041
A0A6G2QHA4,1,PF02018
A0A6G2QHA4,2,PF00041
A0A6G2QIU9,1,PF00553
A0A6G2QL88,1,PS51318
A0A6G2QSM9,1,PS51318
A0A6G2QSM9,2,PF02018
A0A6G2QSM9,3,PF00041
A0A6G2QYZ7,1,PF00553
A0A6G2QYZ7,2,PF00041
A0A6G2RQY0,1,PS51318
A0A6G2RQY0,3,G3DSA:2.60.40.10
A0A6G2RQY0,4,PF02839
A0A6G2RX84,1,PS51318
A0A6G2TTF4,1,PS51318
A0A6G2U1F4,1,PS51318
A0A6G2U1F4,3,PF02018
A0A6G2U9K2,1,PS51318
A0A6G2UX24,1,PF02018
A0A6G2UX24,2,PF00041
A0A6G2UYD9,2,PF02839
A0A6G2V2V2,2,PF02839
A0A6G2V4B4,1,PS51318
A0A6G2V7T8,1,PF00553
A0A6G2VBP4,1,PF02018
A0A6G2VBP4,2,PF00041
A0A6G2VCE2,1,PF00553
A0A6G2VCE2,2,PF00041
A0A6G2VCV2,2,G3DSA:2.60.40.10
A0A6G2VCV2,3,PF02018
A0A6G2VF52,1,PF00553
A0A6G2VF52,2,PF00041
A0A6G2VJU5,1,PF00553
A0A6G2VJU5,2,PF00041
A0A6G2VPB8,1,PS51318
A0A6G2VPB8,3,G3DSA:2.60.40.10
A0A6G2VPB8,4,PF02839
A0A6G2VR35,1,PF02018
A0A6G2VR35,2,PF00041
A0A6G2VUM0,1,PS51318
A0A6G2VUM0,2,PF02018
A0A6G2VUM0,3,PF00041
A0A6G2VYP2,1,PF00553
A0A6G2XD40,2,PF02839
A0A6G2XD85,1,PF00553
A0A6G2XI70,1,PS51257
A0A6G2XI70,2,PF02018
A0A6G2XI70,3,PF00041
A0A6G2XJU5,1,PS51318
A0A6G2XJU5,2,PF02018
A0A6G2XJU5,3,PF00041
A0A6G2XL22,1,PF00553
A0A6G2XL22,2,PF00041
A0A6G2XME9,1,PF00553
A0A6G2XME9,2,PF00041
A0A6G2XNQ8,1,PS51318
A0A6G3B8W5,1,PF02018
A0A6G3B8W5,2,PF00041
A0A6G3B995,1,PF00553
A0A6G3B995,2,PF00041
A0A6G3BA91,1,PF02018
A0A6G3BA91,2,PF00041
A0A6G3BG92,1,PF00553
A0A6G3BG92,2,PF00041
A0A6G3BI10,1,PF00553
A0A6G3BL74,1,PS51318
A0A6G3C9D1,1,PF02018
A0A6G3C9D1,2,PF00041
A0A6G3CC83,1,PF00553
A0A6G3CC83,2,PF00041
A0A6G3CJJ0,1,PF02018
A0A6G3CJJ0,2,PF00041
A0A6G3CP17,1,PF00553
A0A6G3CP17,2,PF00041
A0A6G3CSL7,1,PS51318
A0A6G3CTF5,1,PF02018
A0A6G3CTF5,2,PF00041
A0A6G3CZM3,1,PF00553
A0A6G3CZM3,2,PF00041
A0A6G3D359,3,PF02839
A0A6G3D3A7,1,PF00553
A0A6G3D3A7,2,PF00041
A0A6G3D5P6,1,PF00553
A0A6G3D5P6,2,PF00041
A0A6G3D8I6,3,PF02839
A0A6G3DDI6,1,PF00553
A0A6G3DDI6,2,PF00041
A0A6G3DEC4,1,PS51318
A0A6G3DEC4,3,PF02839
A0A6G3DGI9,1,PS51318
A0A6G3DGI9,2,PF02018
A0A6G3DGI9,3,PF00041
A0A6G3DJA0,1,PF02018
A0A6G3DJA0,2,PF00041
A0A6G3PQ01,1,PS51318
A0A6G3PQ01,3,PF02839
A0A6G3PQ38,1,PF00553
A0A6G3PQ38,2,PF00041
A0A6G3PRU9,1,PF00553
A0A6G3PRU9,2,PF00041
A0A6G3PU28,1,PF02018
A0A6G3PU28,2,PF00041
A0A6G3PXH8,1,PF02018
A0A6G3PXH8,2,PF00041
A0A6G3Q7C0,1,PF00553
A0A6G3Q7C0,2,PF00041
A0A6G3QMT2,2,PF02839
A0A6G3QQD0,1,PF02018
A0A6G3QQD0,2,PF00041
A0A6G3QQI2,1,PS51318
A0A6G3QT23,1,PS51318
A0A6G3QT23,2,PF02018
A0A6G3QT23,3,PF00041
A0A6G3QUW9,1,PF00553
A0A6G3QUW9,2,PF00041
A0A6G3RE90,1,PF00553
A0A6G3RE90,2,PF00041
A0A6G3RFN6,1,PF02018
A0A6G3RFN6,2,PF00041
A0A6G3RI99,1,PS51257
A0A6G3RIX6,2,PF02839
A0A6G3RSS9,1,PF00553
A0A6G3RSS9,2,PF00041
A0A6G3RVG7,2,PF02839
A0A6G3S2T7,1,PF00553
A0A6G3S2T7,2,PF00041
A0A6G3S580,1,PS51318
A0A6G3S711,1,PF00553
A0A6G3S932,1,PS51318
A0A6G3S932,2,PF02018
A0A6G3S932,3,PF00041
A0A6G3SCI6,1,PS51318
A0A6G3SCI6,2,PF02018
A0A6G3SCI6,3,PF00041
A0A6G3SQA0,1,PF00553
A0A6G3SQA0,2,PF00041
A0A6G3SRA1,1,PS51318
A0A6G3SRA1,3,PF02839
A0A6G3T0I6,1,PF02018
A0A6G3T0I6,2,PF00041
A0A6G3T4G3,1,PF02018
A0A6G3T4G3,2,PF00041
A0A6G3T8I7,1,PS51318
A0A6G3T8I7,2,PF02018
A0A6G3T8I7,3,PF00041
A0A6G3TAQ9,1,PS51318
A0A6G3TBW4,1,PS51318
A0A6G3TBW4,3,PF02839
A0A6G3TD42,3,PF02839
A0A6G3TF20,1,PF00553
A0A6G3TF20,2,PF00041
A0A6G3TH76,1,PF00553
A0A6G3TQQ8,1,PF00553
A0A6G3TQQ8,2,PF00041
A0A6G3TT94,1,PF02018
A0A6G3TT94,2,PF00041
A0A6G3TUA0,2,PF02839
A0A6G3TX21,1,PF02018
A0A6G3TX21,2,PF00041
A0A6G3TZB8,1,PS51318
A0A6G3TZB8,2,PF02018
A0A6G3TZB8,3,PF00041
A0A6G3U428,1,PF00553
A0A6G3U428,2,PF00041
A0A6G3UA01,1,PS51318
A0A6G3UDD4,1,PF02018
A0A6G3UDK9,1,PS51318
A0A6G3UDK9,2,PF02018
A0A6G3UDK9,3,PF00041
A0A6G3UES2,1,PF00553
A0A6G3UH10,1,PF02018
A0A6G3UH10,2,PF00041
A0A6G3UI51,1,PF00553
A0A6G3UI51,2,PF00041
A0A6G3UJC2,2,PF02839
A0A6G3UKV3,1,PF00553
A0A6G3UKV3,2,PF00041
A0A6G3ULP9,2,PF02018
A0A6G3UR88,2,PF02839
A0A6G3WPW5,1,PS51318
A0A6G3X2K8,1,PF00553
A0A6G3X2K8,2,PF00041
A0A6G3XXY6,1,PS51318
A0A6G3XXY6,2,PF02018
A0A6G3XXY6,3,PF00041
A0A6G3ZWD7,1,PF02839
A0A6G3ZWD7,2,PF00041
A0A6G3ZYF9,1,PF02839
A0A6G3ZYF9,2,PF00041
A0A6G3ZYF9,3,PF00041
A0A6G3ZZ40,2,PF00041
A0A6G3ZZ40,3,PF02839
A0A6G4A0K5,2,PF00395
A0A6G4A0K5,3,PF00395
A0A6G4A0K5,4,PF00395
A0A6G4A192,1,G3DSA:2.60.40.10
A0A6G4A192,2,PF00041
A0A6G4A1J0,1,PF02839
A0A6G4A1J0,2,PF00041
A0A6G4A1J0,3,PF00041
A0A6G4A2B0,1,PF01476
A0A6G4A2B0,2,PF01476
A0A6G4A4B8,1,PF02839
A0A6G4A4B8,2,PF00041
A0A6G4A4B8,3,PF02839
A0A6G4A4B8,4,SM00495
A0A6G4A4C5,1,PF07833
A0A6G4A4C5,2,PF08239
A0A6G4A8V8,1,PS51318
A0A6G4AGF4,1,PF02018
A0A6G4AGF4,2,PF00041
A0A6G4AR73,1,PS51318
A0A6G4CMV1,2,PF02839
A0A6G4ECL3,2,G3DSA:2.60.40.10
A0A6G4ECL3,3,PF02839
A0A6G4ECU4,2,PF02839
A0A6G4EID6,2,G3DSA:2.60.40.10
A0A6G4EID6,3,G3DSA:2.60.40.10
A0A6G4EID6,4,PF08329
A0A6G4EJ77,1,PF01476
A0A6G4EJ77,2,PF01476
A0A6G4EJ77,3,PF08239
A0A6G4HQT1,2,G3DSA:2.60.40.10
A0A6G4HQT1,3,PF02839
A0A6G4HSV1,2,G3DSA:2.60.40.10
A0A6G4HSV1,3,G3DSA:2.60.40.10
A0A6G4HSV1,4,PF08329
A0A6G4MI42,1,PF08329
A0A6G4MI42,3,PF22352
A0A6G4MI42,5,PF02839
A0A6G4MI42,6,PF02839
A0A6G4R5E3,3,PF00535
A0A6G4U489,1,PS51318
A0A6G4U489,2,PF00553
A0A6G4U489,3,PF00041
A0A6G4VL97,1,PF00553
A0A6G4WQ63,1,PF00553
A0A6G4WQ63,2,PF00041
A0A6G4WZG0,1,PF00553
A0A6G4WZG0,2,PF00041
A0A6G4XAU8,1,PF02018
A0A6G4XAU8,2,PF00041
A0A6G4XGB9,1,PF00553
A0A6G4XGB9,2,PF00041
A0A6G4XMH8,1,PF02018
A0A6G4XMH8,2,PF00041
A0A6G4XUW1,1,PF00553
A0A6G5RIT8,1,PF02018
A0A6G5RIT8,2,PF00041
A0A6G5RJF7,1,PF00553
A0A6G5RJF7,2,PF00041
A0A6G6FTE5,1,SM00495
A0A6G6FTE5,2,SM00495
A0A6G6FTE5,3,PF02839
A0A6G6FTE5,4,SM00495
A0A6G6FTF9,1,SM00495
A0A6G6FTF9,2,SM00495
A0A6G6FTF9,3,PF02839
A0A6G6FTF9,4,SM00495
A0A6G6FTH0,1,SM00495
A0A6G6FTH0,2,SM00495
A0A6G6FTH0,3,PF02839
A0A6G6FTH0,4,SM00495
A0A6G6FTH4,1,SM00495
A0A6G6FTH4,2,SM00495
A0A6G6FTH4,3,PF02839
A0A6G6FTH4,4,SM00495
A0A6G6FTH6,1,SM00495
A0A6G6FTH6,2,SM00495
A0A6G6FTH6,3,PF02839
A0A6G6FTH6,4,SM00495
A0A6G6FTI5,1,SM00495
A0A6G6FTI5,2,SM00495
A0A6G6FTI5,3,PF02839
A0A6G6FTI5,4,SM00495
A0A6G6FTI7,1,SM00495
A0A6G6FTI7,2,SM00495
A0A6G6FTI7,3,SM00495
A0A6G6FTI7,4,SM00495
A0A6G6FTI7,5,SM00495
A0A6G6FTI7,6,PF02839
A0A6G6FTI7,7,SM00495
A0A6G6FTJ2,1,SM00495
A0A6G6FTJ2,2,SM00495
A0A6G6FTJ2,3,PF02839
A0A6G6FTJ2,4,SM00495
A0A6G6FTK4,1,SM00495
A0A6G6FTK4,2,SM00495
A0A6G6FTK4,3,PF02839
A0A6G6FTK4,4,SM00495
A0A6G6FTL8,1,SM00495
A0A6G6FTL8,2,SM00495
A0A6G6FTL8,3,PF02839
A0A6G6FTL8,4,SM00495
A0A6G6FTM7,1,SM00495
A0A6G6FTM7,2,SM00495
A0A6G6FTM7,3,PF02839
A0A6G6FTM7,4,SM00495
A0A6G6FTN6,1,SM00495
A0A6G6FTN6,2,SM00495
A0A6G6FTN6,3,PF02839
A0A6G6FTN6,4,SM00495
A0A6G6FTN7,1,SM00495
A0A6G6FTN7,2,SM00495
A0A6G6FTN7,3,PF02839
A0A6G6FTN7,4,SM00495
A0A6G6FTN8,1,SM00495
A0A6G6FTN8,2,SM00495
A0A6G6FTN8,3,PF02839
A0A6G6FTN8,4,SM00495
A0A6G6FTP9,1,SM00495
A0A6G6FTP9,2,SM00495
A0A6G6FTP9,3,SM00495
A0A6G6FTP9,4,SM00495
A0A6G6FTP9,5,SM00495
A0A6G6FTP9,6,PF02839
A0A6G6FTP9,7,SM00495
A0A6G6FTY0,1,SM00495
A0A6G6FTY0,2,SM00495
A0A6G6FTY0,3,SM00495
A0A6G6FTY0,4,SM00495
A0A6G6FTY0,5,SM00495
A0A6G6FTY0,6,PF02839
A0A6G6FTY0,7,SM00495
A0A6G6FVP5,1,SM00495
A0A6G6FVP5,2,SM00495
A0A6G6FVP5,3,PF02839
A0A6G6FVP5,4,SM00495
A0A6G6FVQ5,1,SM00495
A0A6G6FVQ5,2,SM00495
A0A6G6FVQ5,3,SM00495
A0A6G6FVQ5,4,SM00495
A0A6G6FVQ5,5,SM00495
A0A6G6FVQ5,6,PF02839
A0A6G6FVQ5,7,SM00495
A0A6G7A2H9,2,G3DSA:2.60.40.10
A0A6G7A2H9,3,PF02839
A0A6G7P328,3,PF02839
A0A6G7P6I6,1,PF00553
A0A6G7PBX3,1,PF00553
A0A6G7PBX3,2,PF00041
A0A6G7PCP1,1,PF02018
A0A6G7PCP1,2,PF00041
A0A6G7PHR2,1,PF02018
A0A6G7PHR2,2,PF00041
A0A6G7SQJ5,1,PS51318
A0A6G7XAL9,1,PS51257
A0A6G7Z131,2,PF02839
A0A6G7Z131,3,SM00495
A0A6G7Z2H5,1,PF02839
A0A6G7Z2H5,4,PF02839
A0A6G7Z6E0,2,PF02839
A0A6G7Z6E0,3,PF02839
A0A6G8D640,1,PF17957
A0A6G8D640,2,PF17957
A0A6G8D789,1,PF08329
A0A6G8D789,3,PF22352
A0A6G8D789,4,G3DSA:2.60.40.10
A0A6G8D789,5,SM00495
A0A6G8D789,6,PF02839
A0A6G8D9J6,1,SM00495
A0A6G8D9J6,2,PF17957
A0A6G8D9J6,3,PF17957
A0A6G8D9N8,1,SM00495
A0A6G8D9N8,2,SM00495
A0A6G8D9Q5,1,PF08329
A0A6G8D9Q5,3,PF22352
A0A6G8D9Q5,4,PF22352
A0A6G8D9Q5,5,G3DSA:2.60.40.10
A0A6G8D9Q5,6,SM00495
A0A6G8D9Q5,7,PF02839
A0A6G8DJ16,1,SM00495
A0A6G8DJ16,2,PF02839
A0A6G8IYN9,2,SM00495
A0A6G9AJH4,1,PS51257
A0A6G9FEM9,1,PF02018
A0A6G9FEM9,2,PF00041
A0A6G9FFD5,1,PF00553
A0A6G9FFD5,2,PF00041
A0A6G9FJK1,1,PF00553
A0A6G9FJM3,1,PS51318
A0A6G9FJM3,3,PF02839
A0A6G9FMR9,2,SM00495
A0A6G9FQP5,1,PF02018
A0A6G9FQP5,2,PF00041
A0A6G9GVU8,1,PF02018
A0A6G9GVU8,2,PF00041
A0A6G9GXH6,1,PF02018
A0A6G9GXH6,2,PF00041
A0A6G9H2L2,1,PF00553
A0A6G9H9C6,1,PF00553
A0A6G9H9C6,2,PF00041
A0A6G9J251,1,PF01476
A0A6G9J251,2,PF01476
A0A6G9J608,1,PF01476
A0A6G9J608,2,PF01476
A0A6G9J608,3,PF01476
A0A6G9KLE5,2,PF00041
A0A6G9KLE5,3,PF00553
A0A6G9KLF0,2,PF00041
A0A6G9KLF0,3,PF00553
A0A6G9KLF8,2,PF00041
A0A6G9KLF8,3,PF00553
A0A6G9KLH1,2,PF00041
A0A6G9KLH1,3,PF00553
A0A6G9KLH3,2,PF00041
A0A6G9KLH3,3,PF00553
A0A6G9KLH6,2,PF00041
A0A6G9KLH6,3,PF00553
A0A6G9KLI3,2,PF00041
A0A6G9KLI3,3,PF00553
A0A6G9KLI6,2,PF00041
A0A6G9KLI6,3,PF00553
A0A6G9KLI9,2,PF00041
A0A6G9KLI9,3,PF00553
A0A6G9KLJ2,2,PF00041
A0A6G9KLJ2,3,PF00553
A0A6G9KLJ3,2,PF00041
A0A6G9KLJ3,3,PF00553
A0A6G9KLK2,2,PF00041
A0A6G9KLK2,3,PF00553
A0A6G9KLK3,2,PF00041
A0A6G9KLK3,3,PF00553
A0A6G9KLK5,2,PF00041
A0A6G9KLK5,3,PF00553
A0A6G9KLL0,2,PF00041
A0A6G9KLL0,3,PF00553
A0A6G9KLL2,2,PF00041
A0A6G9KLL2,3,PF00553
A0A6G9KLL4,2,PF00041
A0A6G9KLL4,3,PF00553
A0A6G9KLL5,2,PF00041
A0A6G9KLL5,3,PF00553
A0A6G9KLM5,2,PF00041
A0A6G9KLM5,3,PF00553
A0A6G9KLM8,2,PF00041
A0A6G9KLM8,3,PF00553
A0A6G9KLN3,2,PF00041
A0A6G9KLN3,3,PF00553
A0A6G9KLN4,2,PF00041
A0A6G9KLN4,3,PF00553
A0A6G9KLN6,2,PF00041
A0A6G9KLN6,3,PF00553
A0A6G9KLN8,2,PF00041
A0A6G9KLN8,3,PF00553
A0A6G9KLP7,2,PF00041
A0A6G9KLP7,3,PF00553
A0A6G9KLP9,2,PF00041
A0A6G9KLP9,3,PF00553
A0A6G9KLQ3,2,PF00041
A0A6G9KLQ3,3,PF00553
A0A6G9KLQ7,2,PF00041
A0A6G9KLQ7,3,PF00553
A0A6G9KLR1,2,PF00041
A0A6G9KLR1,3,PF00553
A0A6G9KLR9,2,PF00041
A0A6G9KLR9,3,PF00553
A0A6G9KMU7,2,PF00041
A0A6G9KMU7,3,PF00553
A0A6G9KMW7,2,PF00041
A0A6G9KMW7,3,PF00553
A0A6G9KMW8,2,PF00041
A0A6G9KMW8,3,PF00553
A0A6G9KMX8,2,PF00041
A0A6G9KMX8,3,PF00553
A0A6G9KN07,2,PF00041
A0A6G9KN07,3,PF00553
A0A6G9KN18,2,PF00041
A0A6G9KN18,3,PF00553
A0A6G9KN29,2,PF00041
A0A6G9KN29,3,PF00553
A0A6G9KN30,2,PF00041
A0A6G9KN30,3,PF00553
A0A6G9KN43,2,PF00041
A0A6G9KN43,3,PF00553
A0A6G9KN54,2,PF00041
A0A6G9KN54,3,PF00553
A0A6G9KNR4,2,PF00041
A0A6G9KNR4,3,PF00553
A0A6G9KNS6,2,PF00041
A0A6G9KNS6,3,PF00553
A0A6G9KNT7,2,PF00041
A0A6G9KNT7,3,PF00553
A0A6G9KNU7,2,PF00041
A0A6G9KNU7,3,PF00553
A0A6G9KNV7,2,PF00041
A0A6G9KNV7,3,PF00553
A0A6G9KNW2,2,PF00041
A0A6G9KNW2,3,PF00553
A0A6G9KNY4,2,PF00041
A0A6G9KNY4,3,PF00553
A0A6G9KP07,2,PF00041
A0A6G9KP07,3,PF00553
A0A6G9KP40,2,G3DSA:2.60.40.10
A0A6G9KP44,2,PF00041
A0A6G9KP44,3,PF00553
A0A6G9KP54,2,PF00041
A0A6G9KP54,3,PF00553
A0A6G9KP73,2,PF00041
A0A6G9KP73,3,PF00553
A0A6G9KP97,2,PF00041
A0A6G9KP97,3,PF00553
A0A6G9KPA7,2,PF00041
A0A6G9KPA7,3,PF00553
A0A6G9KPC9,2,PF00041
A0A6G9KPC9,3,PF00553
A0A6G9KPD9,2,PF00041
A0A6G9KPD9,3,PF00553
A0A6G9QK31,2,PF02839
A0A6G9QK31,4,SM00495
A0A6G9RNB2,2,G3DSA:2.60.40.10
A0A6G9RSL9,2,G3DSA:2.60.40.10
A0A6G9XW23,2,PF02018
A0A6G9YBU0,2,PF02018
A0A6G9Z974,2,PF02018
A0A6H0CFV7,1,PS51318
A0A6H0CFV7,3,PF02839
A0A6H0CMJ2,1,PF00553
A0A6H0CRZ4,1,PF02018
A0A6H0CRZ4,2,PF00041
A0A6H0CT27,1,PF00553
A0A6H0CT27,2,PF00041
A0A6H0CTB5,1,PS51318
A0A6H0CTB5,2,PF02018
A0A6H0CTB5,3,PF00041
A0A6H0D1P0,1,PF00553
A0A6H0D1P0,2,PF00041
A0A6H0KL62,1,PS51257
A0A6H0KN04,1,PS51257
A0A6H0KUP9,1,PS51257
A0A6H0KVH8,1,PS51257
A0A6H0TI77,1,PF01476
A0A6H0TI77,2,PF01476
A0A6H0TMZ0,2,PF00041
A0A6H0TMZ0,3,PF00553
A0A6H0TSH3,3,PF00535
A0A6H0WCZ6,1,PF01476
A0A6H0WCZ6,2,PF01476
A0A6H0WED3,1,PF01476
A0A6H0WED3,2,PF01476
A0A6H1K6U0,1,PF00553
A0A6H1KE65,1,PS51318
A0A6H1KJZ3,1,PF02018
A0A6H1KJZ3,2,PF00041
A0A6H1KKP0,1,PF00553
A0A6H1KKP0,2,PF00041
A0A6H1KVZ0,2,PF02839
A0A6H1L175,1,PS51318
A0A6H1L175,2,PF02018
A0A6H1L175,3,PF00041
A0A6H1L238,1,PF00553
A0A6H1L238,2,PF00041
A0A6H1L313,1,PS51318
A0A6H1L313,2,PF02018
A0A6H1L313,3,PF00041
A0A6H1L497,1,PF00553
A0A6H1L975,1,PS51318
A0A6H1L975,2,PF02018
A0A6H1L975,3,PF00041
A0A6H1LDZ4,1,PS51318
A0A6H1LDZ4,2,PF02018
A0A6H1LDZ4,3,PF00041
A0A6H1N7F2,1,PF00553
A0A6H1N8T3,2,PF02839
A0A6H1NBI4,1,PF02018
A0A6H1NBI4,2,PF00041
A0A6H1NCD8,1,PF00553
A0A6H1NCD8,2,PF00041
A0A6H1ND41,1,PS51318
A0A6H1ND41,2,PF02018
A0A6H1ND41,3,PF00041
A0A6H1NND9,1,PS51318
A0A6H1NND9,2,PF02018
A0A6H1NND9,3,PF00041
A0A6H1NVX9,1,PF01476
A0A6H1NVX9,2,PF01476
A0A6H1NVX9,3,PF01476
A0A6H1NXE1,1,PF01476
A0A6H1NXE1,2,PF01476
A0A6H1P6L5,1,PF01476
A0A6H1P6L5,2,PF01476
A0A6H1P852,1,PF01476
A0A6H1P852,2,PF01476
A0A6H2GTK2,1,PF02839
A0A6H2GV37,1,PF07833
A0A6H2GV37,2,PF08239
A0A6H2GW74,1,PF00041
A0A6H2GW74,2,G3DSA:2.60.40.10
A0A6H2GW74,4,PF00395
A0A6H2GW74,5,PF00395
A0A6H2GW74,6,PF00395
A0A6H2GY43,2,PF00041
A0A6H2GY43,3,PF02839
A0A6H2GZ49,1,SM00495
A0A6H2H193,3,PF02839
A0A6H2H193,4,PF02839
A0A6H2H1D1,2,PF02839
A0A6H2H1D1,3,PF02839
A0A6H2H2I1,1,PF07833
A0A6H9HVT1,1,PF01476
A0A6H9HVT1,2,PF01476
A0A6H9IDY1,2,PF00041
A0A6H9IDY1,3,PF00553
A0A6H9ILL6,3,PF00535
A0A6H9KVR0,2,G3DSA:2.60.40.10
A0A6H9UR24,1,PF00553
A0A6H9UR24,2,PF00041
A0A6H9UTW3,1,PF02018
A0A6H9UTW3,2,PF00041
A0A6H9UUR6,1,PF00553
A0A6H9UW25,1,PF00553
A0A6H9UW25,2,PF00041
A0A6H9UX17,1,PS51318
A0A6H9UX17,2,PF02018
A0A6H9UX17,3,PF00041
A0A6H9V374,1,PF02018
A0A6H9V374,2,PF00041
A0A6H9Y696,1,PF00553
A0A6H9Y696,2,PF00041
A0A6H9YI85,1,PF00553
A0A6H9YI85,2,PF00041
A0A6I0BFR8,1,PF01476
A0A6I0BFR8,2,PF01476
A0A6I0BLQ9,2,PF00041
A0A6I0BLQ9,3,PF00553
A0A6I0F0X9,1,PF01476
A0A6I0F0X9,2,PF01476
A0A6I0IWE2,1,PS51257
A0A6I0JRQ7,1,PS51257
A0A6I0LFF9,1,PS51257
A0A6I0MFN6,1,PS51257
A0A6I0SEM9,1,PS51257
A0A6I0WI47,1,PS51257
A0A6I1ES69,1,PF01476
A0A6I1ES69,2,PF01476
A0A6I1F1W7,1,PF01476
A0A6I1F1W7,2,PF01476
A0A6I1F1W7,3,PF01476
A0A6I1F1W7,4,PF01476
A0A6I1F1W7,5,PF01476
A0A6I1F1W7,6,G3DSA:2.60.40.10
A0A6I1F1W7,7,G3DSA:2.60.40.10
A0A6I1F1W7,8,G3DSA:2.60.40.10
A0A6I1F1W7,9,PF01476
A0A6I1F1W7,11,PF01476
A0A6I1F1W7,12,PF01476
A0A6I1F1W7,13,PF01476
A0A6I1F6H2,1,PF07833
A0A6I1FD96,1,PF01476
A0A6I1FD96,2,PF01476
A0A6I1FG89,1,PF01476
A0A6I1FG89,2,PF01476
A0A6I1FMZ9,1,PF01476
A0A6I1FMZ9,2,PF01476
A0A6I1FMZ9,3,PF01476
A0A6I1H288,1,PS51257
A0A6I1H288,2,PF02839
A0A6I1H8D4,1,PF02839
A0A6I1HEL6,1,PF02839
A0A6I1HEL6,2,PF02839
A0A6I1HEZ3,1,PF02839
A0A6I1HEZ3,2,PF02839
A0A6I1HRU9,1,PF02839
A0A6I1HWT9,1,PS51257
A0A6I1HWT9,2,PF02839
A0A6I1I6N7,1,PF02839
A0A6I1I6N7,2,PF02839
A0A6I1IBQ8,1,PS51257
A0A6I1IBQ8,2,PF02839
A0A6I1IHZ4,1,PF02839
A0A6I1Q9R2,3,PF17957
A0A6I1QJB5,1,PF08329
A0A6I1QJB5,3,PF22352
A0A6I1QJB5,5,SM00495
A0A6I1QJB5,6,SM00495
A0A6I1YD99,1,PF00553
A0A6I1YKM9,1,PF02018
A0A6I1YKM9,2,PF00041
A0A6I1YR46,2,PF02839
A0A6I1YRC2,1,PS51318
A0A6I1YRC2,3,PF02018
A0A6I1YY47,1,PS51318
A0A6I1YY47,2,PF02018
A0A6I1YY47,3,PF00041
A0A6I1Z9C9,2,PF02018
A0A6I1Z9H7,1,PF02018
A0A6I1Z9H7,2,PF00041
A0A6I1ZP57,1,PF00553
A0A6I1ZP57,2,PF00041
A0A6I2FJ58,1,PS51318
A0A6I2FJ58,3,PF02839
A0A6I2FJ58,4,PF02839
A0A6I2GID7,1,PS51257
A0A6I2GID7,2,PF00041
A0A6I2H967,1,PS51257
A0A6I2HGG3,1,PS51257
A0A6I2I2N2,2,PF22352
A0A6I2I2N2,3,PF02839
A0A6I2MI73,1,PF01476
A0A6I2MI73,2,PF01476
A0A6I2MIS9,1,PF01476
A0A6I2MIS9,2,PF01476
A0A6I2QYA7,1,PF01476
A0A6I2QYA7,2,PF01476
A0A6I2RGP1,1,PF00395
A0A6I2RGP1,2,PF00395
A0A6I2XP46,1,PF00553
A0A6I2XP46,2,PF00553
A0A6I2YRB6,1,PF00553
A0A6I2YSQ9,1,PF00553
A0A6I2YSQ9,3,PF00553
A0A6I3B8A8,1,PF00553
A0A6I3B8A8,3,PF00553
A0A6I3BKQ6,1,PS51318
A0A6I3LRJ5,8,G3DSA:2.60.40.10
A0A6I3LRJ5,9,G3DSA:2.60.40.10
A0A6I3LYZ8,3,PF00535
A0A6I3MJF4,1,PS51257
A0A6I3MK13,5,G3DSA:2.60.40.10
A0A6I3MK13,6,G3DSA:2.60.40.10
A0A6I3MNT7,3,PF00535
A0A6I3SPK0,1,PF01476
A0A6I3SPK0,2,PF01476
A0A6I3T1I6,1,PS51257
A0A6I3T1I6,2,PF02839
A0A6I3T1N7,1,PS51257
A0A6I3T1N7,2,PF02839
A0A6I4HZG0,3,PF00535
A0A6I4IB51,3,PF00535
A0A6I4IHZ6,4,PF17957
A0A6I4IHZ6,6,PF17957
A0A6I4IHZ6,7,PF17957
A0A6I4MQ45,1,PS51318
A0A6I4MQ45,2,PF00553
A0A6I4MQ45,3,PF00041
A0A6I4MRP9,1,PF02018
A0A6I4MRP9,2,PF00041
A0A6I4NBW0,1,PF00553
A0A6I4NBW0,2,PF00041
A0A6I4NG11,8,G3DSA:2.60.40.10
A0A6I4NG11,9,G3DSA:2.60.40.10
A0A6I4NGZ5,1,PS51257
A0A6I4P105,1,PS51318
A0A6I4P105,2,PF02839
A0A6I4P105,4,PF02839
A0A6I4RWW5,2,PF00041
A0A6I4RWW5,3,PF02839
A0A6I4RWW5,4,PF02839
A0A6I4RWW5,5,PF02839
A0A6I4T2M9,2,SM00495
A0A6I4T2M9,3,PF02839
A0A6I4T2M9,4,PF02839
A0A6I4VTG2,1,PS51257
A0A6I4ZQU9,1,PF01476
A0A6I4ZQU9,2,PF01476
A0A6I4ZY66,1,PF07833
A0A6I5A1Q1,1,PF01476
A0A6I5A1Q1,2,PF01476
A0A6I5A6M7,1,PF01476
A0A6I5A6M7,2,PF01476
A0A6I5A6M7,3,PF01476
A0A6I5C4G2,3,PF02839
A0A6I5C719,1,PF02018
A0A6I5C8M3,1,PS51318
A0A6I5C8M3,3,G3DSA:2.60.40.10
A0A6I5C8M3,4,PF02839
A0A6I5C9T8,1,PF02018
A0A6I5C9T8,2,PF00041
A0A6I5CBY1,1,PF00553
A0A6I5CHY9,1,PF02018
A0A6I5CHY9,2,PF00041
A0A6I5CLD4,1,PF00553
A0A6I5CLD4,2,PF00041
A0A6I5E7R0,1,PS51318
A0A6I5E7R0,2,PF02018
A0A6I5E7R0,3,PF00041
A0A6I5E8Z2,1,PF02018
A0A6I5E8Z2,2,PF00041
A0A6I5EBS4,1,PF02018
A0A6I5EBS4,2,PF00041
A0A6I5EDA8,1,PF00553
A0A6I5EDA8,2,PF00041
A0A6I5EK08,1,PF00553
A0A6I5EPA0,1,PF02018
A0A6I5EPA0,2,PF00041
A0A6I5ERM3,1,PF00553
A0A6I5ERM3,2,PF00041
A0A6I5ETP3,1,PF02018
A0A6I5ETP3,2,PF00041
A0A6I5EVX1,1,PS51318
A0A6I5EVX1,3,PF02839
A0A6I5F4I2,1,PF00553
A0A6I5F4I2,2,PF00041
A0A6I5H8P4,1,PF02018
A0A6I5H8P4,2,PF00041
A0A6I5H8W5,1,PF00553
A0A6I5HDE4,1,PF00553
A0A6I5HDE4,2,PF00041
A0A6I5HDH2,1,PS51318
A0A6I5HDH2,3,G3DSA:2.60.40.10
A0A6I5HDH2,4,PF02839
A0A6I5HL47,1,PF00553
A0A6I5HL47,2,PF00041
A0A6I5HM13,1,PF02018
A0A6I5HRV3,1,PS51318
A0A6I5HRV3,2,PF00553
A0A6I5HRV3,3,PF00041
A0A6I5HUT4,2,G3DSA:2.60.40.10
A0A6I5HUT4,3,PF02018
A0A6I5HWC3,2,SM00495
A0A6I5HY06,1,PF00553
A0A6I5I396,1,PF00553
A0A6I5I396,2,PF00041
A0A6I5I4E4,1,PF02018
A0A6I5I4E4,2,PF00041
A0A6I5I708,1,PF02018
A0A6I5I708,2,PF00041
A0A6I5I8I8,2,PF02839
A0A6I5I9A2,1,PS51257
A0A6I5IPN5,1,PS51257
A0A6I5IPN5,2,PF02839
A0A6I5IPN5,3,PF17957
A0A6I5IPN5,4,PF17957
A0A6I5IPN5,7,SM00495
A0A6I5IYJ4,1,PF08329
A0A6I5IYJ4,3,PF22352
A0A6I5IYJ4,5,PF02839
A0A6I5VVK8,1,PS51318
A0A6I5W9U3,1,PF00553
A0A6I5WCB1,1,PF00553
A0A6I5WD54,1,PF00553
A0A6I5WD54,2,PF00041
A0A6I5WD79,1,PF02839
A0A6I5WHH8,1,PF00553
A0A6I5ZY98,1,PF00553
A0A6I6CEK4,1,PS51257
A0A6I6D816,1,PF07833
A0A6I6DDX7,1,PF07833
A0A6I6DMT7,1,PF08329
A0A6I6DMT7,3,PF22352
A0A6I6DMT7,5,PF02839
A0A6I6DMT7,6,PF02839
A0A6I6ED70,3,PF00535
A0A6I6EQ74,1,PF01476
A0A6I6EQ74,2,PF01476
A0A6I6F9X0,1,PF00553
A0A6I6FC76,1,PF00553
A0A6I6FC76,2,PF00041
A0A6I6FMJ7,1,PF02018
A0A6I6FMJ7,2,PF00041
A0A6I6FVG9,2,PF02839
A0A6I6MWQ4,2,PF02018
A0A6I6N2P4,1,PF00553
A0A6I6N685,1,PS51318
A0A6I6N685,3,PF02018
A0A6I6N6Q5,1,PF02018
A0A6I6N6Q5,2,PF00041
A0A6I6N7D7,1,PS51318
A0A6I6N7D7,2,PF02018
A0A6I6N7D7,3,PF00041
A0A6I6NA97,1,PF00553
A0A6I6NA97,2,PF00041
A0A6I6NCQ9,2,PF02839
A0A6I6R213,2,PF02839
A0A6I6R213,4,SM00495
A0A6I6SAU1,1,PS51318
A0A6I6UDR0,1,PF01476
A0A6I6UDR0,2,PF01476
A0A6I6UDR0,3,PF01476
A0A6I6UKW4,1,PF01476
A0A6I6UKW4,2,PF01476
A0A6I6WDF2,1,PS51257
A0A6I6WH88,1,PS51318
A0A6I6WP43,1,PS51318
A0A6I7F6V4,1,PF01476
A0A6I7F6V4,2,PF01476
A0A6I7FC95,1,PF01476
A0A6I7FC95,2,PF01476
A0A6I7FF71,2,PF00041
A0A6I7FF71,3,PF02839
A0A6I7MZ68,1,PS51257
A0A6I7XPF4,2,PF00041
A0A6I7XPF4,3,PF00553
A0A6I7XQT3,1,PF01476
A0A6I7XQT3,2,PF01476
A0A6I7XTU0,2,PF02839
A0A6I7XWL1,3,PF00535
A0A6I7Y0L8,2,PF02018
A0A6I7Y1E7,1,PF00553
A0A6I7Y1E7,2,PF00041
A0A6I7YBC3,1,PF00553
A0A6I7YBC3,2,PF00041
A0A6I7YBQ1,1,PF02018
A0A6I7YBQ1,2,PF00041
A0A6I7YC45,1,PF02018
A0A6I7YC45,2,PF00041
A0A6I7YNU1,1,PS51318
A0A6I7YWS6,1,PF00553
A0A6I7YXC8,1,PF00553
A0A6I7YXC8,2,PF00041
A0A6I7YXH7,1,PS51318
A0A6I7YXH7,2,PF02018
A0A6I7YXH7,3,PF00041
A0A6I7YYN7,1,PF02018
A0A6I7YYN7,2,PF00041
A0A6I8LKC5,1,PS51318
A0A6I8LLL8,1,PF02018
A0A6I8LLL8,2,PF00041
A0A6I8LRJ4,2,PF02018
A0A6I8LV64,1,PF02018
A0A6I8LXZ5,2,PF02839
A0A6I8M289,1,PF00553
A0A6I8M3A8,1,PF00553
A0A6I8MBN6,1,PF00553
A0A6I8MBN6,2,PF00041
A0A6J4GAA1,5,PF17957
A0A6J4GAA1,6,PF17957
A0A6J4GVW7,1,PS51257
A0A6J4UQA6,1,PS51257
A0A6J4UT33,1,PS51257
A0A6J5DQA3,3,G3DSA:2.60.40.10
A0A6J5DQA3,4,G3DSA:2.60.40.10
A0A6J5IYW7,1,PF08329
A0A6J5IYW7,3,PF22352
A0A6L2ZT08,2,G3DSA:2.60.40.10
A0A6L2ZT08,3,PF02839
A0A6L3MQA8,2,PF02839
A0A6L3MQA8,3,PF02839
A0A6L3MX88,1,PF08329
A0A6L3MX88,3,PF22352
A0A6L3UZ65,1,PF01476
A0A6L3UZ65,2,PF01476
A0A6L3UZT5,1,PF01476
A0A6L3UZT5,2,PF01476
A0A6L3V774,1,PF07833
A0A6L3V942,1,PF01476
A0A6L3V942,2,PF01476
A0A6L3V942,3,PF01476
A0A6L3V974,1,PF01476
A0A6L3V974,2,PF01476
A0A6L3VEE6,1,PS51318
A0A6L3VEE6,2,PF00553
A0A6L3VEE6,3,PF00041
A0A6L3VI31,1,PF02839
A0A6L3VVZ8,1,PF00553
A0A6L3VVZ8,2,PF00553
A0A6L3VVZ8,3,PF00041
A0A6L3XUV9,1,PF08329
A0A6L5GEQ3,1,PF02839
A0A6L5GG51,1,PF02839
A0A6L5NRY9,1,PF08329
A0A6L5NRY9,3,PF22352
A0A6L5NRY9,4,G3DSA:2.60.40.10
A0A6L5NRY9,5,SM00495
A0A6L5NRY9,6,PF02839
A0A6L5PU40,1,PF01476
A0A6L5PU40,2,PF01476
A0A6L5PWX5,2,PF00041
A0A6L5PWX5,3,PF00553
A0A6L5X872,1,PF08239
A0A6L5XC91,3,PF00535
A0A6L5XVN6,1,PF07833
A0A6L5XWA3,3,G3DSA:2.60.40.10
A0A6L5XYD6,1,PF02839
A0A6L5XYD6,4,SM00495
A0A6L5XYH4,1,PF01476
A0A6L5YGI0,1,PS51257
A0A6L5YGI0,2,PF08239
A0A6L5ZID3,1,PF00553
A0A6L5ZID3,3,PF00553
A0A6L6Q4K0,1,PF02839
A0A6L6Q4Y7,1,PS51257
A0A6L6Q4Y7,2,PF02839
A0A6L6QIR2,1,PS51257
A0A6L6QIR2,2,PF02839
A0A6L6QJX5,1,PS51257
A0A6L6QJX5,2,PF02839
A0A6L6QJX5,3,PF02839
A0A6L6R1D0,1,PF00553
A0A6L6R1D0,2,PF00553
A0A6L6R4Y2,1,PS51318
A0A6L6WMK6,1,PF00553
A0A6L6WMK6,2,PF00041
A0A6L6X5Z1,1,PF02018
A0A6L6X5Z1,2,PF00041
A0A6L6X7M8,1,PS51318
A0A6L6X7W6,1,PF00553
A0A6L6X7W6,2,PF00041
A0A6L6X9N1,1,PS51318
A0A6L6X9N1,3,PF02839
A0A6L6XJH9,1,PF08239
A0A6L7C6B3,1,SM00495
A0A6L7C6B3,2,SM00495
A0A6L7C6B3,3,SM00495
A0A6L7C6B3,4,SM00495
A0A6L7C6B3,5,SM00495
A0A6L7C6B3,6,PF02839
A0A6L7C6B3,7,SM00495
A0A6L7HGW8,1,PF01476
A0A6L7HGW8,2,PF01476
A0A6L7HRV6,2,PF00041
A0A6L7HRV6,3,PF00553
A0A6L8KT50,1,PS51257
A0A6L8KT50,2,PF02839
A0A6L8LS30,1,PS51257
A0A6L8LS30,2,PF08329
A0A6L8LS30,4,PF22352
A0A6L8LS30,6,SM00495
A0A6L8LT62,1,PF08329
A0A6L8LT62,3,PF22352
A0A6L8LT62,4,G3DSA:2.60.40.10
A0A6L8LT62,5,PF02839
A0A6L8LU85,1,PS51257
A0A6L8LU85,2,SM00495
A0A6L8LU85,3,PF17957
A0A6L8LU85,4,PF17957
A0A6L8N276,2,PF02839
A0A6L8N4F1,1,PF00553
A0A6L8N4F1,2,PF00041
A0A6L8N799,2,PF02839
A0A6L8N9B3,1,PF00553
A0A6L8N9B3,2,G3DSA:2.60.40.10
A0A6L8NDR5,1,PF02018
A0A6L8NDR5,2,PF00041
A0A6L8NHU7,1,PF02018
A0A6L8NHU7,2,PF00041
A0A6L8RXC4,2,PF08239
A0A6L8UAX0,1,PS51257
A0A6L8UBR0,1,PS51257
A0A6L8UHY9,1,PS51257
A0A6L8UW98,2,PF00395
A0A6L8UW98,3,PF00395
A0A6L8UW98,4,PF00395
A0A6L8UXD9,1,PF01476
A0A6L8UXD9,2,PF01476
A0A6L8V5S6,1,PF07833
A0A6L8V5S6,2,PF08239
A0A6L8V9E0,1,PF01476
A0A6L8V9E0,2,PF01476
A0A6L8V9Q2,1,PF00395
A0A6L8V9Q2,2,PF00395
A0A6L8V9Q2,3,PF00395
A0A6L9FJS5,1,PS51257
A0A6L9FJS5,2,PF02839
A0A6L9FJS5,3,PF17957
A0A6L9FJS5,4,PF17957
A0A6L9FJS5,7,SM00495
A0A6L9FMB0,1,SM00495
A0A6L9FMB0,2,PF17957
A0A6L9FMB0,3,PF17957
A0A6L9FMB0,4,PF17957
A0A6L9FMB0,5,PF17957
A0A6L9FPE2,1,PF08329
A0A6L9FPE2,3,PF22352
A0A6L9FPE2,5,SM00495
A0A6L9HC14,1,PS51257
A0A6L9HC14,2,PF08239
A0A6L9JQQ5,2,PF02839
A0A6L9QE74,1,PF02839
A0A6L9QEI3,1,PS51318
A0A6L9QEI3,2,PF00553
A0A6L9QEI3,3,PF00041
A0A6L9QGN9,1,PF02018
A0A6L9QGN9,2,PF00041
A0A6L9QHM7,1,PF00553
A0A6L9QHM7,2,PF00041
A0A6L9QKN6,1,PF00553
A0A6L9QKN6,2,PF00553
A0A6L9QKN6,3,PF00041
A0A6L9QKP4,1,PF00553
A0A6L9QKP4,2,PF00041
A0A6M0H4R7,6,PF02839
A0A6M0H4U9,2,PF02839
A0A6M0H4U9,3,PF02839
A0A6M0IG58,3,PF00535
A0A6M0P1U6,1,PF01476
A0A6M0P1U6,2,PF01476
A0A6M0PB62,1,PF01476
A0A6M0PB62,2,PF01476
A0A6M0Q986,1,PF01476
A0A6M0Q986,2,PF01476
A0A6M0Q986,3,PF01476
A0A6M0Q986,4,PF01476
A0A6M0Q986,5,PF01476
A0A6M0Q986,6,PF01476
A0A6M0Q986,9,G3DSA:2.60.40.10
A0A6M0Q986,12,PF01476
A0A6M0QCY1,1,PF01476
A0A6M0QCY1,2,PF01476
A0A6M0RCI9,1,PF01476
A0A6M0RCI9,2,PF01476
A0A6M0RCI9,3,PF08239
A0A6M0SWF3,2,PF02839
A0A6M0SWF3,3,PF02839
A0A6M0SWW3,2,PF00041
A0A6M0SWW3,3,PF02839
A0A6M0T0Z8,1,PF01476
A0A6M0T0Z8,2,PF01476
A0A6M0T0Z8,3,PF08239
A0A6M0T2K5,2,G3DSA:2.60.40.10
A0A6M0T2K5,3,G3DSA:2.60.40.10
A0A6M0T2K5,4,PF08329
A0A6M1E2E8,1,PS51257
A0A6M1L4L8,1,PS51318
A0A6M1LAX0,1,PF00553
A0A6M1NQV6,1,PS51257
A0A6M1PQG7,1,PF07833
A0A6M1PY34,1,PF07833
A0A6M1QXZ3,2,PF02839
A0A6M1RCE0,1,PS51318
A0A6M1RTT2,1,PS51257
A0A6M1RTT2,2,SM00495
A0A6M1RTT2,3,PF17957
A0A6M1RTT2,4,PF17957
A0A6M1T8Y3,1,PS51257
A0A6M1UAR0,1,PF01476
A0A6M1UAR0,2,PF01476
A0A6M1UB99,1,PF07833
A0A6M1UGA3,1,PF07833
A0A6M1UGA3,2,PF08239
A0A6M2C7E5,1,PS51257
A0A6M3HUP9,1,SM00495
A0A6M3HUP9,2,SM00495
A0A6M3HVK0,1,SM00495
A0A6M3HVK0,2,PF02839
A0A6M3P4L0,2,G3DSA:2.60.40.10
A0A6M3Z815,1,PF01476
A0A6M3Z815,2,PF01476
A0A6M4JC46,1,PF01476
A0A6M4JC46,2,PF01476
A0A6M4PEN1,1,PS51318
A0A6M4PEN1,2,PF02018
A0A6M4PEN1,3,PF00041
A0A6M4PFI4,1,PF02018
A0A6M4PFI4,2,PF00041
A0A6M4PH78,1,PF00553
A0A6M4PH78,2,PF00041
A0A6M4PJI2,1,PF02018
A0A6M4PJI2,2,PF00041
A0A6M4PMI6,1,PF00553
A0A6M4WRF8,1,PF00553
A0A6M4X4J4,1,PF02018
A0A6M4X4J4,2,PF00041
A0A6M4X7J5,1,PF00553
A0A6M4X7J5,2,PF00041
A0A6M4YGA9,1,PF08329
A0A6M4YGA9,3,PF22352
A0A6M4YGA9,4,PF22352
A0A6M4YGA9,5,PF02839
A0A6M4YGA9,6,PF02839
A0A6M4YJ20,1,SM00495
A0A6M4YJ20,2,PF17957
A0A6M4YJ20,3,PF17957
A0A6M4YJ20,5,SM00495
A0A6M5JBE1,3,PF00535
A0A6M5U9Q0,2,PF02839
A0A6M5U9Q0,3,PF02839
A0A6M5UAW9,2,PF02839
A0A6M5UAW9,3,PF02839
A0A6M5UBY0,1,PF02839
A0A6M5UBY0,3,PF02839
A0A6M5UG81,1,PF02018
A0A6M5UG81,2,PF00041
A0A6M5UGJ4,2,PF02839
A0A6M5UGJ4,3,PF02839
A0A6M5UJD0,1,PF02018
A0A6M5UJD0,2,PF00041
A0A6M5UK61,2,PF02839
A0A6M5UMT1,1,PF02839
A0A6M6DT57,1,PF01476
A0A6M6DT57,2,PF01476
A0A6M6DTR5,1,PF01476
A0A6M6DTR5,2,PF01476
A0A6M8SNC7,1,PF02839
A0A6M8SNC7,2,PF02839
A0A6M8SRB5,1,PF02839
A0A6M8SRB5,2,PF02839
A0A6M8STY8,1,PF02839
A0A6M8STY8,2,PF02839
A0A6M8SVF2,1,PF02839
A0A6N0KIX6,2,PF00041
A0A6N0KIX6,3,PF02839
A0A6N0Y908,1,PS51257
A0A6N2HSX2,1,PF02018
A0A6N2HSX2,2,PF00041
A0A6N2HY64,1,PF00553
A0A6N2HY64,2,PF00041
A0A6N2I0A5,1,PF00553
A0A6N2I0A5,2,PF00041
A0A6N2I0Y6,1,PF02018
A0A6N2I0Y6,2,PF00041
A0A6N2I3B8,1,PS51318
A0A6N2I5S8,2,PF02018
A0A6N2R7I0,1,PS51257
A0A6N2RGF8,1,PF07833
A0A6N2RGF8,2,PF08239
A0A6N2S5G2,1,PF02839
A0A6N2SBM8,1,PF01476
A0A6N2SHC9,1,PS51257
A0A6N2SQU1,1,PF01476
A0A6N2SQU1,2,PF01476
A0A6N2TAA3,1,PF07833
A0A6N2TAA3,2,PF08239
A0A6N2TGN6,1,PF01476
A0A6N2TGN6,2,PF01476
A0A6N2TUH7,1,PS51257
A0A6N2WRC3,1,PS51257
A0A6N2WRY2,1,PF08239
A0A6N2X6F4,1,PF02839
A0A6N2YD36,2,G3DSA:2.60.40.10
A0A6N2YRL3,2,G3DSA:2.60.40.10
A0A6N2YRL3,3,PF02839
A0A6N2YWT3,1,PF00395
A0A6N2YWT3,2,PF00395
A0A6N2ZFM1,5,PF02839
A0A6N2ZJY2,5,PF02839
A0A6N2ZNL5,1,PS51257
A0A6N2ZNL5,2,PF08239
A0A6N2ZV06,1,PF01476
A0A6N3A7K3,1,PF07833
A0A6N3ADG3,3,PF00041
A0A6N3ADG3,4,PF02839
A0A6N3B1H1,1,PF01476
A0A6N3B1H1,2,PF01476
A0A6N3B221,1,PF01476
A0A6N3BND6,1,PF08239
A0A6N3CML0,1,PF08239
A0A6N3CQM3,1,PF08239
A0A6N3DKP7,2,PF00041
A0A6N3DKP7,3,PF02839
A0A6N3FTU1,4,SM00495
A0A6N3FTU1,7,PF02839
A0A6N3FV50,5,PF02839
A0A6N3GSW4,2,G3DSA:2.60.40.10
A0A6N3GSW4,3,SM00495
A0A6N3HZH1,1,PF08329
A0A6N3HZH1,3,PF22352
A0A6N3HZH1,4,G3DSA:2.60.40.10
A0A6N3HZH1,5,PF02839
A0A6N3HZH1,6,PF02839
A0A6N3I3S0,1,PF01476
A0A6N3JTJ2,1,PF00553
A0A6N3JTJ2,2,PF00041
A0A6N3K557,1,PS51318
A0A6N3K818,1,PF02839
A0A6N3K8V8,1,PF00553
A0A6N3KBS3,2,PF02839
A0A6N3KBS3,3,PF02839
A0A6N3Z4K6,1,SM00495
A0A6N3Z4K6,2,PF17957
A0A6N3Z4K6,3,PF17957
A0A6N3Z644,1,PF02839
A0A6N3Z644,2,PF17957
A0A6N3Z644,3,PF17957
A0A6N3Z644,4,SM00495
A0A6N3Z644,5,PF17957
A0A6N3Z644,6,PF17957
A0A6N3Z7E0,1,PF08329
A0A6N3Z7E0,3,PF22352
A0A6N3Z7E0,5,PF02839
A0A6N4GY78,1,PS51257
A0A6N4H3H3,1,PS51257
A0A6N4SYD6,1,PF02839
A0A6N4SYD6,2,SM00495
A0A6N4VFE1,6,PF00553
A0A6N4VFE1,8,PF00553
A0A6N6KH40,1,PS51257
A0A6N6RP54,1,PS51257
A0A6N6RSC4,1,PF08329
A0A6N6RSC4,3,PF22352
A0A6N6RSC4,5,PF02839
A0A6N6RST9,1,PF17957
A0A6N6RST9,2,PF17957
A0A6N6RST9,3,PF17957
A0A6N6RST9,4,PF17957
A0A6N6RXX9,1,SM00495
A0A6N6RXX9,2,PF17957
A0A6N6RXX9,3,PF17957
A0A6N7B1F7,1,PF07833
A0A6N7BI48,2,PF17957
A0A6N7BI48,3,PF17957
A0A6N7BI48,5,G3DSA:2.60.40.10
A0A6N7FU74,1,PF00553
A0A6N7HGV7,1,PF00553
A0A6N7HGV7,2,PF00041
A0A6N7HIT4,1,PF00553
A0A6N7HIT4,2,PF00041
A0A6N7HQV9,1,PF02018
A0A6N7HQV9,2,PF00041
A0A6N7KQT3,1,PS51318
A0A6N7KQT3,2,PF00553
A0A6N7KSM4,1,PS51318
A0A6N7KSM4,2,PF02018
A0A6N7NZA2,1,SM00495
A0A6N7NZA2,2,PF17957
A0A6N7NZA2,3,PF00041
A0A6N7P775,1,PS51257
A0A6N7QA78,1,SM00495
A0A6N7QA78,2,PF17957
A0A6N7QA78,3,G3DSA:2.60.40.10
A0A6N7QCK3,1,PS51257
A0A6N7R1W5,1,PF01476
A0A6N7R1W5,2,PF01476
A0A6N7R341,1,PF01476
A0A6N7R341,2,PF01476
A0A6N7STH5,1,PF01476
A0A6N7STH5,2,PF01476
A0A6N7SV58,1,PF07833
A0A6N7V197,1,PF08239
A0A6N7VY23,1,PS51257
A0A6N7W114,1,PF01476
A0A6N7W6W4,1,PF08239
A0A6N7XJT5,1,PF07833
A0A6N7YVW1,2,PF02839
A0A6N7ZFX1,2,PF02839
A0A6N7ZGZ8,2,PF02839
A0A6N7ZGZ8,3,PF02839
A0A6N7ZH77,2,PF02839
A0A6N7ZH92,2,PF02839
A0A6N7ZJW6,2,PF02839
A0A6N7ZJW6,3,SM00495
A0A6N7ZXB7,1,PF02839
A0A6N7ZXB7,2,PF02839
A0A6N8BIH9,1,PF07833
A0A6N8CSG3,1,PF01476
A0A6N8CSG3,2,PF01476
A0A6N8EVP7,1,PF00395
A0A6N8EVP7,2,PF00395
A0A6N8EVP7,3,PF00395
A0A6N8EX09,3,PF00041
A0A6N8EX09,4,PF02839
A0A6N8EX09,5,PF00041
A0A6N8EY51,2,PF00041
A0A6N8EY51,3,PF02839
A0A6N8F479,1,PF07833
A0A6N8F479,2,PF08239
A0A6N8FEF1,3,PF08239
A0A6N8FI94,1,PF01476
A0A6N8FI94,2,PF01476
A0A6N8FI94,3,PF01476
A0A6N8FJG2,1,PF01476
A0A6N8FJG2,2,PF01476
A0A6N8FL66,1,PF01476
A0A6N8FL66,2,PF01476
A0A6N8FL66,3,PF01476
A0A6N8FL66,4,G3DSA:2.60.40.10
A0A6N8FL66,5,G3DSA:2.60.40.10
A0A6N8FL66,6,G3DSA:2.60.40.10
A0A6N8FL66,7,G3DSA:2.60.40.10
A0A6N8FL66,8,PF01476
A0A6N8FL66,10,PF01476
A0A6N8G3J3,1,PF00553
A0A6N8G8A0,1,PS51257
A0A6N8HNJ3,1,PF01476
A0A6N8HNJ3,2,PF01476
A0A6N8HNJ3,3,PF01476
A0A6N8HNU4,1,PF01476
A0A6N8HNU4,2,PF01476
A0A6N8HXI7,1,PF01476
A0A6N8HXI7,2,PF01476
A0A6N8J7B1,2,PF17957
A0A6N8J7B1,3,PF02839
A0A6N8J7B1,4,PF17957
A0A6N8J7B1,5,SM00495
A0A6N8J882,2,PF17957
A0A6N8J882,4,PF17957
A0A6N8J882,5,PF02839
A0A6N8J882,6,PF17957
A0A6N8J882,7,SM00495
A0A6N8JHY0,1,PS51257
A0A6N9AES9,1,PS51257
A0A6N9HCG8,1,PS51257
A0A6N9HCG8,2,PF02839
A0A6N9JX03,1,PF08239
A0A6N9NTB5,1,PF08239
A0A6N9NY26,1,PF01476
A0A6N9P5F8,1,PF01476
A0A6N9P5F8,2,PF01476
A0A6N9PZ25,1,PF00395
A0A6N9Q1E9,1,PF00395
A0A6N9Q5P8,1,PF01476
A0A6N9Q5P8,2,PF01476
A0A6N9Q5P8,3,PF01476
A0A6N9Q5R9,1,PF07833
A0A6N9Q5W7,2,PF00041
A0A6N9Q5W7,3,PF02839
A0A6N9Q5W7,4,PF00041
A0A6N9Q5W7,5,PF02839
A0A6N9TTJ4,1,PF02018
A0A6N9TTJ4,2,PF00041
A0A6N9TZY5,1,PS51318
A0A6N9U623,1,PS51318
A0A6N9UA14,2,PF02839
A0A6N9UDI0,1,PF00553
A0A6N9UDI0,2,PF00041
A0A6N9UGZ8,1,PF02018
A0A6N9UGZ8,2,PF00041
A0A6N9UHH1,1,PS51318
A0A6N9UHH1,2,PF02018
A0A6N9UHH1,3,PF00041
A0A6N9URI3,1,PF00553
A0A6N9URI3,2,PF00041
A0A6N9UT87,1,PF02018
A0A6N9UT87,2,PF00041
A0A6N9UZ07,1,PF00553
A0A6N9UZX8,3,PF02839
A0A6N9V124,1,PF02018
A0A6N9V124,2,PF00041
A0A6N9V1T3,1,PF02018
A0A6N9V1T3,2,PF00041
A0A6N9V2J0,1,PF00553
A0A6N9V2J0,2,PF00041
A0A6N9V4J3,1,PS51318
A0A6N9V4J3,3,PF02839
A0A6N9V5G9,1,PF00553
A0A6N9V5G9,2,PF00041
A0A6N9V7L3,1,PS51318
A0A6N9VFJ5,1,PS51318
A0A6N9VKT2,1,PF00553
A0A6P0REC8,2,PF22352
A0A6P0UJ60,1,PS51257
A0A6P0UJ60,3,PF02839
A0A6P0UJ60,4,PF17957
A0A6P0UJ60,5,SM00495
A0A6P1EIL1,1,SM00495
A0A6P1EIL1,2,PF17957
A0A6P1EIL1,3,PF00041
A0A6P1HI09,1,PF01476
A0A6P1HI09,2,PF01476
A0A6P1HK01,1,PF01476
A0A6P1HK01,2,PF01476
A0A6P1HK01,3,PF01476
A0A6P1HK62,1,PF07833
A0A6P1M8Z1,2,PF07833
A0A6P1MBB5,1,PF00395
A0A6P1MBB5,2,PF00395
A0A6P1MBB5,3,PF00395
A0A6P1MCU2,3,PF00535
A0A6P1MG73,2,PF07833
A0A6P1TB13,1,PF08329
A0A6P1TB13,3,PF22352
A0A6P1TB13,4,PF22352
A0A6P1TB13,6,SM00495
A0A6P1TB13,7,PF02839
A0A6P1TDC8,1,SM00495
A0A6P1TDC8,2,PF02839
A0A6P1TDE0,1,PF02839
A0A6P1TDE0,2,PF17957
A0A6P1TDE0,3,PF17957
A0A6P1TGP1,1,PF01476
A0A6P1TGP1,2,PF01476
A0A6P1TI18,1,PF07833
A0A6P1TIN3,1,PF01476
A0A6P1TIN3,2,PF01476
A0A6P1TMV9,1,PF01476
A0A6P1TMV9,2,PF01476
A0A6P1TP67,1,PF01476
A0A6P1TP67,2,PF01476
A0A6P1TPF1,1,PF00041
A0A6P1TPI7,1,PF01476
A0A6P1TPI7,2,PF01476
A0A6P1TQ28,1,PF01476
A0A6P1TQ28,2,PF01476
A0A6P1TQ48,1,PF01476
A0A6P1TQ48,2,PF01476
A0A6P1TRB1,1,PF01476
A0A6P1TRB1,2,PF01476
A0A6P1TSC8,1,PF01476
A0A6P1TSC8,2,PF01476
A0A6P1TT29,1,PF01476
A0A6P1TT29,2,PF01476
A0A6P1TT92,1,PF01476
A0A6P1TT92,2,PF01476
A0A6P1TTC0,1,PF01476
A0A6P1TTC0,2,PF01476
A0A6P1V023,2,G3DSA:2.60.40.10
A0A6P1V0L4,2,G3DSA:2.60.40.10
A0A6P1VWM2,1,PS51257
A0A6P1YC43,1,PF01476
A0A6P1YC43,2,PF01476
A0A6P1YC90,1,PF07833
A0A6P1YE35,1,PF08239
A0A6P2H4S4,1,PS51257
A0A6P2SH27,1,PF02839
A0A6P2USU4,1,PS51257
A0A6P2ZMP7,1,PF08329
A0A6P2ZMP7,3,PF22352
A0A6P3AC16,1,PF08329
A0A6P3AC16,3,PF22352
A0A6S4T560,1,PF08329
A0A6S4T560,3,PF22352
A0A6S4T560,4,G3DSA:2.60.40.10
A0A6S4T560,5,PF02839
A0A6S4T560,6,PF02839
A0A6S4TSL8,1,SM00495
A0A6S4TSL8,2,PF17957
A0A6S4TSL8,3,PF17957
A0A6S4TSL8,5,SM00495
A0A6S5BYX2,1,PF08329
A0A6S5BYX2,3,PF22352
A0A6S5BYX2,4,G3DSA:2.60.40.10
A0A6S5BYX2,5,PF02839
A0A6S5BYX2,6,PF02839
A0A6S5C9Z0,1,PF08329
A0A6S5C9Z0,3,PF22352
A0A6S5C9Z0,4,G3DSA:2.60.40.10
A0A6S5C9Z0,5,PF02839
A0A6S5C9Z0,6,PF02839
A0A6S5CIA2,1,SM00495
A0A6S5CIA2,2,PF17957
A0A6S5CIA2,3,PF17957
A0A6S5CIA2,5,SM00495
A0A6S5DK38,2,PF02839
A0A6S5DK38,4,SM00495
A0A6S5JSV8,1,PF08329
A0A6S5JSV8,3,PF22352
A0A6S5JSV8,4,G3DSA:2.60.40.10
A0A6S5JSV8,5,PF02839
A0A6S5JSV8,6,PF02839
A0A6S5Y7D6,1,PF08329
A0A6S5Y7D6,3,PF22352
A0A6S5Y7D6,4,G3DSA:2.60.40.10
A0A6S5Y7D6,5,PF02839
A0A6S5Y7D6,6,PF02839
A0A6S6QRI1,1,PF01476
A0A6S6QRI1,2,PF01476
A0A6S6QTK4,1,PF01476
A0A6S6QTK4,2,PF01476
A0A6S6QTX5,1,PF01476
A0A6S6QTX5,2,PF01476
A0A6S6R0C3,4,PF02839
A0A6S6R1X3,1,PF01476
A0A6S6R1X3,2,PF01476
A0A6S6R683,1,PF01476
A0A6S6R683,2,PF01476
A0A6S6R8P3,1,PF01476
A0A6S6R8P3,2,PF01476
A0A6S6RBX8,1,PF07833
A0A6S6XP17,1,PF01476
A0A6S6XP17,2,PF01476
A0A6S7BUG5,2,PF02839
A0A6V6XZB7,1,PF07833
A0A6V6XZB7,2,PF08239
A0A6V6YWI5,1,PS51257
A0A6V6Z0W2,1,PS51257
A0A6V6Z3E4,1,PS51257
A0A6V6Z8S0,1,PS51257
A0A6V7CIE7,1,PS51257
A0A6V7CKC8,1,PS51257
A0A6V7CQR3,1,PS51257
A0A6V7EZJ0,1,PS51257
A0A6V8K2U6,1,PF02839
A0A6V8K8I8,1,PF00553
A0A6V8K8I8,2,PF00041
A0A6V8K908,1,PF00553
A0A6V8K923,1,PS51318
A0A6V8K923,2,PF00553
A0A6V8KJ62,1,PF00041
A0A6V8KVE0,1,PF00553
A0A6V8L8D4,1,PF00553
A0A6V8L9T4,1,PF00553
A0A6V8L9T4,2,PF00041
A0A6V8L9W7,1,PF00553
A0A6V8LNZ2,1,PF02839
A0A6V8SK86,2,PF00041
A0A6V8SK86,3,PF02839
A0A6V8SKV9,2,PF00041
A0A6V8SKV9,3,PF02839
A0A6V9XLH1,2,G3DSA:2.60.40.10
A0A6W0M4W8,2,G3DSA:2.60.40.10
A0A6W0M4W8,3,SM00495
A0A6W0P0Z6,2,G3DSA:2.60.40.10
A0A6X4P8M2,3,PF00041
A0A6X4P8M2,4,PF02839
A0A6X7SNL8,2,G3DSA:2.60.40.10
A0A6X7XG93,2,G3DSA:2.60.40.10
A0A6X8D904,2,G3DSA:2.60.40.10
A0A6X8KJJ2,2,G3DSA:2.60.40.10
A0A6X9CM48,2,G3DSA:2.60.40.10
A0A6Y0T582,2,G3DSA:2.60.40.10
A0A6Y0YXW7,2,G3DSA:2.60.40.10
A0A6Y2I3Y9,2,G3DSA:2.60.40.10
A0A6Y2KAV5,2,G3DSA:2.60.40.10
A0A6Y2KQU0,2,G3DSA:2.60.40.10
A0A6Y2L666,2,G3DSA:2.60.40.10
A0A6Y2PQ14,2,G3DSA:2.60.40.10
A0A6Y3DQU6,2,G3DSA:2.60.40.10
A0A6Y3DQU6,3,SM00495
A0A6Y3HYB2,2,G3DSA:2.60.40.10
A0A6Y3UU68,2,G3DSA:2.60.40.10
A0A6Y4XXP2,2,G3DSA:2.60.40.10
A0A6Y5I4H5,2,G3DSA:2.60.40.10
A0A6Y5YTY2,2,G3DSA:2.60.40.10
A0A6Y6DMR5,2,G3DSA:2.60.40.10
A0A6Y6LMV4,2,G3DSA:2.60.40.10
A0A6Y9A7A9,3,PF00041
A0A6Y9A7A9,4,PF02839
A0A701FL58,2,G3DSA:2.60.40.10
A0A701H6R3,2,G3DSA:2.60.40.10
A0A701IYH4,2,G3DSA:2.60.40.10
A0A701QRY8,2,G3DSA:2.60.40.10
A0A701QRY8,3,SM00495
A0A701XSB3,2,G3DSA:2.60.40.10
A0A701Y4K6,2,G3DSA:2.60.40.10
A0A701ZD79,2,G3DSA:2.60.40.10
A0A701ZD79,3,SM00495
A0A702B6E8,2,G3DSA:2.60.40.10
A0A702BH71,2,G3DSA:2.60.40.10
A0A702BH71,3,SM00495
A0A702D301,2,G3DSA:2.60.40.10
A0A702D301,3,SM00495
A0A702DR70,2,G3DSA:2.60.40.10
A0A702E2Q3,2,G3DSA:2.60.40.10
A0A702J8J0,2,G3DSA:2.60.40.10
A0A702P4D2,2,G3DSA:2.60.40.10
A0A702P671,2,G3DSA:2.60.40.10
A0A703KTL8,2,G3DSA:2.60.40.10
A0A703ZX01,2,G3DSA:2.60.40.10
A0A704VCS0,2,G3DSA:2.60.40.10
A0A707Q3E6,2,G3DSA:2.60.40.10
A0A708A9H6,2,G3DSA:2.60.40.10
A0A708TDJ8,2,G3DSA:2.60.40.10
A0A708XE69,2,G3DSA:2.60.40.10
A0A708XE69,3,SM00495
A0A709R1L4,2,G3DSA:2.60.40.10
A0A710XHV7,2,G3DSA:2.60.40.10
A0A710XHV7,3,SM00495
A0A713TDM1,2,G3DSA:2.60.40.10
A0A715AS49,2,G3DSA:2.60.40.10
A0A715I3P9,2,G3DSA:2.60.40.10
A0A718TTI8,2,G3DSA:2.60.40.10
A0A718UEQ1,2,G3DSA:2.60.40.10
A0A718W5T7,2,G3DSA:2.60.40.10
A0A718Y1I5,2,G3DSA:2.60.40.10
A0A718YIH8,2,G3DSA:2.60.40.10
A0A719CEX0,2,G3DSA:2.60.40.10
A0A719LC86,2,G3DSA:2.60.40.10
A0A719V6C9,2,G3DSA:2.60.40.10
A0A721L3Z1,2,G3DSA:2.60.40.10
A0A723AIY8,2,G3DSA:2.60.40.10
A0A724IVC4,2,G3DSA:2.60.40.10
A0A725FYX0,2,G3DSA:2.60.40.10
A0A726K3W4,2,G3DSA:2.60.40.10
A0A726KWN9,2,G3DSA:2.60.40.10
A0A727RN24,2,G3DSA:2.60.40.10
A0A727U8A4,2,G3DSA:2.60.40.10
A0A727YPU7,2,G3DSA:2.60.40.10
A0A728BU75,2,G3DSA:2.60.40.10
A0A728FYY3,2,G3DSA:2.60.40.10
A0A728KUN3,2,G3DSA:2.60.40.10
A0A728XQU9,2,G3DSA:2.60.40.10
A0A728XQU9,3,SM00495
A0A729FZ83,2,G3DSA:2.60.40.10
A0A729IPP6,2,G3DSA:2.60.40.10
A0A729IPP6,3,PF02839
A0A729JRD1,2,G3DSA:2.60.40.10
A0A729JRD1,3,SM00495
A0A729KYU7,2,G3DSA:2.60.40.10
A0A730C3U2,2,G3DSA:2.60.40.10
A0A730EX83,2,G3DSA:2.60.40.10
A0A730JZI7,2,G3DSA:2.60.40.10
A0A730ND76,2,G3DSA:2.60.40.10
A0A730ND76,3,SM00495
A0A730WGS5,2,G3DSA:2.60.40.10
A0A730YAA8,2,G3DSA:2.60.40.10
A0A731NJ79,2,G3DSA:2.60.40.10
A0A731NJ79,3,SM00495
A0A731T648,2,G3DSA:2.60.40.10
A0A731V148,2,G3DSA:2.60.40.10
A0A732CRB2,2,G3DSA:2.60.40.10
A0A732CRB2,3,SM00495
A0A732CVD2,2,G3DSA:2.60.40.10
A0A732I371,2,G3DSA:2.60.40.10
A0A732S6U1,2,G3DSA:2.60.40.10
A0A733LQC1,2,G3DSA:2.60.40.10
A0A733LZA9,2,G3DSA:2.60.40.10
A0A734A867,2,G3DSA:2.60.40.10
A0A734HZA9,2,G3DSA:2.60.40.10
A0A734HZA9,3,SM00495
A0A734TZY9,2,G3DSA:2.60.40.10
A0A735B6L7,2,G3DSA:2.60.40.10
A0A735EBB5,2,G3DSA:2.60.40.10
A0A735EBB5,3,SM00495
A0A735ILP6,2,G3DSA:2.60.40.10
A0A735MGV5,2,G3DSA:2.60.40.10
A0A735MGV5,3,SM00495
A0A735NWK3,2,G3DSA:2.60.40.10
A0A735PVI8,2,G3DSA:2.60.40.10
A0A735PVI8,3,SM00495
A0A735REG3,2,G3DSA:2.60.40.10
A0A735SBE4,2,G3DSA:2.60.40.10
A0A735Z157,2,G3DSA:2.60.40.10
A0A736A116,2,G3DSA:2.60.40.10
A0A736I479,2,G3DSA:2.60.40.10
A0A736KKK8,2,G3DSA:2.60.40.10
A0A736Q2B5,2,G3DSA:2.60.40.10
A0A736TH90,2,G3DSA:2.60.40.10
A0A736VDG2,2,G3DSA:2.60.40.10
A0A736Z6D0,2,G3DSA:2.60.40.10
A0A737BMF8,2,G3DSA:2.60.40.10
A0A737BMF8,3,SM00495
A0A737C659,2,G3DSA:2.60.40.10
A0A737C6X8,2,G3DSA:2.60.40.10
A0A737GX42,2,G3DSA:2.60.40.10
A0A737GX42,3,SM00495
A0A737HV46,2,G3DSA:2.60.40.10
A0A737INQ2,2,G3DSA:2.60.40.10
A0A737INQ2,3,SM00495
A0A737NP34,2,G3DSA:2.60.40.10
A0A737U372,2,G3DSA:2.60.40.10
A0A737VAT3,2,G3DSA:2.60.40.10
A0A737Y5W7,2,G3DSA:2.60.40.10
A0A737Y5W7,3,SM00495
A0A738AYJ6,2,G3DSA:2.60.40.10
A0A738YQJ5,2,G3DSA:2.60.40.10
A0A739C2W5,2,G3DSA:2.60.40.10
A0A739DQI2,2,G3DSA:2.60.40.10
A0A739DQI2,3,PF02839
A0A739LMS4,2,G3DSA:2.60.40.10
A0A739LQZ8,2,G3DSA:2.60.40.10
A0A740VGW1,2,G3DSA:2.60.40.10
A0A740XBI7,2,G3DSA:2.60.40.10
A0A741CLV6,2,G3DSA:2.60.40.10
A0A741MZ92,2,G3DSA:2.60.40.10
A0A741N659,2,G3DSA:2.60.40.10
A0A742R6P2,2,G3DSA:2.60.40.10
A0A742TTG5,2,G3DSA:2.60.40.10
A0A742XW07,2,G3DSA:2.60.40.10
A0A742YHE1,2,G3DSA:2.60.40.10
A0A742ZJF6,2,G3DSA:2.60.40.10
A0A743C8V7,2,G3DSA:2.60.40.10
A0A743SM11,2,G3DSA:2.60.40.10
A0A743WQB2,2,G3DSA:2.60.40.10
A0A743ZHF9,2,G3DSA:2.60.40.10
A0A744C294,2,G3DSA:2.60.40.10
A0A744EGR9,2,G3DSA:2.60.40.10
A0A744FYG0,2,G3DSA:2.60.40.10
A0A744JN57,2,G3DSA:2.60.40.10
A0A744LJ28,2,G3DSA:2.60.40.10
A0A744QEY0,2,G3DSA:2.60.40.10
A0A745J6T0,2,G3DSA:2.60.40.10
A0A746AD98,2,G3DSA:2.60.40.10
A0A746JLD9,2,G3DSA:2.60.40.10
A0A747HK65,2,G3DSA:2.60.40.10
A0A747Q8Q6,2,G3DSA:2.60.40.10
A0A747QKH8,2,G3DSA:2.60.40.10
A0A747V2K5,2,G3DSA:2.60.40.10
A0A748XT52,2,G3DSA:2.60.40.10
A0A749KXE5,2,G3DSA:2.60.40.10
A0A749LP32,2,G3DSA:2.60.40.10
A0A749NIZ8,2,G3DSA:2.60.40.10
A0A749T561,2,G3DSA:2.60.40.10
A0A749WZ62,2,G3DSA:2.60.40.10
A0A749YTN4,2,G3DSA:2.60.40.10
A0A750HT56,2,G3DSA:2.60.40.10
A0A750IM03,2,G3DSA:2.60.40.10
A0A750KIQ5,2,G3DSA:2.60.40.10
A0A750KIQ5,3,SM00495
A0A751ZXB9,2,G3DSA:2.60.40.10
A0A752IEZ5,2,G3DSA:2.60.40.10
A0A752IMI2,2,G3DSA:2.60.40.10
A0A752KAH8,2,G3DSA:2.60.40.10
A0A752VS81,2,G3DSA:2.60.40.10
A0A753A1W2,2,G3DSA:2.60.40.10
A0A753A1W2,3,SM00495
A0A753B060,2,G3DSA:2.60.40.10
A0A753FVY8,2,G3DSA:2.60.40.10
A0A753X134,2,G3DSA:2.60.40.10
A0A754D784,2,G3DSA:2.60.40.10
A0A754DTY1,2,G3DSA:2.60.40.10
A0A754Q7D3,2,G3DSA:2.60.40.10
A0A755V327,2,G3DSA:2.60.40.10
A0A755XC74,2,G3DSA:2.60.40.10
A0A756I0J2,2,G3DSA:2.60.40.10
A0A759YDV7,2,G3DSA:2.60.40.10
A0A760MH65,2,G3DSA:2.60.40.10
A0A760R9N6,2,G3DSA:2.60.40.10
A0A760RZI1,2,G3DSA:2.60.40.10
A0A760ZLV9,2,G3DSA:2.60.40.10
A0A761P895,2,G3DSA:2.60.40.10
A0A762AKZ0,2,G3DSA:2.60.40.10
A0A762G9J5,2,G3DSA:2.60.40.10
A0A762Y700,2,G3DSA:2.60.40.10
A0A763BNY1,2,G3DSA:2.60.40.10
A0A763FYB2,2,G3DSA:2.60.40.10
A0A763MAW8,2,G3DSA:2.60.40.10
A0A763VSU6,2,G3DSA:2.60.40.10
A0A764B1C5,2,G3DSA:2.60.40.10
A0A764IUN5,2,G3DSA:2.60.40.10
A0A764PJV6,2,G3DSA:2.60.40.10
A0A765IQB0,2,G3DSA:2.60.40.10
A0A776QUT4,1,SM00495
A0A776QUT4,2,SM00495
A0A776QUT4,3,SM00495
A0A776QUT4,4,SM00495
A0A776QUT4,5,SM00495
A0A776QUT4,6,PF02839
A0A776QUT4,7,SM00495
A0A7A0HCQ9,1,SM00495
A0A7A0HCQ9,2,SM00495
A0A7A0HCQ9,3,SM00495
A0A7A0HCQ9,4,SM00495
A0A7A0HCQ9,5,SM00495
A0A7A0HCQ9,6,PF02839
A0A7A0HCQ9,7,SM00495
A0A7A2R114,1,SM00495
A0A7A2R114,2,SM00495
A0A7A2R114,3,SM00495
A0A7A2R114,4,SM00495
A0A7A2R114,5,SM00495
A0A7A2R114,6,PF02839
A0A7A2R114,7,SM00495
A0A7C0VCB2,2,PF08239
A0A7C0VCB2,3,PF08239
A0A7C1EIN6,1,PF02839
A0A7C1EIN6,2,PF02839
A0A7C1RC28,1,PS51257
A0A7C2AV36,2,G3DSA:2.60.40.10
A0A7C2JBM9,3,PF00535
A0A7C2K5H8,2,PF08239
A0A7C2K5H8,3,PF08239
A0A7C2K5H8,4,G3DSA:2.60.40.10
A0A7C3D4I7,2,G3DSA:2.60.40.10
A0A7C3E8D0,1,PS51257
A0A7C3FDL6,1,PS51257
A0A7C3N678,2,PF08239
A0A7C3N678,3,PF08239
A0A7C4ANY6,3,PF00535
A0A7C4F6D5,1,PF01476
A0A7C4F6D5,2,PF01476
A0A7C4FN41,1,PS51257
A0A7C4N655,1,PS51257
A0A7C4T372,1,PS51257
A0A7C4U3Q0,1,G3DSA:2.60.40.10
A0A7C4U9H5,3,PF08239
A0A7C5A5Z4,1,PF02839
A0A7C5A715,1,PF02839
A0A7C5A715,2,PF02839
A0A7C5E993,1,PS51257
A0A7C5F7A4,6,G3DSA:2.60.40.10
A0A7C5F7A4,7,PF17957
A0A7C5FQF0,3,PF00535
A0A7C6BUK6,1,PF01476
A0A7C6BUK6,2,PF01476
A0A7C6C976,1,PF08239
A0A7C6C9F0,1,PF01476
A0A7C6D7B5,1,PF07833
A0A7C6D937,1,PF01476
A0A7C6D937,2,PF01476
A0A7C6DDQ1,1,PF01476
A0A7C6DDQ1,2,PF01476
A0A7C6E2F9,3,PF00535
A0A7C6GJJ3,1,PF08239
A0A7C6GL91,1,PF01476
A0A7C6GL91,2,PF01476
A0A7C6GWJ2,1,PF08239
A0A7C6HAT5,1,PF07833
A0A7C6HDV1,1,PF01476
A0A7C6HDV1,2,PF01476
A0A7C6HES0,1,PF01476
A0A7C6HES0,2,PF01476
A0A7C6HUJ6,2,PF00395
A0A7C6HUJ6,3,PF00395
A0A7C6HUJ6,4,PF00395
A0A7C6HWX2,1,PS51257
A0A7C6HWX6,1,PS51257
A0A7C6I2X8,1,PS51257
A0A7C6IQU3,1,PF08239
A0A7C6IVG5,1,PF07833
A0A7C6IW70,1,PF07833
A0A7C6IY19,1,PF01476
A0A7C6IY19,2,PF01476
A0A7C6J0R2,1,PS51257
A0A7C6J0U7,1,PF01476
A0A7C6J0U7,2,PF01476
A0A7C6JM93,1,PS51257
A0A7C6JTH1,1,PF07833
A0A7C6JTS0,1,PF01476
A0A7C6JTS0,2,PF01476
A0A7C6JXE8,1,PF01476
A0A7C6JXE8,2,PF01476
A0A7C6JXR5,1,PF01476
A0A7C6JXR5,2,PF01476
A0A7C6K0N4,1,PF01476
A0A7C6K0N4,2,PF01476
A0A7C6K269,1,PS51257
A0A7C6KJ70,1,PF08239
A0A7C6KNL5,1,PF08239
A0A7C6KRU4,2,PF01476
A0A7C6KX77,2,PF00395
A0A7C6KX77,3,PF00395
A0A7C6KX77,4,PF00395
A0A7C6LRZ3,1,PF01476
A0A7C6LRZ3,2,PF01476
A0A7C6M0J6,1,PS51257
A0A7C6M6S5,1,PF01476
A0A7C6M6S5,2,PF01476
A0A7C6MZ10,1,PF01476
A0A7C6MZ10,2,PF01476
A0A7C6N5S7,1,PF08239
A0A7C6NAM2,1,PS51257
A0A7C6NV77,1,PF01476
A0A7C6NV77,2,PF01476
A0A7C6NVJ6,1,PF01476
A0A7C6NVJ6,2,PF01476
A0A7C6NWD0,1,PF01476
A0A7C6NWD0,2,PF01476
A0A7C6NX77,1,PF01476
A0A7C6NX77,2,PF01476
A0A7C6NYY1,1,PF01476
A0A7C6NYY1,2,PF01476
A0A7C6NZJ3,1,PF01476
A0A7C6NZJ3,2,PF01476
A0A7C6P0B2,1,PF01476
A0A7C6P0B2,2,PF01476
A0A7C6P390,1,PS51257
A0A7C6PW20,1,PF07833
A0A7C6Q002,3,PF02839
A0A7C6Q1W5,1,PF01476
A0A7C6Q1W5,2,PF01476
A0A7C6Q339,2,PF01476
A0A7C6Q339,3,PF08239
A0A7C6Q573,1,PS51257
A0A7C6QBR0,2,PF08239
A0A7C6QD97,1,PF08239
A0A7C6QEG2,1,PF07833
A0A7C6QN86,1,PF08239
A0A7C6QVK0,1,PF01476
A0A7C6QVK0,2,PF01476
A0A7C6QVK0,3,PF01476
A0A7C6QVK3,1,PF00395
A0A7C6QVK3,2,PF00395
A0A7C6QVK3,3,PF00395
A0A7C6QW21,1,PS51257
A0A7C6QW21,3,PF00395
A0A7C6QW21,4,PF00395
A0A7C6QW21,5,PF00395
A0A7C6R5S2,1,PF01476
A0A7C6R5S2,2,PF01476
A0A7C6RSL3,1,PF08239
A0A7C6S5W0,1,PF01476
A0A7C6S5W0,2,PF01476
A0A7C6SIF9,1,PF01476
A0A7C6SIF9,2,PF01476
A0A7C6SJK1,1,PF02839
A0A7C6SJK1,2,PF02839
A0A7C6ST59,1,PS51257
A0A7C6ST59,2,PF07833
A0A7C6STP1,1,PF07833
A0A7C6SZQ4,1,PF07833
A0A7C6U1T8,1,PS51257
A0A7C6U399,1,PS51257
A0A7C6U4U7,1,PF01476
A0A7C6U4U7,2,PF01476
A0A7C6ULF3,1,PF07833
A0A7C6UXG3,1,PF07833
A0A7C6UY75,1,PF01476
A0A7C6UY75,2,PF01476
A0A7C6UZW9,1,PF07833
A0A7C6V141,1,PF07833
A0A7C6WAE9,1,PF08239
A0A7C6WEA3,1,PS51257
A0A7C6WN85,1,PF01476
A0A7C6WN85,2,PF01476
A0A7C6WU75,1,PF07833
A0A7C6WXK9,1,PF08239
A0A7C6X4F5,1,PF07833
A0A7C6X4F5,2,PF08239
A0A7C6YM27,3,G3DSA:2.60.40.10
A0A7C6YM27,6,PF00041
A0A7C6YPB9,1,PF07833
A0A7C6YSC5,1,PF08239
A0A7C6YWL2,1,PF00041
A0A7C6YWL2,2,PF17957
A0A7C6YYC6,2,PF00395
A0A7C6YYC6,3,PF00395
A0A7C6YYC6,4,PF00395
A0A7C6YYF1,2,PF00395
A0A7C6YYF1,3,PF00395
A0A7C6Z0Z7,1,PF00395
A0A7C6Z0Z7,2,PF00395
A0A7C6Z0Z7,3,PF00395
A0A7C6Z489,2,PF01476
A0A7C6Z672,1,PS51257
A0A7C6ZAG6,1,PF08239
A0A7C6ZDT1,2,PF01476
A0A7C6ZP07,1,PF08239
A0A7C6ZYC2,1,PF01476
A0A7C6ZYC2,2,PF01476
A0A7C6ZZZ7,1,PF07833
A0A7C7A1K9,1,PF07833
A0A7C7A7E0,1,PF01476
A0A7C7A7E0,2,PF01476
A0A7C7AGQ3,1,PF01476
A0A7C7AGQ3,2,PF01476
A0A7C7AI19,2,PF00395
A0A7C7AI19,3,PF00395
A0A7C7AI19,4,PF00395
A0A7C7AJH9,1,PF01476
A0A7C7AJH9,2,PF01476
A0A7C7AKD3,1,PF01476
A0A7C7AKD3,2,PF01476
A0A7C7AKZ6,2,PF00395
A0A7C7AKZ6,3,PF00395
A0A7C7AKZ6,4,PF00395
A0A7C7ARN4,1,PS51257
A0A7C7ASJ2,1,PS51257
A0A7C7CYW5,2,PF00041
A0A7C7D1X8,1,PF01476
A0A7C7D1X8,2,PF01476
A0A7C7D4G0,1,PF01476
A0A7C7D4G0,2,PF01476
A0A7C7DER9,1,PF07833
A0A7C7DI95,1,PF00395
A0A7C7DI95,2,PF00395
A0A7C7DJL5,1,PF07833
A0A7C7DZV1,2,PF00395
A0A7C7DZV1,3,PF00395
A0A7C7E325,1,PF07833
A0A7C7E770,1,PF07833
A0A7C7E770,2,PF08239
A0A7C7E7J0,1,PF01476
A0A7C7E7J0,2,PF01476
A0A7C7E9Q3,1,PF07833
A0A7C7EAC5,1,PS51257
A0A7C7ED37,1,PF01476
A0A7C7ED37,2,PF01476
A0A7C7EEH7,1,PF00395
A0A7C7EEH7,2,PF00395
A0A7C7EEH7,3,PF00395
A0A7C7EEU1,1,PF07833
A0A7C7EQP1,1,PF01476
A0A7C7EQP1,2,PF01476
A0A7C7HXB9,2,G3DSA:2.60.40.10
A0A7C7LL99,2,G3DSA:2.60.40.10
A0A7C7MNQ7,2,G3DSA:2.60.40.10
A0A7C7P8P6,2,G3DSA:2.60.40.10
A0A7C7UE88,1,PS51257
A0A7C7YDU7,1,PS51257
A0A7C8GTB0,1,PF01476
A0A7C8GTB0,2,PF01476
A0A7C8HDT5,1,PF07833
A0A7C8HDT5,2,PF08239
A0A7C8HFD8,1,PF07833
A0A7C8HFD8,2,PF01476
A0A7C8HGN2,1,PF01476
A0A7C8HGN2,2,PF01476
A0A7C8HGN2,3,PF08239
A0A7C8KSC0,1,PF01476
A0A7C8KSC0,2,PF01476
A0A7C8LZ54,5,PF02839
A0A7C9BDC8,1,PS51257
A0A7C9GMU2,2,PF02839
A0A7C9HDD1,3,PF00535
A0A7C9HRM6,1,PS51257
A0A7C9HVZ5,1,PF00553
A0A7C9HVZ5,2,PF17957
A0A7C9HZA0,1,PS51257
A0A7C9HZA0,2,PF00553
A0A7C9I2K9,1,PS51257
A0A7C9I2K9,2,PF00553
A0A7C9I2K9,3,PF17957
A0A7C9J1Z4,1,PF02018
A0A7C9J9X3,2,PF00041
A0A7C9JH33,1,PF00553
A0A7C9K0X2,2,G3DSA:2.60.40.10
A0A7C9K0X2,3,PF02839
A0A7C9K0X2,4,PF02839
A0A7C9LCN6,1,PF07833
A0A7C9LP38,1,PS51257
A0A7C9LP38,2,PF00553
A0A7C9LP38,3,PF17957
A0A7C9NFV7,1,PF00553
A0A7C9NFV7,2,PF00041
A0A7C9NPP9,1,PF02018
A0A7C9NPP9,2,G3DSA:2.60.40.10
A0A7C9P0Z8,1,PF00553
A0A7C9P0Z8,2,PF00041
A0A7C9RLZ6,1,PF00553
A0A7C9RV77,1,PS51257
A0A7C9RV77,2,PF02018
A0A7C9RXT7,1,PS51318
A0A7C9VS43,1,PF00553
A0A7C9VY95,2,PF02839
A0A7C9W080,1,PF00553
A0A7C9W080,2,PF00553
A0A7C9W080,3,PF00041
A0A7D3VRP8,1,PS51318
A0A7D3VRP8,2,PF00553
A0A7D3VRP8,3,PF00041
A0A7D3XQ62,1,PF08329
A0A7D3XQ62,2,PF00041
A0A7D3Y192,1,PS51257
A0A7D3ZWP8,1,PF00553
A0A7D3ZWP8,2,PF00553
A0A7D3ZWP8,3,PF00041
A0A7D4A7T1,1,PF02839
A0A7D4KES4,3,PF00535
A0A7D4Q363,1,PS51318
A0A7D4Q363,2,SM00495
A0A7D4Q363,4,SM00495
A0A7D4UG53,3,PF00535
A0A7D5J620,1,SM00495
A0A7D5J620,2,PF17957
A0A7D5J8U9,1,PF08329
A0A7D5J8U9,3,G3DSA:2.60.40.10
A0A7D5J8U9,4,G3DSA:2.60.40.10
A0A7D5J8U9,5,PF02839
A0A7D5J8U9,6,PF02839
A0A7D5JZ48,4,PF02839
A0A7D5KXN2,1,PF02839
A0A7D5MCV0,2,PF00041
A0A7D5MCV0,3,PF02839
A0A7D5MCX5,1,PF02839
A0A7D5MEB7,1,PF02839
A0A7D5MET9,2,PF00041
A0A7D5MET9,3,PF02839
A0A7D5NSE8,2,G3DSA:2.60.40.10
A0A7D5NSE8,3,PF00041
A0A7D5NSE8,4,PF02839
A0A7D5V9I5,1,PF02839
A0A7D5V9I5,2,PF02839
A0A7D5VBN2,1,PF02839
A0A7D5VBN2,2,SM00495
A0A7D5VC05,1,PF02839
A0A7D5VC05,2,PF02839
A0A7D5VCH5,1,SM00495
A0A7D5VCH5,2,PF02839
A0A7D5VDX2,1,PF00553
A0A7D5VG04,1,PS51318
A0A7D5VG04,3,PF02018
A0A7D5VL24,1,PS51318
A0A7D5VL24,2,PF02018
A0A7D5VL24,3,PF00041
A0A7D5VLR3,1,PF02018
A0A7D5VLR3,2,PF00041
A0A7D5Y710,1,PF00553
A0A7D5Z4J7,2,PF02839
A0A7D5Z4J7,3,PF02839
A0A7D5ZD77,1,PF02839
A0A7D5ZD77,2,PF02839
A0A7D5ZIX0,1,PF00553
A0A7D5ZIX0,2,PF00041
A0A7D5ZIY7,1,PF02839
A0A7D5ZIY7,2,PF02839
A0A7D5ZJB8,1,PF02839
A0A7D5ZJB8,2,PF02839
A0A7D5ZJJ4,2,PF02018
A0A7D5ZM90,1,PS51257
A0A7D5ZNP0,1,PF02839
A0A7D5ZNP0,2,PF02839
A0A7D6IGA3,1,PS51318
A0A7D7BSW4,1,PS51257
A0A7D7FUB2,1,PS51257
A0A7D8D553,1,PF01476
A0A7D8D553,2,PF01476
A0A7D8IPY7,2,G3DSA:2.60.40.10
A0A7G1GM63,1,SM00495
A0A7G1GM63,2,PF17957
A0A7G1GM63,3,PF17957
A0A7G1GM63,5,SM00495
A0A7G1GMN3,1,PF08329
A0A7G1GMN3,3,PF22352
A0A7G1GMN3,5,PF02839
A0A7G1GMN3,6,PF02839
A0A7G1NJQ9,1,PF00553
A0A7G1NJQ9,2,PF00041
A0A7G1NLZ7,1,PS51318
A0A7G1NLZ7,2,PF02018
A0A7G1NLZ7,3,PF00041
A0A7G1NW96,1,PF00553
A0A7G1NW96,2,PF00041
A0A7G1NWQ5,1,PF02018
A0A7G1NWQ5,2,PF00041
A0A7G1NX69,1,PS51318
A0A7G1NX69,2,PF02018
A0A7G1NX69,3,PF00041
A0A7G1P960,1,PF00553
A0A7G2JHQ2,1,PF08329
A0A7G2JQW7,2,SM00495
A0A7G3G633,1,PF02839
A0A7G3G9N2,1,PF02839
A0A7G3UM21,1,PF00553
A0A7G3UM21,2,G3DSA:2.60.40.10
A0A7G3UMM5,2,PF02839
A0A7G5BSP3,1,PF00395
A0A7G5BSP3,2,PF00395
A0A7G5BSP3,3,PF00395
A0A7G5C241,1,G3DSA:2.60.40.10
A0A7G5C241,3,PF00041
A0A7G5C241,4,PF00395
A0A7G5C241,5,PF00395
A0A7G5C241,6,PF00395
A0A7G5C2U0,1,PF07833
A0A7G5C655,1,PF07833
A0A7G5DYF1,3,PF00535
A0A7G5MYZ5,1,PF07833
A0A7G5MYZ5,2,PF08239
A0A7G5N258,1,PF01476
A0A7G5N258,2,PF01476
A0A7G6E696,1,PF07833
A0A7G6WVP6,1,PF02018
A0A7G6WVP6,2,PF00041
A0A7G6X0D9,1,PF02839
A0A7G6X250,1,PF00553
A0A7G6X250,2,PF00041
A0A7G6X251,2,PF02839
A0A7G6X4X8,1,PS51318
A0A7G6XFI1,1,PF02018
A0A7G6XFI1,2,PF00041
A0A7G6XG75,1,PF00553
A0A7G6XG75,2,PF00041
A0A7G6XH52,1,PF02018
A0A7G6XH52,2,PF00041
A0A7G6XLT1,2,PF02839
A0A7G6XQ28,2,PF02839
A0A7G6YFI6,1,PS51318
A0A7G6YFI6,2,PF00553
A0A7G6YFI6,3,PF00553
A0A7G6Z786,1,PS51257
A0A7G7BHS3,1,PF00553
A0A7G7BHS3,2,PF00041
A0A7G7BIU9,1,PF02018
A0A7G7BIU9,2,PF00041
A0A7G7UBW6,1,PF01476
A0A7G7UBW6,2,PF01476
A0A7G7UDC8,1,PF01476
A0A7G7UDC8,2,PF01476
A0A7G8DFX2,1,PF00553
A0A7G8DFX2,2,PF00553
A0A7G8E998,1,PF00553
A0A7G8EH79,1,PF00553
A0A7G8FX26,1,PF00553
A0A7G8HLP2,1,PF00553
A0A7G8UL70,1,PF01476
A0A7G8UL70,2,PF01476
A0A7G8USF3,1,PF00395
A0A7G8USF3,2,PF00395
A0A7G8UUG3,1,PF07833
A0A7G8UUG3,2,PF08239
A0A7G8UUK8,1,PF00395
A0A7G8UUK8,2,PF00395
A0A7G8UUK8,3,PF00395
A0A7G8UXD5,1,G3DSA:2.60.40.10
A0A7G8UXD5,2,PF00041
A0A7G8UXD5,4,PF00041
A0A7G8UXD5,5,PF00395
A0A7G8UXD5,6,PF00395
A0A7G8UXD5,7,PF00395
A0A7G8UZ92,1,PS51257
A0A7G8V0P1,1,PS51257
A0A7G8V2V1,1,PS51257
A0A7G8V7Y8,1,PS51257
A0A7G8V7Y8,4,PF00535
A0A7G8X0N4,1,PF01476
A0A7G8X0N4,2,PF01476
A0A7G8XA51,1,PF01476
A0A7G8XA51,2,PF01476
A0A7G8YS23,2,G3DSA:2.60.40.10
A0A7G8YS23,3,PF02839
A0A7G9B156,2,PF00395
A0A7G9B156,3,PF00395
A0A7G9B156,4,PF00395
A0A7G9B2F5,1,PF01476
A0A7G9B2F5,2,PF01476
A0A7G9B7P9,1,PF00395
A0A7G9B7P9,2,PF00395
A0A7G9B7P9,3,PF00395
A0A7G9BIM0,1,PS51257
A0A7G9FWI0,1,PS51257
A0A7G9FWI0,2,PF08239
A0A7G9G1H6,1,PF08239
A0A7G9G1K3,1,PF01476
A0A7G9G9P3,1,PF08239
A0A7G9GG87,1,PF01476
A0A7G9GSR4,1,PF02839
A0A7G9QB87,1,PS51257
A0A7G9QBB1,1,PS51257
A0A7G9QFW8,3,PF00535
A0A7G9R5H8,1,PF02839
A0A7G9RTA4,1,PS51257
A0A7G9RTA4,4,G3DSA:2.60.40.10
A0A7G9XT70,2,PF02839
A0A7G9XT70,3,PF02839
A0A7H0HWW4,1,PF02018
A0A7H0HWW4,2,PF00041
A0A7H0HXQ6,1,PF00553
A0A7H0HXQ6,2,PF00041
A0A7H0HYG6,1,PF02018
A0A7H0HYG6,2,PF00041
A0A7H0I3I8,3,PF02839
A0A7H0M8F4,2,PF00041
A0A7H0M8F4,3,SM00495
A0A7H0MAD3,2,PF22352
A0A7H0MAD3,3,PF02839
A0A7H0NFZ1,1,PF02018
A0A7H0NFZ1,2,PF00041
A0A7H0NGS4,1,PF00553
A0A7H0NGS4,2,PF00041
A0A7H0NST1,2,PF02839
A0A7H0NVN4,1,PF02018
A0A7H0NVN4,2,PF00041
A0A7H0Y6N7,1,PF07833
A0A7H0YA09,1,PF07833
A0A7H0YCT2,1,PF00395
A0A7H0YCT2,2,PF00395
A0A7H0YCT2,3,PF00395
A0A7H1B180,1,PS51318
A0A7H1B180,2,PF02018
A0A7H1B180,3,PF00041
A0A7H1B5U9,1,PF00553
A0A7H1B5U9,2,PF00041
A0A7H1BBI4,1,PF00553
A0A7H1BF85,1,PS51318
A0A7H1BF85,3,PF02839
A0A7H1K1N9,2,PF00041
A0A7H1K1N9,3,PF02839
A0A7H1PXB8,1,PF02018
A0A7H1PXB8,2,PF00041
A0A7H1PZ23,1,PS51318
A0A7H1PZ23,2,PF02018
A0A7H1PZ23,3,PF00041
A0A7H1Q4N0,1,PF00553
A0A7H1Q9Z1,2,PF02018
A0A7H1QB50,1,PS51318
A0A7H1QB50,3,PF02018
A0A7H1RT40,1,PF01476
A0A7H1RT40,2,PF01476
A0A7H1RYA3,1,PF01476
A0A7H1RYA3,2,PF01476
A0A7H4LXN7,2,G3DSA:2.60.40.10
A0A7H4N512,2,G3DSA:2.60.40.10
A0A7H4N817,2,G3DSA:2.60.40.10
A0A7H5A1S8,2,G3DSA:2.60.40.10
A0A7H8H8E1,2,PF02018
A0A7H8HGF7,1,PF02018
A0A7H8HJF9,1,PF00553
A0A7H8HK01,1,PF00553
A0A7H8HQN8,1,PS51257
A0A7H8HQN8,2,PF02018
A0A7H8HQN8,3,PF00041
A0A7H8HSI2,1,PS51318
A0A7H8HX69,1,PS51318
A0A7H8HZA6,1,PF00553
A0A7H8HZA6,2,PF00041
A0A7H8KDM6,1,PF00553
A0A7H8KFN8,1,PF00553
A0A7H8KHI6,1,PS51318
A0A7H8KHI6,2,PF00553
A0A7H8KRB5,1,PF00553
A0A7H8KRB5,2,PF00041
A0A7H8KS01,1,PF00553
A0A7H8KS01,2,PF00041
A0A7H8KTG8,2,SM00495
A0A7H8KTK4,1,PF02018
A0A7H8KTK4,2,PF00041
A0A7H8KU67,1,PF02018
A0A7H8KXU8,1,PS51318
A0A7H8KXU8,3,PF02018
A0A7H8KYT1,1,PF02018
A0A7H8L260,1,PF00553
A0A7H8L260,2,PF00041
A0A7H8L2B2,2,PF02018
A0A7H8L4J2,1,PF02018
A0A7H8L4J2,2,PF00041
A0A7H8L553,1,PF02018
A0A7H8L553,2,PF00041
A0A7H8L5A1,1,PF00553
A0A7H8L5A1,2,PF00041
A0A7H8L5C8,2,SM00495
A0A7H8L615,1,PF02018
A0A7H8M6E0,1,PS51318
A0A7H8M6E0,2,PF00553
A0A7H8M6E0,3,PF00041
A0A7H8M750,1,PF00553
A0A7H8M750,2,PF00041
A0A7H8M8G0,1,PF02018
A0A7H8M8G0,2,PF00041
A0A7H8MF14,1,PF00553
A0A7H8MF14,2,PF00041
A0A7H8MH76,1,PS51318
A0A7H8MI12,1,PS51318
A0A7H8MUK5,1,PF02018
A0A7H8MUK5,2,PF00041
A0A7H8MZD8,1,PF02018
A0A7H8MZD8,2,PF00041
A0A7H8N1M7,2,PF02839
A0A7H8NCA1,1,PF02018
A0A7H8NCA1,2,PF00041
A0A7H8ND03,1,PS51318
A0A7H8NDC3,1,PF00553
A0A7H8NDC3,2,PF00041
A0A7H8NFW1,2,PF02839
A0A7H8NHN1,1,PF00553
A0A7H8NHN1,2,PF00041
A0A7H8NUG8,1,SM00495
A0A7H8NUG8,2,PF17957
A0A7H8NUG8,3,PF00041
A0A7H8PJW8,1,SM00495
A0A7H8PJW8,3,PF17957
A0A7H8PJW8,4,PF17957
A0A7H8PJW8,5,SM00495
A0A7H8PJW8,6,PF02839
A0A7H8PLN4,2,PF17957
A0A7H8PLN4,3,PF17957
A0A7H8PLN4,5,G3DSA:2.60.40.10
A0A7H8PLN4,6,SM00495
A0A7H8PLN4,7,PF17957
A0A7H8PLN4,8,PF17957
A0A7H8PLN4,9,SM00495
A0A7H8PLN4,10,PF02839
A0A7H8PML4,2,PF17957
A0A7H8PML4,3,PF17957
A0A7H8PML4,4,SM00495
A0A7H8PML4,5,PF17957
A0A7H8PML4,6,PF17957
A0A7H8PML4,7,SM00495
A0A7H8PPJ0,2,PF17957
A0A7H8PPJ0,4,PF17957
A0A7H8PPJ0,5,PF02839
A0A7H8PPJ0,6,PF17957
A0A7H8PPJ0,7,SM00495
A0A7H8PPJ0,8,PF17957
A0A7H8PTL5,1,SM00495
A0A7H8PTL5,2,PF17957
A0A7H8PTL5,3,PF17957
A0A7H8PZ20,1,PF08329
A0A7H8PZ20,3,PF22352
A0A7H8PZ20,4,PF22352
A0A7H8PZ20,6,SM00495
A0A7H8PZ20,7,PF02839
A0A7H8PZD8,1,SM00495
A0A7H8PZD8,2,SM00495
A0A7H8Q2I5,1,SM00495
A0A7H8Q2I5,2,PF02839
A0A7H8S9Q5,1,PF01476
A0A7H8S9Q5,2,PF01476
A0A7H8S9Q5,3,PF01476
A0A7H8T2T2,1,PF02018
A0A7H8T2T2,2,PF00041
A0A7H8T4A6,1,PF02018
A0A7H8T4A6,2,PF00041
A0A7H8T5Z6,1,PF00553
A0A7H8T5Z6,2,PF00041
A0A7H8TAV1,1,PF02018
A0A7H8TAV1,2,PF00041
A0A7H8TD69,1,PF00553
A0A7H8UIR9,1,PF08329
A0A7H8UIR9,3,PF22352
A0A7H8UIR9,5,PF02839
A0A7H8UIR9,6,PF02839
A0A7H8WEM3,3,PF00535
A0A7H8XQE7,1,PF00553
A0A7H8XRW8,1,PF00553
A0A7H8XWP5,1,PF00553
A0A7H8XWP5,2,PF00041
A0A7H9BDU9,2,PF02839
A0A7H9BDU9,3,PF02839
A0A7H9BH75,1,SM00495
A0A7H9BH75,2,PF02839
A0A7H9BHI8,1,PF02839
A0A7H9BHI8,2,SM00495
A0A7H9BN34,1,PF02839
A0A7H9BN34,2,PF02839
A0A7H9BN42,1,PF02839
A0A7H9BN42,2,PF02839
A0A7H9BNN2,1,PF02839
A0A7H9BNN2,2,PF02839
A0A7H9BP05,1,PF02839
A0A7H9BP10,1,PF02839
A0A7H9BP10,2,PF02839
A0A7H9BPH6,1,PF02839
A0A7H9BPH6,2,PF02839
A0A7H9S1F9,1,SM00495
A0A7H9S1F9,2,SM00495
A0A7H9S1F9,3,SM00495
A0A7H9S1F9,4,SM00495
A0A7H9S1F9,5,SM00495
A0A7H9S1F9,6,PF02839
A0A7H9S1F9,7,SM00495
A0A7I7JW88,6,PF00553
A0A7I7JW88,8,PF00553
A0A7I7L7U2,2,PF00553
A0A7I7L7U2,3,PF00553
A0A7I7MJW0,2,PF00553
A0A7I7MJW0,4,PF00553
A0A7I7U6L0,5,PF00553
A0A7I7U6L0,6,PF00553
A0A7I8D412,2,PF08239
A0A7I8D412,3,PF08239
A0A7I8D412,4,PF08239
A0A7I8DD49,1,PF01476
A0A7I8DD49,2,PF01476
A0A7I8DES5,1,PF01476
A0A7I8DES5,2,PF01476
A0A7I8DFG3,1,PF07833
A0A7I8DH06,1,PF01476
A0A7I8DH06,2,PF01476
A0A7I8DI45,5,PF02839
A0A7I8DIB0,1,PF02839
A0A7I8DIV6,1,PF01476
A0A7I8DIV6,2,PF01476
A0A7I8DLM4,1,PF01476
A0A7I8DLM4,2,PF01476
A0A7I8DLX4,1,PF01476
A0A7I8DLX4,2,PF01476
A0A7I8DP50,1,PF01476
A0A7I8DP50,2,PF01476
A0A7I8DS69,1,PF01476
A0A7I8DS69,2,PF01476
A0A7I8E957,1,PS51257
A0A7I8EBB0,1,PF02839
A0A7I8EBB0,2,PF02839
A0A7I8EBC4,1,PF02839
A0A7I8EBC4,2,PF02839
A0A7I8EEC5,1,PF02839
A0A7I8EEC5,2,PF02839
A0A7I8EGK2,1,PF02839
A0A7I8EGK2,2,PF02839
A0A7I8EHI6,1,PF00041
A0A7I8EHI6,3,PF02018
A0A7I8EI72,2,PF02018
A0A7I8EN73,1,PF02018
A0A7I8YPU9,1,SM00495
A0A7I8YPU9,2,SM00495
A0A7I8YPU9,3,SM00495
A0A7I8YPU9,4,SM00495
A0A7I8YPU9,5,SM00495
A0A7I8YPU9,6,PF02839
A0A7I8YPU9,7,SM00495
A0A7I9YPI3,3,PF00553
A0A7I9ZSW2,6,PF00553
A0A7I9ZSW2,8,PF00553
A0A7J0CB11,1,PF02018
A0A7J0CB11,2,PF00041
A0A7J0CBW2,1,PF02018
A0A7J0CBW2,2,PF00041
A0A7J0CC22,1,PF00553
A0A7J0CC22,2,PF00041
A0A7J0CHB9,1,PF00553
A0A7J0CHB9,2,PF00041
A0A7J0CJN4,1,PS51318
A0A7J0CJN4,3,SM00495
A0A7J0CNP1,1,PF00553
A0A7J0CW39,1,PF02018
A0A7J0CW39,2,PF00041
A0A7J0CXB8,1,PF00553
A0A7J0CXB8,2,PF00041
A0A7J0CZ92,1,PF02018
A0A7J0CZ92,2,PF00041
A0A7J0D5U1,1,PF00553
A0A7J0D5U1,2,PF00041
A0A7J4XI54,1,PS51257
A0A7J4YPD7,1,PS51257
A0A7J4ZWG2,1,PF00553
A0A7J5C9E4,1,PF00553
A0A7J5C9E4,2,PF00041
A0A7J5CH76,1,PS51318
A0A7J5CI01,1,PS51318
A0A7J5CI01,2,PF00553
A0A7J5D9G4,1,PF00553
A0A7J5D9G4,2,PF00041
A0A7J5D9X2,1,PS51318
A0A7J5D9X2,2,PF02018
A0A7J5D9X2,3,PF00041
A0A7J5DD01,1,PS51318
A0A7J5DD01,2,PF02018
A0A7J5DD01,3,PF00041
A0A7J5DGX0,1,PF02018
A0A7J5DGX0,2,PF00041
A0A7J5DQ36,2,PF02839
A0A7J5F599,1,G3DSA:2.60.40.10
A0A7J5GZH2,1,PS51257
A0A7J5H5H7,1,PS51257
A0A7J5JMI6,1,PS51257
A0A7J5JYX8,1,PS51257
A0A7J5NZS6,1,PS51257
A0A7J5WQN6,3,PF00535
A0A7J9Y5I3,2,PF00041
A0A7J9Y9I4,1,PF02018
A0A7K0BXS3,3,SM00495
A0A7K0BYQ3,1,PF02839
A0A7K0C383,1,PS51318
A0A7K0C383,2,PF00553
A0A7K0C383,3,PF00041
A0A7K0CAB3,1,PF02018
A0A7K0CAB3,2,PF00041
A0A7K0CAH3,1,PS51318
A0A7K0CAH3,2,PF00553
A0A7K0CAH3,3,PF00041
A0A7K0CEX2,1,PF00041
A0A7K0CGP0,1,PF00553
A0A7K0CMW9,1,PF02018
A0A7K0CMW9,2,PF00041
A0A7K0CSY6,1,PS51318
A0A7K0CSY6,3,PF02839
A0A7K0CT08,1,PF02018
A0A7K0FES2,1,PS51257
A0A7K0FF24,4,G3DSA:2.60.40.10
A0A7K0FF24,5,G3DSA:2.60.40.10
A0A7K0KB35,3,PF00535
A0A7K0LVZ4,1,PF00553
A0A7K0LVZ4,2,PF00553
A0A7K0N603,1,PF00553
A0A7K0N603,3,PF00553
A0A7K0P2P1,1,PF00553
A0A7K0P2P1,2,PF00553
A0A7K0VGW4,1,PF00553
A0A7K0VGW4,3,PF00553
A0A7K0WQM5,1,PF00553
A0A7K0ZKE3,1,PF00553
A0A7K0ZKE3,2,PF00553
A0A7K1G2X8,5,G3DSA:2.60.40.10
A0A7K1G2X8,6,G3DSA:2.60.40.10
A0A7K1H2X3,1,PF00553
A0A7K1KUD1,1,PF02839
A0A7K1KZ78,1,PF00553
A0A7K1KZ78,2,PF00553
A0A7K1KZ78,3,PF00041
A0A7K1KZJ8,1,PF02018
A0A7K1KZJ8,2,PF00041
A0A7K1KZV4,1,PF00553
A0A7K1KZV4,2,PF00041
A0A7K1L2R4,1,PF00553
A0A7K1L2R4,2,PF00041
A0A7K1L3B6,1,PF00553
A0A7K1L3B6,2,PF00041
A0A7K1L711,1,PF00553
A0A7K1L711,2,PF00041
A0A7K1SRS0,3,PF00535
A0A7K1TR94,1,PF02839
A0A7K1TR94,3,PF02839
A0A7K1TSZ5,2,PF02839
A0A7K1TSZ5,3,PF02839
A0A7K1U5R3,1,PS51257
A0A7K1U6I9,2,PF17957
A0A7K1U6I9,4,PF17957
A0A7K1U6I9,5,PF02839
A0A7K1UV37,2,PF02839
A0A7K1VW09,1,PF02018
A0A7K1VW09,2,PF00041
A0A7K1VW76,1,PF00553
A0A7K1VW76,2,PF00041
A0A7K1VX07,1,PF02018
A0A7K1VX07,2,PF00041
A0A7K1VXQ9,1,PF00553
A0A7K1W467,1,PS51318
A0A7K1W467,3,SM00495
A0A7K1W5R2,1,PF00553
A0A7K1W5R2,2,PF00041
A0A7K1X287,4,G3DSA:2.60.40.10
A0A7K1X287,5,G3DSA:2.60.40.10
A0A7K1ZL75,1,PS51257
A0A7K2C2G6,1,PS51257
A0A7K2C6A9,1,PS51257
A0A7K2EUA4,1,PS51318
A0A7K2EUT5,1,PS51318
A0A7K2EUT5,2,PF02018
A0A7K2EUT5,3,PF00041
A0A7K2EYN6,1,PF00553
A0A7K2EYN6,2,PF00041
A0A7K2EZN9,1,PF02018
A0A7K2EZN9,2,PF00041
A0A7K2FFB9,1,PF00553
A0A7K2FFB9,2,PF00041
A0A7K2FHR3,1,PF00553
A0A7K2FJD7,1,PF02018
A0A7K2FJD7,2,PF00041
A0A7K2FMP1,1,PS51318
A0A7K2FMP1,2,PF02018
A0A7K2FMP1,3,PF00041
A0A7K2FR04,1,PF02018
A0A7K2FR04,2,PF00041
A0A7K2IVH0,1,PF00553
A0A7K2IVH0,2,PF00041
A0A7K2IVH7,1,PF00553
A0A7K2J0M6,1,PF00553
A0A7K2J0M6,2,PF00041
A0A7K2J1F3,1,PS51318
A0A7K2J4Y5,1,PF00553
A0A7K2J4Y5,2,PF00041
A0A7K2JG05,1,PS51318
A0A7K2JG05,2,PF02018
A0A7K2JG05,3,PF00041
A0A7K2JMQ7,1,PF00553
A0A7K2JMQ7,2,PF00041
A0A7K2JNB9,1,PF00553
A0A7K2JUC1,1,PS51318
A0A7K2JVS6,1,PS51318
A0A7K2JVS6,2,PF02018
A0A7K2JVS6,3,PF00041
A0A7K2JYK4,1,PS51318
A0A7K2JYK4,3,PF02839
A0A7K2KMV0,1,PF00553
A0A7K2KMV0,2,PF00041
A0A7K2KRQ9,2,PF02839
A0A7K2KYL7,1,PS51318
A0A7K2KYL7,2,PF02018
A0A7K2KYL7,3,PF00041
A0A7K2KZN9,1,PF02018
A0A7K2KZN9,2,PF00041
A0A7K2L0M1,2,PF02839
A0A7K2LT53,1,PF00553
A0A7K2LT53,2,PF00041
A0A7K2LUS3,2,PF02839
A0A7K2LXJ0,1,PS51318
A0A7K2M0L6,1,PS51257
A0A7K2M0L6,2,PF02018
A0A7K2M0L6,3,PF00041
A0A7K2M547,1,PS51318
A0A7K2M547,2,PF02018
A0A7K2M547,3,PF00041
A0A7K2MCD5,1,PF00553
A0A7K2MSR9,1,PF00041
A0A7K2MZE0,1,PS51318
A0A7K2MZE0,3,PF02839
A0A7K2N097,1,PF02018
A0A7K2N097,2,PF00041
A0A7K2N1H3,1,PF00553
A0A7K2N591,1,PS51318
A0A7K2N591,2,PF02018
A0A7K2N591,3,PF00041
A0A7K2N5Z5,2,G3DSA:2.60.40.10
A0A7K2N5Z5,3,PF02018
A0A7K2NA18,1,PS51318
A0A7K2NA18,2,PF00553
A0A7K2NA59,2,PF02839
A0A7K2NFE5,1,PF02018
A0A7K2NK58,1,PS51318
A0A7K2NK58,3,PF02018
A0A7K2NYQ7,1,PF00041
A0A7K2NZJ0,1,PF02018
A0A7K2NZJ0,2,PF00041
A0A7K2P7R0,2,PF02839
A0A7K2PAQ5,1,PS51318
A0A7K2PAQ5,2,PF02018
A0A7K2PAQ5,3,PF00041
A0A7K2PBS1,1,PS51318
A0A7K2PDG0,1,PF00553
A0A7K2PDG0,2,PF00041
A0A7K2PLZ4,1,PF00553
A0A7K2PSZ1,1,PF02018
A0A7K2PSZ1,2,PF00041
A0A7K2PTZ2,1,PF00553
A0A7K2PTZ2,2,PF00041
A0A7K2PUT7,1,PF02018
A0A7K2PUT7,2,PF00041
A0A7K2PXD3,1,PS51318
A0A7K2PXD3,2,PF02018
A0A7K2PXD3,3,PF00041
A0A7K2QBN0,2,PF02018
A0A7K2QGR2,1,PF02018
A0A7K2QGR2,2,PF00041
A0A7K2QK76,1,PF00553
A0A7K2QK76,2,PF00041
A0A7K2QN90,1,PF02018
A0A7K2QN90,2,PF00041
A0A7K2QNP7,2,PF02839
A0A7K2S3B8,1,PF02018
A0A7K2S3B8,2,PF00041
A0A7K2S4B9,1,PF00553
A0A7K2S4B9,2,PF00041
A0A7K2S5J1,1,PS51318
A0A7K2S5J1,3,PF02839
A0A7K2SJI6,1,PF00553
A0A7K2SJI6,2,PF00041
A0A7K2SK96,1,PF02018
A0A7K2SK96,2,PF00041
A0A7K2T9S6,1,PF00553
A0A7K2T9S6,2,PF00041
A0A7K2TGV6,1,PS51318
A0A7K2TGV6,3,PF02839
A0A7K2THG3,1,PF00553
A0A7K2THG3,2,PF00041
A0A7K2TKX4,1,PF02018
A0A7K2TKX4,2,PF00041
A0A7K2TNM8,1,PS51318
A0A7K2TNM8,3,PF02839
A0A7K2TP66,2,SM00495
A0A7K2TTE8,1,PF02018
A0A7K2TTE8,2,PF00041
A0A7K2TU37,1,PF00553
A0A7K2TU37,2,PF00041
A0A7K2U2V1,1,PF02018
A0A7K2U2V1,2,PF00041
A0A7K2VFM6,1,PF02018
A0A7K2VFM6,2,PF00041
A0A7K2VNL5,1,PF00553
A0A7K2VR00,1,PF00553
A0A7K2VR00,2,PF00041
A0A7K2VUW2,1,PF02018
A0A7K2VUW2,2,PF00041
A0A7K2VXA6,1,PS51318
A0A7K2VXA6,2,PF02018
A0A7K2VXA6,3,PF00041
A0A7K2VZ95,1,PF00553
A0A7K2VZ95,2,PF00041
A0A7K2W440,1,PS51318
A0A7K2W440,2,PF02018
A0A7K2W440,3,PF00041
A0A7K2WG09,1,PF02018
A0A7K2WG09,2,PF00041
A0A7K2WL75,1,PF02018
A0A7K2WL75,2,PF00041
A0A7K2WRR2,1,PF00553
A0A7K2WRR2,2,PF00041
A0A7K2X2T9,1,PF02018
A0A7K2X2T9,2,PF00041
A0A7K2XFY6,1,PF00553
A0A7K2XFY6,2,PF00041
A0A7K2XK55,2,PF02839
A0A7K2XMF2,1,PS51318
A0A7K2XMF2,2,PF02018
A0A7K2XMF2,3,PF00041
A0A7K2XNC6,1,PS51318
A0A7K2XNC6,3,PF02839
A0A7K2XQP5,1,PS51318
A0A7K2XQP5,3,PF02839
A0A7K2XU67,1,PF02018
A0A7K2XU67,2,PF00041
A0A7K2Y078,2,PF02839
A0A7K2Y791,1,PF00553
A0A7K2Y791,2,PF00041
A0A7K2Y9E8,1,PF02018
A0A7K2Y9E8,2,PF00041
A0A7K2YDF8,1,PF02018
A0A7K2YDF8,2,PF00041
A0A7K2YDL1,1,PF00041
A0A7K2YDL1,2,PF00041
A0A7K2YDT3,1,PF00553
A0A7K2YDT3,2,PF00041
A0A7K2YGX9,2,PF02839
A0A7K2YL33,1,PS51318
A0A7K2YL33,3,PF02018
A0A7K2YU22,1,PF02018
A0A7K2YU22,2,PF00041
A0A7K2YWN9,1,PF00553
A0A7K2YWN9,2,PF00041
A0A7K2Z869,1,PF00553
A0A7K2Z9Y6,1,PF02018
A0A7K2Z9Y6,2,PF00041
A0A7K2ZPJ2,1,PF02018
A0A7K2ZPJ2,2,PF00041
A0A7K2ZRQ3,1,PS51318
A0A7K2ZZL8,1,PS51318
A0A7K3A0L4,2,PF02839
A0A7K3A0U4,1,PS51318
A0A7K3A0U4,2,PF02018
A0A7K3A0U4,3,PF00041
A0A7K3A174,1,PS51318
A0A7K3A174,2,PF02018
A0A7K3A174,3,PF00041
A0A7K3A2V8,1,PF00553
A0A7K3A7L8,1,PF00553
A0A7K3A7L8,2,PF00041
A0A7K3AE44,2,PF02839
A0A7K3AEH7,1,PF02018
A0A7K3AEH7,2,PF00041
A0A7K3AII8,1,PF00553
A0A7K3AII8,2,PF00041
A0A7K3AN96,1,PS51318
A0A7K3AN96,3,SM00495
A0A7K3AS10,1,PF02018
A0A7K3AS10,2,PF00041
A0A7K3AT21,1,PF00553
A0A7K3AT21,2,PF00041
A0A7K3AU22,1,PF02018
A0A7K3AU22,2,PF00041
A0A7K3B2I9,1,PS51318
A0A7K3B2I9,2,PF02018
A0A7K3B2I9,3,PF00041
A0A7K3BB81,1,PS51318
A0A7K3BB81,2,PF02018
A0A7K3BCR2,1,PF00553
A0A7K3CQI3,1,PF00553
A0A7K3CQI3,2,PF00041
A0A7K3CWA1,1,PF02018
A0A7K3CWA1,2,PF00041
A0A7K3D0N7,2,PF02839
A0A7K3D3H8,1,PF00553
A0A7K3D3H8,2,PF00041
A0A7K3D6U9,1,PS51257
A0A7K3DDU2,1,PS51318
A0A7K3DDV2,1,PS51318
A0A7K3DDV2,2,PF02018
A0A7K3DDV2,3,PF00041
A0A7K3DDY7,1,PF00041
A0A7K3DS17,1,PF00553
A0A7K3DS17,2,PF00041
A0A7K3DUY9,1,PF00553
A0A7K3E989,1,PF00553
A0A7K3E989,2,PF00041
A0A7K3EA32,1,PF02018
A0A7K3EA32,2,PF00041
A0A7K3EKA7,1,PF02018
A0A7K3EKA7,2,PF00041
A0A7K3EKD8,2,PF02839
A0A7K3ETL1,1,PF00553
A0A7K3F398,1,PF00553
A0A7K3F398,2,PF00041
A0A7K3F4R3,1,PS51318
A0A7K3F4R3,2,PF02018
A0A7K3F4R3,3,PF00041
A0A7K3FU62,1,PF02018
A0A7K3FU62,2,PF00041
A0A7K3FWV7,2,PF02839
A0A7K3FXM8,1,PF02018
A0A7K3FXM8,2,PF00041
A0A7K3FZ49,1,PF00553
A0A7K3G0W2,1,PF00553
A0A7K3G0W2,2,PF00041
A0A7K3G7B2,1,PS51318
A0A7K3G7B2,3,PF02839
A0A7K3GCT3,1,PF00553
A0A7K3GCT3,2,PF00041
A0A7K3GEI2,2,PF02839
A0A7K3GSP7,1,PS51318
A0A7K3GTY0,1,PF00553
A0A7K3GUU7,1,PF00553
A0A7K3GUU7,2,PF00041
A0A7K3GWE6,1,PS51318
A0A7K3GWE6,2,PF02018
A0A7K3GWE6,3,PF00041
A0A7K3GZY2,2,PF02839
A0A7K3H0T0,1,PF02018
A0A7K3H0T0,2,PF00041
A0A7K3LYQ6,1,PF00553
A0A7K3LYQ6,2,PF00041
A0A7K3PC91,1,PF00553
A0A7K3PC91,2,PF00041
A0A7K3PCE0,1,PF02018
A0A7K3PCE0,2,PF00041
A0A7K3PCP9,1,PF00553
A0A7K3PHQ8,3,PF02839
A0A7K3PMF1,1,PS51318
A0A7K3PMF1,2,PF02018
A0A7K3PMF1,3,PF00041
A0A7K3PPX8,1,PS51318
A0A7K3PPX8,3,PF02839
A0A7K3PTM0,1,PF00553
A0A7K3PTM0,2,PF00041
A0A7K3PUT9,1,PS51318
A0A7K3QKD7,1,PF00553
A0A7K3QVP7,1,PS51318
A0A7K3QWM4,1,PF02018
A0A7K3QWM4,2,PF00041
A0A7K3QXA5,1,PF02018
A0A7K3QXA5,2,PF00041
A0A7K3R2C9,1,PF00553
A0A7K3R2C9,2,PF00041
A0A7K3RLK0,1,PF02018
A0A7K3RLK0,2,PF00041
A0A7K3RPI4,1,PS51318
A0A7K3RPI4,3,PF02839
A0A7K3RUL1,1,PF00553
A0A7K3RUL1,2,PF00041
A0A7K3S378,1,PF02018
A0A7K3S378,2,PF00041
A0A7K3S3I1,1,PF00553
A0A7K3S3I1,2,PF00041
A0A7K3S3Q4,1,PF02018
A0A7K3S3Q4,2,PF00041
A0A7K3WX16,1,PS51318
A0A7K3WX16,2,PF00553
A0A7K3X1U5,1,PF02839
A0A7K3XAD5,1,PF00553
A0A7K3XAD5,2,PF00041
A0A7L4TKP7,4,G3DSA:2.60.40.10
A0A7L4TKP7,5,G3DSA:2.60.40.10
A0A7L4XW39,2,PF02839
A0A7L4Y039,2,PF02839
A0A7L4Y2G0,1,PF00553
A0A7L4Y7P9,1,PF02018
A0A7L4Y7P9,2,PF00041
A0A7L4Y8H7,1,PS51318
A0A7L4Y8H7,2,PF02018
A0A7L4Y8H7,3,PF00041
A0A7L4YBH0,1,PF00553
A0A7L4YBH0,2,PF00041
A0A7L4YVR3,2,PF02018
A0A7L4YZ56,1,PS51318
A0A7L4YZ56,3,PF02018
A0A7L4YZN1,1,PS51257
A0A7L4YZR9,1,PF00553
A0A7L4Z409,1,PF00553
A0A7L4Z409,2,PF00041
A0A7L4Z5P5,1,PF02018
A0A7L4Z5P5,2,PF00041
A0A7L4ZBS6,2,PF02839
A0A7L5C7P6,2,PF00041
A0A7L5C7P6,3,PF02839
A0A7L5C7P6,4,PF02839
A0A7L5C7P6,5,PF02839
A0A7L5DL91,1,PS51257
A0A7L5DUG8,3,PF00535
A0A7L5E3E9,3,PF00535
A0A7L5T0N2,1,PS51318
A0A7L6AZ13,1,PS51318
A0A7L6B3U0,1,PF00553
A0A7L6B428,1,PS51257
A0A7L6B428,2,PF02839
A0A7L6B536,1,PF00553
A0A7L6BFC3,1,PS51257
A0A7L6BFC3,2,PF02839
A0A7L6CIM6,1,PF08329
A0A7L6CIM6,3,PF22352
A0A7L6CIM6,5,SM00495
A0A7L6CIM6,6,PF02839
A0A7L7ILD7,1,PS51257
A0A7L7IPK4,1,SM00495
A0A7L7IPK4,2,PF02839
A0A7L7IPK4,3,PF02839
A0A7L7IPK4,4,SM00495
A0A7L7ISS1,1,PF08329
A0A7L7ISS1,3,PF22352
A0A7L7ISS1,5,PF02839
A0A7L7ISS1,6,PF02839
A0A7L7ME13,1,PF00553
A0A7L7ME13,2,PF00041
A0A7L7MFC7,2,PF02839
A0A7L7MI84,1,PS51318
A0A7L7MI84,2,PF02018
A0A7L7MI84,3,PF00041
A0A7L8A704,1,PF17957
A0A7L8A704,2,PF17957
A0A7L8A704,3,PF17957
A0A7L8UI46,8,G3DSA:2.60.40.10
A0A7L8UI46,9,G3DSA:2.60.40.10
A0A7M1Q0Y8,1,PF01476
A0A7M1Q0Y8,2,PF01476
A0A7M1TAI1,3,PF00535
A0A7M2A9B5,1,PF07833
A0A7M2AFD6,2,PF00041
A0A7M2AFD6,3,PF02839
A0A7M2AFH5,1,PF07833
A0A7M2AH85,1,PF02839
A0A7M2AH85,2,PF00041
A0A7M2AIC7,1,PF00395
A0A7M2AIC7,2,PF00395
A0A7M2AIC7,3,PF00395
A0A7M2BZL0,2,SM00495
A0A7M2BZL0,3,PF02839
A0A7M2QQJ5,1,PF01476
A0A7M2QVR9,1,PF01476
A0A7M2QVR9,2,PF01476
A0A7M2RIK6,1,PF08239
A0A7M2RJ99,1,PF01476
A0A7M2RJ99,2,PF01476
A0A7M2SGM8,1,PF00553
A0A7M2SGM8,2,PF00041
A0A7M2SHM4,1,PF02018
A0A7M2SHM4,2,PF00041
A0A7M2SI23,1,PF02018
A0A7M2SI23,2,PF00041
A0A7M2SR22,1,PF00553
A0A7M2T1Y0,1,PF02018
A0A7M2T1Y0,2,PF00041
A0A7M2T5Y6,1,PF00553
A0A7M2T5Y6,2,PF00041
A0A7M2Y6D7,3,PF00535
A0A7M2ZU65,2,PF00041
A0A7M2ZU65,3,PF02839
A0A7M3M7C2,1,PF00553
A0A7M3M7C2,2,PF00041
A0A7M3M7P0,1,PS51318
A0A7M3M7P0,2,PF02018
A0A7M3M7P0,3,PF00041
A0A7M3M811,1,PF00553
A0A7M3M811,2,PF00041
A0A7M3P2F2,1,PF00553
A0A7M3P2F2,2,PF00041
A0A7M3P3Y2,1,PF02018
A0A7M3P3Y2,2,PF00041
A0A7M3P478,1,PF02018
A0A7M3P478,2,PF00041
A0A7M3P4C7,1,PS51318
A0A7M3P4C7,2,PF02018
A0A7M3P4C7,3,PF00041
A0A7M3TCR1,1,SM00495
A0A7R6TP66,2,PF02839
A0A7R6W6H0,1,PF08329
A0A7R6W6H0,2,PF08329
A0A7R7DMU6,2,PF02018
A0A7R7DMV0,1,PS51257
A0A7R7DUP0,1,PF02839
A0A7R7DUP0,2,PF00041
A0A7R7DUU2,2,PF02839
A0A7R7DUU2,3,PF02839
A0A7R7DUU2,4,PF00041
A0A7R7EIS5,1,PF01476
A0A7R7EIS5,2,PF01476
A0A7R7EJ49,1,PF01476
A0A7R7EJ49,2,PF01476
A0A7R7EKD7,1,PF01476
A0A7R7EKD7,2,PF01476
A0A7R7EMC4,1,PS51257
A0A7R7EMC4,2,PF00041
A0A7R7EN02,1,PF01476
A0A7R7EN02,2,PF01476
A0A7R7EPZ8,1,PF01476
A0A7R7EPZ8,2,PF01476
A0A7R7EQA8,1,PF07833
A0A7R7HZ81,1,PF02839
A0A7R7IB53,1,PF01476
A0A7R7IB53,2,PF01476
A0A7R8ND26,1,PF00553
A0A7R8ND26,2,PF00041
A0A7R8P3Y8,1,PF02018
A0A7R8P3Y8,2,PF00041
A0A7R8RKH5,1,PS51318
A0A7R8RN84,1,PF00553
A0A7R8RSS1,1,PF02018
A0A7R8RSS1,2,PF00041
A0A7R8RTL6,1,PF00553
A0A7R8RTL6,2,PF00041
A0A7S6MZL0,2,G3DSA:2.60.40.10
A0A7S6SDX6,2,G3DSA:2.60.40.10
A0A7S7EV65,2,PF07833
A0A7S7J1M4,1,PF00395
A0A7S7J1M4,2,PF00395
A0A7S7J3B3,1,PF01476
A0A7S8EKV3,2,PF00041
A0A7S8HGI7,1,PF01476
A0A7S8HGI7,2,PF01476
A0A7S9C6K8,1,SM00495
A0A7S9C6K8,3,PF17957
A0A7S9C7A1,1,SM00495
A0A7S9C7A1,2,PF00041
A0A7T0DYW0,1,PF08329
A0A7T0DYW0,3,PF22352
A0A7T0DYW0,5,PF02839
A0A7T0DYW0,6,PF02839
A0A7T1T2A0,1,PS51318
A0A7T2GI79,1,PS51257
A0A7T2GJC2,1,PS51257
A0A7T2PE20,2,PF02839
A0A7T2PE20,4,SM00495
A0A7T2PFP4,1,PF08329
A0A7T2PFP4,3,PF22352
A0A7T2PFP4,4,G3DSA:2.60.40.10
A0A7T2PFP4,5,PF02839
A0A7T2PFP4,6,PF02839
A0A7T2UQE0,1,SM00495
A0A7T2UQE0,2,PF17957
A0A7T2UQE0,3,PF17957
A0A7T2UQE0,5,SM00495
A0A7T3X3A6,1,PF08329
A0A7T3X3A6,3,PF22352
A0A7T3X3A6,4,G3DSA:2.60.40.10
A0A7T3X3A6,5,PF02839
A0A7T3X3A6,6,PF02839
A0A7T4C5A1,1,SM00495
A0A7T4C5A1,2,PF17957
A0A7T4C5A1,3,PF17957
A0A7T4C5A1,5,SM00495
A0A7T4PNC9,1,PF02018
A0A7T4PNC9,2,PF00041
A0A7T4WLC8,1,PS51257
A0A7T4YFC9,2,PF00553
A0A7T4YFC9,3,PF08329
A0A7T4YFC9,5,PF00553
A0A7T4YFC9,6,PF00553
A0A7T5EHA6,1,PF00395
A0A7T5EHA6,2,PF00395
A0A7T5EHA6,3,PF00395
A0A7T5EN04,1,PF07833
A0A7T5ES49,1,PF01476
A0A7T5ES49,2,PF01476
A0A7T5JM65,1,PF01476
A0A7T5JM65,2,PF01476
A0A7T5JN61,1,PF07833
A0A7T5JN61,2,PF08239
A0A7T5JV41,1,PF01476
A0A7T5JV41,2,PF01476
A0A7T7HBU7,1,PS51257
A0A7T7KIY6,1,PS51257
A0A7T7KJ16,3,PF00535
A0A7T7KVW6,1,PF02018
A0A7T7KVW6,2,PF00041
A0A7T7KW59,1,PF00553
A0A7T7KW59,2,PF00041
A0A7T7KWC2,1,PS51318
A0A7T7KWC2,2,PF02018
A0A7T7KWC2,3,PF00041
A0A7T7KYI7,1,PF00553
A0A7T7V0M3,1,PS51257
A0A7T7XLL0,1,PS51257
A0A7T7ZWH1,1,PS51257
A0A7T7ZXF4,3,PF00535
A0A7T8FGB8,2,G3DSA:2.60.40.10
A0A7T8RD76,2,G3DSA:2.60.40.10
A0A7U0NAX8,1,PF08329
A0A7U0RLV6,2,SM00495
A0A7U0RP27,2,PF00041
A0A7U0RP27,3,PF02839
A0A7U1Q7F5,2,G3DSA:2.60.40.10
A0A7U3UNK1,1,PF00553
A0A7U3UNR7,2,PF02839
A0A7U3UNT3,2,PF02839
A0A7U3UT82,1,PS51318
A0A7U3UW91,1,PF02018
A0A7U3UWN3,1,PS51318
A0A7U3UWN3,2,PF02018
A0A7U3VNF0,2,PF02839
A0A7U3VPC2,2,PF02839
A0A7U3YXR4,1,PF08329
A0A7U3YZS3,2,PF00041
A0A7U3YZS3,3,PF02839
A0A7U3Z1V6,2,PF00041
A0A7U3Z1V6,3,PF02839
A0A7U4DJ49,1,PF01476
A0A7U4DJ49,2,PF01476
A0A7U4DKD6,1,PF01476
A0A7U4DKD6,2,PF01476
A0A7U4DKD6,3,PF01476
A0A7U4DXV3,2,SM00495
A0A7U4JMD1,2,G3DSA:2.60.40.10
A0A7U4JMD1,3,PF02839
A0A7U4LMA2,2,PF02839
A0A7U4LMA2,3,PF02839
A0A7U4LP13,2,G3DSA:2.60.40.10
A0A7U4LP13,3,G3DSA:2.60.40.10
A0A7U4LP13,4,PF08329
A0A7U4P4A1,2,PF02839
A0A7U4P4A1,3,PF02839
A0A7U5BF58,3,PF00535
A0A7U5JWZ7,1,PF01476
A0A7U5JWZ7,2,PF01476
A0A7U5JX22,1,PS51257
A0A7U5YUE0,2,G3DSA:2.60.40.10
A0A7U6B3Z5,1,PS51257
A0A7U6B3Z5,2,PF02839
A0A7U6B5K4,1,PS51257
A0A7U6B5K4,2,PF02839
A0A7U6BBP2,2,G3DSA:2.60.40.10
A0A7U6BBP2,3,SM00495
A0A7U6KD11,1,PF01476
A0A7U6KD11,2,PF01476
A0A7U6KJ35,1,PF07833
A0A7U6KKD7,1,PF01476
A0A7U6KKD7,2,PF01476
A0A7U7CZ31,3,PF00041
A0A7U7CZD7,2,PF00041
A0A7U7GCM5,3,PF00535
A0A7U7HGS9,3,PF00535
A0A7U7L1B5,2,G3DSA:2.60.40.10
A0A7U7YJI0,3,PF00041
A0A7U7YJI0,4,PF02839
A0A7U9DP10,3,PF02839
A0A7U9DV55,1,PS51318
A0A7U9DV55,2,PF02018
A0A7U9DV55,3,PF00041
A0A7U9DVK2,1,PF00553
A0A7U9DVK2,2,PF00041
A0A7U9DXZ8,1,PF02018
A0A7U9DXZ8,2,PF00041
A0A7U9E0F7,1,PS51318
A0A7U9ETJ8,1,PF01476
A0A7U9ETJ8,2,PF01476
A0A7U9EUX4,1,PF01476
A0A7U9EUX4,2,PF01476
A0A7U9EUX4,3,PF01476
A0A7U9HB14,1,PF00553
A0A7U9HD32,1,PF00553
A0A7U9HD32,2,PF00041
A0A7U9HEU9,1,PS51318
A0A7U9HEU9,3,PF02839
A0A7U9J8P4,1,PF01476
A0A7U9J8P4,2,PF01476
A0A7U9JBE9,1,PF01476
A0A7U9JBE9,2,PF01476
A0A7U9JBE9,3,PF01476
A0A7U9JD66,1,PF01476
A0A7U9JD66,2,PF01476
A0A7U9KP10,1,PS51318
A0A7U9KT21,1,PS51318
A0A7U9KU47,1,PF02018
A0A7U9KU47,2,PF00041
A0A7U9MMY6,1,PF01476
A0A7U9MQE4,1,PF08239
A0A7U9N2B4,1,PF08239
A0A7U9NI29,1,PF07833
A0A7U9PVI6,2,PF02839
A0A7U9PVX7,1,PF00553
A0A7U9PVX7,2,PF00041
A0A7U9PY02,1,PF00553
A0A7U9PY02,2,PF00041
A0A7U9Q047,1,PS51318
A0A7U9QXA3,1,PF01476
A0A7U9R0T8,1,PF02839
A0A7U9R636,1,PF01476
A0A7U9RHD8,1,PF01476
A0A7U9RRZ1,1,PF01476
A0A7U9RX51,1,PF01476
A0A7U9S2V0,1,PF01476
A0A7U9S845,1,PF08239
A0A7U9TH29,1,PS51257
A0A7U9X139,1,PF08239
A0A7U9XCB6,1,PF07833
A0A7U9XCB6,2,PF08239
A0A7U9XFN0,1,PF01476
A0A7U9XL58,1,PF01476
A0A7V0VET7,2,PF00041
A0A7V1CYJ2,1,PF08329
A0A7V1CYJ2,3,G3DSA:2.60.40.10
A0A7V1CYJ2,4,G3DSA:2.60.40.10
A0A7V1CYJ2,5,PF02839
A0A7V1CYJ2,6,PF02839
A0A7V1CYN5,1,SM00495
A0A7V1CYN5,2,PF17957
A0A7V1EED1,3,PF00535
A0A7V1EHM8,4,G3DSA:2.60.40.10
A0A7V1SR07,1,PS51257
A0A7V1SRB6,1,PS51257
A0A7V3GUF8,1,PS51257
A0A7V3I5X0,1,PS51257
A0A7V3RII0,4,G3DSA:2.60.40.10
A0A7V3UV53,2,PF00041
A0A7V3ZZ80,2,PF08239
A0A7V3ZZ80,3,PF08239
A0A7V3ZZ80,4,G3DSA:2.60.40.10
A0A7V4HGF8,1,PS51257
A0A7V4IIR8,3,PF00553
A0A7V4SYE3,1,PS51257
A0A7V5H4K7,2,G3DSA:2.60.40.10
A0A7V5LUK1,2,G3DSA:2.60.40.10
A0A7V5N7V9,1,PS51257
A0A7V5RMF0,2,G3DSA:2.60.40.10
A0A7V5VR57,5,G3DSA:2.60.40.10
A0A7V6GBZ3,1,PF07833
A0A7V6IUV6,1,PS51257
A0A7V6IV00,1,PF01476
A0A7V6IV00,2,PF01476
A0A7V6JKN6,1,PF01476
A0A7V6JKN6,2,PF01476
A0A7V6JKU1,1,PF00395
A0A7V6JKU1,2,PF00395
A0A7V6JKU1,3,PF00395
A0A7V6L6Q5,1,PF07833
A0A7V6LL67,1,PS51257
A0A7V6M4H3,1,PS51257
A0A7V6M4U1,1,PS51257
A0A7V6MIE4,1,PF07833
A0A7V6MIK5,2,PF00395
A0A7V6MIK5,3,PF00395
A0A7V6MIK5,4,PF00395
A0A7V6NFW0,1,PS51257
A0A7V6NYG0,1,PF07833
A0A7V6P1P8,1,PF01476
A0A7V6P1P8,2,PF08239
A0A7V6PXJ3,1,PF01476
A0A7V6PXJ3,2,PF01476
A0A7V6PXJ3,3,PF01476
A0A7V6PYG7,2,PF00395
A0A7V6PYG7,3,PF00395
A0A7V6PYG7,4,PF00395
A0A7V6PZ67,1,PF01476
A0A7V6PZ67,2,PF01476
A0A7V6Q3I2,1,PF07833
A0A7V6QMF4,1,PF01476
A0A7V6QMF4,2,PF01476
A0A7V6QMF4,3,PF01476
A0A7V6QMF4,4,PF01476
A0A7V6QMF4,5,PF08239
A0A7V6R4D2,2,PF00395
A0A7V6R4D2,3,PF00395
A0A7V6R4D2,4,PF00395
A0A7V6R5D6,1,PF00395
A0A7V6R5D6,2,PF00395
A0A7V6R5D6,3,PF00395
A0A7V6R916,1,PF07833
A0A7V6R916,2,PF08239
A0A7V6T8H2,1,PS51257
A0A7V6T8H2,2,PF07833
A0A7V6TAJ9,1,PF07833
A0A7V6UAG6,2,PF00395
A0A7V6UAG6,3,PF00395
A0A7V6UAG6,4,PF00395
A0A7V6UEF8,1,PF07833
A0A7V6ULK6,1,PF01476
A0A7V6ULK6,2,PF01476
A0A7V6ULK6,3,PF01476
A0A7V6UM79,1,PF01476
A0A7V6UM79,2,PF01476
A0A7V6UM79,3,PF01476
A0A7V6UPY5,2,PF00395
A0A7V6UPY5,3,PF00395
A0A7V6UPY5,4,PF00395
A0A7V6UWF9,1,PF01476
A0A7V6UWF9,2,PF01476
A0A7V6V401,1,PS51257
A0A7V6V401,2,PF07833
A0A7V6WI12,1,PF07833
A0A7V6X162,1,PF07833
A0A7V6X3P2,1,PF07833
A0A7V6YQZ6,1,PF01476
A0A7V6YQZ6,2,PF01476
A0A7V6YQZ6,3,PF01476
A0A7V6YQZ6,4,PF08239
A0A7V6YWW2,2,PF07833
A0A7V6ZUB1,1,PF07833
A0A7V7BB55,1,PF07833
A0A7V7BBS0,1,PS51257
A0A7V7BBS0,2,PF07833
A0A7V7BN18,1,PF01476
A0A7V7BN18,2,PF01476
A0A7V7BN18,3,PF01476
A0A7V7BP09,2,PF00395
A0A7V7BP09,3,PF00395
A0A7V7BP09,4,PF00395
A0A7V7C3A6,1,PF01476
A0A7V7C3A6,2,PF01476
A0A7V7HB91,3,PF00535
A0A7V7HGD8,1,PF01476
A0A7V7HGD8,2,PF01476
A0A7V7I4R4,1,PF01476
A0A7V7I4R4,2,PF01476
A0A7V7KTF0,3,PF00041
A0A7V7KTF0,4,PF02839
A0A7V7KUU2,2,PF00041
A0A7V7KUU2,3,PF02839
A0A7V7L9F4,2,PF00041
A0A7V7L9F4,3,PF00553
A0A7V7LHU2,1,SM00495
A0A7V7LHU2,3,PF00041
A0A7V7LHU2,4,PF02839
A0A7V7NQ10,1,PF08329
A0A7V7NQ10,3,PF22352
A0A7V7NQ10,5,PF02839
A0A7V7NU22,1,G3DSA:2.60.40.10
A0A7V7NU22,2,PF17957
A0A7V7NU22,3,PF17957
A0A7V7NU22,4,PF17957
A0A7V7QIW6,1,PF07833
A0A7V7QIW6,2,PF08239
A0A7V7QJP4,1,PF01476
A0A7V7QJP4,2,PF01476
A0A7V7QJT0,1,PF01476
A0A7V7QJT0,2,PF01476
A0A7V7QKA3,1,PF00041
A0A7V7QMH1,1,PF01476
A0A7V7QMH1,2,PF01476
A0A7V7QMI7,1,PF01476
A0A7V7QMI7,2,PF01476
A0A7V7RCQ4,2,G3DSA:2.60.40.10
A0A7V7RCQ4,3,SM00495
A0A7V7RHG4,1,PF01476
A0A7V7RHG4,2,PF01476
A0A7V7S242,1,PF01476
A0A7V7S242,2,PF01476
A0A7V7TF10,2,PF02839
A0A7V7TF10,4,SM00495
A0A7V7TFJ7,1,PS51257
A0A7V7TFJ7,2,PF02839
A0A7V7TFJ7,3,PF17957
A0A7V7TFJ7,4,PF17957
A0A7V7UBP1,1,PF01476
A0A7V7UBP1,2,PF01476
A0A7V7UCQ7,1,PF01476
A0A7V7UCQ7,2,PF01476
A0A7V7UEL7,1,PF01476
A0A7V7UEL7,2,PF01476
A0A7V7UXS6,1,PF07833
A0A7V7ZH59,1,PF02839
A0A7V7ZMZ6,2,PF02839
A0A7V7ZMZ6,3,PF02839
A0A7V8CDH8,1,SM00495
A0A7V8CDH8,2,PF17957
A0A7V8CDH8,3,PF00041
A0A7V8DLA8,1,PS51257
A0A7V8EW80,2,G3DSA:2.60.40.10
A0A7V8EW80,3,PF02839
A0A7V8F3N1,1,SM00495
A0A7V8F3N1,2,PF17957
A0A7V8F3N1,3,PF00041
A0A7V8JKZ0,1,SM00495
A0A7V8JKZ0,2,PF17957
A0A7V8JKZ0,3,PF00041
A0A7V8K7I4,1,PS51318
A0A7V8W257,3,PF00535
A0A7V9S2T2,4,G3DSA:2.60.40.10
A0A7V9UFF7,1,PF00553
A0A7V9UFF7,2,PF00553
A0A7V9UFF7,3,G3DSA:2.60.40.10
A0A7V9UFG4,1,PF00553
A0A7V9UFG4,2,G3DSA:2.60.40.10
A0A7V9ZAC4,1,PF01476
A0A7V9ZAC4,2,PF01476
A0A7V9ZB65,3,PF00535
A0A7W0BV32,1,PF01476
A0A7W0BV32,2,PF01476
A0A7W0BV32,3,PF01476
A0A7W0BYM0,1,PF01476
A0A7W0BYM0,2,PF01476
A0A7W0BYT2,1,PF01476
A0A7W0BYT2,2,PF01476
A0A7W0BYT2,3,PF01476
A0A7W0CT61,1,PF00553
A0A7W0CT61,2,PF00553
A0A7W0CT61,3,PF00041
A0A7W0CTW2,1,PF02839
A0A7W0CTW2,2,PF00041
A0A7W0DA89,1,PF01476
A0A7W0DA89,2,PF01476
A0A7W0DAF7,1,PF00395
A0A7W0DAF7,2,PF00395
A0A7W0DAF7,3,PF00395
A0A7W0DCX1,1,PF07833
A0A7W0DCX1,2,PF08239
A0A7W0DD25,1,PF01476
A0A7W0DD25,2,PF01476
A0A7W0DRC3,1,PF00553
A0A7W0DRC3,2,PF00041
A0A7W0HNI8,1,PF02018
A0A7W0HNI8,2,G3DSA:2.60.40.10
A0A7W0HNI8,3,G3DSA:2.60.40.10
A0A7W0HRJ8,2,PF02839
A0A7W0HRJ8,3,PF02839
A0A7W0HRU5,1,PF02839
A0A7W0HRU5,2,PF00041
A0A7W0HSC8,1,PF02018
A0A7W0I5D7,2,PF00395
A0A7W0I5D7,3,PF00395
A0A7W0I5D7,4,PF00395
A0A7W0W7U2,1,PF02839
A0A7W1T516,3,PF00041
A0A7W1T516,4,PF02839
A0A7W1T963,3,PF00041
A0A7W1WQ06,1,PF02839
A0A7W1WQ06,2,PF00041
A0A7W1WRZ8,1,PS51257
A0A7W1XFB7,2,PF00041
A0A7W1XFB7,3,PF02839
A0A7W1XRN7,1,PS51257
A0A7W1XUN7,3,PF00535
A0A7W1YGE9,2,G3DSA:2.60.40.10
A0A7W1YGE9,4,PF02839
A0A7W2A603,1,PF02839
A0A7W2A603,2,PF00041
A0A7W2AAJ8,1,PF02839
A0A7W2AAJ8,2,PF00041
A0A7W2AAW3,1,PF02839
A0A7W2AAW3,2,PF00041
A0A7W2AGT7,1,PS51257
A0A7W2CWM1,1,PF00553
A0A7W2CWM1,2,PF00041
A0A7W2DU06,1,PF00553
A0A7W2G2D0,1,PF01476
A0A7W2G2D0,2,PF01476
A0A7W2HSH4,1,PF02018
A0A7W2HSH4,2,PF00041
A0A7W2HVQ9,1,PF00553
A0A7W2HVQ9,2,PF00041
A0A7W2HWD7,1,PF02018
A0A7W2HWD7,2,PF00041
A0A7W2I701,1,PS51257
A0A7W2I701,2,PF02839
A0A7W2I731,1,PS51257
A0A7W2I731,2,PF02839
A0A7W2M5S0,1,PS51257
A0A7W2RYG2,1,SM00495
A0A7W2RYG2,2,PF17957
A0A7W2RYG2,3,PF17957
A0A7W2RYJ0,1,PF08329
A0A7W2RYJ0,3,G3DSA:2.60.40.10
A0A7W2RYJ0,4,G3DSA:2.60.40.10
A0A7W2RYJ0,5,PF02839
A0A7W2RYJ0,6,PF02839
A0A7W2UEI2,1,PS51318
A0A7W2UMJ3,1,PS51318
A0A7W2UTL3,1,PF02018
A0A7W2UTL3,2,PF00041
A0A7W2V9U2,1,PF08329
A0A7W2V9U2,3,PF22352
A0A7W2V9U2,5,PF02839
A0A7W2V9U2,6,PF02839
A0A7W2XCZ7,1,PF08329
A0A7W2XCZ7,3,PF22352
A0A7W2XCZ7,5,PF02839
A0A7W2XCZ7,6,PF02839
A0A7W2YAT5,1,PF08329
A0A7W3CA43,1,PF08329
A0A7W3CA43,3,PF22352
A0A7W3CA43,5,PF02839
A0A7W3CA43,6,PF02839
A0A7W3FNI9,1,SM00495
A0A7W3FNI9,2,PF17957
A0A7W3FNI9,3,PF00041
A0A7W3J686,1,PF02839
A0A7W3JCR3,1,PS51318
A0A7W3JCR3,4,PF02839
A0A7W3LPX6,1,PF00553
A0A7W3LPX6,2,PF00041
A0A7W3LPY1,1,PF02018
A0A7W3LPY1,2,PF00041
A0A7W3LQ00,1,PF00553
A0A7W3LQ00,2,PF00553
A0A7W3LQ00,3,PF00041
A0A7W3LSS1,1,PF02839
A0A7W3N2A8,1,PF00553
A0A7W3N2A8,2,PF00041
A0A7W3NBA8,1,PF01476
A0A7W3NBA8,2,PF01476
A0A7W3NBP1,1,PF01476
A0A7W3NBP1,2,PF01476
A0A7W3NHM0,1,PF01476
A0A7W3NHM0,2,PF01476
A0A7W3NJ25,1,PS51318
A0A7W3NJ25,3,PF02018
A0A7W3NRZ0,1,PS51318
A0A7W3NRZ0,2,PF02018
A0A7W3NRZ0,3,PF00041
A0A7W3NSN1,1,PF00553
A0A7W3NSN1,2,PF00041
A0A7W3PMF5,2,SM00495
A0A7W3PMF5,3,SM00495
A0A7W3QRB8,1,PF00553
A0A7W3QRB8,2,PF00041
A0A7W3RK27,2,PF02018
A0A7W3RL82,1,PF00553
A0A7W3RNQ2,1,PF02018
A0A7W3RNQ2,2,PF00041
A0A7W3SRL8,1,PF07833
A0A7W3SWU8,1,PF00395
A0A7W3SWU8,2,PF00395
A0A7W3SWU8,3,PF00395
A0A7W3SX76,1,PF07833
A0A7W3T092,1,PF00553
A0A7W3T092,2,PF00041
A0A7W3T0D6,1,PF00553
A0A7W3T687,2,SM00495
A0A7W3T6S5,1,PS51318
A0A7W3T6S5,2,PF02018
A0A7W3T6S5,3,PF00041
A0A7W3TBJ5,1,PF00553
A0A7W3TBQ8,1,PF00553
A0A7W3TBQ8,2,PF00041
A0A7W3TF63,1,PF02018
A0A7W3TF63,2,PF00041
A0A7W3TGK1,2,PF02839
A0A7W3TKV9,1,SM00495
A0A7W3TKV9,2,PF00041
A0A7W3VSR3,2,PF02018
A0A7W3VV01,1,PS51318
A0A7W3W607,1,PS51318
A0A7W3W6Z6,1,PS51318
A0A7W3W7I4,2,PF02839
A0A7W3W7I4,3,PF02839
A0A7W3WIV2,1,PF00553
A0A7W3WQ16,2,PF02839
A0A7W3YE98,1,SM00495
A0A7W3YE98,2,PF17957
A0A7W3YE98,3,PF00041
A0A7W3Z995,1,PF02018
A0A7W3Z995,2,PF00041
A0A7W3ZB92,1,PF02018
A0A7W4ABQ4,1,PF08329
A0A7W4ABQ4,4,G3DSA:2.60.40.10
A0A7W4ABQ4,5,PF02839
A0A7W4ABQ4,6,PF02839
A0A7W4AXX1,1,PF08329
A0A7W4AXX1,3,PF22352
A0A7W4AXX1,4,G3DSA:2.60.40.10
A0A7W4AXX1,5,PF02839
A0A7W4AXX1,6,SM00495
A0A7W4B3M6,1,SM00495
A0A7W4B3M6,2,PF17957
A0A7W4B3M6,3,G3DSA:2.60.40.10
A0A7W4B3N4,1,PF08329
A0A7W4B3N4,3,G3DSA:2.60.40.10
A0A7W4B3N4,4,G3DSA:2.60.40.10
A0A7W4B3N4,5,PF02839
A0A7W4B3N4,6,PF02839
A0A7W4ET64,1,PS51257
A0A7W4F5J2,1,PF08329
A0A7W4F8K5,2,SM00495
A0A7W4FFP8,1,PS51257
A0A7W4FL93,1,SM00495
A0A7W4FL93,2,PF17957
A0A7W4FL93,3,G3DSA:2.60.40.10
A0A7W4G8H1,1,SM00495
A0A7W4G8H1,2,PF17957
A0A7W4G8H1,3,G3DSA:2.60.40.10
A0A7W4G8R2,1,PF08329
A0A7W4G8R2,4,G3DSA:2.60.40.10
A0A7W4G8R2,5,PF02839
A0A7W4G8R2,6,PF02839
A0A7W4GKW3,1,PF08329
A0A7W4GKW3,3,PF22352
A0A7W4GKW3,5,PF02839
A0A7W4GN11,2,PF02839
A0A7W4GN11,4,SM00495
A0A7W4HMI2,1,PS51257
A0A7W4I128,2,PF00041
A0A7W4I128,3,PF02839
A0A7W4LT34,1,PF01476
A0A7W4LT34,2,PF01476
A0A7W4QFZ8,1,PF01476
A0A7W4QFZ8,2,PF01476
A0A7W4UIP1,1,PF00553
A0A7W4UX39,1,PS51318
A0A7W4V015,1,PS51318
A0A7W4V015,2,PF00553
A0A7W4V015,3,PF00553
A0A7W4YA33,2,PF02839
A0A7W4YA33,3,PF02839
A0A7W4YN96,2,SM00495
A0A7W4YN96,3,SM00495
A0A7W4ZP54,1,PS51318
A0A7W4ZP54,2,PF02018
A0A7W4ZP54,3,PF00041
A0A7W5AL04,1,PF02839
A0A7W5AVW9,1,PF00041
A0A7W5AWV8,1,PF02839
A0A7W5AWV8,2,PF00041
A0A7W5B440,1,PF07833
A0A7W5B792,1,PS51257
A0A7W5C7P8,1,PF07833
A0A7W5C7P8,2,PF08239
A0A7W5CBE3,1,PF01476
A0A7W5CBE3,2,PF01476
A0A7W5F0Q5,1,PF00553
A0A7W5F0Q5,2,PF00041
A0A7W5FCR0,1,PS51257
A0A7W5FCR0,2,PF02839
A0A7W5FDU5,1,PF02839
A0A7W5FH87,1,PS51257
A0A7W5FH87,2,SM00495
A0A7W5FI80,1,PS51257
A0A7W5FJD1,1,SM00495
A0A7W5FMA3,1,G3DSA:2.60.40.10
A0A7W5FMA3,2,PF00041
A0A7W5FPA9,1,PF07833
A0A7W5FPJ1,1,PF01476
A0A7W5FPJ1,2,PF01476
A0A7W5FT54,1,PS51257
A0A7W5FT54,2,PF02839
A0A7W5FTJ0,1,PS51257
A0A7W5FTJ0,2,PF02839
A0A7W5G8V7,1,PF00395
A0A7W5G8V7,2,PF00395
A0A7W5G8V7,3,PF00395
A0A7W5GBT3,1,PF00395
A0A7W5GBT3,2,PF00395
A0A7W5GBT3,3,PF00395
A0A7W5GDS3,1,G3DSA:2.60.40.10
A0A7W5GDS3,2,PF00041
A0A7W5GDS3,4,G3DSA:2.60.40.10
A0A7W5GDS3,5,PF00395
A0A7W5GDS3,6,PF00395
A0A7W5GDS3,7,PF00395
A0A7W5Y991,1,PF00041
A0A7W5YB02,1,PF02839
A0A7W5YB02,2,PF00041
A0A7W5YRI2,1,PF00553
A0A7W5YRI2,2,PF00041
A0A7W6KD04,1,PS51257
A0A7W6KED5,3,PF00535
A0A7W7A924,1,PS51257
A0A7W7C5U5,1,PF00553
A0A7W7C6R6,1,PF00553
A0A7W7C6R6,2,PF00041
A0A7W7C767,1,PF00553
A0A7W7C767,2,PF00041
A0A7W7CAH0,1,PF02018
A0A7W7CAH0,2,PF00041
A0A7W7CCQ7,1,PS51318
A0A7W7CI42,3,PF02839
A0A7W7CWM2,1,PS51257
A0A7W7CWM2,2,SM00495
A0A7W7CYH8,1,PS51257
A0A7W7CYK6,1,PS51257
A0A7W7CYK6,2,PF02839
A0A7W7D1E1,1,PF02018
A0A7W7D6Y8,1,PF00553
A0A7W7D6Y8,2,PF00553
A0A7W7D6Y8,3,PF00041
A0A7W7D7J7,1,PF02839
A0A7W7D7J7,2,PF00041
A0A7W7D7J7,3,PF00041
A0A7W7DBW6,1,PF02839
A0A7W7DBW6,2,PF00041
A0A7W7DBW6,3,PF00041
A0A7W7DEQ5,1,PF02018
A0A7W7DEQ5,2,PF00041
A0A7W7DLC0,1,PS51318
A0A7W7DLC0,2,PF02018
A0A7W7DLC0,3,PF00041
A0A7W7FXK5,1,PF00553
A0A7W7FXK5,2,PF00041
A0A7W7G0E9,1,PF00553
A0A7W7G195,1,PS51318
A0A7W7G195,2,PF02839
A0A7W7G6T6,1,PF00553
A0A7W7G7H6,1,PS51257
A0A7W7G7H6,2,SM00495
A0A7W7G9C5,2,PF02018
A0A7W7GAC5,1,PF02839
A0A7W7GAC5,2,PF00041
A0A7W7GE76,1,PF00553
A0A7W7GE76,2,PF00041
A0A7W7GJ19,1,PF00553
A0A7W7GJ19,2,PF00041
A0A7W7GTA8,1,PF00553
A0A7W7GUP3,1,PS51257
A0A7W7GWX8,1,PS51257
A0A7W7GWX8,2,SM00495
A0A7W7GXY1,1,PF00553
A0A7W7GXY1,2,PF00041
A0A7W7GYX3,1,PS51318
A0A7W7GYX3,2,PF02839
A0A7W7H345,1,PS51318
A0A7W7H345,2,PF02839
A0A7W7HBV5,1,PF02839
A0A7W7HBY8,1,PF02839
A0A7W7HG00,1,PS51257
A0A7W7HG00,2,SM00495
A0A7W7I1S5,1,PF02839
A0A7W7I5E8,1,PS51257
A0A7W7I6L4,1,PF00553
A0A7W7IAQ0,1,PF02018
A0A7W7IAQ0,2,PF00041
A0A7W7IAQ5,1,PF00553
A0A7W7IAQ5,2,PF00041
A0A7W7IB49,1,PS51318
A0A7W7IB49,2,PF00553
A0A7W7IB49,3,PF00041
A0A7W7K396,3,PF00535
A0A7W7L9N2,1,PF02018
A0A7W7L9N2,2,PF00041
A0A7W7L9T3,1,PF00041
A0A7W7L9T3,2,PF00041
A0A7W7LGQ7,1,PS51318
A0A7W7LJY3,1,PS51318
A0A7W7LKD3,1,PS51318
A0A7W7LKD3,2,PF00553
A0A7W7LKD3,3,PF00041
A0A7W7LNE5,1,PS51318
A0A7W7LRR8,2,SM00495
A0A7W7LV55,1,PF00553
A0A7W7LV55,2,PF00041
A0A7W7M1V3,3,PF02839
A0A7W7M525,1,PS51257
A0A7W7M525,2,SM00495
A0A7W7M526,1,SM00495
A0A7W7M5P9,1,PS51257
A0A7W7M5P9,2,SM00495
A0A7W7MAG8,2,PF02839
A0A7W7MFG6,1,PS51257
A0A7W7MID0,1,PS51257
A0A7W7MID0,2,SM00495
A0A7W7ML35,1,PF02839
A0A7W7MML2,1,SM00495
A0A7W7MML6,1,PS51257
A0A7W7MML6,2,SM00495
A0A7W7MMV7,1,PS51257
A0A7W7MMV7,2,SM00495
A0A7W7MPY0,1,PF02839
A0A7W7MX47,1,PF00553
A0A7W7MX47,2,PF00041
A0A7W7PF81,2,SM00495
A0A7W7PP95,1,PF02018
A0A7W7PP95,2,PF00041
A0A7W7PTH3,1,PF00553
A0A7W7Q1B8,1,PF00041
A0A7W7Q389,1,PF00553
A0A7W7Q798,1,PF00553
A0A7W7Q798,2,PF00041
A0A7W7QH53,1,PF02839
A0A7W7QH53,2,PF00041
A0A7W7QJ91,1,PF00553
A0A7W7QJ91,2,PF00041
A0A7W7QJI4,1,PF00553
A0A7W7QJI4,2,PF00041
A0A7W7QJJ5,1,PS51257
A0A7W7QJJ5,2,PF00553
A0A7W7QJR2,1,PF02018
A0A7W7QJR2,2,G3DSA:2.60.40.10
A0A7W7QJR2,3,PF00041
A0A7W7QJT1,1,PF00553
A0A7W7QJT1,2,PF00041
A0A7W7QMT0,1,PS51257
A0A7W7QMT0,3,PF02839
A0A7W7QMT0,4,PF02839
A0A7W7QQY1,1,PF00553
A0A7W7QQY1,2,PF00553
A0A7W7QQY1,3,PF00041
A0A7W7QSH8,1,PF00553
A0A7W7QZE2,1,PS51318
A0A7W7R070,2,SM00495
A0A7W7R1F9,2,PF02018
A0A7W7R1S1,1,PF02018
A0A7W7R1V1,1,PF02018
A0A7W7R384,1,PF02018
A0A7W7R384,2,PF00041
A0A7W7R6U5,1,PF02018
A0A7W7R7P1,1,PF00553
A0A7W7R7P1,2,PF00041
A0A7W7RY71,1,PF00553
A0A7W7RY71,2,PF00041
A0A7W7RY80,1,PF00553
A0A7W7RY80,2,PF00041
A0A7W7RZZ7,1,PF02018
A0A7W7RZZ7,2,G3DSA:2.60.40.10
A0A7W7S7B1,2,PF02018
A0A7W7S900,1,PF02018
A0A7W7SEL3,1,PF00553
A0A7W7SFX7,2,SM00495
A0A7W7SG21,1,PF02018
A0A7W7SG21,2,PF00041
A0A7W7SG55,1,PF02018
A0A7W7SI34,1,PF00553
A0A7W7SI34,2,PF00041
A0A7W7SJQ4,1,PF00553
A0A7W7SJQ4,2,PF00041
A0A7W7SSL1,1,PS51318
A0A7W7SSL1,2,PF00553
A0A7W7SSL1,3,PF00041
A0A7W7SSS2,1,PS51318
A0A7W7SSS2,2,PF02839
A0A7W7SVM6,1,PF00553
A0A7W7SX75,1,PF00553
A0A7W7SX75,2,PF00553
A0A7W7SX75,3,PF00041
A0A7W7SYK6,1,PF00553
A0A7W7SYK6,2,PF00041
A0A7W7T0V6,2,PF02839
A0A7W7T3U7,1,PF00553
A0A7W7T619,2,PF02018
A0A7W7T7B9,1,PF02018
A0A7W7U0E3,1,PF02018
A0A7W7U0E3,2,PF00041
A0A7W7U772,1,PS51318
A0A7W7U772,3,PF02839
A0A7W7V9W0,1,PS51318
A0A7W7V9W0,2,PF02018
A0A7W7V9W0,3,PF00041
A0A7W7VF51,1,PF02018
A0A7W7VF51,2,PF00041
A0A7W7VGU0,1,PF00553
A0A7W7VGU0,2,PF00041
A0A7W7VN00,1,PF02018
A0A7W7VNM3,2,PF02018
A0A7W7VTW0,1,PF02018
A0A7W7VXG3,2,PF02839
A0A7W7VYD4,2,PF02018
A0A7W7W7T8,1,PF00553
A0A7W7WHJ7,1,PF02018
A0A7W7WJE9,2,SM00495
A0A7W7WTP5,1,PF00553
A0A7W7X8V7,2,PF02839
A0A7W7X9N5,1,PF00553
A0A7W7XCF1,1,PF00553
A0A7W7XCF1,2,PF00041
A0A7W7XCP4,1,PS51318
A0A7W7XCP4,2,PF02018
A0A7W7XCP4,3,PF00041
A0A7W7XEV5,2,PF02839
A0A7W7XGK5,1,PS51318
A0A7W7XX53,1,PF17957
A0A7W7XX53,2,PF00041
A0A7W7ZPI5,1,SM00495
A0A7W7ZPI5,2,PF00041
A0A7W8A4W4,1,PF02018
A0A7W8A4W4,2,PF00041
A0A7W8AAE5,1,PF00553
A0A7W8AAE5,2,PF00553
A0A7W8AAE5,3,PF00041
A0A7W8AAN1,1,PF02018
A0A7W8AED7,1,PF02839
A0A7W8AED7,2,PF00041
A0A7W8AED7,3,PF00041
A0A7W8AN71,1,PF02018
A0A7W8AN71,2,PF00041
A0A7W8B848,1,PF00553
A0A7W8B848,2,PF00041
A0A7W8BT95,2,PF02839
A0A7W8E998,1,PF02839
A0A7W8EG85,2,PF02839
A0A7W8EG85,3,PF02839
A0A7W8EG96,1,PF00553
A0A7W8EG96,2,PF00041
A0A7W8EHI4,1,PF02839
A0A7W8EHI4,2,PF00041
A0A7W8EUE5,1,PF00553
A0A7W8EUE5,2,PF00041
A0A7W8F4M2,5,PF02839
A0A7W8F7N2,1,PF02018
A0A7W8F7N2,2,PF00041
A0A7W8FB39,1,PF00553
A0A7W8FB39,2,PF00041
A0A7W8FDV6,1,PS51318
A0A7W8HB00,1,PF01476
A0A7W8HB00,2,PF01476
A0A7W8HE15,1,PF07833
A0A7W8HE15,2,PF08239
A0A7W8ITE0,1,PF01476
A0A7W8ITE0,2,PF01476
A0A7W8JBZ4,1,PF02839
A0A7W8JBZ4,2,PF00041
A0A7W8JBZ4,3,SM00495
A0A7W8JBZ4,4,PF00041
A0A7W8JLU6,1,PS51257
A0A7W8K5U4,1,PS51257
A0A7W8K5U4,2,PF02839
A0A7W8MR85,1,PF02839
A0A7W8MR85,2,PF00041
A0A7W8MR85,3,SM00495
A0A7W8MR85,4,PF00041
A0A7W8NKG1,1,PF02839
A0A7W8NKG1,2,PF02839
A0A7W8NNU2,1,PS51257
A0A7W8NNU2,2,PF02839
A0A7W8NP08,1,PS51257
A0A7W8NP08,2,PF02839
A0A7W8NP08,3,PF17957
A0A7W8NP08,4,PF17957
A0A7W8NRE8,1,PF08329
A0A7W8NRE8,3,PF22352
A0A7W8NRE8,4,G3DSA:2.60.40.10
A0A7W8QLI6,1,PF00553
A0A7W8QLI6,2,PF00041
A0A7W8VE41,1,PF00553
A0A7W8YEI4,1,PS51257
A0A7W8YEI4,2,PF02839
A0A7W8YHD1,1,PF02839
A0A7W8YHD1,2,PF02839
A0A7W8YLB0,1,PS51257
A0A7W8YLB0,2,PF02839
A0A7W8YSR1,1,PS51257
A0A7W8YSR1,4,PF00535
A0A7W8Z0N5,1,PF02018
A0A7W8Z1B0,2,PF02018
A0A7W8Z729,1,PF02839
A0A7W8Z729,2,PF00041
A0A7W8Z729,3,PF00041
A0A7W8Z7S8,1,PF00553
A0A7W8Z7S8,2,PF00041
A0A7W8Z7S8,3,PF00041
A0A7W8ZCI6,1,PF02839
A0A7W8ZCI6,2,PF00041
A0A7W8ZCI6,3,PF00041
A0A7W8ZCU4,1,PF02839
A0A7W8ZCU4,2,PF00041
A0A7W8ZL86,1,PS51257
A0A7W8ZM12,2,SM00495
A0A7W9DIB9,1,PS51257
A0A7W9DM28,2,SM00495
A0A7W9DR70,1,PF00553
A0A7W9DR70,2,PF00553
A0A7W9DR70,3,PF00041
A0A7W9DSV0,1,PF02018
A0A7W9DSV0,2,PF00041
A0A7W9E047,1,PS51257
A0A7W9E047,4,PF00535
A0A7W9G6Q2,1,PF02839
A0A7W9G6Q2,2,PF00041
A0A7W9G6R4,1,PF00553
A0A7W9G6R4,2,PF00041
A0A7W9G7E3,1,PS51257
A0A7W9GM07,2,PF02839
A0A7W9H8X8,1,PF00553
A0A7W9H8X8,2,PF00041
A0A7W9HIG6,1,PF00553
A0A7W9HMK0,2,PF02839
A0A7W9HPA2,1,PF00553
A0A7W9HPW7,1,PS51318
A0A7W9IF23,1,PS51318
A0A7W9IF23,2,PF00553
A0A7W9IF23,3,PF00041
A0A7W9JBQ5,1,PF02839
A0A7W9JD09,1,PF00553
A0A7W9JD09,2,PF00041
A0A7W9JD85,2,PF02839
A0A7W9KBP8,1,PS51318
A0A7W9KHI9,1,PF02018
A0A7W9KI38,1,PF00553
A0A7W9KI38,2,PF00553
A0A7W9KI38,3,PF00041
A0A7W9KKZ7,2,PF02839
A0A7W9KKZ7,3,PF02839
A0A7W9KL91,1,PF02018
A0A7W9KL91,2,PF00041
A0A7W9LBY2,1,PF02018
A0A7W9LBY2,2,PF00041
A0A7W9LCH9,1,PF02839
A0A7W9LCH9,2,PF00041
A0A7W9M3V9,1,PF00553
A0A7W9M3V9,2,PF00553
A0A7W9M3V9,3,PF00041
A0A7W9M5N9,1,PF02018
A0A7W9MVC5,1,PF02018
A0A7W9MVC5,2,PF00041
A0A7W9MWF2,1,PS51318
A0A7W9MY42,1,PS51318
A0A7W9MY78,1,PF02018
A0A7W9MY78,2,PF00041
A0A7W9PP30,1,PF00553
A0A7W9PRV8,1,PF00553
A0A7W9PRV8,2,PF00041
A0A7W9PW34,1,PF02018
A0A7W9PW34,2,PF00041
A0A7W9PX57,1,PS51318
A0A7W9PX57,2,PF02018
A0A7W9PX57,3,PF00041
A0A7W9PX60,1,PF00553
A0A7W9PX60,2,PF00041
A0A7W9PY52,1,PF02018
A0A7W9PY52,2,PF00041
A0A7W9Q0J8,2,PF02839
A0A7W9Q8V7,1,PF00553
A0A7W9Q8V7,2,PF00041
A0A7W9QA87,2,PF02839
A0A7W9QGP4,1,PF00553
A0A7W9QGP4,2,PF00041
A0A7W9SES4,1,PF08239
A0A7W9SVB9,3,PF00535
A0A7W9TBS8,1,PS51318
A0A7W9TBS8,2,PF02018
A0A7W9TBS8,3,PF00041
A0A7W9TBW4,1,PF00553
A0A7W9TBW4,2,PF00041
A0A7W9UQZ6,1,PS51318
A0A7W9UQZ6,3,PF02018
A0A7W9V0T7,1,PF02018
A0A7W9V0T7,2,PF00041
A0A7W9V3C1,2,PF02839
A0A7W9V5P0,1,PS51257
A0A7W9V5P0,2,SM00495
A0A7W9V5P0,3,PF17957
A0A7W9V5P0,4,G3DSA:2.60.40.10
A0A7W9X9H4,3,PF00535
A0A7W9XM05,1,PS51257
A0A7W9XP16,3,PF00535
A0A7W9YDH0,2,PF02839
A0A7W9YDY2,1,PF00553
A0A7W9YDY2,2,PF00041
A0A7X0A2K3,3,PF00535
A0A7X0A6B3,1,PS51257
A0A7X0BW43,1,PF02839
A0A7X0BW43,2,PF00041
A0A7X0CLB2,1,PS51257
A0A7X0FJU8,1,PS51257
A0A7X0FJU8,2,SM00495
A0A7X0FJU8,3,PF17957
A0A7X0FJU8,4,PF00041
A0A7X0G043,1,PS51318
A0A7X0G043,2,PF00553
A0A7X0G043,3,PF00041
A0A7X0G061,1,PF00553
A0A7X0G061,2,PF00041
A0A7X0G1I5,1,PF02018
A0A7X0G1I5,2,PF00041
A0A7X0G213,1,PF00553
A0A7X0G213,2,PF00553
A0A7X0G213,3,PF00041
A0A7X0GR12,1,PF00553
A0A7X0GR12,2,PF00041
A0A7X0HGH1,1,PS51318
A0A7X0HGH1,2,PF02018
A0A7X0HGH1,3,PF00041
A0A7X0HH86,1,PF00553
A0A7X0HH86,2,PF00041
A0A7X0HR94,1,PF01476
A0A7X0HR94,2,PF01476
A0A7X0HR94,3,PF01476
A0A7X0HU03,1,PF01476
A0A7X0HU03,2,PF01476
A0A7X0HU03,3,PF01476
A0A7X0HVN5,1,PF01476
A0A7X0HVN5,2,PF01476
A0A7X0I8Z7,1,PF02018
A0A7X0II80,2,PF00041
A0A7X0IZ74,1,PS51257
A0A7X0J2S7,1,PS51257
A0A7X0J2S7,4,PF00535
A0A7X0J869,1,PS51257
A0A7X0KS51,1,PS51257
A0A7X0L0A3,1,PF00553
A0A7X0L0A3,2,PF00041
A0A7X0L1K6,1,PF02839
A0A7X0LCC0,1,PS51318
A0A7X0LCC0,2,PF02018
A0A7X0LCC0,3,PF00041
A0A7X0LP72,2,PF02839
A0A7X0LP74,1,PS51257
A0A7X0LXA3,1,PF07833
A0A7X0LYW7,1,PF01476
A0A7X0LYW7,2,PF01476
A0A7X0LYW7,3,PF01476
A0A7X0LYW7,4,PF01476
A0A7X0LYW7,5,PF08239
A0A7X0M6X5,1,PF00553
A0A7X0M6X5,2,PF00041
A0A7X0MJ28,1,PS51257
A0A7X0NQG9,1,PF00553
A0A7X0NQG9,2,PF00553
A0A7X0NQG9,3,PF00041
A0A7X0P2J3,1,PF02839
A0A7X0P2J3,2,PF00041
A0A7X0P3Q7,1,PF00553
A0A7X0P3Q7,2,PF00041
A0A7X0P3R4,1,PF02018
A0A7X0P3R4,2,PF00041
A0A7X0PM36,3,G3DSA:2.60.40.10
A0A7X0RSC7,4,PF00535
A0A7X0RSJ5,1,PS51318
A0A7X0RSJ5,2,PF00395
A0A7X0RSJ5,3,PF00395
A0A7X0RSJ5,4,PF00395
A0A7X0RUI9,2,PF08239
A0A7X0SCD6,2,G3DSA:2.60.40.10
A0A7X0SCD6,3,SM00495
A0A7X0SDL7,3,SM00495
A0A7X0SGL0,1,PF00395
A0A7X0SGL0,2,PF00395
A0A7X0SGL0,3,PF00395
A0A7X0SHV9,1,PF07833
A0A7X0T427,3,PF00041
A0A7X0T427,4,PF02839
A0A7X0VCU9,1,PF07833
A0A7X0VVC5,1,PF07833
A0A7X0X2M8,3,PF00041
A0A7X0X2M8,4,PF02839
A0A7X0XAS8,3,PF00041
A0A7X0XAS8,4,PF02839
A0A7X0XRI9,3,PF00041
A0A7X0XRI9,4,PF02839
A0A7X0Y150,3,PF00041
A0A7X0Y150,4,PF02839
A0A7X0Y613,3,PF00041
A0A7X0Y6D7,3,PF00041
A0A7X0Y6D7,4,PF02839
A0A7X0YKY5,3,PF00041
A0A7X0YKY5,4,PF02839
A0A7X0Z0E5,3,PF00041
A0A7X0Z0E5,4,PF02839
A0A7X0Z3P0,3,PF00041
A0A7X0Z3P0,4,PF02839
A0A7X0ZIL1,3,PF00041
A0A7X0ZIL1,4,PF02839
A0A7X0ZX69,3,PF00041
A0A7X0ZX69,4,PF02839
A0A7X1DCI4,3,PF00041
A0A7X1DCI4,4,PF02839
A0A7X1DNV6,3,PF00041
A0A7X1DNV6,4,PF02839
A0A7X1EKI6,1,SM00495
A0A7X1EKI6,2,SM00495
A0A7X1EKI6,3,SM00495
A0A7X1EKI6,4,SM00495
A0A7X1FM27,2,PF00041
A0A7X1FM27,3,PF02839
A0A7X1HZ44,1,PF00553
A0A7X1I3L3,1,PS51318
A0A7X1I3L3,2,PF02018
A0A7X1I3L3,3,PF00041
A0A7X1I3X8,1,PF02018
A0A7X1I3X8,2,PF00041
A0A7X1I6S5,1,PF00553
A0A7X1I6S5,2,PF00041
A0A7X1IH40,1,PF02018
A0A7X1IH40,2,PF00041
A0A7X1IMS0,2,G3DSA:2.60.40.10
A0A7X1IMS0,3,PF02018
A0A7X1IXI1,1,PS51318
A0A7X1IXI1,2,PF02018
A0A7X1IXI1,3,PF00041
A0A7X1IY99,1,PF02018
A0A7X1IY99,2,PF00041
A0A7X1J6I0,1,PF00553
A0A7X1J6J3,1,PF00553
A0A7X1J6J3,2,PF00041
A0A7X1KC49,1,PS51257
A0A7X1LQF7,1,PS51318
A0A7X1LQF7,3,PF02839
A0A7X1LXZ9,1,PF00553
A0A7X1LXZ9,2,PF00041
A0A7X1MDY5,3,PF02839
A0A7X1PJY9,2,G3DSA:2.60.40.10
A0A7X1PJY9,3,PF02839
A0A7X2H9V4,2,PF02839
A0A7X2H9V4,3,PF02839
A0A7X2HAY9,1,PF01476
A0A7X2HAY9,2,PF01476
A0A7X2HCF3,1,PF07833
A0A7X2IM77,1,PS51257
A0A7X2IM77,2,PF02839
A0A7X2IMD2,1,PS51257
A0A7X2IMD2,2,PF02839
A0A7X2IW04,1,PF01476
A0A7X2IW04,2,PF01476
A0A7X2IZB8,3,PF00535
A0A7X2J2G9,1,PF01476
A0A7X2J2G9,2,PF01476
A0A7X2JCB0,1,PF01476
A0A7X2JCS5,1,PF08239
A0A7X2L1A5,1,PF07833
A0A7X2NM89,1,PF08239
A0A7X2NPB4,1,PF01476
A0A7X2P7W9,1,PF08239
A0A7X2S7R3,1,PS51257
A0A7X2S8N5,1,PF01476
A0A7X2S8N5,2,PF01476
A0A7X2YY58,2,PF00041
A0A7X2YY58,3,PF02839
A0A7X2Z022,1,PF00395
A0A7X2Z022,2,PF00395
A0A7X2Z022,3,PF00395
A0A7X2Z329,1,PF07833
A0A7X2Z329,2,PF08239
A0A7X2Z5Q8,1,G3DSA:2.60.40.10
A0A7X2Z5Q8,2,PF00041
A0A7X2Z5Q8,4,PF00041
A0A7X2Z5Q8,6,PF00395
A0A7X2Z5Q8,7,PF00395
A0A7X2Z5U4,1,PF07833
A0A7X2ZAA3,1,PF01476
A0A7X2ZAA3,2,PF01476
A0A7X2ZCM9,1,PF01476
A0A7X2ZCM9,2,PF01476
A0A7X2ZCM9,3,PF08239
A0A7X3A5H3,1,PF00395
A0A7X3A5H3,2,PF00395
A0A7X3A5H3,3,PF00395
A0A7X3A6G6,1,PF01476
A0A7X3A6G6,2,PF01476
A0A7X3AC07,1,PF07833
A0A7X3AS92,1,PF00395
A0A7X3AS92,2,PF00395
A0A7X3AS92,3,PF00395
A0A7X3AU21,1,PF01476
A0A7X3AU21,2,PF01476
A0A7X3CN77,1,PF02839
A0A7X3CN77,2,PF00041
A0A7X3CUH4,2,PF08239
A0A7X3DIR5,2,PF00395
A0A7X3DIR5,3,PF00395
A0A7X3DIR5,4,PF00395
A0A7X3FEN7,1,PF02839
A0A7X3FEN7,2,PF02839
A0A7X3FEN7,3,SM00495
A0A7X3FF21,2,PF00041
A0A7X3FF21,3,PF02839
A0A7X3FHB7,3,PF00041
A0A7X3FHB7,4,PF00553
A0A7X3FHM0,1,PF02839
A0A7X3FHM0,2,PF00041
A0A7X3FKZ4,1,PF00395
A0A7X3FKZ4,2,PF00395
A0A7X3FKZ4,3,PF00395
A0A7X3FL21,1,PF02839
A0A7X3FL21,2,PF00041
A0A7X3FL52,1,PF02839
A0A7X3FL52,2,PF00041
A0A7X3FLT4,1,PF07833
A0A7X3FLT4,2,PF08239
A0A7X3G489,2,PF00553
A0A7X3G489,3,PF00553
A0A7X3GH86,1,PF00395
A0A7X3GH86,3,PF00395
A0A7X3GLP2,1,PF01476
A0A7X3GLP2,2,PF01476
A0A7X3GM56,2,G3DSA:2.60.40.10
A0A7X3GM56,4,PF00041
A0A7X3GM56,5,PF00395
A0A7X3GM56,6,PF00395
A0A7X3GM56,7,PF00395
A0A7X3GMQ4,2,PF00041
A0A7X3GMQ4,3,PF02839
A0A7X3GN19,1,PF07833
A0A7X3IFJ0,1,PF07833
A0A7X3IFY2,2,PF00041
A0A7X3IFY2,3,PF02839
A0A7X3IFZ9,1,PF00395
A0A7X3IFZ9,2,PF00395
A0A7X3IFZ9,3,PF00395
A0A7X3IMD1,1,PF02839
A0A7X3IMD1,2,PF00041
A0A7X3INP9,1,PF00395
A0A7X3INP9,2,PF00395
A0A7X3INP9,3,PF00395
A0A7X3IPM8,1,PF07833
A0A7X3KIM7,1,PF01476
A0A7X3KIM7,2,PF01476
A0A7X3KIR7,1,PF02839
A0A7X3KIR7,2,PF00041
A0A7X3L1H6,2,G3DSA:2.60.40.10
A0A7X3L1H6,3,G3DSA:2.60.40.10
A0A7X3LFR0,2,PF00041
A0A7X3LFR0,3,PF02839
A0A7X3LFR0,4,PF00041
A0A7X3LFR0,5,PF00041
A0A7X3LFR0,6,PF02839
A0A7X3LH82,2,PF00041
A0A7X3LH82,3,PF00041
A0A7X3LH82,4,PF02839
A0A7X3MD59,1,PF07833
A0A7X3MD59,2,PF08239
A0A7X4WS53,1,PF08329
A0A7X4WS53,3,PF22352
A0A7X4WS53,5,PF02839
A0A7X4X765,1,PS51257
A0A7X4X765,2,PF02839
A0A7X4X765,3,PF17957
A0A7X4X765,4,PF17957
A0A7X4X765,7,SM00495
A0A7X4XFI2,1,PF08329
A0A7X4XFI2,3,PF22352
A0A7X4XFI2,5,PF02839
A0A7X4XFK7,1,PS51257
A0A7X4XFK7,2,PF02839
A0A7X4XFK7,3,PF17957
A0A7X4XFK7,4,PF17957
A0A7X4XFK7,7,SM00495
A0A7X4XND3,1,PS51257
A0A7X4XND3,2,PF02839
A0A7X4XND3,3,PF17957
A0A7X4XND3,4,PF17957
A0A7X4XND3,7,SM00495
A0A7X4XPW0,1,PF08329
A0A7X4XPW0,3,PF22352
A0A7X4XPW0,5,PF02839
A0A7X4XR19,1,PS51257
A0A7X4XR19,2,PF02839
A0A7X4XR19,3,PF17957
A0A7X4XR19,4,PF17957
A0A7X4XR19,7,SM00495
A0A7X4XUS2,1,PS51257
A0A7X4Y9R8,1,PF02839
A0A7X4Y9R8,2,PF00041
A0A7X4YB47,2,G3DSA:2.60.40.10
A0A7X4YH01,1,PS51257
A0A7X4YH01,2,PF00041
A0A7X4YL31,1,PS51257
A0A7X4YL31,2,PF00395
A0A7X4YL31,3,PF00395
A0A7X4YL31,4,PF00395
A0A7X4YL75,1,PF07833
A0A7X4YTE4,1,PF01476
A0A7X4YTE4,2,PF01476
A0A7X4Z6P0,1,PF08239
A0A7X5AVQ4,1,SM00495
A0A7X5AVQ4,2,PF17957
A0A7X5AVQ4,3,PF17957
A0A7X5AVQ4,4,SM00495
A0A7X5AVQ4,5,PF17957
A0A7X5AVQ4,6,PF17957
A0A7X5B726,1,PF08329
A0A7X5B726,3,PF22352
A0A7X5B726,5,PF02839
A0A7X5BF70,1,PF08329
A0A7X5BF70,3,PF22352
A0A7X5BF70,5,PF02839
A0A7X5BQ63,1,PS51257
A0A7X5BQ63,2,PF02839
A0A7X5BQ63,3,PF17957
A0A7X5BQ63,4,PF17957
A0A7X5BVG4,1,PS51257
A0A7X5C149,1,PF07833
A0A7X5CBL2,1,PF01476
A0A7X5D2H3,1,PF01476
A0A7X5E3K4,1,PF01476
A0A7X5E3K4,2,PF01476
A0A7X5E970,1,PF01476
A0A7X5E9R5,1,PF08239
A0A7X5HVK1,1,PF00395
A0A7X5HVK1,2,PF00395
A0A7X5HVK1,3,PF00395
A0A7X5ILA0,1,PF01476
A0A7X5L419,1,PF08239
A0A7X5N129,1,PS51257
A0A7X5P6E5,2,G3DSA:2.60.40.10
A0A7X5P6E5,3,G3DSA:2.60.40.10
A0A7X5P6E5,4,PF08329
A0A7X5PB39,2,G3DSA:2.60.40.10
A0A7X5PB39,3,PF02839
A0A7X5QCW0,2,PF02839
A0A7X5QK61,2,PF02839
A0A7X5RE21,1,PF01476
A0A7X5SZ70,1,PF01476
A0A7X5SZ70,2,PF01476
A0A7X5SZ70,3,PF08239
A0A7X5UWS0,1,PS51257
A0A7X5V5A9,2,PF02839
A0A7X5V5B2,1,PF00553
A0A7X5V5B2,2,PF00041
A0A7X5V655,1,PF02018
A0A7X5V655,2,PF00041
A0A7X5V8E5,1,PS51318
A0A7X5X8A7,1,PS51318
A0A7X5ZI46,1,SM00495
A0A7X5ZI46,2,PF00041
A0A7X6AVH0,1,PS51318
A0A7X6CYM0,1,PF00553
A0A7X6M9Z4,2,PF02839
A0A7X6NJA5,1,PF01476
A0A7X6NJA5,2,PF01476
A0A7X6NKK3,1,PF01476
A0A7X6NKK3,2,PF01476
A0A7X6NL21,1,PF01476
A0A7X6RQA4,1,PF00553
A0A7X6RQA4,2,PF00041
A0A7X6RQE8,1,PF00553
A0A7X6SBS8,2,PF00395
A0A7X6SBS8,3,PF00395
A0A7X6SBS8,4,PF00395
A0A7X6UGN2,1,PF07833
A0A7X6UIZ5,1,PF07833
A0A7X6UZJ2,5,PF00041
A0A7X6V362,1,PS51257
A0A7X6VI63,1,PF00395
A0A7X6VI63,2,PF00395
A0A7X6VKF6,1,PF01476
A0A7X6VKF6,2,PF01476
A0A7X6VRP8,1,PF07833
A0A7X6WE14,1,PF07833
A0A7X6WWE3,2,SM00495
A0A7X6WWE3,3,PF02839
A0A7X6XIW6,1,PS51257
A0A7X6Y1Z0,1,PF00395
A0A7X6Y1Z0,2,PF00395
A0A7X6Y4N2,1,PF07833
A0A7X6Y4V7,2,PF00395
A0A7X6Y4V7,3,PF00395
A0A7X6Y4V7,4,PF00395
A0A7X6Y6T3,1,PF07833
A0A7X6Y8N3,1,PF07833
A0A7X6YML6,1,PF07833
A0A7X6ZTZ3,1,PF01476
A0A7X6ZTZ3,2,PF01476
A0A7X7A170,1,PF07833
A0A7X7ADY2,1,PF01476
A0A7X7ADY2,2,PF01476
A0A7X7B1Q4,1,PF07833
A0A7X7B647,1,PF01476
A0A7X7B647,2,PF01476
A0A7X7B647,3,PF01476
A0A7X7B722,2,PF00395
A0A7X7B722,3,PF00395
A0A7X7B722,4,PF00395
A0A7X7BJD0,1,PF01476
A0A7X7BJD0,2,PF01476
A0A7X7C0W0,1,PS51257
A0A7X7CWY4,1,PS51257
A0A7X7HAT4,1,PF01476
A0A7X7HAT4,2,PF01476
A0A7X7HQA0,1,PS51257
A0A7X7IMM5,1,PS51257
A0A7X7JXH3,2,PF02839
A0A7X7L533,1,PF07833
A0A7X7LMA2,1,PF07833
A0A7X7NZ61,1,PF07833
A0A7X7Q2J5,1,PF01476
A0A7X7Q2J5,2,PF01476
A0A7X7R3P1,2,PF07833
A0A7X7RS08,1,PF08239
A0A7X7S9B9,1,PF07833
A0A7X7SWT6,1,PS51257
A0A7X7SWT6,2,PF07833
A0A7X7SXB1,1,PF00395
A0A7X7SXB1,2,PF00395
A0A7X7SXB1,3,PF00395
A0A7X7SYY0,1,PF01476
A0A7X7SYY0,2,PF01476
A0A7X7SYY0,3,PF08239
A0A7X7UQZ8,1,PF01476
A0A7X7UQZ8,2,PF01476
A0A7X7W0A0,1,PF01476
A0A7X7W0A0,2,PF01476
A0A7X7W0A0,3,PF08239
A0A7X7W1H1,1,PF00395
A0A7X7W1H1,2,PF00395
A0A7X7WWS4,3,PF00535
A0A7X7WZN7,1,PS51257
A0A7X7X1M9,1,PF01476
A0A7X7X1M9,2,PF01476
A0A7X7X4C4,1,PF07833
A0A7X7XX18,1,PF00395
A0A7X7XX18,2,PF00395
A0A7X7XX18,3,PF00395
A0A7X7XYJ3,1,PF07833
A0A7X7Y3Q5,1,PF01476
A0A7X7Y3Q5,2,PF01476
A0A7X7YBR0,2,PF00395
A0A7X7YBR0,3,PF00395
A0A7X7YBR0,4,PF00395
A0A7X7YX14,1,PS51257
A0A7X7ZJQ7,1,PS51257
A0A7X8AUA7,1,PF01476
A0A7X8D2M6,1,PF01476
A0A7X8D2M6,2,PF01476
A0A7X8DTT8,1,PF07833
A0A7X8DTT8,2,PF01476
A0A7X8DW34,1,PF07833
A0A7X8DWN3,1,PF01476
A0A7X8DWN3,2,PF01476
A0A7X8DWN3,3,PF08239
A0A7X8EQ47,1,PF01476
A0A7X8EQ47,2,PF01476
A0A7X8EQ47,3,PF08239
A0A7X8EQW7,1,PF07833
A0A7X8EQW7,2,PF08239
A0A7X8F3Z5,1,PS51257
A0A7X8G197,1,PF01476
A0A7X8G197,2,PF01476
A0A7X8G4B7,2,PF00395
A0A7X8G4B7,3,PF00395
A0A7X8G4B7,4,PF00395
A0A7X8G602,1,PS51257
A0A7X8G602,2,PF07833
A0A7X8G6U0,1,PF01476
A0A7X8G6U0,2,PF01476
A0A7X8G6U0,3,PF08239
A0A7X8HFS0,2,PF00395
A0A7X8HFS0,3,PF00395
A0A7X8HFS0,4,PF00395
A0A7X8HG21,1,PF01476
A0A7X8HG21,2,PF01476
A0A7X8IAZ2,1,PF07833
A0A7X8IAZ2,2,PF01476
A0A7X8IBW3,1,PF01476
A0A7X8IBW3,2,PF01476
A0A7X8ILH3,2,PF00395
A0A7X8ILH3,3,PF00395
A0A7X8ILH3,4,PF00395
A0A7X8IYS6,1,PF01476
A0A7X8IYS6,2,PF01476
A0A7X8J234,1,PS51257
A0A7X8JEP4,1,PF00395
A0A7X8JWU2,1,PF07833
A0A7X8KVV1,1,PF01476
A0A7X8KVV1,2,PF01476
A0A7X8KWR8,1,PF01476
A0A7X8KWR8,2,PF01476
A0A7X8KZV7,2,PF00395
A0A7X8KZV7,3,PF00395
A0A7X8KZV7,4,PF00395
A0A7X8L4S2,2,PF00395
A0A7X8L4S2,3,PF00395
A0A7X8L4S2,4,PF00395
A0A7X8L5B6,1,PF07833
A0A7X8LCH9,1,PF07833
A0A7X8LCH9,2,PF08239
A0A7X8LLX5,1,PF07833
A0A7X8LUY3,1,PF01476
A0A7X8LUY3,2,PF01476
A0A7X8M119,1,PF01476
A0A7X8M119,2,PF01476
A0A7X8M5B5,1,PF01476
A0A7X8M5B5,2,PF01476
A0A7X8M5B5,3,PF08239
A0A7X8MEN5,1,PF01476
A0A7X8MEN5,2,PF01476
A0A7X8MEN5,3,PF08239
A0A7X8MIC8,1,PF07833
A0A7X8MP04,1,PF01476
A0A7X8MP04,2,PF01476
A0A7X8N3R5,1,PF01476
A0A7X8N3R5,2,PF01476
A0A7X8N5B5,1,PF17957
A0A7X8PQT0,1,PF01476
A0A7X8PQT0,2,PF01476
A0A7X8PQT0,3,PF01476
A0A7X8PRV3,2,PF00395
A0A7X8PRV3,3,PF00395
A0A7X8PRV3,4,PF00395
A0A7X8Q112,1,PF01476
A0A7X8Q112,2,PF01476
A0A7X8Q112,3,PF08239
A0A7X8QFZ2,1,PS51257
A0A7X8QH50,1,PF01476
A0A7X8QH50,2,PF01476
A0A7X8QLC9,1,PF01476
A0A7X8QLC9,2,PF01476
A0A7X8QPG7,1,PF01476
A0A7X8QQX5,2,PF00395
A0A7X8QQX5,3,PF00395
A0A7X8QQX5,4,PF00395
A0A7X8QWR9,1,PF07833
A0A7X8QYI3,1,PF07833
A0A7X8R1D8,1,PF07833
A0A7X8R2T1,2,PF00395
A0A7X8R2T1,3,PF00395
A0A7X8R2T1,4,PF00395
A0A7X8R3D5,1,PF00395
A0A7X8R3D5,2,PF00395
A0A7X8RCK2,2,PF07833
A0A7X8RDI3,1,PF07833
A0A7X8RI74,3,PF00535
A0A7X8SHQ0,1,SM00495
A0A7X8SHQ0,2,PF17957
A0A7X8SHQ0,3,G3DSA:2.60.40.10
A0A7X8SHQ0,4,SM00495
A0A7X8SHQ0,5,G3DSA:2.60.40.10
A0A7X8SHQ0,6,G3DSA:2.60.40.10
A0A7X8SL50,2,PF17957
A0A7X8SL50,3,G3DSA:2.60.40.10
A0A7X8SL50,4,SM00495
A0A7X8SL50,5,PF17957
A0A7X8SL50,6,G3DSA:2.60.40.10
A0A7X8SL50,7,PF02839
A0A7X8SL50,8,G3DSA:2.60.40.10
A0A7X8U482,1,PF07833
A0A7X8UAC9,1,PF07833
A0A7X8V527,1,PS51257
A0A7X8VEF0,1,PF07833
A0A7X8WY77,2,PF00395
A0A7X8WY77,3,PF00395
A0A7X8WY77,4,PF00395
A0A7X8X1N7,1,PS51257
A0A7X8YHB6,1,PS51257
A0A7X8YHB6,2,PF02839
A0A7X8YHB6,3,PF17957
A0A7X8YHB6,4,PF17957
A0A7X8YHB6,7,SM00495
A0A7X8YHU4,1,PF08329
A0A7X8YHU4,3,PF22352
A0A7X8YHU4,5,PF02839
A0A7X8YN32,1,PF07833
A0A7X8ZAK1,1,PS51257
A0A7X8ZB89,1,PF07833
A0A7X8ZW27,1,PS51257
A0A7X9A236,1,PF07833
A0A7X9AIF8,1,PF00395
A0A7X9AIF8,2,PF00395
A0A7X9BRJ6,1,PF01476
A0A7X9BRJ6,2,PF01476
A0A7X9BSD4,2,PF00395
A0A7X9BSD4,3,PF00395
A0A7X9BSD4,4,PF00395
A0A7X9BY82,2,PF01476
A0A7X9CED7,1,PF07833
A0A7X9CED7,2,PF08239
A0A7X9CNH3,1,PF07833
A0A7X9CNH3,2,PF08239
A0A7X9D1X6,1,PF07833
A0A7X9E9F0,1,PF01476
A0A7X9E9F0,2,PF01476
A0A7X9E9F0,3,PF01476
A0A7X9FZP3,1,PF01476
A0A7X9FZP3,2,PF01476
A0A7X9FZP3,3,PF08239
A0A7X9GI89,1,PF07833
A0A7X9GKE6,1,PF00395
A0A7X9GKE6,2,PF00395
A0A7X9GKE6,3,PF00395
A0A7X9H858,1,PF01476
A0A7X9H858,2,PF01476
A0A7X9H858,3,PF08239
A0A7X9H8R0,1,PS51257
A0A7X9HT49,2,PF00395
A0A7X9HT49,3,PF00395
A0A7X9HT49,4,PF00395
A0A7X9HU35,2,PF00395
A0A7X9HU35,3,PF00395
A0A7X9HU35,4,PF00395
A0A7X9HU57,1,PF07833
A0A7X9J9Z8,1,PS51257
A0A7X9LZ61,1,PF07833
A0A7X9M3S3,1,PF01476
A0A7X9M3S3,2,PF01476
A0A7X9MSW5,1,PF01476
A0A7X9MSW5,2,PF01476
A0A7X9MSW5,3,PF01476
A0A7X9MVS0,1,PF01476
A0A7X9P1C3,2,G3DSA:2.60.40.10
A0A7X9P1C3,3,G3DSA:2.60.40.10
A0A7X9P1C3,4,SM00495
A0A7X9P1C3,5,G3DSA:2.60.40.10
A0A7X9P1C3,6,G3DSA:2.60.40.10
A0A7X9P1C3,7,PF02839
A0A7X9P1C3,8,G3DSA:2.60.40.10
A0A7X9P904,1,PS51257
A0A7X9RYZ5,1,PF02839
A0A7X9RYZ5,2,G3DSA:2.60.40.10
A0A7X9RYZ5,3,G3DSA:2.60.40.10
A0A7X9RYZ5,4,SM00495
A0A7X9RYZ5,5,G3DSA:2.60.40.10
A0A7X9RYZ5,6,G3DSA:2.60.40.10
A0A7X9UN89,1,PF00395
A0A7X9UN89,2,PF00395
A0A7X9UN89,3,PF00395
A0A7X9UVU9,1,PS51257
A0A7X9YKY8,1,PF07833
A0A7X9YME2,1,PF07833
A0A7Y0A9W3,3,PF00535
A0A7Y0AD34,1,PS51257
A0A7Y0AQ05,2,PF00041
A0A7Y0AQ87,3,PF00041
A0A7Y0B141,1,PF00553
A0A7Y0B1D9,2,PF02839
A0A7Y0B8T8,1,PF02018
A0A7Y0B8T8,2,PF00041
A0A7Y0BDM9,1,PF02018
A0A7Y0BDM9,2,PF00041
A0A7Y0EK16,1,PF00041
A0A7Y0ENT2,1,PF01476
A0A7Y0ENT2,2,PF01476
A0A7Y0FZ66,1,PF00553
A0A7Y0FZ66,2,PF00041
A0A7Y0G077,1,PF02018
A0A7Y0G077,2,PF00041
A0A7Y0G2M7,2,PF02839
A0A7Y0HBI1,1,PF08329
A0A7Y0HBI1,3,G3DSA:2.60.40.10
A0A7Y0HBI1,4,G3DSA:2.60.40.10
A0A7Y0HBI1,5,PF02839
A0A7Y0HBI1,6,PF02839
A0A7Y0HCR1,1,SM00495
A0A7Y0HCR1,2,PF17957
A0A7Y0HCR1,3,G3DSA:2.60.40.10
A0A7Y0J7F6,1,PF00553
A0A7Y0J7F6,2,PF00041
A0A7Y0JAK9,1,PF00553
A0A7Y0JAK9,2,PF00041
A0A7Y0JBA8,1,PS51257
A0A7Y0JBA8,2,PF02018
A0A7Y0JBA8,3,PF00041
A0A7Y0JDH9,1,PF00553
A0A7Y0JG33,1,PS51318
A0A7Y0JIC8,1,PS51257
A0A7Y0JIC8,2,SM00495
A0A7Y0JII4,1,SM00495
A0A7Y0JJF2,1,PS51257
A0A7Y0JJF2,2,PF02839
A0A7Y0JKB3,1,PS51257
A0A7Y0JKB3,2,PF02839
A0A7Y0JRL6,1,PS51257
A0A7Y0K476,1,PF01476
A0A7Y0K476,2,PF01476
A0A7Y0K8T8,1,PF07833
A0A7Y0L6B3,1,PS51257
A0A7Y0MUH6,1,PF08329
A0A7Y0MUH6,3,PF22352
A0A7Y0MUH6,5,PF02839
A0A7Y0MVH9,1,PF02839
A0A7Y0MVH9,2,PF17957
A0A7Y0MVH9,3,PF17957
A0A7Y0MVH9,4,SM00495
A0A7Y0MVH9,5,PF17957
A0A7Y0MVH9,6,PF17957
A0A7Y0MY76,1,PS51257
A0A7Y0MY76,2,PF02839
A0A7Y0MY76,3,PF17957
A0A7Y0MY76,4,PF17957
A0A7Y0NRR9,3,PF00535
A0A7Y0NS03,1,PS51257
A0A7Y0P7V4,2,PF02839
A0A7Y0P857,1,PS51318
A0A7Y0P857,2,PF02018
A0A7Y0P857,3,PF00041
A0A7Y0PAC1,2,PF02839
A0A7Y0PDB3,1,PF02839
A0A7Y0Q176,1,PS51257
A0A7Y0S481,1,PS51257
A0A7Y0S481,2,PF02839
A0A7Y0S481,3,PF17957
A0A7Y0S481,4,PF17957
A0A7Y0SAU1,1,SM00495
A0A7Y0SAU1,2,PF17957
A0A7Y0SAU1,3,PF17957
A0A7Y0SAU1,4,SM00495
A0A7Y0SAU1,5,PF17957
A0A7Y0SAU1,6,PF17957
A0A7Y0SDE0,1,PF08329
A0A7Y0SDE0,3,PF22352
A0A7Y0SDE0,5,PF02839
A0A7Y0XCV1,1,PS51257
A0A7Y0XCV1,2,PF02839
A0A7Y0XCV1,3,PF17957
A0A7Y0XCV1,4,PF17957
A0A7Y0XE85,1,SM00495
A0A7Y0XE85,2,PF17957
A0A7Y0XE85,3,PF17957
A0A7Y0XE85,4,SM00495
A0A7Y0XE85,5,PF17957
A0A7Y0XE85,6,PF17957
A0A7Y1GF02,2,PF00041
A0A7Y1GF02,3,PF02839
A0A7Y2L4P8,1,PF07833
A0A7Y2NAJ9,1,PS51257
A0A7Y3C2M0,1,PS51257
A0A7Y3GGQ9,1,PS51257
A0A7Y3J294,1,PS51257
A0A7Y3KD18,2,PF00041
A0A7Y3KD18,3,PF02839
A0A7Y3KD18,4,PF02839
A0A7Y3KMI0,1,PS51257
A0A7Y3NVW3,1,PF01476
A0A7Y3NVW3,2,PF01476
A0A7Y3PLR8,1,PF02018
A0A7Y3PLR8,2,PF00041
A0A7Y3PQU7,1,PF00553
A0A7Y3PQU7,2,PF00041
A0A7Y3PU31,1,PF02018
A0A7Y3PU31,2,PF00041
A0A7Y3PUP9,1,PF02018
A0A7Y3PUP9,2,PF00041
A0A7Y3Q1I1,1,PF08329
A0A7Y3Q1I1,3,PF22352
A0A7Y3Q1I1,5,PF02839
A0A7Y3R2C4,1,PF08329
A0A7Y3R2C4,3,PF22352
A0A7Y3R2C4,5,PF02839
A0A7Y3R2S3,1,PS51257
A0A7Y3R2S3,2,PF02839
A0A7Y3R2S3,3,PF17957
A0A7Y3R2S3,4,PF17957
A0A7Y3R2S3,7,SM00495
A0A7Y3T069,1,PF01476
A0A7Y3T069,2,PF01476
A0A7Y3TDK2,5,PF17957
A0A7Y3TDK2,6,PF17957
A0A7Y3TH70,1,PS51257
A0A7Y3V7R7,1,PF00553
A0A7Y3VCL4,1,PS51257
A0A7Y3VCL4,2,PF02839
A0A7Y3VCL4,3,PF17957
A0A7Y3VCL4,4,PF17957
A0A7Y3VCL4,7,SM00495
A0A7Y3XZX7,1,PF01476
A0A7Y3XZX7,2,PF01476
A0A7Y3YKL6,1,G3DSA:2.60.40.10
A0A7Y3YKL6,2,PF17957
A0A7Y3YKL6,3,PF17957
A0A7Y3YKL6,4,PF17957
A0A7Y3YN88,1,PF08329
A0A7Y3YN88,3,PF22352
A0A7Y3YN88,5,PF02839
A0A7Y3ZYX0,1,PF08329
A0A7Y3ZYX0,3,PF22352
A0A7Y3ZYX0,5,PF02839
A0A7Y4B1G5,1,PS51257
A0A7Y4B1G5,2,PF02839
A0A7Y4B1G5,3,PF17957
A0A7Y4B1G5,4,PF17957
A0A7Y4B2D8,1,PF08329
A0A7Y4B2D8,3,PF22352
A0A7Y4B2D8,5,PF02839
A0A7Y4CKG5,1,PF08329
A0A7Y4CKG5,3,PF22352
A0A7Y4CKG5,5,PF02839
A0A7Y4CLA4,1,PS51257
A0A7Y4CLA4,2,PF02839
A0A7Y4CLA4,3,PF17957
A0A7Y4CLA4,4,PF17957
A0A7Y4CMD7,1,G3DSA:2.60.40.10
A0A7Y4CMD7,2,PF17957
A0A7Y4CMD7,3,PF17957
A0A7Y4CMD7,4,PF17957
A0A7Y4D278,2,PF02839
A0A7Y4D278,4,SM00495
A0A7Y4D426,1,PF08329
A0A7Y4D426,3,PF22352
A0A7Y4D426,5,PF02839
A0A7Y4DQW4,2,PF02839
A0A7Y4DQW4,4,SM00495
A0A7Y4E299,1,PS51257
A0A7Y4E299,2,PF02839
A0A7Y4E299,3,PF17957
A0A7Y4E299,4,PF17957
A0A7Y4E2Q6,1,PF08329
A0A7Y4E2Q6,3,PF22352
A0A7Y4E2Q6,5,PF02839
A0A7Y4E9T7,2,PF22352
A0A7Y4E9T7,3,PF22352
A0A7Y4E9T7,4,PF22352
A0A7Y4E9T7,5,SM00495
A0A7Y4E9T7,6,SM00495
A0A7Y4EEH7,1,SM00495
A0A7Y4EEH7,2,PF17957
A0A7Y4EEH7,3,PF17957
A0A7Y4EF21,2,PF22352
A0A7Y4EF21,3,PF02839
A0A7Y4EGT3,1,PF08329
A0A7Y4EGT3,3,PF22352
A0A7Y4EGT3,5,PF02839
A0A7Y4EQ61,1,PF08329
A0A7Y4EQ61,3,PF22352
A0A7Y4EQ61,5,PF02839
A0A7Y4ERG9,1,PS51257
A0A7Y4ERG9,2,PF02839
A0A7Y4ERG9,3,PF17957
A0A7Y4ERG9,4,PF17957
A0A7Y4F087,1,PF02839
A0A7Y4F087,2,PF17957
A0A7Y4F087,3,PF17957
A0A7Y4F087,4,SM00495
A0A7Y4F087,5,PF17957
A0A7Y4F087,6,PF17957
A0A7Y4FRD0,2,PF02839
A0A7Y4FRD0,4,SM00495
A0A7Y4HQD7,1,PS51257
A0A7Y4HQD7,3,PF02839
A0A7Y4ING8,1,PS51257
A0A7Y4ING8,2,PF02839
A0A7Y4ING8,3,PF17957
A0A7Y4JRJ0,2,G3DSA:2.60.40.10
A0A7Y4JTU0,1,PS51257
A0A7Y4JTU0,2,PF00041
A0A7Y4JY38,1,PS51257
A0A7Y4KGM0,2,G3DSA:2.60.40.10
A0A7Y4KIU4,1,PF02839
A0A7Y4KIU4,2,PF00041
A0A7Y4KRS4,1,PS51257
A0A7Y4KST5,1,PS51257
A0A7Y4KST5,2,PF02839
A0A7Y4KST5,3,PF17957
A0A7Y4KST5,4,PF17957
A0A7Y4KYN6,1,PF02839
A0A7Y4L107,1,PS51318
A0A7Y4L2Y7,1,PF02018
A0A7Y4L2Y7,2,PF00041
A0A7Y4L816,2,PF02839
A0A7Y4L841,1,PF00553
A0A7Y4L841,2,PF00041
A0A7Y4MHM1,1,PS51257
A0A7Y4MHM1,3,PF02839
A0A7Y4MQG0,1,PS51257
A0A7Y4MQG0,2,PF00041
A0A7Y4NC16,1,PS51257
A0A7Y4NC16,2,PF02839
A0A7Y4NC16,3,PF17957
A0A7Y4NC16,4,PF17957
A0A7Y4NHC1,1,PF00041
A0A7Y4NU58,1,PS51257
A0A7Y4NU58,2,PF00041
A0A7Y4P2R7,1,PF02018
A0A7Y4P2R7,2,PF00041
A0A7Y4RK80,1,PS51257
A0A7Y4UHQ1,1,PF02839
A0A7Y4UHQ1,2,PF00553
A0A7Y4X0L0,1,PS51257
A0A7Y4X0L0,2,G3DSA:2.60.40.10
A0A7Y5APK7,1,PF08329
A0A7Y5APU0,1,SM00495
A0A7Y5LJQ1,2,G3DSA:2.60.40.10
A0A7Y5ZY40,1,PS51318
A0A7Y5ZY40,2,PF00553
A0A7Y6BXP4,1,PF00395
A0A7Y6BXP4,2,PF00395
A0A7Y6BXP4,3,PF00395
A0A7Y6BYH4,2,PF00041
A0A7Y6BYH4,3,PF02839
A0A7Y6BYJ8,1,PF02839
A0A7Y6BYJ8,2,PF00041
A0A7Y6EVL3,1,PF07833
A0A7Y6EVL9,1,PF07833
A0A7Y6F095,1,PS51318
A0A7Y6FFH2,1,PF02018
A0A7Y6FFH2,2,PF00041
A0A7Y6FFU7,1,PF00553
A0A7Y6FFU7,2,PF00041
A0A7Y6FGJ4,1,PF00553
A0A7Y6FGJ4,2,PF00041
A0A7Y6GB74,1,PF02018
A0A7Y6GB74,2,PF00041
A0A7Y6IHK3,1,PF02839
A0A7Y6IHK3,2,PF00041
A0A7Y6IY57,1,PF02839
A0A7Y6IY57,2,PF00041
A0A7Y6KIK9,1,PF00553
A0A7Y6KIK9,2,PF00041
A0A7Y6KJB9,1,PF00553
A0A7Y6KJB9,2,PF00041
A0A7Y6KPC0,1,PS51318
A0A7Y6KPC0,3,PF02839
A0A7Y6KPE7,1,PF02018
A0A7Y6KPE7,2,PF00041
A0A7Y6L4X3,1,PF00553
A0A7Y6L8T1,1,PF00553
A0A7Y6L8T1,2,PF00041
A0A7Y6L9L5,1,PF02018
A0A7Y6L9L5,2,PF00041
A0A7Y6QKP4,1,PS51257
A0A7Y6QKP4,2,PF02839
A0A7Y6QKR6,1,PS51257
A0A7Y6QKR6,2,PF02839
A0A7Y6QN03,1,PS51257
A0A7Y6WSX9,1,PS51257
A0A7Y6WSX9,2,PF00041
A0A7Y6XAU6,1,PF02839
A0A7Y6XAU6,2,PF00041
A0A7Y6XAU6,3,PF00041
A0A7Y7B2Z1,1,PS51318
A0A7Y7B2Z1,2,PF02018
A0A7Y7B2Z1,3,PF00041
A0A7Y7C386,1,PS51257
A0A7Y7C536,1,PS51257
A0A7Y7C536,2,PF02839
A0A7Y7C536,3,PF17957
A0A7Y7C9I5,1,PS51257
A0A7Y7C9I5,2,PF00041
A0A7Y7CAB6,1,PS51257
A0A7Y7CAB6,2,PF02839
A0A7Y7CAB6,3,PF17957
A0A7Y7CAB6,4,PF17957
A0A7Y7E9W1,1,PF00553
A0A7Y7E9W1,2,PF00041
A0A7Y7H0T1,3,PF00535
A0A7Y7LA00,1,PS51257
A0A7Y7LB09,1,PS51257
A0A7Y7MXP5,1,PF08329
A0A7Y7MXP5,3,PF22352
A0A7Y7MXP5,5,PF02839
A0A7Y7MYZ5,1,PS51257
A0A7Y7MYZ5,2,PF02839
A0A7Y7MYZ5,3,PF17957
A0A7Y7MYZ5,4,PF17957
A0A7Y7P8B5,3,PF00535
A0A7Y7TD73,2,PF02839
A0A7Y7TD73,4,SM00495
A0A7Y8CRZ3,1,PS51257
A0A7Y8GQ92,1,SM00495
A0A7Y8GQ92,2,PF17957
A0A7Y8GQ92,3,PF00041
A0A7Y8ICC7,2,PF17957
A0A7Y8TFA5,3,PF00535
A0A7Y8UZK5,1,PF01476
A0A7Y8UZK5,2,PF01476
A0A7Y8V1T7,1,PF01476
A0A7Y8V1T7,2,PF01476
A0A7Y8WQ80,1,PF00041
A0A7Y8WQ80,2,PF17957
A0A7Y8WSG7,1,PS51257
A0A7Y8WWF6,1,PF00041
A0A7Y8X1P7,2,SM00495
A0A7Y8X4K5,1,PF02018
A0A7Y8X4K5,2,PF00041
A0A7Y8YHQ6,1,PF08329
A0A7Y8YHQ6,3,PF22352
A0A7Y8YHQ6,5,PF02839
A0A7Y8YHQ6,6,PF02839
A0A7Y9BGK9,2,PF08239
A0A7Y9BHJ2,1,PF01476
A0A7Y9BHJ2,2,PF01476
A0A7Y9BHT9,1,PF07833
A0A7Y9BHT9,2,PF08239
A0A7Y9BIZ9,1,PF01476
A0A7Y9BIZ9,2,PF01476
A0A7Y9ELX5,1,PF00553
A0A7Y9ELX5,2,PF00041
A0A7Y9ELY2,1,PF00553
A0A7Y9ELY2,2,PF00041
A0A7Y9EMR5,1,PS51318
A0A7Y9EMR5,2,PF00553
A0A7Y9EMR5,3,PF00041
A0A7Y9EWA5,1,PF02839
A0A7Y9EWA5,3,PF02839
A0A7Y9EWH1,1,PS51318
A0A7Y9EWH1,3,PF02839
A0A7Y9EWH1,4,PF02839
A0A7Y9FMW1,3,PF00535
A0A7Y9GH26,1,PS51318
A0A7Y9GH26,2,PF00553
A0A7Y9GH26,3,PF00041
A0A7Y9GHC8,1,PF00553
A0A7Y9GHC8,2,PF00553
A0A7Y9GHC8,3,PF00041
A0A7Y9GJX3,1,PF02839
A0A7Y9HEQ0,1,PF02018
A0A7Y9HEQ0,2,PF00041
A0A7Y9HUG6,1,PS51257
A0A7Y9JIA9,1,PF00553
A0A7Y9JIA9,2,PF00553
A0A7Y9JIA9,3,PF00041
A0A7Y9JIM1,1,PF02018
A0A7Y9JIM1,2,PF00041
A0A7Y9JIS4,1,PF02839
A0A7Y9JXJ1,1,PS51318
A0A7Y9JXJ1,2,PF00553
A0A7Y9KEL6,1,PF00553
A0A7Y9KEL6,2,PF00041
A0A7Y9KG29,1,PS51318
A0A7Y9KG29,2,PF00553
A0A7Y9KG29,3,PF00041
A0A7Y9KHT8,1,PF02018
A0A7Y9KHT8,2,PF00041
A0A7Y9KRV1,1,PF02839
A0A7Y9KVI5,1,PF02018
A0A7Y9KVI5,2,PF00041
A0A7Y9L6C5,3,PF00535
A0A7Y9MCY5,2,SM00495
A0A7Y9MCY5,3,PF02839
A0A7Y9NGP0,1,SM00495
A0A7Y9NGP0,2,PF17957
A0A7Y9NGP0,3,G3DSA:2.60.40.10
A0A7Y9SR15,1,PS51318
A0A7Y9WVL6,1,PF02839
A0A7Y9WZJ1,1,PF00553
A0A7Y9X2F2,1,PF00553
A0A7Y9XBW7,2,PF02839
A0A7Y9XDH0,1,PF00553
A0A7Y9XDR8,1,PF00553
A0A7Y9XDR8,2,PF00041
A0A7Z0BDG7,1,PS51318
A0A7Z0BMA0,1,PS51318
A0A7Z0DJ24,2,PF02839
A0A7Z0EA21,2,PF02839
A0A7Z0EL75,1,PF00553
A0A7Z0EL75,2,PF00041
A0A7Z0EQU2,2,PF02839
A0A7Z0ESC4,2,PF02839
A0A7Z0K8B0,1,PS51318
A0A7Z0NTD6,1,PF00553
A0A7Z0PSC2,1,PF02018
A0A7Z0PSC2,2,PF00041
A0A7Z0Q1G4,1,PF02018
A0A7Z0Q1G4,2,PF00041
A0A7Z0SVS9,1,PF00553
A0A7Z0TIS4,1,PF00553
A0A7Z0TIS4,2,PF00041
A0A7Z0WP27,1,PF00553
A0A7Z0WP27,2,PF00041
A0A7Z0WVZ8,1,PF01476
A0A7Z0WVZ8,2,PF01476
A0A7Z0WXU6,2,PF00041
A0A7Z0WXU6,3,PF02839
A0A7Z1AUA5,1,PF00553
A0A7Z1AUA5,2,PF00041
A0A7Z1AWY2,1,PF00553
A0A7Z1AWY2,2,PF00041
A0A7Z1AZ67,1,PF02018
A0A7Z1AZ67,2,PF00041
A0A7Z1B490,1,PF01476
A0A7Z1B490,2,PF01476
A0A7Z1BSW4,2,G3DSA:2.60.40.10
A0A7Z1HMQ5,1,SM00495
A0A7Z1HMQ5,2,PF17957
A0A7Z1KIX1,1,PF08329
A0A7Z1KIX1,3,G3DSA:2.60.40.10
A0A7Z1KIX1,4,G3DSA:2.60.40.10
A0A7Z1KIX1,5,PF02839
A0A7Z1KIX1,6,PF02839
A0A7Z1MF52,1,PF08329
A0A7Z1MF52,3,PF22352
A0A7Z1MF52,5,PF02839
A0A7Z1MLL9,2,PF02839
A0A7Z1MLL9,4,SM00495
A0A7Z1S4K8,1,PS51257
A0A7Z1S4K8,2,PF02839
A0A7Z1S4K8,3,PF17957
A0A7Z1S4K8,4,PF17957
A0A7Z2K810,1,PF01476
A0A7Z2K810,2,PF01476
A0A7Z2K9B6,1,PF01476
A0A7Z2K9B6,2,PF01476
A0A7Z2K9B6,3,PF08239
A0A7Z2MTF3,1,SM00495
A0A7Z2MTF3,2,PF17957
A0A7Z2MTF3,3,PF17957
A0A7Z2MTF3,4,SM00495
A0A7Z2MTF3,5,PF17957
A0A7Z2MTF3,6,PF17957
A0A7Z2MW31,1,PF08329
A0A7Z2MW31,3,PF22352
A0A7Z2MW31,5,PF02839
A0A7Z2T8F0,1,PF08329
A0A7Z2T8F0,3,PF22352
A0A7Z2T8F0,5,SM00495
A0A7Z2VH96,1,PF00395
A0A7Z2VH96,2,PF00395
A0A7Z2VH96,3,PF00395
A0A7Z2VPT0,1,G3DSA:2.60.40.10
A0A7Z2VPT0,3,PF00041
A0A7Z2VPT0,5,PF00041
A0A7Z2VPT0,6,PF00395
A0A7Z2VPT0,7,PF00395
A0A7Z2VQT4,1,PF00395
A0A7Z2VQT4,2,PF00395
A0A7Z2VQT4,3,PF00395
A0A7Z2VR24,1,PF07833
A0A7Z2Y849,1,PF01476
A0A7Z2Y849,2,PF01476
A0A7Z2ZK72,1,PF07833
A0A7Z2ZRK3,1,PF07833
A0A7Z2ZRK3,2,PF08239
A0A7Z6T707,1,PF00553
A0A7Z6TBI7,1,PF02018
A0A7Z6TBI7,2,PF00041
A0A7Z6TCA6,1,PF00553
A0A7Z6TCA6,2,PF00041
A0A7Z6U816,2,PF00041
A0A7Z6U816,3,PF02839
A0A7Z6UEM6,2,PF00041
A0A7Z6UEM6,3,PF02839
A0A7Z6UTR2,2,PF00041
A0A7Z6UTR2,3,PF02839
A0A7Z6XCP7,1,PF00553
A0A7Z6XCP7,2,PF00041
A0A7Z6XEL2,1,PS51318
A0A7Z6XIK7,1,PF02018
A0A7Z6XIK7,2,PF00041
A0A7Z7CE32,1,PF00395
A0A7Z7CE32,2,PF00395
A0A7Z7CE32,3,PF00395
A0A7Z7CEU3,1,PF07833
A0A7Z7CL65,1,PF07833
A0A7Z7G564,1,PF02839
A0A7Z7G564,2,PF00041
A0A7Z7G5A8,2,PF00041
A0A7Z7G5A8,3,PF02839
A0A7Z7IJZ7,2,PF00553
A0A7Z7IJZ7,4,PF00553
A0A7Z7LSS4,3,PF00535
A0A7Z7LVK9,1,PS51257
A0A7Z7Q0N4,1,PS51257
A0A7Z7YDP1,1,PS51257
A0A7Z7YDP1,2,PF02839
A0A7Z7YDP1,3,PF17957
A0A7Z7YDP1,4,PF17957
A0A7Z7YDP1,7,SM00495
A0A7Z7YET4,1,PF08329
A0A7Z7YET4,3,PF22352
A0A7Z7YET4,6,PF02839
A0A7Z7YGW5,1,SM00495
A0A7Z7YGW5,2,PF17957
A0A7Z7YGW5,4,PF17957
A0A7Z7YGW5,5,SM00495
A0A7Z7YGW5,6,PF17957
A0A7Z7YGW5,7,PF17957
A0A7Z7YGY5,1,PF17957
A0A7Z7YGY5,2,PF17957
A0A7Z8CZU5,3,PF00041
A0A7Z8CZU5,4,PF02839
A0A7Z8G4Y7,2,PF00041
A0A7Z8G4Y7,3,PF02839
A0A7Z8PUY8,1,PF01476
A0A7Z8PUY8,2,PF01476
A0A7Z8RPY7,3,PF00535
A0A7Z8RQ65,1,PF01476
A0A7Z8RQ65,2,PF01476
A0A7Z8S1Z5,2,PF00041
A0A7Z8S1Z5,3,PF00553
A0A7Z8W384,2,PF00041
A0A7Z8W384,3,PF00553
A0A7Z8WHW0,1,PF01476
A0A7Z8WHW0,2,PF01476
A0A7Z9AT87,2,PF00041
A0A7Z9AT87,3,PF02839
A0A7Z9DKI4,2,PF00041
A0A7Z9DKI4,3,PF02839
A0A7Z9QER3,2,G3DSA:2.60.40.10
A0A800MVJ1,1,PF01476
A0A800MVJ1,2,PF01476
A0A800MWT7,1,PF07833
A0A800N8P1,1,PF01476
A0A800N8P1,2,PF01476
A0A806KHD3,1,PF08239
A0A806TF74,1,PF01476
A0A806TF74,2,PF01476
A0A806TPJ5,1,PF01476
A0A806TPJ5,2,PF01476
A0A807LDC0,2,PF00041
A0A807LDC0,3,SM00495
A0A807LDZ4,2,PF22352
A0A807LDZ4,3,PF02839
A0A809PFI3,1,PF02839
A0A809PFI3,2,SM00495
A0A810DYR6,1,PF07833
A0A810E2D5,1,PF07833
A0A810KX89,2,PF02839
A0A810KX89,3,PF00041
A0A810L7D2,2,PF02018
A0A810MQA7,1,PF00553
A0A810N2Z8,1,PF00553
A0A810N319,1,PF00553
A0A810N4D7,1,PF00553
A0A810NAW4,1,PF00553
A0A810NB66,1,PS51318
A0A810NK65,2,PF02839
A0A810NK65,3,PF02839
A0A810NKT2,1,PF00553
A0A810NKT2,2,PF00041
A0A810NLI7,1,PF02018
A0A810NLI7,2,PF00041
A0A810NLI8,1,PF02018
A0A810NMD0,1,PF02018
A0A810NMD0,2,PF00041
A0A810NMD0,3,G3DSA:2.60.40.10
A0A810NS67,1,PF02839
A0A810NU27,1,PS51318
A0A810NV52,1,PF00553
A0A810NV52,2,PF00041
A0A810PVA1,1,PF01476
A0A810PVA1,2,PF01476
A0A810Q6U7,1,PF01476
A0A810Q6U7,2,PF01476
A0A810QBU3,2,PF00395
A0A810QBU3,3,PF00395
A0A810QBU3,4,PF00395
A0A810QDK7,1,PF00395
A0A810QDK7,2,PF00395
A0A810QDK7,3,PF00395
A0A812FJX9,1,PF02839
A0A812FJX9,2,PF17957
A0A812FJX9,3,PF17957
A0A812FJX9,4,SM00495
A0A812FJX9,5,PF17957
A0A812FJX9,6,PF17957
A0A812G8R6,1,PF02839
A0A812G8R6,2,PF17957
A0A812G8R6,3,PF17957
A0A812G8R6,4,SM00495
A0A812G8R6,5,PF17957
A0A812G8R6,6,PF17957
A0A812GN18,1,PF08329
A0A812GN18,3,PF22352
A0A812GN18,5,PF02839
A0A812GPA4,1,PS51257
A0A812GPA4,2,PF02839
A0A812GPA4,3,PF17957
A0A812GPA4,4,PF17957
A0A812GPG6,1,PS51257
A0A812GPG6,2,PF02839
A0A812GPG6,3,PF17957
A0A812GPG6,4,PF17957
A0A812GUP0,2,PF02839
A0A812GUP0,4,SM00495
A0A812H146,1,G3DSA:2.60.40.10
A0A812H146,2,PF17957
A0A812H146,3,PF17957
A0A812H146,4,PF17957
A0A812HKG5,1,PF08329
A0A812HKG5,3,PF22352
A0A812HKG5,5,PF02839
A0A812HR48,1,PS51257
A0A812HR48,2,PF02839
A0A812HR48,3,PF17957
A0A812HR48,4,PF17957
A0A812I0M1,1,PF08329
A0A812I0M1,3,PF22352
A0A812I0M1,5,PF02839
A0A822MTZ7,2,PF02839
A0A822MTZ7,4,SM00495
A0A822MVY1,1,PS51257
A0A822MVY1,2,PF02839
A0A822MVY1,3,PF17957
A0A822MVY1,4,PF17957
A0A822WEV0,1,PF08329
A0A822WEV0,3,PF22352
A0A822WEV0,5,PF02839
A0A822WEV0,6,PF02839
A0A822X2J8,2,PF00041
A0A822X2J8,3,PF02839
A0A822X564,2,G3DSA:2.60.40.10
A0A822X564,3,PF02839
A0A823IVX0,3,PF00041
A0A823IVX0,4,PF02839
A0A828T2T0,1,PF08239
A0A828T369,1,PF01476
A0A828ZN56,2,PF00041
A0A828ZN56,3,PF02839
A0A829A2C1,2,PF00041
A0A829A2C1,3,PF02839
A0A829AAC2,3,PF00041
A0A829AAC2,4,PF02839
A0A829NLG6,1,PF01476
A0A829NP31,1,PF08239
A0A829W4P6,1,PF01476
A0A829YAJ6,1,PF02839
A0A829YAJ6,2,PF22352
A0A829ZRS3,1,PF07833
A0A830YSL8,1,PF01476
A0A830YSL8,2,PF01476
A0A831K4D8,5,G3DSA:2.60.40.10
A0A831TMU6,1,PF01476
A0A831TMU6,2,PF01476
A0A831XDC6,1,PF08239
A0A832P3Z3,1,PS51257
A0A833H5F9,1,PS51257
A0A833LWY7,3,PF00535
A0A833M890,1,PF07833
A0A836P4G9,1,PS51257
A0A836QGY0,1,PS51257
A0A836RQ64,2,G3DSA:2.60.40.10
A0A836S4G9,1,PS51257
A0A836SQX0,2,G3DSA:2.60.40.10
A0A837F5S9,1,PF08329
A0A837F5S9,3,PF22352
A0A837F5S9,5,PF02839
A0A837F5S9,6,PF02839
A0A837FZN8,1,PF08329
A0A837FZN8,3,PF22352
A0A837FZN8,5,PF02839
A0A837G3J0,1,PF02839
A0A837G3J0,2,PF17957
A0A837G3J0,3,PF17957
A0A837G3J0,4,SM00495
A0A837G3J0,5,PF17957
A0A837G3J0,6,PF17957
A0A837G8V8,1,PF08329
A0A837G8V8,3,PF22352
A0A837G8V8,5,SM00495
A0A837G8X8,6,PF22352
A0A837G8X8,7,SM00495
A0A837GBX1,2,PF22352
A0A837GBX1,3,PF22352
A0A837GBX1,4,PF22352
A0A837GBX1,5,SM00495
A0A837GBX1,6,SM00495
A0A837KHS6,1,PF07833
A0A837KHS6,2,PF08239
A0A837KHW1,1,PF02839
A0A837KHW1,2,PF00041
A0A837KLP1,3,PF00041
A0A837KLP1,4,PF02839
A0A837KRY8,1,PF01476
A0A837KRY8,2,PF01476
A0A837KS78,1,PF00395
A0A837KS78,2,PF00395
A0A837NXJ2,2,PF02839
A0A837NXJ2,4,SM00495
A0A837P083,1,PF08329
A0A837P083,3,PF22352
A0A837P083,5,PF02839
A0A837P2M5,1,PS51257
A0A837P2M5,2,PF02839
A0A837P2M5,3,PF17957
A0A837P2M5,4,PF17957
A0A838AFX7,2,PF00041
A0A838CS54,1,PF01476
A0A838CS54,2,PF01476
A0A838CT98,1,PF01476
A0A838CT98,2,PF01476
A0A838CT98,3,PF01476
A0A838EN12,1,PF02018
A0A838EQ96,1,PF02018
A0A838L6E4,1,PS51257
A0A838L6E4,4,PF00535
A0A838TX86,3,PF00535
A0A839BKE4,1,PF08329
A0A839BKE4,3,PF22352
A0A839BKE4,5,PF02839
A0A839BKE4,6,PF02839
A0A839ESF7,1,PF02839
A0A839ESF7,2,PF17957
A0A839ESF7,3,PF00041
A0A839FN37,2,PF02839
A0A839I1K7,1,PF08329
A0A839I1K7,3,PF22352
A0A839I1K7,4,G3DSA:2.60.40.10
A0A839I1K7,5,PF02839
A0A839I2C7,4,SM00495
A0A839I2C7,6,SM00495
A0A839I2J0,1,SM00495
A0A839I2J0,2,PF17957
A0A839I2J0,3,PF17957
A0A839I2J0,4,SM00495
A0A839I2J0,5,PF17957
A0A839I2J0,6,PF17957
A0A839I373,1,PF17957
A0A839I373,2,PF17957
A0A839I373,3,PF17957
A0A839I373,5,SM00495
A0A839I7Z4,1,SM00495
A0A839I7Z4,2,PF17957
A0A839I7Z4,3,PF17957
A0A839JYV3,1,PF01476
A0A839JYV3,2,PF01476
A0A839LJK4,1,PF02839
A0A839LJK4,4,PF17957
A0A839LJZ0,1,PF02839
A0A839LJZ0,2,PF00041
A0A839LMZ5,1,PF02839
A0A839TMT7,1,PF00395
A0A839TMT7,2,PF00395
A0A839TMT7,3,PF00395
A0A839U057,1,PF07833
A0A839U2Q9,1,PF07833
A0A839WB08,1,PF08329
A0A839WB08,3,PF22352
A0A839WB08,4,PF02839
A0A839WB08,5,SM00495
A0A839WER0,1,SM00495
A0A839WER0,2,SM00495
A0A839WER0,3,SM00495
A0A839WER0,5,PF22352
A0A839WER0,6,G3DSA:2.60.40.10
A0A839WWV2,1,SM00495
A0A839WWV2,2,PF17957
A0A839WWV2,3,PF00041
A0A840BGT6,2,PF02839
A0A840BGT6,3,PF02839
A0A840CEC2,1,PS51257
A0A840CMN1,1,PS51257
A0A840CZQ4,1,PS51257
A0A840E016,1,PF01476
A0A840E016,2,PF01476
A0A840IVD2,1,PS51318
A0A840J6J9,2,PF02839
A0A840MEX1,1,PF02839
A0A840MFJ9,1,PF02839
A0A840MI75,1,PF02839
A0A840MI75,2,PF02839
A0A840MJ66,3,PF02839
A0A840MPL0,1,PF02839
A0A840MUI1,2,SM00495
A0A840MUI1,3,SM00495
A0A840NDT1,1,PS51257
A0A840P5Q8,1,PF02839
A0A840P5Q8,2,PF00041
A0A840PFF1,1,PF00553
A0A840PFF1,2,PF00041
A0A840PL25,1,PF02018
A0A840PL25,2,PF00041
A0A840PVA6,1,PF01476
A0A840PVA6,2,PF01476
A0A840Q1C8,1,PF01476
A0A840Q1C8,2,PF01476
A0A840Q1C8,3,PF01476
A0A840QMH5,2,PF00395
A0A840QMH5,3,PF00395
A0A840QMH5,4,PF00395
A0A840QMH5,5,PF01476
A0A840QQY8,1,PF01476
A0A840QT35,1,PF07833
A0A840RAX4,1,PF02839
A0A840RAX4,2,PF02839
A0A840RBV4,1,PF02839
A0A840RBV4,2,PF02839
A0A840RIK0,1,PF02839
A0A840RIK0,2,PF02839
A0A840RL95,1,PF02839
A0A840RL95,2,PF02839
A0A840RLH7,1,PF02839
A0A840RLH7,2,PF02839
A0A840RLI6,2,PF02839
A0A840RLI6,3,PF02839
A0A840RTS4,2,PF22352
A0A840RTS4,3,G3DSA:2.60.40.10
A0A840SC68,1,PS51257
A0A840SC68,3,G3DSA:2.60.40.10
A0A840SC68,5,PF02839
A0A840TTT6,1,PS51257
A0A840UMM3,1,PS51257
A0A840VIQ1,1,PF00553
A0A840VZW0,1,PS51318
A0A840WCU1,1,PS51318
A0A840WCU1,2,PF02839
A0A840WET5,1,PF00553
A0A840WLW1,1,PS51257
A0A840WLW1,3,PF02839
A0A840WM25,2,PF02839
A0A840WR62,1,PF00553
A0A840WR62,2,PF00041
A0A841AJI4,2,PF02839
A0A841AJI4,3,PF02839
A0A841B0C6,1,PF00553
A0A841B0I5,1,PF00553
A0A841B144,1,PF02018
A0A841B144,2,PF00041
A0A841B450,1,PF02018
A0A841BEU8,2,PF02839
A0A841BFU6,1,PS51318
A0A841BFU6,2,PF00553
A0A841BFU6,3,PF00041
A0A841BFU6,4,PF00041
A0A841BMI2,1,PF02018
A0A841BMI2,2,PF00041
A0A841BMV1,1,PF02018
A0A841BMV1,2,PF00041
A0A841BMV1,3,PF00041
A0A841BRZ1,2,PF02839
A0A841BRZ1,3,PF02839
A0A841BWI4,1,PS51318
A0A841BWI4,2,PF02839
A0A841BYB3,1,PF00553
A0A841BYG1,1,PF02018
A0A841BYG1,2,PF00041
A0A841C0I3,1,PF02018
A0A841C0Z7,1,PF00553
A0A841C0Z7,2,PF00041
A0A841CEN0,1,PF00553
A0A841CEN0,2,PF00553
A0A841CEN0,3,PF00041
A0A841CFS5,3,PF02839
A0A841CIS6,1,PS51318
A0A841CIS6,2,PF00553
A0A841CKE6,1,PF02018
A0A841CU36,1,PF00553
A0A841CU36,2,PF00553
A0A841CU36,3,PF00041
A0A841CWD1,1,PF00553
A0A841D1B0,1,PF02018
A0A841D6E7,1,PF00553
A0A841DAG1,2,PF00041
A0A841DDE9,1,PF02018
A0A841DDE9,2,G3DSA:2.60.40.10
A0A841DDE9,3,G3DSA:2.60.40.10
A0A841DEB9,2,PF02839
A0A841DF48,1,PF02839
A0A841DF48,2,PF00041
A0A841DII2,1,PF00553
A0A841DII2,2,PF00041
A0A841DSV1,1,PS51318
A0A841DTK6,2,PF02839
A0A841DX76,1,PF02018
A0A841DX76,2,PF00041
A0A841DX83,1,PF00553
A0A841DX83,2,PF00041
A0A841E351,1,PS51318
A0A841E4Z4,1,PF00553
A0A841EI68,1,PF00553
A0A841EI68,2,PF00041
A0A841EV80,1,PF07833
A0A841F364,1,PF00395
A0A841F364,2,PF00395
A0A841F364,3,PF00395
A0A841FBH7,1,PF00553
A0A841FBH7,2,PF00041
A0A841FCF9,1,PF00553
A0A841FCF9,2,PF00041
A0A841FH32,1,PS51318
A0A841FH32,2,PF00553
A0A841FH32,3,PF00041
A0A841FHJ2,1,PF07833
A0A841FMR3,1,PF02018
A0A841FNF0,1,PF02018
A0A841FNF0,2,PF00041
A0A841G6S3,3,PF02839
A0A841HC46,1,PF02839
A0A841HDG4,1,PF02839
A0A841I5K5,1,PS51257
A0A841I5K5,2,PF00553
A0A841IP84,1,PF00553
A0A841IP84,2,PF00041
A0A841IQK5,1,PF00553
A0A841IRD5,2,PF02839
A0A841J862,3,PF00535
A0A841JB27,1,PS51257
A0A841JGB1,3,PF00535
A0A841JL03,1,PS51257
A0A841KFK4,1,PS51257
A0A841KM77,2,PF00395
A0A841KM77,3,PF00395
A0A841KM77,4,PF00395
A0A841KMV5,1,PF01476
A0A841KMV5,2,PF01476
A0A841KMV5,3,PF01476
A0A841KPB6,2,PF07833
A0A841KUY9,1,PF07833
A0A841KUY9,2,PF08239
A0A841KVP8,1,PF07833
A0A841KVP8,2,PF08239
A0A841L7D4,1,PF01476
A0A841L7D4,2,PF01476
A0A841LJL2,3,PF00535
A0A841LQJ3,1,PS51257
A0A841MM08,1,PS51257
A0A841N330,3,PF00041
A0A841N502,3,PF00041
A0A841Q372,1,PF07833
A0A841Q372,2,PF08239
A0A841Q7T3,1,PF01476
A0A841Q7T3,2,PF01476
A0A841RLM7,2,PF01476
A0A841RMX1,1,G3DSA:2.60.40.10
A0A841RMX1,2,G3DSA:2.60.40.10
A0A841RMX1,3,G3DSA:2.60.40.10
A0A841RMX1,4,PF01476
A0A841RP63,1,PF01476
A0A841RP63,2,PF01476
A0A841S7Q8,1,PS51318
A0A841S7Q8,3,PF02839
A0A841SP33,3,PF00041
A0A841SP33,4,PF02839
A0A841SVN3,1,PS51318
A0A841SVN3,2,PF00395
A0A841SVN3,3,PF00395
A0A841SVN3,4,PF00395
A0A841T1V2,1,PF07833
A0A841T6H5,1,PF07833
A0A841T6H5,2,PF08239
A0A841T7J2,2,PF00041
A0A841T7J2,4,G3DSA:2.60.40.10
A0A841T7J2,5,PF00395
A0A841T7J2,6,PF00395
A0A841T7J2,7,PF00395
A0A841TA53,1,PF07833
A0A841TD62,1,PF00395
A0A841TD62,2,PF00395
A0A841TD62,3,PF00395
A0A841TG65,1,PF07833
A0A841TG65,2,PF08239
A0A841TVZ7,2,PF00041
A0A841TVZ7,3,PF02839
A0A841TZM4,1,PF00395
A0A841TZM4,2,PF00395
A0A841TZM4,3,PF00395
A0A841U5D7,1,PF07833
A0A841U5D7,2,PF08239
A0A841U6H3,1,PF07833
A0A841Y647,3,PF00041
A0A841Y647,4,PF02839
A0A841YC76,3,PF00041
A0A841YC76,4,PF02839
A0A841YYN6,2,G3DSA:2.60.40.10
A0A841YYN6,3,G3DSA:2.60.40.10
A0A841YYN6,4,PF02839
A0A841YYN9,3,PF00041
A0A841YYN9,4,PF02839
A0A841Z1T1,2,G3DSA:2.60.40.10
A0A841Z1T1,4,PF02839
A0A841Z7Z5,3,PF00041
A0A841Z7Z5,4,PF02839
A0A841ZAI8,3,PF00041
A0A842AZF2,3,PF00041
A0A842AZF2,4,PF02839
A0A842CES3,3,PF00041
A0A842CES3,4,PF02839
A0A842CRU0,3,PF00041
A0A842CRU0,4,PF02839
A0A842FSX0,3,PF00041
A0A842FSX0,4,PF02839
A0A842HGD8,1,PF00553
A0A842HGD8,3,PF00553
A0A842HGD8,4,PF00553
A0A842VRB8,4,G3DSA:2.60.40.10
A0A843S9I4,1,PS51257
A0A843S9I4,2,PF02839
A0A843SB63,1,PS51257
A0A843SG09,1,PS51257
A0A843SG09,2,PF02839
A0A843SHR4,1,PS51257
A0A843T617,1,PF00553
A0A844CEY8,1,PF08329
A0A844CEY8,3,PF22352
A0A844CEY8,4,PF22352
A0A844CEY8,5,PF22352
A0A844CEY8,6,PF02839
A0A844CI03,2,PF00041
A0A844CI03,3,PF02839
A0A844CKP7,1,PS51257
A0A844CLE0,2,G3DSA:2.60.40.10
A0A844CLE0,3,PF02839
A0A844CPF5,2,G3DSA:2.60.40.10
A0A844CPF5,3,PF02839
A0A844DY87,1,PF07833
A0A844DY87,2,PF08239
A0A844FCP5,1,PF07833
A0A844FCP5,2,PF08239
A0A844FCX9,1,PF01476
A0A844GK26,1,PF08239
A0A844GZJ6,1,PF00553
A0A844GZJ6,3,PF00553
A0A844KCW9,1,PF08239
A0A844NYV0,1,SM00495
A0A844NYV0,2,PF17957
A0A844NYV0,3,PF17957
A0A844P773,1,PF08329
A0A844P773,3,PF22352
A0A844P773,5,PF02839
A0A845DTK5,1,PF01476
A0A845DTK5,2,PF01476
A0A845DVJ7,1,PF01476
A0A845DVJ7,2,PF01476
A0A845E752,1,PF01476
A0A845E752,2,PF01476
A0A845E752,3,PF01476
A0A845EG53,1,PF01476
A0A845EG53,2,PF01476
A0A845EP22,1,PF01476
A0A845EP22,2,PF01476
A0A845F1U1,1,PF01476
A0A845F1U1,2,PF01476
A0A845F1U1,3,PF08239
A0A845F5Q5,1,PF01476
A0A845F5Q5,2,PF01476
A0A845F991,1,PF01476
A0A845F991,2,PF01476
A0A845F991,3,PF01476
A0A845G0Y6,1,PS51257
A0A845G1T0,1,PS51257
A0A845G1T0,2,PF02839
A0A845GEC8,1,PS51257
A0A845GLT8,1,PS51257
A0A845GLT8,2,PF02839
A0A845H9Y6,1,PS51257
A0A845HKE4,1,PS51257
A0A845HKE4,2,PF02839
A0A845KJP5,2,PF08239
A0A845KRT7,1,PF07833
A0A845KRT7,2,PF08239
A0A845L0Q0,2,PF00395
A0A845L0Q0,3,PF00395
A0A845L0Q0,4,PF00395
A0A845L5U8,1,PF01476
A0A845L5U8,2,PF01476
A0A845LGL4,2,PF00395
A0A845LGL4,3,PF00395
A0A845LGL4,4,PF00395
A0A845LM30,1,PF00395
A0A845LM30,2,PF00395
A0A845LM30,3,PF00395
A0A845R1V4,1,PF01476
A0A845R1V4,2,PF01476
A0A845R1V4,3,PF08239
A0A845R2R8,1,PF01476
A0A845R2R8,2,PF01476
A0A845RRN6,1,PF01476
A0A845RRN6,2,PF01476
A0A845RRN6,3,PF01476
A0A845RU47,1,PF01476
A0A845RU47,2,PF01476
A0A846HZZ3,2,G3DSA:2.60.40.10
A0A846HZZ3,3,G3DSA:2.60.40.10
A0A846HZZ3,4,PF08329
A0A846I3F6,2,G3DSA:2.60.40.10
A0A846I3F6,3,PF02839
A0A846I5S9,1,PF01476
A0A846I5S9,2,PF01476
A0A846I5S9,3,PF08239
A0A846IAK3,2,PF02839
A0A846J8W8,1,PF01476
A0A846J8W8,2,PF01476
A0A846J8W8,3,PF08239
A0A846J9L5,2,PF02839
A0A846J9L5,3,SM00495
A0A846JC32,2,G3DSA:2.60.40.10
A0A846JC32,3,G3DSA:2.60.40.10
A0A846JC32,4,PF08329
A0A846JDE7,2,G3DSA:2.60.40.10
A0A846JDE7,3,PF02839
A0A846MD72,1,PF01476
A0A846MD72,2,PF01476
A0A846MET0,1,PF01476
A0A846MET0,2,PF01476
A0A846MET0,3,PF01476
A0A846MWV7,3,PF00535
A0A846R962,1,PF02839
A0A846TA93,3,PF00535
A0A846TL00,1,PF01476
A0A846TL00,2,PF01476
A0A846TL00,3,PF01476
A0A846TLR3,1,PF01476
A0A846TLR3,2,PF01476
A0A846TLR3,3,PF01476
A0A846TN20,1,PF01476
A0A846TN20,2,PF01476
A0A846TPF8,1,PF01476
A0A846TPF8,2,PF01476
A0A846U7B6,1,PF02839
A0A846U7B6,2,PF02839
A0A846U9M5,1,PF02839
A0A846UB69,1,PF02839
A0A846UB69,2,PF02839
A0A846UGK3,3,PF02839
A0A846UII3,1,PS51257
A0A846UL36,1,PF02839
A0A846UMW8,1,SM00495
A0A846UMW8,2,PF17957
A0A846UMW8,3,PF00041
A0A846YW61,1,PF02018
A0A846YW61,2,PF00041
A0A846YXD9,1,PF02839
A0A846YXK1,1,PF00553
A0A846YXK1,2,PF00041
A0A846Z7K0,1,PF00553
A0A846Z7K0,2,PF00041
A0A846Z7P6,1,PS51318
A0A846Z7P6,2,PF00553
A0A846Z7P6,3,PF00041
A0A846ZLR8,1,PS51257
A0A847CDG4,1,PS51257
A0A847CUK1,1,PF07833
A0A847CUK1,2,PF08239
A0A847L7C7,1,PS51257
A0A847M069,2,PF00041
A0A847M069,3,G3DSA:2.60.40.10
A0A847M069,4,PF02839
A0A847M069,5,PF00041
A0A847M0G8,1,PS51257
A0A847N9B6,1,PF07833
A0A847N9B6,2,PF08239
A0A847N9J5,1,PF01476
A0A847N9J5,2,PF01476
A0A847N9J5,3,PF01476
A0A847NAE2,1,PF01476
A0A847NAE2,2,PF01476
A0A847NBV1,1,PF00395
A0A847NBV1,2,PF00395
A0A847NBV1,3,PF00395
A0A847NIC4,1,PF07833
A0A847QUX8,1,PF07833
A0A847QUX8,2,PF08239
A0A847QV77,1,PF01476
A0A847QV77,2,PF01476
A0A847RV51,2,PF17957
A0A847RV51,4,PF17957
A0A847RV51,5,PF17957
A0A847RV51,6,PF02839
A0A847S784,1,PS51257
A0A847SBF5,1,PS51257
A0A847T884,1,PS51257
A0A847TZ20,1,PF02839
A0A847TZ20,2,PF02839
A0A847U696,1,PS51318
A0A847U696,2,PF02839
A0A847U696,3,PF02839
A0A847UCM5,1,PS51318
A0A847UCM5,2,PF02839
A0A847UIS3,1,PF02839
A0A847UIS3,2,PF02839
A0A847WEH9,2,PF00395
A0A847WEH9,3,PF00395
A0A847WEH9,4,PF00395
A0A847WHJ5,1,PS51257
A0A847WHX1,1,PF01476
A0A847WHX1,2,PF01476
A0A847WJ69,1,PF07833
A0A847WJ69,2,PF08239
A0A847XDC6,1,PF07833
A0A847XDC6,2,PF08239
A0A848CDJ0,1,PF07833
A0A848CY79,3,PF00535
A0A848D4V5,1,PS51257
A0A848D4V5,2,PF00395
A0A848D4V5,3,PF00395
A0A848D4V5,4,PF00395
A0A848GET3,2,PF17957
A0A848GET3,4,PF17957
A0A848GET3,5,PF17957
A0A848GET3,6,PF02839
A0A848GN09,1,PS51257
A0A848GQ25,1,PS51257
A0A848J1E9,2,PF17957
A0A848J1E9,3,PF17957
A0A848J1E9,4,PF02839
A0A848J1E9,5,PF17957
A0A848J1E9,7,PF17957
A0A848J1E9,8,PF02839
A0A848LKY6,1,PS51257
A0A848LKY6,2,PF02839
A0A848LKY6,3,PF17957
A0A848LMZ6,2,G3DSA:2.60.40.10
A0A848LQP1,1,PF00041
A0A848LZA1,1,PS51257
A0A848LZA1,2,PF00041
A0A848M989,1,PF00395
A0A848M989,2,PF00395
A0A848M989,3,PF00395
A0A848MC13,1,PF07833
A0A848MC13,2,PF08239
A0A848MCI0,1,PF00395
A0A848MCI0,2,PF00395
A0A848MCI0,3,PF00395
A0A848MGW0,2,PF00041
A0A848MGW0,3,PF02839
A0A848MV25,1,PS51257
A0A848MV25,3,PF00041
A0A848MV25,4,PF02839
A0A848MX73,3,PF00041
A0A848MX73,4,PF02839
A0A848MYE6,3,PF00041
A0A848MYE6,4,PF02839
A0A848RGT2,1,PF07833
A0A848VL24,1,PS51257
A0A849AEW1,1,PS51318
A0A849JRZ9,2,PF02839
A0A849JRZ9,3,PF02839
A0A849M5K1,2,G3DSA:2.60.40.10
A0A849N6S6,2,G3DSA:2.60.40.10
A0A849NFB6,2,G3DSA:2.60.40.10
A0A849UQS8,1,PS51257
A0A849VIK0,1,PF08329
A0A849VIK0,5,PF02839
A0A849VJP2,1,SM00495
A0A849VJP2,2,PF17957
A0A849VJP2,3,PF17957
A0A849VJP2,4,SM00495
A0A849VJP2,5,PF17957
A0A849VJP2,6,PF17957
A0A849VKS4,1,SM00495
A0A849VKS4,2,PF17957
A0A849VKS4,3,G3DSA:2.60.40.10
A0A849VKS4,5,SM00495
A0A850BBL3,1,PS51257
A0A850BSY0,1,PS51257
A0A850C5N9,1,PF02839
A0A850C9Z5,1,PF02839
A0A850DW70,1,PS51257
A0A850EF72,1,PF07833
A0A850EGD1,3,PF02839
A0A850EGD1,4,PF02839
A0A850EJM9,1,PF07833
A0A850ELY1,2,PF02839
A0A850ELY1,3,PF02839
A0A850EQD7,1,PF00395
A0A850EQD7,2,PF00395
A0A850EQD7,3,PF00395
A0A850F1J4,2,PF00041
A0A850HSN2,1,PF08239
A0A850J7G8,1,PF02018
A0A850J7G8,2,PF00041
A0A850J9V9,1,PF00553
A0A850J9V9,2,PF00041
A0A850JDD0,1,PF02839
A0A850JEX9,1,PF00553
A0A850JEX9,2,PF00041
A0A850JGI5,1,PF00553
A0A850JGI5,2,PF00041
A0A850QNQ3,1,PF17957
A0A850QRX3,4,PF02839
A0A850QRX3,5,PF02839
A0A850QX47,2,PF02839
A0A850QX47,4,SM00495
A0A852T603,1,PF07833
A0A852T6B2,1,PF01476
A0A852T6B2,2,PF01476
A0A852T6B2,3,PF01476
A0A852TEA4,1,PS51257
A0A852TI46,3,PF00535
A0A852TKE6,1,PF00041
A0A852TKE6,2,PF17957
A0A852TLL8,1,PF01476
A0A852TLL8,2,PF01476
A0A852TQ27,1,PF01476
A0A852TQ27,2,PF01476
A0A852U018,1,PF00553
A0A852U0P1,2,PF02839
A0A852U694,1,PF00553
A0A852U694,2,PF00041
A0A852UMX1,1,PF01476
A0A852UMX1,2,PF01476
A0A852UQE3,1,PF01476
A0A852UQE3,2,PF01476
A0A852UT51,1,PS51318
A0A852UT51,2,PF00553
A0A852UT51,3,PF00041
A0A852V4D3,1,PF00553
A0A852VQI9,1,PF02839
A0A852VQI9,2,PF00041
A0A852VQI9,3,SM00495
A0A852VQI9,4,PF00041
A0A852WZ93,1,PS51318
A0A852ZLL5,2,PF02839
A0A853A9X8,1,PF00553
A0A853A9X8,2,PF00041
A0A853BH61,1,PF00553
A0A853BH61,2,PF00041
A0A853BNT1,1,PS51257
A0A853CVK5,1,PF00553
A0A853CVK5,2,PF00553
A0A853DJQ3,2,SM00495
A0A853DNB5,1,PS51318
A0A853DVF4,1,PF00553
A0A853DVF4,2,PF00553
A0A853EQ79,1,PS51318
A0A853F6E5,1,PS51257
A0A853F6E5,2,SM00495
A0A853F6E5,3,SM00495
A0A853F6E5,4,PF08329
A0A853FEG9,1,PS51257
A0A853FLX8,3,PF00535
A0A853I753,2,PF02839
A0A853I753,3,PF02839
A0A853IAW3,3,SM00495
A0A853IAW3,4,PF02839
A0A853KCE1,1,PF01476
A0A853R042,1,PF02839
A0A853R042,2,PF17957
A0A853R042,3,PF17957
A0A853R042,6,SM00495
A0A853R234,1,SM00495
A0A853R234,2,PF17957
A0A853R234,3,PF17957
A0A853R234,4,SM00495
A0A853R234,5,PF17957
A0A853R234,6,PF17957
A0A853R3A7,1,G3DSA:2.60.40.10
A0A853R3A7,2,PF17957
A0A853R3A7,4,PF17957
A0A853R3A7,5,PF17957
A0A853R5S9,1,PF08329
A0A853R5S9,3,PF22352
A0A853R5S9,5,PF02839
A0A853SVL6,1,PS51257
A0A853SVL6,2,PF02839
A0A853SXZ9,1,PS51257
A0A853SXZ9,2,PF02839
A0A853T626,1,PF02839
A0A853T626,2,PF02839
A0A853X6F2,3,PF00535
A0A853X8N4,1,PF01476
A0A853X8N4,2,PF01476
A0A853XII5,2,PF00041
A0A853XII5,3,PF00553
A0A854DSP3,1,PS51257
A0A854DXQ9,1,SM00495
A0A854DXQ9,2,PF17957
A0A854DXQ9,3,PF00041
A0A855EPM4,1,PF08329
A0A855EPM4,3,PF22352
A0A855EPM4,5,PF02839
A0A855EPM4,6,PF02839
A0A855IR32,2,PF02839
A0A855IR32,4,SM00495
A0A855IX26,1,PF08329
A0A855IX26,3,PF22352
A0A855IX26,5,PF02839
A0A855IZ55,1,PS51257
A0A855IZ55,2,PF02839
A0A855IZ55,3,PF17957
A0A855IZ55,4,PF17957
A0A855S6N9,2,G3DSA:2.60.40.10
A0A855S6N9,3,G3DSA:2.60.40.10
A0A855SBY8,1,SM00495
A0A855SBY8,2,PF17957
A0A855SBY8,3,PF17957
A0A855SBY8,4,SM00495
A0A855SBY8,5,PF17957
A0A855SBY8,6,PF17957
A0A855SCC3,1,PS51257
A0A855SCC3,2,SM00495
A0A855SCC3,3,PF17957
A0A855SCC3,4,PF17957
A0A855SER5,2,PF02839
A0A855SER5,4,SM00495
A0A855SFH2,1,PF08329
A0A855SFH2,3,PF22352
A0A855SFH2,4,G3DSA:2.60.40.10
A0A855SFH2,5,PF02839
A0A855SFI3,1,PS51257
A0A855SHA9,1,PS51257
A0A855SJR4,1,PF08329
A0A855SJR4,3,PF22352
A0A855SJR4,4,G3DSA:2.60.40.10
A0A855SJR4,5,PF02839
A0A855SJR4,6,SM00495
A0A855XS67,1,PF02839
A0A855XS67,2,PF00041
A0A855XSD1,2,PF00041
A0A855XSD1,3,PF02839
A0A855XSG2,1,PF07833
A0A855Y376,1,PF07833
A0A855YAH1,1,PF00395
A0A855YAH1,2,PF00395
A0A855YAH1,3,PF00395
A0A857DHB9,1,PF01476
A0A857DHB9,2,PF01476
A0A857DIS2,1,PF01476
A0A857DIS2,2,PF01476
A0A857DIS2,3,PF01476
A0A858BVR6,1,PF00395
A0A858BVR6,2,PF00395
A0A858BVS8,2,PF07833
A0A873P568,1,PF02839
A0A873P568,2,PF17957
A0A873P568,3,PF17957
A0A873P568,4,SM00495
A0A873P568,5,PF17957
A0A873P568,6,PF17957
A0A873P569,1,PF08329
A0A873P569,3,G3DSA:2.60.40.10
A0A873P569,5,PF02839
A0A873P570,1,SM00495
A0A873P570,2,PF17957
A0A873P570,3,PF17957
A0A873P572,1,SM00495
A0A873P572,2,PF17957
A0A873P572,3,G3DSA:2.60.40.10
A0A873P572,5,SM00495
A0A873P576,1,PF08329
A0A873P576,3,G3DSA:2.60.40.10
A0A873P576,4,G3DSA:2.60.40.10
A0A873P576,5,PF02839
A0A873P576,6,PF02839
A0A873P579,1,PF08329
A0A873P579,3,G3DSA:2.60.40.10
A0A873P579,4,G3DSA:2.60.40.10
A0A873P579,5,PF02839
A0A873P579,6,PF02839
A0A873P584,1,SM00495
A0A873P584,2,PF17957
A0A873P585,1,SM00495
A0A873P585,2,PF17957
A0A873P585,3,G3DSA:2.60.40.10
A0A873P593,1,PF08329
A0A873P593,3,G3DSA:2.60.40.10
A0A873P593,4,G3DSA:2.60.40.10
A0A873P593,5,PF02839
A0A873P593,6,PF02839
A0A873P5C9,1,SM00495
A0A873P5C9,2,PF17957
A0A873P5C9,3,PF17957
A0A889IUD2,2,PF00041
A0A889IUD2,3,PF02839
A0A892I4G1,1,PF08329
A0A892I4G1,3,PF22352
A0A892I4G1,4,G3DSA:2.60.40.10
A0A892IHL6,2,PF00041
A0A892IHL6,3,PF02839
A0A895ABG8,1,PF02839
A0A895ACD0,1,PF02839
A0A895AH56,1,PF02839
A0A895AJR9,1,PF02839
A0A895XUM4,1,PF02839
A0A895YKT0,2,PF02839
A0A896TCS5,2,G3DSA:2.60.40.10
A0A896TCS5,3,PF02839
A0A8A0RM92,1,PF07833
A0A8A0RPC0,1,PF07833
A0A8A1V050,1,PS51318
A0A8A1V050,2,PF02018
A0A8A1V050,3,PF00041
A0A8A1V4B5,1,PS51318
A0A8A1V4B5,2,PF00553
A0A8A1V4B5,3,PF00041
A0A8A2U2L1,1,PF02839
A0A8A2U2S5,1,PF02839
A0A8A2U6T0,1,PS51318
A0A8A2U6T0,2,PF02839
A0A8A4TI30,1,PF00553
A0A8A4TI30,2,PF00553
A0A8A4TME8,1,PF17957
A0A8A4TME8,2,PF17957
A0A8A4U428,3,PF22352
A0A8A4U428,4,PF22352
A0A8A4U428,5,PF22352
A0A8A4U428,6,PF02839
A0A8A4U428,7,PF02839
A0A8B2SDI3,1,PF08329
A0A8B2SDI3,3,PF22352
A0A8B2SDI3,4,G3DSA:2.60.40.10
A0A8B2SDI3,5,PF02839
A0A8B2SDI3,6,PF02839
A0A8B2Y0F4,1,PF08329
A0A8B2Y0F4,3,PF22352
A0A8B2Y0F4,4,G3DSA:2.60.40.10
A0A8B2Y0F4,5,PF02839
A0A8B2Y0F4,6,PF02839
A0A8B3BXT7,1,PF08239
A0A8B3DBX2,1,PS51257
A0A8B3DBX2,2,PF02839
A0A8B3DBX2,3,PF17957
A0A8B3DBX2,4,PF17957
A0A8B3DDK0,1,G3DSA:2.60.40.10
A0A8B3DDK0,2,PF17957
A0A8B3DDK0,3,PF17957
A0A8B3DDK0,4,PF17957
A0A8B3DLU9,1,PF02839
A0A8B3DLU9,2,PF17957
A0A8B3DLU9,3,PF17957
A0A8B3DLU9,4,SM00495
A0A8B3DLU9,5,PF17957
A0A8B3DLU9,6,PF17957
A0A8B3DQD9,1,PF08329
A0A8B3DQD9,3,PF22352
A0A8B3DQD9,5,PF02839
A0A8B3E964,1,PS51257
A0A8B3F677,1,PS51257
A0A8B3JEG4,1,SM00495
A0A8B3JEG4,2,SM00495
A0A8B3JEG4,3,SM00495
A0A8B3JEG4,4,SM00495
A0A8B3JMI7,1,PF08329
A0A8B3JMI7,3,PF22352
A0A8B3JMI7,5,PF02839
A0A8B3JMI7,6,PF02839
A0A8B3M981,1,SM00495
A0A8B3M981,2,SM00495
A0A8B3M981,3,SM00495
A0A8B3M981,4,SM00495
A0A8B3M981,5,SM00495
A0A8B3M981,6,PF02839
A0A8B3M981,7,SM00495
A0A8B4BT67,1,PF01476
A0A8B4BT67,2,PF01476
A0A8B4BT67,3,PF01476
A0A8B4BZV8,1,PF01476
A0A8B4GC27,2,PF00041
A0A8B4GC27,3,PF02839
A0A8B4GGN5,2,SM00495
A0A8B4GKC8,1,PF08329
A0A8B5XVP4,1,PF01476
A0A8B5XVP4,2,PF01476
A0A8B5XX62,1,PF01476
A0A8B5XX62,2,PF01476
A0A8B5XX62,3,PF01476
A0A8B5Y0P8,1,PF01476
A0A8B5Y0P8,2,PF01476
A0A8B5Y4Y1,1,PF01476
A0A8B5Y4Y1,2,PF01476
A0A8D3WEA3,1,PF02018
A0A8D3WEA3,2,PF00041
A0A8D3WGU6,1,PS51318
A0A8D3WHE6,1,PF02018
A0A8D3WHE6,2,PF00041
A0A8D3WIV4,1,PF00553
A0A8D3WIV4,2,PF00041
A0A8D3X0T8,1,PF01476
A0A8D3X0T8,2,PF01476
A0A8D3X6M9,1,PF01476
A0A8D3X6M9,2,PF01476
A0A8D4BPP2,1,PF01476
A0A8D4BPP2,2,PF01476
A0A8D5UGI9,1,PS51257
A0A8E0S8U5,1,PF01476
A0A8E0S8U5,2,PF01476
A0A8E0SCC5,1,PF01476
A0A8E0SCC5,2,PF01476
A0A8E1RMY2,1,PF08329
A0A8E1RMY2,3,PF22352
A0A8E1RMY2,5,PF02839
A0A8E1RMY2,6,PF02839
A0A8E1RSZ6,2,PF00041
A0A8E1RSZ6,3,PF02839
A0A8E1V3Y1,2,G3DSA:2.60.40.10
A0A8E1V3Y1,3,PF02839
A0A8E1VU47,1,PS51318
A0A8E1VVF6,1,PS51257
A0A8E1VVX1,1,PS51318
A0A8E1VXI9,1,PF02018
A0A8E1W3V9,2,PF02018
A0A8E1YAV4,1,PF08329
A0A8E1YAV4,3,PF22352
A0A8E1YAV4,5,PF02839
A0A8E2B5S5,2,PF02839
A0A8E2B5S5,3,PF02839
A0A8E2I589,1,PF01476
A0A8E2I589,2,PF01476
A0A8E2I589,3,PF01476
A0A8E2I7A2,1,PF01476
A0A8E2I7A2,2,PF01476
A0A8E2LEG9,1,PF01476
A0A8E2LEG9,2,PF01476
A0A8E2NA29,1,PF08329
A0A8E2NA29,3,PF22352
A0A8E2NA29,4,PF22352
A0A8E2NA29,5,SM00495
A0A8E2NA29,6,SM00495
A0A8E5JIY3,2,G3DSA:2.60.40.10
A0A8E5MUQ4,2,G3DSA:2.60.40.10
A0A8E5TX86,2,G3DSA:2.60.40.10
A0A8E5X896,2,G3DSA:2.60.40.10
A0A8E6IG01,2,G3DSA:2.60.40.10
A0A8E6J900,2,G3DSA:2.60.40.10
A0A8E6K9B9,2,G3DSA:2.60.40.10
A0A8E6KEX0,2,G3DSA:2.60.40.10
A0A8E6KJ90,2,G3DSA:2.60.40.10
A0A8E6N424,2,G3DSA:2.60.40.10
A0A8E6PNT4,2,G3DSA:2.60.40.10
A0A8E6RYU5,2,G3DSA:2.60.40.10
A0A8E6TVB4,2,G3DSA:2.60.40.10
A0A8E6XF38,2,G3DSA:2.60.40.10
A0A8E7QI01,2,G3DSA:2.60.40.10
A0A8E7VC52,2,G3DSA:2.60.40.10
A0A8E7VPL1,2,G3DSA:2.60.40.10
A0A8E9YB55,2,G3DSA:2.60.40.10
A0A8E9YM27,2,G3DSA:2.60.40.10
A0A8E9Z2U8,2,G3DSA:2.60.40.10
A0A8E9ZB56,2,G3DSA:2.60.40.10
A0A8F2F3K7,1,PF01476
A0A8F2F3K7,2,PF01476
A0A8F2UQ16,2,G3DSA:2.60.40.10
A0A8F4J6A6,1,PS51257
A0A8F6SNE7,2,G3DSA:2.60.40.10
A0A8F7UCK0,2,G3DSA:2.60.40.10
A0A8F7UCK0,3,SM00495
A0A8F7UPH3,2,G3DSA:2.60.40.10
A0A8F7UPH3,3,SM00495
A0A8F7UZ76,2,SM00495
A0A8F8AU51,2,G3DSA:2.60.40.10
A0A8F8Z5Q2,2,G3DSA:2.60.40.10
A0A8G1A3Q5,1,PF02839
A0A8G1A3Q5,2,PF00041
A0A8G1N247,1,PF02839
A0A8G1N408,1,PF02839
A0A8G1UBK6,2,PF02018
A0A8G1UEJ0,1,PS51318
A0A8G1UF63,1,PF02018
A0A8G1UHR2,1,PF02018
A0A8G1UHR2,2,PF00041
A0A8G1UHV4,2,SM00495
A0A8G1UI99,1,PS51318
A0A8G1UI99,3,PF02018
A0A8G1ULK9,1,PF00553
A0A8G1UNW1,1,PF02018
A0A8G1UNW1,2,PF00041
A0A8G1X7L1,1,PF02018
A0A8G1X7L1,2,PF00041
A0A8G1X9Q7,1,PF02018
A0A8G1XCE5,1,PF00553
A0A8G1XCE5,2,PF00041
A0A8G1XDM1,1,PF00553
A0A8G1XDM1,2,PF00041
A0A8G1ZUY0,1,PF00553
A0A8G1ZUY0,2,PF00041
A0A8G1ZVP2,1,PF00553
A0A8G1ZVP2,2,PF00041
A0A8H1L419,1,PS51318
A0A8H1LLT7,1,PS51318
A0A8H1QNK1,1,PS51257
A0A8H1Y7C1,1,SM00495
A0A8H1Y7C1,2,SM00495
A0A8H1Y7C1,3,SM00495
A0A8H1Y7C1,4,SM00495
A0A8H1Y7C1,5,SM00495
A0A8H1Y7C1,6,PF02839
A0A8H1Y7C1,7,SM00495
A0A8H2QT21,1,PF07833
A0A8H2QT21,2,PF08239
A0A8H8XDM6,1,PS51257
A0A8H8XDM6,2,SM00495
A0A8H8XDM6,3,SM00495
A0A8H8XDM6,4,PF08329
A0A8H9GMI7,1,PS51318
A0A8H9GMN7,1,PS51318
A0A8H9GMN7,2,PF02839
A0A8H9H6G8,1,PF02839
A0A8H9H6G8,2,PF00041
A0A8H9H7K7,1,PF00553
A0A8H9HI41,1,PF00553
A0A8H9HI41,2,PF00041
A0A8H9HM50,1,PS51318
A0A8H9HM50,2,PF00553
A0A8H9HM50,3,PF00041
A0A8H9IQR2,1,PS51318
A0A8H9IQR2,2,PF00553
A0A8H9JRC6,3,PF00041
A0A8H9JRC6,4,PF02839
A0A8H9K7I0,1,PS51257
A0A8H9K7I0,2,PF02839
A0A8H9K7I0,3,PF17957
A0A8H9K7I0,4,PF17957
A0A8H9K7I0,7,SM00495
A0A8H9K7T8,2,SM00495
A0A8H9K7T8,3,SM00495
A0A8H9KBL1,1,PF08329
A0A8H9KBL1,3,PF22352
A0A8H9KBL1,5,PF02839
A0A8H9L2F9,3,PF02839
A0A8H9L2K4,1,PS51257
A0A8H9M987,2,PF02839
A0A8H9N2B4,1,PF17957
A0A8H9N2B4,2,PF17957
A0A8H9N2B4,3,PF17957
A0A8H9N2B4,4,PF17957
A0A8H9TGD5,1,SM00495
A0A8H9TGD5,2,PF17957
A0A8H9TGD5,3,PF17957
A0A8H9TGD5,4,SM00495
A0A8H9TGD5,5,PF17957
A0A8H9TGD5,6,PF17957
A0A8I0GTW2,1,SM00495
A0A8I0GTW2,2,PF17957
A0A8I0GTW2,3,PF00041
A0A8I0GUN6,1,PS51257
A0A8I0IEZ9,1,PS51257
A0A8I0KW30,3,PF00535
A0A8I0MIP3,1,PF08329
A0A8I0MIP3,3,PF22352
A0A8I0MIP3,4,G3DSA:2.60.40.10
A0A8I0MIP3,5,PF02839
A0A8I0MIP3,6,PF02839
A0A8I0MZK1,1,SM00495
A0A8I0MZK1,2,PF17957
A0A8I0MZK1,3,PF17957
A0A8I0MZK1,5,SM00495
A0A8I0MZV5,1,PF02839
A0A8I0MZV5,2,PF17957
A0A8I0P9Y1,1,PF02018
A0A8I0P9Y1,2,PF00041
A0A8I0PDA6,1,PF00553
A0A8I0PDA6,2,PF00041
A0A8I0T5W6,1,SM00495
A0A8I0T5W6,2,PF17957
A0A8I0T5W6,3,PF17957
A0A8I0T5W6,4,SM00495
A0A8I0T5W6,5,PF17957
A0A8I0T5W6,6,PF17957
A0A8I0T6Y7,1,PF08329
A0A8I0T6Y7,3,G3DSA:2.60.40.10
A0A8I0T6Y7,4,G3DSA:2.60.40.10
A0A8I0T6Y7,5,PF02839
A0A8I1AE48,1,PS51257
A0A8I1FVE6,1,PF08329
A0A8I1FVE6,3,PF22352
A0A8I1FVE6,5,PF02839
A0A8I1FVE6,6,PF02839
A0A8I1GMI5,1,PF01476
A0A8I1GMI5,2,PF01476
A0A8I1GS35,3,PF00535
A0A8I1GUF7,2,PF00041
A0A8I1GUF7,3,PF00553
A0A8I1J449,1,PF07833
A0A8I1LTM2,1,PF00395
A0A8I1LTM2,2,PF00395
A0A8I1LTM2,3,PF00395
A0A8I1LV88,1,PF07833
A0A8I1MKR7,1,PF00553
A0A8I1MKR7,3,PF00553
A0A8I1MKR7,4,PF00553
A0A8I1RR09,3,PF00535
A0A8I1SPX7,1,PF01476
A0A8I1SPX7,2,PF01476
A0A8I1W437,2,PF02839
A0A8I1W437,4,SM00495
A0A8I1WAI3,1,PS51257
A0A8I1WAI3,2,SM00495
A0A8I1WAI3,3,PF17957
A0A8I1WAI3,4,PF17957
A0A8I1WI30,1,PF01476
A0A8I1WI30,2,PF01476
A0A8I1WKT2,1,PS51257
A0A8I1XKZ7,1,PS51257
A0A8I1XPU3,1,PF07833
A0A8I1XQH9,1,PF07833
A0A8I2B2J1,1,PF08329
A0A8I2B2J1,3,G3DSA:2.60.40.10
A0A8I2B2J1,4,G3DSA:2.60.40.10
A0A8I2B2J1,5,PF02839
A0A8I2B2J1,6,PF02839
A0A8I2BD34,1,PS51257
A0A8I2BZT2,1,PF00395
A0A8I2BZT2,2,PF00395
A0A8I2BZT2,3,PF00395
A0A8I2DUP5,1,PS51318
A0A8I2DUP5,2,PF02018
A0A8I2DUP5,3,PF00041
A0A8I2DVG1,1,PF00553
A0A8I2DVG1,2,PF00041
A0A8I2E071,1,PF02018
A0A8I2E071,2,PF00041
A0A8I2E0N8,1,PS51318
A0A8I2HE34,1,SM00495
A0A8I2HE34,2,PF17957
A0A8I2HE34,3,PF17957
A0A8I2HE34,4,SM00495
A0A8I2HE34,5,PF17957
A0A8I2HE34,6,PF17957
A0A8I2J2H8,1,PF00553
A0A8I2KMZ9,1,PF08329
A0A8I2KMZ9,3,G3DSA:2.60.40.10
A0A8I2KMZ9,4,G3DSA:2.60.40.10
A0A8I2KMZ9,5,PF02839
A0A8I2KQR9,1,SM00495
A0A8I2KQR9,2,PF17957
A0A8I2KQR9,3,PF17957
A0A8I2KQR9,5,SM00495
A0A8I2KS64,1,PF02839
A0A8I2KS64,2,PF17957
A0A8J2TMJ7,1,PF01476
A0A8J2TMJ7,2,PF01476
A0A8J2UE71,1,PS51257
A0A8J2UEC7,3,PF00535
A0A8J2UHA6,1,PS51257
A0A8J2VFE2,1,PS51257
A0A8J2VMQ8,1,PF01476
A0A8J2VMQ8,2,PF01476
A0A8J2YGB4,1,PF01476
A0A8J2YGB4,2,PF01476
A0A8J2Z0X6,1,PS51257
A0A8J2Z4Z7,1,PS51257
A0A8J2ZUL9,1,PF01476
A0A8J2ZUL9,2,PF01476
A0A8J3AIY2,1,PF01476
A0A8J3AIY2,2,PF01476
A0A8J3B9Y4,1,PS51318
A0A8J3B9Y4,2,PF00553
A0A8J3B9Y4,3,PF00041
A0A8J3BAR9,1,PF01476
A0A8J3BAR9,2,PF01476
A0A8J3BIN4,1,PS51257
A0A8J3BRB4,1,PS51257
A0A8J3BRB4,2,PF02839
A0A8J3C3D6,1,PF02839
A0A8J3C622,2,PF02839
A0A8J3CGZ7,1,PF00553
A0A8J3CGZ7,2,PF00041
A0A8J3E7S5,1,PS51257
A0A8J3ENN3,1,PF01476
A0A8J3ENN3,2,PF01476
A0A8J3EXB5,1,PF01476
A0A8J3EXB5,2,PF01476
A0A8J3F984,1,PF01476
A0A8J3F984,2,PF01476
A0A8J3FRQ8,1,PS51257
A0A8J3FRQ8,2,PF02839
A0A8J3FT73,1,PF02839
A0A8J3G4L8,1,PS51257
A0A8J3GEB7,2,PF00553
A0A8J3GEB7,3,PF00553
A0A8J3GEB7,4,PF00553
A0A8J3HCA3,1,PF02018
A0A8J3HCA3,2,PF00041
A0A8J3HGJ9,1,PF00553
A0A8J3HGJ9,2,PF00041
A0A8J3HQM1,1,PF02839
A0A8J3HRK8,1,PF02018
A0A8J3HRK8,2,PF00041
A0A8J3HRK8,3,PF00041
A0A8J3I4E9,1,PS51257
A0A8J3I4E9,2,PF02018
A0A8J3IMR9,1,PF02018
A0A8J3IQG3,2,PF02018
A0A8J3J7V3,2,PF02839
A0A8J3J7V3,3,PF02839
A0A8J3J7V3,4,PF00041
A0A8J3JEX3,1,PF02839
A0A8J3JEX3,2,PF00041
A0A8J3JFH1,1,PF00553
A0A8J3JFH1,2,PF00041
A0A8J3JIA7,1,PF02018
A0A8J3JKQ9,1,PF00553
A0A8J3JKQ9,2,PF00041
A0A8J3JNI8,1,PS51318
A0A8J3JNQ2,1,PF02018
A0A8J3JNQ2,2,PF00041
A0A8J3JRF0,2,PF02839
A0A8J3JRF0,3,PF02839
A0A8J3JW07,1,PF02018
A0A8J3JW07,2,PF00041
A0A8J3JW07,3,PF00041
A0A8J3K0B5,1,PF02839
A0A8J3K9B3,1,PF00553
A0A8J3K9B3,2,PF00041
A0A8J3KAP9,1,PF02018
A0A8J3KAP9,2,PF00041
A0A8J3KFV6,2,PF02839
A0A8J3KFV6,3,PF02839
A0A8J3KKK9,1,PF00553
A0A8J3KKK9,2,PF00041
A0A8J3KNK2,1,PS51318
A0A8J3KQ23,1,PF02839
A0A8J3KU13,1,PF02018
A0A8J3KVH7,1,PF02839
A0A8J3KZL1,1,PS51318
A0A8J3L0I1,2,PF02839
A0A8J3L0I1,3,PF02839
A0A8J3L463,1,PF00553
A0A8J3LCL8,1,PF02018
A0A8J3LCL8,2,PF00041
A0A8J3LCL8,3,PF00041
A0A8J3LD15,1,PF02839
A0A8J3LJ59,1,PS51318
A0A8J3LM56,2,SM00495
A0A8J3LTV5,1,PF00553
A0A8J3LV29,1,PF00553
A0A8J3MIY1,1,PS51318
A0A8J3MK52,1,PS51318
A0A8J3MK52,2,PF02018
A0A8J3MK98,1,PF00553
A0A8J3MPG2,2,PF02839
A0A8J3MPG2,3,PF02839
A0A8J3MSH5,1,PF00041
A0A8J3MSH5,3,PF02018
A0A8J3MUM6,2,PF02839
A0A8J3NG44,1,PS51318
A0A8J3NIJ7,1,PF02839
A0A8J3NIX6,2,PF02839
A0A8J3NIX6,3,PF02839
A0A8J3NK71,1,PF02018
A0A8J3NK71,2,PF00041
A0A8J3NK71,3,G3DSA:2.60.40.10
A0A8J3NND4,1,PF00553
A0A8J3NPG4,1,PF00553
A0A8J3NPG4,2,PF00041
A0A8J3P0X8,1,PF02018
A0A8J3P0X8,2,PF00041
A0A8J3P1N8,1,PF02018
A0A8J3P2C5,1,PF02018
A0A8J3P2C5,2,PF00041
A0A8J3P2C5,3,PF00041
A0A8J3P356,1,PF00553
A0A8J3P356,2,PF00041
A0A8J3P5C9,1,PF02018
A0A8J3P5C9,2,PF00041
A0A8J3P5C9,3,PF00041
A0A8J3P5M3,1,PF00553
A0A8J3P5M3,2,PF00041
A0A8J3P706,1,PF02018
A0A8J3P706,2,PF00041
A0A8J3P7G1,1,PF00553
A0A8J3P7G1,2,PF00041
A0A8J3PDI6,1,PF00553
A0A8J3PHL3,1,PF00553
A0A8J3PHL3,2,PF00041
A0A8J3PHX4,2,PF02839
A0A8J3PHX4,3,PF02839
A0A8J3PIU0,1,PF02018
A0A8J3PJE9,1,PF02018
A0A8J3PJE9,2,PF00041
A0A8J3PTN7,2,PF00041
A0A8J3Q0G1,1,PF02018
A0A8J3Q0H8,1,PF00553
A0A8J3Q0S2,1,PF00553
A0A8J3Q0S2,2,PF00041
A0A8J3QAC2,1,PF00553
A0A8J3QAC2,2,PF00041
A0A8J3QGY6,2,PF02839
A0A8J3QGY6,3,PF02839
A0A8J3QH29,1,PF00553
A0A8J3QIX6,1,PF02018
A0A8J3QIX6,2,PF00041
A0A8J3QLU7,2,PF02839
A0A8J3QLU7,3,PF02839
A0A8J3QVC0,2,SM00495
A0A8J3QYU1,2,PF02839
A0A8J3QZV3,2,PF02839
A0A8J3QZV3,3,PF02839
A0A8J3R0D6,2,PF02018
A0A8J3R127,2,PF02018
A0A8J3R2W2,1,PS51318
A0A8J3R7M9,1,PF00553
A0A8J3R7M9,2,PF00041
A0A8J3R8I8,2,PF02839
A0A8J3R8I8,3,PF02839
A0A8J3RGQ4,1,PF02018
A0A8J3RIB1,1,PF00553
A0A8J3RIB1,2,PF00553
A0A8J3RIB1,3,PF00041
A0A8J3RZF8,2,PF02839
A0A8J3S1I0,2,PF00041
A0A8J3S6L5,1,PF00553
A0A8J3S6L5,2,PF00041
A0A8J3S9B8,1,PF00553
A0A8J3SAX0,1,PS51318
A0A8J3SAX0,2,PF02839
A0A8J3SAX0,3,PF00041
A0A8J3SBQ5,1,PF00553
A0A8J3SBQ5,2,PF00041
A0A8J3SD43,1,PF02018
A0A8J3SIV3,2,PF00041
A0A8J3SR59,1,PF00553
A0A8J3SR59,2,PF00553
A0A8J3SR59,3,PF00041
A0A8J3SUF6,2,PF00041
A0A8J3T356,1,PF02018
A0A8J3T410,1,PF00553
A0A8J3T410,2,PF00041
A0A8J3T4Q3,1,PF00553
A0A8J3T4Q3,2,PF00553
A0A8J3T4Q3,3,PF00041
A0A8J3T7N5,1,PF02018
A0A8J3T870,1,PF00553
A0A8J3T923,1,PF02018
A0A8J3T944,1,PF00553
A0A8J3TDV6,1,PF00553
A0A8J3TPM8,1,PF00553
A0A8J3U229,2,PF00041
A0A8J3U279,2,PF00041
A0A8J3U4J9,1,PF00553
A0A8J3U4X7,2,PF02839
A0A8J3U4X7,3,PF02839
A0A8J3U5A8,1,PF00553
A0A8J3U5A8,2,PF00041
A0A8J3U5C8,1,PS51318
A0A8J3U5C8,2,PF02018
A0A8J3U5N6,1,PF00553
A0A8J3U5N6,2,PF00553
A0A8J3U5N6,3,PF00041
A0A8J3UHH6,1,PF00553
A0A8J3UHH6,2,PF00041
A0A8J3UIW8,1,PF00553
A0A8J3UP27,1,PF02018
A0A8J3VAS8,2,G3DSA:2.60.40.10
A0A8J3VCT5,1,PF02839
A0A8J3VHQ1,1,PF02018
A0A8J3VHQ1,2,PF00041
A0A8J3VI65,1,PF02018
A0A8J3VI65,2,PF00041
A0A8J3VNG1,1,PF00553
A0A8J3VRV4,1,PF02839
A0A8J3W194,1,PF02018
A0A8J3W1M6,1,PF02018
A0A8J3W2P3,1,PF02839
A0A8J3W2P3,2,PF00041
A0A8J3W336,1,PF02018
A0A8J3W336,2,PF00041
A0A8J3W3P2,1,PF00553
A0A8J3W3P2,2,PF00041
A0A8J3W512,1,PF00553
A0A8J3W512,2,PF00553
A0A8J3W512,3,PF00041
A0A8J3W666,2,PF02839
A0A8J3WG23,1,PF00553
A0A8J3WG23,2,PF00553
A0A8J3WG23,3,PF00041
A0A8J3WJ19,1,PF02018
A0A8J3WKF6,1,PF00553
A0A8J3X689,1,PF00553
A0A8J3X689,2,PF00553
A0A8J3X689,3,PF00041
A0A8J3X7P7,1,PF02018
A0A8J3X8C5,1,PF00553
A0A8J3X8C5,2,PF00041
A0A8J3XK43,1,PF00553
A0A8J3XK43,2,PF00553
A0A8J3XK43,3,PF00041
A0A8J3XMA8,2,G3DSA:2.60.40.10
A0A8J3XPI8,2,PF00041
A0A8J3Y1Y8,1,PF00553
A0A8J3Y249,1,PF02018
A0A8J3Y288,1,PF00553
A0A8J3Y288,2,PF00041
A0A8J3Y3R9,1,PF02839
A0A8J3Y478,1,PF02839
A0A8J3Y488,1,PF02839
A0A8J3YA99,2,PF02839
A0A8J3YA99,3,SM00495
A0A8J3YCE5,2,PF02839
A0A8J3YCQ5,1,PS51318
A0A8J3YJK4,1,PF00553
A0A8J3YJK4,2,PF00041
A0A8J3ZFP1,1,PF00553
A0A8J3ZG19,1,PF00553
A0A8J3ZG19,2,PF00041
A0A8J3ZR18,1,PF00553
A0A8J3ZR18,2,PF00041
A0A8J3ZSD7,1,PF00553
A0A8J4A026,1,PS51318
A0A8J4A8B3,1,PS51318
A0A8J4A8B3,2,PF00553
A0A8J4A8B3,3,PF00041
A0A8J4A9I4,1,PF02839
A0A8J4AHF6,2,PF02839
A0A8J4AHF6,3,PF02839
A0A8J4AHF6,4,PF00041
A0A8J4AHF6,5,PF00041
A0A8J4AKS8,1,PF02839
A0A8J4AKS8,2,PF00041
A0A8J4DF63,2,PF02839
A0A8J4DF63,3,PF02839
A0A8J4DGZ1,1,PF02839
A0A8J4DJB5,1,PF02839
A0A8J4DJM1,1,PS51257
A0A8J4DJX6,1,PS51318
A0A8J4DJX6,2,PF02839
A0A8J4DMH3,2,PF02839
A0A8J4DQZ7,1,PS51318
A0A8J4DQZ7,2,PF00553
A0A8J4DQZ7,3,PF00041
A0A8J4DSX6,1,PF00553
A0A8J4DZT3,1,PF00553
A0A8J4DZT3,2,PF00041
A0A8J4E176,1,PF00553
A0A8J4E4Q2,1,PS51318
A0A8J4EKK9,2,PF02018
A0A8J4H123,1,PF01476
A0A8J4H123,2,PF01476
A0A8J4M4B5,2,PF08239
A0A8J6HXQ0,2,PF02839
A0A8J6HXQ0,3,PF02839
A0A8J6I0V4,2,PF02839
A0A8J6I0V4,3,PF02839
A0A8J6I2A2,1,PF02839
A0A8J6I3I3,1,PF08239
A0A8J6IKZ1,2,PF08239
A0A8J6IKZ1,3,PF08239
A0A8J6IKZ1,4,PF08239
A0A8J6J7I8,1,PF01476
A0A8J6J7I8,2,PF01476
A0A8J6J9F5,1,PF01476
A0A8J6J9F5,2,PF01476
A0A8J6JFT4,1,PF00395
A0A8J6JFT4,2,PF00395
A0A8J6JJD3,1,PF01476
A0A8J6JJD3,2,PF01476
A0A8J6JJS2,1,PF00395
A0A8J6JJS2,2,PF00395
A0A8J6JJS2,3,PF00395
A0A8J6MEY7,1,PS51318
A0A8J6MYK6,1,PF07833
A0A8J6PGA7,3,PF01476
A0A8J6PGA7,4,PF01476
A0A8J6T1K3,1,PS51257
A0A8J6T242,1,PF07833
A0A8J6T4S1,2,PF00553
A0A8J6T4S1,3,PF00553
A0A8J6T669,1,PF01476
A0A8J6T669,2,PF01476
A0A8J6T8T1,1,SM00495
A0A8J6T8T1,2,PF02839
A0A8J6YRD3,1,PF07833
A0A8J6YRD3,2,PF08239
A0A8J6YSB2,1,PF01476
A0A8J6YSB2,2,PF01476
A0A8J7FHR4,1,PF02839
A0A8J7FHR4,2,PF02839
A0A8J7FJ97,1,PF02839
A0A8J7FJ97,2,PF02839
A0A8J7FL75,1,PF02839
A0A8J7FL75,2,PF02839
A0A8J7FMJ2,1,PF02839
A0A8J7FMR8,1,PF02839
A0A8J7FMR8,2,PF02839
A0A8J7G360,1,PF02839
A0A8J7G360,2,PF02839
A0A8J7GBH1,1,PF02018
A0A8J7GC02,1,PS51318
A0A8J7GC02,4,SM00495
A0A8J7GML4,1,PF02018
A0A8J7GQ32,2,PF02839
A0A8J7GQ32,3,PF02839
A0A8J7GRN7,1,PF02839
A0A8J7GWV6,2,PF02839
A0A8J7GWV6,3,PF02839
A0A8J7H0N7,1,PF01476
A0A8J7H0N7,2,PF01476
A0A8J7H310,1,PF01476
A0A8J7H310,2,PF01476
A0A8J7H3T3,1,PF01476
A0A8J7H3T3,2,PF01476
A0A8J7H6M5,1,PF01476
A0A8J7H6M5,2,PF01476
A0A8J7HC33,1,PF00041
A0A8J7IGC4,1,PS51257
A0A8J7K9L2,2,PF02839
A0A8J7KHU8,2,PF02839
A0A8J7KHU8,3,PF02839
A0A8J7KU20,1,PF01476
A0A8J7KU20,2,PF01476
A0A8J7KWC0,1,PF01476
A0A8J7KWC0,2,PF01476
A0A8J7KX60,1,PF02018
A0A8J7MDQ8,3,PF00553
A0A8J7QJG1,1,PF00553
A0A8J7QJG1,2,PF00553
A0A8J7U1M4,3,PF22352
A0A8J7U1M4,4,PF22352
A0A8J7U1M4,6,PF02839
A0A8J7U1M4,7,PF02839
A0A8J7UF31,1,PS51257
A0A8J7VWK0,1,SM00495
A0A8J7VWK0,2,PF17957
A0A8J7VWK0,3,PF00041
A0A8J7W2Q6,1,PF00041
A0A8J7W3Q9,1,PF01476
A0A8J7W3Q9,2,PF01476
A0A8J7W4Q4,1,PS51257
A0A8J7W4Q4,2,PF00395
A0A8J7W4Q4,3,PF00395
A0A8J7W4Q4,4,PF00395
A0A8J7WPU0,1,PS51318
A0A8J7WPU0,3,PF02839
A0A8J7WPU0,4,PF02839
A0A8J7WVE6,2,PF02018
A0A8J8B332,2,PF07833
A0A8J8BC90,1,PS51318
A0A8J8BE82,2,PF02839
A0A8J8BE82,3,PF02839
A0A8J8C682,1,PS51318
A0A8J8EHY2,1,PF02839
A0A8J8GHL2,1,PF01476
A0A8J8GHL2,2,PF01476
A0A8J8GHR6,2,PF00395
A0A8J8GHR6,3,PF00395
A0A8J8GHR6,4,PF00395
A0A8J8GVQ8,2,PF02839
A0A8J8GVQ8,3,PF02839
A0A8J8H2R5,1,PF02018
A0A8J8H2R5,2,PF00041
A0A8J8H2U5,1,PF02018
A0A8J8H3B6,1,PF02839
A0A8J8HGR5,1,PF00553
A0A8J8HGR5,2,PF00553
A0A8J8HGR5,3,PF00041
A0A8J8J5N7,1,G3DSA:2.60.40.10
A0A8J8K9J7,1,PF01476
A0A8J8K9J7,2,PF01476
A0A8J8K9J7,3,PF01476
A0A8J8KC72,1,PF01476
A0A8J8KC72,2,PF01476
A0A8J8KIY9,1,PF02018
A0A8J8KIY9,2,PF00041
A0A8J8MAQ9,1,PF07833
A0A8J8MCU8,1,PF01476
A0A8J8MCU8,2,PF01476
A0A8J8MEH9,2,PF00395
A0A8J8MEH9,3,PF00395
A0A8J8MEH9,4,PF00395
A0A8J8MG72,1,PF07833
A0A8J8MG72,2,PF08239
A0A8J8ML55,1,PF01476
A0A8J8ML55,2,PF01476
A0A8J8ML55,3,PF01476
A0A8J8MMY4,1,PF01476
A0A8J8MMY4,2,PF01476
A0A8J8SHG1,2,PF00395
A0A8J8SHG1,3,PF00395
A0A8J8SHG1,4,PF00395
A0A8S0FJV1,1,SM00495
A0A8S0FJV1,2,SM00495
A0A8S0FJV1,3,PF02839
A0A8S0FJV1,4,SM00495
A0A8S0H3F0,2,G3DSA:2.60.40.10
A0A8S0H3F0,3,PF02839
A0A8S0WLB4,1,PF01476
A0A8S0XAI4,1,PS51257
A0A8S0Y8R2,1,PF01476
A0A8S0Y8R2,2,PF01476
A0A8S0Y9D7,1,PF01476
A0A8S0Y9D7,2,PF01476
A0A8S0Y9D7,3,PF01476
A0A8S7BZJ0,1,SM00495
A0A8S7BZJ0,2,SM00495
A0A8S7BZJ0,3,SM00495
A0A8S7BZJ0,4,SM00495
A0A8S7BZJ0,5,SM00495
A0A8S7BZJ0,6,PF02839
A0A8S7BZJ0,7,SM00495
A0A8S7JXQ3,1,SM00495
A0A8S7JXQ3,2,SM00495
A0A8S7JXQ3,3,SM00495
A0A8S7JXQ3,4,SM00495
A0A8S7JXQ3,5,PF02839
A0A8S7JXQ3,6,SM00495
A0A8S7SBJ3,1,SM00495
A0A8S7SBJ3,2,SM00495
A0A8S7SBJ3,3,SM00495
A0A8S7SBJ3,4,SM00495
A0A8S7SBJ3,5,SM00495
A0A8S7SBJ3,6,PF02839
A0A8S7SBJ3,7,SM00495
A0A8T0C271,1,SM00495
A0A8T0C271,2,PF17957
A0A8T0C271,3,G3DSA:2.60.40.10
A0A8T0C271,5,SM00495
A0A8T0C3Z8,1,PF08329
A0A8T0C3Z8,3,G3DSA:2.60.40.10
A0A8T0C3Z8,5,PF02839
A0A8T0C4G8,1,PF02839
A0A8T0C4G8,2,PF17957
A0A8T0C542,1,PF08329
A0A8T0C542,3,G3DSA:2.60.40.10
A0A8T0C542,4,G3DSA:2.60.40.10
A0A8T0C542,5,PF02839
A0A8T0C542,6,PF02839
A0A8T0C5S1,1,SM00495
A0A8T0C5S1,2,PF17957
A0A8T0C7N0,1,PF17957
A0A8T0C7N0,2,PF17957
A0A8T0C9A9,1,SM00495
A0A8T0C9A9,2,PF17957
A0A8T0C9A9,3,PF17957
A0A8T0C9A9,4,SM00495
A0A8T0C9A9,5,PF17957
A0A8T0C9A9,6,PF17957
A0A8T3KGU7,2,PF00395
A0A8T3KGU7,3,PF00395
A0A8T3KGU7,4,PF00395
A0A8T3LRB7,1,PS51318
A0A8T3MAG6,1,PS51257
A0A8T3MWF7,2,G3DSA:2.60.40.10
A0A8T3P889,2,G3DSA:2.60.40.10
A0A8T3Q552,1,PS51257
A0A8T3SPU6,2,G3DSA:2.60.40.10
A0A8T3SPU6,3,PF08239
A0A8T3SZA2,1,PS51257
A0A8T3SZA2,3,PF08239
A0A8T3T3T1,1,PS51257
A0A8T3TYG0,2,PF00395
A0A8T3UZL4,1,PS51257
A0A8T3UZL4,2,G3DSA:2.60.40.10
A0A8T4CSE9,1,PF02839
A0A8T4CSE9,2,PF02839
A0A8T4CVN9,1,PF02839
A0A8T4CVN9,2,PF02839
A0A8T4CVQ1,1,PF02839
A0A8T4CVQ1,2,PF02839
A0A8T4CWW4,1,PF02839
A0A8T4CWW4,2,PF02839
A0A8T4CXC2,1,PF02839
A0A8T4CXC2,2,PF02839
A0A8T4CXK9,1,PF02839
A0A8T4CXK9,2,PF02839
A0A8T4D068,1,PF02839
A0A8T4D068,2,PF02839
A0A8T4D0V7,1,PF02839
A0A8T4D0V7,2,PF02839
A0A8T4EUN0,1,PF02018
A0A8T4EYV0,1,PF02839
A0A8T4EZ79,2,PF02839
A0A8T4EZ79,3,PF02839
A0A8T4F1H3,2,PF00041
A0A8T4H9H1,1,PS51257
A0A8T4HH82,1,PS51257
A0A8T4IVW6,1,PF02018
A0A8T4IVW6,2,PF00041
A0A8T4J0D3,1,PF00553
A0A8T4J0D3,2,PF00041
A0A8T4JT94,1,PF07833
A0A8T4JT94,2,PF08239
A0A8T4K569,1,PF08239
A0A8T4Q010,1,PS51257
A0A8T4Q010,4,PF17957
A0A8T4Q010,6,PF17957
A0A8T4Q010,9,PF17957
A0A8T4Q010,10,PF17957
A0A8T5XLX7,1,PF07833
A0A8T5XN41,1,PF08239
A0A8T5XSA6,2,PF00395
A0A8T5XSA6,3,PF00395
A0A8T5XSA6,4,PF00395
A0A8T5XXH8,1,PF07833
A0A8T5Z779,1,SM00495
A0A8T5Z779,2,PF02839
A0A8T5Z779,3,SM00495
A0A8T6BCU1,1,SM00495
A0A8T6BCU1,2,SM00495
A0A8T6BCU1,3,SM00495
A0A8T6BCU1,4,SM00495
A0A8T6BCU1,5,SM00495
A0A8T6BCU1,6,PF02839
A0A8T6BCU1,7,SM00495
A0A8T6PY23,1,SM00495
A0A8T6PY23,2,SM00495
A0A8T6PY23,3,SM00495
A0A8T6PY23,4,SM00495
A0A8T6PY23,5,SM00495
A0A8T6PY23,6,PF02839
A0A8T6PY23,7,SM00495
A0A8T6QCG4,1,SM00495
A0A8T6QCG4,2,SM00495
A0A8T6QCG4,3,SM00495
A0A8T6QCG4,4,SM00495
A0A8T6QCG4,5,SM00495
A0A8T6QCG4,6,PF02839
A0A8T6QCG4,7,SM00495
A0A8T7EE50,1,PS51257
A0A8T7FN08,1,PS51257
A0A8T7LXU7,1,PS51257
A0A8T8C7P9,2,PF00041
A0A8T8C7P9,3,PF02839
A0A8T8HT43,1,PF00553
A0A8T8HT43,2,PF00041
A0A8T8HUF6,3,PF02839
A0A8T8LW61,2,PF00041
A0A8T8LW61,3,PF02839
A0A8T9IH67,2,G3DSA:2.60.40.10
A0A8T9PZY2,2,PF17957
A0A8T9PZY2,3,PF17957
A0A8T9PZY2,4,SM00495
A0A8T9Q0Z9,2,PF17957
A0A8T9Q0Z9,3,PF17957
A0A8T9Q0Z9,4,SM00495
A0A8T9Z9I9,1,PF01476
A0A8T9Z9I9,2,PF01476
A0A8T9ZD14,2,PF00041
A0A8T9ZD14,3,PF00553
A0A8T9ZJ03,3,PF00535
A0A8U0A0U3,1,PF02839
A0A8U0A1M8,1,PS51318
A0A8U0A1M8,2,SM00495
A0A8U0I0B3,1,PS51318
A0A8U0I2A7,1,PS51318
A0A8X6JXI1,2,G3DSA:2.60.40.10
A0A8X8FPI4,1,SM00495
A0A8X8FPI4,2,PF17957
A0A8X8FPI4,3,PF00041
A0A8X8IER2,3,PF00535
A0A916BQL5,1,PF02839
A0A916BQL5,2,PF02839
A0A916BTF8,1,PS51257
A0A916BVX8,1,PS51257
A0A916FDT4,1,PS51257
A0A916GKH5,1,PS51257
A0A916IFK2,1,PF02839
A0A916IFK2,2,PF02839
A0A916J8X0,1,PS51257
A0A916JEV4,1,PS51257
A0A916JK18,5,G3DSA:2.60.40.10
A0A916K5E9,1,PF01476
A0A916K5E9,2,PF01476
A0A916KAP5,1,PF07833
A0A916NK20,1,PF00395
A0A916NK20,2,PF00395
A0A916NK20,3,PF00395
A0A916NS20,1,PF01476
A0A916NS20,2,PF01476
A0A916PEL0,1,PS51257
A0A916QBE8,1,PF01476
A0A916QBE8,2,PF01476
A0A916SUA4,2,PF02839
A0A916SUA4,3,PF02839
A0A916VII6,1,PF07833
A0A916W6M8,1,PF01476
A0A916W6M8,2,PF01476
A0A916W916,1,PF01476
A0A916W916,2,PF01476
A0A916W916,3,PF01476
A0A916Z8Z0,1,PF00041
A0A916Z8Z0,2,G3DSA:2.60.40.10
A0A916Z8Z0,4,G3DSA:2.60.40.10
A0A916Z8Z0,9,PF00395
A0A916Z8Z0,10,PF00395
A0A916Z8Z0,11,PF00395
A0A916ZX89,1,PS51257
A0A917AIQ4,1,PF01476
A0A917AIQ4,2,PF01476
A0A917AND2,2,PF00041
A0A917AND2,3,PF00553
A0A917ASD6,2,PF00041
A0A917ASK8,2,PF00041
A0A917ASK8,3,PF02839
A0A917B1G9,1,PF01476
A0A917B1G9,2,PF01476
A0A917BWM4,2,PF02839
A0A917C1V8,1,PF01476
A0A917C1V8,2,PF01476
A0A917CIB4,1,PF07833
A0A917CQP8,1,PF00395
A0A917CQP8,2,PF00395
A0A917CQP8,3,PF00395
A0A917D0L5,1,PF07833
A0A917D230,1,PF07833
A0A917D230,2,PF08239
A0A917D7B9,1,PF07833
A0A917DQ69,1,PF07833
A0A917E4X8,1,PF07833
A0A917E4X8,2,PF08239
A0A917FYK2,1,PF01476
A0A917FYK2,2,PF01476
A0A917FYK8,1,PF01476
A0A917FYK8,2,PF01476
A0A917GZ77,3,PF00041
A0A917GZ77,4,PF02839
A0A917GZ77,5,PF00041
A0A917GZ77,6,PF02839
A0A917GZG6,1,PF00395
A0A917GZG6,2,PF00395
A0A917GZG6,3,PF00395
A0A917HH53,1,PF01476
A0A917HH53,2,PF01476
A0A917HHC6,1,G3DSA:2.60.40.10
A0A917HHC6,2,PF00041
A0A917HHC6,4,PF00041
A0A917HHC6,5,PF00395
A0A917HHC6,6,PF00395
A0A917HHC6,7,PF00395
A0A917HLN3,1,PF01476
A0A917HLN3,2,PF01476
A0A917J3V9,3,PF00535
A0A917K1B6,2,PF02839
A0A917KCU8,1,PF01476
A0A917KCU8,2,PF01476
A0A917KFF4,1,PF02018
A0A917KFF4,2,PF00041
A0A917KHP1,1,PF01476
A0A917KJY6,1,PF00553
A0A917L1L7,1,PF00553
A0A917L1L7,2,PF00041
A0A917L8Z4,1,PF00553
A0A917L8Z4,2,PF00041
A0A917M1Q1,1,PF07833
A0A917M644,1,PF01476
A0A917M644,2,PF01476
A0A917M644,3,PF01476
A0A917M6V8,1,PF07833
A0A917N0D4,3,PF00535
A0A917P0T6,1,PF02018
A0A917P0T6,2,PF00041
A0A917P2Y4,1,PS51318
A0A917P2Y4,2,PF02018
A0A917P2Y4,3,PF00041
A0A917PR97,1,PF01476
A0A917PR97,2,PF01476
A0A917PR97,3,PF01476
A0A917QY05,1,PF02839
A0A917QY05,2,PF00041
A0A917S0Z6,1,PF01476
A0A917S0Z6,2,PF01476
A0A917T9R1,1,PF00553
A0A917TK29,1,PF02018
A0A917TM68,1,PF02018
A0A917TUC9,1,PS51318
A0A917TXX7,1,PF01476
A0A917TXX7,2,PF01476
A0A917UVZ3,1,PF01476
A0A917UVZ3,2,PF01476
A0A917VUH7,1,PF00553
A0A917VUH7,2,PF00041
A0A917VZ64,1,PS51318
A0A917W407,1,PF01476
A0A917WQN2,1,PF07833
A0A917WQN2,2,PF08239
A0A917WXC0,1,PF00553
A0A917X322,2,PF02839
A0A917X322,3,PF02839
A0A917X705,1,PF00553
A0A917X705,2,PF00041
A0A917X970,1,PF00553
A0A917XD83,2,PF02839
A0A917XDB4,1,PF02018
A0A917XDB4,2,PF00041
A0A917XS50,1,PF01476
A0A917XS50,2,PF01476
A0A917XS50,3,PF01476
A0A917XUM7,1,PF00553
A0A917YA71,1,PF02018
A0A917YA71,2,PF00041
A0A917YCB4,1,PF02018
A0A917YCB4,2,PF00041
A0A917ZCZ7,1,PF00041
A0A917ZLQ8,1,PF02018
A0A917ZPM2,2,PF02839
A0A917ZSH1,1,PS51318
A0A917ZSH1,3,PF02839
A0A917ZTZ8,1,PS51257
A0A918A1V0,1,PF02839
A0A918A1V0,2,PF00041
A0A918A3L3,1,PF00553
A0A918A3L3,2,PF00041
A0A918A4C8,1,PF02839
A0A918A4C8,2,PF00041
A0A918AXV2,1,PF02018
A0A918AXV2,2,PF00041
A0A918AZK7,1,PF02018
A0A918AZK7,2,PF00041
A0A918B403,3,PF02839
A0A918B6H0,2,SM00495
A0A918BA21,1,PF00553
A0A918BA21,2,PF00041
A0A918BHD4,1,PF00553
A0A918BNP3,1,PF02018
A0A918BNP3,2,PF00041
A0A918BXV9,2,PF02839
A0A918C2A7,1,PF02018
A0A918C2A7,2,PF00041
A0A918CN58,1,PS51257
A0A918CUF9,2,PF02018
A0A918CV74,1,PF02018
A0A918CV74,2,PF00041
A0A918CWI1,1,PF00553
A0A918CWI1,2,PF00041
A0A918D7W6,1,PF00553
A0A918D7W6,2,PF00041
A0A918DV52,1,PF02018
A0A918DV52,2,PF00041
A0A918E038,1,PS51318
A0A918E0E2,1,PF00553
A0A918E0E2,2,PF00041
A0A918EIC0,1,PF00553
A0A918EIQ7,1,PS51318
A0A918EIQ7,2,PF00553
A0A918EIQ7,3,PF00041
A0A918EMD6,1,PF02018
A0A918EMD6,2,PF00041
A0A918EYR4,1,PF00553
A0A918EYR4,2,PF00041
A0A918FAU2,1,PS51318
A0A918FKU6,1,PF00553
A0A918FKU6,2,PF00041
A0A918FZ41,1,PF02018
A0A918FZ41,2,PF00041
A0A918G6Q7,1,PF00553
A0A918G6Q7,2,PF00041
A0A918GAG3,1,PF02018
A0A918GAG3,2,PF00041
A0A918GBK1,1,PF00553
A0A918GBK1,2,PF00041
A0A918GE57,2,PF02839
A0A918GI31,1,PS51257
A0A918GI31,2,PF02018
A0A918GI31,3,PF00041
A0A918GPS9,1,PF00553
A0A918GPS9,2,PF00041
A0A918GQL6,1,PF02018
A0A918GQV1,1,PF00553
A0A918H0W2,1,PS51318
A0A918H0W2,3,PF02839
A0A918H1U4,1,PF00553
A0A918H303,1,PF00553
A0A918H303,2,PF00041
A0A918H5G1,1,PF00553
A0A918H5G1,2,PF00041
A0A918H5T3,1,PF02018
A0A918H5T3,2,PF00041
A0A918H8M5,1,PF00553
A0A918HA12,2,SM00495
A0A918HBM6,1,PF02018
A0A918HBM6,2,PF00041
A0A918HQ38,1,PF02018
A0A918HQ38,2,PF00041
A0A918HWL2,1,PF02018
A0A918HWL2,2,PF00041
A0A918HYB2,1,PF02018
A0A918HYB2,2,PF00041
A0A918I0S4,1,PF00553
A0A918I0S4,2,PF00041
A0A918I4A2,3,PF02839
A0A918I522,1,PF00553
A0A918IB90,1,PS51318
A0A918IB90,3,PF02018
A0A918IEC9,2,PF02018
A0A918IG78,1,PS51318
A0A918IG78,2,PF02018
A0A918IG78,3,PF00041
A0A918IGM8,1,PF02018
A0A918IGM8,2,PF00041
A0A918IKH3,1,PF00553
A0A918IKH3,2,PF00041
A0A918ITF0,1,PS51318
A0A918ITF0,2,PF02018
A0A918ITF0,3,PF00041
A0A918IWR8,1,PF00553
A0A918IWR8,2,PF00041
A0A918IX19,1,PF00553
A0A918J8V7,1,PS51318
A0A918J8V7,3,PF02839
A0A918JXP3,2,PF02839
A0A918JXP3,3,PF17957
A0A918JXP3,4,SM00495
A0A918JZC9,1,PF02018
A0A918JZC9,2,PF00041
A0A918K3M9,1,PF00553
A0A918K3M9,2,PF00041
A0A918KC06,1,PF02018
A0A918KC06,2,PF00041
A0A918KI58,1,PF00553
A0A918KT07,1,PF02839
A0A918KT07,2,PF17957
A0A918KT07,3,PF17957
A0A918KVE8,1,PF08329
A0A918KVE8,2,PF08329
A0A918LH84,1,PF02839
A0A918LHC5,1,PS51318
A0A918LHC5,2,PF02018
A0A918LHC5,3,PF00041
A0A918M668,1,PS51318
A0A918MA01,1,PF02018
A0A918MA01,2,PF00041
A0A918MVW1,1,PF02018
A0A918MVW1,2,PF00041
A0A918N2G0,1,SM00495
A0A918N2G0,3,PF17957
A0A918N2G0,4,G3DSA:2.60.40.10
A0A918N2G0,5,PF02839
A0A918N2G0,6,PF02839
A0A918N423,2,PF17957
A0A918N423,3,PF17957
A0A918N423,4,PF02839
A0A918N423,5,PF17957
A0A918N423,6,SM00495
A0A918N979,1,PF00553
A0A918N979,2,PF00041
A0A918NE01,1,PS51318
A0A918NR36,1,PF02018
A0A918NR36,2,PF00041
A0A918NRD2,1,PF00553
A0A918P6R5,1,PF00553
A0A918P6R5,2,PF00041
A0A918P8P8,1,PF02018
A0A918P8P8,2,PF00041
A0A918PWH5,1,PF00553
A0A918Q2W8,1,PF00553
A0A918Q2W8,2,PF00041
A0A918Q4F4,1,PF00041
A0A918QIW3,1,PF02018
A0A918QIW3,2,PF00041
A0A918QL48,1,PF00553
A0A918QL48,2,PF00041
A0A918QMP9,1,PF00553
A0A918QMP9,2,PF00041
A0A918QMT5,1,PS51318
A0A918QYE1,1,PF00553
A0A918REH2,1,PF02018
A0A918REH2,2,PF00041
A0A918RGJ0,1,PF02839
A0A918RGJ0,3,SM00495
A0A918RK40,1,PF02839
A0A918RK40,3,SM00495
A0A918SVE8,1,PS51318
A0A918SVE8,2,PF02018
A0A918SVE8,3,PF00041
A0A918SVI2,1,PF00553
A0A918SVI2,2,PF00041
A0A918SW33,2,PF02839
A0A918T005,2,PF02839
A0A918T5C5,1,PF00553
A0A918T5C5,2,PF00041
A0A918T6W1,2,PF02839
A0A918T9I8,1,PF02018
A0A918T9I8,2,PF00041
A0A918TAD5,1,PF00553
A0A918TCB3,1,PF02018
A0A918TDR7,1,PS51318
A0A918THT1,1,PF00553
A0A918THT1,2,PF00041
A0A918TYR8,1,PF02018
A0A918TYR8,2,PF00041
A0A918UAP5,1,PF02839
A0A918UL55,1,PF02018
A0A918UL55,2,PF00041
A0A918V1U8,1,PS51318
A0A918V1U8,3,SM00495
A0A918V6J2,1,PF02018
A0A918V6J2,2,PF00041
A0A918V6Y0,2,G3DSA:2.60.40.10
A0A918V6Y0,3,PF02839
A0A918V786,1,PF00553
A0A918V786,2,PF00041
A0A918VM46,1,PF02018
A0A918VM46,2,PF00041
A0A918WBY5,1,PF02018
A0A918WBY5,2,PF00041
A0A918WSF9,1,PS51257
A0A918X070,1,PF02018
A0A918X070,2,PF00041
A0A918X1Z2,1,PS51318
A0A918X1Z2,3,PF02839
A0A918X2K7,1,PS51318
A0A918X2K7,2,PF02018
A0A918X2K7,3,PF00041
A0A918X4F5,1,PF00553
A0A918X918,2,PF02839
A0A918Y0K5,3,PF02839
A0A918Y0L7,1,PF02018
A0A918Y5Q1,1,PS51318
A0A918Y5Q1,2,PF02018
A0A918Y5Q1,3,PF00041
A0A918Y8I6,1,PF02018
A0A918Y8I6,2,PF00041
A0A918Y8R2,1,PF02018
A0A918Y8R2,2,PF00041
A0A918YAL6,2,PF02839
A0A918YJE5,2,PF02839
A0A918YNI6,1,PF00553
A0A918YNI6,2,PF00041
A0A918YP15,1,PS51318
A0A918ZJ89,1,PF00553
A0A918ZJ89,2,PF00041
A0A918ZJY7,1,PF00553
A0A918ZJY7,2,PF00041
A0A918ZMW6,1,PF00553
A0A918ZMW6,2,PF00041
A0A918ZXN6,1,PF02018
A0A919A4T8,1,PF00553
A0A919A4T8,2,PF00041
A0A919A692,1,PS51318
A0A919A692,3,PF02839
A0A919A8M0,1,PS51318
A0A919ACX8,1,PF02018
A0A919ACX8,2,PF00041
A0A919AFL5,1,PF00553
A0A919AVF3,2,PF02839
A0A919AWF1,1,PF00553
A0A919B476,1,PF00553
A0A919B476,2,PF00041
A0A919B849,1,PF02018
A0A919B849,2,PF00041
A0A919BG92,1,PS51318
A0A919BG92,2,PF02018
A0A919BG92,3,PF00041
A0A919BRM6,1,PF00553
A0A919BRM6,2,PF00041
A0A919BVP4,2,PF02839
A0A919C2Q8,2,PF02839
A0A919C354,1,PS51318
A0A919C354,3,PF02839
A0A919C3W3,1,PF00553
A0A919C3W3,2,PF00041
A0A919C5R9,1,PF02018
A0A919C5R9,2,PF00041
A0A919CU62,1,PF00553
A0A919CU62,2,PF00041
A0A919CVD7,1,PF00553
A0A919CW89,1,PF00553
A0A919CW89,2,PF00041
A0A919CYX1,1,PS51318
A0A919CYX1,3,PF02839
A0A919D1W8,1,PF00553
A0A919D1X0,1,PF02018
A0A919D1X0,2,PF00041
A0A919D227,2,G3DSA:2.60.40.10
A0A919D227,3,PF02018
A0A919D4S1,1,PS51318
A0A919D4S1,3,PF02018
A0A919DJD0,1,PF02018
A0A919DJD0,2,PF00041
A0A919DJV5,1,PF02018
A0A919DJV5,2,PF00041
A0A919DK18,1,PS51318
A0A919DS36,1,PF02018
A0A919DS36,2,PF00041
A0A919DTC9,3,PF02839
A0A919DZ94,1,PF00553
A0A919DZ94,2,PF00041
A0A919E471,1,PF02018
A0A919E471,2,PF00041
A0A919E6T5,1,PF00553
A0A919E6T5,2,PF00041
A0A919ECD8,1,PS51318
A0A919ECD8,3,SM00495
A0A919EI82,1,PF02018
A0A919EI82,2,PF00041
A0A919EJ38,1,PS51318
A0A919EJ38,2,PF00553
A0A919EJ38,3,PF00041
A0A919ELI8,2,PF02839
A0A919ENK4,1,PF00553
A0A919EQS2,2,PF02839
A0A919EWT2,1,PF00553
A0A919F559,1,SM00495
A0A919F559,2,PF17957
A0A919F559,3,PF00041
A0A919FEL9,2,G3DSA:2.60.40.10
A0A919FEL9,3,G3DSA:2.60.40.10
A0A919FEL9,4,PF02018
A0A919FH41,1,PF02018
A0A919FJM5,1,PF02018
A0A919FQ97,2,SM00495
A0A919FRK5,1,PS51318
A0A919FRK5,2,PF02018
A0A919FWL4,1,PS51318
A0A919FWL4,3,PF02839
A0A919FWM6,2,SM00495
A0A919G3R9,1,PF00553
A0A919G3R9,2,PF00041
A0A919GBG8,1,PF02018
A0A919GFC0,1,PF00553
A0A919GI89,1,PF02018
A0A919GI89,2,PF00041
A0A919GIA1,1,PF02018
A0A919GJQ0,1,PS51318
A0A919GRQ4,1,PF02018
A0A919GX27,2,PF02839
A0A919H5A6,1,PF02018
A0A919H5A6,2,PF00041
A0A919HEE5,2,PF02839
A0A919HH65,1,PS51318
A0A919HH65,3,PF02839
A0A919ICH8,1,PS51257
A0A919ICH8,2,SM00495
A0A919IFL1,1,PF02839
A0A919IMY5,1,SM00495
A0A919IPC3,1,PS51257
A0A919IPC3,2,SM00495
A0A919IUK7,1,PF00553
A0A919IUQ2,1,PS51257
A0A919IUQ2,2,SM00495
A0A919IUS2,1,PS51257
A0A919J020,2,SM00495
A0A919J020,3,SM00495
A0A919J274,1,PF00553
A0A919J6W7,1,PS51257
A0A919J6W7,2,SM00495
A0A919JE07,1,PF02839
A0A919JGY8,1,PS51318
A0A919JGY8,2,PF02839
A0A919JHN1,1,PF00553
A0A919JQ81,1,PS51257
A0A919JQ81,2,SM00495
A0A919JRS3,1,PS51257
A0A919JRS3,2,PF02839
A0A919JUX7,1,PF02839
A0A919JV36,1,PS51257
A0A919JV36,2,PF02839
A0A919K0I3,1,PS51257
A0A919K0I3,2,PF02839
A0A919KAX1,1,PS51257
A0A919KAX1,2,SM00495
A0A919KW08,1,PF00553
A0A919KW08,2,PF00041
A0A919L3D3,1,PS51318
A0A919LD86,1,PF02018
A0A919LD86,2,PF00041
A0A919LGH1,1,PF02018
A0A919LGH1,2,PF00041
A0A919LGR4,1,PF00553
A0A919LGR4,2,PF00041
A0A919LIQ9,2,PF02839
A0A919LNM3,1,PS51318
A0A919M6J5,1,PS51318
A0A919M6J5,3,PF02839
A0A919M9E7,1,PF02839
A0A919MBW5,1,PS51257
A0A919MBW5,2,SM00495
A0A919MEI1,1,PS51257
A0A919MEI1,2,PF02839
A0A919MI79,1,SM00495
A0A919MNF7,1,PS51257
A0A919MNF7,2,PF02839
A0A919MRQ4,1,PS51257
A0A919MU57,1,PF02839
A0A919MU78,1,PS51257
A0A919MU78,2,PF02839
A0A919MZJ7,1,PS51257
A0A919NBD2,1,PF02839
A0A919NCH6,1,PS51257
A0A919NCH6,2,PF02839
A0A919NF73,1,PF00553
A0A919NJ81,1,PS51257
A0A919NM82,2,SM00495
A0A919NM82,3,SM00495
A0A919NMT6,1,PF02839
A0A919NNE4,1,PS51257
A0A919NNE4,2,SM00495
A0A919NT81,1,PS51257
A0A919NT81,2,PF02839
A0A919NWE1,1,PF00553
A0A919NWK4,1,PS51257
A0A919NWK4,2,SM00495
A0A919P3K3,1,PF00553
A0A919P507,2,PF02839
A0A919PFL0,2,PF02839
A0A919PFL0,3,PF02839
A0A919PSR0,1,PF02018
A0A919PVY9,2,PF02018
A0A919PY49,1,PS51318
A0A919QCH3,1,PF00553
A0A919QDE7,2,PF02839
A0A919QDE7,3,PF02839
A0A919QJ49,1,PF02018
A0A919RJX2,1,PF02018
A0A919S0Q5,1,PF01476
A0A919S0Q5,2,PF01476
A0A919SAZ6,1,PS51257
A0A919SAZ6,2,SM00495
A0A919SCP7,1,PS51257
A0A919SCP7,2,SM00495
A0A919SII5,1,PS51257
A0A919SII5,2,SM00495
A0A919SK42,2,SM00495
A0A919SKB1,1,PF02839
A0A919SKH6,1,PS51257
A0A919SL20,1,PF00553
A0A919SRQ6,1,PS51318
A0A919SRQ6,2,PF02839
A0A919STL8,1,SM00495
A0A919SVB6,2,PF02839
A0A919T351,1,PS51257
A0A919T351,2,SM00495
A0A919T4Y4,1,PF02839
A0A919T9N3,1,PS51257
A0A919T9N3,2,SM00495
A0A919TAD6,1,PS51257
A0A919TAD6,2,SM00495
A0A919TEJ4,1,PS51257
A0A919THM5,1,PF00553
A0A919TPA8,1,PS51257
A0A919TPA8,2,PF02839
A0A919U512,1,PF00553
A0A919U512,2,PF00041
A0A919U859,1,PF02839
A0A919UD28,1,PF00553
A0A919UGW2,1,PF02018
A0A919UHP6,1,PF02839
A0A919UHU6,1,PS51318
A0A919UKJ5,2,PF00041
A0A919UQ85,1,PF02018
A0A919URP8,1,PF00553
A0A919URP8,2,PF00553
A0A919URP8,3,PF00041
A0A919URP8,4,PF00041
A0A919V5E7,1,PF00553
A0A919V5E7,2,PF00041
A0A919V610,1,PF00553
A0A919V610,2,PF00041
A0A919V6D4,2,PF02839
A0A919V6D4,3,PF02839
A0A919V6X3,1,PF00553
A0A919V6X3,2,PF00041
A0A919V788,1,PF00553
A0A919V788,2,PF00553
A0A919V788,3,PF00041
A0A919VAU8,1,PF02018
A0A919VAU8,2,PF00041
A0A919VFM1,1,PF02839
A0A919VFM1,2,PF00041
A0A919VFM1,3,PF00041
A0A919VMS6,1,PS51257
A0A919VMS6,2,SM00495
A0A919VR52,1,PS51257
A0A919VR52,2,SM00495
A0A919VV13,1,PS51257
A0A919VWK6,1,PF02839
A0A919W3I1,2,SM00495
A0A919W3I1,3,SM00495
A0A919W5L1,1,PS51257
A0A919W5L1,2,SM00495
A0A919W6E1,1,PS51257
A0A919W6E1,2,SM00495
A0A919WMN9,1,PF07833
A0A919WMR6,1,PF01476
A0A919WMR6,2,PF01476
A0A919WRD3,1,PF01476
A0A919WRD3,2,PF01476
A0A919WRD3,3,PF01476
A0A919WW16,1,PF01476
A0A919WW16,2,PF01476
A0A919X4C0,1,PF01476
A0A919X4C0,2,PF01476
A0A919XBN3,1,PF00395
A0A919XBN3,2,PF00395
A0A919XBN3,3,PF00395
A0A919XBT4,2,PF00041
A0A919XBT4,3,PF02839
A0A919XBT4,4,PF00041
A0A919XBT4,5,PF00041
A0A919XBT4,6,PF02839
A0A919XCL4,1,PF01476
A0A919XCL4,2,PF01476
A0A919XDZ2,1,PF07833
A0A919XG21,2,PF00041
A0A919XG21,3,PF02839
A0A919XH69,1,PF00395
A0A919XH69,2,PF00395
A0A919XH69,3,PF00395
A0A919XJQ1,1,PF07833
A0A919XLC9,1,PF02839
A0A919XLC9,2,PF00041
A0A919XNK1,1,PF00041
A0A919XNK1,3,PF00041
A0A919XNK1,4,PF00395
A0A919XNK1,5,PF00395
A0A919XNK1,6,PF00395
A0A919XQU7,1,PF07833
A0A919XQU7,2,PF08239
A0A919XT00,2,PF00041
A0A919XT00,3,PF02839
A0A919XVY8,1,PF00395
A0A919XVY8,2,PF00395
A0A919XVY8,3,PF00395
A0A919XW09,2,PF00041
A0A919XW09,3,PF02839
A0A919Y0S9,1,PF07833
A0A919Y1T8,1,PF00395
A0A919Y1T8,2,PF00395
A0A919Y1T8,3,PF00395
A0A919Y3Z4,1,PF00041
A0A919Y3Z4,3,PF00041
A0A919Y3Z4,4,PF00395
A0A919Y3Z4,5,PF00395
A0A919Y3Z4,6,PF00395
A0A919Y5F4,2,PF00041
A0A919Y5F4,3,PF02839
A0A919Y6E9,1,PF07833
A0A919Y6E9,2,PF08239
A0A919Y7Z5,1,PF02839
A0A919Y7Z5,2,PF02839
A0A919Y8N1,1,PF07833
A0A919Y928,1,PF07833
A0A919YAE1,1,PF00395
A0A919YAE1,2,PF00395
A0A919YAE1,3,PF00395
A0A919YER2,1,PF07833
A0A919YML7,1,PF08329
A0A919YML7,2,PF00041
A0A919YUH5,1,PF07833
A0A919YV63,2,PF00041
A0A919YV63,3,PF02839
A0A919YV63,4,PF02839
A0A919Z5X1,1,PF00395
A0A919Z7S1,1,PF07833
A0A919ZHX4,1,PF07833
A0A919ZHX4,2,PF08239
A0A920C677,1,PF01476
A0A920C677,2,PF01476
A0A920C9H6,2,PF00041
A0A920C9H6,3,PF02839
A0A920CG90,1,PF01476
A0A920CG90,2,PF01476
A0A920CGD1,1,PF02839
A0A920CGD1,2,PF02839
A0A920CTL5,1,PF02839
A0A920CTL5,2,PF00041
A0A920CTV4,2,PF00041
A0A920CTV4,3,PF02839
A0A920CUU4,2,PF00041
A0A920CUU4,3,PF02839
A0A920CUU4,4,PF00041
A0A920CUU4,5,PF00041
A0A920CUU4,6,PF02839
A0A920CVV1,1,PS51257
A0A920CVV1,2,PF00395
A0A920CVV1,3,PF00395
A0A920CVV1,4,PF00395
A0A920D1I3,1,PF01476
A0A920D1I3,2,PF01476
A0A920D1X8,2,PF00395
A0A920D1X8,3,PF00395
A0A920D1X8,4,PF00395
A0A920D2D3,1,PF00395
A0A920D2D3,2,PF00395
A0A920D2D3,3,PF00395
A0A920D9U7,2,G3DSA:2.60.40.10
A0A920D9U7,5,PF00395
A0A920D9U7,6,PF00395
A0A920DA48,1,PF07833
A0A920DE70,1,PF07833
A0A920YMY7,2,PF01476
A0A920YPW8,1,PF07833
A0A920YPW8,2,PF08239
A0A920YQZ1,1,PF01476
A0A920YQZ1,2,PF01476
A0A920YQZ1,3,PF01476
A0A921CMM1,1,PF07833
A0A921CPB8,1,PF01476
A0A921CPB8,2,PF01476
A0A921CPS3,2,PF00395
A0A921CPS3,3,PF00395
A0A921CPS3,4,PF00395
A0A921CPW0,1,PF00395
A0A921CPW0,2,PF00395
A0A921CPW0,3,PF00395
A0A921CQH5,1,PF07833
A0A921FDV4,1,PS51257
A0A921FDZ2,1,PS51257
A0A921FYJ3,1,PF01476
A0A921FYJ3,2,PF01476
A0A921I128,1,PF07833
A0A921I128,2,PF08239
A0A921MPE0,1,PF00395
A0A921MPE0,2,PF00395
A0A921SS02,1,PF01476
A0A921SS02,2,PF01476
A0A922ZDN1,2,G3DSA:2.60.40.10
A0A922ZDN1,4,G3DSA:2.60.40.10
A0A922ZDN1,6,G3DSA:2.60.40.10
A0A923CMM1,2,PF00395
A0A923CMM1,3,PF00395
A0A923DXR0,3,PF00535
A0A923DY81,1,PS51257
A0A923ECZ0,2,PF00041
A0A923ECZ0,3,PF02839
A0A923EEK4,1,PF01476
A0A923EEK4,2,PF01476
A0A923HL52,1,SM00495
A0A923J1M1,1,PS51257
A0A923J1M1,3,G3DSA:2.60.40.10
A0A923J1M1,4,G3DSA:2.60.40.10
A0A923J1M1,5,PF08329
A0A923KT14,1,PF02839
A0A923KTM4,1,PF02839
A0A923KZR1,1,SM00495
A0A923L8A6,1,PF01476
A0A923L8A6,2,PF01476
A0A923LDV7,1,PF07833
A0A923LDV7,2,PF08239
A0A923LGP3,1,PF01476
A0A923LJJ8,1,PF08239
A0A923LVF0,1,PF01476
A0A923LVF0,2,PF01476
A0A923QK17,3,PF00535
A0A923V6G0,3,PF00535
A0A923VES7,3,PF00535
A0A923XVG1,3,PF00535
A0A923YAC4,4,PF17957
A0A923YQU1,3,PF00535
A0A924BQF8,2,G3DSA:2.60.40.10
A0A924BW25,2,PF17957
A0A924BWG5,2,PF17957
A0A924BWG5,3,PF17957
A0A924BWG5,4,PF17957
A0A924BWG5,5,PF17957
A0A924BWG5,6,PF17957
A0A924BWG5,7,PF02839
A0A924DMQ0,3,PF00535
A0A924HKV9,3,PF00535
A0A924HM66,1,PS51257
A0A924HNH9,3,PF00535
A0A924IZP5,3,PF00535
A0A924J9B5,1,PS51257
A0A924MFV1,3,PF00535
A0A924MQE2,1,PS51318
A0A924NZ78,1,PS51257
A0A924NZ78,2,PF02839
A0A924RAD8,3,PF00535
A0A924RMS8,1,G3DSA:2.60.40.10
A0A924RW46,3,PF00535
A0A924TKG2,3,PF00535
A0A924VFY8,1,PS51257
A0A924VJV3,1,PS51257
A0A924VP99,2,SM00495
A0A924VP99,3,SM00495
A0A925FTZ0,1,PS51257
A0A925HDJ9,1,PS51257
A0A925IDX0,1,PS51257
A0A925IKM8,1,PS51257
A0A925LHP5,1,PF01476
A0A925LHP5,2,PF01476
A0A925PGJ6,1,PS51257
A0A925PXE0,1,PS51257
A0A925QWJ0,1,PS51257
A0A925R853,1,PF00395
A0A925R853,2,PF00395
A0A925UQ10,1,PF00041
A0A925URG0,1,PF02839
A0A925UUE7,2,G3DSA:2.60.40.10
A0A925UUE7,3,G3DSA:2.60.40.10
A0A925UUE7,4,G3DSA:2.60.40.10
A0A925VQ85,4,PF17957
A0A925YDP9,1,PS51257
A0A925ZG89,1,PF01476
A0A925ZG89,2,PF01476
A0A925ZT62,1,SM00495
A0A925ZT62,2,PF17957
A0A926DEE5,2,PF00395
A0A926DEE5,3,PF00395
A0A926DID9,1,PF01476
A0A926DID9,2,PF01476
A0A926DLE5,2,PF00395
A0A926DLE5,3,PF00395
A0A926DLE5,4,PF00395
A0A926DWV5,1,PF01476
A0A926DWV5,2,PF01476
A0A926E1T4,1,PF01476
A0A926E1T4,2,PF01476
A0A926EM46,1,PF00395
A0A926F0H0,1,PS51257
A0A926F0X3,1,PS51257
A0A926HN71,1,PF01476
A0A926HN71,2,PF01476
A0A926HVG0,1,PF01476
A0A926HVG0,2,PF01476
A0A926I1V0,1,PF01476
A0A926ICB5,1,PF07833
A0A926IKF7,2,PF00395
A0A926IKF7,3,PF00395
A0A926IKF7,4,PF00395
A0A926ISX7,1,PF00395
A0A926ISX7,2,PF00395
A0A926ISX7,3,PF00395
A0A926KSF8,1,PF01476
A0A926KSF8,2,PF01476
A0A926KSF8,3,PF01476
A0A926KSW1,1,PF01476
A0A926KSW1,2,PF01476
A0A926L197,1,PF00553
A0A926L7P2,1,PS51318
A0A926L7P2,2,PF02018
A0A926L7P2,3,PF00041
A0A926LSZ4,1,PF00553
A0A926NKI9,1,PF01476
A0A926NKI9,2,PF01476
A0A926NYU3,3,PF00535
A0A926QLC4,2,PF00395
A0A926QLC4,3,PF00395
A0A926QLC4,4,PF00395
A0A926QND6,1,PF07833
A0A926QND6,2,PF08239
A0A926QQD6,3,PF02839
A0A926QUR5,1,PF00553
A0A926QUR5,2,PF00041
A0A926QV28,3,PF02839
A0A926QVF9,1,PS51318
A0A926QVF9,2,PF02018
A0A926QVF9,3,PF00041
A0A926R1A3,1,PF00553
A0A926R1A3,2,PF00041
A0A926R214,1,PF02018
A0A926R214,2,PF00041
A0A926RX12,1,PS51257
A0A927BM91,1,PF02018
A0A927BM91,2,PF00041
A0A927BVT6,1,PF07833
A0A927BVT6,2,PF08239
A0A927C4I3,1,PF01476
A0A927C4I3,2,PF01476
A0A927CEJ3,1,PF07833
A0A927CI89,1,PF00395
A0A927CI89,2,PF00395
A0A927CI89,3,PF00395
A0A927CP44,1,PF07833
A0A927CT85,1,PF01476
A0A927CT85,2,PF01476
A0A927CTN4,1,PF01476
A0A927CTN4,2,PF01476
A0A927EYM0,1,PF02018
A0A927EYM0,2,PF00041
A0A927EZQ7,3,PF02839
A0A927F2V2,1,PF00553
A0A927F4Z4,1,PF02018
A0A927F4Z4,2,PF00041
A0A927FJW1,1,PF00553
A0A927FYV7,2,PF00395
A0A927FYV7,3,PF00395
A0A927FYV7,4,PF00395
A0A927G0J1,1,PF07833
A0A927G3V8,1,PF01476
A0A927G3V8,2,PF01476
A0A927ID07,1,PF00553
A0A927ID07,2,PF00041
A0A927J368,1,PS51257
A0A927J3V6,1,PS51257
A0A927J5W1,1,PS51257
A0A927J600,1,PS51257
A0A927KYT3,1,PF02018
A0A927KYT3,2,PF00041
A0A927L9Q0,1,PF00553
A0A927L9Q0,2,PF00041
A0A927LT77,1,PF01476
A0A927LT77,2,PF01476
A0A927LVY6,1,PF01476
A0A927LVY6,2,PF01476
A0A927LVY6,3,PF08239
A0A927MAB4,1,PF00553
A0A927MD75,1,PF00553
A0A927NJG6,1,PF01476
A0A927NJG6,2,PF01476
A0A927PDC7,1,PS51318
A0A927PDC7,3,PF02839
A0A927PDC7,4,PF02839
A0A927QVG2,2,PF08239
A0A927R6U8,1,PF00553
A0A927RCC4,1,PF01476
A0A927RCC4,2,PF01476
A0A927SPH9,1,PF01476
A0A927SPH9,2,PF01476
A0A927T9K3,1,PF08239
A0A927T9Q9,1,PF08239
A0A927TDX4,1,PF08239
A0A927TF11,1,PF01476
A0A927TLT1,1,PF01476
A0A927TMY5,1,PF08239
A0A927TQZ8,1,PF08239
A0A927TSF9,1,PF08239
A0A927UFV6,1,PF07833
A0A927UFX7,1,PF01476
A0A927UFX7,2,PF01476
A0A927V861,1,PF01476
A0A927V861,2,PF01476
A0A927V8N9,1,PF07833
A0A927VZM9,2,PF07833
A0A927W3G9,1,PF00395
A0A927W3G9,2,PF00395
A0A927W3G9,3,PF00395
A0A927W5F5,1,PS51257
A0A927WYF2,1,PS51257
A0A927WYS7,1,PS51257
A0A927X5A3,1,PS51257
A0A927X909,1,PS51257
A0A927XA17,1,PF01476
A0A927XA17,2,PF01476
A0A927YTX2,1,PF01476
A0A927YVC1,1,PS51257
A0A927YVC1,2,PF07833
A0A927Z329,1,PF01476
A0A927Z839,1,PF08239
A0A927ZB06,1,PF01476
A0A927ZFV6,2,PF07833
A0A928BDY5,1,PS51257
A0A928C1Z7,2,PF00041
A0A928CH41,1,PS51257
A0A928ELW7,1,PF01476
A0A928ELW7,2,PF01476
A0A928ESS6,1,PF01476
A0A928ESS6,2,PF01476
A0A928F082,1,PF01476
A0A928F082,2,PF01476
A0A928GAP8,1,PS51257
A0A928IBY3,1,PF01476
A0A928IBY3,2,PF01476
A0A928IHW1,1,PF01476
A0A928IHW1,2,PF01476
A0A928IQ73,1,PF01476
A0A928IQ73,2,PF01476
A0A928IUP5,1,PS51257
A0A928IUP5,2,PF00395
A0A928IUP5,3,PF00395
A0A928IUP5,4,PF00395
A0A928IVL0,1,PF00395
A0A928IVL0,2,PF00395
A0A928IVL0,3,PF00395
A0A928IY12,1,PF01476
A0A928IY12,2,PF01476
A0A928JBZ3,1,PF01476
A0A928JBZ3,2,PF01476
A0A928LHY9,1,PF01476
A0A928LHY9,2,PF01476
A0A928MRP3,2,PF00395
A0A928MRP3,3,PF00395
A0A928MRP3,4,PF00395
A0A928N1W7,1,PF01476
A0A928N1W7,2,PF01476
A0A928N6U4,1,PF01476
A0A928N6U4,2,PF01476
A0A928NBD5,2,PF00395
A0A928NBD5,3,PF00395
A0A928NBD5,4,PF00395
A0A928NEZ4,2,PF00395
A0A928NKP1,1,PF00395
A0A928NKP1,2,PF00395
A0A928NKP1,3,PF00395
A0A928NVQ8,1,PF01476
A0A928NVQ8,2,PF01476
A0A928P2K9,3,PF00395
A0A928P2K9,4,PF00395
A0A928P2K9,5,PF00395
A0A928Q226,1,PF01476
A0A928Q226,2,PF01476
A0A928RIC5,1,PF00395
A0A928RIC5,2,PF00395
A0A928RIC5,3,PF00395
A0A928TYJ5,1,PS51257
A0A928V242,1,SM00495
A0A928V242,2,SM00495
A0A929KEU8,1,PS51257
A0A929L303,3,PF00535
A0A929PEJ7,3,PF00535
A0A929XPM8,1,PF08239
A0A929YHV1,1,PS51257
A0A930EMG5,3,PF00535
A0A930GWA0,1,PF08239
A0A930H0H9,1,PF08239
A0A930HYH6,3,PF00535
A0A930I0L0,3,PF00535
A0A930IX60,3,PF00535
A0A930KAJ1,3,PF00535
A0A930NVX0,3,PF00535
A0A930P089,3,PF00535
A0A930P6I7,3,PF00535
A0A930P9V9,3,PF00535
A0A931A658,1,PF02018
A0A931A658,2,PF00041
A0A931A6F0,1,PF00553
A0A931A6F0,2,PF00041
A0A931A9D2,1,PF02839
A0A931A9D2,2,PF00041
A0A931AWY0,2,PF02839
A0A931B3Q5,1,PS51318
A0A931B3Q5,3,PF02018
A0A931B9A1,1,PS51318
A0A931B9A1,2,PF00553
A0A931BA67,1,PS51318
A0A931C331,1,PS51257
A0A931C5P2,1,PS51257
A0A931C5P2,2,PF02839
A0A931C7Z3,1,PS51257
A0A931CEH0,1,PS51257
A0A931CEH0,2,SM00495
A0A931DL25,1,PF00553
A0A931DL25,2,PF00041
A0A931F4S0,1,PF02839
A0A931F4S0,2,PF00041
A0A931FDL1,1,PS51318
A0A931FDL1,3,PF02018
A0A931FDL5,1,PF02018
A0A931FGF0,2,PF02018
A0A931FHJ3,1,PF02018
A0A931FJ37,2,PF02839
A0A931FJ52,1,PF02018
A0A931FJ52,2,PF00041
A0A931FYF2,1,PS51257
A0A931FYF2,2,PF02839
A0A931FYW2,1,PS51257
A0A931FYW2,2,PF02839
A0A931FZJ4,1,PS51318
A0A931G169,1,PS51257
A0A931G169,2,PF02839
A0A931INH8,2,PF00041
A0A931INH8,3,PF02839
A0A931INH8,4,PF00041
A0A931INH8,5,PF02839
A0A931INJ6,1,PF01476
A0A931INJ6,2,PF01476
A0A931IYR4,1,SM00495
A0A931IYR4,2,PF00041
A0A931KIS0,1,PF00553
A0A931KIS0,2,PF00553
A0A931KIS0,7,PF00553
A0A931M4Y2,3,PF00535
A0A931N810,2,PF00041
A0A931N810,3,PF02839
A0A931NAW2,1,PF00395
A0A931NAW2,2,PF00395
A0A931NAW2,3,PF00395
A0A931NBP3,1,G3DSA:2.60.40.10
A0A931NBP3,2,G3DSA:2.60.40.10
A0A931NBP3,4,G3DSA:2.60.40.10
A0A931NBP3,5,PF00395
A0A931NBP3,6,PF00395
A0A931NBP3,7,PF00395
A0A931NCK5,1,PF07833
A0A931NH84,1,SM00495
A0A931NH84,3,PF17957
A0A931USJ3,1,PS51257
A0A931XY49,1,PS51257
A0A931Y1U0,1,PS51257
A0A932HNA9,2,PF17957
A0A932HNA9,3,PF00041
A0A932I7E4,1,PS51257
A0A932I7E4,2,G3DSA:2.60.40.10
A0A932MGP7,2,G3DSA:2.60.40.10
A0A932N7D3,1,PF02839
A0A932N7D3,2,SM00495
A0A932RMY1,3,PF00535
A0A932S0R3,1,PF02839
A0A932S0R3,2,SM00495
A0A932T6F1,5,PF17957
A0A932WCD3,1,PS51257
A0A932WCD3,3,PF17957
A0A932WCD3,4,PF17957
A0A932WCD3,6,G3DSA:2.60.40.10
A0A932WCD3,7,PF17957
A0A932WWA9,1,SM00495
A0A933BN39,2,PF22352
A0A933BN39,4,PF17957
A0A933FYW2,2,PF17957
A0A933UIM4,1,PS51257
A0A933XAE4,2,PF17957
A0A933XAE4,3,PF17957
A0A933XAE4,5,G3DSA:2.60.40.10
A0A934HN73,1,PF01476
A0A934HN73,2,PF01476
A0A934I1M9,1,PF01476
A0A934I1M9,2,PF01476
A0A934I1M9,3,PF01476
A0A934J271,2,PF00041
A0A934J271,4,PF00041
A0A934J271,5,PF00395
A0A934J271,6,PF00395
A0A934J271,7,PF00395
A0A934MUY0,1,PF07833
A0A934MUY0,2,PF08239
A0A934PHN4,1,PS51257
A0A934PRU3,3,PF00535
A0A935F9Z6,1,G3DSA:2.60.40.10
A0A935HKG5,3,PF00535
A0A935Q8A3,1,G3DSA:2.60.40.10
A0A935QZG0,2,PF22352
A0A935RJE7,3,PF00535
A0A935W8L0,2,PF17957
A0A935WAJ2,2,G3DSA:2.60.40.10
A0A935ZLM0,3,PF00535
A0A936D533,1,PS51257
A0A936DC52,1,PS51257
A0A936PQ56,2,PF22352
A0A936XP59,3,PF00535
A0A936ZUA5,2,PF17957
A0A936ZUA5,3,PF17957
A0A936ZUA5,4,PF02839
A0A936ZUA5,5,PF17957
A0A936ZUA5,7,PF17957
A0A936ZUA5,8,SM00495
A0A936ZUA5,9,PF17957
A0A937C1D2,1,G3DSA:2.60.40.10
A0A937ED21,1,PF00553
A0A937EFK6,1,PF02018
A0A937EFK6,2,PF00041
A0A937EMT8,1,PF00553
A0A937EMT8,2,PF00041
A0A937EPH2,1,PS51318
A0A937EPH2,2,PF02018
A0A937EPH2,3,PF00041
A0A937F5V8,2,PF17957
A0A937F5V8,4,PF17957
A0A937F5V8,5,PF02839
A0A937F5V8,6,PF02839
A0A937F9Y1,1,PS51257
A0A937FEW4,1,PF00041
A0A937FEW4,2,PF00041
A0A937FF33,2,PF02839
A0A937FGH4,2,G3DSA:2.60.40.10
A0A937FGH4,3,PF02839
A0A937FWK4,3,PF17957
A0A937FWK4,4,PF17957
A0A937FWK4,5,PF02839
A0A937FWK4,6,SM00495
A0A937JMQ9,1,PF02018
A0A937JMQ9,2,PF00041
A0A937JRA7,2,PF02839
A0A937K0I9,1,PS51257
A0A937KB93,1,PF02839
A0A937KB93,2,PF17957
A0A937KB93,3,SM00495
A0A937KB93,4,PF17957
A0A937KD34,3,PF17957
A0A937KD34,4,PF17957
A0A937KD34,5,SM00495
A0A937KD34,6,PF17957
A0A937KD34,7,PF02839
A0A937KYQ6,1,PS51257
A0A937MLZ2,3,PF00553
A0A937MLZ2,4,PF00553
A0A937MMC4,1,SM00495
A0A937MMC4,2,PF02839
A0A937UPH0,1,PS51318
A0A937UPH0,2,PF00553
A0A938PB78,2,G3DSA:2.60.40.10
A0A938WY53,1,PF08239
A0A938X812,2,PF08239
A0A938X812,3,PF08239
A0A938X983,1,PF07833
A0A938X983,2,PF08239
A0A938Y0T8,1,PF07833
A0A939A6I9,1,PS51257
A0A939BNZ2,1,PF07833
A0A939BNZ2,2,PF08239
A0A939BSS2,1,PF00395
A0A939BSS2,2,PF00395
A0A939BSS2,3,PF00395
A0A939D6Y5,2,PF07833
A0A939D772,2,PF07833
A0A939FBW8,1,PF02018
A0A939FEZ7,1,PS51318
A0A939FMW0,1,PS51318
A0A939FQU2,1,PF00041
A0A939G376,2,SM00495
A0A939G376,3,SM00495
A0A939HWG4,2,G3DSA:2.60.40.10
A0A939I4X4,2,PF02018
A0A939IJ01,1,PF00395
A0A939IJ01,2,PF00395
A0A939IJ01,3,PF00395
A0A939JEL0,1,PS51318
A0A939JFH1,1,PS51318
A0A939JFW3,1,PS51318
A0A939JFW3,3,PF02018
A0A939JGI8,1,PF00553
A0A939JGY6,1,PF00553
A0A939JGY6,2,PF00041
A0A939JJ41,1,PF02018
A0A939JJ41,2,PF00041
A0A939L6N7,1,PF00041
A0A939P5I8,1,PF00041
A0A939PEJ8,1,PF00553
A0A939PEJ8,2,PF00041
A0A939PH75,1,PF00553
A0A939PH75,2,PF00041
A0A939PJW2,1,PF02018
A0A939PJW2,2,PF00041
A0A939PN24,1,PF00553
A0A939PN24,2,PF00041
A0A939Q0X7,1,PF08239
A0A939RCS9,1,PF07833
A0A939RFA9,1,PF00553
A0A939RFA9,2,PF00041
A0A939TAZ6,2,PS51257
A0A939TH90,1,PF08239
A0A939THN5,1,PF01476
A0A939THN5,2,PF01476
A0A939THN5,3,PF01476
A0A939VC69,1,PS51257
A0A939VI66,1,PS51257
A0A939WAF7,1,PS51257
A0A939X5L1,1,PS51257
A0A939ZIB4,1,PF08239
A0A940B6A7,1,PS51257
A0A940CC10,1,PF08239
A0A940CV79,1,PF07833
A0A940D9U0,1,PF01476
A0A940D9U0,2,PF01476
A0A940D9U0,3,PF01476
A0A940DEV1,1,PF01476
A0A940DEV1,2,PF01476
A0A940DIY1,1,PS51257
A0A940DPT4,1,PS51257
A0A940G1G4,3,PF00535
A0A940GE75,3,PF00535
A0A940HH53,1,PS51257
A0A940IKS6,1,PF01476
A0A940IKS6,2,PF01476
A0A940JHR4,3,PF00535
A0A940JMX8,3,PF00535
A0A940K6U5,1,PS51257
A0A940KLP7,1,PS51257
A0A940MAD6,1,PF00553
A0A940MAD6,2,PF00041
A0A940MEY3,1,PF00553
A0A940MG01,2,PF02839
A0A940NQH1,1,PF01476
A0A940NQH1,2,PF01476
A0A940RY40,1,PF02018
A0A940RY40,2,PF00041
A0A940SJM7,3,PF00535
A0A940T1C2,1,PF01476
A0A940T1C2,2,PF01476
A0A940T1C2,3,PF08239
A0A940TEU3,1,PF01476
A0A940TEU3,2,PF01476
A0A940TI78,1,PS51257
A0A940V0D1,1,PF01476
A0A940V0D1,2,PF01476
A0A940V1P9,1,PF07833
A0A940V1P9,2,PF08239
A0A940V3V9,1,PF00041
A0A940V3X2,1,PF01476
A0A940V3X2,2,PF01476
A0A940V4S6,1,PF01476
A0A940V4S6,2,PF01476
A0A940VXY0,1,PS51257
A0A940XKZ1,1,PS51318
A0A940XNN1,1,PF00553
A0A940XNN1,2,PF00041
A0A940XRK9,1,PF02018
A0A940XRK9,2,PF00041
A0A940Y4V4,1,PF02018
A0A940Y4V4,2,PF00041
A0A940Y5B6,1,PF00553
A0A940Y5B6,2,PF00041
A0A940YD47,1,PS51318
A0A940YRN1,3,PF02839
A0A940YZM7,1,PF02018
A0A940YZM7,2,PF00041
A0A940Z2R2,1,PF02018
A0A940Z2R2,2,PF00041
A0A940Z870,1,PS51257
A0A940ZMP8,1,PF00395
A0A940ZMP8,2,PF00395
A0A940ZMP8,3,PF00395
A0A940ZTT9,1,PF01476
A0A940ZTT9,2,PF01476
A0A940ZTX6,1,PF01476
A0A940ZTX6,2,PF01476
A0A940ZUA6,1,PF01476
A0A940ZUA6,2,PF01476
A0A940ZWM4,1,PF01476
A0A940ZWM4,2,PF01476
A0A941A440,1,PS51257
A0A941AIG0,2,PF00041
A0A941ANJ6,1,PF01476
A0A941ANJ6,2,PF01476
A0A941ATS9,2,PF08239
A0A941AV60,8,PF17957
A0A941AV60,9,PF17957
A0A941B2G0,1,PF00553
A0A941B340,1,PF00553
A0A941B413,1,PS51318
A0A941B413,2,PF02018
A0A941B413,3,PF00041
A0A941B6B9,1,PS51318
A0A941B6B9,2,PF02018
A0A941B6B9,3,PF00041
A0A941BQF7,1,PS51318
A0A941BQF7,2,PF00553
A0A941BS20,1,PF00553
A0A941BS20,2,PF00041
A0A941CEH0,1,PF02839
A0A941CEH0,2,PF17957
A0A941CEH0,3,SM00495
A0A941CEH0,4,PF17957
A0A941CEH3,2,PF17957
A0A941CEH3,3,PF17957
A0A941CEH3,4,PF02839
A0A941CEH3,5,PF02839
A0A941CEH3,6,PF17957
A0A941CEH3,8,PF17957
A0A941CEH3,9,PF17957
A0A941CEH3,10,SM00495
A0A941CEH3,11,PF17957
A0A941CUM2,1,PF01476
A0A941CUM2,2,PF01476
A0A941DTF1,2,PF00041
A0A941DTF1,3,PF02839
A0A941DXE5,1,PF01476
A0A941DXE5,2,PF01476
A0A941DXE5,3,PF01476
A0A941ECF4,1,PF00553
A0A941ECU9,2,PF02839
A0A941EG85,1,PF02018
A0A941EG85,2,PF00041
A0A941EIP0,2,PF02839
A0A941EPB2,1,PF02018
A0A941EPB2,2,PF00041
A0A941EVZ3,2,PF02839
A0A941FNY3,1,PF02018
A0A941FNY3,2,PF00041
A0A941GCE0,1,PF07833
A0A941GSF5,1,PF01476
A0A941GSF5,2,PF01476
A0A941ID51,1,PF01476
A0A941ID51,2,PF01476
A0A941IIJ5,1,PF02018
A0A941IIY4,2,SM00495
A0A941IKZ5,1,PF00553
A0A941ILB1,1,PS51318
A0A941ILB1,3,PF02018
A0A941IP68,1,PF02018
A0A941J118,1,PF00553
A0A941J118,2,PF00041
A0A941JPZ3,2,PF01476
A0A941MWG1,1,PF00553
A0A941MWG1,3,PF00553
A0A941TJN9,1,PF02839
A0A941TJN9,2,SM00495
A0A941TJN9,3,PF00041
A0A941WYF1,1,PF07833
A0A941X785,1,PS51257
A0A941X7Z3,1,PS51257
A0A941YDV7,3,PF00535
A0A942AEM5,1,PS51257
A0A942C3V0,3,PF00535
A0A942GUS1,3,PF00535
A0A942H0T9,4,PF00535
A0A942LH49,1,PF01476
A0A942MQJ8,1,PF08239
A0A942MQJ8,2,PF08239
A0A942MQJ8,4,PF08239
A0A942PPT6,1,PF07833
A0A942PZI5,1,PF01476
A0A942PZI5,2,PF01476
A0A942PZI5,3,PF01476
A0A942Q0S5,2,PF01476
A0A942Q0S5,3,PF01476
A0A942STJ0,1,PF01476
A0A942STJ0,2,PF01476
A0A942STX5,1,PF07833
A0A942SUX6,1,PF01476
A0A942SUX6,2,PF01476
A0A942SUX6,3,PF01476
A0A942SUX6,4,PF01476
A0A942SUX6,5,G3DSA:2.60.40.10
A0A942SUX6,6,G3DSA:2.60.40.10
A0A942SUX6,7,G3DSA:2.60.40.10
A0A942SUX6,9,PF01476
A0A942SUX6,11,PF01476
A0A942SUX6,12,PF01476
A0A942SUX6,13,PF01476
A0A942T3W9,1,PS51257
A0A942T8I7,1,PF00041
A0A942T8I7,2,PF17957
A0A942TAG2,1,PF01476
A0A942TAG2,2,PF01476
A0A942TB72,1,PF01476
A0A942TB72,2,PF01476
A0A942TH58,1,PF01476
A0A942TH58,2,PF01476
A0A942TIX0,1,PF01476
A0A942TIX0,2,PF01476
A0A942TIX0,3,PF01476
A0A942TSJ5,1,PF01476
A0A942TSJ5,2,PF01476
A0A942TUI6,1,PF01476
A0A942TUI6,2,PF01476
A0A942TUI6,3,PF01476
A0A942TYB7,1,PF00041
A0A942TZL5,1,PF01476
A0A942TZL5,2,PF01476
A0A942TZL5,3,PF01476
A0A942U1S6,1,PF01476
A0A942U1S6,2,PF01476
A0A942U1S6,3,PF01476
A0A942U1S6,4,PF01476
A0A942U1S6,6,G3DSA:2.60.40.10
A0A942U1S6,7,G3DSA:2.60.40.10
A0A942U1S6,8,G3DSA:2.60.40.10
A0A942U1S6,9,G3DSA:2.60.40.10
A0A942U1S6,10,PF01476
A0A942U1S6,12,PF01476
A0A942U1S6,13,PF01476
A0A942U1S6,14,PF01476
A0A942U1Y1,1,PF01476
A0A942U1Y1,2,PF01476
A0A942U2A9,1,PF07833
A0A942U5H6,1,PF01476
A0A942U5H6,2,PF01476
A0A942UAB8,1,PF01476
A0A942UAB8,2,PF01476
A0A942UCE4,1,PS51257
A0A942UFY2,1,PF01476
A0A942UFY2,2,PF01476
A0A942UFY2,3,PF01476
A0A942UGR2,1,PF01476
A0A942UGR2,2,PF01476
A0A942UND6,1,PF01476
A0A942UND6,2,PF01476
A0A942USL6,1,PF01476
A0A942USL6,2,PF01476
A0A942UXE9,1,PF01476
A0A942UXE9,2,PF01476
A0A942UXE9,3,PF08239
A0A942VX01,1,PF01476
A0A942VX01,2,PF01476
A0A942Y551,1,PF01476
A0A942Y551,2,PF01476
A0A942Y551,3,PF01476
A0A942Y6L1,1,PF01476
A0A942Y6L1,2,PF01476
A0A942YJD0,1,PF01476
A0A942YJD0,2,PF01476
A0A942YLL9,1,PF01476
A0A942YLL9,2,PF01476
A0A942YSE3,1,PF01476
A0A942YSE3,2,PF01476
A0A942Z000,1,PF01476
A0A942Z000,2,PF01476
A0A942Z4T9,1,PF01476
A0A942Z4T9,2,PF01476
A0A942Z4T9,3,PF01476
A0A942Z732,1,PF01476
A0A942Z732,2,PF01476
A0A943BBZ8,1,PF08239
A0A943C2R3,1,PF07833
A0A943C2R3,2,PF08239
A0A943C9Q3,1,PF08239
A0A943CDH5,1,PF07833
A0A943CST8,2,G3DSA:2.60.40.10
A0A943CST8,3,PF02839
A0A943CZ34,3,PF02839
A0A943D1H4,5,PF02839
A0A943DKN1,1,PS51257
A0A943DP92,1,PS51257
A0A943GTW3,1,PS51257
A0A943IJH8,1,PF01476
A0A943IJH8,2,PF01476
A0A943IP51,1,PF07833
A0A943IQP0,1,PF01476
A0A943IQP0,2,PF01476
A0A943JMT3,1,PF07833
A0A943JT94,1,PF01476
A0A943JXY7,1,PF07833
A0A943LB61,2,G3DSA:2.60.40.10
A0A943LB61,3,G3DSA:2.60.40.10
A0A943LB61,4,PF02839
A0A943N6H3,1,PF01476
A0A943N6H3,2,PF01476
A0A943NBI0,2,PF00395
A0A943NBI0,3,PF00395
A0A943NBI0,4,PF00395
A0A943PIJ1,1,PS51257
A0A943PXS6,1,PF07833
A0A943Q4G6,1,PF01476
A0A943Q4G6,2,PF01476
A0A943QCH8,5,PF02839
A0A943QJF0,5,PF02839
A0A943QPT8,5,PF02839
A0A943SPH5,1,PF07833
A0A943SPH5,2,PF08239
A0A943TKI4,1,PF08239
A0A943X0J4,1,PF01476
A0A943X0J4,2,PF01476
A0A943Y7S5,1,PF07833
A0A943ZVV0,1,PF01476
A0A943ZVV0,2,PF01476
A0A943ZZ87,1,PF00395
A0A943ZZ87,2,PF00395
A0A943ZZ87,3,PF00395
A0A944CIP0,1,PF01476
A0A944CIP0,2,PF01476
A0A944CIP0,3,PF01476
A0A944CL52,1,PF01476
A0A944CL52,2,PF01476
A0A944CPN0,1,PF01476
A0A944CPN0,2,PF01476
A0A944CQC6,1,PF01476
A0A944CQC6,2,PF01476
A0A944CQC6,3,PF01476
A0A944DTI5,1,PF02018
A0A944DTI5,2,PF00041
A0A944DXG2,1,PF00553
A0A944DXG2,2,PF00041
A0A944E022,1,PS51318
A0A944E022,3,PF02839
A0A944E1R8,1,PS51318
A0A944ECL2,1,PF00553
A0A944EDW6,1,PF00553
A0A944EDW6,2,PF00041
A0A944EG09,1,PS51318
A0A944EG09,4,PF02839
A0A944EPA3,1,PS51318
A0A944EPM4,1,PF02018
A0A944EPM4,2,PF00041
A0A944EVY7,1,PF00553
A0A944EVY7,2,PF00041
A0A944EWZ1,1,PF00553
A0A944FIU1,1,PF00553
A0A944FIU1,2,PF00041
A0A944FNJ2,1,PF02018
A0A944FNJ2,2,PF00041
A0A944FV79,1,PF07833
A0A944FV79,2,PF08239
A0A944HN88,1,PF00553
A0A944HN88,2,PF00041
A0A944HRH8,1,PF02018
A0A944HRH8,2,PF00041
A0A944HY34,1,PF02018
A0A944HY34,2,PF00041
A0A944HZN6,1,PF02018
A0A944HZN6,2,PF00041
A0A944J256,1,PF02018
A0A944J256,2,PF00041
A0A944J2R1,2,PF02839
A0A944J395,1,PF00553
A0A944J417,1,PF00553
A0A944J417,2,PF00041
A0A944JAS7,1,PF00553
A0A944JFS3,1,PS51318
A0A944JFS3,3,SM00495
A0A944JKI9,1,PF00553
A0A944JNH3,1,PF02018
A0A944JNH3,2,PF00041
A0A944JP36,1,PF00553
A0A944JP36,2,PF00041
A0A944JQ10,1,PF02018
A0A944JW12,2,PF02839
A0A944JWR4,2,PF02839
A0A944JXK5,1,PF02018
A0A944JXK5,2,PF00041
A0A944KIH2,1,PF02018
A0A944KIH2,2,PF00041
A0A944KPC9,1,PS51257
A0A944KPQ4,2,SM00495
A0A944KSC0,1,PF00553
A0A944L1R1,1,PF00553
A0A944L1R1,2,PF00041
A0A944P459,2,PF02839
A0A944P6T9,1,PF02018
A0A944P6T9,2,PF00041
A0A944P9H8,1,PF00553
A0A944P9H8,2,PF00041
A0A944P9J9,1,PF00553
A0A944P9J9,2,PF00041
A0A944PCJ3,1,PF02018
A0A944PCJ3,2,PF00041
A0A944PE50,2,PF02839
A0A944PEU4,1,PF02018
A0A944PEU4,2,PF00041
A0A944PIQ7,1,PS51318
A0A944PIQ7,2,PF02018
A0A944PIQ7,3,PF00041
A0A944PJ23,2,PF02839
A0A944PPE4,1,PF00553
A0A944PPE4,2,PF00041
A0A944PQD0,1,PF00553
A0A944PVM5,1,PF00553
A0A944PVM5,2,PF00041
A0A944Q4G8,1,PF02018
A0A944Q4G8,2,PF00041
A0A944RX59,1,PS51257
A0A945FSA7,1,PF00553
A0A945FSA7,2,PF00553
A0A945GKV8,1,PS51257
A0A945MFG2,2,G3DSA:2.60.40.10
A0A946CWN8,1,PS51257
A0A946F1Q1,1,PS51257
A0A946JUM7,1,PF08329
A0A946PBA0,1,PF00553
A0A946PBA0,2,PF00553
A0A946Q5Z7,1,PF08329
A0A946Q5Z7,2,PF08329
A0A946REJ2,2,G3DSA:2.60.40.10
A0A947JX46,3,PF00535
A0A947S628,2,PF00041
A0A947S628,3,PF00041
A0A947SCE2,1,G3DSA:2.60.40.10
A0A947SCE2,3,G3DSA:2.60.40.10
A0A947SCE2,4,G3DSA:2.60.40.10
A0A948DG48,1,PS51257
A0A948ETT6,1,PF02839
A0A948ETT6,2,PF17957
A0A948ETT6,3,PF17957
A0A948HJT2,1,SM00495
A0A948HJT2,2,PF17957
A0A948HJT2,3,PF00041
A0A948JFJ4,1,SM00495
A0A948KCM9,1,PF08329
A0A948KCM9,2,PF08329
A0A948M6P0,1,PS51257
A0A948ND61,1,PF08329
A0A948ND61,2,PF08329
A0A948RGI6,1,PS51257
A0A949JUB6,1,PF01476
A0A949JUB6,2,PF01476
A0A949NG62,1,PF08239
A0A949TY34,1,PF01476
A0A949TY34,2,PF01476
A0A949WEF9,3,PF00535
A0A950FDQ0,3,PF01476
A0A950FLS3,2,PF01476
A0A950I6Z0,1,PS51257
A0A950LLN2,2,PF00535
A0A950S4K7,1,PF00041
A0A950SEH4,3,PF00535
A0A950WS29,2,PF00535
A0A951DLQ5,1,PS51257
A0A951FG08,1,PF02839
A0A951IA37,3,PF00535
A0A951RLE9,1,PS51257
A0A952GYK5,1,PS51257
A0A952H6Y8,1,PF02839
A0A952JI18,3,PF00535
A0A952KHT6,3,PF00535
A0A953E1A8,1,PF02018
A0A953ELW0,4,PF00535
A0A953I9Y2,1,PF01476
A0A953I9Y2,2,PF01476
A0A953JXX8,5,G3DSA:2.60.40.10
A0A953L2I3,2,G3DSA:2.60.40.10
A0A953L2I3,3,PF00041
A0A953L2I3,4,PF00041
A0A953L2I3,5,PF00041
A0A953LIC4,1,PF01476
A0A953LIC4,2,PF01476
A0A953MH31,2,G3DSA:2.60.40.10
A0A953NHP3,1,PF08239
A0A953SSL1,2,G3DSA:2.60.40.10
A0A953T7C2,1,PF00041
A0A955HE89,3,PF00535
A0A955HG12,2,SM00495
A0A955HG12,3,PF02839
A0A955KW40,1,G3DSA:2.60.40.10
A0A955KW40,4,PF00041
A0A955LBC0,1,G3DSA:2.60.40.10
A0A955LBC0,4,PF00041
A0A955R8G5,2,G3DSA:2.60.40.10
A0A955ZK79,1,PS51257
A0A956DHK0,1,PS51257
A0A956X2D8,2,PF08239
A0A957AVJ0,1,PS51257
A0A957CVZ0,2,PF08239
A0A957GAU8,2,PF08239
A0A957GH96,2,PF08239
A0A957GXU6,2,PF08239
A0A957GZ09,2,PF08239
A0A957K2Z4,2,PF08239
A0A957KE76,2,PF08239
A0A957QXQ8,2,PF08239
A0A957R7D4,1,PS51257
A0A957XVS7,2,PF08239
A0A958B392,2,PF08239
A0A958CTE9,1,PS51257
A0A958D0K6,1,PS51257
A0A958D4W0,2,PF08239
A0A958DSV8,2,G3DSA:2.60.40.10
A0A958E237,2,G3DSA:2.60.40.10
A0A958EUN1,2,G3DSA:2.60.40.10
A0A958H5T1,2,PF08239
A0A958IAA9,2,G3DSA:2.60.40.10
A0A958IY22,2,G3DSA:2.60.40.10
A0A958RYM3,1,PS51257
A0A958VQ37,1,PS51257
A0A959AK70,1,PS51257
A0A959AM04,1,PS51257
A0A959AZ64,1,PS51257
A0A959BJ93,1,PS51257
A0A959ECU7,1,PS51257
A0A959I088,1,PS51257
A0A959J834,1,PS51257
A0A959Q1K6,1,PS51257
A0A959QIB6,1,PS51257
A0A959R249,3,PF00535
A0A959WKY8,2,PF00041
A0A960AK57,1,PS51257
A0A960APY3,1,PS51257
A0A960BMZ2,2,PF00553
A0A960BMZ2,3,PF00553
A0A960DC91,1,PF00553
A0A960F8E8,2,PF02839
A0A960G000,1,PS51257
A0A961AQ38,8,PF00553
A0A961AQ38,9,PF08329
A0A962TPQ1,3,PF00535
A0A963GWU5,3,PF00535
A0A963H8J0,3,PF00535
A0A964AS56,2,PF22352
A0A964EGZ9,2,PF17957
A0A964EKR8,1,PS51257
A0A964PV80,1,PS51257
A0A964XJQ0,1,PF00553
A0A964XJQ0,2,PF00041
A0A964XZG1,2,SM00495
A0A964XZG1,3,G3DSA:2.60.40.10
A0A965AJ73,1,PF00553
A0A965AX57,1,PS51318
A0A965G792,3,PF00553
A0A965PY28,1,PF00553
A0A965TE63,1,PF01476
A0A965U3G6,1,PF00395
A0A965U3G6,2,PF00395
A0A965U3R2,1,PF01476
A0A965V5G3,3,PF00535
A0A965XTY5,1,PS51257
A0A965YKC8,1,PS51257
A0A965YKC8,2,PF07833
A0A965YKC8,3,PF08239
A0A966CUI6,1,PF01476
A0A966CUI6,2,PF01476
A0A966DDM0,3,PF00041
A0A966DDM0,4,SM00495
A0A966DV12,1,PS51257
A0A966DVC2,3,PF00535
A0A966LN99,3,PF00535
A0A966THS3,1,PS51257
A0A966THS3,2,G3DSA:2.60.40.10
A0A966VTA7,1,G3DSA:2.60.40.10
A0A966YC93,1,PF00553
A0A966YC93,2,PF00553
A0A966YEY0,1,PF00553
A0A966YEY0,2,PF00553
A0A968I511,1,PF17957
A0A968I511,2,PF02839
A0A968I511,3,PF17957
A0A968L207,2,G3DSA:2.60.40.10
A0A968L207,3,PF08239
A0A968L207,4,G3DSA:2.60.40.10
A0A968L6V9,2,PF17957
A0A968L6V9,3,PF17957
A0A968L6V9,5,G3DSA:2.60.40.10
A0A969NCF9,2,PF17957
A0A969Z0Y1,1,PF07833
A0A969Z4N8,1,PF01476
A0A969ZDV4,1,PS51257
A0A969ZFP5,1,PS51257
A0A969ZKN2,1,PF07833
A0A969ZKU6,1,PF00395
A0A969ZKZ7,1,PF01476
A0A969ZKZ7,2,PF01476
A0A969ZYV7,1,PS51257
A0A969ZYV7,2,PF07833
A0A970AAX4,1,PF01476
A0A970AAX4,2,PF01476
A0A970AJH0,1,PF07833
A0A970AU61,1,PF08239
A0A970C387,2,PF01476
A0A970DAW3,1,PS51257
A0A970DI42,1,PF01476
A0A970DI42,2,PF01476
A0A970DI42,3,PF08239
A0A970DJH1,1,PS51257
A0A970DJH8,1,PS51257
A0A970DL87,1,PF01476
A0A970DL87,2,PF01476
A0A970DRP8,1,PS51257
A0A970E0A0,1,PF08239
A0A970E341,1,PF08239
A0A970E9G5,1,PF00395
A0A970E9G5,2,PF00395
A0A970E9G5,3,PF00395
A0A970F2W1,1,PF01476
A0A970F357,1,PF08239
A0A970FHN6,2,PF00395
A0A970FHN6,3,PF00395
A0A970FHN6,4,PF00395
A0A970FIJ9,1,PF01476
A0A970FIJ9,2,PF01476
A0A970FJ40,1,PF00395
A0A970FJ40,2,PF00395
A0A970FJ40,3,PF00395
A0A970FLZ7,1,PF01476
A0A970FLZ7,2,PF01476
A0A970FNV7,1,PS51257
A0A970FNV7,2,PF00395
A0A970FNV7,3,PF00395
A0A970FRN0,1,PF00395
A0A970FRN0,2,PF00395
A0A970FRN0,3,PF00395
A0A970FXE2,1,PF01476
A0A970FXE2,2,PF01476
A0A970FZJ9,1,PF01476
A0A970FZJ9,2,PF01476
A0A970G212,1,PS51257
A0A970G212,2,PF07833
A0A970GA36,1,PF07833
A0A970H1D3,1,PF01476
A0A970H1D3,2,PF01476
A0A970HFE7,1,PF07833
A0A970HFL0,1,PF08239
A0A970HNE5,1,PS51257
A0A970IR70,1,PF01476
A0A970IR70,2,PF01476
A0A970IR70,3,PF01476
A0A970IT57,1,PS51257
A0A970IVI3,1,PS51257
A0A970IVI3,2,PF07833
A0A970IVP4,1,PF00395
A0A970IVP4,2,PF00395
A0A970IVP4,3,PF00395
A0A970IZ69,1,PF01476
A0A970IZ69,2,PF01476
A0A970J0U6,1,PF01476
A0A970J0U6,2,PF01476
A0A970J982,1,PF01476
A0A970J982,2,PF01476
A0A970J9E9,1,PF01476
A0A970J9E9,2,PF01476
A0A970J9V3,1,PF07833
A0A970J9V3,2,PF08239
A0A970JA67,1,PF00395
A0A970JA67,2,PF00395
A0A970JA67,3,PF00395
A0A970JDY5,2,PF00395
A0A970JDY5,3,PF00395
A0A970JDY5,4,PF00395
A0A970JGY9,1,PF08239
A0A970JIF2,1,PF01476
A0A970JIF2,2,PF01476
A0A970JLB7,1,PF01476
A0A970JLB7,2,PF01476
A0A970JSP3,1,PF08239
A0A970JWP2,1,PF07833
A0A970JYF3,3,PF02839
A0A970JYI9,1,PF07833
A0A970JYR6,1,PF01476
A0A970JYR6,2,PF01476
A0A970JZR2,2,PF00395
A0A970JZR2,3,PF00395
A0A970JZR2,4,PF00395
A0A970K893,1,PF07833
A0A970KFB9,1,PF08239
A0A970KXR5,1,PF08239
A0A970L0S0,1,PF01476
A0A970L0S0,2,PF01476
A0A970L335,1,PS51257
A0A970LB31,1,PS51257
A0A970LI31,1,PF01476
A0A970LI31,2,PF01476
A0A970LUI5,1,PF01476
A0A970LUI5,2,PF01476
A0A970M6U7,1,PS51257
A0A970MA55,2,PF00395
A0A970MA55,3,PF00395
A0A970MA55,4,PF00395
A0A970MBK5,1,PF01476
A0A970MBK5,2,PF01476
A0A970MBK5,3,PF08239
A0A970N4R3,1,PF01476
A0A970N4R3,2,PF01476
A0A970N9C3,2,PF00395
A0A970N9C3,3,PF00395
A0A970N9C3,4,PF00395
A0A970N9J4,1,PF01476
A0A970NBJ6,1,PF07833
A0A970NCF0,1,PS51257
A0A970NCF0,3,PF07833
A0A970PEE3,1,PF00395
A0A970PEE3,2,PF00395
A0A970PEE3,3,PF00395
A0A970PGZ1,1,PF01476
A0A970PGZ1,2,PF01476
A0A970QY04,1,PF01476
A0A970QY04,2,PF01476
A0A970QY04,3,PF01476
A0A970R259,2,PF00395
A0A970R259,3,PF00395
A0A970R259,4,PF00395
A0A970R7A0,1,PF01476
A0A970R7A0,2,PF01476
A0A970SCD9,1,PS51257
A0A970SCK4,1,PS51257
A0A970SCK4,2,PF07833
A0A970TDX8,1,PF01476
A0A970TDX8,2,PF01476
A0A970TL45,1,PS51257
A0A970TTL3,2,PF00395
A0A970TTL3,3,PF00395
A0A970TTL3,4,PF00395
A0A970ULP0,1,PF01476
A0A970ULP0,2,PF01476
A0A970WXD9,1,PS51257
A0A970WXX0,1,PS51257
A0A970XCU3,2,PF00395
A0A970XCU3,3,PF00395
A0A970XCU3,4,PF00395
A0A970XHF7,2,PF00395
A0A970XHF7,3,PF00395
A0A970XI59,1,PF01476
A0A970XIH4,1,PF00395
A0A970XIH4,2,PF00395
A0A970XSC1,1,PF07833
A0A970YSE7,2,PF00395
A0A970YSE7,3,PF00395
A0A970YSE7,4,PF00395
A0A971A949,1,PS51257
A0A971AEE1,1,PF07833
A0A971BIR0,1,PF01476
A0A971BIR0,2,PF01476
A0A971C0C4,1,PF01476
A0A971C0C4,2,PF01476
A0A971D713,1,PF07833
A0A971DUH4,1,PF01476
A0A971E538,1,PF01476
A0A971E538,2,PF01476
A0A971E538,3,PF01476
A0A971EG94,1,PF07833
A0A971EGF8,1,PF07833
A0A971EH99,1,PF07833
A0A971ELQ1,2,PF00395
A0A971ELQ1,3,PF00395
A0A971ELQ1,4,PF00395
A0A971EMZ9,1,PF01476
A0A971EMZ9,2,PF01476
A0A971ENN4,1,PF02839
A0A971ENN4,2,SM00495
A0A971EPQ5,1,PF07833
A0A971ES80,1,PF00395
A0A971ES80,2,PF00395
A0A971ES80,3,PF00395
A0A971F0V3,2,PF00395
A0A971F0V3,3,PF00395
A0A971F0V3,4,PF00395
A0A971F547,1,PF01476
A0A971F547,2,PF01476
A0A971F547,3,PF08239
A0A971GED7,1,PS51257
A0A971GED7,2,PF07833
A0A971HLP5,1,PF08239
A0A971HNP2,1,PF01476
A0A971HNP2,2,PF01476
A0A971HNP2,3,PF01476
A0A971I850,1,PF07833
A0A971IGX7,1,PS51257
A0A971IGX7,2,PF07833
A0A971J5X9,1,PF07833
A0A971J8Q7,1,PF00395
A0A971J8Q7,2,PF00395
A0A971JCZ8,1,PF07833
A0A971JD86,1,PF00395
A0A971JD86,2,PF00395
A0A971K2S0,1,PF01476
A0A971K2S0,2,PF01476
A0A971K2S0,3,PF08239
A0A971K430,2,PF00395
A0A971K430,3,PF00395
A0A971K430,4,PF00395
A0A971KL22,1,PF07833
A0A971KYW4,1,PF01476
A0A971KYW4,2,PF01476
A0A971L7M9,1,PF07833
A0A971LAP9,1,PS51257
A0A971LCD2,1,PF08239
A0A971LJ58,1,PF07833
A0A971LYX3,1,PF07833
A0A971M0Q4,1,PF07833
A0A971MF93,1,PF07833
A0A971MF93,2,PF08239
A0A971MIV4,1,PF07833
A0A971MLA4,1,PF07833
A0A971MPM9,1,PF01476
A0A971MPM9,2,PF01476
A0A971MPM9,3,PF01476
A0A971MU64,1,PF08239
A0A971NFD9,1,PF07833
A0A971NGC3,1,PF07833
A0A971PWG0,1,PF07833
A0A971RA85,1,PS51257
A0A971RWH5,2,PF00395
A0A971RWH5,3,PF00395
A0A971RWH5,4,PF00395
A0A971RXB2,2,PF00395
A0A971RXB2,3,PF00395
A0A971RXB2,4,PF00395
A0A971SQM0,1,PF01476
A0A971SQM0,2,PF01476
A0A971SXU0,1,PF01476
A0A971SXU0,2,PF01476
A0A971T515,1,PF07833
A0A971TTZ4,1,PS51257
A0A971UTI0,1,PF07833
A0A971UWS1,1,PF01476
A0A971UWS1,2,PF01476
A0A971UY37,1,PF07833
A0A971VL08,1,PF01476
A0A971VL08,2,PF01476
A0A971VL08,3,PF08239
A0A971VMM4,1,PS51257
A0A971VMM4,2,PF07833
A0A971W6Z8,1,PF07833
A0A971X8T5,1,PF01476
A0A971X8T5,2,PF01476
A0A971X8T5,3,PF08239
A0A971X9R0,1,PF07833
A0A971XDZ7,1,PF07833
A0A971XDZ7,2,PF08239
A0A971XWU6,1,PF08239
A0A971YEX8,1,PF00395
A0A971YEX8,2,PF00395
A0A971YEX8,3,PF00395
A0A971YG62,1,PF00395
A0A971YG62,2,PF00395
A0A971YG62,3,PF00395
A0A971YHB0,1,PF01476
A0A971YHB0,2,PF01476
A0A971YHT1,1,PF01476
A0A971YHX2,1,PF01476
A0A971YHX2,2,PF01476
A0A971YIS5,1,PF01476
A0A971YIS5,2,PF01476
A0A971YLQ7,1,PF01476
A0A971YLQ7,2,PF01476
A0A971YNS5,1,PF07833
A0A971YNS5,2,PF08239
A0A971YTF2,1,PF08239
A0A971ZG18,1,PF07833
A0A972A111,1,PF00395
A0A972A111,2,PF00395
A0A972A111,3,PF00395
A0A972AAG6,1,PS51257
A0A972AJ06,2,PF00395
A0A972AJ06,3,PF00395
A0A972AJ06,4,PF00395
A0A972AP43,1,PS51257
A0A972AP43,2,PF07833
A0A972AVF8,1,PF07833
A0A972B8P7,1,PF00395
A0A972B8P7,2,PF00395
A0A972B8P7,3,PF00395
A0A972BSH1,1,PF07833
A0A972BSH1,2,PF08239
A0A972BV76,1,PF07833
A0A972BX07,2,PF01476
A0A972C0X1,1,PF08239
A0A972CD78,1,PF01476
A0A972CD78,2,PF01476
A0A972CMC1,1,PF08239
A0A972CQJ7,1,PF01476
A0A972CQJ7,2,PF01476
A0A972CQJ7,3,PF01476
A0A972D5M4,1,PF08239
A0A972DE76,1,PF01476
A0A972DE76,2,PF01476
A0A972DE76,3,PF01476
A0A972DE88,1,PF07833
A0A972DE88,2,PF08239
A0A972DF45,1,PF01476
A0A972E8G4,1,PS51257
A0A972FQF0,1,SM00495
A0A972FQF0,2,PF17957
A0A972FQF0,3,PF17957
A0A972FYR3,1,PF08329
A0A972FYR3,3,PF22352
A0A972FYR3,4,PF22352
A0A972FYR3,5,PF02839
A0A972FYR3,6,PF02839
A0A972G4Z5,1,PF02839
A0A972GBD7,1,PF02839
A0A972GLW6,1,PF01476
A0A972GLW6,2,PF01476
A0A972GLW6,3,PF01476
A0A972GTS4,1,PF01476
A0A972GTS4,2,PF01476
A0A972HPU7,2,G3DSA:2.60.40.10
A0A972HU04,1,PF00395
A0A972HU04,2,PF00395
A0A972HU04,3,PF00395
A0A972I637,1,PF07833
A0A972IL69,1,PS51257
A0A972K096,2,PF08239
A0A972N7H0,2,PF08239
A0A972P729,1,PF07833
A0A972P729,3,PF07833
A0A972PE23,1,PF07833
A0A972YZ45,1,SM00495
A0A972YZ45,2,PF17957
A0A972YZ45,3,G3DSA:2.60.40.10
A0A972Z1K6,1,PF08329
A0A972Z1K6,3,G3DSA:2.60.40.10
A0A972Z1K6,5,PF02839
A0A972Z1K6,6,PF02839
A0A973A340,2,PF00041
A0A973B3P4,1,PS51318
A0A973D9B7,1,SM00495
A0A973D9B7,2,PF17957
A0A973D9B7,3,G3DSA:2.60.40.10
A0A973DAH8,1,PF08329
A0A973DAH8,4,G3DSA:2.60.40.10
A0A973DAH8,5,PF02839
A0A973DAH8,6,PF02839
A0A973GBE1,1,PF02839
A0A973GBE1,2,PF02839
A0A973H1C0,1,PF00553
A0A973H8Y9,1,PF00553
A0A973H8Y9,2,PF00041
A0A973KIY0,1,PS51318
A0A973KIY0,2,PF02018
A0A973KMR6,1,PS51318
A0A973KRD4,1,PF02018
A0A973LAC5,1,PS51318
A0A973LAC5,3,PF02839
A0A973LBN7,1,PS51318
A0A973LD97,1,G3DSA:2.60.40.10
A0A973LIE5,1,PS51318
A0A973LIE5,2,PF02018
A0A973LJS1,1,PF00553
A0A973LRI6,2,PF02839
A0A973LTJ8,1,PF00553
A0A973LTJ8,2,PF00553
A0A973LTJ8,3,PF00041
A0A973LU79,1,PF02018
A0A973LUH9,1,PF00553
A0A973LUH9,2,PF00041
A0A973LUT2,1,PF02018
A0A973LUT2,2,PF00041
A0A973MCD3,1,PF00553
A0A973MNJ0,1,PS51318
A0A973MNJ0,2,PF02018
A0A973MNJ0,3,PF00041
A0A973MSW8,1,PF00553
A0A973MSW8,2,PF00041
A0A973MSY9,1,PF02018
A0A973MSY9,2,PF00041
A0A973MWV8,1,PS51318
A0A973MWV8,2,PF00553
A0A973NSF0,1,PS51318
A0A973NWP7,1,PS51318
A0A973NYE8,1,PS51318
A0A973P503,1,PS51318
A0A973P503,3,PF02839
A0A973P5G6,1,PS51318
A0A973P5G6,2,PF02018
A0A973P899,1,PF00041
A0A973PC61,1,PF02839
A0A973PC61,2,PF00041
A0A973PEF4,1,PF00553
A0A973PEF4,2,PF00553
A0A973PEF4,3,PF00041
A0A973PTZ1,1,PF02018
A0A973PUT6,2,PF02839
A0A973PX12,1,PS51318
A0A973PX12,2,PF02018
A0A973Q353,1,PF00553
A0A973Q353,2,PF00041
A0A973Q5U3,2,PF02839
A0A973Q7Z4,3,SM00495
A0A973QUY2,1,PF02018
A0A973QZK5,2,PF02839
A0A973R276,3,PF02018
A0A973R7M1,1,PS51318
A0A973R7M1,2,PF02018
A0A973R9K9,1,PF02839
A0A973R9K9,2,PF00041
A0A973RGV6,1,PF00553
A0A973SBY7,2,PF02018
A0A973SFX2,1,PS51318
A0A973SYD9,3,PF02839
A0A973T0U5,1,PF02018
A0A973T0U5,2,PF00041
A0A973TS57,1,PF00553
A0A973TTF4,1,PF00553
A0A973TUV2,1,PS51318
A0A973TWJ2,2,PF02839
A0A973UK24,1,PF00553
A0A973UL65,1,PF02018
A0A973UL65,2,PF00041
A0A973UQK2,1,PF02018
A0A973UQK2,2,PF00041
A0A973UT40,1,PF00553
A0A973UVW8,1,PF02839
A0A973V080,1,PF02018
A0A973V080,2,PF00041
A0A973V0G1,1,PF00553
A0A973V0G1,2,PF00041
A0A973V0I6,1,PF02018
A0A973V0I6,2,PF00041
A0A973XSB8,1,PF00553
A0A973XSB8,2,PF00041
A0A973Y145,1,PF02018
A0A973Y145,2,PF00041
A0A973YZP7,1,PF00553
A0A973YZP7,2,PF00041
A0A973Z0B0,1,PF02018
A0A973ZEW5,2,PF02839
A0A973ZEW5,3,PF02839
A0A973ZG13,1,PF00553
A0A973ZG13,2,PF00041
A0A973ZL55,1,PF02018
A0A974B2L0,3,PF02839
A0A974B3P5,1,PF00553
A0A974BK82,2,PF00395
A0A974BK82,3,PF00395
A0A974BK82,4,PF00395
A0A974BL79,1,PF01476
A0A974BL79,2,PF01476
A0A974BMY6,1,PF01476
A0A974BMY6,2,PF01476
A0A974NKP7,1,PF01476
A0A974NKP7,2,PF01476
A0A974P8C6,1,PF07833
A0A974PEF2,1,PF07833
A0A974QGR3,2,G3DSA:2.60.40.10
A0A974S0I9,1,PF01476
A0A974S0I9,2,PF01476
A0A974S246,1,PF01476
A0A974S246,2,PF01476
A0A974S246,3,PF01476
A0A974SDQ0,3,PF02839
A0A974SDQ0,4,PF02839
A0A974SEQ7,2,PF02839
A0A974SEQ7,3,PF02839
A0A974SF14,1,PF01476
A0A974SF14,2,PF01476
A0A974UKG1,1,PS51318
A0A974UVV4,2,PF02839
A0A974UVV4,3,PF02839
A0A974WVR5,1,PF00553
A0A974X8K4,1,PF01476
A0A974Z524,1,PS51257
A0A974Z524,2,PF02018
A0A975AE55,2,PF00395
A0A975AE55,3,PF00395
A0A975AE55,4,PF00395
A0A975CTH7,1,PS51257
A0A975DKD6,1,PF08329
A0A975DKD6,5,PF02839
A0A975DKD6,6,PF02839
A0A975DKL0,1,SM00495
A0A975DKL0,2,PF17957
A0A975DKL0,3,PF17957
A0A975DKL0,5,SM00495
A0A975EE30,1,SM00495
A0A975EE30,2,PF00041
A0A975FLG8,1,PS51257
A0A975FLG8,3,PF02839
A0A975FLG8,4,PF02839
A0A975G7Z7,4,PF00553
A0A975H1X3,1,PF01476
A0A975H1X3,2,PF01476
A0A975H605,1,PS51257
A0A975H605,3,PF02839
A0A975H605,4,PF17957
A0A975H605,5,SM00495
A0A975H8E6,2,G3DSA:2.60.40.10
A0A975H8E6,4,G3DSA:2.60.40.10
A0A975H8E6,5,G3DSA:2.60.40.10
A0A975H8E6,7,G3DSA:2.60.40.10
A0A975H8E6,8,G3DSA:2.60.40.10
A0A975HM74,1,PF02839
A0A975HM74,2,PF17957
A0A975HM74,3,PF17957
A0A975HM74,4,SM00495
A0A975HM74,5,PF17957
A0A975HM74,6,PF17957
A0A975HP31,1,PF02839
A0A975HP31,2,PF00041
A0A975J609,1,PF01476
A0A975J609,2,PF01476
A0A975KQD2,1,PF01476
A0A975KQW9,1,PF01476
A0A975KQW9,2,PF01476
A0A975LBD5,1,PS51318
A0A975LGA6,1,PF01476
A0A975LGA6,2,PF01476
A0A975MRZ3,2,G3DSA:2.60.40.10
A0A975MRZ3,3,PF02018
A0A975MU39,1,PS51318
A0A975N5P0,1,PF00553
A0A975N5P0,2,PF00041
A0A975N6P2,1,PS51318
A0A975PH60,1,PF00395
A0A975PH60,2,PF00395
A0A975PH60,3,PF00395
A0A975PJT6,2,PF00395
A0A975PJT6,3,PF00395
A0A975PJT6,4,PF00395
A0A975QIL8,1,PF00553
A0A975QIL8,2,PF00041
A0A975QK25,1,PF00553
A0A975QQG6,1,PF01476
A0A975QQG6,2,PF01476
A0A975RI21,1,PF02018
A0A975RI21,2,PF00041
A0A975TGK3,1,PF00553
A0A975TGK3,2,PF00041
A0A975TQS6,1,PF02018
A0A975TQS6,2,PF00041
A0A975YDI7,1,PF02018
A0A975YDI7,2,PF00041
A0A976D3R1,3,PF00535
A0A976H6P2,1,PS51257
A0A976L487,4,PF00535
A0A977R1H5,2,G3DSA:2.60.40.10
A0A979GT74,2,PF17957
A0A979GT74,4,PF17957
A0A979GT74,5,PF02839
A0A979GT74,6,PF17957
A0A979GT74,7,SM00495
A0A9C7AZF1,2,PF01476
A0A9C7EQR9,1,PF07833
A0A9C7G6R7,2,PF00395
A0A9C7G6R7,3,PF00395
A0A9C7G6R7,4,PF00395
A0A9C7GEJ8,1,PF01476
A0A9C7GEJ8,2,PF01476
A0A9C7L8J5,1,PF07833
A0A9C7L9I8,1,PF01476
A0A9C7L9I8,2,PF01476
A0A9C7Q773,1,PS51318
A0A9C7QEA8,1,PF01476
A0A9C7QEA8,2,PF01476
A0A9C7V834,2,PF00041
A0A9C7V834,3,PF02839
A0A9C8HYB1,2,G3DSA:2.60.40.10
A0A9C8L7B2,1,PF02839
A0A9C9SLN1,2,PF08239
A0A9D0VKG1,2,G3DSA:2.60.40.10
A0A9D0XWA9,1,PF00395
A0A9D0ZHN0,1,PF01476
A0A9D0ZHN0,2,PF01476
A0A9D0ZIC4,2,PF08239
A0A9D0ZIC4,3,PF01476
A0A9D0ZIC4,4,PF01476
A0A9D0ZXM3,1,PF08239
A0A9D1A457,1,PF08239
A0A9D1ABC9,1,PF08239
A0A9D1ALY5,2,PF01476
A0A9D1ALY5,3,PF01476
A0A9D1ALY5,4,PF01476
A0A9D1ANE4,1,PF01476
A0A9D1ANE4,2,PF01476
A0A9D1C2N9,1,PF01476
A0A9D1C2N9,2,PF01476
A0A9D1C2S6,1,PF07833
A0A9D1C3L1,1,SM00495
A0A9D1C5E8,1,PF07833
A0A9D1EU98,1,PF07833
A0A9D1EU98,2,PF08239
A0A9D1F6S1,1,PF01476
A0A9D1F6S1,2,PF01476
A0A9D1FS06,1,PF01476
A0A9D1FS06,2,PF01476
A0A9D1GB56,1,PF01476
A0A9D1GI67,1,PF01476
A0A9D1HIQ8,1,PF01476
A0A9D1HK08,1,PS51257
A0A9D1HK08,2,PF07833
A0A9D1HK08,3,PF08239
A0A9D1HST1,1,PS51257
A0A9D1IQT5,2,PF01476
A0A9D1IQT5,3,PF01476
A0A9D1IQT5,4,PF01476
A0A9D1IQT5,5,PF01476
A0A9D1ISW8,1,PF01476
A0A9D1ISW8,2,PF01476
A0A9D1IW22,2,PF00395
A0A9D1IW22,3,PF00395
A0A9D1IW22,4,PF00395
A0A9D1J3Y1,1,PF01476
A0A9D1JG12,1,PF08239
A0A9D1JSP3,1,PF01476
A0A9D1JSP3,2,PF01476
A0A9D1JUL9,2,PF00395
A0A9D1JUL9,3,PF00395
A0A9D1JUL9,4,PF00395
A0A9D1KSV3,1,PS51257
A0A9D1KSV6,1,PS51257
A0A9D1LLY3,1,PF00395
A0A9D1LLY3,2,PF00395
A0A9D1LLY3,3,PF00395
A0A9D1MC78,1,PF00395
A0A9D1MC78,2,PF00395
A0A9D1MC78,3,PF00395
A0A9D1MN98,1,PS51257
A0A9D1MV38,1,PS51257
A0A9D1N8F7,1,PS51257
A0A9D1NZB7,1,PF07833
A0A9D1NZB7,2,PF08239
A0A9D1PEJ2,1,PF07833
A0A9D1PN68,1,PF01476
A0A9D1PN68,2,PF01476
A0A9D1PSA6,1,PF01476
A0A9D1PSA6,2,PF01476
A0A9D1QWB9,1,PS51257
A0A9D1R5A8,1,PF01476
A0A9D1RSV4,1,PF00395
A0A9D1RSV4,2,PF00395
A0A9D1RSV4,3,PF00395
A0A9D1RU88,1,PS51257
A0A9D1RU88,3,PF00395
A0A9D1RU88,4,PF00395
A0A9D1S9A7,1,PF07833
A0A9D1TFW0,1,PF07833
A0A9D1U5J4,1,PF01476
A0A9D1U5J4,2,PF01476
A0A9D1UBE8,1,PF08239
A0A9D1UDR9,1,PF08239
A0A9D1VFF7,1,PF01476
A0A9D1VFF7,2,PF01476
A0A9D1VJV2,1,PF07833
A0A9D1VXS1,1,PF08239
A0A9D1VYA0,1,PF01476
A0A9D1W281,1,PF01476
A0A9D1W2Q9,1,PF08239
A0A9D1WPY8,1,PF01476
A0A9D1WPY8,2,PF01476
A0A9D1XAX3,1,PF08239
A0A9D1XW77,1,PF01476
A0A9D1XW77,2,PF01476
A0A9D1Y7C8,2,PF00395
A0A9D1Y7C8,3,PF00395
A0A9D1YAQ7,1,PF00395
A0A9D1YAQ7,2,PF00395
A0A9D1YN19,1,PF08239
A0A9D1YZQ8,1,PS51257
A0A9D1Z1R0,1,PS51257
A0A9D1Z270,1,PS51257
A0A9D1Z6X7,2,PF00395
A0A9D1Z6X7,3,PF00395
A0A9D1Z6X7,4,PF00395
A0A9D1ZE57,1,PF01476
A0A9D1ZE57,2,PF01476
A0A9D2B3X2,1,PF08239
A0A9D2CBY4,1,PS51257
A0A9D2CD32,1,PF00395
A0A9D2CD32,2,PF00395
A0A9D2CD32,3,PF00395
A0A9D2CDH2,1,PS51257
A0A9D2CXQ8,1,PS51257
A0A9D2DBG4,1,PF01476
A0A9D2DBL6,1,PF08239
A0A9D2DSZ2,1,PF08239
A0A9D2FTC4,1,PF07833
A0A9D2GG36,1,PF08239
A0A9D2GML3,2,PF08239
A0A9D2GML3,3,PF08239
A0A9D2H7N5,1,PF01476
A0A9D2I3D0,1,PF08239
A0A9D2IGS5,1,PF08239
A0A9D2IRE3,1,PF01476
A0A9D2IRE3,2,PF01476
A0A9D2JD17,1,PF08239
A0A9D2K472,1,PF01476
A0A9D2KKJ1,1,PF08239
A0A9D2KQB4,1,PF01476
A0A9D2L5W9,1,PF08239
A0A9D2LGC4,1,PF00395
A0A9D2LGC4,2,PF00395
A0A9D2LGC4,3,PF00395
A0A9D2LIZ9,2,PF00395
A0A9D2LIZ9,3,PF00395
A0A9D2LIZ9,4,PF00395
A0A9D2LJT1,1,PF01476
A0A9D2LJT1,2,PF01476
A0A9D2LP77,2,PF08239
A0A9D2LP77,3,PF01476
A0A9D2LP77,4,PF01476
A0A9D2MBG4,1,PF00395
A0A9D2MBG4,2,PF00395
A0A9D2MI86,1,PS51257
A0A9D2MM35,1,PF00395
A0A9D2MM35,2,PF00395
A0A9D2MYV5,1,PF08239
A0A9D2N1G6,1,PF01476
A0A9D2N781,1,PF07833
A0A9D2ND64,1,PF08239
A0A9D2NPX4,1,PF08239
A0A9D2NXL8,1,PF01476
A0A9D2NYV5,1,PF01476
A0A9D2NYV5,2,PF01476
A0A9D2P2D0,1,PF00395
A0A9D2P2D0,2,PF00395
A0A9D2P2D0,3,PF00395
A0A9D2P6K0,1,PF08239
A0A9D2PER9,1,PF01476
A0A9D2PR26,1,PF07833
A0A9D2PVW3,1,PF01476
A0A9D2PXP3,1,PF08239
A0A9D2QK41,1,PF08239
A0A9D2R414,1,PF08239
A0A9D2R6Q4,1,PF01476
A0A9D2RDA1,1,PF07833
A0A9D2RKE9,1,PF01476
A0A9D2RWZ5,1,PF08239
A0A9D2S6E5,2,PF00395
A0A9D2S6E5,3,PF00395
A0A9D2SUW7,1,PF01476
A0A9D2SWA8,1,PF08239
A0A9D2T0H7,2,PF00395
A0A9D2T0H7,3,PF00395
A0A9D2T0H7,4,PF00395
A0A9D2T451,1,PF08239
A0A9D2T5G6,1,PF08239
A0A9D2U703,1,PF08239
A0A9D2W093,1,PS51257
A0A9D2W1F9,1,PS51257
A0A9D2WMF6,1,PF07833
A0A9D3AII1,2,PF08239
A0A9D3AKR9,1,PS51257
A0A9D5I0W3,1,PF01476
A0A9D5I0W3,2,PF01476
A0A9D5I1R0,2,PF02839
A0A9D5I1R0,3,PF02839
A0A9D5M3S1,1,PF01476
A0A9D5M3S1,2,PF01476
A0A9D5MHS6,1,PF08239
A0A9D5MM92,1,PF08239
A0A9D5MVG7,4,PF02839
A0A9D5N126,1,PF08239
A0A9D5N1X7,1,PF02839
A0A9D5N406,1,PF01476
A0A9D5N406,2,PF01476
A0A9D5PSD2,1,PF01476
A0A9D5RK41,1,PF08239
A0A9D5S181,1,PS51257
A0A9D5SM73,1,PF01476
A0A9D5SM73,2,PF01476
A0A9D5U625,2,PF02839
A0A9D5U7N6,1,PS51318
A0A9D5U7N6,3,PF02839
A0A9D5U7N6,4,SM00495
A0A9D5UE86,1,PS51318
A0A9D5UE86,3,PF02839
A0A9D5YQS5,1,PF00395
A0A9D5YQS5,2,PF00395
A0A9D5YQS5,3,PF00395
A0A9D5YX21,2,SM00495
A0A9D6FFC8,1,G3DSA:2.60.40.10
A0A9D6UV93,3,PF00535
A0A9D7AF50,1,PF08329
A0A9D7AF50,3,PF22352
A0A9D7AF50,5,PF02839
A0A9D7AF50,6,PF02839
A0A9D7AF57,1,SM00495
A0A9D7AF57,3,PF22352
A0A9D7ES34,1,G3DSA:2.60.40.10
A0A9D7J0I3,3,PF00535
A0A9D7VZ91,1,PF00553
A0A9D7VZ91,2,PF00553
A0A9D8C3H0,1,G3DSA:2.60.40.10
A0A9D8D8K7,2,PF00553
A0A9D8FJP4,2,G3DSA:2.60.40.10
A0A9D8IKH9,1,PF00553
A0A9D8IKH9,3,PF00553
A0A9D8MB27,1,PF01476
A0A9D8MB27,2,PF01476
A0A9D8MBZ2,1,PF01476
A0A9D8MBZ2,2,PF01476
A0A9D8MBZ2,3,PF01476
A0A9D8MDG3,1,PS51257
A0A9D8MWN1,1,PS51257
A0A9D8MXU9,1,PS51257
A0A9D8N1M4,1,PS51257
A0A9D8QMW7,1,PF01476
A0A9D8QMW7,2,PF01476
A0A9D8QXL7,1,PS51257
A0A9D8R2R9,1,PS51257
A0A9D8S152,1,PF08239
A0A9D8S814,1,PS51257
A0A9D8WS57,1,PS51257
A0A9D8YWD1,1,PS51257
A0A9D9D1U0,1,PS51257
A0A9D9F4C6,2,PF17957
A0A9D9F4C6,4,G3DSA:2.60.40.10
A0A9D9G6K6,1,PS51257
A0A9D9IL33,1,PS51257
A0A9D9LIZ8,1,PS51257
A0A9D9LK89,1,PS51257
A0A9D9LML3,1,PS51257
A0A9D9LQ73,1,PS51257
A0A9D9LQR0,1,PS51257
A0A9D9NI14,1,PS51257
A0A9D9Q1T0,1,PS51257
A0A9D9QCL5,1,PS51257
A0A9D9TXY3,1,G3DSA:2.60.40.10
A0A9D9WP32,1,PS51257
A0A9D9ZD00,3,PF00535
A0A9E0AU33,1,PF07833
A0A9E0CP27,1,PS51257
A0A9E0DSY9,1,PF08239
A0A9E0DUH9,1,PF01476
A0A9E0E9I2,1,PF07833
A0A9E0G8C1,2,SM00495
A0A9E0G8C1,3,SM00495
A0A9E0QCD4,3,PF00535
A0A9E0YX56,2,PF01476
A0A9E0YX56,3,PF01476
A0A9E0YY18,1,PF01476
A0A9E0YY18,2,PF01476
A0A9E0ZDI0,1,PS51257
A0A9E1AE84,1,PF01476
A0A9E1AE84,2,PF01476
A0A9E1AYF8,1,PF01476
A0A9E1AYF8,2,PF01476
A0A9E1CDX5,1,PF01476
A0A9E1CDX5,2,PF01476
A0A9E1E861,1,PF07833
A0A9E1E861,2,PF08239
A0A9E1EKC4,1,PS51257
A0A9E1ELS2,1,PF01476
A0A9E1ELS2,2,PF01476
A0A9E1ET09,1,PF00395
A0A9E1ET09,2,PF00395
A0A9E1ET09,3,PF00395
A0A9E1EW83,1,PF01476
A0A9E1EW83,2,PF01476
A0A9E1H7V5,1,PF07833
A0A9E1IPH4,2,G3DSA:2.60.40.10
A0A9E1MK81,1,PF01476
A0A9E1MK81,2,PF01476
A0A9E1PDB5,2,G3DSA:2.60.40.10
A0A9E1VSD7,1,PS51257
A0A9E2BK45,1,PS51257
A0A9E2BM57,2,PF08239
A0A9E2BMK3,1,PF00395
A0A9E2BMK3,2,PF00395
A0A9E2DFR8,2,G3DSA:2.60.40.10
A0A9E2DPG2,1,PS51257
A0A9E2KB32,1,PF00395
A0A9E2KCU4,1,PF00395
A0A9E2LPN7,2,PF00041
A0A9E2LPN7,3,PF00041
A0A9E2NP68,1,PF08239
A0A9E2S516,1,PS51257
A0A9E2SB20,2,PF00535
A0A9E2TWJ9,1,PS51257
A0A9E2W6X5,1,PS51257
A0A9E2YTL4,3,PF00535
A0A9E3IJZ4,1,PF02839
A0A9E3IYI2,1,PS51318
A0A9E3IYI2,2,PF02839
A0A9E3IYI2,3,PF02839
A0A9E3J589,1,PS51318
A0A9E3J589,2,PF02018
A0A9E3J589,3,PF00041
A0A9E3J931,1,PF00553
A0A9E3JC28,1,PS51318
A0A9E3JC28,2,PF02018
A0A9E3JC28,3,PF00041
A0A9E3JDY4,1,PF00553
A0A9E3JDY4,2,PF00041
A0A9E3MQA0,1,PF02839
A0A9E3RLT6,2,PF00041
A0A9E3RLT6,3,PF00041
A0A9E5FX98,1,PF00553
A0A9E5G0C0,1,PF01476
A0A9E5G0C0,2,PF01476
A0A9E5KE13,1,PF00553
A0A9E5KE13,3,PF00553
A0A9E5VNZ8,1,PF01476
A0A9E5VNZ8,2,PF01476
A0A9E5VRN0,1,PF01476
A0A9E5VRN0,2,PF01476
A0A9E5W291,1,PF07833
A0A9E5W291,2,PF08239
A0A9E6E0H4,1,PF02839
A0A9E6E0H4,2,PF17957
A0A9E6E0H4,3,PF17957
A0A9E6E0H4,4,SM00495
A0A9E6E0H4,5,PF17957
A0A9E6E0H4,6,PF17957
A0A9E6E2W7,1,PF08329
A0A9E6E2W7,3,PF22352
A0A9E6E2W7,5,PF02839
A0A9E6JAU6,1,PF08329
A0A9E6JAU6,3,PF22352
A0A9E6JAU6,5,SM00495
A0A9E7AX54,4,G3DSA:2.60.40.10
A0A9E7CTU1,2,PF17957
A0A9E7CTU1,3,PF17957
A0A9E7CTU1,4,PF02839
A0A9E7CTU1,5,PF02839
A0A9E7CTU1,6,PF17957
A0A9E7CTU1,8,PF17957
A0A9E7CTU1,9,SM00495
A0A9E7CTU1,10,PF17957
A0A9E7PRY5,1,G3DSA:2.60.40.10
A0A9E7PRY5,2,PF08329
A0A9E7PRY5,3,G3DSA:2.60.40.10
A0A9E8LVE7,1,PF01476
A0A9E8LVE7,2,PF01476
A0A9E8M0E7,1,PF01476
A0A9E8M0E7,2,PF01476
A0A9E8N813,1,PS51257
A0A9E8RTY1,1,PS51257
A0A9E8TSK0,1,PS51257
A0A9E9CPC2,1,PF00553
A0A9E9CPC2,2,PF00041
A0A9E9CV42,1,PF02018
A0A9E9GLD5,1,PS51257
A0A9E9GLD5,2,PF00041
A0A9E9GW27,1,PS51257
A0A9E9GW27,2,PF02839
A0A9E9GW27,3,PF17957
A0A9E9GW27,4,PF17957
A0A9E9GXD9,1,PF02839
A0A9E9GXD9,2,PF00041
A0A9J6PU31,2,PF00041
A0A9J6PVQ0,1,PF08329
A0A9J6PVQ0,3,PF22352
A0A9J6PVQ0,5,PF02839
A0A9J6PVQ0,6,PF02839
A0A9J6QAR9,1,PS51257
A0A9J6QRN4,1,PF08329
A0A9J6QRN4,3,PF22352
A0A9J6QRN4,4,PF22352
A0A9J6QRN4,5,PF02839
A0A9J6QRN4,6,PF02839
A0A9J6RAA9,1,PF01476
A0A9J6RAA9,2,PF01476
A0A9J6ZB60,1,PF00395
A0A9J6ZB60,3,PF00395
A0A9J6ZDS3,1,PF00395
A0A9J6ZDS3,2,PF00395
A0A9J6ZDS3,3,PF00395
A0A9J6ZGW5,1,PF01476
A0A9J6ZGW5,2,PF01476
A0A9J6ZIW4,1,PF01476
A0A9J6ZIW4,2,PF01476
A0A9J6ZIW4,3,PF01476
A0A9J6ZJX3,2,PF00041
A0A9J6ZJX3,3,PF02839
A0A9J6ZJX3,4,PF00041
A0A9J6ZJX3,5,PF02839
A0A9J6ZKF3,2,PF00041
A0A9J6ZKF3,3,PF02839
A0A9J6ZKF3,4,PF00041
A0A9J6ZKF3,5,PF02839
A0A9J6ZL25,2,PF00041
A0A9J6ZL25,4,G3DSA:2.60.40.10
A0A9J6ZL25,5,PF00395
A0A9J6ZL25,6,PF00395
A0A9J6ZL25,7,PF00395
A0A9J7A4T3,1,PF02839
A0A9J7A4T3,3,SM00495
A0A9J7BLV2,3,PF00041
A0A9J7BLV2,4,G3DSA:2.60.40.10
A0A9J7BLV2,5,G3DSA:2.60.40.10
A0A9N7L3K9,1,PS51257
A0A9N7QPS7,2,PF00553
A0A9N7QPS7,3,PF00553
A0A9N8CP50,1,PS51257
A0A9N8CPN6,1,SM00495
A0A9N8CPN6,2,SM00495
A0A9N8CPN6,3,SM00495
A0A9N8CPN6,4,SM00495
A0A9N8GUC1,1,SM00495
A0A9N8GUC1,2,SM00495
A0A9N8GUC1,3,SM00495
A0A9N8GUC1,4,SM00495
A0A9N8J2S3,5,PF17957
A0A9N8J2S3,6,PF17957
A0A9N8J459,1,PS51257
A0A9P1JDU3,1,PF01476
A0A9P1JDU3,2,PF01476
A0A9P1JGC8,1,PF01476
A0A9P1JGC8,2,PF01476
A0A9P1THM4,3,PF00041
A0A9P1THM4,4,PF02839
A0A9P1YHZ2,3,PF00041
A0A9P1YHZ2,4,PF02839
A0A9P1YMN1,3,PF00041
A0A9P1YMN1,4,PF02839
A0A9P2C1N5,3,PF00041
A0A9P2C1N5,4,PF02839
A0A9P2LKW4,1,PF01476
A0A9P2LKW4,2,PF01476
A0A9P3QP18,3,PF00041
A0A9P3QP18,4,PF02839
A0A9P3ZRI0,1,PS51257
A0A9P3ZRN8,1,PS51257
A0A9P4DXC1,1,PS51257
A0A9Q1UWK1,1,PF01476
A0A9Q1UWK1,2,PF01476
A0A9Q2EG16,2,G3DSA:2.60.40.10
A0A9Q2EG16,3,PF02839
A0A9Q2EM62,1,PF08329
A0A9Q2EM62,3,PF22352
A0A9Q2EM62,5,PF02839
A0A9Q2EM62,6,PF02839
A0A9Q2EQ92,2,PF00041
A0A9Q2EQ92,3,PF02839
A0A9Q2W7W0,1,PF08329
A0A9Q2W7W0,3,PF22352
A0A9Q2W7W0,5,PF02839
A0A9Q2W7W0,6,PF02839
A0A9Q2ZM17,1,PS51318
A0A9Q3U9L0,1,SM00495
A0A9Q3U9L0,2,PF17957
A0A9Q3U9L0,3,PF17957
A0A9Q3U9L0,4,SM00495
A0A9Q3U9L0,5,PF17957
A0A9Q3U9L0,6,PF17957
A0A9Q3UC14,1,PF08329
A0A9Q3UC14,3,PF22352
A0A9Q3UC14,5,PF02839
A0A9Q3V6L4,1,PF01476
A0A9Q3V6L4,2,PF01476
A0A9Q3VMB4,1,PF02018
A0A9Q3VMB4,2,PF00041
A0A9Q3VPE7,2,PF02839
A0A9Q3VT58,1,PS51318
A0A9Q3VT58,2,PF02018
A0A9Q3VT58,3,PF00041
A0A9Q3Z5D5,1,PF00553
A0A9Q3Z9A5,1,PF00553
A0A9Q3Z9A5,2,PF00041
A0A9Q4AGG3,3,PF00041
A0A9Q4AGG3,4,PF02839
A0A9Q4BI92,2,PF00041
A0A9Q4BKZ8,3,PF00535
A0A9Q4BL10,2,PF17957
A0A9Q4CT48,1,PF01476
A0A9Q4CT48,2,PF01476
A0A9Q4DMF7,1,PF01476
A0A9Q4DMF7,2,PF01476
A0A9Q4DQ96,1,PF01476
A0A9Q4DQ96,2,PF01476
A0A9Q4E774,1,PF01476
A0A9Q4E774,2,PF01476
A0A9Q4E8N1,1,PF01476
A0A9Q4E8N1,2,PF01476
A0A9Q4ET63,1,PF01476
A0A9Q4ET63,2,PF01476
A0A9Q4FVU7,1,PF01476
A0A9Q4FVU7,2,PF01476
A0A9Q4GE53,3,PF00535
A0A9Q4HP93,1,PF01476
A0A9Q4HP93,2,PF01476
A0A9Q4HTM3,1,PF01476
A0A9Q4HTM3,2,PF01476
A0A9Q4HW81,1,PF01476
A0A9Q4HW81,2,PF01476
A0A9Q4TQU6,1,PF01476
A0A9Q4TQU6,2,PF01476
A0A9Q4XS43,2,G3DSA:2.60.40.10
A0A9Q4XS43,3,SM00495
A0A9Q5CX04,2,G3DSA:2.60.40.10
A0A9Q5CX04,3,PF02839
A0A9Q5D062,1,PS51257
A0A9Q5GED3,2,PF02839
A0A9Q5GED3,3,PF02839
A0A9Q5MPE0,2,PF00041
A0A9Q5MPE0,3,PF00553
A0A9Q5SBZ5,3,PF00535
A0A9Q5SIH5,2,PF00041
A0A9Q5SIH5,3,PF00553
A0A9Q5X0Q5,1,PF01476
A0A9Q5X0Q5,2,PF01476
A0A9Q6A555,1,PF01476
A0A9Q6A555,2,PF01476
A0A9Q6A8J5,1,PF01476
A0A9Q6A8J5,2,PF01476
A0A9Q6IEM8,2,PF00041
A0A9Q6IEM8,3,PF02839
A0A9Q7NUK5,1,PF08329
A0A9Q7NUK5,3,PF22352
A0A9Q7NUK5,4,G3DSA:2.60.40.10
A0A9Q7NUK5,5,PF02839
A0A9Q7NUK5,6,PF02839
A0A9Q7R6K1,2,G3DSA:2.60.40.10
A0A9Q7R6K1,3,PF02839
A0A9Q8QUF6,1,PS51318
A0A9Q8XFX4,1,PF02839
A0A9Q8XFX4,2,PF17957
A0A9Q8XFX4,3,PF17957
A0A9Q8XFX4,4,SM00495
A0A9Q8XFX4,5,PF17957
A0A9Q8XFX4,6,PF17957
A0A9Q8XKS6,1,PF08329
A0A9Q8XKS6,3,PF22352
A0A9Q8XKS6,5,PF02839
A0A9Q8XM29,1,PF08329
A0A9Q8XM29,3,PF22352
A0A9Q8XM29,5,SM00495
A0A9Q9D5Y2,2,G3DSA:2.60.40.10
A0A9Q9D5Y2,3,PF02839
A0A9Q9I9Q7,1,PF02018
A0A9Q9IEG7,1,PF00553
A0A9Q9IEG7,2,PF00041
A0A9Q9IGP5,1,PF00553
A0A9Q9IH24,2,PF02839
A0A9Q9IH24,3,PF02839
A0A9Q9IL21,1,PF02839
A0A9Q9IV81,1,PF00553
A0A9Q9IV81,2,PF00041
A0A9Q9J204,1,PS51257
A0A9Q9MGI4,1,PF02839
A0A9Q9MIK5,1,PF02018
A0A9Q9MNT5,1,PF02839
A0A9Q9MNT5,2,PF00041
A0A9Q9SBJ1,2,G3DSA:2.60.40.10
A0A9Q9ST40,2,PF22352
A0A9R0NQL2,1,PF00553
A0A9R0NT16,1,PF02018
A0A9R0NUN3,1,PS51318
A0A9R0P4J4,1,PF02018
A0A9R0P4J4,2,PF00041
A0A9R0U5Q4,1,PF00553
A0A9R0UA28,2,PF02018
A0A9R0UA98,1,PF00553
A0A9R0UA98,2,PF00041
A0A9W3J7W8,3,PF00535
A0A9W3JL39,2,PF00041
A0A9W3JL39,3,PF00553
A0A9W3JT72,1,PF01476
A0A9W3JT72,2,PF01476
A0A9W3KBA2,2,PF00041
A0A9W3KBA2,3,PF00553
A0A9W3KDI5,3,PF00535
A0A9W3KH57,1,PF01476
A0A9W3KH57,2,PF01476
A0A9W3KQ89,2,PF00041
A0A9W3KQ89,3,PF00553
A0A9W3KW16,1,PF01476
A0A9W3KW16,2,PF01476
A0A9W3NVE4,1,PF01476
A0A9W3NVE4,2,PF01476
A0A9W3P446,3,PF00535
A0A9W3P6R9,2,PF00041
A0A9W3P6R9,3,PF00553
A0A9W3PRP8,3,PF00535
A0A9W3SV03,1,PF01476
A0A9W3SV03,2,PF01476
A0A9W3SV66,3,PF00535
A0A9W3TGG8,3,PF00535
A0A9W3V9Z3,2,PF00041
A0A9W3V9Z3,3,PF00553
A0A9W3VEW2,3,PF00535
A0A9W3WYF6,2,PF00041
A0A9W3WYF6,3,PF00553
A0A9W3X167,3,PF00535
A0A9W3X6U8,2,PF00041
A0A9W3X6U8,3,PF00553
A0A9W4A4U0,3,PF00535
A0A9W4A7H7,1,PF01476
A0A9W4A7H7,2,PF01476
A0A9W4AGK5,2,PF00041
A0A9W4AGK5,3,PF00553
A0A9W4DJ00,1,PF02018
A0A9W4DKZ3,2,SM00495
A0A9W4DST2,1,PF00553
A0A9W4DV77,1,PF02018
A0A9W4E192,1,PS51318
A0A9W4E192,2,PF00553
A0A9W4E192,3,PF00041
A0A9W4E2I4,1,PS51318
A0A9W4E2I4,2,PF02018
A0A9W4E6F2,1,PF02018
A0A9W4E6X8,1,PF00553
A0A9W4E837,3,SM00495
A0A9W4E8U9,1,PS51318
A0A9W4E8U9,2,PF02018
A0A9W4GP87,1,PS51318
A0A9W4GP87,3,G3DSA:2.60.40.10
A0A9W4GP87,4,SM00495
A0A9W4GUK9,2,PF02839
A0A9W4GXW0,2,SM00495
A0A9W4H764,2,SM00495
A0A9W4H779,1,PS51318
A0A9W4H779,3,PF02839
A0A9W4KNP3,1,PF01476
A0A9W4KNP3,2,PF01476
A0A9W4KP35,1,PF01476
A0A9W4KP35,2,PF01476
A0A9W4L3H4,1,PF01476
A0A9W4L3H4,2,PF01476
A0A9W4L6S5,1,PF01476
A0A9W4L6S5,2,PF01476
A0A9W4L6S5,3,PF01476
A0A9W4L777,1,PF01476
A0A9W4L777,2,PF01476
A0A9W4MCQ0,1,PF02018
A0A9W4MHM2,3,PF02839
A0A9W4PAQ8,1,PF01476
A0A9W4PAQ8,2,PF01476
A0A9W4PH31,1,PF01476
A0A9W4PH31,2,PF01476
A0A9W4PH31,3,PF01476
A0A9W4PIG4,1,PF01476
A0A9W4PIG4,2,PF01476
A0A9W4R1T7,1,PF02839
A0A9W4R1T7,2,PF17957
A0A9W4R1T7,3,PF17957
A0A9W4R1T7,4,SM00495
A0A9W4R1T7,5,PF17957
A0A9W4R1T7,6,PF17957
A0A9W4TL85,5,PF17957
A0A9W4TL85,6,PF17957
A0A9W4VP47,1,PF08329
A0A9W4VP47,3,G3DSA:2.60.40.10
A0A9W4VP47,4,G3DSA:2.60.40.10
A0A9W4VP47,5,PF02839
A0A9W4W212,1,SM00495
A0A9W4W212,2,PF17957
A0A9W4W212,3,G3DSA:2.60.40.10
A0A9W4W212,5,SM00495
A0A9W4Z8Q1,1,PF01476
A0A9W4Z8Q1,2,PF01476
A0A9W5E9A5,3,PF00535
A0A9W5EAP7,2,PF00041
A0A9W5EAP7,3,PF00553
A0A9W5J9F5,1,PS51257
A0A9W5K6I2,1,PF01476
A0A9W5K6I2,2,PF01476
A0A9W5K728,3,PF00535
A0A9W5KSR7,2,PF00041
A0A9W5KSR7,3,PF00553
A0A9W5L269,3,PF00535
A0A9W5L2H3,1,PF01476
A0A9W5L2H3,2,PF01476
A0A9W5NT40,2,PF00041
A0A9W5NT40,3,PF00553
A0A9W5PAY3,1,PF01476
A0A9W5PAY3,2,PF01476
A0A9W5PC44,1,PF01476
A0A9W5PC44,2,PF01476
A0A9W5PNE1,2,PF00041
A0A9W5PNE1,3,PF00553
A0A9W5PQ20,1,PF01476
A0A9W5PQ20,2,PF01476
A0A9W5Q3D4,2,PF00041
A0A9W5Q3D4,3,PF00553
A0A9W5QE38,1,PF01476
A0A9W5QE38,2,PF01476
A0A9W5QH21,3,PF00535
A0A9W5QLK3,2,PF00041
A0A9W5QLK3,3,PF00553
A0A9W5QSN3,1,PF01476
A0A9W5QSN3,2,PF01476
A0A9W5QTD1,3,PF00535
A0A9W5R522,1,PF01476
A0A9W5R522,2,PF01476
A0A9W5R5G5,3,PF00535
A0A9W5RBH2,2,PF00041
A0A9W5RBH2,3,PF00553
A0A9W5TZN5,1,PF01476
A0A9W5TZN5,2,PF01476
A0A9W5U055,1,PF01476
A0A9W5U055,2,PF01476
A0A9W5U055,3,PF01476
A0A9W5UPC2,1,PF00553
A0A9W5V936,3,PF00535
A0A9W5V9F6,1,PF01476
A0A9W5V9F6,2,PF01476
A0A9W5VP12,2,PF00041
A0A9W5VP12,3,PF00553
A0A9W5X227,6,PF00553
A0A9W5X5A3,1,PF01476
A0A9W5X5A3,2,PF01476
A0A9W5X5A3,3,PF01476
A0A9W5XKU1,1,PF00553
A0A9W5YCL3,2,PF00395
A0A9W5YCL3,3,PF00395
A0A9W5YCL3,4,PF00395
A0A9W5YDI7,1,PF01476
A0A9W5YDI7,2,PF01476
A0A9W6C386,1,PF08239
A0A9W6D937,2,PF00041
A0A9W6D937,3,PF02839
A0A9W6D981,2,PF00041
A0A9W6D981,3,PF02839
A0A9W6DD66,1,PF02839
A0A9W6DH92,1,PF07833
A0A9W6FLY6,1,PF02839
A0A9W6FLY6,2,PF00041
A0A9W6G6J4,1,PF02839
A0A9W6GB18,1,PF02839
A0A9W6HBF8,2,SM00495
A0A9W6HBF8,3,PF02839
A0A9W6HPM5,1,PS51318
A0A9W6HPM5,3,SM00495
A0A9W6HPM5,4,PF02839
A0A9W6HQV4,1,PS51318
A0A9W6HQV4,3,PF02839
A0A9W6HQV4,4,PF02839
A0A9W6HWW0,1,PF00553
A0A9W6HWW0,2,PF00041
A0A9W6HWZ2,1,PF00553
A0A9W6HWZ2,2,PF00041
A0A9W6HY73,1,PF00553
A0A9W6HY73,2,PF00041
A0A9W6HY77,1,PS51257
A0A9W6HY77,2,PF00553
A0A9W6I251,1,PF02018
A0A9W6I3F8,1,PF02839
A0A9W6I3F8,2,PF00041
A0A9W6I999,1,PF00553
A0A9W6I999,2,PF00553
A0A9W6I999,3,PF00041
A0A9W6KP73,1,PS51257
A0A9W6KPR8,2,PF02018
A0A9W6KUM3,2,PF02839
A0A9W6KUM3,3,PF02839
A0A9W6M2X5,1,PS51318
A0A9W6M9N2,1,PF02839
A0A9W6M9N2,3,PF02839
A0A9W6M9Y4,2,PF02839
A0A9W6M9Y4,3,PF02839
A0A9W6MBA4,1,PF02018
A0A9W6MBA4,2,G3DSA:2.60.40.10
A0A9W6MBA4,3,PF00041
A0A9W6MFW4,1,PF00553
A0A9W6MIA8,1,PS51257
A0A9W6MIA8,3,PF02839
A0A9W6MIA8,4,PF02839
A0A9W6MYY9,1,PF02839
A0A9W6MYY9,2,PF00041
A0A9W6NM62,1,PF00553
A0A9W6NNP7,1,PF02839
A0A9W6NNP7,2,PF00041
A0A9W6NPC3,1,PF02018
A0A9W6NPS7,1,PF00553
A0A9W6NPS7,2,PF00041
A0A9W6NRH1,1,PF02018
A0A9W6P9U6,2,PF02839
A0A9W6PBB4,1,PS51318
A0A9W6PBB4,2,PF00553
A0A9W6PBB4,3,PF00041
A0A9W6PE82,2,PF02018
A0A9W6PEL3,1,PF02018
A0A9W6PFC5,1,PF02018
A0A9W6PFC5,2,PF00041
A0A9W6PH64,2,SM00495
A0A9W6PJ89,1,PF00553
A0A9W6PJ89,2,PF00041
A0A9W6PN33,2,SM00495
A0A9W6PNQ0,1,PF02018
A0A9W6PPA2,1,PF02018
A0A9W6PPH1,1,PF00553
A0A9W6PPH1,2,PF00041
A0A9W6Q0W8,2,PF02018
A0A9W6Q9M0,1,PF02018
A0A9W6Q9M0,2,PF00041
A0A9W6QB02,1,PF02018
A0A9W6QB10,2,SM00495
A0A9W6QCZ4,1,PF02018
A0A9W6QDZ2,1,PF02018
A0A9W6QFL5,1,PF00553
A0A9W6QGI0,1,PF02018
A0A9W6QGI0,2,PF00041
A0A9W6QKD2,1,PF02018
A0A9W6QML7,1,PF00553
A0A9W6QML7,2,PF00041
A0A9W6QML7,3,PF00041
A0A9W6QV82,2,PF02839
A0A9W6RBY0,1,PF00553
A0A9W6RBY0,2,PF00041
A0A9W6RZ71,1,PF00553
A0A9W6RZ71,2,PF00041
A0A9W6SG46,2,PF02018
A0A9W6SGA8,1,PF00553
A0A9W6SGA8,2,PF00041
A0A9W6SGE0,2,PF02839
A0A9W6SGJ6,1,PF00553
A0A9W6SGJ6,2,PF00041
A0A9W6SQN2,1,PF02018
A0A9W6SQN2,2,PF00041
A0A9W6STG6,1,PF00553
A0A9W6STG6,2,PF00041
A0A9W6UL76,1,PF02018
A0A9W6UL76,2,PF00041
A0A9W6ULQ8,1,PF02018
A0A9W6ULQ8,2,PF00041
A0A9W6UNA1,1,PS51318
A0A9W6UNA1,3,PF02018
A0A9W6UYB9,1,PS51318
A0A9W6UYB9,2,PF00553
A0A9W6UYB9,3,PF00041
A0A9W6UZL1,1,PF02018
A0A9W6UZL1,2,PF00041
A0A9W6V1L8,1,PS51318
A0A9W6V1L8,3,PF02018
A0A9W6V3C1,1,PF00553
A0A9W6V3C1,2,PF00041
A0A9W6V439,1,PF02018
A0A9W6V439,2,PF00041
A0A9W6V4G3,1,PF02018
A0A9W6V4S4,2,SM00495
A0A9W6V6K0,1,PF00553
A0A9W6V6K0,2,PF00041
A0A9W6V883,2,PF02018
A0A9W6VCG5,1,PF02018
A0A9W6VCG5,2,PF00041
A0A9W6VV19,2,PF02018
A0A9W7PDA8,1,SM00495
A0A9W7PDA8,3,PF00041
A0A9W7PDA8,4,PF02839
A0A9W7PF20,2,PF00041
A0A9W7PF20,3,PF00553
A0A9W7PFR0,3,PF00535
A0A9W7PHN2,1,PF01476
A0A9W7PHN2,2,PF01476
A0A9W7PS59,2,PF00041
A0A9W7PS59,3,PF00553
A0A9W7PVV9,1,PF01476
A0A9W7PVV9,2,PF01476
A0A9W7Q5L7,2,PF00041
A0A9W7Q5L7,3,PF00553
A0A9W7Q8N7,1,PF01476
A0A9W7Q8N7,2,PF01476
A0A9W7QB23,3,PF00535
A0A9W7UIR4,3,PF00535
A0A9W7UV80,3,PF00535
A0A9X0EST5,1,PF01476
A0A9X0EST5,2,PF01476
A0A9X0EV58,2,PF00041
A0A9X0EV58,3,PF00553
A0A9X0EYI3,3,PF00535
A0A9X0F6V8,3,PF00535
A0A9X0FAB2,2,PF00041
A0A9X0FAB2,3,PF00553
A0A9X0FXR7,1,PF01476
A0A9X0FXR7,2,PF01476
A0A9X0G767,2,PF00041
A0A9X0G767,3,PF00553
A0A9X0H644,2,PF00041
A0A9X0H644,3,PF02839
A0A9X0I2L2,1,PF00553
A0A9X0I3M7,1,PS51318
A0A9X0I3M7,2,PF00553
A0A9X0JXC4,1,PF01476
A0A9X0JXC4,2,PF01476
A0A9X0MJ94,3,PF00535
A0A9X0MKX1,2,PF00041
A0A9X0MKX1,3,PF00553
A0A9X0R8E9,1,PS51257
A0A9X0R8E9,2,PF02839
A0A9X0R8E9,3,PF17957
A0A9X0R8E9,5,SM00495
A0A9X0T633,2,PF00041
A0A9X0T633,3,PF00553
A0A9X0UI31,1,PF08329
A0A9X0UI31,3,PF22352
A0A9X0UI31,4,G3DSA:2.60.40.10
A0A9X0UI31,5,PF02839
A0A9X0VNR7,1,PF01476
A0A9X0VNR7,2,PF01476
A0A9X1CIZ5,1,PF01476
A0A9X1CIZ5,2,PF01476
A0A9X1DBX9,3,PF00535
A0A9X1DJF4,1,PF01476
A0A9X1DJF4,2,PF01476
A0A9X1DNB0,1,PF01476
A0A9X1DNB0,2,PF01476
A0A9X1DND2,1,PF01476
A0A9X1DND2,2,PF01476
A0A9X1DND2,3,PF01476
A0A9X1DQ52,1,PF01476
A0A9X1DQ52,2,PF01476
A0A9X1KQ13,5,G3DSA:2.60.40.10
A0A9X1KQ13,6,G3DSA:2.60.40.10
A0A9X1KVW8,1,PS51257
A0A9X1N7I7,1,PF02839
A0A9X1PF85,1,PS51257
A0A9X1PKE2,1,PS51257
A0A9X1PUR0,1,PF00553
A0A9X1PUR0,2,PF00041
A0A9X1PUW2,1,PS51318
A0A9X1PUW2,2,PF02018
A0A9X1PUW2,3,PF00041
A0A9X1PZ22,1,PF02018
A0A9X1PZ22,2,PF00041
A0A9X1Q2D5,1,PF00553
A0A9X1QL41,1,PS51257
A0A9X1SRA0,2,SM00495
A0A9X1TPB2,1,PF02018
A0A9X1TPB2,2,PF00041
A0A9X1TS65,2,PF02839
A0A9X1V5X0,1,PF01476
A0A9X1V5X0,2,PF01476
A0A9X1V5X0,3,PF01476
A0A9X1V5X0,4,PF01476
A0A9X1V927,1,PS51257
A0A9X1V927,2,PF00395
A0A9X1V931,1,PF01476
A0A9X1V931,2,PF01476
A0A9X1VAG9,1,PF01476
A0A9X1VAG9,2,PF01476
A0A9X1WVT3,1,PF07833
A0A9X1WVY4,1,PF07833
A0A9X1XAV1,1,PF01476
A0A9X1XAV1,2,PF01476
A0A9X1XB61,1,PF01476
A0A9X1XB61,2,PF01476
A0A9X1XB61,3,PF01476
A0A9X1XLE7,1,PF08329
A0A9X1XLE7,3,PF22352
A0A9X1XLE7,4,G3DSA:2.60.40.10
A0A9X1XLE7,5,PF02839
A0A9X1XY55,1,PF00395
A0A9X1XY55,2,PF00395
A0A9X1XY55,3,PF00395
A0A9X1Y0T9,1,PF07833
A0A9X1Y0T9,2,PF08239
A0A9X1Y3V6,1,PF07833
A0A9X1Y778,2,PF00041
A0A9X1Y778,3,PF02839
A0A9X1YGS8,1,PF02839
A0A9X1ZGN5,1,PF08329
A0A9X1ZGN5,3,PF22352
A0A9X1ZGN5,4,SM00495
A0A9X1ZGN5,5,SM00495
A0A9X2AD36,1,PF00395
A0A9X2B0Y4,1,PF00395
A0A9X2B0Y4,2,PF00395
A0A9X2B0Y4,3,PF00395
A0A9X2BAF1,3,PF00535
A0A9X2BF12,1,PS51257
A0A9X2BJP2,1,PS51257
A0A9X2BJP2,2,PF02839
A0A9X2BJP2,3,PF17957
A0A9X2BJP2,4,PF17957
A0A9X2BJP2,7,SM00495
A0A9X2BK94,1,PF02839
A0A9X2BK94,2,PF17957
A0A9X2BK94,3,PF17957
A0A9X2BK94,4,SM00495
A0A9X2BK94,5,PF17957
A0A9X2BK94,6,PF17957
A0A9X2BM82,1,SM00495
A0A9X2BM82,3,SM00495
A0A9X2BM82,4,SM00495
A0A9X2BN59,1,PF01476
A0A9X2BN59,2,PF01476
A0A9X2CUN0,1,PF01476
A0A9X2CUN0,2,PF01476
A0A9X2DP55,1,PF01476
A0A9X2DP55,2,PF01476
A0A9X2DP55,3,PF01476
A0A9X2E5W8,1,PS51318
A0A9X2E774,2,PF02018
A0A9X2F3I0,3,PF00535
A0A9X2F3Y9,1,PS51257
A0A9X2F3Y9,2,G3DSA:2.60.40.10
A0A9X2G703,1,PS51318
A0A9X2GAX0,1,PF00553
A0A9X2GAX0,2,PF00553
A0A9X2GAX0,3,PF00041
A0A9X2GTD2,1,PF02839
A0A9X2GTD2,2,PF00041
A0A9X2GVF4,1,PF00553
A0A9X2GVF4,2,PF00041
A0A9X2GVJ0,2,PF02839
A0A9X2GVJ0,3,PF02839
A0A9X2GXQ2,1,PF02839
A0A9X2GXQ2,3,PF02839
A0A9X2GY97,1,PS51318
A0A9X2GY97,3,PF02839
A0A9X2GY97,4,PF02839
A0A9X2H9A5,2,PF02839
A0A9X2H9A5,3,PF02839
A0A9X2I5I3,1,PF01476
A0A9X2I5I3,2,PF01476
A0A9X2INH2,1,PF01476
A0A9X2INH2,2,PF01476
A0A9X2IRG7,1,PF01476
A0A9X2IRG7,2,PF01476
A0A9X2JGC5,1,PS51257
A0A9X2JU06,1,PS51318
A0A9X2JU06,2,PF02839
A0A9X2JZV5,2,PF02839
A0A9X2K8T1,1,PF02018
A0A9X2K8T1,2,PF00041
A0A9X2KV07,1,PS51257
A0A9X2LD54,1,PF00553
A0A9X2LD54,2,PF00041
A0A9X2LFE3,1,PF02018
A0A9X2LFE3,2,PF00041
A0A9X2LSS2,1,PS51318
A0A9X2MN58,2,PF00041
A0A9X2MN58,3,PF02839
A0A9X2MN58,4,PF00041
A0A9X2MN58,5,PF02839
A0A9X2MQ18,1,PF00395
A0A9X2MQ18,2,PF00395
A0A9X2MQV2,1,PF01476
A0A9X2MQV2,2,PF01476
A0A9X2MSW1,1,PF00041
A0A9X2MW58,1,PS51257
A0A9X2MW58,2,G3DSA:2.60.40.10
A0A9X2MW58,3,G3DSA:2.60.40.10
A0A9X2MW58,5,PF00041
A0A9X2MW58,6,PF00395
A0A9X2MW58,7,PF00395
A0A9X2MW58,8,PF00395
A0A9X2MWS4,1,PF07833
A0A9X2N695,1,PF00553
A0A9X2N695,2,PF00041
A0A9X2N8M6,2,PF02018
A0A9X2NFD7,1,PF02018
A0A9X2NFD7,2,PF00041
A0A9X2NFR6,1,PS51318
A0A9X2NJ52,1,PF00553
A0A9X2NKS7,1,PF00553
A0A9X2NN61,2,PF02839
A0A9X2NNU5,1,PF02018
A0A9X2NQ72,1,PS51257
A0A9X2NRD2,1,PS51257
A0A9X2P2L7,1,PS51257
A0A9X2P386,1,PS51257
A0A9X2Q2P7,1,PS51257
A0A9X2RV96,1,PS51318
A0A9X2SHV4,1,PS51318
A0A9X2SVA7,1,PS51257
A0A9X2SVF3,1,PS51257
A0A9X2U679,1,PS51257
A0A9X2UL15,1,PS51257
A0A9X2URA5,1,PS51257
A0A9X2VKK1,2,SM00495
A0A9X2VQF2,1,PF00553
A0A9X2VQF2,2,PF00553
A0A9X2VQF2,3,PF00041
A0A9X2VTQ7,1,PF00553
A0A9X2VWV3,1,PS51318
A0A9X2VYX5,1,PS51318
A0A9X2WWS1,1,PF08329
A0A9X2WWS1,3,PF22352
A0A9X2WWS1,5,PF02839
A0A9X2WWS1,6,PF02839
A0A9X2ZJ75,3,PF00535
A0A9X3A3C3,1,PF00553
A0A9X3A3C3,2,PF00041
A0A9X3A7D3,1,PS51257
A0A9X3AEU5,1,PS51318
A0A9X3AEU5,2,PF02018
A0A9X3AL58,1,PF00553
A0A9X3AUV5,1,PF08329
A0A9X3AUV5,3,PF22352
A0A9X3AUV5,5,PF02839
A0A9X3AUV5,6,PF02839
A0A9X3B745,1,PS51257
A0A9X3BZ76,5,G3DSA:2.60.40.10
A0A9X3BZ76,6,G3DSA:2.60.40.10
A0A9X3CAH9,5,G3DSA:2.60.40.10
A0A9X3CAH9,6,G3DSA:2.60.40.10
A0A9X3CGT8,1,PF02839
A0A9X3CGT8,2,PF17957
A0A9X3CGT8,3,PF17957
A0A9X3CGT8,4,SM00495
A0A9X3CGT8,5,PF17957
A0A9X3CGT8,6,PF17957
A0A9X3CI79,1,PF08329
A0A9X3CI79,3,PF22352
A0A9X3CI79,5,PF02839
A0A9X3CN52,1,SM00495
A0A9X3CN52,2,PF17957
A0A9X3CN52,3,PF17957
A0A9X3CN52,4,SM00495
A0A9X3CN52,5,PF17957
A0A9X3CN52,6,PF17957
A0A9X3F6A7,1,PS51257
A0A9X3F6L2,1,PS51257
A0A9X3HDY8,1,PF08239
A0A9X3HUR0,1,PS51257
A0A9X3HUR0,2,PF02839
A0A9X3HUR0,3,PF17957
A0A9X3HUR0,4,PF17957
A0A9X3HY67,1,PF08329
A0A9X3HY67,3,PF22352
A0A9X3HY67,5,PF02839
A0A9X3I837,1,PS51257
A0A9X3L723,1,PF01476
A0A9X3L723,2,PF01476
A0A9X3LDX9,1,PF01476
A0A9X3LLP5,1,PF01476
A0A9X3ME56,1,PF08329
A0A9X3ME56,3,PF22352
A0A9X3ME56,5,PF02839
A0A9X3MIG6,1,PS51257
A0A9X3MIG6,2,PF02839
A0A9X3MIG6,3,PF17957
A0A9X3MIG6,4,PF17957
A0A9X3PGH4,1,PF02839
A0A9X3PNN9,1,PS51318
A0A9X3PNN9,2,PF02839
A0A9X3RUZ2,1,G3DSA:2.60.40.10
A0A9X3RUZ2,2,PF17957
A0A9X3RUZ2,3,PF17957
A0A9X3RUZ2,4,PF17957
A0A9X3RXE1,1,PF02839
A0A9X3RXE1,2,PF17957
A0A9X3RXE1,3,PF17957
A0A9X3RXE1,4,SM00495
A0A9X3RXE1,5,PF17957
A0A9X3RXE1,6,PF17957
A0A9X3SGQ4,1,PF00553
A0A9X3SGQ4,2,PF00041
A0A9X3SIE8,1,PS51257
A0A9X3T475,1,PF02839
A0A9X3TMK6,1,PF01476
A0A9X3TMK6,2,PF01476
A0A9X3TPU8,1,PF07833
A0A9X3TT46,1,PF07833
A0A9X3TT46,2,PF08239
A0A9X3WAU2,1,PF00395
A0A9X3WAU2,2,PF00395
A0A9X3WAU2,3,PF00395
A0A9X3WCL3,1,PF01476
A0A9X3WCL3,2,PF01476
A0A9X3WG08,1,PF01476
A0A9X3WG08,2,PF01476
A0A9X3WMY0,1,PF01476
A0A9X3WMY0,2,PF01476
A0A9X3WMY0,3,PF01476
A0A9X3WR24,1,PF01476
A0A9X3WR24,2,PF01476
A0A9X3WXY7,1,PF01476
A0A9X3WXY7,2,PF01476
A0A9X3XKL5,3,PF02839
A0A9X3XL57,2,G3DSA:2.60.40.10
A0A9X3XL57,3,PF02839
A0A9X3YRP3,2,PF02839
A0A9X3YZI6,1,PS51257
A0A9X3Z5E0,1,PF00395
A0A9X3Z5E0,2,PF00395
A0A9X3Z5E0,3,PF00395
A0A9X4AZA0,5,PF02839
A0A9X4B1C3,4,SM00495
A0A9X4B1C3,7,PF02839
A0A9X4BCC4,1,PF08329
A0A9X4BCC4,3,PF22352
A0A9X4BCC4,5,PF02839
A0A9X4BCC4,6,PF02839
A0A9X4BJM5,1,PS51257
A0A9X4EPC6,1,PS51257
A0A9X4EYG5,1,G3DSA:2.60.40.10
A0A9X4EYG5,2,PF17957
A0A9X4EYG5,3,PF17957
A0A9X4EYG5,4,PF17957
A0A9X4F0F9,1,PS51257
A0A9X4F0F9,2,PF02839
A0A9X4F0F9,3,PF17957
A0A9X4F0F9,4,PF17957
A0A9X4F0F9,7,SM00495
A0A9X4FA32,1,PF08329
A0A9X4FA32,3,PF22352
A0A9X4FA32,5,PF02839
A0A9X4FGK5,1,PS51257
A0A9X4FGK5,2,PF02839
A0A9X4FGK5,3,PF17957
A0A9X4FGK5,4,PF17957
A0A9X4FGK5,7,SM00495
A0A9X4FGW6,2,G3DSA:2.60.40.10
A0A9X4FGW6,3,PF22352
A0A9X4FGW6,4,PF22352
A0A9X4FIC2,4,PF22352
A0A9X4FIU3,1,G3DSA:2.60.40.10
A0A9X4FIU3,2,PF17957
A0A9X4FIU3,3,PF17957
A0A9X4FIU3,4,PF17957
A0A9X4FJD2,1,PF08329
A0A9X4FJD2,3,PF22352
A0A9X4FJD2,5,PF02839
A0A9X4IP87,2,G3DSA:2.60.40.10
A0A9X4IP87,3,G3DSA:2.60.40.10
A0A9X4IP87,4,PF22352
A0A9X4ISS8,1,PF08329
A0A9X4ISS8,3,PF22352
A0A9X4ISS8,5,PF02839
A0A9X4J0P0,1,PS51257
A0A9X4J0P0,2,PF02839
A0A9X4J0P0,3,PF17957
A0A9X4J0P0,4,PF17957
A0A9X4J0P0,7,SM00495
A0A9X4J1K2,1,G3DSA:2.60.40.10
A0A9X4J1K2,2,PF17957
A0A9X4J1K2,3,PF17957
A0A9X4J1K2,4,PF17957
A0A9X4KDJ0,1,PF00395
A0A9X4KDJ0,2,PF00395
A0A9X4KDJ0,3,PF00395
A0A9X4KGR5,1,PF08239
A0A9X4L3A1,1,PF07833
A0A9X4NH88,2,G3DSA:2.60.40.10
A0A9X4NH88,3,PF02839
A0A9X4NY72,2,G3DSA:2.60.40.10
A0A9X4NY72,3,PF02839
A0A9X4QPH0,1,PF07833
A0A9X4QT93,2,PF08239
A0A9X4QVG6,1,PF00395
A0A9X4QVG6,2,PF00395
A0A9X4QVG6,3,PF00395
A0A9X4S234,2,PF02839
A0A9X4SFZ1,2,G3DSA:2.60.40.10
A0A9X4SFZ1,3,PF02839
A0A9X5ADY8,1,PF01476
A0A9X5ADY8,2,PF01476
A0A9X5BH18,1,PF01476
A0A9X5CF47,1,PF08239
A0A9X5CIR2,1,PF00553
A0A9X5CIR2,2,PF00041
A0A9X5CJQ8,1,PS51318
A0A9X5CJQ8,2,PF02018
A0A9X5CJQ8,3,PF00041
A0A9X5CNI8,1,PF02018
A0A9X5CNI8,2,PF00041
A0A9X5F457,1,PF08329
A0A9X5F457,3,PF22352
A0A9X5F457,5,PF02839
A0A9X5F457,6,PF02839
A0A9X5HCV3,1,PS51318
A0A9X5N7G6,2,PF00041
A0A9X5N7G6,3,PF00553
A0A9X5RSQ5,3,PF00535
A0A9X5VBB2,3,PF00535
A0A9X5VE36,1,PF01476
A0A9X5VE36,2,PF01476
A0A9X5XJI7,1,PS51318
A0A9X5XJI7,2,PF02018
A0A9X5XJI7,3,PF00041
A0A9X5YUB3,1,PS51318
A0A9X5YUB3,2,PF00553
A0A9X6B3M2,2,PF00041
A0A9X6B3M2,3,PF00553
A0A9X6F6G0,1,SM00495
A0A9X6F6G0,3,PF00041
A0A9X6F6G0,4,PF02839
A0A9X6F852,2,PF00041
A0A9X6F852,3,PF00553
A0A9X6FCP5,3,PF00535
A0A9X6FHU9,1,PF01476
A0A9X6FHU9,2,PF01476
A0A9X6FL38,3,PF00535
A0A9X6GEX5,3,PF00535
A0A9X6ICQ5,1,PF01476
A0A9X6ICQ5,2,PF01476
A0A9X6IKI6,2,PF00041
A0A9X6IKI6,3,PF00553
A0A9X6J0A6,2,PF00041
A0A9X6J0A6,3,PF00553
A0A9X6JT82,1,PF01476
A0A9X6JT82,2,PF01476
A0A9X6JU04,3,PF00535
A0A9X6KFT2,2,PF00041
A0A9X6KFT2,3,PF00553
A0A9X6KHT0,1,PF01476
A0A9X6KHT0,2,PF01476
A0A9X6KRH4,1,PF01476
A0A9X6KRH4,2,PF01476
A0A9X6LEV6,1,SM00495
A0A9X6LEV6,3,PF00041
A0A9X6LEV6,4,PF02839
A0A9X6LN70,1,PF01476
A0A9X6LN70,2,PF01476
A0A9X6LY62,1,PF01476
A0A9X6LY62,2,PF01476
A0A9X6M020,3,PF00535
A0A9X6M524,1,PF01476
A0A9X6M524,2,PF01476
A0A9X6MBS7,3,PF00535
A0A9X6MXB3,1,SM00495
A0A9X6MXB3,3,PF00041
A0A9X6MXB3,4,PF02839
A0A9X6N5B8,2,PF00041
A0A9X6N5B8,3,PF00553
A0A9X6NA55,1,PF01476
A0A9X6NA55,2,PF01476
A0A9X6NPF6,2,PF00041
A0A9X6NPF6,3,PF00553
A0A9X6NS72,1,PF01476
A0A9X6NS72,2,PF01476
A0A9X6NTW7,3,PF00535
A0A9X6PBK3,1,PF01476
A0A9X6PBK3,2,PF01476
A0A9X6PD93,3,PF00535
A0A9X6PQK0,2,PF00041
A0A9X6PQK0,3,PF00553
A0A9X6PRC3,1,SM00495
A0A9X6PRC3,3,PF00041
A0A9X6PRC3,4,PF02839
A0A9X6Q8C7,2,PF00041
A0A9X6Q8C7,3,PF00553
A0A9X6QTA0,2,PF00041
A0A9X6QTA0,3,PF00553
A0A9X6QU93,2,PF00041
A0A9X6QU93,3,PF00553
A0A9X6QYP0,2,PF00041
A0A9X6QYP0,3,PF00553
A0A9X6SFW5,2,PF00041
A0A9X6SFW5,3,PF00553
A0A9X6SYD6,2,PF00041
A0A9X6SYD6,3,PF00553
A0A9X6T1T8,1,PF01476
A0A9X6T1T8,2,PF01476
A0A9X6TMN7,2,PF00041
A0A9X6TMN7,3,PF00553
A0A9X6TNR9,1,PF01476
A0A9X6TNR9,2,PF01476
A0A9X6TUJ6,2,PF00041
A0A9X6TUJ6,3,PF00553
A0A9X6TXX0,3,PF00535
A0A9X6U6E7,3,PF00535
A0A9X6UFW5,2,PF00041
A0A9X6UFW5,3,PF00553
A0A9X6UM26,3,PF00535
A0A9X6UPQ5,2,PF00041
A0A9X6UPQ5,3,PF00553
A0A9X6VD59,2,PF00041
A0A9X6VD59,3,PF00553
A0A9X6VJA6,2,PF00041
A0A9X6VJA6,3,PF00553
A0A9X6VVZ1,3,PF00535
A0A9X6XW57,3,PF00535
A0A9X6Y9K0,3,PF00535
A0A9X6YIT3,1,SM00495
A0A9X6YIT3,3,PF00041
A0A9X6YIT3,4,PF02839
A0A9X6Z8L4,1,PF01476
A0A9X6Z8L4,2,PF01476
A0A9X6ZUH0,3,PF00535
A0A9X6ZVE7,2,PF00041
A0A9X6ZVE7,3,PF00553
A0A9X6ZXV3,2,PF00041
A0A9X6ZXV3,3,PF00553
A0A9X7A1Z2,1,PF01476
A0A9X7A1Z2,2,PF01476
A0A9X7A5K4,1,PF01476
A0A9X7A5K4,2,PF01476
A0A9X7AJ36,2,PF00041
A0A9X7AJ36,3,PF00553
A0A9X7AJG4,1,PF01476
A0A9X7AJG4,2,PF01476
A0A9X7B6I8,2,PF00041
A0A9X7B6I8,3,PF00553
A0A9X7BJW4,2,PF00041
A0A9X7BJW4,3,PF00553
A0A9X7BK03,3,PF00535
A0A9X7BTZ0,1,PF01476
A0A9X7BTZ0,2,PF01476
A0A9X7BZ90,2,PF00041
A0A9X7BZ90,3,PF00553
A0A9X7C478,3,PF00535
A0A9X7CAA8,3,PF00535
A0A9X7CL05,1,PF01476
A0A9X7CL05,2,PF01476
A0A9X7CP78,1,PF01476
A0A9X7CP78,2,PF01476
A0A9X7CQZ8,3,PF00535
A0A9X7DK34,2,PF02839
A0A9X7DK34,3,PF02839
A0A9X7DLD4,1,PF01476
A0A9X7DLD4,2,PF01476
A0A9X7E0R5,2,PF00041
A0A9X7E0R5,3,PF00553
A0A9X7FZ49,2,PF00041
A0A9X7FZ49,3,PF00553
A0A9X7FZT7,1,PF01476
A0A9X7FZT7,2,PF01476
A0A9X7G7I0,3,PF00535
A0A9X7GDN3,1,SM00495
A0A9X7GDN3,3,PF00041
A0A9X7GDN3,4,PF02839
A0A9X7GNN5,1,PF01476
A0A9X7GNN5,2,PF01476
A0A9X7HE89,1,PF01476
A0A9X7HE89,2,PF01476
A0A9X7HJR8,1,SM00495
A0A9X7HJR8,3,PF00041
A0A9X7HJR8,4,PF02839
A0A9X7JC57,3,PF00535
A0A9X7JX51,1,PF01476
A0A9X7JX51,2,PF01476
A0A9X7L0R9,1,PF08329
A0A9X7L0R9,3,PF22352
A0A9X7L0R9,5,PF02839
A0A9X7L0R9,6,PF02839
A0A9X7LWZ4,3,PF00535
A0A9X7PEQ3,1,PF02018
A0A9X7PEQ3,2,PF00041
A0A9X7PFX1,1,PS51318
A0A9X7PFX1,2,PF00553
A0A9X7PFX1,3,PF00041
A0A9X7PUA1,2,G3DSA:2.60.40.10
A0A9X7PUA1,3,SM00495
A0A9X7T0S1,1,PF00395
A0A9X7T0S1,2,PF00395
A0A9X7T0S1,3,PF00395
A0A9X7T7F9,1,PF01476
A0A9X7T7F9,2,PF01476
A0A9X7VVU9,1,PS51257
A0A9X7VWP7,1,PF01476
A0A9X7VWP7,2,PF01476
A0A9X7W151,1,PF01476
A0A9X7W151,2,PF01476
A0A9X7XSI8,1,PF07833
A0A9X7Z7G1,1,PF01476
A0A9X7Z7G1,2,PF01476
A0A9X7Z7T0,1,PF01476
A0A9X7Z7T0,2,PF01476
A0A9X7Z7T0,3,PF01476
A0A9X8BMR0,1,PF00041
A0A9X8BVS4,2,PF00041
A0A9X8BVS4,3,PF00553
A0A9X8C3X4,3,PF00535
A0A9X8G740,1,SM00495
A0A9X8G740,3,PF00041
A0A9X8G740,4,PF02839
A0A9X8GBA0,1,PF01476
A0A9X8GBA0,2,PF01476
A0A9X8IWW8,2,PF00041
A0A9X8IWW8,3,PF00553
A0A9X8LWY7,1,PF01476
A0A9X8LWY7,2,PF01476
A0A9X8LXC4,3,PF00535
A0A9X8M2I1,2,PF00041
A0A9X8M2I1,3,PF00553
A0A9X8N069,1,PS51318
A0A9X8N069,3,PF02839
A0A9X8NTB9,3,PF00535
A0A9X8NTT0,1,PF01476
A0A9X8NTT0,2,PF01476
A0A9X8R8U8,1,PF01476
A0A9X8R8U8,2,PF01476
A0A9X8RCI1,1,PF01476
A0A9X8RCI1,2,PF01476
A0A9X8S7F5,2,PF00041
A0A9X8S7F5,3,PF00553
A0A9X8VDY5,1,PF08329
A0A9X8VKS7,2,SM00495
A0A9X8WLV7,1,PF01476
A0A9X8WLV7,2,PF01476
A0A9X8WM36,1,PF01476
A0A9X8WM36,2,PF01476
A0A9X8WM36,3,PF01476
A0A9X8X9U4,3,PF00535
A0A9X8Y7B2,1,PS51257
A0A9X8ZIR9,1,PF01476
A0A9X8ZIR9,2,PF01476
A0A9X8ZKB7,1,PF01476
A0A9X8ZKB7,2,PF01476
A0A9X8ZUQ3,2,PF00041
A0A9X8ZUQ3,3,PF00553
A0A9X9AY83,2,G3DSA:2.60.40.10
A0A9X9AY83,3,SM00495
A0A9X9C098,2,SM00495
A0A9X9C1N0,1,PF08329
A0A9X9C963,3,PF00535
A0A9X9CB99,1,SM00495
A0A9X9CB99,3,PF00041
A0A9X9CB99,4,PF02839
A0A9X9CC86,1,PF01476
A0A9X9CC86,2,PF01476
A0A9X9CHN8,2,PF00041
A0A9X9CHN8,3,PF00553
A0A9X9EGC8,3,PF00535
A0A9X9EQL7,1,PF01476
A0A9X9EQL7,2,PF01476
A0A9X9G129,2,PF00041
A0A9X9G129,3,PF02839
A0A9Y2AGK5,1,PS51257
A0A9Y2IFR2,1,PS51257
A0A9Y2IFR2,2,PF02018
A0A9Y2IRP7,1,PS51257
A0A9Y2JLS5,1,PF00553
A0A9Y2JLS5,2,PF00041
A0A9Y2JQE7,2,PF02839
A0A9Y2JTW0,1,PF02018
A0A9Y2JYL8,1,PS51318
A0A9Y2MU47,2,PF02839
A0A9Y2MU47,3,PF02839
A0A9Y2MU79,1,PF02018
A0A9Y2MU79,2,PF00041
A0A9Y2NDU0,1,PS51318
A0A9Y2NFV4,1,PF00553
A0A9Y2NGI1,1,PF00553
A0A9Y2NNW9,1,PF02018
A0A9Y2NNW9,2,PF00041
A0A9Y2Y8X7,2,G3DSA:2.60.40.10
A0AA34TM40,2,G3DSA:2.60.40.10
A0AA34TM40,3,PF02839
A0AA34XPZ2,1,PS51257
A0AA34XPZ2,2,PF02839
A0AA34XPZ2,3,PF17957
A0AA34XPZ2,4,PF17957
A0AA34XR55,1,PF08329
A0AA34XR55,3,PF22352
A0AA34XR55,5,PF02839
A0AA35UAT6,1,PS51257
A0AA36L152,1,SM00495
A0AA36L152,2,SM00495
A0AA36L152,3,SM00495
A0AA36L152,4,SM00495
A0AA36L152,5,SM00495
A0AA36L152,6,PF02839
A0AA36L152,7,SM00495
A0AA36UME8,1,PF08329
A0AA36UME8,3,PF22352
A0AA36UME8,5,PF02839
A0AA36UNZ3,1,PF02839
A0AA36UNZ3,2,PF17957
A0AA36UNZ3,3,PF17957
A0AA36UNZ3,4,SM00495
A0AA36UNZ3,5,PF17957
A0AA36UNZ3,6,PF17957
A0AA36UPU9,1,PS51257
A0AA36UPU9,2,PF02839
A0AA36UPU9,3,PF17957
A0AA36UPU9,4,PF17957
A0AA37A8L0,1,PF00395
A0AA37A8L0,2,PF00395
A0AA37AB09,2,PF00395
A0AA37AB09,3,PF00395
A0AA37AB09,4,PF00395
A0AA37APW7,1,PF08329
A0AA37APW7,3,PF22352
A0AA37APW7,5,PF02839
A0AA37APW7,6,PF02839
A0AA37BCL5,1,PF00553
A0AA37BI88,1,PF00553
A0AA37BI88,2,PF00041
A0AA37BID8,1,PF02839
A0AA37BID8,2,PF00041
A0AA37BIF9,1,PF02018
A0AA37BJ92,1,PF02018
A0AA37BKB8,2,PF00041
A0AA37BUZ6,1,PS51318
A0AA37BYY1,1,PF00553
A0AA37BYY1,2,PF00041
A0AA37DG91,1,PF08239
A0AA37EJN6,1,PF01476
A0AA37EJN6,2,PF01476
A0AA37FTH1,1,PF08329
A0AA37FTH1,3,PF22352
A0AA37FTH1,4,G3DSA:2.60.40.10
A0AA37FTH1,5,PF02839
A0AA37FTH1,6,PF02839
A0AA37FUW3,1,SM00495
A0AA37FUW3,2,PF17957
A0AA37FUW3,3,PF17957
A0AA37FUW3,5,SM00495
A0AA37KS31,1,PS51257
A0AA37U4W0,1,PF01476
A0AA37V138,1,PS51257
A0AA37V138,2,PF00041
A0AA40IS49,1,PF01476
A0AA40IS49,2,PF01476
A0AA40R899,1,PF02839
A0AA40SE45,1,PS51318
A0AA40SE45,2,PF02018
A0AA40SE45,3,PF00041
A0AA40SJ64,1,PS51318
A0AA40SKT2,1,PF02018
A0AA40SKT2,2,PF00041
A0AA40TVC6,2,PF00041
A0AA40TVC6,3,PF02839
A0AA40VGQ8,1,PF00553
A0AA40WYR1,1,SM00495
A0AA40WYR1,2,SM00495
A0AA40WYR1,4,PF22352
A0AA40WYR1,5,SM00495
A0AA40X3Z3,2,PF00041
A0AA40X3Z3,3,PF02839
A0AA40X5N3,2,PF00041
A0AA40Y5W5,1,SM00495
A0AA40Y5W5,2,PF17957
A0AA40Y5W5,3,PF00041
A0AA40YJG3,1,PF00553
A0AA40YJG3,2,PF00041
A0AA40YPM4,1,PF02018
A0AA40YPM4,2,PF00041
A0AA41AM91,1,PF00553
A0AA41APL6,1,PS51318
A0AA41AQC9,1,PF02018
A0AA41AQC9,2,PF00041
A0AA41ARQ0,1,PF00553
A0AA41ARQ0,2,PF00041
A0AA41AT85,3,PF02839
A0AA41AYG7,1,PS51318
A0AA41AYG7,2,PF02018
A0AA41AYG7,3,PF00041
A0AA41AYT2,1,PS51318
A0AA41AYT2,3,PF02839
A0AA41CEI3,1,SM00495
A0AA41CEI3,2,PF17957
A0AA41CEI3,3,PF00041
A0AA41CQL6,1,PF02018
A0AA41CQL6,2,PF00041
A0AA41DRK1,1,PF00553
A0AA41DRK1,2,PF00041
A0AA41FD65,1,PF08239
A0AA41FJX9,1,PF01476
A0AA41HB04,1,PS51257
A0AA41HB04,2,PF02839
A0AA41L511,1,PS51257
A0AA41QJF8,2,PF02839
A0AA41QJF8,3,PF02839
A0AA41U3Q6,1,PF00553
A0AA41U3Q6,2,PF00041
A0AA41U9Z1,2,PF02839
A0AA41U9Z1,3,PF02839
A0AA41XA38,1,PF01476
A0AA41XA38,2,PF01476
A0AA41XBR1,2,PF02839
A0AA41XBR1,3,PF02839
A0AA42DJJ3,1,PS51257
A0AA42DJJ3,2,PF00395
A0AA42DJP9,9,PF02839
A0AA42DJP9,11,PF02839
A0AA42I0D4,1,SM00495
A0AA42I0D4,2,PF17957
A0AA42I0D4,3,PF00041
A0AA42J0B2,1,PS51257
A0AA42J1N3,1,PF07833
A0AA42J2Y3,7,PF02839
A0AA42J2Y3,9,PF02839
A0AA42NZH0,1,SM00495
A0AA42NZH0,2,PF17957
A0AA42NZH0,3,PF00041
A0AA42PHX5,1,SM00495
A0AA42PHX5,2,PF17957
A0AA42PHX5,3,PF00041
A0AA42PUE2,2,PF00041
A0AA42PUE2,3,PF02839
A0AA42QGG7,1,SM00495
A0AA42QGG7,2,PF17957
A0AA42QGG7,3,PF00041
A0AA42TNB3,1,PF08329
A0AA42TNB3,3,PF22352
A0AA42TNB3,5,PF02839
A0AA42TNB3,6,PF02839
A0AA42TSM4,2,SM00495
A0AA42TSM4,3,PF00041
A0AA42V9D1,1,SM00495
A0AA42V9D1,2,PF17957
A0AA42V9D1,3,PF17957
A0AA42V9D1,5,SM00495
A0AA42VEK3,1,PF08329
A0AA42VEK3,3,PF22352
A0AA42VEK3,4,G3DSA:2.60.40.10
A0AA42VEK3,5,PF02839
A0AA42VEK3,6,PF02839
A0AA42VRF0,1,SM00495
A0AA42VRF0,2,PF17957
A0AA42VRF0,3,PF00041
A0AA42X8D4,1,SM00495
A0AA42X8D4,2,PF17957
A0AA42X8D4,3,PF00041
A0AA43D8Z8,1,PS51257
A0AA43FVP2,2,PF02839
A0AA43FVP2,4,SM00495
A0AA43FXU8,1,PS51257
A0AA43FXU8,2,PF02839
A0AA43FXU8,3,PF17957
A0AA43FXU8,4,PF17957
A0AA43G095,1,PF08329
A0AA43G095,3,PF22352
A0AA43G095,5,PF02839
A0AA43HNY8,1,SM00495
A0AA43HNY8,2,PF17957
A0AA43HNY8,3,PF00041
A0AA43HY49,1,PS51257
A0AA43ID79,1,PF07833
A0AA43IKZ1,1,PS51257
A0AA43IX60,2,PF00041
A0AA43IX60,3,PF02839
A0AA43KSF7,1,PS51257
A0AA43L346,1,PF00395
A0AA43L346,2,PF00395
A0AA43L346,3,PF00395
A0AA43L881,1,PF07833
A0AA43L9P1,2,PF02839
A0AA43L9P1,3,PF02839
A0AA43LWN5,1,PF00395
A0AA43LWN5,2,PF00395
A0AA43LWN5,3,PF00395
A0AA43M1P1,1,PF07833
A0AA43M370,2,PF02839
A0AA43M370,3,PF02839
A0AA43PCU3,2,G3DSA:2.60.40.10
A0AA43PCU3,3,PF02839
A0AA43RNB7,3,PF02839
A0AA43RNB7,4,PF02839
A0AA43S1E4,1,PF07833
A0AA43Y577,2,G3DSA:2.60.40.10
A0AA43Y577,3,PF02839
A0AA43Y6R5,2,G3DSA:2.60.40.10
A0AA43Y6R5,3,G3DSA:2.60.40.10
A0AA43Y6R5,4,PF08329
A0AA44BP09,1,PF01476
A0AA44BP09,2,PF01476
A0AA44BP09,3,PF08239
A0AA44GAB9,1,PF08329
A0AA44GAB9,3,PF22352
A0AA44GAB9,4,G3DSA:2.60.40.10
A0AA44GAB9,5,SM00495
A0AA44GAB9,6,SM00495
A0AA44GBB8,3,PF17957
A0AA44IHE8,4,PF02839
A0AA44Q9U0,3,PF00535
A0AA44QAV1,1,PF01476
A0AA44QAV1,2,PF01476
A0AA44QLD9,1,PS51318
A0AA44R5G6,1,PF01476
A0AA44R5G6,2,PF01476
A0AA44U4L1,1,PS51318
A0AA44VRF6,2,PF02839
A0AA44VRF6,4,SM00495
A0AA44VSQ9,1,PF08329
A0AA44VSQ9,3,G3DSA:2.60.40.10
A0AA44VV67,1,PS51257
A0AA44VV67,2,PF02839
A0AA44VV67,3,PF17957
A0AA44VV67,4,PF17957
A0AA44YGJ6,1,PF08329
A0AA44YHZ8,2,PF00041
A0AA44YHZ8,3,PF02839
A0AA45AAX5,1,PF08329
A0AA45AAX5,3,PF22352
A0AA45AAX5,5,PF02839
A0AA45BLA1,2,SM00495
A0AA45BTY7,1,PS51257
A0AA45BYZ6,2,G3DSA:2.60.40.10
A0AA45KG96,2,PF00041
A0AA45KG96,3,PF02839
A0AA45L479,1,PF00553
A0AA45L479,2,PF00041
A0AA45L4F2,1,PF00553
A0AA45MDP4,1,PS51257
A0AA45MDP4,2,PF02839
A0AA45MK72,1,PS51257
A0AA45MM31,1,PS51257
A0AA45MM31,2,PF02839
A0AA45R6J8,1,PF02018
A0AA45RRF5,1,PS51257
A0AA45RWS6,1,PS51257
A0AA45RWS6,2,PF02839
A0AA45RWT7,1,PS51257
A0AA45RWT7,2,PF02839
A0AA45TU95,1,PS51257
A0AA45TU95,2,PF00041
A0AA45TXR1,2,G3DSA:2.60.40.10
A0AA45U1Q7,1,PS51257
A0AA45U1Q7,2,PF02839
A0AA45U1Q7,3,PF17957
A0AA45U1Q7,4,PF17957
A0AA45WIG3,1,PF02839
A0AA45WIG3,2,PF00041
A0AA45WIR4,1,PF01476
A0AA45WIR4,2,PF01476
A0AA45WT70,1,PF07833
A0AA45WTY8,1,PF07833
A0AA45XTV8,1,SM00495
A0AA45XTV8,2,PF17957
A0AA45XTV8,3,PF00041
A0AA45Z1Q8,1,PF02839
A0AA45Z1Q8,2,PF00041
A0AA45Z1Q8,3,PF00041
A0AA45Z6F4,1,PS51257
A0AA46AH18,1,PF02839
A0AA46AH18,2,PF00041
A0AA46K2A5,2,SM00495
A0AA46K717,2,PF00041
A0AA46K717,3,PF02839
A0AA46K8T6,1,PF08329
A0AA46L798,1,PS51257
A0AA46L798,2,PF02839
A0AA46L798,3,PF17957
A0AA46L798,4,PF17957
A0AA46NZP5,1,PF01476
A0AA46NZP5,2,PF01476
A0AA46P9P4,1,PF01476
A0AA46P9P4,2,PF01476
A0AA46PI41,3,PF00535
A0AA46QWR8,1,SM00495
A0AA46QWR8,2,PF17957
A0AA46QWR8,3,PF17957
A0AA46QWR8,4,SM00495
A0AA46QWR8,5,PF17957
A0AA46QWR8,6,PF17957
A0AA46SFJ6,1,PF07833
A0AA46SSX2,1,PS51257
A0AA46SYP2,1,G3DSA:2.60.40.10
A0AA46TH42,1,PS51318
A0AA46TUJ2,2,G3DSA:2.60.40.10
A0AA46TUJ2,3,PF02839
A0AA46UHT3,1,SM00495
A0AA46UHT3,2,PF17957
A0AA46UHT3,3,PF17957
A0AA46UHT3,4,SM00495
A0AA46UHT3,5,PF17957
A0AA46UHT3,6,PF17957
A0AA46UP44,1,PF08329
A0AA46UP44,3,PF22352
A0AA46UP44,5,PF02839
A0AA46UZP6,1,PF00553
A0AA46UZP6,2,PF00041
A0AA46V1I6,1,PF00553
A0AA46V1I6,2,PF00041
A0AA46Z1S4,1,PS51257
A0AA46ZEA5,1,PS51318
A0AA46ZNR2,2,PF00041
A0AA46ZNR2,3,PF00041
A0AA46ZNR2,4,PF02839
A0AA47EFV7,1,PF01476
A0AA47EFV7,2,PF01476
A0AA47EWJ6,1,PS51257
A0AA47JK56,1,PF08329
A0AA47JK56,3,PF22352
A0AA47JK56,5,PF02839
A0AA47KK34,1,PF08329
A0AA47KK34,3,PF22352
A0AA47KK34,4,G3DSA:2.60.40.10
A0AA47KK34,5,PF02839
A0AA47KK34,6,PF02839
A0AA47L5Y1,1,SM00495
A0AA47L5Y1,2,PF17957
A0AA47L5Y1,3,PF17957
A0AA47L5Y1,4,SM00495
A0AA47L5Y1,5,PF17957
A0AA47L5Y1,6,PF17957
A0AA47L974,1,PS51257
A0AA47L974,2,PF02839
A0AA47L974,3,PF17957
A0AA47L974,4,PF17957
A0AA47LR65,1,SM00495
A0AA47LR65,2,G3DSA:2.60.40.10
A0AA48I1V1,1,PF01476
A0AA48I1V1,3,PF00395
A0AA48I1V1,4,PF00395
A0AA48KT54,1,PF17957
A0AA48KT54,2,PF17957
A0AA48KT54,3,PF17957
A0AA48KV61,1,PF08329
A0AA48KV61,3,PF22352
A0AA48KV61,4,PF22352
A0AA48KV61,5,PF02839
A0AA48KV61,6,PF02839
A0AA48MBW7,1,PF07833
A0AA48MBW7,2,PF08239
A0AA48REA5,1,PF01476
A0AA48REA5,2,PF01476
A0AA48RHU4,1,PF00395
A0AA48RHU4,2,PF00395
A0AA48RHU4,3,PF00395
A0AA49JJV0,1,PS51257
A0AA49JN48,2,PF00395
A0AA49JN48,3,PF00395
A0AA49JN48,4,PF00395
A0AA50KFY5,1,PF08329
A0AA50KFY5,3,PF22352
A0AA50KFY5,5,PF02839
A0AA50KFY5,6,PF02839
A0AA51CBA4,1,PF01476
A0AA51CBA4,2,PF01476
A0AA51D7J0,1,PF01476
A0AA51D7J0,2,PF01476
A0AA51D954,1,PF01476
A0AA51D954,2,PF01476
A0AA51D993,1,PF00041
A0AA51DDB3,2,PF07833
A0AA51DGH5,1,PF01476
A0AA51DGH5,2,PF01476
A0AA51DQA5,1,PF01476
A0AA51DQA5,2,PF01476
A0AA51DTC4,1,PF01476
A0AA51DTC4,2,PF01476
A0AA51DU26,1,PF01476
A0AA51DU26,2,PF01476
A0AA51DW55,1,PF00041
A0AA51DW89,1,PF01476
A0AA51DW89,2,PF01476
A0AA51DWJ3,1,PF01476
A0AA51DWJ3,2,PF01476
A0AA51DXH4,1,PF01476
A0AA51DXH4,2,PF01476
A0AA51HF01,1,PF00041
A0AA51HFL5,1,PF07833
A0AA51HGN3,1,PF01476
A0AA51HGN3,2,PF01476
A0AA51HGT7,1,PF01476
A0AA51HGT7,2,PF01476
A0AA51HIG1,2,G3DSA:2.60.40.10
A0AA51HIG1,3,G3DSA:2.60.40.10
A0AA51HIG1,4,PF08329
A0AA51HKF6,1,PF01476
A0AA51HKF6,2,PF01476
A0AA51HLQ2,1,PF01476
A0AA51HLQ2,2,PF01476
A0AA51HMQ9,1,PF01476
A0AA51HMQ9,2,PF01476
A0AA51HN68,1,PF01476
A0AA51HN68,2,PF01476
A0AA51L4C8,1,PF01476
A0AA51L4C8,2,PF01476
A0AA51MB36,1,PF00553
A0AA51MCE9,2,PF02839
A0AA51MDJ1,1,PF02018
A0AA51MDJ1,2,PF00041
A0AA51ME49,1,PS51318
A0AA51ME49,2,PF02018
A0AA51ME49,3,PF00041
A0AA51MEL4,1,PF00553
A0AA51MEL4,2,PF00041
A0AA51Q726,3,PF00535
A0AA51Q8F9,1,PF07833
A0AA51QA19,1,PS51257
A0AA51R704,1,PF07833
A0AA51RQT7,1,PF02839
A0AA51RQT7,3,SM00495
A0AA51RQU8,1,SM00495
A0AA51RQU8,3,SM00495
A0AA52AMC8,1,PF00553
A0AA52AMC8,2,PF00041
A0AA52AVM9,1,PF00553
A0AA52FCD0,1,PS51318
A0AA52FCD0,2,PF02018
A0AA52FCD0,3,PF00041
A0AA52FDQ0,1,PS51318
A0AA52FDQ0,2,PF02018
A0AA52FDQ0,3,PF00041
A0AA52FI04,1,PS51318
A0AA52FI04,2,PF02018
A0AA52FI04,3,PF00041
A0AA86BAJ8,2,G3DSA:2.60.40.10
A0AA86BF41,2,G3DSA:2.60.40.10
A0AA86BUG3,2,G3DSA:2.60.40.10
A0AA86BX86,2,G3DSA:2.60.40.10
A0AA86E7U0,2,G3DSA:2.60.40.10
A0AA86EUB8,2,G3DSA:2.60.40.10
A0AA86I386,1,PF01476
A0AA86I386,2,PF01476
A0AA86IB23,1,PF01476
A0AA86IB23,2,PF01476
A0AA86ILI0,1,PF01476
A0AA86ILI0,2,PF01476
A0AA86IUN3,1,SM00495
A0AA86IUN3,2,SM00495
A0AA86IUN3,3,SM00495
A0AA86IUN3,4,SM00495
A0AA86J3Y4,1,PS51257
A0AA86J3Y4,2,SM00495
A0AA86YLL7,1,PF08329
A0AA87BZB5,4,SM00495
A0AA87C0E4,1,PF08329
A0AA87C0E4,3,PF22352
A0AA87C0E4,5,PF02839
A0AA87C186,1,PS51257
A0AA87C186,2,PF02839
A0AA87C186,3,PF17957
A0AA87C186,4,PF17957
A0AA88CEC0,1,PS51257
A0AA88CEC0,2,PF02839
A0AA88ZLJ6,1,PF01476
A0AA88ZLJ6,2,PF01476
A0AA89QAM7,1,PS51318
A0AA89QAM7,2,PF02018
A0AA89QAM7,3,PF00041
A0AA89TIH1,1,PF00553
A0AA89TIH1,2,PF00041
A0AA89WPZ5,1,SM00495
A0AA89WPZ5,2,PF17957
A0AA89WPZ5,3,PF00041
A0AA90ETA1,2,PF00041
A0AA90ETA1,3,PF02839
A0AA90F366,1,PF01476
A0AA90F366,2,PF01476
A0AA90GXN5,1,PF02018
A0AA90GYF5,1,PS51318
A0AA90GZ84,1,PS51318
A0AA90GZ84,2,PF00553
A0AA90H452,1,PS51318
A0AA90H4Q0,2,PF02839
A0AA90H8Z1,2,PF02018
A0AA90HG68,2,G3DSA:2.60.40.10
A0AA90HG68,3,PF02018
A0AA90IZM6,1,PF01476
A0AA90IZM6,2,PF01476
A0AA90K9S6,2,PF02839
A0AA90KGN3,1,PF02018
A0AA90NQD7,1,PF02839
A0AA90NQD7,2,PF02839
A0AA90NQD7,3,SM00495
A0AA90NS18,2,SM00495
A0AA90NS18,3,SM00495
A0AA90NS18,4,SM00495
A0AA90NWR0,1,PF01476
A0AA90NWR0,2,PF01476
A0AA90P7N0,1,PF01476
A0AA90P7N0,2,PF01476
A0AA90P7N0,3,PF01476
A0AA90P891,1,PF01476
A0AA90P891,2,PF01476
A0AA90PC79,1,PF01476
A0AA90PC79,2,PF01476
A0AA90PC79,3,PF01476
A0AA90PW04,1,PS51257
A0AA90PW04,2,PF02839
A0AA90PXH7,1,PS51257
A0AA90PXH7,2,PF02839
A0AA90Q3C0,1,PS51257
A0AA90Q476,1,PS51257
A0AA90Q476,2,SM00495
A0AA90Q476,3,PF02839
A0AA90QAY1,1,PS51257
A0AA90QAY1,2,PF02839
A0AA90QBJ7,1,PS51257
A0AA90QBJ7,2,PF02839
A0AA90QCA2,1,PS51257
A0AA90QCA2,2,SM00495
A0AA90QCA2,3,PF02839
A0AA90QSU5,1,PF01476
A0AA90QSU5,2,PF01476
A0AA90QU34,1,PF07833
A0AA90R2P8,1,PS51257
A0AA90SX85,1,PF01476
A0AA90SX85,2,PF01476
A0AA90SZC6,1,PS51257
A0AA90SZC6,2,PF02839
A0AA90SZL4,1,PF01476
A0AA90SZL4,2,PF01476
A0AA90T638,1,PS51257
A0AA90T638,2,PF02839
A0AA90T730,1,PF01476
A0AA90T730,2,PF01476
A0AA90T8Z9,1,PF01476
A0AA90T8Z9,2,PF01476
A0AA90TBK0,1,PS51257
A0AA90TST7,1,PS51257
A0AA90TST7,2,SM00495
A0AA90TST7,3,PF02839
A0AA91GF98,3,PF00041
A0AA91GF98,4,PF02839
A0AA91PTR3,1,SM00495
A0AA91PTR3,5,PF02839
A0AA91QQY3,1,SM00495
A0AA91QQY3,2,G3DSA:2.60.40.10
A0AA91QR08,1,PF08329
A0AA91QR08,3,PF22352
A0AA91QR08,5,PF02839
A0AA91QR08,6,PF02839
A0AA91SYB4,1,PS51257
A0AA91SYB4,3,PF00041
A0AA91SYB4,4,PF02839
A0AA91TMG3,1,PF01476
A0AA91TMG3,2,PF01476
A0AA91TVN2,1,PF07833
A0AA91VBC2,1,PF01476
A0AA91VBC2,2,PF01476
A0AA91YTW1,2,G3DSA:2.60.40.10
A0AA91YTW1,3,PF02839
A0AA92LUM4,1,PF02839
A0AA92LUM4,2,PF17957
A0AA92LUM4,3,PF17957
A0AA92LUM4,4,SM00495
A0AA92LUM4,5,PF17957
A0AA92LUM4,6,PF17957
A0AA92LW82,1,PS51257
A0AA92LW82,2,PF02839
A0AA92LW82,3,PF17957
A0AA92LW82,4,PF17957
A0AA92NQD1,1,PF00395
A0AA92NQD1,2,PF00395
A0AA92NQD8,1,PF01476
A0AA92NQD8,2,PF01476
A0AA92NSC6,3,PF00041
A0AA92NSC6,4,PF02839
A0AA92NUY0,1,PF07833
A0AA92NUY0,2,PF08239
A0AA92NYS4,1,PF02839
A0AA92NYS4,2,PF00041
A0AA92R8P5,1,PF08329
A0AA92R8P5,3,PF22352
A0AA92R8P5,5,PF02839
A0AA92X2R6,1,PF08329
A0AA92XA84,2,PF00041
A0AA92XA84,3,PF02839
A0AA92YFI2,1,PS51257
A0AA93BWS2,2,SM00495
A0AA94H0N2,2,PF22352
A0AA94H0N2,3,SM00495
A0AA94H6H8,2,PF00041
A0AA94H6H8,3,SM00495
A0AA94WI60,1,PF01476
A0AA94WI60,2,PF01476
A0AA95B514,1,PF17957
A0AA95EXW5,2,PF00041
A0AA95EXW5,4,PF00041
A0AA95EXW5,5,PF00395
A0AA95EXW5,6,PF00395
A0AA95EXW5,7,PF00395
A0AA95FU32,1,PS51318
A0AA95HZS7,1,PF01476
A0AA95HZS7,2,PF01476
A0AA95I133,2,PF02839
A0AA95I133,3,PF00041
A0AA95I1M2,1,PF01476
A0AA95I1M2,2,PF01476
A0AA95I1M2,3,PF01476
A0AA95I2G7,1,PF01476
A0AA95I2G7,2,PF01476
A0AA95I4L4,1,PF02839
A0AA95I4L4,2,PF00041
A0AA95I682,3,PF00041
A0AA95I682,4,PF02839
A0AA95IA46,1,PF07833
A0AA95IBH6,1,PS51257
A0AA95IEA3,1,PF07833
A0AA95IEA3,2,PF08239
A0AA95JBH9,1,PF00395
A0AA95JBH9,2,PF00395
A0AA95JBH9,3,PF00395
A0AA95JGB7,1,PF07833
A0AA95JKM4,3,PF00535
A0AA95L1C5,1,PS51257
A0AA95L1C5,2,PF00395
A0AA95L1C5,3,PF00395
A0AA95L1C5,4,PF00395
A0AA95L2V7,1,PF07833
A0AA95L2V7,2,PF08239
A0AA95L3C7,1,PF01476
A0AA95L3C7,2,PF01476
A0AA95LDL9,1,PF00395
A0AA95LDL9,2,PF00395
A0AA95LDL9,3,PF00395
A0AA95LF14,2,PF02839
A0AA95LF14,3,PF02839
A0AA95LFW7,3,PF02839
A0AA95LGE6,1,PF07833
A0AA95LKU1,1,PF07833
A0AA95LYZ2,1,PF01476
A0AA95LYZ2,2,PF01476
A0AA95M171,1,PS51257
A0AA95M171,2,PF00041
A0AA95MEH6,1,PS51257
A0AA95MKK2,1,PF07833
A0AA95MMD9,1,PF01476
A0AA95MMD9,2,PF01476
A0AA95MSJ9,1,PF01476
A0AA95MSJ9,2,PF01476
A0AA95MZ40,1,PF07833
A0AA95N2B5,1,PF01476
A0AA95N2B5,2,PF01476
A0AA95N5Y7,1,PF01476
A0AA95N5Y7,2,PF01476
A0AA95RKR0,1,PF01476
A0AA95RKR0,2,PF01476
A0AA95RVS3,3,PF00535
A0AA95RYS0,2,PF00041
A0AA95RYS0,3,PF00553
A0AA95S2G5,1,PF01476
A0AA95S2G5,2,PF01476
A0AA95S2V0,1,PF01476
A0AA95S2V0,2,PF01476
A0AA95S621,1,PF01476
A0AA95S621,2,PF01476
A0AA95S6Y1,1,PF01476
A0AA95S6Y1,2,PF01476
A0AA95S879,1,PF01476
A0AA95S879,2,PF01476
A0AA95S879,3,PF01476
A0AA95SFK3,1,PF07833
A0AA95SFQ8,1,PF01476
A0AA95SFQ8,2,PF01476
A0AA95SFQ8,3,PF01476
A0AA95SGW0,1,PS51257
A0AA95SH65,1,PF01476
A0AA95SH65,2,PF01476
A0AA96EJB9,1,SM00495
A0AA96EJB9,2,PF17957
A0AA96EJB9,3,PF00041
A0AA96F9L0,1,PF02839
A0AA96F9L0,2,PF02839
A0AA96FIB0,1,PF02018
A0AA96FIB0,2,PF00041
A0AA96FKK5,1,PF00553
A0AA96FKK5,2,PF00041
A0AA96FNY8,1,PS51318
A0AA96FNY8,2,PF02018
A0AA96FNY8,3,PF00041
A0AA96FUM0,1,PF00553
A0AA96G5D2,1,PF00553
A0AA96G5D2,2,PF00041
A0AA96G652,1,PF02018
A0AA96G723,2,PF02018
A0AA96HIR2,2,SM00495
A0AA96HJA7,1,PS51257
A0AA96HJH9,1,SM00495
A0AA96HKL9,1,PF08329
A0AA96HKL9,3,SM00495
A0AA96HLH6,1,SM00495
A0AA96HLH6,2,SM00495
A0AA96HPG6,2,PF17957
A0AA96HPG6,3,PF17957
A0AA96HPG6,4,SM00495
A0AA96HPG6,5,SM00495
A0AA96HPG6,6,SM00495
A0AA96HPS7,1,SM00495
A0AA96HPS7,3,SM00495
A0AA96HPZ2,1,SM00495
A0AA96HQ29,1,PF02839
A0AA96HQN7,2,SM00495
A0AA96HQN7,3,SM00495
A0AA96HUD5,1,PS51257
A0AA96HUP5,1,SM00495
A0AA96HUP5,2,PF08329
A0AA96JAH3,1,PF02839
A0AA96JAH3,2,PF02839
A0AA96JKU6,2,SM00495
A0AA96JLY1,1,PS51318
A0AA96JLY1,2,PF00553
A0AA96JNA0,1,PS51318
A0AA96JNA0,2,PF02018
A0AA96JQG3,1,PS51318
A0AA96JWV2,2,SM00495
A0AA96KD94,2,PF17957
A0AA96KD94,3,PF17957
A0AA96KD94,4,PF02839
A0AA96KD94,5,SM00495
A0AA96KDL3,1,PS51257
A0AA96KDN9,1,SM00495
A0AA96KDN9,2,SM00495
A0AA96KDN9,3,SM00495
A0AA96KEF8,1,SM00495
A0AA96KI10,1,SM00495
A0AA96KIE7,1,SM00495
A0AA96KIE7,2,SM00495
A0AA96KJC3,1,SM00495
A0AA96KJH6,1,SM00495
A0AA96KJH6,2,SM00495
A0AA96KJI8,1,SM00495
A0AA96KJI8,2,PF02839
A0AA96LDN5,1,PF00395
A0AA96LDN5,2,PF00395
A0AA96LHZ5,1,PF07833
A0AA96LHZ5,2,PF08239
A0AA96LKR4,2,PF00395
A0AA96LKR4,3,PF00395
A0AA96LKR4,4,PF00395
A0AA96LPM9,1,PF01476
A0AA96LPM9,2,PF01476
A0AA96MBI4,2,PF02839
A0AA96MBI4,3,PF02839
A0AA96MCB8,1,PF07833
A0AA96MHI4,1,PF07833
A0AA96MVE4,1,PF01476
A0AA96MVE4,2,PF01476
A0AA96MZY1,1,PF01476
A0AA96MZY1,2,PF01476
A0AA96MZY1,3,PF01476
A0AA96N1M8,1,PF07833
A0AA96N6D1,1,PF01476
A0AA96N6D1,2,PF01476
A0AA96PBL3,3,PF00535
A0AA96PBW2,1,PF01476
A0AA96PBW2,2,PF01476
A0AA96Q3C0,1,PF07833
A0AA96Q3C0,2,PF08239
A0AA96QV78,1,PF00553
A0AA96RKB9,2,PF00395
A0AA96RKB9,3,PF00395
A0AA96RKB9,4,PF00395
A0AA96RNH8,2,PF08239
A0AA96RUW4,1,PF08329
A0AA96RUW4,3,PF22352
A0AA96RUW4,5,PF02839
A0AA96RUW4,6,PF02839
A0AA96S5D6,1,PF01476
A0AA96S5D6,2,PF01476
A0AA96S9V4,1,PF01476
A0AA96S9V4,2,PF01476
A0AA96SCW1,1,PF01476
A0AA96SCW1,2,PF01476
A0AA96SCW1,3,PF01476
A0AA96SXI2,2,PF00041
A0AA96SXI2,3,PF00553
A0AA96TJK2,2,SM00495
A0AA96TKB7,1,PS51318
A0AA96TKB7,2,PF02018
A0AA96TRU8,1,PF00553
A0AA96UA82,1,PF00553
A0AA96UA82,2,PF00041
A0AA96UAU9,2,SM00495
A0AA96UBI4,1,PF02018
A0AA96UBI4,2,PF00041
A0AA96UBP8,1,PF02018
A0AA96UBP8,2,PF00041
A0AA96UC01,1,PF00553
A0AA96UC01,2,PF00041
A0AA96UIJ7,1,PF02018
A0AA96UIJ7,2,PF00041
A0AA96UJ10,2,PF02018
A0AA96UJH1,2,SM00495
A0AA96UL10,1,PF02018
A0AA96UZ30,1,PF01476
A0AA96UZ30,2,PF01476
A0AA96X869,3,PF02839
A0AA96X869,4,SM00495
A0AA96XP13,1,PS51257
A0AA96XP13,2,PF02839
A0AA96XP13,3,PF17957
A0AA96ZGT2,1,PF02018
A0AA96ZID9,1,PS51318
A0AA96ZID9,3,PF02018
A0AA96ZUV7,1,PF01476
A0AA96ZUV7,2,PF01476
A0AA97A8T8,1,PF00553
A0AA97A8T8,2,PF00041
A0AA97A9S6,1,PF02018
A0AA97A9S6,2,PF00041
A0AA97D2W2,4,PF02839
A0AA97DVJ1,1,PF01476
A0AA97DVJ1,2,PF01476
A0AA97GZC8,1,SM00495
A0AA97GZC8,2,PF17957
A0AA97H1P6,1,PF08329
A0AA97H1P6,4,G3DSA:2.60.40.10
A0AA97H1P6,5,PF02839
A0AA97H1P6,6,PF02839
A0AA97HQJ6,1,PS51257
A0AAC8NAK5,1,PF01476
A0AAC8NAK5,2,PF01476
A0AAC8Q5D4,1,PS51257
A0AAC8SFQ1,2,PF00041
A0AAC8SFQ1,3,PF00553
A0AAC9B803,2,PF02839
A0AAC9B9U7,1,PF08329
A0AAC9B9U7,3,PF22352
A0AAC9B9U7,4,G3DSA:2.60.40.10
A0AAC9B9U7,5,PF02839
A0AAC9B9U7,6,PF02839
A0AAC9BA11,1,PF08329
A0AAC9BA11,3,PF22352
A0AAC9BA11,4,G3DSA:2.60.40.10
A0AAC9BA11,5,PF02839
A0AAC9BA11,6,PF02839
A0AAC9BA23,1,SM00495
A0AAC9BA23,2,PF17957
A0AAC9BA23,3,PF17957
A0AAC9BA23,5,SM00495
A0AAC9D1Z3,4,G3DSA:2.60.40.10
A0AAC9D1Z3,5,G3DSA:2.60.40.10
A0AAC9EVS2,2,G3DSA:2.60.40.10
A0AAC9EVS2,3,SM00495
A0AAC9HUI6,2,PF02839
A0AAC9I838,3,PF00535
A0AAC9IFH0,1,PF01476
A0AAC9IFH0,2,PF01476
A0AAC9L954,1,PF02839
A0AAC9NIY1,1,PF01476
A0AAC9NIY1,2,PF01476
A0AAC9NNS2,2,PF00041
A0AAC9NNS2,3,PF02839
A0AAC9NNS2,4,PF02839
A0AAC9NNS2,5,PF02839
A0AAC9PUQ6,3,PF02839
A0AAC9R3H5,2,G3DSA:2.60.40.10
A0AAC9R3H5,3,PF02839
A0AAC9RMD5,1,PF01476
A0AAC9RN13,1,PF00395
A0AAC9RN13,2,PF00395
A0AAC9RN13,3,PF00395
A0AAC9V553,1,PF00395
A0AAC9V553,2,PF00395
A0AAC9V553,3,PF00395
A0AAC9V8I0,2,PF00041
A0AAC9V8I0,3,PF02839
A0AAC9V9R5,1,PF07833
A0AAC9VB23,1,PF02839
A0AAC9VC62,2,PF02839
A0AAC9VC62,3,PF02839
A0AAC9WFU8,2,PF07833
A0AAC9Y8P5,1,PF02839
A0AAC9YA09,2,PF02839
A0AAC9YA09,3,PF02839
A0AAC9YAR8,1,G3DSA:2.60.40.10
A0AAC9YAR8,2,PF00041
A0AAC9YAR8,4,G3DSA:2.60.40.10
A0AAC9YAR8,5,PF00395
A0AAC9YAR8,6,PF00395
A0AAC9YAR8,7,PF00395
A0AAC9YB66,1,PF07833
A0AAC9YB66,2,PF08239
A0AAD0DI27,1,PF08329
A0AAD0DI27,3,PF22352
A0AAD0DI27,5,PF02839
A0AAD0DI27,6,PF02839
A0AAD0FKM4,1,SM00495
A0AAD0FKM4,2,PF17957
A0AAD0FKM4,3,PF00041
A0AAD0HJC3,1,PF01476
A0AAD0HJC3,2,PF01476
A0AAD0IC98,2,PF00041
A0AAD0IC98,3,PF02839
A0AAD0JB64,1,SM00495
A0AAD0JB64,2,PF17957
A0AAD0JB64,3,PF00041
A0AAD0JGM2,1,SM00495
A0AAD0JGM2,2,PF17957
A0AAD0JGM2,3,PF00041
A0AAD0KI11,1,PF07833
A0AAD0KKY6,1,PF00395
A0AAD0KKY6,2,PF00395
A0AAD0KKY6,3,PF00395
A0AAD0MQT4,1,PS51257
A0AAD0P4N8,2,PF02839
A0AAD0P4N8,3,PF02839
A0AAD0P5Y8,3,PF02839
A0AAD0P5Y8,4,PF02839
A0AAD0PPG6,1,PF08329
A0AAD0PPG6,3,PF22352
A0AAD0PPG6,5,PF02839
A0AAD0PPG6,6,PF02839
A0AAD0Q1M1,1,PS51318
A0AAD0Q1M1,3,PF02839
A0AAD0Q7G0,1,PF02018
A0AAD0Q7G0,2,PF00041
A0AAD0Q7S9,1,PF00553
A0AAD0Q7S9,2,PF00041
A0AAD0Q967,1,PF02018
A0AAD0Q967,2,PF00041
A0AAD0RH67,1,SM00495
A0AAD0RH67,2,PF17957
A0AAD0RH67,3,PF17957
A0AAD0RH67,4,SM00495
A0AAD0RH67,5,PF17957
A0AAD0RH67,6,PF17957
A0AAD0RK26,1,PF08329
A0AAD0RK26,3,G3DSA:2.60.40.10
A0AAD0RK26,5,PF02839
A0AAD0RK72,1,SM00495
A0AAD0RK72,2,PF17957
A0AAD0RK72,3,PF17957
A0AAD0RK72,5,SM00495
A0AAD0RKQ6,1,PF08329
A0AAD0RKQ6,4,G3DSA:2.60.40.10
A0AAD0RKQ6,5,PF02839
A0AAD0RKQ6,6,PF02839
A0AAD0RM57,1,SM00495
A0AAD0RQC1,1,PF02839
A0AAD0RSG8,1,PS51257
A0AAD0RSG8,2,PF02839
A0AAD0RYC0,2,PF00041
A0AAD0RYC0,3,PF02839
A0AAD0S3D6,1,PF08329
A0AAD0S3D6,3,G3DSA:2.60.40.10
A0AAD0S3D6,4,G3DSA:2.60.40.10
A0AAD0S3D6,5,PF02839
A0AAD0S3D6,6,PF02839
A0AAD0S3F3,1,SM00495
A0AAD0S3F3,2,PF17957
A0AAD0S3F3,3,G3DSA:2.60.40.10
A0AAD0VGK9,1,PF00553
A0AAD0VGK9,2,PF00041
A0AAD0W2D5,1,PF02839
A0AAD0W2D5,2,PF17957
A0AAD0Y2N0,2,G3DSA:2.60.40.10
A0AAD0YNP0,2,PF00041
A0AAD0YPK4,3,PF00535
A0AAD0YQ12,3,G3DSA:2.60.40.10
A0AAD0YX89,3,PF00041
A0AAD0YZN8,3,PF00535
A0AAD0Z1L9,3,PF00041
A0AAD1E6H5,2,G3DSA:2.60.40.10
A0AAD1E6H5,3,PF02839
A0AAD1F2L8,2,PF00041
A0AAD1F2L8,3,PF02839
A0AAD2NYS4,1,SM00495
A0AAD2NYS4,2,SM00495
A0AAD2NYS4,3,SM00495
A0AAD2NYS4,4,SM00495
A0AAD2NYS4,5,SM00495
A0AAD2NYS4,6,PF02839
A0AAD2NYS4,7,SM00495
A0AAD2R9X4,3,PF00041
A0AAD2R9X4,4,PF02839
A0AAD2X8M4,1,PS51257
A0AAD3ASI3,2,PF00041
A0AAD3ASI3,3,PF02839
A0AAD3ASI3,4,PF02839
A0AAD3U849,1,PF08329
A0AAD3U849,3,PF22352
A0AAD3U849,5,PF02839
A0AAD3U849,6,PF02839
A0AAD3UBL6,1,SM00495
A0AAD3UBL6,2,PF17957
A0AAD3UBL6,3,PF17957
A0AAD3UBL6,5,SM00495
A0AAD3VP21,1,PF07833
A0AAD3VP21,2,PF08239
A0AAD3VY22,1,PF07833
A0AAD3W042,1,PF07833
A0AAD3WAQ8,1,PF07833
A0AAD3WAQ8,2,PF08239
A0AAD3WTB7,1,PS51257
A0AAD3WTB7,2,PF02839
A0AAD3WTB7,3,PF17957
A0AAD3WTB7,4,PF17957
A0AAD3WXL4,4,PF02839
A0AAD3WXL4,5,PF02839
A0AAD3YNC0,2,G3DSA:2.60.40.10
A0AAD3YNH3,2,G3DSA:2.60.40.10
A0AAD3YNH3,3,SM00495
A0AAD3ZIB0,1,PF07833
A0AAD3ZL45,1,PF07833
A0AAD3ZTK6,2,PF02839
A0AAD3ZTK6,4,SM00495
A0AAD3ZWB6,1,PF17957
A0AAD3ZWB6,2,PF17957
A0AAD3ZWB6,3,PF17957
A0AAD3ZWB6,5,SM00495
A0AAD4AE32,1,SM00495
A0AAD4AE32,2,PF17957
A0AAD4AE32,3,PF17957
A0AAD4AE32,5,SM00495
A0AAD4AEH0,1,SM00495
A0AAD4AEH0,2,PF17957
A0AAD4AID7,1,PF08329
A0AAD4AID7,3,PF22352
A0AAD4AID7,4,PF22352
A0AAD4AID7,5,SM00495
A0AAD4AID7,6,SM00495
A0AAD4FPH7,1,PF08329
A0AAD4FPH7,3,G3DSA:2.60.40.10
A0AAD4FPH7,4,G3DSA:2.60.40.10
A0AAD4FPH7,5,PF02839
A0AAD4FPS0,1,PF08329
A0AAD4FPS0,3,G3DSA:2.60.40.10
A0AAD4FPS0,4,G3DSA:2.60.40.10
A0AAD4FPS0,5,PF02839
A0AAD4FPS0,6,PF02839
A0AAD4FTY3,1,PF02839
A0AAD4FTY3,2,PF17957
A0AAD4FTY3,3,PF17957
A0AAD4FTY3,4,SM00495
A0AAD4FTY3,5,PF17957
A0AAD4FTY3,6,PF17957
A0AAE2EMI3,1,PF01476
A0AAE2EMI3,2,PF01476
A0AAE2J7E7,1,SM00495
A0AAE2J7E7,2,SM00495
A0AAE2J7E7,3,SM00495
A0AAE2JN04,1,PF08329
A0AAE2JN04,3,PF22352
A0AAE2JN04,5,PF02839
A0AAE2JN04,6,PF02839
A0AAE2NTB9,1,PF01476
A0AAE2NTB9,2,PF01476
A0AAE2NZ51,1,PF01476
A0AAE2NZ51,2,PF01476
A0AAE2SGU4,1,PF01476
A0AAE2SGU4,2,PF01476
A0AAE2SIJ4,1,PF01476
A0AAE2SIJ4,2,PF01476
A0AAE3D7L7,1,PF08239
A0AAE3DKK2,1,PF08239
A0AAE3DN97,1,PF08239
A0AAE3DPZ4,1,PF08239
A0AAE3E1Q9,1,PF08239
A0AAE3EM14,1,PS51257
A0AAE3FH21,1,PF01476
A0AAE3FH21,2,PF01476
A0AAE3GLA8,1,PF00553
A0AAE3I684,1,PS51257
A0AAE3IWW6,2,PF00395
A0AAE3IWW6,3,PF00395
A0AAE3IWW6,4,PF00395
A0AAE3JRW3,1,PF08239
A0AAE3LP28,1,PF01476
A0AAE3LP28,2,PF01476
A0AAE3VW87,1,PS51318
A0AAE3VW87,2,SM00495
A0AAE3VYE9,1,PS51318
A0AAE3VYE9,2,PF00553
A0AAE3W0I7,1,PF00553
A0AAE3WNK7,1,PF01476
A0AAE3WNK7,2,PF01476
A0AAE3XAI8,1,PS51257
A0AAE3XAI8,2,PF00553
A0AAE3XAI8,3,PF17957
A0AAE3XIF0,1,PS51257
A0AAE3Y6D8,3,PF00535
A0AAE3YB14,3,PF00041
A0AAE3YKQ6,1,PF00553
A0AAE3YQW1,1,PF02839
A0AAE3YU59,1,PF00553
A0AAE3ZKR8,1,PS51318
A0AAE3ZKR8,2,SM00495
A0AAE3ZMP9,1,PF00553
A0AAE4AMB6,1,PS51257
A0AAE4B2D5,1,PS51318
A0AAE4B2D5,2,PF00553
A0AAE4CE46,1,PS51318
A0AAE4CE46,2,PF00553
A0AAE4CQB7,1,PS51318
A0AAE4CQB7,2,PF00553
A0AAE4CZ19,1,PS51318
A0AAE4CZ19,2,PF00553
A0AAE4E0I0,1,PF08329
A0AAE4E0I0,3,PF22352
A0AAE4E0I0,5,PF02839
A0AAE4E0I0,6,PF02839
A0AAE4E325,1,PF08329
A0AAE4E325,3,PF22352
A0AAE4E325,5,PF02839
A0AAE4E325,6,PF02839
A0AAE4EDB7,1,PF00553
A0AAE4EDL0,1,PF02018
A0AAE4EDL0,2,PF00041
A0AAE4EEY7,1,PF00553
A0AAE4ER04,1,PS51318
A0AAE4ESC1,1,PS51318
A0AAE4EVW2,1,PF02018
A0AAE4FJU6,2,G3DSA:2.60.40.10
A0AAE4FJU6,3,G3DSA:2.60.40.10
A0AAE4FJU6,4,PF08329
A0AAE4FM95,1,PF08239
A0AAE4IV44,1,PF08329
A0AAE4IV44,3,PF22352
A0AAE4IV44,5,PF02839
A0AAE4IV44,6,PF02839
A0AAE4JC38,1,PF00553
A0AAE4JC38,2,PF00041
A0AAE4JDI2,2,PF02018
A0AAE4JTI6,2,PF02839
A0AAE4JTI6,3,PF02839
A0AAE4L8M5,1,PS51257
A0AAE4M2U3,1,PF08329
A0AAE4M2U3,3,PF22352
A0AAE4M2U3,5,PF02839
A0AAE4M3G3,1,PS51257
A0AAE4M3G3,2,PF02839
A0AAE4M3G3,3,PF17957
A0AAE4M3G3,4,PF17957
A0AAE4M8S2,1,PF02839
A0AAE4M8S2,2,PF17957
A0AAE4M8S2,3,PF17957
A0AAE4M8S2,4,SM00495
A0AAE4M8S2,5,PF17957
A0AAE4M8S2,6,PF17957
A0AAE4NZG4,1,PS51257
A0AAE4P4V5,1,PS51257
A0AAE4PVI4,1,PF08329
A0AAE4PVI4,3,PF22352
A0AAE4PVI4,5,PF02839
A0AAE4PVI4,6,PF02839
A0AAE4RXC4,1,PS51257
A0AAE4T6Y0,3,PF00535
A0AAE4TVH4,3,PF00535
A0AAE4TWQ8,1,PF01476
A0AAE4TWQ8,2,PF01476
A0AAE4TWX6,2,PF00041
A0AAE4TWX6,3,PF00553
A0AAE4Z1P9,2,PF02839
A0AAE4Z1P9,3,PF02839
A0AAE4Z282,1,PF01476
A0AAE4Z282,2,PF01476
A0AAE4Z282,3,PF08239
A0AAE4ZV54,1,PF07833
A0AAE4ZV54,2,PF08239
A0AAE4ZYQ3,1,PF07833
A0AAE5C8J0,2,G3DSA:2.60.40.10
A0AAE5C8J0,3,G3DSA:2.60.40.10
A0AAE5C8J0,4,PF08329
A0AAE5CSJ5,1,PF07833
A0AAE5G0C6,1,PF07833
A0AAE5GMI3,1,PF08329
A0AAE5GMI3,3,PF22352
A0AAE5GMI3,5,PF02839
A0AAE5H5C9,2,G3DSA:2.60.40.10
A0AAE5H5C9,3,G3DSA:2.60.40.10
A0AAE5H5C9,4,PF02839
A0AAE5H5S1,2,PF02839
A0AAE5H5S1,3,PF02839
A0AAE5JXG7,1,SM00495
A0AAE5JXG7,2,SM00495
A0AAE5JXG7,3,SM00495
A0AAE5JXG7,4,SM00495
A0AAE5JXG7,5,SM00495
A0AAE5JXG7,6,PF02839
A0AAE5JXG7,7,SM00495
A0AAE5P5R9,1,PF01476
A0AAE5P5R9,2,PF01476
A0AAE5UAG6,1,PF01476
A0AAE5UAG6,2,PF01476
A0AAE5VS02,2,PF00041
A0AAE5VS02,3,PF02839
A0AAE5XI22,1,PF02839
A0AAE5XI22,2,PF02839
A0AAE6CG23,1,SM00495
A0AAE6CG23,2,PF17957
A0AAE6CG23,3,SM00495
A0AAE6CG23,4,PF17957
A0AAE6CG23,5,PF17957
A0AAE6CGW8,1,PF02839
A0AAE6CGW8,2,PF02839
A0AAE6CJ94,1,SM00495
A0AAE6CJ94,2,SM00495
A0AAE6CJ94,3,SM00495
A0AAE6CKE2,1,SM00495
A0AAE6CKE2,2,PF17957
A0AAE6CKE2,3,PF17957
A0AAE6FZE9,1,PS51257
A0AAE6FZE9,2,PF02839
A0AAE6FZE9,3,PF17957
A0AAE6G4N4,1,PF02839
A0AAE6G4N4,2,PF00041
A0AAE6I4T8,2,G3DSA:2.60.40.10
A0AAE6I4T8,3,PF02839
A0AAE6JHG4,1,PS51257
A0AAE6KQV8,2,G3DSA:2.60.40.10
A0AAE6KRR7,1,PS51257
A0AAE6KRR7,2,PF00041
A0AAE6MJ46,3,PF00535
A0AAE6MK40,1,PS51257
A0AAE6QKF5,2,PF00041
A0AAE6QKF5,3,PF02839
A0AAE6QTB5,2,PF00041
A0AAE6QTB5,3,PF00553
A0AAE6QYD2,1,PF01476
A0AAE6QYD2,2,PF01476
A0AAE6UXM2,3,PF00535
A0AAE6VPJ8,1,PF08329
A0AAE6VPJ8,3,PF22352
A0AAE6VPJ8,4,PF22352
A0AAE6VPJ8,5,PF02839
A0AAE6VPJ8,6,PF02839
A0AAE6W2J5,1,PS51257
A0AAE6WBI9,1,PF00553
A0AAE6WBI9,2,PF00041
A0AAE6WC19,1,PF00553
A0AAE6WC19,2,PF00041
A0AAE6WP26,1,PF02839
A0AAE6WP26,2,PF00041
A0AAE6WSS2,1,PF07833
A0AAE6WSS2,2,PF08239
A0AAE6Y3W6,1,PF02018
A0AAE6Y3W6,2,PF00041
A0AAE6YCP1,1,PF02018
A0AAE6YCP1,2,PF00041
A0AAE6YF47,1,PS51318
A0AAE6YF47,2,PF02018
A0AAE6YF47,3,PF00041
A0AAE7AK04,1,PF08329
A0AAE7AK04,3,PF22352
A0AAE7AK04,4,PF22352
A0AAE7AK04,5,PF02839
A0AAE7AK04,6,PF02839
A0AAE7AYG9,1,PS51257
A0AAE7AYG9,2,PF02839
A0AAE7AYG9,3,PF17957
A0AAE7AYG9,4,PF17957
A0AAE7AYG9,7,SM00495
A0AAE7AZ91,1,PF08329
A0AAE7AZ91,3,PF22352
A0AAE7AZ91,5,PF02839
A0AAE7BSA4,2,PF00553
A0AAE7BSQ6,1,PF01476
A0AAE7BSQ6,2,PF01476
A0AAE7BV41,1,PS51257
A0AAE7BVX8,1,PF07833
A0AAE7CKK7,1,PF00553
A0AAE7CMP3,1,PF00553
A0AAE7CMP3,2,PF00041
A0AAE7CPY9,1,SM00495
A0AAE7CPY9,2,SM00495
A0AAE7D9R6,2,PF17957
A0AAE7D9R6,4,PF17957
A0AAE7D9R6,5,PF17957
A0AAE7D9R6,6,PF02839
A0AAE7DS73,1,SM00495
A0AAE7DS73,2,PF17957
A0AAE7DS73,3,PF17957
A0AAE7DS73,5,SM00495
A0AAE7H673,2,G3DSA:2.60.40.10
A0AAE7H8N0,2,G3DSA:2.60.40.10
A0AAE7H8N0,3,SM00495
A0AAE7J596,1,PF00553
A0AAE7J596,2,PF00553
A0AAE7JB30,1,PF00553
A0AAE7LM19,1,SM00495
A0AAE7LM19,2,SM00495
A0AAE7LM19,3,SM00495
A0AAE8F7M5,1,PS51257
A0AAE8QK59,1,PF01476
A0AAE8QK59,2,PF01476
A0AAE8QM81,1,PF01476
A0AAE8QM81,2,PF01476
A0AAE8QM81,3,PF01476
A0AAE8UA66,1,PF08329
A0AAE8UA66,3,PF22352
A0AAE8UA66,5,PF02839
A0AAE8UA66,6,PF02839
A0AAE8VV51,1,PF00553
A0AAE8VV51,2,PF00041
A0AAE9BJF7,1,PF08329
A0AAE9BJF7,3,PF22352
A0AAE9BJF7,5,PF02839
A0AAE9BJF7,6,PF02839
A0AAE9I4R5,2,G3DSA:2.60.40.10
A0AAE9I4R5,3,G3DSA:2.60.40.10
A0AAE9IBJ2,1,PF07833
A0AAE9IDL6,1,PF07833
A0AAE9MGK9,1,PF08329
A0AAE9MGK9,3,PF22352
A0AAE9MGK9,5,PF02839
A0AAE9MGK9,6,PF02839
A0AAE9N0E2,1,SM00495
A0AAE9N0E2,2,PF17957
A0AAE9N0E2,3,PF17957
A0AAE9N0E2,4,SM00495
A0AAE9N0E2,5,PF17957
A0AAE9N0E2,6,PF17957
A0AAE9N2B5,1,PF08329
A0AAE9N2B5,3,PF22352
A0AAE9N2B5,5,PF02839
A0AAE9PCI9,3,PF00535
A0AAE9PFI9,2,PF00041
A0AAE9PFI9,3,PF00553
A0AAE9PMS4,1,PF08329
A0AAE9PMS4,3,PF22352
A0AAE9PMS4,4,G3DSA:2.60.40.10
A0AAE9PMS4,5,PF02839
A0AAE9PMS4,6,PF02839
A0AAE9SDL7,1,SM00495
A0AAE9SDL7,2,PF17957
A0AAE9SDL7,3,PF17957
A0AAE9SDL7,5,SM00495
A0AAE9SLB2,1,G3DSA:2.60.40.10
A0AAE9SLB2,2,PF17957
A0AAE9SLB2,3,PF17957
A0AAE9SLB2,4,PF17957
A0AAE9SP55,1,PS51257
A0AAE9SP55,2,PF02839
A0AAE9SP55,3,PF17957
A0AAE9SP55,4,PF17957
A0AAE9TB80,1,PF01476
A0AAE9TB80,2,PF01476
A0AAE9TEE0,1,SM00495
A0AAE9TEE0,2,PF17957
A0AAE9TEE0,3,PF17957
A0AAE9TEE0,5,SM00495
A0AAE9YKZ5,1,SM00495
A0AAE9YKZ5,2,PF17957
A0AAE9YKZ5,3,G3DSA:2.60.40.10
A0AAE9YYM8,1,PF08329
A0AAE9YYM8,3,G3DSA:2.60.40.10
A0AAE9YYM8,4,G3DSA:2.60.40.10
A0AAE9YYM8,5,PF02839
A0AAE9YYM8,6,PF02839
A0AAE9Z8B9,1,PS51257
A0AAF0CB39,1,PF08329
A0AAF0CB39,3,G3DSA:2.60.40.10
A0AAF0CB39,4,G3DSA:2.60.40.10
A0AAF0CB39,5,PF02839
A0AAF0CB39,6,PF02839
A0AAF0CBI5,1,SM00495
A0AAF0CBI5,2,PF17957
A0AAF0CBI5,3,G3DSA:2.60.40.10
A0AAF0CV86,2,PF00041
A0AAF0CV86,3,PF02839
A0AAF0CV86,4,PF02839
A0AAF0HJ52,1,SM00495
A0AAF0HJ52,2,SM00495
A0AAF0HJ52,3,SM00495
A0AAF0HJ52,4,SM00495
A0AAF0HJ52,5,SM00495
A0AAF0HJ52,6,PF02839
A0AAF0HJ52,7,SM00495
A0AAF0LW34,1,PS51257
A0AAF0M817,2,PF02839
A0AAF0MHJ6,1,PS51257
A0AAF0RGC6,1,PS51257
A0AAF0RGM2,1,PS51257
A0AAF0RSA0,1,PS51257
A0AAF0RYT9,1,PS51257
A0AAF0Z666,1,PS51318
A0AAI8BJ23,2,PF00041
A0AAI8BJ23,3,PF02839
A0AAI8BJ23,4,PF02839
A0AAI8FTI7,1,PF02839
A0AAI8FTI7,2,PF02839
A0AAI8HPW4,1,PF01476
A0AAI8HPW4,2,PF01476
A0AAI8HSD1,1,PF01476
A0AAI8HSD1,2,PF01476
A0AAI8ILA6,1,PS51318
A0AAI8ILP1,1,PF00553
A0AAI8ILP1,2,PF00041
A0AAI8KZD4,1,PF00553
A0AAI8KZD4,2,PF00041
A0AAI8L056,1,PS51318
A0AAI8L056,2,PF02018
A0AAI8L056,3,PF00041
A0AAI8LJF2,3,PF00041
A0AAI8LJF2,4,PF02839
A0AAI8LLT2,2,PF00041
A0AAI8LLT2,3,PF02839
A0AAI8NID4,1,PF00553
A0AAI8NID4,2,PF00041
A0AAI8PLT9,1,PS51318
A0AAI8PLT9,2,PF02018
A0AAI8PLT9,3,PF00041
A0AAI8RAW0,1,PS51257
A0AAI8RAW0,3,PF00041
A0AAI8RAW0,4,PF02839
A0AAI8WCZ4,3,PF00041
A0AAI8WCZ4,4,PF02839
A0AAI8WCZ6,3,PF00041
A0AAI8WCZ6,4,PF02839
A0AAI9BAA6,1,SM00495
A0AAI9BAA6,2,SM00495
A0AAI9BAA6,3,SM00495
A0AAI9BAA6,4,SM00495
A0AAI9BAA6,5,SM00495
A0AAI9BAA6,6,PF02839
A0AAI9BAA6,7,SM00495
A0AAI9C376,1,SM00495
A0AAI9C376,2,PF17957
A0AAI9C376,3,PF00041
A0AAI9CG45,1,SM00495
A0AAI9CG45,2,PF17957
A0AAI9CG45,3,PF00041
A0AAI9CHE9,1,SM00495
A0AAI9CHE9,2,PF17957
A0AAI9CHE9,3,PF00041
A0AAI9CR16,1,PS51257
A0AAI9CR16,2,PF02839
A0AAI9CR16,3,PF17957
A0AAI9CR16,4,PF17957
A0AAI9CR16,7,SM00495
A0AAI9CS15,1,PF08329
A0AAI9CS15,3,PF22352
A0AAI9CS15,5,PF02839
A0AAI9D544,1,PF08329
A0AAI9D544,3,PF22352
A0AAI9D544,5,PF02839
A0AAI9D544,6,PF02839
A0AAI9DA84,1,PF08329
A0AAI9GPF1,2,G3DSA:2.60.40.10
A0AAI9GPF1,3,SM00495
A0AAI9GS06,2,G3DSA:2.60.40.10
A0AAI9I030,1,PF08329
A0AAI9MEB6,1,SM00495
A0AAI9MEB6,2,SM00495
A0AAI9MEB6,3,SM00495
A0AAI9MEB6,4,SM00495
A0AAI9MEB6,5,SM00495
A0AAI9MEB6,6,PF02839
A0AAI9MEB6,7,SM00495
A0AAI9PAB0,1,SM00495
A0AAI9PAB0,2,PF17957
A0AAI9PAB0,3,PF17957
A0AAI9PAB0,5,SM00495
A0AAI9RJS4,2,PF00041
A0AAI9RJS4,3,PF00553
A0AAI9W5J9,1,PF01476
A0AAI9W5J9,2,PF01476
A0AAI9W8A1,3,PF00535
A0AAJ0SLW7,5,PF17957
A0AAJ0SLW7,6,PF17957
A0AAJ0WGL3,1,PS51257
A0AAJ0ZJ95,2,G3DSA:2.60.40.10
A0AAJ0ZJ95,3,PF02839
A0AAJ1ATR7,1,PF01476
A0AAJ1B0I8,1,PF08239
A0AAJ1BEA3,1,PF08329
A0AAJ1BEA3,3,PF22352
A0AAJ1BEA3,4,G3DSA:2.60.40.10
A0AAJ1BEA3,5,PF02839
A0AAJ1BEA3,6,PF02839
A0AAJ1CGJ2,1,PS51257
A0AAJ1F022,1,SM00495
A0AAJ1F022,2,PF17957
A0AAJ1F022,3,PF17957
A0AAJ1F022,4,PF17957
A0AAJ1FFX8,1,PS51257
A0AAJ1GAQ8,1,PF08239
A0AAJ1GJL3,3,PF00535
A0AAJ1GJS9,1,PF01476
A0AAJ1GJS9,2,PF01476
A0AAJ1GNB7,2,PF00041
A0AAJ1GNB7,3,PF00553
A0AAJ1H959,1,PS51257
A0AAJ1K2K5,3,PF00535
A0AAJ1KAH5,1,PF01476
A0AAJ1KAH5,2,PF01476
A0AAJ1N3U6,1,PF08329
A0AAJ1NLR2,2,PF00041
A0AAJ1NLR2,3,PF00553
A0AAJ1NWS6,3,PF00535
A0AAJ1NYH2,1,PF01476
A0AAJ1NYH2,2,PF01476
A0AAJ1P2W1,2,PF00041
A0AAJ1P2W1,3,PF00553
A0AAJ1QR51,1,PF01476
A0AAJ1QR51,2,PF01476
A0AAJ1QSF5,1,PF01476
A0AAJ1QSF5,2,PF01476
A0AAJ1QSF5,3,PF01476
A0AAJ1QT23,1,PF01476
A0AAJ1QT23,2,PF01476
A0AAJ1QV85,1,PS51257
A0AAJ1R5A3,3,PF00535
A0AAJ1T495,1,PF00553
A0AAJ1T495,2,PF00041
A0AAJ1VCI2,1,PF01476
A0AAJ1VCI2,2,PF01476
A0AAJ1WC56,2,PF00041
A0AAJ1WC56,3,PF02839
A0AAJ1WJB6,1,PF01476
A0AAJ1WJB6,2,PF01476
A0AAJ1WKH3,1,PF01476
A0AAJ1WKH3,2,PF01476
A0AAJ1WLX0,1,PS51318
A0AAJ1WLX0,2,PF00553
A0AAJ1WLX0,3,PF00041
A0AAJ1XB18,1,SM00495
A0AAJ1XB18,2,PF17957
A0AAJ1XB18,3,PF00041
A0AAJ1Z0D7,3,PF00535
A0AAJ2A702,1,PF02839
A0AAJ2A702,2,PF02839
A0AAJ2AKU5,3,G3DSA:2.60.40.10
A0AAJ2AKU5,4,G3DSA:2.60.40.10
A0AAJ2DLV8,1,PF01476
A0AAJ2DLV8,2,PF01476
A0AAJ2JV38,7,PF02839
A0AAJ2JVX4,1,PF02839
A0AAJ2JVX4,2,PF00041
A0AAJ2JXM3,1,PS51318
A0AAJ2JXM3,3,PF00041
A0AAJ2JXM3,4,PF02839
A0AAJ2JYS4,1,PF00395
A0AAJ2JYS4,2,PF00395
A0AAJ2JYS4,3,PF00395
A0AAJ2JZH0,1,PF02839
A0AAJ2JZH0,2,PF00041
A0AAJ2JZH0,3,PF00041
A0AAJ2K1E5,1,PF07833
A0AAJ2KIT5,1,PF08329
A0AAJ2KIT5,3,PF22352
A0AAJ2KIT5,5,PF02839
A0AAJ2KIT5,6,PF02839
A0AAJ2MNK3,1,PF08329
A0AAJ2MNK3,3,PF22352
A0AAJ2MNK3,4,G3DSA:2.60.40.10
A0AAJ2MNK3,5,PF02839
A0AAJ2MNK3,6,PF02839
A0AAJ2MXG9,1,SM00495
A0AAJ2MXG9,2,PF17957
A0AAJ2MXG9,3,PF00041
A0AAJ2N672,1,PF07833
A0AAJ2N672,2,PF08239
A0AAJ2NDQ8,2,PF00041
A0AAJ2NDQ8,3,G3DSA:2.60.40.10
A0AAJ2NDQ8,4,PF02839
A0AAJ2NL39,1,PF01476
A0AAJ2NL39,2,PF01476
A0AAJ2Q3X7,1,PF02018
A0AAJ2Q3X7,2,PF00041
A0AAJ2Q5H0,1,PS51318
A0AAJ2Q5P1,1,PF02018
A0AAJ2Q5P1,2,PF00041
A0AAJ2S5W0,2,G3DSA:2.60.40.10
A0AAJ2S5W0,3,SM00495
A0AAJ2SAR3,1,SM00495
A0AAJ2SAR3,2,PF02839
A0AAJ2SAR3,3,SM00495
A0AAJ2SAR3,5,PF22352
A0AAJ2SAR3,6,PF22352
A0AAJ2SBL6,7,PF17957
A0AAJ2SBL6,8,PF17957
A0AAJ2TD06,1,PS51257
A0AAJ2TFT1,1,PF01476
A0AAJ2TFT1,2,PF01476
A0AAJ2TU69,1,SM00495
A0AAJ2TU69,2,PF17957
A0AAJ2TU69,3,PF00041
A0AAJ2ULP3,1,PF00041
A0AAJ2UUD5,1,PF00553
A0AAJ2UUD5,2,PF00041
A0AAJ2X8A1,1,PS51257
A0AAJ2YEB9,1,PF00553
A0AAJ2YEB9,2,PF00041
A0AAJ2ZDL3,1,PF02839
A0AAJ2ZGZ0,1,PF00553
A0AAJ2ZGZ0,2,PF00041
A0AAJ2ZMG1,1,PS51318
A0AAJ3D2H2,1,PF02018
A0AAJ3D2H2,2,PF00041
A0AAJ3DKC2,1,PF00553
A0AAJ3DM78,1,PS51318
A0AAJ3DM78,2,PF00553
A0AAJ3F741,1,PF01476
A0AAJ3IWR4,1,PF07833
A0AAJ3NAS7,1,PS51257
A0AAJ3NC08,1,PS51257
A0AAJ3NLJ2,2,PF00553
A0AAJ3TR52,3,PF00535
A0AAJ3TYU0,1,SM00495
A0AAJ3TYU0,2,SM00495
A0AAJ3TYU0,3,SM00495
A0AAJ3TYU0,4,SM00495
A0AAJ3TYU0,5,SM00495
A0AAJ3TYU0,6,PF02839
A0AAJ3TYU0,7,SM00495
A0AAJ3U3V2,1,PS51318
A0AAJ3YVD5,1,PF01476
A0AAJ3YVD5,2,PF01476
A0AAJ4AHE2,1,PF02839
A0AAJ4AHE2,2,PF17957
A0AAJ4AHE2,3,PF17957
A0AAJ4AHE2,4,SM00495
A0AAJ4AHE2,5,PF17957
A0AAJ4AHE2,6,PF17957
A0AAJ4AJG7,1,PF08329
A0AAJ4AJG7,3,PF22352
A0AAJ4AJG7,5,SM00495
A0AAJ4APS1,1,PF08329
A0AAJ4APS1,3,PF22352
A0AAJ4APS1,5,PF02839
A0AAJ4APS1,6,PF02839
A0AAJ4DT27,2,PF22352
A0AAJ4DT27,3,PF22352
A0AAJ4DT27,4,PF22352
A0AAJ4DT27,5,SM00495
A0AAJ4DT27,6,SM00495
A0AAJ4DVM2,6,PF22352
A0AAJ4DVM2,7,SM00495
A0AAJ4DVW5,1,PF08329
A0AAJ4DVW5,3,PF22352
A0AAJ4DVW5,5,PF02839
A0AAJ4E6J9,2,PF00041
A0AAJ4E6J9,3,PF02839
A0AAJ4I9W1,4,PF02839
A0AAJ4I9W1,5,SM00495
A0AAJ4IGD6,1,PF08329
A0AAJ4IGD6,3,PF22352
A0AAJ4IGD6,5,PF02839
A0AAJ4JQY2,1,PF01476
A0AAJ4JQY2,2,PF01476
A0AAJ4JST9,2,PF00041
A0AAJ4JST9,3,PF02839
A0AAJ4K8S4,1,PF08329
A0AAJ4K8S4,3,PF22352
A0AAJ4K8S4,5,PF02839
A0AAJ4K8S4,6,PF02839
A0AAJ4LWL0,1,PS51257
A0AAJ4LWL0,2,PF02839
A0AAJ4LWL0,3,PF17957
A0AAJ4LWL0,4,PF17957
A0AAJ4LWL0,7,SM00495
A0AAJ4MJC4,1,PF01476
A0AAJ4MJC4,2,PF01476
A0AAJ4MJC4,3,PF01476
A0AAJ4MWR4,1,PS51257
A0AAJ4MWR4,2,PF02839
A0AAJ4MXW5,1,PF02839
A0AAJ4MXW5,2,PF02839
A0AAJ4NP11,1,SM00495
A0AAJ4NP11,2,SM00495
A0AAJ4NPN0,2,PF00041
A0AAJ4NPN0,3,PF02839
A0AAJ4NPN0,4,PF02839
A0AAJ4NPN0,5,PF02839
A0AAJ4NQH0,1,SM00495
A0AAJ4XVG6,2,PF02839
A0AAJ4Y2B1,1,PF00553
A0AAJ4Y6Y4,1,PF00553
A0AAJ4Y6Y4,2,PF00041
A0AAJ4Y7V6,1,PS51318
A0AAJ4Y7V6,2,PF02018
A0AAJ4Y7V6,3,PF00041
A0AAJ4ZYP8,1,PS51257
A0AAJ4ZZG5,1,PF01476
A0AAJ4ZZG5,2,PF01476
A0AAJ5CF38,1,PF02018
A0AAJ5CF38,2,PF00041
A0AAJ5CGY3,1,PS51318
A0AAJ5CGY3,2,PF02018
A0AAJ5CGY3,3,PF00041
A0AAJ5N9P3,1,PF08329
A0AAJ5N9P3,3,PF22352
A0AAJ5N9P3,4,G3DSA:2.60.40.10
A0AAJ5RGV2,1,PF01476
A0AAJ5RGV2,2,PF01476
A0AAJ5RGV2,3,PF01476
A0AAJ5RH84,1,PS51257
A0AAJ5RWQ3,1,PF01476
A0AAJ5RWQ3,2,PF01476
A0AAJ5VF68,1,PF02018
A0AAJ5VF68,2,PF00041
A0AAJ5VMX6,1,PF00553
A0AAJ5VMX6,2,PF00041
A0AAJ5VP06,1,PS51318
A0AAJ5VP06,3,PF02839
A0AAJ5Z743,1,PF08329
A0AAJ5Z743,3,PF22352
A0AAJ5Z743,4,G3DSA:2.60.40.10
A0AAJ5Z743,5,PF02839
A0AAJ5Z743,6,PF02839
A0AAJ5ZAC3,1,SM00495
A0AAJ5ZAC3,2,PF17957
A0AAJ5ZAC3,3,PF17957
A0AAJ5ZAC3,5,SM00495
A0AAJ6ARF2,1,PS51318
A0AAJ6ARF2,2,PF02018
A0AAJ6ARF2,3,PF00041
A0AAJ6B745,1,PS51257
A0AAJ6BN75,3,PF00535
A0AAJ6DH65,1,PF00553
A0AAJ6DLF0,1,PF00553
A0AAJ6DLF0,2,PF00041
A0AAJ6GAD0,2,SM00495
A0AAJ6GAD0,3,PF02839
A0AAJ6GT55,1,PS51257
A0AAJ6HS20,1,PS51318
A0AAJ6HUA9,1,PF02839
A0AAJ6HV98,1,PF00553
A0AAJ6HW67,1,PF00553
A0AAJ6HW67,2,PF00041
A0AAJ6IZM1,1,PS51318
A0AAJ6IZM1,2,PF02018
A0AAJ6IZM1,3,PF00041
A0AAJ6K688,1,SM00495
A0AAJ6K688,2,PF17957
A0AAJ6K688,3,PF00041
A0AAJ6L0S0,1,PF00553
A0AAJ6LNF8,1,PF08329
A0AAJ6LNF8,3,PF22352
A0AAJ6LNF8,4,G3DSA:2.60.40.10
A0AAJ6LNF8,5,PF02839
A0AAJ6LNF8,6,PF02839
A0AAJ6N3B4,2,G3DSA:2.60.40.10
A0AAJ6N3B4,3,PF02839
A0AAN0N8H6,2,PF02839
A0AAN0N8H6,4,SM00495
A0AAN0NB91,1,PS51257
A0AAN0NB91,2,PF02839
A0AAN0NB91,3,PF17957
A0AAN0NB91,4,PF17957
A0AAN0NCT6,1,PF08329
A0AAN0NCT6,3,PF22352
A0AAN0NCT6,5,PF02839
A0AAN0SA36,2,PF22352
A0AAN0SA36,3,PF22352
A0AAN0SA36,4,PF22352
A0AAN0SA36,5,SM00495
A0AAN0SA36,6,SM00495
A0AAN0SCQ5,1,PF02839
A0AAN0SCQ5,2,PF17957
A0AAN0SCQ5,3,PF17957
A0AAN0SCQ5,4,SM00495
A0AAN0SCQ5,5,PF17957
A0AAN0SCQ5,6,PF17957
A0AAN0SH81,1,PF08329
A0AAN0SH81,3,PF22352
A0AAN0SH81,5,PF02839
A0AAN0SZT4,3,PF00535
A0AAN0VU64,1,PS51257
A0AAN0VZ75,1,PF08329
A0AAN0VZ75,3,PF22352
A0AAN0VZ75,5,SM00495
A0AAN0VZJ5,6,PF22352
A0AAN0VZJ5,7,SM00495
A0AAN0W7D0,1,PF01476
A0AAN0W7D0,2,PF01476
A0AAN0W9Q6,2,PF00041
A0AAN0W9Q6,3,PF00553
A0AAN0Y657,1,PS51257
A0AAN0Y657,2,SM00495
A0AAN0Y657,3,PF17957
A0AAN0Y657,4,PF17957
A0AAN0Y8E7,1,PF08329
A0AAN0Y8E7,3,PF22352
A0AAN0Y8E7,5,PF02839
A0AAN0YM53,1,PF01476
A0AAN0YM53,2,PF01476
A0AAN0ZYJ1,2,G3DSA:2.60.40.10
A0AAN1D811,1,PF01476
A0AAN1D811,2,PF01476
A0AAN1D811,3,PF01476
A0AAN1FE24,1,PF08329
A0AAN1FE24,3,PF22352
A0AAN1FE24,4,G3DSA:2.60.40.10
A0AAN1FE24,5,PF02839
A0AAN1FLL9,2,PF02839
A0AAN1FLL9,4,SM00495
A0AAN1H8B7,1,PF08329
A0AAN1H8B7,3,PF22352
A0AAN1H8B7,5,PF02839
A0AAN1H8B7,6,PF02839
A0AAN1HLT9,1,PS51318
A0AAN1HMK9,1,PF02018
A0AAN1HMK9,2,PF00041
A0AAN1LUN0,1,PS51318
A0AAN1LUN7,1,PS51318
A0AAN1PQT7,1,PF08329
A0AAN1PQT7,3,PF22352
A0AAN1PQT7,6,PF02839
A0AAN1PS92,1,PS51257
A0AAN1PS92,2,PF02839
A0AAN1PS92,3,PF17957
A0AAN1PS92,4,PF17957
A0AAN1PS92,7,SM00495
A0AAN1QHM0,1,SM00495
A0AAN1QHM0,2,PF17957
A0AAN1QHM0,3,PF17957
A0AAN1QHM0,5,SM00495
A0AAN1UB70,1,SM00495
A0AAN1UB70,2,PF17957
A0AAN1UB70,3,PF17957
A0AAN1UB70,4,SM00495
A0AAN1UB70,5,PF17957
A0AAN1UB70,6,PF17957
A0AAN1UBM3,1,PF17957
A0AAN1UBM3,2,PF17957
A0AAN1UBM3,3,PF17957
A0AAN1UBM3,4,PF17957
A0AAN1UN52,2,PF02839
A0AAN1UN52,4,SM00495
A0AAN1UNV1,1,PF08329
A0AAN1UNV1,3,PF22352
A0AAN1UNV1,4,G3DSA:2.60.40.10
A0AAN1UNV1,5,PF02839
A0AAN1UNV1,6,PF02839
A0AAN1UP01,1,PF08329
A0AAN1UP01,3,PF22352
A0AAN1UP01,4,G3DSA:2.60.40.10
A0AAN1UP01,5,PF02839
A0AAN1UP01,6,PF02839
A0AAN1WHT2,1,PS51257
A0AAN2PIA3,1,PF01476
A0AAN2PIA3,2,PF01476
A0AAN2PMB8,1,PF01476
A0AAN2PMB8,2,PF01476
A0AAN2PMB8,3,PF01476
A0AAN2PMR3,1,PF01476
A0AAN2PMR3,2,PF01476
A0AAN2TR17,1,PF01476
A0AAN2TR17,2,PF01476
A0AAN2WB61,3,PF00041
A0AAN2WB61,4,PF02839
A0AAN2WZU8,3,PF00041
A0AAN2WZU8,4,PF02839
A0AAN2XAN3,3,PF00041
A0AAN2XAN3,4,PF02839
A0AAN2YLC3,3,PF00041
A0AAN2YLC3,4,PF02839
A0AAN3KX87,1,SM00495
A0AAN3KX87,2,SM00495
A0AAN3KX87,3,SM00495
A0AAN3KX87,4,SM00495
A0AAN3KX87,5,SM00495
A0AAN3KX87,6,PF02839
A0AAN3KX87,7,SM00495
A0AAN3SFK6,1,SM00495
A0AAN3SFK6,2,SM00495
A0AAN3SFK6,3,SM00495
A0AAN3SFK6,4,SM00495
A0AAN3SFK6,5,PF02839
A0AAN3SFK6,6,SM00495
A0AAN3ZIP3,1,SM00495
A0AAN3ZIP3,2,SM00495
A0AAN3ZIP3,3,SM00495
A0AAN3ZIP3,4,SM00495
A0AAN3ZIP3,5,SM00495
A0AAN3ZIP3,6,PF02839
A0AAN3ZIP3,7,SM00495
A0AAN4HEM9,3,PF00535
A0AAN4HGA6,2,PF00041
A0AAN4HGA6,3,PF00553
A0AAN4KPS6,1,PF01476
A0AAN4KPS6,2,PF01476
A0AAN4L826,3,PF00041
A0AAN4L826,4,PF02839
A0AAN4L840,1,PF02839
A0AAN4L840,2,PF00041
A0AAN4LAZ0,1,PF00395
A0AAN4LAZ0,2,PF00395
A0AAN4LAZ0,3,PF00395
A0AAN4LBJ6,1,PF07833
A0AAN4LE16,1,PF07833
A0AAN4PZR2,2,PF00041
A0AAN4PZR2,3,PF02839
A0AAN4SHZ4,1,PS51257
A0AAN4VYY9,2,PF17957
A0AAN4VYY9,3,G3DSA:2.60.40.10
A0AAN4VYY9,4,SM00495
A0AAN4VYY9,5,SM00495
A0AAN4VYY9,6,G3DSA:2.60.40.10
A0AAN4VYY9,7,PF17957
A0AAN4VYY9,8,SM00495
A0AAN4VYY9,9,PF17957
A0AAN5K801,1,SM00495
A0AAN5K801,2,SM00495
A0AAN5K801,3,SM00495
A0AAN5K801,4,SM00495
A0AAN5K801,5,SM00495
A0AAN5K801,6,PF02839
A0AAN5K801,7,SM00495
A0AAN5L9R6,2,G3DSA:2.60.40.10
A0AAN5RCB0,2,G3DSA:2.60.40.10
A0AAN5RCB0,3,SM00495
A0AAN5XJI6,1,SM00495
A0AAN5XJI6,3,PF00041
A0AAN5XJI6,4,PF02839
A0AAN5XSQ1,2,PF00041
A0AAN5XSQ1,3,PF00553
A0AAN6AW18,2,G3DSA:2.60.40.10
A0AAN6AW18,3,SM00495
A0AAN6B596,3,PF00535
A0AAP0SEI9,2,PF00041
A0AAP0SEI9,3,PF02839
A0AAP0ZLD2,1,PS51257
A0AAP1H7X8,1,PF01476
A0AAP1H7X8,2,PF01476
A0AAP1H9E0,1,PF01476
A0AAP1H9E0,2,PF01476
A0AAP2BGY7,2,G3DSA:2.60.40.10
A0AAP2D662,2,PF17957
A0AAP2D662,3,PF17957
A0AAP2D6S4,1,PF02839
A0AAP2D6S4,2,PF17957
A0AAP2D6S4,3,PF17957
A0AAP2D6S4,4,SM00495
A0AAP2D6S4,5,PF17957
A0AAP2D6S4,7,PF17957
A0AAP2D6S4,8,PF17957
A0AAP2D6S4,9,SM00495
A0AAP2DAT8,3,PF00041
A0AAP2DDJ7,1,SM00495
A0AAP2DDJ7,3,PF17957
A0AAP2DDJ7,4,PF17957
A0AAP2DDJ7,5,PF02839
A0AAP2DDJ7,6,PF17957
A0AAP2DDJ7,7,PF17957
A0AAP2DDJ7,8,SM00495
A0AAP2DG56,2,PF17957
A0AAP2DG56,3,PF17957
A0AAP2DG56,4,PF02839
A0AAP2DG56,5,PF17957
A0AAP2DG56,7,PF17957
A0AAP2DG56,8,SM00495
A0AAP2DI04,1,PS51257
A0AAP2DYK8,2,PF00041
A0AAP2DZL5,2,PF17957
A0AAP2DZL5,3,PF17957
A0AAP2DZL5,4,PF02839
A0AAP2DZL5,5,PF17957
A0AAP2DZL5,7,PF17957
A0AAP2DZL5,8,SM00495
A0AAP2E2T0,1,SM00495
A0AAP2E2T0,3,PF17957
A0AAP2E2T0,4,PF17957
A0AAP2E2T0,5,PF02839
A0AAP2E2T0,6,PF17957
A0AAP2E2T0,7,PF17957
A0AAP2E2T0,8,SM00495
A0AAP2FP41,2,G3DSA:2.60.40.10
A0AAP2FP41,3,SM00495
A0AAP2G291,1,SM00495
A0AAP2G291,2,PF17957
A0AAP2G291,3,PF00041
A0AAP2GHH8,1,PS51257
A0AAP2GQ26,2,PF17957
A0AAP2GQ26,3,PF17957
A0AAP2GTZ7,1,PF02839
A0AAP2GTZ7,2,PF17957
A0AAP2GTZ7,3,PF17957
A0AAP2GTZ7,4,SM00495
A0AAP2GTZ7,5,PF17957
A0AAP2GTZ7,7,PF17957
A0AAP2GTZ7,8,PF17957
A0AAP2GTZ7,9,SM00495
A0AAP2GW43,4,PF00041
A0AAP2HB40,1,SM00495
A0AAP2HB40,2,PF17957
A0AAP2HB40,3,PF00041
A0AAP2M1E7,1,PF01476
A0AAP2M1E7,2,PF01476
A0AAP2RK68,1,PF01476
A0AAP2RK76,1,PF08239
A0AAP3CKU1,1,PF01476
A0AAP3CKU1,2,PF01476
A0AAP3CNY7,1,PF01476
A0AAP3CNY7,2,PF01476
A0AAP3DDA4,2,PF00553
A0AAP3DDR6,1,PF01476
A0AAP3DDR6,2,PF01476
A0AAP3DFN1,1,PF07833
A0AAP3EFC1,1,PF08329
A0AAP3EFC1,3,PF22352
A0AAP3EFC1,5,PF02839
A0AAP3EFC1,6,PF02839
A0AAP3FVK0,1,PF01476
A0AAP3FVK0,2,PF01476
A0AAP3FXD7,1,PF01476
A0AAP3FXD7,2,PF01476
A0AAP3GBY0,1,PF07833
A0AAP3GBY0,2,PF08239
A0AAP3GD28,1,PF02839
A0AAP3GD28,2,PF00041
A0AAP3YE54,1,PF01476
A0AAP3YE54,2,PF01476
A0AAP3YJ64,1,PF01476
A0AAP3YJ64,2,PF01476
A0AAP3Z232,2,G3DSA:2.60.40.10
A0AAP3Z232,3,PF02839
A0AAP3ZUJ4,1,PF00395
A0AAP3ZUJ4,2,PF00395
A0AAP3ZUJ4,3,PF00395
A0AAP4B9C0,1,PF08239
A0AAP4BB60,1,PF01476
A0AAP4CQ79,2,PF00041
A0AAP4CQ79,3,PF00553
A0AAP4EBM2,1,PF07833
A0AAP4QDI1,1,PF01476
A0AAP4QDI1,2,PF01476
A0AAP4V3T9,3,PF00535
A0AAP5C411,1,SM00495
A0AAP5C411,2,PF17957
A0AAP5C411,3,PF00041
A0AAP5EAD7,1,SM00495
A0AAP5EAD7,2,PF17957
A0AAP5EAD7,3,PF00041
A0AAP5G3A1,1,PF01476
A0AAP5G3A1,2,PF01476
A0AAP5H1Q0,1,PF00395
A0AAP5H1Q0,2,PF00395
A0AAP5H1Q0,3,PF00395
A0AAP5H8C4,1,PF07833
A0AAP5JQ16,1,PF07833
A0AAP5JV52,2,PF02839
A0AAP5LR70,1,PF07833
A0AAP5QJC7,1,PF01476
A0AAP5QJC7,2,PF01476
A0AAP5V2L2,1,PF01476
A0AAP5V2L2,2,PF01476
A0AAP5Y4Q4,1,PF02839
A0AAP5Y4Q4,2,PF17957
A0AAP5Y4Q4,3,PF17957
A0AAP5Y4Q4,4,SM00495
A0AAP5Y4Q4,5,PF17957
A0AAP5Y4Q4,6,PF17957
A0AAP5Y6C1,1,PS51257
A0AAP5Y6C1,2,PF02839
A0AAP5Y6C1,3,PF17957
A0AAP5Y6C1,4,PF17957
A0AAP5YW57,1,PF02839
A0AAP5YW57,2,PF17957
A0AAP5YW57,3,PF17957
A0AAP5YW57,4,SM00495
A0AAP5YW57,5,PF17957
A0AAP5YW57,6,PF17957
A0AAP5Z0S8,1,PS51257
A0AAP5Z0S8,2,PF02839
A0AAP5Z0S8,3,PF17957
A0AAP5Z0S8,4,PF17957
A0AAP5Z3C5,1,PF17957
A0AAP6CX62,1,PF08329
A0AAP6CX62,3,PF22352
A0AAP6CX62,5,PF02839
A0AAP6D715,1,PF08329
A0AAP6D715,3,PF22352
A0AAP6D715,5,PF02839
A0AAP6G8X0,1,SM00495
A0AAP6G8X0,2,PF17957
A0AAP6G8X0,3,PF17957
A0AAP6G8X0,5,SM00495
A0AAP6GBS2,1,PF08329
A0AAP6GBS2,3,PF22352
A0AAP6GBS2,4,G3DSA:2.60.40.10
A0AAP6GBS2,5,PF02839
A0AAP6GBS2,6,PF02839
A0AAP6H1B7,1,SM00495
A0AAP6H1B7,2,PF17957
A0AAP6H1B7,3,PF00041
A0AAP6J9T2,2,PF00041
A0AAP6J9T2,3,PF02839
A0AAP6ZJZ5,1,PF02839
A0AAP6ZJZ5,2,PF17957
A0AAP6ZJZ5,3,PF17957
A0AAP6ZJZ5,4,SM00495
A0AAP6ZJZ5,5,PF17957
A0AAP6ZJZ5,6,PF17957
A0AAP6ZKZ9,6,PF22352
A0AAP6ZKZ9,7,SM00495
A0AAP6ZNU1,1,PF08329
A0AAP6ZNU1,3,PF22352
A0AAP6ZNU1,5,PF02839
A0AAP6ZZI8,2,PF00041
A0AAP6ZZI8,3,PF00553
A0AAP7A0E0,7,PF02839
A0AAP7A0J4,1,PF02839
A0AAP7A0J4,2,PF00041
A0AAP7AQA2,1,PF07833
A0AAP7AQA2,2,PF08239
A0AAP7DD49,1,PF08329
A0AAP7DD49,3,PF22352
A0AAP7DD49,5,SM00495
A0AAP7DDE6,2,PF22352
A0AAP7DDE6,3,PF22352
A0AAP7DDE6,4,PF22352
A0AAP7DDE6,5,SM00495
A0AAP7DDE6,6,SM00495
A0AAP7DHT5,1,PF02839
A0AAP7DHT5,2,PF00041
A0AAP7DHX3,1,PF07833
A0AAP7DJ28,1,PF00395
A0AAP7DJ28,2,PF00395
A0AAP7DJ28,3,PF00395
A0AAP7DL09,1,PF07833
A0AAP7J4R0,1,SM00495
A0AAP7J4R0,2,PF17957
A0AAP7J4R0,3,PF00041
A0AAP7L025,1,SM00495
A0AAP7L025,2,PF17957
A0AAP7L025,3,PF00041
A0AAP7N431,1,PF01476
A0AAP7N431,2,PF01476
A0AAP7TCJ6,1,PF01476
A0AAP7TCJ6,2,PF01476
A0AAP7UKE0,1,PF01476
A0AAP7UKE0,2,PF01476
A0AAP7W3X1,3,PF00535
A0AAP7W7G1,2,PF00041
A0AAP8A7T8,2,G3DSA:2.60.40.10
A0AAP8A7T8,3,PF02839
A0AAP8DZP2,2,G3DSA:2.60.40.10
A0AAP8DZP2,3,PF02839
A0AAP8F7N7,3,PF00535
A0AAP8GBM0,1,PF02839
A0AAP8GBM0,2,PF02839
A0AAP8GE76,1,PS51257
A0AAP8GE76,2,PF02839
A0AAP8H5E8,2,PF00041
A0AAP8H5E8,3,PF00553
A0AAP8JUX3,1,SM00495
A0AAP8JUX3,3,PF00041
A0AAP8JUX3,4,PF02839
A0AAP8K094,1,PF01476
A0AAP8K094,2,PF01476
A0AAP8KG02,1,PS51257
A0AAP8KG02,2,PF02839
A0AAP8KM49,1,PF08329
A0AAP8KM49,3,PF22352
A0AAP8KM49,5,PF02839
A0AAP8KM49,6,PF02839
A0AAP8PGI0,1,PF08329
A0AAP8PH97,2,SM00495
A0AAP8PL82,2,PF00041
A0AAP8PL82,3,PF02839
A0AAP8PRF5,2,PF00041
A0AAP8PRF5,3,PF02839
A0AAP8Q864,1,PF07833
A0AAP8Q864,2,PF08239
A0AAP8QBA6,1,PS51257
A0AAP8QC80,1,PF02839
A0AAP8QC80,2,PF00041
A0AAP8QDB2,1,PF07833
A0AAP8TVC0,2,SM00495
A0AAP8U7D9,1,PF01476
A0AAP8U7D9,2,PF01476
A0AAP8U7E1,2,PF00553
A0AAP9DC74,1,PF08329
A0AAP9DC74,3,PF22352
A0AAP9DC74,5,PF02839
A0AAP9DC74,6,PF02839
A0AAP9DKM3,1,PS51257
A0AAP9DWP6,1,PF07833
A0AAP9DZ95,1,PF00395
A0AAP9DZ95,2,PF00395
A0AAP9DZ95,3,PF00395
A0AAP9GFL9,1,G3DSA:2.60.40.10
A0AAP9GFL9,2,PF17957
A0AAP9GFL9,3,PF17957
A0AAP9GFL9,4,PF17957
A0AAP9GFV5,1,PS51257
A0AAP9GFV5,2,PF02839
A0AAP9GFV5,3,PF17957
A0AAP9GFV5,4,PF17957
A0AAP9GHZ7,1,PF08329
A0AAP9GHZ7,3,PF22352
A0AAP9GHZ7,5,PF02839
A0AAP9J3C8,7,PF02839
A0AAP9J522,1,PF02839
A0AAP9J522,2,PF00041
A0AAP9K9A5,1,PF02839
A0AAP9K9A5,2,PF17957
A0AAP9K9A5,3,PF17957
A0AAP9K9A5,4,SM00495
A0AAP9K9A5,5,PF17957
A0AAP9K9A5,6,PF17957
A0AAP9KNX4,2,SM00495
A0AAP9NGD9,1,PS51257
A0AAP9QUX2,2,G3DSA:2.60.40.10
A0AAP9QUX2,3,SM00495
A0AAP9U3R7,2,G3DSA:2.60.40.10
A0AAP9UPN1,1,PF01476
A0AAP9UPN1,2,PF01476
A0AAP9UTH5,1,PF01476
A0AAP9UTH5,2,PF01476
A0AAQ0A703,2,PF00041
A0AAQ0A703,3,PF02839
A0AAQ0ARJ6,2,G3DSA:2.60.40.10
A0AAQ0ARJ6,3,PF02839
A0AAQ0CRC7,1,PF08329
A0AAQ0CRC7,3,PF22352
A0AAQ0CRC7,4,PF22352
A0AAQ0CRC7,5,SM00495
A0AAQ0CRC7,6,SM00495
A0AAQ0EAW0,1,SM00495
A0AAQ0EAW0,2,PF17957
A0AAQ0EAW0,3,PF17957
A0AAQ0EAW0,5,SM00495
A0AAQ0EBA4,2,PF02839
A0AAQ0EBA4,4,SM00495
A0AAQ0FR29,1,PF08329
A0AAQ0FR29,3,PF22352
A0AAQ0H3G5,1,PS51257
A0AAQ0J1C0,1,PF08329
A0AAQ0J1C0,3,PF22352
A0AAQ0J1C0,4,G3DSA:2.60.40.10
A0AAQ0J1C0,5,PF02839
A0AAQ0J1C0,6,PF02839
A0AAQ0JA63,1,PF08329
A0AAQ0JA63,3,PF22352
A0AAQ0JA63,5,PF02839
A0AAQ0JA63,6,PF02839
A0AAQ0LMN0,1,PS51257
A0AAQ0Q6W0,1,PS51257
A0AAQ0QKU4,1,PS51257
A0AAQ1BXE4,1,PS51257
A0AAQ1C9L1,1,SM00495
A0AAQ1C9L1,2,PF17957
A0AAQ1CA30,1,PF08329
A0AAQ1CA30,4,G3DSA:2.60.40.10
A0AAQ1CA30,5,PF02839
A0AAQ1CA30,6,PF02839
A0AAQ1CBR2,4,PF02839
A0AAQ1SWW4,1,PS51257
A0AAQ1SZ10,1,PS51257
A0AAQ2EU68,1,PF08329
A0AAQ2EU68,3,G3DSA:2.60.40.10
A0AAQ2EU68,5,PF02839
A0AAQ2EUG2,1,SM00495
A0AAQ2EUG2,2,PF17957
A0AAQ2EUG2,3,PF17957
A0AAQ2EUG2,5,SM00495
A0AAQ2EWZ7,1,PF02839
A0AAQ2EWZ7,2,PF17957
A0AAQ2EYS8,1,SM00495
A0AAQ2EYS8,2,PF17957
A0AAQ2EYS8,3,PF17957
A0AAQ2EYS8,4,SM00495
A0AAQ2EYS8,5,PF17957
A0AAQ2EYS8,6,PF17957
A0AAQ2Y092,1,PF02839
A0AAQ2Y092,2,PF17957
A0AAQ2Y092,3,PF17957
A0AAQ2Y092,4,SM00495
A0AAQ2Y092,5,PF17957
A0AAQ2Y092,6,PF17957
A0AAQ2Y3H5,1,G3DSA:2.60.40.10
A0AAQ2Y3H5,2,PF17957
A0AAQ2Y3H5,3,PF17957
A0AAQ2Y3H5,4,PF17957
A0AAQ2Y3I1,1,PF08329
A0AAQ2Y3I1,3,PF22352
A0AAQ2Y3I1,5,PF02839
A0AAQ3B1Q3,1,PS51257
A0AAQ3B1Q3,2,PF02839
A0AAQ3B1Q3,3,PF17957
A0AAQ3B1Q3,4,PF17957
A0AAQ3IGN4,1,PF01476
A0AAQ3IGN4,2,PF01476
A0AAQ3QWW1,2,PF00553
A0AAQ3QWW1,3,PF00553
A0AAQ3QWW1,6,PF00553
A0AAQ3Y8B4,3,PF00041
A0AAQ3Y8B4,4,PF02839
A0AAT9DS61,2,PF00041
A0AAT9DS61,3,PF02839
A0AAT9EHK8,2,SM00495
A0AAT9F4A8,1,PF08329
A0AAT9GVM2,4,G3DSA:2.60.40.10
A0AAT9GVM2,5,G3DSA:2.60.40.10
A0AAT9GVM2,6,G3DSA:2.60.40.10
A0AAT9GYT0,4,G3DSA:2.60.40.10
A0AAT9GYT0,5,G3DSA:2.60.40.10
A0AAT9HBV9,1,PF00041
A0AAT9HL87,1,PS51318
A0AAT9KNP6,1,PF00553
A0AAT9KNP6,2,PF00041
A0AAT9KU84,1,PS51318
A0AAT9KWS6,1,PF00553
A0AAT9L3P6,1,PF02018
A0AAT9L3P6,2,PF00041
A0AAT9L3W0,1,PF00553
A0AAT9L3W0,2,PF00041
A0AAT9L7U3,1,PF02018
A0AAT9L7U3,2,PF00041
A0AAT9LAK3,1,PF07833
A0AAT9LB64,1,PF07833
A0AAT9LBZ5,2,PF01476
A0AAT9LJE0,1,PS51257
A0AAT9LNP5,2,PF02018
A0AAT9LQM8,1,PS51318
A0AAT9LRV2,1,PF00553
A0AAT9LRV2,2,PF00041
A0AAT9LTF6,1,PS51318
A0AAT9LWD4,1,PS51318
A0AAT9LZJ7,1,PS51318
A0AAT9M0P0,1,PS51318
A0AAT9M3M7,1,PF00553
A0AAT9M3M7,2,PF00553
A0AAT9M3M7,3,PF00041
A0AAT9M4A0,1,PF02018
A0AAT9M891,1,PF02018
A0AAT9M891,2,PF00041
A0AAT9M903,2,PF02839
A0AAT9M903,3,PF02839
A0AAT9MBU4,2,G3DSA:2.60.40.10
A0AAT9MC80,2,PF02839
A0AAT9MC80,3,PF02839
A0AAT9MQG1,2,G3DSA:2.60.40.10
A0AAT9N2A1,2,G3DSA:2.60.40.10
A0AAT9PNA0,2,PF00041
A0AAT9PNA0,3,PF00553
A0AAT9PUZ1,1,PF01476
A0AAT9PUZ1,2,PF01476
A0AAT9PY16,3,PF00535
A0AAT9R6G0,1,PF00553
A0AAT9R6G0,2,PF00041
A0AAT9RNP5,1,PF02018
A0AAT9RNP5,2,PF00041
A0AAT9RNS7,1,PF00553
A0AAT9RNS7,2,PF00041
A0AAT9SHA0,2,PF00041
A0AAT9SHA0,3,PF02839
A0AAT9TA79,1,PF02018
A0AAT9TA79,2,PF00041
A0AAT9TBK8,1,PF00553
A0AAT9TBK8,2,PF00041
A0AAT9TMP9,1,PS51318
A0AAT9TMP9,3,PF02839
A0AAT9TQ74,1,PF02018
A0AAT9TQ74,2,PF00041
A0AAT9V2U7,1,SM00495
A0AAT9V2U7,2,SM00495
A0AAT9V2U7,3,SM00495
A0AAT9V2U7,4,SM00495
A0AAT9V4V6,1,PS51257
A0AAT9VZH3,2,PF00041
A0AAT9W911,2,PF22352
A0AAT9W911,3,PF02839
A0AAU0BBW9,1,PS51257
A0AAU0LQM6,3,PF00535
A0AAU0N1N0,1,SM00495
A0AAU0N1N0,2,SM00495
A0AAU0N1P3,1,PF08329
A0AAU0N1P3,3,PF22352
A0AAU0N1P3,4,PF22352
A0AAU0N1P3,5,G3DSA:2.60.40.10
A0AAU0N1P3,6,SM00495
A0AAU0N1P3,7,PF02839
A0AAU0N4B0,1,PF02839
A0AAU0N4B0,2,PF17957
A0AAU0N4B0,3,PF17957
A0AAU0NVD8,1,PF00041
A0AAU0NZF9,1,PF01476
A0AAU0NZF9,2,PF01476
A0AAU0QP28,1,PF01476
A0AAU0QP28,2,PF01476
A0AAU0QWS4,2,PF00041
A0AAU0QWS4,3,PF00553
A0AAU0R116,3,PF00535
A0AAU0REM6,2,PF17957
A0AAU0REM6,3,PF02839
A0AAU0REM6,4,PF17957
A0AAU0RL88,2,PF17957
A0AAU0RL88,4,PF17957
A0AAU0RL88,5,PF02839
A0AAU0RL88,6,PF17957
A0AAU0UK97,2,PF00395
A0AAU0UK97,3,PF00395
A0AAU0UK97,4,PF00395
A0AAU0ULK3,1,PF07833
A0AAU0UNU8,1,PS51257
A0AAU0USQ8,1,PF00553
A0AAU0USQ8,2,PF00041
A0AAU0UX53,1,PS51318
A0AAU0UX53,3,PF02839
A0AAU0V6K4,1,PF02018
A0AAU0V6K4,2,PF00041
A0AAU0V7N7,1,PF00553
A0AAU0V7N7,2,PF00041
A0AAU0V8H3,1,PF02018
A0AAU0V8H3,2,PF00041
A0AAU0VKY8,1,PF00553
A0AAU0VQX7,1,PF00553
A0AAU0VQX7,2,PF00041
A0AAU0VRQ9,1,PF02018
A0AAU0VRQ9,2,PF00041
A0AAU0VTB8,1,PS51318
A0AAU0VTB8,2,PF02018
A0AAU0VTB8,3,PF00041
A0AAU0VUQ5,2,PF02839
A0AAU0VW72,1,PF02018
A0AAU0VW72,2,PF00041
A0AAU0W003,2,PF02839
A0AAU0W854,1,PF00553
A0AAU0WFT6,1,PF00553
A0AAU0WFT6,2,PF00041
A0AAU0WJW2,1,PS51318
A0AAU0WJW2,2,PF02018
A0AAU0WJW2,3,PF00041
A0AAU0WPJ6,1,PF02018
A0AAU0WPJ6,2,PF00041
A0AAU0WPM4,1,PS51318
A0AAU0WPM4,2,PF02018
A0AAU0WPM4,3,PF00041
A0AAU0X4J3,1,PF00553
A0AAU0X4J3,2,PF00041
A0AAU0XMM0,1,PF00553
A0AAU0XTD7,1,PF02018
A0AAU0XTD7,2,PF00041
A0AAU0XUS8,1,PF02018
A0AAU0XUS8,2,PF00041
A0AAU0XWL6,1,PF00553
A0AAU0XWL6,2,PF00041
A0AAU0Y1D4,1,PS51318
A0AAU0Y4R2,1,PS51318
A0AAU0YA36,1,PF00553
A0AAU0YA36,2,PF00041
A0AAU0YDE8,1,PF02018
A0AAU0YDE8,2,PF00041
A0AAU0YH70,1,PF00553
A0AAU0YS14,1,PS51318
A0AAU0YS14,2,PF02018
A0AAU0YS14,3,PF00041
A0AAU0YS56,1,PF02018
A0AAU0YS56,2,PF00041
A0AAU0Z6V9,1,PF00553
A0AAU0Z6V9,2,PF00041
A0AAU0ZRT7,1,PF00553
A0AAU0ZRT7,2,PF00041
A0AAU1A697,1,PS51318
A0AAU1A697,2,PF02018
A0AAU1A697,3,PF00041
A0AAU1A9W9,1,PF02839
A0AAU1AJV9,1,PF00553
A0AAU1AQ48,1,PS51318
A0AAU1AUV8,2,PF02018
A0AAU1AVL9,1,PF00553
A0AAU1B0A6,1,PF02018
A0AAU1B0A6,2,PF00041
A0AAU1B0B5,1,PF02018
A0AAU1B0B5,2,PF00041
A0AAU1B898,2,PF02839
A0AAU1BAX8,2,PF02839
A0AAU1BFG7,1,PF00553
A0AAU1BFG7,2,PF00041
A0AAU1BJZ0,2,PF02018
A0AAU1BLX8,1,PF00553
A0AAU1BLX8,2,PF00041
A0AAU1BPK2,1,PF02018
A0AAU1BPK2,2,PF00041
A0AAU1BQG8,1,PF02018
A0AAU1BQG8,2,PF00041
A0AAU1BWR8,1,PS51318
A0AAU1BWR8,3,PF02839
A0AAU1C1G4,2,PF02839
A0AAU1C5I4,2,PF02018
A0AAU1C6E5,1,PF02018
A0AAU1C6E5,2,PF00041
A0AAU1C6G9,1,PF02018
A0AAU1C6G9,2,PF00041
A0AAU1C748,1,PF00553
A0AAU1C748,2,PF00041
A0AAU1C8M0,1,PS51318
A0AAU1C8M0,2,PF00553
A0AAU1C8M0,3,PF00041
A0AAU1CG67,1,PF00553
A0AAU1CG83,2,PF02839
A0AAU1CJ92,2,PF02839
A0AAU1CN10,1,PF02018
A0AAU1CN10,2,PF00041
A0AAU1CTD4,1,PF02018
A0AAU1CTD4,2,PF00041
A0AAU1CU40,1,PF02018
A0AAU1CU40,2,PF00041
A0AAU1CUP7,1,PS51318
A0AAU1CW48,1,PF00553
A0AAU1CW48,2,PF00041
A0AAU1D0D9,1,PS51318
A0AAU1D0D9,4,PF02839
A0AAU1D0F6,1,PF00553
A0AAU1DBE8,1,PS51318
A0AAU1DGX3,1,PF02018
A0AAU1DGX3,2,PF00041
A0AAU1DHQ4,1,PF00553
A0AAU1DHQ4,2,PF00041
A0AAU1DP88,1,PF00553
A0AAU1DXH6,1,PF02018
A0AAU1DXH6,2,PF00041
A0AAU1E6C6,1,PF00553
A0AAU1EA25,1,PS51257
A0AAU1EBL6,1,PF02018
A0AAU1EBL6,2,PF00041
A0AAU1ECM6,1,PS51318
A0AAU1ECM6,2,PF02018
A0AAU1ECM6,3,PF00041
A0AAU1ED88,1,PF00553
A0AAU1ED88,2,PF00041
A0AAU1EE02,2,PF02018
A0AAU1EGQ3,1,PS51318
A0AAU1EIG1,1,PS51318
A0AAU1EIG1,3,PF02839
A0AAU1EKZ0,1,PS51318
A0AAU1EKZ0,2,PF02018
A0AAU1EKZ0,3,PF00041
A0AAU1EYF7,1,PF02018
A0AAU1EYF7,2,PF00041
A0AAU1EYR2,1,PS51318
A0AAU1F0K0,1,PF02018
A0AAU1F0K0,2,PF00041
A0AAU1F5U9,1,PF00553
A0AAU1F5U9,2,PF00041
A0AAU1FI17,1,PF00553
A0AAU1FNV6,1,PF02018
A0AAU1FNV6,2,PF00041
A0AAU1FPK7,1,PS51257
A0AAU1FQB2,1,PF02018
A0AAU1FQB2,2,PF00041
A0AAU1FQF0,1,PF00553
A0AAU1FQF0,2,PF00041
A0AAU1FRT0,2,PF02839
A0AAU1G2Z3,2,SM00495
A0AAU1G4M9,2,PF02839
A0AAU1G980,1,PF02018
A0AAU1G980,2,PF00041
A0AAU1GBB6,1,PF00553
A0AAU1GBB6,2,PF00041
A0AAU1GE95,1,PF02018
A0AAU1GE95,2,PF00041
A0AAU1GHH9,1,PF00553
A0AAU1GHL4,1,PF02018
A0AAU1GHL4,2,PF00041
A0AAU1GLQ0,2,SM00495
A0AAU1GQ04,1,PF00553
A0AAU1GXW8,1,PF00553
A0AAU1GXW8,2,PF00041
A0AAU1GZ70,1,PS51318
A0AAU1GZ70,2,PF00553
A0AAU1GZ70,3,PF00041
A0AAU1H111,1,PF02018
A0AAU1H111,2,PF00041
A0AAU1H3T4,1,PF02018
A0AAU1H3T4,2,PF00041
A0AAU1HG16,1,PF00553
A0AAU1HG16,2,PF00041
A0AAU1HHG0,1,PF02018
A0AAU1HHG0,2,PF00041
A0AAU1HK43,1,PF02018
A0AAU1HK43,2,PF00041
A0AAU1HVZ2,1,PF02018
A0AAU1HVZ2,2,PF00041
A0AAU1HX31,1,PF00553
A0AAU1HX31,2,PF00041
A0AAU1HXX6,1,PF02018
A0AAU1HXX6,2,PF00041
A0AAU1I0V5,1,PF00553
A0AAU1I6W3,2,PF02839
A0AAU1IF35,1,PS51318
A0AAU1IF35,2,PF00553
A0AAU1IF35,3,G3DSA:2.60.40.10
A0AAU1IFX4,2,PF02018
A0AAU1II59,1,PS51257
A0AAU1IJD0,1,PF00553
A0AAU1IJD0,2,PF00041
A0AAU1IKR2,1,PF02018
A0AAU1IKR2,2,PF00041
A0AAU1IS83,1,PF00553
A0AAU1J140,1,PF02018
A0AAU1J140,2,PF00041
A0AAU1J285,2,PF02839
A0AAU1J3Q2,2,PF02839
A0AAU1JBZ0,1,PF00553
A0AAU1JL86,2,PF02018
A0AAU1JLW8,1,PF00553
A0AAU1JLW8,2,PF00041
A0AAU1JMC9,1,PF02018
A0AAU1JMC9,2,PF00041
A0AAU1JMI1,1,PS51257
A0AAU1JQK9,1,PS51318
A0AAU1JQK9,2,PF00553
A0AAU1JQK9,3,G3DSA:2.60.40.10
A0AAU1JUS8,1,PF02018
A0AAU1JUS8,2,PF00041
A0AAU1KB26,1,PS51257
A0AAU1KEL1,1,PF02018
A0AAU1KEL1,2,PF00041
A0AAU1KGD6,1,PF00553
A0AAU1KGD6,2,PF00041
A0AAU1KJT1,2,PF02839
A0AAU1KPX7,2,PF02839
A0AAU1KUN9,1,PF02018
A0AAU1KUN9,2,PF00041
A0AAU1L0X5,2,PF02839
A0AAU1L2R4,2,PF02839
A0AAU1L7I7,1,PF02018
A0AAU1L7I7,2,PF00041
A0AAU1LCJ5,1,PF02018
A0AAU1LCJ5,2,PF00041
A0AAU1LHV5,1,PF00553
A0AAU1LHV5,2,PF00041
A0AAU1LX74,1,PF02018
A0AAU1LX74,2,PF00041
A0AAU1LXX6,1,PF00553
A0AAU1LXX6,2,PF00041
A0AAU1LYQ3,1,PF02018
A0AAU1LYQ3,2,PF00041
A0AAU1M9L8,1,PS51318
A0AAU1MCP2,1,PS51318
A0AAU1MCP2,2,PF02018
A0AAU1MCP2,3,PF00041
A0AAU1MG97,1,PF00553
A0AAU1MXJ1,1,PF00553
A0AAU1MXJ1,2,PF00041
A0AAU1MYD9,1,PF02018
A0AAU1MYD9,2,PF00041
A0AAU1N2K4,1,PS51318
A0AAU1N628,1,PS51318
A0AAU1N628,2,PF02018
A0AAU1N628,3,PF00041
A0AAU1N9B2,1,PF00553
A0AAU1NQZ4,1,PF00553
A0AAU1NQZ4,2,PF00041
A0AAU1NRF5,1,PF02018
A0AAU1NRF5,2,PF00041
A0AAU1NSZ6,2,PF02839
A0AAU1P3V7,1,PF00553
A0AAU1PCF8,2,SM00495
A0AAU1PCP9,2,G3DSA:2.60.40.10
A0AAU1PCP9,3,PF02839
A0AAU1PDW2,1,PF00553
A0AAU1PFK2,2,SM00495
A0AAU1PFM4,1,PS51318
A0AAU1PFM4,2,PF02018
A0AAU1PI89,1,PF02018
A0AAU1PKZ1,3,PF02839
A0AAU1PM07,2,SM00495
A0AAU1PMH4,1,PF02018
A0AAU1PMH4,2,PF00041
A0AAU1PVJ5,1,PF02018
A0AAU1PXD1,1,PF00553
A0AAU1PXD1,2,PF00041
A0AAU1Q1Y4,1,PF02018
A0AAU1Q1Y4,2,PF00041
A0AAU1Q2Z8,1,PF00553
A0AAU1Q2Z8,2,PF00041
A0AAU1Q3X4,1,PF02018
A0AAU1Q3X4,2,PF00041
A0AAU1Q4X1,1,PS51318
A0AAU1Q740,1,PS51318
A0AAU1Q740,4,PF02839
A0AAU1Q7E2,1,PF00553
A0AAU1QQJ0,1,PF00553
A0AAU1QQJ0,2,PF00041
A0AAU1QVU5,1,PF00553
A0AAU1R095,1,PF02018
A0AAU1R095,2,PF00041
A0AAU1R2G3,1,PS51318
A0AAU1R7X4,1,PF02018
A0AAU1R7X4,2,PF00041
A0AAU1R8C6,2,SM00495
A0AAU1RDM5,2,PF02839
A0AAU1RH53,1,PF02018
A0AAU1RH53,2,PF00041
A0AAU1RHB7,1,PF00553
A0AAU1RHB7,2,PF00041
A0AAU1RIY7,1,PF02018
A0AAU1RIY7,2,PF00041
A0AAU1RMD5,1,PF02018
A0AAU1RMD5,2,PF00041
A0AAU1RNZ4,1,PF00553
A0AAU1RYJ9,1,PF00553
A0AAU1S6I0,1,PF02018
A0AAU1S6I0,2,PF00041
A0AAU1S7S4,1,PF00553
A0AAU1S7S4,2,PF00041
A0AAU1S9R5,2,PF02839
A0AAU1SC77,1,PS51318
A0AAU1SFS8,1,PF02018
A0AAU1SFS8,2,PF00041
A0AAU1SLM6,1,PF00553
A0AAU1SLM6,2,PF00041
A0AAU1SVL0,1,PF00553
A0AAU1SY75,1,PF02018
A0AAU1SY75,2,PF00041
A0AAU1SZB0,1,PS51318
A0AAU1T1V0,1,PF02018
A0AAU1T1V0,2,PF00041
A0AAU1TAS8,1,PS51318
A0AAU1TDV1,1,PS51318
A0AAU1TDV1,2,PF02018
A0AAU1TDV1,3,PF00041
A0AAU1TI33,1,PF00553
A0AAU1TW05,1,PF02018
A0AAU1TW05,2,PF00041
A0AAU1TYM4,1,PF00553
A0AAU1TYM4,2,PF00041
A0AAU1UDZ7,1,PS51318
A0AAU1UDZ7,2,PF02018
A0AAU1UDZ7,3,PF00041
A0AAU1UEB2,1,PF00553
A0AAU1UJX7,1,PS51318
A0AAU1UN21,1,PF02018
A0AAU1UN21,2,PF00041
A0AAU1UNA7,1,PF00553
A0AAU1UNA7,2,PF00041
A0AAU1UXH5,1,PF00553
A0AAU1V3D9,1,PS51318
A0AAU1V3D9,2,PF02018
A0AAU1V3D9,3,PF00041
A0AAU1VF42,1,PS51318
A0AAU1VJI1,1,PF00553
A0AAU1VPZ1,1,PF00553
A0AAU1VPZ1,2,PF00041
A0AAU1VQ23,1,PF02018
A0AAU1VQ23,2,PF00041
A0AAU1VSW7,1,PF02018
A0AAU1VSW7,2,PF00041
A0AAU1W7Q6,1,PF00553
A0AAU1W7Q6,2,PF00041
A0AAU1WDV4,1,PF00553
A0AAU1WGG5,1,PF02018
A0AAU1WGG5,2,PF00041
A0AAU1WLM6,1,PF02018
A0AAU1WLM6,2,PF00041
A0AAU1WN71,2,PF02839
A0AAU1WP10,1,PS51318
A0AAU1WQE4,1,PF02018
A0AAU1WQE4,2,PF00041
A0AAU1WSB2,1,PF00553
A0AAU1WSB2,2,PF00041
A0AAU1WY99,2,PF02839
A0AAU1X2J7,1,PF02018
A0AAU1X2J7,2,PF00041
A0AAU1XB02,2,PF02839
A0AAU1XFF8,2,PF02839
A0AAU1XJ17,1,PF00553
A0AAU1XJ17,2,PF00041
A0AAU1XKB1,1,PF02018
A0AAU1XKB1,2,PF00041
A0AAU1XL23,1,PF02018
A0AAU1XL23,2,PF00041
A0AAU1XSZ5,1,PF00553
A0AAU1YBW6,1,PF00553
A0AAU1YBW6,2,PF00041
A0AAU1YN58,1,PF02018
A0AAU1YN58,2,PF00041
A0AAU1YSK3,2,PF02839
A0AAU1YWY4,2,PF02839
A0AAU1Z2K7,2,PF02018
A0AAU1Z2Y0,1,PF02018
A0AAU1Z2Y0,2,PF00041
A0AAU1Z3Z5,1,PF00553
A0AAU1Z3Z5,2,PF00041
A0AAU1Z8E7,2,PF02839
A0AAU1ZBL6,1,PF00553
A0AAU1ZBN3,2,PF02839
A0AAU1ZG76,1,PF02018
A0AAU1ZG76,2,PF00041
A0AAU1ZPU9,1,PF00553
A0AAU1ZPU9,2,PF00041
A0AAU1ZRC1,1,PF02018
A0AAU1ZRC1,2,PF00041
A0AAU1ZVP4,1,PF00553
A0AAU1ZVP4,2,PF00041
A0AAU2AM93,1,PF02018
A0AAU2ANV6,1,PF02018
A0AAU2AP67,2,SM00495
A0AAU2AR44,1,PS51318
A0AAU2AR44,2,PF00553
A0AAU2AVP2,1,PS51318
A0AAU2AVP2,2,PF02018
A0AAU2AYZ6,2,PF02018
A0AAU2B103,1,PF00553
A0AAU2B103,2,PF00041
A0AAU2BD08,1,PF00553
A0AAU2BD08,2,PF00041
A0AAU2BME7,1,PF00553
A0AAU2BQA4,1,PF02018
A0AAU2BQA4,2,PF00041
A0AAU2BTM2,1,PS51318
A0AAU2BV73,1,PF02018
A0AAU2BV73,2,PF00041
A0AAU2BX66,1,PS51318
A0AAU2C3D1,1,PF00553
A0AAU2C3D1,2,PF00041
A0AAU2C5C9,1,PF02018
A0AAU2C5C9,2,PF00041
A0AAU2C9S7,1,PF00553
A0AAU2CU71,1,PF00553
A0AAU2CU71,2,PF00041
A0AAU2CV26,1,PF02018
A0AAU2CV26,2,PF00041
A0AAU2D0R9,1,PF00553
A0AAU2D2B2,1,PS51257
A0AAU2D8Y6,2,PF02839
A0AAU2DSJ6,1,PF00553
A0AAU2DSJ6,2,PF00041
A0AAU2E266,1,PF02018
A0AAU2E266,2,PF00041
A0AAU2E5E1,1,PF00553
A0AAU2E5E1,2,PF00041
A0AAU2E5Z0,1,PF00553
A0AAU2E5Z0,2,PF00041
A0AAU2E6M9,1,PF02018
A0AAU2E6M9,2,PF00041
A0AAU2E8R9,1,PF00553
A0AAU2E9K8,1,PF02018
A0AAU2E9V1,1,PS51318
A0AAU2E9V1,2,PF02018
A0AAU2E9X4,2,SM00495
A0AAU2ED23,1,PF02018
A0AAU2EI10,2,PF02018
A0AAU2EKG1,1,PF02018
A0AAU2EL84,1,PF00553
A0AAU2EL84,2,G3DSA:2.60.40.10
A0AAU2ENR8,2,SM00495
A0AAU2EVY6,1,PF00553
A0AAU2EVY6,2,PF00041
A0AAU2FLY8,2,PF02839
A0AAU2FNZ3,2,PF02839
A0AAU2FUN2,1,PF02018
A0AAU2FUN2,2,PF00041
A0AAU2FWA3,1,PF02018
A0AAU2FWA3,2,PF00041
A0AAU2FYC4,2,PF02018
A0AAU2G1M0,1,PF00553
A0AAU2G3R1,1,PF00553
A0AAU2G3R1,2,PF00041
A0AAU2G9A0,1,PF02018
A0AAU2G9A0,2,PF00041
A0AAU2GAV1,1,PF02018
A0AAU2GAV1,2,PF00041
A0AAU2GGT2,2,PF02839
A0AAU2GJ17,2,PF02839
A0AAU2GNR7,1,PF00553
A0AAU2GNR7,2,PF00041
A0AAU2GS74,1,PS51318
A0AAU2GWG8,1,PF02018
A0AAU2GWG8,2,PF00041
A0AAU2GY42,1,PF00553
A0AAU2GY42,2,PF00041
A0AAU2H5M6,3,PF02839
A0AAU2H5P4,1,PF00553
A0AAU2H8M4,1,PF00553
A0AAU2H8M4,2,PF00041
A0AAU2HB09,1,PF02018
A0AAU2HB09,2,PF00041
A0AAU2HBA2,2,PF02839
A0AAU2HBN4,2,SM00495
A0AAU2HKX1,1,PF00553
A0AAU2HKX1,2,PF00041
A0AAU2IBJ9,1,PF00553
A0AAU2IBJ9,2,PF00041
A0AAU2IF64,1,PF00553
A0AAU2IK68,1,PF02018
A0AAU2IK68,2,PF00041
A0AAU2ILQ4,1,PS51318
A0AAU2IRP6,1,PF02018
A0AAU2IRP6,2,PF00041
A0AAU2J2Q8,1,PF00553
A0AAU2J7V1,1,PF00553
A0AAU2J7V1,2,PF00041
A0AAU2J7Y4,1,PF02018
A0AAU2J7Y4,2,PF00041
A0AAU2JEN9,1,PS51318
A0AAU2JFL1,1,PF02018
A0AAU2JFL1,2,PF00041
A0AAU2JM17,2,PF02839
A0AAU2JQ17,2,PF02839
A0AAU2JV41,1,PF02018
A0AAU2JV41,2,PF00041
A0AAU2JX28,1,PF02018
A0AAU2JX28,2,PF00041
A0AAU2JXC5,1,PF00553
A0AAU2JXC5,2,PF00041
A0AAU2K1A9,1,PF00553
A0AAU2K5N3,1,PF02018
A0AAU2K5N3,2,PF00041
A0AAU2K7H6,1,PF02018
A0AAU2K7H6,2,PF00041
A0AAU2K806,1,PF00553
A0AAU2KBP8,1,PF00553
A0AAU2KBP8,2,PF00041
A0AAU2KBY4,1,PF02018
A0AAU2KBY4,2,PF00041
A0AAU2KGT1,2,PF02839
A0AAU2KHG6,2,SM00495
A0AAU2KTD4,1,PS51318
A0AAU2L6B5,1,PF00553
A0AAU2L6B5,2,PF00041
A0AAU2L8L4,1,PF00553
A0AAU2L8L4,2,PF00041
A0AAU2LAN7,2,PF02018
A0AAU2LDA1,1,PF02018
A0AAU2LDA1,2,PF00041
A0AAU2LDS9,1,PF02018
A0AAU2LDS9,2,PF00041
A0AAU2LJC1,2,PF02839
A0AAU2LNH4,2,PF02839
A0AAU2LT43,1,PF02018
A0AAU2LT43,2,PF00041
A0AAU2LTY4,1,PF02018
A0AAU2LTY4,2,PF00041
A0AAU2LY52,2,PF02018
A0AAU2M130,1,PF00553
A0AAU2M130,2,PF00041
A0AAU2M4Z2,1,PS51318
A0AAU2MFA3,1,PF00553
A0AAU2MFA3,2,PF00041
A0AAU2MGB5,1,PF02018
A0AAU2MGB5,2,PF00041
A0AAU2MI58,2,PF02018
A0AAU2ML67,1,PF02018
A0AAU2ML67,2,PF00041
A0AAU2MXN7,2,PF02839
A0AAU2MYU7,2,PF02839
A0AAU2N5N2,1,PF00553
A0AAU2N5N2,2,PF00041
A0AAU2N9D1,1,PF00553
A0AAU2NC57,1,PF02018
A0AAU2NC57,2,PF00041
A0AAU2NDA4,1,PF02018
A0AAU2NDA4,2,PF00041
A0AAU2NGS2,2,PF02018
A0AAU2NJJ3,1,PF00553
A0AAU2NJJ3,2,PF00041
A0AAU2NMC6,1,PS51318
A0AAU2NMC6,2,PF02018
A0AAU2NPK9,1,PS51318
A0AAU2NPK9,2,PF00553
A0AAU2NQZ9,1,PF02018
A0AAU2NTW0,1,PF02018
A0AAU2P5N6,1,PF00553
A0AAU2P5N6,2,PF00041
A0AAU2P6J3,1,PF02018
A0AAU2P6J3,2,PF00041
A0AAU2PF41,1,PF00553
A0AAU2PRE4,1,PF02018
A0AAU2PRE4,2,PF00041
A0AAU2PWT7,2,PF02839
A0AAU2PYG0,2,PF02839
A0AAU2Q341,1,PF00553
A0AAU2Q341,2,PF00041
A0AAU2QAA5,1,PF02018
A0AAU2QAA5,2,PF00041
A0AAU2QAT6,1,PF02018
A0AAU2QAT6,2,PF00041
A0AAU2QHT4,1,PS51318
A0AAU2QHT4,2,PF02018
A0AAU2QHT4,3,PF00041
A0AAU2QJX5,1,PF02018
A0AAU2QJX5,2,PF00041
A0AAU2QLD3,1,PF00553
A0AAU2QLD3,2,PF00041
A0AAU2QQZ5,1,PF00553
A0AAU2RDD8,1,PF00553
A0AAU2RDD8,2,PF00041
A0AAU2S4B0,1,PF00553
A0AAU2SAQ5,1,PF00553
A0AAU2SAQ5,2,PF00041
A0AAU2SDQ8,1,PF02018
A0AAU2SDQ8,2,PF00041
A0AAU2SIA9,1,PS51318
A0AAU2SIA9,2,PF02018
A0AAU2SIA9,3,PF00041
A0AAU2ST64,1,PS51318
A0AAU2SWI4,1,PS51318
A0AAU2SWI4,2,PF02018
A0AAU2SWI4,3,PF00041
A0AAU2SWN0,1,PF00553
A0AAU2SWN0,2,PF00041
A0AAU2T6B8,1,PF00553
A0AAU2TNS8,1,PF00553
A0AAU2TTB2,1,PS51318
A0AAU2TTB2,2,PF02018
A0AAU2TTB2,3,PF00041
A0AAU2TVY2,1,PF00553
A0AAU2TVY2,2,PF00041
A0AAU2U943,2,PF02018
A0AAU2UCR8,1,PF02018
A0AAU2UCR8,2,PF00041
A0AAU2UD97,1,PF00553
A0AAU2UD97,2,PF00041
A0AAU2UPK6,1,PS51318
A0AAU2US32,1,PF02018
A0AAU2US32,2,PF00041
A0AAU2UXQ7,1,PS51318
A0AAU2UXQ7,3,PF02018
A0AAU2V2Q8,1,PF00553
A0AAU2V2Q8,2,PF00041
A0AAU2V3P5,1,PF02018
A0AAU2V3P5,2,PF00041
A0AAU2V9X3,1,PS51318
A0AAU2V9X3,4,PF02839
A0AAU2VDS6,2,PF02839
A0AAU2VH98,1,PS51318
A0AAU2VH98,3,SM00495
A0AAU2VI08,2,PF02018
A0AAU2VKG1,1,PS51318
A0AAU2VKG1,2,PF00553
A0AAU2VKG1,3,PF00041
A0AAU2VMC1,1,PF00553
A0AAU2VMC1,2,PF00041
A0AAU2VN27,1,PF02018
A0AAU2VN27,2,PF00041
A0AAU2VP25,1,PS51318
A0AAU2VP25,2,PF02018
A0AAU2VP25,3,PF00041
A0AAU2VUQ4,1,PF00553
A0AAU2WEA6,1,PF00553
A0AAU2WIH3,1,PF02018
A0AAU2WIH3,2,PF00041
A0AAU2WM08,1,PS51318
A0AAU2WM79,1,PS51318
A0AAU2WNS1,1,PF00553
A0AAU2WNS1,2,PF00041
A0AAU2XDD9,1,PF00553
A0AAU2XDD9,2,PF00041
A0AAU2XNB7,1,PS51318
A0AAU2XNB7,2,PF02018
A0AAU2XNB7,3,PF00041
A0AAU2XR59,1,PF00553
A0AAU2XR59,2,PF00041
A0AAU2XZ53,1,PF00553
A0AAU2YAS0,2,PF02018
A0AAU2YCF2,1,PF00553
A0AAU2YCF2,2,PF00041
A0AAU2YG42,1,PF00553
A0AAU2YG42,2,PF00041
A0AAU2YHC1,1,PF02018
A0AAU2YHC1,2,PF00041
A0AAU2YPK7,1,PF00553
A0AAU2YRE0,2,SM00495
A0AAU2YVP9,1,PF02018
A0AAU2YVP9,2,PF00041
A0AAU2Z5Z6,1,PF00553
A0AAU2ZCJ1,1,PF02018
A0AAU2ZCJ1,2,PF00041
A0AAU2ZDK2,1,PF00553
A0AAU2ZDK2,2,PF00041
A0AAU2ZEI4,1,PS51318
A0AAU2ZEI4,2,PF02018
A0AAU2ZEI4,3,PF00041
A0AAU2ZZW2,1,PF00553
A0AAU2ZZW2,2,PF00041
A0AAU3A763,1,PF00553
A0AAU3A7A9,1,PF02018
A0AAU3A7A9,2,PF00041
A0AAU3ACY3,1,PS51318
A0AAU3AD11,1,PF02018
A0AAU3AD11,2,PF00041
A0AAU3AHR3,1,PS51318
A0AAU3AJE3,1,PF00553
A0AAU3AJE3,2,PF00041
A0AAU3AMK0,1,PF02018
A0AAU3AMK0,2,PF00041
A0AAU3APL3,3,PF02839
A0AAU3APM8,1,PF00553
A0AAU3AUY6,2,PF02839
A0AAU3AVY8,1,PF00553
A0AAU3AVY8,2,PF00041
A0AAU3AYL7,1,PF02018
A0AAU3AYL7,2,PF00041
A0AAU3AZ83,2,SM00495
A0AAU3BB58,1,PF00553
A0AAU3BFU7,1,PF00553
A0AAU3BFU7,2,PF00041
A0AAU3BJN3,1,PF02018
A0AAU3BJN3,2,PF00041
A0AAU3BLM3,1,PS51318
A0AAU3BLM3,2,PF02018
A0AAU3BLM3,3,PF00041
A0AAU3BTX4,1,PF02018
A0AAU3BTX4,2,PF00041
A0AAU3BVS7,1,PS51318
A0AAU3BVS7,2,PF02018
A0AAU3BVS7,3,PF00041
A0AAU3BZJ5,1,PF02018
A0AAU3BZJ5,2,PF00041
A0AAU3C2G5,1,PF00553
A0AAU3C2G5,2,PF00041
A0AAU3C6R8,1,PF00553
A0AAU3CFI2,1,PF02018
A0AAU3CFI2,2,PF00041
A0AAU3CJI8,1,PS51318
A0AAU3CJI8,2,PF02018
A0AAU3CJI8,3,PF00041
A0AAU3CMP5,1,PF00553
A0AAU3CMP5,2,PF00041
A0AAU3CP04,1,PS51318
A0AAU3CP04,2,PF02018
A0AAU3CP04,3,PF00041
A0AAU3CTB4,1,PS51318
A0AAU3CTB4,2,PF00553
A0AAU3D6J0,2,PF02839
A0AAU3DAX7,1,PF00553
A0AAU3DAZ6,2,PF02839
A0AAU3DGN2,1,PF00553
A0AAU3DGN2,2,PF00041
A0AAU3DH51,1,PS51318
A0AAU3DH51,2,PF02018
A0AAU3DH51,3,PF00041
A0AAU3DHM1,1,PF02018
A0AAU3DIP2,1,PF00553
A0AAU3DIP2,2,PF00041
A0AAU3DKF6,2,PF02018
A0AAU3DM62,1,PF02018
A0AAU3DM62,2,PF00041
A0AAU3DUI4,1,PF00553
A0AAU3DUI4,2,PF00041
A0AAU3DV97,1,PF02839
A0AAU3DYP4,1,PF00553
A0AAU3E089,1,PF00553
A0AAU3E089,2,PF00041
A0AAU3E213,1,PS51318
A0AAU3E213,2,PF00553
A0AAU3E246,1,PF00553
A0AAU3EHG9,1,PF00553
A0AAU3EPC6,2,PF02839
A0AAU3ESB9,2,SM00495
A0AAU3F3M4,1,PF00553
A0AAU3F6R7,1,PF00553
A0AAU3F6R7,2,PF00041
A0AAU3F9M6,1,PF02018
A0AAU3F9M6,2,PF00041
A0AAU3FCT1,1,PF02018
A0AAU3FCT1,2,PF00041
A0AAU3FGJ7,1,PF00553
A0AAU3FGJ7,2,PF00041
A0AAU3FHE7,1,PF02839
A0AAU3FHG4,1,PF00553
A0AAU3FHK3,1,PF00553
A0AAU3FMA1,1,PF00553
A0AAU3FMA1,2,PF00041
A0AAU3FSK7,2,PF02839
A0AAU3FT34,1,PF00553
A0AAU3G0H5,1,PF00553
A0AAU3G0H5,2,PF00553
A0AAU3G0H5,3,PF00041
A0AAU3G2K5,1,PF02018
A0AAU3G7U5,1,PF00553
A0AAU3G7U5,2,PF00041
A0AAU3G9I7,1,PF02018
A0AAU3G9I7,2,PF00041
A0AAU3GFY2,1,PF00553
A0AAU3GFY2,2,PF00041
A0AAU3GNU3,1,PS51318
A0AAU3GU53,1,PF00553
A0AAU3GU53,2,PF00041
A0AAU3GYP7,1,PF00553
A0AAU3H616,1,PF02839
A0AAU3HBL1,1,PS51257
A0AAU3HBL1,2,PF02839
A0AAU3HBN1,1,PS51257
A0AAU3HBN1,2,PF02839
A0AAU3HC65,1,PF00553
A0AAU3HCK1,2,PF02839
A0AAU3HCK1,3,PF02839
A0AAU3HZU3,1,PF00553
A0AAU3I2L4,1,PF02018
A0AAU3I2L4,2,PF00041
A0AAU3I584,1,PS51318
A0AAU3I584,2,PF02018
A0AAU3I584,3,PF00041
A0AAU3I5V8,1,PF00553
A0AAU3I5V8,2,PF00041
A0AAU3IAP3,2,PF02839
A0AAU3IC84,1,PF02839
A0AAU3IC84,2,PF00041
A0AAU3IED7,1,PF02018
A0AAU3IED7,2,PF00041
A0AAU3IG86,1,PS51257
A0AAU3IMM0,1,PF02839
A0AAU3IV29,2,PF02839
A0AAU3J2T1,1,PS51257
A0AAU3J6P2,1,PF00553
A0AAU3JAE1,1,PF02018
A0AAU3JAE1,2,PF00041
A0AAU3JCK3,1,PF00553
A0AAU3JCK3,2,PF00041
A0AAU3K5K4,1,PF00553
A0AAU3K5K4,2,PF00041
A0AAU3L5Q1,1,PS51318
A0AAU3L5Q1,3,PF02018
A0AAU3LHN0,1,PF02018
A0AAU3LHN0,2,PF00041
A0AAU3LJF0,1,PF00553
A0AAU3LJF0,2,PF00041
A0AAU3LME3,1,PF02018
A0AAU3LME3,2,PF00041
A0AAU3LP89,2,PF02018
A0AAU3LS34,1,PS51318
A0AAU3LS34,2,PF00553
A0AAU3LS34,3,PF00041
A0AAU3LTS5,1,PF02018
A0AAU3LTS5,2,PF00041
A0AAU3LU00,1,PF00553
A0AAU3LU00,2,PF00041
A0AAU3M8A2,1,PF02018
A0AAU3M8A2,2,PF00041
A0AAU3MC96,1,PS51318
A0AAU3MGA0,1,PS51318
A0AAU3MGA0,2,PF02018
A0AAU3MGA0,3,PF00041
A0AAU3ML49,1,PF00553
A0AAU3N2R1,1,PF02018
A0AAU3N2R1,2,PF00041
A0AAU3N2R9,1,PF00553
A0AAU3N2R9,2,PF00041
A0AAU3N9R6,1,PF02018
A0AAU3N9R6,2,PF00041
A0AAU3NGK8,1,PF00553
A0AAU3NGK8,2,PF00041
A0AAU3NI64,1,PF00553
A0AAU3NL13,1,PS51318
A0AAU3NMJ7,1,PS51318
A0AAU3NMJ7,2,PF02018
A0AAU3NMJ7,3,PF00041
A0AAU3NV06,2,G3DSA:2.60.40.10
A0AAU3NV06,3,PF02018
A0AAU3P0C4,1,PS51318
A0AAU3P0V6,1,PS51318
A0AAU3P0V6,2,PF02018
A0AAU3P0V6,3,PF00041
A0AAU3P442,1,PF00553
A0AAU3PCN4,1,PF00553
A0AAU3PCN4,2,PF00041
A0AAU3PLQ5,1,PF02018
A0AAU3PLQ5,2,PF00041
A0AAU3QH24,1,PS51318
A0AAU3QPI0,1,PF00553
A0AAU3QPI0,2,PF00041
A0AAU3QSE8,1,PF00553
A0AAU3QSE8,2,PF00041
A0AAU3QT65,2,PF02018
A0AAU3QWN1,1,PF02018
A0AAU3QWN1,2,PF00041
A0AAU3QWU2,1,PF02018
A0AAU3QWU2,2,PF00041
A0AAU3R6G9,2,PF02839
A0AAU3RD67,2,PF02839
A0AAU3RGA7,1,PF00553
A0AAU3RGA7,2,PF00041
A0AAU3RGU3,1,PF02018
A0AAU3RGU3,2,PF00041
A0AAU3RKY9,1,PF00553
A0AAU3RSJ3,1,PF02018
A0AAU3RSJ3,2,PF00041
A0AAU3RTT5,2,PF02839
A0AAU3RU17,1,PF00553
A0AAU3RU17,2,PF00041
A0AAU3RZW7,1,PF00553
A0AAU3RZX7,3,PF02839
A0AAU3S595,1,PF02018
A0AAU3S595,2,PF00041
A0AAU3S5J5,1,PF00553
A0AAU3S5J5,2,PF00041
A0AAU3SAL2,1,PS51318
A0AAU3SBA9,2,SM00495
A0AAU3SDM5,1,PF02018
A0AAU3SDM5,2,PF00041
A0AAU3SL48,2,PF02839
A0AAU3SR66,2,PF02839
A0AAU3SSG4,1,PF00553
A0AAU3SSG4,2,PF00041
A0AAU3SSS0,1,PF02018
A0AAU3SSS0,2,PF00041
A0AAU3SU77,1,PF02018
A0AAU3SU77,2,PF00041
A0AAU3SY84,1,PF00553
A0AAU3T3Q0,2,PF02839
A0AAU3T865,1,PF02018
A0AAU3T865,2,PF00041
A0AAU3T8R5,1,PF02018
A0AAU3T8R5,2,PF00041
A0AAU3TIQ9,2,PF02839
A0AAU3TJA9,1,PF00553
A0AAU3TJA9,2,PF00041
A0AAU3TSY7,1,PF00553
A0AAU3TSY7,2,PF00041
A0AAU3TU42,1,PF02018
A0AAU3TU42,2,PF00041
A0AAU3U053,1,PF00553
A0AAU3U141,1,PS51257
A0AAU3U969,2,PF02839
A0AAU3V7T1,1,PF02018
A0AAU3V8Z3,1,PS51318
A0AAU3V8Z3,2,PF02018
A0AAU3VC04,1,PF00553
A0AAU3VJ90,1,PS51318
A0AAU3W093,1,PF00553
A0AAU3W673,1,PF00553
A0AAU3W673,2,PF00041
A0AAU3W7C8,1,PS51257
A0AAU3W7X4,1,PS51318
A0AAU3W7X4,2,PF02018
A0AAU3W7X4,3,PF00041
A0AAU3W980,1,PF02018
A0AAU3W980,2,PF00041
A0AAU3WAK7,1,PS51318
A0AAU3WAK7,2,PF02018
A0AAU3WAK7,3,PF00041
A0AAU3WC49,2,PF02839
A0AAU3WRW7,1,PF00553
A0AAU3WRW7,2,PF00041
A0AAU3XH02,1,PF00553
A0AAU3XH02,2,PF00041
A0AAU3Y2A1,1,PS51318
A0AAU3Y2A1,2,PF02018
A0AAU3Y2A1,3,PF00041
A0AAU3YKB7,1,PF00553
A0AAU3YKB7,2,PF00041
A0AAU3Z612,1,PF00553
A0AAU3ZL45,1,PF00553
A0AAU3ZZ67,2,PF02839
A0AAU3ZZC5,2,PF02839
A0AAU4A505,2,PF02839
A0AAU4A9H4,2,PF02839
A0AAU4AEP4,1,PF02018
A0AAU4AEP4,2,PF00041
A0AAU4AG25,1,PF02018
A0AAU4AG25,2,PF00041
A0AAU4AK61,1,PF00553
A0AAU4ALH4,3,PF02839
A0AAU4AMI2,1,PF00553
A0AAU4AMI2,2,PF00041
A0AAU4AS54,1,PF02018
A0AAU4AS72,1,PS51318
A0AAU4AS72,2,PF02018
A0AAU4AYY3,1,PS51318
A0AAU4AYY3,3,SM00495
A0AAU4B377,2,SM00495
A0AAU4B5U3,1,PF00553
A0AAU4B5X5,2,PF02839
A0AAU4B6T0,1,PF02018
A0AAU4BFB4,1,PF02839
A0AAU4BJE9,1,PF00553
A0AAU4BJE9,2,PF00041
A0AAU4BLN3,1,PF02018
A0AAU4BLN3,2,PF00041
A0AAU4BM87,1,PF00553
A0AAU4BM87,2,PF00553
A0AAU4BM87,3,PF00041
A0AAU4BME8,1,PF00553
A0AAU4BME8,2,PF00041
A0AAU4BML2,1,PF00553
A0AAU4BML2,2,PF00041
A0AAU4BML6,1,PS51318
A0AAU4BML6,2,PF00553
A0AAU4BML6,3,PF00041
A0AAU4C4U0,1,PF00553
A0AAU4C4U0,2,PF00041
A0AAU4C5A6,1,PF02018
A0AAU4C5A6,2,PF00041
A0AAU4CB13,1,PF00553
A0AAU4CSQ5,1,PF00553
A0AAU4CSQ5,2,PF00041
A0AAU4D9R4,1,PF02018
A0AAU4DEB5,1,PF00553
A0AAU4DEB5,2,PF00041
A0AAU4DER7,1,PF02018
A0AAU4DF30,1,PF00553
A0AAU4DF30,2,G3DSA:2.60.40.10
A0AAU4DF30,3,PF00041
A0AAU4DH90,1,PF02018
A0AAU4DJ77,1,PS51318
A0AAU4DJ77,2,PF00553
A0AAU4DMB3,1,PF02018
A0AAU4DP75,2,PF02018
A0AAU4E1L4,1,PF00553
A0AAU4E2N1,1,PF00553
A0AAU4E631,1,PF02018
A0AAU4E8P7,1,PS51318
A0AAU4E8S0,1,PS51318
A0AAU4EDZ3,2,PF02018
A0AAU4EE48,1,PF00553
A0AAU4EE48,2,PF00041
A0AAU4EKS1,1,PS51318
A0AAU4EKS1,3,PF02839
A0AAU4EMW9,1,PF02018
A0AAU4EMW9,2,PF00041
A0AAU4EPG1,1,PS51318
A0AAU4ESP1,1,PF02018
A0AAU4ESP1,2,PF00041
A0AAU4EXE8,1,PF00553
A0AAU4EY17,1,PF00553
A0AAU4F282,1,PF02018
A0AAU4F5U7,1,PS51318
A0AAU4F5U7,3,PF02839
A0AAU4FAG8,1,PF00553
A0AAU4FAG8,2,PF00041
A0AAU4FAH5,2,PF02018
A0AAU4FKB1,1,PF00553
A0AAU4FKB1,2,PF00041
A0AAU4FLB1,1,PF02018
A0AAU4FLB1,2,PF00041
A0AAU4FR52,1,PS51318
A0AAU4FR52,4,SM00495
A0AAU4FX48,1,PS51318
A0AAU4FX48,2,PF02018
A0AAU4FX48,3,PF00041
A0AAU4FXG2,2,PF02018
A0AAU4FYQ8,2,PF02839
A0AAU4GB87,2,PF02018
A0AAU4GDP5,1,PS51318
A0AAU4GPQ5,2,PF02839
A0AAU4GPQ5,3,PF02839
A0AAU4GU39,2,PF02839
A0AAU4GVD0,1,PS51257
A0AAU4GXI6,1,PF00553
A0AAU4GXI6,2,PF00041
A0AAU4H708,1,PF00553
A0AAU4HF68,1,PF00553
A0AAU4HF68,2,G3DSA:2.60.40.10
A0AAU4HFR0,1,PF02018
A0AAU4HFR0,2,PF00041
A0AAU4HHS0,2,PF02018
A0AAU4HI52,1,PF02018
A0AAU4HI52,2,PF00041
A0AAU4HKA9,1,PS51318
A0AAU4HKA9,2,PF00553
A0AAU4HKA9,3,PF00041
A0AAU4HL62,1,PF02018
A0AAU4HL62,2,PF00041
A0AAU4HM39,1,PF00553
A0AAU4HM39,2,PF00041
A0AAU4HYB7,1,PF00553
A0AAU4I1N1,1,PS51318
A0AAU4I1N1,2,PF02018
A0AAU4I1N1,3,PF00041
A0AAU4I1R6,1,PF02018
A0AAU4I1R6,2,PF00041
A0AAU4I990,1,PF02018
A0AAU4I990,2,PF00041
A0AAU4IGN1,2,PF02839
A0AAU4IK47,2,PF02839
A0AAU4INR0,1,PF02018
A0AAU4INR0,2,PF00041
A0AAU4IQV3,1,PF00553
A0AAU4IQV3,2,PF00041
A0AAU4IRQ3,1,PF02018
A0AAU4IRQ3,2,PF00041
A0AAU4ITX7,1,PS51318
A0AAU4J1A3,1,PF00553
A0AAU4J3J2,1,PF00553
A0AAU4J3J2,2,PF00041
A0AAU4J574,1,PS51318
A0AAU4J574,3,PF02839
A0AAU4J6H4,1,PF02018
A0AAU4J6H4,2,PF00041
A0AAU4J850,1,PS51318
A0AAU4J850,2,PF02018
A0AAU4J850,3,PF00041
A0AAU4JLN8,1,PS51318
A0AAU4JLN8,2,PF00553
A0AAU4JNI2,1,PF00553
A0AAU4JQ95,1,PF02839
A0AAU4JT06,1,PS51318
A0AAU4KI21,1,PF00553
A0AAU4KN29,1,PF00553
A0AAU4KN29,2,PF00041
A0AAU4KPQ1,1,PS51318
A0AAU4KPQ1,2,PF02018
A0AAU4KPQ1,3,PF00041
A0AAU4KS27,1,PS51318
A0AAU4KS27,2,PF02018
A0AAU4KS27,3,PF00041
A0AAU4KSX0,2,PF02839
A0AAU4KXE5,1,PF02018
A0AAU4KXE5,2,PF00041
A0AAU4L2W6,1,PF02018
A0AAU4L2W6,2,PF00041
A0AAU4L9S5,1,PF00553
A0AAU4LBJ0,1,PS51318
A0AAU4LBJ0,3,PF02839
A0AAU4LHH5,1,PS51318
A0AAU4LHP4,1,PF00553
A0AAU4LHP4,2,PF00041
A0AAU4LHS3,1,PF02018
A0AAU4LHS3,2,PF00041
A0AAU4LJ86,1,PS51318
A0AAU4LK71,2,PF02018
A0AAU4LKP8,2,PF02839
A0AAU4LM86,1,PF00553
A0AAU4LM86,2,PF00041
A0AAU4LQ92,1,PF02018
A0AAU4LQ92,2,PF00041
A0AAU4LRJ3,1,PF00553
A0AAU4LRJ3,2,PF00041
A0AAU4LXI5,1,PF00553
A0AAU4M575,1,PF02018
A0AAU4M575,2,PF00041
A0AAU4M8B4,1,PS51318
A0AAU4M8C6,2,G3DSA:2.60.40.10
A0AAU4M8C6,3,PF02018
A0AAU4M973,1,PF00553
A0AAU4M973,2,PF00041
A0AAU4M9H5,1,PF00553
A0AAU4M9H5,2,PF00041
A0AAU4MB77,1,PF00553
A0AAU4MB77,2,PF00041
A0AAU4ME90,1,PS51318
A0AAU4ME90,2,PF02018
A0AAU4MG99,1,PF02018
A0AAU4MGB4,1,PF00553
A0AAU4MGR9,2,SM00495
A0AAU4MGT2,1,PF02018
A0AAU4MHD3,1,PF02018
A0AAU4ML30,1,PF02018
A0AAU4MMU7,2,SM00495
A0AAU4MY88,1,PF00553
A0AAU4MYA1,2,PF02839
A0AAU4N182,1,PS51318
A0AAU4N2I7,1,PF02018
A0AAU4N2I7,2,PF00041
A0AAU4N3B4,1,PF00553
A0AAU4N3B4,2,PF00041
A0AAU4N3D7,1,PF02018
A0AAU4N3D7,2,PF00041
A0AAU4N5R9,1,PS51318
A0AAU4N6T8,1,PS51318
A0AAU4N6T8,3,SM00495
A0AAU4P108,2,PF02018
A0AAU4P6M9,1,PS51318
A0AAU4P6M9,2,PF00553
A0AAU4P6M9,3,PF00041
A0AAU4P7X1,1,PF02018
A0AAU4P7X1,2,PF00041
A0AAU4P8R5,1,PF00553
A0AAU4P8R5,2,PF00041
A0AAU4PGW3,1,PF00553
A0AAU4PKR2,1,PF02018
A0AAU4PKR2,2,PF00041
A0AAU4PLY4,1,PS51318
A0AAU4PLY4,2,PF02018
A0AAU4PLY4,3,PF00041
A0AAU4PN89,1,PS51318
A0AAU4PN89,2,PF02018
A0AAU4PN89,3,PF00041
A0AAU4Q2I3,1,PF00553
A0AAU4Q2I3,2,PF00041
A0AAU4QJG9,1,PF02018
A0AAU4QJG9,2,PF00041
A0AAU4QPB7,1,PF00553
A0AAU4QPB7,2,PF00041
A0AAU4QR87,1,PF02018
A0AAU4QR87,2,PF00041
A0AAU4QS70,1,PF00553
A0AAU4QZ17,2,PF02839
A0AAU4R9Y3,1,PF02018
A0AAU4R9Y3,2,PF00041
A0AAU4RA53,1,PF00553
A0AAU4RA53,2,PF00041
A0AAU4RIP4,1,PF00553
A0AAU4RRL1,1,PF02018
A0AAU4RRL1,2,PF00041
A0AAU4S0P2,3,PF02839
A0AAU4S360,1,PS51318
A0AAU4S360,2,PF00553
A0AAU4S4E4,1,PS51257
A0AAU4S882,1,PF02018
A0AAU4S882,2,PF00041
A0AAU4S955,1,PF00553
A0AAU4S955,2,PF00041
A0AAU4SAF5,1,PS51257
A0AAU4SG76,1,PS51318
A0AAU4SG76,2,PF02018
A0AAU4SG76,3,PF00041
A0AAU4SL67,1,PF02018
A0AAU4SL67,2,PF00041
A0AAU4TJ51,1,PF00553
A0AAU4TQ33,1,PF02018
A0AAU4TQ33,2,PF00041
A0AAU4TS95,1,PF00553
A0AAU4TS95,2,PF00041
A0AAU4UG91,1,PF00553
A0AAU4UG91,2,PF00041
A0AAU4UUC1,1,PF00553
A0AAU4UYN6,1,PF02018
A0AAU4UYN6,2,PF00041
A0AAU4UZE7,1,PF00553
A0AAU4UZE7,2,PF00041
A0AAU4V3Q4,2,PF02839
A0AAU4V7M9,2,PF02839
A0AAU4VE33,1,PF02018
A0AAU4VE33,2,PF00041
A0AAU4VJ18,2,PF02839
A0AAU4VNG9,2,PF02839
A0AAU4VSG7,1,PF02018
A0AAU4VSG7,2,PF00041
A0AAU4VU33,1,PF02018
A0AAU4VU33,2,PF00041
A0AAU4VY15,2,PF02018
A0AAU4W196,1,PF00553
A0AAU4W196,2,PF00041
A0AAU4W2V4,1,PF00553
A0AAU4WCE0,1,PF00553
A0AAU4WCE0,2,PF00041
A0AAU4WLC1,1,PF00553
A0AAU4WP03,1,PS51318
A0AAU4WP03,2,PF02018
A0AAU4WP03,3,PF00041
A0AAU4WSW5,1,PS51318
A0AAU4WTY6,1,PF02018
A0AAU4WTY6,2,PF00041
A0AAU4WY46,2,PF02839
A0AAU4X9J8,1,PF00553
A0AAU4XDJ6,1,PF00553
A0AAU4XDJ6,2,PF00041
A0AAU4XEP3,1,PS51318
A0AAU4XEP3,2,PF02018
A0AAU4XEP3,3,PF00041
A0AAU4XJW3,1,PS51318
A0AAU4XJW3,2,PF02018
A0AAU4XJW3,3,PF00041
A0AAU4XND6,1,PF02018
A0AAU4XND6,2,PF00041
A0AAU4XXG3,1,PF00553
A0AAU4XXG3,2,PF00041
A0AAU4Y0Y6,1,PF02018
A0AAU4Y0Y6,2,PF00041
A0AAU4YBE2,1,PF00553
A0AAU4YFT0,2,PF02839
A0AAU4YJH2,1,PF00553
A0AAU4YPG2,1,PS51318
A0AAU4YPG2,2,PF02018
A0AAU4YPG2,3,PF00041
A0AAU4YPR1,1,PF00553
A0AAU4YPR1,2,PF00041
A0AAU4YQ44,1,PF02018
A0AAU4YQ44,2,PF00041
A0AAU4YUF6,1,PF00553
A0AAU4YUF6,2,PF00041
A0AAU4YUW4,1,PS51318
A0AAU4Z2G2,2,PF02018
A0AAU4Z5F6,1,PF00553
A0AAU4Z5F6,2,PF00041
A0AAU4Z814,1,PF00553
A0AAU4Z814,2,PF00041
A0AAU4ZIW1,1,PF02018
A0AAU4ZIW1,2,PF00041
A0AAU4ZIY9,1,PF02018
A0AAU4ZIY9,2,PF00041
A0AAU4ZJ41,1,PS51318
A0AAU4ZUM0,1,PF02018
A0AAU4ZUM0,2,PF00041
A0AAU4ZYD5,1,PF00553
A0AAU4ZYD5,2,PF00041
A0AAU4ZZA7,1,PS51318
A0AAU4ZZA7,2,PF02018
A0AAU4ZZA7,3,PF00041
A0AAU5A5B1,1,PF00553
A0AAU5AFV6,1,PS51318
A0AAU5AFV6,2,PF00553
A0AAU5AFV6,3,G3DSA:2.60.40.10
A0AAU5AK03,1,PS51257
A0AAU5ALC4,1,PF02018
A0AAU5ALC4,2,PF00041
A0AAU5AMH0,1,PF00553
A0AAU5AMH0,2,PF00041
A0AAU5AUL6,1,PF00553
A0AAU5B4S1,2,PF02839
A0AAU5B4Z4,1,PF02018
A0AAU5B4Z4,2,PF00041
A0AAU5B6Q0,1,PS51318
A0AAU5B9E6,1,PF02018
A0AAU5B9E6,2,PF00041
A0AAU5BAA3,1,PF00553
A0AAU5BAA3,2,PF00041
A0AAU5BMW9,1,PF02018
A0AAU5BMW9,2,PF00041
A0AAU5BWB7,1,PF02018
A0AAU5BWB7,2,PF00041
A0AAU5BYR2,1,PS51318
A0AAU5BYR2,3,PF02839
A0AAU5C1L5,1,PF00553
A0AAU5C2L8,2,PF02839
A0AAU5C5P1,2,PF02839
A0AAU5C9V2,1,PF02018
A0AAU5C9V2,2,PF00041
A0AAU5CAF1,1,PF00553
A0AAU5CAF1,2,PF00041
A0AAU5CE29,2,SM00495
A0AAU5CIH0,1,PF00553
A0AAU5CQ86,1,PF00553
A0AAU5CQ86,2,PF00041
A0AAU5CR46,1,PF02018
A0AAU5CRM7,1,PF02018
A0AAU5CRM7,2,PF00041
A0AAU5CTA7,1,PS51318
A0AAU5CTA7,2,PF00553
A0AAU5CTA7,3,PF00041
A0AAU5CVG2,1,PF02018
A0AAU5CVG2,2,PF00041
A0AAU5CVV0,2,PF02018
A0AAU5D2E1,1,PF02018
A0AAU5D2E1,2,PF00041
A0AAU5D4Q4,1,PF00553
A0AAU5D4Q4,2,PF00041
A0AAU5D8B1,1,PS51318
A0AAU5D8B1,3,PF02839
A0AAU5DCE7,2,SM00495
A0AAU5DFD0,1,PF02018
A0AAU5DFR9,1,PF02018
A0AAU5DFR9,2,PF00041
A0AAU5DG69,1,PF02018
A0AAU5DG69,2,PF00041
A0AAU5DKI9,1,PF02018
A0AAU5DKI9,2,PF00041
A0AAU5DM90,1,PF02018
A0AAU5DM90,2,PF00041
A0AAU5DN03,1,PF00553
A0AAU5DN03,2,PF00041
A0AAU5DVA9,1,PS51318
A0AAU5DVA9,3,PF02839
A0AAU5E0B7,1,PF00553
A0AAU5E4M0,1,PS51318
A0AAU5E4M0,2,PF00553
A0AAU5E4M0,3,G3DSA:2.60.40.10
A0AAU5E793,2,PF02018
A0AAU5EA16,1,PF02018
A0AAU5EA16,2,PF00041
A0AAU5EAV8,1,PS51257
A0AAU5EE73,1,PF00553
A0AAU5EE73,2,PF00041
A0AAU5EJ04,1,PF00553
A0AAU5ER07,2,PF02839
A0AAU5ESS5,1,PF02018
A0AAU5ESS5,2,PF00041
A0AAU5EXL8,1,PF00553
A0AAU5EXL8,2,PF00041
A0AAU5EZU6,2,PF02839
A0AAU5F1T3,1,PF00553
A0AAU5F1V0,3,PF02839
A0AAU5F8U8,1,PF00553
A0AAU5F8U8,2,PF00041
A0AAU5F9X7,1,PF02018
A0AAU5F9X7,2,PF00041
A0AAU5FCN3,1,PS51318
A0AAU5FED7,2,SM00495
A0AAU5FI12,1,PF02018
A0AAU5FI12,2,PF00041
A0AAU5FM95,2,SM00495
A0AAU5FPZ7,3,PF02839
A0AAU5FQK3,1,PF02018
A0AAU5FQK3,2,PF00041
A0AAU5FTL8,1,PF02018
A0AAU5FWS5,1,PS51318
A0AAU5FWS5,2,PF02018
A0AAU5FWT6,1,PF02018
A0AAU5FWY5,2,SM00495
A0AAU5FX71,2,G3DSA:2.60.40.10
A0AAU5FX71,3,PF02839
A0AAU5FY82,1,PF00553
A0AAU5G0A9,1,PF00553
A0AAU5G0A9,2,PF00041
A0AAU5GHP5,1,PF00553
A0AAU5GHP5,2,PF00041
A0AAU5GU69,1,PS51257
A0AAU5GVD4,1,PS51257
A0AAU5H781,1,PF00553
A0AAU5H785,2,PF02839
A0AAU5HH17,2,PF02839
A0AAU5HH88,1,PF02018
A0AAU5HNA1,1,PS51257
A0AAU5HNA6,1,PS51318
A0AAU5HSB9,1,PF00553
A0AAU5HSB9,2,PF00041
A0AAU5HZF9,1,PF00553
A0AAU5I5E7,1,PF00553
A0AAU5I5E7,2,G3DSA:2.60.40.10
A0AAU5I9M4,2,PF02018
A0AAU5I9T5,1,PS51318
A0AAU5I9T5,2,PF00553
A0AAU5I9T5,3,PF00041
A0AAU5IA03,1,PF02018
A0AAU5IA03,2,PF00041
A0AAU5IA85,1,PF02018
A0AAU5IA85,2,PF00041
A0AAU5IEB2,1,PF00553
A0AAU5IEB2,2,PF00041
A0AAU5IF85,1,PF02018
A0AAU5IF85,2,PF00041
A0AAU5IUY8,1,PF02018
A0AAU5IUY8,2,PF00041
A0AAU5IZ17,1,PS51318
A0AAU5IZ17,2,PF02018
A0AAU5IZ17,3,PF00041
A0AAU5J930,1,PF02018
A0AAU5J930,2,PF00041
A0AAU5JAG4,1,PF00553
A0AAU5JAG4,2,PF00041
A0AAU5JD02,1,PS51318
A0AAU5JD02,2,PF00553
A0AAU5JD02,3,PF00041
A0AAU5JEV1,2,PF02018
A0AAU5JGW0,1,PF02018
A0AAU5JGW0,2,PF00041
A0AAU5JQA2,1,PF02018
A0AAU5JQA2,2,PF00041
A0AAU5JVU7,2,PF02839
A0AAU5JVW6,1,PF00553
A0AAU5K0F3,2,PF02839
A0AAU5K3I4,1,PF02018
A0AAU5K3I4,2,PF00041
A0AAU5K3Q8,1,PF00553
A0AAU5K3Q8,2,PF00041
A0AAU5K7Y2,1,PF00553
A0AAU5K7Y2,2,PF00041
A0AAU5K8W3,2,PF02018
A0AAU5KAS2,1,PF02018
A0AAU5KED4,1,PF02018
A0AAU5KED4,2,PF00041
A0AAU5KGA9,1,PF02018
A0AAU5KGS5,1,PS51318
A0AAU5KGS5,2,PF02018
A0AAU5KGX7,2,PF02018
A0AAU5KIK8,2,SM00495
A0AAU5KN21,1,PF02018
A0AAU5KQ67,2,G3DSA:2.60.40.10
A0AAU5KQ67,3,PF02018
A0AAU5KSY0,1,PF02018
A0AAU5KU88,1,PS51318
A0AAU5KYJ1,1,PF02018
A0AAU5L192,1,PS51318
A0AAU5L192,2,PF02018
A0AAU5L5D7,2,PF02018
A0AAU5L8D0,1,PF00553
A0AAU5L8D0,2,PF00041
A0AAU5L8D9,1,PF02018
A0AAU5L8D9,2,PF00041
A0AAU5L8H9,1,PF00553
A0AAU5L8H9,2,PF00041
A0AAU5L8W0,2,SM00495
A0AAU5L9H8,1,PF02018
A0AAU5LAM4,1,PF02018
A0AAU5LAM4,2,PF00041
A0AAU5LCE7,1,PF02018
A0AAU5LCE7,2,PF00041
A0AAU5LCJ9,1,PF00553
A0AAU5LCJ9,2,PF00041
A0AAU5LD02,1,PF02839
A0AAU5LDD7,2,PF02839
A0AAU5LEK5,1,PS51318
A0AAU5LJX2,1,PF02018
A0AAU5LJX2,2,PF00041
A0AAU5MC79,1,PF02018
A0AAU5MGX5,1,PS51318
A0AAU5MJD2,2,PF02839
A0AAU5MJJ1,1,PF02018
A0AAU5MJJ1,2,PF00041
A0AAU5MJU7,1,PF00553
A0AAU5MJU7,2,PF00041
A0AAU5MPC7,2,PF02839
A0AAU5MQ42,2,PF02839
A0AAU5MS84,2,PF02839
A0AAU5MUC3,1,PF00553
A0AAU5MYV7,1,PF02018
A0AAU5MYV7,2,PF00041
A0AAU5MZW9,1,PF00553
A0AAU5MZW9,2,PF00041
A0AAU5N2I2,1,PF00553
A0AAU5N2I2,2,PF00041
A0AAU5N601,2,PF02018
A0AAU5N6R2,1,PF02018
A0AAU5N6R2,2,PF00041
A0AAU5NCQ8,1,PF00553
A0AAU5NKJ8,1,PF00553
A0AAU5NKJ8,2,PF00041
A0AAU5NL80,1,PF02018
A0AAU5NL80,2,PF00041
A0AAU5NRG6,1,PF00553
A0AAU5NRG6,2,G3DSA:2.60.40.10
A0AAU5NV62,2,PF02018
A0AAU5NWA0,1,PS51257
A0AAU5NXX6,1,PF02018
A0AAU5NXX6,2,PF00041
A0AAU5P184,1,PF00553
A0AAU5P184,2,PF00041
A0AAU5P8J9,1,PF00553
A0AAU5PF87,2,PF02839
A0AAU5PGB6,1,PF02018
A0AAU5PGB6,2,PF00041
A0AAU5PKF7,1,PF00553
A0AAU5PKF7,2,PF00041
A0AAU5PNI7,2,PF02839
A0AAU5PPF6,1,PF00553
A0AAU5PT35,2,PF02839
A0AAU5PUE7,1,PF02018
A0AAU5PUE7,2,PF00041
A0AAU5PW22,1,PF02018
A0AAU5PW22,2,PF00041
A0AAU5Q2N6,1,PF00553
A0AAU5Q2N6,2,PF00041
A0AAU5QAA6,2,PF02839
A0AAU5QGI0,1,PF00553
A0AAU5QGI0,2,PF00041
A0AAU5QHJ5,1,PF00553
A0AAU5QHJ5,2,PF00041
A0AAU5QJ46,1,PF02018
A0AAU5QJ46,2,PF00041
A0AAU5QJY6,1,PF00553
A0AAU5QJY6,2,G3DSA:2.60.40.10
A0AAU5QKM4,1,PF02018
A0AAU5QKM4,2,PF00041
A0AAU5QQL2,1,PF00041
A0AAU5QX53,1,PF00553
A0AAU5QX53,2,PF00041
A0AAU5QZQ9,1,PF02018
A0AAU5QZQ9,2,PF00041
A0AAU5QZR9,1,PF02018
A0AAU5QZR9,2,PF00041
A0AAU5R4Z7,1,PF00553
A0AAU5R752,1,PS51318
A0AAU5R752,3,SM00495
A0AAU5RAW0,2,PF02839
A0AAU5REK2,1,PF02018
A0AAU5REK2,2,PF00041
A0AAU5RHN4,1,PF00553
A0AAU5RLE4,1,PF00553
A0AAU5RLE4,2,PF00041
A0AAU5RLQ8,1,PF02018
A0AAU5RLQ8,2,PF00041
A0AAU5S3I1,3,PF02839
A0AAU5S8R7,2,PF02839
A0AAU5SA10,1,PF00553
A0AAU5SB05,1,PS51318
A0AAU5SB05,3,PF02839
A0AAU5SDH2,2,PF02839
A0AAU5SFR6,1,PF00553
A0AAU5SFR6,2,PF00041
A0AAU5SHC9,1,PF02018
A0AAU5SHE7,1,PF02018
A0AAU5SJG7,1,PF00553
A0AAU5SL05,2,PF02839
A0AAU5SP03,2,PF02839
A0AAU5ST13,1,PF02018
A0AAU5ST13,2,PF00041
A0AAU5SXM3,2,PF02018
A0AAU5T0G0,1,PF00553
A0AAU5T0G0,2,PF00041
A0AAU5T3Q4,2,PF02018
A0AAU5T8T1,1,PF02018
A0AAU5T8T1,2,PF00041
A0AAU5TBT6,2,PF02839
A0AAU5TEN3,2,PF02839
A0AAU5TH62,1,PF00553
A0AAU5TIQ8,1,PF00553
A0AAU5TIQ8,2,PF00041
A0AAU5TT67,1,PF00553
A0AAU5TT67,2,PF00041
A0AAU5TTY2,1,PF02018
A0AAU5TTY2,2,PF00041
A0AAU5TZM1,1,PF00553
A0AAU5UMC3,1,PF02018
A0AAU5UMC3,2,PF00041
A0AAU5UQM4,1,PS51318
A0AAU5UT01,2,PF02839
A0AAU5UTE5,1,PF00553
A0AAU5UTE5,2,PF00041
A0AAU5UUA6,1,PF02018
A0AAU5UUA6,2,PF00041
A0AAU5V7J9,1,PF00553
A0AAU5VC31,1,PF00553
A0AAU5VC31,2,PF00041
A0AAU5VDT4,1,PS51318
A0AAU5VDT4,2,PF02018
A0AAU5VDT4,3,PF00041
A0AAU5VGV0,2,PF02839
A0AAU5VGY8,1,PS51318
A0AAU5VGY8,2,PF02018
A0AAU5VGY8,3,PF00041
A0AAU5VJ75,1,PF02018
A0AAU5VJ75,2,PF00041
A0AAU5VQ11,1,PF02018
A0AAU5VQ11,2,PF00041
A0AAU5VQY4,1,PS51318
A0AAU5VS47,1,PF02018
A0AAU5VS47,2,PF00041
A0AAU5VUJ0,1,PF00553
A0AAU5VUJ0,2,PF00041
A0AAU5WW30,2,PF02018
A0AAU5XSV5,2,PF02839
A0AAU5XVI5,2,PF02018
A0AAU5XVY3,1,PS51318
A0AAU5XX30,1,PS51318
A0AAU5XZ35,1,PF02018
A0AAU5Y377,1,PF00553
A0AAU5Y6Z1,1,PF00553
A0AAU5Y8M1,1,PF02018
A0AAU5Y8M1,2,PF00041
A0AAU5YUF7,1,PF00553
A0AAU5YUF7,2,PF00041
A0AAU5ZGQ2,1,PS51318
A0AAU5ZJD4,1,PF00553
A0AAU5ZJD4,2,PF00041
A0AAU5ZJD8,2,PF02839
A0AAU5ZKK0,1,PF02018
A0AAU5ZKK0,2,PF00041
A0AAU5ZP79,2,PF02839
A0AAU5ZSZ9,1,PS51318
A0AAU5ZSZ9,2,PF02018
A0AAU5ZSZ9,3,PF00041
A0AAU5ZWB8,1,PF00553
A0AAU5ZWB8,2,PF00041
A0AAU5ZY05,1,PS51318
A0AAU5ZY05,2,PF02018
A0AAU5ZY05,3,PF00041
A0AAU6A5N3,1,PF00553
A0AAU6AKQ9,1,PS51318
A0AAU6ANT5,1,PS51318
A0AAU6AVH7,2,PF02839
A0AAU6AVH7,3,PF02839
A0AAU6B8N8,2,PF02018
A0AAU6BKV5,1,PS51257
A0AAU6BLA2,1,PF00553
A0AAU6BTX1,1,PF00553
A0AAU6BTX1,2,PF00041
A0AAU6BV73,1,PF02018
A0AAU6BV73,2,PF00041
A0AAU6C0Z5,1,PS51257
A0AAU6C3W6,1,PF00553
A0AAU6C3W6,2,G3DSA:2.60.40.10
A0AAU6C454,2,SM00495
A0AAU6C4N4,1,PF02018
A0AAU6C4N4,2,PF00041
A0AAU6CB35,1,PS51318
A0AAU6CB35,2,PF02018
A0AAU6CBS8,1,PF02018
A0AAU6CBS8,2,PF00041
A0AAU6CFD8,3,SM00495
A0AAU6CKZ8,2,SM00495
A0AAU6CL61,2,PF02839
A0AAU6CLC6,1,PS51318
A0AAU6CLC6,3,PF02839
A0AAU6CNH3,1,PF02018
A0AAU6CQ67,1,PF00553
A0AAU6CQ67,2,PF00041
A0AAU6CSF5,2,PF02839
A0AAU6CUD7,2,PF02839
A0AAU6CW67,1,PF00553
A0AAU6CZW9,2,PF02839
A0AAU6D286,1,PS51318
A0AAU6D286,2,PF02018
A0AAU6D8J0,1,PF02018
A0AAU6DL17,1,PF00553
A0AAU6DU91,2,PF02018
A0AAU6DXZ9,2,SM00495
A0AAU6E8F9,1,PF00553
A0AAU6EIB3,1,PF02018
A0AAU6EIN4,1,PF00553
A0AAU6EIN4,2,PF00553
A0AAU6EIN4,3,PF00041
A0AAU6EJ92,1,PF00553
A0AAU6EJ92,2,PF00041
A0AAU6EJR2,1,PF00553
A0AAU6EJR2,2,PF00041
A0AAU6EM10,2,PF02018
A0AAU6EWD2,1,PS51318
A0AAU6EWD2,3,PF02839
A0AAU6F0I5,1,PF00553
A0AAU6F0I5,2,PF00041
A0AAU6F1D9,1,PF02018
A0AAU6F1D9,2,PF00041
A0AAU6F3B7,1,PS51318
A0AAU6F8X9,1,PS51257
A0AAU6F9E2,1,PF02018
A0AAU6FD09,1,PS51318
A0AAU6FEE3,2,PF02018
A0AAU6FEP0,1,PS51318
A0AAU6FEP0,2,PF00553
A0AAU6FEP0,3,PF00041
A0AAU6FF14,1,PF02018
A0AAU6FF14,2,PF00041
A0AAU6FGB3,1,PF00553
A0AAU6FGB3,2,PF00041
A0AAU6FJ24,1,PF02018
A0AAU6FJ24,2,PF00041
A0AAU6FRJ9,1,PF00553
A0AAU6G1R7,1,PS51318
A0AAU6G6S6,1,PF00553
A0AAU6GD31,1,PF02018
A0AAU6GD31,2,PF00041
A0AAU6GDL1,1,PS51318
A0AAU6GDL1,2,PF02018
A0AAU6GDL1,3,PF00041
A0AAU6GEN7,1,PF00553
A0AAU6GEN7,2,PF00041
A0AAU6GRS2,1,PS51318
A0AAU6GVS1,1,PF00553
A0AAU6H1E9,1,PF00553
A0AAU6H1E9,2,PF00041
A0AAU6H2S2,1,PF02018
A0AAU6H2S2,2,PF00041
A0AAU6H4F8,1,PF02018
A0AAU6H4F8,2,PF00041
A0AAU6HGI6,1,PS51318
A0AAU6HGI6,2,PF02018
A0AAU6HGI6,3,PF00041
A0AAU6I0K0,1,PS51318
A0AAU6I946,1,PF00553
A0AAU6IBL6,1,PF02018
A0AAU6IBL6,2,PF00041
A0AAU6ICS9,1,PF00553
A0AAU6ICS9,2,PF00041
A0AAU6IGD6,1,PS51318
A0AAU6IGD6,2,PF02018
A0AAU6IGD6,3,PF00041
A0AAU6J1C2,1,PF00553
A0AAU6J4T4,1,PS51318
A0AAU6J4T4,2,PF02018
A0AAU6J4T4,3,PF00041
A0AAU6J8J1,1,PS51318
A0AAU6JBX6,1,PF00553
A0AAU6JBX6,2,PF00041
A0AAU6JIY0,1,PF00553
A0AAU6JIY0,2,PF00041
A0AAU6K3H8,2,PF02839
A0AAU6KA94,1,PF02018
A0AAU6KA94,2,PF00041
A0AAU6KBC8,1,PF00553
A0AAU6KBC8,2,PF00041
A0AAU6KD54,1,PS51318
A0AAU6KD54,2,PF02018
A0AAU6KD54,3,PF00041
A0AAU6KJ11,1,PF00553
A0AAU6L0X7,1,PF00553
A0AAU6L655,1,PF02018
A0AAU6L655,2,PF00041
A0AAU6L6T3,1,PF00553
A0AAU6L6T3,2,PF00041
A0AAU6LD92,2,PF02839
A0AAU6LGU8,2,PF02839
A0AAU6LLU3,1,PF02018
A0AAU6LLU3,2,PF00041
A0AAU6LVU5,1,PS51318
A0AAU6LVU5,2,PF02018
A0AAU6LVU5,3,PF00041
A0AAU6LZB4,1,PS51318
A0AAU6LZB4,2,PF00553
A0AAU6LZB4,3,PF00041
A0AAU6LZL7,2,PF02018
A0AAU6M0H2,1,PF00553
A0AAU6M0H2,2,PF00041
A0AAU6M306,1,PF02018
A0AAU6M306,2,PF00041
A0AAU6M974,1,PF02018
A0AAU6M974,2,PF00041
A0AAU6M987,2,PF02018
A0AAU6MBG7,1,PS51318
A0AAU6MBG7,2,PF00553
A0AAU6MBG7,3,PF00041
A0AAU6MCC3,1,PF00553
A0AAU6MCC3,2,PF00041
A0AAU6MEL6,1,PF02018
A0AAU6MEL6,2,PF00041
A0AAU6MMG0,1,PS51318
A0AAU6MMG0,3,PF02839
A0AAU6MQU2,1,PF02018
A0AAU6MQU2,2,PF00041
A0AAU6NP68,1,PF08329
A0AAU6NP68,3,PF22352
A0AAU6NP68,5,PF02839
A0AAU6NP68,6,PF02839
A0AAU6SSR3,1,PF08329
A0AAU6SSR3,3,PF22352
A0AAU6SSR3,4,G3DSA:2.60.40.10
A0AAU6SSR3,5,PF02839
A0AAU6ST95,1,PS51257
A0AAU6ST95,2,PF02839
A0AAU6ST95,3,PF17957
A0AAU6ST95,5,SM00495
A0AAU6T1S9,1,PF08329
A0AAU6T1S9,3,PF22352
A0AAU6T1S9,4,G3DSA:2.60.40.10
A0AAU6T1S9,5,PF02839
A0AAU6T285,1,PS51257
A0AAU6T285,2,PF02839
A0AAU6T285,3,PF17957
A0AAU6T285,5,SM00495
A0AAU6TAZ0,1,PF08329
A0AAU6TAZ0,3,PF22352
A0AAU6TAZ0,5,PF02839
A0AAU6TAZ0,6,PF02839
A0AAU6TE03,1,SM00495
A0AAU6TE03,2,PF17957
A0AAU6TE03,3,PF17957
A0AAU6TE03,5,SM00495
A0AAU6TMR2,1,PF08329
A0AAU6TMR2,3,PF22352
A0AAU6TMR2,4,G3DSA:2.60.40.10
A0AAU6TMR2,5,PF02839
A0AAU6TNV5,1,PS51257
A0AAU6TNV5,2,PF02839
A0AAU6TNV5,3,PF17957
A0AAU6TNV5,5,SM00495
A0AAU6UBD3,1,PF08329
A0AAU6UBD3,3,PF22352
A0AAU6UBD3,5,PF02839
A0AAU6UBD3,6,PF02839
A0AAU6UCM3,1,SM00495
A0AAU6UCM3,2,PF17957
A0AAU6UCM3,3,PF17957
A0AAU6UCM3,5,SM00495
A0AAU6UL78,1,PS51257
A0AAU6UL78,2,PF02839
A0AAU6UL78,3,PF17957
A0AAU6UL78,5,SM00495
A0AAU6UM43,1,PF08329
A0AAU6UM43,3,PF22352
A0AAU6UM43,4,G3DSA:2.60.40.10
A0AAU6UM43,5,PF02839
A0AAU6UWP1,1,PS51257
A0AAU6UWP1,2,PF02839
A0AAU6UWP1,3,PF17957
A0AAU6UWP1,5,SM00495
A0AAU6UY54,1,PF08329
A0AAU6UY54,3,PF22352
A0AAU6UY54,4,G3DSA:2.60.40.10
A0AAU6UY54,5,PF02839
A0AAU6VHJ2,1,PF08329
A0AAU6VHJ2,3,PF22352
A0AAU6VHJ2,4,G3DSA:2.60.40.10
A0AAU6VHJ2,5,PF02839
A0AAU6VI18,1,PS51257
A0AAU6VI18,2,PF02839
A0AAU6VI18,3,PF17957
A0AAU6VI18,5,SM00495
A0AAU6X4V4,3,PF00535
A0AAU6XCF4,1,PS51318
A0AAU6XCF4,3,PF02839
A0AAU6XDP4,1,PS51318
A0AAU6XDP4,2,PF02018
A0AAU6XDP4,3,PF00041
A0AAU6XF82,1,PF00553
A0AAU6XF82,2,PF00041
A0AAU6XFR8,1,PF00553
A0AAU6XFR8,2,PF00041
A0AAU6XIL3,1,PF02018
A0AAU6XIL3,2,PF00041
A0AAU6XKV7,1,PF00553
A0AAU6XNT6,2,PF02839
A0AAU6XX94,3,PF00535
A0AAU7F4T9,1,PF02839
A0AAU7F4T9,2,PF02839
A0AAU7F7E6,1,PF02839
A0AAU7F7E6,2,PF02839
A0AAU7F8F8,1,PF02839
A0AAU7F8F8,2,PF02839
A0AAU7F964,1,PF02839
A0AAU7F964,2,PF02839
A0AAU7FCR9,1,PF02839
A0AAU7FCR9,2,PF02839
A0AAU7FI61,1,PF01476
A0AAU7FI61,2,PF01476
A0AAU7FZI0,1,PF08329
A0AAU7FZI0,3,PF22352
A0AAU7FZI0,5,PF02839
A0AAU7FZI0,6,PF02839
A0AAU7IV09,1,SM00495
A0AAU7IV09,2,SM00495
A0AAU7IV09,3,SM00495
A0AAU7IV09,4,SM00495
A0AAU7J5H2,1,PF08329
A0AAU7J5H2,3,PF22352
A0AAU7J5H2,5,PF02839
A0AAU7J5H2,6,PF02839
A0AAU7K006,1,PS51257
A0AAU7K4B0,1,PS51257
A0AAU7K5E4,3,PF00535
A0AAU7M9P4,1,PF00553
A0AAU7ME76,1,PF00553
A0AAU7NCS1,2,G3DSA:2.60.40.10
A0AAU7NCS1,3,PF02839
A0AAU7ND13,2,PF00041
A0AAU7ND13,3,PF02839
A0AAU7NEK2,1,PF08329
A0AAU7NEK2,3,PF22352
A0AAU7NEK2,5,PF02839
A0AAU7NEK2,6,PF02839
A0AAU7PL44,3,PF02839
A0AAU7PLF9,1,PF08239
A0AAU7PN63,1,PF01476
A0AAU7PNG5,1,PF01476
A0AAU7PNG5,2,PF01476
A0AAU7PQA9,3,PF02839
A0AAU7PRY0,1,PF01476
A0AAU7PRY0,2,PF01476
A0AAU7PST3,1,PF01476
A0AAU7PST3,2,PF01476
A0AAU7PU16,1,PF01476
A0AAU7PU16,2,PF01476
A0AAU7QTF3,1,PF00553
A0AAU7QX99,1,PF02839
A0AAU7QZZ3,1,PS51318
A0AAU7R5P2,2,PF02839
A0AAU7R5P2,3,PF02839
A0AAU7TI67,1,PF02018
A0AAU7TI67,2,PF00041
A0AAU7TIR6,1,PF00553
A0AAU7TIR6,2,PF00041
A0AAU7TJ09,2,PF02839
A0AAU7TL51,1,PS51318
A0AAU7U3H0,2,PF00041
A0AAU7U3H0,3,PF02839
A0AAU7WHZ6,1,PF01476
A0AAU7WHZ6,2,PF01476
A0AAU7WK23,1,PF01476
A0AAU7WK23,2,PF01476
A0AAU7WK23,3,PF01476
A0AAU7X3N4,2,G3DSA:2.60.40.10
A0AAU7X3N4,3,PF02839
A0AAU7ZFY7,1,PF02839
A0AAU7ZFY7,2,PF00041
A0AAU7ZFY7,3,SM00495
A0AAU7ZFY7,4,PF00041
A0AAU7ZSB8,1,PS51257
A0AAU7ZSB8,2,PF02839
A0AAU7ZSB8,3,PF00041
A0AAU7ZSB8,4,SM00495
A0AAU7ZSB8,5,PF00041
A0AAU8BK51,1,PF08329
A0AAU8BK51,3,PF22352
A0AAU8BK51,5,PF02839
A0AAU8BLB9,1,SM00495
A0AAU8BLB9,2,PF17957
A0AAU8BLB9,3,PF17957
A0AAU8BLB9,4,SM00495
A0AAU8BLB9,5,PF17957
A0AAU8BLB9,6,PF17957
A0AAU8DQS7,1,PS51318
A0AAU8F2L0,2,PF00041
A0AAU8F2L0,3,PF00553
A0AAU8FB53,1,PF01476
A0AAU8FB53,2,PF01476
A0AAU8FV64,2,PF02839
A0AAU8FV64,3,PF02839
A0AAU8FYA4,1,PF02839
A0AAU8G046,2,PF02839
A0AAU8G1C9,2,PF02839
A0AAU8G267,1,PF02839
A0AAU8G267,3,PF02839
A0AAU8G2A3,1,PF02018
A0AAU8G2A3,2,PF00041
A0AAU8G2M4,2,PF02839
A0AAU8G2M4,3,PF02839
A0AAU8G364,2,PF02839
A0AAU8G364,3,PF02839
A0AAU8G3Q7,1,PF02018
A0AAU8G3Q7,2,PF00041
A0AAU8HCM5,1,PS51318
A0AAU8HCM5,2,PF00553
A0AAU8HCM5,3,PF00041
A0AAU8HIG3,1,PF02839
A0AAU8I424,1,PS51257
A0AAU8IH72,1,PF01476
A0AAU8IH72,2,PF01476
A0AAU8IMN6,1,PS51318
A0AAU8IN16,1,PF02018
A0AAU8IN16,2,PF00041
A0AAU8ISS1,1,PF00553
A0AAU8IZX0,1,PF00553
A0AAU8IZX0,2,PF00041
A0AAU8J0G0,1,PS51318
A0AAU8J0G0,2,PF02018
A0AAU8J0G0,3,PF00041
A0AAU8J4D6,1,PF02018
A0AAU8J4D6,2,PF00041
A0AAU8JSQ0,1,PF00553
A0AAU8JSQ0,2,PF00041
A0AAU8JTR3,1,PS51318
A0AAU8JTR3,2,PF02018
A0AAU8JTY5,1,PS51318
A0AAU8JTY5,2,PF00553
A0AAU8JTZ3,2,PF02839
A0AAU8JZD4,1,PF02018
A0AAU8K446,1,PF02018
A0AAU8K446,2,PF00041
A0AAU8KD48,1,PS51318
A0AAU8KD48,3,SM00495
A0AAU8KJH3,1,PF02018
A0AAU8KJH3,2,PF00041
A0AAU8KM35,1,PF00553
A0AAU8KM35,2,PF00041
A0AAU8KNN4,1,PF02018
A0AAU8KNN4,2,PF00041
A0AAU8LNN3,2,PF00041
A0AAU8LNN3,3,PF00041
A0AAU8LNN3,4,PF02839
A0AAU8M9M4,2,PF00041
A0AAU8M9M4,3,PF02839
A0AAU8MWL3,1,SM00495
A0AAU8MWL3,2,PF17957
A0AAU8MWL3,3,PF00041
A0AAU8MWY8,1,SM00495
A0AAU8MWY8,2,PF17957
A0AAU8MWY8,3,PF00041
A0AAU8ND79,1,PF07833
A0AAU8NHM5,1,PF07833
A0AAU8NLA9,1,PF00395
A0AAU8NLA9,2,PF00395
A0AAU8NLA9,3,PF00395
A0AAU8SQP1,2,PF02839
A0AAU8SQP1,3,PF02839
A0AAU8TIN7,2,SM00495
A0AAU8TIN7,3,PF00041
A0AAU8UCH3,1,PF02839
A0AAU8UM06,1,PF08329
A0AAU8UM06,3,PF22352
A0AAU8UM06,5,SM00495
A0AAU8UM06,6,SM00495
A0AAU8UR49,1,PS51257
A0AAU8V172,3,PF00535
A0AAU8WBF2,1,PF08329
A0AAU8WBF2,3,PF22352
A0AAU8WBF2,6,PF02839
A0AAU8WEB7,1,SM00495
A0AAU8WEB7,2,PF17957
A0AAU8WEB7,4,PF17957
A0AAU8WEB7,5,SM00495
A0AAU8WEB7,6,PF17957
A0AAU8WEB7,7,PF17957
A0AAU8WPU7,1,PS51257
A0AAU8WPU7,2,PF02839
A0AAU8WPU7,3,PF17957
A0AAU8WPU7,4,PF17957
A0AAU8WPU7,7,SM00495
A0AAU8WTJ0,1,PF08329
A0AAU8WTJ0,3,PF22352
A0AAU8WTJ0,5,PF02839
A0AAU8WTJ0,6,PF02839
A0AAU8X9I6,1,SM00495
A0AAU8X9I6,2,PF17957
A0AAU8X9I6,3,PF17957
A0AAU8X9I6,5,SM00495
A0AAU8XYJ6,1,PF08329
A0AAU8Y173,2,PF00041
A0AAU8Y173,3,PF02839
A0AAU8YTE1,2,G3DSA:2.60.40.10
A0AAU8YTE1,3,PF02839
A0AAU8YTT1,1,PF01476
A0AAU8YTT1,2,PF01476
A0AAU8YTT1,3,PF08239
A0AAU8YY99,2,G3DSA:2.60.40.10
A0AAU8YY99,3,G3DSA:2.60.40.10
A0AAU8YY99,4,PF08329
A0AAU9ARZ7,1,SM00495
A0AAU9ARZ7,2,PF17957
A0AAU9ARZ7,3,PF00041
A0AAU9AX94,1,SM00495
A0AAU9AX94,2,PF17957
A0AAU9AX94,3,PF00041
A0AAU9CMX1,1,PS51257
A0AAU9D871,4,PF02839
A0AAU9H9I9,1,PF08329
A0AAU9H9I9,3,G3DSA:2.60.40.10
A0AAU9H9I9,4,G3DSA:2.60.40.10
A0AAU9H9I9,5,PF02839
A0AAU9H9I9,6,PF02839
A0AAU9HBT4,1,SM00495
A0AAU9HBT4,2,PF17957
A0AAU9HBT4,3,G3DSA:2.60.40.10
A0AAU9Q1E3,1,G3DSA:2.60.40.10
A0AAU9Q1E3,2,PF17957
A0AAU9Q1E3,3,PF17957
A0AAU9Q1E3,4,PF17957
A0AAU9Q1V0,1,PS51257
A0AAU9Q1V0,2,PF02839
A0AAU9Q1V0,3,PF17957
A0AAU9Q1V0,4,PF17957
A0AAU9QBL0,1,PF08329
A0AAU9QBL0,3,PF22352
A0AAU9QBL0,5,PF02839
A0AAU9QC53,1,PF02839
A0AAU9QC53,2,PF17957
A0AAU9QC53,3,PF17957
A0AAU9QC53,4,SM00495
A0AAU9QC53,5,PF17957
A0AAU9QC53,6,PF17957
A0AAU9QLL3,1,PF02839
A0AAU9QLL3,2,PF17957
A0AAU9QLL3,3,PF17957
A0AAU9QLL3,4,SM00495
A0AAU9QLL3,5,PF17957
A0AAU9QLL3,6,PF17957
A0AAU9QM49,1,G3DSA:2.60.40.10
A0AAU9QM49,2,PF17957
A0AAU9QM49,3,PF17957
A0AAU9QM49,4,PF17957
A0AAU9R110,1,PF08329
A0AAU9R110,3,PF22352
A0AAU9R110,5,PF02839
A0AAU9R1N8,1,PS51257
A0AAU9R1N8,2,PF02839
A0AAU9R1N8,3,PF17957
A0AAU9R1N8,4,PF17957
A0AAV2VHP5,1,PF08329
A0AAV2VHP5,3,PF22352
A0AAV2VNC5,1,SM00495
A0AAV2VNC5,2,PF17957
A0AAV2VNC5,3,PF17957
A0AAV2VNC5,4,SM00495
A0AAV2VNC5,5,PF17957
A0AAV2VNC5,6,PF17957
A0AAV2VPF2,1,PS51257
A0AAV2VR77,2,PF02839
A0AAV3EUB7,1,PF08329
A0AAV3EUB7,3,PF22352
A0AAV3EUB7,5,PF02839
A0AAV3EUM0,1,SM00495
A0AAV3EUM0,2,PF17957
A0AAV3EUM0,3,PF17957
A0AAV3EVP2,1,PF02839
A0AAV3EVP2,2,PF17957
A0AAV3EVP2,3,PF17957
A0AAV3EVP2,4,SM00495
A0AAV3EVP2,5,PF17957
A0AAV3EVP2,6,PF17957
A0AAV3HJK8,1,PF02839
A0AAV3HJK8,2,PF17957
A0AAV3HJK8,3,PF17957
A0AAV3HJK8,4,SM00495
A0AAV3HJK8,5,PF17957
A0AAV3HJK8,6,PF17957
A0AAV3HMQ3,1,PF08329
A0AAV3HMQ3,3,PF22352
A0AAV3HMQ3,5,PF02839
A0AAV3HTD9,1,PS51257
A0AAV3HTD9,2,PF02839
A0AAV3HTD9,3,PF17957
A0AAV3HTD9,4,PF17957
A0AAV3HTW7,1,PF17957
A0AAV3HTW7,2,PF17957
A0AAV3HTW7,3,PF17957
A0AAV3HTW7,4,PF17957
A0AAV3W086,2,G3DSA:2.60.40.10
A0AAV3W086,3,G3DSA:2.60.40.10
A0AAV3W086,4,PF02839
A0AAV3W2S4,2,PF02839
A0AAV4KAH3,1,PF00553
A0AAV4KAH3,2,PF00041
A0AAV4KBX0,1,PF02018
A0AAV4KBX0,2,PF00041
A0AAV4KFE9,1,PF00553
A0AAV4KFE9,2,PF00041
A0AAV4KJA2,2,PF02839
A0AAV4KM81,1,PF00553
A0AAV4KQY0,2,PF02839
A0AAV4KSV6,1,PF02018
A0AAV4KSV6,2,PF00041
A0AAV4LJL4,1,PF01476
A0AAV4LKZ0,1,PF01476
A0AAV4LKZ0,2,PF01476
A0AAV4YQP0,1,SM00495
A0AAV4YQP0,2,PF17957
A0AAV4YQP0,3,PF17957
A0AAV4YQP0,5,SM00495
A0AAV5HB60,1,PF01476
A0AAV5HHW1,1,PF08239
A0AAV5NLA6,1,SM00495
A0AAV5NLA6,2,PF17957
A0AAV5NLA6,3,PF17957
A0AAV5NLA6,4,SM00495
A0AAV5NLA6,5,PF17957
A0AAV5NLA6,6,PF17957
A0AAV5NR75,1,PF08329
A0AAV5NR75,3,PF22352
A0AAV5P0B7,2,PF02839
A0AAV5P508,2,PF02839
A0AAV5P5E2,1,PS51318
A0AAV5P5E2,3,PF02839
A0AAV5P5E2,4,PF02839
A0AAV5P5J0,1,PS51318
A0AAV5P5J0,2,PF02018
A0AAV5P5J0,3,PF00041
A0AAV5P6T0,2,PF02839
A0AAV5PBB4,2,PF02839
A0AAV5PBB4,3,PF02839
A0AAW3D7F5,2,PF00041
A0AAW3D7F5,3,PF02839
A0AAW3D7F5,4,PF02839
A0AAW3DCR8,1,SM00495
A0AAW3DCR8,2,PF02839
A0AAW3DCW3,1,SM00495
A0AAW3DD72,2,PF00041
A0AAW3DD72,3,PF02839
A0AAW3DD72,4,PF02839
A0AAW3DD72,5,PF02839
A0AAW3F5F9,1,PF08329
A0AAW3F5F9,3,PF22352
A0AAW3F5F9,4,G3DSA:2.60.40.10
A0AAW3F5F9,5,PF02839
A0AAW3FHQ6,3,PF00535
A0AAW3HH56,1,PF08329
A0AAW3HH56,3,PF22352
A0AAW3HH56,5,PF02839
A0AAW3HH56,6,PF02839
A0AAW3ISS6,1,PF08329
A0AAW3ISS6,3,PF22352
A0AAW3ISS6,5,PF02839
A0AAW3IVA0,1,PS51257
A0AAW3IVA0,2,PF02839
A0AAW3IVA0,3,PF17957
A0AAW3IVA0,4,PF17957
A0AAW3IZA2,1,SM00495
A0AAW3IZA2,2,PF17957
A0AAW3IZA2,3,PF17957
A0AAW3IZA2,4,SM00495
A0AAW3IZA2,5,PF17957
A0AAW3IZA2,6,PF17957
A0AAW3M222,2,PF00041
A0AAW3M222,3,G3DSA:2.60.40.10
A0AAW3M222,4,PF02839
A0AAW3MM19,1,PF02839
A0AAW3MN00,1,PF08329
A0AAW3MN00,3,PF22352
A0AAW3MN00,5,SM00495
A0AAW3NA65,1,PF08329
A0AAW3NA65,3,PF22352
A0AAW3NA65,5,SM00495
A0AAW3NA65,6,SM00495
A0AAW3NHA2,2,PF00041
A0AAW3NHA2,3,PF02839
A0AAW3TYU2,1,PS51257
A0AAW3X3T7,1,PF08239
A0AAW3XL19,1,PF08329
A0AAW3XL19,3,PF22352
A0AAW3XL19,4,G3DSA:2.60.40.10
A0AAW3XL19,5,PF02839
A0AAW3XL19,6,PF02839
A0AAW3ZI18,1,SM00495
A0AAW3ZI18,3,SM00495
A0AAW3ZJG2,1,SM00495
A0AAW3ZJG2,2,PF00041
A0AAW4AFF8,1,PF08329
A0AAW4AFF8,3,PF22352
A0AAW4AFF8,5,PF02839
A0AAW4AH19,1,PS51257
A0AAW4AH19,2,PF02839
A0AAW4AH19,3,PF17957
A0AAW4AH19,4,PF17957
A0AAW4AH19,7,SM00495
A0AAW4AHE0,1,G3DSA:2.60.40.10
A0AAW4AHE0,2,PF17957
A0AAW4AHE0,3,PF17957
A0AAW4AHE0,4,PF17957
A0AAW4AK81,1,SM00495
A0AAW4AK81,2,PF17957
A0AAW4AK81,3,PF17957
A0AAW4AK81,4,SM00495
A0AAW4AK81,5,PF17957
A0AAW4AK81,6,PF17957
A0AAW4B854,1,SM00495
A0AAW4B854,2,PF17957
A0AAW4B854,3,PF17957
A0AAW4B854,4,SM00495
A0AAW4B854,5,PF17957
A0AAW4B854,6,PF17957
A0AAW4BDB5,1,PS51257
A0AAW4BDB5,2,PF02839
A0AAW4BDB5,3,PF17957
A0AAW4BDB5,4,PF17957
A0AAW4BDB5,7,SM00495
A0AAW4BEY9,1,G3DSA:2.60.40.10
A0AAW4BEY9,2,PF17957
A0AAW4BEY9,3,PF17957
A0AAW4BEY9,4,PF17957
A0AAW4BHY5,1,PF08329
A0AAW4BHY5,3,PF22352
A0AAW4BHY5,5,PF02839
A0AAW4DXS6,2,PF00041
A0AAW4DXS6,3,PF02839
A0AAW4ELA1,1,SM00495
A0AAW4ELA1,2,PF17957
A0AAW4ELA1,3,PF00041
A0AAW4GMM1,1,SM00495
A0AAW4GMM1,2,PF17957
A0AAW4GMM1,3,PF00041
A0AAW4H5N8,1,PS51257
A0AAW4H5N8,2,PF02839
A0AAW4H5N8,3,PF17957
A0AAW4H5N8,4,PF17957
A0AAW4H5N8,7,SM00495
A0AAW4H7H2,1,PF08329
A0AAW4H7H2,3,PF22352
A0AAW4H7H2,5,PF02839
A0AAW4H8X7,1,SM00495
A0AAW4H8X7,2,PF17957
A0AAW4H8X7,3,PF17957
A0AAW4H8X7,4,SM00495
A0AAW4H8X7,5,PF17957
A0AAW4H8X7,6,PF17957
A0AAW4HD62,1,PF17957
A0AAW4HD62,2,PF17957
A0AAW4HD62,3,PF17957
A0AAW4HD62,4,PF17957
A0AAW4HKV1,2,PF00041
A0AAW4HKV1,3,PF00553
A0AAW4HSR4,3,PF00535
A0AAW4HTH7,1,PF01476
A0AAW4HTH7,2,PF01476
A0AAW4IBY5,3,G3DSA:2.60.40.10
A0AAW4JHH2,1,PF00553
A0AAW4JHR9,1,PF02839
A0AAW4JLQ7,1,PS51318
A0AAW4JMB5,1,PF00553
A0AAW4JMB5,2,PF00041
A0AAW4KTR2,1,PF17957
A0AAW4KTR2,2,PF17957
A0AAW4KUZ8,1,PS51257
A0AAW4KUZ8,2,PF02839
A0AAW4KUZ8,3,PF17957
A0AAW4KUZ8,4,PF17957
A0AAW4KUZ8,7,SM00495
A0AAW4NQY0,2,PF00535
A0AAW4PMC5,1,PS51318
A0AAW4QYU7,1,SM00495
A0AAW4QYU7,3,PF00041
A0AAW4QYU7,4,PF02839
A0AAW4R2B4,3,PF00535
A0AAW4R384,2,PF00041
A0AAW4R384,3,PF00553
A0AAW4SIU3,1,PS51257
A0AAW4SY89,1,PS51257
A0AAW4VWF4,1,PF01476
A0AAW4VWF4,2,PF01476
A0AAW4Z4B2,1,PS51257
A0AAW4ZBB1,1,PS51257
A0AAW4ZHY1,1,PS51257
A0AAW4ZT02,2,PF02839
A0AAW4ZT02,4,SM00495
A0AAW4ZVP3,2,G3DSA:2.60.40.10
A0AAW4ZVP3,3,PF02839
A0AAW4ZVP3,4,PF02839
A0AAW5BCB5,1,PF01476
A0AAW5BCB5,2,PF01476
A0AAW5BWL0,1,PF08239
A0AAW5C786,1,PF01476
A0AAW5CQH6,1,SM00495
A0AAW5CQH6,2,PF17957
A0AAW5CQH6,3,PF17957
A0AAW5CQH6,5,SM00495
A0AAW5CQH7,1,PF08329
A0AAW5CQH7,3,G3DSA:2.60.40.10
A0AAW5CQH7,5,PF02839
A0AAW5CW16,1,PF02839
A0AAW5CW16,2,PF17957
A0AAW5D0J6,1,SM00495
A0AAW5D0J6,2,PF17957
A0AAW5D0J6,3,PF17957
A0AAW5D0J6,4,SM00495
A0AAW5D0J6,5,PF17957
A0AAW5D0J6,6,PF17957
A0AAW5DX26,1,PF01476
A0AAW5DX26,2,PF01476
A0AAW5DX26,3,PF01476
A0AAW5DX26,6,G3DSA:2.60.40.10
A0AAW5DX26,7,G3DSA:2.60.40.10
A0AAW5DX26,8,G3DSA:2.60.40.10
A0AAW5DX26,9,PF01476
A0AAW5DX26,11,PF01476
A0AAW5DX26,12,PF01476
A0AAW5E036,1,PF07833
A0AAW5E4J3,1,PF01476
A0AAW5E4J3,2,PF01476
A0AAW5EFB7,2,PF02839
A0AAW5EFB7,3,PF02839
A0AAW5F884,1,PF01476
A0AAW5F8D9,1,PS51257
A0AAW5F8D9,2,PF08239
A0AAW5IXY4,2,PF00041
A0AAW5IXY4,3,PF02839
A0AAW5JLP8,1,PF00395
A0AAW5JLP8,2,PF00395
A0AAW5JR24,1,PF01476
A0AAW5JR24,2,PF01476
A0AAW5L1S9,2,PF00041
A0AAW5L1S9,3,PF00553
A0AAW5L2A2,1,PF01476
A0AAW5L2A2,2,PF01476
A0AAW5MB77,1,SM00495
A0AAW5MB77,2,PF17957
A0AAW5MB77,3,PF17957
A0AAW5MB77,5,SM00495
A0AAW5MGT4,1,PF08329
A0AAW5MGT4,3,PF22352
A0AAW5MGT4,5,PF02839
A0AAW5MGT4,6,PF02839
A0AAW5MKH6,1,PF08329
A0AAW5MKH6,3,PF22352
A0AAW5MKH6,4,G3DSA:2.60.40.10
A0AAW5MKH6,5,PF02839
A0AAW5MKH6,6,PF02839
A0AAW5NVB6,1,PS51257
A0AAW5NZS7,1,PS51257
A0AAW5P0A1,1,PS51257
A0AAW5PL19,1,SM00495
A0AAW5PL19,2,PF17957
A0AAW5PL19,3,G3DSA:2.60.40.10
A0AAW5UMU5,3,PF00535
A0AAW5X2G3,1,PF01476
A0AAW5X2G3,2,PF01476
A0AAW5X4C6,3,PF00535
A0AAW5XAS7,2,PF00041
A0AAW5XAS7,3,PF00553
A0AAW5XLZ6,3,PF00535
A0AAW5XPM8,1,PF01476
A0AAW5XPM8,2,PF01476
A0AAW5XS12,2,PF00041
A0AAW5XS12,3,PF00553
A0AAW5Y1X5,3,PF00535
A0AAW5Y797,2,PF00041
A0AAW5Y797,3,PF00553
A0AAW5Y8C2,1,PF01476
A0AAW5Y8C2,2,PF01476
A0AAW5YGE5,2,PF00041
A0AAW5YGE5,3,PF00553
A0AAW5YLR7,3,PF00535
A0AAW5YLX8,1,PF01476
A0AAW5YLX8,2,PF01476
A0AAW6AVE4,1,PS51257
A0AAW6AVE4,2,PF08239
A0AAW6B1V3,1,PF01476
A0AAW6BE70,2,PF02839
A0AAW6C0T2,1,PF01476
A0AAW6C0T2,2,PF01476
A0AAW6CEF8,1,PF00395
A0AAW6CEF8,2,PF00395
A0AAW6CFV4,1,PF01476
A0AAW6CFV4,2,PF01476
A0AAW6DHX3,1,PF08239
A0AAW6HBM8,1,PS51257
A0AAW6IF44,1,PS51257
A0AAW6ILM3,1,PS51257
A0AAW6K7D5,1,PF01476
A0AAW6K7D5,2,PF01476
A0AAW6KA43,2,PF00041
A0AAW6KA43,3,PF02839
A0AAW6KGM1,1,PF01476
A0AAW6KGM1,2,PF01476
A0AAW6M4N2,1,PS51257
A0AAW6M8W6,1,PS51257
A0AAW6NIJ4,2,PF22352
A0AAW6NQS5,1,PF08329
A0AAW6NQS5,3,PF22352
A0AAW6NQS5,5,PF02839
A0AAW6NQS5,6,PF02839
A0AAW6R223,2,PF02839
A0AAW6S300,1,PF08329
A0AAW6S300,3,PF22352
A0AAW6S300,5,PF02839
A0AAW6S300,6,PF02839
A0AAW6SRX2,1,PF01476
A0AAW6SRX2,2,PF01476
A0AAW6SRX2,3,PF01476
A0AAW6T010,1,PF01476
A0AAW6T010,2,PF01476
A0AAW6T1M0,1,PF01476
A0AAW6T1M0,2,PF01476
A0AAW6U3W6,1,PS51257
A0AAW6WYL8,2,PF00041
A0AAW6WYL8,3,PF02839
A0AAW6X8C9,1,PF08329
A0AAW6X9L9,2,SM00495
A0AAW6ZQL6,1,PF08329
A0AAW6ZQL6,3,PF22352
A0AAW6ZQL6,5,PF02839
A0AAW6ZUK6,1,PS51257
A0AAW6ZUK6,2,PF02839
A0AAW6ZUK6,3,PF17957
A0AAW6ZUK6,4,PF17957
A0AAW6ZXJ9,1,PS51257
A0AAW6ZXJ9,2,PF02839
A0AAW6ZXJ9,3,PF17957
A0AAW6ZXJ9,4,PF17957
A0AAW6ZZH6,1,PF08329
A0AAW6ZZH6,3,PF22352
A0AAW6ZZH6,5,PF02839
A0AAW6ZZZ0,1,PF02839
A0AAW6ZZZ0,2,PF17957
A0AAW6ZZZ0,3,PF17957
A0AAW6ZZZ0,4,SM00495
A0AAW6ZZZ0,5,PF17957
A0AAW6ZZZ0,6,PF17957
A0AAW7CCQ7,1,PF01476
A0AAW7CCQ7,2,PF01476
A0AAW7CLP5,1,PF01476
A0AAW7CLP5,2,PF01476
A0AAW7CLP5,3,PF01476
A0AAW7EZQ1,1,PF08329
A0AAW7EZQ1,3,PF22352
A0AAW7EZQ1,5,PF02839
A0AAW7EZQ1,6,PF02839
A0AAW7I1J2,1,PF08329
A0AAW7I1J2,3,PF22352
A0AAW7I1J2,5,PF02839
A0AAW7I1J2,6,PF02839
A0AAW7I2H2,1,SM00495
A0AAW7I2H2,2,PF17957
A0AAW7I2H2,3,PF17957
A0AAW7I2H2,5,SM00495
A0AAW7IC50,1,PF01476
A0AAW7IC50,2,PF01476
A0AAW7ICD1,1,PF01476
A0AAW7ICD1,2,PF01476
A0AAW7IH94,1,PF01476
A0AAW7IH94,2,PF01476
A0AAW7JCF5,2,G3DSA:2.60.40.10
A0AAW7JCF5,3,PF02839
A0AAW7KPT8,1,PF08329
A0AAW7KPT8,3,G3DSA:2.60.40.10
A0AAW7KPT8,4,G3DSA:2.60.40.10
A0AAW7KPT8,5,PF02839
A0AAW7KPT8,6,PF02839
A0AAW7L3J2,1,SM00495
A0AAW7L3J2,2,PF17957
A0AAW7L3J2,3,PF17957
A0AAW7NJ10,1,PF01476
A0AAW7NJ10,2,PF01476
A0AAW7NKL2,3,PF00535
A0AAW7NPN3,1,SM00495
A0AAW7NPN3,3,PF00041
A0AAW7NPN3,4,PF02839
A0AAW7RY22,1,PF08329
A0AAW7RY22,3,PF22352
A0AAW7UWR0,1,SM00495
A0AAW7UWR0,2,SM00495
A0AAW7UWR0,3,SM00495
A0AAW7UWR0,4,SM00495
A0AAW7UWR0,5,SM00495
A0AAW7UWR0,6,PF02839
A0AAW7UWR0,7,SM00495
A0AAW7X7Q2,1,PF08329
A0AAW7X7Q2,2,PF17957
A0AAW7X7Q2,3,PF17957
A0AAW7X7Q2,4,PF17957
A0AAW7X7U0,1,PS51257
A0AAW7X7U0,3,PF08329
A0AAW7X9M3,1,SM00495
A0AAW7X9M3,3,SM00495
A0AAW7XAG3,1,PF02839
A0AAW7XAG3,2,SM00495
A0AAW7Y308,2,PF02839
A0AAW7Y3X3,2,G3DSA:2.60.40.10
A0AAW7Y3X3,3,G3DSA:2.60.40.10
A0AAW7Y3X3,4,PF02839
A0AAW7Y3X3,5,PF02839
A0AAW7Y6A5,1,PS51257
A0AAW7Y6A5,2,PF02839
A0AAW7Y6A5,3,PF17957
A0AAW7Y6A5,4,PF17957
A0AAW7Y8Q2,1,SM00495
A0AAW7Y8Q2,2,PF17957
A0AAW7Y8Q2,3,PF17957
A0AAW7Y8Q2,4,SM00495
A0AAW7Y8Q2,5,PF17957
A0AAW7Y8Q2,6,PF17957
A0AAW7ZAY4,1,PF07833
A0AAW7ZJV3,1,PF08329
A0AAW7ZJV3,3,PF22352
A0AAW7ZJV3,5,PF02839
A0AAW7ZJV3,6,PF02839
A0AAW8C085,1,PF01476
A0AAW8C085,2,PF01476
A0AAW8C2D3,3,PF00535
A0AAW8CDP4,2,PF00041
A0AAW8CDP4,3,PF00553
A0AAW8F936,1,PS51318
A0AAW8F936,2,PF02018
A0AAW8F936,3,PF00041
A0AAW8FCW2,1,PF02018
A0AAW8FCW2,2,PF00041
A0AAW8FEJ2,1,PF00553
A0AAW8FEJ2,2,PF00041
A0AAW8FJM3,1,PF00553
A0AAW8GF81,1,PS51257
A0AAW8GIU0,1,PF08329
A0AAW8GIU0,3,PF22352
A0AAW8GIU0,4,G3DSA:2.60.40.10
A0AAW8GIU0,5,PF02839
A0AAW8GKJ4,1,PS51257
A0AAW8GKJ4,2,PF02839
A0AAW8GKJ4,3,PF17957
A0AAW8GKJ4,5,SM00495
A0AAW8GME0,1,SM00495
A0AAW8GME0,2,PF17957
A0AAW8GME0,3,PF17957
A0AAW8GME0,4,SM00495
A0AAW8GME0,5,PF17957
A0AAW8GME0,6,PF17957
A0AAW8GS64,1,PS51257
A0AAW8GS64,2,PF02839
A0AAW8GS64,3,PF17957
A0AAW8GS64,4,PF17957
A0AAW8GS64,7,SM00495
A0AAW8GXS8,1,G3DSA:2.60.40.10
A0AAW8GXS8,2,PF17957
A0AAW8GXS8,3,PF17957
A0AAW8GXS8,4,PF17957
A0AAW8GZP7,1,PF08329
A0AAW8GZP7,3,PF22352
A0AAW8GZP7,5,PF02839
A0AAW8H792,1,PF08329
A0AAW8H792,3,PF22352
A0AAW8H792,5,PF02839
A0AAW8H792,6,PF02839
A0AAW8PSC1,1,PF08329
A0AAW8PSC1,3,PF22352
A0AAW8PSC1,5,PF02839
A0AAW8PWL1,1,PS51257
A0AAW8PWL1,2,PF02839
A0AAW8PWL1,3,PF17957
A0AAW8PWL1,4,PF17957
A0AAW8Q391,1,SM00495
A0AAW8Q391,2,PF17957
A0AAW8Q391,3,PF17957
A0AAW8Q391,4,SM00495
A0AAW8Q391,5,PF17957
A0AAW8Q391,6,PF17957
A0AAW8RA25,3,PF00041
A0AAW8RA25,4,PF02839
A0AAW8RIK0,3,PF00041
A0AAW8RIK0,4,PF02839
A0AAW9A7S4,1,PF01476
A0AAW9A7S4,2,PF01476
A0AAW9AAR5,1,PF01476
A0AAW9AEC2,1,PS51257
A0AAW9AEC2,2,PF02839
A0AAW9AEC2,3,PF17957
A0AAW9AEC2,4,PF17957
A0AAW9AIF7,1,PF08329
A0AAW9AIF7,3,PF22352
A0AAW9AIF7,5,PF02839
A0AAW9ANB4,1,PF02839
A0AAW9ANB4,2,PF17957
A0AAW9ANB4,3,PF17957
A0AAW9ANB4,4,SM00495
A0AAW9ANB4,5,PF17957
A0AAW9ANB4,6,PF17957
A0AAW9AUK5,1,PF02839
A0AAW9AUK5,2,PF17957
A0AAW9AUK5,3,PF17957
A0AAW9B5R1,1,PF08329
A0AAW9B5R1,3,PF22352
A0AAW9B5R1,5,PF02839
A0AAW9B6Q7,1,PF02839
A0AAW9B6Q7,2,PF17957
A0AAW9B6Q7,3,PF17957
A0AAW9B6Q7,4,SM00495
A0AAW9B6Q7,5,PF17957
A0AAW9B6Q7,6,PF17957
A0AAW9BDP6,1,PF08329
A0AAW9BDP6,3,PF22352
A0AAW9BDP6,5,PF02839
A0AAW9BGC3,1,PS51257
A0AAW9BGC3,2,PF02839
A0AAW9BGC3,3,PF17957
A0AAW9BGC3,4,PF17957
A0AAW9BKF1,1,PF02839
A0AAW9BKF1,2,PF17957
A0AAW9BKF1,3,PF17957
A0AAW9BKF1,4,SM00495
A0AAW9BKF1,5,PF17957
A0AAW9BKF1,6,PF17957
A0AAW9BMC4,1,SM00495
A0AAW9BMC4,2,PF17957
A0AAW9BMC4,3,PF17957
A0AAW9D0Q9,2,PF02839
A0AAW9D0Q9,3,PF02839
A0AAW9E2C1,2,SM00495
A0AAW9E448,2,G3DSA:2.60.40.10
A0AAW9E448,3,SM00495
A0AAW9EZC3,1,PF08329
A0AAW9EZC3,3,PF22352
A0AAW9EZC3,4,G3DSA:2.60.40.10
A0AAW9EZC3,5,PF02839
A0AAW9EZC3,6,PF02839
A0AAW9FPS7,1,PS51257
A0AAW9FUC6,3,PF00535
A0AAW9FY90,1,PS51257
A0AAW9G9J2,1,PF01476
A0AAW9G9J2,2,PF01476
A0AAW9GBD7,3,PF00535
A0AAW9GIA0,2,PF00041
A0AAW9GIA0,3,PF00553
A0AAW9GYI6,1,G3DSA:2.60.40.10
A0AAW9H217,1,PS51257
A0AAW9JEQ8,1,SM00495
A0AAW9JEQ8,3,PF00041
A0AAW9JEQ8,4,PF02839
A0AAW9JHQ1,2,PF00041
A0AAW9JHQ1,3,PF00553
A0AAW9JQ91,3,PF00041
A0AAW9JQ91,4,PF02839
A0AAW9JST4,2,PF00041
A0AAW9JST4,3,PF02839
A0AAW9K6L4,1,PS51257
A0AAW9LRC0,2,G3DSA:2.60.40.10
A0AAW9MVY7,2,PF00041
A0AAW9MVY7,3,PF02839
A0AAW9MZH4,3,PF00041
A0AAW9MZH4,4,PF02839
A0AAW9N6L2,1,PF01476
A0AAW9N6L2,2,PF01476
A0AAW9NII3,1,PF01476
A0AAW9NII3,2,PF01476
A0AAW9NL08,1,PF01476
A0AAW9NL08,2,PF01476
A0AAW9NLR7,1,PS51257
A0AAW9NYS1,1,PF01476
A0AAW9NYS1,2,PF01476
A0AAW9S6V9,2,PF17957
A0AAW9S6V9,3,PF17957
A0AAW9S6V9,4,PF02839
A0AAW9S6V9,6,PF17957
A0AAW9S6V9,7,PF02839
A0AAW9WMK3,1,PF08239
A0AAW9X3M4,1,SM00495
A0AAW9X3M4,2,SM00495
A0AAW9X3M4,3,SM00495
A0AAW9X3M4,4,SM00495
A0AAW9X3M4,5,SM00495
A0AAW9X3M4,6,PF02839
A0AAW9X3M4,7,SM00495
A0AAW9Y5B9,1,SM00495
A0AAW9Y5B9,2,PF17957
A0AAW9Y5B9,3,PF17957
A0AAW9Y5B9,5,SM00495
A0AAW9YBD5,1,PF08329
A0AAW9YBD5,3,PF22352
A0AAW9YBD5,4,PF22352
A0AAW9YBD5,5,PF02839
A0AAW9YBD5,6,PF02839
A0AAX0AX98,2,PF02839
A0AAX0AX98,3,PF02839
A0AAX0AXR1,2,G3DSA:2.60.40.10
A0AAX0AXR1,3,G3DSA:2.60.40.10
A0AAX0AXR1,4,PF02839
A0AAX0GCC0,3,PF00041
A0AAX0GCC0,4,PF02839
A0AAX0HLC1,3,PF00041
A0AAX0HLC1,4,PF02839
A0AAX0I7T5,1,PS51257
A0AAX0I7T5,2,PF02839
A0AAX0II32,1,PS51257
A0AAX0II32,2,PF02839
A0AAX0IJX9,1,PF02839
A0AAX0IJX9,2,PF02839
A0AAX0K997,1,SM00495
A0AAX0K997,2,SM00495
A0AAX0K997,3,SM00495
A0AAX0K997,4,SM00495
A0AAX0K997,5,SM00495
A0AAX0K997,6,PF02839
A0AAX0K997,7,SM00495
A0AAX0RRK9,1,PF01476
A0AAX0RRK9,2,PF01476
A0AAX0S1R9,1,PF01476
A0AAX0S1R9,2,PF01476
A0AAX0S5F4,1,PF01476
A0AAX0S5F4,2,PF01476
A0AAX0S7K7,1,PF01476
A0AAX0S7K7,2,PF01476
A0AAX0S7K7,3,PF01476
A0AAX0WMT1,5,G3DSA:2.60.40.10
A0AAX0XQD2,1,PF08329
A0AAX0XQD2,3,PF22352
A0AAX0XQD2,5,PF02839
A0AAX0XQD2,6,PF02839
A0AAX0XSZ0,1,SM00495
A0AAX0XSZ0,2,PF17957
A0AAX0XSZ0,3,PF17957
A0AAX0XSZ0,5,SM00495
A0AAX0YS27,1,PS51257
A0AAX0YY93,2,PF02839
A0AAX0YY93,3,PF02839
A0AAX0Z032,2,PF02839
A0AAX0Z032,4,SM00495
A0AAX0Z2U5,1,PF01476
A0AAX0Z2U5,2,PF01476
A0AAX1G1Q0,1,PF08329
A0AAX1G4A1,2,PF00041
A0AAX1G4A1,3,PF02839
A0AAX1GBI4,2,SM00495
A0AAX1IKJ8,1,SM00495
A0AAX1IKJ8,2,PF17957
A0AAX1IKJ8,3,PF00041
A0AAX1KJ34,1,PF01476
A0AAX1KJ34,2,PF01476
A0AAX1KNM9,1,PF00395
A0AAX1KNM9,2,PF00395
A0AAX1N0R2,2,PF17957
A0AAX1N0R2,3,G3DSA:2.60.40.10
A0AAX1N0R2,4,SM00495
A0AAX1N0R2,5,G3DSA:2.60.40.10
A0AAX1N0R2,6,G3DSA:2.60.40.10
A0AAX1N0R2,7,PF02839
A0AAX1N0R2,8,G3DSA:2.60.40.10
A0AAX1PF62,1,PF08329
A0AAX1PF62,3,PF22352
A0AAX1PF62,5,PF02839
A0AAX1PF62,6,PF02839
A0AAX1PIS1,1,SM00495
A0AAX1PIS1,2,PF17957
A0AAX1PIS1,3,PF17957
A0AAX1PIS1,5,SM00495
A0AAX1Q4F3,1,PF01476
A0AAX1Q4F3,2,PF01476
A0AAX1Q5U1,1,PF01476
A0AAX1Q5U1,2,PF01476
A0AAX1QDW7,3,SM00495
A0AAX1QN51,1,PS51257
A0AAX1QN51,2,PF02839
A0AAX1QN51,3,PF17957
A0AAX1QN51,4,PF17957
A0AAX1QN51,7,SM00495
A0AAX1QUB2,1,PF08329
A0AAX1QUB2,3,PF22352
A0AAX1QUB2,6,PF02839
A0AAX1QXB0,1,PF17957
A0AAX1QXB0,2,PF17957
A0AAX1T0D3,2,PF00041
A0AAX1T0D3,3,PF00553
A0AAX1T1C8,1,PF01476
A0AAX1T1C8,2,PF01476
A0AAX1T6L6,3,PF00535
A0AAX1UAC6,1,PF02839
A0AAX1VXK4,2,PF00041
A0AAX1VXK4,3,G3DSA:2.60.40.10
A0AAX1VXK4,4,PF02839
A0AAX1WK81,1,PF08329
A0AAX1WK81,3,PF22352
A0AAX1WK81,4,G3DSA:2.60.40.10
A0AAX1WK81,5,PF02839
A0AAX1WK81,6,PF02839
A0AAX1XLD6,1,PF02839
A0AAX1XLD6,2,PF17957
A0AAX1XLD6,3,PF17957
A0AAX1XLD6,4,SM00495
A0AAX1XLD6,5,PF17957
A0AAX1XLD6,6,PF17957
A0AAX1XNJ6,1,PF08329
A0AAX1XNJ6,3,PF22352
A0AAX1XNJ6,5,PF02839
A0AAX1XS73,1,PS51257
A0AAX1XS73,2,PF02839
A0AAX1XS73,3,PF17957
A0AAX1XS73,4,PF17957
A0AAX2CCR2,2,PF00041
A0AAX2CCR2,3,PF00553
A0AAX2CI96,1,PF01476
A0AAX2CI96,2,PF01476
A0AAX2DLS8,3,PF00041
A0AAX2DLS8,4,PF02839
A0AAX2DVB6,2,G3DSA:2.60.40.10
A0AAX2DVB6,3,PF02839
A0AAX2EJ21,1,PF01476
A0AAX2EJ21,2,PF01476
A0AAX2ELA9,2,PF22352
A0AAX2ELA9,3,SM00495
A0AAX2EYS6,2,PF00041
A0AAX2EYS6,3,SM00495
A0AAX2FCW0,3,PF00535
A0AAX2FJX0,1,PF01476
A0AAX2FJX0,2,PF01476
A0AAX2FLX6,2,PF00041
A0AAX2FLX6,3,PF00553
A0AAX2G6P4,1,PF01476
A0AAX2G6P4,2,PF01476
A0AAX2G758,3,PF00535
A0AAX2GF82,2,PF00041
A0AAX2GF82,3,PF00553
A0AAX2LUV3,1,PF08329
A0AAX2LUV3,3,PF22352
A0AAX2LY81,1,PS51257
A0AAX2LY81,2,PF02839
A0AAX2LY81,3,PF17957
A0AAX2LY81,4,PF17957
A0AAX2LY81,7,SM00495
A0AAX2M679,1,PS51257
A0AAX2M679,2,PF02839
A0AAX2MAC3,2,PF02839
A0AAX2MAC3,3,PF02839
A0AAX2MBM5,1,PF02839
A0AAX2MDK5,1,PF02839
A0AAX2S121,1,PF08329
A0AAX2S121,3,PF22352
A0AAX2UUN5,2,PF02839
A0AAX2UUN5,4,SM00495
A0AAX2UUR2,1,PF08329
A0AAX2UUR2,3,PF22352
A0AAX2UUR2,4,G3DSA:2.60.40.10
A0AAX2UUR2,5,PF02839
A0AAX2UUR2,6,PF02839
A0AAX2UV45,1,SM00495
A0AAX2UV45,2,PF17957
A0AAX2UV45,3,PF17957
A0AAX2UV45,5,SM00495
A0AAX2UW84,1,PF08329
A0AAX2UW84,3,PF22352
A0AAX2UW84,4,G3DSA:2.60.40.10
A0AAX2UW84,5,PF02839
A0AAX2UW84,6,PF02839
A0AAX3CM97,2,G3DSA:2.60.40.10
A0AAX3CPR4,2,G3DSA:2.60.40.10
A0AAX3G4C0,2,G3DSA:2.60.40.10
A0AAX3G4C0,3,PF02839
A0AAX3HIL5,2,PF00041
A0AAX3HIL5,3,PF00553
A0AAX3HRI5,3,PF00535
A0AAX3HS52,1,PF01476
A0AAX3HS52,2,PF01476
A0AAX3LYZ0,1,PF07833
A0AAX3M705,1,PF07833
A0AAX3MY15,1,PF07833
A0AAX3MY87,2,PF00041
A0AAX3MY87,3,PF02839
A0AAX3N7E3,1,PF00395
A0AAX3N7E3,2,PF00395
A0AAX3N7E3,3,PF00395
A0AAX3N7H0,1,PF07833
A0AAX3N7M9,1,PF02839
A0AAX3N7M9,2,PF00041
A0AAX3NDF0,2,G3DSA:2.60.40.10
A0AAX3NDF0,3,PF02839
A0AAX3NSU3,2,PF02839
A0AAX3NSU3,4,SM00495
A0AAX3NVM9,1,PF08329
A0AAX3NVM9,3,PF22352
A0AAX3NVM9,5,PF02839
A0AAX3NVM9,6,PF02839
A0AAX3NXU3,1,PF08329
A0AAX3NXU3,3,PF22352
A0AAX3NXU3,4,G3DSA:2.60.40.10
A0AAX3NXU3,5,PF02839
A0AAX3NXU3,6,PF02839
A0AAX3NYP9,1,SM00495
A0AAX3NYP9,2,PF17957
A0AAX3NYP9,3,PF17957
A0AAX3NYP9,5,SM00495
A0AAX3PAA8,1,PF08329
A0AAX3PAA8,3,PF22352
A0AAX3PAA8,5,PF02839
A0AAX3PAA8,6,PF02839
A0AAX3PDL3,1,SM00495
A0AAX3PDL3,2,PF17957
A0AAX3PDL3,3,PF17957
A0AAX3PDL3,5,SM00495
A0AAX3QDP8,2,PF00041
A0AAX3QDP8,3,PF00553
A0AAX3QGU6,3,PF00535
A0AAX3RKA6,1,PF01476
A0AAX3RKA6,2,PF01476
A0AAX3S401,1,PF08329
A0AAX3TZE8,1,PS51257
A0AAX3TZE8,5,PF22352
A0AAX3U2X1,1,PF17957
A0AAX3U2X1,2,PF17957
A0AAX3U2X1,3,PF17957
A0AAX3U2X1,4,PF17957
A0AAX3U7U2,2,PF22352
A0AAX3U7U2,3,PF22352
A0AAX3U9L0,1,PF08329
A0AAX3U9L0,3,PF22352
A0AAX3U9L0,5,PF02839
A0AAX3UBC1,1,PS51257
A0AAX3UBC1,2,PF02839
A0AAX3UBC1,3,PF17957
A0AAX3UBC1,4,PF17957
A0AAX3UBC1,7,SM00495
A0AAX3VY56,1,SM00495
A0AAX3VY56,2,PF17957
A0AAX3VY56,3,PF17957
A0AAX3VY56,5,SM00495
A0AAX3W0C0,1,PF08329
A0AAX3W0C0,3,PF22352
A0AAX3W0C0,5,PF02839
A0AAX3W0C0,6,PF02839
A0AAX3WSD1,1,PS51257
A0AAX3WUN6,1,PF01476
A0AAX3WUN6,2,PF01476
A0AAX3WUN6,3,PF01476
A0AAX3X5P3,1,PF01476
A0AAX3X5P3,2,PF01476
A0AAX3Z6F2,1,PF08329
A0AAX3Z6F2,3,PF22352
A0AAX3Z6F2,5,PF02839
A0AAX3Z6F2,6,PF02839
A0AAX3ZGC8,2,PF02839
A0AAX3ZM73,1,PF02018
A0AAX3ZM73,2,PF00041
A0AAX3ZNC3,1,PF00553
A0AAX3ZNC3,2,PF00041
A0AAX3ZQK1,1,PS51318
A0AAX3ZQK1,2,PF02018
A0AAX3ZQK1,3,PF00041
A0AAX4FFW1,1,PS51257
A0AAX6BGW3,1,PF01476
A0AAX6BGW3,2,PF01476
A0AAX6BHL1,1,PF01476
A0AAX6BHL1,2,PF01476
A0AAX6N2J5,1,PF01476
A0AAX6N2J5,2,PF01476
A0AAX6N2V0,1,PF01476
A0AAX6N2V0,2,PF01476
A0AB33EKA3,1,PS51257
A0AB33EKA3,2,PF02839
A0AB33EMA3,1,PF02839
A0AB33ENT0,1,PS51257
A0AB33ENT0,2,PF02839
A0AB33EQ68,1,PS51318
A0AB33EZA9,1,PF00553
A0AB33F107,2,PF02839
A0AB33F107,3,PF02839
A0AB33FNJ4,2,G3DSA:2.60.40.10
A0AB33FNJ4,3,PF02839
A0AB33G848,2,SM00495
A0AB33JXA3,2,PF02018
A0AB33JY47,2,SM00495
A0AB33JYB3,1,PF02018
A0AB33K0P6,1,PF00553
A0AB33K122,1,PS51318
A0AB33K122,2,PF02018
A0AB33K3G7,1,PF02018
A0AB33K3I3,2,SM00495
A0AB33K8B3,1,PF00553
A0AB33K8B3,2,PF00041
A0AB33KBP0,1,PF02018
A0AB33KBP0,2,PF00041
A0AB33KH02,1,PF02018
A0AB33KH02,2,PF00041
A0AB33KI03,1,PF00553
A0AB33KI03,2,PF00041
A0AB33KM30,1,PF00553
A0AB33KVK7,1,PS51318
A0AB33KVK7,3,PF02839
A0AB33WN36,2,G3DSA:2.60.40.10
A0AB33WN36,3,PF02839
A0AB34C126,2,PF00041
A0AB34C126,3,PF02839
A0AB34C858,2,G3DSA:2.60.40.10
A0AB34C858,3,PF02839
A0AB34D2B7,2,PF00041
A0AB34D2B7,3,PF00553
A0AB34DEH7,3,PF00535
A0AB34QVS5,1,PF01476
A0AB34QVS5,2,PF01476
A0AB34TL21,1,SM00495
A0AB34TL21,2,PF17957
A0AB34TL21,3,PF00041
A0AB34U519,2,PF00041
A0AB34U519,3,PF02839
A0AB34Z660,1,PS51257
A0AB35F7M4,1,PF08329
A0AB35F7M4,3,PF22352
A0AB35F7M4,4,G3DSA:2.60.40.10
A0AB35F7M4,5,PF02839
A0AB35F7M4,6,PF02839
A0AB35HUH1,1,PF02839
A0AB35HUH1,2,SM00495
A0AB35HZ40,1,SM00495
A0AB35HZ40,2,PF17957
A0AB35HZ40,3,PF17957
A0AB35JVQ4,2,PF00041
A0AB35JVQ4,3,PF02839
A0AB35KCJ3,2,G3DSA:2.60.40.10
A0AB35KCJ3,3,PF02839
A0AB35MRI7,1,PS51257
A0AB35MRI7,2,PF02839
A0AB35MRI7,3,PF17957
A0AB35MRI7,4,PF17957
A0AB35MTX2,1,PF08329
A0AB35MTX2,3,PF22352
A0AB35MTX2,5,PF02839
A0AB35MX42,2,PF02839
A0AB35MX42,4,SM00495
A0AB35P7T7,1,SM00495
A0AB35P7T7,3,PF00041
A0AB35P7T7,4,PF02839
A0AB35PF07,2,PF00041
A0AB35PF07,3,PF00553
A0AB35QYZ4,2,PF00041
A0AB35QYZ4,3,PF02839
A0AB35WFJ5,2,G3DSA:2.60.40.10
A0AB35WH95,2,G3DSA:2.60.40.10
A0AB35XAV7,2,G3DSA:2.60.40.10
A0AB35YGX5,1,PF01476
A0AB35YGX5,2,PF01476
A0AB35YGX5,3,PF01476
A0AB35YKL0,1,PF01476
A0AB35YKL0,2,PF01476
A0AB35YKZ6,1,PS51257
A0AB36DGM9,1,PF08239
A0AB36H405,1,PS51318
A0AB36J8C8,3,PF02839
A0AB36J8C8,4,PF02839
A0AB36J9L9,1,PF00395
A0AB36J9L9,2,PF00395
A0AB36J9L9,3,PF00395
A0AB36J9S3,2,PF02839
A0AB36J9S3,3,PF02839
A0AB36JAP4,1,PF07833
A0AB36JIK5,1,PF07833
A0AB36JX90,1,SM00495
A0AB36JYU7,1,PF08329
A0AB36JYU7,3,PF22352
A0AB36JYU7,5,PF02839
A0AB36JYU7,6,PF02839
A0AB36K8K4,1,SM00495
A0AB36KAF2,1,PF08329
A0AB36KAF2,3,PF22352
A0AB36KAF2,5,PF02839
A0AB36KAF2,6,PF02839
A0AB36KSW1,2,PF00041
A0AB36KSW1,3,PF02839
A0AB36NXL7,4,G3DSA:2.60.40.10
A0AB36NXL7,5,G3DSA:2.60.40.10
A0AB36NYK7,1,PS51257
A0AB36S974,2,PF00041
A0AB36S974,3,PF02839
A0AB36SH72,3,PF00535
A0AB36SK80,2,PF00041
A0AB36SK80,3,PF00553
A0AB36SV95,3,PF00535
A0AB36T6H5,2,PF00041
A0AB36T6H5,3,PF00553
A0AB36TCS0,1,PS51257
A0AB36TCS0,2,PF07833
A0AB36TEJ2,1,PF07833
A0AB36TIR5,1,PF01476
A0AB36TIR5,2,PF01476
A0AB36TIR5,3,PF08239
A0AB36TP43,3,PF00535
A0AB36TST2,2,PF00041
A0AB36TST2,3,PF00553
A0AB36TX65,1,SM00495
A0AB36TX65,3,PF00041
A0AB36TX65,4,PF02839
A0AB36XGM8,1,PF08329
A0AB36XGM8,3,PF22352
A0AB36XGM8,5,PF02839
A0AB36XM33,1,PS51257
A0AB36XM33,2,PF02839
A0AB36XM33,3,PF17957
A0AB36XM33,4,PF17957
A0AB36XTN0,2,PF02839
A0AB36XTN0,4,SM00495
A0AB37HGG4,1,PF01476
A0AB37HGG4,2,PF01476
A0AB37HIF3,1,PF08239
A0AB37HQN3,1,PF01476
A0AB37HQN3,2,PF01476
A0AB37IDQ0,2,PF00041
A0AB37IDQ0,3,PF02839
A0AB37IK32,3,PF00041
A0AB37IK32,4,PF02839
A0AB37IKG6,2,PF00041
A0AB37IKG6,3,PF02839
A0AB37J9S1,1,PF01476
A0AB37J9S1,2,PF01476
A0AB37JAA8,2,PF00041
A0AB37JAA8,3,PF00553
A0AB37KLT9,1,PF02839
A0AB37L9N7,1,PS51257
A0AB37LB75,1,PS51257
A0AB37M8Z0,1,PS51257
A0AB37MGX1,1,PS51257
A0AB37MQ78,1,PS51257
A0AB37MU41,1,PS51257
A0AB37MWV6,1,PS51257
A0AB37QKF1,2,PF00041
A0AB37QKF1,3,PF02839
A0AB37R813,2,PF00041
A0AB37R813,3,PF02839
A0AB37SU06,2,PF02839
A0AB37SXY6,1,PF00553
A0AB37SYQ0,1,PF02018
A0AB37SYQ0,2,PF00041
A0AB37T050,1,PF02018
A0AB37T356,1,PF00553
A0AB37T356,2,PF00041
A0AB37T356,3,PF00041
A0AB37T4I2,1,PS51318
A0AB37TSA1,1,PS51318
A0AB37TSA1,2,PF02018
A0AB37TSA1,3,PF00041
A0AB37TX42,1,PF02018
A0AB37TX42,2,PF00041
A0AB37TXX1,1,PF00553
A0AB37TXX1,2,PF00041
A0AB37U2W6,2,PF02839
A0AB37VQ40,1,PF08329
A0AB37VQ40,3,PF22352
A0AB37VQ40,5,PF02839
A0AB37VQ40,6,PF02839
A0AB37XHB7,1,PF00553
A0AB37XHB7,2,PF00041
A0AB37XJB9,1,PF00553
A0AB37XJB9,2,PF00041
A0AB37XLQ2,1,PS51318
A0AB37YJD0,2,PF00041
A0AB37YJD0,3,PF00553
A0AB37YPU1,3,PF00535
A0AB37ZLS9,2,PF00041
A0AB37ZLS9,3,PF02839
A0AB38AFX5,1,PS51318
A0AB38AP01,1,PF02018
A0AB38AP01,2,PF00041
A0AB38AZ53,1,PS51318
A0AB38AZ53,2,PF02018
A0AB38AZ53,3,PF00041
A0AB38B811,1,PS51318
A0AB38C1J0,2,PF00041
A0AB38C1J0,3,PF02839
A0AB38C2V3,1,PF02839
A0AB38C2V3,2,PF02839
A0AB38C631,1,PS51257
A0AB38C631,2,PF02839
A0AB38CAQ0,1,PS51257
A0AB38CAQ0,2,PF02839
A0AB38FRX1,1,SM00495
A0AB38FWM8,2,PF02839
A0AB38PA45,1,PF08329
A0AB38PA45,3,PF22352
A0AB38PA45,5,PF02839
A0AB38PA45,6,PF02839
A0AB38QY63,1,PF01476
A0AB38QY63,2,PF01476
A0AB38QYR0,1,PF01476
A0AB38QYR0,2,PF01476
A0AB38QYR0,3,PF01476
A0AB38UAE5,1,PS51257
A0AB39AWH8,1,PF08329
A0AB39AWH8,3,G3DSA:2.60.40.10
A0AB39AWH8,4,G3DSA:2.60.40.10
A0AB39AWH8,5,PF02839
A0AB39AWH8,6,PF02839
A0AB39AWQ4,1,SM00495
A0AB39AWQ4,2,PF17957
A0AB39AWQ4,3,PF17957
A0AB39BSU9,1,PF01476
A0AB39BSU9,2,PF01476
A0AB39HQ36,1,PF01476
A0AB39HQ36,2,PF01476
A0AB39J296,1,PF01476
A0AB39J296,2,PF01476
A0AB39LQX1,1,PF00553
A0AB39LQX1,2,PF00041
A0AB39LRJ6,1,PS51318
A0AB39LRJ6,2,PF02018
A0AB39LRJ6,3,PF00041
A0AB39LWK7,1,PF02018
A0AB39LWK7,2,PF00041
A0AB39M0X3,1,PF00553
A0AB39MAQ4,2,PF02839
A0AB39MET4,1,PF00553
A0AB39MET4,2,PF00041
A0AB39MI25,2,PF02018
A0AB39MIZ2,1,PS51257
A0AB39MJY7,1,PF02018
A0AB39MJY7,2,PF00041
A0AB39MLF4,1,PF00553
A0AB39MLF4,2,G3DSA:2.60.40.10
A0AB39MPR3,1,PF02018
A0AB39MPR3,2,PF00041
A0AB39MUI6,2,PF02839
A0AB39MY23,1,PS51257
A0AB39MYG2,1,PF00553
A0AB39N3A7,1,PF02018
A0AB39N3A7,2,PF00041
A0AB39N663,1,PF00553
A0AB39N663,2,PF00041
A0AB39N742,1,PF02018
A0AB39N742,2,PF00041
A0AB39NS53,1,PS51318
A0AB39NS53,2,PF02018
A0AB39NS53,3,PF00041
A0AB39NSG0,1,PF00553
A0AB39NSG0,2,PF00041
A0AB39NYA6,1,PF02018
A0AB39NYA6,2,PF00041
A0AB39P2M0,1,PS51318
A0AB39P2M0,2,PF02018
A0AB39P2M0,3,PF00041
A0AB39P802,1,PF00553
A0AB39P802,2,PF00041
A0AB39P864,1,PF02018
A0AB39P864,2,PF00041
A0AB39P944,1,PS51318
A0AB39P944,2,PF02018
A0AB39P944,3,PF00041
A0AB39PC29,1,PF00553
A0AB39PX62,1,PF00553
A0AB39Q3N1,1,PF02018
A0AB39Q3N1,2,PF00041
A0AB39Q3X2,1,PF00553
A0AB39Q3X2,2,PF00041
A0AB39Q755,1,PF02018
A0AB39Q755,2,PF00041
A0AB39QA92,1,PS51318
A0AB39QA92,2,PF02018
A0AB39QA92,3,PF00041
A0AB39QMH3,1,PF00553
A0AB39QRB5,1,PF02018
A0AB39QRB5,2,PF00041
A0AB39QVL8,1,PF00553
A0AB39QVL8,2,PF00041
A0AB39QWX1,1,PS51318
A0AB39QWX1,2,PF02018
A0AB39QWX1,3,PF00041
A0AB39RG78,1,PF00553
A0AB39RIM0,1,PF02018
A0AB39RIM0,2,PF00041
A0AB39RKF9,1,PF00553
A0AB39RKF9,2,PF00041
A0AB39RKL7,1,PS51318
A0AB39RKL7,2,PF02018
A0AB39RKL7,3,PF00041
A0AB39RVZ0,2,PF02839
A0AB39S8V2,1,PF00553
A0AB39SGZ8,1,PF00553
A0AB39SGZ8,2,PF00041
A0AB39SHJ3,1,PS51318
A0AB39SHJ3,2,PF02018
A0AB39SHJ3,3,PF00041
A0AB39SHN2,1,PS51318
A0AB39SHN2,2,PF02018
A0AB39SHN2,3,PF00041
A0AB39SID0,1,PF02018
A0AB39SID0,2,PF00041
A0AB39SMT6,2,PF02839
A0AB39SW87,2,PF02839
A0AB39SXL6,1,PS51318
A0AB39SXL6,3,PF02839
A0AB39SYL1,2,PF02839
A0AB39SZ62,1,PS51318
A0AB39SZ62,2,PF02018
A0AB39SZ62,3,PF00041
A0AB39T1F1,1,PF00553
A0AB39T5X1,1,PF02018
A0AB39T5X1,2,PF00041
A0AB39T8P2,1,PF00553
A0AB39T8P2,2,PF00041
A0AB39T9T1,1,PF02018
A0AB39T9T1,2,PF00041
A0AB39TC08,2,PF02018
A0AB39TE71,1,PF00553
A0AB39TE71,2,PF00041
A0AB39TJB4,1,PS51318
A0AB39TJB4,2,PF02018
A0AB39TP94,1,PF02018
A0AB39TPQ8,2,SM00495
A0AB39TYD6,2,SM00495
A0AB39VLX3,2,G3DSA:2.60.40.10
A0AB39VLX3,3,PF02839
A0AB39Y919,2,PF02839
A0AB39YBH9,2,PF02839
A0AB39YGX4,1,PF00553
A0AB39YGX4,2,PF00041
A0AB39YHW9,1,PF02018
A0AB39YHW9,2,PF00041
A0AB39YI18,1,PF02018
A0AB39YI18,2,PF00041
A0AB72Z5Y4,3,PF00041
A0AB72Z5Y4,4,PF02839
A0AB73A715,2,PF00041
A0AB73A715,3,PF02839
A0AB73AHH8,1,PS51257
A0AB73FVE6,1,PF02839
A0AB73FXA6,1,PF08329
A0AB73FXA6,3,PF22352
A0AB73FXA6,5,SM00495
A0AB73FXA6,6,SM00495
A0AB73FZB0,2,PF00041
A0AB73FZB0,3,PF02839
A0AB73HA64,3,PF00041
A0AB73HA64,4,PF02839
A0AB73KAD2,2,PF02839
A0AB73KB28,1,PS51318
A0AB73KB28,3,PF02018
A0AB73KD71,1,PF00553
A0AB73KD71,2,PF00041
A0AB73KDM7,1,PS51318
A0AB73KDR6,1,PF02018
A0AB73KLU2,1,PF02018
A0AB73KM41,2,SM00495
A0AB73KVS3,2,SM00495
A0AB73QW58,3,PF00535
A0AB73QYE9,2,PF00041
A0AB73QYE9,3,PF00553
A0AB73SNB8,3,PF00535
A0AB73T5Q8,1,PF01476
A0AB73T5Q8,2,PF01476
A0AB73T5T3,1,PF08239
A0AB73UG32,2,PF00041
A0AB73UG32,3,PF00553
A0AB73US11,3,PF00535
A0AB73UXJ1,1,SM00495
A0AB73UXJ1,2,SM00495
A0AB73UXJ1,3,SM00495
A0AB73UXJ1,4,SM00495
A0AB73UXJ1,5,SM00495
A0AB73UXJ1,6,PF02839
A0AB74A5L2,2,PF00041
A0AB74A5L2,3,PF02839
A0AB74B5J3,2,PF00041
A0AB74B5J3,3,PF02839
A0AB74BIA2,2,PF00041
A0AB74BIA2,3,PF02839
A0AB74CS46,2,PF00041
A0AB74CS46,3,PF02839
A0AB74CVP3,3,PF00041
A0AB74CVP3,4,PF02839
A0AB74D569,1,PF08329
A0AB74D569,3,PF22352
A0AB74D569,5,SM00495
A0AB74D569,6,SM00495
A0AB74DA05,2,PF00041
A0AB74DA05,3,PF02839
A0AB74KP63,1,SM00495
A0AB74KP63,2,PF17957
A0AB74KTD4,1,PF08329
A0AB74KTD4,4,G3DSA:2.60.40.10
A0AB74KTD4,5,PF02839
A0AB74KTD4,6,PF02839
A0AB74NE74,3,PF00041
A0AB74NE74,4,PF02839
A0AB74V9T0,2,G3DSA:2.60.40.10
A0AB74V9T0,3,G3DSA:2.60.40.10
A0AB74V9T0,4,PF02839
A0AB74V9U8,2,PF02839
A0AB94IFM8,1,PF01476
A0AB94IFM8,2,PF01476
A0AB94IHP0,1,PF01476
A0AB94IHP0,2,PF01476
A0AB94IHP0,3,PF01476
A0AB94II60,1,PF07833
A0AB94IM37,1,PF01476
A0AB94IM37,2,PF01476
A0AB94IPU4,1,PS51257
A0AB94IQA0,1,PF01476
A0AB94IQA0,2,PF01476
A0ABD5Q869,1,PS51318
A0ABD5Q8V7,1,PS51318
A0ABD5QHN3,1,PF02839
A0ABD5QHN3,2,SM00495
A0ABD5QHN3,3,PF02839
A0ABD5QHN3,4,PF00041
A0ABD5YJ49,1,PS51318
A0ABD5YJF7,1,PF02839
A0ABD5YSG3,1,PF02839
A0ABF7T803,2,G3DSA:2.60.40.10
A0AES9,3,PF00041
A0AES9,4,PF02839
A0EQW8,2,PF00041
A0EQW8,3,PF02839
A0KGX3,1,PF08329
A0KGX3,3,PF22352
A0KGX3,5,PF02839
A0KGX3,6,PF02839
A0KNS8,1,SM00495
A0KNS8,2,PF17957
A0KNS8,3,PF17957
A0KNS8,5,SM00495
A0KZJ0,1,PF08329
A0KZJ0,3,PF22352
A0KZJ0,5,PF02839
A0KZJ0,6,PF02839
A0LUX0,2,PF02018
A0LUX2,2,PF02839
A0LUX2,3,PF02018
A0LWJ5,2,PF02839
A0LWJ5,3,PF02018
A0PMR0,2,PF00553
A0PMR0,3,PF00553
A0PYY9,1,PF01476
A0Q5K5,2,PF00041
A0Q5K5,3,PF02839
A0Q5K5,4,PF02839
A0Q5K5,5,PF02839
A1HSG0,1,PS51257
A1TAV0,6,PF00553
A1TAV0,8,PF00553
A1XNE9,1,G3DSA:2.60.40.10
A1ZFU5,1,PF02839
A1ZFU5,2,PF17957
A1ZFU5,3,PF02839
A1ZFU5,4,PF17957
A1ZFU5,5,PF17957
A1ZX26,1,PS51257
A2C9A3,1,PF00553
A2C9A3,2,PF00553
A2ICY1,2,PF00041
A2ICY1,3,PF00553
A2RN78,2,G3DSA:2.60.40.10
A2RN78,3,PF02839
A2TC68,1,PF08329
A3D5H1,1,SM00495
A3D5H1,2,PF17957
A3D5H1,3,PF17957
A3D5H1,4,PF17957
A3D751,1,PF08329
A3D751,3,PF22352
A3D751,5,PF02839
A3D751,6,PF02839
A3DGE2,1,PF01476
A3DGE2,2,PF01476
A3DGE2,3,PF08239
A3DJG4,1,PF07833
A3KL01,2,SM00495
A4AM64,1,PS51257
A4BB99,1,SM00495
A4BB99,2,PF17957
A4BB99,3,PF17957
A4BBI0,1,PF02839
A4CD86,1,SM00495
A4CD86,2,PF17957
A4CD86,3,G3DSA:2.60.40.10
A4CD88,1,PF08329
A4CD88,3,G3DSA:2.60.40.10
A4CD88,4,G3DSA:2.60.40.10
A4CD88,5,PF02839
A4CD88,6,PF02839
A4CR07,1,PF00553
A4GT76,2,PF00041
A4GT76,3,PF00553
A4GZI8,1,PF00553
A4GZI8,2,PF00041
A4IJ97,1,PF01476
A4IJ97,2,PF01476
A4IK91,1,PF01476
A4IK91,2,PF01476
A4IQU5,1,PF01476
A4IQU5,2,PF01476
A4IQU5,3,PF01476
A4J2I0,1,PF07833
A4L294,2,PF00041
A4L294,3,PF00553
A4SJD6,1,SM00495
A4SJD6,2,PF17957
A4SJD6,3,PF17957
A4SJD6,5,SM00495
A4TBD9,6,PF00553
A4TBD9,8,PF00553
A4X946,1,PF00553
A4XDN4,1,PF00553
A4ZVE5,1,PF02018
A4ZVE5,2,PF00041
A5A699,2,PF00041
A5A699,3,PF02839
A5FB54,1,PS51257
A5FB63,5,PF17957
A5FB63,6,PF17957
A5GNH9,1,PF00553
A5GSE6,1,PF00553
A5I0Q0,2,G3DSA:2.60.40.10
A5I0Q0,3,PF02839
A5I0S4,2,PF02839
A5I148,1,PF01476
A5I148,2,PF01476
A5I148,3,PF08239
A5I5R8,2,G3DSA:2.60.40.10
A5I5R8,3,G3DSA:2.60.40.10
A5I5R8,4,PF08329
A5KQX3,1,PF08239
A5KVU7,1,PF08329
A5KVU8,2,PF22352
A5KVU8,4,PF02839
A5KWP0,1,G3DSA:2.60.40.10
A5KWP0,2,PF17957
A5KWP0,3,PF17957
A5L061,1,PF02839
A5L061,2,PF17957
A5L061,3,PF17957
A5L8U7,4,PF02839
A5N6W5,1,PF01476
A5N6W5,2,PF01476
A5YRG4,2,PF00041
A5YRG4,3,PF00553
A5Z8G2,1,PF08239
A5ZA90,2,PF02839
A5ZA90,5,G3DSA:2.60.40.10
A6BFG4,2,PF08239
A6EB77,1,PS51257
A6EB78,1,PS51257
A6FBZ7,1,PF08329
A6FBZ7,3,G3DSA:2.60.40.10
A6FD95,4,PF02839
A6KZU9,1,PS51257
A6LX98,2,PF02839
A6LX98,3,PF02839
A6NQA4,1,PF00395
A6NQA4,2,PF00395
A6NUN0,1,PF01476
A6NUN0,2,PF01476
A6TUD7,1,PF00395
A6TUD7,2,PF00395
A6TUD7,3,PF00395
A6V5H4,2,PF00041
A6V5H4,3,PF02839
A6XFF7,1,PF08329
A7B6I4,1,PF08239
A7B6Y8,1,PF01476
A7GCA5,2,G3DSA:2.60.40.10
A7GCA5,3,PF02839
A7GCC8,2,PF02839
A7GCC8,3,PF02839
A7GCQ0,1,PF01476
A7GCQ0,2,PF01476
A7GCQ0,3,PF08239
A7GH50,2,G3DSA:2.60.40.10
A7GH50,3,G3DSA:2.60.40.10
A7GH50,4,PF08329
A7GKS3,2,PF00041
A7GKS3,3,PF00553
A7GQU7,1,PF01476
A7GQU7,2,PF01476
A7IAD3,1,PS51257
A7IDN7,1,SM00495
A7IDN7,2,PF00041
A7LFH9,1,PF01476
A7LFH9,2,PF01476
A7LHM5,1,PF08329
A7M6A0,1,PF08329
A7M6A0,3,PF22352
A7M6A0,5,SM00495
A7MIL2,2,G3DSA:2.60.40.10
A7MIL2,3,SM00495
A7MTY3,2,PF02839
A7MTY3,4,SM00495
A7N1W5,1,PF02839
A7N1W5,2,PF17957
A7N1W5,3,PF17957
A7N1W5,4,SM00495
A7N1W5,5,PF17957
A7N1W5,6,PF17957
A7N449,1,G3DSA:2.60.40.10
A7N449,2,PF17957
A7N449,3,PF17957
A7N449,4,PF17957
A7N5D7,1,PS51257
A7N5D7,2,PF02839
A7N5D7,3,PF17957
A7N5D7,4,PF17957
A7N613,1,PF08329
A7N613,3,PF22352
A7N613,5,PF02839
A7VQ10,3,PF01476
A7VQ10,4,PF01476
A7Z0D9,1,PF01476
A7Z0D9,2,PF01476
A7Z3U7,1,PF01476
A7Z3U7,2,PF01476
A8AIM7,1,PF08329
A8AIM7,3,PF22352
A8AIM7,5,PF02839
A8AIM7,6,PF02839
A8FAE1,1,PF01476
A8FAE1,2,PF01476
A8G807,1,PF08329
A8GB37,2,PF00041
A8GB37,3,PF02839
A8GHI4,2,SM00495
A8H8S9,2,PF02839
A8IDA6,1,SM00495
A8IDA6,2,PF00041
A8LV01,1,PF00553
A8LY79,1,PF00553
A8MFC7,2,PF00395
A8MFC7,3,PF00395
A8MFC7,4,PF00395
A8MLQ3,1,PF01476
A8QLM7,2,PF00041
A8QLM7,3,PF02839
A8QZK0,1,PF08329
A8QZK0,3,PF22352
A8QZK0,5,PF02839
A8RJ54,1,PF02839
A8S1M9,1,PF01476
A8T099,1,G3DSA:2.60.40.10
A8T099,2,PF17957
A8T099,3,PF17957
A8T099,4,PF17957
A8T0H9,1,PS51257
A8T0H9,2,PF02839
A8T0H9,3,PF17957
A8T0H9,4,PF17957
A8T3S3,1,PF08329
A8T3S3,3,PF22352
A8T3S3,5,PF02839
A8T9I8,1,PF08329
A8T9I8,3,PF02839
A8T9I8,4,SM00495
A9AZI8,2,PF02839
A9AZI8,3,PF02839
A9B1U6,1,PF02839
A9EQQ2,1,PS51257
A9EQQ2,2,SM00495
A9GCU0,1,PS51257
A9KK04,1,PS51257
A9KRF0,1,PF01476
A9KRF0,2,PF01476
A9KSD6,1,PF02839
A9KSD7,4,PF02839
A9KYC7,1,PF08329
A9KYC7,3,PF22352
A9KYC7,5,PF02839
A9KYC7,6,PF02839
A9L4I2,1,SM00495
A9L4I2,2,PF17957
A9L4I2,3,PF17957
A9L4I2,4,PF17957
A9MR71,2,G3DSA:2.60.40.10
A9VNV4,1,PF01476
A9VNV4,2,PF01476
A9VSJ6,2,PF00041
A9VSJ6,3,PF00553
A9WNY9,1,PS51318
A9YZW1,2,PF00041
A9YZW1,3,PF02839
B0G920,1,PF07833
B0MC53,1,PF01476
B0MC53,2,PF01476
B0NQM9,1,PS51257
B0R478,1,PF02839
B0R479,1,PF02839
B0RQ78,1,PS51257
B0TV18,2,PF02839
B0TYR1,1,SM00495
B0TYR2,1,SM00495
B0TYR2,2,PF02839
B0TYR6,2,PF00041
B0TYR6,3,PF02839
B0TYR6,4,PF02839
B0TYR6,5,PF02839
B1HT28,1,PF01476
B1HWA8,1,PF01476
B1HWA8,2,PF01476
B1HWA8,3,PF01476
B1HWL7,1,PS51257
B1IID2,2,G3DSA:2.60.40.10
B1IID2,3,PF02839
B1IIF5,2,PF02839
B1IIF5,3,SM00495
B1IJ94,1,PF01476
B1IJ94,2,PF01476
B1IJ94,3,PF08239
B1IKY3,2,G3DSA:2.60.40.10
B1IKY3,3,G3DSA:2.60.40.10
B1IKY3,4,PF08329
B1KH85,1,PF08329
B1KH85,3,PF22352
B1KH85,4,G3DSA:2.60.40.10
B1KH85,5,PF02839
B1KH85,6,PF02839
B1KIE4,1,SM00495
B1KIE4,2,G3DSA:2.60.40.10
B1KIE4,3,PF17957
B1KIE4,4,PF17957
B1L4U8,2,G3DSA:2.60.40.10
B1L4U8,3,G3DSA:2.60.40.10
B1PBV0,2,PF00041
B1PBV0,3,PF00553
B1T9U5,1,PF02839
B1TBF2,1,PF08329
B1TBF2,3,PF22352
B1TBF2,4,G3DSA:2.60.40.10
B1VBB0,4,PF02839
B1VYQ5,1,PF02018
B1VYQ5,2,PF00041
B1W0A0,1,PF00553
B1W0A0,2,PF00041
B1W2J8,1,PF02018
B1W2J8,2,PF00041
B1W4A0,1,PS51318
B1W4A0,3,PF02839
B2A674,1,PF07833
B2A674,2,PF08239
B2A737,1,PF07833
B2CZA2,2,PF00041
B2CZA2,3,PF00553
B2FMT1,1,SM00495
B2FMT1,2,PF17957
B2FMT1,3,PF00041
B2HSA9,2,PF00553
B2HSA9,3,PF00553
B2JBT5,1,PS51318
B3CBK9,1,PS51257
B3CEW3,1,PS51257
B3CIZ2,1,PS51257
B3JMU8,1,PS51257
B3PB16,1,SM00495
B3PCT3,1,SM00495
B3PCT3,2,SM00495
B3PLJ1,1,SM00495
B3PLJ1,2,PF02839
B3VK60,1,PF08329
B4CVJ2,3,PF00535
B4D4P9,3,PF00535
B4E3Z0,1,PF00553
B4SJ79,1,SM00495
B4SJ79,2,PF17957
B4SJ79,3,PF00041
B4V1K0,1,PF02018
B4V1K0,2,PF00041
B4VGA2,2,PF02839
B5A7P1,2,PF00041
B5A7P1,3,PF02839
B5CN57,1,PF08239
B5F6Z6,2,G3DSA:2.60.40.10
B5FBA8,1,PF02839
B5FBA8,2,PF17957
B5FBA8,3,PF17957
B5FBA8,4,SM00495
B5FBA8,5,PF17957
B5FBA8,6,PF17957
B5FD44,1,SM00495
B5FD44,2,PF17957
B5FD44,3,PF17957
B5FF27,1,PF08329
B5FF27,3,PF22352
B5FF27,5,PF02839
B5GHX6,1,PF02018
B5GHX6,2,PF00041
B5GI12,1,PF00553
B5GI12,2,PF00041
B5GIT3,2,PF02839
B5H9B1,1,PF00553
B5H9B1,2,PF00041
B5H9V9,1,PS51318
B5HEN6,2,SM00495
B5HFN8,1,PF02018
B5HFN8,2,PF00041
B5HHX4,2,SM00495
B5HMQ2,1,PF00553
B5HMQ2,2,PF00041
B5HNJ6,1,PF00553
B5HSJ4,1,PS51318
B5HSJ4,2,PF02018
B5HSJ4,3,PF00041
B5HWV7,1,PF02018
B5HWV7,2,PF00041
B5HZS0,1,PF02018
B5HZS0,2,PF00041
B5LAN2,1,PF02839
B5LT16,3,PF02839
B6EH15,1,SM00495
B6EH15,2,PF17957
B6EH15,3,PF17957
B6EH15,4,SM00495
B6EH15,5,PF17957
B6EH15,6,PF17957
B6VXN9,1,PS51257
B7AX41,1,PF07833
B7H6G1,3,PF00535
B7H7I4,2,PF00041
B7H7I4,3,PF00553
B7HAX9,1,PF01476
B7HAX9,2,PF01476
B7HT80,2,PF00041
B7HT80,3,PF00553
B7I055,1,PF01476
B7I055,2,PF01476
B7IQF9,3,PF00535
B7IRQ4,1,PF01476
B7IRQ4,2,PF01476
B7IVT8,2,PF00041
B7IVT8,3,PF00553
B7JGA5,3,PF00535
B7JI36,1,PF01476
B7JI36,2,PF01476
B7JN80,2,PF00041
B7JN80,3,PF00553
B7MCV3,1,SM00495
B7MCV3,2,SM00495
B7MCV3,3,SM00495
B7MCV3,4,SM00495
B7MCV3,5,SM00495
B7MCV3,6,PF02839
B7MCV3,7,SM00495
B7N1B9,1,SM00495
B7N1B9,2,SM00495
B7N1B9,3,SM00495
B7N1B9,4,SM00495
B7N1B9,5,SM00495
B7N1B9,6,PF02839
B7N1B9,7,SM00495
B7R693,1,PF07833
B7UB89,2,PF00041
B7UB89,3,PF02839
B7VRF8,1,PS51257
B7VRF8,2,PF02839
B7VRF8,3,PF17957
B7VRF8,4,PF17957
B7VTG0,1,PF08329
B7VTG0,3,PF22352
B7VTG0,5,PF02839
B8CII9,1,PF08329
B8CII9,3,PF22352
B8CII9,5,PF02839
B8CII9,6,PF02839
B8FY36,1,PS51257
B8FYW8,2,PF01476
B8HZW9,1,PF01476
B8HZW9,2,PF01476
B8I276,1,PS51257
B8I7A0,2,PF00395
B8I7A0,3,PF00395
B8I7A0,4,PF00395
B8L108,1,SM00495
B8L108,2,PF17957
B8L108,3,PF00041
B9E0D4,1,PF01476
B9E0D4,2,PF01476
B9IST7,3,PF00535
B9IUB9,1,PF01476
B9IUB9,2,PF01476
B9J2M5,2,PF00041
B9J2M5,3,PF00553
B9XNV1,1,PS51257
C0BYE2,1,PF01476
C0C215,1,PF08239
C0CT26,1,PF08239
C0D1I6,1,PF01476
C0EIK9,1,PF01476
C0EIK9,2,PF01476
C0FPU2,1,PF07833
C0Q4G0,2,G3DSA:2.60.40.10
C0Z688,1,PF07833
C0Z688,2,PF08239
C0ZA76,3,PF00041
C0ZA76,4,PF02839
C0ZCS0,1,PF00395
C0ZCS0,2,PF00395
C0ZE77,1,PF01476
C0ZE77,2,PF01476
C0ZIQ2,1,PF02839
C0ZIQ2,2,PF00041
C1F7Z5,1,PF02839
C1F7Z5,2,PF00041
C1F7Z5,3,PF02839
C1F7Z5,4,PF00041
C1FK10,2,G3DSA:2.60.40.10
C1FK10,3,PF02839
C1FK36,2,PF02839
C1FK36,3,PF02839
C1FKT7,1,PF01476
C1FKT7,2,PF01476
C1FKT7,3,PF08239
C1FV11,2,G3DSA:2.60.40.10
C1FV11,3,G3DSA:2.60.40.10
C1FV11,4,PF08329
C1KTR7,2,PF00041
C1KTR7,3,PF00553
C2FS37,1,PS51257
C2PYY5,1,PF01476
C2PYY5,2,PF01476
C2XNV8,2,PF00041
C2XNV8,3,PF00553
C3LNQ6,1,SM00495
C3LNQ6,3,PF17957
C3LNQ6,5,PF17957
C3LNQ6,6,SM00495
C3LNQ6,7,PF17957
C3LNQ6,8,PF17957
C3LTX1,1,PF17957
C3LTX1,2,PF17957
C3LU56,1,PF08329
C3LU56,3,PF22352
C3LU56,6,PF02839
C3LVW5,1,PS51257
C3LVW5,2,PF02839
C3LVW5,3,PF17957
C3LVW5,4,PF17957
C3LVW5,7,SM00495
C3QNK3,1,PS51257
C4RLL4,1,PF00553
C4Z4P3,1,PF07833
C5D343,1,PF01476
C5D343,2,PF01476
C6AQZ0,1,PF02839
C6AQZ0,2,PF02839
C6IHE8,1,PS51257
C6IJL8,1,PS51257
C6IW88,2,PF00041
C6IW88,3,PF02839
C6J3E2,1,PF00395
C6J3E2,2,PF00395
C6J3E2,3,PF00395
C6J4E8,2,PF00041
C6J4E8,3,PF02839
C6J581,1,PF01476
C6J581,2,PF01476
C6J6T5,1,PF07833
C6J7L5,1,PF07833
C6PPM5,1,PF01476
C6PPM5,2,PF01476
C6PT67,1,PF00041
C6WHR2,1,PF00553
C6WIW6,1,PF00553
C6WIW6,2,PF00041
C6WRC0,1,PF02018
C7BK40,2,PF02839
C7DQP1,2,PF00041
C7DQP1,3,PF00553
C7G5U5,1,PF08239
C7MEH5,1,PS51318
C7P0N1,1,PS51318
C7P0N1,2,PF02839
C7P111,1,PF02839
C7P111,2,PF02839
C7P112,1,PF02839
C7P112,2,PF02839
C7P113,1,PF02839
C7P113,2,PF02839
C7P114,1,PS51318
C7P114,2,PF02839
C7P114,3,PF02839
C7P2D8,1,PF02839
C7P2D8,2,PF02839
C7PZA4,1,PS51318
C7Q8V3,2,PF02018
C7QB10,2,PF02839
C7QF90,1,PF02018
C7QF90,2,PF00041
C7QI44,1,PS51318
C7QI44,2,PF02018
C7QIB1,2,PF02839
C7QIB2,1,PS51318
C7R4I0,2,PF02839
C8CAY2,2,PF00041
C8CAY2,3,PF02839
C8VWA5,1,PF07833
C8WR85,1,PF01476
C8WR85,2,PF01476
C8WRB5,1,PF01476
C8XPA7,1,PF02839
C9L4Y1,1,PF07833
C9L4Y1,2,PF08239
C9QDU9,1,PS51257
C9QDU9,2,PF02839
C9QDU9,3,PF17957
C9QDU9,4,PF17957
C9QDU9,7,SM00495
C9XVH0,2,G3DSA:2.60.40.10
C9XVH0,3,SM00495
C9Z8E5,1,PF00553
C9Z8E5,2,PF00041
C9ZGN8,1,PF02018
C9ZGN8,2,PF00041
D0ELI2,1,PF08329
D0ELI3,2,SM00495
D0ELI4,2,PF00041
D0ELI4,3,PF02839
D0EW64,2,PF00041
D0EW64,3,PF00553
D0EW66,2,PF00041
D0EW66,3,PF02839
D0I6F3,1,PS51257
D0I6F3,2,SM00495
D0I6F3,3,PF17957
D0I6F3,4,PF17957
D0I6Y3,1,PF08329
D0I6Y3,3,PF22352
D0I6Y3,4,G3DSA:2.60.40.10
D0I6Y3,5,PF02839
D0IFY2,1,PF17957
D0IFY2,2,PF17957
D0II30,1,PF08329
D0II30,3,PF22352
D0II30,6,PF02839
D0IKW5,1,SM00495
D0IKW5,2,PF17957
D0IKW5,3,PF17957
D0IKW5,4,SM00495
D0IKW5,5,PF17957
D0IKW5,6,PF17957
D0LUY5,1,PF02839
D0TNJ5,1,PS51257
D0YYI8,1,PF17957
D0YYI8,2,PF17957
D0YYI8,3,PF17957
D0YYI8,5,SM00495
D0Z4B5,2,PF02839
D0Z4B5,4,SM00495
D0Z4L0,4,PF02839
D0Z4L0,5,PF02839
D1BF93,1,PS51318
D1BUL6,2,PF02839
D1BUL6,3,SM00495
D1VUW7,1,PF07833
D1VUW7,2,PF08239
D1W3F9,1,PS51257
D2AQU6,1,PF00553
D2AQU6,2,PF00041
D2AUP3,1,PF00553
D2AUP3,2,PF00041
D2AUP4,1,PF02839
D2AUP4,2,PF00041
D2AUP5,1,PF02018
D2AUP5,2,PF00041
D2AX95,1,PF00553
D2B727,2,PF02839
D2B727,3,PF02839
D2B8I3,1,PS51318
D2BAJ9,2,PF00041
D2BE69,1,PF02018
D2BFV4,1,PF00553
D2BFV4,2,PF00553
D2BFV4,3,PF00041
D2CFK8,1,SM00495
D2CFK8,2,SM00495
D2CFK8,3,PF02839
D2DJ38,1,SM00495
D2DJ38,2,PF17957
D2DJ38,3,PF17957
D2DJ38,5,SM00495
D2KFQ8,1,PF07833
D2PL42,1,PF02018
D2PL42,2,PF00041
D2PW13,1,PF02018
D2PW13,2,PF00041
D2PW16,1,PF00553
D2PW16,2,PF00041
D2PW17,2,PF02839
D2RIY9,1,PS51257
D2RTV5,2,PF02839
D2TGJ6,2,G3DSA:2.60.40.10
D2TMG2,1,SM00495
D2TMG2,2,PF02839
D2TMG2,3,SM00495
D2TMG2,4,SM00495
D2Y9H2,1,PS51257
D2Y9H2,2,PF02839
D2Y9H2,3,PF17957
D2Y9H2,4,PF17957
D2Y9H2,7,SM00495
D2YAB4,1,PF08329
D2YAB4,3,PF22352
D2YAB4,5,PF02839
D2YGI3,1,SM00495
D2YGI3,2,PF17957
D2YGI3,3,PF17957
D2YGI3,4,SM00495
D2YGI3,5,PF17957
D2YGI3,6,PF17957
D3AAF0,1,PF08239
D3AD03,1,PF01476
D3E5B5,1,PF07833
D3E5X5,1,PF00395
D3E5X5,2,PF00395
D3EIV3,1,PF07833
D3EK74,2,PF02839
D3EKD5,1,G3DSA:2.60.40.10
D3EKD5,2,PF00041
D3EKD5,4,PF00041
D3EKD5,5,PF00395
D3EKD5,6,PF00395
D3EKD5,7,PF00395
D3EL61,1,PF02839
D3EL61,2,PF00041
D3EYT3,2,PF00041
D3FS91,1,PF01476
D3FS91,2,PF01476
D3Q278,1,PF00553
D3Q278,2,PF00041
D3Q3N6,3,PF02839
D3Q7B3,1,PF00553
D3Q7B3,2,PF00041
D3T6A4,1,PF07833
D3YGV2,1,PF02839
D3YGV2,3,PF02839
D3YGV3,2,PF02839
D3YJC1,2,PF00041
D3YJC1,3,PF02839
D3YP78,1,PF08329
D4C831,1,PF01476
D4CB06,1,PF08239
D4CPX7,1,PF08239
D4E9P1,2,PF00041
D4E9P1,3,PF02839
D4IMX4,1,PS51257
D4L1N1,1,PF08239
D4M0X7,1,PF08239
D4P2Z4,2,PF00041
D4P2Z4,3,PF00553
D4P4Z1,2,PF00041
D4P4Z1,3,PF00553
D4V3D5,1,PS51257
D4VT11,1,PS51257
D4ZAY2,1,SM00495
D4ZAY2,2,PF17957
D4ZAY2,3,PF17957
D4ZAY2,4,SM00495
D4ZAY2,5,PF17957
D4ZAY2,6,PF17957
D4ZGM8,1,PF08329
D4ZGM8,3,PF22352
D4ZGM8,4,G3DSA:2.60.40.10
D4ZGM8,5,PF02839
D4ZGM8,6,PF02839
D4ZJC7,1,SM00495
D4ZJC7,2,G3DSA:2.60.40.10
D4ZJC7,3,PF17957
D4ZJC7,4,PF17957
D4ZJC8,2,PF17957
D4ZJC8,3,PF17957
D4ZJC8,4,SM00495
D4ZJC8,5,PF17957
D4ZJC8,6,PF17957
D4ZJC8,7,PF02839
D5D931,1,PF01476
D5D931,2,PF01476
D5DDA9,1,PF01476
D5DDA9,2,PF01476
D5DDL7,1,PF01476
D5DDL7,2,PF01476
D5DNQ0,1,PF01476
D5DNQ0,2,PF01476
D5DUS2,1,PF01476
D5DUS2,2,PF01476
D5E1I0,1,PF01476
D5E1I0,2,PF01476
D5HD45,1,PS51257
D5WST8,2,PF00395
D5WST8,3,PF00395
D5WST8,4,PF00395
D5WV19,1,PF01476
D5ZUF3,1,PS51318
D5ZUF3,2,PF02018
D5ZUF3,3,PF00041
D5ZXC4,1,PF00553
D5ZXC4,2,PF00041
D6A0H0,1,PF02018
D6A0H0,2,PF00041
D6AJD2,1,PF02018
D6AJD2,2,PF00041
D6AK98,1,PS51318
D6AK98,3,PF02839
D6AKU2,1,PS51318
D6ANP5,1,PF00553
D6ANP5,2,PF00041
D6ARY9,1,PF02018
D6ARY9,2,PF00041
D6B6V9,1,PF00553
D6B6V9,2,PF00041
D6CYX5,1,PS51257
D6JZL0,1,PS51257
D6JZL0,2,PF02018
D6JZL0,3,PF00041
D6K143,1,PF00553
D6K143,2,PF00041
D6K2P6,1,PF02018
D6K2P6,2,PF00041
D6K4A8,1,PF00553
D6K4A8,2,PF00041
D6M561,1,PS51318
D6M561,2,PF02018
D6M561,3,PF00041
D6M5V7,1,PS51318
D6TYD7,2,PF02018
D6TYZ2,1,PF02018
D6TZI6,2,PF02839
D6U091,2,PF02018
D6X6T7,1,PF00553
D6X709,1,PF02018
D6X709,2,PF00041
D6Y6S0,1,PF00553
D6Y7S6,1,PF02839
D6Y7S6,2,PF00041
D7AVE7,1,PF00553
D7AVE7,2,PF00041
D7AVE8,1,PS51318
D7AVE8,2,PF00553
D7B5S5,2,PF02839
D7BRY8,1,PF02018
D7BRY8,2,PF00041
D7CED2,1,PS51318
D7CMI6,1,PF07833
D7CPR6,1,PF07833
D7GSB2,1,PF08239
D7IEM5,1,PS51257
D7IHS3,1,PS51257
D7IHX5,1,PS51257
D7J6K5,1,PS51257
D7J8C9,1,PS51257
D7N5S0,1,PF07833
D7N5S0,2,PF08239
D7VLE5,1,PS51257
D8FI26,1,PF08239
D8GIX3,1,PF00041
D8GNJ9,1,PF01476
D8GNJ9,2,PF01476
D8V3F2,2,PF00041
D8V3F2,3,PF02839
D9R2N3,1,PF01476
D9R2N4,1,PF01476
D9R2N4,2,PF01476
D9R2Y0,1,PF08239
D9R5Z5,1,PF01476
D9R5Z5,2,PF01476
D9R6W2,1,PF01476
D9R6W2,2,PF01476
D9R952,1,PF01476
D9R952,2,PF01476
D9S097,1,PF07833
D9S1P0,1,PF07833
D9SUK3,1,PF00041
D9TMC0,1,PS51257
D9TNJ1,2,PF00395
D9TNJ1,3,PF00395
D9TNJ1,4,PF00395
D9TPZ3,1,PF07833
D9TS97,3,PF02839
D9UJK5,2,PF02839
D9US06,1,PF02018
D9US06,2,PF00041
D9US68,1,PS51318
D9US68,2,PF02018
D9US68,3,PF00041
D9UUX8,1,PF00553
D9UUX8,2,PF00041
D9VJX6,2,PF02839
D9VTZ9,1,PS51318
D9VWR3,1,PF02018
D9VWR3,2,PF00041
D9VXG9,2,PF02839
D9VZC4,1,PF00553
D9VZC4,2,PF00041
D9WK02,1,PS51318
D9XCR8,1,PF02018
D9XCR8,2,PF00041
D9XG10,1,PF00553
D9XG10,2,PF00041
D9XJH0,1,PF00553
D9XJH0,2,PF00041
D9XRQ9,1,PF02018
D9XRQ9,2,PF00041
E0I4H5,2,PF00041
E0I4H5,3,PF02839
E0I5C4,1,PF02839
E0I5C4,2,PF00041
E0I6Z9,1,PF07833
E0IA81,1,PF00395
E0IA81,2,PF00395
E0IA81,3,PF00395
E0ID34,1,PF01476
E0ID34,2,PF01476
E0IEZ8,2,G3DSA:2.60.40.10
E0IEZ8,4,PF00041
E0IEZ8,5,PF00395
E0IEZ8,6,PF00395
E0IEZ8,7,PF00395
E0NMS3,1,PF07833
E0NMS3,2,PF08239
E0RN54,1,PS51257
E0RN54,3,PF02839
E0RN54,4,PF02839
E0RXI1,1,PF08239
E0TXM5,1,PF01476
E0TXM5,2,PF01476
E0U4I3,1,PF01476
E0U4I3,2,PF01476
E1GXH9,3,PF00535
E1RF54,3,PF02839
E1RF54,4,SM00495
E1RF54,5,PF02839
E1RF54,6,SM00495
E1SNM7,1,PF08329
E1SNM7,3,PF22352
E1SNM7,4,SM00495
E1SNM7,5,PF02839
E1WVJ4,1,PS51257
E2NEP3,1,PS51257
E2Q445,1,PF02018
E2Q445,2,PF00041
E2Q4K9,2,PF02839
E2Q5Z1,2,SM00495
E2Q6R3,1,PF00553
E2Q6R3,2,PF00041
E2Q941,1,PF02018
E2Q941,2,PF00041
E3BJE0,1,PF08329
E3BJE0,3,PF22352
E3BJE0,4,G3DSA:2.60.40.10
E3BJE0,5,PF02839
E3BKI0,1,SM00495
E3BKI0,2,PF17957
E3BKI0,4,SM00495
E3BL82,2,G3DSA:2.60.40.10
E3BL82,3,SM00495
E3BL82,4,SM00495
E3EBB3,1,PF07833
E3ED68,1,PF07833
E3EGZ4,1,PF00395
E3EGZ4,2,PF00395
E3EGZ4,3,PF00395
E3FCP9,1,PS51257
E3FCP9,2,PF02839
E3FCP9,3,PF00041
E3FEN6,2,PF17957
E3FEN6,3,PF02839
E3FFR9,1,PF00553
E3FFR9,2,PF00041
E3FMX2,1,PS51257
E3FMX2,2,PF00553
E3FMX2,3,PF17957
E3FMX3,1,PF00041
E3G239,1,PF08329
E3G239,3,PF22352
E3G239,5,PF02839
E3G239,6,PF02839
E4KZ42,1,PF07833
E4KZ42,2,PF08239
E4MAK8,1,PS51257
E4MZV8,1,PF02018
E4N1C2,2,PF02018
E4N4L3,2,PF02839
E4N4V6,1,PF00553
E4N4V6,2,PF00041
E4N8I0,1,PF00553
E4N8I0,2,PF00041
E4N8N2,1,PF00041
E4N991,1,PF02018
E4N991,2,PF00041
E4NAM1,2,SM00495
E4NBJ0,1,PF02018
E4NBP3,2,SM00495
E4NBP4,1,PF02018
E4NBP4,2,PF00041
E4NGB6,1,PF02018
E4NGQ9,1,PS51318
E4NGQ9,3,PF02018
E4NJ16,1,PF02018
E4NJ16,2,PF00041
E4NV87,1,PS51318
E4NV87,2,PF02839
E4NV88,1,PS51318
E4NV88,2,PF02839
E4T8K9,3,PF00535
E5AR62,2,PF02839
E5C6W0,1,PS51257
E5CCL9,1,PS51257
E5FGC5,1,PF08329
E6MRP2,3,PF00535
E6SSC5,1,PS51257
E6TH39,6,PF00553
E6TH39,8,PF00553
E6TYZ2,1,PF01476
E6TYZ2,2,PF01476
E6TYZ2,3,PF01476
E6TYZ2,4,PF01476
E6TYZ2,5,PF01476
E6TYZ2,6,G3DSA:2.60.40.10
E6TYZ2,7,G3DSA:2.60.40.10
E6TYZ2,8,G3DSA:2.60.40.10
E6TYZ2,9,G3DSA:2.60.40.10
E6TYZ2,10,G3DSA:2.60.40.10
E6TYZ2,11,PF01476
E6TYZ2,13,PF01476
E6U1P7,1,PF01476
E6U1P7,2,PF01476
E6U7P3,1,PF01476
E6U7P3,2,PF01476
E6WB76,2,G3DSA:2.60.40.10
E7GNC4,1,PF01476
E7GNL6,1,PS51257
E7GNL6,2,PF08239
E7QQI9,1,PS51318
E7QZ48,1,PS51318
E7RMR4,1,PS51257
E8LWB7,1,PS51257
E8LWB7,2,PF02839
E8LWB7,3,PF17957
E8LWB7,4,PF17957
E8LWB7,7,SM00495
E8LXH2,1,PF08329
E8LXH2,3,PF22352
E8LXH4,1,PF08329
E8LXH4,3,PF22352
E8M5N0,1,PF02839
E8M5N0,2,PF17957
E8M5N0,3,PF17957
E8M5N0,6,SM00495
E8MAB1,1,PF08329
E8MAB1,3,PF22352
E8MAB1,5,PF02839
E8RP21,3,PF00535
E8U3R7,1,PS51257
E8U3R7,2,PF00553
E8U3R7,3,PF17957
E8U637,1,PF17957
E8UAL6,1,PS51257
E8UAL6,2,PF00553
E8UAL6,3,PF17957
E8XG39,2,G3DSA:2.60.40.10
E9NR88,1,PF08329
E9RY14,1,PF07833
E9RY14,2,PF08239
E9UTD8,1,PS51318
E9UTK9,2,PF02839
F0YXA2,1,PF01476
F0Z2E5,1,PF08239
F1C920,1,PF08329
F1T7J3,1,PF01476
F1T7J3,2,PF01476
F1TDF7,1,PS51257
F1TES0,2,PF00395
F1TES0,3,PF00395
F1TES0,4,PF00395
F2F0I0,1,PF01476
F2F0I0,2,PF01476
F2JS05,1,PF08239
F2JSR5,1,PF00395
F2LL47,1,PF08329
F2LL47,3,PF22352
F2LL47,4,G3DSA:2.60.40.10
F2LL47,5,PF02839
F2NWR7,1,PS51257
F2R3N3,1,PF00553
F2R3P9,2,PF02839
F2R3U2,1,PF00553
F2R3U2,2,PF00041
F2R6J4,1,PF02018
F2R6J4,2,PF00041
F2RCH1,2,PF02839
F2RLK1,1,PF02018
F2RLK1,2,PF00041
F3AF68,1,PF07833
F3AP16,1,PF07833
F3AP16,2,PF08239
F3AS33,1,PF01476
F3AVK4,1,PF08239
F3BZD5,2,PF00041
F3BZD5,3,PF02839
F3GES8,2,PF00041
F3GES8,3,PF02839
F3M2M7,1,G3DSA:2.60.40.10
F3M2M7,2,PF00041
F3M2M7,4,PF00041
F3M2M7,5,PF00395
F3M2M7,6,PF00395
F3M2M7,7,PF00395
F3M5T1,1,PF00395
F3M5T1,2,PF00395
F3M5T1,3,PF00395
F3M9H6,1,PF07833
F3MES4,1,PF07833
F3NC80,1,PF02018
F3NC80,2,PF00041
F3NG93,1,PS51318
F3NG93,2,PF02018
F3NG93,3,PF00041
F3NI40,1,PF02018
F3NI40,2,PF00041
F3NIG1,1,PF00553
F3NNC1,1,PF00553
F3NNC1,2,PF00041
F3PR93,1,PS51257
F3Z5V8,1,PF00553
F3Z5V8,2,PF00041
F3Z919,1,PS51318
F3Z919,3,PF02839
F3ZEG0,1,PS51318
F3ZEG0,2,PF02018
F3ZEG0,3,PF00041
F3ZFI6,1,PF02018
F3ZFI6,2,PF00041
F4BJT5,2,PF00041
F4BJT5,3,PF02839
F4BJT5,4,PF02839
F4BJT5,5,PF02839
F4GZV9,1,PF00553
F4LKF5,1,PS51257
F4LU45,1,PF07833
F4LWV4,1,PF07833
F4T4M4,1,SM00495
F4T4M4,2,SM00495
F4T4M4,3,SM00495
F4T4M4,4,SM00495
F4T4M4,5,SM00495
F4T4M4,6,PF02839
F4T4M4,7,SM00495
F4X8V6,1,PF01476
F4X8V6,2,PF01476
F5A7H5,2,PF00041
F5A7H5,3,PF00553
F5A7H6,2,PF00041
F5A7H6,3,PF00553
F5A7H7,2,PF00041
F5A7H7,3,PF00553
F5A7H8,2,PF00041
F5A7H8,3,PF00553
F5A7H9,2,PF00041
F5A7H9,3,PF00553
F5J1K6,1,PS51257
F5LBP4,3,PF00041
F5LBP4,4,PF02839
F5LBP4,6,PF00041
F5LBP4,7,PF00041
F5LBP4,8,PF02839
F5LBQ6,1,PF07833
F5LBQ6,2,PF08239
F5LC49,1,PF02839
F5LC49,2,PF00041
F5LFJ8,1,PF00395
F5LFJ8,2,PF00395
F5LI59,1,PF02839
F5LI59,2,PF00041
F5LP47,1,PF02839
F5LP47,2,PF00041
F5LPK1,1,PF00395
F5LPK1,2,PF00395
F5LPK1,3,PF00395
F5LQR7,2,PF00041
F5LQR7,3,PF00553
F5LSN1,1,PF02839
F5LSN1,2,PF00041
F5LTE6,1,PF07833
F5Y3R2,1,PS51257
F5Y9L5,1,PS51257
F6B3P0,1,PS51257
F6BHS4,2,PF00395
F6BHS4,3,PF00395
F6BHS4,4,PF00395
F6BJ41,1,PS51257
F6DVH6,1,PF07833
F7JUE8,1,PF08239
F7JVA3,1,PF01476
F7K7X7,1,PF08239
F7KPP4,1,PF07833
F7KPP4,2,PF08239
F7KUE1,1,PF01476
F7M223,1,PS51257
F7NXL6,1,PF02839
F7NXL6,2,PF17957
F7NXL6,3,PF17957
F7NXL7,1,PF08329
F7NXL7,2,PF08329
F7RLD9,1,PF08329
F7RLD9,3,PF22352
F7RLD9,5,PF02839
F7RLD9,6,PF02839
F7V248,1,PF07833
F8A2D4,1,PF00553
F8C931,1,PS51257
F8C931,2,PF00041
F8CFB3,2,G3DSA:2.60.40.10
F8CK00,1,PS51257
F8CK00,2,PF02839
F8CK00,3,PF17957
F8FAD8,1,PF02839
F8FAD8,2,PF00041
F8FAH0,2,PF08239
F8FGK2,1,PF00395
F8FGK2,3,PF00395
F8FHH4,2,G3DSA:2.60.40.10
F8FIB5,1,PF02839
F8FIB5,2,PF00041
F8FM81,1,PF02839
F8FM81,2,PF00041
F8FM99,1,PF01476
F8FM99,2,PF01476
F8FPV3,2,PF00395
F8FPV3,3,PF00395
F8FPV3,4,PF00395
F8IHE5,1,PF01476
F8IHE5,2,PF01476
F8IKB8,1,PF01476
F8JIZ7,1,PS51257
F8JLT8,1,PF00553
F8JLT8,2,PF00041
F8JNV0,2,G3DSA:2.60.40.10
F8JNV0,3,PF02018
F8JSZ0,1,PS51318
F8JSZ0,3,PF02018
F8JT81,1,PS51318
F8JT81,2,PF00553
F8JTA1,2,PF02839
F8K2D9,1,PF02018
F8N5P5,3,PF00535
F8WSP2,1,PF02839
F8WSP2,2,PF02839
F8WSP9,1,PF02839
F8WSP9,2,PF02839
F8WSQ0,1,PF02839
F8WSQ0,2,PF02839
F8WSQ1,1,PF02839
F8WSQ1,2,PF02839
F8WSQ1,3,SM00495
F8WSQ2,1,PF02839
F8WSQ2,2,PF02839
F8WSQ4,1,PF02839
F8WSQ4,2,PF02839
F8WSQ5,1,PF02839
F8WSQ5,2,PF02839
F8WSU4,1,PF02839
F8WSU4,2,PF02839
F8WSU6,1,PF02839
F8WSU6,2,PF02839
F8WSY3,2,PF02839
F8WSY3,3,PF02839
F8WX57,1,PS51257
F9DKZ1,3,PF00535
F9DWH7,1,PF01476
F9DWH7,2,PF01476
F9R9Z0,1,PF08329
F9R9Z0,3,PF22352
F9R9Z0,5,PF02839
F9RBV3,2,PF02839
F9RBV3,4,SM00495
F9RGD5,2,G3DSA:2.60.40.10
F9RGD5,3,PF02839
F9RGD5,4,PF02839
F9RMW0,1,PF17957
F9RMW0,2,PF17957
F9RMW0,3,PF17957
F9RMW0,4,PF17957
F9RQB6,2,PF02839
F9RQB6,4,SM00495
F9RTS3,3,PF02839
F9RTS3,4,PF02839
F9RZS1,2,PF02839
F9RZS1,4,SM00495
F9S2D0,2,G3DSA:2.60.40.10
F9S2D0,3,SM00495
F9S2D0,4,PF02839
F9SMH8,1,PF08329
F9SMH8,3,PF22352
F9SMH8,5,PF02839
F9T1A8,1,PS51257
F9T1A8,2,PF02839
F9T1A8,3,PF17957
F9T1A8,4,PF17957
F9T1A8,7,SM00495
F9T7Y1,1,PF08329
F9T7Y1,3,PF22352
F9T7Y1,5,PF02839
F9VDV3,2,G3DSA:2.60.40.10
F9VDV3,3,PF02839
G0ACK5,1,PF02839
G0J560,1,PS51257
G0L2M2,1,PS51257
G0L2M2,3,SM00495
G0L2M2,4,PF02839
G0L774,1,PS51257
G0XF67,1,PS51318
G0XF67,2,PF02018
G0XF67,3,PF00041
G1VIQ5,3,PF00535
G2FKZ7,2,PF01476
G2FQS5,1,PS51257
G2FT95,1,PS51257
G2FYZ5,1,PF01476
G2FYZ5,2,PF01476
G2GA73,1,PF02018
G2GA73,2,PF00041
G2GF69,1,PF00553
G2GGF8,1,PF00553
G2GGF8,2,PF00041
G2GKL5,1,PF02018
G2GKL5,2,PF00041
G2MUC5,1,PF07833
G2MVE8,1,PS51257
G2N9A4,2,SM00495
G2NGQ2,1,PS51318
G2NMA6,1,PF02018
G2NMA6,2,PF00041
G2NP76,1,PF02018
G2NP76,2,PF00041
G2NPG5,1,PF00553
G2NPG5,2,PF00041
G2NQ72,2,PF02839
G2NT64,1,PS51318
G2P7U5,1,PS51318
G2PDB3,1,PF02018
G2PDB3,2,PF00041
G2PGL1,1,PS51318
G2T5W8,1,PF07833
G2THK3,1,PF01476
G2THK3,2,PF01476
G2TKY6,1,PF01476
G2TKY6,2,PF01476
G2TKY6,3,PF01476
G2Z8X6,3,PF00041
G2Z8X6,4,PF02839
G3GDX3,2,PF00041
G3GDX3,3,PF00553
G3GDX4,2,PF00041
G3GDX4,3,PF00553
G3XCM1,2,PF00041
G3XCM1,3,PF02839
G4D5U6,1,PF07833
G4D5U6,2,PF08239
G4ENY3,1,PF01476
G4ENY3,2,PF01476
G4HAW6,1,PF07833
G4HB60,1,PF00395
G4HB60,2,PF00395
G4HB60,3,PF00395
G4HGV5,1,PF02839
G4HGV5,2,PF00041
G4HKG7,1,PF07833
G4HKG7,2,PF08239
G4HQ08,1,G3DSA:2.60.40.10
G4HQ08,2,PF00041
G4HQ08,4,PF00041
G4HQ08,5,PF00395
G4HQ08,6,PF00395
G4HQ08,7,PF00395
G4NR52,1,PF01476
G4NR52,2,PF01476
G5DGE1,2,PF00041
G5DGE1,3,PF02839
G5HMK9,1,PF08239
G5HS93,1,PF01476
G5IHZ5,1,PF01476
G5IMK5,1,PF08239
G5LIG8,2,G3DSA:2.60.40.10
G5N763,2,G3DSA:2.60.40.10
G5PXK3,2,G3DSA:2.60.40.10
G5QCX9,2,G3DSA:2.60.40.10
G5QU17,2,G3DSA:2.60.40.10
G5RPV8,2,G3DSA:2.60.40.10
G5S5P1,2,G3DSA:2.60.40.10
G6AGN5,3,PF00535
G7TBU3,1,PS51257
G7VZ70,1,PF00395
G7VZ70,2,PF00395
G7VZ70,3,PF00395
G7W1A3,1,PF07833
G7W3U1,1,PF07833
G7W7D1,1,PS51257
G7WAB7,1,PF01476
G7WAB7,2,PF01476
G7WDJ7,1,PF01476
G7WDJ7,2,PF01476
G7WDJ7,3,PF01476
G8LGW3,1,PF08329
G8LGW3,3,PF22352
G8LGW3,5,PF02839
G8LGW3,6,PF02839
G8LT45,1,PF01476
G8LT45,2,PF01476
G8LT45,3,PF08239
G8LZH5,1,PF07833
G8M2I4,1,PF07833
G8M2I4,2,PF08239
G8NQT4,1,PF02839
G8NQT4,2,PF00041
G8NYA6,1,PF02839
G8RZL7,2,PF02839
G8S093,1,PS51257
G8S093,2,SM00495
G8S094,1,SM00495
G8S5E7,1,PS51257
G8S5E7,2,SM00495
G8S9Q0,1,PS51257
G8S9Q0,2,PF02839
G8S9W8,1,PF02839
G8SE84,2,SM00495
G8SE84,3,PF02839
G8TCU8,2,PF17957
G8TCU8,3,PF17957
G8TCU8,5,PF17957
G8TCU8,6,PF02839
G8TCU8,7,PF17957
G8TCU8,8,SM00495
G8TGF5,3,PF00535
G8TT70,1,PS51257
G8U0V9,1,PS51257
G9JWG3,1,PF02839
G9JWG3,2,PF02839
G9QGJ3,1,PF01476
G9QGJ3,2,PF01476
G9QH77,1,PF01476
G9QH77,2,PF01476
G9QH77,3,PF01476
G9QNL2,1,PF01476
G9QNL2,2,PF01476
G9WNY4,1,PF08239
G9XSJ5,1,PS51257
G9XTK3,2,PF01476
G9YS60,1,PF01476
G9YS60,2,PF01476
G9YTQ8,1,PF00395
G9YTQ8,2,PF00395
H1AD23,2,PF00041
H1AD23,3,PF02839
H1AD24,1,PF01476
H1AD24,2,PF01476
H1AD25,1,PF01476
H1AD25,2,PF01476
H1XYG8,2,G3DSA:2.60.40.10
H1XZX1,3,PF00535
H2CBP7,3,PF00535
H2CIW3,1,PS51257
H2IQ63,2,G3DSA:2.60.40.10
H2IQ63,3,PF02839
H2IR88,1,SM00495
H2IRU5,1,PF08329
H2IRU5,3,PF22352
H2IRU5,4,G3DSA:2.60.40.10
H2IRU5,5,SM00495
H2IRU5,6,SM00495
H2IS00,1,SM00495
H2IS00,3,PF22352
H2IS00,4,G3DSA:2.60.40.10
H2IS00,5,SM00495
H2JC11,1,PS51257
H2JJ15,2,PF00395
H2JJ15,3,PF00395
H2JJ15,4,PF00395
H2JJ74,1,PF01476
H2JJ74,2,PF01476
H3SAP6,1,PF07833
H3SAT9,1,PF00395
H3SAT9,2,PF00395
H3SAT9,3,PF00395
H3SDE6,1,PF02839
H3SDE6,2,PF00041
H3SDE6,4,PF02839
H3SDE6,5,PF00041
H3SDP8,7,SM00495
H3SGF4,1,PF08239
H3SJ71,1,PF00395
H3SJ71,2,PF00395
H3SJ71,3,PF00395
H5XRN0,1,PS51257
H5XSC9,1,PF01476
H5XSC9,2,PF01476
H5XY58,2,PF01476
H6N8T0,1,PF02839
H6N8T0,2,PF00041
H6N8U6,1,PF01476
H6N8U6,2,PF01476
H6NBR5,2,PF08239
H6NEC7,2,G3DSA:2.60.40.10
H6NKB5,1,PF02839
H6NKB5,2,PF00041
H6NM26,1,PF00395
H6NM26,3,PF00395
H6NRC5,2,PF00395
H6NRC5,3,PF00395
H6NRC5,4,PF00395
H6RGM7,1,PS51257
H7EMN2,1,PS51257
H8KTZ1,3,PF00535
H8MH07,1,PS51257
H8MLV9,1,PS51257
H8MLV9,2,PF00041
H8MPB1,1,PS51257
H8MPB1,2,PF02839
H8MPB1,3,PF17957
H8MPB1,4,PF17957
H8MUM6,2,G3DSA:2.60.40.10
H8MZA8,1,PF02839
H8MZA8,2,PF00041
H9CNK4,2,PF00041
H9CNK4,3,PF02839
I0BAG4,1,PF01476
I0BAG4,2,PF01476
I0BC91,1,PF02839
I0BC91,2,PF00041
I0BCC3,2,PF08239
I0BNJ9,1,PF02839
I0BNJ9,2,PF00041
I0BQV9,1,PF00395
I0BQV9,3,PF00395
I0BU36,2,PF00395
I0BU36,3,PF00395
I0BU36,4,PF00395
I0H0L3,1,PS51318
I0H101,1,PS51257
I0H101,2,PF02839
I0H883,1,PS51257
I0H883,2,SM00495
I0HAU5,1,PS51257
I0HAU5,2,PF02839
I0HHI6,1,PS51257
I0HHI6,2,PF02839
I0HHI7,1,PS51257
I0HHI7,2,PF02839
I0JH02,1,PF01476
I0JH02,2,PF01476
I0JQS9,1,PF01476
I0JQS9,2,PF01476
I0JQS9,3,PF01476
I0KZJ7,1,PF02839
I0L424,1,PS51318
I0L8Z4,1,PF00553
I0QPF1,2,PF02839
I0TCL3,3,PF00535
I1E2R8,1,SM00495
I1E2R9,1,PF08329
I1E2R9,2,PF08329
I1VY88,1,PF02839
I1VY88,2,PF00041
I2C0D8,1,PF01476
I2C0D8,2,PF01476
I2C447,1,PF01476
I2C447,2,PF01476
I2MYN4,2,PF02839
I2N1N5,1,PF00553
I2N1N5,2,PF00041
I2N594,1,PF02018
I2N594,2,PF00041
I2N782,1,PF02018
I2N782,2,PF00041
I3DTQ9,1,PF01476
I3DTQ9,2,PF01476
I3DUS6,1,PF07833
I3DW28,1,PS51257
I3DWZ8,1,PF01476
I3DWZ8,2,PF01476
I3DWZ8,3,PF01476
I3E0V8,1,PF01476
I3E0V8,2,PF01476
I3E327,1,PF01476
I3E327,2,PF01476
I3E327,3,PF01476
I3E3C7,3,PF00535
I3E847,1,PF07833
I3I7F3,1,SM00495
I3I7F3,2,PF02839
I3R9G5,1,PS51318
I3R9G5,2,PF02839
I3R9G6,1,PS51318
I3R9G6,2,PF02839
I3VVJ8,2,PF00395
I3VVJ8,3,PF00395
I3VVJ8,4,PF00395
I3VY70,1,PS51257
I4A226,1,PS51257
I4A3M2,1,PS51257
I4A4R6,1,PF01476
I4AEB7,2,PF01476
I4D034,1,PS51257
I4D250,1,PF01476
I4D250,2,PF01476
I4D250,3,PF01476
I4D2X2,1,PS51257
I5AT05,1,PF08239
I6TAV0,2,PF00041
I6TAV0,3,PF02839
I6TE17,2,PF00041
I6TE17,3,PF02839
I6UQ85,1,PF02839
I6UZA1,2,PF00553
I7CJP1,1,PF02839
I7CUS4,1,PF02839
I7CYK8,1,PF02839
I7LHG7,1,PF01476
I7LHG7,2,PF01476
I8R4Y6,1,PS51257
I8RK15,1,PS51257
I8UZU2,1,PS51257
I8W067,1,PS51257
I8ZVG8,1,PS51257
I9AEP9,1,PS51257
I9AKH6,1,PS51257
I9B7N7,1,PS51257
I9FRY2,1,PS51257
I9KT63,1,PF07833
I9LE97,1,PS51257
I9NM28,1,PS51257
I9NVR2,1,PS51257
I9R6F9,1,PS51257
J0N5Y6,1,PF01476
J0N5Y6,2,PF01476
J1EPH9,2,G3DSA:2.60.40.10
J1RTK2,1,PS51318
J1RTK2,2,PF02018
J1RTK2,3,PF00041
J2G6Y2,1,PF00395
J2G6Y2,2,PF00395
J2G6Y2,3,PF00395
J2IZ64,1,PS51257
J2K0R7,3,PF00535
J2P7A4,3,PF00041
J2P7A4,4,PF02839
J2SC51,2,PF00041
J2SC51,3,PF02839
J2ZN01,1,PF01476
J2ZN01,2,PF01476
J2ZPC5,1,PF07833
J2ZPC5,2,PF08239
J3A5F7,1,PF02839
J3A5F7,2,PF00041
J3CGB7,1,PS51257
J5UDN6,2,G3DSA:2.60.40.10
J6Y8D4,3,PF00041
J6Y8D4,4,PF02839
J6YXF2,2,PF00041
J6YXF2,3,PF02839
J7IKQ9,1,PS51257
J7IM44,1,PF01476
J7IM44,2,PF01476
J7IRY0,2,PF01476
J7J187,1,PS51257
J7L5U2,1,PF00553
J7L5U2,2,PF00041
J7LBD9,1,PF00553
J8B5N6,1,PF01476
J8B5N6,2,PF01476
J8BUZ0,1,PF01476
J8BUZ0,2,PF01476
J8DZR5,1,PF01476
J8DZR5,2,PF01476
J8EZ71,3,PF00535
J8HJM2,2,PF00041
J8HJM2,3,PF00553
J8HTI6,1,PF01476
J8HTI6,2,PF01476
J8Y093,2,PF00041
J8Y093,3,PF00553
J9BJF7,1,SM00495
J9BJF7,3,PF00041
J9BJF7,4,SM00495
J9BVC3,1,PF01476
J9BVC3,2,PF01476
K0AWZ5,2,PF00395
K0AWZ5,3,PF00395
K0AWZ5,4,PF00395
K0F2F9,2,PF02018
K0FAT6,2,SM00495
K0FFM5,2,PF00041
K0FFM5,3,PF02839
K0IUX2,1,PF01476
K0IUX2,2,PF01476
K0JVH0,1,PF02018
K0JVN1,1,PS51318
K0JZ88,1,PF00553
K0K990,1,PS51318
K0KB58,3,PF02839
K0KD12,1,PF00553
K0KDW7,1,PF00553
K0KDW7,2,PF00041
K0KF65,1,PF00553
K0KF65,2,PF00553
K0KF65,3,PF00041
K1IRA9,1,SM00495
K1IRA9,2,PF17957
K1IRA9,3,PF17957
K1IRA9,5,SM00495
K1IU33,2,PF02839
K1IU33,4,SM00495
K1IYU5,1,PF08329
K1IYU5,3,PF22352
K1IYU5,4,G3DSA:2.60.40.10
K1IYU5,5,PF02839
K1IYU5,6,PF02839
K1J3R2,1,PF08329
K1J3R2,3,PF22352
K1J3R2,4,G3DSA:2.60.40.10
K1J3R2,5,PF02839
K1J3R2,6,PF02839
K1JHM9,1,PF08329
K1JHM9,3,PF22352
K1JHM9,5,PF02839
K1JHM9,6,PF02839
K1JT03,1,SM00495
K1JT03,2,PF17957
K1JT03,3,PF17957
K1JT03,5,SM00495
K1L120,1,PF01476
K1L120,2,PF01476
K1M3M5,1,PS51257
K1YTH8,1,G3DSA:2.60.40.10
K1YTH8,3,G3DSA:2.60.40.10
K2IZ09,1,SM00495
K2IZ09,2,PF17957
K2IZ09,3,PF17957
K2JN34,1,PF08329
K2JN34,3,PF22352
K2JN34,4,PF22352
K2JN34,5,PF02839
K2JN34,6,PF02839
K2PTB1,2,G3DSA:2.60.40.10
K2PTB1,3,PF02839
K4KFR0,1,PF08329
K4KH75,1,SM00495
K4KH75,2,PF02839
K4KHG2,1,PF02839
K4KHG8,1,PS51257
K4KHG8,2,SM00495
K4KHG8,3,SM00495
K4KHW4,1,PF08329
K4KHW4,2,PF17957
K4KHW4,3,PF17957
K4KHW4,4,PF17957
K4L221,1,PF01476
K4L221,2,PF01476
K4L221,3,PF01476
K4LH19,1,PF01476
K4LH19,2,PF01476
K4LI06,1,PS51257
K4LI06,2,PF07833
K4QYK7,1,PS51318
K4QYK7,2,PF02018
K4QYK7,3,PF00041
K4R0R3,1,PF00553
K4R1W4,1,PF02018
K4R1W4,2,PF00041
K4R3Z9,1,PF00553
K4R3Z9,2,PF00041
K4R4X8,1,PF02018
K4R4X8,2,PF00041
K4RAK0,1,PS51257
K4RDH5,3,PF02839
K5BUL7,1,PS51257
K5CD23,1,PS51257
K5DIU7,1,PS51257
K6BTT4,1,PF01476
K6BTT4,2,PF01476
K6BXT9,1,PF01476
K6BXT9,2,PF01476
K6BXT9,3,PF01476
K6C104,1,PF01476
K6C104,2,PF01476
K6CC83,1,PF01476
K6CC83,2,PF01476
K6CC83,3,PF01476
K6CC83,4,PF01476
K6CC83,5,PF08239
K6CD69,1,PF01476
K6CD69,2,PF01476
K6CQ63,1,PF01476
K6CQ63,2,PF01476
K6CQ63,3,PF01476
K6CZ57,1,PF07833
K6CZ57,2,PF08239
K6DG59,1,PF01476
K6DG59,2,PF01476
K6DJH1,1,PF01476
K6DJH1,2,PF01476
K6DJH1,3,PF01476
K6DQH3,1,PF01476
K6DQH3,2,PF01476
K6DQP8,2,PF00395
K6DQP8,3,PF00395
K6DQP8,4,PF00395
K6EBV6,1,PS51257
K7ZK65,1,PF02839
K7ZK65,2,PF00041
K7ZLW5,3,PF00041
K7ZLW5,4,PF00041
K7ZLW5,5,PF02839
K7ZLW5,6,PF00041
K7ZLW5,7,PF02839
K7ZLW6,1,PF00395
K7ZLW6,2,PF00395
K7ZLW6,3,PF00395
K7ZNA8,2,PF00041
K7ZNA8,3,PF02839
K7ZQB5,2,PF00041
K7ZQB5,3,PF08329
K7ZS15,3,PF00041
K7ZS15,4,PF02839
K7ZS15,5,PF00041
K7ZS15,6,PF02839
K7ZS16,2,PF00041
K7ZS16,3,PF02839
K7ZS16,4,PF00041
K7ZS16,5,PF02839
K8A158,2,G3DSA:2.60.40.10
K8A158,3,SM00495
K8E009,1,PF07833
K8E1R4,3,PF00041
K8E1R4,4,PF02839
K8EMK3,2,PF00041
K8EMK3,3,PF02839
K8WID4,1,PF08329
K8WWZ9,1,PF08329
K9E0H5,1,PS51257
K9E3V4,1,PS51257
K9E6G3,1,PS51257
K9E6M6,1,PS51257
L0A318,1,PS51257
L0A318,2,PF02839
L0A318,3,PF17957
L0EH70,1,PF07833
L0EH70,2,PF08239
L0F3V9,1,PS51257
L0FCU5,2,PF01476
L0IL33,2,PF00395
L0IL33,3,PF00395
L0IL33,4,PF00395
L0IL92,1,PS51257
L0IM57,1,PF07833
L1L869,1,PF00553
L1L869,2,PF00041
L1NR01,1,PS51257
L5N9I7,1,PF01476
L5N9I7,2,PF01476
L7EU24,1,PF00553
L7EU24,2,PF00041
L7U7A3,1,PS51257
L7U7A3,2,PF00041
L7UEF3,1,PF02839
L7UEF3,2,PF00041
L7UKG6,1,PS51257
L7UKG6,2,SM00495
L7UKG6,3,PF00041
L7UKH7,1,PS51257
L7UKH7,2,PF02839
L7UKH7,3,PF17957
L7UKH7,4,PF17957
L7VPA9,1,PF01476
L7VPA9,2,PF01476
L7VPA9,3,PF08239
L7VPK3,1,PF00395
L7VPK3,2,PF00395
L7VPK3,3,PF00395
L7VSS2,1,PF07833
L7ZV68,1,PF01476
L7ZV68,2,PF01476
L7ZYA6,1,PF01476
L7ZYA6,2,PF01476
L8A1U8,1,PF01476
L8A1U8,2,PF01476
L8A1U8,3,PF01476
L8EKM3,1,PS51318
L8EQ86,1,PS51318
L8EUQ1,1,PF00553
L8EUQ1,2,PF00041
L8EVN1,2,PF02839
L8J9R6,2,G3DSA:2.60.40.10
L8J9R6,3,PF02839
L8JBH3,1,PF17957
L8JBH3,2,PF17957
L8JBH3,3,SM00495
L8JBH3,4,PF17957
L8JBH3,5,PF17957
L8JEZ3,2,PF02839
L8JHF4,1,SM00495
L8JHF4,2,PF17957
L8JW79,1,PF00553
L8JW79,3,PF17957
L8JW79,4,PF17957
L8JW79,5,SM00495
L8JW79,6,PF17957
L8JW79,7,PF02839
L8JXZ3,3,PF17957
L8JXZ3,4,PF17957
L8JXZ3,5,PF02839
L8JXZ3,6,SM00495
L8K1G1,1,PF02839
L8K1G1,2,PF17957
L8K1G1,3,SM00495
L8K1G1,4,PF17957
L8P6J0,3,PF02839
L8PIH2,1,PF02018
L8PIH2,2,PF00041
L8PJ63,1,PF00553
L8PJ63,2,PF00041
L9W3W8,1,PS51318
L9Z0K6,1,PF02839
L9Z2I7,1,PF02839
L9Z402,1,PF02839
L9Z8F3,1,PF02839
L9Z9E9,1,PF02839
L9Z9R5,1,PF02839
L9Z9Y6,1,PF02839
L9ZAT4,1,PF02839
L9ZB09,1,PF02839
M0A0R1,1,PF02839
M0A133,1,PF02839
M0A1Z0,1,PF02839
M0AG89,1,PF02839
M0AGR1,1,PF02839
M0B1E1,1,PS51318
M0B1E1,2,PF02839
M0B2F3,1,PS51318
M0B2F3,2,PF02839
M0B3A9,1,PS51318
M0B3A9,2,PF02839
M0B3L9,1,PF02839
M0B514,1,PS51318
M0B514,2,PF02839
M0B6W5,1,PF02839
M0HDQ7,1,PF02839
M0HFS2,1,PS51318
M0HFS2,2,PF02839
M0IGI1,1,PF02839
M0IGJ5,1,PS51318
M0IGJ5,2,PF02839
M0IKA1,1,PS51318
M0IKA1,2,PF02839
M0JBD1,1,PS51318
M0JBD1,2,PF02839
M0JCC0,1,PF02839
M0JXX7,1,SM00495
M0JXX7,2,PF02839
M0MLM4,1,PF02839
M0MNZ3,1,PF02839
M0MP49,1,PS51318
M0MP49,2,PF02839
M0MP49,3,PF02839
M0MPD1,1,PS51318
M0MPD1,2,PF02839
M0MQ06,1,PS51318
M0MQ06,2,PF02839
M0MQ06,3,PF02839
M0MQ48,1,PS51318
M0MQ48,2,PF02839
M0MRR8,1,PS51318
M0MRR8,2,PF02839
M0MRR8,3,PF02839
M0N3R4,1,PF02839
M0N3Y9,1,PF02839
M0N3Y9,2,PF02839
M0N634,1,PF02839
M0N634,2,PF02839
M0N7D5,1,PS51318
M0N7D5,2,PF02839
M1E1V3,1,PF08329
M1P1L1,2,SM00495
M1ZJG3,1,PF07833
M1ZJG3,2,PF08239
M1ZP15,2,PF02839
M1ZRJ1,2,G3DSA:2.60.40.10
M1ZRJ1,3,PF02839
M1ZW54,2,G3DSA:2.60.40.10
M1ZW54,3,G3DSA:2.60.40.10
M1ZW54,4,G3DSA:2.60.40.10
M1ZWU6,1,PF01476
M1ZWU6,2,PF01476
M1ZWU6,3,PF08239
M2NLT9,1,PF00553
M2P1E2,1,PS51318
M2PD28,1,PF00553
M2PD28,2,PF00041
M2PFG2,1,PF00553
M2PQU3,1,PF02018
M2PU94,1,PF02018
M2PU94,2,PF00041
M2Q3V9,2,PF02839
M2QCG3,1,PS51318
M2WVV0,1,PF02018
M2YK14,1,PS51318
M2ZAZ0,1,PF00553
M2ZHI9,2,PF02839
M2ZRA8,1,PF00553
M2ZRA8,2,PF00041
M2ZUT5,1,PF00553
M2ZVY5,1,PF02018
M2ZVY5,2,PF00041
M3AZ42,1,PF02018
M3AZ42,2,PF00041
M3C0C3,1,PF00553
M3C0C3,2,PF00041
M3C2L5,1,PF00553
M3C2L5,2,PF00041
M3C4F2,2,PF02018
M3C8Q5,2,SM00495
M3D674,1,PS51318
M3D674,2,PF02018
M3D674,3,PF00041
M3DD16,1,PF00553
M3DD16,2,PF00041
M3DFG2,1,PF02018
M3DFG2,2,PF00041
M3EEG5,1,PF02018
M3EEG5,2,PF00041
M5NWM8,1,PF01476
M5NWM8,2,PF01476
M5PB10,1,PF01476
M5PB10,2,PF01476
M7NT76,1,PF01476
M7RYY2,2,G3DSA:2.60.40.10
M7Y306,1,PS51257
M8CVP9,1,PS51257
M8D2P4,1,PF07833
M8D2P4,2,PF08239
M8DJ40,1,PF00395
M8DJ40,2,PF00395
M8DJ40,3,PF00395
M8DV30,1,PF01476
M8DV30,2,PF01476
M8DVD9,1,PF01476
M8DVD9,2,PF01476
M8E5S6,1,PF07833
M9LGR7,2,PF08239
M9LHM9,1,PF07833
M9LQV8,1,PF00395
M9LQV8,2,PF00395
M9LQV8,3,PF00395
N0AT90,1,PF07833
N0AUS8,1,PF01476
N0AUS8,2,PF01476
N0AV53,1,PS51257
N0AV53,2,PF00041
N0AV53,3,PF17957
N0AVB4,1,PF01476
N0AVB4,2,PF01476
N0AVB4,3,PF01476
N0AVB4,4,PF01476
N0AVB4,5,G3DSA:2.60.40.10
N0AVB4,6,G3DSA:2.60.40.10
N0AVB4,7,PF01476
N0B6H9,3,PF00535
N0CIH7,1,PS51318
N0CIH7,3,SM00495
N0CJK8,1,PF00553
N0CJK8,2,PF00041
N0CMH0,1,PF00553
N0CRG1,1,PS51318
N0D2K5,1,PF00553
N0D2K5,2,PF00041
N0D358,1,PF02018
N0D358,2,PF00041
N0D590,1,PF02018
N0D590,2,PF00041
N2B5U9,1,PF07833
N2B5U9,2,PF08239
N4WDY6,1,PF01476
N4WDY6,2,PF01476
N6WV99,1,SM00495
N9U1F0,1,PF08329
N9U1F0,3,PF22352
N9U1F0,5,SM00495
N9VQ42,1,SM00495
N9VQ42,2,PF17957
N9VQ42,3,PF17957
N9VQ42,5,SM00495
N9ZDJ7,1,PF01476
N9ZGE4,1,PF02839
O05495,1,PF01476
O05495,2,PF01476
O07088,2,PF00041
O07088,3,PF00553
O30678,1,SM00495
O30678,2,PF17957
O30678,3,G3DSA:2.60.40.10
O50076,5,PF02839
O50506,1,PS51318
O50506,3,PF02839
O50590,1,PF02839
O50590,2,PF17957
O52863,2,PF02839
O54183,1,PF00553
O54183,2,PF00041
O54328,1,PF08329
O69311,1,PS51318
O69311,2,PF02018
O69311,3,PF00041
O83008,1,PF08329
O85500,2,PF00041
O85500,3,PF02839
O86826,1,PS51318
O86826,2,PF02018
O86826,3,PF00041
P07254,1,PF08329
P0DPJ9,1,PF01476
P0DPJ9,2,PF01476
P11220,1,PF00553
P11220,2,PF00041
P11797,2,SM00495
P13656,1,SM00495
P13656,2,SM00495
P13656,3,SM00495
P13656,4,SM00495
P13656,5,SM00495
P13656,6,PF02839
P13656,7,SM00495
P14529,1,PS51257
P20533,2,PF00041
P20533,3,PF02839
P27050,1,PF02839
P27050,2,PF00041
P32823,1,PF08329
P32823,3,G3DSA:2.60.40.10
P32823,4,G3DSA:2.60.40.10
P32823,5,PF02839
P36909,1,PF00553
P36909,2,PF00041
P36911,1,PS51257
P36913,1,PS51257
P37531,1,PF01476
P37531,2,PF01476
P94339,2,PF00041
P94339,3,PF02839
P96156,1,PS51257
P96156,2,PF02839
P96156,3,PF17957
P96156,4,PF17957
P96156,7,SM00495
P96168,2,PF02839
P96168,4,SM00495
P97034,1,PF08329
Q02WL0,2,G3DSA:2.60.40.10
Q02WL0,3,PF02839
Q05638,1,PF02018
Q05638,2,PF00041
Q05XA2,1,PF00553
Q068W1,2,PF00041
Q068W1,3,PF02839
Q068W2,1,PF08329
Q091J8,1,PS51257
Q091J8,3,PF17957
Q091J8,4,PF02839
Q092X1,1,PF02839
Q092X1,2,PF00041
Q092X1,3,PF00041
Q094P6,1,PS51257
Q099U8,1,PF02839
Q099U8,2,PF00041
Q099U9,2,PF17957
Q09BQ0,1,PF00553
Q09BQ0,2,PF00041
Q09IY6,1,SM00495
Q09IY6,2,PF17957
Q09IY6,3,PF00041
Q09WI8,2,PF00041
Q09WI8,3,PF02839
Q09WI8,4,PF02839
Q09WI8,5,PF02839
Q0AVT5,1,PF07833
Q0BFT7,1,PF08329
Q0BFT7,3,PF22352
Q0BFT7,5,SM00495
Q0BFT7,6,SM00495
Q0GFB9,2,SM00495
Q0HSN3,1,PF08329
Q0HSN3,3,PF22352
Q0HSN3,5,PF02839
Q0HSN3,6,PF02839
Q0MRC3,2,PF00041
Q0MRC3,3,PF02839
Q0Q2G5,2,PF00041
Q0Q2G5,3,PF02839
Q0WXZ3,3,G3DSA:2.60.40.10
Q0WXZ3,5,PF17957
Q0WXZ3,8,G3DSA:2.60.40.10
Q0WY01,1,PS51257
Q0WY05,1,PF00553
Q0WY05,2,PF00553
Q0WY19,1,G3DSA:2.60.40.10
Q0WY19,2,PF00041
Q0WY21,1,PS51257
Q0ZKB1,2,PF22352
Q0ZKB1,3,PF02839
Q0ZKB1,4,PF02839
Q12MA8,1,PF08329
Q12MA8,3,PF22352
Q12MA8,5,PF02839
Q12MA8,6,PF02839
Q142F5,3,G3DSA:2.60.40.10
Q142F5,4,G3DSA:2.60.40.10
Q1CZN0,1,PF02839
Q1CZN0,2,PF00041
Q1D885,1,PS51257
Q1D885,2,PF02839
Q1D885,3,PF17957
Q1DA14,1,PF00041
Q1EM71,2,PF00041
Q1EM71,3,PF02839
Q1G154,2,PF00041
Q1G154,3,PF00553
Q1HEB9,1,PF08329
Q1R5Y4,1,SM00495
Q1R5Y4,2,SM00495
Q1R5Y4,3,SM00495
Q1R5Y4,4,SM00495
Q1R5Y4,5,SM00495
Q1R5Y4,6,PF02839
Q1R5Y4,7,SM00495
Q1YVY4,1,PS51257
Q1YVY4,2,SM00495
Q1YVY4,3,PF17957
Q1YVY4,4,PF17957
Q1Z6Y2,2,PF02839
Q1Z6Y2,3,PF02839
Q1Z831,2,G3DSA:2.60.40.10
Q1Z8I2,1,PF17957
Q1Z8I2,2,PF17957
Q1Z8I2,3,PF17957
Q1Z8I2,4,PF17957
Q1ZMV8,2,PF02839
Q1ZMV8,4,SM00495
Q1ZMW6,1,PF08329
Q1ZMW6,3,PF22352
Q1ZMW6,4,G3DSA:2.60.40.10
Q1ZMW6,5,PF02839
Q1ZMW6,6,SM00495
Q1ZSJ4,1,SM00495
Q1ZSJ4,2,PF17957
Q1ZSJ4,3,PF17957
Q1ZSJ4,4,SM00495
Q1ZSJ4,5,PF17957
Q1ZSJ4,6,PF17957
Q1ZSR5,1,PS51257
Q1ZSR5,2,SM00495
Q1ZSR5,3,PF17957
Q1ZSR5,4,PF17957
Q1ZT74,1,PS51257
Q1ZTF3,1,PF08329
Q1ZTF3,3,PF22352
Q1ZTF3,4,G3DSA:2.60.40.10
Q1ZTF3,5,PF02839
Q24MV5,2,PF01476
Q251X0,1,PS51257
Q25BN2,1,PF08329
Q25BN2,3,PF22352
Q25BN2,4,G3DSA:2.60.40.10
Q25BN2,5,PF02839
Q25BN2,6,PF02839
Q2B0X6,1,PF01476
Q2B0X6,2,PF01476
Q2B800,1,PF07833
Q2BAI3,1,PF01476
Q2BAI3,2,PF01476
Q2C2A2,1,PF08329
Q2C2A2,3,PF22352
Q2C2A2,4,G3DSA:2.60.40.10
Q2C2A2,5,PF02839
Q2C2A2,6,SM00495
Q2C2W0,1,PS51257
Q2C3D2,1,PS51257
Q2C6H1,1,PS51257
Q2C6H1,2,SM00495
Q2C6H1,3,PF17957
Q2C6H1,4,PF17957
Q2C6N7,1,SM00495
Q2C6N7,2,PF17957
Q2C6N7,3,PF17957
Q2C6N7,4,PF17957
Q2C6N7,5,PF17957
Q2C866,1,PF08329
Q2C866,3,PF22352
Q2C866,4,G3DSA:2.60.40.10
Q2C866,5,PF02839
Q2I0I7,2,PF00041
Q2I0I7,3,PF02839
Q2MFM1,1,PF00553
Q2MFM1,2,PF00041
Q2NSX6,2,PF02839
Q2RYS8,1,PS51257
Q2SB56,2,PF02839
Q2SB56,3,PF02839
Q2SCY7,1,PF02839
Q2SCY7,2,PF02839
Q2SLE8,1,SM00495
Q2SLE8,2,SM00495
Q2SLE8,3,SM00495
Q2SMW0,1,SM00495
Q2SMW0,2,PF17957
Q2SMW0,3,PF17957
Q2SNL2,1,SM00495
Q2SNL2,2,PF17957
Q2SNL2,3,SM00495
Q2SNL2,4,PF17957
Q2SNL2,5,PF17957
Q2SVX6,2,PF02839
Q2SVX6,3,PF02839
Q2V8W9,1,PF08329
Q2V9S9,1,PF08329
Q2VCF1,3,PF02839
Q32Y72,1,PF08329
Q32Y72,3,PF22352
Q32Y72,5,PF02839
Q33CE1,1,PF00553
Q33CE1,2,PF00041
Q3MTV5,2,PF00041
Q3MTV5,3,PF00553
Q3Y4D2,1,PF08329
Q43919,1,PF08329
Q43919,3,PF22352
Q43919,4,G3DSA:2.60.40.10
Q43919,5,PF02839
Q43919,6,PF02839
Q48373,1,PS51257
Q48373,2,PF02839
Q48373,3,PF02839
Q48494,3,PF00041
Q48494,4,PF02839
Q48CI7,2,PF00041
Q48CI7,3,PF02839
Q4KEY4,2,G3DSA:2.60.40.10
Q4KEY4,3,PF02839
Q4PZF3,1,PF08329
Q4ZM18,2,PF00041
Q4ZM18,3,PF02839
Q54276,2,SM00495
Q54442,2,PF02839
Q59141,1,PF02839
Q59141,2,PF02839
Q59143,1,PF02839
Q59143,2,PF02839
Q59924,1,PF02018
Q59924,2,PF00041
Q59929,2,SM00495
Q5E4F3,1,PF08329
Q5E4F3,3,PF22352
Q5E4F3,5,PF02839
Q5E665,1,SM00495
Q5E665,2,PF17957
Q5E665,3,PF17957
Q5E746,1,PF02839
Q5E746,2,PF17957
Q5E746,3,PF17957
Q5E746,4,SM00495
Q5E746,5,PF17957
Q5E746,6,PF17957
Q5H1Y5,1,PS51257
Q5I4H6,1,PF08329
Q5K2M4,2,PF00041
Q5K2M4,3,PF02839
Q5KX83,1,PF01476
Q5KX83,2,PF01476
Q5KX83,3,PF01476
Q5KY74,1,PF01476
Q5KY74,2,PF01476
Q5L3X9,1,PF01476
Q5L3X9,2,PF01476
Q5L9X1,1,PS51257
Q5MYT4,1,SM00495
Q5NGW2,2,PF00041
Q5NGW2,3,PF02839
Q5NGW2,4,PF02839
Q5NPT2,3,PF00535
Q5WDB3,1,PF01476
Q5WDB3,2,PF01476
Q5WKC0,2,PF00041
Q5WKC0,3,PF02839
Q62US6,1,PF01476
Q62US6,2,PF01476
Q637L8,1,PF01476
Q637L8,2,PF01476
Q638E5,3,PF00535
Q63GJ3,2,PF00041
Q63GJ3,3,PF00553
Q63U53,2,PF02839
Q63U53,3,PF02839
Q64Q75,1,PS51257
Q65PK4,1,PF01476
Q65PK4,2,PF01476
Q665Z4,2,PF00041
Q665Z4,3,PF02839
Q67MX6,1,PF01476
Q67MX6,2,PF01476
Q67S21,1,PF01476
Q67S21,2,PF01476
Q693B6,1,SM00495
Q693B6,2,PF02839
Q693B7,1,SM00495
Q693B7,2,SM00495
Q693B8,1,PF08329
Q693B8,3,PF22352
Q693B8,4,PF22352
Q693B8,6,SM00495
Q693B8,7,PF02839
Q6A923,1,PS51318
Q6BCF6,1,SM00495
Q6BCF6,2,PF17957
Q6BCF6,3,PF00041
Q6BCF8,1,SM00495
Q6BCF8,2,PF17957
Q6BCF8,3,PF00041
Q6F1B9,1,PS51257
Q6HFJ0,1,PF01476
Q6HFJ0,2,PF01476
Q6HG01,3,PF00535
Q6HP08,2,PF00041
Q6HP08,3,PF00553
Q6LJW6,2,PF02839
Q6LJW6,3,PF02839
Q6LQ32,1,SM00495
Q6LQ32,2,PF17957
Q6LQ32,3,PF17957
Q6Q215,1,PF08329
Q6SHW7,2,G3DSA:2.60.40.10
Q6SKR9,2,PF00041
Q6SKR9,3,PF00553
Q6SMQ7,2,PF00041
Q6SMQ7,3,PF00553
Q6SQM2,2,PF00041
Q6SQM2,3,PF00553
Q6SQM3,2,PF00041
Q6SQM3,3,PF00553
Q6T6I1,1,PF08329
Q700B8,2,PF00041
Q700B8,3,PF02839
Q733N1,1,PF01476
Q733N1,2,PF01476
Q73E63,2,PF00041
Q73E63,3,PF00553
Q75ZW9,2,G3DSA:2.60.40.10
Q75ZW9,3,G3DSA:2.60.40.10
Q75ZW9,4,PF02839
Q7AKG2,1,PF00553
Q7AKG2,2,PF00041
Q7MEF0,1,PS51257
Q7MEF0,2,PF02839
Q7MEF0,3,PF17957
Q7MEF0,4,PF17957
Q7MEF0,7,SM00495
Q7MGC4,1,PF08329
Q7MGC5,2,PF22352
Q7MGC5,5,PF02839
Q7MID9,1,SM00495
Q7MID9,2,PF17957
Q7MID9,3,PF17957
Q7MID9,4,SM00495
Q7MID9,5,PF17957
Q7MID9,6,PF17957
Q7MK13,1,PF17957
Q7MK13,2,PF17957
Q7MK13,3,PF17957
Q7MK13,4,PF17957
Q7N4T2,2,PF02839
Q7NQA0,1,PF02839
Q7NSV3,1,PF02839
Q7NTW8,1,PS51257
Q7NTW8,2,PF02839
Q7NY35,2,PF02839
Q7NY35,3,PF02839
Q7PC51,1,SM00495
Q7PC51,3,SM00495
Q7PC52,1,PF02839
Q7PC52,2,SM00495
Q7PC53,1,PS51257
Q7PC53,3,PF08329
Q7X5L8,2,PF00041
Q7X5L8,3,PF00553
Q7X5L9,1,PF02839
Q7X5L9,2,PF00041
Q7X5M0,1,PF02839
Q7X5M0,2,PF00041
Q81AG3,1,PF01476
Q81AG3,2,PF01476
Q81IF9,2,PF00041
Q81IF9,3,PF00553
Q81YQ8,3,PF00535
Q82CT6,1,PF00553
Q82IA0,1,PF02018
Q82IA0,2,PF00041
Q82J87,1,PF00553
Q82J87,2,PF00041
Q82K19,1,PS51318
Q82K19,2,PF02018
Q82K19,3,PF00041
Q82MA9,1,PS51318
Q82MA9,2,PF02018
Q82MA9,3,PF00041
Q846A0,2,PF00041
Q84AP8,1,PF08329
Q84AP8,2,PF17957
Q84AP8,3,PF17957
Q84AP8,4,PF17957
Q84BN2,1,PF00553
Q84F90,2,PF00041
Q84F90,3,PF02839
Q84FN2,2,PF00041
Q84FN2,3,PF00553
Q87HX4,1,PS51257
Q87HX4,2,PF02839
Q87HX4,3,PF17957
Q87HX4,4,PF17957
Q87K43,1,PF08329
Q87K43,3,PF22352
Q87K43,5,PF02839
Q87MB8,1,SM00495
Q87MB8,2,PF17957
Q87MB8,3,PF17957
Q87MB8,4,SM00495
Q87MB8,5,PF17957
Q87MB8,6,PF17957
Q88AJ0,2,PF00041
Q88AJ0,3,PF02839
Q895T7,1,PF01476
Q895T7,2,PF01476
Q89YM2,1,PS51257
Q8A3X9,1,PS51257
Q8A793,1,PS51257
Q8A889,1,PS51257
Q8EA24,2,PF02839
Q8EU65,1,PF01476
Q8EU65,2,PF01476
Q8GHI4,1,PF08329
Q8GHI4,3,PF22352
Q8GHI4,4,G3DSA:2.60.40.10
Q8GHI4,5,PF02839
Q8GHI4,6,PF02839
Q8GI52,1,SM00495
Q8GI52,2,PF17957
Q8GI52,3,PF17957
Q8GI52,4,SM00495
Q8GI52,5,PF17957
Q8GI52,6,PF17957
Q8KKF5,1,PF08329
Q8KNY3,2,PF00041
Q8KNY3,3,PF00553
Q8KRL3,1,PS51257
Q8KRL3,2,PF02839
Q8KRL3,3,PF17957
Q8KRL3,4,PF17957
Q8KRQ5,2,PF00041
Q8KRQ5,3,PF00553
Q8KVU8,2,PF00041
Q8KVU8,3,PF00553
Q8KWS2,2,SM00495
Q8P6S6,1,PS51257
Q8R6W5,1,PF07833
Q8RQE5,1,PF08329
Q8RQE5,3,PF22352
Q8RQE5,4,G3DSA:2.60.40.10
Q8RQE5,5,PF02839
Q8RQE5,6,PF02839
Q8RQP6,1,PF00553
Q8RQP6,2,PF00041
Q8RQP7,1,PF02018
Q8RQP7,2,PF00041
Q8RQP8,1,PF02018
Q8RQP8,2,PF00041
Q8RSX8,2,PF00041
Q8RSX8,3,PF00553
Q8U1H4,1,PF02839
Q8U1H5,2,PF00553
Q8VLQ3,1,SM00495
Q8VLQ3,2,PF17957
Q8VLQ3,3,PF17957
Q8VLQ3,5,SM00495
Q8VQN1,2,PF00041
Q8VQN1,3,PF02839
Q8VQN2,1,PF08329
Q8VTN2,1,PF08329
Q8VU19,1,PF08329
Q8VU19,3,G3DSA:2.60.40.10
Q8VU19,5,PF02839
Q8VU19,6,PF02839
Q8YAL3,3,PF00041
Q8YAL3,4,PF02839
Q8Z9Q6,2,G3DSA:2.60.40.10
Q8ZS09,2,G3DSA:2.60.40.10
Q92FF3,3,PF00041
Q92FF3,4,PF02839
Q93AD3,2,PF00041
Q93AD3,3,PF00553
Q93LF1,1,PF08329
Q97FJ0,1,PF01476
Q97FJ0,2,PF01476
Q97IT4,1,PF00041
Q99PX0,1,PF08329
Q99PX0,3,PF22352
Q99PX0,5,PF02839
Q9ALZ0,1,PF08329
Q9AMP1,1,PF08329
Q9AMP1,3,PF22352
Q9AMP1,5,PF02839
Q9CE95,2,G3DSA:2.60.40.10
Q9CE95,3,PF02839
Q9EY44,1,PF00553
Q9EY54,2,PF02839
Q9EY54,4,SM00495
Q9F3I2,1,PF00553
Q9F3Q4,1,PS51318
Q9F9Q8,1,PF08329
Q9F9Q8,3,PF22352
Q9F9Q8,4,G3DSA:2.60.40.10
Q9F9Q8,5,PF02839
Q9F9Q8,6,PF02839
Q9FAC8,2,PF00041
Q9FAC8,3,PF00553
Q9HR83,1,PF02839
Q9HR84,1,PF02839
Q9I1H5,2,PF00041
Q9I1H5,3,PF02839
Q9K3E4,1,PF01476
Q9K3E4,2,PF01476
Q9KAJ5,1,PF01476
Q9KAJ5,2,PF01476
Q9KED7,2,PF00041
Q9KED7,3,PF02839
Q9KHB3,2,PF00041
Q9KHB3,3,PF02839
Q9KLP3,1,PS51257
Q9KLP3,2,PF02839
Q9KLP3,3,PF17957
Q9KLP3,4,PF17957
Q9KLP3,7,SM00495
Q9KND8,1,PF08329
Q9KND8,3,PF22352
Q9KND8,6,PF02839
Q9KQP6,1,SM00495
Q9KQP6,3,PF17957
Q9KQP6,5,PF17957
Q9KQP6,6,SM00495
Q9KQP6,7,PF17957
Q9KQP6,8,PF17957
Q9KT32,1,PF17957
Q9KT32,2,PF17957
Q9KY99,1,PF02018
Q9KY99,2,PF00041
Q9L115,3,PF02839
Q9L3E8,2,PF02839
Q9L5D5,1,PF08329
Q9L5D5,3,PF22352
Q9L5D5,4,G3DSA:2.60.40.10
Q9L5D5,5,SM00495
Q9L5D5,6,PF02839
Q9L8G0,1,PF00553
Q9L8G0,2,PF00041
Q9RCG5,1,PF02839
Q9RCG5,2,PF02839
Q9REI6,2,PF02839
Q9RH34,1,PF08329
Q9RMB8,1,SM00495
Q9RMB8,3,PF02839
Q9RQJ3,1,PF08329
Q9RQJ3,3,PF22352
Q9RQJ3,4,G3DSA:2.60.40.10
Q9RQJ3,5,SM00495
Q9RQJ3,6,PF02839
Q9S5K1,1,PF02018
Q9S5K1,2,PF00041
Q9UWR7,1,PF02839
Q9UWR7,3,PF00553
Q9WX41,1,PF08329
Q9WX42,1,PF08329
Q9WXD3,2,PF00041
Q9WXD3,3,PF02839
Q9Z493,1,SM00495
Q9Z493,2,PF17957
Q9Z493,3,PF00041
Q9Z9M8,1,PF00553
Q9Z9M8,2,PF00041
Q9Z9M9,1,PF02018
Q9Z9M9,2,PF00041
Q9ZFP7,1,SM00495
Q9ZFP7,3,PF17957
Q9ZFP7,5,PF17957
Q9ZFP7,6,SM00495
Q9ZFP7,7,PF17957
Q9ZFP7,8,PF17957
Q9ZIX2,1,PF08329
Q9ZIX2,3,G3DSA:2.60.40.10
Q9ZIX2,5,PF02839
Q9ZIX2,6,PF02839
Q9ZIX4,1,SM00495
Q9ZIX4,2,PF17957
Q9ZIX4,3,PF17957
Q9ZNL0,4,PF02839
R0BY17,1,PF02839
R0C4V0,1,PF01476
R0CVX3,1,PF01476
R1CAG9,2,PF00395
R1CAG9,3,PF00395
R1CAG9,4,PF00395
R1CFM8,1,PF07833
R1CM08,1,PF08239
R1CNL0,1,PF01476
R1CNL0,2,PF01476
R1FZ31,1,PS51318
R1G260,1,PF00553
R1G260,2,PF00041
R1G9L8,1,PF00553
R1GSI8,1,PF08329
R1GSI8,3,PF22352
R1GSI8,5,PF02839
R1GWE5,1,PF08329
R1GWE5,3,PF22352
R1GWE5,4,G3DSA:2.60.40.10
R1GWE5,5,PF02839
R1GWE5,6,PF02839
R1GY45,2,PF02839
R1GY45,3,PF02839
R1HFA2,2,PF02839
R1HTF6,1,PF02018
R1I6V0,2,PF02018
R1I8A2,1,PF00041
R1ICF5,1,PF00553
R1IPG1,1,PS51257
R1IPG1,2,SM00495
R1IPG1,3,PF17957
R1IPG1,4,PF17957
R1IVG7,1,PF02839
R1IVG7,2,PF17957
R1IVG7,3,PF17957
R1IVG7,4,SM00495
R1IVG7,5,PF17957
R1IVG7,6,PF17957
R2QSR7,3,PF00041
R2QSR7,4,PF02839
R2SMV8,3,PF00041
R2SMV8,4,PF02839
R3WRP9,3,PF00041
R3WRP9,4,PF02839
R4KA21,1,PF01476
R4KA21,2,PF01476
R4KAW7,1,PS51257
R4KAW7,2,PF07833
R4KFT6,1,PF01476
R4KFT6,2,PF01476
R4KFT6,3,PF01476
R4LA91,1,SM00495
R4LFZ4,1,PS51257
R4LQD2,1,PS51257
R4LQD2,2,SM00495
R4LSR5,1,PF00553
R4LYA8,1,PS51257
R4LYA8,2,SM00495
R4SNF4,1,PF02018
R4T083,1,PF02018
R4T083,2,PF00041
R4T2Q0,2,PF02839
R4T479,1,PS51318
R4T6H5,1,PF00553
R4T6H5,2,PF00041
R4TE07,1,PF00553
R4TF85,1,PF00553
R4TYI1,1,PF08329
R4TYI1,3,G3DSA:2.60.40.10
R4TYI1,4,G3DSA:2.60.40.10
R4TYI1,5,PF02839
R4TYI1,6,PF02839
R4VWY4,1,PF02839
R4VWY4,2,PF02839
R4W3X0,1,PF02839
R4W3X0,2,PF02839
R4W628,1,SM00495
R4W628,4,PF02839
R4W763,1,PS51318
R4W763,2,PF02839
R4W763,3,PF02839
R4W8T7,1,SM00495
R4W8T7,3,PF02839
R4WLZ0,1,PF00553
R4WLZ0,2,PF00041
R5CFV1,1,PF08239
R5CSP2,1,PF01476
R5EK72,1,PF01476
R5EK72,2,PF01476
R5EKU5,1,PS51257
R5GVM5,1,PF01476
R5GVM5,2,PF01476
R5ISD9,1,PF01476
R5ISD9,2,PF01476
R5KN73,1,PS51257
R5MV40,1,PS51257
R5NHQ5,1,PF07833
R5QAH7,1,PF08239
R5R1E8,1,PF01476
R5R8D3,1,PF08239
R5RXI4,1,PF00395
R5RXI4,2,PF00395
R5SLI8,1,PF01476
R5SLI8,2,PF01476
R5TMR5,1,PF08239
R5TR04,1,PF01476
R5U6I3,1,PF08239
R5ZKS8,1,PF07833
R6BXI5,1,PF08239
R6C1J5,1,PS51257
R6C3Q9,1,PS51257
R6CL42,1,PS51257
R6DJD7,1,PF07833
R6DR25,1,PS51257
R6J060,1,PF01476
R6JFP5,1,PF01476
R6M9Z2,1,PF07833
R6NGN7,3,PF01476
R6NGN7,4,PF01476
R6P808,1,PF01476
R6P808,2,PF01476
R6Q3U8,1,PF07833
R6RIM8,1,PF01476
R6T4A4,1,PF00395
R6T4A4,2,PF00395
R6TG01,1,PF00395
R6TG01,2,PF00395
R6TG01,3,PF00395
R6TZH3,1,PF01476
R6TZH3,2,PF01476
R6UH67,1,PF01476
R6UH67,2,PF01476
R6UKL0,2,PF00395
R6UKL0,3,PF00395
R6UKL0,4,PF00395
R6VI52,1,PF07833
R6W753,1,PF01476
R6W753,2,PF01476
R6WJ96,1,PF07833
R6WJ96,2,PF08239
R6XT15,1,PS51257
R6XYN1,1,PS51257
R6YUG8,1,PS51257
R6ZET0,1,PF08239
R6ZJW8,1,PF01476
R6ZPF0,1,PF08239
R7A8F4,1,PF07833
R7AQK3,1,PS51257
R7CA87,1,PF01476
R7FYR3,1,PF01476
R7FYR3,2,PF01476
R7I2V6,1,PF01476
R7IMX5,1,PS51257
R7LTK3,1,PF07833
R7M3P8,1,PS51257
R7M956,1,PF07833
R7QZ22,1,PF07833
R7QZ22,2,PF08239
R7RQA5,1,PF00041
R7RTN6,1,PF08239
R7ZBL3,1,PF01476
R7ZBL3,2,PF01476
R7ZBL3,3,PF01476
R7ZDQ1,2,PF00395
R7ZDQ1,3,PF00395
R7ZDQ1,4,PF00395
R7ZKB2,1,PF01476
R7ZKB2,2,PF01476
R8AN26,1,PF08329
R8AN26,3,G3DSA:2.60.40.10
R8AN26,4,G3DSA:2.60.40.10
R8AN26,5,PF02839
R8AN26,6,PF02839
R8AU09,1,PS51257
R8AU09,2,SM00495
R8AU09,3,PF17957
R8AU09,4,PF17957
R8AUC2,2,PF02839
R8AUC2,4,SM00495
R8CKY8,2,PF00041
R8CKY8,3,PF00553
R8CVR9,1,PF01476
R8CVR9,2,PF01476
R8H0F8,2,PF00041
R8H0F8,3,PF00553
R8HYD2,1,PF01476
R8HYD2,2,PF01476
R8MUH7,1,PF01476
R8MUH7,2,PF01476
R8NGS9,1,SM00495
R8NGS9,3,PF00041
R8NGS9,4,SM00495
R8NMF8,2,PF00041
R8NMF8,3,PF00553
R8Q6C2,1,PF01476
R8Q6C2,2,PF01476
R8WJR9,1,SM00495
R8WJR9,2,SM00495
R9CBT0,3,PF02839
R9CCL4,2,G3DSA:2.60.40.10
R9CCL4,3,PF02839
R9CH02,4,PF02839
R9H612,1,PS51257
R9HFK7,1,PS51257
R9HFS7,1,PS51257
R9HN01,1,PS51257
R9HNT2,1,PS51257
R9HPW6,1,PS51257
R9ICZ2,1,PS51257
R9IZD0,1,PF01476
R9J3L6,1,PF08239
R9J5E0,1,PF01476
R9JCW7,1,PF01476
R9JNU4,1,PF08239
R9JRM8,1,PF08239
R9K8E3,1,PF01476
R9KC10,1,PF01476
R9KW83,1,PF08239
R9L4Q2,1,PF07833
R9LA70,1,PF01476
R9LA70,2,PF01476
R9LDM8,2,PF00041
R9LDM8,3,PF02839
R9LEW7,2,PF00041
R9LEW7,3,PF02839
R9LH90,1,PF00395
R9LH90,2,PF00395
R9LH90,3,PF00395
R9LST2,1,PF07833
R9LST2,2,PF08239
R9M6I9,1,PF00395
R9M6I9,2,PF00395
R9M6I9,3,PF00395
R9MG75,1,PF08239
R9MIP0,1,PF01476
R9MIP0,2,PF01476
R9MJF2,1,PF01476
R9MX42,1,PF01476
R9UMS4,1,PF02839
R9UMS4,2,PF00041
R9UP38,2,G3DSA:2.60.40.10
R9WXS7,2,PF00041
R9WXS7,3,PF02839
R9WYJ0,2,SM00495
S0FGT7,2,PF00395
S0FGT7,3,PF00395
S0FGT7,4,PF00395
S0FNC6,1,PF01476
S0FNC6,2,PF01476
S0FSA9,2,G3DSA:2.60.40.10
S0FSA9,4,PF00041
S0FSA9,6,G3DSA:2.60.40.10
S0FSA9,7,PF02839
S0FSA9,8,PF02839
S0FVU4,4,G3DSA:2.60.40.10
S0FVU4,7,PF02839
S0J121,1,PF01476
S1P5L6,1,SM00495
S1P5L6,2,SM00495
S1P5L6,3,SM00495
S1P5L6,4,SM00495
S1P5L6,5,SM00495
S1P5L6,6,PF02839
S1P5L6,7,SM00495
S2XLE6,1,PF01476
S2Y5N0,1,PS51257
S2Y894,1,PF00553
S2YJL2,1,PF02018
S2YJL2,2,PF00041
S2YS56,1,PF00553
S2YS56,2,PF00041
S2YSB2,1,PS51318
S2YSB2,2,PF02018
S2YSB2,3,PF00041
S2YTF6,1,PF02018
S2YTF6,2,PF00041
S2Z4B3,2,PF02839
S3AT90,1,PS51318
S3AZI7,1,PS51257
S3BKF8,1,PS51318
S3K3S6,1,PS51257
S3UT98,1,PS51257
S3YTK7,1,PS51257
S3ZGL0,1,PF00553
S3ZGL0,2,PF00041
S3ZS06,1,PS51318
S3ZTI9,1,PF00553
S3ZTI9,2,PF00041
S4AGK8,1,PS51318
S4M7I0,1,PS51318
S4M7I0,2,PF02018
S4M7I0,3,PF00041
S4MUF2,1,PF00553
S4MUF2,2,PF00041
S4W7C7,2,G3DSA:2.60.40.10
S4Y4R9,1,PS51257
S4YCJ6,1,PF08329
S4YGD5,2,PF00041
S4YGD5,3,PF02839
S4YLX6,2,SM00495
S5ML31,2,G3DSA:2.60.40.10
S5UX91,1,PF00553
S5UX91,2,PF00041
S5UXX2,1,PF02018
S5UXX2,2,PF00041
S5V5C6,1,PS51318
S5V5C6,2,PF02018
S5V5C6,3,PF00041
S5VGX1,1,PF00553
S5VLS1,1,PS51318
S5VLS1,2,PF02018
S5VLS1,3,PF00041
S5Z8D1,1,PF01476
S5Z8D1,2,PF01476
S5ZDT5,1,PF01476
S5ZDT5,2,PF01476
S5ZKE6,1,PF01476
S5ZKE6,2,PF01476
S6A326,1,PF01476
S6A326,2,PF01476
S6A326,3,PF01476
S6FVI1,2,G3DSA:2.60.40.10
S6FVI1,3,PF02839
S6V3L5,2,PF00041
S6V3L5,3,PF02839
S7I4K5,1,PF08329
S7I4K5,3,PF22352
S7JBB2,1,PS51257
S7JBB2,2,PF02839
S7JBB2,3,PF17957
S7JBB2,4,PF17957
S7JBB2,7,SM00495
S7SR94,1,PF01476
S7SR94,2,PF01476
S7SR94,3,PF01476
S7U5B2,1,PF01476
S7U5B2,2,PF01476
S7U9D2,1,PF01476
S7U9D2,2,PF01476
S9P0V2,1,PS51318
S9PAS8,1,PS51257
S9PAS8,2,PF00553
S9PAS8,3,PF17957
S9PD43,1,PF02839
S9PD43,2,PF00041
S9QD72,1,PF02839
S9QD72,2,PF02839
S9QD72,3,SM00495
S9QU93,1,PS51257
S9QU93,2,PF02839
S9QU93,3,PF17957
S9QZJ6,1,PF02839
S9QZJ6,2,PF00041
S9R882,1,PS51257
S9R882,3,PF17957
S9R882,4,PF02839
S9SCU9,2,PF00041
S9SCU9,3,PF02839
S9SLQ6,1,PF07833
S9SLQ6,2,PF08239
S9SNK9,1,PF02839
S9SNK9,2,PF00041
S9SNK9,3,PF00041
S9SU16,1,PF02839
S9SU16,2,PF00041
S9TN40,1,PS51318
S9TZG1,2,PF00041
S9TZG1,3,PF00553
S9U129,1,PF07833
S9U1I3,1,PF00395
S9U1I3,2,PF00395
S9U1I3,3,PF00395
T0C6N0,1,PF01476
T0C6N0,2,PF01476
T0D0Q7,1,PF01476
T0D0Q7,2,PF01476
T0DH87,1,PS51257
T0JF79,1,PF01476
T0JF79,2,PF01476
T0JF79,3,PF01476
T0JJR3,1,PF01476
T0JJR3,2,PF01476
T0PPB8,1,PF08329
T0PPB8,3,PF22352
T0PPB8,5,PF02839
T0PPB8,6,PF02839
T0VJI0,2,G3DSA:2.60.40.10
T0VJI0,3,PF02839
T1W1R7,1,SM00495
T1W1R7,2,PF17957
T1W1R7,3,G3DSA:2.60.40.10
T1W2R1,1,PF08329
T1W2R1,3,G3DSA:2.60.40.10
T1W2R1,4,PF02839
T1W2R1,5,PF02839
T2I4V4,2,PF00041
T2I4V4,3,PF00553
T4VNR3,4,PF02839
U1J7X2,1,PF02839
U1J7X2,2,PF17957
U1J7X2,3,PF17957
U1J7X2,4,SM00495
U1J7X2,5,PF17957
U1J7X2,6,PF17957
U1J8T7,1,PF08329
U1J8T7,3,G3DSA:2.60.40.10
U1J8T7,4,G3DSA:2.60.40.10
U1J8T7,5,PF02839
U1J8T7,6,PF02839
U1JBW7,1,PF08329
U1JBW7,3,G3DSA:2.60.40.10
U1JBW7,4,G3DSA:2.60.40.10
U1JBW7,5,PF02839
U1JNQ0,1,PF08329
U1JNQ0,3,PF22352
U1JNQ0,4,PF22352
U1JNQ0,5,SM00495
U1JNQ0,6,SM00495
U1KL95,1,SM00495
U1KL95,2,PF17957
U1KPG2,1,SM00495
U1KPG2,2,PF17957
U1KPG2,3,PF17957
U1KPG2,5,SM00495
U1Y7W7,1,PS51257
U1Y7W7,2,PF00395
U1Y7W7,3,PF00395
U1Y7W7,4,PF00395
U1Y918,3,PF00535
U2D7J1,1,PF01476
U2D7J1,2,PF01476
U2D985,1,PF00041
U2EGV9,1,PF01476
U2EGV9,2,PF01476
U2KL28,3,PF00535
U2MHP4,1,PS51257
U2PD05,1,PF07833
U2PD05,2,PF08239
U2PVN4,2,G3DSA:2.60.40.10
U2PVN4,3,PF02839
U2QH48,1,PS51257
U2RQP4,1,PS51318
U2RQP4,2,PF00553
U2RQP4,3,PF00553
U2UB22,1,PF08239
U2X2T4,1,PF01476
U2X2T4,2,PF01476
U2X2T4,3,PF01476
U2X8S1,1,PF01476
U2X8S1,2,PF01476
U3A385,1,SM00495
U3A385,2,PF17957
U3A385,3,PF17957
U3A385,4,SM00495
U3A385,5,PF17957
U3A385,6,PF17957
U3A3J1,1,SM00495
U3A3J1,2,PF17957
U3A3J1,3,PF17957
U3A3J1,4,SM00495
U3A3J1,5,PF17957
U3A3J1,6,PF17957
U3ALC4,1,PF08329
U3ALC4,3,PF22352
U3ALC4,5,PF02839
U3AUJ8,1,PF17957
U3AUJ8,2,PF17957
U3AUJ8,3,SM00495
U3AUJ8,4,PF17957
U3AUJ8,5,PF17957
U3B5Q1,3,PF17957
U3BKX5,1,PS51257
U3BKX5,2,PF02839
U3BKX5,3,PF17957
U3BKX5,4,PF17957
U3BKX5,7,SM00495
U3BQB6,1,PF08329
U3BQB6,3,PF22352
U3BQB6,5,SM00495
U3C687,1,PS51257
U3C687,2,PF02839
U3C687,3,PF17957
U3C687,4,PF17957
U3C7S1,2,PF02839
U3C7S1,4,SM00495
U3CJF3,1,PF08329
U3CJF3,3,PF22352
U3CJF3,5,SM00495
U3CJF3,6,SM00495
U4K2B3,1,SM00495
U4K2B3,2,PF17957
U4K2B3,3,PF17957
U4K2B3,4,SM00495
U4K2B3,5,PF17957
U4K2B3,6,PF17957
U4K854,2,PF02839
U4KA43,1,PF08329
U4KA43,3,PF22352
U4KN24,1,PS51257
U4R0K6,1,PS51257
U4R1Q1,1,PF01476
U4R1Q1,2,PF01476
U4R2N3,2,PF00395
U4R2N3,3,PF00395
U4R2N3,4,PF00395
U5CGS6,1,PF07833
U5IJW8,1,PF02839
U5IJY5,1,PF08329
U5IKC9,1,SM00495
U5IKS7,1,SM00495
U5IKS7,2,PF17957
U5IKS7,3,PF00041
U5L5L1,1,PF01476
U5L5L1,2,PF01476
U5L8V7,1,PF07833
U5L922,1,PF01476
U5L922,2,PF01476
U5N424,1,SM00495
U5N424,2,PF17957
U5N424,3,PF17957
U5Q7H9,1,PS51257
U5VTA4,1,PS51257
U5VTA9,1,PS51257
U5VTA9,2,PF02839
U5VZP7,1,PF02839
U5W9D0,1,PF02839
U5WCG1,1,PF00553
U5WD17,1,PS51257
U5WD17,2,PF02839
U6CA42,2,PF00041
U6CA42,3,PF00553
U6R7Y7,1,PS51257
U6SPY8,1,PF01476
U6SPY8,2,PF01476
U7QR25,2,PF02839
U7UCZ8,1,PF07833
U7UCZ8,2,PF08239
U7UY80,1,PF07833
U7UY80,2,PF08239
V1H609,2,G3DSA:2.60.40.10
V1H609,3,SM00495
V2Y211,1,PF07833
V2YAU6,1,PF01476
V2YAU6,2,PF01476
V3PMX1,1,PF08329
V3PMX1,3,PF22352
V3PMX1,5,PF02839
V3PMX1,6,PF02839
V4GZE9,2,SM00495
V4H991,1,PF08329
V4H991,3,PF22352
V4H991,4,PF22352
V4H991,5,SM00495
V4H991,6,SM00495
V4HRM5,1,PF08329
V4HRM5,3,G3DSA:2.60.40.10
V4HRM5,4,G3DSA:2.60.40.10
V4HRM5,5,PF02839
V4HV47,1,PF08329
V4HV47,3,G3DSA:2.60.40.10
V4HV47,4,PF02839
V4HV47,5,PF02839
V4HVR2,1,SM00495
V4HVR2,2,PF17957
V4HVR2,3,PF17957
V4HVR2,4,SM00495
V4HVR2,5,PF17957
V4HVR2,6,PF17957
V4J7U6,1,PF02839
V4J7U6,2,PF17957
V4JEL3,1,SM00495
V4JEL3,2,PF17957
V4JEL3,3,G3DSA:2.60.40.10
V4JEL3,5,SM00495
V4JIH9,1,SM00495
V4JIH9,2,PF17957
V5EQ62,2,PF02839
V5EQ62,4,SM00495
V5F3I3,3,PF17957
V5F6H5,1,PF08329
V5F6H5,3,PF22352
V5F6H5,4,G3DSA:2.60.40.10
V5F6H5,5,PF02839
V5FA48,1,PS51257
V5FFK7,1,PF08329
V5FFK7,3,PF22352
V5FFK7,5,SM00495
V5FFK7,6,SM00495
V5H4B4,3,PF02839
V5H4B4,4,SM00495
V5IV50,1,PF08329
V5IV65,2,PF00041
V5IV65,3,PF02839
V5IV75,2,SM00495
V5IV80,2,PF00041
V5IV80,3,PF02839
V5NZX0,2,PF00041
V5NZX0,3,PF00553
V5U2S7,2,G3DSA:2.60.40.10
V5U2S7,3,SM00495
V6J002,1,PF01476
V6J002,2,PF01476
V6J964,1,PF01476
V6JT39,2,PF02018
V6JY04,1,PF02018
V6JY04,2,PF00041
V6K0C5,1,PF00553
V6KB75,1,PF00553
V6KB75,2,PF00041
V6KJ36,1,PF02018
V6KJ36,2,PF00041
V6KLL4,1,PF00553
V6KLL4,2,PF00041
V6KW38,1,PS51318
V6KW38,3,PF02018
V6M1U4,1,PF01476
V6M1U4,2,PF01476
V6M4F8,1,PF07833
V6M8X7,1,PF07833
V6M8X7,2,PF08239
V6MCF0,1,PF00395
V6MCF0,2,PF00395
V6MCF0,3,PF00395
V7IHQ4,2,G3DSA:2.60.40.10
V8AS95,2,G3DSA:2.60.40.10
V8AS95,3,PF02839
V8CH63,1,PF08239
V9G7R7,1,PF00395
V9G7R7,2,PF00395
V9G7R7,3,PF00395
V9G801,1,PF07833
V9GF49,1,G3DSA:2.60.40.10
V9GF49,2,PF00041
V9GF49,5,PF00395
V9GF49,6,PF00395
V9GMP2,1,PF07833
V9H2W4,2,G3DSA:2.60.40.10
V9H2W4,3,PF02839
V9H8U7,4,SM00495
V9H8U7,7,PF02839
V9HGV1,3,PF02839
V9HIA1,5,PF02839
V9IRI2,2,PF00395
V9IRI2,3,PF00395
V9IRI2,4,PF00395
V9WAW7,1,PF07833
W0F3D0,3,PF00535
W0HTE9,2,G3DSA:2.60.40.10
W0HTE9,3,PF02839
W0LHV5,2,PF00041
W0LHV5,3,PF02839
W0R964,1,PF00041
W0RA28,1,PS51257
W0RA28,2,PF00041
W0RB18,1,PS51257
W0RBG4,1,PS51257
W0RBG4,2,PF00041
W0RE48,1,PS51257
W0T116,1,PF02839
W0T116,2,PF00041
W0V434,1,PS51257
W0V434,2,PF02839
W0V921,1,PS51257
W0V921,2,PF02839
W0VAM6,1,PS51257
W0VAM6,2,SM00495
W2EJP7,1,PF02839
W2EQP2,1,PF02839
W2EQP2,2,PF00041
W2EQU0,1,PF02018
W2EST1,1,PF00553
W2EWK6,1,PF02018
W3AU72,1,PF08239
W3V4N8,2,PF02839
W4AIA2,2,PF02839
W4AJP9,1,PF07833
W4AK60,1,G3DSA:2.60.40.10
W4AK60,2,G3DSA:2.60.40.10
W4AK60,4,PF00041
W4AK60,5,PF00395
W4AK60,6,PF00395
W4AK60,7,PF00395
W4AUR2,1,PF07833
W4AV10,1,PF00395
W4AV10,2,PF00395
W4AV10,3,PF00395
W4BDI4,2,PF00041
W4BDI4,3,PF02839
W4BGM7,1,PF02839
W4BGM7,2,PF00041
W4DVM0,2,PF02839
W4DVM0,3,PF02839
W4DVS0,1,PF01476
W4DVS0,2,PF01476
W4DWV3,1,PF07833
W4DZ06,1,PF07833
W4F1P0,1,PF01476
W4F1P0,2,PF01476
W4F229,1,PF01476
W4Q0C5,1,PF01476
W4Q0C5,2,PF01476
W4Q928,1,PF01476
W4Q928,2,PF01476
W4QEW1,1,PF01476
W4QEW1,2,PF01476
W4QTK4,1,PF01476
W4QTK4,2,PF01476
W4QWX4,1,PF01476
W4QWX4,2,PF01476
W4R1N1,1,PF01476
W4RK51,1,PF01476
W4RK51,2,PF01476
W4RK51,3,PF01476
W4V8E1,1,PF01476
W4V8E1,2,PF01476
W4V8E1,3,PF08239
W4VQW4,1,PF01476
W4VQW4,2,PF01476
W5U207,2,SM00495
W5U2U1,2,PF00041
W5U2U1,3,PF02839
W5U7W5,1,PF08329
W5VYS8,1,PF02018
W5W1F9,1,PS51318
W5W5N9,1,PS51318
W5W7K7,2,PF02018
W5WHL9,2,PF02839
W5WHL9,3,PF02839
W5WIA7,2,PF02839
W5WLY0,1,PF00553
W5WLY0,2,PF00553
W5WLY0,3,PF00041
W5WPG3,1,PF02018
W5WPG3,2,PF00041
W6AAT6,1,PS51257
W6AB52,1,PS51257
W6E974,1,PF02839
W6E974,2,PF00041
W6MAR3,3,PF00535
W6N525,1,PF01476
W6N525,2,PF01476
W6TVM5,1,PS51257
W7B6A8,3,PF00041
W7B6A8,4,PF02839
W7BQ07,3,PF00041
W7BQG0,3,PF00041
W7BQG0,4,PF02839
W7C2Z8,2,G3DSA:2.60.40.10
W7C2Z8,3,G3DSA:2.60.40.10
W7C2Z8,4,PF02839
W7D4C5,3,PF00041
W7D4C5,4,PF02839
W7IBP3,1,PF00553
W7IJ83,1,PS51318
W7IJ83,2,PF02018
W7KNW1,1,PF07833
W7L9F8,1,PF01476
W7L9F8,2,PF01476
W7LDK1,1,PF01476
W7LDK1,2,PF01476
W7P895,1,PF08329
W7P895,3,PF22352
W7P895,5,PF02839
W7P895,6,PF02839
W7RFD2,1,PS51257
W7RGN6,1,PF01476
W7RMY3,1,PF01476
W7RMY3,2,PF01476
W7RMY3,3,PF01476
W7SKM0,1,PF02018
W7SVI8,1,PS51318
W7SWH8,2,PF02018
W7T1Q5,1,PF02018
W7T1Q5,2,PF00041
W7T2Z6,1,PF00553
W7T2Z6,2,PF00553
W7T2Z6,3,PF00041
W7T7J2,2,PF02839
W7T7J2,3,PF02839
W7YHE5,2,PF00041
W7YHE5,3,PF02839
W7YHE5,4,PF00041
W7YHE5,5,PF00041
W7YHE5,6,PF02839
W7YNW7,2,PF00041
W7YNW7,3,PF02839
W7YP39,1,PF02839
W7YP39,2,PF00041
W7YT11,1,PF00395
W7YT11,2,PF00395
W7YT11,3,PF00395
W7YTZ6,1,PF07833
W7Z4H0,1,PF02839
W7Z4H0,2,PF00041
W7Z8J3,1,PF07833
W8NU61,1,PF02839
W8P1P1,1,G3DSA:2.60.40.10
W8YJD3,1,PF02839
W8YK42,1,PF07833
W8YK42,2,PF08239
W8YKU0,1,PF00395
W8YKU0,2,PF00395
W8YKU0,3,PF00395
W8YPT4,1,PF02839
W8YQU7,1,PF00041
W8YQU7,2,G3DSA:2.60.40.10
W8YQU7,3,PF00041
W8YQU7,5,G3DSA:2.60.40.10
W8YQU7,6,PF00395
W8YQU7,7,PF00395
W8YQU7,8,PF00395
W8YRG8,2,PF02839
W8YRG8,3,PF02839
W8YT78,2,PF00041
W8YT78,3,PF00553
W8Z266,3,PF00535
W8Z2T1,2,PF00041
W8Z2T1,3,PF02839
W8Z314,1,PF01476
W8Z314,2,PF01476
W8ZQ29,1,PF07833
W9APQ8,1,PF01476
W9APQ8,2,PF01476
W9E4Z5,1,PF02018
W9E956,2,PF00395
W9E956,3,PF00395
W9E956,4,PF00395
W9E9Y1,1,PS51257
X0NMW7,1,PS51257
X0NMW7,2,PF02839
X0NMW7,3,PF17957
X0NMW7,4,PF17957
X0NYD2,1,PF02839
X0NYD2,2,PF17957
X0NYD2,3,PF17957
X0NYD2,4,SM00495
X0NYD2,5,PF17957
X0NYD2,6,PF17957
X2FFR8,2,PF00041
X2FFR8,3,PF00553
X2KU53,3,PF00041
X2KU53,4,PF02839
X2KWS3,2,PF00041
X2KWS3,3,PF02839
X4ZHM3,1,PF07833
X4ZYR4,1,PF07833
X5CAG0,1,PF08329
X5CAG0,3,PF22352
X5CAG0,4,G3DSA:2.60.40.10
X5CAG0,5,PF02839
X5CAG0,6,PF02839
X5DI95,1,PS51257
X6Q4Q0,3,PF00535
Z9JR83,1,PS51318
